:10000000C8930120CDB3000057760200B9B30000B9
:10001000B9B30000B9B30000B9B30000B9B3000030
:1000200000000000000000000000000029B50000F2
:10003000B9B3000000000000C9B40000B9B300006B
:10004000F1B60000F1B60000F1B60000F1B6000014
:10005000F1B60000F1B60000F1B60000F1B6000004
:10006000F1B60000F1B60000F1B60000F1B60000F4
:10007000F1B60000F1B60000F1B60000F1B60000E4
:10008000F1B60000F1B60000F1B60000F1B60000D4
:10009000F1B60000F1B60000F1B60000F1B60000C4
:1000A000F1B60000F1B60000F1B60000F1B60000B4
:1000B000F1B60000F1B60000F1B60000F1B60000A4
:1000C000F1B60000F1B60000F1B60000F1B6000094
:1000D000F1B60000F1B60000F1B60000F1B6000084
:1000E000F1B60000F1B60000F1B60000F1B6000074
:1000F000F1B60000F1B60000F1B60000F1B6000064
:10010000F1B60000F1B60000F1B60000F1B6000053
:10011000F1B60000F1B60000F1B60000F1B6000043
:10012000F1B60000F1B60000F1B60000F1B6000033
:10013000F1B60000F1B60000F1B60000F1B6000023
:10014000F1B60000F1B60000F1B60000F1B6000013
:04015000F1B6000004
:1001580080EA101404F0F01480EA0410604081EA88
:10016800111404F0F01481EA0411614082EA1214B7
:1001780004F0F01482EA0412624083EA131404F0D3
:10018800F01483EA0413634080EA102404F47F44E3
:1001980080EA0420604081EA112404F47F4481EA63
:1001A8000421614082EA122404F47F4482EA042292
:1001B800624083EA132404F47F4483EA04236340FF
:1001C80081EA500404F0553480EA4400614083EA2F
:1001D800520404F0553482EA4402634082EA9004EF
:1001E80004F0333480EA8400624083EA910404F026
:1001F800333481EA84016340704700BF82EA900487
:1002080004F0333480EA8400624083EA910404F005
:10021800333481EA8401634081EA500404F05534A0
:1002280080EA4400614083EA520404F0553482EACB
:100238004402634080EA102404F47F4480EA0420E6
:10024800604081EA112404F47F4481EA042161407A
:1002580082EA122404F47F4482EA0422624083EA98
:10026800132404F47F4483EA0423634080EA1014CF
:1002780004F0F01480EA0410604081EA111404F0DC
:10028800F01481EA0411614082EA121404F0F014B7
:1002980082EA0412624083EA131404F0F01483EA39
:1002A80004136340704700BF2DE9F14F94464FEAAD
:1002B800930B8A68CB6808684968FFF749FF0BF118
:1002C800060E33E083EA134480EA134582EA1347B3
:1002D80046BA96EA3444604000F00F1684EA0634C1
:1002E80020F00F1684EA161054BA94EA01067240F8
:1002F80002F00F1486EA043622F00F1486EA14126C
:100308004CBA6540694001F00F1485EA043521F0C4
:100318000F1485EA14115CBA67407B4003F00F1490
:1003280087EA043723F00F1487EA1413BCE8F000B7
:100338006040694072407B4000F0E03400F01035C6
:1003480000F00F3040EA540040EAC50080EA90040B
:1003580004F0332480EA8400604001F0E03401F0C6
:10036800103501F00F3141EA540141EAC50181EA33
:10037800910404F0332481EA8401614002F0E034FE
:1003880002F0103502F00F3242EA540242EAC50286
:1003980082EA920404F0332482EA8402624003F081
:1003A800E03403F0103503F00F3343EA540343EA13
:1003B800C50383EA930404F0332483EA8403634087
:1003C80081EA324787EA134581EA354690EA06040E
:1003D80084EA034B82EA1B4280EA044484EA054427
:1003E80083EA144A85EA14448BEA044B84EA3744C6
:1003F80081EA0B4181EA164104EA0A00454082EA93
:1004080004082BEA080041408AEA0B0602EA0600C3
:1004180084EA34438AEA3A4603EA060778404540C4
:10042800414088EA38478BEA3B4007EA000985EAF9
:10043800090583EA0709464006EA0906714085EA84
:10044800010005EA3546464006EA314181EA304175
:1004580081EA364606EA304686EA3546344008EAF6
:10046800010886EA01052A4086EA364003405A40D8
:1004780081EA31431F407C4080EA030709EA070903
:1004880088EA0908544088EA020806EA0A0601EAE6
:100498000B018AEA0B0215408AEA3A4210404540AD
:1004A8008BEA3B4003405E404240174079404D4054
:1004B8004E40E443F64386EA18435D4085EA05402A
:1004C80083EA134386EA034183EA384284EA114304
:1004D80083EA04435FEA3343BEF1010E3FF6F2AE0E
:1004E8001ED4BCE8F0006040694072407B4020BCEC
:1004F800FFF784FE28606960AA60EB60BDE8F08FB2
:100508002DE9E0414FF2F00280EA1031114080EA13
:100518000130484041088208C3084FF0000E4FE7F9
:1005280000F0113001F0113102F0113203F01133F3
:1005380040EA410040EA820040EAC3004FF2F0027C
:1005480080EA1031114080EA01304840BDE8E0817E
:100558002DE9F04F02F11C050646074600EB850819
:1005680051F8040B043A46F8040BF9D14FF0010C8A
:10057800FFF7C6FF5FEA302080EA0C001ECF41403B
:100588004A4053405C401EC62000464517D04FEAFB
:100598004C0C1CF4807F18BFACF1E50C2C2DE7D077
:1005A8003C2D06D1FFF7ACFF06CF41404A4006C6B6
:1005B800100006CF41404A4006C61000D8E736E989
:1005C8000F00FFF7C5FD043D86E80F00F7D1BDE831
:1005D800F08F00BF2DE9F14F03F11C0402EB840CEE
:1005E8004FEA930B8A68CB6808684968FFF7B0FD43
:1005F8003CE9F0006040694072407B400BF1060E18
:100608004EE083EA134480EA134582EA134746BA68
:1006180096EA3444604000F00F1684EA063420F06D
:100628000F1684EA161054BA94EA0106724002F0D2
:100638000F1486EA043622F00F1486EA14124CBA14
:100648006540694001F00F1485EA043521F00F1464
:1006580085EA14115CBA67407B4003F00F1487EAFF
:10066800043723F00F1487EA141344BA44404DBAF0
:100678004D4056BA56405FBA5F4087EA174886EA47
:10068800174B84EA17464FEA38488BEA1B4485EA39
:100698001B4788EA1B4580EA3440694072407B402A
:1006A80000F0703400F0803500F00F3040EA44006C
:1006B80040EAD50080EA900404F0332480EA8400FC
:1006C800604001F0703401F0803501F00F3141EAEB
:1006D800440141EAD50181EA910404F0332481EA16
:1006E8008401614002F0703402F0803502F00F326C
:1006F80042EA440242EAD50282EA920404F0332430
:1007080082EA8402624003F0703403F0803503F01B
:100718000F3343EA440343EAD50383EA930404F01E
:10072800332483EA84036340C943DB4381EA00043A
:1007380083EA044686EA020183EA014382EA3345F2
:1007480083EA14435C4084EA00077FEA040A8AEAE1
:10075800024A8AEA010B87EA11488AEA374A80EA9C
:10076800060181EA1A418AEA030A04EA0A004540B6
:1007780088EA040707EA0B0041408AEA0B0608EA00
:10078800060084EA34428AEA3A4602EA06035840F6
:100798004540414087EA37438BEA3B4003EA00097A
:1007A80085EA090582EA0309464006EA0906714016
:1007B80085EA010005EA3546464006EA314181EA04
:1007C800304181EA364606EA304686EA3546344004
:1007D8000F4086EA010508EA050886EA3640024025
:1007E80088EA020881EA314213405C4080EA020349
:1007F80009EA030987EA0907674088EA040806EA5C
:100808000A0601EA0B018AEA0B0425408AEA3A44FF
:10081800204045408BEA3B4B02EA0B02564084EAF3
:100828000B04234059406E40694087EA364080EA0D
:10083800384080EA060380EA104481EA134585EAD5
:10084800344585EA17427D4082EA354180EA054011
:100858003CE9F0006040694072407B40BEF1010E07
:100868003FF6CFAE20BCFFF7C9FC28606960AA60DC
:10087800EB60BDE8F08F00BFFFF76ABE2DE9F00717
:1008880091E8F807B2E802105B1854EB0C04B2E8E0
:1008980002104D4156EB0C06B2E802104F4158EBDE
:1008A8000C08B2E8021059EB01095AEB0C0A80E86F
:1008B800F80780410130BDE8F00770472DE9F007DF
:1008C80091E8F807B2E802105B1A74EB0C04B2E87E
:1008D80002108D4176EB0C06B2E802108F4178EBDE
:1008E8000C08B2E8021079EB01097AEB0C0A80E8EF
:1008F800F80780414042BDE8F00770472DE9F0074E
:10090800524290E87800B1E880071740DB1918EAEE
:10091800020854EB080419EA020955EB09051AEA1A
:10092800020A56EB0A0678C090E87800B1E880071A
:1009380017407B4118EA020854EB080419EA020937
:1009480055EB09051AEA020A56EB0A0678C08041F7
:100958000130BDE8F00770472DE9F007524290E8F2
:100968007800B1E880071740DB1B18EA020874EB2F
:10097800080419EA020975EB09051AEA020A76EB76
:100988000A0678C090E87800B1E880071740BB41B4
:1009980018EA020874EB080419EA020975EB09055C
:1009A8001AEA020A76EB0A0678C080414042BDE89E
:1009B800F00770472DE9F00152424FF0040890E823
:1009C800300091E8C000A31B1340E41AF618EB1B93
:1009D8001340ED1AFF1830C0C0C1B8F10108EED1BC
:1009E800BDE8F001704700BF00B592E8DC072DE9CB
:1009F800DC07B1E8805702B4A7FB02510A95A8FBAF
:100A0800020BE7FB6310E9FB62B00B91A8FB0351F3
:100A1800EAFB6201E7FB64B5E7FB6605E8FB6615E0
:100A2800CDF830B0A9FB03B6EAFB6316ECFB6356BE
:100A3800E8FB640BE9FB641BEAFB645BECFB646B9F
:100A48000D90ACFB0230059CEEFB6250E9FB646044
:100A5800EAFB64B0E7FB6431E8FB6451069CE8FB01
:100A68006461E9FB64B1EAFB64010E93A7FB0432FD
:100A7800079CE7FB6462E8FB64B2E9FB6402EAFBFB
:100A88006412049CE9FB6453EAFB6463089CE7FB7B
:100A980064B3E8FB6403E9FB6413EAFB64230F9582
:100AA8005DF8049B99E80006DDF80080A9FB08546E
:100AB800EAFB68B4DDF81080ECFB6804EEFB681410
:100AC800E9FB6824EAFB6834DDF80480EEFB68651E
:100AD800E9FB68B5EAFB6805DDF81480ECFB6815EE
:100AE800EEFB6825E9FB6835EAFB68450F96DDF8FB
:100AF8000880AEFB0876E9FB6806EAFB6816DDF8B5
:100B08001880ECFB6826EEFB6836E9FB6846EAFBD2
:100B18006856DDF80C80ECFB68B7EEFB6807E9FB6C
:100B28006817EAFB6827DDF81C80ECFB6837EEFBEA
:100B38006847E9FB6857EAFB686708B000BD00BF73
:100B48002DE9F14F87B0FFF74FFFDDF81C8008F162
:100B5800200888E8FF00FFBC87E87F08BDE8F08F21
:100B680000B591E89857A3FB03520195A3FB040134
:100B7800E3FB6420E3FB67100292A3FB0752E3FB4D
:100B88006802E4FB6415E3FB6805E3FB6925039150
:100B9800A4FB07B6E3FB6926E3FB6A56E4FB670B95
:100BA800E4FB682BE3FB6A5BE3FB6C6B0490A4FB40
:100BB8000810E4FB6950E3FB6C60E3FB6EB0E7FBF5
:100BC8006721E4FB6951E4FB6A61E3FB6EB1E4FB76
:100BD8006E010592A7FB0832E4FB6A62E4FB6CB283
:100BE800E4FB6E02E7FB6E12E7FB6853E7FB696301
:100BF800E4FB6CB3E7FB6C03E7FB6E13E8FB6E23C7
:100C08000695A7FB0954E7FB6AB4E7FB6C04E8FB0D
:100C18006C14E8FB6E24E9FB6E34E8FB6865E7FBBF
:100C28006AB5E8FB6A05E8FB6C15E9FB6C25E9FB8E
:100C38006E35EAFB6E450796A8FB0976E8FB6A065F
:100C4800E9FB6A16E9FB6C26EAFB6C36EAFB6E46A2
:100C5800ECFB6E56E8FB69B7E9FB6907E9FB6A1725
:100C6800EAFB6A27EAFB6C37ECFB6C47ECFB6E5738
:100C7800EEFB6E6700BD00BF2DE9F14F87B0FFF7AF
:100C88006FFFDDF81C8008F1200888E8FF00FFBC32
:100C980087E87F08BDE8F08F30B44FF0000310F804
:100CA800014B11F8015B013A84EA050443EA0403A5
:100CB800F5D1A3F101034FEAD37030BC704700BFF0
:100CC8004FF0000310F8012B013943EA0203F9D170
:100CD800A3F101034FEAD370704700BF30B411F895
:100CE800014B12F8015B6C4000F8014B013BF6D157
:100CF80030BC70472DE9F00791E8F807B2E8021018
:100D08005B1854EB0C04B2E802104D4156EB0C068C
:100D1800B2E802104F4158EB0C08B2E8021059EB48
:100D280001095AEB0C0A8941B3F1FF3374F1FF341E
:100D380075F1FF3576F1000677F1000778F10008C4
:100D480079F101097AF1FF3A51F100015B184C4140
:100D58004D4156F1000657F1000758F1000859EBCC
:100D6800D1795AEB010A80E8F807BDE8F007704727
:100D78002DE9F00791E8F807B2E802105B1A74EB66
:100D88000C04B2E802108D4176EB0C06B2E80210B2
:100D98008F4178EB0C08B2E8021079EB01097AEB85
:100DA8000C0A89415B184C414D4156F1000657F138
:100DB800000758F1000859EBD1795AEB010A80E88D
:100DC800F807BDE8F007704718EB040859EB050968
:100DD8005AEB060A5BEB070B5FF0000C4CF1000CBA
:100DE80018EB050859EB06095AEB070A5BEB070BEA
:100DF80050EB0C005FF0000C51EB0C0152EB0C02B5
:100E080063414CF1000CB8EB070879F100097AF15D
:100E1800000A7BEB040BA841B141A241B3416CF13C
:100E2800000CBBEB050BB041B941AA41BB416CF1C9
:100E3800000C4CF001068CF0020718EB060859EB81
:100E48006C095AEB6C0A7BEB6C0B70EB6C0471EB66
:100E58006C0572EB670653EB6C076CEB6C0C18EBCC
:100E68000C0059EB0C015AEB0C025BF1000354F136
:100E7800000455F1000556EBDC7657EB0C0770477C
:100E88002DE9F14F87B0FFF7AFFDDDF81080DDF8F1
:100E98001490DDF818A0FFF797FFBDE8000FFFF7E3
:100EA80093FF03B05DF8048B88E8FF00BDE8F08F7E
:100EB8002DE9F14F87B0FFF753FEDDF81080DDF81C
:100EC8001490DDF818A0FFF77FFFBDE8000FFFF7CB
:100ED8007BFF03B05DF8048B88E8FF00BDE8F08F66
:100EE80053B94AB9002908BF00281CBF4FF0FF3189
:100EF8004FF0FF3000F00CB8ADF1080C6DE904CEEE
:100F080000F022F8DDF804E0DDE9022304B07047C0
:100F1800704700BF10F8012B11F8013B012A28BFC8
:100F28009A42F7D0D01A7047034611F8012B03F8FC
:100F3800012B002AF9D17047034613F8012B002A28
:100F4800FBD1181A013870472DE9F04786468C46C0
:100F58000846089E154674461946002B40F0C18085
:100F68008542B2FA82F245D94AB1C2F1200300FAA9
:100F780002FC954094402EFA03F343EA0C0C4FEA26
:100F8800154EA8B2230CBCFBFEF80EFB18CC08FBD0
:100F980000F943EA0C43994528D9EB1808F1FF37C3
:100FA80004D2994502D9A8F102072B44A3EB0903FF
:100FB800A4B2B3FBFEFC0EFB1C330CFB00F044EAAE
:100FC8000344A04214D92C190CF1FF3304D2A042D7
:100FD80002D9ACF102032C44241A43EA07401EB19B
:100FE800D440002334607360BDE8F0874746DDE7EE
:100FF8006346F1E792BB431B01214FEA154EAFB29E
:10100800200CB3FBFEFC0EFB1C330CFB07F840EA7C
:101018000343984561D9EB180CF1FF3004D2984589
:1010280002D9ACF102002B44A3EB0803A4B2B3FB32
:10103800FEFC0EFB1C330CFB07F744EA0344A742F3
:101048004DD92C190CF1FF3304D2A74202D9ACF1C7
:1010580002032C44E41B43EA0040C0E7C2F120032A
:101068009540944020FA03F12EFA03F34FEA154E07
:101078009040AFB20343B1FBFEFC0EFB1C10190CF1
:101088000CFB07F841EA0041884522D969180CF1A0
:10109800FF3004D2884502D9ACF102002944A1EB03
:1010A80008019BB2B1FBFEFC0EFB1C110CFB07F701
:1010B80043EA01439F420ED9EB180CF1FF3104D2E9
:1010C8009F4202D9ACF102012B44DB1B41EA0041EB
:1010D80093E76046E3E76146F7E76046A4E76346BF
:1010E800B8E7834206D916B9002108467CE7C6E965
:1010F80000E0F9E7B3FA83F78FB9834201D3724569
:1011080008D8BEEB020460EB030301209C461EB91D
:10111800002169E73846FAE7C6E9004CF8E7C7F165
:10112800200CBB400EFA07F522FA0CF42EFA0CF14B
:10113800BA401C4320FA0CF3B8404FEA1449014363
:101148001FFA84FEB3FBF9F809FB18300B0C08FBF7
:101158000EFA43EA00439A4540D9E31808F1FF30F4
:1011680004D29A4502D9A8F102002344A3EB0A034A
:1011780089B2B3FBF9F809FB183308FB0EFE41EA04
:1011880003418E452CD9611808F1FF3304D28E45EE
:1011980002D9A8F10203214443EA0040A1EB0E0161
:1011A800A0FB02984145CE46434602D306D14D45A1
:1011B80004D20138B9EB020E68EB0403002EA7D065
:1011C800B5EB0E0261EB030101FA0CFC22FA07F3FE
:1011D800F9404CEA0303C6E9003199E74046C5E700
:1011E8004346D9E7000000002DE9F04FA9B00E935F
:1011F800A0EB030B012303FA0BF40D94DC400E9DC6
:101208001294BF4CDDF8C8A054F825901D4454F83A
:1012180025400E9D0894BB4C019354F82580089DE9
:10122800129C0E9B6C430AEBC40700930346384696
:1012380004F0D0FD08FA0BF309FA0BF60AEB830267
:101248000AEBC303394618460992F2000B932AF0B9
:10125800BBFD0B9BE50003EB860311930B9B2A4612
:1012680003EBC6075646514638462AF0ADFD07EB54
:1012780084031A93089B9B0018934FEA88030A93E8
:10128800A14B1B930AEB88031C939F4B1793099B55
:1012980016931C9B9E4240F07881042303FA0BF3BB
:1012A8001493FB181393149B149A07EB43030F939F
:1012B800134415934FEA89030C930F9B03EB4203E6
:1012C800129A199303EB82031A934FEAC8031F93E8
:1012D800002308930BF1FF332393089B434540F009
:1012E800A48101244246414650460D9B0094019733
:1012F80004F0FCF90D9B42464146CDE900470998A8
:1013080004F0F4F93946504624F08EFA08220346D0
:1013180002FA0BF212991344159300EB4203179348
:1013280003EBC1031293A3EB0A0399071CBF23F035
:101338000303043353441393DDE913130B44194691
:1013480010905046149324F06FFA4E46129B0B9956
:101358001A44904238BF10460A2E28BF0A26A9EB25
:10136800060401EB84014B4632460F90CDF800B0DD
:10137800109804F0A9FD1199A50029444B4632465E
:101388001598CDF800B004F09FFDC4EB44130E99F6
:101398000E9A1C935D4B454653F8322003EBC1036C
:1013A8006FF005015B6810984B435946D418D31A5F
:1013B8001B9303F0B1FB5946159803F0ADFB5B4650
:1013C800159A1099179803F043FD5946109823F081
:1013D80045FA5946159823F041FAC8EB4813169375
:1013E8001B1B08930A2D2F4628BF0A27EC1B3A46D9
:1013F8000AEB840143461298CDF800B004F064FD6E
:101408000999A60043463A4631440F98CDF800B0F2
:1014180004F05AFD5946129803F07EFB59460F987E
:1014280003F07AFB5A461099129823F02CFA5A4680
:1014380015990F9823F027FA5A4612990F9823F016
:10144800D7F95A4617990F9823F0D0FB59460F98A9
:1014580003F02AFC089BC4EB44141C1B00221C9BB1
:10146800E41846BF00274FF080460027284B58BF96
:10147800284ECDE9182348BF6442002C40F014825E
:101488000F9B083B1A931A9EDDE91823F6E902011F
:101498001A9623F0EEFD07460E4602460B4614A1A7
:1014A800D1E9000123F093FF002800F0438212A342
:1014B800D3E900233846314623F089FF002800F09D
:1014C80039823846314623F01EFF139B43F8240027
:1014D8000D9B0134A342D6D11F24089B93FBF4F43F
:1014E800C4EB44169E1B0E9B042B00F2F18113E003
:1014F8000000C0FFFFFFDFC10000C0FFFFFFDF41AA
:10150800640B03003C0B0300900B0300E40A030088
:101518000000F03F0000E03F149B4246CDE905B3D0
:10152800139B29465046CDE90193CDE903460B9B11
:10153800CDF8009004F058FB149B4246CDE905B362
:10154800139B2946CDE90193CDE90346119B0998E0
:10155800CDF8009004F048FB1B9A089B1699134499
:1015680003F10A02914240F3D0812833C5EB4511BB
:101578008B4200DA013D089B002B40F3C881193BE0
:1015880023EAE373089316922CE7179B1D682846F5
:1015980023F034FF01460446284623F059FF22462B
:1015A800034615902946089823F076FF169B199054
:1015B80014931A9B1396CDE90F7300230C930C9B7D
:1015C800129A934207D1169B043604331693179B3D
:1015D8000C3317935DE6199B2A460193159B0899CE
:1015E8000F980093234624F009FA139B2A461860A3
:1015F800199B10980193159B08990093234624F092
:10160800FDF9149B189A18600C9B01330C930F9BDF
:1016180013440F93109B134410930A9A139B13447B
:101628001393149B13441493C9E71B9B1D68284606
:1016380023F0E4FE01460446284623F009FF089BF0
:1016480010904B4511D101231E46089A0B9811465C
:10165800009301970D9B04F049F8089A0D9B1146D9
:1016680011980197009604F041F8CDE900541B9BAE
:101678005A465B683846139903F058FF089B4B4558
:1016880077D2089A0B9B03EB8200119B064603EB6B
:1016980082031A46169300233168DDF83CC04CF8E3
:1016A80023101168DDF854C04CF823100C9901334D
:1016B8000E440A440D999942EED15B464946139A65
:1016C800CDE9005424F023F95B464946CDE900549E
:1016D800139A169824F01BF9089B0AEB83031D93B1
:1016E800DDE9082303EB820319461E9300231D9AA4
:1016F8001298834240F081803A460121239B199831
:10170800CDE9005424F0B5F8239B3A460121CDE9F0
:1017180000541A9824F0ADF8159B1D9E17931A9B38
:10172800043B2093199B1C930F9B16931E9B1893A5
:10173800169B1A9A08331693179B083317931C9B0A
:10174800934267D15B464146139A1D98CDE90054F0
:1017580024F0DDF85B464146CDE90054139A1E9803
:1017680024F0D5F8089B013308931B9B0C331B937B
:10177800B3E5109B22462946484623F08DFE159B6B
:101788000F9E043B1C93119B189017930B9B169369
:10179800189B2A460193109B4946169800932346A6
:1017A80024F02CF9189B46F8040B0193109B2A4649
:1017B800179800934946234624F020F91C9B0C9A5D
:1017C80043F8040F1C93169B13441693179B13445A
:1017D8001793159B9E42DBD15B463A460F98012131
:1017E800CDE9005424F045F85B463A460121CDE99D
:1017F8000054159824F03DF86EE71068199E46F8D5
:10180800230008681A9E46F823000A980133024408
:1018180001446DE7169BDDF870C053F8083C5CF88E
:10182800040B2493169B2A4653F8043C10992593DD
:10183800179BCDF870C053F8083C2693179B53F8B4
:10184800043C2793234623F0F0FDDDF880C0219067
:101858005CF8040F10992346CDF880C023F0E5FD0D
:10186800219923462290279823F0DFFD21993060A3
:101878002346269823F0D9FD0A9B2299F050234647
:10188800259823F0D2FD189B2299186023462498A6
:1018980023F0CBFD189B0A9A98501F9B1F9A1E4451
:1018A800189B1344189343E7E30707D5DDE91801AC
:1018B8003A46334623F0DDFBCDE918013A46334674
:1018C8003846314623F0D5FB641007460E46D4E56A
:1018D800139B424629465046CDE90193CDE9046B56
:1018E8000B9B0394CDF8009023F020FF139B4246F6
:1018F800CDE901932946CDE9046B119B099803941E
:10190800CDF8009023F012FF26E6169A33E64D45EF
:1019180013D3564600250D9B5C00314650460C9A61
:101928002AF052FA0C9B01359A440A9BAC421E4499
:10193800F3D1012029B0BDE8F08F5246002105F10E
:101948008045013DAD00281DAB580C9E9B0F5B42A6
:101958005B0814181644A64216D1099B099CEB583B
:101968000C9E099F9B0F5B425B0804443E44A642C1
:101978000DD10A9B01311A44DDE909342344099346
:101988000D9B8B42E0D1C4E744F8043BE3E744F8FD
:10199800043BECE7000000002DE9F04FB5B02B93B5
:1019A8000123DDE9409B03FA09F30B93082303FAAB
:1019B80009F31A935B4413931A9BCDE90C120BEBB2
:1019C800430322933F9B2A90002B08BF5B462D932D
:1019D8004A460C992A9803F01DFE4A460D992A9802
:1019E80003F018FEB64B13F809200123013A93407F
:1019F800002259420C9880569842E9DA8842E7DD7D
:101A08000D9880569842E3DA8142E1DA0B98013268
:101A18009042EFD1002BDBDB0C9A0C9B114684180B
:101A280000222593134611F9010B00FB00338C4269
:101A380042EA0302F7D143EAE2710D9B0D9A26931D
:101A48000B9B10469D180022134610F9014B04FB0E
:101A58000433854242EA0302F7D143EAE27343EAD8
:101A680001020B4443EAE27344F2B6129342AFD840
:101A780000252C462E464A4658460C9923F0E7FE88
:101A88004A460D99139823F0E2FE4946584603F05A
:101A980043F84946139803F03FF84B46139A5946C2
:101AA800229803F0D5F94946584622F0D7FE494610
:101AB800139822F0D3FE7EA3D3E900235846CDF82D
:101AC800009022F0C0FF7AA3D3E900231398CDF841
:101AD800009022F0B8FF4A465846229923F086F82B
:101AE8004A462299139823F081F84946584603F04C
:101AF800DBF84946139803F0D7F8139BABF10808B5
:101B0800A3F10807F8E902231046194623F0B1FAB1
:101B180002460B462846214623F08DF9F7E90223B1
:101B280005460C461046194623F0A3FA0B46024612
:101B38002146284623F07FF90B9B0136B342054620
:101B48000C46DFD15CA3D3E9002323F040FC002836
:101B58003FF43EAF3F9B002B40F08682022303FAFE
:101B680009F35B4400932D984B46DDE90C1224F0F1
:101B78009EF800283FF42CAFDDE90C120025514BEC
:101B8800CDE9009513F809302C934F4B53F829A051
:101B98000BEB8A031C930BEBCA03249303EB8A0316
:101BA8001D930BEBCA0303EBCA030E930BEBCA009E
:101BB8004B4604F00FF90E9B5246CDE900535146AF
:101BC80002230BEBCA004FEA8A0403F08FFDBAF137
:101BD800000F3FF4FDAE0E9B0BEBCA0123441E938E
:101BE8000E9B03EB44030A9323440F930BEB8A03E6
:101BF80053F82A0023F002FC0BEBCA03289053F891
:101C08002A0023F0FBFB224629900A982AF0CFF8F5
:101C180022461D990F982AF0CAF801230AF1FF32CB
:101C28004BF82A300BEB8A03181D294692002AF03C
:101C3800E5F82246294658462AF0E0F822461D993A
:101C48000E982AF0B4F822460BEBCA011E982AF027
:101C5800AEF80E9B0E9A53F82A300A99013B42F8C7
:101C68002A303E2303FB0AF31E3321930AF18043F3
:101C7800013B01EB83012E910F999A0001EB83033D
:101C88002F93131D27930B46279A13443093219BB8
:101C98001D2B00F2EB811E9B0A9853F82A200A9B01
:101CA80082F00102191D279B03440FE0AFF3008067
:101CB800000000008000C840ACADD85F9A6DD040ED
:101CC8007152030066520300640B03008B4240F01C
:101CD800B8835342134324991C9A51F82A1052F896
:101CE8002A20DB1701330A4013423FF471AE43F256
:101CF80001025146584623F013FC00287FF468AED1
:101D080051461C9823F00CFC149000287FF460AE18
:101D1800B9F1020F4C4640F2A383013C012C40F07C
:101D2800488409F1FF3804FA08F308241B935B0878
:101D380012930BEBC3031693129B04FA08F40BEBF4
:101D4800031A0AEB0403109300230E930E9B844A94
:101D580003EB4303D7580025384623F04FFB0146D1
:101D68000A90384623F074FB0A9A03460F903946C6
:101D7800022023F091FB0E9B0E9A53441793109B5D
:101D8800159013441893EB001E46159B3A46019391
:101D98000F9B022100930BEBC5000A9BCDF884B082
:101DA80023F015FE179B3A4643F83500159B169805
:101DB80001930F9B0221009330440A9B23F007FEF6
:101DC800189B43F83500129B0135AB42DBD10E9BC3
:101DD800042B40F0FB8351462246584629F0F4FF75
:101DE8000BEB0403224618461099279329F0ECFFC1
:101DF8000BEB0403234415930E9B002603FA08FA01
:101E0800159B53442E93159B03EB4A070E9B03FA2D
:101E180009F30A930A9AFB1823935344169313441D
:101E28001D9307EB0A03179307EB4A0318935344D0
:101E3800129A199307EB4A0303EB4A031E9303EB29
:101E4800820324935300339302230F930C23734389
:101E58004349CD58CA182846109223F0CFFA0146B4
:101E68000446284623F0F4FA109A1C905368384622
:101E78004A46CDE90054239903F058FB00230C9AF5
:101E8800D15605EAE1720A44169941F823200D9AC1
:101E9800D15605EAE1720A441D9941F823200B9AAC
:101EA80001339A42EBD14B463A4601211698CDE9C7
:101EB800005423F0DEFC4B463A4601211D98CDE93B
:101EC800005423F0D6FC1C9B2A46494616980093DA
:101ED800234623F009FB1C9B49461D980093234683
:101EE80023F002FB52462399179829F06DFF5246BA
:101EF8001699189829F068FF52461D99199829F0E3
:101F080063FF0BEB86031F93279B03EB860320934A
:101F180000231F9A1E9952F8332041F82320209A53
:101F2800249952F8332041F82320129A01339A4217
:101F3800EFD1A9F1020633463A4601211E98CDE9B0
:101F4800005423F096FC33463A460121CDE900546B
:101F5800249823F08EFC04230026109302E000BF8F
:101F6800900B0300189B109A53F826301E982F9355
:101F7800189B50F816009B581C993093199B53F8DE
:101F880026303193199B9B582A463293234623F0D7
:101F98004CFA289024981C9950F81600234623F0F0
:101FA80044FA289923462990329823F03EFA1F9B39
:101FB800289943F836002346319823F036FA1F9BB8
:101FC800109943F8110029992346309823F02DFAE7
:101FD800209B299943F8360023462F9823F025FAA9
:101FE800109A209B023643F81200134608331093C8
:101FF800339BB342B6D143460221179A1F98CDE9C5
:10200800005423F084FC43460221CDE90054179A7A
:10201800209823F07CFC0F9B012B00F0E1824346C3
:102028000121179A1898CDE9005423F070FC434613
:102038000121CDE90054179A199823F068FC002370
:10204800189A159952F8232041F82320199A2E99A5
:1020580052F8232041F823201B9A01339A42EFD1EA
:1020680001231E460F93F1E65B467BE500244FF003
:10207800FF372246254638462146DDF8C080DDF880
:102088003CC05CF8046D58F8043D86EA010E0EEA7F
:10209800000E81EA0E0186EA050E0EEA070E85EAB1
:1020A8000E0583EA020E0EEA000E82EA0E0283EAA9
:1020B800040E33430EEA070E03F1004384EA0E04CC
:1020C800013BDDF828E0DB0F013BE645074603EA64
:1020D800000340F0B48121EA000701407B0829434E
:1020E800FF0722EA0005024022437F184FEA5508FD
:1020F8004FEAC57543F10003AD180F9A4FF000047D
:10210800126848F100081B920122CDE91424CDE998
:10211800172420961994129410941694EA1B68EBCD
:10212800030282EA030183EA080008405040169936
:10213800209A169ECA401B9902F0010221FA06FC59
:102148000CEA020C0CEAD07182F001020A431F92D9
:102158004A4211462CEAD07C1B98209E1040301A27
:10216800209002EA05003F1A02EA080663EB060619
:10217800129B02EA0300109B02EA030E179B181A2F
:10218800189B63EB0E0E149B1A40159BA21A01EACA
:102198000303199961EB03031993209BCCF1000108
:1021A80001EA03041B9BDCF1000CA3EB040401EA25
:1021B80007031B9464EB0404EB1A2393129B04EAB1
:1021C800060C00EA010568EB0C0C5D1B109B0EEA7F
:1021D800040863EB08031093199B11401C40149BDF
:1021E8005B1A1493159B63EB040315931F9B03F170
:1021F800FF38209B08EA0304234420931F9B5C1E9E
:102208004FF0000300EA080443F1FF310319179364
:102218000EEA01034EEB03031893199B02EA080424
:10222800141903EA010043EB00031F9A780840EAF7
:10223800C670524280EA07006EEB0E0E10401993EA
:1022480086EA560303EA0E0347401B9873401B9E19
:10225800104030181B9005EA02002818109E1290B2
:10226800109806EA0E0640EB0600109014980240FB
:10227800159800EA0E0E149882181492159A42EBDB
:102288000E021592239A550845EACC7555408CEAFA
:102298005C0205EA080502EA0108239A8CEA0808A4
:1022A8005540169A01321F2A16927FF437AF002143
:1022B8000E460A468E460A9B1B91043B16930F9BBB
:1022C800A3F10408169B58F8047F53F804CF16931B
:1022D800179BA3FB0C352093189B0CFB0355A4FB01
:1022E80007032390199807FB003323981F93209B1B
:1022F80018181F9B45EB0305129B8019A3FB0C368E
:102308001F93109B42EB05050CFB0366149BA3FB74
:10231800072C159B07FB03CC1F9B9A181B9B46EBAE
:102328000C06511843EB0603BEF1000F08D0169EA9
:1023380020F0004246F8042C21F0004248F8042C12
:10234800C90F0EF1010EC60F41EA4301F2454FEAEB
:10235800E37346EA45064FEAE5721B93B2D12E9B1A
:10236800D50F1E602F9B2A4619601B9B5146DE0F16
:102378000A9823F005F9324651460F9823F000F9E0
:10238800179B6942DB181898179D03EA010340411F
:10239800ED1A189B00EA010063EB000319981693E5
:1023A800231940EB00080B4008EA01087142E41ABF
:1023B8000B46129A60EB0808129E1098921802EACF
:1023C80001024041B61A109A00EA010062EB0002CD
:1023D8001292149A1C989718159A07EA0107524105
:1023E8001340149A0E99D71B159ACDE9044862EB4D
:1023F8000303CDE908731093129B1D9A0793169B4C
:1024080006960393299B02950093534623F0F3F80D
:10241800109B58460993129BCDE904480793169BD5
:10242800249A0393289B1E9900930897534606966F
:10243800029523F0E0F8219B1E3B219327E41846E0
:102448001FE651F8040B024340E42346DDE90C1271
:102458004846CDF800B0FEF7C7FE00283FF4B8AAFA
:10246800013CF2D20122139BDDF8F8A05946BAF1DB
:10247800000F08BF9A462C9B2B98013B9A40013AC3
:102488004B4623F0C3FA00283FF4A2AA042404FA16
:1024980009F40BEB04064B463146504623F0B6FAD6
:1024A80000283FF495AA4B4D4B4F06EB44083319CF
:1024B80044440A934A46494B59462046CDE90057B9
:1024C80003F034F800231AF9031005EAE1720A440C
:1024D8004BF823200B9A01339A42F4D100230C9A2B
:1024E800D15605EAE1720A4446F823200D9AD156DE
:1024F80005EAE1720A440A9941F823202B9AD15639
:1025080005EAE1720A4448F823200B9A01339A42FB
:10251800E5D14B46224601213046CDE9005723F04C
:10252800A8F94B4622460121CDE900570A9823F025
:10253800A0F94B46224601214046CDE9005723F039
:1025480098F94B46224601215846CDE9005723F019
:1025580090F9012143F201001F4B1E4A22F065FF4A
:102568000746DFF874A01499149853465BF82110B5
:1025780056F8200022F059FFDDF850C0044614999F
:102588000A98534658F8211050F82C0022F04DFFB5
:10259800241A05EAE4731C44A7427FF419AA149B81
:1025A8000133149314990B9B8B42DCD135B0BDE8F1
:1025B800F08F2346DDE90C124846CDF800B0FEF74F
:1025C80013FE00287FF4A9ABFFF702BA0423FFF734
:1025D800BCBB00BF01D8FF7FFFD7BF7945ADD6167A
:1025E80002221B9B11465C000F9B584601970093E3
:1025F800234603F07BF80F9B0F9A15981146019715
:102608000093234603F072F83946584623F00CF934
:102618000824022304FA08F41A465946CDF8008023
:102628000546061903F050FC022330461A4627993E
:10263800CDF8008003F048FC22461599584629F049
:10264800C3FB0BEB0A030BEB4A015846189323F024
:10265800EBF8102303FA08F31A462946169312904A
:1026680029F0B2FB129B594603EB44000F9BCDF8AF
:1026780000801A46051903F027FC0F9B28461A46C6
:102688000BEB0A01CDF8008003F01EFC2022129902
:1026980002FA08F2584629F097FB0BEB040341466F
:1026A800584617930BEB440702F036FA41460BEBFA
:1026B80004003D1902F030FA4146384602F02CFA7F
:1026C8002E194146284602F027FA3B46594630461D
:1026D8000BEB0402CDE9005822F0CCF943462A4618
:1026E800394605EB440002F0B3FB4246304605EBA1
:1026F800440122F07BFA4146304602F0D5FAA6F1B1
:102708000803159300230F931599F1E90223CDE9E6
:10271800102315910022DDE91001B24B22F057FE7B
:1027280000283FF455A9DDE910230020AE4922F026
:102738004EFE00283FF44CA9DDE9100122F0E3FD2C
:10274800002222F0C9FA159BC3E900010F9B01334F
:102758000F930F9A1B9B9342D6D13046414602F005
:10276800DBF931463846424622F08DF83146284694
:10277800424622F088F839464246584622F04CF83C
:1027880029460BEB0A05DA464246179822F044F828
:102798004146584602F088FA4146179802F084FAF2
:1027A8005946169A129829F00FFB129BA3F10806B6
:1027B8001C44189B1F1FF6E9020122F0A4FD4AF8E9
:1027C800040BF4E8020122F09EFD554547F8040F7A
:1027D800F1D10B9BDFF814A2854C5B0851462046CB
:1027E800179322F035FE179B4A460BEB830312938F
:1027F800179B15900BEBC3050A9BCDE9004AEB1814
:102808000F930A9B05EB4306F31810931099794B25
:10281800304602F08BFE5A46129B191F106843007F
:1028280003F00043034304EAE370034442F8043B23
:1028380051F8040F430003F00043034304EAE37034
:1028480003440B60129B9342E8D143463246012170
:102858005846CDE9004A23F00CF843463246012198
:10286800CDE9004A129823F004F800230C9AD156B7
:1028780004EAE1720A4445F823200D9AD15604EA85
:10288800E1720A440F9941F823200B9A01339A42C6
:10289800ECD132464B4601212846CDE9004A22F0C8
:1028A800E8FF324600264B460121CDE9004A0F9841
:1028B80022F0DFFF4D4F4E4A55F826304FEA5608B2
:1028C80018930E9B5BF82800EB5819930F9B53F84D
:1028D80026301B93DDE90E135B5815991C933B4674
:1028E80022F0A3FD169012983B4650F8280015993F
:1028F80022F09BFD3B46804616991C9822F095FDD8
:102908003B4645F8260016991B9822F08EFD0E9B33
:102918004146E8503B46199822F087FD0F9B4146F7
:1029280043F826003B46189822F07FFDDDE90E1398
:1029380058500B4608330E930B9B0236B342BBD854
:102948004B4601212846109ACDE9004A22F0DFFFC4
:102958004B460121109A0F98CDE9004A22F0D7FF83
:102968000A9B29465B4416930A9B1A9A58460BEB16
:10297800430829F029FA0A9B0A9A434410930A9BB0
:10298800404608EB43030F9313440E930F9B109993
:1029980003EB420312934A46164BCDE9004A02F074
:1029A800C5FD4B46424601215846CDE9004A22F072
:1029B80060FF4B46424601211698CDE9004A22F0B5
:1029C80058FF0C9B0A9993F9002004EAE273134418
:1029D8000E9A53500F9A5350129B0A9A0E999A18AE
:1029E800181D09E00000E0430000E0C3FFD7BF79ED
:1029F80001D8FF7F45ADD616259B13F9015F2593B6
:102A080004EAE5732B4441F8043F259B93F90050F1
:102A1800002DD4BF002301235B4223405B1B42F8F7
:102A2800043D9042E8D100254B46424601210E98CC
:102A3800CDE9004A22F01DFF42464B460121CDE96F
:102A4800004A129822F015FFBE4FBF4A12983B4623
:102A580050F82500159922F0E8FC5BF825103B4654
:102A6800064622F0E2FC109B0E9943F8250051F827
:102A780025103B46304622F0D8FC0F9B43F8250032
:102A88000B9B0135AB42E1D10D9B0A9993F90020CC
:102A980004EAE27313440E9A53500F9A5350129B50
:102AA8000A9A0E999A18181D269B13F9015F269306
:102AB80004EAE5732B4441F8043F269B93F9005040
:102AC800002DD4BF002301235B4223405B1B42F847
:102AD800043D9042E8D100264B46424601210E981B
:102AE800CDE9004A22F0C5FE4B4642460121CDE918
:102AF800004A129822F0BDFE109B934A1F1F0F9B9D
:102B0800043BCDE9183712988E4B50F826001599DA
:102B180022F08BFC199B169953F8045F51F8261084
:102B28001993884B1B9022F080FC2D1B054404EA66
:102B3800E5731D44199B0E991D60189B51F82610CA
:102B480053F8045F1B9818937E4B22F06EFC2D1BE4
:102B5800054404EAE5731D44189B01361D600B9B70
:102B6800B342D0D14A464046784B0E99CDE9004A47
:102B780002F0DCFC4B4601210E9A1098CDE9004A80
:102B880022F0C5FE0E9A4B460121CDE9004A0F9866
:102B980022F0BDFE002257F8041F6D4BCB18DB0F47
:102BA800013B2340C91A0F9B48F8221053F8221002
:102BB800674B0132CB18DB0F013B2340C91A0B9B33
:102BC80039609342E7D158460F9922F02DFE00252F
:102BD8000746A0F10806109B002253F8253001355E
:102BE8001846D917189322F077F80B9BE6E90201EB
:102BF800AB42F0D13846494601F08EFF109958464D
:102C080022F012FE064639464746179BDD002A4643
:102C180029F0DAF80A9A35444244A5F108031792D4
:102C280057F8040B0022C117189322F055F8179A89
:102C3800189BBA42E3E90201F2D14946284601F05D
:102C48006BFF31464A46284602F060F94946284655
:102C580002F02AF81A9BA8F10406EF18F5E8020119
:102C680022F051FB04EAE0730344AF4246F8043F04
:102C7800F4D1DDE90F10354B4A46CDE9004A02F0A0
:102C880055FC00230C9AD15604EAE1720A440E99C5
:102C980041F823200D9AD15604EAE1720A441299A8
:102CA80041F823200B9A01339A42EBD100254B4679
:102CB80001214046109ACDE9004A22F0DAFD4B4640
:102CC8000121109A0E98CDE9004A22F0D2FD4B4618
:102CD800109A0121CDE9004A129822F0CAFDABF101
:102CE80004031793169B184A1F1F109758F82500BE
:102CF800144B159922F099FB179B0E9953F8046F02
:102D080051F8251017930F4B189022F08EFB361AA6
:102D180004EAE6731E44179B12991E60109B51F833
:102D2800251053F8046F18981093064B22F07DFB7A
:102D3800361A04EAE6731E44109B01351E600B9B8D
:102D4800AB4207E0FFD7BF7901D8FF7F45ADD61664
:102D5800FF1300C0CAD14B46012158460F9ACDE94E
:102D6800004A22F0D4FD0F9A4B460121CDE9004AD2
:102D7800169822F0CCFD0A9A5A44219B19680C4BEC
:102D8800CB18DB0F013B2340C91A219B43F8041BD6
:102D980057F8041F2193064BCB18DB0F013B234048
:102DA800C91A219B39609A42E7D1FFF75BBB00BF84
:102DB800FF1300C0000000002DE9F04F92461E46A8
:102DC800C3F30A52DD179C024FEA8A2383EAE673AB
:102DD8004FEAD67C1CEB030CC2F5876303F10503AD
:102DE80043F340110746084644EA9A5424F0004445
:102DF80044F0804484EAE67444F1000484EAE47E02
:102E080084EA0C0B00EA0E00604001EA0B0103F0B3
:102E18001F0481EA0C01C4F1200EB4F1200C00FA61
:102E28000EFE21FA04F343EA0E035CBF40FA0CFCE1
:102E380043EA0C03A2F2FE325D4005EAE2755D400A
:102E480087B02846DDE91089E91722F09BFE024683
:102E58000B465046314622F0B7FE4246CDE9030103
:102E68004B464046494622F004F9A1F58011C1F3CA
:102E78000A530133DB0A013B62EB02020340019370
:102E880001EA0203404602934946D7E9C42322F0E7
:102E9800F0F888460590384603F012FB0446384699
:102EA80022F084FE00F001067300013B04FB036678
:102EB8003046F11722F066FEDDE9032322F084FE96
:102EC80002460B4622F0D5F8DDE9012322F0D1F8BD
:102ED800824604FB04F08946C11722F053FE4AA338
:102EE800D3E9002322F0C5F802460B46504649466E
:102EF80022F06AFE46A3D3E900238246894622F0DF
:102F0800B8F8C1F30A53C3F58762053242F3401C8F
:102F1800E6468C0244EA905424F0404444F080444D
:102F280084EA802B02F01F020CEA0B0C8CEA802C3E
:102F380024EA0E04C2F1200E04FA0EFEA2F12000CB
:102F48002CFA02F242EA0E0224FA00F0C3F57F736B
:102F58000243013302EAE37484EAE17404EBD174B6
:102F68002046E11722F00EFE2BA3D3E9002322F01E
:102F780080F802460B465046494622F025FE84F06A
:102F88003F09C4F13F0309EAE379059A434602F091
:102F98006BFA4FF0400A001884EA090349410138E6
:102FA80041F1FF31C3F1200401FA04F4A3F1200236
:102FB80020FA03F949EA040921FA02F249EA020966
:102FC80021FA03F4384622F0F1FDAAF1080ACAF101
:102FD8002001AAF1200229FA0AF304FA01F10B43AD
:102FE80024FA02F21343DBB2C01A03D1BAF1000F7C
:102FF800E8D150E70028BFF64EAFA81907B0BDE8E2
:10300800F08F00BFAFF30080C2BB83C18B4FC33FBB
:10301800FE822B654715F73FEF39FAFE422EE63F51
:103028002DE9F04FADF55F7DCDE90E23DDE9EB47E6
:10303800E89B08251093E99BA5401193EA9BCDE9ED
:1030480014010A930123A34012937B19069307EBFB
:10305800450303EB450A089303EB050B0AEB45030D
:1030680007931023A3400B930AEB45032B440993C2
:1030780002230A9AA34013440AEB05061393BC4B98
:10308800159918A803EBC403D3E90023CDE9DC2381
:1030980022F0F2FC22460E99069822F076FD22468E
:1030A80038460F9922F071FD22465846109922F0B1
:1030B8006CFD22461199089822F067FD2146069872
:1030C80001F02AFD2146384601F026FD21465846E2
:1030D80001F022FD2146089801F01EFD21460698C0
:1030E80021F0AEFB2146584621F0AAFB2A46069954
:1030F800504628F05CFE2146504621F077FC2A46CF
:103108003946304628F053FE22463046089921F0C9
:1031180012FC2146384621F069FC224651463846C1
:1031280021F066FB2A460699504628F040FE2246C2
:103138005946069821F0FFFB22463146069821F0B1
:1031480057FB2146089821F051FC2A46594630463B
:1031580028F02DFE2146304621F048FC2246314613
:10316800089821F045FB4FF00008A6F108090A9BD2
:10317800002133F8180022F005FD129B08F1010820
:103188004345E9E90201F2D12146304601F0C4FC89
:103198002A463146079828F00AFE514622460798E3
:1031A80021F071FB6EA3D3E900230798009421F066
:1031B8004AFC59462246304621F065FB6AA3D3E90A
:1031C80000233046009421F03EFC31460B9A5846C5
:1031D80028F0EDFD089B52460193069B5946009343
:1031E80018A83B46CDE90346029403F0AFF95946C7
:1031F8000B9A504628F0E8FD22460E99069822F0D0
:10320800C4FC224638460F9922F0BFFC2246584695
:10321800109922F0BAFC22461199089822F0B5FCC0
:103228002146069801F078FC2146384601F074FCE6
:103238002146584601F070FC2146089801F06CFCC4
:103248002146069821F0FCFA2146584621F0F8FA62
:103258002A465146079828F0AAFD2A463146099879
:1032680028F0A5FD22463946079821F00CFBDDE938
:103278000810224621F007FB22460999079821F0F9
:10328800B7FA2A465146099828F091FD2246069930
:10329800099821F0F8FA2A460799504628F087FD40
:1032A80022465946304621F0EEFA22463046099920
:1032B80021F09EFA2146504601F0F6FC21463046A0
:1032C80001F0F2FCAAF108030D93079B0A9A023B4E
:1032D8000C930023984617930D9B32F8029BF3E951
:1032E800020116920D9322F0E9FB0C9AA9EB000952
:1032F80022F8029F09FB098813990C92169A179BCA
:10330800914243EA0803E6D1B14648EAE3730C93D5
:10331800A7F10208F9E8020122F0D0FB079B40421E
:103328004B4528F8020FF5D1224639460C9801F092
:10333800D9FB00283FF4A3AE022202FA04F4224685
:103348003946149828F033FD2246384607990DF57A
:103358005F7DBDE8F04F28F02ABD00BFAFF30080C5
:1033680082A79790E35415BF82A79790E354153F1F
:1033780030090300000000000022F0B585B01146B6
:1033880040F6034002AF0AF03FFD0446002840F033
:10339800A5800AF07FFA214641F203003A1D0AF09F
:1033A80033FD0446002840F099807A684D4DD16875
:1033B80005F17803D1F80100D1F8051003C31046D0
:1033C80008F0DCFE214641F201003A1D0AF01CFD1E
:1033D8000446002840F082807868C3685A7885F8E7
:1033E80070205A88A5F872201A7985F87120B3F8E8
:1033F8000720A5F87420B3F80530A5F8763008F052
:10340800BDFE214641F202003A1D0AF0FDFC0446C9
:10341800002863D1D7F804C005F18006DCF80C2039
:10342800531C4132344618685968083303C4934220
:103438002646F7D1604608F0A1FE0BF0C1FF04460E
:1034480000284BD195F88A30990610D40221264AD3
:10345800264824F0ECFA95F87C305A064AD4012123
:10346800234A224824F0E3FA6FF0120436E04FF0C2
:10347800FF304FF0FF310AF02DFA0646002800F021
:10348800428207210C3008F0BBFF6FF00403037081
:103498000A23C0F802408471447004712246C37044
:1034A800314640F633400AF0AFFC0446B0B94FF05D
:1034B800FF304FF0FF310AF00DFA0646002800F001
:1034C800228201210C3024F07CF92246314640F654
:1034D80031400AF099FC04460028BCD020460C373D
:1034E800BD46F0BDC00400203B7203000CC50200BD
:1034F80069720300002142F203003A1D0AF084FCBD
:1035080004460028EAD17A68A94BD168D1F80100AD
:10351800D1F8051003C3104608F030FE214642F2E8
:1035280002003A1D0AF070FC04460028D6D17E68D5
:10353800F468B4F801309AB292B1E27882B1A5F891
:103548000431E378032B06D0032202210092994824
:10355800994A23F08EFEE2789848114627F000FC3D
:10356800304608F00BFE1F2395F87C60A5F8203143
:1035780016F0200619D14FF0FF304FF0FF310AF056
:10358800A9F90446002800F0BE8102210C3008F099
:1035980037FF0123214603704670324640F66D40DE
:1035A8000AF032FC0446002898D195F89C301B0795
:1035B80012D5002142F21C003A1D0AF025FC0446EF
:1035C80000288BD17868C368D3F80120D3F8053078
:1035D800C5E9382308F0D2FD95F8D8309E0623D5E2
:1035E8003846B91C0AF0B8FC044600287FF476AFC8
:1035F8004FF0FF304FF0FF310AF06CF90646002813
:1036080000F0818104210C3008F0FAFE3B88224644
:1036180003807B883146438042F224000AF0F4FBA1
:10362800044600287FF45AAF95F8D8305C0610D5C8
:10363800002142F22A003A1D0AF0E6FB044600285F
:103648007FF44CAF7868C3685B7885F8223108F05E
:1036580095FD4FF0FF304FF0FF310AF03BF904467B
:10366800002800F0508108210C3008F0C9FE95F8B8
:10367800D81040F2022311F0400F08BF032302467E
:1036880088074CBF43F02C0043F00C008B0695F8DC
:10369800D93048BF40F0400013F0090F18BF40F47C
:1036A8000060CE0748BF40F01000002124F0EEF97A
:1036B8002146002242F201000AF0A6FB0446002837
:1036C8007FF40CAF95F87C30B5F8041198065DD4FA
:1036D800C9B941F205003A1D0AF096FB04460028D4
:1036E8007FF4FCAEB5F804317C684BB9E368B3F8F5
:1036F8000120A5F804219A883048114627F030FBAC
:10370800204608F03BFD4FF0FF304FF0FF310AF044
:10371800E1F80446002800F0F68008210C3008F093
:103728006FFE95F8D8300246D90739D44FF00051CA
:10373800234824F0ABF92146002240F601400AF064
:1037480063FB044600287FF4C9AE01463A1D4FF6D4
:1037580001400AF059FB002838D01A4A02211548BE
:1037680024F065F9EB79002B40F0BD8024F050FB84
:10377800044600287FF4B2AE0DF0C8FA04460028CB
:103788007FF4ACAE0AF044FA0446A7E60029BAD1A1
:1037980001210D4A074824F04AF96FF004049DE618
:1037A80001A1D1E90001C4E790880002008000204F
:1037B800980500200CC502008D720300C805002082
:1037C80010880002F6720300D37203007B686E460D
:1037D800DC688AB0B4F80130042B96BF574A5849C0
:1037E80052F8231002AAD3614FF40073554813848A
:1037F800554BC2E9050142F8103F4FF413515348A5
:1038080024F024F9B4F80120B546022AB4F80330AC
:1038180049D1052B47D84E4A52F823106E468AB034
:1038280002AAD3614FF400734A481384464BC2E995
:10383800050142F8103F4FF41351444824F006F9AB
:10384800B546637994F806C0032B98BF424AB4F88A
:103858000760D4F809006C468CB094BF52F8231066
:10386800374902AAC2E9073C4FF40073DFF8ECE0DD
:1038780093853B4BC2E905E1C2E909604FF47351F6
:1038880042F8103F314824F0E1F8A546786808F07E
:1038980075FC00214FF602403A1D0AF0B5FA0446BD
:1038A80018B1304A5AE72649B8E77868C368B3F8C8
:1038B8000130A5F8C13008F061FC95F8C1305A070D
:1038C8007FF550AF21464FF603403A1D0AF09CFAA7
:1038D80008B1254A42E77868C3685B7885F8C03044
:1038E80008F04CFC3EE72E78002E7FF43FAF95F8A9
:1038F800C1309B061FD54FF0FF304FF0FF3109F064
:10390800E9FF044610B96FF06804E7E506210C30BA
:1039180008F076FDD5F8013021460360134B324696
:103928009B8883804FF606400AF06EFA044600280A
:103938003FF41CAFD2E56FF08504CFE56C27030098
:103948008A6F03001A730300040000010CC502000B
:103958005427030033730300442703004B73030009
:103968000700000178730300A1730300C10400205D
:1039780030B50F4D89B003AC0FCD0FC42B680222B0
:10398800236001240B4B0C49009403A80BF0CAFADE
:10399800034630B12146094A094820F0E2FD09B042
:1039A80030BD0321074A064820F0D9FDF7E700BFDC
:1039B800B0C60200A00A0300A80A0300E6470300F5
:1039C800DCC502000B48030010B5064A0648022170
:1039D80020F0C5FDBDE8104040F2676200230348AF
:1039E80019F056BD2C480300DCC50200580F002012
:1039F80070B5012243688A401B6886681A420569C7
:103A08000ED10C4940F211430B4A0C4822F075FDC7
:103A18000B4822F072FD40F21141074822F064FD84
:103A28002B6823EA02032B6033684FF4C022BDE8F9
:103A3800704018478648030055480300C4480300EF
:103A4800E148030008B530201BF026FE38B10023FA
:103A58008385011DBDE80840034820F095BDBDE8F9
:103A68000840FFF7B1BF00BFA8C0020070B50378D7
:103A78008AB004460E4607AD032B20D8DFE803F0D2
:103A880002191B1D11492846FDF74EFA0595637862
:103A98001E210493A37830460393E3780C4A0293DB
:103AA8002379019363790093A37920F055FA0AB03A
:103AB80070BD0849E7E70849E5E70849E3E70A214F
:103AC8002846074A20F048FAE0E700BFF348030019
:103AD80015490300FA480300014903000B49030094
:103AE80034910300F0B5144689B000AF0D4624F0B8
:103AF80091FA3946FFF7BAFFACB96C468AB06A4604
:103B0800144BD561C2E905374FF400731384124B87
:103B18004FF41351114842F8103F20F032FDA546EA
:103B28002437BD46F0BD6E468CB06B460C4AC3E9DF
:103B38000754C3E905270B4A4FF462515A620A4AEF
:103B480006489A621A46094B42F8103F20F019FDC0
:103B5800B546E5E73849030004000001DCC502006A
:103B68005649030086AD0300000203050600000263
:103B780090B589B000AF0C4624F04CFA3946FFF7EF
:103B880075FF8AB06A46094BD461C2E90537084B0C
:103B98004FF443511362074B07485362074B42F8EF
:103BA800103F20F0EEFC2437BD4690BD7D49030050
:103BB80086AD030000020204DCC502000500000215
:103BC80090B589B000AF0C4624F024FA3946FFF7C7
:103BD8004DFF8AB06A46094BD461C2E905374FF4F4
:103BE80000731384064B4FF41351064842F8103FF4
:103BF80020F0C7FC2437BD4690BD00BFA349030091
:103C080004000001DCC5020090B589B000AF0C4685
:103C180024F000FA3946FFF729FF8AB06A46094BB3
:103C2800D461C2E905374FF400731384064B4FF48F
:103C38001351064842F8103F20F0A3FC2437BD4634
:103C480090BD00BFC549030004000001DCC50200A7
:103C5800B0B588B000AF0C4624F0DCF93946FFF760
:103C680005FF6D468AB06A46124BD461C2E9053732
:103C7800114B124C1362124B12485362124B4FF401
:103C8800435142F8103F20F07CFC2068AD4618B143
:103C98000CF00AF9002323600C4C206830B10CF0BA
:103CA80003F900230120236026F078F82037BD4669
:103CB800B0BD00BFDA49030086AD03008C200020A8
:103CC80000020204DCC5020005000002902000206A
:103CD800B0B588B000AF0C4605460CF0BDF8124BE5
:103CE8001860284624F096F93946FFF7BFFE6D465E
:103CF8008AB06A460D4BD461C2E905374FF40073A8
:103D08000B4C13840B4B204642F8103F4FF41351D1
:103D180020F037FC0321AD462046074A20F01FFC5F
:103D28002037BD46B0BD00BF8C200020C549030028
:103D3800DCC5020004000001FD490300B0B588B0ED
:103D4800044600AFB1B16C468AB06A46194B1A48AE
:103D5800C2E90531194B4FF41151D36140F20133D7
:103D68001384174B42F8103F20F00BFCA546203770
:103D7800BD46B0BD24F04EF93946FFF777FE6D46D3
:103D880088B06A460F4B4FF4E651C2E905374FF445
:103D9800007393830C4B084842F8103F20F0F1FB66
:103DA8002046AD460CF058F8084B1860012025F065
:103DB800F2FFDCE72C4A0300DCC5020086AD0300F5
:103DC800040000014D4A0300030000019020002078
:103DD80080B588B000AF24F01DF93946FFF746FEDC
:103DE80088B06A46084B4FF4E651C2E905374FF4EC
:103DF80000739383054B064842F8103F20F0C1FB3F
:103E08002037BD4680BD00BF5A4A030003000001A9
:103E1800DCC50200012310B503FA01F14368046907
:103E28001B6819420ED10E4940F2A2630D4A0E4892
:103E380022F063FB0D4822F060FB40F2A2610948C2
:103E480022F052FB2368194218BF82F0010222B106
:103E58008368DB68BDE81040184783681B69F9E789
:103E68008648030055480300C4480300E14803009E
:103E78000A46C1B20148FFF7CDBF00BF54C00200D7
:103E88000A46C1B20148FFF7C5BF00BF70C00200B3
:103E980010B50B78052B00F29580DFE803F003805E
:103EA8002C6172468B68002B00F08C8048680028D3
:103EB80000F08880444A1368DBB1181F00231360A0
:103EC800424A136027F0EBF800220023404818F01C
:103ED8004FFB002876D0828D011D3E4820F05DFB07
:103EE80000286FD03C4A0221BDE810403B4820F032
:103EF80036BB0438E6E74A68CB68108D0344384877
:103F08009BB213850278002A5CD14A68134413F8DF
:103F1800013C0A2B01D00D2B54D1012303702D48ED
:103F2800BDE8104083685B69184700242C4B30209B
:103F38001C701BF0B1FB30B18485011DBDE8104039
:103F4800244820F021BB274A2448022120F007FBFF
:103F5800BDE8104040F267620023234819F098BA80
:103F680030201BF099FB014648B10023838519488E
:103F78002822BDE81040836804311B691847194A94
:103F8800B1E74B68191F1B8D23B1BDE810401748D6
:103F980026F0CDBE0846BDE8104027F080B80A4A92
:103FA80013680BB94B68136008488B6801680B44A9
:103FB800116803600A8D0748D21A1944BDE81040F9
:103FC80020F0EBBA10BD00BF742000207020002044
:103FD800800C0020A8C00200704A0300DCC5020063
:103FE800903C00202C480300580F0020640C00204F
:103FF8002DE9F0438DB04FF0FF324FF0FF332848E2
:1040080018F0C6FB30220021684627F0F7FE254F3E
:10401800DFF89480DFF894904FF0FF334FF0FF32D1
:10402800384618F0A5FABDF82C40838DC4F1280451
:104038009C42054628BF1C4600261CB9284627F086
:104048002EF8E9E7BDF82C00311D0430224629443A
:10405800684427F0ACFEBDF82C202644224492B2D6
:10406800272AADF82C2008D802F130036B4413F846
:104078002D3C0A2B01D00D2B0CD1002001A906F0F4
:1040880045FD20B142460221484620F068FA002347
:10409800ADF82C30AC8DA41B282C28BF2824CCE7E5
:1040A800040C0020640C00208E4A0300DCC50200CA
:1040B800014818F0E9BA00BF340C002008B50548DB
:1040C8000321054A20F04BFABDE80840034818F0E0
:1040D800FBBE00BFDCC50200B64A03007C200020FE
:1040E800F8B51E4C0546206800AF002833D00D40B7
:1040F800EA0716D523F0BDFF6E4688B023686A46E6
:1041080017491848C2E9051303234FF4C65142F86A
:10411800103F20F036FAB54620680BF0C5FE0023A4
:104128002360AB0717D5206823F0ABFF6D4688B036
:1041380023686A460C490B48C2E9051303234FF468
:10414800C65142F8103F20F01CFAAD4620680BF02B
:10415800ABFE00232360BD46F8BD00BF8C200020C5
:10416800FE4A0300DCC50200154B03002DE9F04FA1
:1041780087B002AF20F0F7F9654C81468B461920CD
:104188000121FFF77DFE2146624801F0B1FF064696
:1041980020F0E9F90546884619200021FFF770FE4E
:1041A8004EB1334601215C4A5C4820F0DAF91437F5
:1041B800BD46BDE8F08F0321594A584820F0CFF991
:1041C800EA4688B002AA574BB5EB0905536168EB7C
:1041D8000B034FF0040BC2E906534FF4035142F8A6
:1041E80010BF4E4820F0CDF9D54620F0BCF9DFF8D5
:1041F80038917960804601211A20FFF741FE122389
:104208004A4A494600944A4821F018FC386020F090
:10421800AAF904460D461A203146FFF731FE3B68DD
:1042280073BB0321434A3D4820F099F988B002AA9C
:10423800414BB4EB080453617B684FF4035165EBC1
:104248000305C2E90645354842F810BF20F099F940
:104258000321D546D9F80030384A394E2F4820F086
:1042680080F9306878B90121364A2C4820F077F96E
:104278003368E3B90121334A284820F070F996E7FA
:104288000121314AE9E7D9F80030022207F10E018D
:10429800FB8106F03BFC034628B101212B4A1F484D
:1042A80020F05FF9E4E70321FB89294AF7E70121B8
:1042B8000420FFF7DDFD20F056F9002440F2813894
:1042C800244BDFF85090C3E90001A8EB0405F42D56
:1042D80028BFF4253068AAB209EB040106F016FCE1
:1042E80058B10121009023461B4A0C4822F0C1FF17
:1042F80000210420FFF7BCFD59E72C44A42000212D
:104308001AF0AAF9B4F5607FDFD90321134AB3E79D
:10431800813F0020824400202D4B0300DCC50200B1
:104328004B4B0300624B030078200020790A0020E1
:10433800913C00207F4B03008F4B0300A54B0300EB
:1043480090200020D54B0300BE4B0300F14B030027
:10435800194C0300980F0020394C03006D4C0300E2
:104368002DE9F04F00240646154691B008AF1A22F1
:104378008846381D21463C6027F040FD304623F032
:1043880049FE3946FFF772FB052D38D12A464046CB
:10439800A94927F03BFD064678B1DFF8A092DFF87F
:1043A800A0A2A54227D030201BF076F906460028A7
:1043B80040F017810221A34A4EE00321A24AA348F4
:1043C80020F0CDF80321A24AA04820F0C8F8002226
:1043D8000023CDE90356CDE90623CDE901664FF464
:1043E80080329C4B9C4900969C4819F065FA9C4980
:1043F8009A4826F030FD2437BD46BDE8F08F062DDB
:1044080075D12A464046974927F000FD0646002800
:10441800C3D101460420FFF72BFD20F0A4F86C4619
:10442800914A88B0D2E90032C01A61EB02012246F3
:104438008E4BDFF83C92C4E905300423E1618348E0
:1044480042F8103F4FF4035120F09BF8D9F80030A0
:10445800A5462BB90121874A7C4820F080F8CAE795
:1044680001210520FFF704FD834B3446D3F8008073
:1044780020F079F8814B824EC3E90001DFF8CCB116
:10448800A04502D87F4A0321E6E7A8EB040ABAF15F
:10449800F40F28BF4FF0F40AD9F800001FFA8AF287
:1044A800311906F033FB58B1012100902346764AB2
:1044B800664822F0DEFE00210520FFF7D9FC9AE7C6
:1044C8005444032123465846704ACDF8008022F010
:1044D800D0FE4FF4803200236D4818F059F90028B7
:1044E800CED001216B4A594820F039F8E3E7072D6F
:1044F8007FF453AF2A464046674927F087FC0646B3
:10450800002849D101460520FFF7B2FC20F02BF81E
:104518006C465A4A88B0D2E90032C01A61EB0201EF
:1045280022465E4BE161C4E9053004234FF4035190
:1045380042F8103F454820F024F8A5464C4C236823
:10454800002B87D001210620FFF792FC20F00BF802
:10455800534B1222C3E900012068524906F0D6FAEB
:10456800044648B10121009033464F4A374822F0AB
:1045780080FE31460620A0E74FF4803200234448ED
:1045880018F006F930B10121424A30481FF0E7FF20
:104598002146EFE7454A76E745492A46404627F04F
:1045A80035FC014600287FF4F8AE0620FFF760FCD2
:1045B8001FF0D9FF6C463A4A88B0D2E90032C01AD7
:1045C80061EB020122463B4BE161C4E9053004235B
:1045D8004FF403511D4842F8103F1FF0D2FFA54683
:1045E80009E72A1B272A8CBF272292B2031D82853E
:1045F80008EB0401184627F0DAFBB28D0346144491
:10460800A4B2A5420AD108EB050111F8011C0D2935
:1046180004D10A20B11801320871B28519464846FA
:10462800B28D1FF0BAFF00283FF4BBAE31465046AA
:1046380026F07DFBB5E600BF8D4C0300A8C0020044
:10464800800C0020914E0300934C0300DCC502004F
:10465800C74C030075410000684F0020D80E0020A9
:10466800FC4C03005F500300980F0020094D030025
:1046780090200020D54B030078200020880F0020D0
:10468800913C0020B64D0300414D0300744D0300DA
:10469800340C0020924D030082500300D54D0300D6
:1046A800900F0020790A00200D4E03003E4E0300B3
:1046B800A45003005B4E0300F8B5864826F0C9FAFB
:1046C80030B9854A012185481FF049FF1FF06DFF69
:1046D800834826F0BEFA08B9824AF3E719217D48D3
:1046E800FFF786F9034628B17F4A01217B481FF06E
:1046F80038FFEBE71A217748FFF77AF9034608B144
:104708007A4AF2E704217648FFF772F9034608B1BE
:10471800774AEAE705217248FFF76AF9034608B1C4
:10472800744AE2E706216E48FFF762F9044610B1C1
:104738000346714AD9E701461920FFF7A1FB214634
:104748001A20FFF79DFB21460420FFF791FB214625
:104758000520FFF78DFB21460620FFF789FB032183
:10476800664A5E481FF0FBFE0321654A5B481FF05E
:10477800F6FE0321634A59481FF0F1FE0321624AFD
:1047880056481FF0ECFE0321604A54481FF0E7FE2C
:1047980003215F4A51481FF0E2FE5E4814F0CEFA4A
:1047A800034620B101215C4A4C481FF0DAFE14F0A0
:1047B80093FA034620B10121584A48481FF0D1FE18
:1047C800574E304626F045FA00283FF47FAF302098
:1047D8001AF062FF044600283FF478AF00255149DB
:1047E8008585514818F01CFDB3681B6823B920461D
:1047F80026F055FC4D4A65E72A4630464C4998470D
:104808000028F4D130201AF047FF054660B3031D95
:1048180018464849FCF788FB25220146AA853046F8
:104828001FF0BBFE074640B1204626F038FC28465C
:1048380026F035FC3B46404A57E73046211D1FF01D
:10484800A3FE034658B93D480CF026FA034678B152
:104858003B4A012121481FF084FE0020F8BD0121B8
:10486800384A1E481FF07DFE204626F018FC2DE72A
:1048780035480CF02BFA034608B1344AE9E709F049
:10488800CBFC00287FF422AF0321314A13481FF0E4
:1048980066FE304817F0F8FE22F0C4FD2E4806F0F8
:1048A80029F9044610B103462C4AD2E72C482D4971
:1048B80018F0E2F92A4818F007FB013404F0010166
:1048C800002014F0CDFA00214FF4004019F0C4FE86
:1048D800F3E700BF70C00200BC4E0300DCC5020055
:1048E80054C00200D64E0300F04E0300234F0300CD
:1048F800574F03008E4F0300C44F0300F84F0300C7
:104908001750030030500300425003006650030064
:104918008A500300E9400000AC500300CA5003006D
:10492800A8C002004D3A0000580F0020E5500300CF
:10493800993E0000055103002B5103005406002046
:104948007B5103005451030044060020B151030079
:10495800EC510300040C002038060020025203002A
:104968007C200020793900002DE9F04F01266FF0F6
:1049780001049846002546F2020B9640584B7700F2
:1049880004FB07FA33F81230A9B0039333440293B7
:10499800944008AB03EB0A090490019108EB040367
:1049A8000221049A07A8059321F05AFBBDF81C20A0
:1049B800AE4252BA92B2A2F5C041A1F102014FEA49
:1049C800D17101F1FF3101EA0B01A2EB0101A1F55F
:1049D800C040A0F102004FEAD07000F1FF3000EAB9
:1049E8000B00A1EB0001A1F5405000F1FF304FEAA8
:1049F800D07000F1FF3020F47F6020F00E00A2F5A7
:104A080070424FEA8040A2F105024FEA90404FEA17
:104A1800D272A1EB000102F1FF32059B42EA0102CA
:104A280011D9019921F81520029A0135AA42B7D166
:104A3800012508AB03EB0A094444039B9D420AD9AC
:104A480029B0BDE8F08F92B2AF428CBF23F8152091
:104A580029F81520E8E700231A46C5F1000C96420C
:104A68004FEA420032D901990844B0F800E0954273
:104A78004FEADE3A0AF1FF3AA3EB0A0B1CD8B44519
:104A88004FEA4C0127D2DDF804804144D31A2B4069
:104A980003F2FF13B1F800805B0A5B4203EA0A03E2
:104AA8008EEA080A03EA0A0A8EEA0A0E88EA0A085F
:104AB800A0F800E0A1F80080029B013293420CF1BB
:104AC800010C01D16D00B8E75B46C8E797428CBF7F
:104AD80000194844C9E7BC4534BF09194944D5E71A
:104AE800642F03000223934030B50B44C41731F9F7
:104AF800025B05FB05008B4244EA0004F7D1054B35
:104B080040EAE47053F82230834234BF0020012089
:104B180030BD00BFB80A030001232DE9F04F03FAA6
:104B280001F4DC409BB000EBC40216920222CDE9EE
:104B380001230B901791029B179A934202D31BB043
:104B4800BDE8F08F002563081893019B019A5B0864
:104B58001993544B660803EB02170395039B199AA4
:104B6800934207D1029B189C01330293019B5B007F
:104B78000193E0E7D7E90023CDE90C23D7E9022325
:104B8800CDE90E230B9B069503EBC5030793169BF4
:104B980003EBC50308930B9B03EBC6030993169B12
:104BA80003EBC6030A93069BB34206D3039B254433
:104BB8000133039326441037D0E7079BD3E900233A
:104BC800CDE91023089BD3E90023CDE91223099BE3
:104BD800D3E90023CDE90423DDE904010A9BD3E9E5
:104BE8000023CDE91423DDE90C2320F042FADDE9A6
:104BF8000E2381468846DDE9140120F03AFA024680
:104C08000B46484641461FF0EFFDDDE90E2383467B
:104C18008A46DDE9040120F02CFADDE90C238146FF
:104C28008846DDE9140120F024FA02460B4648467E
:104C3800414620F000F95A4681468846DDE91001D0
:104C4800534620F0F8F84A464346CDE90401DDE929
:104C5800120120F0F0F8DDE90423DDF81CC0ECE8CF
:104C68000223089B5A46E3E80201DDE91001089394
:104C78005346CDF81CC01FF0B7FD82468B46DDE9D0
:104C8800120143464A461FF0AFFD099BE3E802AB19
:104C980009930A9BE3E802010A93069B01330693F2
:104CA80081E700BF58C802002DE9F04F012497B0F2
:104CB80004FA01F30493E3401293129ACDE9000138
:104CC80000EBC2031393049B02910393029B012BF5
:104CD8001AD8019BABB100255B4B019A03EBC203C9
:104CE800D3E90067009BA3F108043B46F4E90201FD
:104CF800324620F0BEF9049B0135AB42C4E90001FD
:104D0800F3D117B0BDE8F08F0026039B5B0803932F
:104D18006300039A05934D4B03EB0215129B9E42C9
:104D280004D3029B059C013B0293CFE73746D5E9A4
:104D38000023CDE90A23AB681593EB6803F1004320
:104D48001493009B03EBC6030693139B03EBC60364
:104D58000793009B03EBC4030893139B03EBC40363
:104D68000993A74204D3059B10351E441C44D5E77C
:104D7800069B0137D3E900AB079B5046D3E90023D4
:104D8800CDE90C23089B5946D3E90023CDE90E232E
:104D9800099BD3E90023CDE91023DDE90E2320F098
:104DA8004AF8DDE9102380468946DDE90C0120F048
:104DB80042F8069BE3E802890693079BE3E80201B1
:104DC800504659460793DDE90E231FF00DFDDDE936
:104DD800102381468846DDE90C011FF005FDDDE959
:104DE8000A230C900E914846414620F042F9DDE92D
:104DF800143283468A460C980E9920F03AF90246F6
:104E08000B46584651461FF0EFFCDDE91432824646
:104E18008B464846414620F02CF9DDE90A238146B5
:104E280088460C980E9920F024F90B460246414614
:104E3800484620F000F8089BE3E802AB0893099B7A
:104E4800E3E8020109938CE700C8020058C8020091
:104E58002DE9F04F012400279C4089B06408A1F196
:104E68000803019301EBC4030293A2F1080303931F
:104E780002EBC405A0F10806A74202D109B0BDE8BB
:104E8800F08F029B0399F3E802AB0293F1E9022346
:104E9800CDE90423F5E80223CDE90623019B03911C
:104EA800F3E9020101931FF09BFC814688465046B6
:104EB80059461FF095FC02460B46484641461FF0EE
:104EC800BAFF81468846DDE904011FF089FC834664
:104ED8008A46DDE906011FF083FC02460B46584668
:104EE80051461FF0A8FF02460B46484641461FF0B0
:104EF800A2FF02460B460020034920F028F901379B
:104F0800E6E90201B8E700BF0000F03F2DE9F74FDE
:104F180001254FF0000A4FF0000895406D08DFF8B2
:104F28005090A1F10806A0F1080B00EBC504AA45B2
:104F380002D103B0BDE8F08FF6E9022340464946A6
:104F480020F005F902460B460F460190FBE90201E5
:104F580020F08FF8CBE900013B46D4E90001019A23
:104F680020F087F80AF1010AE4E80201DFE700BF50
:104F78000000F03F2DE9F04F01249C4091B06308F8
:104F88000193A0F108030993019B00EBC303049369
:104F9800A1F108030593019B01EBC3030093A2F160
:104FA80008030693019B02EBC303089300230793AE
:104FB800079B019A934202D111B0BDE8F08F099B7B
:104FC800059AF3E902AB0993049B5046D3E900879D
:104FD80008330493F2E90234CDE902340592009BC8
:104FE800069AD3E90095F2E90234CDE90A34089B20
:104FF8005946D3E900340692CDE90C341FF0F0FB92
:1050080006460C46404639461FF0EAFB02460B4668
:10501800304621461FF00FFF02460B460020494943
:1050280020F095F802460B46CDE90E105046594639
:1050380020F01FF8DDE90E3206460C46404607F11F
:10504800004120F016F8324683468A46DDE902011F
:10505800234620F00EF85A4680460F4653464846E7
:10506800294620F006F802460B46404639461FF00E
:10507800BBFB5A4680460F46DDE9020153461FF046
:10508800F8FF324683468A462346484629461FF09B
:10509800F0FF02460B46584651461FF0CCFEDDE9AC
:1050A800022306460C46404639461FF0E2FF05F14A
:1050B800004583468A464A462B46214630461FF01D
:1050C800D8FF02460B46584651461FF08DFB4A460C
:1050D80083468A462B46404639461FF0CAFFDDE91B
:1050E800022381460D46304621461FF0C2FF024684
:1050F8000B46484629461FF09EFE5A4653468146AF
:105108000D46DDE90A011FF06FFB83468A46DDE99B
:105118000C012B464A461FF067FB069B04F100442E
:10512800C3E900BA089BE3E802010893059BC3E9B9
:105138000087009B43F8086B009343F8044C079BD7
:10514800013334E70000F03F2DE9F04F0124824697
:1051580004FA03F323FA04F6D2E900456AE80245A3
:105168008FB09B08059302EBC603D3E90045CDE950
:105178000123059B0F4600EBC3030393654B67E8C8
:10518800024503EB061B059B01EBC30600230493B2
:10519800019B0BF1100B10330193029B1033029308
:1051A800DDE90432934202D10FB0BDE8F08F019BD4
:1051B80053E90489029B404653E90434CDE9063497
:1051C800019B494653E90234CDE90834029B53E96F
:1051D8000234CDE90A34DDE908231FF02CFEDDE9AD
:1051E8000A230C460546DDE906011FF024FE4FF0B0
:1051F800000CA4F58014C4F30A530133DB0A013B05
:10520800A1F5801105EA0305C1F30A5303F101036F
:105218004FEAD3234CF1FF32013B04EA020400EACF
:1052280003004CF1FF32039B4AF8085F1140CAF8AB
:105238000440C3E900010833404649460393DDE9C9
:1052480008231FF0D1FADDE90A2381468846DDE903
:1052580006011FF0C9FA5BE90434CDE906345BF8AE
:10526800083CCDE90C010A935BF8043C484603F17D
:10527800004341460893DDE906231FF0FAFE0A9A27
:1052880005460C46DDE90C01089B1FF0F2FE0246BC
:105298000B46284621461FF0A7FA0A9A05460C46EF
:1052A80048464146089B1FF0E4FEDDE90623814697
:1052B8008846DDE90C011FF0DCFE02460B46484635
:1052C80041461FF0B8FD4FF0000CA4F58014C4F35C
:1052D8000A530133DB0A013BA1F5801105EA0305F6
:1052E800C1F30A5303F101034FEAD3234CF1FF3210
:1052F800013B04EA020400EA03004CF1FF32049B7C
:1053080047F8085F11407C600133C6E900010836A0
:105318003DE700BF58C802002DE9F04F0E460121B5
:105328000446B246154601FA03F323FA01F77AE870
:105338000201C4E9000193B09B080E9304EBC70374
:1053480075E802019846C3E9000100230E9902EBB3
:10535800C1020F92434A06EBC10B02EB07190193F6
:10536800019B0E9A09F11009934204F1100408F107
:10537800100802D113B0BDE8F08F0F99FAE90223A3
:10538800CDE90223FBE80223CDE90423F5E9022352
:10539800CDE90623F1E80223CDE9082359E90423DE
:1053A800CDE90A2359E902230F91CDE90C23DDE960
:1053B8000601DDE90A231FF05CFEDDE90C23074640
:1053C8000E46DDE908011FF054FE02460B4638463A
:1053D80031461FF009FADDE90C23CDE91001DDE9BA
:1053E80006011FF046FEDDE90A2307460E46DDE901
:1053F80008011FF03EFE02460B46384631461FF0B4
:105408001AFDDDE9102307460E46DDE902011FF00B
:1054180012FD3A46334606900891DDE904011FF073
:105428000AFD069B44F8103C089B44F80C3CDDE957
:10543800102348E90401DDE902011FF0D5F93346DC
:10544800029006913A46DDE904011FF0CDF9029B6E
:1054580044F8083C069B44F8043C019B48E90201D7
:1054680001337CE758C802002DE9F84F91469A4667
:1054780000222B4B1FF0FDFD1FF0F9FB042405183B
:105488004FF000074FF00100DFF898C0264E494161
:10549800A5FB0623A4FB05E2A1FB044B13EB0E08B6
:1054A800A1FB066E5CF8083F42F100021C1BDCF809
:1054B800043000F1010063EB0B03B4EB0E0463F15D
:1054C8000003A41A63F1000318EB060647EB07066E
:1054D800A61B63F100040D28DAD10022104B4846C0
:1054E80051461FF0C6FD1FF0C2FB0018A0FB063294
:1054F800A4FB000549411218A1FB0660A1FB043179
:1055080045F10005C01841F10001401941F10001C1
:10551800B6187F41C01941F10001BDE8F88F00BFFE
:105528000000E04398C70200A38311742DE9F04FEF
:105538001D46012385B09340DDE90E74CDE90201D3
:1055480021463846904600931FF082FF23460146C5
:1055580082463A4628461FF068FF46460546092E09
:105568004DD9C7F1004630464FF01E0BBB1E0193C4
:1055780023463A4601461FF058FF234629468146EE
:105588001FF053FF019B89EA000023FA0BF343F352
:1055980000030340BBF1010B89EA0300E8D223466C
:1055A80001211FF042FF2346014650461FF03DFFF0
:1055B800B1464FF0000ADFF858B00190C8F10A0868
:1055C8000AFA08F33BF81330029A294642F8236096
:1055D800039A304642F8239023463A461FF025FFA7
:1055E80023460646019948461FF01FFF009B0AF113
:1055F800010A53458146E3D105B0BDE8F08F29463D
:10560800284623463A461FF010FF01360546A6E70E
:105618007A2F03002DE9F04F0027012380463D46ED
:1056280003FA02FAC2F10A0285B0934000930AF124
:10563800FF33019103934FF000094E46404620F096
:10564800FBF8274B21F00044C018264B404643EB9B
:1056580004044FEAD17B20F0EFF8012202900020E9
:10566800DFF884C0E40F21F000415CF8083FDDF862
:1056780008E0BEEB030EDCF8043061EB03036FEACD
:10568800030E84F001034FEADE7E03EA0E035B4259
:10569800134001321B2A40EA030044EA0E04E4D115
:1056A800CBF1000343405B441E44009B09F1010910
:1056B8004B45C3D106F17F03FE2BBCD8039A06F0F5
:1056C8000103954209D19F42B5D0019B5E55013532
:1056D800AA45B0D105B0BDE8F08F5F40F5E700BF3F
:1056E800A8540DD227C82EEE580803002DE9F04F14
:1056F80004460E4601258BB0159F0693584BDFF8DC
:1057080064A13B6093000493B54212D3149B002B11
:1057180000F0A28000254FEA860A07EB8609069B5F
:10572800AB4200F099800021CC460A4604EB0A00FF
:1057380072E0DAF80C90DAF81430484607931FF054
:105748005DFE0146029048461FF082FEAB000593BD
:105758000023A04608900393039B069A93420AD11C
:1057680029464A4638461FF0DBFE0AF10C0A47F87C
:1057780025000135C8E7059B4A4643440993059B24
:10578800294658F803B0089B40460093029B1FF037
:10579800DCFEABEB000B09EAEB715944029B07985E
:1057A8001FF043FE002383461946A8F1040E4FF06C
:1057B800000C57F821005EF8042F0131E0FB0B2C98
:1057C800D3184CF1000C23F000428D424FEAD373FA
:1057D800CEF8002043EA4C03E9D1099A1360039BF1
:1057E80001330393049B9844B6E75CF8048D50F8A2
:1057F800043D890741EA580E08F00101AEEB0308A1
:10580800A3EB0E03DB0F02F0010E43EAE8730EF17F
:10581800FF3E03EA0E031A438442E6D14FF0000C20
:105828006046D217A4F1040E864203D1049B0135C9
:105838001C4474E75EF8041F57F820300130CB1A77
:10584800A3EB0C034FEAD37C23F000434B401340F7
:105858005940CEF80010E7E70BB0BDE8F08F00BF65
:1058680001D8FF7F900B03002DE9F04F99B00E93FC
:1058780001238B400F935B080C93854B042453F84A
:1058880022B0013253F822308C4005939B000893D4
:10589800089A0C9B0F46534302461A44129200EB97
:1058A80043030BFA01F2069303EB82031093069B62
:1058B800014603EBC203039323440493039B09901B
:1058C800D200069803EB440526F07EFA4FEA8B03D4
:1058D8000A93704B0B9363190D930C9B05EBC30351
:1058E8001693002307937B1E1793079B5B4521D1D3
:1058F8000124039B5A4659460698019300940F9B2E
:10590800FFF7F4FE039B5A46CDE9004359460F9B27
:105918001098FFF7EBFE0C22DA465E4B02FB0B33C6
:105928000B937B1E1393059B9A45C0F0B58019B065
:10593800BDE8F08F0B9B1E6830461FF05FFD0446E4
:10594800014630461FF084FDCDE900640B9B3A46C2
:105958005B681390DDE90301FFF7E8FD079B9B00F7
:105968001193DDE9063203EB820314932B46149A54
:10597800116843F8041B0A990A440D998B42F7D120
:105988000E9B3BB93B4601212846CDE90064039AAA
:105998001FF06FFF099B119AA84613449A464FF0CF
:1059A800000915930C9B08F1080899454DD1DDE9CC
:1059B800103203EB02080E9B3BB13B465946CDE93A
:1059C8000064049A14981FF0A2FF2B4642461168FF
:1059D80043F8041B0A990A440D998B42F7D10E9B90
:1059E8003BB93B4601212846CDE90064039A1FF0E4
:1059F80040FFDDE911321344A9469A461193169BDC
:105A0800994533D10E9B3BB13B4659464046CDE9BB
:105A18000064049A1FF07BFF229B7BB9DDE9042117
:105A2800179B1598CDE900641FF071FFDDE904218B
:105A3800CDE90064179B11981FF069FF079B01339C
:105A480007930B9B0C330B934FE758E9020123464E
:105A580032461FF0EAFC234613991FF0E6FC089B28
:105A6800CAF8000009F101099A449BE7D9F8041023
:105A78002346324659F8080B1FF0D7FC23461399E2
:105A88001FF0D3FC089BCAF800009A44B7E700BF90
:105A9800640B0300900B03000B9BA8461E6830465E
:105AA8001FF0ACFC0446014630461FF0D1FC2246EC
:105AB80003463146079058461FF0EEFCCDE90064D6
:105AC8000B9B0F903A46DDE903015B68FFF72EFD5B
:105AD800DDF818900F9B48460193079B32460093C8
:105AE800594623461FF08AFF0A9B48F8040B99443D
:105AF8000D9B9845EED1A8464FF000093B46012181
:105B08002846CDE90064039A1FF0B3FE4FEA8A03E2
:105B18001493099B03EB8A0311930E930C9B08F1D2
:105B2800080899453CD1A846DDF840900F9B4846A7
:105B38000193079B32460093594623461FF05EFFA8
:105B48000A9B48F8040B99440D9B9845EED13B46B7
:105B5800039A01212846CDE900641FF08AFE149BB0
:105B6800129AA946134498460E93169B994529D133
:105B7800229B7BB9DDE90421139B1198CDE90064D0
:105B88001FF0C5FEDDE90421CDE90064139B0E98E2
:105B98001FF0BDFE0B9B0AF1010A0C330B93C2E602
:105BA800324658E9020123461FF03FFC2346079975
:105BB8001FF03BFC0E9B089A1860134409F1010979
:105BC8000E93ABE7D9F804102346324659F8080B70
:105BD8001FF02BFC234607991FF027FC089BC8F8E9
:105BE80000009844C1E700BF2DE9F04F91B00F9332
:105BF8000123CDE90D121F9A4FF00008934004933A
:105C08001A9B08905E1C04239340209A1A44099218
:105C1800209A02EB43071F9A06FA02F207EB820B5F
:105C28001B9A5B4492000A92B2000292684A0B9354
:105C38000392B04525D30123002400933246049BE8
:105C480031463846CDF804B0FFF750FD029BA3F16A
:105C580004080E9B4FEA830E1D9B4FEA83091E9B87
:105C6800C3F11F0A002E40F08880089B013473445A
:105C78000893029B1F44049BA342F3D111B0BDE8D3
:105C8800F08F039B1D6828461FF0B8FB04460146A9
:105C980028461FF0DDFB22460346294605901A9840
:105CA8001FF0FAFBCDE90054039B0C905B681F9A28
:105CB80009992098FFF73AFC00231C9A52F8231000
:105CC80005EAE1720A444BF82320049A01339A4208
:105CD800F3D1DDE91F324FF0000901215846CDE923
:105CE80000541FF0C6FD07EB880306930F9B07EBD4
:105CF800880A07930C9B2A460193059B07980093F3
:105D08001A9923461FF07AFE079B0A9ACAF80000E0
:105D180013440793029B09F101099A44049B4B45DC
:105D2800E8D1DDE91F32DA463146CDE9005406985C
:105D38001FF09FFDDDF81890D9F800105AF8040BF1
:105D480023462A461FF071FB234605991FF06DFB79
:105D5800029BC9F8000099440B9B5345ECD11F9B4B
:105D68003146CDE90054099A06981FF0D0FD039BEF
:105D780008F101080C3303935BE757F808309A0FD2
:105D8800089B524203EB090500239B469C46520898
:105D98001D990D98194488427FF667AF9E4294BFBB
:105DA800114657F823101E98013301FA00F020F02D
:105DB800004040EA0C0021FA0AFC2968A1EB0B011B
:105DC800091A21F0004045F8040B4FEAD17BDFE7C0
:105DD800900B03002DE9F3474FF0010CDDE90A7839
:105DE800054604201C4698400CFA03FC9246002302
:105DF800324E05EB000911F903E006EAEE7272442F
:105E080045F823201AF9032006EAE27E724449F88D
:105E1800232001339C45EED117BBB8F1000F4AD0BF
:105E2800DFF89C8009EB000709EB40012246384661
:105E3800CDE90068234BFFF779FB23463A4628460D
:105E48000121CDE900681FF014FD23463A460121DF
:105E58004846CDE90A6802B0BDE8F0471FF009BD21
:105E6800012F0AD1002321461A46CDF8288028465A
:105E780002B0BDE8F047FFF7F7BC01260023214632
:105E88001A4628460096FFF7EFFCB1463246561CE4
:105E9800BE4207D3C7F101010123CDF828807A1E3D
:105EA8002144E4E7A11A01232846CDF80090FFF722
:105EB800DBFC3246EBE702B0BDE8F08701D8FF7F94
:105EC800FFD7BF7945ADD6162DE9F04F89B00D46FD
:105ED800129C114632B90822A24009B0BDE8F04F21
:105EE80025F08CBF01224FF0000A01F180410139F1
:105EF800A2409B008C000393231D0492A0F1080785
:105F0800069366590022B60F76427308059306F089
:105F180001030293069BAB462B44079300234FF0E3
:105F28000009CDE90023DFF870805BF8043B059A8F
:105F38005340029A1344DA0F23F0004006EA430361
:105F4800C01A0292C11700221EF0C6FE4A464346F6
:105F58001FF08FF802460B46DDE900011EF06BFFCB
:105F6800CDE900010D4B4846414600221FF081F85B
:105F7800079B81469B458846D7D1DDE90023E7E9A1
:105F88000223039B0AF1010A1D44049B5345B8D11F
:105F980009B0BDE8F08F00BF0000F03F0000E0410D
:105FA8002DE9F04FADF5204D95B099460DF52043FC
:105FB800DF6F7C333B780646592B8846154606D05A
:105FC8004FF0FF300DF5204D15B0BDE8F08F464B72
:105FD800092193F809B04FF4A0635A46009314A816
:105FE8007B1C1EF067FB0028EAD040F2015A441CD3
:105FF800AAEB040300935A4609213B1994A81EF002
:1060080059FB0028DCD00444384AAAEB04030DF5F8
:106018008A6B009309215846527A3B191EF04AFBB5
:106028000028CDD004445445CAD109240DF582571F
:106038000DF5CA6A10375B4650460197009494AA3A
:1060480014A91FF06EFE0028BAD02821304620F08F
:106058000EF807A81FF0EBFF3146282207A81FF00B
:10606800F4FF0DF520439A6F494607A878330DF5DC
:1060780045661FF0EAFF07A81FF0EDFF3B462246E2
:10608800314607A8FEF770FC07A81FF0EDFF302186
:1060980008A81FF0ECFF07A81FF0C9FF302208A9C5
:1060A80007A81FF0D2FF07A81FF0D5FFCDE90347C7
:1060B80094AB14AA07A90DF50560CDE901A6CDF8A2
:1060C80000B0FCF7ADFF2346404629680DF5056290
:1060D8001EF032FB044600283FF472AF07A81FF0F9
:1060E800C3FF00202C606DE7715203006652030065
:1060F8002DE9F047ADF5844D92B08946054630212B
:1061080006A81FF0B4FF05A81FF091FF302206A9CA
:1061180005A81FF09AFF05A81FF09DFF0DF648235C
:106128000926039300230DF5C96792AA12A90093C3
:1061380005A80DF5896302960197FBF72DFC05A8C4
:106148001FF092FF5923484600F8013B214B4FF4BA
:10615800A06193F809A012AA3346CDF800A01EF05A
:1061680060FA30B94FF0FF300DF5844D12B0BDE83C
:10617800F08740F20158441C3346CDF800A092AA9B
:10618800A8EB040109EB04001EF04BFA0028E9D043
:10619800114B04445B7A0DF589620093A8EB040166
:1061A800334609EB04001EF03CFA0028DAD0044418
:1061B8004445D7D1284633463A464FF4607100F833
:1061C800016B1EF0FDF9B0F5607018BF4FF0FF309D
:1061D800CAE700BF71520300665203002DE9F04F71
:1061E800D0F83822A1B00B92D0F83C2203460C928A
:1061F8000B9A04920C9A05920022009200F50E72F6
:106208000E9200F50B720D9200F500720F9203F5D5
:10621800027214AD2C4651681068083203C40E99F6
:1062280025468A42F6D11E9A0499A14C81EA020BAE
:1062380005991F9ADDF850E04A4006921A9ADDF84F
:1062480070A002921B9ADDF8608003920A22159FC3
:106258000992DDF87490DDF864C0169E179D954A82
:10626800954996480194019C3844744484EA0A0A82
:1062780008EB3A4888EA0E0E80EA090904EB3E5416
:106288000CEB394C84EA3A4A8CEA070708EB3A687F
:1062980000EB375080EA394988EA3E5E0CEB396CEE
:1062A800CDF828E03144DDF808E08CEA3757CDF81E
:1062B80020C081EA0B0C0EEB3C4E8EEA060601EB81
:1062C800365181EA3C4BDDF818C02A44CDF81C80D1
:1062D80082EA0C08DDF80CC00EEB3B6E0CEB384C78
:1062E8008CEA050502EB355282EA384804EB7764FC
:1062F8008EEA36560CEB386C84EA38680EEB384E6A
:1063080000EB766080EA3A6A8EEA776704EB3754E6
:106318008CEA35550CEB3A4C84EA38488CEA7666B8
:1063280000EB365001944FEA386406940EEB38645B
:1063380080EA3A4E84EA375702940CEB3E6401EB4C
:10634800756184EA36560394079C81EA396C04EB3C
:106358003C4888EA75650A9C01EB355181EA3C4C5A
:1063680002EB7462089C08EB3C684FEA3E6A4FEA0D
:106378003C69DDF828E082EA3B6C04EB3C4484EAA3
:106388007E6E02EB3E5282EA3C4C4FEA3C6B04EBD9
:106398003C6C099C88EA35558CEA3E5E013C4FEA24
:1063A80077674FEA76664FEA75654FEA7E6E09941D
:1063B8007FF459AF029C00F14C501A94039C01F1F0
:1063C800F2411B94019C02F1D64204F1C24404F547
:1063D800E00400F5011001F5C40102F5011204F50D
:1063E800F04400F5115001F5345102F51552CDE98C
:1063F80017583231343265342E3012911392159772
:10640800CDF870A01696CDF87490CDF878B0CDF888
:1064180064C0CDF850E01094119013A903F50172EF
:1064280051F8040F52F8044F204408600D98904228
:10643800F6D1049AD3F83012009C51401E9A10A845
:106448000A441E920599D3F834224A4006990A4410
:106458001F92049A0F9901320492059A0C4442F152
:1064680000020592009A9A1850F8041B20320D0A6F
:1064780002F8201C02F81F5C0D0C090E02F81E5CC5
:1064880002F81D1C9442EFD1009A0432202A00928F
:106498007FF4BDAE0B9A0C99083241F10001C3E9B3
:1064A8008E210022C3F8002221B0BDE8F08F00BF82
:1064B800657870617465206B322D62796E64203363
:1064C800F8B5D0F800120646B1F5FB7F02D9FFF700
:1064D80085FE002101F10803C6F8003273189A7886
:1064E8005878715C120442EA00220A43D9781C7970
:1064F80042EA01655A79304644EA02249A79DB79FE
:1065080044EA024444EA03641FF050FB2A0E0004E4
:1065180042EA042240EA14440020074625F07F4658
:10652800094D22F07F426B68A968D31A711AA3EB50
:10653800D17155F80C3B0337E31AA3EBD173362F0F
:1065480000EBD370EFD1F8BD082403002DE9F04F1C
:106558008DB01E46DDE91945169B8B4608930990B8
:10656800DDE9179307920A9354BBD6E900011EF0A0
:1065780053FE0A9A5F4B03EBC203D3E900231EF0D4
:1065880078FDCDE900010546DBE9002309980C46B2
:10659800FCF712FCC1171FF0F5FACBE90001CDE9B1
:1065A8000054079B0998D3E90023FCF705FCC117A1
:1065B8001FF0E8FA079BC3E900010DB0BDE8F08FB2
:1065C80023464A4630460899FEF7D4FC01234FF08B
:1065D8000808A3405B084FEAC30A05EBC303069308
:1065E80008FA04F82346324628460699FEF7ACFD19
:1065F80042462946304625F0DAFB23464A462846D5
:106608000699FEF7A1FD42462946484625F0CFFBEC
:1066180042460899284625F0CAFB52463146089852
:1066280025F0C5FB089B05EB08075344524649462D
:1066380018460B9325F0BBFB23463846079A07EB11
:106648000A01FEF781FD07EB08030493631E039319
:106658000A9B394602930B9B0998019309EB0A039D
:1066680000934B464FF0100909FA04F9A94407EBC7
:106678000A02FFF76BFF23463946484607EB0A0232
:10668800FEF74AFE42460799384625F090FB224617
:10669800494638461EF0C0F842464946079825F054
:1066A80086FB2246394628461EF0EDF82246294642
:1066B80058461EF09DF823465A4628460699FEF786
:1066C80043FD631E03930A9B29460293089B069A7F
:1066D800019306EB0A030998009304973346FFF7E2
:1066E80035FF234629465846069A0DB0BDE8F04FB7
:1066F800FEF712BE880903002DE9F04F012505FABF
:1067080001F80446474689B00191012F14D140F69B
:10671800FB7143F20102B8F1010F4DD10225019B33
:106728009D40254420881FF053FA24F8020BA54207
:10673800F8D109B0BDE8F08F0026234B7F0803EBA2
:10674800470903EB8703039304EB45036A000493AB
:10675800B246049939F8023B01EB460BA91902939A
:10676800059104EB460305998A4505D3039B164416
:106778009945EDD11546C8E7079243F201021888FA
:10678800BBF800C00AF1010A00EB0C01A1F5405169
:10679800013902EAE17EA0EB0C00714402EAE07CD8
:1067A80023F8021B6044029906931FF011FADDE9F1
:1067B80006322BF8020BD6E741F3000313400B44D3
:1067C80059084FEA5808A6E77A3703002DE9F04F31
:1067D800012404FA01F31F4687B001900093009A40
:1067E800944202D307B0BDE8F08F00261E490198F5
:1067F80001EB440801EB8401029127F001010144F7
:106808007A080391B146019838F8021B00EB460B51
:10681800039800EB460A901904900498814506D322
:1068280002993E448845EDD117466400D7E7BAF887
:10683800000005921FF0CCF943F20103BBF80050A9
:10684800059AA5F5405C0CF1FF3C84442D1A03EA37
:10685800EC7E03EAE570F44405442BF802CB09F119
:1068680001092AF8025BD8E77A3F03002DE9F04FC7
:106878000368BDB00A9343680B9383680C93C3689D
:106888000D9303690E9343690F9383691093C3694A
:106898001193036A1293436A1393836A1493C36A26
:1068A8001593036B1693436B1793836B1893C36B02
:1068B8001993036C1A93436C1B93836C1C93C36CDE
:1068C8001D93036D1E93436D1F93836D2093C36DBA
:1068D8002193036E2293436E2393836E2493C36E96
:1068E8002593036F2693436F2793836F2893C36F72
:1068F8002993D0F880302A93D0F884302B93D0F89D
:1069080088302C93D0F88C302D93D0F890302E937B
:10691800D0F894302F93D0F898303093D0F89C303A
:106928003193D0F8A0303293D0F8A4303393D0F814
:10693800A8303493D0F8AC303593D0F8B0303693D3
:10694800D0F8B4303793D0F8B8303893D0F8BC309A
:106958003993D0F8C030D0F8C4603A93014B009313
:1069680002E000BFE0090300149A0A9B15995340FE
:106978000B9A82EA01051E9A53401F9A5540289A9D
:106988005340299A5540329A5340339A08935540B8
:106998000C9B169A83EA02090D9B179A83EA020850
:1069A800209B189A89EA0309219B88EA03082A9BF5
:1069B80089EA03092B9B88EA0308349B89EA0309BF
:1069C800359B4FEA490B88EA03080E9B4BEAD87BB4
:1069D80083EA020C0F9B199A4FEA480A83EA0207D6
:1069E800229B239A8CEA030C57402C9B2D9A8CEA05
:1069F800030C5740369B379A8CEA030C5740109B80
:106A08001A9ADDF874E083EA0204119B1B9A4AEA99
:106A1800D97A83EA0201249A129B5440259A51405C
:106A28002E9A54402F9A5140389A5440399A5140DE
:106A38001C9A5A40139B83EA0E0E269B5A40279BAA
:106A48008EEA030E309B5A40319B8EEA030E3A9B26
:106A58008EEA060E5A408BEA020301938AEA0E0375
:106A680002934FEA4C0B089B4BEAD77B4FEA470A45
:106A78004AEADC7A8BEA030303938AEA05034FEABE
:106A8800410A4AEAD47A04938AEA08034FEA4E088C
:106A980048EAD278520042EADE72059382EA0C0391
:106AA800069388EA07030793089B6A0042EAD372B1
:106AB8005B0043EAD5736340089382EA01034FEA17
:106AC800440B0A9A0993019B4BEAD17B8BEA090B89
:106AD80083EA0209029B0B9A179983EA020A039B2D
:106AE800169A239C5A40049B150D4B4045EA0335E2
:106AF8001B0D43EA0233229A05998BEA02024C40A5
:106B08004FEA525848EAC428640D44EAC2242E9930
:106B1800069A2F9F5140079A7A404FEA425E4EEA02
:106B2800D12E49053A9F41EAD221089A7A40099F15
:106B38007E404FEA863C4CEA924C920342EA9642E7
:106B4800009ED6E900768AEA06060B9689EA0707C8
:106B580028EA05067E400B9F0A9624EA030677403A
:106B68002EEA04065E400B9721EA08076F40239639
:106B780025EA09052CEA0E0623EA0A03744083EA8B
:106B88000C0329EA0206229722EA01076A407140AB
:106B98003B942E922AEA0C04109A2F93069B87EABC
:106BA8000807169184EA0E013A97179183EA0201C1
:106BB800079B119A1D9C53404FEA037C4CEA111C19
:106BC800090741EA13111C9A089B2B9F5340099A05
:106BD8006240160546EA13361B051E9C43EA12332B
:106BE800019A82EA04051F9C029A62404FEAC20891
:106BF80048EA5578ED002A9C45EA5275039A25EA39
:106C0800030A6240049C4FEAD24E7C404EEA443E5E
:106C1800E40C44EA4234369A379F8BEA0209059A13
:106C28008AEA010A7A404FEAD90747EA4277D20846
:106C380042EA497228EA060989EA0C09CDF8A8A0AF
:106C48002EEA050A8AEA030ACDF8AC9024EA080974
:106C580089EA0609CDF840A023EA010327EA0E0ACB
:106C68008AEA050526EA0C067B40CDF8449022EA1C
:106C780004091E951C9389EA080586EA02031F95F4
:106C88001D932CEA0205039B0C9A21EA070883EA64
:106C98000201049B0D9A88EA0E0E53404FEA430CFA
:106CA8004CEAD17C6C40490041EAD371CDF8D8E078
:106CB800189B3794059A199C8BEA03036240960146
:106CC80046EA93669B01249C43EA9263069A319FA5
:106CD80082EA0405259C079ADDF8CC9062404FEAC9
:106CE800426848EAD5186D0645EAD215309C089ADC
:106CF80025EA030A5440099A8AEA010A7A404FEAC7
:106D0800022E4EEA146E2402329F44EA1264019A5B
:106D1800CDF860A07A40029F24EA050A87EA0909AB
:106D28004FEA894747EA9237920442EA993228EAB9
:106D3800060989EA0C098AEA030ACDF8649023EA6D
:106D480001032EEA080989EA0609534026EA0C06D7
:106D5800CDF8C0A022EA040A8AEA0505CDF8C49055
:106D6800329327EA0E0986EA07030C95339389EADA
:106D78000805089B21EA0208129A0D9583EA020188
:106D8800139A099B2CEA070553404FEAC36C4CEA57
:106D9800511CC90641EA531188EA0404019B149A5C
:106DA800249485EA0E045A402594029B159C160FDC
:106DB800634046EA03161B0F43EA0213039A209C1A
:106DC8002D9F82EA0405219C049A62404FEA82289A
:106DD80048EA9558AD0245EA92552C9A25EA060AE2
:106DE8008BEA0204059A8AEA010A7A404FEAC23E0F
:106DF8004EEA544EE403389F44EA5244069ACDF8CA
:106E0800E0A082EA0709399F079A24EA050A7A402E
:106E18004FEA192747EA0267120A42EA096228EA92
:106E2800030989EA0C098AEA060ACDF8E4902EEAF1
:106E3800080989EA0309CDF850A023EA0C0327EAD8
:106E4800040A8AEA05055340CDF8549026EA01065B
:106E580022EA0E092C95219389EA08050E9B21EA5E
:106E6800070886EA070188EA04042D9520912CEA90
:106E780002050F99059A8BEA0303129485EA0E041A
:106E880013949D0882EA010445EA8475A40844EA3B
:106E980083741A9A069B269E83EA0201079B1B9A13
:106EA800279F5A404B0A43EAC253520A42EAC15248
:106EB80008997140099E4FEA516C77404CEAC71C0B
:106EC8007F0E47EAC1170199289EDDF8A4E07140BA
:106ED800029E4FEAD15886EA0E0648EA4628F60D81
:106EE800DDF8D0E046EA41260399DDF8D49081EA3E
:106EF8000E01DDF810E02CEA030A8EEA09094FEAD0
:106F0800890E4EEA917E890041EA99718AEA050A5A
:106F180027EA0209CDF898A089EA040928EA0C0AA8
:106F2800CDF89C908AEA030A26EA070923EA0503B2
:106F380089EA02094B4022EA04020E9382EA0E0310
:106F4800CDF8D0A02A9A21EA080ACDF8D4900F9358
:106F58002EEA06090A9B8AEA0C0C89EA0707CDF88B
:106F680068C01B9725EA010C24EA0E072B995A40A2
:106F78000B9B7E40299683EA01061899229B4A407A
:106F880019998CEA080C4E403899CDF8A0C04A40AF
:106F980039994E4026994A4027994E40109983EADC
:106FA80001091199239B83EA0108309B1E9989EAFC
:106FB8000309319BDDF8CCE088EA0308149B89EAD1
:106FC8000309159B88EA0308349B89EA0309359B62
:106FD8004FEA490B88EA03083A9B4BEAD87B83EAD5
:106FE800010C3B9B1F994FEA480A83EA01070C9B57
:106FF8000D998CEA030C4F402C9B2D998CEA030CBD
:107008004F401A9B1B998CEA030C4F40169B3699EC
:107018004AEAD97A83EA0105179B379983EA01047A
:1070280024991C9B4D4025994C4012994D40139929
:107038004C4028994D4029994C40329959401D9B04
:1070480083EA0E0E2E9B59402F9B8EEA030E209B3F
:107058005940219B8EEA030E0E9B59400F9B8EEAE6
:10706800030E8BEA01034FEA4C0B01934BEAD77BE3
:107078008AEA0E034FEA470A02934AEADC7A8BEA65
:10708800020303938AEA06034FEA440A4AEAD57AD6
:1070980004938AEA08034FEA4E0848EAD17849007F
:1070A80041EADE71059381EA0C03710041EAD2716D
:1070B8005200069342EAD67288EA0703079382EAE7
:1070C8000503089381EA0403019A09934FEA450BE3
:1070D8000A9B4BEAD47B8BEA090B83EA02090B9BD8
:1070E800029A059C83EA020A109B039A079E83EA88
:1070F8000201119B049A0D0D5A400C9B45EA02357A
:10710800120D42EA013283EA0B010D9B4FEA5158F6
:107118005C4048EAC428640D44EAC124129B0699DD
:10712800099F5940139B5E404FEA465E4EEAD12EB6
:10713800490541EAD621089B0E9E5E4033460F9EC4
:107148007E404FEA863C4CEA934C9B0343EA9643C5
:10715800009ED6E902768AEA06060B9689EA0707B0
:1071680028EA05067E400B9F0A9624EA0206774025
:107178002EEA040656400B9721EA08076F400D9641
:1071880025EA09052CEA0E06744022EA0A0229EAD1
:1071980003060C9723EA01076B40129382EA0C035B
:1071A8007140069A0F9413932AEA0C04169B1091C7
:1071B80084EA0E01119183EA0201079A179B099C40
:1071C80053404FEA037C4CEA111C090741EA1311AA
:1071D800089A1C9B87EA080753401D9A0E9762403D
:1071E800160546EA13361B0543EA1233019C189A22
:1071F800049F82EA0405029C199A62404FEAC20879
:1072080048EA5578ED0045EA5275039C149A25EA38
:10721800030A6240159C4FEAD24E7C404EEA443E37
:10722800E40C44EA42341A9A8AEA010A82EA0B090F
:107238001B9A059FCDF850A07A404FEAD90747EA34
:107248004277D20842EA497228EA060989EA0C0913
:107258002EEA050A8AEA030ACDF8549024EA0809B6
:1072680089EA0609CDF858A023EA010327EA0E0A9D
:107278008AEA050526EA0C067B40CDF85C9022EAEE
:10728800040918951C9389EA080586EA02031995EA
:107298001D932CEA0205229B039A21EA070883EA38
:1072A8000201049A239B6C4053404FEA430C4CEA7A
:1072B800D17C1F9A1B944900059C41EAD3711E9BFF
:1072C800624083EA0B03960146EA93669B0143EA10
:1072D8009263069C249A88EA0E0E82EA0405079CAB
:1072E800259A099F62404FEA426848EAD5186D0618
:1072F80045EAD215089C209ACDF868E05440219AB6
:10730800DDF808907A404FEA022E4EEA146E240205
:1073180044EA1264019F269A25EA030A7A40279FC5
:107328008AEA010A87EA09094FEA894747EA923750
:10733800920442EA993228EA060989EA0C09CDF84A
:1073480078A024EA050ACDF87C908AEA030A2EEA96
:10735800080923EA010389EA0609534026EA0C06CC
:10736800CDF880A022EA040A8AEA0505CDF88490BF
:10737800269327EA0E0986EA07032295279389EAC6
:1073880008052E9B21EA0208089A239583EA020140
:10739800099A2F9B2CEA070553404FEAC36C4CEA25
:1073A800511CC90641EA531188EA04042A9B019A30
:1073B800249485EA0E045A4025942B9B029C160FB0
:1073C800634046EA03161B0F43EA0213039C309AF4
:1073D800059F82EA0405049C319A62404FEA82289C
:1073E80048EA9558AD0245EA92552C9A25EA060ACC
:1073F80082EA0B042D9A8AEA010A7A404FEAC23ED1
:107408004EEA544EE40344EA5244069F289ACDF8C3
:10741800A0A082EA0709299A079F24EA050A7A4068
:107428004FEA192747EA0267120A42EA096228EA7C
:10743800030989EA0C098AEA060ACDF8A4902EEA1B
:10744800080989EA0309CDF8A8A027EA040A8AEA04
:107458000505CDF8AC9023EA0C0322EA0E09534047
:107468002C9526EA010689EA08052D9521EA0708E0
:10747800319386EA07013A9B2CEA020530913B9A40
:10748800059983EA0B034A404FEA930C4CEA827C45
:10749800920842EA83720699369B88EA04042E947D
:1074A80085EA0E044B402F943799079C5D0A81EAC0
:1074B800040645EAC655760A46EAC3560899329B39
:1074C800099C4B4033994FEA53684C4048EAC4182A
:1074D800640E44EAC3140199389B029F4B403999C2
:1074E8004FEAD35E79404EEA412EC90D41EA432165
:1074F800039F349BDDF810907B40359F28EA050AEE
:1075080087EA09094FEA890747EA93779B0043EA24
:10751800997324EA060989EA02098AEA0C0ACDF86D
:10752800C8A0CDF8CC902EEA080A21EA04098AEA14
:10753800050A89EA0609CDF8D0A0CDF8D49023EA47
:107548000E0A27EA01098AEA080889EA0404CDF83C
:10755800D88037942CEA030822EA070425EA0C05A8
:107568006B4088EA0E0E6140CDF8E0E039913A931D
:10757800009B26EA020610330093009A3C4B7E409B
:1075880093427FF4F1A90A9B03600B9B43600C9B19
:1075980083600D9BC3600E9B03610F9B4361109B2F
:1075A8008361119BC361129B0362139B4362149B0B
:1075B8008362159BC362169B0363179B4363189BE7
:1075C8008363199BC3631A9B03641B9B43641C9BC3
:1075D80083641D9BC3641E9B03651F9B4365209B9F
:1075E8008365219BC365229B0366239B4366249B7B
:1075F8008366259BC366269B0367279B4367289B57
:107608008367299BC3672A9BC0F8B8E0C0F880301D
:107618002B9BC0F8BC10C0F884302C9BC0F8883075
:107628002D9BC0F88C302E9BC0F890302F9BC0F853
:107638009430309BC0F89830319BC0F89C30329B16
:10764800C0F8A030339BC0F8A430349BC0F8A830F1
:10765800359BC0F8AC30369BC0F8B030379BC0F8CB
:10766800B4303A9BC0E930363DB0BDE8F08F00BF7A
:10767800A00A0300F8B50F4600293BD0066801228E
:1076880030461EF02EFD0146044630461EF0F1FC41
:10769800C3070DD4AF23184A184919481EF02DFF07
:1076A800394618481EF029FFAF2113481EF01CFF69
:1076B800214630461EF0F3FC2518294600223046A4
:1076C8001EF0D7FC2D1AAC420BD0B7230A4A0E493C
:1076D8000B481EF012FF39460C481EF00EFFB7216A
:1076E800E3E7214630461EF0E0FC2146BDE8F840BD
:1076F8001EF015BEF8BD00BF7C5203009F52030068
:10770800C4480300B0520300E85203000E530300BC
:107718002DE9F84306681446B5684A1EB5F5004FCA
:1077280034BF042308230A400F4610D0C1F10009D2
:1077380009EA01094B4502F1FF3128BF4B461142C6
:107748000CD11746DCB900252846BDE8F8839942D4
:1077580013D82146BDE8F8431EF023BE34494FF440
:10776800A673344A34481EF0C8FE34481EF0C5FEDD
:107778004FF4A6712F481EF0B7FE9146E2E7B5F523
:10778800004F2CBF08200420FB1AE10804F0070270
:1077980001EBD301073203F007031344034401EB61
:1077A800D301A94228BF294630461EF0F8FC80467E
:1077B8000028C8D0B36809EBC005B3F5004F34BF43
:1077C800042308231D4435447B1E1D44B5FBF7F5EF
:1077D8007D43A5EB0905294630461EF082FC2C4462
:1077E800073424F00704A41B804507464FEAE40445
:1077F80008D20246414630461EF00AFD4146304650
:107808001EF04BFD394630461EF049FC3844844290
:1078180008D23946304622461EF0FAFC2146304648
:107828001EF03BFD0122394630461EF03EFC8BE738
:107838004A5303007C520300C44803006553030005
:10784800B2F5802F2DE9F04110D2042A28D84549F5
:1078580040F21A23444A45481EF04FFE44481EF0A1
:107868004CFE40F21A2140481EF03EFE0823D21A70
:10787800CC1D114424F0070421F00701091B172926
:107888004FEAD1060ED83B4940F22323364A3748FF
:107898001EF033FE36481EF030FE40F22321E2E7A8
:1078A8000423E4E70025046031462046A660E5602D
:1078B8001EF021FCB6F5004F2CBF08230423421DFF
:1078C80092000833D11DDB0803EBD103B3424FEA22
:1078D800D10739D801302946A2F1100204F110006D
:1078E800B8BF2A4624F08AFA3A46294620461EF0AE
:1078F800F4FB2B462A46294620461EF0C5FBA6EB7C
:1079080007082046294601221EF0CFFB4246394689
:107918001EF0E3FB3B462A46394620461EF0B4FBE0
:10792800314620461EF0D9FB43462A4631462046BA
:107938001EF0AAFB3146204601221EF0B6FB39464E
:10794800BDE8F0411EF0A9BC0B494FF40E73064A7E
:1079580006481EF0D2FD06481EF0CFFD4FF40E710A
:1079680081E700BF825303007C520300C448030030
:10797800A3530300BC530300E55303002DE9F04F64
:1079880097B000AF89460446D7F880B0FA623B62E8
:1079980058B9A94940F29933A84AA9481EF0ADFD43
:1079A80040F29931A5481EF09FFDCBF3C00390F833
:1079B80002A07B6141B9457800780AEB8000204439
:1079C8004D4517D8A0EB0409E378FB61BAF1000F25
:1079D80002D01BF0010F16D1FB6953BBFB6A1BB128
:1079E800494620463A6A98474D4628465C37BD4680
:1079F800BDE8F08F461C3046F9F79EFA0130304456
:107A080009F10109DCE7626823787A62FA6A990069
:107A1800B96104EB8301002A40F002810E464FF061
:107A280000084D4601EB0A094E454CD101EB0A0608
:107A380010E01BF0020FD1D023789A00BA61626877
:107A480004EB83017A62FA6A002A77D14D469046A0
:107A580001EB0A061BF0050F0CBF02230123FB6292
:107A6800FB6906EB430A0BF00203BB625645BCD028
:107A780016F8021B16F8013C54F82390714B9945EF
:107A880002D3714B994536D37B69002B40D0786A75
:107A98001EF0F6FC00283BD0E9468AB06A466B4BDC
:107AA80053617B6AC2E906314FF400731384684B53
:107AB80042F8103F00234FF41251664802F04CFA86
:107AC800023DCD46D2E716F8013BF96254F823008F
:107AD800F9F732FAD7F88430F96A01304BB1D7F8A0
:107AE800883098453EBFD7F8843023F8180008F14D
:107AF8000108054498E77B6923B1786A1EF0C0FC49
:107B08000028C9D11BF0010F05D1FB6AED1AADE7BA
:107B1800BB6A002BAAD04846F9F70EFAD7F884308A
:107B280053B1D7F8883098453FBFD7F88420431C15
:107B380022F8183008F10108054497E7BAF1000F58
:107B480074D01BF0040674D0D046002607F1480014
:107B580052463B61B96224F02AF9B96A3B6901EBE4
:107B68000A02BA62FA69F9695200FA60BA6A02EB63
:107B780041023A610BF00202BA60BA6A39698A4274
:107B88006AD162781BF0020F18BF00217A6208BF21
:107B98004FEA5801B2181BF0010FD2B240F0E5804D
:107BA8001BF0040F14BF404600207B616270A07078
:107BB800E17020463A6AB969FB6A9847051EFFF6E4
:107BC80014AF7B69414623707B6A3A6A6370FB692C
:107BD80084F802A0E37007F14800FB6A9847B0F107
:107BE8000008C0F2F680BB69A9EB0A01C91AFB6854
:107BF8003A6AC91AD7E90A0398470028C0F2EB8005
:107C08004FF0000BA84408EB000507F1380AB3450C
:107C1800C0F0AD8000213A6A0846FB6A9847E4E65E
:107C280056464FF0000807F1380091E75646D0460F
:107C380095E7B04693E700BFA5540300105403002E
:107C4800C448030060BF020064B80300C0540300C6
:107C58000400000164C50200BA6A12F8021B12F897
:107C6800015CBA6254F825005C4A904202D35C4A2F
:107C7800904218D37A693AB1786A7B601EF000FCAA
:107C88007B6800287FF479AFBA68002A4CD00F2EA1
:107C980040D9544940F24D43534A54481EF02DFCF4
:107CA80040F24D417EE67A693AB1786A7B601EF00F
:107CB800E7FB7B6800287FF460AF1BF0010F0BD057
:107CC8000F2E27D9474940F24343474A47481EF0F9
:107CD80014FC40F2434165E61BF0040F3FF44DAF3E
:107CE800B8F10F0F09D9424940F246433E4A3F488E
:107CF8001EF003FC40F2464154E608F1280207F161
:107D0800300008F1010102EB000808F8105C5FFA86
:107D180081F832E706F1280207F13000711C1618C5
:107D280006F8205CCEB228E7B8F10F0F09D9304920
:107D38004FF48A632C4A2D481EF0DFFB4FF48A610A
:107D480030E608F1280207F1300C08F101009444EC
:107D580007F1580208F1020852FA80F00CF8101CDA
:107D68005FFA88F800F8105C07E700201DE71BF8A9
:107D78000A3054F8239087F83730D7F884302BB37B
:107D8800D7F888309B4521D2D7F8843033F81B8048
:107D980001213A6AFB6A07F13700984700281ADB85
:107DA8000544B8F1000F06D14846F9F7C5F800F1C7
:107DB80001081FFA88F8414648463A6AFB6A98471C
:107DC800002808DB05440BF1010B20E74FF0000801
:107DD800DEE7454609E6054607E600BF60BF020044
:107DE80064B803006355030010540300C44803003B
:107DF80082550300014B1B68184700BF6C06002022
:107E0800014B1860704700BF6C06002030B585B084
:107E180004460D4610220021684623F0EFFF022396
:107E28008DF80230044B2A462146684601931CF01F
:107E380025F905B030BD00BFFD7D000080B50546C1
:107E48000E461746984616F099FC034624F07AF831
:107E5800DFF83C90044649F800304246394630463F
:107E6800A8470C4B1B7873B90B4940F246330B4AB1
:107E78000B481EF042FB0B481EF03FFB40F2463118
:107E880006481EF031FB54F8090003F003FB00BF5D
:107E9800080000005F4B0020DE550300B3550300C7
:107EA800C4480300F155030038B50D4604462022A6
:107EB800002123F0A3FF0022EB68E361AB68A36114
:107EC8002B6823626B68A26263622A6923B1591E18
:107ED800194208BF42F0010222610122002104F187
:107EE8002C0022F03DFF48B1054906482F23064AD9
:107EF8001EF003FB2F2104481EF0F6FA38BD00BF20
:107F08000A900300C4480300135603002DE9F04FFC
:107F1800002789B0CDE90123436A04468B4288468D
:107F2800BA460597079754D300F11406EFF3118565
:107F3800202383F31288BFF36F8F3046A94616F0CB
:107F48009DFE58B988234D4A4D494E481EF0D5FA32
:107F580031464D481EF0D1FA882163E0304616F0CC
:107F6800B1FE079A2AB1394620461EF0B0FB00231D
:107F7800079306A920461EF0CDFA06998346414587
:107F880030D32268236A204613F8221003EB820AB2
:107F980021F0030103F82210216842461EF0DEFAA0
:107FA800E3682060984218D04FF0000B304616F076
:107FB80073FE50B389F31188BFF36F8F059929B108
:107FC800A2690AB12046904700230593BBF1000F30
:107FD800ACD1504609B0BDE8F08F236943F00803DF
:107FE8002361E1E718B120461EF0D2FADEE7DDE9A9
:107FF8000132134339D0039122F027FF0399A0BB24
:108008009DBB304616F048FE78B94FF49A731B4A68
:108018001E491C481EF071FA31461D481EF06DFAC3
:108028004FF49A7115481EF05FFA85F31188BFF373
:108038006F8F04F12C00DDE9012314F0A9FB8346BE
:10804800EFF31189202383F31288BFF36F8F304633
:1080580016F014FE00283FF475AFBBFA8BFB3046D0
:1080680016F030FE4FEA5B1BA0E7204607AB05AAD7
:1080780027681EF0ACFA834698E700BF395603001C
:1080880066560300C44803007B560300915603005C
:10809800A85603002DE9F0410446C36908460E4678
:1080A800984704F114050746EFF31188202383F35A
:1080B8001288BFF36F8F284616F0E0FD68B9882351
:1080C8001A4A1B491B481EF018FA29461A481EF07E
:1080D80014FA882115481EF007FA284616F0F2FD12
:1080E80033783A4643F001033370616820461EF046
:1080F80035FA606020461EF005FB284616F0CCFDD8
:1081080068B94FF49A73094A0C490A481EF0F5F900
:1081180029460B481EF0F1F94FF49A71DAE788F313
:108128001188BFF36F8FBDE8F08100BF3956030097
:1081380066560300C44803007B56030091560300AB
:10814800A85603002DE9F0470446002700F114065D
:10815800EFF31188202383F31288BFF36F8F304623
:1081680016F08CFD054668B988233A4A3A493B48D7
:108178001EF0C3F931463A481EF0BFF98821354848
:108188001EF0B2F9304616F09DFD2369A16813F080
:10819800080F02D16368994200D9636A5B1A002B01
:1081A80041D0206A10F8213000EB810913F0030256
:1081B8003CD0022A04D150F821205FEA920A05D166
:1081C800DA0720D44846E36998478246A1685246B0
:1081D80020461EF0C3F95146A06020461EF0CCF997
:1081E8002F46304616F058FD10BB4FF49A73194AC3
:1081F8001C491A481EF081F931461B481EF07DF9CA
:108208004FF49A71BBE743F0020300F82130E369A9
:108218004846A56898472946024620461EF09EF91A
:108228000025A060DDE71D46A946DAE71546FBE70D
:1082380088F31188BFF36F8F002D89D137B1B9F159
:10824800000F03D104F12C0014F01EFA4846BDE8D3
:10825800F08700BF3956030066560300C448030080
:108268007B56030091560300A85603002DE9F04100
:108278000446C36908460D46984704F114060746A4
:10828800EFF31188202383F31288BFF36F8F3046F2
:1082980016F0F4FC68B98823274A284928481EF0B4
:1082A8002CF9314627481EF028F9882122481EF06B
:1082B8001BF9304616F006FD2B786FF300032B7080
:1082C80023699B0705D5E268236A03EB82039D4275
:1082D80022D12B786FF341032B70D4E902319942F4
:1082E80004D13A4620461EF039F9A06039462046A6
:1082F8001EF042F9304616F0CFFC90B94FF49A734D
:108308000D4A11490E481EF0F8F831460F481EF084
:10831800F4F84FF49A71C9E72B6867F39F032B6051
:10832800E8E788F31188BFF36F8F04F12C00BDE8EC
:10833800F04114F0A9B900BF39560300665603008E
:10834800C44803007B56030091560300A856030057
:1083580070B5044600F11405EFF31186202383F36A
:108368001288BFF36F8F284616F088FC68B98823F7
:108378001A4A1B491B481EF0C0F829461A481EF025
:10838800BCF8882115481EF0AFF8284616F09AFC6C
:108398002369A06813F0080F02D16368984213D9C3
:1083A800646A241A284616F077FC78B94FF49A7351
:1083B8000A4A0E490B481EF0A0F829460C481EF040
:1083C8009CF84FF49A71DDE71C1AEBE786F31188E5
:1083D800BFF36F8F201E18BF012070BD39560300F0
:1083E80066560300C44803007B56030091560300F9
:1083F800A85603002DE9F84F0446A38B0846190731
:10840800154612D4022803F0070165D120461EF054
:10841800FFF988B10138042800F23781DFE810F04D
:108428005C0035018200D400040101280CBF43F030
:10843800100143F02001A1831434204616F02CFCCF
:10844800002840F09D819A494FF49A73994A9A48B6
:108458001EF053F82146B1E003F00702501F01282F
:108468001ED80020062A2768C4E9000014D13A461D
:1084780003E0E08B0130E0831268002AF9D123F091
:10848800070343F002022046A2831EF0C1F990B30D
:1084980042F02002A2832EE023F007039AB2F2E70B
:1084A800042A33D123F007039AB22046A2831EF090
:1084B800AFF910B142F02002A283A38B03F00709A1
:1084C800894540F0EC80A18BCA0640F1508121F02B
:1084D8001003A38301F00701D4F81880A38BB8F127
:1084E800000FB9DA0022276823F00703C4E9002245
:1084F80043F00103A383A38B03F00709894540F0E8
:10850800CF80002FDFD00026B24644E06B4940F20E
:108518001B136B4A68481DF0F0FF40F21B116848B6
:108528001DF0E2FF49B167494FF4AB73644A6248F2
:108538001DF0E3FF4FF4AB71F1E723684BB96249D3
:1085480040F257135E4A5C481DF0D7FF40F25711BE
:10855800E5E723691E684EB95C494FF4AD73584A84
:1085680055481DF0CAFF4FF4AD71D8E70F4688464D
:108578004FF00609A38B23F0070343F006039BB2D1
:10858800A383A268002A40F08D80002F40F08D80E0
:10859800002E98D0BA4643F0080304F1140B58464D
:1085A800A38316F079FB002840F09A8040494FF4E5
:1085B8009A73404A40481DF0A0FF594644481DF0B0
:1085C8009CFF4FF49A71ADE0022909D0414940F26D
:1085D8005D133B4A38481DF090FF40F25D119EE75D
:1085E800E78B4FB13C494FF4AF73354A32481DF021
:1085F80084FF4FF4AF7192E723695E684EB933493F
:1086080040F261132E4A2C481DF077FF40F26111A9
:1086180085E7A38BB84623F0070343F004039BB216
:108628004FF00409A383ACE7012909D02B494FF483
:10863800B273234A20481DF060FF4FF4B2716EE711
:1086480023684BB9204940F265131D4A1A481DF0AA
:1086580054FF40F2651162E723699E684EB91B49D1
:108668004FF4B473164A14481DF047FF4FF4B47121
:1086780055E70027A38BB84623F0070343F005030B
:108688009BB24FF00509A3837BE70C4940F26B13BB
:108698000B4A09481DF031FF40F26B113FE70027F4
:1086A80000266EE74FF0010A75E7924673E700BFB0
:1086B8009156030039560300C44803004CAB03002D
:1086C800C8560300ED560300F95603001C57030073
:1086D800A8560300335703004957030058570300AF
:1086E80085F31188BFF36F8FBAF1000F1CD177BBE8
:1086F80016B120462549B047EFF31185202383F3AF
:108708001288BFF36F8F584616F0B8FA38BB882323
:108718001F4A204920481DF0F0FE59461F481DF009
:10872800ECFE88211A48FBE6A1680029DFD00D6815
:108738000029DCD043464A462046D1F804A0D04759
:108748001DB12B6829461D46F2E72B46FAE7394644
:1087580043464A4620463F681EF086F8C7E7584613
:1087680016F0B0FAA38B23F00803A383ABE68B06BD
:108778007FF562AE21F02003A38301F0070145E6EF
:1087880085F31188BFF36F8FBDE8F88FA9870000C4
:108798003956030066560300C44803007B5603009D
:1087A800F8B504460D4600F11406EFF311872023AF
:1087B80083F31288BFF36F8F304616F05FFA68B9FB
:1087C80088230C4A0C490D481DF097FE31460C4889
:1087D8001DF093FE882107481DF086FE304616F0EE
:1087E80071FAA5613A462046BDE8F8400121FFF735
:1087F80001BE00BF3956030066560300C448030093
:108808007B5603002DE9F04704460F461EF01CF87E
:10881800051E68DB04F11409EFF3118A202383F3A2
:108828001288BFF36F8F484616F028FA804660B961
:108838008823384A384939481DF05FFE4946384888
:108848001DF05BFE8821334842E0484616F03AFAAC
:108858004FF6FF72E38BA68B934206F0070645D0CE
:10886800022E15D135460133E383484616F014FA33
:10887800002841D14FF49A73264A2A4927481DF007
:108888003CFE494628481DF038FE4FF49A71DAE755
:10889800062E13D8DFE806F0092D12120904090084
:1088A8006FF085054FF00008DFE700233B60636841
:1088B80083B9C4E9007786B13546F3E71B49174801
:1088C8004FF4E4731A4A1DF018FE4FF4E471184887
:1088D8001DF00AFE1F606760EDE752460221204640
:1088E800FFF788FD35462846BDE8F0876FF00A0592
:1088F800D8E76FF00405D5E78AF31188BFF36F8FC7
:10890800B8F1000FEFD000233246394620461DF05B
:10891800ABFFE8E73956030066560300C448030076
:108928007B56030091560300A856030058570300CE
:10893800C8560300F8B5054600F11406EFF3118791
:10894800202383F31288BFF36F8F304616F096F911
:1089580060B98823254A264926481DF0CEFD3146B0
:1089680025481DF0CAFD882120482BE0304616F026
:10897800A9F9AC8B04F00704022C17D0012C0CBF0A
:108988006FF004046FF08504304616F085F938BBA3
:108998004FF49A73154A194916481DF0AEFD314631
:1089A80017481DF0AAFD4FF49A71DDE7EB8B5BB910
:1089B8001449104840F2EF13134A1DF09EFD40F28F
:1089C800EF1111481DF090FD013B9BB2EB83002B8A
:1089D800DAD13A4621462846FFF70CFD2046F8BD75
:1089E80087F31188BFF36F8FF8E700BF395603008C
:1089F80066560300C44803007B56030091560300E3
:108A0800A85603006E570300C856030008B542680D
:108A1800034602F00302022A81600AD0032A4FF0BB
:108A2800000103D0012A0AD1596006E0186859608C
:108A380008BD186800225A6058B90020F8E70649AE
:108A480006484523064A1DF058FD452104481DF0F7
:108A58004BFD16F02BFDF0E74CAB0300C4480300B8
:108A68007C5703002DE9F7430F4606460821C06AE4
:108A78001DF0A2FF80463C68DFF84890241A3C604D
:108A880004EA0905AC4203D8002003B0BDE8F0832E
:108A980008236A46214630461DF024FF0028F4D1F9
:108AA800694630461DF092FF40B1BDF80230BDF86E
:108AB800042005EA090513441D443C60A4EB08049E
:108AC800E0E700BF0000FFFF73B504464FF6FF72F2
:108AD800C06A08211DF070FF002563680F4EADF8CD
:108AE80000208DF80620E268191833401344181A3C
:108AF80060606846ADF80210ADF804501DF053FFF1
:108B0800694620461EF022F82046211D1DF023FF4D
:108B1800284663683340A36002B070BD0000FFFFC1
:108B28002DE9F04704468AB000F11407384622F0D0
:108B3800DEF8A06A8368DB689847E06250B98D4A1E
:108B480001218D481DF014FF6FF0150528460AB065
:108B5800BDE8F087A06A8368DB6898470368013B33
:108B68001F2B01D9854AEBE7E368B3F5803F08D9A5
:108B78004FF48032012100927F48814A1EF079FB30
:108B8800E2E7A06A216807AA20F09AFD08B17D4AA9
:108B9800D6E7E5682DB1089BB5FBF3F203FB125548
:108BA8000DB1794ACCE7238A012B01D8774AC7E768
:108BB800E36A029593F805904FF0FF334FF0FF32C8
:108BC800384613F04DFA0821E06A1DF0F5FEA84674
:108BD8000646238A1FFA85FA534508D8238A43454F
:108BE80023D1384613F00CFB6FF02C05AEE7E16893
:108BF8002B04891B13FA81F14A4608232046029167
:108C08001DF07EFE78B1204602A91DF0A4FE08F1F1
:108C1800010808234A46204602991FFA88F81DF0E1
:108C28006FFE0028DAD00135D3E79A450BD10299B7
:108C380008234A462046891B1DF062FE18B92046C3
:108C480002A91DF088FE204602A9FFF70BFF054682
:108C580018B1384613F0D4FA78E7029B4FEA134864
:108C68004FEA08486360C4F80880D4E901139942C0
:108C78000FD30823204603AA1DF034FE054600281A
:108C8800E7D103AB13F8012B91453DD10135082DF0
:108C9800F8D1636820461B0C1B0402A902931DF03F
:108CA8005AFE4A462046E36802991DF029FE051E31
:108CB800CFDB63687ED04FF6FF7906EB0308E368E5
:108CC8001FFA88F29B1B9A42CDF8088038D30321FB
:108CD8002F4A29481DF04CFE204661681DF04AFEC7
:108CE80005460028B5D163682A4AE16813400B4459
:108CF800A3EB4603636013402046A3601DF04EFFBC
:108D08000546002D72D0A4E7204603A91DF05EFE9B
:108D1800626810B9921B6260A7E7BDF81050BDF8F1
:108D28000E10E06AC4F8088029441DF045FE40444E
:108D38009042A060EED1002DECD06FF01C0580E0D1
:108D480008234146204605AA1DF0CCFD054600280B
:108D58007FF47FAF204605A91DF038FE38B1BDF875
:108D680014304B4503D1BDF81830002B6FD0B044F8
:108D7800A5E700BFB65703008CC50200D85703000B
:108D8800F55703001E580300365803004A580300DD
:108D9800BC5803000000FFFF4A4620465B1A1DF03E
:108DA800AFFD051EFFF655AF08D0E26AA36812684A
:108DB8001344A360D4E901318B42EDD86168E368BC
:108DC80001EB46029A429CD1DFF8A880A26801EA2A
:108DD80008039A4295D020461DF0CCFD0546002890
:108DE8007FF437AF636803EA0803A360E368A288E7
:108DF800A3EB46039A4220D0384613F001FA012328
:108E0800E268A374238A032100921B481B4A1EF0C0
:108E180030FA63689AB200920321194A16481B0C6B
:108E28001EF027FAA3689AB200920321154A124845
:108E38001B0C1EF01EFA002588E620461DF097FE42
:108E48000546384613F0DCF9002DD8D07EE60E4AE8
:108E5800032109481DF08CFD636820461B0C1B0488
:108E680002A902931DF077FD204602991DF082FDAC
:108E780046E700BF0000FFFF8CC502006D580300E5
:108E88008458030096580300A75803002DE9F04FB3
:108E98001D46837C91B004460291009253B901218A
:108EA800634A64481DF064FD6FF00C06304611B04B
:108EB800BDE8F08FC26A082110461DF07DFD2946E5
:108EC800019010461DF078FDE368019A0746A3EB70
:108ED8008203AB42C0F0A9801DB1009B002B00F0BB
:108EE800A48063680593204606AA05A9DDF814A0A6
:108EF8001DF0A9FD06460028D8D1BDF81830029A01
:108F0800934206D06268059B9A42ECD1002D36D177
:108F1800CCE7204606A91DF059FD0028F2D0BDF87F
:108F28001A80BDF81C3045B39D4228D14FEA1A4A31
:108F38004FEA0A4AD044AA46E36ADDF800B01B6843
:108F48005B4203F020030393DDF80C904146D145C2
:108F580028BFD14620464B4608AA1DF0C3FC00286E
:108F68004AD14A46584608A922F050FF38B9BAEB08
:108F7800090AC844CB44E7D198E7002B96D0002FC4
:108F88003DD1B84604F1140A4FF0FF324FF0FF33D9
:108F9800504613F065F8238A9E4243D0A168626860
:108FA80008EB01039A422FD3029B2046ADF82030EC
:108FB800FF23009A8DF826302B46ADF82210ADF825
:108FC80024501DF08AFD29460746E06A1DF0F4FC8E
:108FD800A3680344A36057B908A81DF0E4FC204621
:108FE80008A91DF0B3FD002814BF07462F465046B8
:108FF80013F006F93E4659E7C1DC064656E7019BE1
:109008001F441FFA87F8BDE72046FFF75DFD0746B6
:109018000028ECD120461DF0C1FD07460028E6D106
:109028000136B8E76FF01B07E1E76FF015063DE77B
:10903800A25703008CC502002DE9FF471E46837C1A
:1090480004460F469046BDF830904BB92C48012194
:109058002C4A1DF08DFC6FF00C0004B0BDE8F087C1
:109068000821C06A1DF0A8FCE368A3EB4003B342E3
:1090780043D30025D4F804A0CDF804A04D455146AB
:10908800DDF804A009D9636853451ED1BDF808303E
:10909800BB421AD06FF00100DFE7204602AA01A9FF
:1090A8001DF0D1FC0028D8D1BDF80830BB4206D14C
:1090B800204602A91DF08AFC08B10135ADB26268EC
:1090C800019B9A42DAD15146E0E7BDF80C30002BFB
:1090D800E0D0A945DED8BDF80A00090CB3424FEA32
:1090E800014128BF33460144424620461DF0FAFBA1
:1090F8000028B2D1BDF80C00AFE76FF01500ACE75F
:109108008CC50200A257030010B530B90B480C49B2
:109118001DF01CFE6FF0150010BD836833B90748B9
:1091280008491DF013FE6FF00400F5E71B6813B142
:10913800BDE8104018471846EEE700BF94C5020086
:10914800EA580300FB58030010B530B90B480C4926
:109158001DF0FCFD6FF0150010BD836833B907489A
:1091680008491DF0F3FD6FF00400F5E75B6813B1E3
:10917800BDE8104018471846EEE700BF94C5020046
:10918800EA580300FB58030070B508B101B132B9C1
:109198000B480C491DF0DAFD6FF0150070BD8468AE
:1091A8000CB1256935B9064807491DF0CFFD6FF0A8
:1091B8000400F3E741F8040B2369BDE87040184741
:1091C80094C5020019590300FB58030010B5044662
:1091D80030B9104810491DF0B9FD6FF0150010BDE9
:1091E800006830B90B480D491DF0B0FD6FF0010063
:1091F800F5E783680BB15B6933B9064808491DF088
:10920800A5FD6FF00400EAE7616898470028E6D1F9
:109218002060E4E794C5020045590300565903004D
:10922800FB58030070B51346044630B9104811497D
:109238001DF08CFD6FF0150070BD006830B90C484A
:109248000D491DF083FD6FF00100F5E782680AB152
:10925800956835B9064809491DF078FD6FF0040096
:10926800EAE70A46AC466168BDE87040604700BF5F
:1092780094C502004559030056590300FB580300E2
:10928800034A13680BB9526813600020704700BF87
:109298007006002030B50C460E4985B00291D0F812
:1092A800D4110546CDE9003100F1F0014FF0FF334C
:1092B800204611F07DFE50B9012384F86C30D5F8B2
:1092C800D03123B1204605B0BDE83040184705B07D
:1092D80030BD00BF4D6E020038B50C46114605463C
:1092E8001DF0B2FD034638B9284604491DF0ACFD0F
:1092F80003460020236038BD0120FBE786AD03004C
:109308002DE9F04F012381460569466889B005F5C6
:109318005D77D7E8EF2F002A03D1C7E8E13F00299E
:10932800F7D10CBF1A46002240F0B180B368B16A89
:1093380005F5F8781C1F10461DF00DFE84426FD805
:10934800013A00F09E80B2FA82F24FF00044D44015
:1093580072682046073222F00302C5F83C22B16A3F
:109368001DF0F9FDC5F84002B36A40466343033374
:1093780023F0030302EB4302230103EB4403093305
:1093880023F0030303EBC403C5F834221A4408325C
:10939800C5F830227368C5F83842C5F82C323D4B01
:1093A800C5E9AD63316800F0E5F90446002835D118
:1093B800D9F810B0D9F804A0D9F800300BF53479F1
:1093C800CDE9060005934846DAE90734012B08BFC2
:1093D800103C13F00DFEDAF824002F4905AB01EB21
:1093E80080214FF4806248460093234613F01AFE0A
:1093F8002A490BF5307013F03FFCDAE90501836860
:109408005C684CB15B46264AA047044630B9DAE9A5
:10941800050183681B692BB96FF05704002129E007
:10942800013288E70122984704460028F6D11D4BEF
:109438002846C5F8D0311C4BC5F8D4311B4B0393D3
:10944800D5F840320293D5F83C32CDE9008305F5D2
:109458001173B26AD5F8701300F054F90446002865
:10946800DCD105F1F00011F049FE0028C5F87803B9
:109478000ADB022138461DF01BFD204609B0BDE875
:10948800F08F6FF00B04C9E76FF01504C6E76FF0B3
:109498007704F2E7A36E0200684F0120896E02008C
:1094A8007D6E0200B994000035700200E96E02007A
:1094B80013B5044640B100230122CDE90032074B21
:1094C800D0E9091211F048FD236F1B6823B1606FC2
:1094D80002B0BDE81040184702B010BD86AD0300C9
:1094E80013B504460846216901F55D71D1E8AF1F3F
:1094F800022910D193B1A0B10121CDE90031134661
:10950800D0E9091211F028FD074B984208BF6FF007
:109518000B0002B010BD6FF00F00FAE76FF04C00BF
:10952800F7E76FF00100F4E72EF8FFFF2DE9F347A6
:1095380089461546066906F55D73D3E8AF3F022BE9
:1095480064D1136823B96FF0150002B0BDE8F08745
:109558001B78002BF7D0D6F870A3BAF1000F36D1DC
:1095680006F5EC774FF0FF324FF0FF33384612F034
:1095780077FD30462A6801A9FFF7AEFE019C8046B8
:109588001CB938461DF092FCDDE705F10803236796
:10959800AB6984F86CA06367646460B138461DF0F9
:1095A80085FC21463046A36E2A68FFF773FE00202B
:1095B800C9F80040C9E71F22296804F1480022F0D1
:1095C80047FC384684F867801DF070FCEFE73046AA
:1095D80010491DF039FC04460028B4D0002705F1D5
:1095E80008030367AB6980F86C70436740641F2207
:1095F8002968483022F02CFC22460121304684F8A4
:10960800677000F061F80028D1D09CE76FF00F0078
:109618009BE700BF86AD030010B50C46006900F556
:109628005D73D3E8AF3F022B0FD189B10A4900F52A
:10963800307013F04FFC204621F010F978220021F9
:10964800204622F0DBFB002010BD6FF00F00FBE787
:109658006FF00100F8E700BF942000202DE9F04FDB
:1096680005460E4690460027D0F8C4A085B0AAF556
:10967800BE7421463046F7F74DFCE0B9114BA4F112
:10968800480B0293DAF810303246CDE900832946B8
:109698004FF0FF335846AAF5E27911F089FC60B91A
:1096A8007823012203FB079383F86C20DAF80C3047
:1096B8000BB158469847783417B105B0BDE8F08F1C
:1096C8000127D6E7637002001FB5144690B18AB12E
:1096D800012912D10A4B00F1F0010293D0F8D431DC
:1096E800483201934FF0FF332046009311F060FC9D
:1096F80004B010BD6FF01500FAE70020F8E700BFCE
:10970800637002002DE9F04387B00E46DDE90E8153
:109718001446DDE910251F4630B329B3DFF850C0E1
:1097280000F1F009002D08BF65469EB9CDE9034454
:1097380000F5E2742046059621F048FA03ABCDE91E
:1097480000432A463B464146484611F093FE07B07F
:10975800BDE8F083002241460E9248462A4607B0EB
:10976800BDE8F04311F0DCBF6FF01500EFE700BF74
:1097780065960000F0B504462B4A87B004AB0E4648
:1097880092E8030083E80300002C49D0184611F042
:10979800E9FA0546B0B94FF0FF33E16C04F154071C
:1097A800A163CDE9010000933846236D04F1380226
:1097B80020F004FDA06C1DF07FFCC4F8BC0020B9AB
:1097C8006FF00B05284607B0F0BDA06C1DF074FCC7
:1097D800C4F8C0000028F3D0236CD4F8BC10C4F837
:1097E80090300423C4F89430C4F8AC300223E36208
:1097F8000E4BB4F84820C4F88C10616C236204F155
:109808008C03C4F8A070A4F89820C4F8B870C4F801
:10981800A810A4F8B020C4F8A400A6612363D1E777
:109828006FF01505CEE700BFC4C60200102503007F
:1098380030B5002289B00F490F4821F0C5FB00223E
:1098480000230024CDE906230E230C4DCDE9033473
:109858004FF400622846CDE90144094B09490094B8
:1098680014F02AF80849284621F0F5FA204609B0EC
:1098780030BD00BFDD990000A8170020201300208C
:10988800199D0000685301207B5903002DE9F0471A
:10989800044607464FF00109DFF8508014B93846EE
:1098A800BDE8F08794FAA4F5B5FA85F509FA05F349
:1098B8002E0108EB05156FEA030A24EA03042B7B43
:1098C800002BEBD058F806301B694BB94644736837
:1098D80004222846196807EA0A071DF047FCDDE755
:1098E800284698470028D9D1F0E700BF0CC60200E7
:1098F8002DE9F047DFF8BC902F4C8046A9EB040314
:109908008F2B0F460BD92D494FF4A6732C4A2D489F
:109918001CF0F3FD4FF4A67129481CF0E5FD2A4818
:109928001DF016FC064678B300252846BDE8F087EA
:10993800237B83B12368DB680BB1204698476368B3
:1099480083F806A023681B69B3B96368042220461C
:1099580019681DF00BFC013610344C4518D91B4909
:109968004FF4AC73164A17481CF0C7FD18481CF092
:10997800C4FD4FF4AC71CFE7204698470028E4D0E7
:109988000AFA06F31D43E6E705464FF0010AE4E745
:10999800CED3B8F1000FC8D0002DC5D02846FFF7A8
:1099A80075FF0546002FF7D000214FF4A47014F07E
:1099B80053FEF1E71CC602000CC60200B0590300B2
:1099C80083590300C4480300D0200020E059030055
:1099D800015A0300014812F057BE00BF1C0C0020BA
:1099E800014B53F8200070475025030008B5034683
:1099F80008462BB1044A136000F056FD002008BD4C
:109A08006FF01500FBE700BF9C06002010B5044C62
:109A1800237813B9034812F037FE0123237010BDD1
:109A2800034800201C0C002010B5044609481DF00E
:109A38008FFB3CB1084BD3E8EF1F0139C3E8E21FA5
:109A4800002AF8D1054821F0CBFABDE810400448B7
:109A580012F01ABEC8200020CC200020A817002031
:109A68001C0C002000200146034BD3E8EF0FC3E88D
:109A7800E21F002AF9D17047C820002070B5FFF70F
:109A8800F1FF05460F4C104EB44219D90F494FF457
:109A980003730F4A0F481CF030FD0F481CF02DFDD2
:109AA8004FF403710A481CF01FFD63685B792BB102
:109AB80023685B6813B12946204698471034E3E7CA
:109AC800F3D370BD0CC602001CC60200E0590300A7
:109AD80083590300C4480300015A030010B5044C1D
:109AE80004492046FEF7E0F9034B1C6010BD00BF97
:109AF800A40A00203C250300BC2000200023154AAE
:109B080010B51370144A4FF400411360134A1448F7
:109B18001360FFF76BFFFFF7E1FF124B124918467E
:109B28008B4215D9114940F22713114A11481CF0EC
:109B3800E4FC11481CF0E1FC40F227110C481CF031
:109B4800D3FC1A1A5C681211013222711033E7E74C
:109B5800F7D310BD04480020C8200020CC200020E6
:109B6800557102000CC602001CC60200E059030031
:109B780083590300C4480300015A03000146002228
:109B880000230148FEF7C2B9A40A00200148FEF7E5
:109B9800D9BA00BFA40A0020024B01461868FEF794
:109BA80065BB00BFBC2000200148FEF7D1BB00BF49
:109BB800A40A002070B52F4B1878002859D0FFF759
:109BC800E5FF0546002844D12B4B2C4C1B68002B85
:109BD80019DD21F0B1F94FF47A72A0FB020302FB00
:109BE8000131C30B43EA4143D4E900209B1A40F2F8
:109BF800E9324FEAD13161EB0001934271F1000182
:109C080001D3FFF73BFFD4E9003213F57A7342F131
:109C18000002C4E90032BDE87040FFF7C5BF6368C1
:109C28005B7923B12368294620461B68984710347E
:109C3800B44211D912494FF40073124A12481CF069
:109C48005CFC12481CF059FC4FF400710D481CF0E4
:109C58004BFC0F4C0F4EEBE7E1D32846FFF79CFF78
:109C68000D4BD3E8EF1F0139C3E8E21F002AABD040
:109C7800F7E770BD03480020C8200020A017002087
:109C8800E059030083590300C4480300015A030044
:109C98000CC602001CC60200CC20002070B5154D71
:109CA800297829BB0120FFF723FE134C134EB44239
:109CB80017D9134940F2C513124A13481CF01DFC6A
:109CC80012481CF01AFC40F2C5110E481CF00CFC9E
:109CD80063685B791BB1236820469B6898471034FA
:109CE800E5E7F5D3FFF766FF0028FBD101232B70CA
:109CF80070BD00BF044800200CC602001CC602004C
:109D0800E059030083590300C4480300015A0300C3
:109D18002DE9F047384B394FFB1A1B090AD138494E
:109D280040F2A933374A38481CF0E7FB40F2A93122
:109D3800344819E000210846FFF7DAFD0446A8B1C7
:109D480040F267684FF00009304B1B789BB93049E7
:109D580040F246332F4A2C481CF0CFFB2E481CF00B
:109D6800CCFB40F246312B481CF0BEFB4FF0FF38CD
:109D78004FF0FF39E8E722F0E5F8284B284A1B584E
:109D8800136033B1274B1B68092B02DD264812F0FC
:109D98007BFC0025DFF890A044B12046FFF776FD54
:109DA800044618B94FF0FF384FF0FF39FFF702FFAC
:109DB800064628B935B942464B46504612F0E8FCEB
:109DC8003546E9E70C4D08E0F5D22B689B691BB1D5
:109DD80000222846114698471035BD42F4D9134948
:109DE80040F29D33074A08481CF087FB10481CF0D6
:109DF80084FB40F29D319BE70CC602001CC60200A2
:109E0800205A030083590300C44803005F4B002015
:109E1800DE550300B3550300F155030008000000A8
:109E2800C4200020CC2000201C0C0020E059030096
:109E3800015A030013B52C481DF08AF92B4B1B78E7
:109E4800002B35D0EFF31184202383F31288BFF35E
:109E58006F8F274814F012FF68B98823254A2649CE
:109E680026481CF04AFB224925481CF046FB88215D
:109E780020481CF039FB1E4814F024FFFFF79AFE17
:109E88001B4814F009FF68B94FF49A73194A1D4921
:109E98001A481CF032FB16491B481CF02EFB4FF4E5
:109EA8009A71E5E784F31188BFF36F8F02B010BD94
:109EB800164B1B68002BF9D050B900220023144818
:109EC800CDE900234FF40042002315F029FAEDE70D
:109ED8000928EBD10E4821F083F80E4802B0BDE8FE
:109EE800104012F0D1BB00BFCC2000200448002055
:109EF800C02000203956030066560300C4480300FA
:109F08007B56030091560300A8560300C420002086
:109F1800A81700201C0C002010B5064B04461B682F
:109F280098472146A0600448FEF7B4F8BDE8104001
:109F3800FFF780BF9C060020A40A0020044A054BB6
:109F48009B1AB1EBD30F34BF52F831000020704791
:109F5800CCC402000CC602002DE9F04F8FB0C1F34B
:109F68004A2804AF0D469146B8607B600C0DB8F1E5
:109F7800000F68D000264FF0040B4FF00A0A07F1D3
:109F88001403C7F80C80C7E907667E620193CDF811
:109F980008B0CDF800A007F11C0332464846F9681E
:109FA800FDF7ECFCB0F5006F03461CD36C468AB095
:109FB800D9F8041004AB2C481A46C3E9050140F24D
:109FC800FF71D9614FF400711984284B42F8103F92
:109FD8004FF4125133462648FFF7BEFFA5462C37EB
:109FE800BD46BDE8F08FC0F30A0804F11700184415
:109FF80020F0070080083B60FFF7C0FD68F3532599
:10A00800044640B33B6800F11001C7E9083607F180
:10A018001403F961CDE900A3CDF808B04846154A04
:10A02800F96807F11C03FDF7A9FC002813DA1249A7
:10A0380012484FF4A373124A1CF05FFA4FF4A3714D
:10A048000F481CF051FA04F1170020F007008008AF
:10A05800FFF794FD044668F353252A4620467B689B
:10A06800B9681DF0A3F8BAE7495A030004000001D3
:10A078009CC5020087710200B45A0300C44803005B
:10A08800885A0300406820B1034BC01A40F3CF0040
:10A0980070474FF0FF307047CCC402000EB403B5D0
:10A0A80003AB53F8042B01460448019301F0CEFD9D
:10A0B80002B05DF804EB03B0704700BFE5A00000F4
:10A0C800CA0605D48B064CBF02490349FFF7E6BF11
:10A0D800704700BF85AD03002851030038B54B68B1
:10A0E80005461A68CB680C469A4202D108461DF00C
:10A0F800DAF86368D3E8EF2F511CC3E8E01F0028A3
:10A10800F8D1A3689D5463681A68E3689A4209D92C
:10A11800054906487223064A1CF0EFF972210448E3
:10A128001CF0E2F9002038BDEC5A0300C4480300D3
:10A13800BD5A03002DE9F04F89B09B46149B9DF84A
:10A148004CA00693159B04460593169B0D46904616
:10A15800179E0493BAF1000F00F0AD80BAF1040F16
:10A168000BD9A34940F24D23A24AA3481CF0C5F9D4
:10A1780040F24D219F481CF0B7F906F4807307930D
:10A188001CF0F2FF06F00209024600283FD02046E4
:10A198009A49FFF783FF0746B9F1000F08D016F078
:10A1A800440F36D12A4620469549FFF777FF0744E2
:10A1B80006F0010353B1934B204653F82A20924BE3
:10A1C8009249002A08BF1A46FFF768FF06F4807311
:10A1D800002B4AD006F00803002B64D1B8F1000F19
:10A1E80067D0424620468A49FFF758FF0546069B36
:10A1F8003D44002B6ED1049B002B40F08380F30775
:10A2080000F1F08031462046FFF75AFFE4E00746A8
:10A21800C2E7804B18680028C9D07F4B4FF47A7981
:10A228001B684FF03C0CB5FBF3F5B5FBF0F14FF4B0
:10A23800616300FB115509FB05F5B1FBF3F2B5FBB2
:10A24800F0FE03FB121100FB1E55B1FBFCF309FBEA
:10A2580005F5B5FBF0F50CFB131120460091CDE98F
:10A2680001E56E49FFF71AFFA1E706F00803EBB115
:10A278006B4B204653F82A206A49FFF70FFF054623
:10A28800B8F1000F05D0424620466149FFF706FFA6
:10A298000544BBF1000FAAD05A4620466249FFF791
:10A2A800FDFE0544A3E74FF0000BE1E706F00805C3
:10A2B800E6E745469BE7BBF1010F069B06D1DBB9F4
:10A2C800049B002B00F0888000251BE0002BF7D0B2
:10A2D800564812E056482246069B56491CF09FF8FD
:10A2E80000280CDA544940F2A723424A42481CF09D
:10A2F80004F940F2A7213DE74D485546EBE7049B9A
:10A30800002B65D0DFF83481DFF83491049F3146A3
:10A31800102F204628BF10274FF0000BFFF7D0FE64
:10A328005D4542DC059B494620461A78FFF7B6FE94
:10A338004FF0010B1BF0070F03D141462046FFF7F2
:10A34800ADFE5F4538D9059B4946204613F80B20DA
:10A35800FFF7A4FE0BF1010BBBF1100FEAD14FF090
:10A36800000B20463749FFF799FE5A46059B2046C1
:10A378009A5CA2F120015F2928BF2E223249FFF7FB
:10A388008DFE0BF1010BBBF1100F1AD01BF0070F5C
:10A3980003D141462046FFF781FE5F455A46E5D87E
:10A3A80041462046FFF77AFEEBE741462046FFF795
:10A3B80075FE0BF1010BB3E720462449FFF76EFE4B
:10A3C800C8E7059B3B440593049BDB1B04939DD185
:10A3D800BAF1000F7FF413AF204609B0BDE8F04F83
:10A3E8001CF061BF2046084A0849FFF757FE09E7F5
:10A3F800215B0300BD5A0300C44803002C5B030023
:10A40800305B0300602503001C5B0300C96F030079
:10A41800555B0300D8200020D4200020395B0300BE
:10A4280074250300595B03005F5B0300C9720200D7
:10A43800E5A0000055BC0000645B030010AA0300FF
:10A448006D5B0300735B0300755B03000EAA0300DA
:10A4580042F20F7373B58B4228BF0B46056804465A
:10A46800052168460D4A19F077FD064663682846B7
:10A478000B225B680A491CF008FF6368324669468C
:10A4880028465B681CF001FF63681B2228465B684E
:10A4980004491CF0FAFE02B070BD00BF8F4D0300E6
:10A4A800945B0300785B030000210123064A904275
:10A4B80006D8064A01B901231360054B1860704796
:10A4C800012140085B00F2E740420F00D420002041
:10A4D800D8200020F8B50D460446064F4618B44269
:10A4E80001D12846F8BD14F8011BBB680148DB6997
:10A4F8009847F4E7A8C0020010B543681C680948EB
:10A5080020F0A7FB48B9084908489923084A1BF0D6
:10A51800F4FF992106481BF0E7FF23685B685C603D
:10A5280010BD00BFA8C00200FE5B0300C4480300C2
:10A53800C05B0300014B036000207047BC2503008B
:10A5480070B5104B0D461C68B4B10F4B1968002349
:10A558008B4202DB6FF0010070BD224612F8106BCF
:10A56800864202D014460133F2E7E06820F071FB1E
:10A5780028B100202C60EFE76FF00C00ECE76FF0DB
:10A588001200E9E7A8060020BC25030010B54368BF
:10A5980088B0029383680C46CDE9033200230A6829
:10A5A800C068CDE90623054901AA05931FF08CF878
:10A5B800079808B9059B236008B010BDB77302005F
:10A5C8002DE9F0410C4B05461C680E4617467CB138
:10A5D80000F09AF963682046D3F8108032463B466B
:10A5E8002946C047044600F099F92046BDE8F081A5
:10A5F8006FF00104F9E700BF082100200023036081
:10A60800044B5A6812B9C3E90000704710605860DB
:10A61800704700BF0C210020014B1860704700BF35
:10A6280008210020002330B585B0CDE90233054666
:10A63800019000F069F9094B1C6844B9284600F0FC
:10A64800EBF8044600F06AF9204605B030BD6368AF
:10A6580020461B6801A998472468EEE70C210020D2
:10A668001FB5CDE90101039200F04EF9074B1C68B4
:10A6780024B900F053F9204604B010BD63682046A1
:10A688001B6801A998472468F2E700BF0C21002045
:10A698000022024BC3E90022704700BF0C210020B2
:10A6A8000022024BC3E90022FFF7F2BF1421002069
:10A6B8002DE9F74307460C4609B100230B60002635
:10A6C800254DDFF898904D4524D925499D23254AE5
:10A6D80025481BF012FF25481BF00FFF9D2121483C
:10A6E8001BF002FFD5F800803846414601AA1CF04D
:10A6F800A0FE50B116B954B92E4606E000224046D5
:10A7080031681CF096FE0028F5D11835DBE7019B6F
:10A718002360F1E7E6D3164B1D68C5B155F8188CD0
:10A728003846414601AA183D1CF083FE50B116B9BF
:10A7380054B92E4606E00022404631681CF079FEE6
:10A748000028F5D1AD69E8E7019B2360F1E73046C1
:10A7580003B0BDE8F08300BF1CC60200ACC602000F
:10A76800645C0300325C0300C4480300015A030020
:10A77800142100202DE9F04784B002AFD7F82890C3
:10A7880004460D46164698467860B9F1000F07D082
:10A79800D9F8001031BBD9F804A0BAF1000F28D1BC
:10A7A8002046391DFFF784FF08B3D0F80C904346C4
:10A7B800324629467868C847C8B16D468AB002AAA9
:10A7C800124BD061C2E905344FF400731384104B67
:10A7D80042F8103F00234FF411510E48FFF7BCFB1D
:10A7E800AD4604E03A1D1CF024FE0028D3D1002019
:10A7F80007E0D9F80830324600932946434678687E
:10A80800D0470837BD46BDE8F08700BF8C5C030021
:10A8180004000001ECC502002DE9F04780464FF026
:10A8280000470026DFF8C490DFF8C4A03D46314C4D
:10A838004C4530D930494FF48973304A30481BF0C1
:10A848005CFE30481BF059FE4FF489712B481BF011
:10A858004BFE2F46EAE7B8F1000F03D122694AB947
:10A868001834E5E70022414620681CF0E2FD002884
:10A87800F4D1F5E76368BB4205DDAF4209D09D42DC
:10A88800A8BF1D46ECE7EBD19047002E08BF06464F
:10A89800E6E71D46E4E7DED3DAF8004004B3183CE7
:10A8A800B8F1000F03D122694AB9A469F6E700227A
:10A8B800414620681CF0BDFD0028F4D1F5E7636827
:10A8C800BB4205DDBD4209D09D42A8BF1D46ECE74D
:10A8D800EBD19047002E08BF0646E6E71D46E4E7A1
:10A8E800AF42B6D13046BDE8F08700BFACC6020023
:10A8F800142100201CC60200645C0300325C0300C3
:10A90800C4480300015A03004FF0FF324FF0FF33F1
:10A91800014811F0A5BB00BFDC0B0020014811F075
:10A928006FBC00BFDC0B002038B5094DFFF7ECFF0A
:10A938002B783BB9FFF7B4FE00F06AF8044610B96B
:10A9480001232B700024FFF7E9FF204638BD00BF24
:10A95800064800202DE9F04706468946048FDFF8AF
:10A96800ACA0013498B0A4B200F10807651EADB2DE
:10A97800B5F5004F47D04A23294605AA38461CF0AA
:10A98800DEF904F57F543F34A4B280462146012302
:10A9980038460DF10B021CF0D2F9B8F1000F014650
:10A9A80010DC002810DC338FAB4209D132466B1E15
:10A9B80022F8383F4FF4004102233846FEF766FA82
:10A9C8002C46D3E7002808DC294638461CF0B3F9A2
:10A9D800214638461CF0AFF9E5E708F160030DEBB6
:10A9E80003080023524608F84C3C05A8CDF800900F
:10A9F80003AB0397ADF81040FFF7BCFE0028DFD08B
:10AA080018B0BDE8F0870020FAE700BFAB74020079
:10AA18007FB50123694603200193FFF791FD0446A2
:10AA280060BB032002AA01A91CF0E3FC044610B194
:10AA380010F10C0F22D10399B1F5803F23D20023E6
:10AA48001846009A9468084484421AD30133082BA4
:10AA5800F9D10E4D69612B8353682846AB60D368E2
:10AA6800EB631CF0B6FD044640B9094E28466E60FB
:10AA7800FFF7C4FD28466E60FFF7CEFD204604B000
:10AA880070BD9BB2E5E76FF02004F7E71C210020BA
:10AA9800AC06002008B505481BF019FD04481BF05A
:10AAA80016FD04481BF013FD002008BDB15C03002F
:10AAB800E55C0300185D0300034B9B681BB1481E4F
:10AAC80018BF0120184770475C21002010B51C46AC
:10AAD800034B11461B680BB122469847204610BD10
:10AAE8005C210020024B5B6803B11847704700BF28
:10AAF8005C21002030B1044B02681A6042685A6039
:10AB080082689A60002070475C21002070B50E466C
:10AB18001546044686B000211822684621F06EF9D1
:10AB28000B490C4BCDE90116ADF80C5004932CB928
:10AB38006946204609F004FA06B070BD0122204695
:10AB480008F024FF0028F3D16FF01500F4E700BFE8
:10AB580028260300EDAA0000014816F0D7BC00BF64
:10AB68007826030038B5044618B90F4B0F485B68C0
:10AB780098476168B1F5683F10D0B1F5680F0DD0FE
:10AB88000B4DA9420AD011F46861206807D001462C
:10AB9800084811F085F900232360656038BD142248
:10ABA80021F02CF9F9E700BF040A0020A25D030098
:10ABB8002C5F5CA96826002008B560B34368B3F52C
:10ABC800683F0ED0B3F5680F18D0144A934220D0CE
:10ABD80000684FF0FF324FF0FF3311F041FA58B1DF
:10ABE80015E001220368D3E8EF1F002903D1C3E869
:10ABF800E02F0028F7D10AD1002008BD0368084AD1
:10AC08001B7803F5807352F82330002BF4D00548E5
:10AC1800F3E70548F1E76FF4E040EEE72C5F5CA945
:10AC280000000350E98FFFFFEA8FFFFF08B520B34C
:10AC38004368B3F5683F09D0B3F5680F13D0114ADC
:10AC480093421DD0006811F0DBFA14E0002203687B
:10AC5800D3E8EF1F012903D1C3E8E02F0028F7D17B
:10AC680009D0094808BD00210368084A1B7803F584
:10AC7800807342F823100020F4E76FF4E040F1E716
:10AC88000348EFE72C5F5CA9E98FFFFF0000035042
:10AC9800EA8FFFFF10B5044618B91D4B1D485B68C5
:10ACA80098476368B3F5683F2FD0B3F5680F2CD089
:10ACB800194A934219D1236803BB4FF0FF324FF072
:10ACC800FF332146154811F05FF808B923681BB90E
:10ACD8000F4B13485B68984714220021206821F025
:10ACE8008DF84FF46863636008E0B3F5683F0DD8EA
:10ACF8003A2B03D040F6BA629342DED120681FF0A7
:10AD0800F6FF636843F03A03636010BD054AF3E752
:10AD1800040A0020A25D03002C5F5CA968260020BD
:10AD2800C85D03003A00003A08B5064940231422DA
:10AD380005481FF0C5FFBDE808400449044816F05F
:10AD4800A9BC00BF682100206826002080260300D7
:10AD58009426030008B50348034A0021121A1CF080
:10AD68006EFC08BD580E0020644B0020074808B54B
:10AD7800074A0849121A1CF064FCBDE80840064856
:10AD8800064A0749121A1CF05CBC00BFC004002028
:10AD9800580E00206CB80300B8040020C00400203E
:10ADA80064B803002DE9F04706460C4600AF0029B9
:10ADB80036D0D1E90012E9468AB06D46A3684FF053
:10ADC800050AA8461F48C5E90723C5E9050148F84B
:10ADD80010AF002342464FF421511B48FFF7BCF83F
:10ADE800D4E90312CD466369AD461848C5E907237F
:10ADF800C5E90501C5F810A0002342464FF42151CA
:10AE08001148FFF7A9F8CD46E3690121104A0E4819
:10AE18001CF025FAA36901210E4A0B481CF01FFA01
:10AE2800012E07D1EFF305830B4A31460648103B44
:10AE38001CF015FA2146304610F01AFDBD46BDE853
:10AE4800F08700BFF55D0300D4C50200245E03004F
:10AE5800535E0300625E0300905E030030BFFFF79D
:10AE6800FDBF00BF2DE9F04105460B4EDFF82C80F1
:10AE7800324606EB0807CC1B2046094920F097FF0D
:10AE8800A01942460021083C20F0B8FF6C6707F182
:10AE98000800BDE8F08100BF0000000008000000C5
:10AEA800ACC60200054B5A699B689A421FBF044A08
:10AEB800536843F080535360704700BFAC2B0020A9
:10AEC80000ED00E070B5344C06460D463348344971
:10AED8001CF0C4FBA36AD9064DD5304831491CF093
:10AEE800BDFB1120A36A1A0704D52C482E491CF073
:10AEF800B5FB1220284CA36A9B0712D52B4927487B
:10AF08001CF0ACFB636BA26A110609D50121284A23
:10AF180022481CF0A4F91EB1A36A23F08003A3629F
:10AF280013201D4CA36ADA0704D51C4821491CF0DC
:10AF380095FB1420A36A9B0604D518481E491CF0EB
:10AF48008DFB1520144B9A6AD60602D49A6A940788
:10AF580013D59B6AD90610D5184940F22D13184A03
:10AF680018481BF0CAFA18481BF0C7FA40F22D110E
:10AF780013481BF0B9FA1020B4E7074B9A6A9206F7
:10AF880042BF5A6A22F400525A629A6A42F0FF0299
:10AF98009A6200232B7070BD00ED00E0D4C502005A
:10AFA800A35E0300B95E0300EC5E0300FF5E0300CE
:10AFB800175F03002D5F03004C5F0300AD5F0300C4
:10AFC8007B5F0300C4480300F75F030010B5244CFF
:10AFD800244925481CF042FBA36A99013ED5224822
:10AFE80022491CF03BFB1E20A36ADA0104D51E4847
:10AFF8001F491CF033FB1F20194CA36ADB0204D540
:10B0080019481C491CF02AFB0220A36A1C0304D51A
:10B01800154819491CF022FB2120114CA36A590339
:10B0280004D5114815491CF019FB2220A36A9A037C
:10B0380004D50D4812491CF011FB2320084CA36AC3
:10B04800DB0304D508480F491CF008FB2420A36A39
:10B058006FEA03436FEA1343A36210BD1D20C3E7E1
:10B0680000ED00E05B600300D4C5020073600300DC
:10B0780086600300A0600300CA600300E860030064
:10B088000D6103002761030070B5294C06460D4683
:10B09800284829491CF0E2FAA36AD9043CD5254876
:10B0A80026491CF0DBFA1720A36A1A0504D52148A3
:10B0B80023491CF0D3FA18201D4CA36A9B0512D50E
:10B0C8001C4820491CF0CAFAA36BA26A100409D5CF
:10B0D80001211D4A17481CF0C2F81EB1A36A23F4C7
:10B0E8000043A3621920124CA36A590504D51148DC
:10B0F80016491CF0B3FA1A20A36ADA050ED50D48D2
:10B1080013491CF0ABFA1B20094A936A43F47F43A6
:10B11800936200232B7070BD1620C5E7A36A9B04B9
:10B12800F2D504480B491CF099FA1C20ECE700BF43
:10B1380000ED00E0D4C5020052610300686103001D
:10B14800EC5E03007961030092610300A7610300CC
:10B15800C26103004C5F0300F0B58BB0784B044626
:10B168005868002600AFC0F3080386F31188BFF3C0
:10B178006F8F02F07F45B5F17F4F07D102F00C05C4
:10B18800082D12D16F4970481CF068FA6F4940F2D7
:10B1980014436F4A6F481BF0B0F96F481BF0ADF9C4
:10B1A80040F214416A481BF09FF915074CBF0C4642
:10B1B8000126002CEAD00022FA71DA1E092A00F2D0
:10B1C8009D80DFE802F0059396769B9B9B9B9B995D
:10B1D80062495D481CF042FA0023594DFB71EB6A45
:10B1E8009A0705D55E4958481CF038FA002329E02B
:10B1F800EB6A002B01DA5B49F5E7EB6A5B0068D57F
:10B20800594951481CF02AFA6B69A26943F48073C2
:10B218006B61BFF34F8FBFF36F8F6B6932F8022CEE
:10B2280023F480736B61BFF34F8FBFF36F8F4DF6BD
:10B2380002739A4227D1236801214C4A42481CF0E4
:10B248000EF82368FA79DAB907F1080504F1200C39
:10B258002A4620686168083403C264451546F7D158
:10B268007A6A002E66D0C2F3080121B96FEA522229
:10B278006FEA42227A62184607F10801FFF792FD49
:10B288002C37BD46F0BDAB6ADBB22BB10120F91DEE
:10B29800FFF718FE0346D5E7AB6A13F47F4F04D0D7
:10B2A8000120F91DFFF7F0FEF4E7AB6AB3F5803F24
:10B2B80002D3FFF78BFEEDE72D4940F2ED23244A38
:10B2C80024481BF01AF92B481BF017F940F2ED211E
:10B2D80068E727494FF43C731D4A1E481BF00DF9D7
:10B2E80025481BF00AF94FF43C715BE70020F91D73
:10B2F800CEE70020F91DD5E7204974E7204A6D46BE
:10B3080010F4F87F8AB01F4918BF11466A46103BEF
:10B31800D3614FF400731C4813841C4BC2E9050128
:10B3280042F8103F00234FF411510748FEF714FE6E
:10B33800AD465BE722F4FF7222F001029AE700BFF4
:10B3480000ED00E008620300D4C502003362030088
:10B358007B5F0300C4480300466203008462030065
:10B368009B620300BC620300CA620300E962030037
:10B378004CAB030005630300296303005963030012
:10B38800EF610300DA6103007D630300040000013C
:10B39800064B5A6942F010025A615A6942F48062B7
:10B3A8005A615A6922F008025A61704700ED00E0BC
:10B3B800EFF30880EFF3098101B57246FFF7CCFE81
:10B3C80001BD00BF002080F31488BFF36F8F0020F9
:10B3D80080F30A8880F30B880F4880F308880DF003
:10B3E80077FD00200D490860BFF34F8F00F02CF85F
:10B3F800202080F311880A484FF40061401880F338
:10B408000988EFF314800221084380F31488BFF3FE
:10B418006F8F00F007F90000C893012094ED00E059
:10B42800886A0120002318460649D1F89020C2F303
:10B438000722934200DB7047C1F89830C1F8A0009A
:10B448000133F6E700ED00E010B572B6002484F38E
:10B458001388FFF7E7FF23464FF0FF300C4A03F14C
:10B4680020010133102B42F82100F8D100234FF0BE
:10B47800FF30074A03F160010133102B42F8210025
:10B48800F8D162B6BFF34F8FBFF36F8F10BD00BF07
:10B4980000E100E0084B9B6883420BD1EFF3058382
:10B4A80043B1064B5A6842F080525A605A6A22F4F5
:10B4B80000425A6213F068B9AC2B002000ED00E09E
:10B4C80014498A684FF030001044EFF3098C80E883
:10B4D800F01F202080F31288BFF36F8F0E4F4FF0BC
:10B4E80000664A698A603E60506F0C4C2060906F1D
:10B4F8000023936780F3118802F1300090E8F01F71
:10B508008CF3098802F1000004B51CF0AFF8BDE81F
:10B5180004407047AC2B002004ED00E08826002092
:10B528001EF0040F0CBFEFF30880EFF30980816968
:10B5380011F8021C0229FFD001B572461CF083F8ED
:10B5480001BD00BF40B2002807DB01234109034ABF
:10B5580000F01F00834042F82130704700E100E00E
:10B5680040B200280CDB01220649430900F01F0005
:10B578008240203341F82320BFF34F8FBFF36F8FF2
:10B58800704700BF00E100E0054B420953F8222054
:10B59800012300F01F0003FA00F01040704700BFBD
:10B5A80000E100E038B54B1C072B04460D460FD9C7
:10B5B8006B23104A104911481AF09FFF294610487A
:10B5C800072322461AF099FF6B210A481AF08CFFCC
:10B5D80040B20028ACBF00F160400A4A4FEA43136A
:10B5E800DBB2ABBF00F5614000F00F0080F800331C
:10B5F800135438BD90630300C7630300C4480300B5
:10B60800E263030014ED00E0044B054A23F07F03D6
:10B618009360BFF34F8FBFF36F8F70470000000038
:10B6280000ED00E008B5FFF7EFFF074AD2F88830D1
:10B6380023F47003C2F88830FFF78CFBFFF796FB02
:10B6480000F046F810F072FA00ED00E042F8203CF5
:10B65800009B0B4942F81C3C019B21F0010142F878
:10B66800183C029B42F8081C42F8143C4FF08073C7
:10B6780042F8043C0023203A02658367704700BF04
:10B68800457E000000B50D4B15469860426F0C4B87
:10B698000E461A60436E83F30B882C4686F309889E
:10B6A8000020044B98472046002100220023024C2A
:10B6B8002047000083760200457E0000AC2B002066
:10B6C800882600201022014B1A61704700ED00E027
:10B6D800002320210348C2180133452B82F80013A8
:10B6E800F9D1704700E100E008B5EFF30583064A99
:10B6F800103B02EBC30152F8330049688847BDE8A4
:10B708000840FFF7CFBB00BF50C102001FB5094C6E
:10B71800094A23460121094800F012F9002303933E
:10B72800074B0121E41A01A80193029400F02CF9B7
:10B7380004B010BD0000072000000020A42603006C
:10B74800580E002010B50C7A0B6804F01F0223F085
:10B758001F031A43CB68640923F01F03054943EA12
:10B76800440343F00103C1F89800C1F89C20C1F8D4
:10B77800A03010BD00ED00E010B50A4BD3F89030B2
:10B78800C3F30723013B984208D901210346064A1F
:10B7980006481BF064FD6FF0150010BDFFF7D2FFDF
:10B7A800FBE700BF00ED00E026640300BCC5020013
:10B7B8002DE9F04F8946144606464FF00008514DD2
:10B7C80085B0C84527DAD6F804A0BAF1000F44D0EE
:10B7D800BAF11F0F17D91AF01F0F14D1D6F800B0FD
:10B7E8001BF01F0F0FD158461BF083FF07460AEBCB
:10B7F8000B0001381BF07DFF874210D06FF0150752
:10B80800414A3B4601E04346404A012140481BF07B
:10B8180026FD6FF01504204605B0BDE8F08F17F13E
:10B82800160FEDD0BC42EBDDC5F89870D5F89C102A
:10B83800C5F89870D5F8A03021F01F0143F01F0B10
:10B84800D6E900321A44994202F1FF3A1DD1D34594
:10B8580007D13146F8B21BF055FF08F101080C3644
:10B86800AFE73146C5F89870D5F89C3022F01F0232
:10B8780003F01F031343C5F89C30E0B21BF042FFEE
:10B8880010F1160FC5D0441CE7E7C5F89870D5F835
:10B89800A020013B23F01F0302F01F021343D345EE
:10B8A8003146E0B2C5F8A030E8D01BF02BFF10F10C
:10B8B800160FAED0C5F89870D5F89C209DF80830C2
:10B8C8000BF1FF3B62F304038DF80830D5F8A03084
:10B8D8009DF808205B0863F347128DF80820D6E925
:10B8E80000321344009323F01F035B44A3EB0A03C5
:10B8F800013023F01F036946C0B20393FFF73CFFF2
:10B90800BEE700BF00ED00E06F6403004C64030075
:10B91800BCC502000522044BC3F89420BFF34F8F27
:10B92800BFF36F8F704700BF00ED00E0BFF35F8F7C
:10B938000022024BC3F89420704700BF00ED00E0DE
:10B9480038B50C4D0C462A78FFF732FF28701630B0
:10B958000FD14FF4C473084A084909481AF0CDFDBD
:10B96800214608481AF0C9FD4FF4C47102481AF07C
:10B97800BBFD38BD07480020926403004CAB0300B0
:10B98800C4480300C16403002DE9F74F314E8946CE
:10B9980005464FF00008B3462F4FC84502DB03B0F9
:10B9A800BDE8F08FD5F804A0BAF1000F4CD0296893
:10B9B800084601911BF09DFE019904460AEB01001F
:10B9C80001381BF096FE84424FF01402234B15D029
:10B9D80002FB08F36FF015024BF803204FF4CC7309
:10B9E8001F4A204920481AF088FD49461F481AF086
:10B9F80084FD4FF4CC711A481AF076FD14F1160F35
:10BA08003460EBD01978A142E8DD02FB08B0C7F832
:10BA18009840C7F89840D7F89C4000F10801007B8F
:10BA280064F304000871D7F8A0000C79400860F3AB
:10BA380047140C71D7F89C1021F01F017160D7F8DA
:10BA4800A01021F01F01316108F1010814360C35EE
:10BA5800A3E700BF8C26002000ED00E00748002087
:10BA6800926403004CAB0300C4480300ED64030078
:10BA78002DE9F041694C6A4ED4F890303568C3F32B
:10BA880007239D4286B013D940F20123654A6649CF
:10BA980066481AF032FDD4F8902029466448C2F36B
:10BAA80007221AF02AFD40F201215E481AF01CFD17
:10BAB8000020FFF73BFF5F4BC4F8C03085421BD125
:10BAC8005D4C01A82570FEF735FD002506464FF0B0
:10BAD80002085A4FAE4216D1002023784F49D1F8B8
:10BAE8009020C2F307229342C0F292800020FFF711
:10BAF80011FF06B0BDE8F081716801EB0011FFF796
:10BB080021FE0130DAE7019A290102EB0513D3F887
:10BB18000CC00CEA0700B0F5800F47D007D8B0F585
:10BB2800801F17D0B0F5001F23D00135D2E7B0F140
:10BB3800006F5CD0B0F1805FF7D158689B685258AD
:10BB4800013B20F01F010B44CDE9020223F01F0343
:10BB580001220BE0586852589B68CDE90202212265
:10BB6800013B20F01F010B4423F01F038DF8102028
:10BB780029E0586852589B68CDE902024122013BEE
:10BB880020F01F010B4423F01F031CF0010F8DF858
:10BB98001020059318D02A498323224A23481AF0F3
:10BBA800ACFC28481AF0A9FC83217EE75868525853
:10BBB8009B6820F01F01013BCDE902020B4423F0F2
:10BBC8001F038DF810800593207802A9FFF7D4FD94
:10BBD800002819DA144940F22B23124A13481AF0A4
:10BBE8008CFC19481AF089FC40F22B215DE7586853
:10BBF8009B685258013B20F01F010B44CDE902021B
:10BC080023F01F036122B1E72378013323708CE707
:10BC1800C1F89830C1F8A000013360E700ED00E0FA
:10BC2800B0260300926403004CAB0300C448030031
:10BC38001C650300AAFF4400074800200000F0FF2D
:10BC48005065030076650300A5650300F0B587B06D
:10BC580007460E4614460021102268461D4620F06D
:10BC6800CDF802238DF80230054B2A462146684656
:10BC7800CDE90476019318F001FA07B0F0BD00BFD2
:10BC88003F77020008B5024818F046F9FEE700BF02
:10BC9800DE65030008B5024B1B689847002008BD05
:10BCA800A0260020034B044A1860937843F002034F
:10BCB80093707047A02600202807002008B5064981
:10BCC800064821F00701C1F1005202F5E022FBF716
:10BCD800B7FD002008BD00BF23E20120A4260020F4
:10BCE80008B54FF0FF324FF0FF33074810F0B8F9AE
:10BCF80048B1064906488D23064A1AF0FEFB8D21F5
:10BD080004481AF0F1FB08BD380700201D6603003F
:10BD1800C4480300E3650300014810F071BA00BF8E
:10BD28003807002038B50546FFF7DAFF2A4608210C
:10BD38000748FBF7EDFC044628B925B120F002F9C5
:10BD48000C22044B1A50FFF7E7FF204638BD00BF0E
:10BD5800A42600200C00000010B50446FFF7C0FF21
:10BD680021460348FBF786FCBDE81040FFF7D4BF27
:10BD7800A426002070B541690446867A0A4D59B157
:10BD8800437ADB0706D4342303FB0653DB6A1B68BC
:10BD98009B689847002363613420214606FB0050C6
:10BDA800BDE870401EF0CEBFB80C00203422024B14
:10BDB80002FB0030704700BFB80C00203421827AA3
:10BDC800064B01FB02331A6B93F82430801A1B339D
:10BDD80023F00303B0FBF3F0704700BFB80C00205A
:10BDE80038B53424827A064B04FB0233DB6AD3E984
:10BDF80001240C601568FFF7E1FF04FB005038BD13
:10BE0800B80C002008B543684BB1074907485A23C6
:10BE1800074A1AF072FB5A2105481AF065FB03829B
:10BE28004369C36008BD00BF50660300C4480300EF
:10BE38002B6603002DE9FF470546684617461C4652
:10BE480003911FF07BF8DDE9008955B95D4940F29F
:10BE580001135D4A5D481AF050FB40F201115A483F
:10BE680018E005F11C06EFF3118A202383F31288EA
:10BE7800BFF36F8F304612F001FF68B98823544A28
:10BE8800544952481AF039FB314653481AF035FBE9
:10BE980088214F481AF028FB304612F013FF6B8CAC
:10BEA800002B5CD02A8C9A4239D9002200232846DC
:10BEB80010F05EFB0446002831D0304612F0ECFE4C
:10BEC80068B94FF49A73424A444940481AF015FB3E
:10BED800314643481AF011FB4FF49A71D9E78AF3B7
:10BEE8001188BFF36F8F039D002D5BD042464B46F0
:10BEF80068461FF048F83421A27A3A4B204601FBE5
:10BF08000233DB6A03A91B681E68DDE90023B0471A
:10BF18006061002839D12046FFF72CFF30E06C8C97
:10BF28003046631E6B8412F0B7FE0028C9D08AF32E
:10BF38001188BFF36F8F95F824302A8C1B33121B9E
:10BF48002C6B23F0030302FB0344264B264AEB1A0F
:10BF58009B105343A37295F82430E372C3E730462D
:10BF680012F09AFE0028ACD08AF31188BFF36F8FC5
:10BF780023463A46284610F0FBFA04460028B2D178
:10BF88000024204604B0BDE8F087039B9D420AD9EF
:10BF980016494FF4AB730C4A0C481AF0AEFA4FF43A
:10BFA800AB715CE76561012300212381039BE27A81
:10BFB8006160638204F118001FF020FF2046FFF73C
:10BFC80021FFDEE7F48503002B660300C448030065
:10BFD80039560300665603007B560300915603004A
:10BFE800A8560300B80C0020C54EECC46A660300CE
:10BFF80070B50C46054658B9284940F29D13284AA1
:10C0080028481AF07AFA40F29D1125481AF06CFA7D
:10C0180049B925494FF4CF73214A22481AF06DFADD
:10C028004FF4CF71F1E7EFF31186202383F31288E1
:10C03800BFF36F8F1D4812F021FE60B988231C4A98
:10C048001C4918481AF059FA18491B481AF055FAA9
:10C0580088211748DAE7154812F034FE00232360D8
:10C068006B689BB9C5E90044104812F015FE80B909
:10C078004FF49A730E4A11490A481AF03EFA0B49CE
:10C088000F481AF03AFA4FF49A71E2E71C606C60B4
:10C09800EAE786F31188BFF36F8F70BD007703005E
:10C0A8002B660300C4480300036E0300B02600207B
:10C0B80039560300665603007B5603009156030069
:10C0C800A856030070B5044658B9234923484FF4CD
:10C0D800D573234A1AF011FA4FF4D57120481AF093
:10C0E80003FAEFF31186202383F31288BFF36F8FCF
:10C0F8001C4812F0C3FD60B988231B4A1B49174826
:10C108001AF0FBF917491A481AF0F7F98821164866
:10C11800E5E7144812F0D6FD25682DB162682B6852
:10C128009542236008BF63600E4812F0B5FD68B9F8
:10C138004FF49A730C4A0F4908481AF0DEF9094976
:10C148000D481AF0DAF94FF49A71E0E786F311888E
:10C15800BFF36F8F284670BD00770300C448030003
:10C168002B660300B02600203956030066560300EC
:10C178007B56030091560300A8560300F8B5054600
:10C1880098B13427184E2C46237A6D68CBB940F203
:10C19800C113164A164917481AF0AFF9214616482E
:10C1A8001AF0ABF940F2C11108E0144940F2BB1390
:10C1B8000E4A10481AF0A1F940F2BB110B481AF0C8
:10C1C80093F9013BDBB2237253B9E3606360A37A4E
:10C1D800204607FB03639B6A1BB19847002DD2D109
:10C1E800F8BDFFF7C7FDF9E7B80C00202B66030080
:10C1F8007B660300C448030084660300036E0300E3
:10C2080008B558B9074908484FF4F373074A1AF0B4
:10C2180074F94FF4F37105481AF066F9027A01329D
:10C22800027208BD036E0300C44803002B660300B6
:10C2380008B5034658B90849084840F23123084A66
:10C248001AF05BF940F2312105481AF04DF9184609
:10C258005B68002BFBD108BD036E0300C4480300D4
:10C268002B66030070B50D46044658B90F494FF4C4
:10C278000F730F4A0F481AF040F94FF40F710C482A
:10C288001AF032F949B90C4940F23D23084A0948E5
:10C298001AF033F940F23D21F1E746681EB108462D
:10C2A800FFF7C6FF4660656070BD00BFCF6A030038
:10C2B8002B660300C44803009966030038B5054699
:10C2C8000C4659B90C490D484FF412730C4A1AF030
:10C2D80014F94FF412710A481AF006F920B9BDE8AA
:10C2E80038400846FFF78CBFFFF7A2FF2146FFF74B
:10C2F800B9FF284638BD00BF99660300C44803004B
:10C308002B66030008B548B90B492B230B4A0C4888
:10C318001AF0F3F82B2109481AF0E6F883883BB1A4
:10C3280008492C23054A06481AF0E7F82C21F2E7B9
:10C3380083680B44036008BD036E0300A666030010
:10C34800C4480300D266030008B5034600689A682B
:10C35800821A91420BD90949094840F25513094AF2
:10C368001AF0CBF840F2551106481AF0BDF89A8831
:10C37800401A11441860998008BD00BFF166030097
:10C38800C4480300A666030008B5828803468A42AB
:10C398000BD20949094840F2C313094A1AF0ADF80B
:10C3A80040F2C31106481AF09FF8521A82800068BA
:10C3B8000844186008BD00BFE1660300C4480300D4
:10C3C800A666030008B503469A8800688A420BD21D
:10C3D8000849094840F2CF13084A1AF08EF840F28B
:10C3E800CF1106481AF080F8521A01449A80196051
:10C3F80008BD00BFE1660300C4480300A666030049
:10C40800F8B5858803680E4604465F191BF0C5F920
:10C41800B04209D2064907483E23074A1AF06DF888
:10C428003E2105481AF060F83544A5803846F8BD25
:10C4380015670300C4480300A6660300054B03EB19
:10C448008000D0F8003223F0E04343F04053C0F8B6
:10C458000032704700258450052370B5144D154EE1
:10C468002C780134B4FBF3F303EB8303E41A1DF0D7
:10C4780081FC114A137823B156F82430C01A0728D2
:10C4880014D94FF05023D3F8141141B10021C3F847
:10C498001411D3F814312C700CB9012313702C78B3
:10C4A8001DF068FC46F82400012070BD0020FCE760
:10C4B80009480020B426002008480020012208B5B9
:10C4C800114B1249C3F8002502230020C1F8D036C9
:10C4D800FFF7B4FF1046FFF7B1FFC1F80427C1F812
:10C4E8000429C1F8002B00F0DDF858B108490948C3
:10C4F80040F23123084A1AF000F840F23121064888
:10C5080019F0F2FF08BD00BF0010005000400050B5
:10C518000A900300C44803004867030007B50022D7
:10C52800134B1449C3F8A821C3F8AC204FF4806218
:10C53800C3F8B8254FF400620F48C3F83C250DF145
:10C5480007021DF085FC00280BDA0C490C4840F264
:10C558003B230C4A19F0D1FF40F23B21094819F05E
:10C56800C3FF9DF807000CF0BBFD03B05DF804FBAA
:10C5780000A002502CA0025028A102500A900300EB
:10C58800C44803004867030048B1054B054A1B68C7
:10C59800B3FBF2F35843044B43F0010318477047C9
:10C5A800A809002040420F0090C70200F8B50021FA
:10C5B8004FF0FF354FF6FF77184C194EDFF864C07F
:10C5C800000714F8013B5A090DD0012A1DD016495D
:10C5D80016484FF47473164A19F08FFF4FF47471AC
:10C5E800134819F081FF25FA03F2D207EFD5324636
:10C5F80002EB8303D3F80022013122F0E042024328
:10C608000429C3F80022DCD1F8BD03F01F0327FA80
:10C6180003F2D207DBD56246EAE700BF11680300E0
:10C628000025845000288450A9670300C4480300EB
:10C63800766703002DE9F041064601200D46FFF715
:10C64800B5FF4FF47F03D3F83021D3F83431072AEC
:10C6580020D1023B032B02D8114AD35CD3B14FF04F
:10C6680050244FF0010800270520C4F81886C4F8A4
:10C6780014761DF0B8FB4046C4F814861DF0B3FBD1
:10C68800C4F81476C4F8187630462B46BDE8F04155
:10C69800002118474FF050230022C3F81426F3E76F
:10C6A8000D680300014902481AF0F4B8E8260300AF
:10C6B800C82600201FB518B3002301930393012354
:10C6C800694612480293FCF79DF8002809DA1049D8
:10C6D8005A23104A104819F010FF5A210D4819F032
:10C6E80003FF029B9B0707D009496223094A0A48AE
:10C6F80019F003FF6221F1E7039B05B05DF804FB25
:10C708000248FCF717F90028F7DAEDE7C8260020F9
:10C7180004680300CC670300C448030008B54FF061
:10C72800FF323F230348C0E900230CF0B3FC00208C
:10C7380008BD00BFE8260020F7B506460D4614469A
:10C74800194F38461EF085FA50B3AAB2BB681B6869
:10C7580063B916495D23164A164819F0CEFE1648E5
:10C7680019F0CBFE5D21124819F0BEFE314638465D
:10C778009847002802DB002003B0F0BD002CFBD155
:10C78800AC42F8D22F1B042F28BF04271DF0F2FA61
:10C798003A46019001A930191FF009FB3C44EFE724
:10C7A8006FF01200E8E700BF8CC002004968030080
:10C7B80015680300C4480300696803000E4B40294C
:10C7C80028BF402170B51D460C4C4618B04203F1F5
:10C7D800020304D1002305F81130074870BD027820
:10C7E8001209A25C03F8022C10F8012B02F00F02C8
:10C7F800A25C03F8012CE9E728480020A968030097
:10C8080030B503788BB0044607AD032B21D8DFE899
:10C8180003F0021A1C1E12492846F4F785FB0595F9
:10C8280063781E210493A3780E4A0393E3780E4895
:10C8380002932379019363790093A37917F08CFB12
:10C8480009480BB030BD0949E6E70949E4E7094959
:10C85800E2E70A212846084A17F07EFBDFE700BF17
:10C86800F3480300154903000A480020FA4803006A
:10C87800014903000B490300349103002DE9F341FA
:10C888000446174698461F4DD5E8AF3FDA071DD531
:10C8980038B901211C4A1D481AF0D8FC6FF0010074
:10C8A80015E001A91AF0E9FD1949024620461FF0D2
:10C8B800BDFA0028F2D1D5E8AF3FC3F3C0061B0785
:10C8C80008D50221134A11481AF0C0FC002002B012
:10C8D800BDE8F081A5F1D404072221464046B847B7
:10C8E80006280AD801210C4A08481AF0AFFC45F876
:10C8F800D46CE671C4F80360E8E70723B0FBF3F0F3
:10C90800E071E3E794050020C168030054C5020004
:10C9180008490300E2680300066903002DE9F041B5
:10C9280088B0DDF838809C795D791E79DF7893F8D6
:10C9380002C093F801E01B78B8F1000F0ED0CDE9E2
:10C948000638CDE904CE1346CDE90267CDE90045A6
:10C95800084A17F001FB08B0BDE8F081CDE905E30E
:10C96800CDE9037C1346CDE90156034A009417F03C
:10C97800F3FAF0E72B6903004F69030010B5FDF7E0
:10C98800D3FF044628B101210346034A03481AF09D
:10C9980066FC204610BD00BF7069030054C5020044
:10C9A80070B504461E4615468CB0A2B129B10A4698
:10C9B80002A8042119F0B3FE02A900912B462246D1
:10C9C800242103A8FFF7AAFF3146109A03A8FDF710
:10C9D800F7FD0CB070BD03462421044A03A817F0E4
:10C9E800BBFA0028F0DA6FF01500F2E7956903004A
:10C9F80007B50B4B0B48DA79C2EBC2020092002252
:10CA08001146FFF7CDFF034638B10121064A074812
:10CA180003B05DF804EB1AF022BC03B05DF804FB28
:10CA2800C0040020084903009B69030054C50200A4
:10CA380030B5044615468DB092B129B10A4602A810
:10CA4800042119F06CFE02A900912B4622462421EC
:10CA580003A8FFF763FF03A81AF0E7FC0DB030BD89
:10CA680003462421044A03A817F076FA0028F2DACC
:10CA78006FF01500F2E700BF9569030007B5009352
:10CA880013460A4601460348FFF78AFF03B05DF8DC
:10CA980004FB00BF288E03000A4601460148FFF741
:10CAA800C7BF00BF288E030007B5009313460A4688
:10CAB80001460348FFF774FF03B05DF804FB00BFAD
:10CAC800228E030007B5009313460A460146034821
:10CAD800FFF766FF03B05DF804FB00BF8F8C03000F
:10CAE80007B500220346009103481146FFF758FF97
:10CAF80003B05DF804FB00BF1A8E030008B50248B6
:10CB080010F0E2F9002008BDDC070020F8B5194D47
:10CB1800D5E8AF3F13F0010F2E4628D015F8CD3CCD
:10CB2800A5F1D4078BB902F07BF8044630B1012196
:10CB3800114A12481AF08AFB2046F8BDFB7923B93E
:10CB480002F07EF804460028F1D1D5E8AF3F5A0735
:10CB580001D400F0ABFFD6E8EF3F23F40062C6E84B
:10CB6800E12F0029F7D11B0501D5FFF7C7FF0024E6
:10CB7800E2E700BF94050020B669030054C502002F
:10CB880007B5009313460A4601460348FFF708FF16
:10CB980003B05DF804FB00BF589403000A46014641
:10CBA8000148FFF745BF00BF5894030030B5002483
:10CBB8000A4D0B4B87B028460393CDE9044410F087
:10CBC80017FA03AB284600934FF4E1620A2305499C
:10CBD80010F028FA204607B030BD00BFE01700204B
:10CBE800E9690300685B01200146014810F044BB75
:10CBF800E0170020014601481EF017B9E017002091
:10CC0800037830B5012B13D0022B27D07BB90A4605
:10CC1800184B03F1100453F8045BA34242F8045B79
:10CC2800F9D11B78137043884B731B0A8B7330BD83
:10CC38000A46104B03F1100453F8045BA34242F870
:10CC4800045BF9D11B7813704368C3F307224B7355
:10CC58001B0CCB731B0A8A730B74E8E700F11003F3
:10CC680050F8042B984241F8042BF9D103780B7043
:10CC7800DDE700BFF269030070B504461EF0E5F871
:10CC88000A4D18B1D5E8AF3F63B970BD11F0C0FACD
:10CC9800D5E8AF3F1BB9BDE8704011F02BBB20466B
:10CCA8009847F8E72046BDE870401847F02600206E
:10CCB80038B50446022C1046194610D0082C16D058
:10CCC800202C14D01D497A231D4A1E4819F015FC42
:10CCD8001D4819F012FC7A21194819F005FC1B4867
:10CCE8001AF035FD054600BB0025284638BD02462A
:10CCF8000B4617481AF02BFD05460028F4D0082CDF
:10CD08001AD00CD8012C11D0042C15D011490D487B
:10CD18005223114A19F0F1FB52210F48DDE7102C7C
:10CD280001D0202CF2D1052400E00424214605F18D
:10CD38000C001AF046FDD8E70224F7E7326A030030
:10CD4800036A0300C4480300776A0300880D0020C3
:10CD5800B80C00204CAB0300976A03000F2810B5ED
:10CD68000CD80D280CD90A481AF0F1FC044618B161
:10CD780004210C301AF025FD204610BD1328F2D0EE
:10CD880009B10448F0E70220BDE81040FFF790BF62
:10CD9800240E0020540D002038B50B6805460C46BB
:10CDA8004BB90E490E48FA230E4A19F0A6FBFA2190
:10CDB8000C4819F099FB4A68DA600B684A895A826C
:10CDC8000868FFF7DBF92046102200211FF016F84B
:10CDD8002846BDE838401AF0CFBD00BFC96A030035
:10CDE800C4480300036A03002DE9F84305460C46CE
:10CDF8001F4616464AB92649D623264A264819F018
:10CE08007CFBD621234819F06FFB38B92349D72377
:10CE1800204A214819F071FBD721F3E701F10C09E9
:10CE280048461AF0B6FC38B91D49DB23194A1A4896
:10CE380019F063FBDB21E5E720461AF0C5FD8046C3
:10CE480038B11849DD23134A134819F056FBDD2180
:10CE5800D8E705F10C0148461AF07DFC48461AF05F
:10CE680098FC012310FA86F068826B7231464846B6
:10CE78002E82FFF789FAE36828467B60638AC4F844
:10CE88000C807B81A4F812803C60BDE8F88300BF69
:10CE9800E6AA0300036A0300C4480300D66A030035
:10CEA800DB6A0300F86A0300C36802211B78024AA0
:10CEB80002481AF0C9BD00BF206B03000CC5020070
:10CEC80070B5C6683378B6F8014083B90F2120469B
:10CED80003F050F9F378054650B90A4A118831B978
:10CEE8006FEA04506FEA10501080074A137070BD43
:10CEF8000373012103F056F82846BDE8704002F09C
:10CF0800D3BF00BF703C0020A948002070B5C3689B
:10CF18001D78BDB9B3F801600F21304603F02AF936
:10CF2800044638B93346BDE870400121064A07482F
:10CF38001AF08ABD294603F035F82046BDE870404E
:10CF480002F0B2BF70BD00BF486B03000CC5020001
:10CF580010B5C3680121B3F80140204603F00AF96F
:10CF680038B92346BDE810400121044A04481AF0A4
:10CF78006BBDBDE8104002F097BF00BF6E6B0300A9
:10CF88000CC5020010B5C36801211C88204603F0B7
:10CF9800F1F838B92346BDE810400121034A044896
:10CFA8001AF052BDBDE8104002F07EBF6E6B030060
:10CFB8000CC50200012110B50C30FFF703FABDE8DB
:10CFC800104003780121024A02481AF03DBD00BF13
:10CFD800926B03000CC50200014610B50848FFF724
:10CFE80007F8084908481DF020FF031E06DABDE8C7
:10CFF80010400121054A06481AF026BD10BD00BFA1
:10D008000C060020FC07002020190020B46B030048
:10D018000CC5020010B5002486B003AB00934FF492
:10D028002C724FF0FF3305490548CDE903440594B8
:10D038000FF0F8FF204606B010BD00BF7062012057
:10D048008018002010B5084C0146062294F86F009D
:10D0580003F038FD38B994F86F000522BDE8104098
:10D06800024903F02FBD10BDC00400208F680300E3
:10D078000121024A02481AF0DABC00BFD16B030052
:10D088000CC502000B46B0B50D8A00AF0446294610
:10D09800D868FFF793FB8AB06A46094BC2E9075084
:10D0A800C2E9053440F202439384064B4FF43251EF
:10D0B800054842F8103F1AF0C9FCBD46B0BD00BF94
:10D0C800EB6B0300050000010CC5020070B5C568D4
:10D0D8000121B5F80160304603F04CF8044638B930
:10D0E8003346BDE8704001210B4A0C481AF0ACBC2D
:10D0F8002B783BB9D5F80330C0F89930D5F807300C
:10D10800C0F89D30201D4FF480311AF092FC204663
:10D11800BDE8704002F0C8BE6E6B03000CC502008B
:10D1280037B50446084602EBC3039A4202D16FF0B2
:10D138005E0010E0114611F8085BA54211D1038A80
:10D148005178994209D908480121084A00941AF0EF
:10D1580090F86FF0150003B030BD53689847002071
:10D16800F9E70A46E1E700BF0CC502000D6C0300B1
:10D178002DE9F8430C4611F04BF8E168238A0A7848
:10D18800022A71D0042A0BD0134601213B4A3C489D
:10D198001AF05AFC2046FEF7F1FF6FF015040AE07A
:10D1A800022B0DD8374A364801211AF04DFC20468B
:10D1B800FEF7E4FF002411F09DF82046BDE8F8834F
:10D1C80048783E280AD1032B01D12F4AEBE7CB78C8
:10D1D800012B01D00A2B47D1032604E01AF015FCD5
:10D1E8000646F0073ED504F10C0528461AF0D1FA98
:10D1F800012107462846B4F81090FFF7C5F8022128
:10D208002846FFF7DFF8804600783E2816D1E36805
:10D218001B78012B2CD00A2B2AD0022541F27B1334
:10D228001A4A1B491B4819F068F9002383F311882F
:10D23800BFF36F8F0323184602DF04E01AF0E5FB03
:10D24800C1070546EAD5144A0623214698F8000086
:10D258001AF033FCAA070DD56369A4F8109013FAE5
:10D2680087F7E760B307A5D52046FFF7B5FEA1E726
:10D278000325E8E72046FEF781FFF3E7B86C0300D3
:10D288000CC502002F6C03004B6C03006B6C030091
:10D298009F6C0300C44803008027030010B50121D8
:10D2A80004460C30FFF78EF82146BDE810400223F3
:10D2B800014A00781AF001BCB027030073B53E4854
:10D2C800FEF700FF0446002873D000F10C0528463D
:10D2D8001AF04FFA0228034603D0042847D0374AE9
:10D2E80003E0238A032B05D8354A012135481AF073
:10D2F800ABFB13E004212846FFF764F8FF234288BC
:10D3080006882376238AC6F30B009A42608309D0E5
:10D31800012100922B482C4A19F0ABFF2046FEF75A
:10D328002DFF12E00F2102F025FF054610B9638B8F
:10D33800264ADAE702F044FF21462076320B2846D7
:10D3480002F010FD284602F0AFFD214BD3F84C3116
:10D358007BB3204920481DF068FD031E29DA01210E
:10D368001E4A184802B0BDE870401AF06DBB284646
:10D378000221FFF727F8054600783E2812D01AF058
:10D3880044FB10F002060DD140F6B243144A154989
:10D39800154819F0B2F886F31188BFF36F8F03238D
:10D3A800184602DF06232146104A28781AF085FB22
:10D3B800B4E702B070BD00BF0C060020616D030029
:10D3C800CC6C03000CC50200ED6C0300116D03006A
:10D3D800C0040020FC07002020190020B46B0300C3
:10D3E8006B6C0300336D0300C4480300C0270300BF
:10D3F80010B5012104460C30FEF7E4FF2146BDE8D4
:10D4080010400823014A00781AF057BBF0270300A0
:10D41800F8B50121044600AF0C30FEF7D3FF0678BB
:10D42800002321463046104AFFF77AFE5F3018D1B4
:10D43800258AE0682946FFF7C1F96C468AB06A4632
:10D448000A4BC2E90750C2E9053640F20243938409
:10D45800074B4FF43251074842F8103F1AF0F6FADA
:10D46800A546BD46F8BD00BF30280300756D030012
:10D47800050000010CC502002DE9F347002307460B
:10D4880088461646DFF81491D9E8EF4FC9E8E23F1D
:10D49800002AF9D144B93B460121414A414802B02A
:10D4A800BDE8F0471AF0D0BA2046FEF787FC4FF0E7
:10D4B8000C0A3D4D0AFB00504388BB4220D0204651
:10D4C800FEF77CFC0AFB0050438801210093374A91
:10D4D8003B46344819F0CDFED9E8EF3FC9E8E24FA2
:10D4E800002AF9D1002B56D03149324840F606239C
:10D4F800314A19F002F840F606212F4818F0F4FFD7
:10D50800A64208D02046FEF77DFC328AF16804F175
:10D518000C001AF04AF92046FEF750FC0C2606FBD0
:10D5280000504368ABB1B8F1000F12D12046FEF7A6
:10D5380045FC012106FB00504268D2E90003127A3B
:10D5480003F01F06B1405B09FAB100EB83001AF043
:10D5580070FA2046FEF732FC0C2606FB0050836862
:10D568006BB12046FEF72AFC704305F80080204680
:10D57800FEF724FC06FB0055A8680FF085F8204646
:10D5880002B0BDE8F047FEF7F9BDC94300EB8300E0
:10D598001AF05FFADDE702B0BDE8F0870806002060
:10D5A800A76D03000CC50200F4260020CF6D030010
:10D5B800026E0300C44803006B6C030073B5C568B2
:10D5C8000121B5F80160304602F0D4FD044640B9A7
:10D5D800334601213B4A3C4802B0BDE870401AF08E
:10D5E80033BA2B78061D1A2B19D1C378012B50D1C9
:10D5F8004FF4804130461AF01CFA42040FD4D4F894
:10D608008C3069460093D4F894302046019303F097
:10D618002DFE204602B0BDE8704002F045BC2B78D4
:10D62800BBBB40F2E242B5F8033028495343C4F883
:10D638008830B5F80520A4F89020B5F80720A4F89C
:10D648009220A3F5EA520C3A8A4204D90221204AD0
:10D658001D481AF0F9F9B4F89030B3F5FA7F04D3FD
:10D6680002211C4A18481AF0EFF940F67641B4F83E
:10D678009230A3F10A0292B28A4204D90221164AD0
:10D6880011481AF0E1F96FF4805130461AF0E1F9C7
:10D6980014E0D6E8AF3FDB04F5D52B78202BF2D188
:10D6A80094F89830002BEED0013B84F898304FF472
:10D6B8002032002304F140000FF062FE204603F000
:10D6C80043F8A6E76E6B03000CC5020095F03C001A
:10D6D800076E03002E6E0300556E0300B0B53C289C
:10D6E800044600AF1AD101F019FC6FF480711030B4
:10D6F8001AF0AFF90020FFF7A5FC054630B9012163
:10D70800114A12481AF093F9BD46B0BD04730021BE
:10D7180002F048FC284602F0C7FBF5E76D468AB0E0
:10D728006A460B4B4FF41251C2E90530094B0748C2
:10D73800D36140F201331384074B42F8103F1AF0CB
:10D7480085F9AD46E0E700BF816E03000CC5020015
:10D75800A26E030086AD0300040000012DE9F04F1E
:10D7680083B00123D0F80C80018A98F8004000AFFC
:10D7780003EB84038B4277D96D468AB06A46C2E9C7
:10D78800073105233B484FF42151C2E905043A48C3
:10D7980042F8103F1AF05AF9AD460C37BD46BDE8BD
:10D7A800F08F4B465A46012133481AF04DF901359E
:10D7B80098F800309D42F0DA08EB8503B3F8019041
:10D7C8000F214846B3F8036002F0D4FC0446002851
:10D7D800E7D000F1C0091EB9204602F065FBE6E774
:10D7E800636983B90121254A23481AF020F924499D
:10D7F80040F29F23234A244818F07FFE40F29F21DD
:10D80800204818F071FEA1691A688B4220466261AF
:10D8180008BFA2617B6002F031FA0EF035FF7B6829
:10D82800C3F800A0226A82B9C4E90733D9E8AF3F38
:10D83800013EB6B263B915494FF42A73114A12482A
:10D8480018F05BFE4FF42A71DAE713602362EDE704
:10D85800D9E8EF3F013BC9E8E23F002AF8D10021AF
:10D86800204602F017FAB6E70025DFF824B0AA46EA
:10D878009EE700BFBE6E03000CC50200056F0300E3
:10D888004CAB03006B6C0300C44803001C6F03001F
:10D89800E96E0300054BD3E8AF2F02F00B02D3E883
:10D8A800EF1FC3E8E02F0028F9D170479405002046
:10D8B80010B5C1E900239DF808300C460B72FEF73D
:10D8C8007DFA0C22024B02FB00335C6010BD00BFE6
:10D8D800F4260020F8B502460B46104819F037FF29
:10D8E8000446C0B104210C30FEF70CFD2046FEF7BB
:10D8F80065FA0C2700260A4D07FB00504680204693
:10D90800FEF75CFA07FB005086602046FEF756FAE1
:10D9180007FB00556E602046F8BD00BFF00D0020E3
:10D92800F426002029289ABF014B185C092070476B
:10D938007B74030070B5C3680F21B3F801601D78CC
:10D94800304602F017FC044638B93346BDE870404B
:10D958000121174A17481AF077B865B12846FFF72A
:10D96800E1FF29460246204602F0EEFF2046BDE8C8
:10D97800704002F099BA8678012EEFD107F0D4FEF4
:10D9880020461AF02AF80028E8D10520FFF7CAFF38
:10D9980005210246204602F0D7FF3146064A0548CF
:10D9A8001AF045F80521204602F092FCDEE700BF98
:10D9B800486B03000CC50200356F03002DE9F041E8
:10D9C800C6680F21B6F801703578384602F0D2FBE8
:10D9D800044638B93B46BDE8F04101211F4A2048BA
:10D9E8001AF032B845B12846FFF79CFF294602468F
:10D9F800204602F0A9FF08E0F278C37A934209D1E1
:10DA08000221184A16481AF01FF82046BDE8F041CE
:10DA180002F04ABA8378C272012B05D00020FFF7C2
:10DA280081FF00210246E3E70AB107F07DFE2046A8
:10DA380019F0D3FF0028F1D10520FFF773FF052166
:10DA48000246204602F080FF0121074A044819F0E7
:10DA5800EEFF0521204602F03BFCD6E7486B0300A9
:10DA68000CC502005B6F0300356F030010B5044658
:10DA780092B04822684606491EF099F9112C9DBFBC
:10DA880012AB03EB840454F8480C024812B010BDE2
:10DA9800CCC602008A6F0300034B0146D3F870011D
:10DAA80082689268104700BFC00400202DE9F84F33
:10DAB800042100AF454819F0BCFF6D4688B06A469E
:10DAC800434B4FF4E6515361424B434893614FF443
:10DAD80000739383414B424C42F8103F19F0B6FF54
:10DAE800AD46E2793F4B404E2046012A88BF1E468C
:10DAF800FEF786FE8AB06A463C4BD061C2E905361D
:10DB08003B4B4FF4235113623A4B334842F8103FD2
:10DB180019F09CFFA346AD460125374EDFF8DC809F
:10DB2800DFF8B490E3790BF1070B9D4238DB94F8EA
:10DB380070506E462846FFF799FF8CB06A46B4F8D5
:10DB48007210B4F87630C2E907514FF40075536289
:10DB5800DFF8ACC02B4BC2E905C015854FF4535113
:10DB680042F8103F1C4819F071FFB54694F87160EF
:10DB78003046FFF77BFF8AB06A46B4F87430224912
:10DB8800C2E90763214BC2E9051095844FF433516C
:10DB9800114842F8103F19F059FFBD46BDE8F88F0B
:10DBA8005846FEF72DFEEA468AB06A4640F201332F
:10DBB800C2E90565D06113844FF41351484642F811
:10DBC800108F19F043FF0135D546ABE794050020C7
:10DBD800966F0300A86F03000CC502000300000144
:10DBE800C0040020926F030086AD0300AC6F0300F1
:10DBF8000002010304000002BB6F030004000001DF
:10DC0800CC6F0300060000010A7003000500000144
:10DC180008B50848C37933B90321074A074819F0FA
:10DC280006FF002008BD0821D43019F002FFFFF7D5
:10DC38003DFFF6E7C0040020317003000CC5020068
:10DC4800004870474252030010B50B490B481DF0BD
:10DC5800ECF8041E0FDA41F26A43094A09490A48F6
:10DC680018F04BFC2146094818F047FC41F26A417C
:10DC7800034818F039FC10BDEC070020801800207C
:10DC88006B6C0300645B0300C44803005E70030010
:10DC980070B505460C4659B94FF0FF304FF0FF31CB
:10DCA800FFF718FE044618B96FF06805284670BDDE
:10DCB8002046FEF783F80C22184BA61802FB003307
:10DCC80030465D8019F065FD03280BD903213046E5
:10DCD800FEF73AFB0580238A0121033B8370304617
:10DCE80019F040FD40F635439D420FD12046FFF71D
:10DCF800D3FE05460028D9D003460121084A094821
:10DD080019F0A2FE2046FEF739FACFE72146064869
:10DD18001DF00DF80025FFF797FFC7E7F426002050
:10DD2800637003000CC50200140600202DE9F041C1
:10DD38000446458B077E807AFEF738F86169064607
:10DD480049B1637ADA0704D4C36A20461B689B6822
:10DD5800984700236361214630461CF0F3FF254BAA
:10DD680093F88A309B0642D5384602F0C7FF04462E
:10DD780038B93B46BDE8F04102211F4A1F4819F057
:10DD880063BE437B073B012B09D91C4802211C4A6F
:10DD980019F04DFE2046BDE8F04102F085B802F0CA
:10DDA80083F84FF0FF304FF0FF31FFF793FD044643
:10DDB80030B9BDE8F0410121124A104819F037BEC8
:10DDC80000F10C0701213846FEF71AFB0126042151
:10DDD80006703846FEF714FB002305808670C37072
:10DDE8002146BDE8F04140F63540FFF751BFBDE898
:10DDF800F08100BFC0040020C77003000CC50200FA
:10DE0800F07003001C7103002DE9F04786B08046CE
:10DE180091460C4600AF71B94FF0FF304FF0FF311B
:10DE2800FFF758FD0446C0B96FF068052846183753
:10DE3800BD46BDE8F087887AFDF7B8FF3A4B8342C4
:10DE48000BD03A493A484FF4E3733A4A18F055FB75
:10DE58004FF4E371374818F047FB01220021384698
:10DE68001CF07EFF2046FDF7A9FF0C23DFF8C8A0B1
:10DE780003FB00A087602046FEF7C2F90146404632
:10DE8800FFF706FF054618B12046FEF777F9CDE7FC
:10DE98004FF4A022002338460EF07AFC064690B1D3
:10DEA8004FF4FD73234A2549214818F026FB3246D2
:10DEB8004146234818F021FB85F31188BFF36F8F83
:10DEC8000323184602DF2046FDF778FF0C2358434A
:10DED8001AF80060F6B16D468AB06A46194BD661E9
:10DEE800C2E90538184B4FF43251136240F202432D
:10DEF8009384164B164842F8103F093E19F0A6FDC8
:10DF08002046AD46F6B2FEF739F9092E08D8114B6E
:10DF18009D578BE7B9F1000FB6D0C9F8004085E7E7
:10DF28006FF0040582E700BFF00D00204CAB030042
:10DF3800C44803006B6C0300F42600200A90030019
:10DF48003F7103008471030086AD030005000001E2
:10DF58000CC502007174030073B506460D4642F203
:10DF68002F00002101AAFFF74FFF044638B1012115
:10DF7800144A154819F05BFD204602B070BD01989F
:10DF8800C368B3F801203280B3F803302B80FEF762
:10DF9800F5F83388A3F11B02E02A04D902210B4AC1
:10DFA800094819F051FD44F248112B88A3F5A472D1
:10DFB80092B28A42E0D90221054A034819F044FD89
:10DFC800DAE700BFA37103000CC50200C3710300A8
:10DFD800E87103002DE9F04784B00478054600AFE6
:10DFE8005CB15F495F4840F299535F4A18F085FA7F
:10DFF80040F299515C4818F077FA5C4BB0F8019000
:10E00800198849F47042914205BF1C80584BA046BC
:10E0180093F8008000F088FCEB782E1D012B08BFD8
:10E02800544B304608BF93F86F4019F0A1FC3146B5
:10E0380068B34FF0010A07F1080019F08EFCD5F813
:10E048001130C7F80130B5F81530A7F80530EB786E
:10E05800012B2FD03046FEF7D3FB6C4688B06A46BA
:10E06800454B4FF4E251C2E905304FF400739383F6
:10E07800424B434842F8103F19F0E8FC1321A546EB
:10E08800484619F056FD1037BD46BDE8F0872046D2
:10E0980019F07FFE0346006895F804A0B8609A88D6
:10E0A8009B796868BA81BB73B288B3793860BA80E3
:10E0B800BB71CCE707F10800FEF7C4FF044600284F
:10E0C800C8D00346B5F8012023F8702BBA7BB8688E
:10E0D800B98920679A7140F2E2429980B5F8173001
:10E0E80053430022C4F88830B5F81930A4F89030AA
:10E0F800B5F81B30A4F89230EB782273012BE3704B
:10E108001AD187F800A0BA88BB793868A4F87B20B0
:10E1180084F87D30C4F8770000F000FF237A1549B1
:10E12800C3EBC3035A18CB58C4F87E309388A4F8BD
:10E138008230937984F884300721204601F032FF39
:10E14800B8F1000F05D00121204684F80C8001F0B9
:10E1580029FF204602F0ACF8204601F0A5FE92E720
:10E168000B720300C44803006B6C0300703C002072
:10E17800A9480020C00400201F720300030000010A
:10E188000CC5020000B5C36889B0187820B109B081
:10E198005DF804EBFFF7A2BAB3F801208DF8000090
:10E1A800ADF80120DA788DF80320B3F80B20ADF82C
:10E1B8001720B3F80D20ADF81920B3F80F20ADF8EB
:10E1C8001B205A7C8DF81D20586801901A899B7A6B
:10E1D800ADF808208DF80A30084B68461A689B8805
:10E1E800CDF80B20ADF80F30CDF81120ADF8153073
:10E1F800FFF7F0FE09B05DF804FB00BFA368030059
:10E2080010B5F5F7B9F8034B1B6813B1BDE810401A
:10E21800184710BD9027002073B52D4D0646D5F838
:10E2280070011CF016FD48B901212A4A2A4819F044
:10E23800FEFB6FF01204204602B070BD6FF00201C1
:10E2480005F1D40019F005FC012119F0F2FBC30710
:10E258003AD4FEF793FB04460028ECD11F4B1E600E
:10E26800012205F5987011461CF07AFD05F5AA7093
:10E278001CF050FD1A480EF0BBFE6FF007034FF478
:10E2880096621849164800940EF0CCFE16491448B8
:10E298001CF0E1FDD5F87001144983681B689847A4
:10E2A800044630B103460121114A0B4819F0CCFB52
:10E2B800C1E726B902B0BDE87040F5F75DB805F1D1
:10E2C800C4000EF001FEB6E76FF07704B3E700BFB5
:10E2D800C0040020CA7303000CC502009027002068
:10E2E8002019002020650120E273030079D1000085
:10E2F800EB730300F0B5C56801212F8887B0BCB265
:10E30800204601F037FF064640B923460121274A37
:10E31800274807B0BDE8F04019F096BB02ACD5F825
:10E328000220D5F806300194698900911AF089FF16
:10E3380048B34FF0FF304FF0FF31FFF7CBFA0546F7
:10E3480048B901211B4A1A4819F071FB304601F0FF
:10E35800ABFD07B0F0BD12210C30FEF751F80346B3
:10E36800224623F8027B06AF144603CCBC42186051
:10E378005960224603F10803F6D1294642F21A00F1
:10E38800FFF786FCE2E74FF0FF304FF0FF31FFF771
:10E39800A1FA04460028D4D002210C30FEF730F848
:10E3A8002146078042F21B00EAE700BF6E6B0300BC
:10E3B8000CC502000774030073B5C368D9789A784E
:10E3C8001E8842EA0122ADF8002059791A79B4B2C0
:10E3D80042EA0122ADF80220D9799A79204642EA28
:10E3E8000122ADF804201A7A5B7A012142EA03235C
:10E3F800ADF8063001F0BEFE054658B901211D48AA
:10E4080023461D4A19F020FB0221204619F0EFFB94
:10E4180002B070BD694602F0FBF938B91E212046EA
:10E4280019F0E5FB284601F03FFDF1E74FF0FF301A
:10E438004FF0FF31FFF74EFA04460028F2D00E21C4
:10E448000C30FDF7DDFF00230680C0F80A30BDF868
:10E45800003021464380BDF802308380BDF8043087
:10E46800C380BDF80630038142F22000FFF710FC9C
:10E47800D8E700BF0CC502006E6B030038B5042155
:10E4880004460C30FDF79EFF034640885D7818B1BE
:10E4980022461978FEF7F0FF35B104480EF0F4F87B
:10E4A800BDE83840FFF7D0BB38BD00BFF0050020FD
:10E4B800B0B50446032100AF0C30FDF783FFE368D5
:10E4C8000578197840F63543B0F80100984215D11F
:10E4D8006C468AB06A460F4B0F48C2E905310F4BAC
:10E4E8004FF41251D36140F2013313840C4B42F8BC
:10E4F800103F19F0ABFAA546BD46B0BD10B1224693
:10E50800FEF7BAFF002DF7D006480EF0BDF8FFF76A
:10E518009BFBF1E71E7403000CC5020086AD0300E7
:10E5280004000001F005002038B50FF071FE2F4DF2
:10E53800D5F85431002B56D00022002305F59870E9
:10E548000EF026F900284ED10022002305F5AA7006
:10E558000EF00EF8044668B940F6C243244A25492D
:10E56800254817F0CAFF84F31188BFF36F8F032380
:10E57800184602DFD5F848315BB101211F4A20480F
:10E5880019F055FAD5F84801FDF7F8FD0023C5F84C
:10E5980048312046FDF734FEC5F848012046FFF70C
:10E5A8007BFA0346C8B10121164A154819F04CFAFE
:10E5B80015480EF069F82046FDF700FC0C22134BB5
:10E5C80002FB0033588818B122461F21FEF754FF7A
:10E5D8002046FDF7D3FDFFF737FBFFF735FBBDE816
:10E5E80038400FF087BE01F0AFFEF8E7C004002006
:10E5F8006B6C0300036E0300C448030056740300E9
:10E608000CC5020063700300F0050020F42600200A
:10E61800F8B506460024094DEF79E3B29F4202D8C7
:10E628006FF0010007E02946304619F0FCFA07357B
:10E63800631C08B12046F8BD1C46EEE7C004002064
:10E6480037B504460D46B9B12846164919F0EBFA14
:10E6580090B929461448C4EBC404204419F0EDFAD3
:10E66800124819F0F1FA430703D5FEF747FA19F0F3
:10E6780016F9002003B030BD684619F060F900288B
:10E68800F8D16846FFF7C4FF0028F5DA064BC4EB5B
:10E69800C4006946184419F0D0FA002DE0D00146AC
:10E6A8002846DBE796680300C00400209405002094
:10E6B80070B51A4E0622314605461DF0A7FB38B341
:10E6C8004FF0FF304FF0FF31FFF704F9044608B36D
:10E6D800062229460C3019F068F82146002242F239
:10E6E8000500FFF791FB044648B110F10D0F04D166
:10E6F80002210B4A0B4819F09EFA204670BD33469A
:10E708002A6843F86929AA88B280012283F8682018
:10E718000024F2E76FF06804EFE700BF2905002046
:10E72800CA7503002CC5020038B505460C4659B910
:10E73800204940F2DE33204A204817F0DEFE40F23E
:10E74800DE311D4817F0D0FE086848B91C4940F270
:10E75800DF33194A194817F0D0FE40F2DF31F0E7ED
:10E768004DB918494FF47873134A144817F0C5FE89
:10E778004FF47871E5E7037A5A0709D5124940F250
:10E78800E2330D4A0D4817F0B8FE40F2E231D8E7FF
:10E798004B686BB90B7A13B92B7A5B0708D52A78C3
:10E7A80003789A4204D0294619F0BAFA00B1656094
:10E7B80038BD00BF07760300D9750300C4480300BD
:10E7C8001F760300427603005A760300064BD3E80F
:10E7D800EFCF4CF4806CC3E8E2CF002AF7D1037A7C
:10E7E80019430172704700BF94050020F7B5002156
:10E7F80004460222084602F065F9064648B120465A
:10E808000121FFF7E3FF304603B0BDE8F04001F017
:10E818004BBB3B4D01463B4800F07AFB95F8233152
:10E828007BB1304619F050FA58B10221364A3748C0
:10E8380019F001FA0021364803B0BDE8F04000F0B5
:10E8480067BB95F8232195F822319A4218D1022105
:10E85800304A2E4819F0EFF9002242F229001146F9
:10E86800FFF7D2FA10B101212B4AE0E795F82331DE
:10E87800013385F82331237A43F004032372D9E75F
:10E888002246671C394612F82E0B19F0E0F90646A5
:10E8980010B1224A01210EE095F82331013385F8A1
:10E8A8002331237A43F00403237295F8A7305B07DA
:10E8B80008D402211A4A154819F0BDF9012019F0A7
:10E8C80003FAB7E73946684619F0B7F901234FF05C
:10E8D800FF304FF0FF318DF80730FEF7FBFF04469D
:10E8E80060B1082269460C3018F05FFF32462146B5
:10E8F80042F24E00FFF788FA0028DFD0094AC9E73C
:10E90800C00400206B7D02008F7603002CC5020036
:10E91800037D0200B4760300E57603000577030063
:10E92800257703004F770300084BD3E8EF2F22F435
:10E938008061C3E8E01F0028F7D1530504D5002201
:10E948000220034907F00AB8704700BF9405002069
:10E95800F97D02001FB500230190CDE902330220A2
:10E968008DF80C1001AA034906F0F8FF029805B0CB
:10E978005DF804FB31E70000034610B470B10A49A2
:10E9880091F8224191F823210CB1944208D2013226
:10E9980081F823211A7A42F004021A7210BC7047D7
:10E9A80010BCFFF723BF00BFC00400202DE9F041D1
:10E9B800044660B3424D95F8222195F8233192B16F
:10E9C800013293421CDC00210222084602F07AF848
:10E9D8000646F0B120460221FFF7F8FE3046BDE8B2
:10E9E800F04101F061BA5BB93649374840F2E64375
:10E9F800364A17F082FD40F2E641344817F074FDBC
:10EA0800013B85F82331237A23F004032372BDE800
:10EA1800F08101462E4800F07BFA304619F054F98F
:10EA2800064688B1012103462A4A2B4818F017FCEC
:10EA380095F8233113B1012019F046F9BDE8F041EA
:10EA48000021264800F064BA95F8233195F8222170
:10EA58009A420CD2013B85F82331237A024623F0EF
:10EA6800040302201E49237206F078FFE0E74FF006
:10EA7800FF304FF0FF31FEF72DFF04F10108074684
:10EA880068B107210C30FDF7BBFC414619F0D5F8F9
:10EA98003246394642F22800FFF7B6F928B101217B
:10EAA800104A0D4819F0C7F8C2E795F82331013B21
:10EAB80085F82331237A23F004032372B8E700BFD3
:10EAC800C00400206A770300C4480300D975030016
:10EAD8006B7D0200837703002CC50200037D0200D2
:10EAE800BB7C0200B077030070B5044611BB20B3AD
:10EAF800254919F098F800BB2046FFF789FD002842
:10EB08003BDA237853B92148C279002A35D1214606
:10EB180019F093F80123C371104670BD012B04D17D
:10EB2800A37903F0C003C02B07D00121184A194864
:10EB380019F081F86FF01500EFE7144DEB79012B10
:10EB48001ED005F1D40019F07FF8C30707D4002CB4
:10EB5800F0D020460C4919F066F80028EAD1EE7981
:10EB68002146731C3046EB71FFF76AFD08B9304641
:10EB7800D3E7EB79013BEB71CFE76FF07700CCE798
:10EB88006FF00B00C9E700BF96680300C0040020BF
:10EB9800D57703002CC502002DE9F341044640B99E
:10EBA8001A4A02211A4819F046F8002002B0BDE8B6
:10EBB800F081002141F2090001AAFFF725F9054675
:10EBC80008B1144AEDE7019E0622D6F80C801249D6
:10EBD80008F1010738461DF019F928B10622384610
:10EBE8000E491DF013F918B93046FDF7C7FADCE7EE
:10EBF800D8F801303046C4F80130BB882570A4F835
:10EC08000530FDF7BBFA0120D0E700BF0378030009
:10EC18002CC502001C780300A36803009D6803004C
:10EC280007B56846FFF7B8FF044BD87118B16946B5
:10EC38000020FFF705FD03B05DF804FBC0040020C9
:10EC4800F0B5304D89B0EC79002C53D195F8C260FD
:10EC580016F0010610D12C4A02212C4818F0EBFFBF
:10EC6800EC71162600240127EB79E0B298422CD3E8
:10EC7800002B3FD000203BE06A4621464FF6094072
:10EC8800FFF7C2F808B1224AE6E7DDF800C0DCF871
:10EC98000C104B7823B96046FDF770FA1D4ADBE784
:10ECA8008B1C02AA01F11204174618685968083328
:10ECB80003C7A3423A46F7D11868344638609B88A0
:10ECC8006046BB80FDF75AFACAE708AB06FB00337B
:10ECD80053F8182C33F8143C6946CDF80120ADF8E8
:10ECE80005308DF80070FFF7ABFC01340028BBD06D
:10ECF80009B0F0BD0021084609B0BDE8F040FFF7B3
:10ED0800F3BE00BFC00400203A7803002CC50200FF
:10ED180066780300867803002DE9F0410D46174612
:10ED28001C46064650B14BB10A03037811D56D074E
:10ED380008D501212D4A2E4818F07DFF6FF01500E7
:10ED4800BDE8F08119F039F80028F9D101232370C2
:10ED5800F6E7A9072ED027480FB1AA0608D4C3EBB7
:10ED6800C302825C012A13D002B922700020E7E7AF
:10ED780090F8D820510635D5C3EBC302825C012A2E
:10ED880006D002B92270237843F002032370EDE71E
:10ED98004FF00108072111FB03810144304619F0A7
:10EDA80004F80028CCD184F80080002FDED0AB0610
:10EDB800DCD5E8E76A0712D50E49C3EBC3028E5CBF
:10EDC800012E09D1072212FB0363194418F0EDFF45
:10EDD8000028B5D12670EAE7002EE8D1FAE718F046
:10EDE800ECFFB3E76FF08500AAE700BFAF78030038
:10EDF8002CC50200C00400202DE9F74F8A46019077
:10EE08004FF0FF314FF0FF30FEF764FD0446002855
:10EE18004ED020210C30FDF7F3FA4FF00009804660
:10EE28004D46202200211CF0E9FFDAF8007008F1B5
:10EE3800010BDAF80420914509D3002221460198F4
:10EE480088F8005003B0BDE8F04FFEF7DDBF7A78D0
:10EE5800A81C81181F2997F800C015D9BCF1090F03
:10EE6800C0F11F0201D1002A0CDC0121124A13480B
:10EE780018F0ECF92046FDF781F96FF0150003B0A2
:10EE8800BDE8F08F4FF0080CD6B2711C0BF80510D6
:10EE9800691CC9B20BF801C0023679685BFA80F0C8
:10EEA8002E441CF084FFF5B209F101090837C0E7C8
:10EEB8006FF06800E3E700BFD4780300CCC4020019
:10EEC800F7B5CDE90001694642F2080016461D462D
:10EED8009DF82070FFF790FF044648B95FB90B4BC7
:10EEE800D3E8EF1F41F00401C3E8E21F002AF7D17D
:10EEF800204603B0F0BD694642F20900CDE900653D
:10EF0800FFF77AFF0028EAD00446F1E7E80400207A
:10EF180003460148184700BFD8040020004870473E
:10EF2800D80400202DE9F04FD0F810A089B0BAF12C
:10EF380000050446A84818BF0125CDE9021218F0BB
:10EF480069FF4607994640F19B81666870050DD5B3
:10EF58006FF01505002240F20110029B03999142BF
:10EF680040F09781284609B0BDE8F08FD4F81080AA
:10EF7800B8F1000F01D0B107EAD0984F2078FB799B
:10EF88008342E5D9C0EBC0000722954938441CF0FC
:10EF98003DFF0028DCD0B20706D197F87030082B67
:10EFA80002D8A3689F2BD3D916F0300F6AD0B8F1D6
:10EFB800000FCDD0F3066AD406F46036B6F5603F8C
:10EFC800C6D0204618F010FF80460028C0D08548DB
:10EFD80018F020FF10F4807F824E40F0548106F133
:10EFE800AC0018F017FF10F4806F06F1AC0B01D0DD
:10EFF800FFF79AFC0023CDE90533CDF81B30A36851
:10F008006268ADF81030E36812F4004FADF81230C2
:10F018000CBF07230623D10348BF03F0050392035F
:10F0280048BF03F0FB038DF81D30DBE8EF3F23F406
:10F038008073CBE8E23F002AF7D123782A463B7653
:10F0480087F86F30616868480DF11503FFF764FEB3
:10F05800054600287FF47EAF644BBAF1000F22D03A
:10F06800226911684BF8B31C9188998092799A713A
:10F078006368980752D19A0502D4B9F1000F61D09C
:10F0880002231CE0F00602D4B8F1000F94D1D4E9B1
:10F0980002239A423FF65CAF1F2A7FF659AFB3F5B9
:10F0A800804F89D954E74E4A11684BF8B31C9188B0
:10F0B800927999809A7163689907DCD053468DF8E4
:10F0C80014304FF0FF304FF0FF31FEF703FC0546D8
:10F0D800002800F0DB800F2204A90C3018F065FB33
:10F0E8002946002242F20600FEF78EFE0546002859
:10F0F8007FF430AFBAF1000F28D063689B0731D195
:10F108000121394818F089FE0746002879D00121E5
:10F11800374A384818F09AF83D461BE713F0100FA5
:10F128000CBF012304238DF8143023691A68CDF825
:10F1380016209A88ADF81A209B798DF81C304FF06C
:10F148000008BEE703238DF81430F8E74A46DDE9E6
:10F158000201129BCDF80080FFF7B2FE0028CCD048
:10F168000546F7E697F8189007221D491F4887F8C3
:10F178006F901CF04BFEF8B948461F4901F024FC7B
:10F18800074610B96FF00B05E4E6052100F00AFF09
:10F198000121154818F041FE814678B3144A01212F
:10F1A800144818F053F80021384600F0FBFE3846A2
:10F1B80000F07AFE4D46CDE648460C4901F04AFC7F
:10F1C80000287FF4C5AE387E084901F0FDFB0746EC
:10F1D8000028D7D00621D9E794050020C0040020D4
:10F1E80096680300E8040020D8040020E104002009
:10F1F800ED780300CCC402008F680300384600F0A5
:10F2080053FE63689F071FD0D6E8EF3F43F40073AF
:10F21800C6E8E23F002AF7D1B8F1000F1DD0D6E8C2
:10F22800EF3F43F48063C6E8E23F002AF7D1636802
:10F2380058071BD5D6E8EF3F43F48053C6E8E23FB2
:10F24800002A3FF487AEF5E7D6E8EF3F23F40073D2
:10F25800C6E8E23F002ADFD0F6E7D6E8EF3F23F41E
:10F268008063C6E8E23F002AE1D0F6E7D6E8EF3F40
:10F2780023F48053C6E8E23F002A3FF46BAEF5E77B
:10F288006FF00A0566E66FF0770563E66FF06805CC
:10F2980060E61988814204D1596811B10978C90713
:10F2A80002D40132083359E6054906480DF0B8FF83
:10F2B8004FF47022002303480EF0EAF852E600BF2C
:10F2C8004DF30000F004002010B5184818F0CDFDEB
:10F2D800174818F09FFD0346DA05C0F3002023D530
:10F2E800134818F097FD830515D5124907221248CF
:10F2F8001CF08CFD03461149087E93B9052210497C
:10F3080001F0E0FB044630B10021017300F04AFE31
:10F31800204600F0C9FDBDE810400021034818F060
:10F328007CBD06222131EBE710BD00BFD8040020C8
:10F33800E804002096680300E1040020C0040020CF
:10F348008F68030010B5FFF7BFFF034630B1BDE873
:10F3580010400221024A034817F081BF10BD00BFC8
:10F3680008790300CCC40200884208B501F11003F3
:10F3780010D9984213D20E4940F2B3230D4A0E48D1
:10F3880017F0BBF80D4817F0B8F840F2B321094858
:10F3980017F0AAF8EFD000F110029142EAE701381D
:10F3A80013F8012D8B4200F8012FF9D108BD00BFD9
:10F3B800607903002E790300C4480300B77903007D
:10F3C80008B511F057F838B101210346034A04483B
:10F3D80017F045FF6FF0040008BD00BFE97903008E
:10F3E80024C5020008B510F047FF38B101210346D3
:10F3F800034A044817F033FF6FF0040008BD00BF4C
:10F40800057A030024C5020070B592B006460D4681
:10F41800144600211C220BA81CF0F0FC00230493C6
:10F42800F6B1EDB1E4B1314607A8FFF79DFF294BCE
:10F4380006A80B934FF48073069318F019FD069BEA
:10F44800254E0D93102204AB07A90BA80E9610F0B9
:10F458005DFE034640B10121204A214817F0FFFE16
:10F468006FF0150012B070BD294607A8FFF77CFFA2
:10F4780005AB029310233146CDE90043049807AA4F
:10F4880010F00CFF034650B9049810F0FDFD98B138
:10F4980001210346134A124817F0E1FE09E010481B
:10F4A8000121114A17F0DBFE049810F0EDFD002849
:10F4B800EED16FF00400D5E7631E04F110020734A3
:10F4C80013F8011F12F8015DA3421D701170F7D1E6
:10F4D800C8E700BF0024800000444004257A0300E8
:10F4E80024C502005A7A0300417A0300884208B50D
:10F4F80001F1200310D9984213D20E4940F2B323E8
:10F508000D4A0E4816F0F9FF0D4816F0F6FF40F2C6
:10F51800B321094816F0E8FFEFD000F1200291422C
:10F52800EAE7013813F8012D8B4200F8012FF9D1D1
:10F5380008BD00BF607903002E790300C4480300AA
:10F54800B779030070B53D4B9AB01822002103A883
:10F5580002931CF053FC44F2010309A8099318F024
:10F5680094FC099B69460493354B02A805931CF04B
:10F578007BF8034610B3334A0121334817F06FFE76
:10F588001F25324BD3E8EF1F21F00101C3E8E21F2A
:10F59800002AF7D12E4E0EF03BFE3468002C46D0E0
:10F5A800002D2C4D18BF0025043C23680BB12846BC
:10F5B80098476468002C3AD0043CF6E701AB412236
:10F5C800009809A91BF022FF034608B1224AD3E795
:10F5D800224A0DF125030DF1650153F8040B8B4206
:10F5E80042F8040BF9D101AB20221D4900981BF009
:10F5F800BBFE034608B11B4ABEE7009810F044FD65
:10F60800054610B1184A0346B6E714491148FFF7F2
:10F618006DFF16491648FFF769FF164BD3E8EF1F31
:10F6280041F01001C3E8E21F002AAAD0F6E7002340
:10F63800C6E900330EF05EFE1AB070BD127100010B
:10F6480000000209867A0300FCC402009427002007
:10F658009C2700200A490020A47A0300CA480020F9
:10F66800AA480020C77A0300EB7A0300EA48002082
:10F678002A49002094050020042330B5A7B03D2274
:10F68800002116A815931CF0B9FB304B1822002155
:10F6980007A806931CF0B2FB44F201030DA80D93D2
:10F6A80018F0F3FB0D9B20220893294B2949099355
:10F6B80006A804AB10F02AFD0346E0B1264A012152
:10F6C800264817F0CCFD6FF004040EF0A1FD244B82
:10F6D8001D6865B100201860224BD3E8EF1F21F0A8
:10F6E8000201C3E8E21F002AF7D144B3A8470EF08D
:10F6F80001FE27B030BD1C4B0DF15502194603F130
:10F70800400053F8044B834242F8044BF9D105AB4F
:10F71800029320230E48CDE9001315AA412304992A
:10F728001BF054FF034608B1104AC8E7049810F0CC
:10F73800ABFC04460028C8D00D4A0346BFE70DA815
:10F748000949FFF7D3FE0DA8D0E700BF12710001E9
:10F7580000000209AA4800200B7B0300FCC4020039
:10F768009827002094270020CA480020417B0300E6
:10F778005D7B0300402208B503491CF047FBB0FA43
:10F7880080F0400908BD00BFC57B030010B51D4BC4
:10F798009AB018220446002103A802931CF02EFBFD
:10F7A8004FF4804309A8099318F06FFB099B214681
:10F7B8000493154B0DF12500059304238DF824308F
:10F7C800FFF794FE04F120010DF14500FFF78EFECE
:10F7D800412201AB09A902A810F098FC044602A82E
:10F7E8001BF0BAFF2CB9019810F04EFC01201AB09A
:10F7F80010BD064823460121054A17F030FD0020B8
:10F80800F5E700BF1241000100000209FCC4020034
:10F818007A7B030010B5002834D01D4A136823B141
:10F82800043B984231D05B68F9E71A4BD3E8AF1F25
:10F83800890707D518480221184A17F007FD6FF005
:10F848000F0010BD1468011D44605068116000B9B4
:10F858005160D3E8EF2F42F00101C3E8E01F002810
:10F86800F7D1D30701D50020EBE70D4BD3E8EF1F05
:10F8780021F01001C3E8E21F002AF7D10948FDF77B
:10F88800B9F9F0E76FF01500DBE76FF07700D8E71C
:10F898009C27002094270020FCC402009E7B0300C4
:10F8A800940500201C080020044BD3E8AF3F13F058
:10F8B800100F034808BF0020704700BF94050020C0
:10F8C8000A49002070B50546194803688B4228D0BC
:10F8D800184BD3E8AF3FDA0626D5036813B16FF0AB
:10F8E8000F0070BD144AD2E8AF3FDB07F7D4D2E867
:10F8F800EF3F43F00204C2E8E64F002EF7D113F0C1
:10F908000204ECD1016029460C48FFF7EFFD0C48D2
:10F9180005F12001FFF7EAFD0A48FDF76BF92046DB
:10F92800DFE76FF07700DCE76FF07C00D9E700BF16
:10F93800982700209405002094270020CA4800201A
:10F94800EA4800200C08002010B50446FCF736FAF7
:10F95800044901EB00112046FDF71EFABDE81040EE
:10F96800FEF772B9A427002070B50546134B1C6832
:10F9780044B154F81C3C1C3C13B12846297B9847D9
:10F98800E469F5E70E4C0F4EB44215D90E4940F222
:10F99800B5730E4A0E4816F0B0FD0E4816F0ADFDD0
:10F9A80040F2B571094816F09FFD236813B1284647
:10F9B800297B98472034E7E7F7D370BDD827002084
:10F9C80074C40200B4C402003C7C03000C7C030035
:10F9D800C4480300015A030008B50B4B1B7873B9E0
:10F9E8000A4940F246330A4A0A4816F086FD0A4890
:10F9F80016F083FD40F24631054816F075FD1CF0FF
:10FA0800A1FA064B185808BD5F4B0020DE550300CD
:10FA1800B3550300C4480300F15503000800000073
:10FA280070B5044649B90E490E484E230E4A16F0E1
:10FA380064FD4E210C4816F057FD0022D1E901560D
:10FA48000A48C1E901221BF072F93DB1314620464E
:10FA58002B46BDE870406FF06D02184770BD00BFBF
:10FA6800577C0300C44803000C7C03009C0C002056
:10FA780010B50C46817801290BD00C490C4840F28E
:10FA8800F2330C4A16F039FD40F2F231094816F00B
:10FA98002BFDA16904F118001160E26900211A60C8
:10FAA800E27ABDE810401CF0A9B900BF5A7C0300F7
:10FAB800C44803000C7C030037B5051D04464FF409
:10FAC8008061284618F000FA40053CD4D5E8AF3FDD
:10FAD800D90326D5E37823B902211C4A1C4818F01B
:10FAE800F1F9637B072B2ED11A4B93F8D8309B067C
:10FAF80029D517F0F0FF30B30DF1060101A8FEF784
:10FB08002BFA00BB2046BDF80620BDF8041018F0FB
:10FB18004FF80346B8B101210F4A0D4818F0D2F941
:10FB280011E00C4B93F8D8301A07D3D5204618F0BB
:10FB380024F8034620B10121084A054818F0C2F903
:10FB4800637B072BC6D003B030BD00BF8D7C03009C
:10FB5800E4C40200C0040020A67C03006C7C0300FF
:10FB680070B505460022002316480CF011FE38BB7C
:10FB7800154B1C6834B154F8143C1C3C03B198472D
:10FB8800E469F7E7114C124EB44213D9114940F217
:10FB98007B63114A114816F0B0FC114816F0ADFC11
:10FBA80040F27B610C4816F09FFCA36803B19847AC
:10FBB8002034E9E7F9D32846BDE870400DF084B950
:10FBC80070BD00BF4C0C0020D827002074C4020070
:10FBD800B4C402003C7C03000C7C0300C44803004E
:10FBE800015A03002DE9F8430446FFF7F5FE1E4BC2
:10FBF800D3F88030834211D120270025DFF86C80AC
:10FC0800EFF3118387F31288BFF36F8FE16989B926
:10FC180083F31188BFF36F8FBDE8F8831449154843
:10FC280040F22713144A16F068FC40F227111248D4
:10FC380016F05AFC206A0A68814208BF2262E26113
:10FC480083F31188BFF36F8FD1E901694046C1E999
:10FC580001551BF06CF81EB1002249462046B047FA
:10FC6800FDF7F2FFCCE700BF301F00209C0C0020FE
:10FC7800C27C0300C44803000C7C03000448B0F8AD
:10FC8800043100F58470002B08BF0020704700BFC6
:10FC9800C004002070B58AB004460E46FFF79CFEEB
:10FCA800144BD3F88020824205D120460AB0BDE823
:10FCB8007040FFF797BF2434214618461BF0B5F86B
:10FCC800051E0FDA40F25F130B4A0C490C4816F078
:10FCD80014FC29460B4816F010FC40F25F11064848
:10FCE80016F002FC1EB1694620460DF0F3F80AB082
:10FCF80070BD00BF301F00200C7C0300645B030054
:10FD0800C4480300087D030038B5002204468A422F
:10FD180002D10024204638BD012004F1C803D3E8ED
:10FD2800EF5F002D04D1C3E8EC0FBCF1000FF6D152
:10FD380002D0D0340244EAE7002CEAD0C8220021DD
:10FD480020461CF05BF804F1400004490DF068FA05
:10FD5800034904F124000CF08FFFDBE7790B010065
:10FD6800F37E0200F7B516460D4601210446FFF75B
:10FD780091FF012E23D0022E50D123693BB1304888
:10FD88000121304A17F062FA204618F0CCF82561B4
:10FD980021690B8A012B51D9CA681288043292B2A0
:10FDA80093424BD341D9012100922548264A17F0A6
:10FDB80060FA204603B0BDE8F04018F0B4B82069F6
:10FDC80040B9224A31461E4817F040FA204618F03A
:10FDD800AAF801E02F8A2FB9284603B0BDE8F04001
:10FDE800FCF7CCB90C3017F0D8FC87420CD9184A6C
:10FDF8003146134817F02AFA00222046216901F0FB
:10FE080009FA00232361E7E720692A8AE9680C30A8
:10FE180017F0CBFC2846FCF7B1F9B9E733460121C6
:10FE28000C4A074818F04EF8D0E700230122204674
:10FE3800236103B0BDE8F04001F0ECB903B0F0BDB8
:10FE4800E4C40200237D0300A37D0300407D03007A
:10FE58005E7D0300857D030010B580B100F1C80206
:10FE6800D2E8AF3FBBB1591CD2E8EF4F9C4204D156
:10FE7800C2E8EC1FBCF1000FF6D1F1D110BD074963
:10FE8800074840F2BA53074A16F037FB40F2BA5116
:10FE9800044816F029FB1846F0E700BFC1800300AC
:10FEA800C44803000C7C030010B5044670B921490E
:10FEB80040F2E253204A214816F01FFB204816F072
:10FEC8001CFB40F2E2511C4816F00EFB24300CF0EB
:10FED80049FFC834D4E8EF3F5A1EC4E8E12F00298F
:10FEE800F8D1002B0CDC174940F2F353124A13489F
:10FEF80016F003FB144816F000FB40F2F351E2E75A
:10FF0800012B15D160B1114940F2FC530A4A0B4844
:10FF180016F0F3FA0E4816F0F0FA40F2FC51D2E768
:10FF28000C480CF0B1FBBDE810400B480CF0CCBFFE
:10FF380010BD00BFC18003000C7C0300C44803004F
:10FF4800BE7D0300DD7D0300E57D0300037E030025
:10FF5800177E03004C0C00203C08002010B5044616
:10FF6800FFF77AFF0EF054F90C4B04F1BC01D3F8FB
:10FF780024312BB90A4817F095FF0EF0BBF906E0BB
:10FF8800994208D10EF0B6F92046FFF78DFFBDE87B
:10FF98001040FDF759BE1B68EBE700BFC004002006
:10FFA800E4050020F8B5467B04468E420D4600AFB6
:10FFB8001BD1082E98BF554B6C4688B094BF53F898
:10FFC8002630534B6A465349C2E905134FF4007370
:10FFD8009383514B42F8103F00234FF4E4514F48AC
:10FFE800F9F7BAFFA546BD46F8BD41730EB9FFF74C
:08FFF80033FF637B082B00F2CC
:020000021000EC
:10000000868001A252F823F05F000100B5000100D4
:10001000EFFF0000EFFF0000EFFF0000EFFF000028
:10002000EFFF00002D000100EFFF000000213E481F
:100030000FF040FA0023C4E90D33E378012BD6D149
:10004000A3784FF42032012B08BF032304F14000B2
:1000500008BF84F8983000230DF096F9C7E7082E02
:10006000C5D8DFE806F02005171C1C1C172020004F
:1000700004F1400528460DF015FA01212046FFF74E
:100080000DFE204617F053FF0022002328460DF0F6
:1000900003FAACE7237B13B12046FFF769FC204647
:1000A000FFF706FFA3E72B46204A02211D4817F061
:1000B0000DFF9CE7237B3E2B0FD16D4688B06A462F
:1000C0001B4BC2E90534032342F8103F00234FF4D1
:1000D000C4511448F9F744FFAD46164D05F5847632
:1000E000616911B9FDF7B4FD81E7A2690B6891421E
:1000F00008BFA36120466361FFF796FCB5F80431A1
:10010000002B14BF304600200CF0C2FAE8E72B4663
:10011000094ACAE7442803004E7E0300587E0300C4
:1001200003000001E4C402004C080020697E0300C3
:10013000807E0300C0040020A77E0300F8B50746B8
:1001400009480D461646FFF78BFE044650B18378EA
:100150001F4203D1BDE8F840FFF7AABE3146A847C9
:100160002046F7E7F8BD00BFC0190020002201209B
:100170000149FFF7E3BF00BFE77E020070B5054607
:100180000E480E46FFF76CFE0446A0B1437B012BE0
:1001900002D0073B012B0CD82388AB4208D1A378AF
:1001A0001E4209D12B460221054A064817F08EFE51
:1001B0002046FFF77DFE0024204670BDC0190020B8
:1001C000C37E0300E4C4020008B5114B98420AD371
:1001D00003F1D002904206D2D022C01AB0FBF2F353
:1001E00002FB130373B10B4940F21A630A4A0B482E
:1001F00016F087F90A4816F084F940F21A610648A9
:1002000016F076F9074B00115843C0B208BD00BF85
:10021000C0190020DA7E03000C7C0300C4480300F0
:1002200051800300C54EECC42DE9F84305460F4646
:1002300016461C46904699461AF00BFE58B11749CF
:10024000174840F23663174A16F05BF940F2366100
:10025000144816F04DF934430BD0FFF7C1FB124B95
:10026000D3F88030834207D10221104A104816F09B
:10027000F1FF4FF00008C1460E4942464B46002DA3
:1002800014BF2846084617F066FA044618B1791DCF
:100290000C30FCF73BF82046BDE8F8836B80030088
:1002A000C44803000C7C0300301F00207A80030048
:1002B000E4C40200EC0C002010B5044605480CF024
:1002C00007FE204600F0B2FE2046BDE81040FFF7D2
:1002D0004FBB00BF2C08002010B5437B0446023BF7
:1002E000062B29D8DFE803F00B042828281E090074
:1002F000017300212046FFF759FE002010BD8378CE
:10030000012BFAD040F29F730D4A0E490E4816F0A9
:10031000F8F8A1780D4816F0F4F840F29F710848FB
:1003200016F0E6F8008817F008FC0028E6D1637B99
:10033000072BE2D10821DDE76FF07F00DEE700BF89
:100340000C7C03004CAB0300C4480300A3800300F3
:100350002DE9F04F002387B000AFFB607B619D4B20
:100360005A8C3AB19C4DD5F824413CB91C37BD4656
:10037000BDE8F08F1B68002BF4D1F7E754F8BC39C7
:1003800003B1BC3B0026954913E01346B5F80421A0
:10039000002A00F0CB81D5F81021C2B904F1BC06C7
:1003A000002BE3D0D3F8BC201C46002AEDD0A2F1EC
:1003B000BC039C42EAD18A4940F2BD33894A8A484B
:1003C00016F09FF840F2BD31864816F091F80A68A1
:1003D000002AE3D0D4F8A820002ADFD0D4F8AC203B
:1003E000002ADBD0D4F8B020002AD7D0637B072BBB
:1003F00041D12046904700283DD004F1C003D3E806
:10040000AF3F022B37DC2046FFF72AFD04460028C9
:10041000ACD0637B072B40F086812046D4F8A8300F
:10042000B5F8041107F1100298478046002800F043
:100430006881B5F804213B699A4208D30146D4F893
:10044000AC60204607F1140307F10C02B0473B698A
:10045000D7F80CA07B60B8F81030D7F81490002BB8
:100460003BD1624940F291235E4A5F4816F049F859
:1004700040F29121A8E704F1BC03B34209D15C49E1
:1004800040F2DA33574A584816F03BF840F2DA3176
:100490009AE7D4F8BC20C6B9D5F82811C5F82421AC
:1004A0008B4201D1C5F8282100232046C4F8BC3076
:1004B000D4F8B03098470028ABD0637B072B40F0CE
:1004C00032812046FFF74EFDA3E73260D5F82821A0
:1004D000934208BFC5F82861E6E7404617F078FA6E
:1004E00048B142494FF426733E4A3F4816F009F896
:1004F0004FF4267168E7B5F804313E48002B08BF79
:100500000020002200230CF047F960B137494FF476
:100510002A73344A344815F0F4FF374815F0F1FFD8
:100520004FF42A7150E7002200232C480CF024F8E5
:10053000064660B92D4940F2B3232A4A2A4815F0ED
:10054000E0FF2E4815F0DDFF40F2B3213CE7C0E9A3
:1005500001A97B68B5F804B15B4598F8083098BFED
:10056000B7F804B0013B012B09D9254940F2D32348
:100570001C4A1D4815F0C5FF40F2D32124E7404630
:1005800017F026FA814638B11E49AD23154A1648A0
:1005900015F0B7FFAD2117E70146002200230D48F3
:1005A000FBF74CFC824658B1FBF70CFC164B41465E
:1005B00003EB00135A465046FCF71AFC804638BB42
:1005C00012494FF43773074A074815F09AFF4FF462
:1005D0003771F9E6BC0D0020C00400209C0C0020FF
:1005E000BA8003000C7C0300C44803004CAB03003A
:1005F000C6800300C8050020E1800300F6800300E8
:10060000068103002E810300A427002048810300F7
:100610007B68B5F8042194F8C4B093428CBF4FF0C6
:1006200001090BF1020384F8C49098BF5FFA83FBC1
:1006300004F1C009D9E8EF2F0132C9E8E12F002900
:10064000F8D104F11403314618467B6017F02EFCF4
:1006500094F802A0BAF1010F57D108F10C0204215D
:1006600010467A60FBF774FE21880BF0FD0341EA27
:1006700003330380B8F810307A68043B43800221CA
:10068000104617F073F84046FDF70AFA00284AD0E2
:100690007860D9E8EF2F013AC9E8E12F0029F8D1B5
:1006A000314604F1140017F027FC7B685146204ABC
:1006B000204817F00BFC4046FBF764FD204631460E
:1006C000FFF7B2F9B5F804311B48002B08BF002032
:1006D0000BF0DEFF6D4688B06A46184B53616FF031
:1006E0000403C2E90634042342F8103F4FF40151D9
:1006F00010480023F9F734FC1321AD462046FFF7DC
:10070000EBFD2046FFF7D4FB30E64FF440730C4A74
:100710000C490D4815F0F5FEA1780C4815F0F1FED6
:100720004FF4407150E6FDF793FAEAE79368FFDE75
:1007300063700300E4C40200C8050020798103004F
:100740000C7C03004CAB0300C44803005C81030035
:1007500040F2E2432DE9F041D0F888600446B6FB50
:10076000F3F6031DB6B2D3E8AF2F920413D5B0F859
:100770008C20B2420FD8B0F88E20B2420BD3D0E911
:100780002412914207D1D3E8EF1F21F40051C3E8AE
:10079000E21F002AF7D1194B1D6865B155F80C7C92
:1007A0001C3D37B131462046B4F89230B4F8902061
:1007B000B847ED69F1E7124DDFF84880454519D992
:1007C000114940F2FB73114A114815F09AFE114885
:1007D00015F097FE40F2FB710C4815F089FE2F6969
:1007E00037B131462046B4F89230B4F89020B8477B
:1007F0002035E3E7F3D3BDE8F08100BFD827002020
:1008000074C40200B4C402003C7C03000C7C0300EE
:10081000C4480300015A03002DE9F0410746084689
:100820000D4617F05EF9064618B900263046BDE8B9
:10083000F0811C4B1C6884B154F8103C1C3C0BB973
:10084000E469F8E72946384698470028EDD028465D
:1008500017F047F90028F3D1E7E7134CDFF84C8095
:10086000444518D9124940F63C03124A124815F083
:1008700048FE124815F045FE40F63C010D4815F0C3
:1008800037FE2946384698470028CED0284617F02C
:1008900028F920B9C9E7C9D2E368002BF1D1203487
:1008A000DEE700BFD827002074C40200B4C40200F1
:1008B0003C7C03000C7C0300C4480300015A030085
:1008C0002DE9F041C37804468BB900F17E06194B3F
:1008D0001D687DB11C3D04F170076B691BB13A4680
:1008E000314620469847ED6925B11C3DF5E700F1FA
:1008F0007706ECE7104D114F04F17008BD4216D990
:100900000F4940F6C4130F4A0F4815F0FAFD0F487F
:1009100015F0F7FD40F6C4110A4815F0E9FD6B69C2
:100920001BB142463146204698472035E6E7F6D3CC
:10093000BDE8F081D827002074C40200B4C40200CE
:100940003C7C03000C7C0300C4480300015A0300F4
:10095000F8B5437A05468372164617F01CFC154B12
:100960001C684CB154F8043C1C3C1BB13246284670
:10097000697A9847E469F4E70F4C104FBC4216D9E6
:100980000F494FF422630F4A0F4815F0BAFD0F4884
:1009900015F0B7FD4FF422610A4815F0A9FDA369CF
:1009A0001BB132462846697A98472034E6E7F6D3E9
:1009B000F8BD00BFD827002074C40200B4C40200F0
:1009C0003C7C03000C7C0300C4480300015A030074
:1009D00038B505460C460F480121FFF799F9C0B11B
:1009E000057223680367A388A0F87430A37980F8A0
:1009F00076300123437283728370074BC0F8A830AE
:100A0000064BC0F8AC30064BC0F8B030054BC0F810
:100A10008C3038BDC0190020D90E010079FA0000D1
:100A2000C17E02001800280070B505460A480E462F
:100A3000FFF716FA044620B18378012B04D0FFF7A4
:100A400037FA0024204670BD3246294617F0C6FA10
:100A50000028F7D12046F2E7C0190020B0B500AF5A
:100A60000D46FFF7E1FF044610B32846FBF7CCFE26
:100A7000637B6D46082B98BF0E4A8AB094BF52F82C
:100A800023300D4B6A46C2E907030C4B0C495362F5
:100A90000C4BC2E9051442F8103F00234FF44251B9
:100AA0000948F9F75DFA2046AD46FFF701FA012043
:100AB000BD46B0BD442803004E7E0300010302047E
:100AC0009C81030005000002E4C40200F8B505465D
:100AD0000E480E461746FFF7C3F9044620B1837847
:100AE000012B03D0FFF7E4F900240DE036B13246C4
:100AF000294617F073FA08B92046F3E7637BBB4237
:100B0000FAD1237AAB42F7D12046F8BDC0190020B4
:100B100038B5044608460D4616F0E3FF38B3154BCA
:100B200093F8D830990707D4E37873B12946204663
:100B3000BDE8384000F09EBB94F899309A07F3D591
:100B4000231DD3E8AF3F5B04EED42946204617F0BF
:100B50006BFA58B92B88A4F88C306B88A4F88E30C7
:100B6000AB88A4F89430EB88A4F8963038BD6FF0C9
:100B70001500FBE7C0040020F7B510F8333C04462D
:100B8000A0F140068BBB304617F0A8FA394B1D6820
:100B90004DB155F8183C1C3D1BB1304614F8341CBF
:100BA0009847ED69F4E7344D344FBD4216D93449C6
:100BB00040F2C473334A344815F0A3FC334815F0AF
:100BC000A0FC40F2C4712F4815F092FC6B681BB179
:100BD000304614F8341C98472035E6E7F6D3304603
:100BE00003B0BDE8F040FFF763B910F83E3C012BBD
:100BF0003ED1A0F13C05D5E8EF3F23F40052C5E813
:100C0000E12F0029F7D199041FD5E36C69460093C1
:100C1000636D30460193FFF77BFF034678B9D5E853
:100C2000EF3F23F48053C5E8E23F002AF7D14FF4A9
:100C30000061284603B0BDE8F04017F049B9144AF6
:100C40000221144817F042F9F1E74FF42813124A31
:100C500069463046CDE90023FFF75AFF034628B91D
:100C60004FF48051284617F033F9E0E70B4AE7E7E5
:100C700003B0F0BDD827002074C40200B4C4020041
:100C80003C7C03000C7C0300C4480300015A0300B1
:100C9000D5810300E4C4020018002800FA81030093
:100CA0000B4B58B11A6862B902693AB902685AB96D
:100CB00042684AB982683AB942692AB91860002084
:100CC00070476FF0770070476FF01500704700BFF6
:100CD000E827002008B568B1094B00F10C011A683B
:100CE00022B9074817F0E2F8104608BD914204D037
:100CF0001268F5E76FF01500F7E76FF07700F4E79B
:100D0000E027002010B90248FFF7AAB8002070477A
:100D1000C019002010B50C481AF000F80B490A4819
:100D20001AF009F80A4908481AF005F8094906486E
:100D30001AF001F817F033FE04F0A0FD044608B9DC
:100D400017F091FA204610BD9C0C0020B42700201B
:100D5000C0270020CC27002010B50268D2F8B4309C
:100D60005BB90D490D4840F2F1230D4A15F0C9FB5E
:100D700040F2F1210A4815F0BBFBD2F8B8401968DF
:100D8000A34200F14C0008BFC2F8B8108342C2F879
:100D9000B410E6D110BD00BFDE820300C4480300DA
:100DA000AD82030008B503460121034A034816F04B
:100DB0005AFA002008BD00BFF88203003CC50200BB
:100DC00080B500AF88B06A46074BC2E905300323FF
:100DD00042F8103F00234FF4C2510448F9F7C0F81D
:100DE0006FF00B00BD4680BD208303003CC50200B0
:100DF000044B1A680AB1FFF7E3BF03485860104676
:100E00000B607047EC2700209028030070B5044663
:100E100052EA030007D1002213462046BDE8704085
:100E20000431FFF701BA0E48007870B90D4940F25D
:100E300046330D4A0D4815F064FB0D4815F061FB73
:100E400040F24631084815F053FB1BF07FF8094D7E
:100E5000094ED5F8805030588542DED1DBE700BF1F
:100E60005F4B0020DE550300B3550300C448030068
:100E7000F1550300301F00200800000073B505463F
:100E800018462B680BB35B7B072B1ED1002A14BFBF
:100E9000022301230E7A9E4209DD01210C4A0D48EE
:100EA000009616F0EAF96FF0150002B070BDCB7A2B
:100EB000072BF8D9C8618A6105F1300019F03BFFB2
:100EC000284617F0EBF80020EFE76FF07F00ECE723
:100ED000478303003CC502002DE9F04780460E46DB
:100EE0009146D0F8B44000AF4CB14C3C236B6BB191
:100EF00004F1300A504619F033FF054658B9FCF7A3
:100F0000A7FE00252846BD46BDE8F0872046FFF72E
:100F100023FFE46CE8E798F80D30072B0BD03C4931
:100F200040F2D7333B4A3C4815F0EBFA40F2D73158
:100F3000384815F0DDFA16F04BFD80B16C4688B0EC
:100F40006A46364BC2E90535032342F8103F0023B9
:100F50004FF4C2513248F9F703F8A546D1E72846C5
:100F6000FBF752F9236D0546B3B9A38CB0F8108096
:100F7000403B9BB23F2B03D8238D984528BF984612
:100F8000042105F10C00FBF7E3F9A0F80080A38C25
:100F9000438008F104032365236D2A8AB3420ED8E7
:100FA000934215D0A38C403B9BB23F2B2CD92046BB
:100FB000FFF7D2FE236B13B1204617F06FF8236DB5
:100FC0009E422CBF00269E1BC9F80030266599E77B
:100FD0000022002350460BF0CFFA854209D0114978
:100FE00040F209430B4A0C4815F08BFA40F20941D4
:100FF0009EE7FBF7C7F8A38CA3F140023F2AD6D89F
:10100000094AAA61EB61D2E700221346F9E700BF63
:1010100067830300AD820300C44803008883030094
:101020003CC50200A0830300198202002DE9F341B0
:1010300004464FF000083D4D3D4FBD4271D93D493A
:1010400040F2A7133C4A3D4815F05BFA3C4815F0C6
:1010500058FA40F2A71110E029884B1E3E2B0FD9F9
:101060004FF4D573344A3749344815F04AFA298881
:10107000354815F046FA4FF4D5712F4815F038FA77
:10108000204617F0C0F80646019068B14FF4D773B8
:10109000294A2E49294815F034FA29882C4815F098
:1010A00030FA4FF4D771E8E720466B6801A99847FA
:1010B000002831DB019B2A889A829A8403F110026E
:1010C000D2E8EF1FC2E8E06F0028F9D1DE641E65A8
:1010D0009E60A16B03F1080201BBC4E90D221C60F4
:1010E000C3F80C8003F1300019F018FE0198436832
:1010F0001B6803B19847019B1033D3E8EF1F41F001
:101100000101C3E8E21F002AF7D101984368DB69B7
:1011100013B100F11001984708358EE70A60A26309
:10112000DDE799D302B0BDE8F08100BF5CC40200E6
:1011300074C4020049840300AD820300C448030064
:10114000015A0300B0830300DF8303000A84030015
:101150001E84030073B50D460646042105F10C00FC
:10116000FBF734F92B8A428804469A4207D0009252
:101170001C4A01211C4816F080F802B070BD43786B
:101180003BB90121194A184802B0BDE8704016F079
:1011900061B80378012BF0D0132B06D1022AECD0D2
:1011A000022300931346124AE3E70221114A0E4834
:1011B00016F059F8617802220120356817F008F816
:1011C00004460028D9D002210C30FBF71DF900237A
:1011D000214603704370284602B0BDE8704017F006
:1011E00028B800BF708403003CC50200918403004E
:1011F000B2840300DD84030008B50B8A032B06D8F4
:101200000121044A044816F025F8002008BDFFF724
:10121000A1FFFAE7058503003CC5020038B50B8A3B
:101220000546032B0C4609D801210F4A0F4816F03A
:1012300011F82046BDE83840FAF7A4BF042104F1B4
:101240000C00FBF7C3F84188284617F003F830B9C3
:10125000074A0B460548022116F005F8E9E74368FE
:1012600021465B699847E4E7238503003CC50200FB
:101270004085030070B5124B0C46197805460131C4
:10128000C9B2012938BF012108221220197016F0B5
:101290009FFF064688B108210C30FBF7B5F822887D
:1012A0003146028062884280A2888280E288C280C1
:1012B0002846BDE8704016F0BCBF6FF00B0070BD53
:1012C0004A49002023281FD81A2804D8431E182B67
:1012D0000ED906207047A0F11B03082B1ED8DFE8AB
:1012E00003F0051D1B231D19251D05000320704754
:1012F00001230F4A83401A40C2B90E4A1A40002AFD
:1013000014BF01200620704700F07F03522B05D147
:1013100000207047012070470520704710F0400FF3
:101320000CBF062000207047042070470220704741
:10133000AAAA8A025455450138B50446EFF311852F
:10134000202383F31288BFF36F8F24480DF09AFC9B
:1013500068B98823224A2349234815F0D2F81F4947
:10136000224815F0CEF888211D4815F0C1F81B4819
:101370000DF0ACFC002323601D4B5A689AB9C3E9F9
:10138000004416480DF08CFC80B94FF49A73144A4F
:101390001849154815F0B5F81049174815F0B1F877
:1013A0004FF49A71E0E714605C60EAE785F3118816
:1013B000BFF36F8F11480BF08BFD031E0CDA012178
:1013C0000F4A104815F04FFF002383F31188BFF335
:1013D0006F8F0323184602DF38BD00BF4828002066
:1013E0003956030066560300C44803007B560300C9
:1013F0004028002091560300A856030084080020CE
:1014000075850300D4C40200011F01480AF04CBDD9
:101410000C0B002008B50B4B1B7873B90A4940F23E
:1014200046330A4A0A4815F06CF80A4815F069F87C
:1014300040F24631054815F05BF81AF087FD064B7F
:10144000185808BD5F4B0020DE550300B35503005C
:10145000C4480300F15503000800000010B504461D
:10146000807AFAF7A7FC0B4B83420BD00A490B4852
:101470004FF4B5730A4A15F044F84FF4B5710848B3
:1014800015F036F82046FAF79DFC1822054B02FBB2
:10149000003010BD200D0020CD850300C44803009E
:1014A0009E8503004C2800202DE9F047074608469A
:1014B0000C46FFF7D3FFE3680646D0F8089007F123
:1014C0005802D2E8AF2FD20709D40121284A29486F
:1014D00016F0ECFE6FF015052846BDE8F087228A6D
:1014E0005AB9254925484FF4DB73254A15F009F808
:1014F0004FF4DB71224814F0FBFFE26812780271AE
:10150000002202601B78D22B0FD13B68214618685D
:1015100017F00DFF054640B101211A4A154816F093
:10152000C5FE2046FAF72EFED6E704F10C0016F0B1
:1015300034F90023B4F810A080461A462146B7605B
:10154000381DFFF79BFC05460028C5D010F1690F38
:1015500004D101210C4A074816F0A8FE6369A4F8DB
:1015600010A013FA88F3E360C6F808903560B3E77B
:10157000F9850300D4C4020013860300C4480300A5
:101580009E850300398603004C8603000121024A30
:10159000024816F08BBE00BF6F860300D4C4020061
:1015A00010B5044600F15403D3E8EF1F41F00101E8
:1015B000C3E8E21F002AF7D1201F16F019FF04F13B
:1015C0007C0004490BF030FE2068BDE8104002F0BA
:1015D000E5BD00BF1527010070B503788AB0044649
:1015E0000E4607AD032B20D8DFE803F002191B1DC0
:1015F00011492846EFF79CFC059563781E2104935A
:10160000A37830460393E3780C4A0293237901933D
:1016100063790093A37912F0A3FC0AB070BD084966
:10162000E7E70849E5E70849E3E70A212846074ACA
:1016300012F096FCE0E700BFF348030015490300F1
:10164000FA480300014903000B49030034910300E9
:101650002DE9FF414FF000084FF4205305460E4698
:10166000006802A9144617688DF80880ADF80A30A2
:1016700016F01BF9A0B142F60103286803A98DF802
:101680000C80ADF80E3016F010F948B123691BB18B
:101690005A88B24200D25E80012004B0BDE8F081D9
:1016A0006168286816F001F910B100232361F3E79F
:1016B000E368A0681A786AB1B7F81AC0798D038A0E
:1016C0008C4594BFC3EB0C03C3EB0103934201DAD7
:1016D0000020E2E704210C30FAF796FE2061068034
:1016E000236929465E80074B019400933846002306
:1016F000A26816F016FF0028EADB2069003818BF40
:101700000120CAE75784020073B50E46438D418B12
:1017100001328B4228BF0B469A42054609D9022165
:1017200000921A481A4A15F0A8FD0024204602B07B
:1017300070BD3046FFF7C6FD022810D004280ED039
:10174000FFF768FE134BD3F8803083421BD0124B57
:101750001B681A1A18BF4FF0FF32134602E04FF40D
:101760007022002300210D48FFF750FB044600289B
:10177000DCD0FFF773FE0121856004F10C00FAF75D
:1017800043FE0670D2E70022E7E700BFD4C40200A0
:101790008C860300301F002094280020200D00209C
:1017A000F0B51D4603680E460039044618BF0121F6
:1017B00087B01868174617F0E0FB40B904F15800ED
:1017C00016F06FFF002846D0002007B0F0BD002DB6
:1017D00043D01822002168461AF014FB6FB1002292
:1017E00039462046FFF790FF019030B91C4801218F
:1017F0001C4A16F05BFD1120E7E7236829461B68A9
:10180000284600930023ADF812300C9B164A039330
:10181000BDF834308DF80860ADF8103001238DF834
:1018200014306B4616F07DFD9DF8143063B1002F27
:10183000CAD00198FAF7A6FC2A46314620469DF800
:10184000143016F039FFBFE701990029BCD02046BB
:1018500016F040FEB8E71220B7E70120B5E700BF59
:10186000D4C40200B1860300B18202002DE9F3471F
:10187000176805468946006851681446D7F804A0E1
:1018800016F013F8804600284BD195222946504681
:1018900017F001FB0646207540B1E3681B780BB1D9
:1018A00084F81480002002B0BDE8F0872946504635
:1018B00017F09DFB10B908232375F3E7A068267580
:1018C000FAF7BAFC02210C30FAF79EFD164B2061A4
:1018D000A0F8009000930194334629463846A26848
:1018E00016F01FFE002807DA10F1FF0F32BF0E209E
:1018F0004042C0B22075D5E72369002BD2D0A06842
:1019000016F0BCFC7B8D7A8B9A4294BFC0EB020030
:10191000C0EB0300E3681B78984294BF00200120CD
:10192000C1E70120BFE700BF8D820200F7B50B8A37
:1019300004460D4607683BB90121284A284816F09D
:10194000B5FC002003B0F0BD012105F10C00FAF751
:101950003DFD7B7B0646072BF3D154F8043C002B5E
:10196000EFD0002203781F48043C10F8327000EBDF
:10197000C2019F420FD12A8A48788F78904220D99D
:101980000121009316481346174A15F076FC012FE3
:10199000D7D104231EE001320C2AE6D102211048DF
:1019A000124A15F060FC31780846FFF78BFC0028DE
:1019B000C7D00528C5D006230022204616F07CFE9D
:1019C000BFE74B68204629469847012F0346B8D108
:1019D0000028B6D000223178EFE700BFCA860300A6
:1019E000D4C40200B8280300FF860300E586030084
:1019F0002DE9F04F42F60103002591B016688046AC
:101A00000F4600680BA9D6F8049014468DF82C50A8
:101A1000ADF82E3015F049FF002870D04FF4205358
:101A2000D8F800000BA98DF82C50ADF82E3015F029
:101A30003CFF38B1A3681BB15A88BA4200D25F801C
:101A400001200EE06168084616F018FC728D738B59
:101A50009A4294BFC0EB0200C0EB0300032803D8F6
:101A6000002011B0BDE8F08F0846FAF7E5FB054607
:101A7000606816F003FC728B738D05F10C0B9A42B3
:101A800094BFC0EB020AC0EB030A584615F089FE6A
:101A9000824537D2606816F0F1FB728D738B9A42E3
:101AA00094BFC0EB0200C0EB030070B96368987A82
:101AB000FAF780F90022002315F04DFE05460028B4
:101AC000CED001466068FAF7FDFB00230093D8F8FA
:101AD000046010234146484602AAB047061E0EDBAA
:101AE000227CE068B2422BD001460BA815F00BFF18
:101AF00060B9237C144A0221144815F0B4FB00237A
:101B0000A3609DE7584615F04CFECEE7F2B202A95D
:101B100006A815F0F8FE10B90D4A3346EBE706A902
:101B20000BA815F0C2FE0028E9D10023042163743C
:101B300005F10C00FAF768FCA0600780A3687EE757
:101B400002A91AF067F9EEE71E870300D4C4020069
:101B50003D870300F8B54FF47022074600230F4875
:101B60000D4615F0F8FD044638B901212B460C4A04
:101B70000C4815F078FB2046F8BD00F10C06092151
:101B80003046FAF7C3FB2046FFF768FC0121876067
:101B90003046FAF739FC0570EDE700BF200D002054
:101BA000F8820300D4C402002DE9F0410E8A0446F5
:101BB000043EF6B2022E08468CB001D0102E64D13D
:101BC00004210C30FAF702FC0DF10808058847885B
:101BD000011D3246404615F096FE002857D09DB3B1
:101BE000002687B3AF422FD34FF42053404601A9BC
:101BF0008DF80460ADF8063015F057FE40BB142296
:101C0000002107A81AF0FEF811212046FFF7A2FFD5
:101C10000990002837D001210C30CDE90748FAF7A8
:101C2000F3FB00230A90394603701A4A0B932846A7
:101C300007AB16F076FB0A9B1B78FBB90998FAF7FD
:101C4000A1FA0A2301E03D4601232A4610210EE0B5
:101C500042F60103404607A98DF81C60ADF81E301E
:101C600015F023FE0028CAD010232A461946204624
:101C700016F022FD00200CB0BDE8F0812046099945
:101C800016F028FCF6E71120F5E70420F3E70E2014
:101C9000F1E700BF511601002DE9F0430368044647
:101CA0000D4685B00121186817F067F940B904F1B5
:101CB000580016F0F6FCB0BB122005B0BDE8F0836A
:101CC0001022002168461AF09DF821212046FFF7D6
:101CD00041FF029048B34FF00108DFF854900094A0
:101CE00005F10C072B8A012B04D82046029916F027
:101CF000F1FB18E0384615F048FD6B464A460146B0
:101D000006468DF80C8016F00CFB9DF80C30002B6D
:101D1000E8D00298FAF736FA3246202120469DF89C
:101D20000C3016F0C9FC0020C7E71120C5E700BF42
:101D3000A78702002DE9F043036804460D4685B0ED
:101D40000121186817F019F940B904F1580016F08C
:101D5000A8FCB0BB122005B0BDE8F0831022002122
:101D600068461AF04FF80F212046FFF7F3FE029065
:101D700048B34FF00108DFF85490009405F10C07C8
:101D80002B8A012B04D82046029916F0A3FB18E0F9
:101D9000384615F0FAFC6B464A46014606468DF871
:101DA0000C8016F0BEFA9DF80C30002BE8D002989B
:101DB000FAF7E8F932460E2120469DF80C3016F06D
:101DC0007BFC0020C7E71120C5E700BF4787020062
:101DD000F0B51D46036804460E4685B0012118681B
:101DE000174617F0CAF838B904F1580016F059FC34
:101DF00048BB122005B0F0BD65B310220021684633
:101E00001AF000F839462046FFF7A4FE029018B3F6
:101E1000BDF828302946ADF80430012328468DF856
:101E20000C300E4A6B46009416F07BFA9DF80C308D
:101E30005BB10298FAF7A6F92A46314620469DF88A
:101E40000C3016F039FC0020D4E72046029916F039
:101E500041FBF8E70120CDE71120CBE747870200DF
:101E60002DE9F0410E8A0446043EF6B2022E0846E1
:101E70008CB001D0102E76D104210C30FAF7A6FADE
:101E80000DF1040805884788011D3246404615F0CB
:101E90003AFD002869D085B377B3BD422DD8012122
:101EA000606817F06AF8064678BB42F602038DF8C0
:101EB000000069464046ADF8023015F0F6FC20B34C
:101EC00042F60303404606A98DF81860ADF81A30B3
:101ED00015F0EBFCC8B1012D03D14FF6FF739F4203
:101EE00013D004F1580016F0DCFB002814BF0020CA
:101EF00012200CB0BDE8F0813D4601232A4608219E
:101F0000204616F0D9FB0020F3E7182200210DEB44
:101F1000020019F077FF09212046FFF71BFE089009
:101F2000F8B101210C30CDE90648FAF76DFA00232B
:101F3000099003700A2339468DF82C30284606ABE9
:101F40000B4A16F0EEF99DF82C302BB10898FAF7F1
:101F500019F99DF82C30D1E72046089916F0BAFA05
:101F6000D1E71120C5E70420C3E70E20C1E700BF79
:101F70006D1801002DE9F0430F460446062187B095
:101F800007F10C00FAF722FA0588B0F8028082887F
:101F9000D7F80C90C5B10023B8F1000F13D0454518
:101FA00012D88DF800308DF804304FF42053684675
:101FB00001A9ADF80220ADF8063015F076FC064612
:101FC00060B10A2301E0454601232A460621204646
:101FD00016F072FB002007B0BDE8F0830146142222
:101FE00001A83F7C19F00EFF07212046FFF7B2FD44
:101FF0000290D8B10A2341468DF81530284601AB2E
:102000000B4ACDE9036901948DF8147016F089F933
:102010009DF815302BB10298FAF7B4F89DF81530F9
:10202000D3E72046029916F055FAD3E71120D2E7FC
:10203000F11901007FB5CB6804461D885E8885B123
:1020400076B1B5420DD810220021684619F0DAFEAB
:1020500005212046FFF77EFD019058B9112007E0C9
:10206000354601232A460421204616F025FB002090
:1020700004B070BD6B4631462846084A009416F0FD
:1020800050F9029B23B90198FAF77CF80A23E9E793
:102090002046019916F01EFAE9E700BF39830200D5
:1020A0002DE9F04182B000AF0446884600220023AB
:1020B00039463A4809F06CFE0546B0B16D4688B025
:1020C0006A46374BC2E90534032342F8103F002328
:1020D0004FF4C2513348F7F743FFAD466FF00B069C
:1020E00030460837BD46BDE8F081FFF793F93E68FA
:1020F0002D4B2C2218602946301D19F083FE3460C8
:102100003C6800220023C4E90155C4E90A55274868
:10211000391D7D6009F03CFE064688B123686C4697
:1021200088B06A462249C2E90513032342F8103FEA
:102130004FF4C4512B461B48F7F712FFA546CDE7D5
:102140007B680146B822184619F05CFE194A826085
:10215000603018F0E3FD7B685833D3E8EF2FC3E815
:10216000E16F0029F9D17B681C60A36A7D681BB907
:1021700004F10C0018F0D2FDA26A05F1B003C5F815
:10218000B020E26AA36202B9E36217227B685A8533
:102190005A830433C8F80030A2E700BFEC0A0020DD
:1021A0005C870300D4C40200942800200C0B00209C
:1021B000818703005C08002008B5437B072B06D00D
:1021C00002210C4A0C4816F071F8002008BD0421C9
:1021D00016F040F810B9094A0121F3E700F1540361
:1021E000D3E8AF3FDB0701D4054AF5E750F8040C0C
:1021F000ECE700BFA6870300D4C40200B487030045
:10220000F98503002DE9F04F85B000AFB860EFF31A
:102210001188202383F31288BFF36F8F6F480CF06F
:1022200031FD68B988236E4A6E496F4814F069F928
:102230006A496E4814F065F98821694814F058F924
:102240006B4D66480CF042FD284616F00DF804462A
:1022500062482E680CF024FD68B94FF49A73604A06
:102260006449614814F04DF95C49634814F049F938
:102270004FF49A71E1E788F31188BFF36F8F002C58
:102280005BD02046FFF7EAF803690021D0E9025845
:102290001822FB60D0F800A090F80490B0F806B0C7
:1022A00019F0B0FDA07AF9F785FD6169034659B1CF
:1022B000627AD00706D4DA6A204612687B60926898
:1022C00090477B68002262612146184618F03EFD67
:1022D000B9F1000F0DD065B12B6853B11B6843B144
:1022E000BAF1000F2DD001215346444A444814F05E
:1022F000BAFF16B30020B96818F09BFD00281CDA5D
:102300006C468AB06A463F4B53613F4BC2E9063088
:102310004FF4007313843D4B42F8103F00234FF4F9
:1023200011513748F7F71CFE0023A54683F31188A7
:10233000BFF36F8F0323184602DF1437BD46BDE895
:10234000F08F4846FEF7BEFF0446281D16F0AAFA95
:10235000052C34D80123A34013F01409C9D113F07C
:10236000090F05F1580217D113F0220F27D0D2E838
:10237000AF3FDA0705D40121254A214815F096FF21
:10238000B7E7EB6D002BB4D04FF47022002305F1BA
:1023900080000BF081F8ACE72B681C68D2E8AF3FF7
:1023A000DB07E8D5B8F1000FA3D01FFA89F35B452E
:1023B0009FD22046F968C04709F10109F5E74FF4BB
:1023C0004673144A1449084814F09BF821461348F0
:1023D00014F097F84FF446710E482FE74828002074
:1023E0003956030066560300C44803007B560300B9
:1023F0004028002091560300A8560300CF87030011
:10240000D4C4020007880300C2880300040000014E
:10241000F98503009E8503004CAB0300EE870300A3
:10242000F8B50F461646FFF7C7FEB0B1846A2046DE
:102430001CB150F8B04904B1B03C731C194638B116
:10244000428D458BAA4228BF2A469A4207D264B9D8
:1024500002210A4A0A4814F006FF0020F8BD32465D
:102460003946BDE8F840FFF74FB9D4F8B05005B190
:10247000B03D20460B462C46E2E700BF2288030011
:10248000D4C40200002337B5054601930C46FEF77D
:10249000C1FF0F4B1B68834204D00E4BD3F8803032
:1024A000834201D100252C4601A92A4623460A4829
:1024B00009F06EFC014640B9019B1C22184619F038
:1024C000A1FC0346184603B030BD0023FAE700BF65
:1024D00094280020301F00202C0B002010B504464B
:1024E000806818B1F9F74EFE0023A3602146BDE8CD
:1024F0001040014809F0D8BC2C0B00202DE9F3470F
:10250000044680300E4617461D460AF0CBFFE06DAC
:1025100058B918480221184A15F0C8FE204600F0A4
:10252000D9F8002002B0BDE8F087144B4FF0000846
:10253000984205D12068C4F85C8016F0E4F9F0E711
:10254000D0F80490C0F80480E06DD0F818A0FFF730
:10255000C5FF2068C4F85C8016F0D5F9B9F1000F0A
:10256000DFD02068CDF800A03B46324629460068FF
:10257000C847D6E7D4C402003D880300982800204D
:1025800070B5054650F8043C044655F80469002B24
:102590003AD039B1836D002B36D01B7CDA0733D5A6
:1025A00005231BE0304601F061FE737A012B2BD02E
:1025B000A46D4CB3237CDB0726D5E368002BEFD05A
:1025C00028466269617CFFF79FF8064668B9637C1C
:1025D00001210E4A0E4814F046FE0E230022284622
:1025E000BDE870401146FFF789BFE368D4E90512E2
:1025F000984718B13046F9F7C5FDEEE73146284651
:10260000FEF752FF0028F5D170BD00BF54880300CB
:10261000D4C40200F7B550F8044C0546002C55D040
:1026200000F1AC0104F1280016F022F82E1F05F18C
:102630005C0700220023384609F09EFF024658BB83
:10264000AB6D2BB101466FF067033046FFF756FFC5
:10265000002345F8043C05F15403D3E8EF1F21F0B3
:102660000101C3E8E21F002AF7D1A36A73BB04F19A
:102670000C0600220023304609F07EFF78B9666818
:1026800086B921461248266009F00EFC286803B07E
:10269000BDE8F04001F002BEF9F774FDC9E7F9F7B3
:1026A00071FDE6E7A26833689642636008BFA360E5
:1026B00077683FB1B3696FF067010093002320682A
:1026C0001A46B8473046FFF709FFD8E703B0F0BD18
:1026D000EC0A002030B50546044655F8043B89B0A5
:1026E000186815F09BFC6946FEF776FF2846FFF751
:1026F00091FF13216068FDF7EFFD034620B1012132
:10270000024A034814F0AFFD09B030BD74880300DD
:10271000D4C40200B0B588B0044654F8803D00AF80
:10272000186815F07BFC3946FEF756FF6D4688B0F9
:102730006A460B4BC2E905374FF400739383094B8C
:1027400042F8103F00234FF4E2510748F7F708FC26
:102750002046AD46FFF7BEFF2037BD46B0BD00BFE7
:102760009288030003000001D4C4020070B50E4635
:1027700058B9214940F6CE73204A214813F0C1FED2
:1027800040F6CE711D4813F0B3FE49B91D4940F61D
:10279000CF731A4A1A4813F0B4FE40F6CF71F1E72E
:1027A000FFF70AFD044628B93046F9F7EBFC6FF055
:1027B0007F0070BD00F10C052846314618F0BBFAC9
:1027C000A06A38B150F8B04904B1B03C294615F0C0
:1027D0008FFE20B90020ECE71C466FF00100002CB2
:1027E000F8D0D4F8B03023B90230F5D020461C46DA
:1027F000ECE7B03BF8E700BFC18003009E85030013
:10280000C4480300036E030038B50C46054658B9AA
:10281000184940F6E373184A184813F072FE40F660
:10282000E371154813F064FE49B9154940F6E473A5
:10283000114A124813F065FE40F6E471F1E70BF01F
:10284000EBFC2846FFF7B8FC20B90BF057FD6FF002
:102850007F0038BD0023236083683BB9C0E9014491
:1028600016F051F80BF04AFD0020F2E71C6084607E
:10287000F6E700BFC18003009E850300C448030043
:10288000BE88030008B518F04DFE38B1034601219B
:102890000348044A16F0D8F86FF0040008BD00BFE2
:1028A00004C50200E588030010B518461446074920
:1028B0001022A047041E07DA23460121044A0548D6
:1028C00016F0C2F8204610BD0024FBE7E81A0020ED
:1028D000FB88030004C5020070B50D4C0646237842
:1028E0000D46834204D12846611C16F002F958B9FE
:1028F000237CB3420AD12846064916F0FAF810B1F3
:10290000012004EB001070BD0020FAE70020FAE778
:10291000CC280020DD28002070B50D4C0646237819
:102920000D46834204D12846611C16F0E2F858B9DE
:10293000237BB3420AD12846064916F0DAF800286C
:10294000054808BF002070BD2046FCE70020FAE7DC
:10295000901A00209D1A00209C1A002070B50D4C82
:10296000054623780E46834203D1601C16F0C1F859
:1029700060B9237BAB420BD13146074816F0B9F85A
:1029800018B101200C2303FB004070BD0020F9E7C3
:102990000020FAE7763C0020833C002070B5204BF5
:1029A000144682689A420FD1A568C66875B9227923
:1029B0003046216816F0A5F8024628B119490130C1
:1029C00016F0C4F815701581012070BDE06800286C
:1029D000FBD02B888B420AD0F6D2E068A36801387E
:1029E0000433E060003818BF0120A360EDE72568DC
:1029F00022792946304616F084F8024660B93046FE
:102A0000084916F07EF802460028E6D02946013033
:102A100016F09CF823791370A3685B881381DCE7B8
:102A2000A92F010096680300102110B50648FAF797
:102A30005BF8034630B1BDE810400121034A044869
:102A400016F002B810BD00BFD81A00201C89030080
:102A500004C5020070B50646134D40B12A4615F86C
:102A6000011C6C1E15F0BAFA98B120460CE02846FD
:102A70000E4916F03EF840B90C4905F1100016F069
:102A800038F820B105F10F0070BD681EFCE700208A
:102A9000FAE73046217C04F1110215F09FFA002874
:102AA000F5D004F11000EFE7CD2800209668030070
:102AB00010B54A1C0C4638B1097815F08FFA08B1E8
:102AC000204610BD0020FCE71046024916F011F820
:102AD000F5E700BF966803002DE9F04106460F4672
:102AE000904615F021F8394604463046FFF714FFAA
:102AF0000546B4B3A8B91C4816F02FF81B4A044683
:102B0000F0B102F1140016F028F8D8B9012402F14E
:102B10000C050C235C43601C3946104416F016F873
:102B20001655012105F1080001FA08F115F0F8FF2A
:102B3000BDE8F0414FF4004200230D480AF0ACBC60
:102B40001546E6E70B4940F2C6530B4A0B4813F013
:102B5000D8FC0B4813F0D5FC40F2C651064813F0E0
:102B6000C7FCBDE8F08100BF981A0020901A002031
:102B7000A81A00207289030042890300C448030098
:102B8000848903000246014610B5042311F8010BA5
:102B90000832F9F777FF034630B1BDE81040012154
:102BA000024A034815F050BF10BD00BFA3890300BF
:102BB00004C502002DE9F04180460F4616461D4629
:102BC000FFF7CCFE044680B91549FFF7C7FE04465F
:102BD00030B9BDE8F0410121124A134815F0C0BFD9
:102BE000394600F8018B15F0B1FF228963896AB973
:102BF00073B926816581214611F8010B14F094FF09
:102C000040B12046BDE8F041FFF7BCBF964203D378
:102C10009D42EFD8BDE8F0819D422681EBD9E9E7DE
:102C200096680300BF89030004C5020008B50121AE
:102C3000024A034815F094FF002008BDDE89030016
:102C400004C5020038B514460E4B82680D469A4200
:102C500015D122792168C06815F053FF78B1D4F8F6
:102C6000C8302F2B03D9BDE83840FFF7DFBF04EB96
:102C700083021581018901335181C4F8C8300120D4
:102C800038BD00BFA92F010008B50121034A04483F
:102C900015F066FF6FF0150008BD00BF328A030013
:102CA00004C502001FB519464FF428131046064A02
:102CB000CDE902230823BDF8182000936B4415F0DA
:102CC00069FF05B05DF804FB1800280038B515460B
:102CD000084B82689A420AD1C468296801342046A8
:102CE00015F007FF18B12046696815F02FFF012085
:102CF00038BD00BFA92F010008B513468168074AF7
:102D0000914209D11A791968C06815F0FAFE18B114
:102D10000023036043600381012008BDA92F010047
:102D20004FF4A472002301480AF0B6BB701B0020C8
:102D300008B50421084815F0F3FE6FF002010648BB
:102D400015F0F9FE044815F008FFC30701D5FFF799
:102D5000E7FF002008BD00BFA01B0020024608B509
:102D60000749013015F0F2FE00230C3202F8043C52
:102D7000D2E8EF1FC2E8E03F0028F9D108BD00BF4C
:102D80009668030010B5FFF7E9FD044678B10146E7
:102D900011F8010BF9F784FE034620B10121054A21
:102DA000054815F051FE002323606360A3600020F6
:102DB00010BD00BF3E8A030004C5020070B500F1DB
:102DC000700605463146007A14F0AEFE04463146E0
:102DD000287A54B1FFF7D6FF034660B1BDE87040D2
:102DE0000121054A054815F02FBEFFF7B7FD10B1C8
:102DF00004604460846070BD5B8A030004C5020007
:102E00002DE9F04385B00E4690469946044600AF42
:102E100058B90121344A354815F0A2FE6FF0150566
:102E200028461437BD46BDE8F08307F1080114F0C9
:102E300016FD054698B16D4688B06A462C4BC2E92E
:102E400005344FF4007393832A4B42F8103F00235C
:102E50004FF4E2512548F7F783F8AD46DEE7204608
:102E6000391D14F00EFB786858B10A22294611F07A
:102E7000A3F8034628B101211F4A1C4815F0E4FDC0
:102E8000CCE7002007F10801FFF768FD044620BBEE
:102E9000002EC5D01949FFF761FD044638B901215C
:102EA000174A124815F05CFE6FF00B05B8E70023D7
:102EB00007F1080100F8013B15F048FE04F1080194
:102EC00004224846C047041EAADA234601210D4ABF
:102ED000064815F0B9FD2546A2E7002EEED10660A2
:102EE000466086609CE700BFC168030004C502001D
:102EF000718A0300030000018D8A030096680300B5
:102F0000A88A0300FB8803002DE9F041234B1546F6
:102F1000826807469A4202D1C468638933BB0120A4
:102F2000BDE8F081FCF7C4FF0021E3686181002B5C
:102F3000F5D038469847F2E705F170084146287AFF
:102F400014F0F2FD68B9164B9C4202D12846FFF7F7
:102F500035FF3046134915F0F9FD00232370238116
:102F6000E2E74146304615F0F1FDDDE72389002B0D
:102F7000DAD0264616F8011B2846324615F02EF800
:102F80000028D9D131462078FDF74EFD0028CBD05E
:102F9000437B072BC6D1FCF78BFFC0E7A92F0100AD
:102FA000BC080020966803002DE9F0471F46BDF8D5
:102FB000203006468846D1F80C90002B4ED17B1E5F
:102FC000012B4ED8012F4946157818BF1588FFF7F9
:102FD0006FFD0446B8B915B93846BDE8F0874946D3
:102FE000FFF766FD044638B91F4802211F4A15F055
:102FF000B7FD6FF01000F0E706F17001013015F039
:10300000A5FD337A2370D9F81030DBB9B4F808A0E5
:103010002581B9F80A30AB4203D04946404615F045
:10302000A1FDAA4505D00022307A06F17001FFF714
:1030300053FD002DD0D10E49601C15F087FD257081
:103040002581C9E72A464146304698470028C4DB17
:1030500001380128DAD96FF00D00BEE76FF00600E5
:10306000BBE76FF00C00B8E704C50200CA8A030092
:103070009668030008B50121114815F051FD10F0C4
:10308000010F104B0AD1104A9A610D4815F065FDE9
:10309000830713D4BDE80840FFF742BE1A8B588B54
:1030A000012A4FF6FF7205D8904207D04FF6FF7203
:1030B0005A83EAE790421983E7D0F7E708BD00BFDB
:1030C000A01B0020501B00200100FFFF2DE9F04154
:1030D0001F46BDF818300646012B904635D83B44B4
:1030E000012B3D4634DCFFF7B5FC044668B9FFF719
:1030F000B1FC044648B90221184A194815F030FDC0
:103100006FF010052846BDE8F08197B10023217AC1
:1031100098F8002021FA03F0C70703D522FA03F03C
:10312000C00718D50133032BF4D102F00702114375
:10313000217206F17001601C15F008FD337A01213F
:103140002046237015F0D2FDDCE76FF00605D9E7C5
:103150006FF00C05D6E76FF01205D3E7E48A0300A1
:1031600004C5020010B56FF0020104460E4815F0C8
:10317000E2FC0D4815F0F1FCC20704D50022002343
:103180000A480AF089F9204615F010FC58B120468B
:10319000FFF760FC38B1037ADB0704D5BDE81040C7
:1031A000012115F0A3BD10BDA01B0020701B002045
:1031B0002DE9F04385B0894616469846044600AF8F
:1031C00058B90121414A424815F0CAFC6FF0150573
:1031D00028461437BD46BDE8F08307F1080114F016
:1031E0003EFB054698B16D4688B06A46394BC2E948
:1031F00005344FF400739383374B42F8103F00239C
:103200004FF4E2513248F6F7ABFEAD46DEE720461A
:10321000391D14F036F9786858B10A22294610F0A1
:10322000CBFE034628B101212C4A294815F00CFC9D
:10323000CCE7002007F10801FFF74EFB044690B9E8
:10324000FFF708FC044638B90121254A204815F04B
:1032500087FC6FF00B05BBE7002307F1080100F8BE
:10326000013B15F073FCB9F1000F2AD00222394658
:103270004046B047061E07DA33460121194A144872
:1032800015F0E2FB3546A3E73B78022E237209D006
:103290000221154A0E4815F063FC0021204615F066
:1032A00025FD95E77B78012B05D931460F4A084863
:1032B00015F0CAFBF1E7204603F0010115F006FD09
:1032C00086E72046FFF74AFD82E700BFC16803009A
:1032D00004C50200718A0300030000018D8A030007
:1032E000108B0300FB880300328B0300868B0300E6
:1032F00037B504460D46FFF7EFFA0246C0B1037A30
:103300000C308DF8043015F028FC022300F0010089
:103310008DF8050001AA29462046F9F7C9FB0346A6
:1033200020B10121034A044815F08EFB03B030BDE3
:103330000346F0E7D78B030004C5020010B5104C1C
:103340001049204615F0D5FB014638B9601E15F02E
:10335000BDFC214614F8010CFFF7CAFF09490A48D1
:1033600015F0C7FB014650B9084815F0AFFCBDE8A1
:103370001040074B187C03F11101FFF7B9BF10BDD6
:10338000CD28002096680300DD280020DC280020DE
:10339000CC280020012110B5234815F0C1FBC3073C
:1033A00040D40221204815F0BBFB08401FD11F4923
:1033B0001F4A0B881F4CA24216D900B10B801E4930
:1033C00040F207631D4A1E4813F09BF81D4813F096
:1033D00098F840F20761194813F08AF850680832EB
:1033E00003449BB20120E6E7F8D300B10B801649F5
:1033F000164809F019FF4FF4A47200231348F9F797
:10340000F7FB1349134809F00FFF0221124815F08A
:1034100087FB1248124909F007FFBDE81040114828
:10342000FDF758BC10BD00BFEC2800208E3C0020EA
:10343000B4C40200CCC40200078C0300428903001C
:10344000C4480300015A0300E78D0200F81A002067
:10345000913D0100701B0020A01B0020A81A002035
:10346000778E02009408002003462DE9F04198B3BE
:10347000008A88BB01244FF0140C1949DFF864E07E
:10348000714528D9184940F28373184A184813F037
:1034900038F8184813F035F840F28371134813F0E8
:1034A00027F8D1E90076BB4204D30CFB0672143A2C
:1034B00093420ED93444A2B214460831E0E70CFB23
:1034C000057843450AD001356219B54292B2F6D16A
:1034D000F2E70025F8E7E4D3BDE8F0811046FBE70A
:1034E000B4C40200CCC40200008C03004289030073
:1034F000C4480300015A03002DE9F74F99464FF6DF
:10350000FF73BDF830500746002D08BF1D462B4BFA
:1035100090461B880091834232D203B0BDE8F08F01
:1035200040468958019314F0C0F9019B90B10134D1
:103530000AF1010AA4B2736853452CD9009B316883
:103540009C42EAD8BC42F2D30BFB0AF28B18B8F1CA
:10355000000FE5D1B9F1000F0BD1013D1846ADB216
:1035600021460E9A0D9B9847002DD6D00028DED11B
:10357000D3E7DA689145DAD1EFE74FF0000ADAE7EE
:1035800001244FF0140B0E4E06E0C6D2736823449C
:10359000BB42F2D29CB208360A4B9E42F5D90A4988
:1035A00040F64B03094A0A4812F0ABFF094812F0F3
:1035B000A8FF40F64B01054812F09AFF8E3C002010
:1035C000B4C40200CCC40200008C03004289030092
:1035D000C4480300015A03001822002110B5E4B0CA
:1035E0000DEB0200CDE90111CDE9031118F00AFC41
:1035F0004FF41053ADF814308023ADF816304FF46B
:103600008063234C1022CDE9073401A962AB05A8E1
:103610000CF080FD034630B11E4A01211E4815F012
:1036200013FA64B010BD01464FF4AC720CA818F048
:10363000E9FB224662990CA817F071FF034608B116
:10364000164AEAE74FF6FF710120154A0CAB15F058
:10365000BFFB1022134905AB0CA817F077FF0446F7
:1036600062980CF015FD14B123460F4AD5E72146A8
:103670000C4B03F11002187812F8014D01310829A2
:1036800003F8014B1070F6D1084815F049FAC8E765
:103690000002C0032F8C030004C50200588C0300F5
:1036A0004D8A0200D81A0020768C0300A01B00204F
:1036B0002DE9F04118490446A1F1300015461E4697
:1036C000BDF8187009F04AFF144815F046FA0107D2
:1036D00005D4FFF781FFFFF731FEFFF7A5F920467C
:1036E000FFF7B8F968B1037ADA070AD500F10C04DC
:1036F000204615F032FAC30703D40221204615F004
:103700000FFA10233A46069331462846BDE8F041A9
:10371000034B15F03FBA00BF281B0020A01B002060
:10372000D81A002010B51A4815F017FAC0F3C000D7
:1037300080F0010408B9FFF74FFF154815F00DFAA6
:103740000346134815F009FADA061FD5830606D595
:10375000E4B1FFF7F3FDBDE81040FFF765B92021A4
:103760000B4815F0DDF910220A49881818F052FBB1
:1037700048B9094809F096FEBDE810406FF0010114
:10378000034815F0D8B9FFF775FCE2E710BD00BF9C
:10379000A01B0020D81A0020701B002008B51021A3
:1037A000034815F0BDF9FFF7BDFF002008BD00BFBD
:1037B000A01B00202DE9F04FB9B000AF0C46904699
:1037C00037493A46D7F80801994613F036FE38B91A
:1037D000FFF75AFA05462846E437BD46BDE8F08FA4
:1037E0003E68391D304613F04CFE3EB901212D4A8A
:1037F0002D4815F0B5F96FF015043EE07868F8B97A
:103800004FF0000B07F1080A5146304687F814B014
:1038100014F025F8054600B36C4688B06A46234B81
:10382000C2E905364FF400739383214B42F8103FF1
:103830004FF4E2515B461C48F6F792FBA546DAE7E7
:103840000A22002110F0B8FB03460028D8D001213D
:10385000184A154815F0F8F8CDE7C7F810A0E4B1FC
:10386000C022484607F12001C047041E07DA23465C
:103870000121114A0C4815F0E7F82546ABE7A408EA
:1038800007F12003C7E906344FF6FF7101200B4A08
:1038900007F1100315F09CFA9DE72346F2E700BFFD
:1038A0008C8C0300C168030004C50200718A030008
:1038B000030000018D8A0300FB8803009D2901009D
:1038C000002330B5B5B001918DF80800339304465C
:1038D00001AB0D4601204FF6FF710B4A15F078FA47
:1038E000339B73B19B0003AA29462046F9F7EEF8F3
:1038F000034620B10121054A054815F0A5F835B069
:1039000030BD1A46F0E700BF452C0100938C030040
:1039100004C502002DE9F34100F17008CDE9001261
:1039200004460F46007A4146164614F0FDF8054657
:103930006B464FF6FF7101200C4A15F049FA1DB194
:103940004146207AFFF7BCFF3946207AFEF7C4FFD4
:1039500040B13146013015F0F9F81DB14146207AE9
:10396000FFF7C6FC02B0BDE8F08100BFCD2C01001E
:10397000002307B50193FFF777FD411C89B2084684
:10398000034A01AB15F024FA019803B05DF804FB7B
:10399000098A02002DE9F04387B00C46164680469E
:1039A00002AF70B9734940F6AA53734A734812F0D4
:1039B000A8FD734812F0A5FD40F6AA516E4812F01A
:1039C00097FD61B96F4940F6AB536B4A6B4812F0F3
:1039D00098FD6B4812F095FD40F6AB51EEE7437B46
:1039E000072B40F0C28000233B7342F6030320689C
:1039F000FB8107F10C0113F058FF0546002843D165
:103A0000D4F80490B9F1000F05D101215E4A5F4856
:103A100015F0A6F8A9E001232146009007F108025D
:103A2000C847031E11DA6E4688B002AAD361042388
:103A30005749C2E9051442F8103F4FF401512B4693
:103A40005248F6F78DFAB5468FE0012B05D00121DB
:103A5000504A4E4814F0F8FF87E03B7A13F0300FDD
:103A600000F083802046FFF783FF044660B9454994
:103A700040F6C953404A414812F043FD464812F00F
:103A800040FD40F6C95199E7002320683B7342F698
:103A9000021307F10C01FB8113F007FF88B12046E8
:103AA000FFF766FF044660B9364940F6CF53324A05
:103AB000324812F026FD384812F023FD40F6CF516F
:103AC0007CE7002542F60219206839463D70A7F8C8
:103AD000029013F0EAFE10BB002320683B7342F60D
:103AE000021307F10C01FB8113F0DFFE05460028ED
:103AF0003BD1D4F80490B9F1000F86D00223009096
:103B00002146404607F10C02C847031E8BDB022BFF
:103B10009DD1BB891E4214BF0120002026E042F641
:103B200003032068391D3D71FB8013F0BEFE0028A1
:103B3000D2D04FF42053206807F108013D727B81F9
:103B400013F0B3FE0028C7D042F60103206807F146
:103B50000C013D73FB8113F0A8FE0028BCD0204669
:103B6000FFF706FF04460028AED100201437BD46FB
:103B7000BDE8F083C180030042890300C44803000C
:103B8000B18C0300C68C0300CB8C030004C502007B
:103B9000DF8C0300058D03001E8D03002DE9F84323
:103BA0001546894694226968064615F074F98046E0
:103BB000002842D1022230466968FFF7EBFE002858
:103BC0003ED04FF470200021AF8AFEF75BFC023735
:103BD000044680B11D211C4B47613A464174C0F830
:103BE0000C80436085613046FEF71AFC074638B901
:103BF0002046FEF773FC6FF00B052846BDE8F883FE
:103C000001234246414614F0F3FEA98A07F10C0055
:103C10000231F8F7F9FB20F8029BAA8A296918F00B
:103C2000CAF821463046A760FEF7EEFD054600289B
:103C3000E3D02046FEF752FCDFE74FF0FF35DCE72C
:103C40006FF01505D9E700BF0F8A020030B50546B1
:103C50000C468BB071B9464940F64F43454A464839
:103C600012F04FFC454812F04CFC40F64F414148E1
:103C700012F03EFC4B6873B90B6863B940494FF4CE
:103C800045633C4A3C4812F03CFC3C4812F039FC8D
:103C90004FF44561EBE73B4814F05FFF420761D505
:103CA00015B16B7B072B60D160680590FFF7DCFBDB
:103CB0002268ADF818003AB305A9029132490023F1
:103CC0000191012100914FF6FF710593FFF714FC5C
:103CD000059B1BB96FF001000BB030BD6360059B05
:103CE00004A9186800238DF8103042F60303ADF8DC
:103CF000123013F0DAFD70B90598C3689B799B0602
:103D000005D46FF01500E7E70028E8D1E2E715F0E9
:103D100018F8ADF81800BDF818003DB101230146B0
:103D200022462846A375FFF739FFD5E76FF07F03DA
:103D300007930223ADF8203042F60213ADF812309B
:103D400005ABA5750293114B4FF6FF71019301234B
:103D500004AA00932B4609948DF81050FFF7CCFB72
:103D60000798B9E76FF00A00B6E76FF07F00B3E796
:103D7000348D030042890300C44803003B8D0300D7
:103D8000518D0300940500203D8A0200854001000A
:103D9000F7B500F130050446A0F12007284614F0DD
:103DA000DCFE8307C0F340060ED5194940F2565396
:103DB000184A194812F0A5FB184812F0A2FB40F26D
:103DC0005651144812F094FB54F8083C6FF001016E
:103DD0002846019314F0AFFE114B394644F81C3CC1
:103DE000104B304644F8183C01AB44F8103C042317
:103DF00024F8086C24F8066C24F80C3CFFF726FF26
:103E000018B90221284614F08BFE03B0F0BD00BFA4
:103E10006E8D030042890300C44803009F8D030098
:103E200054290300653101002DE9F84390461468D8
:103E30003C4B826805469A4200AF20D1C668338960
:103E4000721CE3B12046317814F0C8F8B8B14FF4D1
:103E500095722946204615F01EF830B3032812D17A
:103E60006C4688B06A46304BC2E9053542F8100FFF
:103E700000234FF4C4512D48F6F772F8A5460120EF
:103E8000BD46BDE8F883052820460CBF4FF0030966
:103E90004FF0020914F09CF8814506D998F80430D7
:103EA0004B45ECD288F80490E9E73146284614F0F7
:103EB00059FE1F4B9E42E2D1207A04F17001FEF7B9
:103EC0004DFD05460028DAD0038913B94389002B3C
:103ED000D5D02046FCF778F92B89164A698922F853
:103EE000203002EB8003598018231349134D03FB44
:103EF000001300B202EB80021A61042200EB4000C2
:103F00005D600F4D01EBC00120469D609A82FFF776
:103F10009DFE0028B3D001210A4A044814F020FE77
:103F2000ADE700BFA92F0100BA8D030004C5020050
:103F3000BC080020723C0020B42800205429030053
:103F4000098D0200CE8D030030B505460C468BB0BE
:103F500071B9444940F66E33434A444812F0D1FAED
:103F6000434812F0CEFA40F66E313F4812F0C0FAE4
:103F70004B6873B90B6863B93E4940F66F333A4AF0
:103F80003A4812F0BEFA3A4812F0BBFA40F66F31E6
:103F9000EBE7394814F0E1FD42075DD515B16B7BC5
:103FA000072B5CD160680590FFF75EFA2268ADF8D8
:103FB00018003AB305A9029130490023019101216B
:103FC00000914FF6FF710593FFF796FA059B1BB919
:103FD0006FF001000BB030BD6360059B04A9186849
:103FE00000238DF8103042F60303ADF8123013F0C1
:103FF0005CFC70B90598C3689B79DB0605D46FF04B
:104000001500E7E70028E8D1E2E714F09AFEADF8E2
:104010001800BDF818002DB101462246284614F0BC
:1040200075FFD7E76FF07F0342F602120793012373
:10403000ADF8122005AA0292114AADF82030CDE960
:1040400000324FF6FF712B4604AA09948DF81050E8
:10405000FFF752FA0798BDE76FF00A00BAE76FF072
:104060007F00B7E7348D030042890300C448030092
:104070003B8D0300518D0300940500203D8A020012
:10408000854001002DE9F8431446404B82680746FD
:104090009A4203D001273846BDE8F883C6683C4BF6
:1040A0009E4210D03289A389711C9A42F2D1307895
:1040B000FCF7BAFC05460028ECD0437B072B26D042
:1040C000FBF7F6FEE6E74FF00008324DDFF8C89048
:1040D0004946284614F00DFD78B90722294615F8FF
:1040E000010CFCF7F3FC78B9236929461A6915F825
:1040F000010C53881288FEF75DFD0C35B8F1000FF6
:10410000D0D14FF00108E3E7FBF7D2FEF5E7736982
:1041100023B13946984708B92846D1E73946942251
:10412000284614F0B8FE07460028F5D1A389022BD3
:1041300014D1338913F0020604D12846FBF7B8FEE8
:10414000A660A7E728462269A188FFF727FD064653
:10415000A8B92269937D01339375EEE7012B04D052
:104160002846FBF7A5FEA76094E7338913F0010604
:10417000E3D028462269A18814F0C8FE06462846E6
:10418000FBF796FE002EA66085DB83E7A92F0100D2
:10419000BC080020773C002096680300012370B51E
:1041A00000F170058EB0044603902946007A8DF820
:1041B000103013F0B9FC90B1227A52B302AE042150
:1041C000304612F0B0FA00962421134A05A82B4677
:1041D000F8F7A8FB05AA10461049F6F745FA4FF67E
:1041E000FF7101200E4A03AB14F0F2FD204613F0DC
:1041F000EFFE9DF81010884209D2204613F0B7FE5A
:10420000034620B10221074A074814F01DFC0EB0F6
:1042100070BD0092D8E700BF8F8C0300B537010056
:10422000293E0100EB8D030004C50200F8B50E4BDA
:1042300005461B680E461746A3B11C6804B1043C32
:1042400053F8043C1BB13A463146284698474CB1D6
:10425000234664681B681CB1043C002BF3D1F7E7CC
:10426000002BF0D1F8BD00BFF028002013B50446A4
:10427000009001204FF6FF716B46074A8DF804004D
:1042800014F0A6FD0021204614F077FE08B9FEF7D1
:10429000F1FE02B010BD00BF293E010073B5044617
:1042A00003464FF6FF710120184A04F1700614F01E
:1042B0008FFD3146207A14F0A8FD3146207A13F0A4
:1042C00033FC50B1237A4FF6FF718DF80430012092
:1042D0006B460F4A009614F07BFD2046FEF7BAFBB2
:1042E000054688B13146207A13F01EFC28B92846CD
:1042F00002B0BDE87040FEF731BD3146681C02B027
:10430000BDE8704014F022BC02B070BD092F01005E
:10431000F92C010008B5054B0146184614F06FFE54
:10432000043B002814BF1846002008BDAC1B002029
:10433000084B00F5B8701A68074BD0E8EF1F994298
:1043400004D1C0E8EC2FBCF1000FF6D1D0E8AF0FDC
:10435000704700BFE8270020A81B002008B5FFF722
:10436000E7FF0346C8B1D0E9001221B9002A0CBF0B
:104370000320022010E032B1836813B9094B1B7887
:1043800033B9042008E00749087828B19B6833B99D
:10439000003A18BF0122500008BD0320FCE70120AD
:1043A000FAE700BF4B49002008B50121024A034843
:1043B00014F023FE002008BD338E03005CC502000C
:1043C0000221024A024814F018BE00BF4E8E0300BC
:1043D0005CC50200002370B51A460446EC300D4659
:1043E000FCF74CFD58B1693004D10121084A094855
:1043F00014F003FE2846BDE87040F7F7C3BE04F58D
:10440000A0704FF47022BDE87040002309F044B85A
:104410004C8603005CC5020038B50446051D082122
:10442000284614F041FE084904F15700FBF74EFA04
:1044300048B10821284614F01DFE04480121044A11
:1044400014F0DBFD082038BD959302005CC5020026
:10445000678E030038B50546EC22002117F0D2FC28
:10446000102105F12700FAF7C1FF044648B90521DC
:10447000284614F019FEFBF71BFA034B1860204680
:1044800038BD0824FBE700BFF828002070B50446BB
:104490000E4686B0FFF74CFF04F137021146F36871
:1044A000054603F1100053F8046B834241F8046B96
:1044B000F9D1237A052B00F29580DFE803F017236A
:1044C0002303936A02AB4B490093096804F1270365
:1044D00004F1570001F08EFD58BB0A21201D14F095
:1044E000E3FDAB680299D4F8EC00984720460D2113
:1044F00014F0DAFD201D102114F0D6FD204614F032
:1045000002FE20E094F8DC10D4F8D83002ADCB40A5
:10451000384903F001030095096843F0800304F172
:10452000570014F0BFFF30B10121334A334814F073
:1045300064FD082007E01022294604F1170017F057
:1045400069FC10B1042006B070BD0321204614F0B0
:10455000ABFD14F0D8FD0028F5D194F8DC30013320
:10456000DBB2142B84F8DC3009D10D21204614F085
:104570009BFD1021201D14F097FD0020E3E7102182
:1045800004F12700FAF732FF003818BF0120C000FD
:10459000D9E7102104F12700FAF728FF0028C8D135
:1045A00035B3EB6823B3164BE27A1B88D207ADF81C
:1045B0000830A37C03F0010312D4002B14BF0123A5
:1045C00003238DF809300023201DC4E938330C2162
:1045D00014F06AFDEB68D4F8EC0002A99847CCE728
:1045E0005B00EEE70121074A044814F04EFDA0E706
:1045F0000220A8E7F8280020808E03005CC5020096
:1046000050C70200998E03002DE9F047044690B090
:104610000CAD10220021284617F0F4FB237A052B5D
:1046200034D8DFE803F0060303063323D4F8D83088
:104630000C93D4F8EC3004F1470204F1C707CDE93C
:10464000017204F1370803F17E0204F12709009298
:1046500041464A46773304F1970001F063FCF0B11C
:10466000454A0121454814F0C8FC14E0D4F8E43070
:10467000002BDED02E4603F1100732461868596829
:10468000083303C2BB421646F7D1D2E701213C4AA8
:104690003A4814F0FAFC082010B0BDE8F087D4F8CE
:1046A000EC3008AE03F177027E33019304F111037D
:1046B0000292009342462B4649463846039614F030
:1046C00016FF08B12F4ACCE7237A052B0ED1D4F878
:1046D000E01011B30B46AC4601F1100E62461868AB
:1046E0005968083303C273459446F7D1D4F8EC30C7
:1046F0000DF1100A03F17E027733019304F10A03EE
:10470000029200934A462B4641463846CDF80CA00B
:1047100014F0EDFE30B11C4AA3E71022284617F032
:1047200071FBE3E71022514604F1B70017F072FB6A
:10473000F8B90D21204614F0C7FC07460028AAD07E
:1047400010210C30F7F760FE32460346164603CEC2
:10475000AE4218605960324603F10803F6D139467B
:104760002046FFF737FE201D012114F09DFC00209C
:1047700092E70B2090E700BFB58E03005CC50200F6
:10478000998E0300CA8E0300ED8E030073B5047A80
:104790000546022C23D844B190F8DC30D0F8D8403C
:1047A000DC4004F0010444F080040321284614F0A6
:1047B0008BFC0646D8B110210C30F7F725FE00908F
:1047C00012482346006805F1270205F1570114F04D
:1047D00069FE044680B13046F7F7D4FC07E0032CAD
:1047E00008D0234601210A4A0A4814F04EFC08204A
:1047F00002B070BD0024D8E731462846FFF7EAFD35
:10480000281D214614F036FC2046F1E7F828002048
:10481000998E03005CC5020070B5061DCD68044684
:104820000B21304614F026FC2B4604F1170205F14B
:10483000100153F8040B8B4242F8040BF9D1237A90
:10484000012B09D0022B13D12046042114F02CFC9B
:10485000BDE87040FFF79ABF0A21304614F0CFFB45
:104860000028F1D03046002114F01EFC002070BD5D
:1048700003480121034A14F008FC0820F7E700BFB1
:104880005CC50200998E0300F7B50446FFF750FDA2
:10489000251D06460E21284614F0B1FB70B94E4B7B
:1048A0002022196804F1570017F0B4FA30B9022138
:1048B0004A4A4B4814F0A1FB082033E00C21204663
:1048C00014F002FC07460028F6D040210C30F7F720
:1048D0009BFD414B02461B68014603F1200053F843
:1048E00004CB834241F804CBF9D1203203F12001FB
:1048F00053F8040B8B4242F8040BF9D13946204699
:10490000FFF768FD237A052B5DD8DFE803F0033C51
:104910000D035C590421204614F0C6FBFFF736FF57
:1049200000283FD003B0F0BD2046D4F8EC70FFF76C
:10493000FFFC04214FF0FF3306460DEB010001930D
:10494000FAF754FD0028B7D1019B264A84F8DC0011
:10495000B3FBF2F102FB11330193C4F8D83056B126
:10496000336843B10B21284614F09EFB3846336868
:10497000D4F8D81098470321204614F095FB0E2157
:1049800014F092FB0EE02046032114F08DFB0E2163
:1049900014F08AFB28460A2114F086FB7368D4F8C9
:1049A000EC0098472846072114F07EFB0820FFF70B
:1049B000B1FC70B9204603B0BDE8F040FFF72CBD54
:1049C00004212046DCE70121074A054814F05DFB7D
:1049D00072E70020A6E700BFF8280020118F03002F
:1049E0005CC5020040420F00998E030070B504467A
:1049F0000E4604F15705FFF79BFC2A46F36803F1C6
:104A0000200153F8040B8B4242F8040BF9D104F156
:104A1000770203F1200153F8040B8B4242F8040B98
:104A2000F9D12846FAF7AAFE00B303211C4A1D4813
:104A300014F0E3FA0E21201D14F036FBD4F8EC50EC
:104A4000D5F8A43033B9287A05F1700100F074FF6D
:104A5000C5F8A400D5F8A4309BB15A8A02F024020C
:104A60007AB15B7C9B070CD4032070BD2846FAF713
:104A700091FE30B90B4802210B4A14F0BEFA0B200C
:104A8000F3E70A4B1D682DB9201D062114F00CFB1D
:104A90002846EAE72046BDE87040FFF7F5BE00BFB4
:104AA0002C8F03005CC502004D8F0300F828002006
:104AB00038B504460D49A0F1EC05543008F0B4FBBC
:104AC000284614F083FB0A4A04F18403D3E8EF1F5D
:104AD000C3E8E02F0028F9D14FF0FF338834D4E841
:104AE000EF2FC4E8E13F0029F9D138BDF5560100A8
:104AF000A81B002080B500AF88B06A46074BC2E90A
:104B00000530032342F8103F00234FF4C2510448FC
:104B1000F5F726FA6FF00B00BD4680BD698F0300E4
:104B20005CC50200054BD3F8EC200AB1FFF7E2BFE9
:104B30000348EC33586010460B607047A81B0020F8
:104B4000582A03002DE9F0410B46064600AF0D211F
:104B5000043014F054FA78B3DD68D6F8EC30022053
:104B600003F170084246197A00F0E4FF0446C8B920
:104B70004046F7F749FE6D4688B06A46114BC2E9D8
:104B800005304FF4007393830F4B42F8103F0F48EA
:104B900023464FF4E251F5F7E3F90820AD46BD4650
:104BA000BDE8F0812B462E3405F1100253F8041BAA
:104BB000934244F8041BF9D13046092114F074FAE9
:104BC0000020ECE78E8F0300030000015CC50200AB
:104BD00038B5134B05461B78E3B101F00F042846A6
:104BE000FFF7BCFB0F4B03281B780CBF04F00B0432
:104BF00044F0040405F5BA70D0E8EF2F013203D178
:104C0000C0E8E13F0029F7D1D0E8AF3F2BB144F035
:104C1000010038BD01F00704E1E704F0FE00F8E709
:104C20004B4900208C0A0020F8B50D460446D0F808
:104C3000EC60FFF77DFBEF68FB78102B01D00620BE
:104C4000F8BDD6F8A4305BB1251D0F21284614F01D
:104C5000D6F980B92046FFF7FDFB60B1C0B2EFE79F
:104C6000307A06F1700100F067FEC6F8A400002853
:104C7000EAD10820E4E7012363723B682046C4F8C8
:104C80000A30BB88E38102232374B978FFF7A0FFC1
:104C9000E0742046FFF762FB1023607423753B79B4
:104CA00003F0030363757B7903F00103A375E37CD1
:104CB0001A070CD5BB781B0709D50521284614F027
:104CC000F3F9637D03F0020363750023A3750521E7
:104CD000284614F094F9002843D04C4B1B78A37459
:104CE000E37C980606D5BB78990603D5142128469F
:104CF00014F0DAF9E37CDA0735D5BB78DB0732D577
:104D00000D21284614F0D0F9A37D032184F8E83062
:104D1000637D284684F8E93014F0C6F9237BE17CF2
:104D20003F7803EA0102100704D5E27AA07C02432F
:104D3000D2071CD4042F1CD80B4313F0040307D054
:104D40002046FFF70BFB324B07EB87073B441B5C0E
:104D500023722046D6F8A41014F057F958B903204E
:104D60006EE72C4BBAE700236375A375CCE70523E8
:104D7000EEE70023ECE7D4F8EC309B7A032B36D037
:104D800024D8013B012B3FF674AF0521284614F0CF
:104D900036F90028E3D00C21204614F085F90221D1
:104DA00014F092F9054600283FF463AF06210C3059
:104DB000F7F72AFBD4F8113029460360B4F8153010
:104DC00083802046FFF706FB002039E7042B7FF4A1
:104DD00050AF237D627B934228BF1346102B7FF494
:104DE0002EAF0521284614F00AF90028B7D0237AFF
:104DF000002BB4D00521284614F001F90028C4D1B5
:104E0000237A013B012BC0D8A9E700BF4D49002000
:104E1000689203004C4900202DE9F041C678044611
:104E2000012E04D06FF015042046BDE8F08114F087
:104E30002EF90546002800F0AB80071D04213846F6
:104E400014F0DDF8002840F0A6800321384614F065
:104E5000D6F810B16FF00F04E6E73146384614F08B
:104E6000CEF80028F6D12846FFF762FAD5F8EC30E4
:104E700006469B7A032B42D032D8013B012B48D9FE
:104E80000F21201D14F0BBF80028CBD1D4F8A4309A
:104E900083B904F1700632462020217A00F08CFD9F
:104EA000C4F8A40030B932460420217A00F084FD11
:104EB000C4F8A400D4F8A430002BB3D05A8A12F05E
:104EC000240FAFD0A17A022923D9587CC007A9D5D5
:104ED00003291ED09206A5D51B7C102BA2D118E069
:104EE000042BCDD12846FFF739FA032804D1002E30
:104EF000C6D0F368002BC3D0284B1B7807E02846A8
:104F0000FFF72CFA032804D1002EB9D0F368002B48
:104F1000B6D0D4F8A4303BB12846FFF79BFA04463C
:104F200070B16FF068047FE7207A04F1700100F03F
:104F300003FDC4F8A4000028EED16FF00B0473E762
:104F40000B21284614F0C0F806460028E9D00121BC
:104F50000C30F7F759FA092180462846FFF738FE4A
:104F60002346224688F80000314605F1EC00FBF7A5
:104F700085FF044618B13046F7F704F954E7384680
:104F80000F2114F091F80121284614F08DF84BE719
:104F90006FF07F0448E76FF0040445E74B490020B9
:104FA000F8B5D0F8EC400646D4F8A430051D002B27
:104FB00033D10221404A414814F01FF80721404BE9
:104FC0005F5CD4F8A4304BB11B7C002B5DD1D4F8CE
:104FD000A40000F0D3FD0023C4F8A4300221284629
:104FE00014F00DF848B9072F94BF364B1F213A46ED
:104FF000204698BFD95DFBF7ABFC0321284613F090
:10500000FEFF68B3304B1B6853B31D6805B10C3D00
:1050100053F8083C002B41D143E081BB0D212846C9
:1050200013F0EDFF074620B1D4F8A40008B100F05A
:1050300023FF254B1B689BB11D6805B10C3D53F840
:105040000C3C13B13946204698474DB12B46ED68CC
:105050001B681DB10C3D002BF4D1F7E7002BF1D1FB
:10506000304614F0B3F8637B072B24D1627AA37A1D
:105070009A4220D02046BDE8F840FFF7CDBE013966
:10508000C9B20E299BD909279BE70221284613F0B4
:10509000B6FF00289BD1A1E70C3D23B1394620463D
:1050A0009847002DDCD02B46ED685B68002DF3D1CE
:1050B000002BF3D1D4E7F8BD319003005CC50200AA
:1050C0005992030048920300E0270020F8B5031D21
:1050D00006460F461846022113F091FF044620B100
:1050E000B6F8E840B4FA84F464090321184613F0D2
:1050F00086FF80B139463046FFF752FFC4B1022126
:1051000019481A4A13F079FF0521D6F8EC00FBF78D
:10511000E3F80020F8BD0121184613F070FF0028C5
:10512000E8D10F21184613F06AFF0028E2D1E5E725
:105130000521304613F0C8FF054688B101210C3027
:10514000F7F762F9234607702246294606F1EC007C
:10515000FBF794FE0028DCD02846F7F713F8D8E7D1
:105160006FF06800D6E700BF5CC502005B900300EB
:105170001E4B10B5044618604FF0FF324FF0FF335E
:105180001B4806F071FF58B11A4941F23C331A4AE4
:105190001A4811F0B6F941F23C31174811F0A8F95C
:1051A000174808F093FA124807F02EF848B1114951
:1051B00041F24133104A114811F0A3F941F2413153
:1051C000EBE774B10F4B1C1FD3E8AF3F5B0607D56D
:1051D0002046FFF759FB014610B12046FFF776FF46
:1051E00010BDBDE81040FFF7EBB800BFF828002065
:1051F000EC0800200A900300A88F0300C4480300B5
:1052000000090020AC1B002010B513F040FF04463D
:1052100010B96FF0150010BD0A21043013F0C4FF5F
:105220000028F6D0237A062B11D8DFE803F00E040D
:10523000040A100C0C0001212046BDE81040FFF7C5
:1052400045BF0421F8E70221F6E70821F4E7034807
:105250000121034A13F019FF0020DCE75CC50200BE
:10526000998E03002DE9F3410B8A04460E4643B99B
:1052700001212D4A2D4813F0C0FE002002B0BDE8E8
:10528000F081012106F10C00F7F7A0F8A4F1EC057C
:10529000E83C07460421204613F0B1FE3B7828B1D4
:1052A000234A0221214813F0F0FEE6E70E2B01D934
:1052B000204AF6E7DFF8808058F833204AB9022107
:1052C0001E4A1A4813F0E1FE07212846FFF7FEFEAA
:1052D000D3E71946284613F067FF3B7860B90221EF
:1052E0001248174A13F0D1FE0321204613F087FE1F
:1052F0000028C2D00821E8E708EBC301328A097907
:10530000914208D001210093084813460D4A11F03C
:10531000B4FF0A21D9E73146284658F83330984778
:1053200001460028A9D0D0E7B39003005CC5020075
:10533000CE900300FF900300802A03002191030018
:105340003B910300FF8603002DE9F04784B090F8FD
:10535000E930D1F80C8023F0020380F8E930D0F86E
:10536000EC6098F80030054600AF06F17009BBB359
:1053700098F8063003F0C003C02B31D04046F7F751
:1053800043FA6E4688B06C464FF4007A25466C4B63
:10539000DFF8B081C4E90530A4F81CA045F8108FEF
:1053A00000232A464FF4E2516748F4F7D9FD4846F6
:1053B000B546F7F729FAA546644BA4F81CA0C4E942
:1053C0000530C4F81080604800232A464FF4E251AB
:1053D000F4F7C6FD0A20B5461037BD46BDE8F08794
:1053E00007224146484616F015FD68B14146307A1D
:1053F00000F062FB044638B10146284613F005FE72
:1054000030B3204600F0BAFB0D21281D13F0F7FD44
:10541000002800F083804A460220317A00F08AFB9F
:105420000446B8B94846F7F7EFF96D4688B06A46C2
:10543000474BC2E905304FF400739383414B42F868
:10544000103F4FF4E25123463F48F4F789FDAD4643
:105450000820C1E7F378002B40D106F17E031878CD
:1054600001282AD19A7902F0C002402A25D1D3F826
:105470000120C4F83E20B3F80530A4F8423096F875
:105480007030D3B196F8763003F0C003C02B14D03F
:1054900030493A1DC7E90198FC60FAF74FFED8F889
:1054A00000303046C4F80130B8F80430A4F80530B4
:1054B00098F80630E371FBF703FA95F8E91011F05C
:1054C00002010ED0244941F22903244A244811F054
:1054D00018F841F22901214811F00AF806F1770382
:1054E000BDE72046F9F73AFA014630B116480221E5
:1054F0001C4A13F082FD03206EE72046F9F72EFACE
:1055000048B1194941F24D03144A154810F0F9FF0A
:1055100041F24D01DFE72046F9F732FA95F8E9301C
:105520005B0703D50A21284613F0BEFDB5F8E81045
:1055300009B1002050E72846FFF732FDF9E700BF28
:1055400056910300030000015CC5020011920300A4
:105550008E8F0300039202006A910300A88F03005C
:10556000C448030085910300C09103002DE9F04178
:105570000E460446D0F8EC80FEF7DAFEF66801210C
:10558000054633780F48104A271D13F07EFD0A2187
:10559000384613F009FE38B16DB920463178FFF76F
:1055A000FFFC0020BDE8F0810B21384613F0FCFD24
:1055B0000028F1D1F1E72B69002BEED04046984747
:1055C000EBE700BF5CC50200E29103002DE9F84360
:1055D0000546A0F1E8060446884600AF01213046A2
:1055E00055F8EC9913F0E0FD38B3B8F1000F19D07D
:1055F0000321304613F003FDF8B14046F8F796F961
:105600000138C0B208288CBF0024364B4FF002018D
:1056100098BF1C5C304613F047FD21462846FFF733
:10562000BFFC0AE099F80B303BB10321304613F080
:10563000E6FC28B9284613F0C9FDBD46BDE8F8834D
:105640000521304613F0DBFCB8B114F8043C1B070D
:1056500007D514F8033C180703D51121304613F081
:1056600023FD14F8043C23F0080304F8043C14F868
:10567000033C23F0080304F8033C14F8033CD90767
:1056800010D50621284613F00FFD3046022113F0F5
:105690000BFD2068D0F8A46066B134F8041C002922
:1056A000CBD1BBE79A0701D50821EBE75B07ECD527
:1056B0000A21E7E77030F7F7A7F86C4688B06A462A
:1056C000094BC2E905304FF400739383074B42F84E
:1056D000103F4FF4E25133460548F4F741FCA5462C
:1056E000ABE700BF509203000492030003000001E7
:1056F0005CC5020037B5A0F5A075A0F59E74D4E88E
:10570000AF3FD5E8AF2F012100920748074A11F0BB
:10571000B4FD28460821FFF743FC0421204603B0CE
:10572000BDE8304013F0C0BC5CC502001992030014
:105730002DE9F84300AF044613F0A9FC054670B309
:10574000061D0321304613F05AFC40B3D4F8A400E0
:1057500008B100F013FA04F170094946207A00F00C
:10576000EBF88046C4F8A400E0B94846F7F74CF8D7
:105770006C4688B06A463E4BC2E905304FF4007370
:1057800093833C4B42F8103F4FF4E2513A48434672
:10579000F4F7E6FB0821A5462846FFF797FCBD462F
:1057A000BDE8F8830E21304613F029FC28B1D4F867
:1057B000A420537C43F0020353742B7A032B11D89B
:1057C00023B10521304613F01AFCA0B9D4F8A42067
:1057D000537C23F020035374D4F8A420537C23F08B
:1057E00001030DE0053B012BF0D8D4F8A420537C35
:1057F00043F020035374D4F8A420537C43F00103F6
:1058000053742B7D697BD4F8A4208B4228BF0B46B0
:1058100030461374052113F0F2FBD4F8A4305A7CFF
:1058200010B342F010020D2130465A7413F0E7FB1A
:105830000028B4D02021D4F8A40000F063F9D4F8F3
:10584000A43005F147021E33573552F8041BAA4213
:1058500043F8041BF9D10023D4F8A42053619361C9
:10586000D4F8A42093839AE722F010025A7496E7A2
:105870008E8F0300030000015CC50200012208B501
:10588000034B04481A70F9F7C9FF002008BD00BF98
:105890004B4900200809002008B558B90A490B48AF
:1058A00040F24A230A4A10F02CFE40F24A210848EE
:1058B00010F01EFE437C5B0604D4BDE808400121C5
:1058C000F8F788BF08BD00BFB8920300C4480300C2
:1058D000889203002DE9F041144D06462F4617F833
:1058E000013B0C4683424FF0010804D107223846A1
:1058F00016F090FAA0B1B8F1000F05D00722384693
:105900000B4916F087FA70B92E702268094BC5F85A
:105910000120A2889A80A2799A7140F21123EB604B
:105920000248BDE8F0810020FBE700BFFC28002012
:1059300096680300FD28002008B549B906490748C4
:105940007123074A10F0DDFD7121054810F0D0FDEC
:10595000BDE80840FFF7BEBFCC920300C448030077
:10596000889203000B4610B51146044663B90949F5
:105970000948CD23094A10F0C4FDCD21074810F095
:10598000B7FDBDE8104018470548428A2242F8D1C9
:1059900010BD00BFE0920300C448030088920300DA
:1059A000FC28002008B5002202200249FFF7DAFF98
:1059B000002008BD99580100F8B50E46054611466D
:1059C0004AB10F4C00272046638A10F8012B2B4068
:1059D0000BD11846F8BD0B490B48DA230B4A10F0DF
:1059E00090FDDA21094810F083FD964203D1072289
:1059F00016F010FA08B13846ECE72046EAE700BF97
:105A0000FC280020CC920300C448030088920300C5
:105A1000F8B506460C4659B92149224840F203130D
:105A2000214A10F06EFD40F203111F4810F060FD96
:105A30000B78012B01D00020F8BD8B7903F0C00357
:105A4000402BF8D1194D002329466F8A11F83E2BBF
:105A5000BF0704F1010006D5B24204D1062216F0B8
:105A6000D9F9D0B100236A8A297802F00202002B0A
:105A7000E1D1002ADFD0B142DDD1671C39460C48A4
:105A800011F0C4FE01230028EDD0D4F80130C5F890
:105A90003E30B4F80520074B9A800448CCE700BF9D
:105AA000CC920300C448030088920300FC28002025
:105AB0002A2900203A29002010B529B10D4C23785D
:105AC00083420DD0002010BD0B490C484FF49A734F
:105AD0000B4A10F016FD4FF49A71094810F008FDBA
:105AE0000722601C16F096F900280CBF2046002003
:105AF000E9E700BFFC280020CC920300C448030063
:105B00008892030008B558B9074908484FF4A273B2
:105B1000074A10F0F6FC4FF4A271054810F0E8FCBB
:105B2000438A1943418208BDB8920300C448030068
:105B300088920300F8B506460F4615464AB90C4947
:105B40000C48EC230C4A10F0DCFCEC210A4810F065
:105B5000CFFCFFF731FF044640B929463846FFF72E
:105B6000EBFE044610B13146FFF7CCFF2046F8BDEE
:105B7000CC920300C44803008892030010B5044689
:105B800058B90E490E484FF4AA730E4A10F0B9FCEA
:105B90004FF4AA710B4810F0ABFC037A5B0701D5F8
:105BA000F8F708FF214611F8010BF6F7FBFF204636
:105BB000BDE810404422002116F024B9B892030039
:105BC000C4480300889203002DE9F04194B01546C3
:105BD000044602AF38B901219B4A9C4811F03AFBB8
:105BE0006FF0150642E03822184607F11001A84769
:105BF000051E06DA2B46964A0121944811F033FB24
:105C0000EEE7204607F1080111F029FE064698B19B
:105C10006D4688B002AA8F4BC2E905344FF4007379
:105C200093838D4B42F8103F00234FF4E251874895
:105C3000F4F796F9AD46D3E72046391D11F021FC63
:105C4000786838B10A2231460EF0B6F9034608B139
:105C5000824AD1E73DBB29463F2007F10802FFF702
:105C6000ABFE40B14422294616F0CCF83046483706
:105C7000BD46BDE8F08107F10800F6F7C5FD6C46AA
:105C800088B002AA764BC2E905304FF400739383C3
:105C9000714B42F8103F4FF4E4512B466B48F4F738
:105CA0005FF9A546E2E7002007F10801FFF712FEC1
:105CB0000446C8B907F10800F6F7A6FD6D4688B09E
:105CC00002AA684BC2E905304FF400739383624B1C
:105CD00042F8103F4FF4E25123465C48F4F740F994
:105CE0006FF00B06AD46C1E7382D3B7C4CD0102B36
:105CF0003ED8342D3CD140F2112307F11005C3608A
:105D000007F1400C00F110032A4603CA62451860EF
:105D10005960154603F10803F6D110681860E27B5C
:105D2000B4F80D3043EA0243022B74D1637CDA07E6
:105D30009CD513F0300599D107F10800F6F764FD02
:105D4000E84688B002AA484BC2E905304FF4007318
:105D50009383414B42F8103F4FF4E4512B463B48AC
:105D6000F4F7FEF8637CC54623F0010363747DE716
:105D70003823012100933D4A2B46344811F07DFA27
:105D80002046FFF7FBFE2BE7102B32D840F2112301
:105D900007F11005C36007F1400C00F110032A461B
:105DA00003CA624518605960154603F10803F6D12D
:105DB00010681860638A03F0220213F020056282E3
:105DC000ADD107F10800F6F71FFD6E4688B002AAB4
:105DD000274BC2E905304FF4007393831E4B42F802
:105DE000103F4FF4E4512B461848F4F7B9F8B54684
:105DF000C6E707F1100300F10C0507F1480C1A463D
:105E000003CA624528606960134605F10805F6D1AA
:105E1000237B112B83D007F10800F6F7F5FC6D46C4
:105E200088B002AA134BC2E905304FF40073938384
:105E3000094B42F8103F00234FF4E2510348F4F7B6
:105E40008FF8AD469CE700BFC168030034C502006F
:105E5000F4920300718A0300030000018D8A03009D
:105E60001393030036930300D39303005593030069
:105E70007393030093930300024610B558B90E497B
:105E80000E4840F289130E4A10F03BFB40F2891194
:105E90000B4810F02DFB0146382311F8010B0C3292
:105EA000F6F772FE044628B101210346054A06486A
:105EB00011F0D9F9204610BDB8920300C448030080
:105EC000889203003894030034C50200884210B55C
:105ED00000EB020311D98C18A04211D20D4940F2F7
:105EE000B3230D4A0D4810F00CFB0D4810F009FBD0
:105EF00040F2B321084810F0FBFAEFD09942ECE7EA
:105F0000013A114411F8012900F8012B8342F9D11B
:105F100010BD00BF607903002E790300C448030060
:105F2000B77903002DE9F0479AB01646DDE92397CB
:105F30000CAA84468A4690461D462C4B03F1300E2F
:105F4000144618685968083303C473452246F7D1CC
:105F500018681B79614620602371202204A8FFF78E
:105F6000B5FF6B462022224804A900F071F80446D0
:105F7000C0BB102251460DF13500FFF7A7FF1022DC
:105F800031460DF14500FFF7A1FF294611F8013B0D
:105F900006220DF156008DF85530FFF797FF229934
:105FA000062211F8013B0DF15D008DF85C30FFF722
:105FB0008DFF4B4635224146684600F049F80446BD
:105FC00080B9484613F060FA012335228DF830304D
:105FD00041463B46684600F03BF8044610B9384657
:105FE00013F052FA20461AB0BDE8F08752C70200FB
:105FF0006594030070B50E461D46144698B00146E0
:10600000202204A8FFF762FF202231460CA8FFF7E8
:106010005DFF1022294614A8FFF758FF10222146E1
:106020006846FFF753FF6B465022184604A900F05C
:106030000FF840B9039B054A1BBAB3FBF2F102FB10
:1060400011331C9A136018B070BD00BF40420F009E
:106050002DE9F0418EB007460C4615460021182266
:1060600008A81E4615F0CEFE4FF41053ADF81C30B4
:106070008023ADF81E304FF44063DFF854801022C7
:10608000CDE90938394605AB07A80AF043F80346BD
:1060900048B1104A1048012111F0E5F86FF00400F2
:1060A0000EB0BDE8F08106AB0293102322464146B4
:1060B000CDE9006305982B4615F07FFA0446059854
:1060C00009F0E6FF2043EBD0044A2346E2E700BF95
:1060D0000002C003257A0300ECC402007F94030091
:1060E00010B5094C0A44914200D110BD11F8013B92
:1060F00058400309E35C0001C0B243401809205C2A
:106100001B01DBB25840EEE798940300F8B5042673
:106110000D460769374438462A8AE968F3F786F856
:1061200010F10C0F04460BD14B2014F092FD013EF0
:10613000F1D122460649074813F02DFA2046F8BD52
:106140000028F6DB2846F6F71DF80024F6E700BF26
:10615000A894030014C502002DE9F04F1746D2F8A9
:10616000109002780546042A884687B001F1FF3373
:106170000BD0052A00F09580022A40F0D480032B32
:1061800061D8042200926B4A04E0012B09D8022254
:106190000092694A0121694811F06FF807B0BDE823
:1061A000F08F43783E2B30D1C678B31E5E425E41FD
:1061B000B5F80120A8F10303B3EB122FADF81420BA
:1061C0004FEA122826D116B300230024CDE9023469
:1061D000DFF86CB1DFF864A13146DDE902239DF8F8
:1061E0001400F6F7BFFD0446C0B100F10C06022210
:1061F00005A9304611F0DDFA304611F0D2FA80459B
:1062000014D9434600904F4A37E00026D0E74FF4B8
:10621000A023DAE74C4ACDF80080BBE7002EBDD1C1
:1062200002215A46504611F015F8D5E7424630464D
:10623000E91C11F0BEFA21463846D9F8003007B003
:10624000BDE8F04F1847002200230820F6F734FD80
:106250000446D0B1D5F80130A8F1050600F10C08CC
:106260000422404605A9059311F0A3FABDF81630A3
:106270009E4250D000933346344A01212F4810F0FB
:10628000FCFF2046F5F77EFF88E70121304A2B48C6
:1062900007B0BDE8F04F10F0DDBF32464046691D43
:1062A000C7E7032B03D8042200922A4A72E7002290
:1062B00000232020F6F700FDDFF89CA00446C0B1C3
:1062C000D5F80130A8F1050600F10C08042240467B
:1062D00005A9059311F06DFA0023CAF80030BDF846
:1062E0001630C3F30D039E4215D01C4A009333466B
:1062F000C3E76421DAF80020B2FBF1F301FB1323BA
:106300001BB917490D4813F046F9DAF8003001338C
:10631000CAF8003042E7404611F043FA8642BCD941
:10632000334600906FE70F49044807B0BDE8F04FCF
:1063300013F031B973950300C094030014C5020033
:106340001B95030050950300EC940300B7950300E0
:106350009D950300E4950300402900202E9603003C
:106360000E9603005C96030070B5056900200E468A
:1063700000F060F8044630B102461549154813F0A4
:106380000AF9204670BD286CF2F7C2FE044628B117
:1063900010F1780F02D002460F49EFE7286C05F1A3
:1063A0000C02291DF2F7F4FE044610B102460B4917
:1063B000E4E74FF48032002305F1280006F0ECF901
:1063C000044610B102460649D8E72E60D9E700BF5F
:1063D0007096030014C5020095960300C59603004D
:1063E000E996030038B50569281DF2F7F3FE044667
:1063F00030B102460B490C4813F0CDF8204638BDA9
:10640000286CF2F7A5FE044610B102460749F2E7F0
:1064100013F0C6F8044610B102460549EBE72860C0
:10642000ECE700BF0997030014C50200349703008E
:106430005897030010B50D4BD3F8404414F4807402
:106440000BD00B490B4840F286430B4A10F059F829
:1064500040F28641084810F04BF810220120C3F8A2
:106460004024F6F72BF9204610BD00BF0030005045
:10647000D6970300C4480300A497030037B5402310
:106480000C460A490093411A491105462346084A19
:10649000084813F08BF8011E05DA2846234603B09E
:1064A000BDE83040184703B030BD00BF5829002078
:1064B0001996020038C0020010B5EFF311842023B2
:1064C00083F31288BFF36F8F074A136823F002012A
:1064D000DB07116002D4012002F0B6FE84F31188BC
:1064E000BFF36F8F10BD00BF082A0020C9B2032977
:1064F00008B509D909490A487E230A4A10F001F86B
:106500007E2108480FF0F4FF0C22036901FB0233DF
:10651000D3F8880000F0070008BD00BF5F980300B3
:10652000C44803002298030070B5C9B20329036967
:106530000BD9194919484FF4E873194A0FF0E1FFD4
:106540004FF4E87116480FF0D3FFEFF311852024C4
:1065500084F31288BFF36F8F0C2606FB0134D4F846
:10656000884014F0C00408D0A24206D085F31188F8
:10657000BFF36F8F4FF0FF3070BD012271430B44AA
:10658000C3F8882085F31188BFF36F8F43680B44ED
:106590005B6898470020EFE75F980300C44803005A
:1065A0002298030070B50D4606490446411A491168
:1065B00040220548FFF7B8FF2B4601462046BDE8BC
:1065C000704018475829002038C002002DE9F047D4
:1065D0000022012107460520F4F7E8FF124802F0E7
:1065E000A3FD0446D0B902F0D3FD25464FF00C0AB6
:1065F0004FF00108DFF834903E69494606EB45103C
:1066000010F04CF9031E0CDB0AFB05660135042D66
:10661000C6F88880F0D12046BDE8F0876FF004040A
:10662000F9E71C46F7E700BFC1660100F82A03003E
:106630007FB500220123CDE9022304ABCDE9043369
:10664000094A6B46CDF800D0CDF804D012F0DDFF3A
:10665000002805DB4FF480420023684606F09CF8D2
:1066600007B05DF804FB00BF3D9602000C22124B00
:10667000014602FB0033002030B4D3E92052C3F8B6
:106680008000EFF31180202484F31288BFF36F8F12
:10669000D3F8884004F0C00444F00204C3F88840F2
:1066A00080F31188BFF36F8F1DB12B4630BC0348B8
:1066B000184730BC704700BF5829002038C002007E
:1066C00008B5092822D8DFE800F00513212121218F
:1066D0002115110F134BD3F8880010F007001FD1BC
:1066E000BDE80840FFF7C2BF0220F9E70320F7E743
:1066F0000120F5E70C4940F2FA230C4A0C480FF050
:1067000000FF40F2FA2109480FF0F2FE06494FF46B
:106710004173064A06480FF0F4FE4FF44171F2E768
:1067200008BD00BF582900204CAB0300229803008D
:10673000C448030010B4EFF31182202383F31288BE
:10674000BFF36F8F1848016841F002040460C80766
:1067500007D482F31188BFF36F8F012010BC02F0C1
:1067600039BD4FF05021D1F80C04D1F80C14C907F1
:10677000EFD5EFF3118083F31288BFF36F8F0B49CE
:10678000D1F8883003F0C00343F00203C1F8883029
:1067900080F31188BFF36F8F82F31188BFF36F8F7F
:1067A000002010BCFFF762BF082A002058290020F3
:1067B0002DE9F041012206464349D1E8EF3FC1E807
:1067C000E02F0028F9D1A3B9404941484B60CB6084
:1067D0008A60F2F71BF800280BDA3E4940F2A32347
:1067E0003D4A3E480FF08DFE40F2A3213A480FF09B
:1067F0007FFE76B3731E012B5BD8012E07D14FF0BD
:106800005023D3F81C3403F00303022B21D014F0DF
:1068100020FB0546F8B9324B1B78E3B14FF050230B
:1068200002220746C3F808234FF05024DFF8B48053
:10683000D4F81824D4F81834D20315D503F0030380
:10684000022B01D0012E0FD16DB387F31188BFF356
:106850006F8FBDE8F081EFF31187202383F3128857
:10686000BFF36F8F0125DFE7C5B1384610F029FF70
:10687000D4F81835DBB2012BDAD1D4F80421002A80
:10688000D6D00022C4F80421D4F804210222C4F88E
:1068900018252022C8F88021A360C9E70021212003
:1068A00007F0DEFEE4E74FF050230222C3F8042392
:1068B000CFE70D4940F2B523074A08480FF021FE03
:1068C00040F2B52192E700BF54290020442900205E
:1068D00078290020645B030022980300C448030069
:1068E0005F4B002000E100E04CAB030008B5074817
:1068F00014F0B3F938B10648F5F7D8F90448F1F7C0
:1069000083FA002008BD6FF01200FBE7A8C0020068
:10691000156901000A2838B50446074D04D1AB6853
:106920000D212846DB699847AB680348DB69E1B273
:106930009847204638BD00BFA8C00200F7B50F46F3
:10694000164648B918491823184A19480FF0D9FDB6
:10695000182116480FF0CCFDE9B916491923134A3E
:1069600013480FF0CEFD1921F3E7331BB3F5806F09
:1069700038BF1D4600202A4601AB39190AF002FE35
:1069800068B9019BAB420AD12C44A642EDD809D08C
:10699000162003B0F0BD4FF480650024F5E76FF0DA
:1069A0001500F6E70020F4E7ED980300BD9803001A
:1069B000C4480300009903004FF47F03D3F830214B
:1069C000D3F83431072A05D1023B032B04D8034AFC
:1069D000D05C70470020704701207047D89A0300B0
:1069E000024B0B6001231360704700BFA82B03000C
:1069F000004870473C2B03000268154BFF2A08BF74
:106A00004FF0FF32C3F824254268FF2A08BF4FF039
:106A1000FF32C3F828258268FF2A08BF4FF0FF32F3
:106A2000C3F83025C268FF2A08BF4FF0FF32C3F811
:106A300034250269FF2A08BF4FF0FF32C3F838251A
:106A40004269FF2A08BF4FF0FF32C3F83C25704768
:106A500000B0025030B50D46416885B069B1D1E94A
:106A600000138468B4B1D4E90024A4B19BB19C4262
:106A700005D06FF0150005B030BD0B46F1E75C1C8A
:106A8000092C03780AD902210D4A0E48009410F00F
:106A9000F4FBEEE7224601331C44F1E78DF80830A1
:106AA00040F20113ADF80A30002302A88DF8094026
:106AB0008DF80C308DF80D5003F034FFDBE700BF8C
:106AC00026990300E4C502002DE9F04F91B0436818
:106AD00000AF5E6B05460021304607F1280212F038
:106AE00030FF041E76DBBB6A32681979186800F043
:106AF000BFFE041E6EDB002201212B20F4F756FDA1
:106B0000286912F050FED5F804902A6948467A495F
:106B100003F0DEFE041E55DB784E07F128040FCE8D
:106B20000FC496E80300002307F1040A7B60CAE95A
:106B30000133AB2384E803003B71714B07F128005C
:106B4000D3F8242507F11006D2B23A61D3F82825EC
:106B5000D2B27A61D3F83025D2B2BA61D3F83425F3
:106B6000D2B2FA61D3F83825D2B23A62D3F83C35C2
:106B7000DBB27B62FFF740FF012003F053FF80464A
:106B80003046FFF739FFB8F1000F28D14146504693
:106B9000FFF760FF041E15DB232014F05AF84FF0B6
:106BA000030B9F23C7E90A884146C7F810A0C7F81E
:106BB00014B087F828303E6307F12800FFF74AFF3A
:106BC000041E0FDA284612F0AFFD03F071FF08B182
:106BD00003F04CFF20464437BD46BDE8F08F6FF010
:106BE0000404EFE75A46514609F1300015F012F956
:106BF000044618B36C468CB06A4697F804E097F8E0
:106C000005C0BE7999F8300099F8311099F8323002
:106C1000D3620823DFF8EC90C2E907C6C2E9059EFB
:106C2000C2E9090142F8103F44F2400143463648A8
:106C3000F3F796F9A5466FF01204C3E76A68537F2D
:106C4000023B012B17D992F81C90A9F10209B9F166
:106C5000020F8CBF4FF000094FF0010912F0D8FD70
:106C6000B0F100080ADA01214346284A264810F00C
:106C7000FAFA4446A6E74FF00109EFE75FFA88F217
:106C8000C8F38018C1459DD00023012182F0400245
:106C9000BB623F6179613B6387F82810FE6207F1B0
:106CA00028003B803A70FFF7D5FE041E07D112F092
:106CB000AFFD041E04DB14F00104F8D182E781DA91
:106CC000134A144B6E468AB0B9F1000F18BF134631
:106CD0006A461149D461C2E905134FF40073138465
:106CE0000E4B42F8103F00234FF411510648F3F7C2
:106CF00037F9B54666E700BF5997020014C702008E
:106D000000B002504F990300E4C5020081990300CE
:106D1000BF7E03004999030091990300040000011C
:106D20002DE9F04F82460E461C46904687B072B160
:106D30007BB10029426803DBD26A0B4493420CD931
:106D4000012133463D4A3E48009410F096FA6FF018
:106D50001504204607B0BDE8F08F754205F0030525
:106D600012F03BFDA54228BF2546D8F1000303F0F1
:106D7000030308F0030758BF5F427F4207F0030791
:106D8000A74228BF2746631BE41B24F0030423F01B
:106D90000309A145C8BFA14603F0030BC8BFA3EB7D
:106DA000040BB9F1000F17D008EB0703494618464A
:106DB0007219039313F003FA04460146DAF810003F
:106DC00012F0D0FCA4BBBD4206D0039B4A46194634
:106DD00008EB050014F0FCFF9DB1C5F10407042188
:106DE000F21B04A813F0EBF904460146DAF8100090
:106DF00012F0B8FCE4B904AB2A464046D91914F0A5
:106E0000DAFFBBF1000F17D0721908214A4404A819
:106E100013F0D5F904460146DAF8100012F0A2FC8E
:106E200034B909EB05005A4604A9404414F0C3FFE5
:106E3000504612F0A0FC8CE75C46F9E7A2990300EB
:106E4000E4C502002DE9F0430F4606461D46904674
:106E5000416885B02AB96FF01504204605B0BDE839
:106E6000F083002BF7D0042B01D9AB07F3D117F037
:106E70000304F0D1002F03DBCA6A7B19934207D9C0
:106E800001213B46314A3248009510F0F6F9E2E71D
:106E9000304612F0A2FC204612F0D5FC044630B178
:106EA000012012F0D0FC304612F065FCD5E7032D2E
:106EB0001BD804213A4603A813F081F90446014681
:106EC000306912F04FFC002CEAD12A46414603A853
:106ED00014F071FF3A46042103A813F06DF904463B
:106EE0000146306912F03EFC21E008F06043B3F146
:106EF000005F02D118F0030F24D0042DA94628BF4B
:106F00004FF0040941464A4603A814F054FF49468D
:106F10003A4603A813F050F904460146306912F0CE
:106F200021FC24B9B5EB0905C8444F44E5D1012043
:106F300012F089FC0546304612F01DFC002C08BFFB
:106F40002C468AE73A4629464046C6E7EB990300B5
:106F5000E4C502002DE9F7430B460E4607461546E9
:106F6000D0F804C0C1F30B012AB96FF01504204614
:106F700003B0BDE8F083C2F30B0252EA0104F4D17E
:106F8000002B04DBDCF82C105A198A4206D90121A7
:106F9000364A3748009510F070F9E6E712F01DFC0C
:106FA0002046D7F8048012F04EFC0446002858D141
:106FB000D8F82C30AB421ED103F0E4FDA9460446BC
:106FC0002146386912F0CEFB002C3CD14E44A5EB93
:106FD000090500214FF4A47007F042FB12F018FCE1
:106FE000041E34DBE307F4D4002DE1D1012012F0BC
:106FF0002AFC044635E0B5F5803F09D3B3B253B956
:107000003146012003F05EFD4FF480390446D7E796
:10701000B5F5805F09D3C6F30B0030B9314603F0F4
:1070200051FD4FF480590446CAE701213346114A05
:107030000F48009510F021F96FF01501386912F032
:1070400091FB6FF015040C4A3346009502E033467D
:107050000A4A00950648012110F00FF9012012F0AC
:10706000F2FB384612F087FB81E700BF359A030038
:10707000E4C502007F9A0300BA9A03009D9A0300B8
:10708000024B0B6001231360704700BF0C2A0020E5
:1070900000487047B02B030007B50346054A00912E
:1070A0000548012110F0E9F86FF0150003B05DF814
:1070B00004FB00BFF29A030084C5020010B5012250
:1070C0000648114613F050FE13F073F8044C20608C
:1070D00013F06CF86060002010BD00BF142A00207F
:1070E0000C2A0020F7B50E46144613F05FF821462F
:1070F0000546304612F0C5FB374660B3B6FBF5F3E4
:1071000005FB136323B9B4FBF5F305FB13434BB144
:107110003346134A00941348012110F0AEF86FF083
:10712000150002E0A54202D9002003B0F0BD4FF0E7
:10713000FF324FF0FF330C4805F02EFB13F036F80A
:107140000546384603F0A2F8641B2F44F9D10648DF
:1071500005F09EFAE8E7054A33460094DBE700BFF6
:107160000F9B030084C50200142A0020F29A03003A
:10717000F7B50E461946304617461C4612F081FBFD
:1071800050B93346174A00941748012110F075F89A
:107190006FF0150003B0F0BD46EA040515F00305D5
:1071A00003D0124A33460094EEE7A4B14FF0FF3209
:1071B0004FF0FF330E4805F0EFFA24F00304A54228
:1071C00005EB060009D10B4AD2F80034DB07FBD5EA
:1071D000074805F05DFA0020DCE7795903F084F8F0
:1071E0000435ECE7F29A030084C502002E9B0300ED
:1071F000142A00200090035010B5036961B920499A
:107200004F23204A20480FF07CF920480FF079F9ED
:107210004F211C480FF06CF9486850B91C495023A5
:10722000184A19480FF06DF91A480FF06AF9502101
:10723000EFE75868F8B1884219D19C680868A14204
:10724000586000D19860002008602AB15A680A602E
:107250009A68596002B99960002010E0814206D115
:107260000868206098688142EDD19C60EBE7044695
:1072700000680028F2D1002AE8D16FF0150010BD97
:10728000FC5003006D9B0300C4480300A99B03004E
:10729000B89B0300CA9B030008B50368024659095E
:1072A00014D0012906D14FF6FF7103F01F03D94016
:1072B000C80712D40A490B484FF474730A4A0FF0F6
:1072C00020F94FF4747108480FF012F94FF0FF31B4
:1072D000D940C907EED5054800E00548136008BD50
:1072E000A9670300C44803007667030000258450A3
:1072F0000028845070B5446801F01F05207C86B0DA
:1073000045EA4015A068002871D0B2F5001F04D1ED
:10731000294602F0C5FD00204DE06068667CB2F5AC
:10732000800F46624FF0000601A80196466031D1F9
:10733000B3F1007F14BF052304238DF8043000232C
:10734000CDE904030393E368CB40D90735D4B2F108
:10735000A07F32D168460095FFF79EFF009B8033E7
:1073600050F82330DB0728D46A462946A06802F08B
:1073700021FC163019D0CDF808D02946A06803AA00
:1073800002F0B0FA002816DB01222946A06802F0BC
:1073900005FDC0E7B3F1C06F05D0B3F1007F14BFA6
:1073A00001230223C9E70323C7E76946A06802F067
:1073B000D1FC0028DFDA06B070BD6A462946A06815
:1073C00002F0F8FB0028D8D19DF80010A06802F068
:1073D000A1FC0028D1D00749074840F2F113074A21
:1073E0000FF08FF840F2F11104480FF081F86FF0C0
:1073F0008500E0E70A900300C4480300E19B030016
:107400002DE9F043466840F20635337CD00601F0A2
:107410001F0747EA431748BF032302EA050558BF81
:10742000C2F3401387B0B5F5837F14468DF803305F
:1074300044D00DD8062D16D005D8A5B1022D3FD0C9
:107440006FF0150037E0B5F5807FF9D101250AE02E
:1074500040F20222954235D0B5F5407F34D0B5F5E3
:10746000007FEDD102250123220303FA01F12DD57E
:1074700073689960B06870BB03A80397FFF70CFFAF
:10748000039B00EB830084F48033C3F30043C4F315
:107490004044D0F8002244EA43049DF8033022F42B
:1074A000706244EA830422F00F0244EA0523134386
:1074B000C0F80032002007B0BDE8F0830725D2E70E
:1074C0000425D0E70525CEE70325CCE7630344BFB9
:1074D0007368D960CEE739460DF1020202F06AFB0B
:1074E00014F4403F804617D13946B06802F0FAFBE9
:1074F000B8F1000FDED19DF80210B06802F00AFC6E
:107500000028D7D01E491F48FC231F4A0EF0F9FF60
:10751000FC211D480EF0ECFF4FF0000901ABCDE956
:107520000199CDE90439CDF80C903946B06803AA29
:1075300002F0D8F94845BDDB14F4003314D09DF8AF
:10754000033084F48034C4F300448DF80E308DF899
:107550000C508DF80D404B463946B06803AA02F036
:1075600087FA0028C4DAA5E7CDE904330DF1030357
:1075700003933946B06803AA02F0B4F9F1E700BFFB
:107580000A900300C4480300E19B0300420903463C
:1075900070B502D0012A1ED070BD144E32695168F8
:1075A0000029F9D0012503F01F030C689D40002934
:1075B000F2D08A682A4012D04B6873B90C49742300
:1075C0000C4A0D480EF09DFF0C480EF09AFF7421F6
:1075D00008480EF08DFF0A4EE0E7304698471CB190
:1075E000236821461C46E2E72346FAE770C0020002
:1075F0000D9C03006D9B0300C4480300CA9B03005D
:1076000054C0020038B54568A86890B102F050FB3C
:10761000014670B9A86802F001FB044658B9024659
:107620000649A86802F0AEFA224605210D20F3F7BC
:10763000BDFF002038BD6FF00400FBE78D75010031
:1076400010B504460269A2B0C2F880001F490020AC
:1076500002F038FD002201212A20F3F7A7FF646819
:107660008422002101A814F0CDFB6368B3F5803FAC
:1076700004D30221164A17480FF0ECFD2368B3F536
:10768000803F04D30221144A12480FF0E3FD002387
:107690000120219301AA61680432D940C90744BF7F
:1076A00000FA03F142F8041C2168D940C90748BF19
:1076B00000FA03F103F1010348BFD163102BEAD1B3
:1076C00001A802F025FD002022B010BDB577010011
:1076D000319C0300B4C502005D9C030038B50F293E
:1076E0000C4605693CD843681B68CB40DB0737D59F
:1076F000D5F88430CB4003F001031AB9EBB96FF031
:1077000077002CE0002BFAD155F8213023B9022163
:10771000154A16480FF09EFDD5F8843013B92A207B
:10772000F3F714FF0122D5F88430A2401343C5F8C3
:107730008430E0B202F024FD0AE0C8B202F03EFD5F
:107740000122D5F88430A24023EA0203C5F8843030
:10775000D5F8843013B92A20F3F706FF002038BD8E
:107760006FF01500FBE700BF899C0300B4C5020061
:1077700038B505460C4622B102210C4A0C480FF0E0
:1077800069FD0F2C0ED86B685B68E340DB0709D5F9
:1077900001230020A400E4B204F1A04404F528343D
:1077A000236038BD6FF01500FBE700BFB99C0300F4
:1077B000B4C5020070B5D1F880600F2804460D46AC
:1077C000736803D81B68C340DA0704D402210E4A49
:1077D0000E480FF03FFDD5F88430E340DB0704D4BA
:1077E00002210B4A09480FF035FD05EB840255F8DC
:1077F00024503DB121463046AC46BDE870400023E0
:10780000126C604770BD00BFD49C0300B4C5020079
:10781000F09C030008B503680246590914D00129F9
:1078200006D14FF6FF7103F01F03D940C80712D4E9
:107830000A490B484FF474730A4A0EF062FE4FF483
:10784000747108480EF054FE4FF0FF31D940C9075B
:10785000EED5054800E00548136008BDA9670300A0
:10786000C448030076670300002584500028845034
:107870002DE9F04F1546824640F2FF19DFF8B8B106
:1078800085B000EB8108D04503D1002005B0BDE8EC
:10789000F08FDAF80030C3F3C3210829C3F30804DA
:1078A00000F2C380654A4C45575C4FEA136311D020
:1078B000222B1DD94E2B40F0BB80C5F81445012664
:1078C00003A80394FFF7A6FF039B06FA03F3836064
:1078D000334654E0222B09D94E2B40F0A9804FF0BB
:1078E000FF33C5F814350AF1040ACCE74FF0FF3432
:1078F000222B00F29D80DFE803F012171E362127AD
:10790000369B9B9B9B39669B9B9B9B9B9B9B9B9BC3
:107910006E797C7F9B9B9B82898C8F929500C5F8AA
:107920000C45631CCBD1DEE7C5F81445631CDAD0E7
:107930000026002323E0C5F80845F2E7611CC5F8DE
:107940000845D0D0002604E0621CC5F80C45CAD01A
:10795000012603A80394FFF75DFF0123039903FAAF
:1079600001F1C1600BE0C5F81045DFE7C5F8084537
:10797000002FDBD1661CB6D0002606273346DAF886
:107980000010039401F40040002818BF002303A84E
:1079900018BF012601910093FFF73CFF039C01995A
:1079A00000EB8400D0F80042009BC1F341213F026C
:1079B00047EA81073B4304EA0B04234343EA4603B7
:1079C000C0F800328FE7C5F80C45002FD2D0601CFC
:1079D00089D000267CE7C5F86045611CDAF80030E4
:1079E00081D0C3F30043002BB2D068E7C5F86445EB
:1079F000F3E7C5F86845F0E7C5F86C45EDE7C5F86D
:107A00002445621C3FF46FAF012692E7C5F8284574
:107A100087E7C5F83045F4E7C5F83445F1E7C5F820
:107A20003845EEE7C5F83C457BE76FF015002DE7DC
:107A30006FF085002AE700BFF0F0FCFF269D0300F1
:107A400070B5036986B0456804461422002101A878
:107A50001E6814F0D7F905238DF80430002386F84A
:107A6000633063680D4A1B68C3F808236B689B0783
:107A70000ED5EFF31185202383F31288BFF36F8FA8
:107A80000221204612F082F885F31188BFF36F8F30
:107A9000204601A911F06FFF06B070BD14020A0064
:107AA0002DE9F8430546002201210820F3F77EFD69
:107AB0000820F3F74BFD6C680121E06812F057F8DD
:107AC0006B6819682369C1F82435A27D637D207D28
:107AD0001343228B02431343C1F86C352C69206891
:107AE00078B100223549083013F072FA2368DD635B
:107AF000206800223249683013F06AFA2368C3F81C
:107B00009C506F68D7E9004313F001033CD04FF05D
:107B10000008D5F8109004F10C01C4F8A08109F117
:107B20000C02C4F88C8004F5907012F095F9061ED2
:107B300007DA0121234A24480FF08CFB3046BDE8C8
:107B4000F88399F80C0001F0CFFA0823C4F8003547
:107B50007B6AC4F844350123C4F84885A360D4F88F
:107B60005831002BFBD00023C4F800356B685968EE
:107B700011F0020106D1D8681C6811F0F8FF082343
:107B8000C4F800350026D9E70822C4F800257A6A2F
:107B9000C4F84425C4F848350123A360D4F8203143
:107BA000002BFBD00023C4F82031D4F8203101236E
:107BB000E3604FF48073C4F80433D0E7FB9C020009
:107BC000779D02002F9D030004C602002DE9F843B3
:107BD00004468846466813F03CF988B32169636817
:107BE0004FF020091D68EFF3118789F31288BFF366
:107BF0006F8F606811F0ABFF002839D00B6853B16C
:107C0000D3F8A4203AB1D3F8B420002A03DAD5F887
:107C10004C25C3F8B420736A012283F80080204603
:107C2000716A11F0D9FF73689B0744BF4FF480035A
:107C3000C5F8043387F31188BFF36F8FBDE8F8836D
:107C4000164B1A7863680AB92169C9E74FF0200911
:107C50001D686427606811F07AFF70B9012012F086
:107C6000C6F8013FF6D10021212006F0F9FCF0E72B
:107C700087F31188BFF36F8FB5E7EFF311810F46DC
:107C800089F31288BFF36F8F606811F060FF0028DE
:107C9000C1D181F31188BFF36F8FE4E75F4B002000
:107CA0002DE9F04F9946D0F804A0036985B01C680F
:107CB00002939AF80830064688461746DAF80050CC
:107CC00073B1554940F2FB63544A55480EF019FC14
:107CD00054480EF016FC40F2FB6150480EF008FCD0
:107CE00094F86330002B40F0948094F8643003F0F3
:107CF000FF01002B40F08D80B9F1FF3F69D0B9F151
:107D0000040F66DD4FF0050C4FF4004099FBFCFCBE
:107D1000DFF814E10023CCFB00E1444A7046E9F7A8
:107D2000E3F84FF0000BC4E91601C4E91087C4E979
:107D300012BBC4F850B0DAF80420920750D5EFF324
:107D400011822021039281F31288BFF36F8F0221E9
:107D5000304611F030FF039A82F31188BFF36F8F22
:107D6000DAF8042093073BD594F86160C6B3BE42AD
:107D700028BF3E4640463246DAF8201014F01BF881
:107D8000BF1B29D194F86120921BD2B284F86120E4
:107D9000DAF82000811914F01BF8029B03F1080B9C
:107DA000DBE8EF3F43F00403CBE8E23F002AF7D1E2
:107DB00045F30735002D08DB01226B091C4905F04E
:107DC0001F05AA40403341F82320002005B0BDE83C
:107DD000F08F00200146A4E7B9F1FF3F0CD1B04479
:107DE000144BC5F83485C5F83875C5F8043301233C
:107DF00084F863302B60E8E7C5F808B1D5F808319E
:107E0000D4E91623CDE9002304F1080007F08CFA29
:107E1000E5E76FF00F00D9E74CAB03004E9D030080
:107E2000C4480300829D03003F420F0040420F0000
:107E300000E100E010020A002DE9F04F4368D0F89D
:107E400010B01D680446D5F804934FF400324B4639
:107E50004FF4A27128468DB0DBF8007011F06BFE74
:107E6000064608B197F862604B4610224FF48871BD
:107E7000284611F060FE4B4604224FF484710390B3
:107E8000284611F058FE4B464FF400224FF4A671DD
:107E90000490284611F04FFE4B4680464FF4007286
:107EA0004FF49271284611F046FE38B363681422ED
:107EB0001B68002107A8D3F880A4059313F0A2FF44
:107EC00006221AF0010F059B8DF81C2040F0DB8084
:107ED0001AF0020F40F0D9801AF0040F40F0D7805A
:107EE0000AF0080220468DF8202007A9C3F880A4D4
:107EF00011F041FD0021204611F0C0FD049B93B11B
:107F0000002123696268D2F800A01A6882F8601024
:107F10001868D0E91623CDE90023083007F004FAE9
:107F20000423CAF80833039B002B00F0B280FB6CDB
:107F3000002B40F0ED80B8F1000F40F0B28000223D
:107F40002046114611F081FE06B34FF0000887F875
:107F500062802369D4F804A01E68316C21B12046E8
:107F600011F010FDC6F8408096F86430002B00F048
:107F7000DA80002386F864300022636820461B689C
:107F8000C3F80821D3F80831FFF75AFD19F4807FB0
:107F900019D0D5F82031B3B163681B68EFF31182B3
:107FA000202181F31288BFF36F8FD3F8201131B1F4
:107FB0000021C3F82011D3F820110121D96082F3E8
:107FC0001188BFF36F8F19F4800F3ED0D5F8583168
:107FD000002B3AD063682569D3F80080EFF311894C
:107FE000202282F31288BFF36F8F2A685B68D2F871
:107FF000B4100029ACBFD2F8B460D8F84C659A0729
:1080000007D54FF4800301212046C8F8083311F04A
:10801000BDFD89F31188BFF36F8F2B68D3F8A020C3
:108020009AB193F8B810002900F0A180EFF31186FF
:10803000202383F31288BFF36F8F2946204611F067
:10804000E4FD86F31188BFF36F8F0BF10803D3E8CB
:10805000EF2F22F00401C3E8E01F0028F7D15307F7
:1080600040F1C3802046796C11F0A0FC2046396CA9
:1080700011F088FC00232046C7E910330DB0BDE89D
:10808000F04FFFF7DDBC01222CE702222AE7042291
:1080900028E7B8F1000F3FF457AFFB6CEBB94FF096
:1080A00000081422002107A813F0ACFE03238DF86A
:1080B0001C30236920461A6807A9D2E916321343F7
:1080C0001FBF042263681B68C3F8042311F053FC2C
:1080D000B8F1000F7FF433AF36E7D5F810315BB954
:1080E0004349444840F6B813434A0EF00AFA40F6B2
:1080F000B81141480EF0FCF9039B0121C5F810317D
:10810000204606F00102D5F8103111F09EFDC6E7B9
:108110004146204606F0010211F097FDB8F1000F2C
:108120003FF412AFBBE7DAF8043099077FF524AFCC
:1081300062681368126AC3F834250522C3F838252B
:108140000122DA62D3F81021002AFBD00021C3F803
:108150001011D3F81021D3F84C212AB1C3F84C11D7
:10816000D3F84C21D3F83C2586F8612004E7D3F8F6
:10817000A8108A4211D0D3F8AC10D3F8B020B14285
:10818000324430D12046C3F8B02011F0B5FC0028AD
:108190007FF44CAF2B68D3F8B0602868683012F0D9
:1081A00023FF1422002107A813F02CFE2B68204681
:1081B000D3F8A03007A9CDE908362B68D3F8A4304E
:1081C0009E421CBF01238DF81C304FF48003C8F879
:1081D000083300232A68C2F8A0302A68C2F8A43005
:1081E00011F0C9FB31E71646D7E70DB0BDE8F08FB7
:1081F0009B9D0300C44803004E9D0300F7B506464F
:108200001C460569EFF31187202383F31288BFF31F
:108210006F8F2B68D3F8A4C0BCF1000F07D087F391
:108220001188BFF36F8F6FF00F0003B0F0BDC3F87C
:10823000A4202B68C3F8A01001F06043B3F1005FE5
:108240002B6814D1C3F8A8102B68C3F8AC202946BA
:10825000304611F0DAFC87F31188BFF36F8F736833
:108260001B7D012B01D1631C06D10020DDE7C3F883
:10827000B0C011F041FCEAE74FF4004600210A4883
:1082800024EAE4740023C4FB0601084AE8F72CFE44
:108290002D6802460B46683500200021CDE900011B
:1082A000284607F041F8E0E73F420F0040420F0048
:1082B00070B40E4922F07F46D1E90034D01AC318B9
:1082C00044F10004C1E90034A6F50013B3F5400FF2
:1082D00009D2074B1B681A0A1B069C19054B42F171
:1082E0000005C3E9004570BC06F060BEF01D00202B
:1082F000D42A0020F81D00200D4B1868010A000642
:10830000BFF35F8F0B4BD3F80435181841F1000110
:10831000B3F5801F0AD2084BD3E90023904271EBDA
:10832000030303D210F1807041F10001704700BFD8
:10833000D42A002000500150F81D00202DE9F743F9
:108340002E4BD3F8042390070BD5D3F8042142B168
:108350000022C3F804212A4AD3F8043113680133F8
:108360001360264AD2F80433D90326D5254BD3E827
:10837000EF1F21F00100C3E8E40F002CF7D1CB0779
:1083800002D4D2F84031C3B100251C4CC4F840518E
:10839000D4F84031FFF7B0FFEFF31182202383F3CD
:1083A0001288BFF36F8F184BD3E90267B042B9410F
:1083B00006D282F31188BFF36F8F03B0BDE8F0835C
:1083C0004FF0FF38D3E900104FF0FF391D60C3E9CB
:1083D00002894FF48033C4F84833C4F84051D4F8CC
:1083E000403182F31188BFF36F8F0029E5D00090F0
:1083F00032463B4628468847DFE700BF0050015021
:10840000D42A0020CC2A0020E01D00202DE9F84FBE
:1084100004460D46434FD7E8EF8F28F00103C7E825
:10842000E23F002AF7D14FF480393F4EC6F8089357
:10843000BFF35F8FBFF36F8FFFF75EFFA04271EB5B
:10844000050308F0010840D2384B201A65EB010102
:10845000984271F1000148D2354BD3E902239D4285
:1084600008BF94423AD04FF0000C24F07F4083467E
:1084700003216FF0020EC6F84893C6F840C1D6F843
:108480004031DFF8B0A02BF07F43C6F84035C6F886
:108490004493D6F80425AEEB02035B4423F07F43FC
:1084A00053451BD9D6F840315BB1D6F80425131AD1
:1084B00023F07F43B3F5000F10D9C6F840C1D6F8BA
:1084C000403101EB020B0131DDE71B4BD3E8EF1F1D
:1084D00041F00101C3E8E21F002AF7D1144B174A0B
:1084E000C3E902451A6000225A60B8F1000F16D0A5
:1084F000D7E8EF3F43F00103C7E8E23F002AF7D196
:108500004FF48032084BC3F804230B4BD3E8AF3F42
:10851000DB0742BF4FF40012094BC3F80021BDE84E
:10852000F88F00BFD02A00200050015001008000C9
:10853000E01D0020FDFF7F00CC2A0020B182010059
:1085400000E100E070B54FF0FF3000254FF0FF3143
:10855000164C174B0226C4F80833C4F84833154BA1
:10856000C4F80855C3E902014FF480334FF40012F8
:10857000C4F80433104B0121C4F804631520C3F878
:1085800080212A46F3F712F81520F2F7DFFF0123C6
:108590000A4AA3600021236009481360FFF736FFF1
:1085A0003046FEF705F9284670BD00BF0050015067
:1085B00003000F00E01D002000E100E0D02A0020B1
:1085C000FFFF7F00431C10B50F4C05D08442A8BFAD
:1085D0000446012CB8BF0124FFF78EFE0B4AD2E9F6
:1085E0000031C01AB0F5000F074A0AD22044904269
:1085F00028BF1046BDE81040C01841F10001FFF748
:1086000005BF1046F6E700BFFFFF7F00F01D00200A
:1086100008B5FFF771FE024B1B68C01A08BD00BF0A
:10862000F01D00202DE9F04112F0FC6F1346D0E957
:10863000014706690ED042494FF47D73414A4248D2
:108640000DF05FFF41480DF05CFF4FF47D713D4838
:108650000DF04EFF02F03002302A0CD13C4940F2BE
:10866000F733384A38480DF04CFF3A480DF049FFCF
:1086700040F2F731EBE7384A384D1A40AA420CD1A4
:10868000374940F2FB332F4A2F480DF03AFF354867
:108690000DF037FF40F2FB31D9E703F00602042A60
:1086A00009D1314940F2FE33264A27480DF029FF0F
:1086B00040F2FE31CBE713F4402216D09D030CD4D8
:1086C0002A4940F201431F4A1F480DF01AFF28486B
:1086D0000DF017FF40F20141B9E7B2F5402F18D075
:1086E000244A9A4301D183F44023012524688D4014
:1086F000254223F4801219D11F4940F21143114A37
:1087000011480DF0FEFE1D480DF0FBFE40F2114138
:108710009DE71B4940F205430A4A0B480DF0F1FE64
:1087200018480DF0EEFE40F2054190E73468DB0793
:108730004CBF2C43AC4334603B68BDE8F041184764
:10874000E99D030055480300C4480300589E0300F8
:108750007C9E0300B59E030002000300020001009E
:10876000F29E03003F9F03008E9F0300C19F030002
:1087700010A003000100100086480300E148030038
:108780004BA0030098A0030070B5836846689C69FD
:108790000569002C66D002F4C003B3F5C00F0ED1FA
:1087A00032494FF46373324A32480DF0AAFE324820
:1087B0000DF0A7FE4FF463712D480DF099FE63B9DB
:1087C0002E494FF464732A4A2A480DF09AFE2C4829
:1087D0000DF097FE4FF46471EEE702F0E863B3F139
:1087E000C86F0CD1274940F29333214A21480DF03C
:1087F00088FE25480DF085FE40F29331DCE702F05B
:10880000C863B3F5800F0CD120494FF46873184A40
:1088100018480DF076FE1E480DF073FE4FF4687197
:10882000CAE7012336688B4033420CD1194940F224
:10883000A5330F4A0F480DF064FE17480DF061FE96
:1088400040F2A531B8E7160204D52D682B4218BFB7
:1088500082F0C062114BA446BDE87040134002F0A4
:10886000B07260476FF0570070BD00BFC4A0030036
:1088700055480300C448030011A103003DA10300B3
:108880006DA1030098A103002BA203007FA20300A7
:10889000E6A2030086480300E1480300400000060A
:1088A000012310B503FA01F1436804691B681942FA
:1088B0000ED10E4940F2A2630D4A0E480DF021FE82
:1088C0000D480DF01EFE40F2A26109480DF010FEA9
:1088D0002368194203D022B183681B6903E0002A90
:1088E000FAD08368DB68BDE810401847864803006B
:1088F00055480300C4480300E14803002DE9F8434C
:1089000007460026164DDFF85C80DFF85C9028688B
:10891000CFB140451AD0484514BF4FF0E8634FF03F
:108920009863EA88297902F040021A43FFF72CFF86
:10893000044670B1012103460C4A0D480EF093FC29
:108940002046BDE8F8834FF40013EAE74FF0986340
:10895000E7E70136042E05F10805D8D1F0E700BF9E
:10896000502C030070C0020054C002002BA303006F
:1089700074C5020008B50349034811F003FA6FF00B
:10898000150008BD4BA3030074C5020070B5044672
:10899000EFF31186202383F31288BFF36F8F2348F0
:1089A00006F070F968B98823214A224922480DF05F
:1089B000A8FD1E4921480DF0A4FD88211C480DF09A
:1089C00097FD1F4D194806F081F92B78BBB91D4B57
:1089D0009C4202D01C4B9C420AD10020FFF78EFF24
:1089E00018B11A491A4811F0CDF90022194B1A7022
:1089F000012321222B701848002304F04DFD0B4861
:108A000006F04EF968B94FF49A73094A13490A48B7
:108A10000DF077FD054912480DF073FD4FF49A7182
:108A2000CCE786F31188BFF36F8F70BDFC2A00205E
:108A30003956030066560300C44803007B56030002
:108A40005E49002070C0020054C0020066A303000B
:108A500074C502005D490020001E002091560300ED
:108A6000A856030008B50349034811F08BF900200C
:108A700008BD00BF82A3030074C502002DE9F743BF
:108A800000244FF0010825461C4E306837794368B2
:108A900008FA07F71B681F420ED1194940F24963D3
:108AA000184A19480DF02DFD18480DF02AFD40F226
:108AB000496114480DF01CFDD0F81090836801A99D
:108AC0005B68984700280CD012DB08FA05F31C43BA
:108AD0000135042D06F10806D7D1204603B0BDE8C4
:108AE000F083D9F80020019B53403B42F0D0ECE7E3
:108AF00003B0BDE8F043FFF7B5BF00BF502C030043
:108B00008648030055480300C4480300E1480300B9
:108B10002DE9F041074688460025104E27FA05F258
:108B200012F0010210D128FA05F3DB070ED53179D6
:108B30003068FFF7B5FE044640B10949094811F015
:108B400021F92046BDE8F0810122F0E70135042D2E
:108B500006F10806E2D10024F3E700BF302C030041
:108B600097A3030074C502002DE9F041494F3B78FB
:108B700053B10020FFF7C2FE28B147494748BDE87E
:108B8000F04111F0FFB83870FFF778FF0446444B0E
:108B9000D3E8EF2FC3E8E14F0029F9D1414BDFF8CB
:108BA00008811A7842BBD8F80060A64219D03F4B22
:108BB00066401B680BB1314698474FF0FF334FF0CA
:108BC000FF323B4803F050FA3A4B1D6835B1043D83
:108BD0002B683146204698476D68F7E7344803F024
:108BE00013FBC8F8004054B1BDE8F0414FF4A47243
:108BF0000023314804F050BC00221A70F1E7EFF373
:108C00001186202383F31288BFF36F8F2B4806F061
:108C100039F868B988232A4A2A492B480DF071FC93
:108C200026492A480DF06DFC882125480DF060FC8E
:108C3000224806F04BF8264B1D78012D17D01F480F
:108C400006F02EF868B94FF49A731D4A21491E4860
:108C50000DF057FC194920480DF053FC4FF49A7160
:108C6000E3E786F31188BFF36F8FBDE8F0812846F4
:108C70001C70FFF743FE044610483D7006F010F8E4
:108C80000028E0D086F31188BFF36F8F002CECD062
:108C9000124973E75D490020ADA3030074C50200CB
:108CA0000C2B00208D0A0020DC2A0020102B002035
:108CB000E02A0020F42A0020001E0020FC2A0020C8
:108CC0003956030066560300C44803007B56030070
:108CD0005E49002091560300A8560300C6A3030076
:108CE00070B500260C4CE2882068217942F40032ED
:108CF000FFF798FC054648B90136042E04F1080434
:108D0000F1D1BDE870400F21FFF702BF03490448CD
:108D100011F038F8284670BD302C0300DEA30300A4
:108D200074C50200054BD3E8AF3F00B103600448AF
:108D300011B102685A400A60036070470C2B002092
:108D4000D82A00202DE9F8433A4B18603A4D3B48A9
:108D500011F0D1FF2E464FF000082F46F288306800
:108D600012F0010F14BF1023202331791A4342F46B
:108D70008032FFF757FC044630B13149314811F0D9
:108D800001F82046BDE8F88308F10108B8F1040FA6
:108D900006F10806E2D1064680464FF00109EA884E
:108DA000286802F04002297942F40012FFF7ECFC37
:108DB000044608B12449E1E72B7908F1010809FAD2
:108DC00003F3B8F1040F46EA030605F10805E6D1FE
:108DD0000546DFF878801E4BC8E9013657F83500A4
:108DE0008368DB6933B1012241469847044620B1CC
:108DF0001849C3E76FF05704FAE70135042DEDD1A8
:108E00001549164804F010FA0122154B13481A7040
:108E10000023002204F0B8FA21462046FFF782FF23
:108E2000FFF72CFE0F4BD3E8EF2FC3E8E10F00292B
:108E3000A7D0F8E7102B0020502C0300E02A0020D8
:108E4000F8A3030074C5020015A40300002B002042
:108E50008D89010030A40300698B0100001E0020F1
:108E60005E4900200C2B002003280A4610B503D9C8
:108E7000BDE81040FFF77EBD074B03EBC001097949
:108E800053F83000FFF70CFD044618B103490448BD
:108E900010F078FF204610BD302C030097A303008C
:108EA00074C502004FF40071014806F077BD00BFA1
:108EB0005F4900204FF47F03D3F83021D3F83431D9
:108EC000072A05D1023B032B02D8024AD05C704727
:108ED0000020704760A4030008B5FFF7EBFF58B10E
:108EE000644BD3F8202A3AB90D21C3F8201A012186
:108EF000C3F81C19C3F81C290022D30003F57F0313
:108F0000D3F80013013107D0D3F800130132D3F89E
:108F10000433202A0B60F0D1FFF7CCFF002840F08B
:108F2000A080FFF7C7FF40B1534B544AC3F8302528
:108F30004FF050230122C3F858254FF47F03D3F894
:108F40003021D3F83431072A09D1023B032B06D84C
:108F50004B4AD35C1BB100224A4BC3F84C25FFF7A8
:108F6000A9FF50B14FF05023D3F80024D10742BFDE
:108F70000022C3F81421C3F818214FF47F03D3F85B
:108F80003021D3F83431072A09D14FF05023D3F8D8
:108F90000024D20744BF6FF00102C3F80024FFF79A
:108FA00089FF18B16522334BC3F80C274FF47F03B8
:108FB000D3F83021D3F83431072A16D1314BD3F806
:108FC0002034002B11DA4FF050230322C3F8182568
:108FD00001229A60D3F80421002AFBD00022C3F8B2
:108FE00004210122DA60C3F818254FF47F03D3F877
:108FF0003021D3F83431072A23D1023B032B02D886
:10900000214AD35CEBB17E221A4B1B49C3F80C27D3
:10901000C3F83C297F231D4AC2F818310023C1F848
:10902000043EC1F8083E01F54821C1F81031C2F8EC
:109030002431C2F82C3102F5FF1202F58052C2F839
:10904000A032134AD2F88C3043F44063C2F88C301B
:10905000104A114B1168C3F84415D269C3F84C2566
:1090600008BD2922034BC3F80C270322C3F83C2771
:1090700057E700BF00400050009003504400EFBE8F
:109080005CA403000020035058A4030000200050FB
:1090900000ED00E00080FF0000600050014B186010
:1090A000704700BF142B002010B50B4B14461868F6
:1090B00058B90A490A4840F2F3130A4A0DF021FA56
:1090C00040F2F31107480DF013FA10F092FE002859
:1090D000A4BF2070002010BD142B0020A1A4030009
:1090E000C448030064A403000123024A8340C2F879
:1090F0000435704700700150014B00201B68184771
:10910000182B0020014B1B68184700BF182B0020AC
:10911000014B09201B681847182B0020014B082021
:109120001B681847182B002010B5144C237913BB6B
:1091300001232371124B0028206018BF184600F04D
:10914000BDF8D0B923680F48002B08BF184600F0BF
:1091500097F990B923680C48002B08BF184600F017
:1091600003FA50B923680948002B08BF1846BDE828
:10917000104000F015B96FF0770010BD182B0020DB
:10918000F990010011910100059101001D9101006C
:1091900008B50C4B1A794AB90B490C48B1230C4A53
:1091A0000DF0AFF9B1210A480DF0A2F91B6843B1E7
:1091B0000520F2F7EDF920B9BDE808400520F2F7E7
:1091C000C5B908BD182B0020F4A40300C44803004F
:1091D000B7A4030008B5174B1B795BB9164940F2D9
:1091E0000513164A16480DF08CF940F20511134884
:1091F0000DF07EF9032813D8DFE800F002060A0E0E
:10920000BDE8084000F0C2B9BDE8084000F068B809
:10921000BDE8084000F046B9BDE8084000F0CEB80F
:1092200008494FF49273054A05480DF06AF94FF466
:109230009271DCE7182B0020F4A40300B7A403000C
:10924000C44803004CAB030008B5174B1B795BB94E
:10925000164940F22B13164A16480DF052F940F207
:109260002B1113480DF044F9032813D8DFE800F060
:1092700006020A0EBDE8084000F060B8BDE80840EC
:1092800000F0D8B9BDE8084000F03CB9BDE808409E
:1092900000F0C4B808494FF4A573054A05480DF01D
:1092A00030F94FF4A571DCE7182B0020F4A403007B
:1092B000B7A40300C44803004CAB0300074B0246AD
:1092C000187938B91A6001221A714FF05023C3F887
:1092D000142570476FF07700704700BF202B0020E7
:1092E00008B512490B794BB9114912487723124A34
:1092F0000DF007F9772110480DF0FAF84FF05023E0
:109300000022C3F80021D3F8002101221A60096865
:1093100011B1C3F8042308BDD3F80021002AFBD003
:109320000022C3F80021D3F80031F4E7202B0020FD
:10933000F4A40300C448030012A5030008B5084BB9
:109340001B794BB9074908488923084A0DF0D9F819
:10935000892106480DF0CCF8BDE8084010F0A6BD04
:10936000202B0020F4A40300C448030012A503002E
:109370004FF05023D3F80423D2070DD5D3F80021A2
:1093800052B10022C3F80021D3F800210122C3F812
:109390000823024B1B681847704700BF202B002092
:1093A000054B0246187918B91A6001221A717047E4
:1093B0006FF07700704700BF282B002008B5134AD4
:1093C00013794BB9124913486123134A0DF099F8E8
:1093D000612111480DF08CF84FF050230021C3F8A3
:1093E0002011D3F8201101219961126822B14FF4A4
:1093F0008072C3F8042308BDD3F82021002AFBD0D3
:109400000022C3F82021D3F82031F4E7282B0020D4
:10941000F4A40300C448030055A5030008B5084B95
:109420001B794BB9074908487323084A0DF069F8BE
:10943000732106480DF05CF8BDE8084010F052BDFD
:10944000282B0020F4A40300C448030055A5030002
:109450004FF05023D3F80423D2050ED5D3F82021A2
:109460005AB10022C3F82021D3F820214FF4807292
:10947000C3F80823014B1B6818477047282B0020AE
:10948000074B0246187938B91A6001221A714FF059
:109490005023C3F8802570476FF07700704700BFF6
:1094A000302B002008B5134A13794BB912491348E1
:1094B0006723134A0DF025F8672111480DF018F8BD
:1094C0004FF050230021C3F82411D3F824110121B7
:1094D0001962126822B14FF40072C3F8042308BD68
:1094E000D3F82421002AFBD00022C3F82421D3F88A
:1094F0002431F4E7302B0020F4A40300C448030017
:109500009DA5030008B5084B1B794BB907490848CE
:109510007923084A0CF0F5FF792106480CF0E8FFA2
:10952000BDE8084010F0F8BC302B0020F4A4030084
:10953000C44803009DA503004FF05023D3F8042333
:1095400092050ED5D3F824215AB10022C3F8242164
:10955000D3F824214FF40072C3F80823014B1B6891
:1095600018477047302B0020074B0246187938B94E
:109570001A6001221A714FF05023C3F81825704762
:109580006FF07700704700BF382B002010B5254CD6
:1095900023794BB924492548E523254A0CF0B1FF2E
:1095A000E52123480CF0A4FF4FF05023D3F8181402
:1095B000D3F81824C9031AD502F00302022A04D0F2
:1095C000012A01D010F0C2FC01224FF05023C3F851
:1095D00018250022C3F80421D3F8042101229A603F
:1095E00022688AB9D3F80421002AFBD014E0D3F80A
:1095F0001424D207E8D5D3F81C2402F00302013A60
:10960000012ADFD822681AB10222C3F8042310BD50
:10961000D3F80421002AFBD00022C3F80421D3F898
:109620000431F4E7382B0020F4A40300C4480300FD
:10963000E4A5030008B5094B1B795BB90849094843
:109640004FF49173084A0CF05CFF4FF49171064897
:109650000CF04EFFBDE8084010F078BC382B00201D
:10966000F4A40300C4480300E4A50300F8B54FF0D8
:10967000502301250026D3F804431E4F04F0820432
:1096800004B9F8BDB4FA84F0C0F11F00830003F5FB
:1096900080739BB203F15023196805FA00F224EAA3
:1096A00002040029ECD01E601B684FF050230128F3
:1096B000C3F8082311D1D3F81824D3F8182402F0E2
:1096C0000302012A02D03B689847D9E70221C3F878
:1096D0001815C3F804139A60D2E7074907484FF4F6
:1096E000F573074A0CF00DFF4FF4F57104480CF0C8
:1096F000FFFE00BF382B00204CAB0300C448030022
:10970000E4A50300034A4309D35C00F01F0018449A
:10971000C0B27047E5A6030010B504460846FFF73F
:10972000F1FF00B204EB4000838ADA051CD5C3F3D5
:10973000432123F4F853838204F1120204F17200EE
:1097400032F8023F13F4807F03D0C3F343239942DE
:109750000AD09042F4D1002204EBC1035A6004F114
:10976000780010F060FB00B910BD064906484FF4C0
:10977000DB73064A0CF0C5FE4FF4DB7103480CF0B6
:10978000B7FE00BF0A900300C448030066A60300AA
:1097900008B502680146104610F0F1FB58B91049AF
:1097A0004FF474730F4A10480CF0ABFE4FF4747111
:1097B0000C480CF09DFE02F01F0352090B600BD009
:1097C000012A0BD0094940F2D933064A06480CF069
:1097D00098FE40F2D931EBE7054808BD0548FCE7A3
:1097E000A967030076670300C44803004CAB03007D
:1097F0000025845000288450072808B50BD9084953
:10980000084840F2A733084A0CF07BFE40F2A7312B
:1098100005480CF06DFE800000F5807008BD00BFAB
:109820005CA60300C448030027A60300034611F00A
:10983000010010B5CCB20BD1A207C4F340000DD586
:10984000074A106A58601062003818BF012005E00E
:1098500004490A6A1A600A62002AEDD010BD00BFEE
:109860000028845000258450F7B504460846FFF7C9
:1098700049FF06B204EB4606B38A0D46DB072BD53B
:10988000204610F06DFC2946204610F08AFB58B1A6
:10989000204610F0B4FB0022276800B207EB8003DB
:1098A000C3F81025C3F81025204600242946FFF7E9
:1098B00033FFB48201A80195FFF76AFF019B00EB1B
:1098C0008300D0F80022064B134043F00203C0F897
:1098D0000032204603B0F0BD6FF01500FAE700BF7C
:1098E000F0F0FCFF2DE9F0430E461746044685B024
:1098F00058B95C495C4840F25E435C4A0CF001FE9A
:1099000040F25E4159480CF0F3FD0846FFF7FAFEBD
:10991000D7F800800546B8F1000F1AD0204610F0A5
:1099200063FB28BB4346CDE900008DF80E008DF89F
:109930000F000DF10F0230460DF10E0110F088FB03
:109940002AB204EB4202938A23F0020343F001039C
:1099500093827B68002B34D03146204693F80080F8
:10996000D3F8049010F035FB28B1B9F1000F1FD0E7
:109970006FF0150028E028B204EB4000838A23F43E
:10998000604323F020038382B9F1000F10D0B8F1B7
:10999000030FEDD87B6821685B6893F800C001EB8A
:1099A0008C01B8F1000F12D1C1F81085C1F81085F3
:1099B0002AB204EB4202938A23F01C0343EA880391
:1099C0009382BB684BBB002005B0BDE8F083D1F8A3
:1099D000102522F00302C1F81025226802EB8C0347
:1099E000D3F8102522F44F3222F44072C3F8102528
:1099F0003202D3F8101502F47C5242EA08420A43BC
:109A0000C3F8102504EB4C03A3F87C60838A43EA77
:109A10004C3343F020038382CAE73146D3E9007810
:109A20002046FFF779FE002FCDD063689F4206D015
:109A300004F1780010F0DDF9002804DAC4E7A36827
:109A40009845F5D1002004EBC003C3E901782DB29D
:109A500004EB4505AB8AC0B243EA402343F480736C
:109A6000AB82B0E7A4A60300C448030066A60300C7
:109A70002DE9FF410C4617461E46054658B93E499A
:109A80003E484FF48D633E4A0CF03BFD4FF48D6130
:109A90003B480CF02DFD0846FFF734FE804627B307
:109AA000284610F096FA18B9284610F07AFA18BB32
:109AB0002146284610F080FA10B17B78012B1BD08C
:109AC00001238DF80F3000237A1CCDE90073204666
:109AD000BB1C0DF10F0110F0BBFA0FFA88F305EB78
:109AE00043039A8A42F003029A82002E41D0214613
:109AF000284610F06EFA20B96FF0150004B0BDE8EA
:109B0000F081002237782B684FEA870C03EB87033C
:109B1000C3F81025C3F810250FFA88F205EB4202AE
:109B2000938A23F4604323F020039382707800B378
:109B30002968B6786144D1F81035000423F49913EC
:109B400023F4F853C1F81035230200F4403003F435
:109B50007C5303433005D1F8105500F480100343C3
:109B60002B43C1F81035938A43EA473343F020036F
:109B700093820020C2E700BFA4A60300C4480300EC
:109B800066A6030008B558B90749084840F2714372
:109B9000074A0CF0B6FC40F2714105480CF0A8FCF5
:109BA000C0E9031208BD00BFA4A60300C448030017
:109BB00066A6030070B51546044658B9134940F22D
:109BC0007A43134A13480CF09CFC40F27A41104847
:109BD0000CF08EFC4AB9104940F223330C4A0D4870
:109BE0000CF08FFC40F22331F1E710F0DAF948B1C4
:109BF0000846FFF787FD04EB40040020A38A5B0BB7
:109C00002B7070BD6FF01500FBE700BFA4A603002A
:109C100066A60300C4480300AFA603002DE9F04187
:109C2000044658B91E491F484FF491631E4A0CF070
:109C300068FC4FF491611C480CF05AFC90F88C5071
:109C400090F88D7045BBA84660222946143012F06A
:109C5000D9F8164B266853F83770AF420FD100255C
:109C600046F30730C6F87C51D6F87C31F1F76EFC2C
:109C70000123284684F88C30A367BDE8F081E8B260
:109C8000FFF7BAFDA0F580739B081F2B04BF46F8B1
:109C9000008033580135E0E76FF07700EDE700BF53
:109CA000A4A60300C448030066A60300702C0300AA
:109CB00008B558B90849094840F28F43084A0CF0E2
:109CC00020FC40F28F4106480CF012FC90F88C000A
:109CD000003818BF012008BDA4A60300C448030033
:109CE00066A6030008B558B90749084840F29D43E5
:109CF000074A0CF006FC40F29D4105480CF0F8FBC9
:109D0000BDE80840FFF7B0BDA4A60300C4480300A7
:109D100066A6030008B558B90A490B4840F2A443A7
:109D20000A4A0CF0EEFB40F2A44108480CF0E0FBBC
:109D3000074B90F88D0003EB8000BDE8084010F061
:109D400072B800BFA4A60300C448030066A60300BF
:109D5000AC09002010B50C4658B90C490C4840F22B
:109D6000AB430C4A0CF0CDFB40F2AB4109480CF080
:109D7000BFFB094B90F88D0003EB800010F039F821
:109D80000028A4BF2070002010BD00BFA4A60300BF
:109D9000C448030066A60300AC0900202DE9F34186
:109DA0000D461646044658B938494FF4A563384A5B
:109DB00038480CF0A6FB4FF4A56135480CF098FB31
:109DC00010F0FAF848B9344940F23543304A314886
:109DD0000CF097FB40F23541EFE7204610F0E1F838
:109DE000276800B3204610F0F4F88046D8B9204622
:109DF00010F005F90546FFF7FFFC47F800803B58D7
:109E000023682AB203EB8203D3F8102542F0010243
:109E1000C3F8102526B101232268AB40C2F80433F1
:109E200002B0BDE8F081D7F80433002BA4BF4FF097
:109E30000043C7F804334EB9184940F24F43144A5F
:109E400014480CF05EFB40F24F41B6E72846FFF79E
:109E500059FC04EB4004A38AC3F38203042B11D002
:109E6000052B11D001A80195FFF792FC019B016918
:109E7000D94001F001010231284602B0BDE8F041AD
:109E800010F033B90321F7E70221F5E7A4A6030098
:109E900066A60300C4480300B9A60300DAA60300BF
:109EA00008B558B90749084840F22F53074A0CF043
:109EB00028FB40F22F5105480CF01AFBBDE8084082
:109EC00010F04EB9A4A60300C448030066A6030020
:109ED0002DE9F04F07468BB058B97449744840F2E9
:109EE0005C63744A0CF00DFB40F25C6171480CF04D
:109EF000FFFA814659F804BB90F88D40DBF8041353
:109F00006D4BC9B2584653F8342041F0004110F06F
:109F1000FBF8051E36DA0023CDE90833664B08A8A6
:109F200003EBC4035B6819460193FFF77FFC04232E
:109F300003EBC4030393614B0DF1200A029300234A
:109F4000029A009312F8013B5B490292039A02EBDA
:109F5000D3028A5C03F0070322FA03F3DA0719D469
:109F6000009B0AF1040A9BB14FF0004100225846C1
:109F700010F0CAF8019908A8FFF758FC0028DAD1B8
:109F800025F000450124002D7AD10BB0BDE8F08FFB
:109F90000123D5E7009B4A4A13440493DAF80010E2
:109FA0000029DDD091FAA1F1B1FA81F1049B1C786E
:109FB00041EA44142046FFF7A5FB07EB4000B0F848
:109FC0001480C8084FEA9803059301231AF800206B
:109FD00001F0070103FA01F122EA01020AF8002068
:109FE00007A80794FFF7D4FB079A059B803250F827
:109FF0002220C8F382065B07B046C2F3014223D594
:10A0000021464846D6B2424610F003F807A8079406
:10A01000FFF7BEFB079B803350F82330C3F30143A7
:10A020009E4207D10021204610F05FF831462046BD
:10A0300010F05BF807A80794FFF7AAFB0122079B23
:10A0400002FA03F30362A9E7022A0DD10321204695
:10A0500010F04BF806F00503012BEBD142462146E8
:10A0600048460FF0D6FFE5E702212046059210F0A2
:10A070003CF8032EF2D0059A032ADBD1022EECE73E
:10A0800095FAA5F3B3FA83F304FA03F225EA02057D
:10A0900003F5A2725BF8222007EB43034846B3F8AE
:10A0A0007C10C2F301420FF0B4FF6CE7A4A60300DA
:10A0B000C448030066A60300702C0300F5A6030045
:10A0C000F5A60300F8B517460E4649B90C490D48E8
:10A0D00034230D4A0CF015FA34210B480CF008FA21
:10A0E0000A4D2C7944B92A20F1F730FA0123204691
:10A0F0002B712E60AF60F8BD6FF07700FBE700BFFB
:10A10000119C0300C4480300F7A60300402B002065
:10A1100038B518B1154B1B79012B09D014491548D6
:10A120004723154A0CF0EDF9472113480CF0E0F9EC
:10A130000023124A50F8234003F5A2710133102B7B
:10A1400042F82140F6D100230C4A00F13C0103F50E
:10A15000B27451F8045F0133102B42F82450F6D149
:10A16000D0F88030C2F8043338BD00BF402B002047
:10A1700032A70300C4480300F7A6030000A0025062
:10A1800008B5094B1B79012B09D0084908487623EB
:10A19000084A0CF0B6F9762106480CF0A9F9064AEF
:10A1A0008340C2F8043308BD402B002069A7030098
:10A1B000C4480300F7A6030000A0025008B5094BED
:10A1C0001B79012B09D0084908487E23084A0CF066
:10A1D00098F97E2106480CF08BF9064A8340C2F8B4
:10A1E000083308BD402B002069A70300C4480300C2
:10A1F000F7A6030000A00250F8B501260027124B75
:10A20000124DD3F80C4304B9F8BD94FAA4F0B0FA97
:10A2100080F006FA00F30F2824EA03040BDD0C4952
:10A220000C4840F217230C4A0CF06BF940F217214E
:10A2300009480CF05DF9094B82009F502B68002BF8
:10A24000E1D0A9689847DEE700A00250402B00202B
:10A25000C4A70300C448030092A7030000A1025052
:10A260000022034BC3F88425C3F80425704700BFC0
:10A2700000900350044AD2F80834DB07FBD5016094
:10A28000BFF35F8F704700BF00900350B0F5801F91
:10A2900008B505D2C0F30B0363B16FF00C0019E0F1
:10A2A0000D490E48D2230E4A0CF02BF9D2210C484E
:10A2B0000CF01EF902220B4BC3F88425C3F80425C9
:10A2C0004FF0FF320260D3F80024D207FBD5FFF72E
:10A2D000C7FF002008BD00BF3AA80300C448030020
:10A2E000CFA7030000900350B0F5801F08B506D338
:10A2F00000F17F4303F50043B3F5805F01D283078C
:10A300000BD00C490C4840F27D130C4A0CF0F9F8C4
:10A3100040F27D1109480CF0EBF80122084BC3F81C
:10A320008425C3F80425FFF7A5FFBDE80840FFF723
:10A3300097BF00BF54A80300C4480300CFA7030081
:10A340000090035000220121054B83F83820054B73
:10A35000C3F808131961C3F80025C3F8002170473A
:10A360004C2B002000B002504FF47F03D3F8302173
:10A37000D3F83431072A13D1023B032B02D80A4AFF
:10A38000D05C80B14FF05023D3F8B825920709D1A3
:10A39000D3F8580500F00300013818BF01207047BA
:10A3A000002070470120704768A9030070B5114D67
:10A3B0006C6BA4B14FF47A735C430A23B4FBF3F4DF
:10A3C0000D4ED6F800316BB995F8393053B90A20E3
:10A3D0000FF00DFD013CF4D16FF0730070BD4CF235
:10A3E0005034EDE795F8393003F0FF00002BF5D03D
:10A3F000F2E700BF4C2B002000B0025010B5002245
:10A400000124074BC3F80045C3F800211C6028B1A4
:10A41000FFF7CCFF18B9034B83F83840002010BD7C
:10A4200000B002504C2B00202DE9F041404C8046FA
:10A4300094F8305016461F4605B148B93D493E488C
:10A4400076233E4A0CF05DF876213C480CF050F83B
:10A45000FFF78AFF002862D108F06043B3F1005F84
:10A4600060D118F0030F5DD1012D05D0BD425CD144
:10A4700094F83830002B58D00023314A022F0BBFFC
:10A48000C2F81065C2F80465C2F81485C2F80885E0
:10A490000CBFC2F81815C2F80C1584F839302368BF
:10A4A0000CBF08250425C3B994F838306BB10022DD
:10A4B000234B05F1A045C3F80021012305F52C35F8
:10A4C0002B60BDE8F041FFF771BF0120FFF796FF59
:10A4D00010F1740FEBD1BDE8F081A3682BB1C4F883
:10A4E0000C806161E6610020F5E7154AC4F8088038
:10A4F0002161A66184F83070C2F800310123C2F8EE
:10A50000043394F8382002F0FF0012B9FFF776FF09
:10A51000E9E705F1A04505F52C352B60E3E74FF0A1
:10A52000FF30D8E76FF00C00D5E76FF00F00D2E7EF
:10A530004C2B0020D6A80300C44803009AA80300AF
:10A5400000B00250084B9A685A621A699A629A6976
:10A55000DA62DA689A6032B15A691A61DA699A6124
:10A560000022DA60704770474C2B002008B5430981
:10A570000DD0012B1ED0144914484FF47473144AA3
:10A580000BF0BFFF4FF4747111480BF0B1FF4FF0A7
:10A59000FF33C340DA07EED50E4A02EB8002D2F851
:10A5A00000020D4B034043EA012343F00203C2F8CB
:10A5B000003208BD4FF6FF7300F01F00C340DB07F9
:10A5C000D9D5064AE9E700BFA9670300C4480300DC
:10A5D0007667030000258450F0F0FCFF00288450CB
:10A5E00010B50E4B0238D3F83C26D3F8383607287E
:10A5F00013D8DFE800F0110F0D0B0A080604100E47
:10A60000C871100C8871100A48710A711A0ECA704C
:10A610001A0C8A701A0A4A700B7010BD00B00250F2
:10A62000023807281FD8DFE800F029272511232149
:10A630001F04CB791B068A7943EA02434A7943EA2D
:10A6400002230A7913430E4AC2F83C36CB781B0624
:10A650008A7843EA02434A7843EA02230A7813439A
:10A66000074AC2F8383670470023E4E70023E5E7DD
:10A670000023E6E70023EBE70023ECE70023EDE708
:10A6800000B002500268154BFF2A08BF4FF0FF329E
:10A69000C3F824254268FF2A08BF4FF0FF32C3F8F1
:10A6A00028258268FF2A08BF4FF0FF32C3F8302503
:10A6B000C268FF2A08BF4FF0FF32C3F83425026991
:10A6C000FF2A08BF4FF0FF32C3F838254269FF2A3E
:10A6D00008BF4FF0FF32C3F83C25704700B002506E
:10A6E00030B5194D8DB006AC0FCD0FC495E8030001
:10A6F00084E80300154906A8D1F82435DBB200939D
:10A70000D1F82835DBB20193D1F83035DBB20293B2
:10A71000D1F83435DBB20393D1F83835DBB204938A
:10A72000D1F83C35DBB20593FFF7ACFF0023C1F84D
:10A73000003101230B60D1F80031002BFBD06846BB
:10A74000FFF7A0FF0DB030BD2CC7020000B00250D3
:10A7500070B590F8293004461BB190F82A20002AE1
:10A7600047D16068FF2800F0A980A168FF2900F0A8
:10A77000A580E268FF2A00F0A18025690E2D40F037
:10A780009D80112840F09A80122940F097800D2A70
:10A7900040F094806269FF2A02D00F2A40F08E8038
:10A7A000A269FF2A02D0102A40F08880DBB9032179
:10A7B0001120FFF7DBFE0321A068FFF7D7FE03217E
:10A7C000E068FFF7D3FE20690321FFF7CFFE606941
:10A7D000FF2802D00321FFF7C9FEA069FF2802D09D
:10A7E0000321FFF7C3FE94F82A3013B9201DFFF7A9
:10A7F00049FF636A334D344E6B6394F8293085F812
:10A800003A304FF47F03D3F83021D3F83431072A9C
:10A8100004D10123C6F80833FFF762FF2368C6F8A6
:10A820004035A37F617F227F9B0143EAC10313432D
:10A83000E27F43EAC213C6F844354FF47F03D3F8EE
:10A840003021D3F83431072A13D1023B032B02D82D
:10A850001E4AD35C6BB11C4A94F82310D2F84435DD
:10A8600019BB43F44033C2F844354FF4C063C2F817
:10A870004036154994F82030D1F8002622F07F4266
:10A8800022F0FF02134394F8212043EA026394F874
:10A89000222043EA426394F8232043EA0273C1F87A
:10A8A00000362B6833B9002070BD23F4003343F425
:10A8B0008033D8E72B20F0F749FEF4E76FF015005E
:10A8C000F2E700BF4C2B002000B002506CA903003F
:10A8D00010B558B90F4910484FF4D3730F4A0BF015
:10A8E00010FE4FF4D3710D480BF002FE0C4C94F89F
:10A8F000303063B9C4E90012FFF72AFF30B90123F1
:10A90000C4E9020084F8303084F8380010BD6FF0DC
:10A910007700FBE721A90300C44803009AA80300BD
:10A920004C2B00202DE9F041DFF8E0800F4698F82D
:10A9300030100646144659B935494FF4F873354A74
:10A9400035480BF0DEFD4FF4F87132480BF0D0FDC6
:10A95000FFF70AFD002852D1012953D198F8383069
:10A96000002B39D001232D4DC5F808334FF47F0358
:10A97000D3F83021D3F83431072A01D1FFF7B0FEE4
:10A980001FB139467078FFF74BFE002788F8397001
:10A99000C5F80071B37872781B0343EA022332785A
:10A9A0001343F27843EA4233327943EA82337279CD
:10A9B00043EAC233C5F83436FFF7F8FC743014D1DB
:10A9C000337973B9164940F22223124A12480BF028
:10A9D00098FD40F22221B8E70846FFF70FFD7430DA
:10A9E000C0D16FF07300BDE8F081C5F800710CB9FB
:10A9F0000020F8E721467078FFF7F2FDF8E74FF006
:10AA0000FF30F0E76FF00F00EDE700BF4C2B0020A8
:10AA10002AA903009AA80300C448030000B002500A
:10AA200056A9030008B50D4B93F830205AB90C49CC
:10AA30000C4840F2E7230C4A0BF063FD40F2E7219B
:10AA400009480BF055FD93F838301BB9BDE80840B4
:10AA5000FFF7D4BC6FF0770008BD00BF4C2B00207F
:10AA60002AA90300C44803009AA8030008B50C4BA8
:10AA700093F830305BB90B490B4840F2F3230B4A93
:10AA80000BF03FFD40F2F32108480BF031FD012BA4
:10AA900003D1FFF757FC002008BD6FF00F00FBE764
:10AAA0004C2B00202AA90300C44803009AA80300E5
:10AAB000034B93F83000003818BF0120704700BFE7
:10AAC0004C2B002070B52A4C064694F830505DB9E6
:10AAD000284929484FF44773284A0BF012FD4FF4D8
:10AAE000477126480BF004FDFFF73EFCB8BB11F0A0
:10AAF000030237D12368B3B1012D36D1204BC3F8FF
:10AB00001C150421C3F8206584F8392084F830101E
:10AB1000C3F80021C3F8045394F83820EAB9FFF7CA
:10AB20006DFC002018E0164DC5F81C15C5F8206511
:10AB300084F8393094F8383043B10023C5F8003137
:10AB40000123EB60BDE87040FFF730BC0120FFF748
:10AB500055FC10F1740FF0D170BDDD60E1E74FF0EE
:10AB6000FF30F9E76FF00C00F6E76FF00F00F3E746
:10AB70004C2B00202AA90300C44803009AA8030014
:10AB800000B0025008B50B4B93F830305BB90A495E
:10AB90000A4840F24F330A4A0BF0B3FC40F24F31FF
:10ABA00007480BF0A5FC0021BDE808400220FFF794
:10ABB00089BF00BF4C2B00202AA90300C448030012
:10ABC0009AA8030010B5224BD3F8002192B10022BD
:10ABD000204CC3F8002194F8381094F8302071B953
:10ABE0000121032A84F8381005D0042A05D0022A4E
:10ABF00000D1996010BD5960FCE7D960FAE7032ADB
:10AC000019D0042A19D0022A04D1012384F8203053
:10AC1000FFF798FCA36813B9012384F8303094F847
:10AC2000393003F0FF0013B9D4E90031984700230D
:10AC300084F82030DEE70223E8E7032284F82020AE
:10AC4000D3F81C256262D3F8203584F82830E1E778
:10AC500000B002504C2B00202DE9F0410E46174663
:10AC60000C4D55F81C4FAC4203D16FF01200BDE8FB
:10AC7000F081314654F8440CA4F14408E6F74EF94B
:10AC800030B9C7F800804046BDE8F0410FF06ABB1C
:10AC90002468E8E7882B002010B5D0E909124A6043
:10ACA000416A00F124031160C0E909334368044696
:10ACB00003B19847054A936833B11279062A03D93C
:10ACC0000720226802499847002010BD882B0020E9
:10ACD00070A903002DE9F04107460D460B4E56F8CA
:10ACE0000C4FB44202D16FF001000AE0394654F82B
:10ACF000240CA4F12408E6F711F920B91DB1C5F818
:10AD00000080BDE8F0812468EBE700BF882B0020BD
:10AD100038B5044600B30068F0B10378E3B1002110
:10AD2000FFF7D8FFD8B104F11C03C4E907330D4B7A
:10AD300004F12402196903F10C00A16260621A6136
:10AD40000A609D6835B11B79062B03D9072022685C
:10AD50000549A847002038BD6FF01500FBE76FF0EC
:10AD60001000F8E7882B002072A9030038B5114CB9
:10AD70000546216819B100200131216038BD242227
:10AD8000204611F03FF82B682846A3602B792371E9
:10AD900004F10C03C4E9033304F11403C4E90533DB
:10ADA00004F11C03C4E9073300F018F80028E5D1CA
:10ADB0002168E0E7882B002038B5074D2C68013C5E
:10ADC0002C6044B900F012F821462846BDE838400E
:10ADD000242211F017B838BD882B002008B502488E
:10ADE000FFF796FF002008BDB40900200148FFF7D7
:10ADF00053BF00BFB40900200EB4431E062B33B569
:10AE000088BF0020094B05AC54F8045B53F82010B0
:10AE100007480BF060FB214628460194ECF7FAFF47
:10AE200002B0BDE8304003B0704700BF802C030083
:10AE3000C96F03002DE9F04F87B017469B460446C3
:10AE4000DDF840A000284BD0056A35B12D6825B14A
:10AE5000AC4607B0BDE8F04F6047E36A9F4242D876
:10AE60000026BE4203D1002007B0BDE8F08F1823B2
:10AE700003FB06F8D4F83090A26909EB08052B1DF6
:10AE80000593CAB9686969680368B5F80CC0C91A3E
:10AE9000AB680CF1030E5D1E05EB0C155B4205EB78
:10AEA0004E051D4005EBCC0385680633A94228BF3B
:10AEB0004FF0FF310FF023FA59F808302046029383
:10AEC000236AB1B29B6A01935AF8263000935BF86B
:10AED0002620059B0FF08BFA0028C5D10136C0E76C
:10AEE0006FF01500C0E70148BEE700BF40F4FFFF68
:10AEF00010B5044690B1028D43899A4209D0084AA0
:10AF0000936833B11279032A03D9426805490420B2
:10AF100098472046BDE8104010F0C5B810BD00BFEE
:10AF2000882B002025AA030030B544898C4212D911
:10AF3000436A013C5D882C4003EBC40359609A606E
:10AF4000BFF35B8F426A538801335380438D0133D3
:10AF50004385002030BD0148FCE700BF41F4FFFFFE
:10AF600070B4039E144660B1006A50B14BB1013415
:10AF700007D0002E05DBD0F8844014B1A44670BC85
:10AF80006047014870BC70472DF8FFFF70B4039E06
:10AF9000144660B1006A50B14BB1013407D0002EA5
:10AFA00005DBD0F8944014B1A44670BC604701485A
:10AFB00070BC70472DF8FFFF2DE9FF47DDF83480A6
:10AFC0000E4691469A460546002876D0002974D050
:10AFD000B8F1000F71D001F1640738460FF072FB31
:10AFE000BAF1FF3F49D1346E06F1500204F18000FE
:10AFF000844204F01F0C07D2C4F3411152F821100F
:10B0000021FA0CF1C90736D4012104F07F0460094C
:10B0100052F8203004F5806A01FA0CF104F2014480
:10B020000B4304F07F0442F8203034666B6C4A46D0
:10B0300003930E9B2946CDE901830C9B3046009378
:10B0400053460FF0EEFB384601F022FB2C7874B12A
:10B0500096F8A4405CB1AB6A013330D10021284698
:10B060000FF06FFB044610B128460FF040FB20465E
:10B0700004B0BDE8F0870134BAE7BAF5806FD5D3E4
:10B08000AAF580637F2B06F150010FD8580951F8BB
:10B09000204003F01F0324FA03F2D2070BD401224D
:10B0A00002FA03F3234341F82030BFE7054C38464A
:10B0B00001F0EEFADBE7044CF9E7024CD7E7002495
:10B0C000D5E700BF2DF8FFFF29F8FFFF08B583681B
:10B0D0001A0C0AD1094A93682BB11279022A02D9B3
:10B0E000032007499847002008BDA3F580338360FB
:10B0F0001B0C0CBF01200020F6E700BF882B0020AE
:10B1000047AA030038B50446E0B100F164052846BB
:10B110000FF0D8FBD4F8B4309B6953B9D4F8A840E9
:10B12000103C002C00DC084C28460FF0C9FB2046E0
:10B1300038BD012BF7D1D4F8BC000FF0ABFAA0F169
:10B140001004EEE7014CF2E72EF8FFFF2DF8FFFFA9
:10B1500038B50446E0B100F1640528460FF0B2FBB3
:10B16000D4F8B4309B6953B9D4F8AC40103C002CEF
:10B1700000DC084C28460FF0A3FB204638BD012B0D
:10B18000F7D1D4F8B8000FF085FAA0F11004EEE77B
:10B19000014CF2E72EF8FFFF2DF8FFFF2DE9F041FB
:10B1A000A3F1100853F8087C002388B00693ADF88B
:10B1B0001E301023CDE904120E9D0446D0F8C000C5
:10B1C000ADF81C5001688668A8EB0101B14228BFA8
:10B1D0004FF0FF310DEB03020FF057F81028BFB20C
:10B1E0000BD024494FF4DF73234A24480BF089F92C
:10B1F0004FF4DF7120480BF07BF904F16406304610
:10B200000FF060FBD4F8B4309B69D3B9D4F8A82010
:10B21000D4F8B430D4F8BC009B69CBB9CDE9028234
:10B22000CDF80080012202A90FF00EF9B0B1144947
:10B2300040F2C913104A11480BF063F940F2C911EA
:10B24000D8E73946D4F8BC000FF094F90246DFE79E
:10B25000012B03D13946FFF767FEE7E7D4F8BC00BE
:10B260000FF0E1F930460FF02BFB284608B0BDE89F
:10B27000F08100BFABAA030068AA0300C448030022
:10B28000C4AA0300F0B504468E680D46B6B2314636
:10B29000D0F8B80085B00FF06DF9D4F8B430074697
:10B2A0009A699AB90095CDE902500123D4F8B80003
:10B2B00002A90FF0C9F848B10F497D230F4A104881
:10B2C0000BF01FF97D210D480BF012F9D4F8B430C2
:10B2D0009B69012B0ED13A463146D4F8B800FFF7EE
:10B2E00023FE38B104498323044A05480BF009F9C9
:10B2F0008321E8E705B0F0BD2266030068AA0300D9
:10B30000C44803002DE9FF4103689E6A06F1640802
:10B3100040460FF0D7FAD6F8B4309B693BB1012B09
:10B3200012D040460FF0CCFA04B0BDE8F081D6F858
:10B33000B8000DF10A0203A90FF0E2F8D6F8B43014
:10B3400004469B69012B07D1D6F8B80003AA0DF17A
:10B350000A010FF01AF90446002CE2D0BDF80A30B9
:10B3600000216268A36030464FF0FF330FF01FFAF0
:10B3700005460FF0ADF9A368404603F58033A3609E
:10B380000FF09EFAE5B1AB6A696C013308BF236820
:10B39000284608BFAB622368A28900916F6B04F155
:10B3A0001001B84700280BDA1049114840F25A231F
:10B3B000104A0BF0A6F840F25A210E480BF098F80C
:10B3C00040460FF07FFA28460FF087F92046FFF736
:10B3D0007DFE38B130462146FFF754FFD6F8B8005D
:10B3E0000FF021F940460FF06BFA91E7D0AA030065
:10B3F000C448030068AA03002DE9F04385B00F4656
:10B40000904603A90D9A064699460FF03CFB044668
:10B4100050B30C9D039BD6F8C0009D42A8BF1D46AB
:10B420000168D0F808C0611A614528BF4FF0FF31AC
:10B430002B464A460EF029FF85420BD00B490C489B
:10B440004FF405730B4A0BF05CF84FF40571094893
:10B450000BF04EF823464246394630460095FFF73A
:10B460009DFE05B0BDE8F0830348FAE7DCAA0300BF
:10B47000C448030068AA03002EF8FFFF2DE9F04737
:10B480008AB00D46DDE9129716469846044620B963
:10B49000954E30460AB0BDE8F0870029F8D0002B61
:10B4A000F6D00021A822C0F8D01010F0ABFC012289
:10B4B00004F1640011460FF057FC8C4BC4F8B450F3
:10B4C000E667AC62C4F88430894BC4F88830894B95
:10B4D000C4F88C30884BC4F89030884BC4F8943052
:10B4E000874BC4F89830874BC4F89C30864BC4F81F
:10B4F000A030AB693BB9002FCAD097E8070004F130
:10B50000A80383E80700AB69012B04D02B6A03BBB7
:10B510006FF00506BDE7D4F8B400002800F0E08025
:10B52000036A002BF4D09B68002BF1D098474206A9
:10B530000CD50021D4F8B4000FF0B2F9064600286B
:10B54000A7D10021212003F08BF8E4E74307F8D5C9
:10B55000DCE71B69002BDBD028469847AB69012B41
:10B5600004BF0023286100F0010008BF6B6184F86C
:10B57000A400AB69DBB93B7A002B00F0838009F1B2
:10B580000C03C4F8C430B9F1000F81D0D9F80820F9
:10B59000002A00F0A3809B68002B00F09F805B4B8B
:10B5A00004935B4B05935B4B06935B4B0793AB6933
:10B5B000012B07D1564B0493544B0593564B0693DE
:10B5C000544B0793002104F1C803C4E9323306AB9E
:10B5D000C4F8C080022200932846019104ABFFF713
:10B5E00029FC064600287FF454AFAB693BB92B6BAE
:10B5F0001B68C4F8B8302B6B9B69C4F8BC30AB69CE
:10B60000012B07D12B6B9B69C4F8B8302B6B1B68DF
:10B61000C4F8BC30D4F8BC000EF0D7FF2B6B1B680D
:10B62000C3F82C802B6B9B69C3F82C80D5F818A02D
:10B63000BAF1000F07D1D4F8AC300993D4F8B83080
:10B640005B89534520D894F8A430C4E9004463B121
:10B6500000230293314B204601933523304A039453
:10B66000009304F108010FF0DCF8AB69002B7FF4C4
:10B6700010AF042128460FF013F9074600283FF4C5
:10B6800008AF26E04B467CE74846D4F8AC100FF0F4
:10B69000EBF90746E0B1D8F800100890411AD8F845
:10B6A00008000022814228BF4FF0FF31D4F8AC30AF
:10B6B00040460EF024FE009701230022D4F8B80083
:10B6C00008A90EF0C1FE074618B90AF1010AB5E74C
:10B6D000144F28460FF0DDF83E46DAE6114ED8E664
:10B6E0006FF01506D5E600BF2DF8FFFFF9B3010096
:10B6F00019A9020035AA020087AA02009DB1010023
:10B70000D1A8020051B1010005B10100EAAA03006D
:10B71000F0AA030005B30100BFA802003DA9020082
:10B72000F6AA03002EF8FFFFF0B505460E461746B1
:10B7300087B0074A03AC07CA84E807000C9A314671
:10B74000009228463A460194FFF798FE07B0F0BDF4
:10B7500044C7020008B5144BA8220021184610F077
:10B7600051FB0322114902614261114A8161C261A8
:10B770004FF480620262002282624262C26201660B
:10B780000C4903464166102181660267C266426722
:10B79000BFF35F8F084911F8010D98540132102A48
:10B7A000F9D1BFF35F8F08BD10040020F9AA030090
:10B7B000100000200000002012AB030010B4BFF303
:10B7C0005F8F00230A4A0B49C85C12F8014D84427E
:10B7D00009D10133102BF7D10023BFF35F8F23B1C1
:10B7E00010BCFFF7B7BF0123F7E710BC704700BFDD
:10B7F00012AB03001004002038B5436905463BB97D
:10B800000024EA686042537843F00103537038BD66
:10B81000984704460028F3D000F1FF03FE2B0ED911
:10B820002123094A09490A480AF06BFE2968094898
:10B8300022460AF066FE212103480AF059FEEB6811
:10B8400044421C70DDE700BF13AB030036AB0300BE
:10B85000C44803004EAB030010B50446EEF722FACD
:10B8600003480121034A0BF0F5FC20460FF000FAD3
:10B87000D4C5020073AB03002DE9F84304460D461E
:10B8800000AFEFF31188202383F31288BFF36F8F8B
:10B890000428314A98BF314BE9468AB09668117C3A
:10B8A00098BF53F820306A4688BF2D4BC2E9073154
:10B8B00040F201332B4893842B4BC2E9050442F834
:10B8C000103F00234FF431512848EEF749FBCD4695
:10B8D00045B1EB69C3F3080323B10121244A23488E
:10B8E0000BF0B8FC2EB130460FF0BCFA08B103786B
:10B8F00003B92048E9468AB06A461F4BD061C2E9C5
:10B90000053640F2013313841C4B42F8103F0023EC
:10B910004FF411511548EEF723FB2946CD4620463A
:10B92000FFF79AFF042C0CD115498723154A1648B6
:10B930000AF0E7FD15480AF0E4FD872111480AF0F6
:10B94000D7FD88F31188BFF36F8F3046EFF7A6FD60
:10B95000BD46BDE8F88300BFAC2B0020A02C03003F
:10B9600082AB030090AB030005000001D4C50200C8
:10B97000B8AB03008A6F0300D9AB030004000001D9
:10B9800013AC0300F1AB0300C448030030AC030068
:10B9900038B50A4B53F82040013053F82050A542E7
:10B9A00000D838BD606830B1037EDB0701D4FFF7F3
:10B9B00023FF0834F3E723689847FAE7B42C030021
:10B9C000012270B5384B032086B01A70FFF7E0FFF4
:10B9D000F0F7A8FD0FF06EFB0420FFF7D9FF334C02
:10B9E000334DAC42264628D932494423324A3348A3
:10B9F0000AF087FD32480AF084FD44212E480AF0FF
:10BA000077FD54F80C3C059354F8103C049354F81B
:10BA1000143C039354F8183C029354F81C3C0193D3
:10BA200054F8203C009354E90A2354E90C0101F036
:10BA3000E3FE54F8303C5E65D3E7AE4204F13004D7
:10BA4000DFD302F0E9FB194C1E4EAC421FD9194955
:10BA50006823194A19480AF054FD19480AF051FDA3
:10BA60006821CBE7D4E90A23B3F1FF3F08BFB2F165
:10BA7000FF3F05D052EA0301206803D102F02AFEFD
:10BA80003034E2E73146183003F056F9F8E7E9D3ED
:10BA900002F034FCE8F714FE0B4A137B23F0010399
:10BAA000137306B070BD00BF5F4B002078C3020067
:10BAB000A8C30200D0AC0300AFAC0300C44803002D
:10BAC000015A0300C9AE0200B01E0020002301226B
:10BAD00070B586B0CDE904230F220193CDE902327F
:10BAE00014234FF4A0720E4D0E4E03FB00550E4969
:10BAF00006EBC016044602FB00110C4B30460095C5
:10BB000001F07AFE737B2C7423F004037373084BEB
:10BB1000013403EBC423EE606B6006B070BD00BF60
:10BB2000AC2B0020301E00208872012021C00100B3
:10BB3000886A01207FB50020FFF72AFF344B03F508
:10BB4000006282F3088883F30A88E023314C84F88A
:10BB500022300023E37723766376A37684F82030BF
:10BB6000626A42F4E022626284F82330EFF714FC48
:10BB7000EFF7ACFD4FF0FF33A362E362EFF77CFF1A
:10BB8000EFF7C8FDEDF7BEFF234801F0DFFE234BC2
:10BB9000234A93420ED92349CC23234A23480AF04F
:10BBA000B0FC23480AF0ADFCCC211F480AF0A0FCF1
:10BBB0001C33EEE7FCD3F0F785FC0120FFF7E8FE2D
:10BBC00002201C4CFFF7E4FE02F028FC1A4B002573
:10BBD0005C611A4B4FF40052059301231849CDE9DB
:10BBE00003532046174BCDE90155009501F004FEA3
:10BBF0000646637B204623F00403637302F010F8CB
:10BC00002846FFF763FF314620460E4AEFF73EFD18
:10BC1000886A012000ED00E0D01F002038C002003B
:10BC200050C10200FDAC0300AFAC0300C4480300E8
:10BC3000015A0300B01E0020AC2B002015AD0300FC
:10BC4000C8730120C1B9010038B50D4C0D4DAC428F
:10BC500013D90D4925230D4A0D480AF052FC0D4811
:10BC60000AF04FFC252109480AF042FC2046D4E99D
:10BC700001120FF005F81834E9E7F7D3002038BDBA
:10BC80004C0B0020640B002087AD03001DAD0300AA
:10BC9000C4480300015A0300F8B505460E4600F1FA
:10BCA0001404EFF31187202383F31288BFF36F8FFF
:10BCB000204602F0E7FF68B988231B4A1B491C484D
:10BCC0000AF01FFC21461B480AF01BFC882116487D
:10BCD0000AF00EFC204602F0F9FF28463146EBF749
:10BCE000CDFC05F10C000FF0FDF828B139462046D7
:10BCF000BDE8F84002F036BA204602F0D1FF68B93C
:10BD00004FF49A73084A0C4909480AF0FAFB214695
:10BD10000A480AF0F6FB4FF49A71D8E787F31188C6
:10BD2000BFF36F8FF8BD00BF39560300665603009E
:10BD3000C44803007B56030091560300A856030035
:10BD4000002038B50C4C0D4DAC4213D90C4995234D
:10BD50000C4A0D480AF0D5FB0C480AF0D2FB95219D
:10BD600008480AF0C5FB20460EF094FF002802DBCD
:10BD70002034E9E7F7D338BDEC0A00204C0B002053
:10BD8000C5AD0300A0AD0300C4480300015A030081
:10BD90002DE9F74305460F4691461C4600F108067B
:10BDA000EFF31188202383F31288BFF36F8F30469F
:10BDB00002F068FF60B98823314A324932480AF0FC
:10BDC000A0FB314631480AF09CFB88212C4826E034
:10BDD000304602F07BFF2B691BB33B601C68EB69AC
:10BDE0002C610133EB6114B96A6993421FD0EB688F
:10BDF000E41A09D4D5E905235A43A24204D9B4FB75
:10BE0000F3F203FB124494B12149EA23214A1E486C
:10BE10000AF077FB20480AF074FBEA211D480AF07B
:10BE200067FB59EA040214D16FF00B043B60304603
:10BE300002F036FFF0B94FF49A73114A17491248CD
:10BE40000AF05FFB314616480AF05BFB4FF49A712B
:10BE5000BCE7CDE900942A464146304601F0C2FFD6
:10BE6000044618B90F4B9B681B693B60204603B022
:10BE7000BDE8F08388F31188BFF36F8FF6E700BF4A
:10BE80003956030066560300C44803007B5603007E
:10BE9000E2AD0300A0AD03005EAE030091560300C7
:10BEA000A8560300AC2B00202DE9F843C3680546D3
:10BEB000CB1A0E4623D4D0E90512514399421ED91C
:10BEC000B3FBF2F102FB1133CBB900F10807EFF33A
:10BED0001189202484F31288BFF36F8F384602F053
:10BEE000D1FED8B98823414A414942480AF009FBAA
:10BEF000394641480AF005FB88213C480CE03F499F
:10BF00004FF489733E4A3B480AF0FBFA3D480AF079
:10BF1000F8FA4FF489713A480AF0EAFA384602F022
:10BF2000D5FED5F81080B8F1000F40D1EFF31183A2
:10BF300084F31288BFF36F8F83F31188BFF36F8F81
:10BF40005BB93149A623314A2A480AF0DAFA304867
:10BF50000AF0D7FAA6212D48DEE72C68A54226D0A4
:10BF60002CB3A3683BB92B498F23284A21480AF0F8
:10BF7000C8FA8F21EFE7D4E9003213605A60637B7F
:10BF8000C4E9008823F002036373C4F8088004F155
:10BF9000180002F0ADFF2046C4F87C80266101F055
:10BFA0003FFE49463846BDE8F84302F0DBB82B694E
:10BFB00038463360EB692E61013BEB6102F070FEA5
:10BFC00068B94FF49A73094A13490A480AF099FA72
:10BFD000394612480AF095FA4FF49A718DE789F3C1
:10BFE0001188BFF36F8FBDE8F88300BF3956030097
:10BFF00066560300C44803007B5603004CAB0300A5
:10C00000A0AD030079AE0300C6AE03009BAE0300F3
:10C0100084AD0300DEAE030091560300A856030072
:10C0200008B50D4B9B6893F90E30002B09DB2024DB
:10C03000EFF3118384F31288BFF36F8F0BF028FBAB
:10C04000F6E7064906481C23064A0AF05AFA1C215C
:10C0500004480AF04DFA00BFAC2B002016AF0300D5
:10C06000C4480300F5AE03002DE9F341044617462A
:10C070001E46EFF3058565B158496F23584A594864
:10C080000AF03FFA58480AF03CFA6F2154480AF087
:10C090002FFAEFF31188202383F31288BFF36F8FF9
:10C0A000524802F0EFFD60B98823514A51494D488A
:10C0B0000AF027FA4D4950480AF023FA88214C48E3
:10C0C000E5E74A4802F002FEE3684C4A9BB1A068EB
:10C0D0009168884229D057EA06032ED1434802F0DE
:10C0E000DFFDA0B188F31188BFF36F8F6FF00F00F1
:10C0F00002B0BDE8F081916891F90E100133E36060
:10C1000093683A482161A36002F0CAFD78B94FF400
:10C110009A73374A3A4933480AF0F3F933493948B0
:10C120000AF0EFF94FF49A71C9E72169E6E788F35D
:10C130001188BFF36F8F0020DAE791F90E1090F9A4
:10C140000E306FF07E029942A8BF19469142B8BFE7
:10C1500011468B4202DD0EF0C6FD054622464146E1
:10C16000CDE90076214801F03DFE0028E3D0EFF351
:10C170001186202383F31288BFF36F8F1B4802F0D0
:10C1800081FD002890D0194802F0A0FDA068C0B140
:10C19000236821699C420AD04BB193F90E30994231
:10C1A000A8BF19466FF07E039942B8BF19460EF03A
:10C1B0009AFD30B131460D4801F0D4FF6FF00A000E
:10C1C00096E7002DF6D1094802F06AFD00289ED0BE
:10C1D00086F31188BFF36F8FF0E700BF60AF0300F5
:10C1E0003EAF0300C448030072AF0300CC2B002015
:10C1F00039560300665603007B560300AC2B002023
:10C2000091560300A8560300F8B50546EFF30583E1
:10C2100063B15449D723544A54480AF072F9544838
:10C220000AF06FF9D72150480AF062F98368002BB1
:10C2300000F092804F4A9268934240F09080C36829
:10C240003BB94D49EF23484A48480AF05AF9EF21D3
:10C25000E9E7012B03D0013BC3600020F8BDEFF3F9
:10C260001187202484F31288BFF36F8F434802F0B4
:10C2700009FD60B98823424A42493C480AF041F925
:10C280003E4941480AF03DF988213D48CCE73B480A
:10C2900002F01CFD2969A8680EF025FDEFF311835B
:10C2A00084F31288BFF36F8F83F31188BFF36F8F0E
:10C2B0005BB93649A623364A2C480AF022F935489C
:10C2C0000AF01FF9A6213248AEE72C68AC4215D11E
:10C2D00000232A48C5E9023302F0E2FC002836D1E7
:10C2E0004FF49A73264A2C4920480AF00AF9234948
:10C2F0002A480AF006F94FF49A71C6E7002CE7D0F5
:10C30000A3683BB926498F23214A18480AF0F9F857
:10C310008F21D8E70026D4E9003213605A60637B8E
:10C32000C4E9006623F002036373A66004F11800F9
:10C3300002F0DEFDAC6094F90E3020462B61E6671A
:10C3400001F06EFC39460D4801F00CFF85E787F3DC
:10C350001188BFF36F8F80E76FF015007EE74FF015
:10C36000FF307BE760AF03003EAF0300C44803002B
:10C3700072AF0300AC2B002097AF0300CC2B002042
:10C3800039560300665603007B560300C6AE030011
:10C390009BAE030084AD030091560300A856030032
:10C3A000DEAE030008B583684BB90B490B488F23F9
:10C3B0000B4A0AF0A6F88F2109480AF099F8D0E94B
:10C3C000003213605A600023427BC0E9003322F040
:10C3D00002024273836008BDDEAE0300C44803005E
:10C3E0009BAE03002DE9F04704460F4691469A465E
:10C3F0009DF8208000F10805EFF31186202383F3D8
:10C400001288BFF36F8F284602F03CFC60B9882386
:10C41000504A514951480AF074F8294650480AF0E8
:10C4200070F888214B481DE0284602F04FFCB8F117
:10C43000000F00D06768EFF31183202282F3128887
:10C44000BFF36F8F83F31188BFF36F8F63B94549D3
:10C45000A623454A41480AF054F844480AF051F8E6
:10C46000A62141480AF044F8234653F80C8F98451A
:10C4700019D0B8F1000F16D04046FFF793FF08F12E
:10C48000180002F035FD00234046C8F87C30C8F89B
:10C49000109001F0C5FB3146284601F063FE0024F0
:10C4A0002046BDE8F087BAF1000F14D0082003F051
:10C4B00007F9002846D00122C0F804900260016804
:10C4C00001F003015FB922680A43026062682060DC
:10C4D0006AB960600BE04846C9F800A0EFE73A6827
:10C4E000032A24D801606168D9B9C4E9000004F1C5
:10C4F0001400042102F086FF04460028CBD1284610
:10C5000002F0CEFB08BB4FF49A73124A1849134845
:10C5100009F0F7FF2946174809F0F3FF4FF49A7125
:10C5200080E70A6802F0030202430A60D1E722F0C2
:10C5300003020A4302603A6802F0030240EA02037F
:10C540003B60D4E76FF00B04D9E786F31188BFF3A3
:10C550006F8FA5E73956030066560300C4480300F1
:10C560007B560300C6AE03009BAE030084AD030000
:10C5700091560300A85603002DE9F743064690465E
:10C580001F4600F10805EFF31189202383F3128879
:10C59000BFF36F8F284602F075FB68B98823254AE0
:10C5A0002549264809F0ADFF2946254809F0A9FF8D
:10C5B0008821204809F09CFF284602F087FB346858
:10C5C000FCB12368726823F00303944220464FF0C5
:10C5D0000101336008BF73600EF094FB04462846E7
:10C5E00002F05EFBE8B94FF49A73124A15491348FA
:10C5F00009F087FF2946144809F083FF4FF49A7128
:10C60000D7E758EA0703EAD049462846CDE900872C
:10C6100006F10C0201F0E6FB38B90C4B9B681C6973
:10C6200003E089F31188BFF36F8F204603B0BDE8A4
:10C63000F08300BF3956030066560300C448030068
:10C640007B56030091560300A8560300AC2B002034
:10C6500008B583684BB90B490B488F230B4A09F087
:10C6600050FF8F21094809F043FFD0E900321360E1
:10C670005A600023427BC0E9003322F00202427379
:10C68000836008BDDEAE0300C44803009BAE030018
:10C6900070B50446EFF31186202585F31288BFF3A9
:10C6A0006F8F334802F0EEFA60B98823314A32497D
:10C6B000324809F026FF2E49314809F022FF88212F
:10C6C0002C4818E02A4802F001FBEFF3118385F3B0
:10C6D0001288BFF36F8F83F31188BFF36F8F63B935
:10C6E0002849A623284A254809F00BFF274809F0C6
:10C6F00008FFA621244809F0FBFE2568AC4212D0B1
:10C700008DB12846FFF7A4FF05F1180002F0F0FBF9
:10C7100000232846EB6701F083FA3146BDE87040FC
:10C72000134801F01FBDD4E902329A4218BF013309
:10C730000221A36004F1100002F064FE0028ECD195
:10C740000B4802F0ADFA68B94FF49A73094A1049E0
:10C750000A4809F0D6FE06490E4809F0D2FE4FF409
:10C760009A71ADE786F31188BFF36F8F70BD00BF7C
:10C77000D02B00203956030066560300C44803003E
:10C780007B560300C6AE03009BAE030084AD0300DE
:10C7900091560300A8560300F7B5044616461D46F9
:10C7A000EFF305837BB152EA05030CD02D498823B2
:10C7B0002D4A2E4809F0A5FE2D4809F0A2FE882139
:10C7C000294809F095FEEFF31187202383F312889F
:10C7D000BFF36F8F274802F055FA60B98823264AC5
:10C7E0002649224809F08DFE2249254809F089FE94
:10C7F00088212148E5E71F4802F068FAA368D3B111
:10C80000013B1C48A36002F04BFA68B94FF49A73DD
:10C81000194A1C49154809F074FE16491A4809F0CE
:10C8200070FE4FF49A71E4E787F31188BFF36F8FBE
:10C83000002003B0F0BD56EA05030BD10D4802F00D
:10C840002FFA0028E2D087F31188BFF36F8F6FF0C3
:10C850000F00EEE722463946CDE90065054801F0B4
:10C86000C1FAE6E7CEAF0300AEAF0300C448030051
:10C8700084AD0300D02B0020395603006656030018
:10C880007B56030091560300A856030007B5074BDB
:10C890004FF48052009306494FF0FF33054800F0F3
:10C8A000C5FB002003B05DF804FB00BFCC2C0300E7
:10C8B000C8930120301F00202DE9F0430446764E36
:10C8C000764F85B0EFF31188202383F31288BFF3EE
:10C8D0006F8F304602F0D6F968B98823704A7149E3
:10C8E000714809F00EFE6C49704809F00AFE882173
:10C8F0006B4809F0FDFD304602F0E8F9D4F88450A9
:10C90000F5B9022104F19C000EF03EFA002840D057
:10C9100004F1940500220121284602F06DF8002858
:10C92000F8D100234FF0FF3202934FF0FF3341461E
:10C93000CDE90023304604F18C0202F0BBF8C1E7D8
:10C94000D4F888202B68954208BFC4F88830C4F812
:10C950008430D4F89C30304643F00203C4F89C3055
:10C96000EB68D5F8049023F0040343F00103EB6077
:10C9700002F096F9F8B94FF49A73494A4C494A487B
:10C9800009F0BFFD44494B4809F0BBFD4FF49A71D3
:10C99000AEE7D4F89C30DD06C3D5C4F89C003E4811
:10C9A00002F07EF90028E6D088F31188BFF36F8F7C
:10C9B00005B0BDE8F08388F31188BFF36F8FB9F13C
:10C9C000000F0AD13C4938484FF438733B4A09F00C
:10C9D00098FD4FF4387139488BE72846C847EFF384
:10C9E0001188202383F31288BFF36F8F304602F043
:10C9F00049F900283FF471AF304602F067F9EB685F
:10CA0000D90623F0010231D4EA60EB689A0716D503
:10CA1000386823F00203EB6088B10021036870B12D
:10CA20004268954230D1036841BB7A683B608242DC
:10CA300000D17B60002340F8083BFFF729FED4F8C3
:10CA40009C30304623F00203C4F89C30C3F3002529
:10CA500002F026F900288ED088F31188BFF36F8F7B
:10CA6000002D7FF42FAF01F0E1FC2BE723F0110341
:10CA7000EB6005F11000FFF70BFEC6E70B607B686B
:10CA8000834208BF7960D5E723B11A68014618468A
:10CA90001346C4E71A46F9E7DC2B0020D42B00200C
:10CAA0003956030066560300C44803007B56030052
:10CAB00091560300A856030066B0030024B003009B
:10CAC00070B5C3680546C3F340069B070C460DD5F9
:10CAD0000122002104F108000EF046F90023236032
:10CAE000054B65605A681AB9C3E90044304670BD09
:10CAF00014605C60FAE700BFD42B0020F8B5C3686F
:10CB000004469A070F46C3F340063BD45B0727D47D
:10CB10000B680BB983680B60E368DD0723D5A36856
:10CB20005BB92949294840F25713294A09F0E9FC21
:10CB300040F25711264809F0DBFC02263B603D68B5
:10CB4000002D3ED0234B9A68D5F880309A420CD005
:10CB5000D5F89C30D807C3F3800216D46FF01206C4
:10CB600000233B6027E00126E9E70EF072F9D5F8D3
:10CB70009C300028EED1D907C3F3C002EED552B1E4
:10CB80005B0708D46FF00F06EAE7002AFAD1C3F377
:10CB9000C003002BF6D100232360D5F8883063B999
:10CBA000C5E9214428460EF00AF9E36843F004037E
:10CBB000E3603B68A3603046F8BD1C60C5F8884060
:10CBC000F0E76FF01506CBE745B00300C44803005B
:10CBD00024B00300AC2B002073B50446EFF311859D
:10CBE000202383F31288BFF36F8F1E4802F04AF8A8
:10CBF00068B988231C4A1D491D4809F082FC19495F
:10CC00001C4809F07EFC8821174809F071FC154882
:10CC100002F05CF800230321201F0193A4F1100609
:10CC20000EF0B2F828B1A369304601A90193FFF7CD
:10CC300065FF0C4802F034F868B94FF49A730A4A59
:10CC40000D490B4809F05DFC06490C4809F059FCF8
:10CC50004FF49A71D8E785F31188BFF36F8F02B054
:10CC600070BD00BFDC2B0020395603006656030060
:10CC7000C44803007B56030091560300A8560300E6
:10CC800038B50D46044648B90C499C230C4A0D485A
:10CC900009F037FC9C210A4809F02AFC39B90A49F5
:10CCA0009D23074A074809F02CFC9D21F3E7102239
:10CCB00000210FF0A7F8656038BD00BF01B1030087
:10CCC00024B00300C448030066B00300F8B5C3688D
:10CCD000064603F00503002B0C4614BF012700276E
:10CCE00029D085685DB91D491D4840F2C1131D4A10
:10CCF00009F007FC40F2C1111A4809F0F9FB0122C2
:10CD0000002104F110000EF02FF820461649FFF71D
:10CD1000B7FFE36843F01003E360F3685B0712D5E5
:10CD2000336823606BB9D5F8883033B9C5E921443D
:10CD300028460EF044F83846F8BD1C60C5F8884017
:10CD4000F6E73460F4E7D5F884302360D5F888300E
:10CD5000C5F88440002BEBD1F0E700BF4BB00300D7
:10CD6000C448030024B003009FAD020038B5044658
:10CD7000EFF31185202383F31288BFF36F8F1848D8
:10CD800001F080FF68B98823164A1749174809F04F
:10CD9000B8FB1349164809F0B4FB8821114809F083
:10CDA000A7FB0F4801F092FFE4680D4804F01F0450
:10CDB00001F076FF68B94FF49A730A4A0D490B489F
:10CDC00009F09FFB06490C4809F09BFB4FF49A7150
:10CDD000E4E785F31188BFF36F8F204638BD00BFAD
:10CDE000DC2B00203956030066560300C4480300BC
:10CDF0007B56030091560300A856030037B50C4636
:10CE0000019059B9284940F27D13284A284809F071
:10CE100078FB40F27D11254809F06AFB4B684BB95D
:10CE200024494FF4BF73214A214809F06AFB4FF4AB
:10CE3000BF71F0E7EFF31185202383F31288BFF36E
:10CE40006F8F1D4801F01EFF60B988231B4A1C49E3
:10CE5000174809F056FB18491A4809F052FB882177
:10CE60001648D9E7144801F031FF204601A9FFF721
:10CE700045FE0446104801F013FF68B94FF49A7359
:10CE80000E4A11490A4809F03CFB0B490F4809F0CA
:10CE900038FB4FF49A71E3E785F31188BFF36F8F86
:10CEA000204603B030BD00BF01B1030024B0030031
:10CEB000C448030060B00300DC2B00203956030097
:10CEC000665603007B56030091560300A8560300E4
:10CED000014601480DF0ADBF301F002070B50C4673
:10CEE000054658B9384940F2CD13384A384809F058
:10CEF00008FB40F2CD11354809F0FAFAC368DB05AA
:10CF000009D534494FF4E773304A314809F0F9FA4A
:10CF10004FF4E771EFE70DF09CFF48B12E4940F266
:10CF2000CF132A4A2A4809F0ECFA40F2CF11E2E77F
:10CF30004CB92A494FF4E873244A254809F0E1FA2C
:10CF40004FF4E871D7E7EFF31186202383F31288BB
:10CF5000BFF36F8F224801F095FE60B98823214A04
:10CF600021491B4809F0CDFA1D49204809F0C9FAAA
:10CF700088211C48C0E71A4801F0A8FE284621462F
:10CF8000FFF7A4FE0546164801F08AFE68B94FF483
:10CF90009A73144A16490E4809F0B3FA1049154815
:10CFA00009F0AFFA4FF49A71E3E786F31188BFF303
:10CFB0006F8F3DB14FF0FF324FF0FF3304F110009F
:10CFC000FFF7EAFB284670BD01B1030024B003005F
:10CFD000C44803007DB003006B800300ACB00300C5
:10CFE000DC2B002039560300665603007B560300F5
:10CFF00091560300A856030008B558B908490948D6
:10D0000040F20533084A09F07CFA40F2053106483F
:10D0100009F06EFAA02200210EF0F4FE08BD00BF58
:10D020004BB00300C448030024B00300F0B589B03E
:10D0300004460E9D58B92F4940F232332E4A2F48EC
:10D0400009F05FFA40F232312B4809F051FA49B940
:10D050002B4940F23333284A284809F052FA40F26B
:10D060003331F1E7D0F89C0010F0010009D02549D8
:10D070004FF44D73204A214809F043FA4FF44D71A3
:10D08000E2E7C4E9210004F18C00C4E9230004F1C3
:10D090009400C4E9250055B32879002840F2011016
:10D0A00008BF0120C4F89C0000204FF0FF364FF06D
:10D0B000FF37CDE90330CDE90100CDE90667204611
:10D0C000114B009400F0FCFB55B1296811B12046CA
:10D0D0000DF0C5FE6B791BB1237B43F00103237375
:10D0E000204601F0F7FAC4F8804009B0F0BD0120F5
:10D0F000D8E700BFF4B0030024B00300C448030025
:10D10000FAB00300C0B00300B9C801007FB50D46F6
:10D11000044658B93A4940F265333A4A3A4809F068
:10D12000F0F940F26531374809F0E2F90DF091FE6F
:10D1300048B1364940F26633324A334809F0E1F9E2
:10D1400040F26631EFE7EFF31186202383F3128874
:10D15000BFF36F8F2E4801F095FD60B988232D4AEB
:10D160002D49294809F0CDF929492C4809F0C9F978
:10D1700088212848D8E7264801F0A8FDD4F89C303B
:10D1800013F0060F1DD1B5B143F00C03C4F89C3069
:10D1900020460DF014FE00234FF0FF3202934FF0B3
:10D1A000FF333146CDE90023194804F1940201F020
:10D1B00081FC04B070BDD4F884504DB143F0040339
:10D1C000E4E743F00402C4F89C20002DE0D0DBE744
:10D1D0000F4801F065FD68B94FF49A730D4A104984
:10D1E000094809F08EF90A490E4809F08AF94FF406
:10D1F0009A71BEE786F31188BFF36F8F2846D8E790
:10D20000F4B0030024B00300C44803006B800300A3
:10D21000DC2B002039560300665603007B560300C2
:10D2200091560300A856030038B50D46044658B978
:10D230000F494FF478730F4A0F4809F062F94FF421
:10D2400078710C4809F054F949B90C4940F2E133BE
:10D25000084A094809F055F940F2E131F1E7302276
:10D2600000210EF0CFFD4FF480736560E36038BDA0
:10D2700000B1030024B00300C448030066B00300FB
:10D28000F7B50C4616461D46019058B9334940F291
:10D290005743334A334809F034F940F25741304894
:10D2A00009F026F949B930494FF48B632C4A2D48CF
:10D2B00009F027F94FF48B61F1E7EFF31187202391
:10D2C00083F31288BFF36F8F284801F0DBFC60B94D
:10D2D0008823274A2749234809F013F92349264878
:10D2E00009F00FF988212248DAE7204801F0EEFC26
:10D2F000E36813F01E0F27D155EA060216D1204627
:10D3000001A9FFF7FBFB0446184801F0C9FCE8B986
:10D310004FF49A73164A1949124809F0F2F8134962
:10D32000174809F0EEF84FF49A71DCE743F0080370
:10D33000E360019B04F11000A36232462B461149C1
:10D3400001F0FAFC0124DFE70024DDE787F3118810
:10D35000BFF36F8F204603B0F0BD00BF4BB003009A
:10D3600024B00300C448030000B10300DC2B0020FC
:10D3700039560300665603007B560300915603009E
:10D38000A8560300D9CB010001460148FFF778BF3A
:10D39000301F0020F7B50C4616461D46019058B9BF
:10D3A000324940F27A43324A324809F0AAF840F250
:10D3B0007A412F4809F09CF849B92F4940F27B4344
:10D3C0002B4A2C4809F09DF840F27B41F1E7EFF33E
:10D3D0001187202383F31288BFF36F8F274801F052
:10D3E00051FC60B98823264A2649224809F089F869
:10D3F0002249254809F085F888212148DAE71F48A5
:10D4000001F064FC20460DF0CBFC55EA060316D172
:10D41000204601A9FFF772FB0446184801F040FCC2
:10D42000E0B94FF49A73164A1849124809F069F89E
:10D430001249174809F065F84FF49A71DDE7E3687F
:10D4400004F1100043F00803E360019B3246A3623D
:10D4500010492B4601F070FC0124DEE787F31188A8
:10D46000BFF36F8F204603B0F0BD00BF4BB0030089
:10D4700024B00300C448030000B10300DC2B0020EB
:10D4800039560300665603007B560300915603008D
:10D49000A8560300D9CB010001460148FFF77ABF27
:10D4A000301F002038B5044658B92349234840F2BC
:10D4B0009C43234A09F025F840F29C41204809F09A
:10D4C00017F8EFF31185202383F31288BFF36F8FD2
:10D4D0001C4801F0D7FB60B988231B4A1B49174839
:10D4E00009F00FF817491A4809F00BF88821164877
:10D4F000E5E7144801F0EAFB20460DF051FC204618
:10D500000DF064FC04460F4801F0CAFB68B94FF403
:10D510009A730D4A0F49094808F0F3FF09490E486C
:10D5200008F0EFFF4FF49A71E1E785F31188BFF33C
:10D530006F8F204638BD00BF00B10300C448030010
:10D5400024B00300DC2B002039560300665603008C
:10D550007B56030091560300A8560300F8B50D460C
:10D56000044658B93E4940F2AD433E4A3E4808F0B1
:10D57000C8FF40F2AD413B4808F0BAFF49B93B490A
:10D5800040F2AE43374A384808F0BBFF40F2AE41A4
:10D59000F1E70DF05EFC48B1354940F2AF43314A46
:10D5A000314808F0AEFF40F2AF41E4E7EFF31186F7
:10D5B000202383F31288BFF36F8F2E4801F062FBA4
:10D5C00060B988232C4A2D49274808F09AFF294939
:10D5D0002B4808F096FF88212748CDE7254801F021
:10D5E00075FBE36803F01F03002B14BF012700271E
:10D5F00017D1204801F054FB68B94FF49A731E4AC2
:10D600002049194808F07DFF1A491F4808F079FFA2
:10D610004FF49A71E0E786F31188BFF36F8F3846B5
:10D62000F8BD20460DF0BCFB20460DF0CFFB204698
:10D630002946FFF745FA04460E4801F031FB002861
:10D64000DBD086F31188BFF36F8F002CE7D04FF04B
:10D65000FF324FF0FF3305F10800FFF79DF8DEE7DA
:10D6600000B1030024B00300C4480300ACB00300C1
:10D670006B800300DC2B0020395603006656030044
:10D680007B56030091560300A856030008B5836833
:10D690004BB90B490B488F230B4A08F032FF8F21FF
:10D6A000094808F025FFD0E9003213605A600023D2
:10D6B000427BC0E9003322F002024273836008BD5E
:10D6C000DEAE0300C44803009BAE03002DE9F8431F
:10D6D0000546EFF31188202787F31288BFF36F8F79
:10D6E0003B4801F0CFFA60B988233A4A3A493B48AF
:10D6F00008F007FF36493A4808F003FF882135480B
:10D7000018E0334801F0E2FAEFF3118387F312884F
:10D71000BFF36F8F83F31188BFF36F8F63B9314904
:10D72000A623314A2D4808F0ECFE304808F0E9FE07
:10D73000A6212D4808F0DCFE2C68A54234D09CB30D
:10D7400000262046FFF7A2FF04F1180001F0D0FBED
:10D75000B1462046C4F87C9000F062FA0136EFF33F
:10D76000118387F31288BFF36F8F83F31188BFF3A0
:10D770006F8F002BD3D02C68A54210D07CB12046EF
:10D78000FFF784FF04F1180001F0B2FBE1E788F332
:10D790001188BFF36F8F00263046BDE8F8834146FD
:10D7A0000B4800F0DFFCF7E7094801F079FA0028A0
:10D7B000EDD14FF49A73074A0D49084808F0A1FECD
:10D7C00003490C4808F09DFE4FF49A7197E700BF9B
:10D7D000E02B00203956030066560300C4480300BE
:10D7E0007B560300C6AE03009BAE030084AD03006E
:10D7F00091560300A85603002DE9F04385B00F9D14
:10D8000004460F2D0E46984637D1274B984538D100
:10D8100004F15803C4E91633109B00272373042333
:10D820000732A57322F0070506EB05094946637325
:10D830002046C4E90677A760E773EDF717FB0E9B58
:10D84000073020F00700E066C4E9196502930D9BDC
:10D85000A9EB000901930C9B4A46009331464346CD
:10D860002046EDF7F7FE114B67659B6803B11B6F10
:10D870004846236705B0BDE8F08305F110031E2B71
:10D88000C6D940F24B230A4A0A490B4808F039FE30
:10D8900029460A486FF00F030E2208F032FE40F2CC
:10D8A0004B21034808F024FE21C00100AC2B0020CE
:10D8B00015B1030038B10300C4480300B8B1030038
:10D8C000F0B587B00446DDE91276EFF3058575B152
:10D8D000194940F21A33194A194808F012FE19483A
:10D8E00008F00FFE40F21A31144808F001FE0595C9
:10D8F000109D04950F9D03950E9D02950D9D01951C
:10D900000C9D0095FFF778FFB6F1FF3F08BFB7F118
:10D91000FF3F05D056EA070305D1204600F0DAFEA6
:10D92000204607B0F0BD3A46334604F118000649D8
:10D9300001F002FAF4E700BF60AF030015B1030085
:10D94000C4480300E9B10300C9AE020040F201136C
:10D950008381002310B50446C0E9193301F0AAFE03
:10D96000014B9C6010BD00BFAC2B002070B590F93E
:10D970000D20437B002A5ADBDC0658D12D4A43F0A8
:10D9800080039042437309D12B4952232B4A2C48E0
:10D9900008F0B7FD5221294808F0AAFDD90707D59C
:10D9A00028495323254A264808F0ABFD5321F2E7C6
:10D9B000254C224652F8183FE169934207D1C0E94D
:10D9C00000210860E06111E09942F8D01B68002B4B
:10D9D000F5D090F90E5093F90E60B542F4D0AE42F6
:10D9E000F2DD5968C0E9003108605860A5699542C8
:10D9F00000D005B9E568A3685BB91449EA23144A65
:10DA00000F4808F07EFD134808F07BFDEA2110481E
:10DA1000C2E75A7BD20604D1DA897F2A01D9AA69E2
:10DA200032B1AB4202D0284601F0A4F8656170BD66
:10DA30006361FCE7301E002030B203000EB2030029
:10DA4000C448030051B20300AC2B002096B203007F
:10DA50006AB2030084AD030038B590F90D20014689
:10DA6000002A437B1BDA224A03F07F039042437370
:10DA700009D120495A23204A204808F042FD5A2162
:10DA80001D4808F035FDDC0707D51D495B231A4A00
:10DA90001A4808F036FD5B21F2E70DF0E5F9194D63
:10DAA0002A4652F8184FAB68944200D004B9EC688B
:10DAB0008B4214D05BB91449EA23144A0F4808F08A
:10DAC00020FD134808F01DFDEA211048D9E75A7BD4
:10DAD000D20604D1DA897F2A01D9A2692AB1A342E8
:10DAE00002D0204601F046F823466B6138BD00BFE6
:10DAF000301E002030B203000EB20300C448030001
:10DB000051B20300AC2B002096B203006AB20300AE
:10DB100084AD030008B583684BB9094909488F23D0
:10DB2000094A08F0EEFC8F21074808F0E1FC0DF0EF
:10DB30009BF9437B23F0020343730023836008BDFA
:10DB4000DEAE0300C44803009BAE030008B5124AD2
:10DB5000936880B1597B11F0090F0CD10F49D22382
:10DB60000F4A104808F0CDFC0F4808F0CAFCD2213B
:10DB70000B4808F0BDFC6FF00A01D9670B499867A4
:10DB80004B6843F080534B60002383F31188BFF34D
:10DB90006F8F9368D86F08BDAC2B0020E7B20300ED
:10DBA000BDB20300C448030050B3030000ED00E021
:10DBB00038B5194CA168E0690B68814214BF1A4658
:10DBC000002249680B605960A368E1692AB9134AC9
:10DBD000C3E900210B60E3610CE093F90E0092F9B8
:10DBE0000E50A84214D0854212DD5168C3E90021CD
:10DBF0000B605360A569094B9D4200D005B9E568EB
:10DC0000A3689D4202D0284600F0B4FF656138BD8C
:10DC10009142DCD01268D9E7AC2B0020C42B002045
:10DC200038B50446EFF31185202383F31288BFF340
:10DC30006F8F174801F026F868B98823154A1649EE
:10DC4000164808F05EFC1249154808F05AFC882175
:10DC5000104808F04DFC0E4801F038F82046FFF758
:10DC600085FE0B4801F01CF868B94FF49A73094A15
:10DC70000C490A4808F045FC05490B4808F041FCEE
:10DC80004FF49A71E4E785F31188BFF36F8F38BDC5
:10DC9000E42B00203956030066560300C4480300F5
:10DCA0007B56030091560300A856030038B504467E
:10DCB000EFF31185202383F31288BFF36F8F184889
:10DCC00000F0E0FF68B98823164A1749174808F0A2
:10DCD00018FC1349164808F014FC8821114808F074
:10DCE00007FC0F4800F0F2FFA36813B12046FFF7CE
:10DCF00011FF0B4800F0D4FF68B94FF49A73094A3A
:10DD00000C490A4808F0FDFB05490B4808F0F9FBEF
:10DD10004FF49A71E2E785F31188BFF36F8F38BD36
:10DD2000E42B00203956030066560300C448030064
:10DD30007B56030091560300A856030038B50446ED
:10DD4000EFF31185202383F31288BFF36F8F1E48F2
:10DD500000F098FF68B988231C4A1D491D4808F047
:10DD6000D0FB19491C4808F0CCFB8821174808F063
:10DD7000BFFB154800F0AAFF637B13F0280F0BD1FF
:10DD8000A36813B12046FFF7C5FE637B204623F04E
:10DD900004036373FFF7EAFD0B4800F081FF68B9E5
:10DDA0004FF49A73094A0D490A4808F0AAFB06493C
:10DDB0000B4808F0A6FB4FF49A71D7E785F311885A
:10DDC000BFF36F8F38BD00BFE42B0020395603002E
:10DDD00066560300C44803007B56030091560300B7
:10DDE000A85603002DE9F047DFF8D4A0354D1746BB
:10DDF000DDE90898DAF80820334BA84204460E46BD
:10DE00001A600BD13149324840F29E23314A08F062
:10DE100078FB40F29E212F4808F06AFBEFF3118354
:10DE2000202383F31288BFF36F8F284600F02AFF68
:10DE300060B98823284A2949254808F062FB294609
:10DE4000274808F05EFB88212348E5E7284600F0D4
:10DE50003DFFDAF80850394628460DF00DF8B8F1C4
:10DE6000FF3F08BFB9F1FF3F06D04A4643461D4970
:10DE700005F1180000F060FF204600F011FF68B9BE
:10DE800019494FF4B773144A114808F03AFB214678
:10DE9000164808F036FB4FF4B771D5E7094800F093
:10DEA000FFFE40B910494FF4B7730B4A084808F019
:10DEB00028FB0449ECE73046BDE8F047FFF746BED3
:10DEC000AC2B0020E42B0020E82B002078B30300CB
:10DED000C44803000EB2030039560300665603001F
:10DEE0007B560300C9AE020091560300A8560300FA
:10DEF00070B50546EFF31186202383F31288BFF334
:10DF00006F8F1B4800F0BEFE68B98823194A1A4972
:10DF10001A4808F0F6FA1649194808F0F2FA88216A
:10DF2000144808F0E5FA124800F0D0FE2C68A5422B
:10DF300015D014B12046FFF7EDFD0D4800F0B0FEFE
:10DF400078B94FF49A730B4A0E490C4808F0D9FA85
:10DF500007490D4808F0D5FA4FF49A71E0E700241C
:10DF6000EBE786F31188BFF36F8F204670BD00BFCB
:10DF7000E42B00203956030066560300C448030012
:10DF80007B56030091560300A85603002DE9F0418B
:10DF900004460D46EFF31187202383F31288BFF365
:10DFA0006F8F624800F06EFE60B98823604A614955
:10DFB000614808F0A6FA5D49604808F0A2FA882195
:10DFC0005B4818E0594800F081FE637B03F01F02B4
:10DFD000002A0CBF0126002671D1594A03F07F03A5
:10DFE0009442637309D157495A23574A524808F05B
:10DFF00088FA5A21544808F07BFAD90707D55349C3
:10E000005B23514A4C4808F07CFA5B21F2E720463A
:10E010000CF02AFF637B6DB243F08003DA07A5732F
:10E02000637307D549495323474A434808F069FABF
:10E030005321DFE7DFF81881424652F8183F934238
:10E040003AD1D8F81C10C4E900210C60C8F81C4073
:10E050000FE09942F7D01B68002BF4D093F90E0023
:10E060008542F6D0A842F4DD5968C4E900310C605D
:10E070005C60D8F81840944200D00CB9D8F80C4035
:10E08000D8F808309C4202D0204600F073FDC8F852
:10E090001440264800F004FE00283FD14FF49A7344
:10E0A000234A2C49244808F02CFA20492A4808F031
:10E0B00028FA4FF49A7183E7D8F81C10CCE79B0735
:10E0C0002AD5A16841B925491B488F23244A08F065
:10E0D00018FA8F2122488EE720466DB20CF0C4FE5C
:10E0E000A5730B68994209D14B68C4E900131C6001
:10E0F0004C60CEE74A689342F6D01B68002BF3D001
:10E1000093F90E209542F5D0AA42F3DD5A68C4E98E
:10E11000003214605C60BCE7A573BAE787F311882E
:10E12000BFF36F8F3046BDE8F08100BFE42B0020C5
:10E130003956030066560300C44803007B560300AB
:10E14000301E002030B203000EB2030051B20300B3
:10E15000AC2B002091560300A8560300DEAE03004E
:10E160009BAE030070B504460D46F9B9EFF3058682
:10E17000E6B91A4B5A699B689A4217D000F090FD95
:10E1800078B94FF4B773164A1649174808F0B9F929
:10E190002146164808F0B5F94FF4B771104808F059
:10E1A000A7F93046BDE87040FFF7D0BC204600F02C
:10E1B00077FD68B94FF49A73094A0A490A4808F08A
:10E1C000A0F92146094808F09CF94FF49A71E5E757
:10E1D00085F31188BFF36F8F70BD00BFAC2B00209B
:10E1E0003956030091560300C4480300A8560300A3
:10E1F000034648B9EFF3058232B9064A516992687D
:10E20000914201D0FFF7A2BC83F31188BFF36F8F57
:10E21000704700BFAC2B002010B5EFF31184202312
:10E2200083F31288BFF36F8F284800F02BFD60B98D
:10E230008823274A2749284808F063F923492748B3
:10E2400008F05FF98821224812E0204800F03EFDE6
:10E25000EFF3058373B1224940F23B33214A1E4854
:10E2600008F04FF9204808F04CF940F23B311D48C6
:10E2700008F03EF91D4B9A68D37B012B0CD11C4949
:10E280004FF44F73174A144808F03BF9164808F04A
:10E2900038F94FF44F71EAE7013BD3730B4800F0B4
:10E2A000FFFC68B94FF49A73094A12490A4808F00A
:10E2B00028F90649104808F024F94FF49A71C2E78A
:10E2C00084F31188BFF36F8F10BD00BFE42B0020D3
:10E2D0003956030066560300C44803007B5603000A
:10E2E00060AF03000EB2030084AD0300AC2B00202E
:10E2F000B1B3030091560300A856030070B5EFF3C5
:10E300001186202383F31288BFF36F8F374800F004
:10E31000B9FC60B98823364A3649374808F0F1F825
:10E320003249364808F0EDF88821314813E0344D81
:10E330002E4800F0CBFCAB68DA7B72B9314940F271
:10E340004733314A2C4808F0DCF8304808F0D9F857
:10E3500040F247312C4808F0CBF8EFF3058161B16A
:10E360002B494FF45273284A234808F0CAF827482B
:10E3700008F0C7F84FF45271ECE70132DA732A461D
:10E3800052F8184F944200D004B9EC685A7BD20678
:10E3900004D1DA897F2A01D9A2692AB1A34202D025
:10E3A000204600F0E7FB234610486B6100F078FC44
:10E3B00068B94FF49A730E4A16490F4808F0A1F84D
:10E3C0000A49154808F09DF84FF49A71ADE786F3B5
:10E3D0001188BFF36F8FEFF31180202383F312882E
:10E3E000BFF36F8FBDE87040FFF702BFE42B002042
:10E3F0003956030066560300C44803007B560300E9
:10E40000AC2B0020E2B303000EB2030084AD030086
:10E4100060AF030091560300A8560300024B03F1BE
:10E420001802C3E906227047AC2B002070B5EFF349
:10E43000058373B139494FF48E63394A394808F07E
:10E4400060F8394808F05DF84FF48E61344808F000
:10E450004FF8EFF31186202383F31288BFF36F8FF9
:10E46000324800F00FFC60B98823314A31492D4809
:10E4700008F047F82D49304808F043F888212C4827
:10E48000E5E72E4C294800F021FCA168E0690B6803
:10E49000814214BF1A46002249680B605960A36884
:10E4A000E1692AB9264AC3E900210B60E3610CE067
:10E4B00093F90E0092F90E50A84225D0854223DD33
:10E4C0005168C3E900210B605360A5691C4B9D4254
:10E4D00000D005B9E568A3689D4202D0284600F047
:10E4E00049FB1248656100F0DBFB88B94FF4B77354
:10E4F0000F4A14490B4808F004F80C49124808F078
:10E5000000F84FF4B771BAE78A42CBD01268C8E777
:10E510003046BDE87040FFF719BB00BF60AF030095
:10E520000EB20300C448030084AD0300E42B0020B6
:10E5300039560300665603007B560300AC2B0020BF
:10E54000C42B002091560300A85603002DE9F0418A
:10E5500006460C46EFF3058777B134494FF49163D3
:10E56000334A344807F0CDFF334807F0CAFF4FF471
:10E5700091612F4807F0BCFF50EA010304D1FFF777
:10E5800055FF0020BDE8F081EFF31188202383F3CD
:10E590001288BFF36F8F294800F074FB60B988239D
:10E5A000274A2849234807F0ACFF2449264807F0AA
:10E5B000A8FF88212248DDE7244D204800F086FB93
:10E5C000A868234B1860FFF747FAA868234632462D
:10E5D0002049183000F0B0FBAA680446537B174866
:10E5E00043F00403537300F05BFB68B94FF4B77357
:10E5F000134A19490F4807F084FF1049174807F0DC
:10E6000080FF4FF4B771D5E74046FFF79FFAAB683C
:10E61000D3E90A23B3F1004F08BFBA42B1D10CF0DD
:10E620008BFC201A20EAE070ACE700BF60AF03006B
:10E630000EB20300C448030084AD0300E42B0020A5
:10E6400039560300665603007B560300AC2B0020AE
:10E65000E82B0020C9AE020091560300A856030023
:10E6600070B505460E46EFF3058474B1154940F2C6
:10E67000B243154A154807F044FF154807F041FF1B
:10E6800040F2B241104807F033FFFFF75FFFB6F1E9
:10E69000FF3F08BFB5F1FF3F0246284611D04FF4B7
:10E6A0007A7147F6FF73C2FB0134D80B40EA44404D
:10E6B000B0F1004F4FEAD43474F1000428BF6FF07A
:10E6C000004070BD60AF03000EB20300C4480300F9
:10E6D00084AD030038B50446EFF31185202383F39E
:10E6E0001288BFF36F8F204800F0CCFA68B98823F6
:10E6F0001E4A1F491F4807F004FF1B491E4807F028
:10E7000000FF8821194807F0F3FE174800F0DEFAF1
:10E71000637B5B0710D504F1180000F0E9FB637B15
:10E72000204623F004036373FFF720F92946BDE870
:10E7300038400D48FFF716BD0B4800F0B1FA68B934
:10E740004FF49A73094A0D490A4807F0DAFE064960
:10E750000B4807F0D6FE4FF49A71D3E785F3118882
:10E76000BFF36F8F38BD00BFE42B00203956030084
:10E7700066560300C44803007B560300915603000D
:10E78000A8560300014B9868704700BFAC2B0020CF
:10E790002DE9F8430446077BEFF31185202383F32B
:10E7A0001288BFF36F8F824800F06CFA68B9882333
:10E7B000804A8149814807F0A4FE7D49804807F0DE
:10E7C000A0FE88217B4807F093FE794800F07EFA8E
:10E7D000637B180717D5764800F062FA68B94FF4E2
:10E7E0009A73744A7749754807F08BFE70497648EA
:10E7F00007F087FE4FF49A71E4E785F31188BFF3C1
:10E800006F8FBDE8F883D90943F0080240F0838098
:10E810006273A36813B12046FFF77CF904F1180076
:10E8200000F066FBA66D04F15808B04511D04FF01A
:10E83000000976B13046FFF76DF906F1180000F0D7
:10E8400057FB3046C6F87C90FFF790F8A66DB045B0
:10E85000EFD1DFF87881D8F808309C427AD1EFF315
:10E860000589B9F1000918BF4FF00109D8F81860FF
:10E87000574A964200D00EB9D8F80C60B34202D085
:10E88000304600F077F92046C8F8146008F0F6FE2C
:10E89000B9F1000F02D04F48FFF758F8D8F8083008
:10E8A0009C426AD1EFF30586002E66D1237BDA07FE
:10E8B0001FD53F4800F0F4F9002890D085F3118867
:10E8C000BFF36F8F86F31188BFF36F8F0423184651
:10E8D00002DFEFF31185202383F31288BFF36F8FDC
:10E8E000334800F0CFF900283FF461AF304800F022
:10E8F000EDF92F4800F0D4F978BB4FF4B7732D4AE7
:10E9000030492E4807F0FDFD29492F4807F0F9FD51
:10E910004FF4B77156E7304A03F07F0343F0080322
:10E920009442637308D12D495A232D4A234807F096
:10E93000E8FD5A212A4846E7D90707D529495B232C
:10E94000274A1E4807F0DDFD5B21F3E720460CF067
:10E950008BFA5EE74FF0000988E72846FFF7F6F8E4
:10E9600021494FF4EE731E4A144807F0CAFD1F48B0
:10E9700007F0C7FD4FF4EE71DCE70D4800F090F9A9
:10E9800000283FF42CAF85F31188BFF36F8FFB078E
:10E990007FF537AF40F28E53114A1549074807F00B
:10E9A000B0FD2146134807F0ACFD40F28E51C1E79F
:10E9B000E42B00203956030066560300C4480300C8
:10E9C0007B56030091560300A8560300AC2B002091
:10E9D000C42B0020D01F0020301E002030B20300C6
:10E9E0000EB2030051B2030013B403001EB40300BF
:10E9F00040B403004BB403002DE9F84306468846B3
:10EA00001746EFF31189202383F31288BFF36F8F2A
:10EA1000214800F037F9054668B988231F4A204984
:10EA2000204807F06EFD1C491F4807F06AFD882149
:10EA30001A4807F05DFD184800F048F93468A6420E
:10EA40001FD004B32046C4F87C802761FFF762F82A
:10EA500004F1180000F04CFA2046FEF787FF0E483C
:10EA600000F01EF988B94FF49A730C4A0F490D480B
:10EA700007F047FD08490E4807F043FD4FF49A712F
:10EA8000D6E70025EBE72546E9E789F31188BFF3D0
:10EA90006F8F2846BDE8F883E42B00203956030029
:10EAA00066560300C44803007B56030091560300DA
:10EAB000A8560300D3B5DDE90667089CCDE90067D9
:10EAC000FFF790F91CB1034B9B681B69236002B0F0
:10EAD000D0BD00BFAC2B0020427B034612F01F02CA
:10EAE00010D10A4988420DD00949086868B1D9890E
:10EAF0007F2909D893F90E20064B1B689A42B8BFAC
:10EB0000002070470020704710467047301E0020DC
:10EB1000E0090020EC2B002008B568B10F4B9842AB
:10EB20000AD303F11802904206D21822C01AB0FB91
:10EB3000F2F302FB13034BB109490A483F230A4A87
:10EB400007F0DFFC3F21084807F0D2FC0122074B09
:10EB5000C0105843064B1A5408BD00BF5020002077
:10EB600091B40300C448030069B40300ABAAAAAA85
:10EB7000604B002070B50D4B0D4D1E7CFFF7ACFFB8
:10EB800006EB460305EBC3050446284600F0B0F942
:10EB90000022084B9A553CB1621E2846BDE87040E1
:10EBA0000549D31700F0C8B870BD00BFAC2B0020DA
:10EBB00050200020604B002019EB010038B5EFF326
:10EBC0001185202383F31288BFF36F8F234800F051
:10EBD00059F868B98823224A2249234807F091FC52
:10EBE0001E49224807F08DFC88211D4807F080FC53
:10EBF0001A4800F06BF81E4B1E4A9C681068A04231
:10EC000013D1FFF7B7FF154800F04AF800BB4FF4E7
:10EC10009A73134A1849144807F073FC0F491748B0
:10EC200007F06FFC4FF49A71DFE700211B7C116045
:10EC3000134AD35C002BE6D02046FFF74DFF002897
:10EC4000E1D0637BDB0601D1FEF7B2FF2046D8E7B7
:10EC500085F31188BFF36F8F38BD00BFE42B002010
:10EC60003956030066560300C44803007B56030070
:10EC7000AC2B0020E82B002091560300A85603007F
:10EC8000604B0020006838B1044B00F003001B7C8F
:10EC9000C01A18BF0120704701207047AC2B00201C
:10ECA000002302680360EFF30581074B19B19968EF
:10ECB000497BC90706D4197C98680843831A5842CF
:10ECC0005841704701207047AC2B0020024B1A7C42
:10ECD0009B68134303607047AC2B0020024B1868FD
:10ECE000984208BF00207047E4090020034B1B68CE
:10ECF0000BB9F9F78DBC0020704700BFF02B002046
:10ED000030B570B10B4B5B6898420AD0036843B1D1
:10ED1000D3E90421D0E90445121941EB0501C3E907
:10ED20000421D0E9003213605A600023C0E90033A7
:10ED300030BD00BFE4090020B3F1FF3F08BFB2F1CE
:10ED4000FF3F2DE9F84F04469B4615461F4600F04D
:10ED5000B280D0F80090B9F1000F0CD05749702361
:10ED6000574A584807F0CDFB574807F0CAFB7021B7
:10ED7000534807F0BDFB8160EFF31188202383F334
:10ED80001288BFF36F8F5148FFF77CFF824660B94E
:10ED900088234F4A4F494B4807F0B3FB4B494E4835
:10EDA00007F0AFFB88214A48E3E74848FFF78EFFAA
:10EDB000BBF1000F494A1FDBFFF798FF06460135FC
:10EDC0004BF1000B454A2D184BEBE073D2E90017CD
:10EDD000C4E904536D1843EB0707FFF77FFF0346B1
:10EDE000DFF8FCE0DEF80490EBB9C4E900E9C9F80B
:10EDF0000040CEF8044028E06FF00103D2E9001291
:10EE00005B1A4FF0FF3161EB02025B1B62EB0B02FE
:10EE1000012B72F10001BCBF01234A464FF0000AEA
:10EE2000C4E90432D9E7D3E9041CD4E904208A42B6
:10EE300070EB0C0B2EDA891A5A686CEB0000C3E9F0
:10EE40000410C4E9003214605C60FFF747FF84429D
:10EE50000ED1244B1B685BB9BAF1000F02D1FFF74A
:10EE600045FF064630460CF050F80021F9F7AAFBA2
:10EE70001648FFF715FFB0B94FF49A73144A1A49B0
:10EE8000104807F03EFB1149184807F03AFB4FF4D1
:10EE90009A7188E7521A60EB0C009945C4E9042086
:10EEA000A3D01B68A0E788F31188BFF36F8F2846B3
:10EEB0003946BDE8F88F00252F46F8E760B6030015
:10EEC0003CB60300C448030084AD0300F42B0020CB
:10EED00039560300665603007B5603006820002065
:10EEE000E4090020F02B002091560300A8560300EF
:10EEF00070B50446EFF31186202383F31288BFF325
:10EF00006F8F2348FFF7BEFE68B98823214A224944
:10EF1000224807F0F6FA1E49214807F0F2FA882144
:10EF20001C4807F0E5FA1A48FFF7D0FE236833B310
:10EF3000FFF7D4FE05462046FFF7E2FE00224FF021
:10EF40000043A542C4E9042306D1FFF7CFFE0BF02E
:10EF5000DCFF0021F9F736FB00240D48FFF7A0FE87
:10EF600080B94FF49A730B4A0E490C4807F0C9FA5E
:10EF700007490D4807F0C5FA4FF49A71D0E76FF0D2
:10EF80001504EAE786F31188BFF36F8F204670BD42
:10EF9000F42B00203956030066560300C4480300D2
:10EFA0007B56030091560300A85603002DE9F04755
:10EFB0000446EFF31188202383F31288BFF36F8F89
:10EFC0004348FFF75FFE68B98823424A42494348F5
:10EFD00007F097FA3E49424807F093FA88213D48E6
:10EFE00007F086FADFF8FC903948FFF76FFEC9F8A2
:10EFF0000040FFF773FE002604460027DFF8E8A074
:10F00000D9F80030DAE900C0D91754B1D4E9045274
:10F01000AB4271EB020E1FDAED1A62EB0102C4E99A
:10F020000452002413EB0C0340EB01012046CAE913
:10F030000031C9F800400BF068FF2146F9F7C2FA29
:10F040002348FFF72DFEB0B188F31188BFF36F8F0F
:10F05000BDE8F047FFF7B2BD15EB0C0340EBE570E0
:10F06000CAE90030C4E904672046FFF749FE1848A2
:10F07000FFF716FE68B94FF49A73164A1B491748F2
:10F0800007F03FFA12491A4807F03BFA4FF49A7119
:10F09000A5E788F31188BFF36F8F2046A3689847D0
:10F0A000EFF31188202383F31288BFF36F8F084892
:10F0B000FFF7E8FD002887D00548FFF707FED9F8DD
:10F0C00000305B1BC9F80030FFF708FE044697E7E5
:10F0D000F42B00203956030066560300C448030091
:10F0E0007B560300F02B002068200020915603007F
:10F0F000A856030070B5EFF31186202383F312881E
:10F10000BFF36F8F1A48FFF7BDFD68B98823194A0E
:10F1100019491A4807F0F5F91549194807F0F1F9A6
:10F120008821144807F0E4F91148FFF7CFFDFFF7F5
:10F13000DDFD144AD2E90045041945EBE0750C48A1
:10F14000FFF7AEFD68B94FF49A730A4A0E490B48AF
:10F1500007F0D7F906490D4807F0D3F94FF49A7133
:10F16000DFE786F31188BFF36F8F2046294670BD15
:10F17000F42B00203956030066560300C4480300F0
:10F180007B5603006820002091560300A856030018
:10F19000F8B50646EFF31187202383F31288BFF3F7
:10F1A0006F8F5948FFF76EFD68B98823574A584951
:10F1B000584807F0A6F95449574807F0A2F98821A2
:10F1C000524807F095F95048FFF780FD32689AB130
:10F1D0004D48FFF765FD002840F090804FF49A738A
:10F1E0004A4A4E494B4807F08CF947494C4807F0CA
:10F1F00088F94FF49A71E3E7D6E90A54691C44F19F
:10F200000003022973F1000334D3013D44F1FF34BC
:10F21000002CBCBF15462C460BF092FE013041F18C
:10F220000001401944EB0101012871F100015CDB90
:10F230000BF086FE6FF00203013041F1000140192E
:10F2400044EB010183426FF000438B4152DB0BF032
:10F2500077FE013041F100016FF00102401944EBEB
:10F2600001034FF0FF31121A61EB030330462D49C1
:10F27000FFF762FD336B01333363336ADBB122483E
:10F28000FFF70EFD0028A9D087F31188BFF36F8F19
:10F290003046336A9847EFF31187202383F31288AF
:10F2A000BFF36F8F1848FFF7EDFC00283FF47DAFE8
:10F2B0001548FFF70BFD304650F8184F844287D0B1
:10F2C000002C85D02046FEF7F1FC00230E48E367B2
:10F2D000FFF7E6FC002881D087F31188BFF36F8F1A
:10F2E0002046BDE8F840FEF79BBC6FF001024FF0EE
:10F2F000FF33BBE700224FF00043B7E787F31188E5
:10F30000BFF36F8FF8BD00BFF82B00203956030004
:10F3100066560300C44803007B5603009156030061
:10F32000A856030091F101002DE9F8430646144662
:10F330001D4691469846EFF31187202383F31288E8
:10F34000BFF36F8F2748FFF79DFC68B98823264AD3
:10F350002649274807F0D5F82249264807F0D1F872
:10F360008821214807F0C4F81E48FFF7AFFCB5F12B
:10F37000FF3F08BFB4F1FF3F11D11A48FFF790FCDF
:10F3800050BB4FF49A73184A1B49194807F0B9F853
:10F3900014491A4807F0B5F84FF49A71E1E7002DC7
:10F3A0000ADB012C75F100032246BCBF01220025B7
:10F3B00012F1FF3945F1FF383046FFF799FDDDE9DD
:10F3C0000823C6E90A2300234A46336330464346EE
:10F3D0000B49FFF7B1FCD0E787F31188BFF36F8FBC
:10F3E000BDE8F883F82B0020395603006656030069
:10F3F000C44803007B56030091560300A85603003F
:10F4000091F10100F8B505460E46EFF31187202370
:10F4100083F31288BFF36F8F1F48FFF733FC68B97F
:10F4200088231E4A1E491F4807F06BF81A491E48D8
:10F4300007F067F88821194807F05AF81648FFF7CF
:10F4400045FC2C68A5421CD0D4E9003213605A60F8
:10F45000002331462046C4E900330BF0E1FD0E489D
:10F46000FFF71EFC78B94FF49A730C4A0F490D4808
:10F4700007F047F808490E4807F043F84FF49A712F
:10F48000D9E70024EBE787F31188BFF36F8F201EC5
:10F4900018BF0120F8BD00BFFC2B00203956030027
:10F4A00066560300C44803007B56030091560300D0
:10F4B000A856030070B504460D46EFF311862023CD
:10F4C00083F31288BFF36F8F2148FFF7DBFB68B926
:10F4D0008823204A2049214807F013F81C49204876
:10F4E00007F00FF888211B4807F002F81848FFF7CB
:10F4F000EDFB01212068E5608442A16011D1144830
:10F50000FFF7CEFBE8B94FF49A73124A1549134836
:10F5100006F0F7FF0E49144806F0F3FF4FF49A7116
:10F52000E1E7D0E9003213605A600023C0E90033FC
:10F530000BF076FD314604460548FEF713FE2046E3
:10F5400070BD86F31188BFF36F8F0024F7E700BF0B
:10F55000FC2B00203956030066560300C448030004
:10F560007B56030091560300A85603002DE9F84F7F
:10F570004F1E0F4206460D469A460BD02F491723C1
:10F580002F4A304806F0BDFF2F4806F0BAFF17217A
:10F590002B481CE0141D4DD241F0040B00F114085F
:10F5A000EFF31189202383F31288BFF36F8F404656
:10F5B000FFF768FB68B98823244A2549214806F0EB
:10F5C000A0FF4146234806F09CFF88211F4806F013
:10F5D0008FFF4046FFF77AFB224659463046D04718
:10F5E00004464046FFF75CFB68B94FF49A73174A2C
:10F5F0001949144806F085FF4146184806F081FF76
:10F600004FF49A71E2E789F31188BFF36F8F8CB1E1
:10F6100044F8046B7DB13C420DD03423084A1049B4
:10F62000084806F06EFF21462A460E4806F069FF9C
:10F630003421ADE700242046BDE8F88F4A5303008B
:10F64000C3B70300C44803006553030039560300E1
:10F65000665603007B56030091560300A85603002C
:10F66000E7B7030019B803002DE9F04105460E463F
:10F6700017460BF0EEFB28B9074B9B681C6F14B9BB
:10F68000BDE8F081054C3B46324629462046BDE8A0
:10F69000F041FFF76BBF00BFAC2B00204C0B0020EC
:10F6A00002460021014B0248FFF760BF21640200BF
:10F6B0004C0B0020014B0367704700BF4C0B002030
:10F6C0000146024A0020FFF7CFBF00BF21640200BD
:10F6D00001680E4A0346914215D1C169A2F1102278
:10F6E000A2F1EF1291420ED18268012A0BD8C268B2
:10F6F00012B101698A4206D0586928B19B691B1A68
:10F700005842584170470120704700BF55AA00FF7A
:10F7100070B50D4B9E68A6B13046FFF7D9FF044681
:10F7200078B9F3686BB935690DB9204670BD2846C4
:10F73000FFF7CEFF28B9EB68B34202D12E462D6900
:10F74000F2E70124F1E700BF002C00202DE9F04191
:10F75000444B454C05461B6820468846984718B1DF
:10F7600000242046BDE8F081A4F1140754F8144C9D
:10F77000FB68DCB1BC68CCB1002D66D0B8F1000FDD
:10F7800065D008FB05F6B6FBF5F5A84561D1311D3E
:10F790005FD8B20711D026F0030204321C4603E002
:10F7A0006168914257D2A469002CF9D12F4B2E48A1
:10F7B0001B6898470028D4D0D2E73246EEE7891A72
:10F7C000232904F120051CD80123A360D4E90523D3
:10F7D000AAB19361A3690BB162695A610023C4E9BC
:10F7E00005333B69DB0703D5FFF792FF002835D1CE
:10F7F0003246002128462C460CF004FBD6E7FB607D
:10F80000E8E702F1200C04EB0C032039C3E90110F6
:10F81000DC6021691648196144F80C00A0F1102041
:10F82000A0F1EF10D86101B1CB6061695961A069A5
:10F83000986141B18B61996901B14B6101212361EB
:10F84000C4E90121CAE7FB60F5E72C46AEE7444670
:10F85000ACE70446AAE7A0680028B0D0012004F075
:10F8600051FB00BFFC090020142C0020F8090020E7
:10F8700055AA00FF70B5464B464C05461B6820460E
:10F880009847002840F08280002D43D054F8143C63
:10F89000A4F11406002B3DD0B268002A3AD09D4254
:10F8A00003D3726813449D4202D3012004F02AFB63
:10F8B000A5F120042046FFF70BFF0028F5D155F8ED
:10F8C000183C012BF1D155F8143C45F8180C3BB30A
:10F8D0009A682ABB55F81C2C02F120015A680A4488
:10F8E0005A6055E905321A6155F8145C2B6903B169
:10F8F000DD602022002120460CF084FA286910B136
:10F900008368002B2ED033699B0703D5FFF700FFD8
:10F910000028CAD1BDE870401F4B1E481B6818471D
:10F9200055F8100C00282AD0836843BB42686368EE
:10F9300013442033636003692361D4E905239AB932
:10F94000CBB9436963618269A261B3B19C61A36968
:10F9500003B15C61236903B1DC60202200210CF05B
:10F9600051FAD0E72C46E1E79361A369002BE8D078
:10F9700062695A61E5E7F360F7E7F460E7E7F36887
:10F9800045F8083C03B15C61F460BCE770BD00BFA2
:10F99000FC090020142C0020F809002038B50C4682
:10F9A0001C220021054615480CF02CFA144B154872
:10F9B0001B6898471449154800F038F8232C1CD9C7
:10F9C00015F003031FBF043CE418C3F10403ED1852
:10F9D0002246002128460CF015FA084B0C49C3E9D1
:10F9E0000054203C9D606C609A6811609A68A1F197
:10F9F0001021A1F1EF11D161DA6038BD002C002097
:10FA0000000A0020142C002075F801004DF70100B9
:10FA100055AA00FF014B1B68184700BFF0090020E2
:10FA2000014B1B68184700BFEC090020024B18600F
:10FA3000024B002019607047F0090020EC090020FB
:10FA400010B50A46044619B1024B00211B689847BD
:10FA500010BD00BFF4090020F8B50D4E0D4C0E4D41
:10FA600033680E48984767782B680C489847336886
:10FA70000B489847022F08D12478E31F5C425C4171
:10FA80002B68074898472046F8BD0024F8E700BFD8
:10FA9000FC0900201C2C0020F8090020F0060020A2
:10FAA000F80600200E4B0340B3F1607F06D1B1F59C
:10FAB000885F14BF6FF0860000207047B3F1707F3D
:10FAC0000BD101F4E043B3F5005F06D111F4E06F10
:10FAD0000CBF6FF08600002070476FF08600704703
:10FAE0000000C07F8A42F8B506460D4600F0188136
:10FAF00001F0FE41B1F1C06F6BD18D4C22F4875102
:10FB000021F01F01A14222F0FF0015D0894988424F
:10FB10002CD022F4FF7121F00101B1F1062F2CD07D
:10FB200004F5C064A04207D004F57454A14203D088
:10FB3000A4F58444A1421DD1D1B221BB8BB122F4E2
:10FB4000FF7323F00103B3F1062F06D07A4922F4A4
:10FB5000FF6323F007038B4203D122F4807225F464
:10FB60008075954214BF00200120F8BDD1B251B973
:10FB7000824208D0002BE9D1F3E7D1B219B9B2F132
:10FB8000062F40F0D1806B4E25F4FF7121F001016A
:10FB9000B14225F0FF0411D006F58856B4420DD0CD
:10FBA000664F25F47F7626F00306BE4206D0644EEB
:10FBB000B44203D006F57456B142BFD115F0FF012F
:10FBC000BCD0604E41F00071B14204BF02462546F0
:10FBD000B4E7B1F1A06F17D102F0FE43B3F1A06F0B
:10FBE00040F08C8082EA050333F47E1340F0868077
:10FBF0002E0440F18380C5F30540C2F305429042D4
:10FC00008CBF00200120B0E74F4B9D4209D1A3F5E6
:10FC100000439A4200F084804C4B22F47E109842BC
:10FC2000A0E7B1F1407F69D102F0FE43B3F1407F1C
:10FC300064D182EA050030F47E145FD13146284653
:10FC4000FFF730FF00286DD1414B12F47C1103EA1D
:10FC5000020318D0B3F1607FC2F305413DD13D48A6
:10FC6000D3B243F0007383423DD003F17E43043BA3
:10FC7000112B01D83848C45C15F47C1FC5F305432B
:10FC800033D18C426EE7B3F1607F0DD13148D3B2EE
:10FC900043F0007383421ED003F17E43043B112BDB
:10FCA000DDD82E49C95CDAE7B3F1707F19D106F4CB
:10FCB000E043B3F5005F03D10121C6F3022399406D
:10FCC00006F4E043B3F5005FD6D10120C6F3022667
:10FCD00000FA06F4D0E71021C1E7B3F1707FCBD171
:10FCE000EEE70024C8E71024C6E712F47C1F01D118
:10FCF000A34215D02C0401D58B4281E725F00043A7
:10FD000023F47F03B3F1106F0CD102F0FE43B3F183
:10FD1000106F07D11248104040F01060A84221E750
:10FD2000012022E7002020E7002B7FF416AF18E720
:10FD30000003000600020006004000060004000662
:10FD400000090006FF0000020093C0040001400506
:10FD50000000C07F0300000241B8030041B8030067
:10FD60000000FFF62DE9F047884692461C4600F059
:10FD7000C7FC064600283CD1D8F80070B7F80090C0
:10FD800009F4E043B3F5804FBB6808BF2AF0010ACD
:10FD90003AEA030325D164B3BAF5006F2CD0AAF573
:10FDA0000052D2F1000A4AEB020A2A4B24F0FF0269
:10FDB0009A4224D114F0FF0504D0274B45F000757A
:10FDC0009D423BD0534622464846F968FFF78AFEDB
:10FDD000054670B95346224648463969FFF782FE08
:10FDE000A8BB6FF0840600233846C8F8003000F046
:10FDF000BBFC3046BDE8F0874FF0010AD5E7174B52
:10FE00009A42D7D0A3F588539A42D3D024F4FF73F3
:10FE100023F00103B3F1062FCCD011498A42C9D097
:10FE2000104A9342C6D0A2F584429342C2D004F055
:10FE3000FE43B3F1407F04D12304C3D56FF086069F
:10FE4000D1E7B3F1A06FF7D0034B9C42B9E72E4640
:10FE5000CFE700BF00030006FF000002001300060A
:10FE6000000900060046000670B5114B05461B68E8
:10FE700010480E469847044618B16FF08F0420468C
:10FE800070BD6B6933602B7F012B04BF02232B777E
:10FE9000094B18BF30601B68064818BF6FF0960406
:10FEA00098470028EBD0002CE7D06FF09604E6E7E7
:10FEB000FC09002000070020F809002038B500F0F8
:10FEC000FE43B3F1407F04460D4602D06FF086003A
:10FED00038BDFFF7E7FD0028FAD114F47C1F12D0DB
:10FEE000C4F30543032B137022D9284A2240B2F1F0
:10FEF000607F3DD1264AE4B244F0007494422BD195
:10FF0000102BE5D9E2E7214B2340B3F1607F15D1F7
:10FF10001F49E3B243F000738B4202D110231370E8
:10FF2000D6E703F17E43043B112B04D90023137061
:10FF30006FF08500CCE71749CB5CD3E7B3F1707F56
:10FF4000F4D101F4E043B3F5005FEFD10123C1F335
:10FF500002218B40DBB2C5E704F17E44043C112C46
:10FF6000B4D80D4A125D9342B0D8142BB0D9DFE754
:10FF7000B2F1707FAAD105F4E042B2F5005FA5D1DD
:10FF80000122C5F30225AA40EDE700BF0000C07FB3
:10FF90000300000241B8030041B8030000232DE92B
:10FFA000F34113604768D0F8148004460E46384683
:10FFB00011460BF0FFFB054688B938460BF0FCFBF9
:10FFC000054660B9FFB277B9B8F1000F05D1A36853
:10FFD00023F0031323F47F4363B16FF086052846B3
:10FFE00002B0BDE8F081012160690BF0BDFB002883
:10FFF000EDD1F2E74FF6F87362889A4227D8154B95
:020000022000DC
:1000000015481B682779984710B16FF08F05E6E710
:1000100007B901A8314600F02BFB104B05461B68C1
:100020000D48984710B1002DD9D1EEE7002DD6D15B
:100030000FCCD6F800C066460FC694E8070086E8E5
:100040000700002FCBD1019BCCF81430C7E76FF02D
:100050008505C4E7FC09002000070020F8090020FE
:1000600010B5044660B1074B07481B689847204607
:100070000BF04DF9BDE81040044B03481B681847CE
:1000800010BD00BFFC09002000070020F809002077
:1000900037B50446C0B101A900F032FB044698B957
:1000A000194B1A481B689847194DF0B90198037FFE
:1000B000032B11D10BF069FB2B68044613489847BA
:1000C00028B10CB96FF08F04204603B030BD002C6E
:1000D00008BF6FF08704F7E7022B12D103230377E1
:1000E0000379FF2B08BF6FF0840401980BF04DFBE0
:1000F0002B68002818BF0446044898470028E3D01E
:10010000DFE76FF09604F0E7FC090020000700200D
:10011000F80900202DE9F04116461F46002288B05C
:10012000038805468846CDE9042207963A60002EEA
:1001300062D0B6F1005F80F09E8023F0FF03B3F53C
:10014000E24F02D0B3F5824F22D128460AF0C0FF19
:100150000446002840F08380EB686BB16A885AB18E
:100160002B8803F44F41B1F5824F05D1DBB2222B2E
:1001700037D02DD8122B39D04246002308EB060188
:1001800012F8010B914243EA0003F9D1002B33D05E
:10019000284605AA04A9FFF701FF0446A0B9049B5D
:1001A0009B6A63B3049B41465A882846069206AA76
:1001B000029203F1280201929A6A00925B6A324627
:1001C0000BF02CFB044678B30498FFF749FF46E098
:1001D000273BDBB21B2BCFD8284921FA03F3DB07DF
:1001E000CAD50732B6EBD20FC6D205E040F20923DA
:1001F0009A42F6D1402EBFD86FF086042FE06B688C
:100200001B0A07D1079904980BF041F8044600280F
:10021000C8D0D9E732464146284607AB0BF0D6FA9C
:1002200004460028EED0CFE70499069B4A88D2B94D
:100230004B804FF6F873069A04989A4218D82B8888
:1002400013B102889A4210D16B8813B142889A4246
:100250000BD13946FFF708FE04460028B4D12046EA
:1002600008B0BDE8F0819A42E3D06FF08604ABE7B6
:100270006FF08504A8E76FF08504F0E70102000C39
:1002800038B504460D46FFF7E7FB30B12A46214654
:10029000BDE8384002480BF07EBB6FF0880038BDE7
:1002A000202C00202DE9F04F9B460023924601F0C0
:1002B000FE428FB0B2F1806F0E46DDE91878DDF8AE
:1002C0006890099306D0184600F04EFA6FF0860544
:1002D000002479E00B464FF4807209A9FFF742FD34
:1002E0000546099815B100F03FFAF1E7038803F4D9
:1002F000E042B2F5005F1DD113F4E06FC3F30221B9
:1003000018D0364C26F48072A2420AD004F500744C
:10031000A64206D0324CA64203D0A4F53F44A242E6
:1003200008D101248C40102C0CD900F01DFA6FF07C
:100330008305CDE742F2040293420AD1294B9E4243
:100340000ED10C24A04510D200F00EFA6FF08905F2
:10035000BEE742F20702934202D1224B9E42E4D012
:10036000214B9E4209D10D24ECE721460AA8FFF754
:1003700087FF054610B10998B5E700240998D0E930
:1003800009123FB33D19A8EB04030DF12808CDE98C
:100390000453CDE902AB3346CDF818900194CDF863
:1003A00000800BF091FA0646099800F0DDF9054649
:1003B00096B900288CD124B12246414638460BF02C
:1003C000FAFCD9F800301C442846C9F800400FB0A8
:1003D000BDE8F08F3D46D6E7354679E70010C0040A
:1003E00000FF4004000180040013C00470B51D4EDE
:1003F0001D4C33681D4898472378590744BF23F0A4
:100400000403237023789A0705D500F017F92378A1
:1004100023F002032370164D14482B689847336865
:1004200014489847637813B113480BF0C5FA0023BA
:10043000042111486370FFF703FB2B680D489847B0
:1004400033680A4898472378DB0705D50BF0BDF9D8
:10045000237823F0010323702B680448BDE8704023
:10046000184700BFFC0900201C2C0020F8060020C3
:10047000F8090020F0060020202C00202DE9F04192
:10048000FFF7EAFA18B100242046BDE8F081364FA4
:1004900036483B689847044620B16FF08F04FFF759
:1004A000A5FFF1E7324D2B78D80706D40BF08BF976
:1004B00004462B7843F001032B702E4E2B483368F3
:1004C000984710B1002CE8D0E9E7002CE7D13B6851
:1004D0002648984704460028DFD12B78990706D490
:1004E00000F0A4F804462B7843F002032B70336825
:1004F0001E4898470028E5D1002CD0D13B681B4806
:1005000098470028C9D13368184895F80080984763
:100510000028C2D13B681848984704460028BCD13F
:100520006B7843B918F0010F05D014480BF031FA7D
:10053000022304466B7033680F4898470028C1D1E6
:10054000002CACD13B68094898470028A5D12B78EE
:1005500006485A075CBF43F004032B703368984782
:10056000002890D099E700BFFC090020F806002081
:100570001C2C0020F8090020F0060020202C002070
:1005800038B5074C074B20461B689847064B20465A
:1005900093F88055054B1B689847284638BD00BF27
:1005A000F8060020FC090020242C0020F809002077
:1005B00000F140421F2A38B504460D460CD82C21C4
:1005C000194B01FB02331A7F022A02D15A69824277
:1005D00018D06FF08B001FE001210BF0C5F8E0B1DF
:1005E000114A00201346117F022902D15169A1420C
:1005F00005D00130202802F12C02F4D1E9E72C22A9
:1006000002FB00331A7F022A0AD11A6A511C07D052
:10061000002001321A622B6038BD6FF08700FBE7C3
:100620006FF09600F8E700BF242C00200122024B57
:10063000002083F880257047242C00202DE9F0410C
:100640000A4C002526464FF0010803272046C4F82F
:100650002080277701350AF05AFE202D04F12C0462
:10066000F4D1002386F88035BDE8F081242C0020E9
:10067000F8B506460F46FFF783FF002835D0002463
:100680001D4B22461D46197FF9B13CB9022905D1FF
:10069000196A19B91979002918BF1C460132202A94
:1006A00003F12C03EFD114B96FF08C000BE0237F22
:1006B000022B04D1236A5A1C1CBF0133236220463B
:1006C0000AF025FE10B100240DE01C46237F7BB903
:1006D0000123237736B1094B651BAD105D4305F14E
:1006E0008045356000203C60F8BD6FF08800EAE787
:1006F0006FF09600E7E700BF242C0020A38B2EBAF2
:10070000002370B50B6004460D46FFF739FF08B3B0
:10071000124B13481B689847064618B16FF08F04B8
:10072000204670BD20462946FFF742FF10F18C0F8E
:1007300004460C4B07D01B68094898470028EFD0A7
:10074000002CEDD1EAE72E601B68054898476FF052
:100750008704E5E76FF08804E2E700BFFC090020AA
:1007600000070020F809002010B50B4B04461B6859
:100770000A48984718B16FF08F04204610BD2046F4
:100780000BF003F8064B04461B6804489847002802
:10079000F3D0002CF1D1EEE7FC0900200007002087
:1007A000F809002070B40A4EDCB2456844F00074C9
:1007B000B4424FEA152503D035B970BC00F0A4B897
:1007C0006FF0850070BC70476FF08600FAE700BFDD
:1007D00005000002F7B5089E0D4FF5B2044645F03E
:1007E00000754868BD424FEA10200AD060B90096F3
:1007F00004F1080000F054F808B91C23236003B08A
:10080000F0BD6FF08500FAE76FF08600F7E700BFF4
:1008100005000002F7B5089E0D4FF5B2044645F0FD
:1008200000754868BD424FEA10200AD060B90096B2
:1008300004F108000BF0BEF908B91C23236003B0D3
:10084000F0BD6FF08500FAE76FF08600F7E700BFB4
:10085000050000027FB50024C0F848410F4C054652
:1008600000940BF03CF8044698B9102203AB05F550
:100870009C76019328463346009205F594710BF05F
:1008800041F8044628B930460BF0C2F8204604B0BF
:1008900070BD28460BF042F8F8E700BF0044400462
:1008A0002DE9F0411E46069B1746154A23F47E1398
:1008B000934204460D461BD10B88B3F5105F17D148
:1008C000A6F11002102A17D80E4BD340DB0713D520
:1008D0004FF4A67200210BF095FA022384F84C31F4
:1008E0003A46334629462046BDE8F041FFF7B2BFFD
:1008F0006FF08500BDE8F0816FF08600FAE700BF79
:100900000002C003010101002DE9F04323F47E162B
:10091000124BDDF82C909E42DDE9077CDDE909E809
:1009200015D10388B3F5105F11D1A2F11004102C7A
:1009300011D80B4D25FA04F4E3070CD53B46CDE95D
:100940000989CDE907CEBDE8F0430BF00AB96FF095
:100950008500BDE8F0836FF08600FAE70002C0036F
:100960000101010073B50C4611461A46238805465D
:10097000B3F5105F069E19D1A2F11004102C12D805
:100980000C4BE340DB070ED50B4B9E420ED10024EF
:100990002346009400F0A4F8204685F81C41C5F8D1
:1009A000186102B070BD6FF08600FAE76FF0850045
:1009B000F7E700BF01010100004440042DE9F041C8
:1009C00016461F46D0F818210E4B05469A42884617
:1009D00011D1314600F0A4F8069B044698420DD888
:1009E000334628464246394600F0A8F80020079BC7
:1009F0001C60BDE8F0816FF08500FAE76FF08900B8
:100A0000F7E700BF0044400470B50088C8B0B0F5F7
:100A1000105F4D9E4F9D22D1A2F11000102821D8C9
:100A2000134C24FA00F0C0071CD51248834216D19B
:100A300005F00F00064315D1519B9D4215D8529BDE
:100A400003A81D603346009600F04AF803A82B4621
:100A50004E9A509900F072F8304648B070BD6FF071
:100A60008500FAE76FF08600F7E76FF08900F4E79A
:100A7000010101000044400470B5184E049CB342CB
:100A8000458802D06FF0850070BDEE1DB2EBD60F29
:100A90004FEAD60302D06FF08600F5E7079A93423B
:100AA00018D8089A136047F2121200889042E9D1D0
:100AB000059A5B0001339342EDD12378042BEAD1F0
:100AC000B5F5807FDED10698621C00F067F900283A
:100AD000DAD0E0E76FF08900D6E700BF0000020936
:100AE000F8B5069F04461D4661B11646AFB9DFF75B
:100AF00033FD002384F8116184F8127184F81031F9
:100B000084F8133145B11022294604F1F0000BF0AE
:100B100052F9012384F81331F8BDDFF7B1FEE8E79D
:100B200051B190F8103190F812210B4402F00102FB
:100B30009B1A23F00F007047084670472DE9F04FCD
:100B40001E4690F8123187B090F810910093002E55
:100B500052D0924603F00108C9F1100208EB0203DB
:100B6000B342044600F5807700F2C3800D46002AA8
:100B700040F0B280009B002B69D194F8133104F14E
:100B8000F009C846002B40F0C0802246394648464E
:100B900094F81131DFF78CFB0F2E40F2CD80D04658
:100BA000A6F1100323F00F031033019305EB030BA1
:100BB00094F813311BB3102341464A4638469844F3
:100BC000E0F790F81022494628460BF0F4F810356B
:100BD00022463946484694F81131DFF769FB5D45F6
:100BE000E6D116F00F0623D184F81061C846102212
:100BF000414658460BF0DFF807B0BDE8F08F41469C
:100C0000102238460BF0D7F81022494628460BF040
:100C1000D2F8103522463946484694F81131DFF7AC
:100C200047FBAB4508F11008C2D116F00F06DBD028
:100C3000019B9A445146384632460BF0BCF8009B63
:100C400084F81061002B7DD00DF10808CFE794F8EF
:100C500011312246394602A8DFF7C0FC94F813315F
:100C6000002B5BD1B8F1000F0CBF4FF010094FF013
:100C700011094E4529D304F1F00801E04E4524D373
:100C800010225146384692440BF095F8102228461F
:100C900002A90BF090F894F811312246394602A8C7
:100CA000DFF79CFC94F81331103E1035002BE5D093
:100CB00002A9084642461023E0F714F810223946EC
:100CC00040460BF078F84E45DAD22EBBAB460DF11C
:100CD000080884F810618AE7514607EB090092443E
:100CE0000BF069F8009B103E4E44002B3FF445AFDB
:100CF000ADE707EB0900514632460BF05CF8B14412
:100D000084F8109107B0BDE8F08F10234A463946A9
:100D10003846DFF7E7FF38E7AB468BE702A904F177
:100D2000F0094A4608461023DFF7DCFF4846102248
:100D300039460BF040F895E7002EEDD1AB4684F82C
:100D4000106154E704F1F00950E700BF00B589B025
:100D50000146684600F03EF809B05DF804FB00BFAC
:100D600000B591B00146684600F06CF911B05DF82D
:100D700004FB00BF30B599B00546684600F02AF87C
:100D80006946044608A800F055FA034608A9284613
:100D90001C4300F08BF9204619B030BD70B598B0F7
:100DA00005466846164600F015F83146044608A880
:100DB00000F048F9034608A96A4608461C4300F0BB
:100DC00083F9034608A928461C4300F06DF9204624
:100DD00018B070BD38B50B68124D1BBAC3614B68B3
:100DE0002A461BBA83618B6804461BBA4361CB68F1
:100DF0001BBA03610B691BBAC3604B691BBA8360E2
:100E00008B691BBA4360CB6901461BBA0360DFF7ED
:100E100059FD034620461C4629461A46DFF772FD57
:100E2000601E38BDD82C03002DE9F04106460C4663
:100E3000904688B0684602F1200106F12007E0F7ED
:100E40003BF86A4669466846DFF758FF6946384608
:100E5000E0F732F83A463946384604F12005DFF724
:100E60004DFF6A4669466846DFF748FF4146284617
:100E7000E0F722F86A4641463046E0F705F82A4690
:100E800029466846DFF73AFF2A4669466846DFF793
:100E900035FF69466846114ADFF730FF694620464C
:100EA000E0F70AF8324621462046DFF765FF324672
:100EB00021462046DFF760FF224631462846DFF70D
:100EC0005BFF6A4629462846DFF7DEFF3A46294699
:100ED0002846DFF751FF08B0BDE8F081B82D0300C8
:100EE000F0B504460D4699B02A4668462146DFF71C
:100EF00043FF69466846DFF7DFFF6A46214608A8D8
:100F000005F1200604F12007DFF7BEFF6A462946F7
:100F10006846DFF7B9FF3246394610A8DFF7EEFE24
:100F2000324639463046DFF727FF31462846DFF79D
:100F3000C3FF6A46204608A9DFF7E0FE224629469D
:100F40002846DFF719FF6A46684608A9DFF714FF4D
:100F50006A4639463846DFF797FF2A46684608A9A9
:100F6000DFF70AFF6A4631463046DFF78DFF3A4623
:100F700031463046DFF700FF684610A9DFF79CFFD7
:100F8000224669462046DFF7F7FE08A922460846B2
:100F9000DFF7F2FE10A9084608AADFF775FF3A4608
:100FA000384610A9DFF7E8FE19B0F0BD2DE9F04191
:100FB00005460C46904688B00A4668462946DFF743
:100FC000DBFE69466846DFF777FF6A462946284612
:100FD00004F12006DFF758FF05F120076A46214695
:100FE0006846DFF751FF324639463046DFF7C4FE28
:100FF00031462046DFF760FF2A4621462046DFF7CC
:10100000BBFE6A4621462046DFF7B6FE6A46294601
:101010004046DFF7B1FE424639463846DFF734FF37
:10102000224629466846DFF7A7FE6A463146304623
:10103000DFF72AFF3A4631463046DFF79DFE08B01B
:10104000BDE8F08170B504460D4690B004F120066D
:1010500000F014F9304605F1200100F00FF92146A7
:1010600008A8DFF729FF08A908460D4ADFF746FE62
:1010700008A922460846DFF707FF08A90846094ADB
:10108000DFF73CFE31466846DFF716FF202269464F
:101090000DEB0200DFF704FE013810B070BD00BF99
:1010A000B82D0300982D030000F002B938B50546AD
:1010B0000C4600F0FDF805F1200004F12001BDE828
:1010C000384000F0F5B800BF13462DE9F047B8B03E
:1010D0008946544A1946804610A8DFF7F3FB524967
:1010E000024610A8DFF70EFC0746179E4D4907EA97
:1010F000D676C6F1010210A8DFF704FC179C4A4619
:10110000E44328A918A8FFF78FFEE40F20A908469A
:10111000C4F101024FF0FE0AC7F1010700F090F898
:1011200025466A4618A928A8FFF740FF4FEA6A1328
:1011300038AA02EB830353F8A04C0AF01F03DC40EB
:1011400004F0010465402A4628A918A8DFF736FCF8
:101150002A4630A920A8DFF731FC0AF1FF3A28A976
:1011600018A8FFF7BDFEBAF1FF3FD9D1C4F10102C3
:1011700020A908A800F064F866406A4618A928A8C3
:10118000FFF714FF324628A918A8DFF717FC3246EC
:1011900030A920A8DFF712FC08A96A460846DFF745
:1011A00073FE08A9084600F09DF808A908F120047C
:1011B000084609F12002DFF767FE204620A908AAA9
:1011C000DFF762FE08AA684618A9DFF75DFE6946E8
:1011D0006846DFF771FE18AA694608A8DFF754FED3
:1011E00021466846DFF768FE08AA69461046DFF721
:1011F000C3FD68460D4A08A9DFF7BEFD2046202141
:10120000DFF762FD024608A9684654423C43DFF717
:10121000D5FB40466946064ADFF736FE204638B021
:10122000BDE8F087182D0300382D0300982D03002A
:10123000F82C03000A460149FFF746BF582D03006A
:1012400070B588B004460D46164600212022684637
:101250000AF0D8FD002329462022204600930AF0F8
:10126000AAFD2A4669466846DFF786FD324669468A
:101270002046DFF7A3FB08B070BD00BF0B681BBAA8
:10128000C3614B681BBA83618B681BBA4361CB682F
:101290001BBA03610B691BBAC3604B691BBA83603D
:1012A0008B691BBA4360CB691BBA0360704700BFF0
:1012B000CB691BBA03608B691BBA43604B691BBACD
:1012C00083600B691BBAC360CB681BBA03618B6870
:1012D0001BBA43614B681BBA83610B681BBAC361BD
:1012E000704700BF70B50D46052498B0064610A89B
:1012F000DFF7E2FD2A46684610A9DFF7C5FD69461B
:1013000010A8DFF7D9FD10A90846DFF7D5FD6A461A
:1013100010A908A8DFF7B8FD08A910A8DFF7CCFDD1
:1013200010A90846DFF7C8FD10A90846DFF7C4FD7D
:1013300010A90846DFF7C0FD10A908AA0846DFF784
:10134000A3FD10A90846DFF7B7FD10A90846DFF78F
:10135000B3FD10A96A4608A8DFF796FD08A910A8F2
:10136000DFF7AAFD10A90846DFF7A6FD013C10A98A
:10137000F5D1084608AADFF787FD052410A908461D
:10138000DFF79AFD10A90846DFF796FD013CF5D17D
:1013900010A908AA0846DFF777FD10A908A8DFF70B
:1013A0008BFD08A90846DFF787FD08A96A4668464D
:1013B000DFF76AFD1024694610A8DFF77DFD10A94C
:1013C0000846DFF779FD013C10A9F5D12A46084609
:1013D000DFF75AFD402410A90846DFF76DFD10A97C
:1013E0000846DFF769FD013CF5D110A96A460846B9
:1013F000DFF74AFD102410A90846DFF75DFD10A9AC
:101400000846DFF759FD013CF5D110A96A460846A8
:10141000DFF73AFD102410A90846DFF74DFD10A9AB
:101420000846DFF749FD013CF5D110A9084608AA96
:10143000DFF72AFD2A46304610A9DFF725FD18B050
:1014400070BD00BF014B1B68184700BF200A002079
:10145000014B9B68184700BF200A0020014BDB6846
:10146000184700BF200A002010B50C4C236813B1A8
:101470000B4B1B682BB900F05FFE30B90122084B03
:101480001A6001232360002010BD0138072801D90C
:10149000044810BD044B53F8200010BDAC310020AF
:1014A000A8310020FE8FFFFFD82D0300BFF34F8F20
:1014B0000549064BCA6802F4E0621343CB60BFF3F0
:1014C0004F8F00BFFDE700BF00ED00E00400FA050C
:1014D00030B44FF0FE3200250B4B0C4C0C494968E0
:1014E000C3F80024C3F80424C3F80824C3F80C2468
:1014F000C3F81024C3F81424C3F81824C3F81C2418
:10150000C4F8005530BC0847005084500040845057
:10151000040A0020024BD0E90012C3E90012704710
:10152000040A0020144B2DE9F043002814BF0446A0
:101530001C46124F236883B0BB4219D016460D4695
:1015400020464FF4E07104F1040900F0EDF804F5D1
:101550008E78484600F0D0FC404600F0F3FA2B4667
:101560004A4640460649009600F002FB08B927604B
:10157000002003B0BDE8F083B0310020A5BCC95AFB
:101580007D1F020070B50D4C1D46002814BF064695
:1015900026460B4B306882B098420DD106F58E700E
:1015A000002633460096144600F032FB002818BF90
:1015B00034462C6002B070BD0248FBE7B031002019
:1015C000A5BCC95AE88FFFFF10B5044650B1636847
:1015D00013F0685F05D0064A934202D00023626090
:1015E000236010BD034B04485B689847EFE700BFDA
:1015F0002C5F5CA9040A0020F82D0300C8B14368E1
:101600000D4A934213D013F0685F0ED0012350E8C7
:10161000002F194640E8001C9CF0000FF7D1012A6A
:10162000F5D0BFF35F8F002070470448704704482F
:1016300070476FF4E04070472C5F5CA9E98FFFFFB3
:10164000EA8FFFFF034680B1426809498A420AD007
:1016500012F0685F05D0BFF35F8F002210461A605A
:10166000704704487047044870476FF4E040704783
:101670002C5F5CA9E98FFFFFEA8FFFFF10B50446DE
:1016800020B10023034A2360626010BD0248FFF7C7
:101690001FFFF6E73A00003A202E030070B5194C00
:1016A000D0F804C00668C4F804C0D0F808C0C06808
:1016B000C4F808C0E06026600868134B134D18603A
:1016C0004868D5F818215860886812F0685F9860FB
:1016D000C8680969D860196112D000230C4A05F561
:1016E0008A70C5F81431C5F8B831C5F81821C5F8A5
:1016F000BC21B047236805F5DC70BDE87040184791
:1017000070BD00BF200A00200C0A0020B03100206C
:101710002C5F5CA938B131B100220144034601308D
:1017200081421A70FAD1704738B131B100220144B8
:101730000346013088421A70FAD170472DE9F04F04
:10174000B2F5C07FBDB000F2DA800C46DFF8B4918C
:10175000154600214FF4D07282460DF17C084846B0
:101760000AF050FB404601F047F93023214600249F
:1017700009F118062A4689F8173030466BBAA9F8DD
:101780001230A9F810400AF016FB80222346725549
:101790000DF12B0101F8013F0133202BFAD14FF459
:1017A000807240460BA901F03DF98346002840F0C5
:1017B000A38005F1190313AD2F4607AE0293CDF8B0
:1017C0000CA0019604951022002101980AF01AFB42
:1017D000DFF834A1DDF808B005970A9B5AF8044CED
:1017E000089F099A07995AF8100C5AF80C6C5AF885
:1017F000085C5C40019B7E40554081EA00071A4628
:1018000001214046CDE90776CDE9095401F02CF9D4
:10181000BBF1100F94BFABEB0B0BABF1100B0AF14C
:10182000100A002847D1BBF1000FD6D1059F102226
:10183000384601990AF0BFFA99F80330103701339E
:10184000474589F80330BED1049D4FF48072294684
:101850004046DDF80CA0019E01F0E4F8834678BB19
:1018600054460AF130071BAB1A460121404601F0ED
:10187000FBF8834620BB102220461BA914440AF023
:101880009AFAA742EFD1404601F0C6F84FF4D07162
:101890001C48FFF749FF28463021FFF745FF0BA8FA
:1018A0002021FFF741FF30461021FFF73DFF58464A
:1018B0003DB0BDE8F08F8346DDF80CA0019E049D8D
:1018C000404601F0A9F84FF4D0710E48FFF72CFF05
:1018D00028463021FFF728FF20210BA8FFF724FF1F
:1018E00010213046FFF720FF30215046FFF71CFF44
:1018F00058463DB0BDE8F08F13AD07AEE0E76FF09E
:10190000370BF5E780330020903300202DE9F041BC
:101910008CB004460D463022002168466F460AF01E
:1019200071FA04F12006E27B0132D2B2E273002A9E
:101930004DD1A27B0132D2B2A273002A47D1637B80
:101940000133DBB26373002B41D1237B0133DBB264
:101950002373002B3BD1E37A0133DBB2E372002B1C
:1019600035D1A37A0133DBB2A372002B2FD1637A76
:101970000133DBB2637253BB237A0133DBB22372D0
:101980002BBBE3790133DBB2E37103BBA3790133F2
:10199000DBB2A371DBB963790133DBB26371B3B935
:1019A00023790133DBB223718BB9E3780133DBB2E6
:1019B000E37063B9A3780133DBB2A3703BB96378FA
:1019C0000133DBB2637013B92378013323703B46D4
:1019D00022460121304601F047F88046002841D1D7
:1019E00010370CAB9F429ED1029AAB6803995340CB
:1019F00002933046EE68D5F820804E400396049955
:101A00002E69D5F828C04E4004966E6905990B9F43
:101A10004E4005960699AE69009B4E400696EE69CB
:101A200007994FF480724E400796089ED5F824E03F
:101A300088EA0608099E8EEA060E0A9E8CEA0601CE
:101A4000EE6A7E402F687B4000936B68019D6B407F
:101A50000193CDE9088ECDE90A16694600F0E2FF50
:101A6000804638B168463021FFF75EFE40460CB034
:101A7000BDE8F0811022204608A90AF09CF9F1E7A0
:101A80002DE9F8431D468369B3F5C07F52D8164649
:101A9000C3F5C072AA424DD3C5F5C072D31AB34282
:101AA00048D30446DFF898904FF4C0720F4648467A
:101AB00000210AF0A7F94946D4F89430A269D4F875
:101AC00098009847002838D1D4F818803DB1D4E95F
:101AD00025302A4609EB0801984770BBA84407B196
:101AE000C6B9174942460846FFF728FE054638B1F1
:101AF0004FF4C0711248FFF717FE2846BDE8F8837F
:101B000020460F49FFF702FF05460028F0D10123C8
:101B10002361EDE73946324609EB08000AF04BF93C
:101B20000749B04442460846FFF708FE054600282C
:101B3000DED1E5E76FF03705DFE76FF03305DCE76F
:101B40002035002010B5A422002104460AF05AF9DD
:101B50004FF0FF314FF6F072044B2161E26104F166
:101B60009C001B68BDE81040184700BF000A002019
:101B70002DE9F047054688B00F4616460021202281
:101B8000684698460AF03EF91F4B05F19C09484605
:101B90001B689847044618B1204608B0BDE8F08796
:101BA00005F1200A504600F027FFAA69C5E925760D
:101BB000F2B920232E69AB61002E22DB6946504624
:101BC0004FF4807200F02EFF044630B93346414690
:101BD0002846109AFFF754FF04460C4B48461B68F2
:101BE0009847002818BF0446204608B0BDE8F08793
:101BF0002E69002EE2DA2F2A96BF013226465608B9
:101C0000DCE71026DAE700BFFC090020F809002015
:101C10002DE9F04FB2F5806F91B01A9F00F2E3808A
:101C2000B7F5807F00F2DC80044615460E46302270
:101C3000002104A898460AF0E5F86C4B04F19C09D1
:101C400048461B6898478346002840F092802269E6
:101C5000E3699A4200F391806369002B40F08D8024
:101C6000002F40F0A980DFF888A16F46002D00F01A
:101C700098806F4604F120080EE0102DAB4628BF77
:101C80004FF0100B304639465A460AF094F8B5EB3F
:101C90000B055E4400F08580E37B0133DBB2E37328
:101CA000002B4DD1A37B0133DBB2A373002B47D1B3
:101CB000637B0133DBB26373002B41D1237B0133A0
:101CC000DBB22373002B3BD1E37A0133DBB2E37247
:101CD000002B35D1A37A0133DBB2A372002B2FD1B5
:101CE000637A0133DBB2637253BB237A0133DBB215
:101CF00023722BBBE3790133DBB2E37103BBA3791E
:101D00000133DBB2A371DBB963790133DBB26371F9
:101D1000B3B923790133DBB223718BB9E378013393
:101D2000DBB2E37063B9A3780133DBB2A3703BB9D4
:101D300063780133DBB2637013B923780133237006
:101D40003B4622460121404600F08EFE8346002895
:101D500093D0DAF80030484698470346302104A86B
:101D6000002B18BF9B46FFF7DFFC10213846FFF71A
:101D7000DBFC584611B0BDE8F08F3A4641460023DF
:101D80002046FFF77DFEDFF868A000283FF46DAF26
:101D90004846DAF800309847834600283FF465AF9C
:101DA000E7E7204604A9FFF7B1FD83460028D0D11C
:101DB000236901332361CCE73A46414604A8FFF783
:101DC000BDFC834618B16F46DFF824A0C1E720466A
:101DD00004A9FFF79BFD834600283FF444AFF2E7D8
:101DE0006FF0370BC5E76FF0350BC2E7FC09002039
:101DF000F80900202DE9F043202B1D4606468846B1
:101E000091468BB026D8DBB202AF8DF80480B04685
:101E100058F8041B8DF8053021B9404600F066FEE5
:101E2000044640B9012302224046336001A900F074
:101E300071FE044638B138462021FFF775FC204674
:101E40000BB0BDE8F0832A464946404600F062FEEA
:101E50000446F0E702AF1946104600233A4600F068
:101E6000DFFF04460028E6D12023B9461D46CCE713
:101E70002DE9F041D0F8F830A6B0002BD8BF02AE63
:101E800031DD05460027D0F80C4102AEA4F101086F
:101E90009022D5F8FC403146D0F8000101AB019703
:101EA000B8FA88F8A0474FEA5818044620B9019BB1
:101EB00053B9B8F1000F16D030469021FFF734FC2B
:101EC000204626B0BDE8F081014632462846FFF79D
:101ED00091FF58B9D5F80431019A1344C5F804317B
:101EE000B8F1000FE8D16FF03C04E5E70446204666
:101EF00026B0BDE8F08100BF70B50025044614226D
:101F000004F588762946C0F8F850FC3009F07AFFCD
:101F100008222946304609F075FF144B30461B68ED
:101F20009847204640F8045B00F0C6FD104B304651
:101F30001B689847C8B9D4F8F830AB420FDC03EB04
:101F4000830204EB82022021C2F800010120C2E9D1
:101F5000421008490133C2F8FC10C4F8F830064BAF
:101F60003046BDE870401B68184770BD000A00206D
:101F7000FC090020F5280200F80900202DE9F047AF
:101F8000202A88B07AD83F4B00F5887904461B6830
:101F900048461746884698470546F8B940F2011664
:101FA000D4F8F830002B65D02046FFF761FF0546D6
:101FB00038B9D4F8F830002B14DC013EF2D16FF0C0
:101FC0003B056E4620213046FFF7AEFB2E4B4846C0
:101FD0001B689847002818BF6FF01D05284608B0F9
:101FE000BDE8F087D4E94132934203D3D4F80C2101
:101FF000012A02D0013ED7D1E1E71F2BFAD96E4664
:1020000001462022304604F1040A09F0FBFE314665
:10201000504600F0A9FD05460028D3D1504600F0F7
:102020005FFD504600F048FD2946504600F05EFD39
:1020300005460028C6D150462022314600F06AFDF0
:1020400005460028BED1034632462021304600F026
:10205000E7FE05460028B5D1D4F8F8303A46002B03
:10206000C8BF002340463146C8BFC4F8043109F058
:10207000A2FEA7E76FF03F056E46A3E76FF03B05B2
:10208000ACE700BFFC090020F8090020002130B5B2
:102090008DB0282202A8019109F0B4FE02A800F038
:1020A000E7FE044610B120460DB030BD1B4D4FF089
:1020B000FF31286800F034F960BB194BD3F8340EB7
:1020C00010F0010017D100F05BF9F8B9154A02A928
:1020D00001A800F001FC0446012000F051F988B984
:1020E000286800F025F90028DDD00F48FFF7F0F947
:1020F00020460DB030BD2868052400F019F90028ED
:10210000D1D0F2E70948FFF7E3F9E9E70848FFF71C
:10211000DFF9DBE70748FFF7DBF9CEE7540A0020D9
:1021200000608450A03600209C2E03007C2E03000B
:102130005C2E0300442E030030B583B000F036F867
:1021400078B900F055F890B9144BC3F80C0AFFF7B2
:102150009DFF0446F8B9124D2B6863B1204603B0C9
:1021600030BD032400F072F8204603B030BD0424D3
:10217000204603B030BD02460146FFF7D3F950B9FF
:102180006822084901ABFFF7FDF920B92046064B4C
:102190002B6003B030BD0524E0E700BF0050845041
:1021A000C0380020C43800205AEA5A5A002070472C
:1021B000430504D54FF0FF32034BC3F80821024B0F
:1021C000C3F8080A704700BF00508450014BC3F8A1
:1021D000040A70470050845008B100F071B84FF401
:1021E0007500704708B100F04FB84FF475007047A4
:1021F00010B5114800F080F800B110BD0F4800F094
:102200007BF80028F9D10E4C204600F075F8002824
:10221000F3D10C4B0C481C6000F06EF8014600280E
:10222000EBD100F02DF8044608B1204610BD00F0B7
:1022300089F82046FAE700BF640A0020600A0020FF
:102240005C0A0020540A0020580A002008B50848FB
:1022500000F05CF8074800F059F8074800F056F81D
:10226000064800F053F8BDE8084000F00BB800BF86
:10227000640A0020600A00205C0A0020580A00203E
:1022800000207047704700BF10B402460B4C01E0BD
:10229000134207D1D4F8003A13F48070F8D001202B
:1022A00042F4807229B1054BD3F804410C60C3F8A5
:1022B0000841024BC3F8082A10BC704700508450F4
:1022C0000246084901E01A4207D1D1F8003A13F456
:1022D0008070F8D0012042F48072024BC3F8082AC3
:1022E000704700BF0050845009F072BD09F08ABDEC
:1022F0000A46002109F086BD08B5034B02681B6839
:1023000010689847002008BD200A002008B5034B3C
:1023100002685B6810689847002008BD200A00200A
:10232000024B02689B681068184700BF200A002013
:1023300008B5034B0268DB6810689847002008BDA9
:10234000200A002070B5094C094D2069AB689847F8
:1023500018B1084B08485B6898470021074AEB68AA
:1023600011602069BDE87040184700BF0C0A0020CA
:10237000200A0020040A0020B42E03002C3900207B
:10238000F8B51A4D1A4E0446B26828699047E8B964
:10239000184F3B684CB1A3B1012B19D0013B3B60F6
:1023A0002869F36898470020F8BD43B90121124A13
:1023B000C2F800151149D1F81029002AFBD10133C8
:1023C0003B60F368286998470020F8BD0C48F8BDC9
:1023D0000A4AD2F81039002BFBD1074A6FF07E4031
:1023E000C2F80035FFF7F2FE3B68D7E70C0A002081
:1023F000200A00202C3900200040845000508450D6
:10240000E98FFFFF2DE9F041002873D00C46002929
:1024100070D01D46002B6DD007461AB10122002353
:102420002A6003602B68002B5FD02946204600F00D
:10243000D9FD804600285AD12146286800F0B8FD11
:102440008046002853D12868082867D0042867D020
:10245000A0F10200B0FA80F040090121314EC6F827
:10246000C411C6F84011C6F8C411636AC6F8303109
:10247000D6F830219342F6D10023C6F82C314FF024
:10248000FF33C6F808316FF01B03C6F80031C6F8F9
:102490000C01D6F8040A40F48060FFF797FE0A2387
:1024A000C6F83831069B012B29D023691E4AA2FBAE
:1024B00003231B09626A404602FB03F303EB430359
:1024C000184ADB039B09C2F8D8310123C2F82C312A
:1024D0003B682A6823F07F4343EA02633B602A6833
:1024E00043EA02233B60BDE8F081DFF840804046CC
:1024F000BDE8F081DFF838804046BDE8F0814FF458
:102500007F03D3F80C2C013206D0D3F80C3C064ADA
:10251000A2FB03231B09CDE71623CBE703209CE78F
:1025200002209AE700508450ABAAAAAA310CF1000D
:10253000350CF10058B34B1EB3F5047F27D230B5EC
:102540004FF0000ECD00744671464B0901F01F0C90
:1025500050F82330BCF11F0F23FA0CF306D003F020
:10256000010319B901211C468E46EEE79C4201F198
:10257000010106D01C464FF0010EA942E5D1002012
:1025800030BD0EF1010E9645F7D1024830BD01482D
:10259000704700BF360CF100C0B32DE9F0434C1E6C
:1025A000B4F5047F1DD2E3B1DAB100252E46A8466A
:1025B0002C46CF0003F1FF394FEA541C04F01F0EE4
:1025C00050F82C10BEF11F0F21FA0EFC0CD00CF0AD
:1025D000010C4CB90126E04634463546ECE79642FC
:1025E00016D90C48BDE8F083AB420BD0C44508BFF8
:1025F0000136A945F3D001350134BC42DCD10020BD
:10260000BDE8F0830125E0462E46F5E70148704716
:102610001D46F1E7370CF1002DE9F04F8FB08246EF
:10262000DDE919460D46002E6ED1096904911C6042
:10263000002318990B60002A00F02881994B6A6AE0
:10264000D3F83811D3F830319A4269D10A2967D1C9
:102650009AF80330069304F1080305930423049ABF
:102660000393914B8F4CA3FB023B4FEA9B0B0BEB6D
:102670004B0BA2EB4B0B189B049E1E60002E00F030
:10268000E580002700F0BEFC0797BAF1000F00F0CC
:10269000D0804FF00109DDF81480002D00F0C980D2
:1026A000069B002B3ED0284606A900F09BFC002884
:1026B0003AD07E4B984220D0069B082B00F0E08059
:1026C00000225B000693294606AB50460092FFF7B6
:1026D00099FE774B984200F0CF8070B9DAF800206D
:1026E000130A03F47F03134323F07F43CAF8003037
:1026F000039B013B0393BED10020039000F082FCBA
:1027000003980FB0BDE8F08F4FF47F01D1F80C0CA7
:1027100001300CBF4FF40471D1F80C1C049186E712
:102720006448EAE76248C4E72946069800F040FC9E
:102730000028BED1069B082B00F0A480042B00F0DB
:10274000A380A3F10203B3FA83F35B09C4F8C49135
:10275000C4F84091C4F8C4916A6AC4F83021D4F82E
:1027600030118A42F6D10022C4F82C214FF0FF32FA
:10277000C4F808216FF01B02C4F80021C4F80C3122
:10278000D4F8040A40F48060FFF720FD0A23C4F85F
:1027900038312B69444AA2FB0313696A1B0901FB08
:1027A00003F303EB4303DB039B09C4F8D831C4F8FC
:1027B0002C910698DAF8003023F07F41030243EAB7
:1027C00000630B43CAF8003007A800F0E1FB079B49
:1027D000354A03F01A0303437FF46EAFA2FB0632BF
:1027E000D4F81431B7EB920F0893D4F81831099349
:1027F000D4F81C310A93D4F820310B93D4F8243147
:102800000C93D4F828310D9302D1BBF1000F12D1F3
:102810004046182208A9183EFFF766FD08F118087F
:1028200001379EB100F0EEFB00230793002D7FF4EB
:1028300037AF21483DE740465A4608A9A6EB0B06AC
:10284000FFF752FDD8440137002EEBD1049F059EBF
:102850006A6939463046FFF76DFEAA6940B94FF400
:10286000806339463046FFF797FE00283FF444AFB7
:102870000023189A13601CE72B6A002B3FF43DAF2E
:102880000E483AE7032361E702235FE70122294666
:102890005046009606ABFFF7B5FD00283FF4DBAECF
:1028A0002BE700BF00508450ABAAAAAA020CF1008B
:1028B000310CF100300CF100350CF100320CF1005C
:1028C00010B4DDE9013401940024DDF80CC0CDE939
:1028D00002C410BCFFF7A0BE30B51546012487B076
:1028E00005AB00930022CDE9015404ABFFF794FE41
:1028F00007B030BDF0B587B0002967D01E46002B69
:1029000064D01446002A61D0324F0D4638684FF02B
:10291000FF31FFF705FD00283DD12F4BD3F8340ED2
:1029200010F0010015D04FF0FF354FF408712B481F
:10293000FEF7F0FE04212A48FEF7ECFE2948282184
:10294000FEF7E8FE3868FFF7F3FC40BB284607B007
:10295000F0BDFFF715FD002834D1224800F088FAB9
:1029600070B91E4A0346029205AA019204AA039076
:1029700000921C4902461A48FFF7A2FF0346A0B185
:102980004FF0FF350120FFF7FBFC0028CDD01648A3
:10299000FEF79EFDC9E71548FEF79AFDBDE714480E
:1029A000FEF796FD284607B0F0BD28461D46059B5C
:1029B00022469C4228BF1A46049932600831FFF72C
:1029C00093FCDFE70B48FEF783FDC6E74FF0FF35CA
:1029D000BCE700BF540A0020006084505C3900202E
:1029E00030390020343900207C2E0300442E0300AF
:1029F000D42E03005C2E030010B5044630B1002233
:102A000001236265A265E365236610BD0148FEF7F8
:102A10005FFDF4E7EC2E030018B174220021FFF7EC
:102A200065BC7047C8B1D9B108B50023C02A83631B
:102A300080F83C300FD0B2F5807F04D0802A03D0DC
:102A40006FF01F0008BD02230363D2081030FFF7A8
:102A50004BFC002008BD0123F6E76FF02100704712
:102A60006FF01F00704700BF70B5044686B0F8B124
:102A70001046EAB1E3B101291AD8A26B16D0012A97
:102A800016D1102500210DEB0506019602AA6163FF
:102A90002946009500F0C8FA50B92B463246204628
:102AA00002A900F073FD18B906B070BD002AE8D085
:102AB0006FF02100F8E700BF10B5044628B12046AA
:102AC000BDE81040F421FFF713BC0448FEF700FDF9
:102AD0002046BDE81040F421FFF70ABC002F030098
:102AE00010B1F421FEF716BE704700BF08B521B142
:102AF000012908D06FF0360008BD012100F058F818
:102B00000028F7D108BD022100F052F80028F9D0C2
:102B1000F0E700BF30B505468818B0F5801F0B46BA
:102B20001446A1B001D8802A0CD9B3F5801F17D95B
:102B300022461946284600F07DF8044684B920460E
:102B400021B030BD6846FFF7CFFB224669462846D4
:102B500000F070F8802104466846FFF7C9FBEDE7F6
:102B60006FF03604EBE700BF70B5E8B10E46D9B19F
:102B7000044600F031F80546B0B92368012B0BD0AC
:102B8000022B01D0284670BD1C22304604F10801FA
:102B9000FFF7AAFB284670BD2022304604F1080149
:102BA000FFF7A2FB284670BD6FF03605EAE700BFCD
:102BB00078B138B50D46F0210446FFF799FB402364
:102BC00020462560E36500F061FA003818BF012057
:102BD00038BD0120704700BFF0B5056EA5B00446B2
:102BE00004AEE5B90023012701933046676029460A
:102BF00002AA009300F018FA10B1012025B0F0BD30
:102C00002A46204602A900F069FA0028F5D120469C
:102C100000F06CFB0028F0D1206625B0F0BD802DBF
:102C20002A46304628BF802204F16401FFF75CFB8E
:102C3000256ED7E7002800F0AE802DE9F04F14464E
:102C4000A5B0002A3DD00F46002949D0B2F5803FFB
:102C50000546006E20D34FF6FF7805F1640AEB6D50
:102C60001A1AB2FBF3F103FB1122002A65D1834249
:102C7000B9464FF6FF7672D0B6FBF3FB03FB0BFBB6
:102C8000BBF1000F30D1002E45D1A4F57F44FF3CAD
:102C9000B4F5803F4744E2D2EA6D161AB6FBF2F370
:102CA00002FB1366A64228BF2646002E75D182423B
:102CB00000F08D80B4FBF2F602FB06F62EB9002C74
:102CC00079D1002025B0BDE8F08F00233146384689
:102CD000CDE9003302AA00F0A7F9002800F09580A2
:102CE000012025B0BDE8F08F002359464846CDE9C4
:102CF000003302AA00F098F90028F1D15A4628467C
:102D000002A900F0EBF90028EAD1A6EB0B06286E29
:102D1000D944002EB9D019304946324605EB80001F
:102D2000FFF7E2FAA4F57F44286EFF3C3044B4F587
:102D3000803F4744286692D2AEE7424528BF4246CC
:102D4000164639465044FFF7CFFA286EEB6D3044F3
:102D5000834207EB06092866A8EB06068CD1802B78
:102D600028BF802351461A4604A8FFF7BDFA002366
:102D7000E96D02AACDE9003304A800F055F9002856
:102D8000AED12846EA6D02A900F0A8F90028A7D123
:102D9000EB6D286670E70120704705F16403394642
:102DA00032461844FFF7A0FA286EEA6D3044A41B9F
:102DB000374428667BE72B6E2246193305EB8300E8
:102DC0003946FFF791FA2B6E23442B6679E7802A68
:102DD00028BF802205F1640104A8FFF785FA0023CB
:102DE000E96D04A8CDE9003302AA00F01DF900281E
:102DF0007FF476AF2846EA6D02A900F06FF900284B
:102E00007FF46EAFEA6D286654E73246284602A981
:102E100000F064F900287FF463AF3744A41B4EE749
:102E2000F8B51C460546114816460F46FFF744FE06
:102E300021460E48FFF75AFE044620B10B48FFF723
:102E40004FFE2046F8BD3A4629460848FFF762FE85
:102E500004460028F2D131460448FFF785FE0446B7
:102E60000248FFF73DFE2046F8BD00BF7C3B002036
:102E70001C2370B582B001A90546019300F032F819
:102E8000044638B9019B1C2B07D0144C1C21284642
:102E9000FFF72EFA204602B070BDD5E90112131ECD
:102EA00018BF0123003918BF0121012628689B00A3
:102EB000EA6843EA4103002818BF43F00103EE61CA
:102EC0002AB9C5E90834002BE4D1054CDEE72046D9
:102ED00043F00803C5E9083402B070BD370CF000B8
:102EE0000E0CF000034618B111B10A681C2A01D07B
:102EF000012070474FF47F02D2F8101C01310CBF43
:102F000040F2DC51D2F8101C4FF47F020160D2F87D
:102F1000141C01310CBF40F2DC51D2F8141C4FF4E8
:102F20007F024160D2F8181C01310CBF40F6340119
:102F3000D2F8181C4FF47F028160D2F81C1C0131BA
:102F40000CBF40F63401D2F81C1C4FF47F02C16064
:102F5000D2F8001C01310CBF9021D2F8001C4FF4B4
:102F60007F020161D2F8041C01310CBF5121D2F85B
:102F7000041C4FF47F024161D2F8081C002001318B
:102F80000CBF40F23732D2F8082C9A61704700BF6C
:102F9000014608B54FF48060FFF724F90022034B87
:102FA000C3F8C821C3F82C2108BD00BF00508450CD
:102FB0000138072805D8DFE800F0100E040A0404E1
:102FC000040607487047CB6800204B6270478B6847
:102FD00000204B6270474B68F6E70B68F4E700BFD0
:102FE000310CF1000B6802E0082B0B6006D8026A76
:102FF00013424FEA4303F7D0002070470048704760
:10300000310CF100002310B5064C4FF48060C4F879
:103010002C31C4F8C431FFF7CBF84FF0FF33C4F8BC
:10302000083110BD005084502DE9F041002482B0D9
:1030300015461E4601220DF107030746DDF82480E0
:103040008DF8074000F05AFFD0B99DF807300446CC
:103050002F602B71B8F1000F0ED04EB102460899C7
:1030600030460DF1070300F049FF48B99DF80730DD
:10307000C8F8006088F80430204602B0BDE8F0814E
:103080004FF47504204602B0BDE8F081D8B108B510
:103090000368012B04D0022B0FD043B10B4808BDAD
:1030A00020220B490830FFF71FF9002008BD142229
:1030B00008490830FFF718F9F7E7202206490830D9
:1030C000FFF712F9F1E74FF4730070470100F300C6
:1030D000102F0300502F0300302F03002DE9F0477D
:1030E000002900F0EB800446002800F0EB80036824
:1030F00088469146002B00F0B580013B012B00F281
:10310000C9804FF0FF3171484FF0020AFFF708F90C
:10311000002840F0B1800020FFF732F90746002870
:1031200040F0B4806A4DD5F81069002EFBD14FF005
:10313000FF30FFF73DF8D5F8040A20F40060FFF7F0
:1031400045F801230722C5F81838C5F82038C5F816
:103150000029C5F8C437C5F8A466A36CC5F8CC37F8
:10316000E36CC5F8D037C5F8C0A723685BB1013B55
:10317000012B18D8636AC5F85C36236AC5F858363F
:10318000E369C5F85436A269514BC3F85026626909
:10319000C3F84C262269C3F84826E268C3F84426DF
:1031A000A268C3F84026B9F1000F56D063684FF407
:1031B0000060012B04BF464AC2F8843698F80430F8
:1031C000D8F80010424A5B0003F00203C2F80C3B3F
:1031D000C2F8281CC2F82C9CFEF7FEFF07462368A5
:1031E00063B1013B012B19D8394BD3F85C266262DD
:1031F000D3F858262262D3F85436E361344BD3F81F
:103200005026A261D3F84C266261D3F84826226189
:10321000D3F84426E260D3F84036A36000220121AF
:103220002B4BD3F8CC07A064D3F8D007E064C3F8E5
:10323000C417C3F88426C3F8C827C3F81828C3F8EE
:103240002028AFBB0120FFF79BF868BB1F48FFF7A2
:103250006FF818BB3846BDE8F08704221C4BC3F852
:10326000C827BCE74FF0FF3118484FF0010AFFF7BD
:1032700057F800283FF44FAF1648FEF729F9002011
:10328000FFF77EF8074600283FF44CAF1248FEF7E0
:103290001FF947E7114F3846BDE8F0871048FEF7A1
:1032A00017F93846BDE8F0870E48FEF711F9CDE76B
:1032B000102104F10800FFF71BF8C3E70A4F384656
:1032C000BDE8F0874FF47307C4E700BF640A00202D
:1032D00000508450442E03005C2E03000100F300D4
:1032E0009C2E03007C2E03000300F300A0B30346D2
:1032F00070B4D0E90240D3E9041226BA05BA0CBA78
:1033000010BAC3E90440D3E90612986A09BAC3E9BE
:10331000026512BA996100BAD3E9084125BA0CBA1C
:10332000C3E90725D3E90B12C3E9094009BAD86BF1
:1033300012BAD962D3E90D4125BAC3E90C250CBAFA
:1033400000BAD3E9101209BA12BAC3E90E401964DF
:1033500000205A6470BC70474FF47300704700BF80
:1033600070B500284DD0436B0446032B3CDD063B73
:10337000012B3BD8A36B012B3BD8E36D012B3DD830
:10338000236E012B41D8224ED6F81059002DFBD1C7
:103390004FF0FF30FEF70CFFD6F8040A20F400606F
:1033A000FEF714FF0123C6F80039C6F8BC54636B5E
:1033B00023F00402032A18BFA16B226B0CBF29461D
:1033C00001F00101022A17D89B0003F01C0343EA15
:1033D00002330F4A0B43C2F8C034636B072B06D18C
:1033E0000123C2F87C3402E0002BC3DA094D2846E1
:1033F00070BD094D284670BD084DF8E7084D2846B8
:1034000070BD4FF47105284670BD064DEFE700BF53
:10341000005084500100F1000200F1000600F100AC
:103420000300F1000400F10000287DD038B590F8C9
:103430003C300446002B55D0022B23D03C483D4D58
:103440002A683D4B1268C3F800242A685268C3F802
:1034500004242A689268C3F808242A68D268C3F84A
:103460000C242A681269C3F810242A685269C3F828
:1034700014242A689269C3F818242A68D269C3F808
:103480001C2438BD016B006C00F032FB294D002874
:10349000D6D12A68284B1268C3F800242A685268DB
:1034A000C3F804242A689268C3F808242A68D268FA
:1034B000C3F80C242A681269C3F810242A685269D8
:1034C000C3F814242A689269C3F818242A68D269B8
:1034D000C3F81C24216B206C00F020FB0028AFD126
:1034E000002038BD0269144BC3F800244269C3F8B8
:1034F00004248269C3F80824C269C3F80C24026B4F
:10350000013A012AECD8026AC3F81024426AC3F8CF
:103510001424026B022AE3D1826AC3F81824C26A17
:103520000020C3F81C24DCE74FF47100704700BF93
:103530000900F100500A002000508450114A124B3B
:1035400011680968C3F8001411684968C3F80414C5
:1035500011688968C3F808141168C968C3F80C14A5
:1035600011680969C3F8101411684969C3F8141483
:1035700011688969C3F818141268D269C3F81C2449
:10358000704700BF500A0020005084502DE9F04FD2
:1035900085B0002958D01746002A55D00446002887
:1035A00000F0DC809846C36D0E46002B42D1B8F582
:1035B000805F44D294F83C30042B00F0C7804FF079
:1035C000000A4FF0FF31B548FEF7AAFE002840F090
:1035D000B9800020FEF7D4FE002840F0AF804FF005
:1035E0000109DFF8BCB22046CBF81098CBF8209840
:1035F000FFF7B6FE054620B92046FFF715FF054642
:1036000038B3BAF1000F40F085800022A44B0120AE
:10361000C3F81028C3F82028FEF7B2FE002840F0B7
:1036200089809E48FEF784FE00287CD1284605B09C
:10363000BDE8F08F012BBDD1B8F5803FBAD3994DCD
:10364000284605B0BDE8F08F974D284605B0BDE887
:10365000F08F636B072B00F2CA8009FA03F919F0A7
:103660008A0F40F0D38019F0440F40F0C28019F067
:10367000010F00F0BC8033793A795B0002F001025F
:1036800003F002031343864A31683868C2F80C3BE2
:10369000636B23F00403032B0AD0236E012B0BBFB3
:1036A000C2F8280DC2F8300DC2F82C8DC2F8348D46
:1036B000E36D4FF40060012B794B0BBFC3F8281C5E
:1036C000C3F8301CC3F82C8CC3F8348CFEF784FD8F
:1036D0000546002895D1626B072A15D8012393402F
:1036E00013F08A0F40F09F8013F0440F0CD06C4B06
:1036F000D3F860242260D3F864246260D3F868248D
:10370000A260D3F86C34E3600123A365BAF1000F23
:103710003FF47BAF0423202104F1100084F83C30F7
:10372000FEF7E6FD71E76148FDF7D2FE284605B0D9
:10373000BDE8F08F5E48FDF7CBFE72E75D48FDF710
:10374000C7FE4CE75C48FDF7C3FE42E7216B206CE7
:1037500000F0B8F928B14FF0010A32E74FF47105D3
:1037600064E7DFF858914E4DD9F800301B68C5F872
:103770000034D9F800305B68C5F80434D9F800305B
:103780009B68C5F80834D9F80030DB68C5F80C34FC
:10379000D9F800301B69C5F81034D9F800305B69DE
:1037A000C5F81434D9F800309B69C5F81834D9F835
:1037B0000030DB69C5F81C34216B0229CBD8236D9E
:1037C0004FEAC10A0193E36C0AF1100A04F1100BED
:1037D0000093CDF80CA0CDF808B0206CD4E91123EB
:1037E00000F09CFA68BB002384F83C30B3E7344D0A
:1037F00007E72368CBF860346368CBF86434A368C8
:10380000CBF86834E368CBF86C3434E72368CBF842
:1038100040346368CBF84434A368CBF84834E36899
:10382000CBF84C3427E71E4BD3F840242260D3F862
:1038300044246260D3F84824A260D3F84C34E36097
:1038400062E7D9F8003051461B685846C5F8003485
:10385000D9F800305B68C5F80434D9F800309B68AB
:10386000C5F80834D9F80030DB68C5F80C34D9F84D
:1038700000301B69C5F81034D9F800305B69C5F811
:103880001434D9F800309B69C5F81834D9F80030E1
:10389000DB69C5F81C34FEF72BFDA4E7640A0020A1
:1038A000005084500500F1000B00F1009C2E030035
:1038B0007C2E03005C2E0300442E0300500A0020DF
:1038C0000100F1002DE9F04701B3FAB104460028E8
:1038D00054D01D46436B0E46072B1BD05DB9032BFE
:1038E00010D1836D73B945668566C5660567102579
:1038F00000F164030B602B4631462046BDE8F047DB
:10390000FFF744BE2F463846BDE8F087644F38467F
:10391000BDE8F087C36DA3BBB5F5805F36D20DB9A6
:10392000A36D9BBB4FF0FF315E48FEF7F9FC00280A
:103930004CD10020FEF724FD002843D14FF00108B0
:10394000DFF864912046C9F81088C9F82088FFF78D
:1039500007FD0746E0B10022534B0120C3F81028B1
:10396000C3F82028FEF70CFD40BB4E48FEF7E0FCF4
:103970000028C8D04D48FDF7ABFDC4E74FF47107F0
:10398000C1E7012BCBD1B5F5803FC8D3484FBAE78B
:103990002046FFF749FD07460028DCD1636B072B63
:1039A0000AD808FA03F818F08A0F13D118F0440F58
:1039B0005AD118F0010F19D13E4FCCE73E48FDF720
:1039C00087FDD2E73D48FDF783FDB7E73C48FDF7AB
:1039D0007FFDAEE72368C9F840346368C9F8443412
:1039E000A368C9F84834E368C9F84C3401212E4A69
:1039F000C2F87C14C2F8BC54337930688B4003F0B1
:103A00000203C2F80C3BE5B9A36D0BB9C2F824154B
:103A1000626B072A9FD80123934013F08A0F30D19D
:103A200013F0440F97D0204BD3F860242260D3F8D2
:103A300064246260D3F86824A260D3F86C34E36035
:103A400089E7E36D012B0BBFC2F8280CC2F8300CDC
:103A5000C2F82C5CC2F8345C4FF40060FEF7BCFB8B
:103A60000028D5D0074676E72368C9F86034636834
:103A7000C9F86434A368C9F86834E368C9F86C34D9
:103A8000B4E7094BD3F840242260D3F844246260A1
:103A9000D3F84824A260D3F84C34E3605BE700BF5E
:103AA0000B00F100640A0020005084509C2E03009B
:103AB0000500F1000100F1007C2E03005C2E0300E4
:103AC000442E03007F2809D851B10139022909D8B1
:103AD00005497F280CBF0846002070470248704700
:103AE00008467047014870470100F7000300F700DF
:103AF0007F2809D851B10139022909D805497F2801
:103B00000CBF0846002070470248704708467047BF
:103B1000014870470100F7000300F7000129F0B4E5
:103B200007D0022900F0898000295AD07248F0BCE1
:103B300070470022714C724B4FEAC00CC4F800155C
:103B4000451C0CF57F04C3F8082104F50444C3F8B0
:103B50000021C3F80421C3F800556A4E2468B4421A
:103B600040F0B380196002E0002940F0B580D3F83E
:103B70000021D3F80841D3F804112243F4D0002CDB
:103B800040F0B180002940F0A78001245B4AC3F8CF
:103B900000150230C2F800455B4AC3F80811C3F8AB
:103BA0000011C3F80411C3F8000552F80C00574A7D
:103BB000904240F08E80524A1C6002E0002840F0A3
:103BC0008B80D2F80031D2F80811D2F804010B43EF
:103BD000F4D0002940F08C8000287DD1C2F8000587
:103BE00028E00124464BC200444E204402F57F02E7
:103BF000C6F8004502F50442C3F80811C3F80011E5
:103C0000C3F80411C3F800053E4D1268AA4260D102
:103C10001C6001E000285FD1D3F80021D3F808111F
:103C2000D3F804010A43F5D000295CD1002853D110
:103C3000C3F800050020F0BC704701250022304B7E
:103C40002E4F4FEAC00C44190CF57F01C7F8005500
:103C500001F50441C3F80821C3F80021C3F8042189
:103C6000C3F80045274E0968B1422ED11D6000E01F
:103C700091BBD3F80021D3F80841D3F804112243B3
:103C8000F6D084BB41BB01241C4AC3F800150230A6
:103C9000C2F800451C4AC3F80811C3F80011C3F864
:103CA0000411C3F8000552F80C00184A904210D1D4
:103CB000134A1C6000E078B9D2F80031D2F808113C
:103CC000D2F804010B43F6D083E7C3F8002510486F
:103CD0002DE7C3F80015FAE70022094B0D48C3F899
:103CE0000025F0BC70470022C3F800250A481EE7F3
:103CF0000023C2F80035F9E70C00F10000408450C1
:103D000000900350005484500884FF0010548450E5
:103D10000600F7000200F7000100F7002DE9F04768
:103D20000024CCB0824689461646214674220EA84D
:103D30001F46579DDDF8588108F064F8802221461F
:103D40002CA82B9408F05EF88423B5F57F6FCDE99D
:103D50000A440D940C94059364D8FFF7EFFB05AB70
:103D600030462BAE01933946DDE954230295009687
:103D700000F064F8002850D1022307228DF8133098
:103D80009DF813301B928DF874300022012301241A
:103D900010211C900EA8CDE92423CDF86890CDF811
:103DA00078A02694FEF7A4FA10220DF120090092C3
:103DB000304605990AABCDF8049006AAFFF734F90E
:103DC000074688B11EE0102D2E4628BF10260EA9EA
:103DD0003246FEF789FA10210EA8FEF789FA01345F
:103DE000AD1B3744E4B222D0059B4A4606A90EA873
:103DF0008DF8AC40FFF766FD034608EB0700002B8B
:103E0000E1D01F460EA874220021FEF76FFAFFF7DB
:103E100095FB38464CB0BDE8F087064F38464CB0AD
:103E2000BDE8F087044F38464CB0BDE8F0872F4618
:103E3000E8E700BF0E00F1000F00F1002DE9F041AE
:103E4000002482B00A9D0194B5F57F6F40D8ED0043
:103E5000B5F5807F1E4634BF0323042301F1FF3CE8
:103E6000BCF13F0F0C46009332D888B3174666BBAF
:103E7000089A6AB3099A116851B3A2191344994276
:103E800026D3089B01462246581CFEF72DFA089BB4
:103E900004F102081C440023637026BB089BFF2D1D
:103EA000009503EB080017D92B029BB243EA1523B8
:103EB000022201A90193FEF717FA08F1020300207C
:103EC000099A136002B0BDE8F0810AB1402ECFD943
:103ED000094802B0BDE8F08101226946FEF704FA04
:103EE00008F10103EBE7089B324603EB0800394673
:103EF000FEF7FAF9B044D1E7060000800020187000
:103F0000704700BF08B5054B044613B10021AFF35D
:103F1000008000F011FB2046E7F7B8FE000000002B
:103F2000F8B50E4B06461D68AB789B0712D56F6837
:103F300016F8014B29462CB90A20B847002805DBA2
:103F4000204609E02046B8470028F1DAAB7843F074
:103F50000403AB704FF0FF30F8BD00BFD82603005C
:103F60000CB430B589B005460C461C22002101A8CE
:103F700007F048FF022305958DF806300D4B02939C
:103F800023462CB1B4F1004F28BF4FF00043013B52
:103F90001D440DAA0C9901A80695009200F072F834
:103FA00014B1059B00221A7009B0BDE8304002B080
:103FB000704700BF3DBF0200242AF0B5044601D877
:103FC000012A40D12E4B162207F0C0FF1A5001B132
:103FD0000C600020F0BD2F463D4615F8010B20284F
:103FE000F9D0A0F109060346042EF4D92B282CD0D1
:103FF0002D282CD10126BD1C7B78302B2DD1287883
:1040000040F02000782824D132F0100021D16B78C4
:104010002C46102202350020392B82BF03F1FF33DA
:1040200043F02003263B303B9A421AD9A0FB0204FE
:104030000CB9C01801D346F002062F462C4617F8DB
:10404000013B3D46E8E70746C6E70026D3E70026E2
:10405000D3E7002A08BF0822DDE7002A08BF0A22AA
:10406000D9E701B10C60F20748BF4042B307B1D5B0
:10407000034B222207F06AFF1A504FF0FF30A9E7E6
:104080000C0000002DE9F04F43688DB015468046C6
:10409000029383789A0740F10D8100240E78002E58
:1040A00000F00A81252E0BD04B1C039301344146AE
:1040B0003046029B98470028C0F2F6800399EDE74E
:1040C0004E788B1C252E0393F0D00027B946BB46B3
:1040D000BBF11F0F38D8A6F12003102B0AD8DFE858
:1040E00003F02A0909300909092109090928092DBC
:1040F00009091F00A6F13003092B33D92A2E37D125
:104100001BF0400F55F8043B40F08280002BA7BF06
:104110004BF0200B9946C3F100094BF0280B01E04E
:104120004BF0010B039B13F8016B0393002ECFD1CF
:1041300030E04BF0020B4BF0040BF3E74BF0080BB5
:10414000F0E74BF0100BEDE7BBF17F0F19D8A6F1AC
:104150003003092BD2D81BF0400F03D00A2101FBFA
:104160000737DFE70A214BF0200B01FB0939D9E7BC
:104170002E2E06D11BF0400F40F09E804BF0400BDE
:10418000D0E76C2E31D02BD8682E36D06A2E3CD09A
:104190004C2E3AD0002F46F02003B8BF2BF040023F
:1041A000A3F16501BCBF00271FFA82FB022901D9D8
:1041B000612B2FD107350727DFF8ACA225F00705C3
:1041C00008351BF0080F66D00AEB070B56465E4514
:1041D00063D1A4EB0A0AA9EB070906EB0A026FE117
:1041E000742E9FD07A2E9DD0D4E71BF0800F18BF7D
:1041F0004BF4007B4BF0800B94E71BF4807F18BFDF
:104200004BF4007B4BF4807B8CE74BF4207B89E7FD
:104210001F4687E7A6F16301122900F2F080DFE86C
:1042200011F013004F00EE00EE00EE00EE004F0024
:10423000EE00EE00EE00EE00EE00FE00E900EE0003
:10424000EE001B00EE00AF0055F8043B01270DF116
:10425000180A8DF81830B4E755F804AB834BBAF15F
:10426000000F08BF9A461BF0400F504614BF394656
:104270004FF0FF3107F000FE0746A2E7414620203D
:10428000029B984700280FDB013EB742F6D34C440F
:10429000B146A41B98E74E46F7E7414616F8010BD6
:1042A000029B9847002892DA98F8023043F0040302
:1042B00088F802304FF0FF3420460DB0BDE8F08F93
:1042C0001BF0800F34D01BF4007F2CD0073525F075
:1042D0000705AA4669685AF8080B2BF01005002953
:1042E000ADB237DA404245F4806561EB41010DF132
:1042F000180B0A235A4607F0CBFDA0EB0B030193E2
:104300006B0662D5019B25F001019F4289B240F303
:10431000A180002E00F0998015F0100240F09C80E2
:10432000BB460D4623E0AA465AF8040BC117D4E752
:10433000AA461BF4807F5AF8041B01D10846F5E712
:104340001BF4007F19BF48B241F3C01108B241F31A
:10435000C031C2E750EA0103C9D11BF0400FC6D0FB
:10436000002FC4D12BF01102BB46019795B240F249
:10437000064115EA01021CBF0BF1010B00222CE0E3
:104380002BF010020A231FFA82FB1BF0800C49D08D
:104390001BF4007115BF0735AA4625F007055AF82A
:1043A000040B1EBFAA4669685AF8080B50EA0105BB
:1043B00045D12BF016051BF0400FADB242D0002FB7
:1043C00040D12BF01702019795B215F0100248D09A
:1043D000019B002E42D103F1010B29075AD4EB07B0
:1043E00006D5D9456FDDA9EB0B030199CB465F18C4
:1043F0005B4649E04BF0100B10237826C5E7782B7D
:1044000004D1C6F1780343F01003BEE741462520EE
:10441000029B98470028FFF647AF023447E608237F
:104420000026B2E7AA461BF480715AF8040BBDD0EF
:104430001BF400711ABFC0B2614680B2B6E72BF020
:10444000060295B20DF1180B54E725F01105BB4695
:10445000ADB28CE70D46B8E73B460D4603F1020BC3
:10446000BBE7DDF804B082E75AB8030053B8030095
:10447000CDE9043241462020029B98470028FFF6F0
:1044800013AF049B059A01339945F1DCA4EB0B01B2
:104490009B46CC180AB341463020029B984700281F
:1044A000FFF602AF8EB901342744391B019B9942B4
:1044B00024DC1D4655BB019AA9EB0B095546224445
:1044C0001446914433E0019F92E70234414630465E
:1044D000029B98470028E7DAE6E640F206410D42E3
:1044E000E2D015F0020F04F10104414614BF2B2065
:1044F000202015F4806F18BF2D20E9E741463020B9
:10450000029B013498470028CFDACDE606AB013D87
:104510004146585D029B98470028CBDAC4E64146E5
:104520002020029B013498470028FFF6BDAEA9EB7E
:104530000403002BF3DCC1E538B5074D074C641BC1
:10454000A41024B9064B0BB1AFF3008038BD013C79
:1045500055F824309847F4E7000000000000000000
:1045600000000000704702F075BE02F07CBE08B586
:1045700006F0E6FC4FF47A72A0FB020302FB013165
:10458000C00B40EA4140C90B08BD0023E5F7E8BC79
:1045900010B483682822DC684CF25033A44610BC67
:1045A000604710B483685C684FF0FF33A44610BCCA
:1045B000604700210F2008B505F0E8FB00214FF40B
:1045C0000040FAF74DF8F9E770B5012504460020E0
:1045D0009D4032F81060B6F5405F24D80130854226
:1045E000F7D10E2098400730C008ACB188421AD8E5
:1045F00002259D4000231946154432F8026B0E3304
:1046000046EA8131072B08DCAA42F6D1002B03DDF4
:10461000C3F108039940217070BD083B21FA03F6ED
:1046200004F8016BEEE70020F6E72DE9F0430125E1
:104630001646079F0446781E05FA00F0A5EB000E0B
:104640009D40154416F901CBF44535DB844533DA3A
:10465000AE42F7D107FA03F30733D8081CB38842F8
:104660002AD84FF0FF360023BE40F64319466FF0BC
:10467000070812F801CBB9400CEA060C3B444CEA9F
:104680000101A6469C46BCF1070F0ED84FEAD30C99
:10469000AA4204EBD30408FB0C33EAD11BB1C3F1EB
:1046A000080399402170BDE8F083ACF1080C21FAB1
:1046B0000CF90EF8019BE6E70020F4E72DE9F0473E
:1046C000089D02FA01F40734B5EBD40F80464FEA97
:1046D000D40002D20020BDE8F0870127541E4FF01D
:1046E000FF3C07FA01F1A74000240CFA02FC6FEA34
:1046F0000C0CA6462646C7F1000913F8015B0834E6
:1047000045EA0E2E944218D3B14206D84FF0FF333B
:10471000A3403EEA0303DED0DCE7A41A2EFA04FA33
:104720000AEA0C0A0AEA07056D4245EA0A054D4500
:10473000D0D008F806500136E4E7B142DDD8E5E70D
:10474000F0B507460120002440F6FE7500FA03F399
:1047500032F8140000F2FF7080B2A84201D90020A4
:10476000F0BD0134A342F3D1002425462046A446DF
:1047700032F91C604FEA450E002EBCBF76424EF067
:10478000010E06F07F05F60945EACE1506F1010E89
:1047900005FA0EF5264445F00105741C5FB1884208
:1047A000DDD225FA04F6072C3E5400F1010E09D99A
:1047B0007046083CF3E7072C00F1010E02D9704661
:1047C000083CF8E70CF1010C634506467046CFD172
:1047D000002CC5D037B18E45C1D2C4F10804A54024
:1047E00007F80E50B01CBBE702460B4600F045BC74
:1047F00003F1004300F023BBF8B5012700269740E2
:10480000A0F10804A1F10805F4E90201F5E9022389
:1048100000F015FB0136B742C4E90001F4D1F8BD40
:10482000F8B5012700269740A0F10804A1F108057A
:10483000F4E90201F5E90223FFF7DAFF0136B74296
:10484000C4E90001F4D1F8BD08238B400344D0E94A
:10485000001240F8081B02F10042984240F8042C74
:10486000F5D17047012310B503FA01F121FA03F3E2
:1048700000EBC3008B4200D310BDD0E9004202F12F
:10488000004240F8084B40F8042C0133F2E72DE9D0
:10489000F04F01250027954089B06D08A1F108036C
:1048A000069301EBC503A0F1080600EBC5040793CE
:1048B000AF4202D109B0BDE8F08F0699F6E90223B4
:1048C000CDE90023D4E90023CDE90223F1E9022355
:1048D000CDE90423079B0691F3E802ABDDE9000173
:1048E0000793DDE9042300F0C8FB52468146884661
:1048F000DDE902015B4600F0C0FB02460B4648467C
:104900004146FFF775FF52465B4681468846DDE922
:10491000000100F0B2FBDDE9042383468A46DDE9AD
:10492000020100F0AAFB02460B465846514600F031
:1049300086FA0137C6E90098E4E80201B8E70123E6
:104940002DE9F04F002793404FEA530889B0A1F1B9
:104950000803A0F1080600EBC805069301EBC804A4
:10496000474502D109B0BDE8F08F0699F6E9022368
:10497000CDE90023D5E90023CDE90223F1E90223A3
:10498000CDE90423D4E900A3069103F1004BDDE94E
:104990000001DDE9042300F070FB524681465B46CE
:1049A0000791DDE9020100F068FB02460B4648462C
:1049B0000799FFF71DFF52465B4681460791DDE9E7
:1049C000000100F05AFBDDE9042383468A46DDE955
:1049D000020100F052FB0B4602465146584600F0D9
:1049E0002EFA079BC6F8009073600834E5E80201D0
:1049F0000137B5E72DE9F74F012500264FF00008F4
:104A00004FF000098D406D08A0F1080700EBC504C8
:104A1000AE4202D103B0BDE8F08FF7E90201D4E95C
:104A20000023CDE90023FFF7DFFE83468A46DDE958
:104A30000001FFF7D9FE02460B465846514600F0EA
:104A4000FEF90136C7E90001E4E80289E0E72DE953
:104A5000F0410126904600251F46069BA0F1080460
:104A60009E40F4E9020142463B4600F006FB013558
:104A7000AE42C4E90001F4D1BDE8F0812DE9F04F68
:104A800095B001930123002511921F9ACDE90F01E2
:104A900093405B080E93DC000095009B0E9A9342B6
:104AA00002D115B0BDE8F08F109B2B44D3E9002351
:104AB000CDE90223DDE90201109B2344D3E9002361
:104AC000CDE90423119B2B44D3E90023CDE9062330
:104AD000119B2344D3E90023CDE90823019B2B44F8
:104AE000D3E90023CDE90A231E9B2B44D3E90023FD
:104AF000CDE90C231E9B1E9A23445E68019B52F84D
:104B000004A0019A234452F804B05F68DDE90A2347
:104B100000F0B3FA07F1004781468846DDE9040159
:104B20005A463B4600F0A9FA02460B464846414623
:104B3000FFF75EFE5A463B46CDE91201DDE9020170
:104B400000F09BFADDE90A2380460F46DDE9040107
:104B500000F093FA02460B464046394600F06FF9E2
:104B6000DDE90C2380460F46DDE9060100F085FAF9
:104B700006F1004683468946DDE908015246334680
:104B800000F07BFA02460B4658464946FFF730FED6
:104B90005246334683468946DDE9060100F06DFA48
:104BA000DDE90C2382460E46DDE9080100F065FAD6
:104BB00002460B465046314600F041F95A468246BD
:104BC0000E46DDE912014B4600F039F90F9B5246C3
:104BD0002B44C3E9000133464046394600F02FF923
:104BE0000F9B08352344C3E90001009B08340133BF
:104BF000009352E72DE9F0410125002795406D080B
:104C0000A0F10808A1F1080600EBC504AF4201D1EC
:104C1000BDE8F081F6E90223F8E9020100F02DFA7F
:104C2000C8E90001D4E90001D6E9002300F025FA23
:104C30000137E4E80201E9E770B501F23446002EDD
:104C40004FF0FF35B8BF0025F40F2A40013C234048
:104C500002F007059408C82244EA83749908EA40E0
:104C60009B0D02F001025B4241EAC0713340A01883
:104C700041EB035170BDF0B5C1F30A55C5F587642A
:104C8000053444F340131E468A0242EA905222F051
:104C9000404242F0804282EA802704F01F043B40F9
:104CA00022EA060283EA8023C4F1200602FA06F60D
:104CB000A4F12000E34022FA00F033430343C5F59A
:104CC0007F700130E24003EAE07302EAE07283EAB7
:104CD000E17382EAE172C90F581842F10001F0BD98
:104CE0002DE9F04180EAE170CD0F281881EAE171E9
:104CF00041F1000461422143CB0F80EA04065F1EAC
:104D00003E406640363A02EB431C320C5242002AC7
:104D10004FEAD27E4FF0FF32B8BF002200EAE171C5
:104D2000330443EA11430EF1FF38734003EA0803EA
:104D300073401E0E764281EA0147002E07EA020701
:104D400087EA01070CEB0E114FEAD67E4FF0FF36D3
:104D5000B8BF00261A0242EA17620EF1FF385A4025
:104D600087EA072C02EA08025A400CEA060C8CEA91
:104D7000070C170F7F42002F01EBCE014FEAD77EC1
:104D80004FF0FF37B8BF0027130143EA1C730EF141
:104D9000FF38534003EA080353408CEA0C163E40A8
:104DA0009F0F7F42002F01EB8E014FEAD77E4FF01D
:104DB000FF37B8BF002786EA0C069A0042EA9672CF
:104DC00086EA860C0EF1FF385A400CEA070C8CEA92
:104DD000060C02EA08025A401CEB0C0642EB0203E6
:104DE000002A4FF0FF38B8BF4FF00008D70F86EA0F
:104DF0000C0601EB4E01534007F1FF3E06EA0806A0
:104E000086EA0C0603EA0E035340C6F3080202F2D8
:104E1000FF12324340420F444FEA522264EB4401F6
:104E2000214342EAC3525B0A284602EAE17203EADE
:104E3000E17307EAE171BDE8F041FFF7FDBE2DE93E
:104E4000F047044623F00046151B21F0004066EBB6
:104E50000005ED0FA71AC5F1010560EB060005EA94
:104E6000D17545EAD0756E42354681EA03000540AA
:104E700084EA02076B4081EA05003E40C3F30A5111
:104E80007440564001F2FF72D212C3F31309C0F30B
:104E90000A5749EA0259791A4FEAC909A1F13C02B5
:104EA00049EA5679F60006EAE27609EAE279C1F3C0
:104EB0004012154601F01F0C41F3401882F0010228
:104EC00061F01F0102FA01F1CCF1200A05FA0CF59C
:104ED00022FA0AFA0D4302FA0CF2013A45EA0A05EF
:104EE00045F1FF3506EA020109EA050A891845EB92
:104EF0000A02314342EA090282EA010505EA08058D
:104F000022EA08024D40CCF1200602FA06F6ACF186
:104F1000200125FA0CF522FA01F13543DB0F07F2E7
:104F2000FF760D4383EAD073F612C0F3130141EA12
:104F300006515E423346C90041EA5471E40022FA48
:104F40000CF2641942EB01016D1952413540641BAA
:104F500003EA020361EB03014B420B43DE0F84EAD9
:104F60000105721E15404D402A0C5242002AA7F23C
:104F7000754707EB46174FEAD2764FF0FF32B8BFBE
:104F8000002204EAE3742B0443EA144306F1FF3CD5
:104F90006B4084EA044103EA0C035D400A4054403C
:104FA0002A0E5242002A4FEAD27C4FF0FF32B8BF9D
:104FB00000222B0243EA146384EA042107EB06175C
:104FC0006B400CF1FF360A40334082EA040683EA64
:104FD0000504220F5242002A07EBCC074FEAD27C8D
:104FE0004FF0FF32B8BF0022230143EA16730CF1E1
:104FF000FF3563402B40634086EA06110A40990F53
:105000004942002982EA06054FEAD1764FF0FF3186
:10501000B8BF00219A0042EA957285EA850407EB41
:105020008C070C4006F1FF3C5A40654002EA0C0236
:105030005A406C1942EB0203002A4FF0FF3CB8BF04
:105040004FF0000C07EB46016C40D60F5340771E23
:1050500004EA0C046C403B405340C4F3080202F2E3
:10506000FF1222433144520A42EAC35209315B0A19
:10507000C00FBDE8F047FFF7DFBDF0B51E460D4697
:10508000C1F3130320F07E4443F48013C6F31301ED
:10509000400E40EAC31041F4801122F07E43520ECC
:1050A000A4FB037C42EAC112A4FB024E790E41EA42
:1050B000CC1124F07E4C640E44EACE14A3FB003ED7
:1050C0008C4423F07E415B0E43EACE1361441C44C2
:1050D000A0FB023041EA070222F07E4204EB516459
:1050E00002F10072E41802F1FF3240F1000044EADC
:1050F00052626408C70D02F0010344EAC0747942A9
:1051000044EA030484EA020463EB030380EA500CDC
:10511000C6F30A5E0C400CEA030CC5F30A510EF20A
:10512000FF738CEA000C01F2FF7018405440C21269
:1051300052424FEAE070714460EB4003A1F6340143
:1051400085EA06002240394403EA0C03C00FBDE89B
:10515000F040FFF771BD2DE9F04300244FF0370C0C
:105160002646C1F31308C3F3130748F4801847F425
:105170008017851A68EB0705002D4FEAD57E4FF0A2
:10518000FF35B8BF00250EF1FF3E02EA0509B0EB7E
:10519000090905F0010507EA0E0E68EB0E002C4325
:1051A00019EB090940EB000524197641BCF1010C0B
:1051B0004846A846DDD1404265EB450545EA08056D
:1051C00044EAD5756408F00D44EAC67405F001029E
:1051D000D0F1000C42EA040267EB07076A4086EA56
:1051E00056043C4002EA0C0266406A40C1F30A548D
:1051F000C3F30A55651B04F2FF74E712373D0544FB
:10520000E41781EA0300794264EB44040A4004EAAB
:105210000603294007EAD070BDE8F043FFF70CBD54
:105220002DE9F04FC1F30A5285B00192A2F2FF328C
:10523000C1F3130342F300010D46002443F480132D
:105240000140091805EA030545EB030553100393D4
:1052500036204FF4001CA146A24622462346491898
:105260006D4119EB04064AEB0C0702978F1B029F56
:1052700065EB0707002F4FEAD77E4FF0FF37B8BF27
:10528000002714EB040808EA07084CEB0C0B18EB9A
:1052900009080EF1FF3EC146DDF808800BEA0E0B4F
:1052A00006EA070608EA0E0807EA04074AEB0B0AB3
:1052B0008E1B65EB08080EEA0C0EBF1843EB0E03BD
:1052C000B61948EB08086408013844EACC743A4639
:1052D000314645464FEA5C0CC3D1FA195B4149425D
:1052E00068EB4801294342EAD172019901F2FF714A
:1052F000CC1264424FEAE17161EB41010B4003992A
:105300002240363905B0BDE8F04FFFF795BCC1F338
:105310000A532DE9F041C3F5876705378A0207F084
:105320003F0C42EA9052C3F57F73CCF13F05013345
:10533000800222F0404200EAE37642F080426811A7
:1053400002EAE37240424FEAE57386EA020463EB45
:105350004303234005F01F0E26EA0000534065F08A
:105360001F0500FA05F5CEF1200803FA0EF320FA26
:1053700008F82B4343EA080300FA0EF023F06045D7
:1053800005434CF3401022EA0002044007F01F00DE
:105390007440C0F12007A0F1200602FA07F722FAB4
:1053A00006F6C440C240684228435B0F43EAD0730C
:1053B000C8203C43D840344300F00100001942F1BA
:1053C000000282EAE17280EAE170C90F401842F1FE
:1053D0000001BDE8F08130B581EA0304E41722EA58
:1053E0000402851A23EA040461EB0405121A64EB33
:1053F0000104E41784EAE574194004EAD17181EAF2
:10540000D57030BDC0F1020202FB00F3C3F102030C
:10541000534303FB00F2C2F102025A4302FB00F3C2
:10542000C3F10203534358430238584320F000406D
:105430007047A0FB0101434323F0004310B5A3FBD9
:1054400002341B1841EB0401DB0F43EA41039B1AB2
:1054500002EAE370184410BD10B50C46C0F10043D9
:10546000C0EB430300EAE3711944024623460846B1
:10547000FFF7DFFF23460146FFF7DBFF2346014628
:10548000FFF7D7FF23460146FFF7D3FF2346014628
:10549000FFF7CFFF40F300031A401044400810BD4F
:1054A0002DE9F0470E4691461C464FF000084FF09C
:1054B000010A471EC1F100450AFA08F3BB4202D9AE
:1054C0002846BDE8F08727FA08F3DB0706D528460B
:1054D0004B4632462146FFF7ACFF054621462046A3
:1054E0004B463246FFF7A5FF08F101080446E3E703
:1054F0002DE9F041012705461E46002401398F4061
:1055000000F1040858F8341055F834003346FFF71A
:1055100090FF33460699FFF78CFF45F824000134CD
:10552000A742EFD1BDE8F081034600EB81010020E6
:1055300070B505468B4200D170BD2E461C68E4FB59
:10554000020620F00044C00F43F8044B40EA460036
:10555000F0E72DE9F041074600EB81069846002070
:10556000BE4201D1BDE8F08143460699FFF761FFD5
:1055700056F8045DAD1A02EAE574AD1A2C440444F1
:1055800002EAE473E018EBE710B553425B0800EB66
:105590008101884200D110BD04685C40224422F0A1
:1055A000004440F8044BD20FF3E7F0B50024254641
:1055B0008D420BD14FF0000CC4F101045E421C433C
:1055C0007608644204388C4509D1F0BD50F8256056
:1055D000361B52F825400135361BF40FE8E752F828
:1055E0002C500CF1010C754005EA040750F8045FDB
:1055F000ED1BEB1A23F000450560DB0FE3E72DE917
:10560000F04F8B4686468FB008931A9BCDE9001267
:1056100002931B9B5EF8045909931C9B189C0393EF
:105620001D9B039A0A931E9B04931F9B0B93209B25
:105630000593219B0C935BF8043902FB03F1029A5A
:1056400002FB0511614321F00042059906924B438C
:10565000049A02FB053363430024A0462746A14673
:10566000214623F000430793089B994214D1009AE6
:1056700001F18043013B40F8237042F823404FEA98
:10568000D973019AFFF791FF00984FEAD8730FB0D2
:10569000BDE8F04FFFF789BF5EF804CF029A5BF8D0
:1056A000043FA2FB0C65099A0CFB0255039AA2FB6E
:1056B000032A0D920A9A03FB02AA0D9AB618019AC0
:1056C00045EB0A0552F82120F619069F49EB05051E
:1056D000E2FB0765049AB246A2FB0C670B9A0CFB2F
:1056E0000277059AA2FB039C0C9A16EB090603FBB2
:1056F00002CC019A47EB0C0752F821203619079C7F
:1057000048EB0703E2FB046339B12AF000444EF88A
:10571000044C26F000444BF8044C4FEADA77F40FBF
:1057200047EA45074FEAE57944EA43044FEAE3785C
:10573000013199E72DE9F04F8DB0CDE90613012134
:10574000834600251B9B019001FA03F79300009309
:10575000169B03F18043013B9B000393179B9B0027
:105760000293199B9B0005931A9BC3F11F030B9394
:105770007B1E0893DE460026189BDDF81CC053F8FC
:1057800025205242169B9BB90899AB1999424CD1DE
:10579000DDF804E05242029B0136B7429C44F1D14D
:1057A000009B0135AF429B44E4D10DB0BDE8F08FC2
:1057B000002188468A46039B5CF803309B0F5B42BE
:1057C0005B080493059B0EEB0309D3170A93199BFF
:1057D00006980B449842D7D9169B1A988B428CBFD7
:1057E0005CF82130049B013103FA00F424F00044FA
:1057F0000B9844EA0A0423FA00FAA4FB0230099346
:105800000A9B04FB0300D9F80040099B1B1940F1D7
:10581000000013EB080323F0004440EBE870DB0FBB
:1058200049F8044B43EA4008D1E7009B9E44B2E7A5
:10583000091A4B071CBF21F00701083108447047C3
:1058400007B502460821684600F00EFCDDE90001BC
:1058500003B05DF804FB70B501250C469540A0F13E
:1058600008060D4414F9010B0022C117FFF738FA9E
:10587000AC42E6E90201F5D170BD2DE9F04F89B0E7
:1058800001920690129A4BB3012404FA03F398464E
:1058900000938D004FEA580302936B430493019BDE
:1058A000DDF8189003EB840A08FB05F30593019BD0
:1058B00003EBC40303930026B046049B5AF8041B71
:1058C00003EB090B029B43450BD1059B9944039BBA
:1058D0005345F0D1009B64009C42DBD309B0BDE886
:1058E000F08F5BF80600139B0791FFF7A2FD59F8B4
:1058F00006700799BB1A034402EAE37C63443F1A2B
:1059000049F8063002EAE7731F444BF8067008F1C5
:1059100001082E44D6E72DE9F04F8BB005920546DD
:10592000149A0193002B3AD0012606FA03F3984605
:1059300003938C00A9460496049B4FEA58086343DE
:105940000793059B760003EB880A06FB04F3099393
:10595000059B03EBC80308930027BB465AF8043B9A
:105960000693079B4B440293049B9B451AD1099BCA
:105970009944089B5345EFD1B8F1010FDAD14FF0AC
:1059800000470026019BDF402868159B3946FFF73A
:1059900050FD039B01369E4228602544F4D10BB094
:1059A000BDE8F08F029B59F80710D8590BF1010B95
:1059B0000B189B1A081A02EAE37E734402EAE07CA1
:1059C00049F807300699159B6044FFF732FD029BAA
:1059D000D8512744C8E7F7B50C460646089F154638
:1059E0000097FFF7B6FD04F18041013956F82130E8
:1059F000099A9B0F5B421340C01A05EAE0752844E0
:105A000003B0F0BD10B411B110BCFFF7E4BF0846FD
:105A100010BC7047F0B50124002504FA03F3574287
:105A200051F82560740004F000443443A74207DCB9
:105A3000A24205DB44550135AB42F1D10120F0BD56
:105A40000020FCE730B50D4640F2C72185B0039138
:105A500008990446CDE90031134600F1290103AA53
:105A60000130E0F7A1FA0028A5BF392300204FF04C
:105A7000FF302370A2BF039B29332B6005B030BDDC
:105A800030B58FB004460A466846382100F0ECFA7B
:105A90006B4604F5017104F50F709A785D78120475
:105AA00042EA05221D7804332A4313F8015C42EAD6
:105AB000056241F8042F8842EFD12046E0F792FBBF
:105AC0000FB030BDC1F30A532DE9F041C3F587672C
:105AD00005378A0207F03F0C42EA9052C3F57F7304
:105AE000CCF13F050133800222F0404200EAE37628
:105AF00042F08042681102EAE37240424FEAE573E5
:105B000086EA020463EB4303234005F01F0E26EAF6
:105B10000000534065F01F0500FA05F5CEF120089E
:105B200003FA0EF320FA08F82B4343EA080300FABD
:105B30000EF023F0604505434CF3401022EA0002CA
:105B4000044007F01F007440C0F12007A0F12006B8
:105B500002FA07F722FA06F6C440C2406842284318
:105B60005B0F43EAD073C8203C43D840344300F075
:105B70000100001942F1000282EAE17280EAE1705C
:105B8000C90F401842F10001BDE8F0810022FFF783
:105B9000A7B870B501250C469540A0F108060D4444
:105BA00014F9010BC117FFF7F1FFAC42E6E902015E
:105BB000F6D170BD10B5D0F800124A1CC0F8002212
:105BC000B2F5007F445C01D1E0F70CFB204610BD2C
:105BD00003F10043FFF733B942F6FF7343F20102CA
:105BE000484343439BB202FB0300C2EB104302EA6B
:105BF000E370184470470146FFF7EEBFF8B505465D
:105C0000084642F6C821FFF7E7FF0446FFF7F3FF17
:105C100021460646FFF7E0FF31460746FFF7DCFF67
:105C2000FFF7E9FFFFF7E7FFFFF7E5FFFFF7E3FF08
:105C3000FFF7E1FF39460646FFF7CEFF314607463C
:105C4000FFF7CAFF0646FFF7D6FFFFF7D4FF394636
:105C5000FFF7C2FFFFF7CFFFFFF7CDFF3146FFF79A
:105C6000BBFFFFF7C8FF2146FFF7B6FF2946BDE897
:105C7000F840FFF7B1BF38B5022504468D40054412
:105C8000208842F6C821FFF7A7FF24F8020BA5429F
:105C9000F6D138BDF8B501260F4600259640841E82
:105CA00037F8151034F8020FFFF796FF0135AE42B2
:105CB0002080F5D1F8BD2DE9F843012705461E46A1
:105CC000002443F2010CDDF820909F4008570CEAB5
:105CD000E073034429F8143010570CEAE0730344CE
:105CE00025F814300134A742F0D131462846E0F7B8
:105CF00071FD31464846E0F76DFD0024A5F102082C
:105D000039F8141079B138F8020FFFF777FF013432
:105D1000A742A8F80000F3D128463146E0F7F0FC8E
:105D20000120BDE8F8830846FBE72DE9F04702248F
:105D3000DDE908654FF0010881468A46002743F2F5
:105D40000100B44008FA06F82C4412F907C000EA32
:105D5000EC71614425F8171013F907C000EAEC71E3
:105D6000614424F817100137B845EED13146284672
:105D7000E0F730FD31462046E0F72CFD314628465D
:105D8000FFF779FF284632462146FFF783FF0023BD
:105D900043F201001AF9031000EAE1720A4424F800
:105DA000132001339845F5D131462046E0F712FD26
:105DB0000027A5F1020A34F8171019B33AF8020FB8
:105DC000FFF71CFF0137B845AAF80000F3D12846B9
:105DD0003146E0F795FC002343F2010035F813202B
:105DE000A2F5C051C91720EA0101521A02F17F0140
:105DF000FE2907D809F8032001339845EED1012088
:105E0000BDE8F0870020FBE7C82210B5002104465A
:105E100005F0F8FF00220023C4E9322310BD2DE96C
:105E2000F0470D469046994600260027D0E93223D8
:105E300019EB020243F10003AA4273F1000340D2BE
:105E400000221546D0E9323191453CD819EB0303C5
:105E500041F10001C0E93231BDE8F0870C1943F18E
:105E600000034FEAD40C04F007044CEA437CE4003E
:105E700018F80130A4F1200AC4F1200223FA02F23A
:105E800000EBCC0E03FA0AFA4AEA020A03FA04F417
:105E900050F83C20DEF80430624083EA0A0340F800
:105EA0003C200131CEF80430D0E932432A1B8A422B
:105EB000D4D8641BC0E93267A1449044E0F7DAFC0F
:105EC000B4E70021F0E7D3184FEAD30403F0070347
:105ED00018F8026045EB0101DB0044EA4174C3F1AC
:105EE000200CA3F1200126FA0CFC00EBC40706FAF3
:105EF00001F141EA0C0106FA03FC50F834607B68BA
:105F000086EA0C064B40013240F8346045F100054A
:105F10007B6097E7F0B5D0E93235DC0803F0070382
:105F2000DB0044EA4574C3F12006A3F1200522FA00
:105F300006F600EBC40702FA05F535439A4050F81F
:105F400034607B68013956406B4021F0070140F80E
:105F5000346001447B604B68002203F100434B60D6
:105F60000023C0E93223F0BD2DE9F843002698460E
:105F700017463346D7E93242B142054603D9A64215
:105F800073EB020C0BD3A41BA1EB060962EB03021B
:105F9000C7E93242B9F1000F27D1BDE8F883B8EB69
:105FA000040462EB4202A41943EB02024FEAD40C50
:105FB0004CEA427C07EBCC0E04F0070457F83C2077
:105FC000DEF804E0E500C5F1200CA5F12004EA406C
:105FD0000EFA0CFC42EA0C022EFA04F422430136BB
:105FE00000F8012B43F10003C4E73846E0F742FC18
:105FF000002424F00701E308394404F007024E6846
:10600000D20057F83330C2F12000A2F12001D34072
:1060100006FA00F0034326FA01F10B432B55013435
:10602000A14501D0A045E4D12544A9EB04090022F3
:10603000A8EB0404ACE710B50446D020E5F776FEE3
:10604000206010B96F20FDF75DFFBDE81040FFF73D
:10605000DBBE134600680A468821FFF7E0BE1F2218
:1060600088210068FFF756BF88231268FFF77CBFBE
:106070000068E5F775BE01F0C0BB836800EBC101A5
:10608000B3F5004F2CBF51F8220031F812007047D1
:1060900000EBC1018068B0F5004F2CBF41F8223001
:1060A00021F812307047012208B5FFF7E6FFD04013
:1060B00008BD836800EBC101B3F5004F08D34B68FE
:1060C0001AB143F001034B60704723F00103FAE774
:1060D0004B881AB143F001034B80704723F0010352
:1060E000FAE753000122FFF7D3BF8368B3F5004FEF
:1060F00034BF04230823C91A081AC00870478368EC
:10610000481CB3F5004F34BF042308230833A0EB29
:10611000D300B0FA80F0C0F11F0070472DE9F041C4
:10612000174603220E460446FFF7A7FF86420546A0
:1061300007F104080AD10122E368BA4023EA020306
:10614000E360002344F82830BDE8F08131460222A4
:106150002046FFF792FF06462B46014603222046C3
:1061600044F82850FFF794FF334629462046BDE8FF
:10617000F0410222FFF78CBF70B50D4686680446D9
:10618000FFF791FFB6F5004F014601D3012809D072
:106190002046FFF7B4FF294602462046BDE870407E
:1061A000FFF7BCBF70BD2DE9F0470546FFF7A7FF1D
:1061B00005EB800ADAF8109088460646B9F1000F20
:1061C0001BD00327DAF8104028462146FFF76BFF63
:1061D000404507D3324621462846FFF79FFF204619
:1061E000BDE8F087032221462846FFF746FF013F1E
:1061F000CAF8100001D08145E4D14FF0FF34EB68BC
:106200000136B4401C40EAD094FAA4F2B2FA82F209
:10621000131D55F82340DEE72DE9F04114460E46E4
:106220000546FFF740FFA4EB0608371B074442462C
:1062300031462846FFF755FF3A4621462846FFF7E4
:1062400050FF4346002221462846FFF721FF214602
:106250002846FFF728FF3B46211800222846BDE8C4
:10626000F041FFF715BF2DE9F041164604460F46F1
:10627000FFF719FF314605462046FFF714FF054496
:106280002A4639462046FFF72CFF31462046FFF7C5
:106290000AFF2B46311800222046BDE8F041FFF7E7
:1062A000F7BE2DE9F0410D4686680446FFF7FBFE78
:1062B000B6F5004F014601D3012832D02046FFF742
:1062C0001EFF04EB80010E6996B90122E36882404B
:1062D0001343E36002220D612B4629462046FFF757
:1062E000D7FE032229462046BDE8F041FFF7D0BE85
:1062F000022231462046FFF7C0FE074603462946E4
:106300002046FFF7C5FE0322334629462046FFF705
:10631000BFFE39462B462046FFF7BAFE0222314621
:10632000E1E7BDE8F081F8B50C460546FFF7BBFE96
:106330002618012231462846FFF79FFEC3070CD4DA
:1063400031462846FFF718FF21462846FFF7ABFEE7
:10635000214622182846FFF786FF002221462846BC
:10636000FFF78BFE271A012239462846FFF785FEE4
:1063700010EA020613D139462846FFF7FDFE2146F2
:1063800032462846FFF779FE2246211A2846FFF7B3
:106390006AFF214632462846FFF76FFE241A21463F
:1063A0002846BDE8F840FFF77CBF70B5056809B91D
:1063B000002070BDAB6801F00704B3F5004F2CBF9F
:1063C0000822042207341444E40804EBD1049C425C
:1063D00028BF1C4628462146FFF7E5FE0646002852
:1063E000E6D001462846FFF75EFEA04209D93444B4
:1063F000314628462246FFF70FFF21462846FFF781
:1064000050FF284601223146FFF753FEAB68B3F533
:10641000004F34BF0423082303EBC6031844C8E726
:106420001146FFF7C2BF2DE9F04706460D46174655
:1064300098462BB34FF0000A98F8004093F801906B
:10644000DB78A40004EB430498F802301C44444475
:10645000CA4509D339463046AC46D8F8042008F17D
:106460000803BDE8F047604714F8013B0AF1010A50
:10647000204648F82340DAF763FD01300444E7E79B
:106480006FF01500BDE8F08770B50025024628467C
:10649000144614F8013B0BB9184609E098B18D4237
:1064A00007D1702B04D0A3F140023A2A0BD8002068
:1064B00070BDA3F140063A2E05D853780135941CDF
:1064C000002BE9D00020252B224608BF80F00100D8
:1064D000DEE7002070470FB407B504A951F8040B9C
:1064E0000191E1F797FC03B05DF804EB04B070474D
:1064F000002383F31188BFF36F8F0423184602DF54
:1065000070470FB407B504A951F8040B0191E1F7E6
:1065100081FC03B05DF804EB04B0704710B503696B
:10652000024613F0080009D11368D4689C429BBF4F
:106530000120526AE31AD31A0B6010BD00231846DB
:10654000FAE713B501A90446FFF7E8FF20B1019B64
:10655000E268013B13440193606A019BC01A013851
:1065600002B010BD10B5044650182269636AD20704
:1065700002D5013B184010BD984228BFC01AFAE767
:1065800010B504460A46C168FFF7ECFF2369E060D6
:1065900023F00803236110BD38B50D46026A8B0055
:1065A000016843F00203044642F8213001682A469C
:1065B000FFF7D8FFE3686168984208BF236920604D
:1065C00008BF43F008032A46204608BF2361FFF7AF
:1065D000C9FF606038BD2DE9F74FC768066A9B4662
:1065E00006EB8703009316F82730044603F00303F5
:1065F000022B884691464FF000030BD01360CBF876
:10660000003023699B0713D44FF0000A504603B0B3
:10661000BDE8F08F56F8271013608908CBF80030DA
:10662000EFD0FFF7ADFFE368A3604FF0010AEDE79D
:10663000E36906EB8700984716F82720054612F015
:10664000010AE1D012F002021FD0B8F1000F03D00E
:1066500041462046FFF7A0FF61682A462046FFF723
:1066600081FFD4E902219142606006D12A4620468A
:10667000FFF778FF4FF0000AA060A2682260E26096
:10668000226942F008022261C0E7014620460192D9
:10669000FFF776FFE368A360B8F1000F04D021682C
:1066A000236A019A43F8212005EB0802CBF8002069
:1066B00021682046FFF756FF2369206043F0080356
:1066C000236116F827306FF3000306F82730009B8C
:1066D000C9F80030A9E770B504461546FFF742FF38
:1066E0002368834205D12369216023F008032361D5
:1066F00070BD226AAB0043F0020342F821306168AA
:106700002A462046FFF72EFF6060F1E738B503699F
:1067100004465B0706D5856AFFF713FF85422CBF49
:10672000A562A06238BDF0B56423054604260020AA
:106730000A2769B9F0BD9A42B2FBF3F40CD2012BDF
:106740000AD048B903FB14220A24B3FBF4F3D2B2F3
:10675000013EF0D12E70EDE7303405F8014BB2FB6D
:10676000F3F403FB1422B3FBF7F301390130C9B290
:10677000C0B2D2B2DBB2DCE7A0F13003DBB2092B4E
:1067800002D800200B707047A0F16103052B02D8DE
:106790005738C3B2F5E7A0F14103052B01D83738CC
:1067A000F7E76FF015007047F7B5054601F00100F7
:1067B00000EB51069E424FEA510703D900263046AE
:1067C00003B0F0BD58B128780DF10701FFF7D4FFF1
:1067D0000028F3DB9DF80730013502F8013B013555
:1067E0001744BA42EBD015F8010C0DF10701FFF781
:1067F000C3FF0028E2DB9DF807402401E4B21470D7
:1068000015F8020BFFF7B8FF0028D7DB9DF807301B
:106810001C4402F8014BE4E7838B13F0070305D116
:106820000368002B0CBF002003207047022B05D10A
:10683000C08BB0FA80F0400980007047012B05D171
:106840000368002B0CBF0020052070470020704714
:1068500010B50C4600B111B96FF0150010BD081D40
:1068600000F02FF80028F9D1A368032BF6D9F3E73D
:106870002DE9F0410D4607461946281D90461E4653
:10688000E2F7C8F8044638B133464246294638464E
:10689000A446BDE8F0416047BDE8F08138B50C463C
:1068A000054658B151B10B6843B14B6833B1202252
:1068B000002105F0A7FA00202C6138BD6FF015000B
:1068C000FBE7034640B1426802F00302022A06D009
:1068D000032A04D0012A05D06FF0150070471A680A
:1068E000002AF9D0002098607047704770B4C668DD
:1068F00004680D0C06FB0544806A14FA81F1846873
:106900002468A44670BC60472DE9F04306468846DB
:1069100017461C46C36A89B01D686D4205F0200504
:106920001CB9204609B0BDE8F083AC42A14628BF9F
:10693000A9466A464B4641463046FFF7D7FF002836
:10694000F0D16B46484502D1241A8044E8E713F899
:10695000012BBA4201D10130F4E70120E2E70B68D4
:1069600003F580330B60008A1A0CB0EB134F04BFA1
:10697000A3EB02430B60704700F06CBC38B5C268F3
:1069800003680D0C090C044602FB0131806A2D04DA
:1069900000F044FE50B9E26A29462046E368527985
:1069A000FFF7B2FF002818BF6FF0050038BD0146A1
:1069B00010B507220446FF20EFF792FBE07110BDEF
:1069C0000368012B81BFC91801F1FF315B421940F7
:1069D000084670472DE9F0410C4605460821C06A7B
:1069E000FFF7EEFF072207462146FF206688B4F82E
:1069F0000480EFF775FBE379834208D1E8684644E9
:106A0000C01BB04294BF00200120BDE8F0810020EF
:106A1000FBE738B505460C46FFF7DCFFA0B1A088C0
:106A200098B94FF6FF7322889A420DD10821E86A7F
:106A3000FFF7C6FF6288EB689B1AB3FBF0F202FB1C
:106A40001030B0FA80F0400938BD0020FCE7F7B5FF
:106A500004460D46C06A0821FFF7B2FF0823074627
:106A600029682046FFF742FF0646002836D12B68EA
:106A70003B442B60E26899B2D21B91422ED11A0C92
:106A800009BF228AA3F5803102F1FF3203EB0241F4
:106A9000204608236A462960FFF728FFE8B9E36A21
:106AA0005A796B4613F8011B8A420CD10130082831
:106AB000F8D1636805E02B68BDF802201B0C1B04AD
:106AC00013442B600AE069462046FFF7A2FF002826
:106AD000F1D129462046E1F7C9FF0646304603B00A
:106AE000F0BD2DE9F043074690461C4689B01BB91E
:106AF000002009B0BDE8F083FD683B68080C05FB89
:106B0000003313FA81F6FB6A1D686D4225400CD0F4
:106B1000B86A83683146D3F804902B46C8470028EA
:106B2000E7D1641BE4D02E44A8442246414668467F
:106B300005F041F9FD6A0DEB04002A686979121B22
:106B400005F060F9B86A2B688268314654686A4675
:106B5000A047CEE710B50A46082341680446FFF770
:106B6000C0FF08210246E06AFFF72AFF63681B1A8C
:106B70006360104610BD4FF6FF7313B50022044644
:106B8000ADF800308DF8063083686846ADF8042013
:106B9000ADF80230FFF70BFF69462046FFF7DAFF3A
:106BA00002B010BD2DE9F04F082195B00446C06A2F
:106BB000FFF706FF0546636820461B0C1B0403A96C
:106BC0000393FFF7CCFEDDF80CB0E66806AA5E443E
:106BD000761B0823314620460496FFF787FE021EE7
:106BE000C0F2A980E36A06AA5979002312F8010BC2
:106BF000814240F08F800133082BF7D1A36862688F
:106C00002B449A427ED259462046FFF7B7FE0246F1
:106C100091E0BDF81A30360C36041E44049608AADA
:106C2000204604A9DDF810A0FFF711FF0246002856
:106C300040F08180204608A9FFF7CCFE18B9019BDF
:106C40009A45ECD1DAE7636805930AAA204605A9BC
:106C5000059EFFF7FCFE024600286CD1BDF82820F7
:106C6000BDF820309A4227D06268059B9A42ECD149
:106C70005645E4D1BDF82430002BE0D0BDF8227099
:106C80004FEA1A431B041F44A36808A8ADF822303A
:106C9000FFF78DFEE36ABDF824901E68764206F089
:106CA0002006B9F1000F0ED1204608A9FFF752FFC8
:106CB00002460028C3D03EE020460AA9FFF78AFE1C
:106CC0000028D1D0D4E74E45B04628BFC8460CAA0C
:106CD000434639462046FFF709FE024658BB434665
:106CE000A1680CAA2046FFF7FCFE41460246E06A76
:106CF000FFF766FEA3680344A360E2B9A9EB0809A5
:106D00004744CEE72046FFF736FF024600283FF40F
:106D10007AAF10E0731B204606A90193FFF779FEB6
:106D200000287FF476AF204604A9E1F79FFE0246D3
:106D300000283FF474AF104615B0BDE8F08F002373
:106D40001A46E2F7A7B813B500240094E2F778F9E1
:106D500002B010BD0A46012100F07CBA0369D3F8E5
:106D6000780370476FF085007047084608B51146F4
:106D700018B103F009FD002008BD6FF00100FBE72A
:106D8000084608B5114618B103F0F5FC002008BD0F
:106D90006FF00100FBE713B504460846216901F5D1
:106DA0005D71D1E8AF1F022909D15BB168B10093D1
:106DB0001346D0E90912F4F7E9F802B010BD6FF0FC
:106DC0000F00FAE76FF04C00F7E76FF00100F4E70F
:106DD0002DE9F8431C46DDE90853164698460F4650
:106DE000006939B34AB344B36A1C43F10003022A71
:106DF00073F1000324D2226842B1D0F878339A426A
:106E000004D96FF00B002360BDE8F88305EA080998
:106E100009F101035A425A412146384603F0BDFCAC
:106E200088B9B8F1FF3F08BFB5F1FF3FF0D06FF070
:106E30006800E9E76FF00100E6E76FF01500E3E7AF
:106E40006FF08500E0E730600020DDE703F00ABD69
:106E500038B50D46044600F148012846DAF75EF8D9
:106E600030B1284604F1C001DAF758F820B9012002
:106E7000782303FB004038BD0020FCE702F53071A9
:106E800002F5347003F0D5BFD0F8B030A0F5307003
:106E9000003B18BF012300EB8300D0F8AC0203F0E5
:106EA0000BBCC86828B1096983681B680BB1002254
:106EB00018477047F5F7A8B9D0E8EF3FC0E8E21FE0
:106EC000002AF9D1704710B5436804691B68C4F8FB
:106ED000703304F5EC7003F00EFF002104F55D70D3
:106EE000FFF7EAFF084610BD2DE9F74317460D46A8
:106EF00091B30B7883B3D0F8C440A4F5E27914348D
:106F00004FF0FF324FF0FF332046F5F7ADF82A4639
:106F1000484601A9E2F7E4F9019E80462EB92046D1
:106F200003B0BDE8F043FFF7C5BF58B12046FFF7F7
:106F3000C1FF3B462A463146484603B0BDE8F04310
:106F4000E2F7ACB91F22294606F1480004F084FF9D
:106F500086F86780B766E2E703B0BDE8F083030117
:106F600003EB4003093323F0030303EBC00348435F
:106F70000330083320F003001844400070472DE927
:106F8000F84306464FF001080569D0F8049005F56E
:106F90005D77D7E8EF3F022B03D1C7E8E28F002AE5
:106FA000F7D141D195F86C30002B40D195F8E43001
:106FB000002B3CD12846D5F8701300F054F8044655
:106FC00080BB73683669D3E9050183681B693BB3ED
:106FD00022469847044628BB414606F53470F6F72A
:106FE00095F8D6F8500305F5F876E4F757FA3046E9
:106FF000D9F8001000F072F8044698B90146D02282
:10700000304604F0FFFE21464FF4F672284604F0A5
:10701000F9FE21463846FFF74FFF2046BDE8F883CA
:107020006FF057040221F5E76FF07704F5E76FF092
:107030000F04F2E710B50846029B114652B993F8C7
:107040006C202AB90122184683F86C20E2F734FA42
:10705000002010BD1A6F9468002CF9D05A6FA04719
:10706000F6E703F0FFBB38B50D46044660B1F030DB
:1070700003F0B7FD0DB1002038BDC4F8C451C4F809
:10708000C851C4F8CC51F6E76FF01500F4E7026878
:10709000D2F8C83013B1D2F8C410184770477047FF
:1070A00083690BB9C36B19707047012070478369FE
:1070B000012B03D1C36B1878C0B27047042070470E
:1070C00038B5C41DE4002046F8F7EAFA054618B1C1
:1070D0002246002104F096FE284638BD38B5044605
:1070E0003822002104F08EFE1822002104F1A400B1
:1070F00004F088FE1822002104F18C0004F082FEC6
:10710000D4F8C000F3F7F4FED4F8BC00F3F7F0FEB7
:10711000D4F8803004F154050BB128469847382242
:107120000021284604F06EFEF3F746FE002038BD2D
:1071300003785B075FBF03684288C3F34A2303EB0E
:1071400012105DBF173020F0070080080020704744
:107150000020704702F012BE0346D3E8EF0F421C36
:10716000C3E8E12F0029F8D170470120E2F760BCA5
:10717000002070474368DA71012243681960436850
:107180005A71E2F747BC70B515460C4669B1D2E9B1
:1071900001369B1B99420AD813680A460146981982
:1071A00004F009FEAB682344AB60204670BD6FF06D
:1071B0001B00FBE770B50E4615461946044618B984
:1071C000BDE87040E2F734BC33B1C2F34A2310305B
:1071D000120D184404F0EFFDC4E900562046BDE846
:1071E0007040E2F79DBE2DE9F3415F1C4FEA87082E
:1071F000064608F1170020F0070080080C461546E7
:10720000E2F7C0FC00238DF80470ADF805308DF86E
:10721000073068B10346019AA8F1040143F8102F22
:107220002A46294452F8045B8A4243F8045FF9D1A4
:1072300000233146A20102F4E07242EA482222F021
:107240007F4222F4700222F03F0202B0BDE8F0411A
:10725000FFF7B0BF07B50123019201AAFFF7C3FFF3
:1072600003B05DF804FB07B5CDE9002302236A46AD
:10727000FFF7B9FF03B05DF804FB1FB5CDE90123AB
:10728000069B01AA03930323FFF7ADFF05B05DF84A
:1072900004FBF8B506460D4614461F4604B9F8BD72
:1072A000214628463A46B047241A0544F6E710B569
:1072B00042680446D2E9002381680068FFF7E9FFCD
:1072C000002263681A6010BD0A2838B504460D46CE
:1072D00002D10D20E2F706FF29462046E2F702FF21
:1072E000002038BD2DE9F043054687B008460E88DA
:1072F00091F800900C46D1F808801746E2F7C6FED8
:10730000011EC6F38216C9F3C2091EDB4846E2F726
:1073100019FE0346214651F8102B6088C2F34A2219
:10732000002A01EB020408BF00210022C0F30B1069
:10733000CDE90407CDE902142846414601960092A2
:10734000E2F7FCFE07B0BDE8F0830023E2E7436804
:1073500000201B685B689961704701212DE9F041AD
:1073600043681B685A6811771D682F68D5E9013694
:10737000D3E900481CB96B681C60BDE8F081214668
:1073800030464246B847241A0644F3E743681B6870
:107390001868E3F761B870B543680C461D686B6800
:1073A0009869E2F721FB214603460F222868BDE8D1
:1073B00070401847704770B54C680368A34201D20B
:1073C000012070BD8A682244934201D30020F8E76F
:1073D0004E69D1E90325B54203D36FF00B038B61EE
:1073E000F4E71B1B42F835304368086902EBC00222
:1073F00053600B6901330B61E2E737B50C46C0B24D
:1074000001A91546E3F7A0F800280CDB019850B15C
:1074100021462A46E3F7BEF804460198FFF7CAFF63
:10742000204603B030BD6FF01504F9E70020E3F704
:10743000FDB800221146E3F7C7B8034610B5084669
:107440000AB10021116053B1D0B1411E11F8010FF2
:1074500080B113F8014BA04201D13D28F6D10020A4
:107460000EE0013313600AE03D2808D0B0FA80F046
:10747000400905E018782F28F6D1002AF1D1012023
:1074800010BD10B509B100230B6058B103461A783E
:107490001C4601332AB13D2A03D02F2AF7D101B16E
:1074A0000B60201A10BD0830704710B51346144603
:1074B0000A4681880068FFF746FCA042A8BF204624
:1074C00010BD2DE9F04F97B004469A4689460192C7
:1074D00000297CD0DAB1BAFA8AF67609258F04F150
:1074E000080B0135ADB2A8466F1EBFB2B7F5004F0D
:1074F00026D04A233946584603AAFFF724FC002821
:1075000007DA10F1020F08BFB8463D46ECE7012646
:10751000E4E700F158030DEB0300002303A900F892
:107520004C3C4846D9F7FAFC0028EED126B3394640
:107530005846FFF704FC002805DA17B0BDE8F08FC5
:10754000BEB30020F9E705F57F513F31584689B2B7
:10755000FFF7F5FB0028F0DB238FBB42F1D1224679
:10756000013B22F8383F4FF4004102235846E1F72F
:1075700091FC00EAE070E0E7B846B8F5404F29D04A
:10758000238F04F10805434515D308F58041534680
:107590002846019A89B2E1F77DFC0028CDDB002E58
:1075A000CFD04846D9F7CCFC4A4603464146284648
:1075B000DDE70126E1E7224602234FF40041284699
:1075C00022F8388FE1F766FC0028DEDAB5E76FF0C5
:1075D0001500B2E76FF00B00AFE773B5C36B04465D
:1075E0000363C3B100F108063046E1F79DFA054692
:1075F00070B902234FF4004130460DF10602FFF747
:10760000A2FB0028B4BF4FF40043BDF80630238727
:10761000284602B070BD6FF01205F9E72DE9F04180
:1076200087680446FB680D4616469847BB682BB131
:10763000324629462046BDE8F04118476FF0570012
:10764000BDE8F081FEE704F0DDBB04F0B4BB014609
:107650000068E3F7ABBB08B5E3F704FCBDE80840FE
:10766000E3F724BC0A460121FFF7F4BD0021012005
:10767000E3F79CBB436E83F30B8870476FF0850084
:10768000704761B662B680F31188BFF36F8F7047A1
:1076900008B572B6002383F31188BFF36F8FE4F748
:1076A000DFFE50B1BFF34F8F30BF00BF00BF00BF40
:1076B00000BF00BF00BF00BF00BF62B6BFF36F8F47
:1076C00008BD10B5044672B6002383F31188BFF3DA
:1076D0006F8FE4F7C5FE50B1BFF34F8F20BF00BFDF
:1076E00000BF00BF00BF00BF00BF00BF00BF84F3EA
:1076F0001188BFF36F8F62B610BD40E800F313F43A
:10770000803FD8B208BF6FF01500704730B50C68E5
:107710004B6885B00A894D890094013B24F01F0411
:10772000234402F01F0242EA451223F01F03694678
:107730008DF808200393E4F723F805B030BD08B5B1
:10774000D1E904319847002008BD08B5E4F7A6FA4E
:10775000002008BD7047C16A8968E4F76FBB036801
:107760000B6043684B6083688B60704710B50C46B4
:107770000121E4F7EDFD047010BD10B5036801218F
:107780001C78E4F705FE204610BD10B50368022101
:107790001C88E4F7FDFD204610BD02688068101AC1
:1077A00070478388C2888168D21A03685B1AD01A2E
:1077B000704738B50D4614461146E4F725FE2246BB
:1077C0002946BDE8384004F0F6BA10B50C46012150
:1077D000E4F71AFE047010BD4FF05023012270B57B
:1077E0000C460546C3F814260020E4F7E3FE2846BD
:1077F0002346BDE8704000211847012208B5E4F790
:107800009FFF002818BF6FF0040008BD30B5054683
:10781000B1F8032087B04B79ADF808200C460D2253
:1078200000210DF10B008DF80A3004F0EBFA02AAEA
:1078300011462846E7F7ECFD10B1002007B030BD37
:10784000029B0322ADF8043020461B0C01A98DF8E1
:10785000063004F0DFFAB0FA80F04009EEE770B5C8
:107860000D4600210446FFF70CFE0D2818D1237B9E
:10787000302B13D0312B13D1012305F8063B04F133
:107880000C062A462046012302210234FEF78CFF13
:10789000B44205F1FF35F4D1002070BD0023ECE7C0
:1078A0006FF01500F9E70020704710B50C4601781D
:1078B00022788AB08A420FD06946E5F7A5F92046BA
:1078C00005A9E5F7A1F910220DF115010DF101004F
:1078D00004F0A0FA0AB010BD012A06D0022A07D08F
:1078E00072B940886388C01AF4E740686368FAE7B1
:1078F0001022611C01300AB0BDE8104004F08ABAC1
:107900006FF01500E6E7042A0AD0102A0DD0022AEB
:107910004FF0000315D103700B884380012070479E
:10792000012303700B684360F8E7022300F8013B72
:1079300001F1100351F8042B994240F8042BF9D1BE
:10794000ECE718467047012310B50621044600F8FD
:10795000013BE7F74BFD18B9A37963F03F03A3712F
:1079600010BD0B6803608B8883808B7983710378EB
:1079700023F00203037070470078C0F340007047A3
:1079800038B50446807AE4F715FA6169054649B1CD
:10799000637ADB0704D4C36A20461B689B68984758
:1079A0000023636121462846BDE8384003F0CEB984
:1079B00008B5E6F7BFF9BDE808400820E5F760B96B
:1079C00008B5FFF7DDFFBDE808400220E5F758B92C
:1079D000438A23B9C068B0FA80F04009704700209C
:1079E0007047D0F8A43083B15A7CD1070DD5D206A8
:1079F0000DD51B7C102B14BF032304234372807A04
:107A000098428CBF0020012070470223F6E7032331
:107A1000F4E70F2807D80D280BD8052808BF032046
:107A200018BF02207047132803D01A2808BF01206E
:107A3000F6E701207047FFF70DBC034610B5D3E809
:107A4000EF0F40EA0102C3E8E42F002CF7D110BD8C
:107A5000FFF709BC0023E2F783BAD0E8EF3F0B4001
:107A6000C0E8E23F002AF8D1704710B5E7F75AFAAC
:107A700004466FF480711030FFF7EFFF2046BDE839
:107A8000104000F0F6B9C368DB78012B01D1FFF795
:107A9000ECBF7047C0F30723537000231070000E33
:107AA000D070C1F30720090E937013715071937158
:107AB000D1717047C368DB78012B01D1FFF7D5BFC7
:107AC000704738B504460D46E5F72EFB5F3005D10B
:107AD00029462046BDE83840E5F7D8BA38BD012030
:107AE000704710B503884288934219D8052B17D9DF
:107AF000B2F5486F14D88388B3F5FA7F10D240F6F8
:107B00007644C088A0F10A0189B2A14208D80133A5
:107B10009BB25343B3EB800F34BF0120002010BD54
:107B20000020FCE70020704708B5EDF7C5FF18B14D
:107B3000408A003818BF012008BD70B506460D46C2
:107B40004FF0FF304FF0FF31E5F7C8FE044668B153
:107B500003210C30E4F758FC068085702146BDE80F
:107B60007040002240F20640E6F752B96FF068001C
:107B700070BDC368187808B1E5F7B4BD1846E6F7DC
:107B80002DBA38B54FF0FF3105464FF0FF30E5F71D
:107B9000A5FE044668B102210C30E4F735FC2B88C1
:107BA000214603800022BDE8384042F21600E6F785
:107BB0002FB96FF0680038BDF8B507460E464FF094
:107BC000FF304FF0FF311546E5F788FE044678B1E7
:107BD00006210C30E4F718FC3B8846800380858042
:107BE0002146BDE8F840002242F22200E6F710B933
:107BF0006FF06800F8BD70B506460D464FF0FF30D7
:107C00004FF0FF31E5F76AFE044618B9BDE8704051
:107C1000E5F732BA03210C30E4F7F6FB06808570F5
:107C20002146BDE8704042F22100E6F735B8072250
:107C300008B504F0EFF8B0FA80F0400908BDFFF78E
:107C400009BB0B6803608B8883808B7983717047D5
:107C5000D0E8AF0F7047F8B50F46144638BB4FF069
:107C6000FF304FF0FF31E5F739FE054610B327210D
:107C70000C30E4F7C9FB224606463946FFF7E1FF20
:107C8000C31D04F1100152F8040B8A4243F8040B9F
:107C9000F9D11022002106F1170004F0B3F82946AB
:107CA000BDE8F840002242F22700E6F7B1B86FF0D5
:107CB0001500F8BD6FF06800FBE7037A02465B072A
:107CC00005D501462E3211F8010BFFF7C4BF7047EE
:107CD00038B54FF0FF3105464FF0FF30E5F7FEFDB8
:107CE000044658B129460C30FFF76FFD2146BDE828
:107CF0003840002242F22D00E6F78AB86FF06800A3
:107D000038BD10B400F11003D3E8EF2F22F4005176
:107D1000C3E8E41F002CF7D1930403D5012110BC64
:107D200000F0A5B810BC704770B5044686B00E468A
:107D300001300131FFF77BFF2E341622002105466A
:107D4000684604F05FF810226946204604F062F8A5
:107D500040B11022204606F12E0104F05BF8002805
:107D600008BF0125284606B070BD00F1100208B515
:107D700003461046FFF76CFFC1050DD5D2E8EF0FA3
:107D800040F40050C2E8E10F0029F7D11846BDE8E1
:107D90000840002100F06BB808BD10B50C4630B9A2
:107DA00019B1EDF735FE00B1441C204610BD00248A
:107DB000FBE718B111B10846E6F77EBC6FF015007D
:107DC000704713B5044680B106216846E7F70EFBFD
:107DD00048B99DF80530694603F03F0320468DF809
:107DE0000530FFF7E6FF02B010BD6FF01500FAE7AF
:107DF000003818BF01207047037AD90704D523F053
:107E000001030372E6F7BCBD990704D523F0020312
:107E10000372E6F7CFBD704700207047D0E8AF0F80
:107E2000704770B506460D464FF0FF304FF0FF31FA
:107E300086B0E5F753FD0446B0B10C3095B1012191
:107E4000FFF7C3FC204606F1100203A908230095A2
:107E5000E5F732FD0022214642F20A00E5F7D8FF9D
:107E600006B070BD2946EBE76FF06800F8E7FFF752
:107E7000D8BF1830F5F716BB0368D90444BF43F4E4
:107E80008063036003689A0444BF43F400630360A3
:107E900070470368D90444BF43F4806303600368F8
:107EA0009A0444BF43F400630360704700230B60EF
:107EB000436813B9C0E90011704719604160704709
:107EC000D0F8B400003818BF01207047FFF7CBB9D5
:107ED000034610B5D3E8EF0F40EA0102C3E8E42FF0
:107EE000002CF7D110BD437B072B01D1E7F7E8BD8C
:107EF00070472438E7F77ABE002203680BB91846AA
:107F000070478B4210D10B6842B9426803609142BE
:107F100000D14360002301200B6070471360436869
:107F2000994208BF4260F5E71A461B68E6E710B5BC
:107F30000446006918B1E4F725F90023236110BD58
:107F400010B50446D0F8A40028B9207A04F17001D5
:107F5000EDF7B2FD38B1E278438A2AB913F0210F68
:107F600014BF0120002010BD13F0240FF8E738B52E
:107F700083780446012B25D1437B072B25D10B06A3
:107F800001F07F050BD54FF400410430FFF7A0FF4F
:107F90002046A572ECF740FF88B9002038BD437A2F
:107FA000AB42FAD2837AAB42F7D2031DD3E8EF1F7C
:107FB00021F40041C3E8E21F002AE9D0F6E7637A22
:107FC000A372EBE76FF01500E8E76FF07F00E5E7DD
:107FD0008378012B0CBF407A0020704738B5037AB4
:107FE00004468B42154615D100F170010722284640
:107FF00003F010FF80B1E378072243B904F17E015A
:10800000284603F007FFB0FA80F0400938BD04F1BC
:108010007701F5E70020F9E70120F7E78378012BE6
:108020000CBF703000207047F8B507460D464FF082
:10803000FF304FF0FF31E5F751FC0646D0B10E217D
:108040000C30E4F7E1F904460E22002103F0DAFED9
:108050003B88314623802B88002263806B8842F264
:108060001300A380AB88E380EB882381BDE8F84050
:10807000E5F7CEBE6FF06800F8BD8378012B01D123
:1080800001F058B96FF0150070478378012B01D1CA
:10809000EDF7BAB86FF015007047704710B5044699
:1080A000F6F7BAF8234653F84C2BD2F8B41061B95E
:1080B000E164D2F8B81061B9C2E92D33F6F71EF9C0
:1080C0002068BDE81040E7F74DBF8B42F6D0096845
:1080D000EDE70B60C2F8B830F0E770472DE9F843E0
:1080E000446B002C55D054F8085905B1083D0027C1
:1080F00001E02C461D46D4E900682EB3F6F78CF853
:108100000022D6F8B43004F14C0163B1994232D167
:10811000E36C42BBD6F8B820C6F8B430914201D126
:10812000C6F8B830E764F6F7E9F804F13009002240
:1081300000234846F4F720FA0646F8B9D8F8043088
:108140000BB1204698472760E3680BB1204698475B
:10815000D8F820300BB120469847D5B1AB68002B3A
:10816000C7D0083BC5E71360D6F8B830994208BFBE
:10817000C6F8B820D6E71A461B68C6E7B36923B12C
:108180006FF06D02F169206898473046E3F7FAFF17
:10819000CDE7BDE8F88338B5436B0D46BBB1184653
:1081A00050F8084904B1083C53F8043C9B680BB1F3
:1081B000294698475CB12046A468436824B19B686F
:1081C000083C002BF4D1F6E79B68002BF0D138BDBA
:1081D000F8B50F4600210546164600234FF48032BD
:1081E0000846E8F713FE044620B92846BDE8F840E3
:1081F000E8F7D8BD04210C30E4F706F905704770A4
:1082000046802046F8BD406B28B1838B08388B42EE
:1082100001D08068F8E7704710B54AB989B2FFF716
:10822000F2FF28B143689B6913B1BDE810401847BD
:1082300010BD38B50D460521FFF7E5FF002329469F
:108240001A46E8F71BFE044610B12846E3F79AFFEA
:10825000204638BD406B28B1838908388B4201D055
:108260008068F8E7704770470346006828B159688E
:10827000026888421A6008BF5A60704703460020AF
:1082800003B970471A8A5B681044F9E710B5D468DF
:108290000231237813B92170012010BD8B42FBD02D
:1082A000038A023B038200201061F6E7FEF7D2BF8B
:1082B00073B51446014605464FF49572206800F0E8
:1082C000EAFD207530B92946206800F092FE20B9F9
:1082D00008232375002002B070BD237AB3B1A3F147
:1082E0001802534253419B000193638A294600932D
:1082F000AE68238AE2682068B047002808DB238A3A
:1083000098420CD1002301202375E4E70223EBE718
:1083100010F1FF0F03D34042C0B22075DAE70E2000
:10832000FBE71FB5CDE9012300231A460093EBF7C5
:10833000E3F805B05DF804FBF8B5936805460F4611
:108340001446166863B9506801210C30E4F75CF8F4
:10835000A0602B681B78002B14BF0223012303703D
:10836000A3681B78012B03D0022B1FD000201CE038
:108370002B681B78002BF9D1606804210C30E4F7DE
:1083800043F8E06007802A68E36852885A80616891
:10839000728D738B088A9A4294BFC0EB0200C0EBC7
:1083A0000300042894BF00200120F8BD2B681B782F
:1083B000022BDBD1606812210C30E4F725F8E06075
:1083C00007802B68E268591C0232113351F8040B04
:1083D000994242F8040BF9D16168728D738B088A57
:1083E0009A4294BFC0EB0200C0EB03001228D9E709
:1083F00070B40568AA6A52B3136803B1B03BA2F126
:10840000B0040022114600E0B03B844207D0668DE4
:10841000648BB14238BF3146A24238BF22461C4667
:108420002BB1D3F8B030002BEED18442EFD1438D85
:10843000408B8B4201D890420BD9824238BF024612
:108440009942286838BF194670BCEBF7EFBE114659
:10845000EDE770BC7047D0680431037813B9017040
:10846000012070478B42FBD0002091680B8A043BAF
:108470000B82106170472DE9F04104468868FFF7D0
:10848000FDFE638D628B0D46934228BF13468342E7
:108490001DD30027E165D1F808808F60F5F7BCFE99
:1084A00041462046E9F700F8064638B1C5F808808D
:1084B000E765F5F723FF3046BDE8F081618D638BFA
:1084C0002846994228BF194600F090FDF1E76FF069
:1084D0007906F0E738B504460D46E8F7E5FF30B118
:1084E000294604F16000BDE8384002F024BC38BDE4
:1084F00070B504460E46002200230846F4F73CF807
:10850000054658B101462046E8F7CEFF044618B1AB
:108510002946304602F01AFC204670BD6FF0010477
:10852000FAE72DE9F04F044685B01046904699468B
:10853000FFF7A4FE638B628D8B46934228BF1346E0
:10854000834240F29380636840460393E3F774FEEE
:108550004FF0000A06464046FFF790FE628B638D9F
:1085600006F10C079A4294BFC0EB0205C0EB03056D
:108570003846FFF716F9854217D24046FFF77EFED0
:10858000628B638D9A4294BFC0EB0205C0EB03057A
:108590008DBB98F80A00E3F70DFC00220023FFF7DB
:1085A000DAF8064630B9574636E03846FFF7F9F8AC
:1085B0000546EDE701464046E3F784FE4046FFF7F7
:1085C0005DFE628D638B06F10C079A4294BFC0EB8F
:1085D0000205C0EB03053846FFF7E3F885421FD2DA
:1085E0004046FFF74BFE628D638B9A4294BFC0EB0F
:1085F0000205C0EB0305F168328ACDF80090DBF884
:1086000004700A4403985946ABB2B847071E0CDA07
:10861000BAF1000F18BF5746384605B0BDE8F08FD5
:108620003846FFF7BEF80546E5E70E9BB3B9394675
:1086300006F10C00E3F7E8FE4046FFF71FFE638DEE
:10864000628BB944934228BF13468342BA441FFA4F
:1086500089F9A8D9AF423FF47EAFA4E73946304646
:108660000F9A0E9B98470028E1D19CE70027D3E79B
:108670000022036803B970478B420FD10B683AB9E7
:1086800042680360914200D1436000230B60704751
:1086900013604368994208BF4260F6E71A461B68B8
:1086A000E8E7D0E8EF3F43F00802C0E8E12F0029F7
:1086B000F7D1C3F3C00070472DE9F041064690465C
:1086C0001F460D46B9B104220121E9F71DF8044601
:1086D00018B9BDE8F041E8F759BF04210C30E3F7C1
:1086E00093FE0570A0F80180C77021463046BDE8B2
:1086F000F041FFF7EFBEBDE8F08137B50C46054607
:1087000001F10C00FFF741F8228A03460192E2686A
:108710001221009228461322E9F742F803B030BD37
:1087200037B50C46054601F10C00FFF72EF8228AFA
:1087300003460192E2682846009200221146E9F7BA
:108740002FF803B030BD00232DE9F341176814461C
:10875000D7F804800146137306469522404600F080
:108760009AFB0546207330B93146404600F03FFC85
:1087700028B908232373002002B0BDE8F081CDE9B9
:10878000005531463846A388A268FFF7CAFE002884
:1087900007DA10F1FF0F32BF0E204042C0B2207343
:1087A000E9E70120E8E700232DE9F34117681446C3
:1087B000D7F804800146137306469522404600F020
:1087C0006AFB0546207330B93146404600F00FFC85
:1087D00028B908232373002002B0BDE8F081A06807
:1087E000798D7A8B038A914294BFC3EB0103C3EB6B
:1087F0000203012BEFDD02210C30E3F705FECDE98A
:1088000000558046A38831463846A268FFF789FEA6
:10881000031E06DA13F1FF0F2ABF5B420E23DBB201
:10882000D8E70120A8F80030D6E707B5CA680C21C0
:108830001388528800920D22E9F7CAFA03B05DF856
:1088400004FB07B50022CB680A211B8800920B228B
:10885000E9F7BEFA03B05DF804FBF8B5CB6805464E
:108860001F88BBB2162B19D90321E9F773F9064605
:10887000B0B102210C30E3F7C7FD00246FF008030C
:108880003146037044702846FFF724FEF72328463C
:108890006B836F85FFF7ACFD2046F8BD0420FCE735
:1088A0000E20FAE7F8B5054650F8044C071F00F112
:1088B0005403D3E8EF1F21F00401C3E8E21F002AAC
:1088C000F7D1FCB1AB6D83B9636873B1201DFFF7BD
:1088D000CBFC064601463846FFF7CDFD90B16368F4
:1088E0003360A368666003B9A660384605F15C0191
:1088F000FFF7FEFD30B1384604F10C01BDE8F84049
:10890000FFF7F6BDF8BD2DE9F041846A074634B3A0
:1089100054F8B06906B1B03E002307F104081D46C3
:1089200001E034461646E26D92B905B983B9404676
:10893000FFF79AFC054650B101462046FFF79BFD24
:1089400068B17B682B60BB687D6003B9BD6023465E
:108950002EB1D6F8B020002AE3D0B03AE1E7BDE866
:10896000F08138B50546D1E8AF3FDB0716D550F8A2
:10897000040C98B1AB6D8BB90430FFF775FC04465D
:1089800060B10146281FFFF776FD38B155F8043C69
:108990005A6822609A685C6002B99C6038BDEAF748
:1089A000F9BC0A8A0023C968E9F7A8BD012070470D
:1089B00008B5E9F701FC78B1836A6BB1B03B03F10C
:1089C0005802D2E8EF0F20F00800C2E8E10F0029BA
:1089D000F7D1D3F8B030F0E708BD08B50421FFF7B0
:1089E00039FC20B15430D0E8AF0FC0F3C00008BD4F
:1089F00070B51C460E461546E8F730FD0123C0E968
:108A00000365C380047570BD10600020704710B509
:108A1000029CA36833B1B1F5807F28BF0E21CAB292
:108A200021469847A37DE268013BDBB2A37522B1E2
:108A30001BB92046BDE81040104710BD1060918062
:108A40000020704700207047FEF70DBCF0B50768A6
:108A500006463D78144689B0E5B97B88B3F5245FB6
:108A600004D011D8A3F52053032B13D8ADF80A1066
:108A7000022220460DF10A01E9F704FF70B16FF000
:108A80001502C4F85C2106E003F55643FF339BB2A0
:108A9000042B1DD90125284609B0F0BD7B88022290
:108AA00020460DF10A01ADF80A30E9F7EBFE002887
:108AB000E5D1009003AA132331467768B847021E18
:108AC000DFDB03A92046E9F7DDFE0028E2D0D6E788
:108AD000ADF80A10022220460DF10A01E9F7D2FE94
:108AE0000028CCD17B880222ADF80A300DF10A01B2
:108AF000E8E7072208B503F08DF9B0FA80F04009E5
:108B000008BD10B503780446934207D10130FFF742
:108B1000F0FF002814BF2046002010BD0020FCE715
:108B2000034610B5D3E8EF0F40EA0102C3E8E42F93
:108B3000002CF7D110BD034610B5D3E8EF0F00EAC3
:108B40000102C3E8E42F002CF7D110BD0B680360CD
:108B50008B8883808B7983717047D0E8AF0F704723
:108B6000FEF778BB70B50D46064611F8010BE7F726
:108B70005BFF044610B12C89E7F79AF96B89A34291
:108B800007D0EB686C8123B121463046BDE87040C8
:108B9000184770BD38B5BDF810401546A2420CD834
:108BA0004CB16BB1A21A8A42A8BF0A4694B22246BF
:108BB000591903F000F9204638BD6FF00600FBE7B5
:108BC0006FF00D00F8E730B585B0C96814461D4652
:108BD000E9F76EFF00B100890223ADF80E000093A3
:108BE00029462046BDF820200DF10E03FFF7D2FFE5
:108BF00005B030BD1FB50C461946E36810461C7819
:108C0000BDF818203CB110240133069404B0BDE82F
:108C10001040FFF7BFBF5B88ADF80E300223009312
:108C20000DF10E03FFF7B6FF04B010BD30B51D46C1
:108C3000002385B014468DF80C30E9F70BFF10B116
:108C4000037A8DF80C300123294600932046BDF8A5
:108C5000202003ABFFF79EFF05B030BD2DE9F041AA
:108C600014461D46BDF81870E4F7EEFF0646D8F727
:108C700067F980B2069033463A4629462046BDE859
:108C8000F041FFF787BF30B585B014461D46FEF7AB
:108C900049FF0223ADF80E00009329462046BDF897
:108CA00020200DF10E03FFF775FF05B030BD022A3D
:108CB00010B508D1002300F170011A46007AE9F7D7
:108CC00079FF022010BDEAF779F8FAE708B50C3011
:108CD00029B10121FFF724FFC043084008BD6FF010
:108CE0000101FFF728FF00F00100F7E710B5044687
:108CF000FFF7ECFF38B12146BDE81040012211F822
:108D0000010BE9F7E9BE10BD38B504461546FFF77B
:108D10004DFE48B12046E9F79DFE28B1037ADB07F6
:108D200002D50121FFF7E2FF55B9207A04F1700165
:108D3000E9F714FE20B18560BDE83840E9F722BFAD
:108D400038BD13B5044610B9002002B010BD002391
:108D50008DF8043042F60303006801A9ADF806302F
:108D6000FEF7A3FD0028EFD1E36898880028ECD136
:108D70002046EAF779FB013080B2E6E770B5CC68AF
:108D80001E46A37988B008468DF80C301546FFF7CB
:108D9000D8FFADF80D00246823786BB96388ADF86F
:108DA0000F300523009331462846BDF8302003AB31
:108DB000FFF7F0FE08B070BD631C0DF10F02113417
:108DC00053F8041BA34242F8041BF9D11323E9E72B
:108DD0001FB5CDE9012300231A460093EAF78CFB67
:108DE00005B05DF804FBEAF79DBC38B5044659B1FF
:108DF00000F170052946007AEAF762FD2946207ADB
:108E0000BDE83840EAF774BA38BDF8B506460F46F3
:108E1000E9F782FD394604463046FEF785FE48B341
:108E200044B304F108056FF001012846FFF783FE03
:108E3000C20703D539463046EAF742FD6FF002011A
:108E40002846FFF778FE830703D539463046EAF710
:108E50004FFA2846FFF781FE60B9234603F8010B5D
:108E6000C4F80100C3F80300D5E8EF3FC5E8E20FFE
:108E7000002AF9D1F8BD10B50446A0F1170110F889
:108E8000180CFFF7C2FF14F80C0CA4F10B01BDE89D
:108E90001040FFF7BABF38B54C8AD3070546C4F374
:108EA0000E0404D514F0950F2AD04B6843B39007F5
:108EB00004D514F4957F25D08B681BB3144014F4AB
:108EC000DE7F0DD0EB7A2BB92846FFF739F8D8B9F9
:108ED000052038BD14F0300F04D114F4C07F07D141
:108EE0000020F6E72846FFF773F80228F5D8EFE7E9
:108EF000D5F8A430002BEBD05B7CDB06E8D5EFE7A0
:108F00000220E6E70320E4E70F20E2E7F8B5144685
:108F10000F46942261680646FFF7BDFF20BB012281
:108F200030466168EAF736FD08B3A2891B21304656
:108F30000232E9F775FA0546E0B1A1890C30023139
:108F4000E3F762FA20F8027BA289A16802F033FFFE
:108F5000D4E9041228460123FFF74AFD294630468A
:108F6000BDE8F840E9F702BC4FF0FF30F8BD6FF004
:108F70001500FBE76FF00B00F8E72DE9F04105461F
:108F80008846E9F767FD0446E0B1037ADB0719D5A7
:108F900000F10C073846FFF7E0FD10F0010611D193
:108FA000B8F1000F0FD06FF002013846FFF7C3FD94
:108FB00010F0020F284609D0FFF7FAFC01212046E5
:108FC000FFF794FE01263046BDE8F081FFF7EEFC86
:108FD0000028F8D02846FFF700FD0028F3D06FF0F6
:108FE00002013846FFF7A7FD2846E5E77047012054
:108FF00070470120704707207047FEF72BB9D0E873
:10900000AF0F084100F00100704738B50A4603462B
:1090100009B9012038BD488A10F0240FF9D0197D14
:109020005D7B147CA94228BF29468C4201D90020CF
:10903000F0E7840608D4507C197AC0070BD4187A5C
:10904000003818BF0120E5E70521181DFFF7D7FFFD
:109050000028F0D1EBE70029E9D00521181DFFF722
:10906000CEFF18B9197A01390129E0D9527CD2070B
:10907000CFD4E4E701238B40DB43D0E8EF2F1A4045
:10908000C0E8E12F0029F8D17047FEF7ECB808B529
:109090000621FFF7DFF818B9BDE80840EBF784B9FF
:1090A000EC3808BD0720704701238B40D0E8EF2F34
:1090B0001A43C0E8E12F0029F8D1704708B50E2106
:1090C000FFF7F2FF002008BD70B5051D0E462846CB
:1090D0000421FFF794FF68B1002200210023084615
:1090E000E7F794FE044640B904212846FFF7DCFF69
:1090F000204670BD4FF47022EFE701210C30E3F7FA
:1091000083F90670F4E738B504210446FFF7DCFF65
:10911000054698B110210C30E3F776F904F12703E6
:1091200004F1370253F8041B934240F8041BF9D1B1
:1091300020462946EBF74EF9002038BD0820FCE711
:1091400070B5D0F8EC300446DB78012B19D1CD682E
:10915000061D10213046FFF78DFF2B4604F1B702A4
:1091600005F1100153F8040B8B4242F8040BF9D1BE
:1091700007213046FFF743FF28B109213046FFF7AA
:1091800093FF002070BD0A213046FFF738FF00280A
:10919000F3D12046BDE87040EBF736BA07207047A0
:1091A0000720704707207047012303FA01F1CA43E3
:1091B00030B5D0E8EF3F03EA0204C0E8E54F002DE8
:1091C000F7D1194214BF0120002030BD38B5044644
:1091D0000025031DD3E8EF2FC3E8E15F0029F9D193
:1091E00004F5A070F4F75EF92572D4E8EF3FC4E807
:1091F000E25F002AF9D12046BDE838400121FFF79F
:1092000053BF70B500F1700605460C460722304684
:10921000096802F0FFFDB8B963681A682A679A887E
:10922000A5F874209B7985F87630D5F8A4305BB129
:10923000A268934208D062681168C3F8011091884F
:10924000A3F805109279DA7170BD2DE9F84FDDF8B9
:109250002C80044692461F46BDF82890FFF717FF62
:10926000054600285AD0061DB9F1000F27D15AEA49
:10927000070324D103213046FFF7C1FED0B30121FB
:109280003046FFF7BCFEA8B32C7D6B7B05F1470190
:109290009C4228BF1C462246404602F08CFD0F2C03
:1092A00006D80021C4F1100208EB040002F0AAFD68
:1092B00030460121FFF7F8FE0120BDE8F88FD4F811
:1092C000A430F3B904F1700B5A462020217AECF750
:1092D00073FBC4F8A40030B95A460120217AECF798
:1092E0006BFBC4F8A400B9F1000F0AD15AEA0707D2
:1092F00004D006E0D4F8A430002BE3D0D4F8A410B6
:1093000071B90F213046FFF77AFE20B10222062103
:109310002046E7F71DFB2846FFF758FF0020CCE763
:109320004B8A9B06EDD50C7C1E312246B4E76FF0CC
:109330008500704738B5FFF7AAFE044610B96FF0F4
:10934000150038BD051D0A212846FFF72DFF00280E
:10935000F5D007212846FFF752FE28B109212846FB
:10936000FFF7A2FE0020ECE710212846FFF747FE9A
:1093700009210028F3D12846FFF741FE0028F1D04B
:109380002046EBF741F901460028EBD02046EBF7E9
:109390009DFEE7E770B504460820EAF7BBFF0546E7
:1093A000E0B1061D08213046FFF764FEBCB307217B
:1093B000FFF760FE234605F1970204F1200153F800
:1093C000040B8B4242F8040BF9D10A213046FFF717
:1093D00016FE70B109213046FFF766FE0720EAF756
:1093E00099FF0446E8B1EBF717F80146C8B12046EB
:1093F00012E010213046FFF702FE09210028EAD1D1
:109400003046FFF7FCFD0028E8D02846EBF7FCF8D3
:1094100001460028E2D02846EBF758FEDEE70B2194
:10942000F9E770BD70B50446A0F1EC0650F8543B66
:10943000E83CD3F8A450F4F735F803212046FFF7B1
:10944000DEFDA0B108213046EBF7AAFD3DB16B8AE5
:1094500013B16B7C9B0702D52846ECF78FFB304697
:10946000BDE870404FF4BC72002102F0CBBC01217A
:109470002046FFF7C4FD0028E4D10F212046FFF766
:10948000BEFD0028DED1E1E710B5431E00F1100259
:10949000073013F8011F12F8014D83421C70117040
:1094A000F7D110BDF0B50E4614461D4697B00146E3
:1094B000202205A81C9FECF709FD202231460DA8AB
:1094C000ECF704FD2146102201A88DF85450ECF76A
:1094D000FDFC3B46412205A901A8ECF7B9FD044675
:1094E00010B93846FFF7D0FF204617B0F0BD2DE980
:1094F000F04316461D4697B00446DDE91F9810223A
:1095000005A8219FECF7E2FC1022314609A8ECF7F0
:10951000DDFC102229460DA8ECF7D8FC03221E9989
:1095200011A8ECF7D3FC494611F8013BD9F801002A
:109530008DF847308B880622129012A8ADF84C3077
:10954000ECF7C4FC414611F8013B06228DF84E3081
:10955000D8F801300DF14F00CDF84F308B88ADF8C1
:109560005330ECF7B3FC2146102201A8ECF7AEFC17
:109570003B46412205A901A8ECF76AFD044610B953
:109580003846FFF781FF204617B0BDE8F083006939
:109590002830F3F77DB813460A460121FDF763BE74
:1095A00008B50020E3F78AF8002008BDF8B5069F4B
:1095B0000469C9B2EFF31186202585F31288BFF341
:1095C0006F8F0C2569430C44D4F8885005F0070CC4
:1095D000BCF1010F0CD1C4F8887086F31188BFF379
:1095E0006F8FC4E9202343685B5898470020F8BD7B
:1095F00005F0C005AF4286F31188BFF36F8F0CBF33
:109600006FF077004FF0FF30F1E713B5802400943E
:10961000FFF7CCFF02B010BD0069CBB200EB4310E6
:10962000002110470320EFF7D5BD0220EFF7D2BD90
:109630000320EFF709BE0220EFF706BE1046F3F74E
:1096400027B8EFF7F7BFEFF7A1BF8022ECF76CBFA9
:10965000002208B511461046F7F764FF002818BF2E
:109660006FF0150008BDF7B51C460023164682684A
:109670002360A3600D465369694601AA9847019B80
:109680005A1E01921BB96FF0150003B0F0BD00988F
:10969000A26847682168676085B9B31AD0F800C02E
:1096A000634528BF634603FB07111A442160A2608B
:1096B00002689A4206D808300090E0E76B1AB3FBC4
:1096C000F7F3EBE70020E0E713460022FFF7CBBFFC
:1096D0002DE9F0470024836886B0884691465B698F
:1096E00002AA01A99847A2462546029BAB4202D88E
:1096F00006B0BDE8F0870026019F07EBC5077B6831
:1097000004933A680AEB0603B24202D89A4601353E
:10971000EBE749460394059303A8C0470028E7D028
:10972000049B01361C44ECE74FF05021022310B596
:10973000C1F8B8350469EDF73FF928B194F838302D
:1097400003F00303C1F8583510BD4FF400020023A5
:109750000020C1E90023704718B901F11800F2F7A1
:1097600097BF704731B94FF0FF324FF0FF331830D9
:10977000F3F712B8704738B50446026902F13003B6
:10978000D3E8EF5F013DC3E8E15F0029F8D1536BF7
:1097900023B9FFF7C9FF0DB9F1F768F92069BDE8F2
:1097A0003840F2F775BF08B50146EDF705F950B13D
:1097B0004FF05022D2F8583503F0030381F83830C7
:1097C0000123C2F858354FF050230022C3F8B825C2
:1097D0000720BDE8084001F03CBA38B504460569E9
:1097E00005F13003D3E8EF1F0131C3E8E21F002A7F
:1097F000F8D120694FF0FF334FF0FF32F2F7CCFF82
:109800006B6B23B92069BDE83840FFF7CCBF38BD8A
:109810007FB5FF238DF803300DF103030021019381
:109820000123CDE90231052303A88DF80C3001ABEB
:1098300004910593EDF70EF90028A8BF9DF80300E9
:1098400007B05DF804FB1FB5002188420CBF06235A
:10985000042301A8CDE9011103918DF80430EDF73F
:10986000F9F8002818BF6FF0040005B05DF804FB9C
:1098700010B50C4600F097FC0023C4E9000318461D
:1098800010BD38B505460C4600F08DFC002D07DBF9
:10989000A84205D9401B84428CBF0020012038BD5E
:1098A0000020FCE770B50D461946284616461C46B2
:1098B000FFF7E7FF28B921462846BDE87040EDF7DD
:1098C000EBBB24B122462946304602F074FA002050
:1098D00070BD436800205B681B690B60704743687C
:1098E00002EA01005B6821EA020198600020D96069
:1098F0007047436800205B689960704743680020A8
:109900005B68D960704743685A68536821EA03006E
:109910000B4090600020D3607047F0F7D9BA10B5C3
:1099200000690F299FBF00EB810440F821202364C8
:10993000002088BF6FF0150010BD00207047102078
:10994000704730B543681360057A446804EBC5047A
:10995000A34202D36FF0010030BD5C798C4201D08C
:109960000833F0E70020F7E743681B68D3F880046A
:10997000C3F88004704703691A6813680BB1526812
:109980001847704730B587B004460D4614220021B1
:1099900001A802F037FA042320460DEB03018DF8ED
:1099A00004300295FFF7E7FF07B030BD70B586B011
:1099B000066904460D461422002101A802F022FA8D
:1099C00002238DF80430336820461B6C01A90293F2
:1099D00033689B6CCDE90335FFF7CDFF06B070BD52
:1099E00030B503691C6843681B68EFF311852020BC
:1099F00080F31288BFF36F8F206CA8B1E06CB0B910
:109A00000020C4E91312042AC3F83415C3F838251A
:109A100082BFD3F8002242F02002C3F8002285F36F
:109A20001188BFF36F8F30BD6FF00C00F7E76FF058
:109A30000F00F4E70369186820B101601B6800207B
:109A40005A6070476FF08500704710B54268006932
:109A50001368006860B9D3F8104164B1926A127853
:109A60000A70C3F81001D3F8102101221A6010BD4A
:109A70006FF08500FBE74FF0FF30F8E7F8B50369BA
:109A800004461D6843680F461E6805F1080001F092
:109A9000ABFAEFF31182202383F31288BFF36F8FA9
:109AA000EB6C53B1D6F8003223F02003C6F8003235
:109AB0000023C6F84C31D6F84C31002385F86330CA
:109AC00017B1012385F8643023691968012381F8EF
:109AD0006230616809684B6082F31188BFF36F8F51
:109AE0000020F8BD03691B681B6C13B10121FFF74F
:109AF000C5BF6FF00D00704710B503691968D1F844
:109B0000A420D1F8B040121B13D0082A28BF082285
:109B10004068C1F8AC201968C069C1F8A8001B688A
:109B2000D3F8A010D3F8B030194402F044F9012062
:109B300010BD1046FCE710B5044612EA030005D03C
:109B4000605818B1002301206350635810BD0268AB
:109B50000346D2F8580140B95B68DB0706D4D2F857
:109B60002001003818BF012070470120704713B54D
:109B700001AA0446FFF7E5FE002805DB019B2268E9
:109B800019791868EDF774FE02B010BD10B40269BF
:109B90004468936823EA0101916011F0030108D140
:109BA00043681B68C3F80015E068012110BCFFF78B
:109BB000DEBF10BC704710B502699368194391600D
:109BC00013F0030107D14368D8681C68FFF7CFFF83
:109BD0000823C4F8003510BD10B543681C68C4F8EC
:109BE0004415C4F848250022C4F82021D4F82011D7
:109BF000C4F858215B68D4F858219B0702D501218D
:109C0000FFF7D9FF0123A36010BD10B504464068DB
:109C1000FFF79DFF0B6848B9012283F8B8204FF485
:109C2000800263681B68C3F8042310BD002283F818
:109C3000B8204FF0FF320B682046C3F8B4200B6801
:109C4000D3E92A12FFF7C8FFE9E72DE9F8431746E1
:109C50000022036988461C68436805461E6894F81C
:109C60006130D6F83C1584F86120A26C9B1A194427
:109C7000002901DDFFF79AFE2846216CFFF782FEDE
:109C8000E36C2364236D63640023C4E91333A3648A
:109C900094F86330F3B1EFF31189202383F3128832
:109CA000BFF36F8F236CBBB1D6F8003223F02003D3
:109CB000C6F80032B8F1000F08D13FB90123336074
:109CC000C6F84471D6F8443184F8627089F311887B
:109CD000BFF36F8FBDE8F883D4E91632134303D086
:109CE00004F1080001F080F92B691A68012382F859
:109CF00062306A6812685360E8E710B5446B6368C5
:109D000022691B681268D3F8081139B10021C3F821
:109D10000811D3F8083182F8601010BD92F8603055
:109D20000133DBB2042B82F86030F6D101F05CF92C
:109D300023691A68D36CB3FA83F35B0982F8623043
:109D4000012263681B685A60E7E738B54268036917
:109D500015681A68D2F8A01051B1002482F8B840F2
:109D60001868683001F040F901232046EB6038BDE7
:109D70006FF00D00FBE7406BFFF7E7BF08B5EEF7AC
:109D8000BBFA08BD0A460121FDF764BA40EA0103A7
:109D90000F2B01D8EEF7BCBE6FF015007047012104
:109DA000EFF762B80021EFF75FB808B5EFF77AF880
:109DB000002008BD08B5F6F761FB48B1002383F326
:109DC0001188BFF36F8F0423184602DF6FF0040081
:109DD00008BDF7F749BB08B5E0F7C2FEE0F7A8FFFA
:109DE000BDE80840F7F740BB03460020184700F0E5
:109DF00030BF024610B5116891B1B1FA81F3C3F1D9
:109E00001F000123834021EA0303D2E8EF4F8C4275
:109E100004D1C2E8EC3FBCF1000FF6D1EBD110BD8C
:109E20006FF00B00FBE710B50368CB40DB0710D4E5
:109E300001238B40026843EA0201D0E8EF4F9442CD
:109E400004D1C0E8EC1FBCF1000FF6D1F2D1002024
:109E500010BD6FF01500FBE770B5D0F880300646F6
:109E6000002B0C46154613DBD1F88030002B0FDB9E
:109E700000210846EFF718F948B92B7843F0004362
:109E8000C6F880302B7843F00043C4F8803070BDB2
:109E90006FF01500FBE708B5EFF76AFAEFF7E6FB9E
:109EA000EFF74AFBBDE80840EFF7D2BA38B54FF0FC
:109EB00050240123C4F808336360002342F2107574
:109EC000C4F80031D4F80031D4F80C24D4F80C34A0
:109ED000D20306D5DB0704D50120FFF788FF013D3B
:109EE000F2D138BD38B54FF050244FF48073C4F828
:109EF00008330123E361002342F21075C4F82031D6
:109F0000D4F82031D4F85434DB0304D50120FFF712
:109F10006EFF013DF6D138BD38B54FF050244FF4F7
:109F20000073C4F8083301236362002342F2107502
:109F3000C4F82431D4F82431D4F85C34DB0304D5DC
:109F40000120FFF754FF013DF6D138BD38B54FF081
:109F500050240223C4F808330123E360002342F2B3
:109F60001075C4F80431D4F80431D4F81834DB0384
:109F700004D50120FFF73BFF013DF6D138BD430971
:109F80000AD0012B0BD14FF6FF7300F01F0023FA0C
:109F900000F000F0010070474FF0FF33F5E70020BC
:109FA000704710B504460846EFF7ACFB04EB4004DD
:109FB000A08AC0F3401010BD10B504460846EFF764
:109FC000A1FB04EB4004A08A10F01C0018BF012084
:109FD00010BD10B504460846EFF794FB04EB4004AF
:109FE000A08AC0F3400010BD10B50446FFF7F1FF92
:109FF00010B12046FFF7D5FF00F0010010BD10B5ED
:10A0000004460846EFF77EFB04EB4004A08A400BB1
:10A0100010BD70B5044608461646EFF773FB0830CE
:10A0200034F810300D46DA0509D5C3F3432304EBA9
:10A03000C3023146284654F8333052689847A36823
:10A040002BB131462846E268BDE87040184770BD24
:10A050002DE9F3411746DDE90858019001A80C46A7
:10A060001E46EFF795FB019B391E18BF012100EB3F
:10A070008300231E18BF0123002E43EA410314BFAF
:10A080000C210021002D43EA010314BF4FF470613D
:10A090000021B8F1000F43EA010314BF4FF440312F
:10A0A0000021D0F800220B4322EA030304B12478F4
:10A0B0000FB13F787F001C430EB13678B6003C43A9
:10A0C0008DB1297809023443B8F1000F03D098F814
:10A0D00000804FEA0848214341EA0801C0F8001215
:10A0E00002B0BDE8F0812946EDE71FB50DF10F0381
:10A0F000019300238DF80F101A4619460093FFF7BD
:10A10000A7FF05B05DF804FB2DE9F04700250446E4
:10A11000884617462E464FF00109AA46BE420CD18A
:10A12000D4F87C3133B10023C4F87C31D4F87C31CD
:10A1300045F000452846BDE8F087F0B2EFF75CFB3C
:10A14000A0F580739B0809FA03F318EA030F05D002
:10A1500022581AB144F800A022581D430136DDE709
:10A1600038B504460D46FFF71CFFB0B12046FFF797
:10A1700030FF90B92046FFF742FF01232268834059
:10A18000C2F80833236800B203EB8003D3F810252C
:10A1900022F00302C3F8102538BD2846BDE8384038
:10A1A0000021FFF7A2BF4FF4801070474FF480509A
:10A1B00070474FF4807070470223F0F735B90323DE
:10A1C000F0F732B92DE9F04389B0109E0446894674
:10A1D00090460021202268461F46129D01F012FE83
:10A1E0001F2E97BF01234FF0FF33B34003F1FF331E
:10A1F0002361119BC4E90098C4E9027663611834B5
:10A2000045B10FCD0FC495E80F0084E80F0009B0E9
:10A21000BDE8F0836D46F4E773B50468661C31D081
:10A220008568A9422ED264182CD05E18AE4288BF31
:10A230006B1A056A35B100930523A84703461846F3
:10A2400002B070BDBFF35B8F1946A41A101919B183
:10A2500040EA0205AD070AD103290DDC013811449B
:10A260008A42ECD010F8014F02F8014BF8E7007871
:10A27000013902F8010BE9E750F8044B043942F8C0
:10A28000044BE9E76FF02103D9E773B50468651C57
:10A2900032D08568A9422FD264182DD05E18AE4204
:10A2A00088BF6B1A456ACDB100930523A84702B059
:10A2B00070BD12F8015B013905701546A01819B17F
:10A2C00040EA0206B607F4D103290ADC013D014445
:10A2D00088420CD1BFF35B8F1846E8E71946A41AF1
:10A2E000EBE755F8042B043940F8042BECE715F89C
:10A2F000012F00F8012BEBE76FF02100D7E773B5D2
:10A300001C46036815465A1C29D08268914226D201
:10A310005B1824D066189642866A88BF541A36B1F4
:10A3200005232A460094B047204602B070BD184667
:10A3300022464AB9294601F065FDBFF35B8FF3E77A
:10A3400000F8015B013AF4E78307F9D14FF00133DC
:10A350006B43032AEEDD40F8043B043AF9E76FF063
:10A360002100E2E70020704710B4046B02460B4660
:10A3700084B9C1681F2998BF23FA01F4416861B10B
:10A380008068834209D21069184051F8243018447B
:10A3900010BC7047234610BC18474FF0FF30F7E75A
:10A3A00070B5436B05460E46E3B90469621C09BFEC
:10A3B00043680C401C680C1B21462846FFF7D4FF5D
:10A3C000864207D02B6901331C44AB689C42F3D30F
:10A3D0004FF0FF342868431C07D0AB68A34204D970
:10A3E000204470BD98470446F4E70020F9E730B5F3
:10A3F000059CC4E90002039A21811989E260049A4C
:10A40000618121856261D3E9002502EB0113C4E972
:10A4100006128A1C236203EB42036A1C13446D423A
:10A420002B406362836953B90139E2698B4202EBC5
:10A43000031206DB002393736FF07F03D3730020B6
:10A4400030BD0133D381F0E72DE9F04FB0F830A0F3
:10A4500004465546002685B002EB030891460E9A45
:10A4600000EBCA031FFA88FB9A63A3F83CB008F11B
:10A47000FF32C3690F1D0192B0451ADC238D25867A
:10A48000A3EB0B032385236A61895A8801390A40AB
:10A4900003EB4203A3F804A0BFF35B8F0020226A02
:10A4A000538801335380638D0133638505B0BDE864
:10A4B000F08FE06A2A0157F8041C03EB051502939C
:10A4C00003680392C91A83680837994228BF4FF07E
:10A4D000FF31FFF749FFDDE90232985000226A6040
:10A4E00057F8082CAA60019A9642ACBF00220122BC
:10A4F000B145D8BF42F00202AA810136ED89BBE71F
:10A50000F0B550B3456A448E6B88A34230D0631CCB
:10A5100043864389BFF35B8F013B1C4005EBC405B9
:10A520006B689EB209B1AD680D60D0F81CC09BB2DB
:10A530000CEB031100EBC3039D8F078D2F44013DEE
:10A5400007859D878D896F070ED5058ECD810021EA
:10A550000686986B996302B11480F0BD9D8FC989FE
:10A56000013D0CEB01119D878D89ED07F6D4ECE7D9
:10A570000020F2E7C36903EB011398687047C369D1
:10A5800009015958C06AFFF70BBF70B5BFF35B8F65
:10A590000D46016A1646838E4A8804469A4212D0B6
:10A5A0005A1C82864289013A134001EB4301898893
:10A5B000298089B2FFF7E3FF2A88E36903EB0213DE
:10A5C0009B68336070BD0020FCE710B5026893699A
:10A5D0001269920017D543B9438E026A8169448992
:10A5E000013B1B1B02EB4102938003689B69012B1B
:10A5F00008D1838E426A81694089013B1B1A02EBB4
:10A60000C102938010BD23B9026A138843F001038D
:10A61000138003689B69012B01BF426A138843F0D2
:10A6200001031380EEE710B5BFF35B8F03680446A8
:10A630001A699B6912F0005F1AD07BB9036A426AFB
:10A640005B888169013B02EBC10292889B1A628D93
:10A650009BB29A4214D80023638510BD012BFAD116
:10A66000436A026A5B888169013B02EB4102ECE7C5
:10A6700063B9436A1B88DB4303F00103002BEAD074
:10A680006369002BE7D020469847E4E7012BE2D12D
:10A69000036AEFE7036A828E598891420AD04189A2
:10A6A00001390A4003EB42039A88C36903EB0213A2
:10A6B0009868704700207047BFF35B8FC36803B191
:10A6C000184770474FF0FF324FF0FF33F2F764B88E
:10A6D00010B1C36A0133C362704738B1C26A013A2C
:10A6E000C2621AB9026B02B110470262704770B5BC
:10A6F0000446056A05F164063046FFF7E3FF636A26
:10A70000A3F580637F2B0BD801225909503503F044
:10A710001F039A4055F8213023EA020345F82130FF
:10A72000D4E90F124A60E16B04F13C03116020464A
:10A73000C4E90F33FFF7D1FF3046BDE87040F1F7B1
:10A74000A7BF10B5436A8CB00A9320230446024683
:10A750000B9102A8194600F058FA28230122CDE9EE
:10A76000003220463522616A02ABF0F7F9FB00EABD
:10A77000E0700CB010BD30B1006A20B119B1D0F852
:10A78000883003B11847704730B1006A20B119B161
:10A79000D0F88C3003B11847704730B1006A20B14F
:10A7A00019B1D0F8903003B11847002070472DE957
:10A7B000F84306468846174699460468A64201D1E2
:10A7C000002520E07A1CA4F13C0502D06B6ABB4254
:10A7D00019D0B8F1000F22D020224146284601F0BE
:10A7E00029FBE0B9B9F1FF3F02D0AB6A4B450AD073
:10A7F0007B1C0BD02468B442E2D054F8183CA4F17E
:10A800003C059F42E8D12846BDE8F883AB6A013396
:10A81000F9D02468B442D3D0A4F13C05D9E7246828
:10A82000CCE770B505460C461E46CAB1202320462B
:10A83000194600F0EAF90123E362049B6662A36211
:10A84000059B25626363069BA363079B63646A6839
:10A8500004F13C03C4E90F526B60226C136070BDBD
:10A860000A70E8E710B5044690B1036A83B1027834
:10A870004AB193F8A43033B1436AB3F5806F02D381
:10A880000121FFF75EFF2046BDE81040FFF72FBF14
:10A8900010BD20B1036A13B15B6803B1184770475C
:10A8A00008B530B1036A3BB1DB682BB19847002093
:10A8B00008BD6FF01500FBE76FF00500F8E7704783
:10A8C000F1F7E6BE4FF0FF324FF0FF33F1F764BF10
:10A8D000F8B50C4600F164070546A4F110063846A9
:10A8E000FFF7F0FF3046F0F7F1FB80B154F8083C79
:10A8F00024F8083CD5F8CC3044F80C3C05F1C803EA
:10A9000044F8103CC5F8CC6054F80C3C1E60384646
:10A91000FFF7D6FF0020F8BD38B50D4600F16404FE
:10A920002046FFF7CFFF55F8083C204603F580335B
:10A9300045F8083CBDE83840FFF7C2BF2DE9F041BB
:10A9400088B00E9C282A8846D4F8C0006ED10168D1
:10A950008568A8EB0101A94228BF4FF0FF312023F1
:10A960006A46FFF759FC04F16406D8F820703046B7
:10A97000FFF7A8FF3B464FF0FF3269462046FFF73E
:10A9800016FFD8F824300546E0B1D0F8308003F047
:10A990000103B8F1000F02D0DBB9AF6230E0002B49
:10A9A000FBD04FF0FF3383623046FFF789FFAB6B7C
:10A9B00083BBD4F88030002B38D03A466946204615
:10A9C000984733E0DB071FD43046FFF779FFE36F8A
:10A9D000F1E74FF0FF338362FFF77AFE3046FFF76F
:10A9E0006FFFAB6BA3B9D4F880301BB13A46694610
:10A9F000204698473046FFF765FF2846FFF76DFE73
:10AA00003046FFF75DFF11E03046FFF759FFD0E712
:10AA10004FF0010828469847D4F880301BB13A46D9
:10AA2000694620469847B8F1000FE3D1002008B0EE
:10AA3000BDE8F08170B500F16406A1F1100504468F
:10AA40003046FFF73FFF2846F0F740FB38B120467D
:10AA50002946F0F717FCD4F8B800FFF7E4FD3046BC
:10AA6000BDE87040FFF72CBF10B548B149B143684D
:10AA70008B4206D382680468D21A5B1A4360A0181E
:10AA800010BD0020FCE72DE9F3470546D0F8B400DF
:10AA90000E46904618B9002002B0BDE8F087036A60
:10AAA000002BF8D09B68002BF5D098474307F2D5D0
:10AAB00043F69823B8F1000F18BF984605F16407D4
:10AAC00005F1C8093846FFF7FDFED5F8C8404C45EA
:10AAD0002BD054B3D4E90023536022681A60C4E930
:10AAE0000044D5F8B43021899B69ADF806107BB1DC
:10AAF000012B14D03846FFF7E3FEBDF8063004F111
:10AB0000100003F58033A3603368103B3360C3E764
:10AB1000D5F8A8303360D5F8B4309B69E8E7D5F8AC
:10AB2000BC00FFF727FD3060E4E7D5F8B430D3F878
:10AB300018A0BAF1000F36D13146D5F8BC000DF19E
:10AB40000602FFF7DDFC04460028D3D1D5F8BC305F
:10AB50001B8DB3B93846FFF7B3FEB8F1000F9AD09A
:10AB6000D5E92D32182112891B6B01FB0233D5F870
:10AB7000D02022BB21200021F3F772FD08F1FF381D
:10AB8000A0E7D5F8A810D5F8C400FFF76DFF04467C
:10AB9000D5F8A830ADF806A033603846FFF790FE30
:10ABA000002CDAD0A9E7BAF1010FD3D13246D5F89B
:10ABB000BC000DF10601FFF7E8FC0446EDE719695A
:10ABC000284690476FF4FB639842D3D000283FF4A7
:10ABD00079AF60E720B119B112B1C0E9012201607B
:10ABE000704738B5044618B938BD3C38FFF73AFE0F
:10ABF00020688442F9D10025D4F8B400C4E92E5568
:10AC0000FFF747FEC4F8B450EEE770B505461C46A2
:10AC100099B18B4228BF0C46661C013E05D012F844
:10AC2000013B00F8013B002BF7D1A14207D9091BDA
:10AC30008A19002101F0E6F8A11B084670BD002327
:10AC40000D4405F8013CF7E708B5F0F7B7FD002023
:10AC500008BD08B1E1F79CBC704740B1C3685878A3
:10AC600010F001001EBF1878B0FA80F0400970475C
:10AC7000EFF31183202383F31288BFF36F8FFEE776
:10AC800010B400F10C04C0E903440024446110BC7A
:10AC9000DCF7DABD8169C26842EA010313F00303FD
:10ACA0000FD103614369013B03FB0122002B01DA51
:10ACB000002070470169013B116081690261521AED
:10ACC000F4E76FF01500704710B5C0E905320023B6
:10ACD000C160C36183600446FFF7DCFF0028A8BFA2
:10ACE000C4E9004410BD90F90E308B4201D0F3F757
:10ACF0004DB90020704703460020C3E90033C3E983
:10AD00000200704710B5044630B10268930703D0C3
:10AD1000446809B100F0C7F9204610BD0023C0E91E
:10AD20000033836000F10C03C0E9033300F1140326
:10AD3000C0E905337047012307B5009300230A4695
:10AD40001946F1F74FFB03B05DF804FB002307B58C
:10AD50000A4600931946F1F745FB03B05DF804FB82
:10AD600000210068FFF7CEBF5AB18A4209D300F133
:10AD70001003C0E90212C0E90000C0E9043300205A
:10AD800070476FF015007047012302688B4022EA7C
:10AD90000303036022FA01F000F0010070477047DE
:10ADA00010B5032104460C30FFF7EEFF30B104F17B
:10ADB0001000F4F79DF8B0FA80F0400910BD20B102
:10ADC00000228C301146F3F717BE704770B5C36888
:10ADD0000446C3F340069B0716D4856802210C3055
:10ADE000FFF7D2FF80B1D5F884206AB194421DD11B
:10ADF00022689EB9D5F88830C5F884209C4201D1DC
:10AE0000C5F8882000232360E36813F01F001EBFED
:10AE100043F00203E36040F0020070BD3260D5F8F9
:10AE20008820944208BFC5F88860EBE71646126890
:10AE3000DBE710B5F1F7E2FF041E08DDEFF3118048
:10AE4000202383F31288BFF36F8FF3F7D1F92046E5
:10AE500010BDEFF30580003818BF012070476FF078
:10AE60005700704700207047D0E9003213605A60E5
:10AE70000023C0E90033704738B504460D46F2F7A9
:10AE8000EBFD637B43F002036373E5B1A5602B68C0
:10AE90009D4209D16B68C4E900531C606C6012E0EC
:10AEA0006A689A42F6D01B68002BF3D094F90E2002
:10AEB00093F90E108A42F3D09142F1DD5A68C4E949
:10AEC000003214605C6038BD01211838F2F736BFDB
:10AED00010B50446F2F7EAFE04F11800BDE8104090
:10AEE000F4F706B838B5054604680020AC4200D136
:10AEF00038BD002CFCD02046FFF7EAFF2046F2F7D1
:10AF00008FFE2C680120A542F1E708B50246F3F751
:10AF1000E5FE70B1D0E904319B1A61EBE272B3F146
:10AF2000004F72F1000104DA002AACBF184600207D
:10AF300008BD6FF00040FBE708B5F4F7DBF808BD8B
:10AF4000F4F7D8B8B3F1FF3F08BFB2F1FF3F70B5D7
:10AF500006461D46144614D01A4316D0002B08DBB3
:10AF6000F4F7C8F8041941EB0501C6E90041304681
:10AF700070BD6FF001031C1B4FF0FF3363EB050145
:10AF8000F3E74FF0FF342146EFE70024FBE7B3F18E
:10AF9000FF3F08BFB2F1FF3FF8B5074616461C4613
:10AFA00010D054EA020311D0F4F7A4F8B0420A46D4
:10AFB000A14103460AD2F31A64EB0204C7E9003444
:10AFC0003846F8BD4FF0FF331C46F7E70023FBE798
:10AFD0000023C0E9081200F11802C0E90622C0E906
:10AFE000003303634363704710B50446F3F780FFF3
:10AFF000A8B9636A0BB12046984704F11800F2F72C
:10B0000077FF60B1F2F70CFEEFF31180202383F39A
:10B010001288BFF36F8FBDE81040F3F7E9B810BD99
:10B020002DE9F041846805460E46D4B16378012BC2
:10B0300022D114F8533C9A0711D5A4F16007384681
:10B04000FFF746FF082E0CBF6FF003030023E361F8
:10B0500014F8533CDB0602D13846F2F7E1FD002339
:10B0600023700020EB68A860C3F38632164366F3B2
:10B070009433EB60BDE8F081022BF0D12378002BF4
:10B08000EDD054F8048CB8F1000FE8D004F11400AE
:10B09000F3F72EFF0023A4F1140739464046E3627C
:10B0A000F1F7ACFEDBE720B1011F50F8040CF0F71C
:10B0B000F3BD7047704700207047704710B50446D5
:10B0C00008B1F4F7BDFC2046BDE81040F4F7A8BC79
:10B0D0000346C068E0B15888D0B11B8803F44F42E2
:10B0E000B2F5824F09D1DBB2272B2AD008D8172B13
:10B0F0000FD0222B34D0122B16D06FF08500704762
:10B10000302B2FD0413B012BF7D8FF2839D100201D
:10B110007047C028FBD0E128F9D0B0F5807F0CBF84
:10B1200000206FF08600704720F02003C02BEED087
:10B1300020F08003B3F5807FE9D040F209239842E4
:10B14000EDE7E928E3D0EF28E1D040F21B13984265
:10B15000DDD040F299139842D9D040F23B23EEE77C
:10B16000E928F1E720F02003C02BD0D020F04003E5
:10B17000B3F5807FCBD0B0F5C07FC8D0B0F5007FED
:10B18000CDE7B0F5E07FCAE73AB1002918BF002348
:10B190002121D21A184400F035BE70472DE9F04F36
:10B1A0009B46002389B08DF81B30159B9146DDE945
:10B1B00012A7002B0D460B460CBF4FF400624FF454
:10B1C000806207A9DDF85080F4F7CCFD0446D0B9C1
:10B1D000079E284631880DF11B02F4F76FFE0446E6
:10B1E00088B99DF81B30BB421FD8CDE90338CDE9A3
:10B1F00001BACDF800902B46D6E909123046F5F792
:10B20000D1FA044608B1C8F800703A4621465046C3
:10B21000D8F80030FFF7B8FF0798F5F7A5FA002C2B
:10B2200018BF204609B0BDE8F08F6FF08904EAE747
:10B2300041F2062398421AD8B0F5905F09D241F244
:10B24000010398420CD0B0F5885F09D06FF08500FB
:10B2500070476923A0F5905080B2C340DB07F5D555
:10B2600011F0070F0CBF00206FF086007047B0F59B
:10B27000105FEBD121F04003802B06D0B1F5807F29
:10B280000CBF00206FF0860070470020704770B53B
:10B29000446A05460E463CB90120F4F7BBFB6862E0
:10B2A00028B12046AE6270BD6FF08A00FBE76FF0F8
:10B2B0008C00F8E7F8B51E460F4615460388C2B164
:10B2C00003F4E043B3F5805F02D0B3F5005F10D123
:10B2D000089BE90019600088FFF7AAFF044630B90F
:10B2E0002A463946304600F066FD079B1D60204621
:10B2F000F8BD6FF08504FAE710B50446406A10B156
:10B30000A16AFFF7DBFE0020C4E9090010BD38B5D3
:10B310000546FFF7F1FF2B7F0446012B0ED0023BC1
:10B32000012B0ED82B6A012B18BF6FF096042C222C
:10B330000021284600F066FD204638BD2B6A002B10
:10B34000F2E76FF09604F2E738B5049D1446AA427E
:10B350000BD8184600F02FFD00212A1B204400F0D6
:10B3600051FD0020059B1C6038BD6FF08900FBE794
:10B370007FB50E461D461446BAB1002301222B604C
:10B3800003A9F4F7EFFC70B9CDE900450398334603
:10B39000D0E9091200F06BFA04460398F5F7E4F9D6
:10B3A000002C18BF204604B070BD6FF08900FAE78A
:10B3B00070B50488154604F4E042B2F5804F049E4F
:10B3C00022D144F2010224F4405090420DD004F402
:10B3D0004F44B4F5824F08D0B4F5844F05D0B4F58E
:10B3E000884F02D0B4F58E4F0ED1B5420FD8184613
:10B3F0002A4600F0E0FC0021721B284400F002FD08
:10B400000020059B1D6070BD6FF08500FBE76FF0AD
:10B410008900F8E7F0B50F461E46154685B00AB319
:10B42000002303A91A463360F4F79CFC044638B99C
:10B43000039803885B0406D4F5F796F96FF0860449
:10B44000204605B0F0BDCDE900563B46D0E90912D3
:10B4500000F018FA04460398F5F786F9002C08BFA7
:10B460000446EDE76FF08904EAE710B50368044687
:10B4700053B100F07BFA00232360A38823F4FF7309
:10B4800023F00103A38010BD1846FCE72DE9FF411E
:10B49000984600230C460168054617460393A9BB4E
:10B4A0004FF4A872083000F0ADFCB8F1000F204650
:10B4B0003B4614BF4FF480624FF4006203A9F4F7D7
:10B4C00051FC044620BB039E384631882A1DF4F700
:10B4D000F5FC0446E0B96B79314668F300036B7103
:10B4E00000972846D6E90923B8F1000F0BD0F5F7ED
:10B4F00071F9044660B90398F5F736F90446204619
:10B5000004B0BDE8F081F5F785F9F2E76FF0880443
:10B510002846FFF7AAFF0398F5F726F9EFE701237E
:10B52000FFF7B4BF38B50468054664B112B900240A
:10B53000204638BD00F005FA04460028F7D028461A
:10B54000FFF793FFF4E76FF08804F1E72DE9F0418E
:10B550001746026805460E46984682B14279D207E0
:10B560000DD502795AB1BA4216D800F0F3F9044663
:10B5700038B9A6B92846BDE8F041FFF776BF6FF0AD
:10B5800088040023C8F800702B7146B92846FFF7DD
:10B590006CFF2046BDE8F0816FF08904F1E7214699
:10B5A0003A463046D8F80030FFF7EEFD2846FFF760
:10B5B0005CFF002C08BF0446EBE71FB50124039491
:10B5C000089C0294079C0194069C0094FFF7E6FDFA
:10B5D00004B010BD2DE9F04705469A46002388B017
:10B5E000079325F0004323F47F03B3F1106F08465F
:10B5F000DDE910961746DDF848801CD12B464FF444
:10B60000804207A9F4F7AEFB0446B0B9CDE9036860
:10B61000CDE901A9079800972B46D0E9091200F05F
:10B62000ADF9044648B90798F5F79EF80446204658
:10B6300008B0BDE8F0876FF0860431464846F4F75D
:10B640001FFE0798C8F80060F5F78EF8EFE703468D
:10B650001B88084603F4E043B3F5805F114602D02F
:10B66000B3F5005F01D1F4F70BBE6FF085007047B2
:10B670007FB5002203880A60CDE901224288064690
:10B680000D46002A69D0028802F4E042B2F5804FEC
:10B6900063D023F0FF03B3F5E24F02D0B3F5824F3E
:10B6A00004D13046FFF714FD0446D8B9304602AA4B
:10B6B00001A9F4F773FC0446002843D1019B9B6A5F
:10B6C0009BB10199304601F12803D1E9091200F03C
:10B6D00087F80446002839D129460198F4F7C4FBBD
:10B6E000044678BB204604B070BD73681B0A22D1A3
:10B6F0003088718800F4E043B3F5805F15D0B3F56E
:10B70000005F12D020F0FF03B3F5E24F22D1C0B2A8
:10B7100042280ED10831C908039103990198FFF717
:10B72000B6FD04460028CCD00CE0FFF781FD0446AE
:10B7300040B90731EFE7304603A900F04CF8044662
:10B740000028EAD00198F4F78BFCCBE70198FFF7CB
:10B75000D3FDF7E76FF08504F4E76FF08604C1E7E7
:10B760001C22002100F04EBB03466FF04042084609
:10B77000591E914207D338B103F1404393428CBF25
:10B7800000200120704701207047034668B1017F07
:10B790008A1E012A0BD80329026A03D1012A01D18A
:10B7A000FFF7B5BD1AB1013A1A62002070476FF079
:10B7B0009600704700207047C0B2002814BF6FF099
:10B7C00085000020704700207047704700226FF00E
:10B7D00086001A60704700236FF086000B60704788
:10B7E0002DE9F041476804463F0A0D461646984643
:10B7F00011D107887F0407D44346324629462046A4
:10B80000BDE8F041FFF723BF00F0F4F810F1860F18
:10B81000F2D0BDE8F0816FF08600FAE72DE9F04F35
:10B82000476885B03F0A0446DDE90E9A0D46164684
:10B830009846DDF840B015D1CDE901ABCDF80090C8
:10B8400000F0CAF810F1860F0ED143463246294661
:10B850002046CDE90FABCDF8389005B0BDE8F04FEC
:10B86000FFF728BD6FF0860005B0BDE8F08F10B47B
:10B870004468240A02D110BCFFF766BD6FF0860051
:10B8800010BC70472DE9F34747680446DDE90A9A82
:10B890003F0A0D461646984611D1CDE9009A00F0B0
:10B8A0008DF810F1860F0CD14346324629462046CA
:10B8B000CDE90A9A02B0BDE8F047FFF779BD6FF015
:10B8C000860002B0BDE8F08710B44468240A02D1B3
:10B8D00010BCF5F799B86FF0860010BC704713B52F
:10B8E00004464868000A0AD10498009004F1080050
:10B8F000F5F738F808B91C23236002B010BD6FF0CB
:10B900008600FAE710B404681C2C03D110BC083080
:10B91000F5F754B86FF0860010BC704738B503686F
:10B920001C2B0CD100F10804204600F06AF94FF4FA
:10B93000907105462046F4F783F8284638BD002567
:10B94000FBE703681C2B02D1083000F035B96FF01B
:10B950008600704710B404681C2C03D110BC08305A
:10B9600000F033B96FF0860010BC704703681C2BE1
:10B9700002D1083000F035B90020704710B4446897
:10B98000240A02D110BC00F044B96FF0860010BC4C
:10B9900070470020704713B5002001AB1446F5F73F
:10B9A000F1FD30B9019BA34218BF6FF0930002B0C4
:10B9B00010BD6FF09200FAE70020704710B40488C1
:10B9C00004F44F44B4F5824F02D110BC00F046B9E4
:10B9D0006FF0850010BC704710B4048804F44F4425
:10B9E000B4F5824F02D110BC00F068B96FF0850049
:10B9F00010BC704710B4048824F0FF04B4F5E24F83
:10BA000002D110BC00F0ADB96FF0850010BC7047DA
:10BA1000024612F8103BDB0903EBC303C3EB03132D
:10BA200012F8011D83EA4103904213704FEA132379
:10BA3000F6D170472DE9FF4705468846144622B3E4
:10BA4000D0F8486100F5947786B94FF01009A0440A
:10BA50000DF10C0A102CA8EB040237D82346394606
:10BA6000384600F0EEF8C5F848410EE0C6F110097E
:10BA70004A450FD8B91913460846424600F0E1F886
:10BA8000D5F848312344C5F848310026304604B083
:10BA9000BDE8F087B9F1000F08D0B91942464B460E
:10BAA000084600F0CEF8103EC8443444102203ABE0
:10BAB000019339463B4628460092FFF723FF06468E
:10BAC0000028C2D02846FFF729FFDFE710233946B8
:10BAD000384600F0B6F83B46102239462846CDE9F4
:10BAE000009AFFF70FFF06460028EBD1103CB1E7A4
:10BAF0002DE9F0439846D0F848311746102B0446FC
:10BB0000894685B000F59C7200F594751CD12946D4
:10BB1000284600F096F8102203AB019329462B46E5
:10BB200020460092FFF7EEFE064630B93A46294617
:10BB3000484600F040F9C8F800702046FFF7EEFED6
:10BB4000304605B0BDE8F083C618104696F8283197
:10BB500083F0800386F82831FFF75AFF102302464E
:10BB6000D5E7F0B504460E461746D5B04FF4A67299
:10BB7000002101A81D4600F045F921463B4632460A
:10BB800001A8F4F767FE044680B929465A9A01A82D
:10BB9000FFF750FF044648B9DDE95C235B9901A833
:10BBA000FFF7A6FF0446204655B0F0BD01A8FFF7F9
:10BBB000B5FEF8E7F4F774BE90F84C31022B01D1D2
:10BBC000FFF738BF6FF08800704710B490F84C4111
:10BBD000022C02D110BCFFF78BBF6FF0880010BCA5
:10BBE000704710B590F84C310446022B07D1FFF78F
:10BBF00095FE4FF4A8720021204600F003F90020C2
:10BC000010BD08B54FF49072002100F0FBF8002041
:10BC100008BD10B4048804F44F44B4F5824F02D137
:10BC200010BCF4F729BF6FF0850010BC70470346C5
:10BC30000144002013F8012B8B4240EA0200F9D1A5
:10BC4000704730B50B4411F8014B12F8015B994273
:10BC500084EA050400F8014BF5D130BDF8B505467E
:10BC60006F882D881846DDE9063605F4E04CBCF5F2
:10BC7000804F144606D19A421DD800F09CF83460DB
:10BC80000020F8BD47F21212954202D06FF08500F5
:10BC9000F7E7640001349C420DD80423B7F5807F98
:10BCA00034600370F2D10130F5F764F80028E7D072
:10BCB0006FF08600E5E76FF08900E2E72DE9F041DB
:10BCC0000E4644F212111F46038815468B42DDF8DA
:10BCD000208042882ED047F212118B423BD102B90C
:10BCE000EA00B2F5807F36D1202D03D06FF08600B8
:10BCF000BDE8F08129463046FFF799FF0028F5D0CE
:10BD00003046F5F723F80028F0D1D8F8004034F495
:10BD10008074EBD1069B9D4220D82A463146384696
:10BD200000F049F8079B20461D604FF48073C8F867
:10BD30000030DDE71AB9EB07D8D56A08D200B2F5B2
:10BD4000807F08D1412DD1D13378042BCED1701C06
:10BD5000F5F706F8D7E76FF08500C9E76FF08900BF
:10BD6000C6E7F8B51E4647F212130D46478801880C
:10BD7000FC1D99424FEAD40402D06FF08500F8BD53
:10BD8000944215D821462846F4F77AFA0028F6D1CD
:10BD900021462846FFF74BFF0028F3D0B7F5807FF8
:10BDA000EBD12846F4F7D2FF0028EBD13460E6E768
:10BDB0006FF08900E3E70A44431E914200D17047C7
:10BDC00010B511F8014B914203F8014FF9D110BDA4
:10BDD000884210B501EB020402D98442234607D8F9
:10BDE000431EA14208D011F8012B03F8012FF8E7F8
:10BDF000024401468A4200D110BD13F8014D02F8F9
:10BE0000014DF7E702440346934200D1704703F81F
:10BE1000011BF9E70139024410B5904201D100201D
:10BE200005E0037811F8014FA34201D0181B10BDA3
:10BE30000130F2E710B56AB10139841810F8012B0E
:10BE400011F8013F9A4203D1A04201D0002AF5D156
:10BE5000D01A10BD1046FCE710B50139044632B1C6
:10BE600011F8013F013A00F8013B002BF7D1002106
:10BE7000FFF7C8FF204610BD0246014410B58A42B4
:10BE8000134603D01C780132002CF8D1181A10BDCB
:10BE9000F0B5C3F13707044603F01F031046FFB2A5
:10BEA000082BE6B232D0102B3DD06508A40845EA35
:10BEB000C17544EA81748A082D1942EB510229099F
:10BEC00041EA02716D1842EB1212290A41EA02613D
:10BED0006D1842EB1222290C41EA02416D1842EB27
:10BEE0001242AD1842F10002EC0844EA4274D10853
:10BEF00004EB8402A6EB4205EDB2092D0CD9013406
:10BF0000A5F10A0541F10001EDB212E0E40806F0E6
:10BF1000070544EA4174C908303554EA010200F8C3
:10BF2000015BBDD1F0BD240906F00F0544EA0174A0
:10BF30000909092D84BFED19EDB2EDE7D1E904320D
:10BF400093421EBF5A1C0A6118707047014800686E
:08BF5000704700008826002064
:08BF5800C44FFD7F0100000051
:10BF600025C70000000000008992000000000000CA
:10BF70000000000038C0020049AC020000000000D0
:10BF800049BC01000000000041BD010000000000AC
:10BF90000000000070C002000000000054C0020059
:10BFA000D39D020000000000000000008CC00200D1
:10BFB00000000000A8C00200ED68010000000000C1
:10BFC00045850100000000003998000000000000D5
:10BFD000C5BC00000000000000000000C4C002005A
:10BFE000D79D0200000000008DC801000000000085
:10BFF00000000000E0C0020000000000FCC00200E1
:10C000000000000018C102000000000034C102005E
:10C01000B5CB000000000000AB9D02000000000056
:10C02000B59D0200000000001DD0000000000000CF
:08C030009DAA000000000000C1
:10C0380083980300042B03001CC40200940A002008
:10C0480058290020CD65010000000000199C03005C
:10C05800B82B0300D8C302009C0A00202C2A002019
:10C068000576010000000000259C0300CC2B03008E
:10C07800D8C302009E0A0020382A00200576010055
:10C08800000000001699030000000000342B030094
:10C09800960A0020000000005196020000000000EF
:10C0A800CF9D0300E02B030038C40200A20A002041
:10C0B80098090020A17A0100000000000D9D0300EE
:10C0C80090090020FCC30200A00A0020442A002096
:10C0D8004176010000000000DC9A0300442B0300B5
:10C0E800C0C30200980A002054090020C96A010050
:10C0F800000000008697030070060020E02403007B
:10C10800900A0020A00F0020C76E02000000000067
:10C118007F9703000000000010C40200920A00206C
:10C128001009002000000000000000004C9B0300E4
:10C1380000000000A8C302009A0A002000000000C6
:08C14800BD70010000000000C1
:10C15000000000006D760200000000006D76020015
:10C16000000000006D760200000000006D76020005
:10C17000000000006D760200979E0200E99D02001B
:10C18000000000006D760200000000006D760200E5
:10C19000A8C00200397E0100000000006D76020098
:10C1A000000000006D760200000000006D760200C5
:10C1B000000000006D7602004C0700201B99020071
:10C1C000000000006D760200000000006D760200A5
:10C1D000000000006D760200000000006D76020095
:10C1E000000000006D760200000000006D76020085
:10C1F000000000006D760200000000003D83010099
:10C20000000000006D760200000000006D76020064
:10C21000000000006D760200000000006D76020054
:10C22000000000006D760200000000006D76020044
:10C23000000000006D760200000000006D76020034
:10C24000000000006D760200000000006D76020024
:10C25000000000006D760200000000006D76020014
:10C26000000000006D760200000000006D76020004
:10C27000000000006D760200000000006D760200F4
:10C28000000000006D760200000000006D760200E4
:10C29000000000006D760200000000006D760200D4
:10C2A000F9A10100E99D0200C5AB0100E99D020072
:10C2B000000000006D760200000000006D760200B4
:10C2C000000000006D760200000000006D760200A4
:10C2D000000000006D760200000000006D76020094
:10C2E000000000006D760200000000006D76020084
:10C2F000000000006D760200000000006D76020074
:10C30000000000006D760200000000006D76020063
:10C31000000000006D760200000000006D76020053
:10C32000000000006D760200000000006D76020043
:10C33000000000006D760200000000006D76020033
:10C34000000000006D760200000000006D76020023
:10C35000000000006D760200000000006D76020013
:10C36000000000006D760200000000006D76020003
:08C37000000000006D760200E0
:10C37800580E0020684B002000040000F93F000020
:10C38800000000000000000000000000070000009E
:10C39800000000002E520300000000000000000012
:10C3A800A598020071710100E5700100917001000B
:10C3B8007198020081700100216D0100456E010035
:10C3C800556F0100F16901004B970200E169010016
:10C3D80001740100D3980200DF980200F39802006C
:10C3E800FD98020007990200F5720100F971010039
:04C3F8000000000041
:10C3FC00717701001F9902003B9902003F990200DE
:04C40C00DD760100D8
:0CC4100069630100E56301000D6101009B
:10C41C00316601004B9602000B96020000000000F2
:0CC42C00ED6401000000000000000000B2
:10C43800359A0200FD8101004B9D0200A17C01009C
:10C44800E1990200E59A02004B9A0200CD7B0100B7
:04C4580069990200DC
:10C45C0005000000F10D010006000000254B010055
:08C46C0004000000A120010002
:10C47400453D0000593C0000C5400000000000009C
:10C484000000000000000000ED3A00000000000081
:10C494000000000000000000000000000000000098
:10C4A4000000000015390100000000000000000039
:10C4B4002C29030008000000CC2903000700000019
:08C4C400002603000600000041
:10C4CC002779030003000000DE880300030000004E
:10C4DC00116B030003000000A582030003000000A1
:10C4EC007594030003000000186B030003000000A8
:10C4FC00057C0300030000002B8E030003000000EA
:10C50C00BE750300030000009697030003000000B3
:10C51C000D98030003000000777A0300030000006D
:10C52C00CE780300030000005D94030003000000BC
:10C53C006C850300030000009B5D030003000000FA
:10C54C00BA68030003000000DD690300030000006B
:10C55C008192030003000000A255030003000000B9
:10C56C00AF9803000300000044A403000300000084
:10C57C000069030003000000639B0300030000003C
:10C58C00E3580300030000006F5903000300000090
:10C59C003C5A030003000000405A03000300000053
:10C5AC00295C030003000000189D03000300000039
:10C5BC0022640300030000009E66030003000000D9
:10C5CC0039670300030000001AAD030003000000EC
:10C5DC005652030003000000E99A03000300000018
:10C5EC00E069030003000000726703000300000011
:10C5FC00BD56030003000000D99D0300030000009A
:10C60C00A0250300A0060020185C03000100000018
:10C61C00DA690300000000000000000085C800007B
:10C62C0015CB0000000000008C8C03000100000002
:10C63C0000000000458A020000000000000000001D
:10C64C001F8E03000100000000000000B13101004A
:10C65C000000000000000000178E03000100000025
:10C66C0000000000A92801009D3701000000000017
:10C67C00559403000100000000000000C95B01009C
:10C68C00A559010000000000258E030001000000E8
:10C69C0000000000012E0100312D010000000000FF
:10C6B0000000000003000000A0000000F0000000E7
:10C6C00000000000F9AD010006000000A5740300A1
:10C6D000AA740300AE740300B2740300B6740300BE
:10C6E000BA740300BE740300C2740300C67403006E
:10C6F000CA740300CE740300D2740300D67403001E
:10C70000DA740300DE740300E2740300E6740300CD
:10C71000EA740300FF000000FF000000FF000000BB
:10C72000FF000000FF000000FF000000FF0000000D
:10C73000FF000000FF000000FF000000FF000000FD
:10C74000FF000000000200000002000000000000E6
:10C7500001030062746C650000000000000000002E
:10C7600000000000000000000000000000000000C9
:10C7700000000000000000000000000000000000B9
:10C7800000000000000100000000000000000000A8
:10C790000338FDD870470000A38311740400000023
:10C7A00006FC8C54360000000A14BFDC4F02000067
:10C7B00045E09D931D170000846F8FF50CD000009D
:10C7C000E396F71C68800600EA0F5B30D8822D00E4
:10C7D000D06F060E11111101000F07555555550563
:10C7E00000FF81555555551500B40200000000406A
:10C7F0000048FFFFFFFFFF7F0000000000000080F7
:10C800000000000000000040000000000000F03FB9
:10C81000000000000000E03F000000000000D03FEA
:10C82000000000000000C03F000000000000B03F1A
:10C83000000000000000A03F000000000000903F4A
:10C84000000000000000803F000000000000703F7A
:10C85000000000000000603F000000000000000039
:10C860000000000000000000000000000000008048
:10C87000000000000000F03FCD3B7F669EA0E63F39
:10C88000CD3B7F669EA0E63FCD3B7F669EA0E6BF88
:10C89000CD3B7F669EA0E63F468D32CF6B90ED3F4D
:10C8A00063A9AEA6E27DD83F63A9AEA6E27DD8BF5C
:10C8B000468D32CF6B90ED3F63A9AEA6E27DD83FA7
:10C8C000468D32CF6B90ED3F468D32CF6B90EDBFF2
:10C8D00063A9AEA6E27DD83FB05CF7CF9762EF3F89
:10C8E0000BA6693CB8F8C83F0BA6693CB8F8C8BFAE
:10C8F000B05CF7CF9762EF3FC868AE393BC7E13F06
:10C90000A3A10E29669BEA3FA3A10E29669BEABF5D
:10C91000C868AE393BC7E13FA3A10E29669BEA3F39
:10C92000C868AE393BC7E13FC868AE393BC7E1BF15
:10C93000A3A10E29669BEA3F0BA6693CB8F8C83F45
:10C94000B05CF7CF9762EF3FB05CF7CF9762EFBF75
:10C950000BA6693CB8F8C83F2625D1A38DD8EF3F78
:10C960002CB429BCA617B93F2CB429BCA617B9BF53
:10C970002625D1A38DD8EF3FD61D0925F34CE43FE2
:10C980004117156B80BCE83F4117156B80BCE8BFB1
:10C99000D61D0925F34CE43FB1BD80F1B238EC3F20
:10C9A0003BF606385D2BDE3F3BF606385D2BDEBFDF
:10C9B000B1BD80F1B238EC3F069FD52E0694D23F30
:10C9C000DA2DC656419FEE3FDA2DC656419FEEBF87
:10C9D000069FD52E0694D23FDA2DC656419FEE3FD4
:10C9E000069FD52E0694D23F069FD52E0694D2BF21
:10C9F000DA2DC656419FEE3F3BF606385D2BDE3FF3
:10CA0000B1BD80F1B238EC3FB1BD80F1B238ECBFBE
:10CA10003BF606385D2BDE3F4117156B80BCE83FC7
:10CA2000D61D0925F34CE43FD61D0925F34CE4BF80
:10CA30004117156B80BCE83F2CB429BCA617B93F41
:10CA40002625D1A38DD8EF3F2625D1A38DD8EFBFC2
:10CA50002CB429BCA617B93F7E6D79E321F6EF3FD0
:10CA600014D80DF1651FA93F14D80DF1651FA9BF9A
:10CA70007E6D79E321F6EF3FA0EC8C34697DE53FD4
:10CA8000AFAF6A22DFB5E73FAFAF6A22DFB5E7BFDE
:10CA9000A0EC8C34697DE53F73C73CF47AEDEC3F44
:10CAA000C05CE109105DDB3FC05CE109105DDBBFEC
:10CAB00073C73CF47AEDEC3FDD1FAB759A8FD53F21
:10CAC000E586F6042121EE3FE586F6042121EEBF3E
:10CAD000DD1FAB759A8FD53FD73092FB7E0AEF3FB3
:10CAE0001B5F217BF919CF3F1B5F217BF919CFBF5A
:10CAF000D73092FB7E0AEF3FEEFF22998773E03F2B
:10CB00003E6E19458372EB3F3E6E19458372EBBF53
:10CB1000EEFF22998773E03F4187F347E0B3E93F97
:10CB20003570E1FCF70FE33F3570E1FCF70FE3BF31
:10CB30004187F347E0B3E93F3A618E6E10C8C23FC8
:10CB400017A5087F55A7EF3F17A5087F55A7EFBF8B
:10CB50003A618E6E10C8C23F17A5087F55A7EF3FF8
:10CB60003A618E6E10C8C23F3A618E6E10C8C2BF65
:10CB700017A5087F55A7EF3F3570E1FCF70FE33F9E
:10CB80004187F347E0B3E93F4187F347E0B3E9BFAB
:10CB90003570E1FCF70FE33F3E6E19458372EB3FC2
:10CBA000EEFF22998773E03FEEFF22998773E0BF83
:10CBB0003E6E19458372EB3F1B5F217BF919CF3F16
:10CBC000D73092FB7E0AEF3FD73092FB7E0AEFBF51
:10CBD0001B5F217BF919CF3FE586F6042121EE3F4B
:10CBE000DD1FAB759A8FD53FDD1FAB759A8FD5BF13
:10CBF000E586F6042121EE3FC05CE109105DDB3FD4
:10CC000073C73CF47AEDEC3F73C73CF47AEDECBFAC
:10CC1000C05CE109105DDB3FAFAF6A22DFB5E73FE3
:10CC2000A0EC8C34697DE53FA0EC8C34697DE5BFD8
:10CC3000AFAF6A22DFB5E73F14D80DF1651FA93FFA
:10CC40007E6D79E321F6EF3F7E6D79E321F6EFBF4C
:10CC500014D80DF1651FA93F0DCD846088FDEF3F0D
:10CC60007E66A3F75521993F7E66A3F7552199BFAC
:10CC70000DCD846088FDEF3FDF2C1D55B710E63FDA
:10CC800096FFEF37082DE73F96FFEF37082DE7BFF8
:10CC9000DF2C1D55B710E63F3AC94DD13441ED3F69
:10CCA0008AEDA84379EFD93F8AEDA84379EFD9BF40
:10CCB0003AC94DD13441ED3F9F45FA308508D73F01
:10CCC0003CC2CCB613DBED3F3CC2CCB613DBEDBFB0
:10CCD0009F45FA308508D73F89E564ACF338EF3FCC
:10CCE000634F7E6A820BCC3F634F7E6A820BCCBF60
:10CCF00089E564ACF338EF3F234B1B54B31EE13F8F
:10CD0000000215580A09EB3F000215580A09EBBF4B
:10CD1000234B1B54B31EE13F822746A0A729EA3FBD
:10CD2000DF12DD4C056DE23FDF12DD4C056DE2BF29
:10CD3000822746A0A729EA3FC63F8B4414E2C53F9D
:10CD4000A94B71FA6487EF3FA94B71FA6487EFBF73
:10CD5000C63F8B4414E2C53FD39FE17064C2EF3FEE
:10CD60000E73A9564E56BF3F0E73A9564E56BFBFFF
:10CD7000D39FE17064C2EF3FB9502029FAAFE33F7F
:10CD8000FB639249223AE93FFB639249223AE9BFA9
:10CD9000B9502029FAAFE33F2A956FACC0D7EB3FDB
:10CDA000BA9AF8DBA48BDF3FBA9AF8DBA48BDFBF1B
:10CDB0002A956FACC0D7EB3F77F6B162D211D13F65
:10CDC000634968E740D7EE3F634968E740D7EEBF65
:10CDD00077F6B162D211D13F12E148EC8862EE3FA2
:10CDE000016617945C13D43F016617945C13D4BF9B
:10CDF00012E148EC8862EE3F5EC431996EC6DC3FBA
:10CE0000F51134214B95EC3FF51134214B95ECBFD6
:10CE10005EC431996EC6DC3F6E97FF0B0E3BE83F58
:10CE2000E9E5E3BBCAE6E43FE9E5E3BBCAE6E4BF04
:10CE30006E97FF0B0E3BE83FF619CE9220D5B23F1E
:10CE40003A8801ADCDE9EF3F3A8801ADCDE9EFBFBA
:10CE5000F619CE9220D5B23F3A8801ADCDE9EF3F29
:10CE6000F619CE9220D5B23FF619CE9220D5B2BF98
:10CE70003A8801ADCDE9EF3FE9E5E3BBCAE6E43F1F
:10CE80006E97FF0B0E3BE83F6E97FF0B0E3BE8BF24
:10CE9000E9E5E3BBCAE6E43FF51134214B95EC3FED
:10CEA0005EC431996EC6DC3F5EC431996EC6DCBF8C
:10CEB000F51134214B95EC3F016617945C13D43F78
:10CEC00012E148EC8862EE3F12E148EC8862EEBF66
:10CED000016617945C13D43F634968E740D7EE3F7F
:10CEE00077F6B162D211D13F77F6B162D211D1BFDC
:10CEF000634968E740D7EE3FBA9AF8DBA48BDF3F7F
:10CF00002A956FACC0D7EB3F2A956FACC0D7EBBF6B
:10CF1000BA9AF8DBA48BDF3FFB639249223AE93FE0
:10CF2000B9502029FAAFE33FB9502029FAAFE3BF47
:10CF3000FB639249223AE93F0E73A9564E56BF3F12
:10CF4000D39FE17064C2EF3FD39FE17064C2EFBF33
:10CF50000E73A9564E56BF3FA94B71FA6487EF3F37
:10CF6000C63F8B4414E2C53FC63F8B4414E2C5BFA5
:10CF7000A94B71FA6487EF3FDF12DD4C056DE23F8C
:10CF8000822746A0A729EA3F822746A0A729EABF11
:10CF9000DF12DD4C056DE23F000215580A09EB3F38
:10CFA000234B1B54B31EE13F234B1B54B31EE1BF65
:10CFB000000215580A09EB3F634F7E6A820BCC3F93
:10CFC00089E564ACF338EF3F89E564ACF338EFBF33
:10CFD000634F7E6A820BCC3F3CC2CCB613DBED3F85
:10CFE0009F45FA308508D73F9F45FA308508D7BF5F
:10CFF0003CC2CCB613DBED3F8AEDA84379EFD93FB5
:10D000003AC94DD13441ED3F3AC94DD13441EDBF1C
:10D010008AEDA84379EFD93F96FFEF37082DE73F18
:10D02000DF2C1D55B710E63FDF2C1D55B710E6BFAE
:10D0300096FFEF37082DE73F7E66A3F75521993F0E
:10D040000DCD846088FDEF3F0DCD846088FDEFBF7E
:10D050007E66A3F75521993FDB929B1662FFEF3F57
:10D0600084C7DEFCD121893F84C7DEFCD12189BF82
:10D07000DB929B1662FFEF3F3D78F0251959E63FA2
:10D08000AFA8EA5444E7E63FAFA8EA5444E7E6BF56
:10D090003D78F0251959E63F8BE6C9736169ED3F8C
:10D0A000D793BC632A37D93FD793BC632A37D9BFFC
:10D0B0008BE6C9736169ED3FE7CC1D31A9C3D73F4A
:10D0C0009BA0386252B6ED3F9BA0386252B6EDBFCE
:10D0D000E7CC1D31A9C3D73F2D2F0B3B604EEF3F4F
:10D0E0005104B025A082CA3F5104B025A082CABF16
:10D0F0002D2F0B3B604EEF3F49DBDE634D73E13F6D
:10D1000011D5219EBCD2EA3F11D5219EBCD2EABFE7
:10D1100049DBDE634D73E13FE2FA021B0963EA3F3C
:10D1200059EB3399791AE23F59EB3399791AE2BFF7
:10D13000E2FA021B0963EA3F31BF50DED96DC73FF7
:10D140007720A1A39975EF3F7720A1A39975EFBF31
:10D1500031BF50DED96DC73F7BA66DFD15CEEF3FC9
:10D16000D5C29EC78537BC3FD5C29EC78537BCBFD9
:10D170007BA66DFD15CEEF3FD4564553D9FEE33F58
:10D180000D94EFA3CCFBE83F0D94EFA3CCFBE8BFDD
:10D19000D4564553D9FEE33F49557226C408EC3FA7
:10D1A000D678EF5219DCDE3FD678EF5219DCDEBFBD
:10D1B00049557226C408EC3F3EDB4C3F44D3D13F77
:10D1C000740BDFC8D8BBEE3F740BDFC8D8BBEEBF13
:10D1D0003EDB4C3F44D3D13F0DD14CAB7B81EE3F86
:10D1E0005281E1C21054D33F5281E1C21054D3BFE7
:10D1F0000DD14CAB7B81EE3F89E3865B7779DD3FD8
:10D200009B7388348B67EC3F9B7388348B67ECBFD0
:10D2100089E3865B7779DD3FBF2EBA0F407CE83F1C
:10D2200039099B9B449AE43F39099B9B449AE4BF8C
:10D23000BF2EBA0F407CE83F19A49A0AD0F6B53F3A
:10D24000095BBDFCCAE1EF3F095BBDFCCAE1EFBF72
:10D2500019A49A0AD0F6B53FAD718E6595F0EF3FEF
:10D26000E020F8796E65AF3FE020F8796E65AFBFDA
:10D27000AD718E6595F0EF3F9655A3928232E53FF2
:10D28000711757E3ECF8E73F711757E3ECF8E7BF86
:10D290009655A3928232E53F5CFCFCF3F0C1EC3F73
:10D2A000E71E01D84912DC3FE71E01D84912DCBF56
:10D2B0005CFCFCF3F0C1EC3F6AE77842E2D1D43F7A
:10D2C0007EC12B4B6A42EE3F7EC12B4B6A42EEBFC2
:10D2D0006AE77842E2D1D43FC273E4A378F1EE3F2B
:10D2E000AEFD370EB84FD03FAEFD370EB84FD0BFB2
:10D2F000C273E4A378F1EE3FB73E4C87FC1CE03FDD
:10D30000D2903567AAA5EB3FD2903567AAA5EBBFAF
:10D31000B73E4C87FC1CE03F42D7C7F47E77E93F1D
:10D32000F35906B15860E33FF35906B15860E3BFC3
:10D3300042D7C7F47E77E93F77F5DACEF039C13FBF
:10D3400041D7957179B5EF3F41D7957179B5EFBF69
:10D3500077F5DACEF039C13F9B09C924F997EF3F41
:10D360005A3E29B17655C43F5A3E29B17655C4BFBD
:10D370009B09C924F997EF3FEAF3FA25DBBEE23FA8
:10D3800094AF29EF43EFE93F94AF29EF43EFE9BFB3
:10D39000EAF3FA25DBBEE23F1257F53E4D3EEB3F86
:10D3A0008F895D4D70C9E03F8F895D4D70C9E0BFC9
:10D3B0001257F53E4D3EEB3F114345E54F93CD3FB0
:10D3C000DA3A76F75222EF3FDA3A76F75222EFBF97
:10D3D000114345E54F93CD3F2BBE2D62AEFEED3F91
:10D3E000C6273FDD7D4CD63FC6273FDD7D4CD6BFEF
:10D3F0002BBE2D62AEFEED3FCA3F6D2BC8A6DA3FB5
:10D40000DC353E74E717ED3FDC353E74E717EDBFC2
:10D41000CA3F6D2BC8A6DA3F6172035FE771E73F31
:10D420008C0165BE7BC7E53F8C0165BE7BC7E5BF50
:10D430006172035FE771E73FCD55947565D8A23FF0
:10D440005DF7FEEF72FAEF3F5DF7FEEF72FAEFBFA6
:10D45000CD55947565D8A23F5DF7FEEF72FAEF3FA8
:10D46000CD55947565D8A23FCD55947565D8A2BFAA
:10D470005DF7FEEF72FAEF3F8C0165BE7BC7E53FBB
:10D480006172035FE771E73F6172035FE771E7BFB6
:10D490008C0165BE7BC7E53FDC353E74E717ED3F89
:10D4A000CA3F6D2BC8A6DA3FCA3F6D2BC8A6DABFAC
:10D4B000DC353E74E717ED3FC6273FDD7D4CD63F98
:10D4C0002BBE2D62AEFEED3F2BBE2D62AEFEEDBF3C
:10D4D000C6273FDD7D4CD63FDA3A76F75222EF3F42
:10D4E000114345E54F93CD3F114345E54F93CDBFE4
:10D4F000DA3A76F75222EF3F8F895D4D70C9E03FEF
:10D500001257F53E4D3EEB3F1257F53E4D3EEBBFF9
:10D510008F895D4D70C9E03F94AF29EF43EFE93F3C
:10D52000EAF3FA25DBBEE23FEAF3FA25DBBEE2BF0F
:10D5300094AF29EF43EFE93F5A3E29B17655C43FF6
:10D540009B09C924F997EF3F9B09C924F997EFBFBD
:10D550005A3E29B17655C43F41D7957179B5EF3F11
:10D5600077F5DACEF039C13F77F5DACEF039C1BFC1
:10D5700041D7957179B5EF3FF35906B15860E33F54
:10D5800042D7C7F47E77E93F42D7C7F47E77E9BF39
:10D59000F35906B15860E33FD2903567AAA5EB3F37
:10D5A000B73E4C87FC1CE03FB73E4C87FC1CE0BFFD
:10D5B000D2903567AAA5EB3FAEFD370EB84FD03FEE
:10D5C000C273E4A378F1EE3FC273E4A378F1EEBF37
:10D5D000AEFD370EB84FD03F7EC12B4B6A42EE3FB7
:10D5E0006AE77842E2D1D43F6AE77842E2D1D4BF19
:10D5F0007EC12B4B6A42EE3FE71E01D84912DC3F49
:10D600005CFCFCF3F0C1EC3F5CFCFCF3F0C1ECBF54
:10D61000E71E01D84912DC3F711757E3ECF8E73FEA
:10D620009655A3928232E53F9655A3928232E5BF8A
:10D63000711757E3ECF8E73FE020F8796E65AF3FEC
:10D64000AD718E6595F0EF3FAD718E6595F0EFBFD2
:10D65000E020F8796E65AF3F095BBDFCCAE1EF3FA2
:10D6600019A49A0AD0F6B53F19A49A0AD0F6B5BF04
:10D67000095BBDFCCAE1EF3F39099B9B449AE43F3B
:10D68000BF2EBA0F407CE83FBF2EBA0F407CE8BFE8
:10D6900039099B9B449AE43F9B7388348B67EC3F2A
:10D6A00089E3865B7779DD3F89E3865B7779DDBF48
:10D6B0009B7388348B67EC3F5281E1C21054D33F97
:10D6C0000DD14CAB7B81EE3F0DD14CAB7B81EEBFDE
:10D6D0005281E1C21054D33F740BDFC8D8BBEE3F78
:10D6E0003EDB4C3F44D3D13F3EDB4C3F44D3D1BF24
:10D6F000740BDFC8D8BBEE3FD678EF5219DCDE3FA3
:10D7000049557226C408EC3F49557226C408ECBF3F
:10D71000D678EF5219DCDE3F0D94EFA3CCFBE83F47
:10D72000D4564553D9FEE33FD4564553D9FEE3BF03
:10D730000D94EFA3CCFBE83FD5C29EC78537BC3F15
:10D740007BA66DFD15CEEF3F7BA66DFD15CEEFBF21
:10D75000D5C29EC78537BC3F7720A1A39975EF3FFF
:10D7600031BF50DED96DC73F31BF50DED96DC7BF65
:10D770007720A1A39975EF3F59EB3399791AE23FCE
:10D78000E2FA021B0963EA3FE2FA021B0963EABFFD
:10D7900059EB3399791AE23F11D5219EBCD2EA3F69
:10D7A00049DBDE634D73E13F49DBDE634D73E1BF6F
:10D7B00011D5219EBCD2EA3F5104B025A082CA3FB8
:10D7C0002D2F0B3B604EEF3F2D2F0B3B604EEFBFDD
:10D7D0005104B025A082CA3F9BA0386252B6ED3FEB
:10D7E000E7CC1D31A9C3D73FE7CC1D31A9C3D7BFB3
:10D7F0009BA0386252B6ED3FD793BC632A37D93F1E
:10D800008BE6C9736169ED3F8BE6C9736169EDBF52
:10D81000D793BC632A37D93FAFA8EA5444E7E63F21
:10D820003D78F0251959E63F3D78F0251959E6BFB6
:10D83000AFA8EA5444E7E63F84C7DEFCD121893F24
:10D84000DB929B1662FFEF3FDB929B1662FFEFBFFE
:10D8500084C7DEFCD121893F928A8E85D8FFEF3FB5
:10D86000710067FEF021793F710067FEF02179BFFA
:10D87000928A8E85D8FFEF3F10AF9184F77CE63F08
:10D880007582C1730DC4E63F7582C1730DC4E6BFD6
:10D8900010AF9184F77CE63FF9ECB8020B7DED3FC9
:10D8A000B0A4C82EA5DAD83FB0A4C82EA5DAD8BF38
:10D8B000F9ECB8020B7DED3FC4AA4EB0E320D83F8F
:10D8C000888966A983A3ED3F888966A983A3EDBFF4
:10D8D000C4AA4EB0E320D83F849E78B1A258EF3F4F
:10D8E0006643DCF2CBBDC93F6643DCF2CBBDC9BFAA
:10D8F000849E78B1A258EF3FB8B9F2095A9DE13F32
:10D90000D4C0165932B7EA3FD4C0165932B7EABF6D
:10D91000B8B9F2095A9DE13F9DE69F52587FEA3F10
:10D920001B86BC8BF0F0E13F1B86BC8BF0F0E1BFA7
:10D930009DE69F52587FEA3FC6649CE86633C83F25
:10D94000B7BBF57D3F6CEF3FB7BBF57D3F6CEFBFDD
:10D95000C6649CE86633C83F840B221479D3EF3F3A
:10D96000035C4924B7A7BA3F035C4924B7A7BABFF1
:10D97000840B221479D3EF3FB16B8E17FF25E43F60
:10D98000CC98163345DCE83FCC98163345DCE8BF2D
:10D99000B16B8E17FF25E43FB071A93FDE20EC3F4D
:10D9A0001451F8EAE083DE3F1451F8EAE083DEBF69
:10D9B000B071A93FDE20EC3F71BBC3ABBB33D23F9C
:10D9C0008EA8E7E8B2ADEE3F8EA8E7E8B2ADEEBFB5
:10D9D00071BBC3ABBB33D23FF2F71D368490EE3F31
:10D9E0008703ECDA22F4D23F8703ECDA22F4D2BFC9
:10D9F000F2F71D368490EE3F58CC81148FD2DD3F74
:10DA000007692B014250EC3F07692B014250ECBFE4
:10DA100058CC81148FD2DD3FAAD44D9A7E9CE83F2A
:10DA20004773981BB573E43F4773981BB573E4BF06
:10DA3000AAD44D9A7E9CE83F215B5D6A5887B73F28
:10DA400056F4F19F53DDEF3F56F4F19F53DDEFBFE6
:10DA5000215B5D6A5887B73F5C578D0F83F3EF3FBB
:10DA6000E3D7C0128D42AC3FE3D7C0128D42ACBFAA
:10DA70005C578D0F83F3EF3F375197381058E53FD0
:10DA8000B23DC36C83D7E73FB23DC36C83D7E7BFDA
:10DA9000375197381058E53FF6328B89D9D7EC3F8C
:10DAA00001BD0423CFB7DB3F01BD0423CFB7DBBFEC
:10DAB000F6328B89D9D7EC3F243CAF80D830D53FA4
:10DAC00025CE70E8EA31EE3F25CE70E8EA31EEBFB0
:10DAD000243CAF80D830D53FEC950B0C22FEEE3FB6
:10DAE000F9EDDF1ADCDCCF3FF9EDDF1ADCDCCFBF6C
:10DAF000EC950B0C22FEEE3F1A22AE265648E03F74
:10DB0000E90475D2388CEB3FE90475D2388CEBBF51
:10DB10001A22AE265648E03F220DD82ECF95E93F77
:10DB2000578E0C0D4038E33F578E0C0D4038E3BF45
:10DB3000220DD82ECF95E93FCF7BECD41601C23F02
:10DB4000BBCF468E8EAEEF3FBBCF468E8EAEEFBFC5
:10DB5000CF7BECD41601C23FC8B2AD55CE9FEF3F8C
:10DB6000148DCDB0DB8EC33F148DCDB0DB8EC3BF23
:10DB7000C8B2AD55CE9FEF3F17EAE8E380E7E23F3A
:10DB8000D580EAF5B1D1E93FD580EAF5B1D1E9BF59
:10DB900017EAE8E380E7E23F051492FE8958EB3F7D
:10DBA000E1C51774909EE03FE1C51774909EE0BFF9
:10DBB000051492FE8958EB3F1B1A101ECA56CE3F21
:10DBC0005D20F7538F16EF3F5D20F7538F16EFBFA1
:10DBD0001B1A101ECA56CE3FAC8029CA0C10EE3F4D
:10DBE00093A69E3727EED53F93A69E3727EED5BF47
:10DBF000AC8029CA0C10EE3F09407F6C0D02DB3F60
:10DC000092BDB2FED402ED3F92BDB2FED402EDBF92
:10DC100009407F6C0D02DB3FE5554F570094E73F0D
:10DC200050725D2A8DA2E53F50725D2A8DA2E5BF3C
:10DC3000E5554F570094E73F43CD90D200FCA53FF8
:10DC4000DF81DBDA71F8EF3FDF81DBDA71F8EFBFFC
:10DC500043CD90D200FCA53FF8D3F11D25FCEF3F4A
:10DC600001CFD13137699F3F01CFD13137699FBF94
:10DC7000F8D3F11D25FCEF3F7470839534ECE53F3C
:10DC80008DD2A88D944FE73F8DD2A88D944FE7BFDA
:10DC90007470839534ECE53F9FEFE020B22CED3FAC
:10DCA000E5A1DE27414BDA3FE5A1DE27414BDABF94
:10DCB0009FEFE020B22CED3F177EC77D9DAAD63F97
:10DCC000DA47DEF705EDED3FDA47DEF705EDEDBFAC
:10DCD000177EC77D9DAAD63F9D9A08C9C92DEF3FE3
:10DCE00086B212B38CCFCC3F86B212B38CCFCCBFEE
:10DCF0009D9A08C9C92DEF3F7E8E2ABB26F4E03FCE
:10DD0000B4130047CD23EB3FB4130047CD23EBBF43
:10DD10007E8E2ABB26F4E03F37F9BAEA950CEA3F3B
:10DD2000A89C62270796E23FA89C62270796E2BF5D
:10DD300037F9BAEA950CEA3FF2C59785DF1BC53F74
:10DD4000DB41AEFFD58FEF3FDB41AEFFD58FEFBF9D
:10DD5000F2C59785DF1BC53F8641E41716BCEF3F30
:10DD60001D83BA47A072C03F1D83BA47A072C0BFCF
:10DD70008641E41716BCEF3F22EBDF854188E33F85
:10DD8000D76D8EE4EF58E93FD76D8EE4EF58E9BFC9
:10DD900022EBDF854188E33FEA8093C4D7BEEB3FA7
:10DDA0001012E74BF6E2DF3F1012E74BF6E2DFBF5F
:10DDB000EA8093C4D7BEEB3F90DBDBCFD9B0D03F36
:10DDC000BC9D5AE282E4EE3FBC9D5AE282E4EEBF83
:10DDD00090DBDBCFD9B0D03FFC9F72049F52EE3F67
:10DDE000541057A5B872D43F541057A5B872D4BF79
:10DDF000FC9F72049F52EE3F0B0097497F6CDC3F03
:10DE000000B9A069C1ABEC3F00B9A069C1ABECBFE0
:10DE10000B0097497F6CDC3FCC7AB5331B1AE83F87
:10DE20009BA0599FC00CE53F9BA0599FC00CE5BF2C
:10DE3000CC7AB5331B1AE83FB309D7340144B13F5C
:10DE4000C473B6EC58EDEF3FC473B6EC58EDEFBFBA
:10DE5000B309D7340144B13F40392EAFF3E5EF3F6A
:10DE6000962027791166B43F962027791166B4BFB2
:10DE700040392EAFF3E5EF3F0400EC45A1C0E43F8D
:10DE8000CC58E91AC55BE83FCC58E91AC55BE8BF36
:10DE90000400EC45A1C0E43FF33C23528E7EEC3FEE
:10DEA0005BDBE9E81620DD3F5BDBE9E81620DDBF40
:10DEB000F33C23528E7EEC3FB71404FACEB3D33F2B
:10DEC00044976ADB2772EE3F44976ADB2772EEBF06
:10DED000B71404FACEB3D33F84BFC3D3B2C9EE3F65
:10DEE000775176D7A072D13F775176D7A072D1BF44
:10DEF00084BFC3D3B2C9EE3F67D03F960534DF3F3E
:10DF0000DD7753E164F0EB3FDD7753E164F0EBBF85
:10DF100067D03F960534DF3FA29DD46F161BE93FC3
:10DF20004483C53882D7E33F4483C53882D7E3BFF3
:10DF3000A29DD46F161BE93FC99FAECB0EC7BD3F54
:10DF400021B7FE6C64C8EF3F21B7FE6C64C8EFBF19
:10DF5000C99FAECB0EC7BD3F6E3DE629A67EEF3F03
:10DF6000B24AF60413A8C63FB24AF60413A8C6BFC5
:10DF70006E3DE629A67EEF3F1FAC98FBD543E23FFE
:10DF8000C89A11C87846EA3FC89A11C87846EABFCD
:10DF90001FAC98FBD543E23F74143CB404EEEA3F57
:10DFA000EB6C33AF1549E13FEB6C33AF1549E1BF83
:10DFB00074143CB404EEEA3F22673DEF3247CB3F96
:10DFC000DD92FF85D043EF3FDD92FF85D043EFBF69
:10DFD00022673DEF3247CB3F600241CBD7C8ED3FD0
:10DFE000F618240F3466D73FF618240F3466D7BFCF
:10DFF000600241CBD7C8ED3FFFBD41617193D93F6E
:10E00000B13EE9526F55ED3FB13EE9526F55EDBF5C
:10E01000FFBD41617193D93F7A6D17B3420AE73F63
:10E02000E91B1CA30335E63FE91B1CA30335E6BF30
:10E030007A6D17B3420AE73FFD0EE3BB36D9923F34
:10E04000A1514BB49CFEEF3FA1514BB49CFEEFBFDE
:10E05000FD0EE3BB36D9923FA1514BB49CFEEF3F7E
:10E06000FD0EE3BB36D9923FFD0EE3BB36D992BF1E
:10E07000A1514BB49CFEEF3FE91B1CA30335E63FC7
:10E080007A6D17B3420AE73F7A6D17B3420AE7BFCA
:10E09000E91B1CA30335E63FB13EE9526F55ED3F46
:10E0A000FFBD41617193D93FFFBD41617193D9BFFC
:10E0B000B13EE9526F55ED3FF618240F3466D73F55
:10E0C000600241CBD7C8ED3F600241CBD7C8EDBF5E
:10E0D000F618240F3466D73FDD92FF85D043EF3F1B
:10E0E00022673DEF3247CB3F22673DEF3247CBBF40
:10E0F000DD92FF85D043EF3FEB6C33AF1549E13F35
:10E1000074143CB404EEEA3F74143CB404EEEABF69
:10E11000EB6C33AF1549E13FC89A11C87846EA3F26
:10E120001FAC98FBD543E23F1FAC98FBD543E2BF41
:10E13000C89A11C87846EA3FB24AF60413A8C63F07
:10E140006E3DE629A67EEF3F6E3DE629A67EEFBF37
:10E15000B24AF60413A8C63F21B7FE6C64C8EF3F6D
:10E16000C99FAECB0EC7BD3FC99FAECB0EC7BDBFCB
:10E1700021B7FE6C64C8EF3F4483C53882D7E33FC4
:10E18000A29DD46F161BE93FA29DD46F161BE9BF59
:10E190004483C53882D7E33FDD7753E164F0EB3F3A
:10E1A00067D03F960534DF3F67D03F960534DFBF29
:10E1B000DD7753E164F0EB3F775176D7A072D13F22
:10E1C00084BFC3D3B2C9EE3F84BFC3D3B2C9EEBFCD
:10E1D000775176D7A072D13F44976ADB2772EE3F22
:10E1E000B71404FACEB3D33FB71404FACEB3D3BFF7
:10E1F00044976ADB2772EE3F5BDBE9E81620DD3FE0
:10E20000F33C23528E7EEC3FF33C23528E7EECBFD8
:10E210005BDBE9E81620DD3FCC58E91AC55BE83F37
:10E220000400EC45A1C0E43F0400EC45A1C0E4BFFC
:10E23000CC58E91AC55BE83F962027791166B43FB0
:10E2400040392EAFF3E5EF3F40392EAFF3E5EFBF96
:10E25000962027791166B43FC473B6EC58EDEF3FB2
:10E26000B309D7340144B13FB309D7340144B1BF36
:10E27000C473B6EC58EDEF3F9BA0599FC00CE53F2F
:10E28000CC7AB5331B1AE83FCC7AB5331B1AE8BFFA
:10E290009BA0599FC00CE53F00B9A069C1ABEC3F02
:10E2A0000B0097497F6CDC3F0B0097497F6CDCBF0C
:10E2B00000B9A069C1ABEC3F541057A5B872D43F68
:10E2C000FC9F72049F52EE3FFC9F72049F52EEBF70
:10E2D000541057A5B872D43FBC9D5AE282E4EE3F79
:10E2E00090DBDBCFD9B0D03F90DBDBCFD9B0D0BF54
:10E2F000BC9D5AE282E4EE3F1012E74BF6E2DF3FAC
:10E30000EA8093C4D7BEEB3FEA8093C4D7BEEBBF8D
:10E310001012E74BF6E2DF3FD76D8EE4EF58E93F8E
:10E3200022EBDF854188E33F22EBDF854188E3BFB5
:10E33000D76D8EE4EF58E93F1D83BA47A072C03F06
:10E340008641E41716BCEF3F8641E41716BCEFBFC9
:10E350001D83BA47A072C03FDB41AEFFD58FEF3FB0
:10E36000F2C59785DF1BC53FF2C59785DF1BC5BF8B
:10E37000DB41AEFFD58FEF3FA89C62270796E23FB7
:10E3800037F9BAEA950CEA3F37F9BAEA950CEABFD1
:10E39000A89C62270796E23FB4130047CD23EB3FCA
:10E3A0007E8E2ABB26F4E03F7E8E2ABB26F4E0BF99
:10E3B000B4130047CD23EB3F86B212B38CCFCC3FD2
:10E3C0009D9A08C9C92DEF3F9D9A08C9C92DEFBF75
:10E3D00086B212B38CCFCC3FDA47DEF705EDED3FC6
:10E3E000177EC77D9DAAD63F177EC77D9DAAD6BF43
:10E3F000DA47DEF705EDED3FE5A1DE27414BDA3FD9
:10E400009FEFE020B22CED3F9FEFE020B22CEDBF5C
:10E41000E5A1DE27414BDA3F8DD2A88D944FE73F2F
:10E420007470839534ECE53F7470839534ECE5BFEC
:10E430008DD2A88D944FE73F01CFD13137699F3FEF
:10E44000F8D3F11D25FCEF3FF8D3F11D25FCEFBFFC
:10E4500001CFD13137699F3FDF81DBDA71F8EF3FC0
:10E4600043CD90D200FCA53F43CD90D200FCA5BF88
:10E47000DF81DBDA71F8EF3F50725D2A8DA2E53F54
:10E48000E5554F570094E73FE5554F570094E7BFD8
:10E4900050725D2A8DA2E53F92BDB2FED402ED3FDF
:10E4A00009407F6C0D02DB3F09407F6C0D02DBBF32
:10E4B00092BDB2FED402ED3F93A69E3727EED53F24
:10E4C000AC8029CA0C10EE3FAC8029CA0C10EEBFFC
:10E4D00093A69E3727EED53F5D20F7538F16EF3F6B
:10E4E0001B1A101ECA56CE3F1B1A101ECA56CEBF8C
:10E4F0005D20F7538F16EF3FE1C51774909EE03F04
:10E50000051492FE8958EB3F051492FE8958EBBF23
:10E51000E1C51774909EE03FD580EAF5B1D1E93F9F
:10E5200017EAE8E380E7E23F17EAE8E380E7E2BFC3
:10E53000D580EAF5B1D1E93F148DCDB0DB8EC33F74
:10E54000C8B2AD55CE9FEF3FC8B2AD55CE9FEFBF1D
:10E55000148DCDB0DB8EC33FBBCF468E8EAEEF3F6A
:10E56000CF7BECD41601C23FCF7BECD41601C2BFE7
:10E57000BBCF468E8EAEEF3F578E0C0D4038E33F3B
:10E58000220DD82ECF95E93F220DD82ECF95E9BF89
:10E59000578E0C0D4038E33FE90475D2388CEB3FC1
:10E5A0001A22AE265648E03F1A22AE265648E0BF51
:10E5B000E90475D2388CEB3FF9EDDF1ADCDCCF3F94
:10E5C000EC950B0C22FEEE3FEC950B0C22FEEEBF01
:10E5D000F9EDDF1ADCDCCF3F25CE70E8EA31EE3F03
:10E5E000243CAF80D830D53F243CAF80D830D5BF55
:10E5F00025CE70E8EA31EE3F01BD0423CFB7DB3F03
:10E60000F6328B89D9D7EC3FF6328B89D9D7ECBF5C
:10E6100001BD0423CFB7DB3FB23DC36C83D7E73FD7
:10E62000375197381058E53F375197381058E5BFA4
:10E63000B23DC36C83D7E73FE3D7C0128D42AC3FF6
:10E640005C578D0F83F3EF3F5C578D0F83F3EFBF64
:10E65000E3D7C0128D42AC3F56F4F19F53DDEF3F3C
:10E66000215B5D6A5887B73F215B5D6A5887B7BFFA
:10E6700056F4F19F53DDEF3F4773981BB573E43FAA
:10E68000AAD44D9A7E9CE83FAAD44D9A7E9CE8BFBE
:10E690004773981BB573E43F07692B014250EC3F69
:10E6A00058CC81148FD2DD3F58CC81148FD2DDBF7E
:10E6B00007692B014250EC3F8703ECDA22F4D23F8A
:10E6C000F2F71D368490EE3FF2F71D368490EEBFD0
:10E6D0008703ECDA22F4D23F8EA8E7E8B2ADEE3F32
:10E6E00071BBC3ABBB33D23F71BBC3ABBB33D2BF78
:10E6F0008EA8E7E8B2ADEE3F1451F8EAE083DE3FC2
:10E70000B071A93FDE20EC3FB071A93FDE20ECBF25
:10E710001451F8EAE083DE3FCC98163345DCE83F3D
:10E72000B16B8E17FF25E43FB16B8E17FF25E4BF59
:10E73000CC98163345DCE83F035C4924B7A7BA3FC1
:10E74000840B221479D3EF3F840B221479D3EFBFCB
:10E75000035C4924B7A7BA3FB7BBF57D3F6CEF3FD9
:10E76000C6649CE86633C83FC6649CE86633C8BF8D
:10E77000B7BBF57D3F6CEF3F1B86BC8BF0F0E13FF4
:10E780009DE69F52587FEA3F9DE69F52587FEABF21
:10E790001B86BC8BF0F0E13FD4C0165932B7EA3F7C
:10E7A000B8B9F2095A9DE13FB8B9F2095A9DE1BFE3
:10E7B000D4C0165932B7EA3F6643DCF2CBBDC93F3D
:10E7C000849E78B1A258EF3F849E78B1A258EFBFE3
:10E7D0006643DCF2CBBDC93F888966A983A3ED3FC0
:10E7E000C4AA4EB0E320D83FC4AA4EB0E320D8BF9D
:10E7F000888966A983A3ED3FB0A4C82EA5DAD83FC7
:10E80000F9ECB8020B7DED3FF9ECB8020B7DEDBFE2
:10E81000B0A4C82EA5DAD83F7582C1730DC4E63FF7
:10E8200010AF9184F77CE63F10AF9184F77CE6BF90
:10E830007582C1730DC4E63F710067FEF021793F18
:10E84000928A8E85D8FFEF3F928A8E85D8FFEFBFE0
:10E85000710067FEF021793F021D6221F6FFEF3F54
:10E86000BAA4CCBEF821693FBAA4CCBEF82169BFD6
:10E87000021D6221F6FFEF3F719CA1EAD18EE63FB7
:10E880009CE22FED5CB2E63F9CE22FED5CB2E6BF6E
:10E89000719CA1EAD18EE63F4FA44584C486ED3F2A
:10E8A00044EDD5864BACD83F44EDD5864BACD8BFB4
:10E8B0004FA44584C486ED3F3F90F3AA6A4FD83FEA
:10E8C000463D8BDD009AED3F463D8BDD009AEDBF66
:10E8D0003F90F3AA6A4FD83F5D6843EDA65DEF3FD6
:10E8E000FA2AB6E9495BC93FFA2AB6E9495BC9BFCA
:10E8F0005D6843EDA65DEF3FBF73131750B2E13F74
:10E900008EB92C7A54A9EA3F8EB92C7A54A9EABF61
:10E91000BF73131750B2E13FD25A546E678DEA3F6E
:10E920007248DC641BDCE13F7248DC641BDCE1BF45
:10E93000D25A546E678DEA3F0418C4271796C83F11
:10E94000EE3C88567567EF3FEE3C88567567EFBF23
:10E950000418C4271796C83F9E5CA72D0DD6EF3F1D
:10E960005CA824EBB6DFB93F5CA824EBB6DFB9BFE7
:10E970009E5CA72D0DD6EF3F80432A5B7F39E43F95
:10E98000554618756ACCE83F554618756ACCE8BFFD
:10E9900080432A5B7F39E43FF1E33149D12CEC3FDE
:10E9A00025D83C6DA857DE3F25D83C6DA857DEBF63
:10E9B000F1E33149D12CEC3FBA545599E663D23F8B
:10E9C0000058E69383A6EE3F0058E69383A6EEBF79
:10E9D000BA545599E663D23F306B0136EC97EE3F5F
:10E9E0002045954E1AC4D23F2045954E1AC4D2BF39
:10E9F000306B0136EC97EE3FDE41A966FFFEDD3F4E
:10EA000004C041318344EC3F04C041318344ECBF36
:10EA1000DE41A966FFFEDD3F881DDE1E87ACE83FB4
:10EA2000A2322B695A60E43FA2322B695A60E4BFDC
:10EA3000881DDE1E87ACE83FA130C112874FB83F6A
:10EA40008C531475FADAEF3F8C531475FADAEFBF72
:10EA5000A130C112874FB83FD3BEB154DCF4EF3FB1
:10EA600017835FBD01B1AA3F17835FBD01B1AABF84
:10EA7000D3BEB154DCF4EF3F9F649751C36AE53FC6
:10EA800033D3E29CB8C6E73F33D3E29CB8C6E7BFB6
:10EA90009F649751C36AE53F60A09927B3E2EC3FBA
:10EAA0009356FD14788ADB3F9356FD14788ADBBFBA
:10EAB00060A09927B3E2EC3FB467F4124060D53F01
:10EAC0007A1939448F29EE3F7A1939448F29EEBFDC
:10EAD000B467F4124060D53F8C73CF145A04EF3FF3
:10EAE0000238BD80747BCF3F0238BD80747BCFBFBE
:10EAF0008C73CF145A04EF3FB7B831ECF35DE03FAD
:10EB0000E992E786667FEB3FE992E786667FEBBF97
:10EB1000B7B831ECF35DE03FB2062BA4DFA4E93FC8
:10EB20001FA649EC2124E33F1FA649EC2124E3BFA3
:10EB3000B2062BA4DFA4E93F0934FD4D9964C23F1E
:10EB4000DCFD0CCBFBAAEF3FDCFD0CCBFBAAEFBF3F
:10EB50000934FD4D9964C23F91177AAC9BA3EF3FF6
:10EB6000A71645F97B2BC33FA71645F97B2BC3BFDF
:10EB700091177AAC9BA3EF3F1510444BC2FBE23FC9
:10EB8000C275F010D1C2E93FC275F010D1C2E9BF21
:10EB90001510444BC2FBE23F47BCFD148F65EB3FB1
:10EBA0008CB032201189E03F8CB032201189E0BF57
:10EBB00047BCFD148F65EB3F48E32D466BB8CE3F55
:10EBC0005F8F89BC9010EF3F5F8F89BC9010EFBFC3
:10EBD00048E32D466BB8CE3FD966DC2FA018EE3F38
:10EBE000B6B39D8BE7BED53FB6B39D8BE7BED5BF11
:10EBF000D966DC2FA018EE3F7219B31D972FDB3FAB
:10EC00007B46CEE830F8EC3F7B46CEE830F8ECBFF0
:10EC10007219B31D972FDB3FD297BF07F7A4E73FC9
:10EC2000DF23F7D50190E53FDF23F7D50190E5BF5E
:10EC3000D297BF07F7A4E73F864687A5BA8DA73FBF
:10EC400064911BBB53F7EF3F64911BBB53F7EFBFBE
:10EC5000864687A5BA8DA73F79A6E29CE0FCEF3FE8
:10EC60001D3BE54C4F459C3F1D3BE54C4F459CBF34
:10EC700079A6E29CE0FCEF3F106AE5BD7CFEE53F33
:10EC80004299078E553EE73F4299078E553EE7BFB2
:10EC9000106AE5BD7CFEE53FDCFBCB7BFC36ED3F3F
:10ECA000C00AB543651DDA3FC00AB543651DDABF2A
:10ECB000DCFBCB7BFC36ED3FB60C8A6398D9D63FA4
:10ECC000818D6D0F16E4ED3F818D6D0F16E4EDBF64
:10ECD000B60C8A6398D9D63FF0AE3A5A6833EF3F04
:10ECE000DD745D53906DCC3FDD745D53906DCCBF92
:10ECF000F0AE3A5A6833EF3F57A9D0487209E13F66
:10ED0000F5A24C2A7416EB3FF5A24C2A7416EBBF01
:10ED100057A9D0487209E13F5EA7C0D2261BEA3F3F
:10ED2000BA3C4DEF8B81E23FBA3C4DEF8B81E2BFA5
:10ED30005EA7C0D2261BEA3FDECB5486007FC53FCC
:10ED4000784BCB37A78BEF3F784BCB37A78BEFBFF9
:10ED5000DECB5486007FC53F888D0A0F47BFEF3F4B
:10ED60005BB86FADE80EC03F5BB86FADE80EC0BFDB
:10ED7000888D0A0F47BFEF3F2930D6E3239CE33F3E
:10ED80006C4AACE39049E93F6C4AACE39049E9BF77
:10ED90002930D6E3239CE33F27230DCB54CBEB3F15
:10EDA000DED2245C57B7DF3FDED2245C57B7DFBF2B
:10EDB00027230DCB54CBEB3FCE49174E5BE1D03F21
:10EDC0005186076AEBDDEE3F5186076AEBDDEEBF49
:10EDD000CE49174E5BE1D03FD36704559D5AEE3FB5
:10EDE000F03689DC1043D43FF03689DC1043D4BFC1
:10EDF000D36704559D5AEE3F895386C37F99DC3F04
:10EE000049C4B9198FA0EC3F49C4B9198FA0ECBF10
:10EE1000895386C37F99DC3FFF45F5139C2AE83F61
:10EE200086A4CC25CCF9E43F86A4CC25CCF9E4BF5C
:10EE3000FF45F5139C2AE83F4D44ED74960CB23F14
:10EE40000F4130259DEBEF3F0F4130259DEBEFBF8C
:10EE50004D44ED74960CB23F602D4885EAE7EF3FD4
:10EE600099A2C5129F9DB33F99A2C5129F9DB3BFA2
:10EE7000602D4885EAE7EF3F7F9F586DBCD3E43FA4
:10EE8000FA83AF11714BE83FFA83AF11714BE8BFC2
:10EE90007F9F586DBCD3E43F139C0287F589EC3FFC
:10EEA00021CDE1AE4BF3DC3F21CDE1AE4BF3DCBF36
:10EEB000139C0287F589EC3F71C26EE99BE3D33F57
:10EEC000A7535DC5616AEE3FA7535DC5616AEEBF9A
:10EED00071C26EE99BE3D33F0990995E83D0EE3F08
:10EEE0007893C6EF3E42D13F7893C6EF3E42D1BF02
:10EEF0000990995E83D0EE3FA3CD56E6DE5FDF3FFB
:10EF0000C15411611BE4EB3FC15411611BE4EBBF21
:10EF1000A3CD56E6DE5FDF3F15A8C51FA42AE93F53
:10EF200018C58149C4C3E33F18C58149C4C3E3BFC1
:10EF300015A8C51FA42AE93F3FAAE4FDB78EBE3F2E
:10EF4000F69A7D3B6EC5EF3FF69A7D3B6EC5EFBFEF
:10EF50003FAAE4FDB78EBE3F0CC6404A0F83EF3F89
:10EF60000D831D831A45C63F0D831D831A45C6BFF9
:10EF70000CC6404A0F83EF3F1071BB4C7358E23F01
:10EF8000C63B594A1838EA3FC63B594A1838EABFC7
:10EF90001071BB4C7358E23FB6579FD88FFBEA3FC6
:10EFA0004F25EECFE933E13F4F25EECFE933E1BF07
:10EFB000B6579FD88FFBEA3FAD5DF13463A9CB3FD5
:10EFC00065BC1BBC6B3EEF3F65BC1BBC6B3EEFBF23
:10EFD000AD5DF13463A9CB3F5A918AF3FED1ED3F89
:10EFE000921026C96337D73F921026C96337D7BF1F
:10EFF0005A918AF3FED1ED3FF2F90D447DC1D93F1C
:10F000002475181B5B4BED3F2475181B5B4BEDBF44
:10F01000F2F90D447DC1D93FBF410E96AC1BE73FCD
:10F02000FF22EC4FE422E63FFF22EC4FE422E6BF52
:10F03000BF410E96AC1BE73F26B2FA214DFD953F2E
:10F0400077CB70681CFEEF3F77CB70681CFEEFBF7C
:10F0500026B2FA214DFD953FD13BC54309FFEF3F55
:10F06000CB97B96A296A8F3FCB97B96A296A8FBF54
:10F07000D13BC54309FFEF3F5B537F431547E63F55
:10F08000755BC999CAF8E63F755BC999CAF8E6BFCE
:10F090005B537F431547E63F7F8A8872715FED3F80
:10F0A0008F94ABB75565D93F8F94ABB75565D9BF32
:10F0B0007F8A8872715FED3FAEDF13E6F594D73F2C
:10F0C0009A7595439EBFED3F9A7595439EBFEDBFE0
:10F0D000AEDF13E6F594D73FB4ABBC062249EF3F51
:10F0E000ABB9F3D5F1E4CA3FABB9F3D5F1E4CABF8C
:10F0F000B4ABBC062249EF3FBCE2DBE4365EE13F45
:10F10000EFEC45F368E0EA3FEFEC45F368E0EABF77
:10F11000BCE2DBE4365EE13F23F59010C954EA3FE0
:10F12000E2132C662D2FE23FE2132C662D2FE2BF57
:10F1300023F59010C954EA3FFFC4088DFD0AC73F6C
:10F140002A321A9C297AEF3F2A321A9C297AEFBF79
:10F15000FFC4088DFD0AC73F5443910347CBEF3FDF
:10F16000C17D303B53FFBC3FC17D303B53FFBCBF33
:10F170005443910347CBEF3F8006BEEA33EBE33FB6
:10F18000FE5E5743790BE93FFE5E5743790BE9BFBB
:10F190008006BEEA33EBE33F47B1A1259DFCEB3F80
:10F1A000FEF7BF061908DF3FFEF7BF061908DFBFED
:10F1B00047B1A1259DFCEB3F43F2E8FBF7A2D13F0D
:10F1C000B2F61A4BCFC2EE3FB2F61A4BCFC2EEBF29
:10F1D00043F2E8FBF7A2D13F5A16A529DB79EE3FAF
:10F1E000ABB653E3F583D33FABB653E3F583D3BF5D
:10F1F0005A16A529DB79EE3F9D60A82BD04CDD3F48
:10F20000D7AA9E891573EC3FD7AA9E891573ECBFC8
:10F210009D60A82BD04CDD3F95A19A1D0A6CE83F5C
:10F22000F122675179ADE43FF122675179ADE4BF36
:10F2300095A19A1D0A6CE83F0A4D4D4A772EB53FBD
:10F2400086D8E92BE9E3EF3F86D8E92BE9E3EFBF66
:10F250000A4D4D4A772EB53F9161820201EFEF3F93
:10F260006430464E617BB03F6430464E617BB0BF38
:10F270009161820201EFEF3FA69AD91CA81FE53FDA
:10F28000FA526E758B09E83FFA526E758B09E8BF2A
:10F29000A69AD91CA81FE53F99DA000AE2B6EC3F0E
:10F2A000293126476D3FDC3F293126476D3FDCBFC2
:10F2B00099DA000AE2B6EC3FF3821BD153A2D43FA5
:10F2C0005ECE81FF8D4AEE3F5ECE81FF8D4AEEBF5E
:10F2D000F3821BD153A2D43F44A5504C07EBEE3F21
:10F2E0001E66EB054E80D03F1E66EB054E80D0BFFC
:10F2F00044A5504C07EBEE3FE1822BC84007E03FAE
:10F300000DC4B6A049B2EB3F0DC4B6A049B2EBBFE5
:10F31000E1822BC84007E03FE17FBD423F68E93F03
:10F320008D7F811B5374E33F8D7F811B5374E3BF3B
:10F33000E17FBD423F68E93F8667B2BC4DD6C03F22
:10F34000B7AD668DD1B8EF3FB7AD668DD1B8EFBF21
:10F350008667B2BC4DD6C03F08AC854FF193EF3FF6
:10F3600088FA797FB1B8C43F88FA797FB1B8C4BF51
:10F3700008AC854FF193EF3F58EB7AE876AAE23F6D
:10F38000DE4931F1F4FDE93FDE4931F1F4FDE9BF39
:10F3900058EB7AE876AAE23FF37BF3A51531EB3F11
:10F3A000B6C44BB8D0DEE03FB6C44BB8D0DEE0BF49
:10F3B000F37BF3A51531EB3FEEBD2C4D7731CD3FFF
:10F3C000CE0946FC1728EF3FCE0946FC1728EFBFB1
:10F3D000EEBD2C4D7731CD3F9CA59B6AE3F5ED3F0B
:10F3E000CB63AD9C947BD63FCB63AD9C947BD6BF67
:10F3F0009CA59B6AE3F5ED3F1BF3DBD30C79DA3F69
:10F40000E1A4E5C65522ED3FE1A4E5C65522EDBFD6
:10F410001BF3DBD30C79DA3F6447302CC560E73F40
:10F420005C343EE7DED9E53F5C343EE7DED9E5BF3C
:10F430006447302CC560E73F7FC142DB8546A13F72
:10F44000AEFD25E455FBEF3FAEFD25E455FBEFBFD8
:10F450007FC142DB8546A13F14C008427CF9EF3FE3
:10F460007961F86F396AA43F7961F86F396AA4BF8E
:10F4700014C008427CF9EF3F48744F260BB5E53FB6
:10F480005BB3901BFB82E73F5BB3901BFB82E7BF44
:10F4900048744F260BB5E53FB9D2592F670DED3FA4
:10F4A00009DC5C1273D4DA3F09DC5C1273D4DABF76
:10F4B000B9D2592F670DED3F02C2885C591DD63F66
:10F4C000540F28D96607EE3F540F28D96607EEBFC0
:10F4D00002C2885C591DD63F084728BE7A1CEF3F00
:10F4E0009A09013F16F5CD3F9A09013F16F5CDBFA8
:10F4F000084728BE7A1CEF3FEC858F8705B4E03FB4
:10F500002579DE09744BEB3F2579DE09744BEBBF9F
:10F51000EC858F8705B4E03F7224B4ED82E0E93FCB
:10F52000B89B4ED333D3E23FB89B4ED333D3E2BF25
:10F530007224B4ED82E0E93F9348DB572FF2C33FDA
:10F5400029DEFB7CED9BEF3F29DEFB7CED9BEFBFD3
:10F550009348DB572FF2C33F4DD581C60DB2EF3F25
:10F56000E724BE40899DC13FE724BE40899DC1BFBD
:10F570004DD581C60DB2EF3FE14DC152524CE33F34
:10F58000947545F1AE86E93F947545F1AE86E9BFC5
:10F59000E14DC152524CE33F5E15D91FFA98EB3F43
:10F5A00096BDED55AE32E03F96BDED55AE32E0BFB3
:10F5B0005E15D91FFA98EB3FD2FDB906181FD03F50
:10F5C000C0A31CE5D6F7EE3FC0A31CE5D6F7EEBFFF
:10F5D000D2FDB906181FD03F85CE75EC333AEE3F09
:10F5E000487019DC6301D53F487019DC6301D5BF51
:10F5F00085CE75EC333AEE3FD9C0FF1715E5DB3FFA
:10F60000A0DEC220EECCEC3FA0DEC220EECCECBFF0
:10F61000D9C0FF1715E5DB3F8636B0873FE8E73FE7
:10F62000FC9D15F54F45E53FFC9D15F54F45E5BFA4
:10F630008636B0873FE8E73FC98E80F906D4AD3FF4
:10F64000ED31E11416F2EF3FED31E11416F2EFBFA8
:10F65000C98E80F906D4AD3F0733F72299DFEF3F1B
:10F6600029B1793E1BBFB63F29B1793E1BBFB6BF5A
:10F670000733F72299DFEF3FFF9160300387E43FC4
:10F68000A11B48E7668CE83FA11B48E7668CE8BFF2
:10F69000FF9160300387E43F5AF8FE59EF5BEC3F7F
:10F6A000D910FA5C0CA6DD3FD910FA5C0CA6DDBFC0
:10F6B0005AF8FE59EF5BEC3FAFBA38B61F24D33F80
:10F6C0002560AD5B0989EE3F2560AD5B0989EEBF22
:10F6D000AFBA38B61F24D33F11885B51CFB4EE3F89
:10F6E000BE27D7838503D23FBE27D7838503D2BFEA
:10F6F00011885B51CFB4EE3F2056F29506B0DE3F45
:10F70000575E46DCD914EC3F575E46DCD914ECBF9B
:10F710002056F29506B0DE3F496C489B10ECE83F5E
:10F720008C103D667212E43F8C103D667212E4BF8D
:10F73000496C489B10ECE83F4CF638ECA66FBB3F99
:10F740008760D858D1D0EF3F8760D858D1D0EFBF6D
:10F750004CF638ECA66FBB3FB77E4B43F670EF3FDD
:10F760001CCBD2BBA7D0C73F1CCBD2BBA7D0C7BF37
:10F77000B77E4B43F670EF3FD66075A1BA05E23F06
:10F78000F5609DDE3871EA3FF5609DDE3871EABFB5
:10F79000D66075A1BA05E23FC8FA3EBDFFC4EA3F94
:10F7A000E5463A1F5988E13FE5463A1F5988E1BFCF
:10F7B000C8FA3EBDFFC4EA3FDA31181B3E20CA3FFB
:10F7C000072DAF1F8B53EF3F072DAF1F8B53EFBF9D
:10F7D000DA31181B3E20CA3FB98AE62CF4ACED3F63
:10F7E000E44173D34DF2D73FE44173D34DF2D7BF19
:10F7F000B98AE62CF4ACED3FD17BEF81EF08D93F1D
:10F80000FF0D8C503F73ED3FFF0D8C503F73EDBFEC
:10F81000D17BEF81EF08D93FCDAF4AEFAFD5E63FBF
:10F8200086B3523F0F6BE63F86B3523F0F6BE6BF86
:10F83000CDAF4AEFAFD5E63F0397500E6BD9823F6D
:10F840004F8C972CA7FFEF3F4F8C972CA7FFEFBF54
:10F850000397500E6BD9823F4F8C972CA7FFEF3F39
:10F860000397500E6BD9823F0397500E6BD982BF1E
:10F870004F8C972CA7FFEF3F86B3523F0F6BE63FAD
:10F88000CDAF4AEFAFD5E63FCDAF4AEFAFD5E6BF3C
:10F8900086B3523F0F6BE63FFF0D8C503F73ED3F39
:10F8A000D17BEF81EF08D93FD17BEF81EF08D9BF42
:10F8B000FF0D8C503F73ED3FE44173D34DF2D73FC2
:10F8C000B98AE62CF4ACED3FB98AE62CF4ACEDBF76
:10F8D000E44173D34DF2D73F072DAF1F8B53EF3F5A
:10F8E000DA31181B3E20CA3FDA31181B3E20CABF4E
:10F8F000072DAF1F8B53EF3FE5463A1F5988E13F75
:10F90000C8FA3EBDFFC4EA3FC8FA3EBDFFC4EABF25
:10F91000E5463A1F5988E13FF5609DDE3871EA3FC0
:10F92000D66075A1BA05E23FD66075A1BA05E2BFFF
:10F93000F5609DDE3871EA3F1CCBD2BBA7D0C73F34
:10F94000B77E4B43F670EF3FB77E4B43F670EFBF89
:10F950001CCBD2BBA7D0C73F8760D858D1D0EF3FD0
:10F960004CF638ECA66FBB3F4CF638ECA66FBBBF2D
:10F970008760D858D1D0EF3F8C103D667212E43FBB
:10F98000496C489B10ECE83F496C489B10ECE8BF81
:10F990008C103D667212E43F575E46DCD914EC3F92
:10F9A0002056F29506B0DE3F2056F29506B0DEBF37
:10F9B000575E46DCD914EC3FBE27D7838503D23F80
:10F9C00011885B51CFB4EE3F11885B51CFB4EEBFCD
:10F9D000BE27D7838503D23F2560AD5B0989EE3F03
:10F9E000AFBA38B61F24D33FAFBA38B61F24D3BF3F
:10F9F0002560AD5B0989EE3FD910FA5C0CA6DD3FAE
:10FA00005AF8FE59EF5BEC3F5AF8FE59EF5BECBF3A
:10FA1000D910FA5C0CA6DD3FA11B48E7668CE83FD5
:10FA2000FF9160300387E43FFF9160300387E4BFBC
:10FA3000A11B48E7668CE83F29B1793E1BBFB63F62
:10FA40000733F72299DFEF3F0733F72299DFEFBF44
:10FA500029B1793E1BBFB63FED31E11416F2EF3FFD
:10FA6000C98E80F906D4AD3FC98E80F906D4ADBFEA
:10FA7000ED31E11416F2EF3FFC9D15F54F45E53FE2
:10FA80008636B0873FE8E73F8636B0873FE8E7BF76
:10FA9000FC9D15F54F45E53FA0DEC220EECCEC3FC6
:10FAA000D9C0FF1715E5DB3FD9C0FF1715E5DBBF50
:10FAB000A0DEC220EECCEC3F487019DC6301D53FDC
:10FAC00085CE75EC333AEE3F85CE75EC333AEEBF1A
:10FAD000487019DC6301D53FC0A31CE5D6F7EE3FA3
:10FAE000D2FDB906181FD03FD2FDB906181FD0BFEE
:10FAF000C0A31CE5D6F7EE3F96BDED55AE32E03F14
:10FB00005E15D91FFA98EB3F5E15D91FFA98EBBF27
:10FB100096BDED55AE32E03F947545F1AE86E93FB6
:10FB2000E14DC152524CE33FE14DC152524CE3BF53
:10FB3000947545F1AE86E93FE724BE40899DC13FFB
:10FB40004DD581C60DB2EF3F4DD581C60DB2EFBF89
:10FB5000E724BE40899DC13F29DEFB7CED9BEF3F42
:10FB60009348DB572FF2C33F9348DB572FF2C3BFB5
:10FB700029DEFB7CED9BEF3FB89B4ED333D3E23FB6
:10FB80007224B4ED82E0E93F7224B4ED82E0E9BF73
:10FB9000B89B4ED333D3E23F2579DE09744BEB3F5C
:10FBA000EC858F8705B4E03FEC858F8705B4E0BF17
:10FBB0002579DE09744BEB3F9A09013F16F5CD3FDD
:10FBC000084728BE7A1CEF3F084728BE7A1CEFBFC3
:10FBD0009A09013F16F5CD3F540F28D96607EE3F2D
:10FBE00002C2885C591DD63F02C2885C591DD6BF2F
:10FBF000540F28D96607EE3F09DC5C1273D4DA3F54
:10FC0000B9D2592F670DED3FB9D2592F670DEDBF0E
:10FC100009DC5C1273D4DA3F5BB3901BFB82E73FD5
:10FC200048744F260BB5E53F48744F260BB5E5BF2A
:10FC30005BB3901BFB82E73F7961F86F396AA43FA1
:10FC400014C008427CF9EF3F14C008427CF9EFBFB2
:10FC50007961F86F396AA43FAEFD25E455FBEF3FAB
:10FC60007FC142DB8546A13F7FC142DB8546A1BF04
:10FC7000AEFD25E455FBEF3F5C343EE7DED9E53FC2
:10FC80006447302CC560E73F6447302CC560E7BF50
:10FC90005C343EE7DED9E53FE1A4E5C65522ED3F01
:10FCA0001BF3DBD30C79DA3F1BF3DBD30C79DABF20
:10FCB000E1A4E5C65522ED3FCB63AD9C947BD63FD6
:10FCC0009CA59B6AE3F5ED3F9CA59B6AE3F5EDBF20
:10FCD000CB63AD9C947BD63FCE0946FC1728EF3F03
:10FCE000EEBD2C4D7731CD3FEEBD2C4D7731CDBFE4
:10FCF000CE0946FC1728EF3FB6C44BB8D0DEE03F34
:10FD0000F37BF3A51531EB3FF37BF3A51531EBBF87
:10FD1000B6C44BB8D0DEE03FDE4931F1F4FDE93F37
:10FD200058EB7AE876AAE23F58EB7AE876AAE2BF87
:10FD3000DE4931F1F4FDE93F88FA797FB1B8C43F7B
:10FD400008AC854FF193EF3F08AC854FF193EFBFBF
:10FD500088FA797FB1B8C43FB7AD668DD1B8EF3FAF
:10FD60008667B2BC4DD6C03F8667B2BC4DD6C0BF19
:10FD7000B7AD668DD1B8EF3F8D7F811B5374E33FE4
:10FD8000E17FBD423F68E93FE17FBD423F68E9BF97
:10FD90008D7F811B5374E33F0DC4B6A049B2EB3F86
:10FDA000E1822BC84007E03FE1822BC84007E0BF5B
:10FDB0000DC4B6A049B2EB3F1E66EB054E80D03FA6
:10FDC00044A5504C07EBEE3F44A5504C07EBEEBF6B
:10FDD0001E66EB054E80D03F5ECE81FF8D4AEE3F22
:10FDE000F3821BD153A2D43FF3821BD153A2D4BFC1
:10FDF0005ECE81FF8D4AEE3F293126476D3FDC3FC5
:10FE000099DA000AE2B6EC3F99DA000AE2B6ECBFF2
:10FE1000293126476D3FDC3FFA526E758B09E83F6A
:10FE2000A69AD91CA81FE53FA69AD91CA81FE5BF12
:10FE3000FA526E758B09E83F6430464E617BB03FE5
:10FE40009161820201EFEF3F9161820201EFEFBF0A
:10FE50006430464E617BB03F86D8E92BE9E3EF3F43
:10FE60000A4D4D4A772EB53F0A4D4D4A772EB5BF04
:10FE700086D8E92BE9E3EF3FF122675179ADE43F02
:10FE800095A19A1D0A6CE83F95A19A1D0A6CE8BFDE
:10FE9000F122675179ADE43FD7AA9E891573EC3FF3
:10FEA0009D60A82BD04CDD3F9D60A82BD04CDDBFC2
:10FEB000D7AA9E891573EC3FABB653E3F583D33FC6
:10FEC0005A16A529DB79EE3F5A16A529DB79EEBF34
:10FED000ABB653E3F583D33FB2F61A4BCFC2EE3F36
:10FEE00043F2E8FBF7A2D13F43F2E8FBF7A2D1BF10
:10FEF000B2F61A4BCFC2EE3FFEF7BF061908DF3F3E
:10FF000047B1A1259DFCEB3F47B1A1259DFCEBBF6F
:10FF1000FEF7BF061908DF3FFE5E5743790BE93F46
:10FF20008006BEEA33EBE33F8006BEEA33EBE3BF75
:10FF3000FE5E5743790BE93FC17D303B53FFBC3F29
:10FF40005443910347CBEF3F5443910347CBEFBF5B
:10FF5000C17D303B53FFBC3F2A321A9C297AEF3FC8
:10FF6000FFC4088DFD0AC73FFFC4088DFD0AC7BF47
:10FF70002A321A9C297AEF3FE2132C662D2FE23F9A
:10FF800023F59010C954EA3F23F59010C954EABFF5
:10FF9000E2132C662D2FE23FEFEC45F368E0EA3FD9
:10FFA000BCE2DBE4365EE13FBCE2DBE4365EE1BFAF
:10FFB000EFEC45F368E0EA3FABB9F3D5F1E4CA3FB3
:10FFC000B4ABBC062249EF3FB4ABBC062249EFBF3D
:10FFD000ABB9F3D5F1E4CA3F9A7595439EBFED3FA7
:10FFE000AEDF13E6F594D73FAEDF13E6F594D7BF47
:10FFF0009A7595439EBFED3F8F94ABB75565D93F3A
:020000023000CC
:100000007F8A8872715FED3F7F8A8872715FEDBF72
:100010008F94ABB75565D93F755BC999CAF8E63F70
:100020005B537F431547E63F5B537F431547E6BF6E
:10003000755BC999CAF8E63FCB97B96A296A8F3FC1
:10004000D13BC54309FFEF3FD13BC54309FFEFBF9C
:10005000CB97B96A296A8F3F77CB70681CFEEF3F58
:1000600026B2FA214DFD953F26B2FA214DFD95BFEE
:1000700077CB70681CFEEF3FFF22EC4FE422E63F97
:10008000BF410E96AC1BE73FBF410E96AC1BE7BFCE
:10009000FF22EC4FE422E63F2475181B5B4BED3F3B
:1000A000F2F90D447DC1D93FF2F90D447DC1D9BFAC
:1000B0002475181B5B4BED3F921026C96337D73F61
:1000C0005A918AF3FED1ED3F5A918AF3FED1EDBFEA
:1000D000921026C96337D73F65BC1BBC6B3EEF3F10
:1000E000AD5DF13463A9CB3FAD5DF13463A9CBBF06
:1000F00065BC1BBC6B3EEF3F4F25EECFE933E13FC4
:10010000B6579FD88FFBEA3FB6579FD88FFBEABF01
:100110004F25EECFE933E13FC63B594A1838EA3F55
:100120001071BB4C7358E23F1071BB4C7358E2BF67
:10013000C63B594A1838EA3F0D831D831A45C63F0E
:100140000CC6404A0F83EF3F0CC6404A0F83EFBFF7
:100150000D831D831A45C63FF69A7D3B6EC5EF3F62
:100160003FAAE4FDB78EBE3F3FAAE4FDB78EBEBFF7
:10017000F69A7D3B6EC5EF3F18C58149C4C3E33F86
:1001800015A8C51FA42AE93F15A8C51FA42AE9BFC1
:1001900018C58149C4C3E33FC15411611BE4EB3F5F
:1001A000A3CD56E6DE5FDF3FA3CD56E6DE5FDFBFC1
:1001B000C15411611BE4EB3F7893C6EF3E42D13F3F
:1001C0000990995E83D0EE3F0990995E83D0EEBF8F
:1001D0007893C6EF3E42D13FA7535DC5616AEE3FBB
:1001E00071C26EE99BE3D33F71C26EE99BE3D3BF5B
:1001F000A7535DC5616AEE3F21CDE1AE4BF3DC3F15
:10020000139C0287F589EC3F139C0287F589ECBFAC
:1002100021CDE1AE4BF3DC3FFA83AF11714BE83FE8
:100220007F9F586DBCD3E43F7F9F586DBCD3E4BF24
:10023000FA83AF11714BE83F99A2C5129F9DB33F5E
:10024000602D4885EAE7EF3F602D4885EAE7EFBF7C
:1002500099A2C5129F9DB33F0F4130259DEBEF3F03
:100260004D44ED74960CB23F4D44ED74960CB2BF04
:100270000F4130259DEBEF3F86A4CC25CCF9E43F20
:10028000FF45F5139C2AE83FFF45F5139C2AE8BF7C
:1002900086A4CC25CCF9E43F49C4B9198FA0EC3F22
:1002A000895386C37F99DC3F895386C37F99DCBF1E
:1002B00049C4B9198FA0EC3FF03689DC1043D43F14
:1002C000D36704559D5AEE3FD36704559D5AEEBF40
:1002D000F03689DC1043D43F5186076AEBDDEE3FF0
:1002E000CE49174E5BE1D03FCE49174E5BE1D0BF00
:1002F0005186076AEBDDEE3FDED2245C57B7DF3F65
:1003000027230DCB54CBEB3F27230DCB54CBEBBF97
:10031000DED2245C57B7DF3F6C4AACE39049E93F3B
:100320002930D6E3239CE33F2930D6E3239CE3BF67
:100330006C4AACE39049E93F5BB86FADE80EC03F53
:10034000888D0A0F47BFEF3F888D0A0F47BFEFBF69
:100350005BB86FADE80EC03F784BCB37A78BEF3F54
:10036000DECB5486007FC53FDECB5486007FC5BF01
:10037000784BCB37A78BEF3FBA3C4DEF8B81E23FF9
:100380005EA7C0D2261BEA3F5EA7C0D2261BEABFEB
:10039000BA3C4DEF8B81E23FF5A24C2A7416EB3F3D
:1003A00057A9D0487209E13F57A9D0487209E1BF67
:1003B000F5A24C2A7416EB3FDD745D53906DCC3F73
:1003C000F0AE3A5A6833EF3FF0AE3A5A6833EFBFB7
:1003D000DD745D53906DCC3F818D6D0F16E4ED3F64
:1003E000B60C8A6398D9D63FB60C8A6398D9D6BF23
:1003F000818D6D0F16E4ED3FC00AB543651DDA3FF0
:10040000DCFBCB7BFC36ED3FDCFBCB7BFC36EDBF76
:10041000C00AB543651DDA3F4299078E553EE73F56
:10042000106AE5BD7CFEE53F106AE5BD7CFEE5BFD8
:100430004299078E553EE73F1D3BE54C4F459C3F9B
:1004400079A6E29CE0FCEF3F79A6E29CE0FCEFBFDE
:100450001D3BE54C4F459C3F64911BBB53F7EF3F61
:10046000864687A5BA8DA73F864687A5BA8DA7BFC2
:1004700064911BBB53F7EF3FDF23F7D50190E53FB6
:10048000D297BF07F7A4E73FD297BF07F7A4E7BF0C
:10049000DF23F7D50190E53F7B46CEE830F8EC3F0F
:1004A0007219B31D972FDB3F7219B31D972FDBBF56
:1004B0007B46CEE830F8EC3FB6B39D8BE7BED53F28
:1004C000D966DC2FA018EE3FD966DC2FA018EEBF4E
:1004D000B6B39D8BE7BED53F5F8F89BC9010EF3FD1
:1004E00048E32D466BB8CE3F48E32D466BB8CEBFF0
:1004F0005F8F89BC9010EF3F8CB032201189E03FB4
:1005000047BCFD148F65EB3F47BCFD148F65EBBF07
:100510008CB032201189E03FC275F010D1C2E93FA2
:100520001510444BC2FBE23F1510444BC2FBE2BF27
:10053000C275F010D1C2E93FA71645F97B2BC33F26
:1005400091177AAC9BA3EF3F91177AAC9BA3EFBFB7
:10055000A71645F97B2BC33FDCFD0CCBFBAAEF3F75
:100560000934FD4D9964C23F0934FD4D9964C2BF01
:10057000DCFD0CCBFBAAEF3F1FA649EC2124E33F97
:10058000B2062BA4DFA4E93FB2062BA4DFA4E9BF87
:100590001FA649EC2124E33FE992E786667FEB3F03
:1005A000B7B831ECF35DE03FB7B831ECF35DE0BFD5
:1005B000E992E786667FEB3F0238BD80747BCF3FD0
:1005C0008C73CF145A04EF3F8C73CF145A04EFBFCF
:1005D0000238BD80747BCF3F7A1939448F29EE3FB2
:1005E000B467F4124060D53FB467F4124060D5BFE1
:1005F0007A1939448F29EE3F9356FD14788ADB3FF0
:1006000060A09927B3E2EC3F60A09927B3E2ECBF6A
:100610009356FD14788ADB3F33D3E29CB8C6E73F9C
:100620009F649751C36AE53F9F649751C36AE5BFD2
:1006300033D3E29CB8C6E73F17835FBD01B1AA3F41
:10064000D3BEB154DCF4EF3FD3BEB154DCF4EFBF02
:1006500017835FBD01B1AA3F8C531475FADAEF3FDF
:10066000A130C112874FB83FA130C112874FB8BF28
:100670008C531475FADAEF3FA2322B695A60E43FCB
:10068000881DDE1E87ACE83F881DDE1E87ACE8BFF4
:10069000A2322B695A60E43F04C041318344EC3FED
:1006A000DE41A966FFFEDD3FDE41A966FFFEDDBF3C
:1006B00004C041318344EC3F2045954E1AC4D23FDB
:1006C000306B0136EC97EE3F306B0136EC97EEBFA6
:1006D0002045954E1AC4D23F0058E69383A6EE3FBC
:1006E000BA545599E663D23FBA545599E663D2BFDE
:1006F0000058E69383A6EE3F25D83C6DA857DE3F11
:10070000F1E33149D12CEC3FF1E33149D12CECBF7D
:1007100025D83C6DA857DE3F554618756ACCE83F92
:1007200080432A5B7F39E43F80432A5B7F39E4BF03
:10073000554618756ACCE83F5CA824EBB6DFB93F94
:100740009E5CA72D0DD6EF3F9E5CA72D0DD6EFBF6B
:100750005CA824EBB6DFB93FEE3C88567567EF3FE7
:100760000418C4271796C83F0418C4271796C8BF93
:10077000EE3C88567567EF3F7248DC641BDCE13F56
:10078000D25A546E678DEA3FD25A546E678DEABFD3
:100790007248DC641BDCE13F8EB92C7A54A9EA3F35
:1007A000BF73131750B2E13FBF73131750B2E1BFCD
:1007B0008EB92C7A54A9EA3FFA2AB6E9495BC93FB7
:1007C0005D6843EDA65DEF3F5D6843EDA65DEFBF5D
:1007D000FA2AB6E9495BC93F463D8BDD009AED3FF9
:1007E0003F90F3AA6A4FD83F3F90F3AA6A4FD8BF11
:1007F000463D8BDD009AED3F44EDD5864BACD83FAE
:100800004FA44584C486ED3F4FA44584C486EDBF04
:1008100044EDD5864BACD83F9CE22FED5CB2E63F71
:10082000719CA1EAD18EE63F719CA1EAD18EE6BF10
:100830009CE22FED5CB2E63FBAA4CCBEF821693F42
:10084000021D6221F6FFEF3F021D6221F6FFEFBF9E
:10085000BAA4CCBEF821693F58ABF22DD837D111DC
:1008600074F9F53FF6400C59B775B9851DE4983811
:10087000F98F8550EF64A920EB573897AED1071157
:1008800037EA2092C21EFE0739A437CDCAAF5D03F6
:10089000426D210683D944015516F8EAEE6B6D00CE
:1008A0004CA86F0DA0E120009CDA9DCDDDCD0800A5
:1008B000B4DCDCC32F190200E9573CCDDF71000026
:1008C000EB768D9374150000E5330C4B9703000015
:1008D000FEA63D9D88000000CBC6DD04120000008E
:1008E0007AB2D31B020000005E1F0938000000002E
:1008F000B07D28050000000028C56B000000000046
:10090000FBCB070000000000FC7F0000000000009F
:1009100046070000000000005E000000000000002C
:1009200004000000000000000000000000000000C3
:1009300000000000000000008B56440638DDF13F47
:100940002686ADDC2E1DF23F7A7CAAE1465CF23FA2
:1009500025FB4A575CB9F23FB622FEC7AB14F33F02
:10096000C3D775344E6EF33F24C2A1665AC6F33F17
:10097000A0B38C35E51CF43F757A1FBF0172F43FBC
:1009800064C79099C1C5F43F00000000000000005A
:100990009A16247EEB487C3FD9AE8C540AE57B3F07
:1009A0002C769EE02E857B3F36DACAD35EFC7A3FFA
:1009B000EDB376093B7B7A3F989CCA8212017A3F5D
:1009C00036275FCE498D793FEED96EC5571F793FE7
:1009D000CAC764DEC2B6783FE31A31F61E53783FC9
:1009E0000100000000000000828000000000000004
:1009F0008A800000000000800080008000000080ED
:100A00008B8000000000000001000080000000005A
:100A100081800080000000800980000000000080CC
:100A20008A000000000000008800000000000000B4
:100A300009800080000000000A0000800000000023
:100A40008B800080000000008B0000000000008010
:100A5000898000000000008003800000000000800A
:100A60000280000000000080800000000000008084
:100A70000A800000000000000A00008000000080E2
:100A800081800080000000808080000000000080E5
:100A9000010000800000000008800080000000804D
:100AA00007100000680A002001010000780A0020F9
:100AB0000913000042520300000000007A8C01007C
:100AC0004A2F0300418B0600879C0D0018451C002F
:100AD00046A23A00B6747900C049FB0026540702CA
:100AE0009A29300404000000000000000B00000000
:100AF00001000000180000000100000032000000AA
:100B0000010000006600000001000000CA000000B3
:100B10000200000091010000040000001A03000020
:100B2000050000002906000008000000420C00003B
:100B30000D000000A41800001900000002000000D1
:100B40000200000005000000070000000C0000008B
:100B500015000000280000004E0000009D0000006D
:100B6000340100000100000001000000020000004C
:100B70000200000004000000070000000E0000005A
:100B80001B000000350000006A000000D1000000DA
:100B900001D8FF7F45ADD616FF2700000190FE7FEC
:100BA00089F29F0CE10C191C0188FE7F5AD53E0288
:100BB000190B3C4F0160FE7F3E2AD775BEEAB5395E
:100BC0000118FE7F3AA09B3FEF2DE5070100FE7F55
:100BD000FADDBA5FB157AF2301E8FD7FF9163B7923
:100BE000A034F53E01C8FD7F8189926236531C19FD
:100BF0000158FD7F335C9F2532953B420128FD7FE4
:100C0000F7F97E799DB61B3E0120FD7FE3FDF97467
:100C1000A1A128010148FC7FE7B72C7D78E10E15E2
:100C20000138FC7F6E95AE76CBB98F6501F0FB7F06
:100C30007AB7C71EBD96094B01C0FB7F9427661883
:100C4000D1E9F34001A0FB7FBFEF4C37CC3E0174EC
:100C50000158FB7F2B0FC443C4044A500128FA7F7C
:100C60003C2FC633B3ECCA2901E0F97FC82E1671B8
:100C7000C632D32401C0F97FB31795706DB87009DF
:100C80000168F97FF7907D018FA9281F0148F97F3E
:100C90008FF58513450D38020138F97FC82EAD2D2B
:100CA0008CA58D430170F87F5256086FD1086704F8
:100CB0000110F87FD80A1E182B49EC260100F87F96
:100CC0005EE26D73B5AD503B01B0F77FF033F85C79
:100CD0002922D8250138F77FDCB930194C9D51768F
:100CE00001E0F67FB2066168EAC0C61101A8F67F8E
:100CF0005B9C81220DAE64110148F67F413667424C
:100D0000728F97360118F67F22105B7B4447DA0218
:100D100001D8F57F08398E5C5F7785260130F57F35
:100D2000C7569F71BBFE3C5F01E8F47FBA4F1D6E52
:100D3000082E334901B8F47F8690686C25191E4649
:100D400001A0F47FDE56A4424E95E13E0198F47F67
:100D5000BE541A0349E4A2370140F47F30294D23E1
:100D60004657D75301F8F37F1588AF0F8D88405A47
:100D70000160F37FABCFD9280315EB160148F37F51
:100D8000B8FD4B3779BF0A200138F37F123D2203AB
:100D900065A4416B0130F37F247B1A4C30696750A6
:100DA0000190F27F59178530B8F9B05A0118F27FD7
:100DB0005815126EF9B5214E01B8F17F9A71CC36F3
:100DC0004556BD3C0120F17FBC940B28E0B84C0295
:100DD00001E0F07F0026EC107227BC1F01D8F07FE5
:100DE0001B54196AEAB56E350160F07F32978C1397
:100DF0005440264F0130F07FD5941D4E05C4233951
:100E00000118F07FBEE49018D8681F110108F07F28
:100E100091AB79114675CB7701F0EF7FF4D8AB0A2F
:100E20008011035101C0EF7FD0DA705AE006B56A35
:100E30000190EF7F66764F6023A4765E0188EF7F96
:100E400035B3453172EC2F240128EF7F1C3E3A0068
:100E5000EFAB127101E8EE7FF83BCD485F046E7690
:100E600001C8EE7F1070BC52F87BA9320180EE7F82
:100E700055D17E6BE498AD620120EE7F3124013DB7
:100E800097E64F1001D8ED7FD8F60C408710DC1B99
:100E900001B0ED7FBC4791319EA3D55A0178EC7F1C
:100EA0008F767D2A8E84C94501B8EB7F82A1336994
:100EB000BB6C783F0188EB7F6527652557ADDA531A
:100EC0000150EB7FFD2FAC61415B7A7C01E0EA7F52
:100ED000FA565C5ADAD62A2901C8EA7FC1152F4D85
:100EE000629AC81201C0EA7F2DAAC6736108073A48
:100EF0000190EA7FB6FEE06DECF0177F0148EA7FD3
:100F00002A747D4139A07B150118EA7F30B76460EF
:100F1000EEDE58740100EA7F8110A26BA16AB87BF3
:100F200001A8E97F05D136104E0380680128E97FCA
:100F30002831EA4756CE3C790100E97F106A224AFF
:100F40006C52F04501D0E87F479CE1344AC45F4CC5
:100F500001F0E77F17AA6862A82E03360178E77FC1
:100F6000F096BB63BCDE323E0168E77FEA4B1C496A
:100F70000C336F5301F0E67FB5845757BAB0F24E89
:100F800001D0E67F395B954497A906210190E67F61
:100F9000AA5F350D3FB478190118E67FF9064B2496
:100FA00092CADE1201A0E57F9EE20B66A04A64644D
:100FB0000170E57F93909F4D9CAF342B0138E57F06
:100FC0007D7CCC1EB4C8BA1901C8E47F5B63441FA2
:100FD00029018B6001A8E47F97B5C672E3FF963ABA
:100FE0000198E47FCEF5A41BFCF7134D0160E47F6C
:100FF0001C76FF2D6DDD8E3401B8E37FF102FA59C6
:10100000FC2CE9310130E37F10AAA70DAB1FC332DE
:101010000110E37F49911A6B588EDE250120E27F93
:1010200022C7A22A3178F86301A8E17FDA560B3E85
:101030004839F60B0138E17FCDDC9C38D261D56BA5
:1010400001E8E07F5ABEC563916BAE050110E07FF9
:101050009CF418309FCA275501C8DF7F6CD698537F
:10106000A67F7F0901A0DF7FEA44A57E9D45B85E8B
:101070000198DF7F5B9F91486241135D0188DF7FAC
:101080001AAE2A146FB0FF040158DF7F0482585251
:10109000F2713B260110DF7FB6F6497087991A5B23
:1010A00001F8DE7FB822984F4C2DEC0301E0DE7F83
:1010B0006AB3357710746D7201B0DE7FD2934E390A
:1010C000E24C49490168DE7FCF9E4436ED37117509
:1010D00001A8DD7F8D38AB307FC6D41A0170DD7F6B
:1010E000FA508A55840BF66A01F8DC7F1F40FF0135
:1010F0007E50D84B01E0DC7F0953141049AE4652B4
:1011000001C8DC7FFB625C0392D97D4E0150DB7F1E
:101110002571947D5C24F5520170DA7F686A57501E
:101120004E1FF22A0158DA7F6E0C530C73476F6220
:101130000128DA7F14A66270A44F0D530180D97F75
:10114000033AE86BFB52E7010140D97F1E6CDF4D8B
:1011500080E55D780120D97F9A3939029EE4C26D1D
:101160000180D87FF8F3735F27AC6A090168D87FE4
:1011700092CBE20564BDDF7E0148D87F5A90A36917
:101180005834BF7B0108D87FCA31B7532CE2FE78B0
:101190000178D77F72E6C12F94A33C180128D77F2E
:1011A000A3A2D014E2AA78590100D77F0813F35BF9
:1011B000078E427C01B8D67F24592A484B321868E2
:1011C0000170D67FC3B557446961B42A0168D67FE0
:1011D0005006111131E2B36C01F8D57F6F115250F6
:1011E00011FA786D01F0D57FEE43086BDC17031F11
:1011F0000178D57F9531A24DB933D7320108D57F1B
:10120000EE9620409F94191E0198D37FF0ECD80BE6
:1012100096AC63600150D37FBF232A13CBA4490946
:101220000140D37F7CC886306C0B7A6C0108D37F79
:1012300026F40A222F55653901D8D27FC60A1D68C7
:1012400099B5250001A8D27FA596906CDB006707B1
:101250000100D27FBA9BB536662F1B4B01D8D17FD8
:101260003D338E16F3B5885D0148D17FE4CA710A1B
:101270001BC3D06C0118D17F43FE476575B9F514C7
:101280000180D07FA7AEE33F2DC21C390128D07F5B
:101290007B8D17692624352001F8CF7F1498313FC4
:1012A000FFF6CF3601E0CF7FC6728C27DC28575679
:1012B00001D8CF7FB1620C3FF8152E230190CF7F6C
:1012C000F082A265A011FB560160CF7FE9AC6B13E1
:1012D00066004A620148CF7FEDD2082C8632AB1AF5
:1012E0000190CE7F62425C3967DD3A350178CE7F6E
:1012F000F537A962BE0BB2350150CD7FE6C76F0E40
:1013000000C7735D0138CD7F8C58DC2D2EDD624A1D
:1013100001F0CC7FF7511A132E1CBF1E01B0CC7FF9
:101320006A15B76176A7F22D01F0CB7F91B50269FE
:10133000B8FD793901D8CB7F61E90519F867310C1F
:101340000148CB7F2520B327F06DA27C0100CB7F25
:101350000FB442541290855A0120CA7F8A62CF4945
:10136000CF2E5A1C01F0C97F756A4D12FECA234662
:101370000198C97FD770F57A0B66E52E0150C97FB9
:1013800051FBC14F73AF1E5D0130C97F29E10F04CE
:10139000F30D32050118C97FFACCF036B6FE82177C
:1013A00001A0C87F41C4E62ACCCDFA070158C87F06
:1013B0002A73824443A3F56E0138C77F2686316EB7
:1013C000C1BCA04F0120C77F1673134FC4A42306CE
:1013D0000178C67F5F0B2A30D4E5F4440120C67F34
:1013E00063812617B391D37201D0C57FAEE41B553C
:1013F000F9F3B46801C0C57F7D75F971BDC5CE3AFA
:101400000170C57FAFA1A97931DF29160160C57FC1
:1014100051D4494CCE65A3780148C57F568CF12A3A
:10142000C6E0CA520110C57F4FA1624DC6DD4567B7
:1014300001B8C47F683C505C22A9CD6C0140C47FD8
:1014400088B5FB2461B100400128C47FCF8B36737F
:10145000CD2493380108C47F886D1E159E177862CD
:1014600001D8C37FA0CB6A222250634101B0C37F61
:10147000A68D5415B777871C0190C37F29C0437888
:10148000543C6B5C0150C37F3BB5DD7BA5EABC6C73
:101490000108C37FD5E39024F6459B5F01C0C27F5E
:1014A000AB766A575C5DED1D0118C27FBB1D7C42A7
:1014B000B7E5433E0170C17F7D339500F64A657103
:1014C0000158C17FBC0ED45C4B38997A0120C17F92
:1014D0006749DD26437F2D750190BF7F33BC4B5795
:1014E000C510CB5A0158BF7F6150D36FDCFB912DE3
:1014F00001C8BE7F21D542604C247B7201B0BE7F03
:101500008FAA793A81122D7A0108BE7F8D681C6EF0
:1015100071926C2B0190BD7FB9408D39C0DBF123F6
:101520000178BD7F27479A7F07647F000120BD7F38
:10153000C35E395CFFC960290100BD7FFA675A2686
:101540004567037601D8BC7F82DD3D0BB6FCC478CD
:101550000188BC7F1FD8C8625B727F160160BC7FA8
:101560008E45DA06B1405E3A01F8BB7F6E013C65FC
:1015700060FD605601B0BB7FAB2E076F3DF5B067D5
:101580000188BB7FE9B8192D3232603B0138BB7F3F
:10159000CA144E3756AE8C450110BB7FDD47F2357D
:1015A00026EE74270150BA7F9295700227EA856A69
:1015B00001F0B97FF0407E76D6CC402801D8B97FC3
:1015C0007BD7882FA5DBDC4E01A0B97FE691437B5A
:1015D000278927540178B97F02A68C48BF67BC557C
:1015E0000100B97FC7AC6E189A695F690198B87F2E
:1015F00041CF644707DA71150150B87F95DF5F2648
:101600003EFEA11E0138B87F420C586691CE0C0DEB
:101610000160B77FFE2B5305C923D6180120B77F81
:1016200005B55A00D354DF500160B67FF7EBEC34B8
:101630004AE89E7B0110B67FC4130D09A36930628E
:1016400001F0B47F8153D264086C66580178B47F8E
:10165000C8C59B76010DB5430168B47F96312D391D
:1016600001E24F5B0160B47F3910041BD20CDA66D3
:101670000100B47FC6ED8D5B89E9D90A01F0B37F23
:101680006AA0FB21772DCF2901B0B27F281A7D13E4
:10169000AB948D1801E0B17F02A0E06335826E5AF1
:1016A00001B0B17F9E96BA39BF77EB5D0160B17F23
:1016B00096B58C528C2372690120B17FFA44D9759A
:1016C00074BC4C6D01C0B07F49D7AA05C5653566AD
:1016D00001A8B07F4FF88406D5D2CF3F0190B07FEC
:1016E000FECB02015911DA290158B07FC31703213B
:1016F0002B19B6190180AF7FFF7B640E6E106D7AD7
:1017000001D8AE7F0E9E076BB094803D01D0AD7FB7
:101710007EBD4548BF097C2A01A8AD7F1884226997
:10172000E3EF02310188AD7FB1A9632662DA376940
:101730000178AD7FC83CB7063D8756260100AD7FD6
:10174000FFECB7527E3B5C4D01B8AC7FE124B92E73
:101750000249A13B0180AC7F184FFB3549A01964B9
:1017600001F0AB7F91CDAB2F05F0E61B0178AB7F8D
:101770007C483073D3DBC71A0150AB7FF8520A5B49
:1017800095E22D320148AB7F63E0544A2CDA552CA8
:1017900001D8AA7FF35D81476645F11701A8AA7FAA
:1017A0007ED6F2084C428A660128AA7F52BFBC4C02
:1017B0002903922701C8A97FC333D6244AEA6E6C55
:1017C0000198A97F0E5C943BB074A1530110A97FCE
:1017D00055B1E004E569CF5A01D8A87F88152707DD
:1017E0008C4FA11B01A8A87FBD854C071AD5A77EE9
:1017F0000180A87FF9887608D16F0C380188A77F0F
:10180000DE6AFE34FB99701C0158A77FC917531379
:101810005AE1E8420148A77FEB60154641CDE2510D
:101820000110A77F260661422A23B2110108A67F74
:101830001A09133B1320875E01F8A57F9173885323
:1018400010516F6B01D8A57FCE77B25D94DE7B2AF5
:101850000168A57FA07008429D9B854A01F0A47F86
:10186000DB06B70B6A25381501A0A47FB233546795
:10187000A2AE393F0170A47FEB7F2A1342CCA24570
:101880000110A47F8B2C261E5B23B42B0190A27F1A
:101890002256343D048E86380108A27FB098553810
:1018A000AEB3F47E01E8A17F64B9866F1AD6E66D07
:1018B0000170A17F8AFDBA6AA0FC55680128A17F4A
:1018C000E03111525096180B01F8A07FF89DF07E80
:1018D00047D5DB6F01C8A07FD0087D7F9CECDE4F31
:1018E0000158A07FEBFF3773D5CED6400150A07FC3
:1018F000EB532B71F133796A0128A07FCCC8053BEB
:10190000B9AB113801C09F7F65D8D3533258313BF2
:1019100001989F7FA3C24F4B57163A1101309E7F0B
:1019200093D38C58C265451E01E09D7FC4DF5C7077
:10193000F1558D1201B09D7F3FDE974C26D5BE102C
:1019400001809D7F067C0D5BE6945A1601409D7FC9
:10195000F8DB7B532C12D10901109D7F7832BA2518
:101960005BA9963901089D7F32D2ED79DE68F14C92
:1019700001F89C7F23F034546DA25F1601309C7FE8
:10198000F059E22A14C3CF2E01F09B7F3C11B20222
:101990007DC6DC3101D09B7F4C2AFC44D1DBB63BB9
:1019A00001589B7F70479910FC1E187D01989A7F03
:1019B000718021635A91143701D8997F8733D52FCD
:1019C0009EDAE9790180997FAD467C6C50544E6B6C
:1019D0000178997F3119B6456318937D0170987F1E
:1019E0007ACA9D07CBE269700140987F8D5CF40054
:1019F000DBEE734101C8977F96C0B127B7E5176B3F
:101A000001E0967FB3382C3EDA4E7D1601A8967F12
:101A10004303496759F0AC590180967F8340011216
:101A200048165B150178967F05B2770BF71ECB71D0
:101A30000150967F93283C18DE1D0E460130967F9C
:101A4000E6583D689FF84A1F0118957F16CCC41DC3
:101A50000640763D01F8947FB1246A7058CF633D0B
:101A60000150947F6459675835E7E9630138947FE2
:101A7000F161176A1C4F6D320120947F1D912B1F5D
:101A8000655D436C01A8937F79481E7399724D4D33
:101A90000168937F0B8A48722C09C6080138937F2E
:101AA0000141FB00CBE668500120937F3CD4C76F17
:101AB00002C2E46E01C0927F1D9E351B6325B56A8C
:101AC00001B8927FD51A2061104EF10801A0927FD3
:101AD0009AB57D71970493170118927F8845576ACC
:101AE000356E8E3101A0917F6394430FEDB3902941
:101AF0000150917F6ED92817AA3F890E0138917F36
:101B000018548D2C0267395301E0907FFFAB3E1EC5
:101B1000F122FC700148907F20B793223DC3E87901
:101B20000118907FCCC3762ACB79CD2E01E88F7F28
:101B3000A02FED55EFEEFF1F01A08F7F96C3A714D6
:101B4000DDECBC6701308F7FC5C9D810D6364101A6
:101B500001F88E7FE413E4538D70111301888E7F9A
:101B6000C405856006B9BA5801708E7F40D6897C5D
:101B70001615ED7701F08D7F403EA865F8262B60A5
:101B800001A88C7FE9E60A6E0929554C01608C7F1B
:101B900023A3F93AFC85AB4601C88B7F62AEBC5AE1
:101BA000EB39381601688B7FB1FC3A646BD7EC0CCB
:101BB00001288B7FBC01297B28EE646A01208B7F82
:101BC00096C5A91C137A335A01988A7FB07E8A324F
:101BD000DBFB263301808A7F32F0DE6108A75E5E80
:101BE00001508A7FC5EF11385409B60A01488A7F2F
:101BF0004A07D01244D27E3901B8887FB390C4130B
:101C000022E4932D0158887F2F44497E24754E4E3F
:101C10000140887FE395F11EA18DF21E01B0877F00
:101C20004239FB5A20FA7A690150877F42DCD92079
:101C3000557FEB300138877F72E4A852ADF9281C3C
:101C400001F0867F82FE8030536C2E5401C0867F67
:101C5000F44F476023EEEC5F01D0857FC36A9E504E
:101C600025E621650180857FC1C3813EE831785E2C
:101C70000128857FF5BDD431BEB2A1380108857F2A
:101C8000CD7BE15C8A8C7B6101C0847FDF5205677C
:101C900005ACCD630198847FC6D9FA66D0F66B583F
:101CA0000168847FF39E23410C38D0670130847F24
:101CB000436B2C29759A134A01E8837F2C7A6D694E
:101CC000717F677E01A8837FF7CEB56749181255EB
:101CD00001A0837F7F3B385C626522250148837FBA
:101CE0008DF64650EE78B15F0130837F3C58031685
:101CF0007F4560310128837FD713025D03D5936A46
:101D000001E0827FD70EAC4DBE3078230158827F30
:101D100096DFBC5031C22D220138827FE863A203D6
:101D20009BF3CB3401F0817FAD9E311577D1C7484D
:101D300001D8817F02C4C3216440C26601D8807F7C
:101D40006915F133EE6CE95F01C0807FE27C1A58BF
:101D5000C1BFCC430158807F9A3C8F6EBB968039BF
:101D600001B87F7FD775100C1069172D01807F7F18
:101D70009DF76D53CB5FBD3401407F7FA6AFA53E7D
:101D8000B492A94701107F7F86AAC9658A22AF2530
:101D900001A87E7F53A75879C257CE0D01D07D7F11
:101DA000E499F50A1F38F83101B87D7F85F7A35310
:101DB000AA921B1801587D7F736C8712C1AD774CB6
:101DC00001307D7FA93F2F4F1FDD2A0601187D7F3F
:101DD00041E0B2044DD0373B01107D7F2BFCA84E73
:101DE00069D2EF3E01C07B7FB88BE8166595B2657E
:101DF00001A87B7FB3C6A94079242E1801507B7FB0
:101E00005C8CE9170D121C7501207B7F7CE44C6E05
:101E1000710B554A01007B7F8D2D1C345DF9F05DFF
:101E200001D87A7F366DC746273D383B01B87A7FA7
:101E3000082A3E6A53112E3E01A87A7F479ECE485B
:101E4000BB2FB12F01907A7F18FBA418CE52775682
:101E500001E8797F14EF0C2C10D66B140158797FB0
:101E60007C90D0508E3118280120797F1A2143248C
:101E70000C5CB95B01F0787F72A31F56166FF128D6
:101E80000190787FEA0DE41CF6878A550150787F2F
:101E90003D842720B5D5EA4C0108787FAEDEC87CAA
:101EA000568ADF7701B8777F6C5B8844BBC92840CE
:101EB00001A0777F4EE21B32B98FB47D0170777F2E
:101EC000F34D7F0CFDDECF0B0148777F0287C57590
:101ED000C0881D4C01C8767FC8389450FD75D475F4
:101EE0000150767F351E526CD563F97501D8757F28
:101EF000F9D03B740847200C0168757F81C82D36E6
:101F00003D8C74250160757FB0441B0DE896352D1E
:101F10000108757FABF6E14DAA4A443A01A8747FE7
:101F200062ABCF11976C7D770170747F981C501A4B
:101F30007C80863E0130747F8CBF765AA949F75564
:101F400001B8737F1D90D1501F592D6201E0727F3F
:101F50005F32AB1FDAE01A680190727FF2B536711A
:101F6000FC77932E0160727F3577176CE383B56041
:101F70000138727FBB09C240677E1E3D0118727F27
:101F80002B462377FAFB4B3101F0717FE2D8847244
:101F9000E50EAF2C01E0707F94039D603F34C47E5A
:101FA00001D0707F9D266431194ED4700198707FE6
:101FB0002B82B10AE761ED5A0138707FA394B224F5
:101FC000EAAA134B01F86F7FD094037902083167B6
:101FD00001F06F7F2C7C687C33D1076101C86F7F73
:101FE000E8898807D884144201786F7F76709E2A2A
:101FF0009224AD3C01306F7FAD07F4649081925024
:1020000001986D7FD335E04C65E2C43E01106D7FD1
:1020100052A2EB0B9576C14A01C06C7F75F41C3857
:10202000E410773501806C7F3E72BA2C8D38914A6E
:1020300001206C7FEFA8912F906AF01501086C7F4A
:1020400087825D34B191B63D01C06B7F0AB08E00CE
:10205000BEC3EF4401906B7F0E3064525FDB866439
:1020600001186B7F524932508B7E336401C86A7FFE
:10207000B101C031AF74952501506A7FE17E1E62C7
:10208000B306C7700180697F4DBD6D2E0D63E302FD
:102090000178697F737D2A6795711F6601E8687F03
:1020A00063A304305F3630520140687F74042E0C05
:1020B000E4283D740110687FBA781674C13A7459E7
:1020C00001E8677FB5D7E82AFCF060590188677F8F
:1020D0003D68BC0D6DBA292101C0667F251B633A9E
:1020E000E3389A1801C0657FE0BB4D3761C479744D
:1020F0000190657FFF8D224AA031523301D0647F69
:102100008533F34FB25A733A01C8647F0ED2DF377A
:10211000D53EE26A01F0637FFCCA672F5DC20E54B0
:1021200001C0637FF35BFC084F093E7501D0627FFD
:10213000E279BC093764977301A8627FCB9561741B
:1021400075183C2D0178627F718B05227A9E080DEF
:102150000148627FAAAF0C71C973EE790130627FCA
:10216000922E5E155B19E31E0128627F35D4B459A7
:10217000A80A37280110627FBFE3A90112638731E3
:1021800001E8617FC960361A0684B35C01D0617FC3
:102190002387252FFF0D8C6F01B8617FB276C1199F
:1021A000982963300198617F6DEBEF5009A1A1463A
:1021B0000188617FBB17B41E276643660168617F93
:1021C000E35C5A18F1A7507C0158617F7FC9097DF3
:1021D00053AC715001E0607F72F7C95CB3A56C56D7
:1021E0000180607FBA67225CA4EA9D5101D85F7FBD
:1021F000CA1CD3132A02310601905F7F0206685978
:1022000093D11E6301E05E7F716715331A4F48005A
:1022100001705E7F08702974FB29002201685E7FCF
:1022200068CF8303C21D7B5D01505E7F2365CA7E3C
:1022300004FF4E1001C05D7F17EAA0069C8D684622
:1022400001205D7FA642FE60139E276401705C7FC3
:1022500019E3DE5DC3CBD50001185C7FAFCAD500A2
:10226000CB864D4301E05B7F233823027520966DBA
:1022700001C85B7F12D27D12B4E44B5101705B7FC9
:1022800092B71B605491015D01B05A7F63BEDC437D
:102290001C40AF2F01085A7F2FBAE623CC516B5553
:1022A0000160597FF14ADC0A9EF06A720140597F51
:1022B0003D3C5213FFB7DE090128597F194BA70B8C
:1022C00021AEF10C01D0587FAE72A13E8FE30138F0
:1022D0000188587F9D716E702C1E8E600110587F92
:1022E000307C5624450D170201F8577F98177E2839
:1022F0008CB88F5601C0577F0FBDAA0789B329310B
:102300000138577FC8EE2D0126ACF55A0130577FB2
:1023100024789F2927763B5B0170567F656B756239
:102320000542936B01E0557FA5757713BADC151450
:1023300001B0557F7A2BC50377918B710150557F82
:10234000CC6D9B128B4B430A0190547F1198B916A8
:10235000DEFDFE150178547F052861153A89C061BC
:102360000148547F44D58E1EC95681040120547FF4
:102370007236DF7C05216D7501F0537F22F5D27135
:10238000A3930D200178537F83A08C4F032A675BB2
:102390000130537FC0C7F27C5A5CE36A01F8527F78
:1023A000BD391771F7B3831101D0527FAECE0C3710
:1023B000EA7DF43C0140527F5F1D50576A334E5A0C
:1023C0000138527F601F71780812E27A01F0517F64
:1023D000A73B551199882A6C0168517F96B752091D
:1023E000010C8D4A01B8507FE4E0BA11CC5F7B4309
:1023F0000118507FE8C01C206C85A9640000000013
:102400000000000000000000F4F7A300ACD32E0091
:10241000021839002BD354003F1F180082DB7D00C7
:10242000CD7D22004893D000FFC1290075D10A005C
:10243000C7774300E44A990084950200F3AE6C002C
:102440006F1F3F004A770000ED54C7005FBD740066
:10245000241000002B54DD00E46A7700A101000085
:1024600065DCFF00DA63AD001F0000008AD8800041
:1024700028647B0001000000B2FDC300690C040069
:102480000000000024CF1200FB31D000000000004B
:102490009F9400001F098B000000000066030000ED
:1024A00098A95D00000000000E000000BB6EBF0098
:1024B00000000000000000007E5D2F000000000012
:1024C0000000000098700000000000000000000004
:1024D000C600000000000000000000000100000035
:1024E000099300007F6F0200E994000000000000E3
:1024F00035950000219600005D6D0200D16D02004F
:10250000656D0200976D0200816D02006B6D020027
:102510000000000000000000AF700200A170020087
:10252000AB7002009F70020000000000000000007D
:1025300000000000000000008F700200A0130020C7
:10254000000100006B710200317102000200000006
:10255000E572020000000000000000000000000022
:1025600000000000A05B0300A85B03000000000067
:102570000000000000000000B05B0300B45B03003B
:10258000B85B0300BC5B030090250300DC20002047
:10259000DDA40000FC200020054800200100000010
:1025A000977302008D7302005B73020001A50000A7
:1025B000000000004F730200000000000400000053
:1025C00000000000000000000000010034C1020013
:1025D00001000000000001000040070034C10200BB
:1025E00002000000004008000040070034C1020063
:1025F0000300000000800F000080000034C10200D2
:1026000086470300F58B0200000000008A5D03008E
:1026100000000100824703007D8D020000000000E1
:10262000E806002000000100685D030000000000D3
:102630000000000000000000000001007E470300D1
:10264000C78B0200A92F0100D00600200000030064
:102650007A4703007D8D020000000000C8060020BC
:1026600000000100465D030000000000D5AA000044
:10267000000000000000030000000000457602009A
:10268000200700201807002010070020000000008D
:10269000080700209DAC00006DAB0000C1AB00003E
:1026A00035AC0000C004002000000000060001005E
:1026B00002000000B826030000000000CF65030000
:1026C00002000000E0FF0F0000000020D7650300BB
:1026D00021000000E0FF062028070020E9BD0000DF
:1026E00000000000557702003DC60000D9770200C7
:1026F00000000000DC260300042703004700000060
:1027000000000000C8C30120DC26030018270300D6
:10271000000100000000000080C70120DC2603004B
:102720002C2703002E00000000000000B4D301207D
:10273000DC26030040270300020100000000000027
:1027400088D40120EE7403000C7503002775030084
:1027500037750300447503004D750300547503007D
:102760005B750300627503006A750300447503001E
:10277000727503008475030099750300AC7503003E
:102780000E030000B9E400000F04000085E400001F
:102790001A010000B1CE000005040000C9CE0000FF
:1027A0001301000065D700003E010000A5D2000023
:1027B00001120000B57A02000A1E0000877A0200AA
:1027C000FF01000019D400003E010000F9D3000011
:1027D0000504000015CF000008040000C5D9000062
:1027E000300300003DD9000010010000BDCF000003
:1027F000011200008DE100000A1E0000737B020040
:1028000003090000C5D50000040B0000D5D000006E
:10281000060A0000C1E30000070A00008DCF000097
:102820000C05000059CF0000050C0000FDE200007F
:10283000DC260300402803004700000000000000E1
:10284000A4D50120248203003182030051820300B9
:10285000458203005C8203007382030083820300CD
:10286000AA87030097820300DC2603007828030070
:10287000000000000000000078DA0120DC260300E0
:102880008C2803000001000000000000A0DA0120F5
:102890009B800200DB8002000000000000000000BE
:1028A00000000000F911010000000000000000001D
:1028B0000000000000000000020201005B8802002E
:1028C000040401003520010006060100751F010007
:1028D00008040100611E01000A0201004388020091
:1028E0000C0401002B8802000E040100351D0100BC
:1028F00020040100991C010010040100A91B010023
:1029000012020100FB8602001E000400A3890200DF
:102910005202000021870200DC2603002829030060
:10292000020100000000000018DE0120B64703008D
:10293000F58B020000000000B24703000000010018
:10294000AE4703007D8D020000000000B4080020A7
:1029500000000100A6470300000000000000000086
:102960000000000000000000A2470300C78B020027
:10297000A92F0100BC080020000003009E470300AF
:102980007D8D020000000000AC0800200000010066
:10299000964703002D8C0200CD300100000000009E
:1029A00000000300924703007D8D0200000000003C
:1029B000A4080020000001008A470300B13601008E
:1029C000000000000000000000000100E2470300DA
:1029D000F58B020000000000DE470300000001004C
:1029E000DA4703007D8D020000000000E4080020AB
:1029F00000000100D24703005D8C020000000000CF
:102A00000000000000000100CE4703007D8D0200A1
:102A100000000000DC08002000000100C6470300A1
:102A2000878C020000000000000000000000010090
:102A3000C24703007D8D020000000000D408002082
:102A400000000100BA470300A52C010000000000AF
:102A50000000000000000100B14A010025940200BE
:102A6000CD5501000000000000000000655201008B
:102A70000000000000000000000000000000000056
:102A80000000000000000000294C010006000000CA
:102A9000A19102000600000019480100100000008A
:102AA0008D440100100000006D5501000100000080
:102AB000F78F0200100000009D9102000A00000044
:102AC000454B0100100000004953010007000000C1
:102AD000A591020010000000A59002000100000076
:102AE000ED4901004000000041910200100000008B
:102AF000BD900200010000007D640100A565010099
:102B00000000000035670100B96401008E980300E1
:102B10004796020043960200949803002B96020009
:102B2000379602009A98030025960200319602001B
:102B3000A49803003D6901000000000004000000AB
:102B400000FF000000000000000000000000000086
:102B50000000000000000000000000000000000075
:102B6000040300000000000BF4010000000101005C
:102B700000008000C22817007C2B030000B0025028
:102B8000882B030001000000902B030006000000CA
:102B90001118001D0D18001F0E1800200F1800211D
:102BA000101800221218001E00080000001000007B
:102BB0000400000000FF0000FFFF00000028845018
:102BC0004C0700200000000001000000FFFFFFFF95
:102BD000002584504C070020000000000000000089
:102BE0000080005003000000000000000C2C0300D7
:102BF0000000D60100000000000000005549002040
:102C0000504900204F4900204E49002000800050CC
:102C1000182C030001000000202C03000400000019
:102C20001400000013000002160600011506000340
:102C300070C002001C00010070C002001D000100F5
:102C400070C002001E00010070C002001F000100E1
:102C500070C002001700110070C0020018001100BF
:102C600070C002000800110070C0020009001100CD
:102C7000080000000300000008000000030000003E
:102C80008DA90300A0A90300B3A90300C6A90300EE
:102C9000D9A90300ECA90300FFA9030012AA0300AD
:102CA00065AC030073AC030087AC030096AC030073
:102CB000A2AC030060BF020068BF0200C0BF0200F8
:102CC000C8BF020030C0020038C002001BB00300C1
:102CD0000001000088130000512563FCC2CAB9F34B
:102CE000849E17A7ADFAE6BCFFFFFFFFFFFFFFFFC3
:102CF00000000000FFFFFFFFAAAAAAAAAAAAAAAA88
:102D0000AAAAAAAA5555555555555555555555551F
:102D10000000000055555555522563FCC2CAB9F351
:102D2000849E17A7ADFAE6BCFFFFFFFFFFFFFFFF82
:102D300000000000FFFFFFFF512563FCC2CAB9F38A
:102D4000849E17A7ADFAE6BCFFFFFFFFFFFFFFFF62
:102D500000000000FFFFFFFF96C298D84539A1F49C
:102D6000A033EB2D817D0377F240A463E5E6BCF848
:102D700047422CE1F2D1176BF551BF376840B6CB13
:102D8000CE5E316B5733CE2B169E0F7C4AEBE78E0F
:102D90009B7F1AFEE242E34F4B60D2273E3CCE3B84
:102DA000F6B053CCB0061D65BC86987655BDEBB326
:102DB000E7933AAAD835C65AFCFFFFFFFFFFFFFF93
:102DC000FFFFFFFF00000000000000000000000007
:102DD00001000000FFFFFFFFFF8FFFFFFF8FFFFFDE
:102DE000FE8FFFFFFE8FFFFFFD8FFFFFFC8FFFFFBA
:102DF000FC8FFFFFFB8FFFFF6D757465785F667258
:102E000065652063616C6C65642077697468204E29
:102E1000554C4C20706172616D65746572000000E4
:102E200043616E277420696E697469616C697A65A3
:102E3000206D757465782C20776173204E554C4C4D
:102E40000D0A00004661696C20746F206163717522
:102E5000697265206D757465780A00004661696C59
:102E600020746F20696E63726561736520504D2018
:102E7000636F756E7465720A000000004661696CCC
:102E800020746F20646563726561736520504D2006
:102E9000636F756E7465720A000000004661696CAC
:102EA00020746F2072656C65617365206D75746543
:102EB000780A0000436F756C64206E6F74206C6F2D
:102EC000636B20706F7765722073617665206D7516
:102ED000746578004661696C20746F20756E6C6F44
:102EE000636B206D757465780A0000006374782048
:102EF00063616E6E6F74206265204E554C4C00000D
:102F00000A637478206973204E554C4C0A00000007
:102F100067E6096A85AE67BB72F36E3C3AF54FA56A
:102F20007F520E518C68059BABD9831F19CDE05B96
:102F3000D89E05C107D57C3617DD703039590EF79C
:102F4000310BC0FF11155868A78FF964A44FFABE62
:102F50000123456789ABCDEFFEDCBA987654321079
:102F6000F0E1D2C300004100430047004D0056008D
:102F700064007A009A00CD001F01000000020001E9
:102F80000003800080028001800340004002400175
:102F90004003C000C002C001C00320002002200185
:102FA0002003A000A002A001A00360006002600155
:102FB0006003E000E002E001E003100010021001F5
:102FC00010039000900290019003500050025001B5
:102FD0005003D000D002D001D003300030023001C5
:102FE0003003B000B002B001B00370007002700195
:102FF0007003F000F002F001F0030800080208017D
:1030000008038800880288018803480048024801B4
:103010004803C800C802C801C803280028022801C4
:103020002803A800A802A801A80368006802680194
:103030006803E800E802E801E80318001802180134
:1030400018039800980298019803580058025801F4
:103050005803D800D802D801D80338003802380104
:103060003803B800B802B801B803780078027801D4
:103070007803F800F802F801F803040004020401E0
:103080000403840084028401840344004402440154
:103090004403C400C402C401C40324002402240164
:1030A0002403A400A402A401A40364006402640134
:1030B0006403E400E402E401E403140014021401D4
:1030C0001403940094029401940354005402540194
:1030D0005403D400D402D401D403340034023401A4
:1030E0003403B400B402B401B40374007402740174
:1030F0007403F400F402F401F4030C000C020C015C
:103100000C038C008C028C018C034C004C024C0193
:103110004C03CC00CC02CC01CC032C002C022C01A3
:103120002C03AC00AC02AC01AC036C006C026C0173
:103130006C03EC00EC02EC01EC031C001C021C0113
:103140001C039C009C029C019C035C005C025C01D3
:103150005C03DC00DC02DC01DC033C003C023C01E3
:103160003C03BC00BC02BC01BC037C007C027C01B3
:103170007C03FC00FC02FC01FC03020002020201D1
:103180000203820082028201820342004202420163
:103190004203C200C202C201C20322002202220173
:1031A0002203A200A202A201A20362006202620143
:1031B0006203E200E202E201E203120012021201E3
:1031C00012039200920292019203520052025201A3
:1031D0005203D200D202D201D203320032023201B3
:1031E0003203B200B202B201B20372007202720183
:1031F0007203F200F202F201F2030A000A020A016B
:103200000A038A008A028A018A034A004A024A01A2
:103210004A03CA00CA02CA01CA032A002A022A01B2
:103220002A03AA00AA02AA01AA036A006A026A0182
:103230006A03EA00EA02EA01EA031A001A021A0122
:103240001A039A009A029A019A035A005A025A01E2
:103250005A03DA00DA02DA01DA033A003A023A01F2
:103260003A03BA00BA02BA01BA037A007A027A01C2
:103270007A03FA00FA02FA01FA03060006020601CE
:103280000603860086028601860346004602460142
:103290004603C600C602C601C60326002602260152
:1032A0002603A600A602A601A60366006602660122
:1032B0006603E600E602E601E603160016021601C2
:1032C0001603960096029601960356005602560182
:1032D0005603D600D602D601D60336003602360192
:1032E0003603B600B602B601B60376007602760162
:1032F0007603F600F602F601F6030E000E020E014A
:103300000E038E008E028E018E034E004E024E0181
:103310004E03CE00CE02CE01CE032E002E022E0191
:103320002E03AE00AE02AE01AE036E006E026E0161
:103330006E03EE00EE02EE01EE031E001E021E0101
:103340001E039E009E029E019E035E005E025E01C1
:103350005E03DE00DE02DE01DE033E003E023E01D1
:103360003E03BE00BE02BE01BE037E007E027E01A1
:103370007E03FE00FE02FE01FE03010001020101C8
:103380000103810081028101810341004102410169
:103390004103C100C102C101C10321002102210179
:1033A0002103A100A102A101A10361006102610149
:1033B0006103E100E102E101E103110011021101E9
:1033C00011039100910291019103510051025101A9
:1033D0005103D100D102D101D103310031023101B9
:1033E0003103B100B102B101B10371007102710189
:1033F0007103F100F102F101F10309000902090171
:1034000009038900890289018903490049024901A8
:103410004903C900C902C901C903290029022901B8
:103420002903A900A902A901A90369006902690188
:103430006903E900E902E901E90319001902190128
:1034400019039900990299019903590059025901E8
:103450005903D900D902D901D903390039023901F8
:103460003903B900B902B901B903790079027901C8
:103470007903F900F902F901F903050005020501D4
:103480000503850085028501850345004502450148
:103490004503C500C502C501C50325002502250158
:1034A0002503A500A502A501A50365006502650128
:1034B0006503E500E502E501E503150015021501C8
:1034C0001503950095029501950355005502550188
:1034D0005503D500D502D501D50335003502350198
:1034E0003503B500B502B501B50375007502750168
:1034F0007503F500F502F501F5030D000D020D0150
:103500000D038D008D028D018D034D004D024D0187
:103510004D03CD00CD02CD01CD032D002D022D0197
:103520002D03AD00AD02AD01AD036D006D026D0167
:103530006D03ED00ED02ED01ED031D001D021D0107
:103540001D039D009D029D019D035D005D025D01C7
:103550005D03DD00DD02DD01DD033D003D023D01D7
:103560003D03BD00BD02BD01BD037D007D027D01A7
:103570007D03FD00FD02FD01FD03030003020301C5
:103580000303830083028301830343004302430157
:103590004303C300C302C301C30323002302230167
:1035A0002303A300A302A301A30363006302630137
:1035B0006303E300E302E301E303130013021301D7
:1035C0001303930093029301930353005302530197
:1035D0005303D300D302D301D303330033023301A7
:1035E0003303B300B302B301B30373007302730177
:1035F0007303F300F302F301F3030B000B020B015F
:103600000B038B008B028B018B034B004B024B0196
:103610004B03CB00CB02CB01CB032B002B022B01A6
:103620002B03AB00AB02AB01AB036B006B026B0176
:103630006B03EB00EB02EB01EB031B001B021B0116
:103640001B039B009B029B019B035B005B025B01D6
:103650005B03DB00DB02DB01DB033B003B023B01E6
:103660003B03BB00BB02BB01BB037B007B027B01B6
:103670007B03FB00FB02FB01FB03070007020701C2
:103680000703870087028701870347004702470136
:103690004703C700C702C701C70327002702270146
:1036A0002703A700A702A701A70367006702670116
:1036B0006703E700E702E701E703170017021701B6
:1036C0001703970097029701970357005702570176
:1036D0005703D700D702D701D70337003702370186
:1036E0003703B700B702B701B70377007702770156
:1036F0007703F700F702F701F7030F000F020F013E
:103700000F038F008F028F018F034F004F024F0175
:103710004F03CF00CF02CF01CF032F002F022F0185
:103720002F03AF00AF02AF01AF036F006F026F0155
:103730006F03EF00EF02EF01EF031F001F021F01F5
:103740001F039F009F029F019F035F005F025F01B5
:103750005F03DF00DF02DF01DF033F003F023F01C5
:103760003F03BF00BF02BF01BF037F007F027F0195
:103770007F03FF00FF02FF01FF03FB0F311139043C
:10378000CD04E2097E170B1FD114130A8F124019C2
:10379000B72D6F1BFC0A0217CA29250C4D08A80774
:1037A000AD2A6929A4285D105307D7166221071294
:1037B00046143C2C5229FA16932BE120F32F67294B
:1037C000161D5716F10D5D177C274A117220032A2A
:1037D00047122C2B0206512E64003720E119FD25DB
:1037E0001914540DB21EC716F4246114F429CA1E0C
:1037F000521D8C2F1C2CA1174F000D001A1BB62236
:103800004D15EA11BF2C570B44127326C51D7622A5
:10381000952323083B21ED21260C671BC50C57057A
:10382000FD181328F3201F29272D562BA308100756
:10383000971C30004B25000ACC04DE24232A182EC6
:103840001C078E2C06230F18C40BDD17EC0A9B08EF
:103850007406C7025C1B1D040D237C14ED056A244D
:10386000052C8403300F7D2BF0295513C01DF6263F
:103870008A121E287E00690B401AEB198F192E063A
:1038800004132A00A102C008331C1005D52EFB1D0D
:103890008221AD2EDD032D29071EAD1B2721EC0350
:1038A000FC275F12A300B723F5111F19142FAF0BCC
:1038B000A22E2712220D0C085D2CEB2E081A1716CB
:1038C000391C1A176F24FC0FF816141B4A0D0D141F
:1038D000B224DD2B841430231406FC1AA5120D0F1C
:1038E0004C225528391EDE06BF1B6F2CF12F9A2162
:1038F000AB0C8819A61D8F21202DD517B50CF126EC
:10390000A8259A11980EAD1A462AAA23DC26EE0D98
:1039100055083D0F9617A51CD1198C0D3312710255
:103920008C0A3A1E730DF40B3C0DC60D4211872E06
:103930005818C206FE096428E014A6148E082A2D21
:103940003718B20934220B15051001129D212220CF
:103950009000181600223D0A30153C2A8F0B522C7D
:103960006918B306571344256007B40E27001B20BF
:103970002008C609BD0536290522E1154504C80EF3
:10398000B1130A08CF20B82CA7250B089626ED1CEA
:10399000C009EE1E4A2D7301391F010C562828005C
:1039A00014271D24331FE315D30FD61EA402742C35
:1039B000D31C65197513440AA00DCC2A6E1B511A2D
:1039C000CD26E31B1A092C0F6115B91E1D1B6916A4
:1039D000ED152125302D0D2CCE09211A82016E11F5
:1039E00069001C08CB287700730F1211F12C580EB8
:1039F000AF2CEE02A80C3D0CF202AD0F992EFA236B
:103A00000215692E0A2B020B3B076613F51F800A6D
:103A10003D189E1A9E03780BE710BF27B11B9F1716
:103A2000C224FC28F622A8096F18D802911DA817F5
:103A3000C0281C2B9409FB0ACB0EB1032623DC04FF
:103A40006F22092BD22B0617E5101F12EB0E6226F0
:103A5000901B821ADE21A3151B1E51055426850BCF
:103A6000012C3D289423DE015919650077070B25A9
:103A7000180EDD2E28292C03D3227D02DF1FB3145C
:103A8000A823B80D62209C1BF21EDC0B9712730852
:103A9000610FAB0E2A2C3B1E3A139C2EA801A215D7
:103AA00054187B2B621EC62E49044A0B2B27090A89
:103AB000CA0830093503F609082B591E8800690227
:103AC000550C01170324C71A780035112107A325C7
:103AD0002E1C1528812C89095A25A82B5702250848
:103AE000C92C411C2118C112C6263223A211EF2471
:103AF000582C962D1E180E1F2626F01A532D8D0CAD
:103B000019219126130BB628940E191FB105692AA5
:103B1000851F40035C06520D2413672AF7134725BF
:103B2000B518071DF30F000C8F227D268A278B14F2
:103B3000952C9C192F01B9051F0F0913B5162127C4
:103B4000F21AEF0C3B17BD21DC16100FA003451332
:103B500052214F078808C315F716990D4D2D2725BB
:103B6000D91F2300310A4B17801F3804072FFC2070
:103B7000EC0BE50E392B501A06212409E31D7607BC
:103B8000D5294508A52502198C174C08151E770A5A
:103B90003F147E18001D250A8B1A0624552A180189
:103BA0008721C60C611A3209C30ED6177C1226175C
:103BB000C109C0213128DB175F2F8E0BFF2F34285E
:103BC000961F3103B50F320AA4050B17C82DDC0C64
:103BD0007809E2134A1C5514A114E4268E0A001A2F
:103BE000DF02C308882D4103230C7C17911A660459
:103BF000C31882149728AA259E14B90D2926D10B23
:103C00000B03D924400D0D1D9C02C827AF1F7F193F
:103C1000A8194F2A521947204F163426D30156159A
:103C20004911DF2EB5049713061BE813F30E951503
:103C30003B2DBE0D0B13DC1C8B07D7190506042288
:103C40000401390DB81227114116D71E6B08A91CA3
:103C5000EC008B290E2D7207B9123725471CA220C4
:103C60000114A6290709120D6C21C3024004481350
:103C7000A602052812003416C0036B11151FE200BE
:103C800093090600AA2240019A1803231F22240B3D
:103C9000A50BAB062015991394263E26980B6B07AF
:103CA000491A5710AA146427FF1D051F28223E1623
:103CB000850D4F107316B915320D6B14B803DF1054
:103CC00052260411100C6E2B48037118E601701770
:103CD0003E058E288117BE127115921161100209DE
:103CE0007919C305E4184523651F59066C1B841216
:103CF0006216141FCF185E19051B8D2C3F1DDA2785
:103D0000AB27F21D841DF52C0A06AB19D727D9085D
:103D10009F1CC016842C3D2DFA25CB08BF2BEC141C
:103D2000F01C2D0BA30FFF23E401661DC124CB2F34
:103D30000D18412349080F28D7093D25F00EE2212F
:103D40009B2C882A9A12272C01106E096019E126F3
:103D50003A292803B70B5208BE102E2F151D0C143C
:103D6000EB1EF50056170A137C1C881D2B29E02634
:103D700073234108890E2D2826276A25E622422B27
:103D80001A25260167123F0D61057023CD27D91131
:103D90008A2AB5260B1B35002D12B7010D28741B7E
:103DA000DF2797207504FC09B11DD61F8629C8217D
:103DB00068260F1FED2B53088516672835269E0AA7
:103DC0008B05B311040FE20FC510892D052D592C59
:103DD000D91005139A2F4B068C2AE12C8122590900
:103DE0000F004E2A8B13110035020317912F322B2F
:103DF000AC28B522860FE52ADA1BD016F2289220CD
:103E00009317341B2606B82AE407A109FF1F800177
:103E1000520AA90A17157F08B424D32E631F17115D
:103E2000D3199213242EAB23A32C6800CC18AB25F6
:103E3000651A4E2FF115B72A1D028700E10B201CD1
:103E40007E19DD13682F4A032110051E472BEA2037
:103E5000F003A50AFC2DAA174D049E07E82038168A
:103E6000DC1AE52E5F27D7149F03EA061101B9205B
:103E7000DF0869142B2874001F2E5B00B32DF50298
:103E80001805641D3319601FDA1F201D5F103501EE
:103E90000E09F4089928772D0925CE2F622961256E
:103EA000E81E8028A126D42F0B1C540F740C6F0120
:103EB0001D0850010815FF1594210D12EF06A222CE
:103EC000C301DC17250566185B220817731C3C0C20
:103ED0002C2D7113812FCB1C5605622F7B29E10EEF
:103EE0001D149C184E0A65108A0551273C10B520F8
:103EF000C421CD287203DE1FBD2723269F2FCB01AF
:103F0000960B5E0C950188135F2404191A230F0683
:103F1000EF1F2E0E0E2A3124BC027D212425E61926
:103F2000AD2C4B2DDA166E0FA712A52EA605821703
:103F30003A0DCE2CBE146415290202251A0A9705E3
:103F4000B50AD901772C89124403DE0FAA292F1E46
:103F5000E82D9E153801D310FF108416E721BD20EF
:103F6000FB1F0500E31C0B1180042D156F1449196C
:103F7000B4018F1D9B2155182620FB0FD01E342B1A
:103F8000C82B301BF61083181F263706FF1805258F
:103F900092144A02C116721DEE256E040719AF066F
:103FA000C503BB1BFA1D9F0E2A19AE28A41F5D076F
:103FB000980654055928B427DC23B22F6018E5036E
:103FC0007500AF1237110D06A01B0D0B3A194F11DA
:103FD000AD22E81B040A2016CA0F9D2FB001FF294D
:103FE000D504BA1DFE058F0FB71E8508A418102230
:103FF000AA19EB129A060E00200FC1159824832FE0
:10400000E307771D0B094112AC1C11068404D12073
:104010007D2CFC03970B142A851BF40CE42BA514B0
:104020003A2D8D296627152524183D24F217FB0CFF
:104030007303E528E901DE05230B352B0126B60ABB
:10404000D12F6A13F1285E27AB04DA02E2060E0FC5
:10405000EE070417AA2A3C239A14DB23140EC60E7B
:10406000DE276C0C8B0D3C128E09BD1DAA24420369
:10407000171EB41A4B0DE714F42FFC0DCB06442A7F
:104080003B26E127E60FDA2F4D21A128BD0AAA1C05
:104090004E299817AF037224C505D11AC425010E05
:1040A000E919712FDF0F640E001EFC1FF61ACD0DEB
:1040B0004F26CA17D70273275B1B211B9D070326B8
:1040C0003F29A9177A01BF1E3B22C5220D248E224B
:1040D000C7117525902DCE1D752230165C136B18F7
:1040E000C420AC2713222509570CBB0554156921A0
:1040F000671E590A10094C232C18E102720E5B123C
:1041000079165623670E1000920342142329C81112
:10411000AC07B50DF4205C1D0515ED29D10C7D1BF8
:1041200024044F0BF41BB722ED1409190520920B40
:10413000E718C813EA19F9151601A403F527DF22B9
:10414000DA1D5F015224ED00E2160C1E4A0C5E2FB0
:10415000A21D0508152CDA0E5414FA11D406242CCD
:1041600054017F0E06122C01F12ACE134127602D37
:10417000D72FFD1CD32972161616FB0EB115C804D5
:104180001C211524050FFA00C92B8110B618D02563
:10419000DE2F2810DA0AB40268220A193E1A79279B
:1041A000B228AF0EBC1C612CF1202519440EC61894
:1041B00012230F15E0084C19F81CE220482AD22ED1
:1041C00065166C03761B77088409720D01240E2096
:1041D000FA124C17BA0A0A1C9A05DD1CAF22A5294F
:1041E000C12C7C109805502AE8106D214B07EE2455
:1041F0007009E80E7423AE021115DB09F310E31702
:104200006B02A903120B5F1ECF0C3B09401DE01788
:10421000C0133803DC27AA2D5904A70A7826800387
:10422000EC07D3135E0AE028CC1E892F3A15FE0B4B
:104230000019AC23982D792FA811F9040B26CC2C4A
:10424000D1263727F825D608B724B82B3B019F1174
:104250008604AD175F1A592E6501C71CC611D70316
:104260005621A0208E276A1D25240F1165149F0F4B
:104270004922590C4E1B2210842D2E0DD52CD90607
:104280002401E921F60A8A289C2FA816232E6D0CFA
:10429000C40700047C24AD09B02AE6115E1A230E7F
:1042A0007F1571149F091621E21D1C1FFB182F0496
:1042B000F804920D252BDB0C502C362106256D269B
:1042C000E504410759187012292D921759260B0D34
:1042D00005073F0B6218501442081A1F8924632CEB
:1042E0006315C41781250C109B1CC628FF24F704F6
:1042F0009801FF1A070C680154200F2DC42359237D
:10430000132D5203A9211003EF1E8E208A2F36078A
:10431000E527982F931E7F2EE0153326F403D10254
:10432000E00A141A9819E4144811A01AD520E726B7
:104330001E143409B015931435056122BD258C1C5B
:104340009C162E138D035D2D2B112E201E1ACE10C0
:10435000E40BED08D92FAB070024C8108E2EB7024E
:104360001311412614136B09F6275A0A4903320F19
:10437000F727501C3921BC2B201ADB0FAC17660E17
:1043800072124D2EB816921BD41A812BF61E1E13D4
:10439000FC2F0610440F1A0E7D19021F2E1FC92E66
:1043A000631A1902D21157062320BD2C781D8A03E7
:1043B000282E4C256A2AE725FF0AD82D9D1A431B73
:1043C0003303C7227F185B2A5C015A1D93202719EB
:1043D000B60254031B16DD0A840E452DD00BF305DF
:1043E000D3211210F229E70CFD16A20B791C6C2EBA
:1043F000A3236B24362E6200DE09440823108F2C81
:1044000034073D0E4C0FC51FB008772A9C1FB325FB
:104410006517E41B202186069F00AB2A3613800017
:10442000901CD502C5238E13F918A60D9B17DC2A04
:1044300025183E2E5F0D1229F41D6D0E021AF91A71
:10444000B12EE427922E8D23AD20F6132D006009A6
:1044500081071911A00A9F063300F80A8A0268072B
:104460000D27F326CC2EA21FE1122710A110CE1685
:104470009D12E92A0C2D4E02A62FE2018D2FD607A0
:10448000981B2227480FF02E1729622C2A1BA208FE
:104490001C012515C919190F6328B42B57180502DB
:1044A0005C25112C170FBA04FC11E01FB72C9900E2
:1044B000241C8316E11320247A2FE42D4A05101AB8
:1044C000B3009C15560A3517992F5E03560CDD0173
:1044D0006F1C2E16EA1E9E102E014D0B8227EA1A23
:1044E0005825AF25812E021060261D284905DB299D
:1044F000CD146E186F0F0F07311927141C057B2080
:104500004C0D5507CF047000FE18CC2DF02F761CF3
:10451000B305F22FA826800D20037505B629670084
:10452000FC1C281FA803FC0278023C1F1F20FD2052
:104530004E1E762A6325CC099A077C19AE271404EF
:10454000F2109909390E7B062B10501205268C2B80
:104550006A0F22088D14F4074A2ED41DCC2FF614AE
:104560004C097705281E3408910CA02AC2229A1DF6
:10457000DB2EE70ABF041B0D970ADB08D40778215E
:10458000C0278E0C2109D60679128513F71CAB18AB
:104590000C2F1611F51BEC12D300431FAF274A2432
:1045A000D92CC7062009A11693260020DA03671D1F
:1045B000790566031F0E1121C40A2A26F207B827BF
:1045C000C00CF4173600400B9B121D2E020C5E200F
:1045D000D4241113151B42043627070AC4027D0395
:1045E0004119621328272A085616F7290C037D1251
:1045F0000F1256082708C2127403FC14A3163217B0
:10460000ED109F197D1D9514A8299C10BC0C1D1739
:104610003E2A8816FF26A01F6F1E901A431D801881
:104620007307C32A91181B2E9017B92C9304F123FA
:10463000FD1EAF09221F492C961BCF22481A8E1946
:10464000B21F7C22C319D90DFC1002129D08571B02
:10465000AA1FB81596286924C3096D09681CE11AB8
:1046600056295C24DD24E20DFE0C6717C12E570D80
:10467000FB2F6E261F2FEC10961E412CCD19EF2F0D
:10468000FC075B2DB91CC12B3E2D950EEF22FA269F
:104690005B06001C5F0FBA13CA0A481D8F28F3027D
:1046A0007606152F581396272A11C019DA1E491DB0
:1046B000C822FD2EFD0DFC292A1676282513F61C8E
:1046C0004322C6026C1A0E21191CFB146A1C4C2BC7
:1046D0002201B81EAB1A2E2ECD09B219BA0FAF1691
:1046E000B2055916821652103908652DF412C122EE
:1046F000280BF62C3024D8094822631B570A6A0776
:104700007F1B3E179B2B70158518DE23C02C79026A
:104710003E27222D011673251D09601BAC1BB71304
:104720001F1C892625233902F6185D2ACF254C2027
:10473000D02C6B10CD0702007324A2002618D007DE
:10474000410E4026DB18851D2B183E21CF26A015D3
:104750003B237A0EE92EAC05FB0B7615DC25011305
:104760008317C21B8A25EC11B5277518FF165C0A42
:10477000BC272C068B281E12DD2600000328000013
:104780000229000003280000002800002A2B000056
:104790002A2B000003280000292B0000292B0000F1
:1047A0000328000002290000052A0000052A000055
:1047B000032800000118000000280000042A00005F
:1047C000042A000003280000012A0000012A00003A
:1047D00003280000002A0000002A0000032800002F
:1047E0000018000000284164766572746973696E70
:1047F00067206661696C656420746F2073746172F0
:1048000074202865727220256429004164766572DF
:10481000746973696E672073756363657373667516
:104820006C6C792073746172746564004E6F7420CF
:1048300061626C6520746F20616C6C6F636174657C
:104840002055415254207265636569766520627512
:104850006666657200574553545F544F5044495241
:104860002F7A65706879722F696E636C7564652F35
:104870007A65706879722F647269766572732F67D2
:1048800070696F2E6800286366672D3E706F7274C2
:104890005F70696E5F6D61736B2026202867706999
:1048A0006F5F706F72745F70696E735F7429283107
:1048B000554C203C3C202870696E29292920213D37
:1048C00020305500415353455254494F4E204641E4
:1048D000494C205B25735D20402025733A25640AEE
:1048E0000009556E737570706F727465642070691D
:1048F0006E0A007075626C69630072616E646F6D40
:10490000007075626C69632D69640072616E646F1A
:104910006D2D696400253032583A253032583A25D9
:104920003032583A253032583A253032583A25300C
:10493000325820282573290053656375726974798C
:10494000206368616E6765643A202573206C657624
:10495000656C2025750053656375726974792066EE
:1049600061696C65643A202573206C6576656C20FE
:1049700025752065727220256420257300506169B9
:1049800072696E67206661696C656420636F6E6E24
:104990003A2025732C20726561736F6E2025642088
:1049A00025730050616972696E6720636F6D706C6A
:1049B000657465643A2025732C20626F6E646564AB
:1049C0003A20256400506173736B657920666F72BD
:1049D0002025733A202530367500446973636F6E65
:1049E0006E65637465643A2025732C20726561736B
:1049F0006F6E203078253032782025730050726534
:104A0000737320427574746F6E203120746F20634D
:104A10006F6E6669726D2C20427574746F6E2032F1
:104A200020746F2072656A6563742E00436F6E6E2A
:104A3000656374696F6E206661696C65642C2065BE
:104A400072722030782530327820257300436F6EE3
:104A50006E65637465642025730050616972696EC8
:104A6000672063616E63656C6C65643A2025730032
:104A70004661696C656420746F2073656E642064A0
:104A8000617461206F766572205541525400466111
:104A9000696C656420746F2073656E642064617452
:104AA00061206F76657220424C4520636F6E6E65A3
:104AB0006374696F6E00436F6E6E656374696F6EC9
:104AC000206F626A65637420617661696C61626CF3
:104AD000652066726F6D2070726576696F757320E0
:104AE000636F6E6E2E20446973636F6E6E656374C0
:104AF00020697320636F6D706C65746521004E755D
:104B00006D65726963204D617463682C20636F6EFC
:104B10006E202570004E756D657269632052656A5E
:104B20006563742C20636F6E6E202570006B657951
:104B30002067656E65726174696F6E204641494CED
:104B400045442C207265743D2564006B65792067AF
:104B5000656E65726174696F6E20535543434553AA
:104B600053004B65792067656E65726174696F6E7D
:104B70002074696D653A20256C6C64206D73007338
:104B800069676E696E67205355434345535300531D
:104B900069676E696E672074696D653A20256C6C73
:104BA00064206D73005369676E617475726520735C
:104BB000697A653A202564206279746573007369A7
:104BC000676E696E67204641494C45442C207265EA
:104BD000743D2564004E6F20424C4520636F6E6E1D
:104BE000656374696F6E20617661696C61626C6582
:104BF000004661696C656420746F2073656E642083
:104C00007369676E6174757265206C656E67746830
:104C10002C207265743D2564005369676E6174755C
:104C20007265206C656E6774682073656E743A20D7
:104C30002575206279746573005075626C69632014
:104C40006B6579207472616E736D697373696F6ED1
:104C5000206661696C6564206174206F66667365A7
:104C6000742025642C207265743D256400507562A3
:104C70006C6963206B6579207472616E736D697302
:104C800073696F6E2053554343455353005354414A
:104C90005254003D3D3D3D3D3D3D3D3D3D3D3D3D55
:104CA0003D3D3D3D3D3D3D3D3D3D3D3D3D3D3D3D34
:104CB0003D3D3D3D3D3D3D3D3D3D3D3D3D3D3D3D24
:104CC0003D3D3D3D3D3D005265636569766564202F
:104CD0005354415254207472696767657220E280B0
:104CE0009420626567696E6E696E6720505143203B
:104CF0006B657967656E2F7369676E006D6C6473A1
:104D0000615F6B657967656E00504B5F41434B2077
:104D1000726563656976656420E2809420546F74DF
:104D2000616C207075626C6963206B6579207365B6
:104D30006E642074696D653A20256C6C64206D7317
:104D4000005369676E6174757265207472616E7369
:104D50006D697373696F6E206661696C656420614B
:104D600074206F66667365742025642C20726574E8
:104D70003D2564005369676E6174757265206368D0
:104D8000756E6B2073656E743A202564202F202584
:104D9000640054696D656F75742077616974696E1C
:104DA0006720666F7220424C4520545820636F6D17
:104DB000706C657465005369676E61747572652007
:104DC0007472616E736D697373696F6E20535543AE
:104DD00043455353005349475F41434B207265633A
:104DE000656976656420E2809420546F74616C205C
:104DF0007369676E61747572652073656E64207483
:104E0000696D653A20256C6C64206D73004D657387
:104E100073616765207472616E736D697373696F16
:104E20006E206661696C6564206174206F666673CC
:104E300065742025642C207265743D2564004D65E1
:104E40007373616765207472616E736D69737369E2
:104E50006F6E2053554343455353004D53475F41B5
:104E6000434B20726563656976656420E280942017
:104E7000546F74616C206D65737361676520736531
:104E80006E642074696D653A20256C6C64206D73C6
:104E9000004E6F742061626C6520746F20616C6CD1
:104EA0006F6361746520554152542073656E6420B0
:104EB0006461746120627566666572004750494F8F
:104EC0003020646576696365206973206E6F742095
:104ED0007265616479004750494F31206465766995
:104EE0006365206973206E6F742072656164790058
:104EF0004661696C656420746F20636F6E666967D4
:104F00007572652050302E323520286B65796765C3
:104F10006E2074726967676572292C206572723D14
:104F20002564004661696C656420746F20636F6E50
:104F30006669677572652050302E32362028736995
:104F4000676E696E672074726967676572292C20C5
:104F50006572723D2564004661696C656420746FFA
:104F600020636F6E6669677572652050312E30342C
:104F700020287075626C69632D6B65792074726985
:104F800067676572292C206572723D256400466151
:104F9000696C656420746F20636F6E6669677572F3
:104FA000652050312E303520287369676E61747525
:104FB00072652074726967676572292C2065727248
:104FC0003D2564004661696C656420746F20636FE1
:104FD0006E6669677572652050312E303620286DF7
:104FE0006573736167652074726967676572292CE0
:104FF000206572723D25640050504B3220747269F6
:1050000067676572204750494F7320636F6E66690A
:1050100067757265643A00202050302E3235203D8D
:10502000206B65792067656E65726174696F6E00CB
:10503000202050302E3236203D207369676E696E15
:105040006700202050312E3034203D207075626C76
:105050006963206B65792073656E64202D3E205056
:105060004B5F41434B00202050312E3035203D20F6
:105070007369676E61747572652073656E64202D47
:105080003E205349475F41434B00202050312E3092
:1050900036203D206D6573736167652073656E64AE
:1050A000202D3E204D53475F41434B0043616E6EC0
:1050B0006F7420696E697420627574746F6E7320EA
:1050C000286572723A202564290043616E6E6F7400
:1050D00020696E6974204C45447320286572723AC9
:1050E000202564290043616E6E6F7420696E6974B7
:1050F00069616C697A6520554152542063616C6C1A
:105100006261636B005374617274696E67204E6FE5
:1051100072646963205541525420736572766963E5
:10512000652073616D706C650D0A0043616E6E6F72
:105130007420646973706C61792077656C636F6D3E
:1051400065206D65737361676520286572723A200A
:105150002564290043616E6E6F7420656E61626C18
:1051600065207561727420726563657074696F6E15
:1051700020286572723A20256429004661696C65B1
:105180006420746F2072656769737465722061753D
:1051900074686F72697A6174696F6E2063616C6C98
:1051A0006261636B732E20286572723A2025642930
:1051B000004661696C656420746F2072656769736D
:1051C00074657220617574686F72697A6174696F51
:1051D0006E20696E666F2063616C6C6261636B73D5
:1051E0002E20286572723A2025642900426C75656C
:1051F000746F6F746820696E697469616C697A652F
:1052000064004661696C656420746F20696E69741E
:1052100069616C697A6520554152542073657276D4
:1052200069636520286572723A2025642900626CE2
:10523000655F77726974655F7468726561645F69E0
:1052400064004E6F726469635F554152545F5365E9
:105250007276696365007065726970686572616C09
:105260005F756172740000080808080808080808DB
:10527000080008080808080707060605574553549C
:105280005F544F504449522F7A65706879722F6C81
:1052900069622F686561702F686561702E630063B5
:1052A00068756E6B5F7573656428682C20632900D0
:1052B00009756E65787065637465642068656170F2
:1052C0002073746174652028646F75626C652D6647
:1052D0007265653F2920666F72206D656D6F72790A
:1052E0002061742025700A006C6566745F636875C0
:1052F0006E6B28682C2072696768745F6368756ECE
:105300006B28682C20632929203D3D206300096318
:105310006F72727570746564206865617020626F69
:10532000756E64732028627566666572206F766597
:1053300072666C6F773F2920666F72206D656D6FA6
:1053400072792061742025700A0028616C69676E8B
:1053500020262028616C69676E202D2031292920A4
:105360003D3D20300009616C69676E206D75737476
:10537000206265206120706F776572206F66203231
:105380000A006279746573203E20686561705F660B
:105390006F6F7465725F6279746573286279746582
:1053A00073290009686561702073697A65206973E3
:1053B00020746F6F20736D616C6C0A00686561709A
:1053C0005F737A203E206368756E6B737A28736909
:1053D0007A656F6628737472756374207A5F686586
:1053E00061702929006368756E6B305F73697A6537
:1053F000202B206D696E5F6368756E6B5F73697AD1
:1054000065286829203C3D20686561705F737A00DB
:10541000574553545F544F504449522F7A65706832
:1054200079722F6C69622F6F732F63627072696E6D
:1054300074665F7061636B616765642E6300095316
:105440007472696E67207769746820746F6F206D5D
:10545000616E7920617267756D656E74730A0009FB
:105460007374725F7074725F706F735B5D20746FC2
:105470006F20736D616C6C0A0009756E65787065DC
:10548000637465642073697A652025750A00097460
:105490006F6F206D616E7920666F726D617420612F
:1054A0007267730A00696E5F7061636B6167656440
:1054B00020213D202828766F6964202A2930290080
:1054C00028756E7369676E65642920636861722050
:1054D0002A207573656420666F722025257020610F
:1054E0007267756D656E742E20497427732072651E
:1054F000636F6D6D656E64656420746F20636173A6
:105500007420697420746F20766F6964202A206289
:10551000656361757365206974206D6179206361CD
:10552000757365206D69736265686176696F722055
:10553000696E206365727461696E20636F6E66695F
:105540006775726174696F6E732E20537472696E21
:10555000673A2225732220617267756D656E743A11
:10556000256400736370795F636E74203C207369F7
:105570007A656F66286370795F7374725F706F739A
:1055800029006B6565705F636E74203C2073697AD7
:10559000656F66286B6565705F7374725F706F739B
:1055A000290063627072696E74665F7061636B611B
:1055B000676500574553545F544F504449522F7A02
:1055C00065706879722F696E636C7564652F7A6592
:1055D000706879722F6B65726E656C2E6800216B36
:1055E0005F69735F7072655F6B65726E656C2829A9
:1055F00000096B5F63757272656E745F6765742016
:1056000063616C6C6564207072652D6B65726E658C
:105610006C0A00574553545F544F504449522F7AF7
:1056200065706879722F6C69622F6F732F6D70735C
:10563000635F706275662E6300574553545F544F25
:10564000504449522F7A65706879722F696E636C85
:105650007564652F7A65706879722F7370696E6CE6
:105660006F636B2E68007A5F7370696E5F6C6F6337
:105670006B5F76616C6964286C290009496E7661FC
:105680006C6964207370696E6C6F636B2025700A9F
:10569000007A5F7370696E5F756E6C6F636B5F76B7
:1056A000616C6964286C2900094E6F74206D792043
:1056B0007370696E6C6F636B2025700A0073797369
:1056C0005F6765746F707400574553545F544F5053
:1056D0004449522F7A65706879722F6C69622F7510
:1056E00074696C732F6F6E6F66662E6300737461DE
:1056F0007465203D3D20305500217379735F736CD4
:105700006973745F69735F656D70747928266D675E
:10571000722D3E636C69656E747329007472616EDC
:1057200073697420213D202828766F6964202A2916
:105730003029007374617465203D3D202831554C3B
:10574000203C3C2028312929006D67722D3E72656E
:105750006673203D3D2030007374617465203D3DCB
:10576000202831554C203C3C2028302929006D67E9
:10577000722D3E72656673203E20300057455354AB
:105780005F544F504449522F7A65706879722F6C7C
:1057900069622F7574696C732F6E6F746966792EE8
:1057A00063004E5653206E6F7420696E6974696190
:1057B0006C697A656400436F756C64206E6F742049
:1057C0006F627461696E20666C61736820706172CB
:1057D000616D657465727300556E737570706F726C
:1057E00074656420777269746520626C6F636B20E6
:1057F00073697A6500536563746F722073697A65A3
:1058000020257520746F6F206C617267652C206D88
:105810006178696D756D20697320257A7500556E04
:1058200061626C6520746F206765742070616765C4
:1058300020696E666F00496E76616C6964207365DD
:1058400063746F722073697A6500436F6E6669676F
:1058500075726174696F6E206572726F72202D208F
:10586000736563746F7220636F756E7400256420B6
:10587000536563746F7273206F66202564206279AC
:1058800074657300616C6C6F63207772613A2025D8
:10589000642C2025780064617461207772613A205D
:1058A00025642C20257800474320446F6E65206DC9
:1058B00061726B657220666F756E64004E6F204773
:1058C0004320446F6E65206D61726B657220666F58
:1058D000756E643A2072657374617274696E6720C4
:1058E00067630066735F6E767300496E76616C69FC
:1058F0006420696E7374616E636500496E76616CD5
:105900006964206261636B656E6420636F6E6669B3
:105910006775726174696F6E00496E76616C696457
:1059200020696E7374616E63652C20656E64706FA0
:10593000696E74206F7220636F6E6669677572613D
:1059400074696F6E00496E76616C696420656E647F
:10595000706F696E7400456E64706F696E74206E4E
:105960006F7420726567697374657265640A006993
:1059700070635F73657276696365006C6F676769F2
:105980006E6700574553545F544F504449522F7A25
:1059900065706879722F7375627379732F6C6F6796
:1059A00067696E672F6C6F675F636F72652E630048
:1059B0006C6F675F6261636B656E645F636F756E6A
:1059C000745F6765742829203C2028283332202FF3
:1059D00020335529202D202831202B203029290043
:1059E0006261636B656E64203C3D205F6C6F675F36
:1059F0006261636B656E645F6C6973745F656E642E
:105A00000009756E6578706563746564206C6973F0
:105A10007420656E64206C6F636174696F6E0A0038
:105A20006C6F675F6261636B656E645F636F756EF9
:105A3000745F6765742829203E2030006C6F670012
:105A40006C6F675F6D676D74004D6573736167653B
:105A5000202822257322292064726F7070656420CB
:105A60006265636175736520697420657863656537
:105A700064732073697A65206C696D6974617469F7
:105A80006F6E202825752900574553545F544F5099
:105A90004449522F7A65706879722F7375627379F1
:105AA000732F6C6F6767696E672F6C6F675F6D73BD
:105AB000672E63006C656E203E3D203000574553D5
:105AC000545F544F504449522F7A65706879722F51
:105AD0007375627379732F6C6F6767696E672F6C6C
:105AE0006F675F6F75747075742E63006F75745F88
:105AF0006374782D3E636F6E74726F6C5F626C6F4F
:105B0000636B2D3E6F6666736574203C3D206F7538
:105B1000745F6374782D3E73697A65001B5B306D2A
:105B2000006C6576656C203C3D20340025732000B8
:105B30005B2530386C755D20005B253032753A2569
:105B40003032753A253032752E253033752C25309C
:105B500033755D200025732F003C25733E20002502
:105B6000733A2000657272203E3D203000253032AD
:105B70007820007C00256300206D65737361676584
:105B8000732064726F70706564202D2D2D0D0A1BBB
:105B90005B306D001B5B313B33316D2D2D2D2000B3
:105BA0001B5B313B33316D001B5B313B33336D008D
:105BB0006572720077726E00696E660064626700DB
:105BC000574553545F544F504449522F7A6570687B
:105BD00079722F7375627379732F6C6F6767696E53
:105BE000672F6261636B656E64732F6C6F675F62B2
:105BF00061636B656E645F756172742E63006465CA
:105C0000766963655F69735F726561647928756140
:105C100072745F64657629006C6F675F6261636BA5
:105C2000656E645F75617274006C6F675F75617239
:105C30007400574553545F544F504449522F7A656E
:105C4000706879722F7375627379732F73657474CA
:105C5000696E67732F7372632F73657474696E67EF
:105C6000732E63006368203C3D205F736574746924
:105C70006E67735F68616E646C65725F7374617484
:105C800069635F6C6973745F656E64007365742D1E
:105C900076616C7565206661696C7572652E206B26
:105CA00065793A202573206572726F722825642900
:105CB000002A2A2A20426F6F74696E67204D79206E
:105CC0004170706C69636174696F6E2076332E3336
:105CD0002E332D39396530643333386534626520AD
:105CE0002A2A2A0A002A2A2A205573696E67206EFA
:105CF000524620436F6E6E6563742053444B20768A
:105D0000332E332E332D663738656565353534349B
:105D10003438202A2A2A0A002A2A2A205573696E32
:105D200067205A6570687972204F532076342E337D
:105D30002E39392D33376536633238353736656558
:105D4000202A2A2A0A00029ECADC240EE5A9E09332
:105D5000F3A3B50200406E029ECADC240EE5A9E062
:105D600093F3A3B50200406E029ECADC240EE5A99F
:105D7000E093F3A3B50300406E029ECADC240EE557
:105D8000A9E093F3A3B50300406E029ECADC240E83
:105D9000E5A9E093F3A3B50100406E62745F6E75F0
:105DA00073006D757465785F696E69742063616CEA
:105DB0006C65642077697468204E554C4C20706186
:105DC00072616D6574657200436F756C64206E6FEF
:105DD0007420616C6C6F63617465206D7574657897
:105DE000206265666F726520696E697469616C69AD
:105DF0007A696E670072302F61313A202030782541
:105E0000303878202072312F61323A2020307825C6
:105E1000303878202072322F61333A2020307825B4
:105E20003038780072332F61343A202030782530B2
:105E30003878207231322F69703A2020307825303E
:105E40003878207231342F6C723A20203078253027
:105E500038780020787073723A20203078253038F6
:105E600078004661756C74696E6720696E73747230
:105E7000756374696F6E2061646472657373202842
:105E80007231352F7063293A203078253038780008
:105E9000556E68616E646C6564204952516E3A209B
:105EA0002564002A2A2A2A2A204D50552046415589
:105EB0004C54202A2A2A2A2A002020537461636B1A
:105EC000696E67206572726F722028636F6E7465E9
:105ED00078742061726561206D69676874206265FD
:105EE000206E6F742076616C696429002020556EE5
:105EF000737461636B696E67206572726F720020E4
:105F00002044617461204163636573732056696F37
:105F10006C6174696F6E0020204D4D4641522041E6
:105F20006464726573733A203078257800202049C4
:105F30006E737472756374696F6E20416363657309
:105F4000732056696F6C6174696F6E002020466C17
:105F50006F6174696E672D706F696E74206C617A01
:105F600079207374617465207072657365727661EF
:105F700074696F6E206572726F7200574553545F7B
:105F8000544F504449522F7A65706879722F61726C
:105F900063682F61726D2F636F72652F636F727408
:105FA00065785F6D2F6661756C742E6300212828FB
:105FB000285343425F54797065202A2920282830CD
:105FC000784530303045303030554C29202B20304A
:105FD0007830443030554C2920292D3E43465352C9
:105FE0002026202831554C203C3C20283055202BA1
:105FF0002034552929290009537461636B696E6740
:10600000206F722044617461204163636573732063
:1060100056696F6C6174696F6E206572726F722061
:10602000776974686F757420737461636B2067752A
:106030006172642C20757365722D6D6F6465206FBD
:1060400072206E756C6C2D706F696E746572206451
:106050006574656374696F6E0A0A002A2A2A2A2AFF
:10606000205553414745204641554C54202A2A2A61
:106070002A2A0020204469766973696F6E2062794C
:10608000207A65726F002020556E616C69676E65BD
:1060900064206D656D6F7279206163636573730051
:1060A0002020537461636B206F766572666C6F7726
:1060B0002028636F6E746578742061726561206E4C
:1060C0006F742076616C6964290020204E6F206314
:1060D0006F70726F636573736F7220696E73747221
:1060E000756374696F6E73002020496C6C6567611D
:1060F0006C206C6F6164206F66204558435F524589
:106100005455524E20696E746F2050430020204930
:106110006C6C6567616C20757365206F66207468B0
:10612000652045505352002020417474656D707491
:1061300020746F206578656375746520756E64657D
:1061400066696E656420696E737472756374696FD5
:106150006E002A2A2A2A2A20425553204641554CAD
:1061600054202A2A2A2A2A002020537461636B694A
:106170006E67206572726F720020205072656369CD
:106180007365206461746120627573206572726F3B
:10619000720020204246415220416464726573734C
:1061A0003A2030782578002020496D707265636947
:1061B0007365206461746120627573206572726F0B
:1061C00072002020496E737472756374696F6E205B
:1061D000627573206572726F7200526573657276B4
:1061E000656420457863657074696F6E202800537C
:1061F000707572696F757320696E746572727570EF
:106200007420284952512000535053454C20696E48
:1062100020746872656164206D6F646520646F65C9
:1062200073206E6F7420696E6469636174652050B9
:1062300053500065736620213D202828766F6964DD
:10624000202A293029000945534620636F756C6464
:10625000206E6F7420626520726574726965766560
:1062600064207375636365737366756C6C792E2037
:106270005368616C6C206E65766572206F63637520
:10628000722E0A002A2A2A2A2A20484152442046ED
:1062900041554C54202A2A2A2A2A0020204275736C
:1062A000206661756C74206F6E20766563746F7202
:1062B000207461626C652072656164002020446511
:1062C000627567206576656E740020204661756C86
:1062D0007420657363616C6174696F6E20287365E7
:1062E000652062656C6F772900415243485F4558CD
:1062F00043455054207769746820726561736F6EEE
:106300002025780A00094661756C74206573636105
:106310006C6174696F6E20776974686F757420465C
:10632000535220696E666F0A0009486172644661C3
:10633000756C7420776974686F7574204846535281
:1063400020696E666F205368616C6C206E6576659F
:1063500072206F636375720A002A2A2A2A2A20444F
:1063600065627567206D6F6E69746F722065786302
:10637000657074696F6E202A2A2A2A2A002A2A2A1E
:106380002A2A20257320256429202A2A2A2A2A003D
:10639000574553545F544F504449522F7A657068A3
:1063A00079722F617263682F61726D2F636F7265EE
:1063B0002F636F727465785F6D2F6972715F6D61A5
:1063C0006E6167652E63007072696F203C3D202806
:1063D0002831554C203C3C2028332929202D2031C0
:1063E000290009696E76616C6964207072696F7248
:1063F00069747920256420666F7220256420697293
:1064000071212076616C756573206D7573742062DF
:1064100065206C657373207468616E20256C750A45
:106420000A006D7075004661696C656420746F20A8
:10643000616C6C6F63617465206E6577204D50559B
:1064400020726567696F6E2025750A00506172744D
:106450006974696F6E2025753A2073616E6974796D
:1064600020636865636B206661696C65642E004912
:106470006E76616C696420756E6465726C79696EA4
:106480006720726567696F6E20696E646578202584
:106490007500574553545F544F504449522F7A6505
:1064A000706879722F617263682F61726D2F636FEC
:1064B00072652F6D70752F61726D5F6D70752E63D3
:1064C0000009436F6E6669677572696E672025758E
:1064D00020737461746963204D505520726567693B
:1064E0006F6E73206661696C65640A0A00094D610C
:1064F000726B696E67202575206172656173206615
:106500006F722064796E616D696320726567696F6F
:106510006E73206661696C65640A0A0009526571D0
:106520007565737420746F20636F6E66696775722A
:10653000653A20257520726567696F6E7320287330
:106540007570706F727465643A202575290A0A00A7
:106550002128726567696F6E5B6964785D2E64746B
:106560005F617474722026202831554C203C3C20F9
:106570002830292929000952414D5F4E4F4341439C
:10658000484520776974682044545F4D454D5F430A
:106590004143484541424C452061747472696275BB
:1065A00074650A0A00094661696C656420746F208D
:1065B000616C6C6F63617465204D50552072656726
:1065C000696F6E732066726F6D2044540A0A00462C
:1065D0004C4153485F30005352414D5F3000657865
:1065E000697400574553545F544F504449522F7AB1
:1065F00065706879722F6C69622F6C6962632F63B2
:106600006F6D6D6F6E2F736F757263652F7374642A
:106610006C69622F6D616C6C6F632E63006C6F63CD
:106620006B5F726574203D3D203000574553545FC9
:10663000544F504449522F7A65706879722F6C69B3
:10664000622F6E65745F6275662F6275662E6300D9
:106650006275662D3E6672616773203D3D20282875
:10666000766F6964202A293029007265715F736929
:106670007A65203C3D2073697A65006275662D3E1F
:10668000726566000962756620257020646F756208
:106690006C6520667265650A0066726167006E65EA
:1066A000745F62756600574553545F544F504449B8
:1066B000522F7A65706879722F6C69622F6E6574DB
:1066C0005F6275662F6275665F73696D706C652EAB
:1066D00063006275662D3E6C656E203D3D20305531
:1066E000006275662D3E6C656E203E3D206C656EC9
:1066F000006E65745F6275665F73696D706C655F6F
:1067000068656164726F6F6D2862756629203E3D11
:10671000206C656E006E65745F6275665F73696D8F
:10672000706C655F7461696C726F6F6D28627566FD
:1067300029203E3D206C656E006E65745F62756653
:106740005F73696D706C6500574553545F544F50CB
:106750004449522F7A65706879722F736F632F6E78
:106760006F726469632F6E726635332F736F632E99
:106770006300736F6300574553545F544F5044494F
:10678000522F6D6F64756C65732F68616C2F6E6F1F
:10679000726469632F6E7266782F68616C2F6E72F7
:1067A000665F6770696F2E68006E72665F677069FA
:1067B0006F5F70696E5F70726573656E745F63683A
:1067C00065636B282A705F70696E290057455354C2
:1067D0005F544F504449522F7A65706879722F7315
:1067E0006F632F6E6F726469632F6E726635332F1D
:1067F0006E726635335F6370756E65745F6D676D5D
:10680000742E6300726574203E3D2030000000004D
:106810000121200B0A574553545F544F50444952AD
:106820002F7A65706879722F696E636C7564652F55
:106830007A65706879722F647269766572732F65F4
:106840006E74726F70792E68006170692D3E676595
:10685000745F656E74726F707920213D20282876F0
:106860006F6964202A293029000943616C6C6261D8
:10687000636B20706F696E7465722073686F756CDE
:1068800064206E6F74206265204E554C4C0A0000E7
:10689000FFFFFFFFFFFF00000000000000FFFFFF01
:1068A000FFFFFF0000000000003031323334353686
:1068B0003738396162636465660062745F72706163
:1068C00000496E73756666696369656E74206E75DE
:1068D0006D626572206F6620617267756D656E749A
:1068E000730049676E6F72696E67206964656E74C4
:1068F00069746965732073746F72656420696E20B2
:10690000666C61736800496E76616C6964206C65C1
:106910006E677468204944206164647265737320F3
:10692000696E2073746F726167650062742F2573DE
:106930002F253032782530327825303278253032A4
:1069400078253032782530327825752F257300620E
:10695000742F25732F253032782530327825303248
:106960007825303278253032782530327825750018
:1069700073657474696E67735F7375627379735F3F
:10698000696E6974206661696C656420286572723D
:10699000202564290062742F2573004661696C65A7
:1069A0006420746F207361766520494420286572E5
:1069B000722025642900556E61626C6520746F2019
:1069C000736574757020616E206964656E74697496
:1069D0007920616464726573730062740062745F2D
:1069E00073657474696E6773004254204C57205766
:1069F000510002FB349B5F8000008000100000000B
:106A0000000000574553545F544F504449522F7A69
:106A100065706879722F7375627379732F626C7504
:106A200065746F6F74682F686F73742F6275662E4C
:106A3000630074797065203D3D2042545F425546A5
:106A40005F455654207C7C2074797065203D3D2044
:106A500042545F4255465F41434C5F494E207C7C27
:106A60002074797065203D3D2042545F4255465F59
:106A700049534F5F494E0009496E76616C69642045
:106A800062756666657220747970652072657175CD
:106A900065737465640A00574553545F544F5044FE
:106AA00049522F7A65706879722F696E636C7564CC
:106AB000652F7A65706879722F626C7565746F6F77
:106AC00074682F6275662E68006D6574612D3E7066
:106AD0006172656E740076696577006E65745F62D9
:106AE00075665F68656164726F6F6D28706172654D
:106AF0006E7429203E2030002162745F6275665FEB
:106B00006861735F7669657728706172656E742954
:106B10000062745F6275660062745F646174610034
:106B20004461746120627566666572206F76657275
:106B3000666C6F7720286C696E6B207479706520A5
:106B40003078253032782900556E61626C6520748A
:106B50006F206C6F6F6B20757020636F6E6E207787
:106B60006974682068616E646C6520257500556ED7
:106B700061626C6520746F206C6F6F6B7570206341
:106B80006F6E6E20666F722068616E646C65202582
:106B900075004861726477617265206572726F7208
:106BA0002C20686172647761726520636F64653A56
:106BB00020256400436F756C64206E6F74207375BC
:106BC000626D69742072785F776F726B3A2025640A
:106BD00000556E61626C6520746F20616C6C6F6330
:106BE0006174652062756666657200556E68616ED7
:106BF000646C6564206576656E742030782530326B
:106C000078206C656E2025753A20257300546F6FCF
:106C100020736D616C6C2028257520627974657312
:106C200029206576656E74203078253032780049E9
:106C30006E76616C696420484349206576656E74A0
:106C40002073697A65202825752900496E76616C64
:106C50006964204C45206D657461206576656E74AD
:106C60002073697A65202825752900574553545F9C
:106C7000544F504449522F7A65706879722F73755A
:106C8000627379732F626C7565746F6F74682F68A7
:106C90006F73742F6863695F636F72652E6300653D
:106CA00076745F666C6167732026202831554C200E
:106CB0003C3C202830292900496E76616C696420AB
:106CC000627566207479706520257500496E76615D
:106CD0006C6964204843492041434C207061636BD8
:106CE00065742073697A6520282575290041434C15
:106CF0002064617461206C656E677468206D6973CF
:106D00006D617463682028257520213D2025752933
:106D100000556E61626C6520746F2066696E642038
:106D2000636F6E6E20666F722068616E646C6520A2
:106D300025750062745F6863695F6576745F676577
:106D4000745F666C616773286864722D3E65767443
:106D5000292026202831554C203C3C202831292947
:106D600000556E6B6E6F776E206275662074797059
:106D70006520257500556E68616E646C65642076CB
:106D8000656E646F722D73706563696669632065F3
:106D900076656E7420307825303278206C656E20F0
:106DA00025753A202573004E6F20636F6D6D616EFF
:106DB000642073656E7420666F7220636D64206357
:106DC0006F6D706C65746520307825303478004FB5
:106DD00070436F64652030782530347820636F6DA0
:106DE000706C6574656420696E7374656164206F8E
:106DF000662065787065637465642030782530346A
:106E000078002162756600696E74657276616C2027
:106E100065786365656473207468652076616C6964
:106E2000642072616E6765202575207573006C6142
:106E300074656E6379206578636565647320746832
:106E4000652076616C69642072616E6765203078B8
:106E50002530347800737570765F74696D656F7571
:106E60007420657863656564732074686520766155
:106E70006C69642072616E676520307825303478E3
:106E8000004E6F2070656E64696E67207065726970
:106E900070686572616C20636F6E6E656374696F94
:106EA0006E00556E657870656374656420737461F7
:106EB000747573203078253032782025730065761C
:106EC00074206E756D5F68616E646C657320283D1B
:106ED00025752920746F6F206C61726765202825E5
:106EE0007A75203E20257529004E6F20636F6E6EE7
:106EF000656374696F6E20666F722068616E646C82
:106F000065202575007061636B65747320636F7510
:106F10006E74206D69736D617463680061746F6D68
:106F200069635F6765742826636F6E6E2D3E696EB8
:106F30005F6C6C29004661696C656420746F207316
:106F40006574207265717569726564207365637517
:106F500072697479206C6576656C004E6F20636889
:106F6000616E676520746F20656E637279707469F5
:106F70006F6E2073746174652028656E637279701A
:106F800074203078253032782900756E6B6E6F77FB
:106F90006E005B305D00484349207472616E73700F
:106FA0006F72743A20257300495043004964656E3E
:106FB0007469747925733A202573004964656E7489
:106FC0006974795B25645D3A202573004843493A2A
:106FD0002076657273696F6E2025732028307825BE
:106FE00030327829207265766973696F6E20307847
:106FF000253034782C206D616E756661637475720E
:10700000657220307825303478004C4D503A207627
:10701000657273696F6E20257320283078253032B1
:10702000782920737562766572203078253034783F
:10703000004E6F20494420616464726573732E2092
:10704000417070206D7573742063616C6C20736582
:107050007474696E67735F6C6F6164282900092519
:10706000640A00556E61626C6520746F2073656EF2
:107070006420746F2064726976657220286572726C
:10708000202564290009556E61626C6520746F20AB
:10709000616C6C6F6320666F7220486F7374204E52
:1070A00043500A0009556E61626C6520746F20734D
:1070B000656E6420486F7374204E435020286572BB
:1070C00072202564290A00556E61626C6520746F18
:1070D000206C6F6F6B20757020636F6E6E20776908
:1070E000746820696E6465782030782530327800C5
:1070F0004E6F74207265706F7274696E6720706174
:10710000636B657420666F72206E6F6E2D636F6E99
:107110006E656374656420636F6E6E00556E6162A8
:107120006C6520746F20616C6C6F63617465206E98
:1071300065772048434920636F6D6D616E64000977
:10714000436F6E74726F6C6C657220756E726573CE
:10715000706F6E736976652C20636F6D6D616E6400
:10716000206F70636F646520307825303478207428
:10717000696D656F75742077697468206572722017
:1071800025640A006F70636F6465203078253034A1
:1071900078207374617475732030782530327820CC
:1071A0002573004661696C656420746F20726561A7
:1071B0006420444C45206D61782064617461206CCA
:1071C000656E0074785F6F637465747320657863AF
:1071D00065656473207468652076616C69642072EB
:1071E000616E67652025750074785F74696D652030
:1071F00065786365656473207468652076616C6981
:10720000642072616E6765202575006576742D3E79
:10721000737461747573203D3D2030783030004EBA
:107220006F2070656E64696E6720636F6E6E206696
:107230006F72207065657220257300436F6E7472E3
:107240006F6C6C657220746F20686F737420666C4D
:107250006F7720636F6E74726F6C206E6F74207323
:107260007570706F72746564004E6F6E2D4C4520A2
:1072700063617061626C6520636F6E74726F6C6CB9
:10728000657220646574656374656421004E756D74
:10729000206F6620436F6E74726F6C6C657227731B
:1072A0002041434C207061636B65747320213D2045
:1072B00041434C2062745F636F6E6E5F747820632D
:1072C0006F6E74657874732028257520213D202504
:1072D00075290041434C2042522F4544522062758B
:1072E0006666657273206E6F7420696E6974696179
:1072F0006C697A65640056656E646F722048434914
:1073000020657874656E73696F6E73206E6F74207C
:10731000617661696C61626C6500485720506C61F0
:1073200074666F726D3A20257320283078253034CA
:1073300078290048572056617269616E743A202599
:1073400073202830782530347829004669726D77AB
:107350006172653A202573202830782530327829EB
:107360002056657273696F6E2025752E2575204233
:1073700075696C64202575004661696C65642074CC
:107380006F207265616420737570706F72746564CC
:107390002076656E646F7220636F6D6D616E6473CD
:1073A000004661696C656420746F207265616420B9
:1073B000737570706F727465642076656E646F7239
:1073C0002066656174757265730048434920647274
:1073D00069766572206973206E6F742072656164CE
:1073E00079004254205258205751004843492064A4
:1073F0007269766572206F70656E206661696C6572
:10740000642028256429004F7574206F6620636FFF
:107410006D6D616E64206275666665727300556E8F
:10742000657870656374656420484F53545F4E55AA
:107430004D5F434F4D504C455445445F5041434B85
:107440004554532C20737461747573203078253043
:10745000327820257300556E636C65617265642017
:1074600070656E64696E672073656E745F636D64CA
:107470000091FBFBF3F4FBFBFBFBEA0009090909A4
:10748000010209090909090909090909090709097D
:10749000090909060909090909090909090909095F
:1074A0000909090905312E306200312E3100312ED3
:1074B0003200322E3000322E3100332E3000342E86
:1074C0003000342E3100342E3200352E3000352E6F
:1074D0003100352E3200352E3300352E3400362E55
:1074E0003000362E3100362E3200362E33005374E3
:1074F000616E6461726420426C7565746F6F74684C
:1075000020636F6E74726F6C6C65720056656E648A
:107510006F7220737065636966696320636F6E7450
:10752000726F6C6C6572004669726D77617265206E
:107530006C6F616465720052657363756520696D77
:10754000616765007265736572766564006E5246A8
:10755000353178006E5246353278006E52463533FA
:1075600078006E524635344878006E524635344CB9
:107570007800496E74656C20436F72706F7261742D
:10758000696F6E004E6F726469632053656D696345
:107590006F6E647563746F72004E58502053656D42
:1075A00069636F6E647563746F7273004573707294
:1075B00065737369662053797374656D73006274C3
:1075C0005F6863695F636F726500636D64206469FF
:1075D00073616C6C6F77656400574553545F544F0B
:1075E000504449522F7A65706879722F73756273AF
:1075F00079732F626C7565746F6F74682F686F7321
:10760000742F69642E6300636F6E666C6963742007
:10761000213D202828766F6964202A2930290063BB
:107620006F6E666C6963742D3E63616E646964613C
:10763000746520213D202828766F6964202A29302E
:1076400029007265736964656E7420213D202828C5
:10765000766F6964202A2930290028636F6E666C72
:107660006963742D3E63616E6469646174652D3E67
:10767000737461746520262042545F4B4559535FF3
:1076800049445F414444454429203D3D2030004663
:1076900061696C656420746F2064697361626C65F4
:1076A0002061646472657373207265736F6C7574A6
:1076B000696F6E005265736F6C76696E67206C69D6
:1076C00073742073697A65206578636565646564A1
:1076D0002E20537769746368696E6720746F206821
:1076E0006F73742E004661696C656420746F20634B
:1076F0006C656172207265736F6C7574696F6E2052
:107700006C697374004661696C656420746F2061F4
:1077100064642049524B20746F20636F6E74726FE3
:107720006C6C657200536574207072697661637960
:10773000206D6F646520636F6D6D616E6420697389
:10774000206E6F7420737570706F7274656400467C
:1077500061696C656420746F207365742070726950
:1077600076616379206D6F64650062745F6465762D
:107770002E6C652E726C5F656E7472696573203E47
:1077800020300044697361626C696E6720616464D3
:1077900072657373207265736F6C7574696F6E2098
:1077A0006661696C65642028657272202564290011
:1077B0004661696C656420746F2072656D6F7665D3
:1077C0002049524B2066726F6D20636F6E74726F2A
:1077D0006C6C6572004F6E6C792072616E646F6DB7
:1077E00020737461746963206964656E7469747967
:1077F000206164647265737320737570706F727446
:10780000656400496E76616C696420696E70757498
:1078100020706172616D6574657273004661696C98
:10782000656420746F2072656164207075626C6994
:1078300063206164647265737300526561642053F0
:107840007461746963204164647265737365732045
:10785000636F6D6D616E64206E6F74206176616917
:107860006C61626C65004661696C656420746F20B0
:107870007265616420737461746963206164647209
:107880006573736573004E6F207374617469632050
:107890006164647265737365732073746F72656479
:1078A00020696E20636F6E74726F6C6C657200433A
:1078B000616E27742073657420626F746820494478
:1078C000454E544954592026204E5250410062746E
:1078D0005F696400546F6F20626967206164766538
:1078E00072746973696E67206461746100466169CE
:1078F0006C656420746F20737461727420616476A7
:1079000065727469736572004661696C65642074A0
:107910006F2073746F702061647665727469736927
:107920006E673A2025640062745F61647600574593
:1079300053545F544F504449522F7A65706879729E
:107940002F696E636C7564652F7A65706879722F24
:107950007379732F627974656F726465722E680033
:10796000282870737263203C20706473742026266C
:10797000202870737263202B206C656E67746829F1
:10798000203C3D207064737429207C7C2028707317
:107990007263203E20706473742026262028706451
:1079A0007374202B206C656E67746829203C3D2021
:1079B0007073726329290009536F757263652061C2
:1079C0006E642064657374696E6174696F6E2062A1
:1079D000756666657273206D757374206E6F7420A2
:1079E0006F7665726C61700A007073615F637279A3
:1079F00070746F5F696E69742829206661696C65AF
:107A000064202564007073615F67656E65726174E0
:107A1000655F72616E646F6D2829206661696C65AF
:107A200064202564004661696C656420746F206978
:107A30006D706F727420414553206B657920256409
:107A40000041455320656E6372797074696F6E20D2
:107A50006661696C6564202564004661696C6564D3
:107A600020746F2064657374726F792041455320D0
:107A70006B65792025640062745F686F73745F635F
:107A8000727970746F004661696C656420746F2050
:107A900067656E657261746520454343206B657947
:107AA000202564004661696C656420746F206578E8
:107AB000706F727420454343207075626C69632057
:107AC0006B6579202564004661696C656420746F7C
:107AD000206578706F727420454343207072697618
:107AE000617465206B6579202564004661696C6569
:107AF0006420746F2064657374726F79204543430A
:107B0000206B6579204944202564004661696C65D5
:107B10006420746F20696D706F72742074686520C2
:107B200070726976617465206B657920666F72206A
:107B30006B65792061677265656D656E742025647B
:107B400000526177206B65792061677265656D65AC
:107B50006E74206661696C65642025640046616905
:107B60006C656420746F2064657374726F7920741F
:107B70006865206B6579202564007073615F696DAD
:107B8000706F72745F6B65792829207265747572E5
:107B90006E6564207374617475732025640042758A
:107BA000737920706572666F726D696E6720616EA1
:107BB0006F746865722045434448206F7065726138
:107BC00074696F6E00E69D350E480103CCDBFDF451
:107BD000AC1191F4EFB9A5F9E9A7832C5E2CBE97FF
:107BE000F2D203B0208BD28915D08E1C742430EDD4
:107BF0008FC24563765C15525ABF9A32636DEB2A89
:107C000065499C80DC62745F65636300574553542B
:107C10005F544F504449522F7A65706879722F73C0
:107C200075627379732F626C7565746F6F74682FEA
:107C3000686F73742F636F6E6E2E63006362203CF7
:107C40003D205F62745F636F6E6E5F63625F6C693D
:107C500073745F656E640074780069735F61636C50
:107C60005F636F6E6E28636F6E6E29004661696C8C
:107C7000656420726561642072656D6F746520664D
:107C80006561747572657320282564290050485910
:107C900020307825303278206E6F742073757070C4
:107CA0006F72746564004661696C656420746F204E
:107CB0007365742064617461206C656E202825648E
:107CC00029006B5F63757272656E745F67657428F7
:107CD00029203D3D206B5F776F726B5F7175657515
:107CE000655F7468726561645F6765742874785F46
:107CF0006E6F746966795F776F726B7175657565A4
:107D00005F6765742829290009636F756C646E27A5
:107D100074207375626D6974202865727220256401
:107D2000290A00556E65787065637465642066691C
:107D3000727374204C32434150206672616D65004D
:107D4000556E6578706563746564204C32434150AC
:107D500020636F6E74696E756174696F6E004E6F2B
:107D60007420656E6F75676820627566666572203F
:107D7000737061636520666F72204C3243415020FE
:107D80006461746100556E65787065637465642024
:107D900041434C20666C616773202830782530326F
:107DA00078290041434C206C656E206D69736D61CC
:107DB00074636820282575203E202575290009490F
:107DC0006E76616C696420636F6E6E656374696F53
:107DD0006E207265666572656E63650A006F6C641D
:107DE000203E20300009436F6E6E2072656665721A
:107DF000656E636520636F756E74657220697320AC
:107E0000300A0021636F6E6E5F74785F69735F7014
:107E1000656E64696E67000974785F636F6D706C7E
:107E20006574655F776F726B2069732070656E642F
:107E3000696E67207768656E20636F6E6E20697368
:107E4000206465616C6C6F63617465640A002875F9
:107E50006E6B6E6F776E29006E6F207472616E7339
:107E60006974696F6E20257300496E76616C696470
:107E70002028257529206F6C642073746174650057
:107E8000636F6E6E202570206661696C6564207476
:107E90006F2065737461626C6973682E205246208E
:107EA0006E6F6973653F006E6F2076616C69642048
:107EB0002825752920737461746520776173207398
:107EC000657400696E636F6D70617469626C6520C2
:107ED00068616E646C65202575002828636F6E6E7E
:107EE0002920262620282875696E747074725F74A4
:107EF000292861636C5F636F6E6E732929203C3D96
:107F000020282875696E747074725F742928636FF5
:107F10006E6E292920262620282875696E747074B3
:107F2000725F742928636F6E6E2929203C202828EF
:107F300075696E747074725F742928262861636C89
:107F40005F636F6E6E73295B282873697A655F744F
:107F500029282828696E742973697A656F662863F1
:107F60006861725B31202D202832202A20212821AF
:107F70005F5F6275696C74696E5F74797065735F59
:107F8000636F6D70617469626C655F70285F5F74A8
:107F90007970656F665F5F2861636C5F636F6E6E9B
:107FA00073292C205F5F747970656F665F5F282688
:107FB0002861636C5F636F6E6E73295B305D292986
:107FC00029295D29202D203129202B202873697A29
:107FD000656F662861636C5F636F6E6E7329202F17
:107FE0002073697A656F66282861636C5F636F6EC2
:107FF0006E73295B305D292929295D2929202626D0
:108000002028282875696E747074725F742928633B
:108010006F6E6E2929202D20282875696E74707462
:10802000725F74292861636C5F636F6E6E732929B8
:108030002920252073697A656F66282861636C5F43
:10804000636F6E6E73295B305D29203D3D203029C2
:108050000009496E76616C69642062745F636F6EBB
:108060006E20706F696E7465720A00216B5F6973B0
:108070005F696E5F69737228290054696D656F7559
:1080800074206469736361726465642E204E6F208E
:10809000626C6F636B696E6720696E2073797377AA
:1080A000712E0009496E76616C696420636F6E6E93
:1080B00020747970652025750A00746D7020213D4B
:1080C00020636F6E6E007072657620213D202663FE
:1080D0006F6E6E2D3E5F636F6E6E5F726561647969
:1080E00000094E6F20636F6E74726F6C6C65722046
:1080F000627566730A00094E6F20545820636F6ED4
:10810000746578740A0030207C7C20286275662DA6
:108110003E726566203D3D203129207C7C2028620E
:1081200075662D3E726566203D3D20322900216234
:10813000745F6275665F6861735F76696577286FE3
:1081400075747369646529006672616720213D203A
:108150002828766F6964202A2930290009496E761B
:10816000616C696420636F6E6E656374696F6E2005
:10817000747970652025750A00466174616C20650C
:1081800072726F7220282564292E20446973636FF0
:108190006E6E656374696E6720257000466F756E3C
:1081A000642076616C696420636F6E6E65637469C8
:1081B0006F6E2028257029207769746820616464B7
:1081C0007265737320257320696E20257320737484
:1081D000617465200053656E64204C4520706172A7
:1081E000616D20757064617465206661696C656499
:1081F0002028657272202564290053656E64206111
:1082000075746F204C4520706172616D20757064CB
:10821000617465206661696C6564202865727220EE
:1082200025642900646973636F6E6E6563746564A9
:1082300000646973636F6E6E6563742D636F6D7038
:108240006C657465007363616E2D6265666F72653F
:108250002D696E6974696174696E6700696E69740D
:10826000696174696E672D66696C7465722D6C69DD
:108270007374006164762D636F6E6E656374616202
:108280006C65006164762D6469722D636F6E6E6536
:10829000637461626C6500646973636F6E6E6563BD
:1082A00074696E670062745F636F6E6E005745534A
:1082B000545F544F504449522F7A65706879722F39
:1082C0007375627379732F626C7565746F6F746800
:1082D0002F686F73742F6C326361702E630073208C
:1082E0003D3D20266C655F6368616E2D3E5F706466
:1082F000755F726561647900556E61626C652074AA
:108300006F20616C6C6F6361746520627566666571
:108310007220666F72206F702030782530327800BE
:108320004E6F20617661696C61626C65204C3243EE
:10833000415020636F6E7465787420666F7220639D
:108340006F6E6E20257000457870656374696E6786
:1083500020757020746F20256420726566732C2050
:10836000676F7420256400636F6E6E2D3E737461B9
:108370007465203D3D2042545F434F4E4E5F434F56
:108380004E4E454354454400616C726561647920EA
:10839000686176652076696577206F6E20257000AC
:1083A0006669666F5F706475203D3D20706475007E
:1083B00028666368616E2D3E636964203E3D20300F
:1083C000783030303120262620666368616E2D3E7D
:1083D000636964203C3D20307830303366290009E1
:1083E000434944202575206973206E6F7420696E9F
:1083F00020746865206669786564206368616E6EC4
:10840000656C2072616E67650A006368616E203D6D
:108410003D202828766F6964202A293029000946E2
:1084200069786564206368616E6E656C2077697435
:10843000682043494420257520616C726561647928
:10844000206578697374730A00666368616E203C06
:108450003D205F62745F6C326361705F666978654E
:10846000645F6368616E5F6C6973745F656E6400FE
:108470004C32434150206C656E677468206D69739F
:108480006D617463682028257520213D202575299C
:1084900000496E76616C6964206964656E7420764B
:1084A000616C756520696E204C3243415020504408
:1084B0005500496E76616C6964204C4520636F6E8F
:1084C0006E20706172616D207273702073697A65BD
:1084D0002028257520213D20257A75290052656ABE
:1084E000656374696E6720756E6B6E6F776E204C76
:1084F000324341502050445520636F6465203078EA
:108500002530327800546F6F20736D616C6C204C95
:1085100032434150207369676E616C696E67205009
:10852000445500546F6F20736D616C6C204C324366
:10853000415020504455207265636569766564003A
:1085400049676E6F72696E67206461746120666F3F
:108550007220756E6B6E6F776E206368616E6E65EC
:108560006C204944203078253034780062745F6C88
:1085700032636170004661696C656420746F2073BA
:1085800075626D6974206174745F74785F6465737B
:1085900074726F795F776F726B3A2025640057456C
:1085A00053545F544F504449522F7A657068797222
:1085B0002F7375627379732F626C7565746F6F7446
:1085C000682F686F73742F6174742E63006E657406
:1085D0005F6275665F706F6F6C5F67657428627548
:1085E000662D3E706F6F6C5F696429203D3D2026CB
:1085F0006174745F706F6F6C0041545420636861E4
:108600006E6E656C206E6F7420636F6E6E65637442
:108610006564006275662D3E6C656E203E3D20737C
:10862000697A656F66287374727563742062745F0B
:108630006174745F68647229004572726F7220738E
:1086400069676E696E6720646174610052616E20B3
:108650006F7574206F662054582062756666657267
:1086600073206F7220636F6E74657874732E00557B
:108670006E61626C6520746F206372656174652041
:10868000657272207273702050445500415454201A
:108690004D54552065786365656465642C206D6173
:1086A000782025752C2077616E74656420257A7595
:1086B00000556E61626C6520746F20637265617431
:1086C00065207273702050445500546F6F20736D95
:1086D000616C6C2041545420504455207265636590
:1086E0006976656400556E68616E646C65642041EE
:1086F000545420636F646520307825303278004907
:108700006E76616C6964206C656E20257520666FDD
:108710007220636F64652030782530327800556EA2
:1087200061626C6520746F206372656174652055A9
:108730005549443A2073697A6520257500556E6164
:10874000626C6520746F2063726561746520555595
:1087500049443A2073697A65202564004E6F206190
:108760007661696C61626C652041545420636F6E60
:108770007465787420666F7220636F6E6E2025704A
:10878000004E6F20617661696C61626C65204154B6
:1087900054206368616E6E656C20666F7220636F33
:1087A0006E6E202570004E6F7420636F6E6E656371
:1087B00074656400556E61626C6520746F20666933
:1087C0006E6420415454206368616E6E656C00478E
:1087D0006F74206572722025642C206E6F74206384
:1087E000616C6C696E6720415454206362000955C6
:1087F0006E6B6E6F776E206F7020747970652030AD
:1088000078253032580A004661696C656420746FBF
:108810002072652D7375626D69742025733A202569
:1088200064004E6F20415454206368616E6E656C25
:1088300020666F72204D545520257A75004E6F20AA
:1088400070656E64696E672041545420726571755D
:1088500065737400556E61626C6520746F2063727D
:1088600065617465207265747279205044552028C2
:1088700025752900446973636F6E6E656374696E54
:1088800067206661696C65642028657272202564C2
:1088900029004154542054696D656F757420666FCA
:1088A00072206465766963652025732E20446973A0
:1088B000636F6E6E656374696E672E2E2E0072652F
:1088C00071006174745F74785F64657374726F793A
:1088D0005F776F726B5F68616E646C657200627463
:1088E0005F61747400434D41432075706461746529
:1088F000206661696C6564202564004661696C6569
:108900006420746F206465636F64652076616C75A4
:1089100065202865727220257A6429004661696C99
:10892000656420746F2073617665204461746162B0
:108930006173652048617368202865727220256420
:108940002900574553545F544F504449522F7A657C
:10895000706879722F7375627379732F626C7565A5
:10896000746F6F74682F686F73742F676174742EDF
:108970006300656C20213D202828766F6964202AD9
:10898000293029000943616E2774207361766520C0
:108990004346202F2043434320746F20666C61734D
:1089A000680A006661696C656420746F2073746F77
:1089B0007265205343202865727220256429007552
:1089C0006E61626C6520746F20736176652053431D
:1089D0003A206E6F20636667206C65667400546F82
:1089E0006F206D616E7920436C69656E74204368F9
:1089F00061726163746572697374696320436F6E39
:108A000066696775726174696F6E2E2053656520A3
:108A1000434F4E4649475F42545F53455454494E75
:108A200047535F4343435F53544F52455F4D415853
:108A30000A00496E76616C6964206B657900666135
:108A4000696C656420746F2064656C65746520537F
:108A500043202865727220256429004661696C658F
:108A60006420746F20636C65617220534320256419
:108A700000556E61626C6520746F206465636F647D
:108A800065206164647265737320257300496E7696
:108A9000616C6964206C6F63616C206964656E74DD
:108AA00069747920256C7500556E61626C6520745F
:108AB0006F20726573746F72652053433A206E6F36
:108AC00020636667206C656674004E6F207370616A
:108AD000636520746F2073746F7265204343432075
:108AE000636667004E6F20737061636520746F204A
:108AF00073746F726520436C69656E742053757072
:108B0000706F727465642046656174757265730078
:108B1000556E61626C6520746F20726573746F723C
:108B2000652043463A206E6F20636667206C656659
:108B300074004368616E67652D61776172652073AB
:108B40007461747573206E6F7420666F756E642027
:108B5000696E2073657474696E67732C2064656632
:108B600061756C74696E67207065657220737461DD
:108B700074757320746F206368616E67652D756E00
:108B800061776172650052656164206261636B2088
:108B9000626164206368616E67652D6177617265EB
:108BA0002076616C75653A20307825782C206465D4
:108BB0006661756C74696E67207065657220737488
:108BC0006174757320746F206368616E67652D75BD
:108BD0006E6177617265004661696C656420746FCF
:108BE0002073746F726520436C69656E74204665EE
:108BF000617475726573202865727220256429007E
:108C00007374617469635F737663203C3D205F62B7
:108C1000745F676174745F736572766963655F73AF
:108C200074617469635F6C6973745F656E64005529
:108C30006E61626C6520746F20696D706F72742054
:108C4000746865206B657920666F722041455320FA
:108C5000434D414320256400434D4143206F7065DF
:108C6000726174696F6E20696E6974206661696CE7
:108C7000656420256400434D41432066696E697335
:108C800068206661696C65642025640062742F63E6
:108C90006363004661696C656420746F2073746F50
:108CA000726520434343732028657272202564292E
:108CB0000009696E76616C696420706172616D652E
:108CC0007465720A0A0061747472005265616420EE
:108CD0006D6574686F64206E6F74207365740046F0
:108CE00061696C656420746F2072656164206174D1
:108CF000747269627574652025702028657272200F
:108D0000257A642900496E76616C69642072656118
:108D100064206C656E6774683A20257A6400094E99
:108D20006F206D6F7265206174747269627574650D
:108D3000730A0A00706172616D730009696E766171
:108D40006C696420706172616D65746572730A0A82
:108D500000706172616D732D3E61747472207C7C51
:108D600020706172616D732D3E75756964002161BB
:108D7000746F6D69635F746573745F62697428737F
:108D8000632D3E666C6167732C2053435F494E44EC
:108D900049434154455F50454E44494E47290009D7
:108DA000496E64696361746520616C7265616479A0
:108DB0002070656E64696E670A0043434320257026
:108DC000206E6F74207772697461626C6500534322
:108DD00020726573746F726520696E646963617473
:108DE000696F6E206661696C6564004661696C65D7
:108DF0006420746F20736574207365637572697481
:108E00007920666F7220626F6E646564207065659C
:108E10007220282564290062742F686173680062DB
:108E2000742F63660062742F73630062745F6761FE
:108E3000747400556E61626C6520746F2066696E93
:108E40006420534D50206368616E6E656C005075F0
:108E5000626C6963206B6579206E6F742061766146
:108E6000696C61626C65004661696C656420746F51
:108E70002067656E65726174652044484B657900B2
:108E800043616C63756C61746520636F6E666972B3
:108E90006D206661696C656400556E6B6E6F776EF0
:108EA0002070616972696E67206D6574686F6420F7
:108EB000282575290043616C63756C617465204CCD
:108EC000544B206661696C65640043616C63756C2A
:108ED000617465206C6F63616C2044484B65792038
:108EE000636865636B206661696C65640043616CEF
:108EF00063756C6174652072656D6F74652044489C
:108F00004B657920636865636B206661696C656495
:108F10000052656D6F7465207075626C6963206BBB
:108F200065792072656A65637465640052656D6F6A
:108F30007465206973207573696E67204465627576
:108F400067205075626C6963206B657900526563B8
:108F5000656976656420696E76616C6964207075F8
:108F6000626C6963206B6579004E6F206176616980
:108F70006C61626C6520534D5020636F6E74657830
:108F80007420666F7220636F6E6E20257000556EC0
:108F900061626C6520746F20676574206B657973FE
:108FA00020666F7220257300574553545F544F500D
:108FB0004449522F7A65706879722F73756273799C
:108FC000732F626C7565746F6F74682F686F73743C
:108FD0002F736D702E63005075626C6963206B6532
:108FE000792072652D67656E65726174696F6E2098
:108FF00072657175657374206661696C656420289B
:10900000256429006D757465785F657272203D3D39
:109010002030005075626C6963206B65792067654C
:109020006E65726174696F6E2074696D656F7574B9
:109030000054686520696E2D70726F677265737376
:109040002070616972696E6720686173206265656E
:109050006E2064656C657465642100534D50206416
:109060006F6573206E6F7420616C6C6F7720612068
:1090700070616972696E67206661696C75726520DE
:109080006174207468697320706F696E742E204B50
:109090006E6F776E2069737375652E2044697363F4
:1090A0006F6E6E656374696E6720696E7374656157
:1090B000642E00546F6F20736D616C6C20534D50A3
:1090C0002050445520726563656976656400534D90
:1090D0005020636F6D6D616E642028636F6465203E
:1090E0003078253032782920726563656976656449
:1090F0002061667465722074696D656F75740052C5
:10910000656365697665642072657365727665640A
:1091100020534D5020636F646520307825303278BD
:1091200000556E68616E646C656420534D50206319
:109130006F64652030782530327800556E65787020
:10914000656374656420534D5020636F64652030FF
:10915000782530327800496E76616C6964206964E4
:10916000656E74697479202573002128736D702DE4
:109170003E72656D6F74655F64697374202620307C
:1091800078303229005265667573696E67206E65A6
:10919000772070616972696E672E20546865206F50
:1091A0006C6420626F6E64206D757374206265203C
:1091B000756E7061697265642066697273742E00E1
:1091C0002162745F69645F66696E645F636F6E6677
:1091D0006C696374286E65775F626F6E642C2030F3
:1091E000290070616972696E67206661696C6564E7
:1091F00020287065657220726561736F6E2030780B
:10920000257829004E6F206B657973207370616338
:109210006520666F7220257300534D502054696D90
:10922000656F75742028666C6167733A30782530F5
:10923000387820616C6C6F7765645F636D64733A36
:1092400030782530387829000005061F1F291812AC
:109250000308020305080A000801030401050405C8
:1092600009060701010606080000010001000301CC
:1092700000030202010002000000000002030100DE
:109280000362745F736D7000574553545F544F50C1
:109290004449522F7A65706879722F7375627379B9
:1092A000732F626C7565746F6F74682F686F737459
:1092B0002F6B6579732E63006B65797320213D20D8
:1092C0002828766F6964202A293029006164647235
:1092D00020213D202828766F6964202A2930290022
:1092E00066756E6320213D202828766F6964202AE8
:1092F000293029004661696C656420746F207265AD
:1093000061642076616C7565202865727220257A0B
:10931000642900556E61626C6520746F2066696E09
:10932000642064656C65746564206B657973206680
:109330006F72202573004661696C656420746F202C
:10934000616C6C6F63617465206B65797320666F07
:109350007220257300496E76616C6964206B6579B3
:10936000206C656E67746820257A6420213D202575
:109370007A750044726F7070696E67206B657973DF
:1093800020666F722025732C206E6F205343204C73
:10939000544B0053746F726564206B65797320665B
:1093A0006F7220257320646F206E6F74206D61745E
:1093B00063682063757272656E7420636F6E666990
:1093C0006720666C616773206F72207665727369BF
:1093D0006F6E00546865206B65797320666F72202C
:1093E00025732061726520646F776E6772616465B2
:1093F0006420746F20756E61757468656E7469633E
:10940000617465642061732074686579206E6F20D3
:109410006C6F6E676572206D656574206175746828
:10942000656E7469636174696F6E207265717569C8
:1094300072656D656E7473004661696C6564207455
:109440006F2073617665206B657973202865727271
:10945000202564290062742F6B6579730062745F44
:109460006B657973006C888391AAF5A53860370B1A
:10947000DB5A6083BE62745F63727970746F0046FA
:1094800061696C656420746F20636F6D70757465BD
:10949000204D41432025640000070E091C1B1215B6
:1094A000383F363124232A2D4661696C6564207467
:1094B0006F2073656E642028657272202564290010
:1094C0004E6F7420656E6F756768206461746120EB
:1094D0002825752920666F72206576656E74206870
:1094E00065616465722028257A7529004576656E68
:1094F00074207061796C6F6164206C656E6774684C
:10950000206973206E6F7420636F727265637420BC
:1095100028257520213D2025752900436F756C6431
:109520006E277420616C6C6F6361746520612062CA
:10953000756666657220616674657220776169740C
:10954000696E67203130207365636F6E64732E001F
:109550004E6F7420656E6F75676820737061636508
:1095600020696E2062756666657220257A752F25E2
:109570007A75004E6F7420656E6F75676820646140
:109580007461202825752920666F722041434C2084
:109590006865616465722028257A7529004E6F2000
:1095A000617661696C61626C652041434C20627533
:1095B0006666657273210041434C207061796C6F5F
:1095C0006164206C656E677468206973206E6F74C7
:1095D00020636F72726563742028257520213D20F9
:1095E000257529004E6F7420656E6F75676820645D
:1095F000617461202825752920666F722049534FB8
:10960000206865616465722028257A7529004E6F8F
:1096100020617661696C61626C652049534F2062FC
:109620007566666572732028257A7529210049536D
:109630004F207061796C6F6164206C656E6774682F
:10964000206973206E6F7420636F7272656374207B
:1096500028257520213D20256C752900556E6B6EDF
:109660006F776E2048434920747970652025750016
:10967000484349207472616E73706F727420736511
:10968000747570206661696C656420776974683AE6
:109690002025640A0049504320736572766963652A
:1096A00020696E7374616E636520696E69746961A7
:1096B0006C697A6174696F6E206661696C65643A81
:1096C0002025640A005265676973746572696E6764
:1096D00020656E64706F696E74206661696C656484
:1096E000207769746820256400456E64706F696E28
:1096F000742062696E64696E67206661696C656476
:109700002077697468202564004465726567697311
:10971000746572696E672048434920656E64706F96
:10972000696E74206661696C656420776974683A53
:1097300020256400436C6F73696E67204950432095
:1097400073657276696365206661696C656420770C
:109750006974683A20256400484349207472616E38
:1097600073706F72742074656172646F776E2066B7
:1097700061696C656420776974683A2025640062C9
:10978000745F6863695F69706330006E72665F6200
:10979000745F6863690062745F6863695F647269BB
:1097A00076657200574553545F544F504449522FC9
:1097B0006D6F64756C65732F68616C2F6E6F72646A
:1097C00069632F6E7266782F68616C2F6E72665FA8
:1097D0007370752E68002128705F7265672D3E4595
:1097E0005854444F4D41494E5B646F6D61696E5FE3
:1097F00069645D2E5045524D202620283078315521
:109800004C203C3C202838554C2929290062745FA3
:109810006863695F6E726635335F737570706F72FF
:109820007400574553545F544F504449522F7A6542
:10983000706879722F647269766572732F636C6FCA
:10984000636B5F636F6E74726F6C2F636C6F636BAF
:109850005F636F6E74726F6C5F6E72662E630074FE
:10986000797065203C20434C4F434B5F434F4E542F
:10987000524F4C5F4E52465F545950455F434F55CF
:109880004E5400636C6F636B403530303000686657
:10989000636C6B006C66636C6B006866636C6B3149
:1098A00039326D006866636C6B617564696F006363
:1098B0006C6F636B5F636F6E74726F6C00574553B0
:1098C000545F544F504449522F6E72662F64726930
:1098D000766572732F656E74726F70792F656E7412
:1098E000726F70795F63633378782E630064657696
:1098F00020213D202828766F6964202A29302900FC
:1099000062756666657220213D202828766F69643D
:10991000202A2930290063727970746F40353038FD
:1099200034343030300063696E7374722025303205
:1099300078207472616E7366657220746F6F206C2C
:109940006F6E673A20257A7500636C656172004A14
:1099500045444543206964205B253032782025301A
:10996000327820253032785D206578706563742008
:109970005B25303278202530327820253032785DF2
:109980000052445352206661696C65643A20256434
:10999000005145202573206661696C65643A202575
:1099A000640072656164206572726F723A2061644E
:1099B0006472657373206F722073697A65206578AD
:1099C000636565647320657870656374656420768B
:1099D000616C7565732E416464723A203078256C31
:1099E000782073697A6520257A75007772697465C5
:1099F000206572726F723A206164647265737320BD
:109A00006F722073697A6520657863656564732079
:109A100065787065637465642076616C7565732E16
:109A2000416464723A203078256C782073697A65D5
:109A300020257A75006572617365206572726F7298
:109A40003A2061646472657373206F722073697A5F
:109A500065206578636565647320657870656374F7
:109A600065642076616C7565732E416464723A207A
:109A70003078256C782073697A6520257A750075B1
:109A80006E737570706F72746564206174203078C5
:109A9000256C782073697A6520257A75007761696D
:109AA00074206572726F72206174203078256C7832
:109AB0002073697A6520257A750065726173652067
:109AC0006572726F72206174203078256C78207313
:109AD000697A6520257A7500000000016D783235BD
:109AE000723634333566403000717370695F6E6F63
:109AF0007200696E76616C6964206164647265737A
:109B0000733A2030782530386C783A257A750075AC
:109B10006E616C69676E65642061646472657373FD
:109B20003A2030782530386C783A257A75006E6F97
:109B30007420776F72642D616C69676E65643A207A
:109B400030782530386C783A257A7500666C617308
:109B5000682D636F6E74726F6C6C65724033393050
:109B6000303000666C6173685F6E726600574553F3
:109B7000545F544F504449522F7A65706879722F60
:109B8000696E636C7564652F7A65706879722F648D
:109B90007269766572732F6770696F2F6770696F6E
:109BA0005F7574696C732E6800094E6F2063616C79
:109BB0006C6261636B210A0063616C6C6261636B50
:109BC0002D3E68616E646C657200094E6F206361A2
:109BD0006C6C6261636B2068616E646C6572210AF3
:109BE00000574553545F544F504449522F7A657083
:109BF0006879722F647269766572732F6770696F06
:109C00002F6770696F5F6E7266782E630063622DD6
:109C10003E68616E646C6572006770696F403834CD
:109C200032383030006770696F4038343235303048
:109C30000074785F6D61736B20746F6F2062696769
:109C400020286F72204950435F434F4E465F4E5568
:109C50004D20746F6F20736D616C6C290072785F9A
:109C60006D61736B20746F6F2062696720286F725B
:109C7000204950435F434F4E465F4E554D20746F11
:109C80006F20736D616C6C2900456E61626C696E4A
:109C900067206368616E6E656C20776974686F75A4
:109CA00074206120726567697374657265642063EE
:109CB000616C6C6261636B0A0053656E64696E6708
:109CC0002064617461206E6F7420737570706F72A0
:109CD000746564005258206576656E74206F6E203E
:109CE000696C6C6567616C206368616E6E656C00A1
:109CF0005258206576656E74206F6E2064697361BA
:109D0000626C6564206368616E6E656C006D626F85
:109D100078403261303030006D626F785F6E72660D
:109D2000785F6970630000010203040506070B46B3
:109D300061696C656420746F20616C6C6F63617421
:109D40006520505049204368616E6E656C00574530
:109D500053545F544F504449522F7A65706879725A
:109D60002F647269766572732F73657269616C2FE7
:109D7000756172745F6E7266785F75617274652E5C
:109D80006300095458206F6E6C7920554152544538
:109D900020696E7374616E63650A006E72665F752A
:109DA000617274655F6576656E745F636865636B29
:109DB0002875617274652C204E52465F554152548D
:109DC000455F4556454E545F454E445258290075EF
:109DD000617274403830303000756172745F6E7239
:109DE00066785F75617274650028666C61677320C0
:109DF0002620282831554C203C3C20283231292966
:109E0000207C202831554C203C3C20283232292906
:109E1000207C202831554C203C3C202832332929F5
:109E2000207C202831554C203C3C202832342929E4
:109E3000207C202831554C203C3C202832352929D3
:109E4000207C202831554C203C3C202832362929C2
:109E50002929203D3D20300009496E7465727275D4
:109E6000707420666C61677320617265206E6F7418
:109E700020737570706F727465640A0028666C6177
:109E80006773202620282831203C3C203429207C60
:109E9000202831203C3C203529292920213D20281B
:109EA0002831203C3C203429207C202831203C3C97
:109EB00020352929000950756C6C20557020616E81
:109EC000642050756C6C20446F776E2073686F75DA
:109ED0006C64206E6F7420626520656E61626C65D3
:109EE000642073696D756C74616E656F75736C79E0
:109EF0000A00212828666C616773202620283155C6
:109F00004C203C3C20283136292929202626202196
:109F100028666C6167732026202831554C203C3C14
:109F2000202831372929292026262028666C6167B8
:109F3000732026202831203C3C2031292929000982
:109F4000496E7075742063616E6E6F742062652057
:109F5000656E61626C656420666F7220274F706564
:109F60006E20447261696E272C20274F70656E2029
:109F7000536F7572636527206D6F64657320776911
:109F800074686F7574204F75747075740A00286654
:109F90006C6167732026202831203C3C2031292920
:109FA00020213D2030207C7C2028666C6167732056
:109FB00026202831203C3C20322929203D3D2030DC
:109FC0000028666C616773202620282831554C20B4
:109FD0003C3C202831382929207C202831554C2030
:109FE0003C3C2028313929292929203D3D20302099
:109FF0007C7C2028666C6167732026202831554CB4
:10A00000203C3C2028313729292920213D203000BF
:10A01000094F7574707574206E6565647320746F74
:10A0200020626520656E61626C656420746F2062D9
:10A030006520696E697469616C697A6564206C6F0A
:10A0400077206F7220686967680A0028666C61670C
:10A0500073202620282831554C203C3C20283138BC
:10A060002929207C202831554C203C3C202831399E
:10A070002929292920213D20282831554C203C3CE4
:10A08000202831382929207C202831554C203C3C7F
:10A090002028313929292900094F757470757420D9
:10A0A00063616E6E6F7420626520696E69746961A8
:10A0B0006C697A6564206C6F7720616E64206869D2
:10A0C00067680A0028666C6167732026202828319B
:10A0D000554C203C3C202832312929207C20283135
:10A0E000554C203C3C202832322929292920213D69
:10A0F00020282831554C203C3C2028323129292069
:10A100007C202831554C203C3C20283232292929FA
:10A11000000943616E6E6F7420626F746820656E13
:10A1200061626C6520616E642064697361626C6554
:10A1300020696E74657272757074730A0028666C9B
:10A14000616773202620282831554C203C3C20286C
:10A1500032312929207C202831554C203C3C2028B4
:10A1600032322929292920213D20305500094D75F9
:10A1700073742065697468657220656E61626C65D0
:10A18000206F722064697361626C6520696E74650A
:10A190007272757074730A002828666C6167732088
:10A1A00026202831554C203C3C20283232292929B0
:10A1B000203D3D203029207C7C202828666C61676A
:10A1C000732026202831554C203C3C20283234294D
:10A1D000292920213D203029207C7C202828666CDC
:10A1E000616773202620282831554C203C3C2028CC
:10A1F00032352929207C202831554C203C3C202810
:10A2000032362929292920213D20282831554C2062
:10A210003C3C202832352929207C202831554C20EF
:10A220003C3C202832362929292900094F6E6C79B7
:10A23000206F6E65206F66204750494F5F494E542E
:10A240005F4C4F575F302C204750494F5F494E5469
:10A250005F484947485F312063616E206265206531
:10A260006E61626C656420666F722061206C657639
:10A27000656C20696E746572727570742E0A0028A0
:10A2800028666C6167732026202831554C203C3CA1
:10A2900020283232292929203D3D203029207C7C6C
:10A2A000202828666C616773202620282831554CA9
:10A2B000203C3C202832352929207C202831554C4F
:10A2C000203C3C202832362929292920213D2030D4
:10A2D00029207C7C2028666C616773202620302929
:10A2E00020213D203000094174206C656173742089
:10A2F0006F6E65206F66204750494F5F494E545F2F
:10A300004C4F575F302C204750494F5F494E545FA8
:10A31000484947485F312068617320746F20626547
:10A3200020656E61626C65642E0A004750494F20BB
:10A3300049525120636F6E666967206661696C657A
:10A34000642C206572723A202564004C45442069D3
:10A350006E646578206F7574206F66207468652060
:10A3600072616E6765004661696C6564206469733B
:10A3700061626C696E6720696E7465727275707463
:10A38000730043616E6E6F74207265616420677044
:10A39000696F2070696E0043616E6E6F7420777212
:10A3A000697465204C4544206770696F0043616E95
:10A3B0006E6F742064697361626C652063616C6C9C
:10A3C0006261636B730043616E6E6F7420656E61D2
:10A3D000626C652063616C6C6261636B73004361E6
:10A3E0006E6E6F7420636F6E666967757265204C60
:10A3F0004544206770696F0043616E6E6F7420631F
:10A400006F6E66696775726520627574746F6E2011
:10A410006770696F0043616E6E6F74206469736169
:10A42000626C652063616C6C6261636B73282900E8
:10A4300043616E6E6F74206164642063616C6C6252
:10A4400061636B00646B5F627574746F6E735F61E0
:10A450006E645F6C65647300000000010101000020
:10A4600001000000574553545F544F504449522F48
:10A470006D6F64756C65732F68616C2F6E6F72649D
:10A4800069632F6E7266782F68656C706572732FC2
:10A490006E7266785F677070695F647070692E6352
:10A4A00000705F6770706920213D202828766F69F1
:10A4B00064202A29302900574553545F544F504493
:10A4C00049522F6D6F64756C65732F68616C2F6EC8
:10A4D0006F726469632F6E7266782F647269766535
:10A4E00072732F7372632F6E7266785F636C6F6323
:10A4F0006B2E63006D5F636C6F636B5F63622E6DC9
:10A500006F64756C655F696E697469616C697A65A1
:10A510006400574553545F544F504449522F6D6F58
:10A5200064756C65732F68616C2F6E6F72646963FC
:10A530002F6E7266782F647269766572732F7372EC
:10A54000632F6E7266785F636C6F636B5F686663C0
:10A550006C6B2E6300574553545F544F504449521F
:10A560002F6D6F64756C65732F68616C2F6E6F72E1
:10A570006469632F6E7266782F6472697665727390
:10A580002F7372632F6E7266785F636C6F636B5F9D
:10A590006866636C6B617564696F2E630057455321
:10A5A000545F544F504449522F6D6F64756C6573FE
:10A5B0002F68616C2F6E6F726469632F6E7266789C
:10A5C0002F647269766572732F7372632F6E726671
:10A5D000785F636C6F636B5F6866636C6B31393295
:10A5E0006D2E6300574553545F544F504449522FCA
:10A5F0006D6F64756C65732F68616C2F6E6F72641C
:10A6000069632F6E7266782F647269766572732F34
:10A610007372632F6E7266785F636C6F636B5F6CCF
:10A6200066636C6B2E6300574553545F544F504420
:10A6300049522F6D6F64756C65732F68616C2F6E56
:10A640006F726469632F6E7266782F68616C2F6E0B
:10A6500072665F6770696F74652E6800696E646505
:10A6600078203C203800574553545F544F5044499C
:10A67000522F6D6F64756C65732F68616C2F6E6FF0
:10A68000726469632F6E7266782F64726976657280
:10A69000732F7372632F6E7266785F6770696F7461
:10A6A000652E6300705F696E7374616E6365007020
:10A6B0005F6368616E6E656C0070696E5F68617380
:10A6C0005F7472696767657228705F696E73746121
:10A6D0006E63652C2070696E2900696E745F656E0B
:10A6E00061626C6500002030303030303030303006
:10A6F00030303030300001574553545F544F504490
:10A7000049522F6D6F64756C65732F68616C2F6E85
:10A710006F726469632F6E7266782F6472697665F2
:10A7200072732F7372632F6E7266785F6970632E17
:10A730006300705F636F6E66696720262620286D50
:10A740005F63622E7374617465203D3D204E5246F6
:10A75000585F4452565F53544154455F494E4954E3
:10A7600049414C495A454429006D5F63622E737418
:10A77000617465203D3D204E5246585F4452565FFD
:10A7800053544154455F494E495449414C495A45F7
:10A790004400574553545F544F504449522F6D6FF6
:10A7A00064756C65732F68616C2F6E6F726469637A
:10A7B0002F6E7266782F68616C2F6E72665F69709B
:10A7C000632E6800696E646578203C20313600573E
:10A7D0004553545F544F504449522F6D6F64756C0C
:10A7E00065732F68616C2F6E6F726469632F6E7270
:10A7F00066782F647269766572732F7372632F6E39
:10A800007266785F6E766D632E630062797465732D
:10A810005F636F756E74203C3D202873697A656FA5
:10A82000662875696E7433325F7429202D20627931
:10A8300074655F7368696674290069735F76616C1B
:10A8400069645F6164647265737328616464722C07
:10A850002030290069735F76616C69645F616464AC
:10A860007265737328616464722C20312920262656
:10A87000206E7266785F69735F776F72645F616C78
:10A8800069676E65642828766F696420636F6E73EC
:10A8900074202A29616464722900574553545F5417
:10A8A0004F504449522F6D6F64756C65732F68610A
:10A8B0006C2F6E6F726469632F6E7266782F64728C
:10A8C00069766572732F7372632F6E7266785F712B
:10A8D0007370692E6300286D5F63622E73746174F8
:10A8E0006520213D204E5246585F515350495F53D9
:10A8F000544154455F554E494E495449414C495A7B
:10A900004544292026262028705F62756666657298
:10A9100020213D202828766F6964202A29302929A2
:10A9200000705F636F6E666967006D5F63622E73B0
:10A930007461746520213D204E5246585F5153503A
:10A94000495F53544154455F554E494E495449411E
:10A950004C495A454400705F636F6E6669672D3ECF
:10A9600077697077616974000000000100010101DE
:10A97000756E7265676973746572656420257320EE
:10A980006275730A0067656E65726963006D657450
:10A99000616C3A20656D657267656E63793A200077
:10A9A0006D6574616C3A20616C6572743A20202088
:10A9B0002020006D6574616C3A206372697469636C
:10A9C000616C3A2020006D6574616C3A206572728A
:10A9D0006F723A2020202020006D6574616C3A204F
:10A9E0007761726E696E673A202020006D65746130
:10A9F0006C3A206E6F746963653A20202020006DE8
:10AA00006574616C3A20696E666F3A2020202020C0
:10AA100020006D6574616C3A2064656275673A2048
:10AA2000202020200025733A2066726565696E67D4
:10AA3000206E6F6E2D656D707479207669727471F9
:10AA4000756575650D0A00756E657870656374656A
:10AA500064206275666665722068656C6420636F49
:10AA6000756E7465720D0A00574553545F544F500C
:10AA70004449522F6D6F64756C65732F6C69622F3A
:10AA80006F70656E2D616D702F6F70656E2D616DCD
:10AA9000702F6C69622F72706D73672F72706D7397
:10AAA000675F76697274696F2E6300737461747581
:10AAB00073203D3D2073697A656F662872705F6808
:10AAC00064722900737461747573203D3D203000F9
:10AAD000737461747573203E3D203000737461742B
:10AAE0007573203D3D206C656E0072785F76710055
:10AAF00074785F7671004E53005465726D696E61B3
:10AB00006C0000000000000054545220524547479A
:10AB1000455300574553545F544F504449522F7A80
:10AB200065706879722F6B65726E656C2F646576DF
:10AB30006963652E63007263203E3D202D283078C6
:10AB4000666629202626207263203C203000096496
:10AB5000657669636520257320696E69743A20699A
:10AB60006E76616C6964206572726F72202825644C
:10AB7000290A0048616C74696E6720737973746583
:10AB80006D00556E6B6E6F776E206572726F72001E
:10AB90003E3E3E205A455048595220464154414C71
:10ABA000204552524F522025643A202573206F6E63
:10ABB00020435055202564004661756C74206475EF
:10ABC00072696E6720696E74657272757074206840
:10ABD000616E646C696E670A0043757272656E74AB
:10ABE000207468726561643A2025702028257329D5
:10ABF00000574553545F544F504449522F7A657063
:10AC00006879722F6B65726E656C2F666174616C0A
:10AC10002E6300726561736F6E20213D204B5F458E
:10AC200052525F4B45524E454C5F50414E49430096
:10AC300009417474656D7074656420746F20726569
:10AC4000636F7665722066726F6D2061206B65722E
:10AC50006E656C2070616E696320636F6E646974E9
:10AC6000696F6E0A0043505520657863657074699A
:10AC70006F6E00556E68616E646C656420696E74F9
:10AC800065727275707400537461636B206F7665C2
:10AC900072666C6F77004B65726E656C206F6F70BB
:10ACA00073004B65726E656C2070616E696300574E
:10ACB0004553545F544F504449522F7A6570687918
:10ACC000722F6B65726E656C2F696E69742E6300EE
:10ACD0007468726561645F64617461203C3D205FEB
:10ACE0005F7374617469635F7468726561645F64E3
:10ACF0006174615F6C6973745F656E64006465762E
:10AD0000203C3D205F6465766963655F6C697374A0
:10AD10005F656E64006D61696E006F730057455327
:10AD2000545F544F504449522F7A65706879722F9E
:10AD30006B65726E656C2F6B686561702E630021A8
:10AD4000617263685F69735F696E5F6973722829F6
:10AD5000207C7C20282874696D656F7574292E7499
:10AD600069636B73203D3D202828286B5F74696DF3
:10AD7000656F75745F74297B307D29292E74696332
:10AD80006B732900090A0068656170203C3D205FF3
:10AD90006B5F686561705F6C6973745F656E64009A
:10ADA000574553545F544F504449522F7A65706849
:10ADB00079722F6B65726E656C2F6D656D5F736C4C
:10ADC00061622E6300736C6162203C3D205F6B5FAB
:10ADD0006D656D5F736C61625F6C6973745F656EE6
:10ADE000640028736C61622D3E667265655F6C69F4
:10ADF0007374203D3D202828766F6964202A29300D
:10AE00002920262620736C61622D3E696E666F2EA6
:10AE10006E756D5F75736564203D3D20736C616276
:10AE20002D3E696E666F2E6E756D5F626C6F636B23
:10AE30007329207C7C20736C61625F7074725F691F
:10AE4000735F676F6F6428736C61622C20736C6131
:10AE5000622D3E667265655F6C69737429000973C3
:10AE60006C616220636F7272757074696F6E2064BA
:10AE7000657465637465640A0009496E76616C697E
:10AE800064206D656D6F727920706F696E74657284
:10AE90002070726F76696465640A00574553545F89
:10AEA000544F504449522F7A65706879722F6B6500
:10AEB000726E656C2F696E636C7564652F6B73635E
:10AEC0006865642E680021617263685F6972715FF2
:10AED000756E6C6F636B6564286B657929007468A7
:10AEE000726561642D3E626173652E70656E646586
:10AEF000645F6F6E00574553545F544F504449523E
:10AF00002F7A65706879722F6B65726E656C2F6928
:10AF1000646C652E63005F6B65726E656C2E63708A
:10AF200075735B305D2E63757272656E742D3E6253
:10AF30006173652E7072696F203E3D203000574569
:10AF400053545F544F504449522F7A657068797258
:10AF50002F6B65726E656C2F6D757465782E63004E
:10AF600021617263685F69735F696E5F69737228DC
:10AF70002900096D7574657865732063616E6E6F65
:10AF800074206265207573656420696E73696465F9
:10AF900020495352730A006D757465782D3E6C6FAD
:10AFA000636B5F636F756E74203E203055005745AC
:10AFB00053545F544F504449522F7A6570687972E8
:10AFC0002F6B65726E656C2F73656D2E630028287C
:10AFD000617263685F69735F696E5F697372282964
:10AFE000203D3D203029207C7C20282874696D6517
:10AFF0006F7574292E7469636B73203D3D2028287A
:10B00000286B5F74696D656F75745F74297B307D23
:10B0100029292E7469636B73292900737973776FFB
:10B02000726B7100574553545F544F504449522F2F
:10B030007A65706879722F6B65726E656C2F776FA9
:10B04000726B2E6300776F726B2D3E71756575653F
:10B0500020213D202828766F6964202A2930290084
:10B06000776F726B2D3E68616E646C657220213D56
:10B07000202828766F6964202A2930290021666CEF
:10B0800061675F746573742826776F726B2D3E66F7
:10B090006C6167732C204B5F574F524B5F44454C9C
:10B0A000415941424C455F424954290073796E63CE
:10B0B00020213D202828766F6964202A2930290024
:10B0C00021666C61675F7465737428267175657598
:10B0D000652D3E666C6167732C204B5F574F524B5A
:10B0E0005F51554555455F535441525445445F4265
:10B0F00049542900717565756500737461636B004F
:10B1000064776F726B20213D202828766F69642058
:10B110002A29302900574553545F544F504449520F
:10B120002F7A65706879722F6B65726E656C2F74FB
:10B1300068726561642E6300282828287072696F20
:10B140002929203D3D203135202626207A5F69734C
:10B150005F69646C655F7468726561645F656E7475
:10B1600072792828656E747279292929207C7C20BF
:10B170002828283135202D203129203E3D2028281F
:10B180002D31362929292026262028287072696F1A
:10B190002929203E3D2028282D3136292920262600
:10B1A0002028287072696F2929203C3D20283135DC
:10B1B000202D20312929290009696E76616C696486
:10B1C000207072696F7269747920282564293B2088
:10B1D000616C6C6F7765642072616E67653A2025DB
:10B1E0006420746F2025640A0009546872656164E4
:10B1F00073206D6179206E6F7420626520637265C3
:10B200006174656420696E20495352730A00574582
:10B2100053545F544F504449522F7A657068797285
:10B220002F6B65726E656C2F73636865642E6300A7
:10B23000217A5F69735F69646C655F7468726561C8
:10B24000645F6F626A6563742874687265616429FB
:10B25000002169735F7468726561645F64756D6D08
:10B2600079287468726561642900574553545F54A6
:10B270004F504449522F7A65706879722F6B65720E
:10B280006E656C2F696E636C7564652F6B74687284
:10B290006561642E68005F6B65726E656C2E63700D
:10B2A00075735B305D2E63757272656E7420213D1F
:10B2B000202828766F6964202A29302900574553B1
:10B2C000545F544F504449522F7A65706879722FF9
:10B2D0006B65726E656C2F696E636C7564652F6B40
:10B2E000737761702E6800617263685F6972715F65
:10B2F000756E6C6F636B6564286B657929207C7C47
:10B30000205F6B65726E656C2E637075735B305D6C
:10B310002E63757272656E742D3E626173652E7454
:10B3200068726561645F73746174652026202828E3
:10B330002831554C203C3C202830292929207C20CC
:10B34000282831554C203C3C202833292929290024
:10B3500009436F6E746578742073776974636869E4
:10B360006E67207768696C6520686F6C64696E67CA
:10B37000206C6F636B210A0073697A656F66285FC2
:10B3800073636865645F7370696E6C6F636B2920AB
:10B390003D3D2030207C7C206C6F636B20213D2064
:10B3A000265F73636865645F7370696E6C6F636B4F
:10B3B000005F6B65726E656C2E637075735B305DDC
:10B3C0002E63757272656E742D3E626173652E73A5
:10B3D000636865645F6C6F636B656420213D203139
:10B3E00055005F6B65726E656C2E637075735B30B4
:10B3F0005D2E63757272656E742D3E626173652E8B
:10B4000073636865645F6C6F636B656420213D20C6
:10B41000305500217465726D696E61746500096153
:10B42000626F72746564205F63757272656E7420FA
:10B430006261636B2066726F6D20646561640A00EF
:10B4400021657373656E7469616C000961626F7266
:10B4500074656420657373656E7469616C207468CB
:10B46000726561642025700A00574553545F544F3C
:10B47000504449522F7A65706879722F6B65726EED
:10B48000656C2F74696D65736C6963696E672E6393
:10B4900000282874696D656F757429202626202878
:10B4A0002875696E747074725F742928736C69638F
:10B4B000655F74696D656F7574732929203C3D2043
:10B4C000282875696E747074725F74292874696DA8
:10B4D000656F7574292920262620282875696E74C1
:10B4E0007074725F74292874696D656F7574292989
:10B4F000203C20282875696E747074725F74292846
:10B500002628736C6963655F74696D656F75747304
:10B51000295B282873697A655F7429282828696E51
:10B52000742973697A656F6628636861725B31207C
:10B530002D202832202A202128215F5F6275696C26
:10B5400074696E5F74797065735F636F6D70617439
:10B5500069626C655F70285F5F747970656F665FA4
:10B560005F28736C6963655F74696D656F7574736B
:10B57000292C205F5F747970656F665F5F282628CD
:10B58000736C6963655F74696D656F757473295B4E
:10B59000305D292929295D29202D203129202B20C2
:10B5A0002873697A656F6628736C6963655F74696F
:10B5B0006D656F75747329202F2073697A656F66C6
:10B5C0002828736C6963655F74696D656F75747342
:10B5D000295B305D292929295D2929202626202853
:10B5E000282875696E747074725F74292874696D87
:10B5F000656F75742929202D20282875696E74704F
:10B6000074725F742928736C6963655F74696D6512
:10B610006F75747329292920252073697A656F66EF
:10B620002828736C6963655F74696D656F757473E1
:10B63000295B305D29203D3D20302900574553547A
:10B640005F544F504449522F7A65706879722F6B5E
:10B6500065726E656C2F74696D656F75742E63000D
:10B66000217379735F646E6F64655F69735F6C6982
:10B670006E6B65642826746F2D3E6E6F64652900BD
:10B68000574553545F544F504449522F7A65706860
:10B6900079722F6B65726E656C2F706F6C6C2E6398
:10B6A0000009696E76616C6964206576656E742048
:10B6B00074797065202830782578290A0A00657623
:10B6C000656E742D3E73656D20213D202828766FB0
:10B6D0006964202A2930290009696E76616C6964E1
:10B6E0002073656D6170686F72650A0A0065766522
:10B6F0006E742D3E717565756520213D2028287674
:10B700006F6964202A2930290009696E76616C69A5
:10B71000642071756575650A0A006576656E742D1D
:10B720003E7369676E616C20213D202828766F6921
:10B7300064202A2930290009696E76616C696420C9
:10B74000706F6C6C207369676E616C0A0A006576B5
:10B75000656E742D3E6D73677120213D202828761B
:10B760006F6964202A2930290009696E76616C6945
:10B7700064206D6573736167652071756575650A11
:10B780000A006576656E742D3E7069706520213DF6
:10B79000202828766F6964202A2930290009696EDB
:10B7A00076616C696420706970650A0A0009696EC7
:10B7B00076616C6964206576656E74207479706555
:10B7C0000A0A00574553545F544F504449522F7A48
:10B7D00065706879722F6B65726E656C2F6D656D23
:10B7E000706F6F6C2E6300616C69676E203D3D2049
:10B7F00030207C7C20282875696E747074725F74A8
:10B80000296D656D20262028616C69676E202D20CA
:10B81000312929203D3D203000096D6973616C6933
:10B82000676E6564206D656D6F7279206174202587
:10B83000702028616C69676E203D20257A75290A81
:10B8400000141400001C2030401C2000001C20307C
:10B85000400040286E756C6C29002A666C6F61741C
:04B860002A000000BA
:10B86C0000000000000000000000000000000000CC
:10B87C0000000000000000000000000000000000BC
:10B88C0000000000000000000000000000000000AC
:10B89C00000000000000000000000000000000009C
:10B8AC00000000000000000000000000000000008C
:10B8BC00000000000000000000000000000000007C
:10B8CC00000000000000000000000000000000006C
:10B8DC00000000000000000000000000000000005C
:10B8EC00000000000000000000000000000000004C
:10B8FC00000000000000000000000000000000003C
:10B90C00000000000000000000000000000000002B
:10B91C00000000000000000000000000000000001B
:10B92C00000000000000000009E200000000000020
:10B93C0000000000000000000000000000000000FB
:10B94C0000000000000000000000000000000000EB
:10B95C0000000000000000000000000000000000DB
:10B96C0000000000000000000000000000000000CB
:10B97C0000000000000000000000000000000000BB
:10B98C0000000000000000000000000000000000AB
:10B99C00000000000000000000000000000000009B
:10B9AC00000000000000000000000000000000008B
:10B9BC00000000000000000000000000000000007B
:10B9CC00000000000000000000000000000000006B
:10B9DC0018C102000000000069430000B9400000DB
:10B9EC0000000000C93B0000793B00000000000093
:10B9FC0000000000113C000000000000D93C0000D9
:10BA0C0000000000D93D000000000000D3640200DB
:10BA1C00000000000000072000000100C4C002006C
:10BA2C0000000000C4C00200010000000200000081
:10BA3C000000000000000000000200005171020034
:10BA4C008825030000000000C02503005DA900004C
:10BA5C00000000000000000000000000C3740200A1
:10BA6C0000000000A7740200575D030000000C00EA
:10BA7C00000000000000000000000000C1AA00004F
:10BA8C000000000000000000795D030000001000C1
:10BA9C00B40B00203A000000A00B00203A0000007C
:10BAAC00780B00203A0000008C0B00203A000000BC
:10BABC00C80B00203A000000640B00203A00000084
:10BACC00F00B00203A000000000000004B77020051
:10BADC00000000000000000038070020380700209C
:10BAEC0000000000000000000E00000000D000501C
:10BAFC00000000000000000000000000000000003A
:10BB0C000000000000000000000000000000000029
:10BB1C000000000000000000000000000000000019
:10BB2C000000000000000000000000000000000009
:10BB3C0000000000000000000000000000000000F9
:10BB4C0000000000000000000000000000000000E9
:10BB5C0000000000000000000000000000000000D9
:10BB6C0000000000000000000000000000000000C9
:10BB7C0000000000000000000000000000000000B9
:10BB8C00F9C90000000000000000000000000000E7
:10BB9C0031E5000000000000000000000000000083
:10BBAC00C5D20000000000000000000000000000F2
:10BBBC0081F6000000000000000000000000000002
:10BBCC004DF5000000000000000000000000000027
:10BBDC006D010100000000000000000000000000EA
:10BBEC0069FB000000000000000000004C08002071
:10BBFC004C0800200000000000000000A11501000E
:10BC0C001526010081250100000000000000000045
:10BC1C002D190100A5880200638902000914010096
:10BC2C0000000000000000000522010000000000E0
:10BC3C0000000000EB8D020000000000000000007E
:10BC4C00000000008E470300000002009A4703002A
:10BC5C0000000A00AA4703000000200000000000BA
:10BC6C00000000000000000000000000AF8C02008B
:10BC7C0000000000BE47030000000200CA4703009A
:10BC8C0000000200D647030000000200EC08002070
:10BC9C00EC08002000000000000000000E00000076
:10BCAC000009002000090020715101000000000073
:10BCBC000000000000000000000000008B97030053
:10BCCC00000000008F950200000000005961010087
:10BCDC000000000018C102003809002038090020BB
:10BCEC000000000001000000480900204809002065
:10BCFC00FCC002005409002054090020010000007F
:10BD0C000100000064090020640900206C09002077
:10BD1C006C09002000000000010000007C090020DC
:10BD2C007C09002000000000000000000000000062
:10BD3C00FFFF0000FFFF0000201D0020000000009E
:10BD4C0000000000000000000090D003FF00000085
:10BD5C00FF00000085A903000000000059AC0100A1
:10BD6C0000000000000000000000000000000000C7
:10BD7C0000000000000000000000000000000000B7
:10BD8C0090020000E4090020E4090020BBB002008E
:10BD9C00B7B0020005BE02005D140200511402008F
:10BDAC004514020000000000AD140200480A0020F7
:10BDBC00400A0020380A002000000000300A002051
:10BDCC007D160200C9150200FD1502004516020081
:10BDDC00703300203A00003A743300203A00003AE5
:10BDEC00783300203A00003A7C3300203A00003AC5
:10BDFC00C43800205C0A00201C0A0020140A002011
:10BE0C00100A00200C0A00209ECADC240EE5A9E0D2
:10BE1C0093F3A3B50100406E0668656C6C6F2066E9
:0EBE2C00726F6D20626F6172645F61000101D0
:10BE3A0000000000000000000000000000000000F8
:06BE4A00000000000000F2
:10BE500000000000000000000000000000000000E2
:10BE600000000000000000000000000000000000D2
:10BE700000000000000000000000000000000000C2
:10BE800000000000000000000000000000000000B2
:04BE900000000000AE
:04BE940000000000AA
:10BE9800EC0A0020EC0A00200000000098E10120D4
:10BEA8000000000001000000300000000000000059
:10BEB8000C0B00200C0B002000000000D0690120B2
:10BEC8000000000001000000B800000000000000B1
:10BED8002C0B00202C0B002000000000C8E10120E2
:10BEE80000000000030000001C000000000000002B
:10BEF80000000000C8A3012000200000000000008E
:08BF0800000000000000000031
:10BF1000640B0020640B0020000000000000000003
:10BF20000E000000780B0020780B002000000000BD
:10BF3000000000000E0000008C0B00208C0B002085
:10BF400000000000000000000E000000A00B002018
:10BF5000A00B002000000000000000000E00000008
:10BF6000B40B0020B40B0020000000000000000013
:10BF70000E000000C80B0020C80B002000000000CD
:10BF8000000000000E000000DC0B0020DC0B002095
:10BF900000000000000000000E000000F00B002078
:10BFA000F00B002000000000000000000E00000068
:10BFB000040C0020040C0020000000000100000020
:10BFC000140C0020140C00201C0C00201C0C002061
:10BFD00000000000010000002C0C00202C0C0020B0
:10BFE000340C0020340C0020000000000100000090
:10BFF000440C0020440C00204C0C00204C0C002071
:10C0000000000000FFFFFFFF5C0C00205C0C002024
:10C01000000000000000000000000000700C002084
:10C02000700C0020780C0020780C0020000000002C
:10C0300000000000000000008C0C00208C0C002090
:10C04000940C0020940C0020000000000000000070
:10C0500000000000A80C0020A80C0020B00C00205C
:04C06000B00C002000
:10C06400000000000000000000000000C40C0020DC
:10C07400C40C0020CC0C0020CC0C002000000000DC
:10C084000B000B0004000000B17902000827030034
:10C0940080D2012000000000000000000000000029
:10C0A400F80C0020F80C0020000D0020000D0020EA
:10C0B4000000000003000300100000000000000066
:10C0C4007C280300A0DD0120000000000000000027
:10C0D400000000002C0D00202C0D0020340D002049
:10C0E400340D0020000000000300030010000000D5
:10C0F400391301001829030020E101200000000089
:10C104000000000000000000600D0020600D002011
:10C11400680D0020680D00200000000003000300EB
:10C1240000000000000000001C27030040D4012090
:10C13400000000000000000000000000940D00203A
:10C14400940D00209C0D00209C0D00200000000098
:10C154000A000A0000000000C1790200F42603006E
:10C1640090C6012000000000000000000000000054
:10C17400C80D0020C80D0020D00D0020D00D0020D7
:10C1840000000000010001001000000051F900004F
:10C194006828030078DA0120000000000000000095
:10C1A40000000000FC0D0020FC0D0020040E002007
:10C1B400040E0020000000000D000D00000000002F
:10C1C400000000003028030040D9012000000000D6
:10C1D4000000000000000000300E0020300E00209F
:10C1E400380E0020380E002000000000010001007D
:10C1F4000000000000000000302703008CD501205F
:04C2040015E015E04C
:040000030000B3CD79
:00000001FF
