:10000000584E0120D97F0000A1450200C57F0000A5
:10001000C57F0000C57F0000C57F0000C57F0000D0
:10002000000000000000000000000000358100001A
:10003000C57F000000000000D5800000C57F0000E3
:10004000FD820000FD820000FD820000FD820000B4
:10005000FD820000FD820000FD820000FD820000A4
:10006000FD820000FD820000FD820000FD82000094
:10007000FD820000FD820000FD820000FD82000084
:10008000FD820000FD820000FD820000FD82000074
:10009000FD820000FD820000FD820000FD82000064
:1000A000FD820000FD820000FD820000FD82000054
:1000B000FD820000FD820000FD820000FD82000044
:1000C000FD820000FD820000FD820000FD82000034
:1000D000FD820000FD820000FD820000FD82000024
:1000E000FD820000FD820000FD820000FD82000014
:1000F000FD820000FD820000FD820000FD82000004
:10010000FD820000FD820000FD820000FD820000F3
:10011000FD820000FD820000FD820000FD820000E3
:10012000FD820000FD820000FD820000FD820000D3
:10013000FD820000FD820000FD820000FD820000C3
:10014000FD820000FD820000FD820000FD820000B3
:04015000FD8200002C
:1001580080EA101404F0F01480EA0410604081EA88
:10016800111404F0F01481EA0411614082EA1214B7
:1001780004F0F01482EA0412624083EA131404F0D3
:10018800F01483EA0413634080EA102404F47F44E3
:1001980080EA0420604081EA112404F47F4481EA63
:1001A8000421614082EA122404F47F4482EA042292
:1001B800624083EA132404F47F4483EA04236340FF
:1001C80081EA500404F0553480EA4400614083EA2F
:1001D800520404F0553482EA4402634082EA9004EF
:1001E80004F0333480EA8400624083EA910404F026
:1001F800333481EA84016340704700BF82EA900487
:1002080004F0333480EA8400624083EA910404F005
:10021800333481EA8401634081EA500404F05534A0
:1002280080EA4400614083EA520404F0553482EACB
:100238004402634080EA102404F47F4480EA0420E6
:10024800604081EA112404F47F4481EA042161407A
:1002580082EA122404F47F4482EA0422624083EA98
:10026800132404F47F4483EA0423634080EA1014CF
:1002780004F0F01480EA0410604081EA111404F0DC
:10028800F01481EA0411614082EA121404F0F014B7
:1002980082EA0412624083EA131404F0F01483EA39
:1002A80004136340704700BF2DE9F14F94464FEAAD
:1002B800930B8A68CB6808684968FFF749FF0BF118
:1002C800060E33E083EA134480EA134582EA1347B3
:1002D80046BA96EA3444604000F00F1684EA0634C1
:1002E80020F00F1684EA161054BA94EA01067240F8
:1002F80002F00F1486EA043622F00F1486EA14126C
:100308004CBA6540694001F00F1485EA043521F0C4
:100318000F1485EA14115CBA67407B4003F00F1490
:1003280087EA043723F00F1487EA1413BCE8F000B7
:100338006040694072407B4000F0E03400F01035C6
:1003480000F00F3040EA540040EAC50080EA90040B
:1003580004F0332480EA8400604001F0E03401F0C6
:10036800103501F00F3141EA540141EAC50181EA33
:10037800910404F0332481EA8401614002F0E034FE
:1003880002F0103502F00F3242EA540242EAC50286
:1003980082EA920404F0332482EA8402624003F081
:1003A800E03403F0103503F00F3343EA540343EA13
:1003B800C50383EA930404F0332483EA8403634087
:1003C80081EA324787EA134581EA354690EA06040E
:1003D80084EA034B82EA1B4280EA044484EA054427
:1003E80083EA144A85EA14448BEA044B84EA3744C6
:1003F80081EA0B4181EA164104EA0A00454082EA93
:1004080004082BEA080041408AEA0B0602EA0600C3
:1004180084EA34438AEA3A4603EA060778404540C4
:10042800414088EA38478BEA3B4007EA000985EAF9
:10043800090583EA0709464006EA0906714085EA84
:10044800010005EA3546464006EA314181EA304175
:1004580081EA364606EA304686EA3546344008EAF6
:10046800010886EA01052A4086EA364003405A40D8
:1004780081EA31431F407C4080EA030709EA070903
:1004880088EA0908544088EA020806EA0A0601EAE6
:100498000B018AEA0B0215408AEA3A4210404540AD
:1004A8008BEA3B4003405E404240174079404D4054
:1004B8004E40E443F64386EA18435D4085EA05402A
:1004C80083EA134386EA034183EA384284EA114304
:1004D80083EA04435FEA3343BEF1010E3FF6F2AE0E
:1004E8001ED4BCE8F0006040694072407B4020BCEC
:1004F800FFF784FE28606960AA60EB60BDE8F08FB2
:100508002DE9E0414FF2F00280EA1031114080EA13
:100518000130484041088208C3084FF0000E4FE7F9
:1005280000F0113001F0113102F0113203F01133F3
:1005380040EA410040EA820040EAC3004FF2F0027C
:1005480080EA1031114080EA01304840BDE8E0817E
:100558002DE9F04F02F11C050646074600EB850819
:1005680051F8040B043A46F8040BF9D14FF0010C8A
:10057800FFF7C6FF5FEA302080EA0C001ECF41403B
:100588004A4053405C401EC62000464517D04FEAFB
:100598004C0C1CF4807F18BFACF1E50C2C2DE7D077
:1005A8003C2D06D1FFF7ACFF06CF41404A4006C6B6
:1005B800100006CF41404A4006C61000D8E736E989
:1005C8000F00FFF7C5FD043D86E80F00F7D1BDE831
:1005D800F08F00BF2DE9F14F03F11C0402EB840CEE
:1005E8004FEA930B8A68CB6808684968FFF7B0FD43
:1005F8003CE9F0006040694072407B400BF1060E18
:100608004EE083EA134480EA134582EA134746BA68
:1006180096EA3444604000F00F1684EA063420F06D
:100628000F1684EA161054BA94EA0106724002F0D2
:100638000F1486EA043622F00F1486EA14124CBA14
:100648006540694001F00F1485EA043521F00F1464
:1006580085EA14115CBA67407B4003F00F1487EAFF
:10066800043723F00F1487EA141344BA44404DBAF0
:100678004D4056BA56405FBA5F4087EA174886EA47
:10068800174B84EA17464FEA38488BEA1B4485EA39
:100698001B4788EA1B4580EA3440694072407B402A
:1006A80000F0703400F0803500F00F3040EA44006C
:1006B80040EAD50080EA900404F0332480EA8400FC
:1006C800604001F0703401F0803501F00F3141EAEB
:1006D800440141EAD50181EA910404F0332481EA16
:1006E8008401614002F0703402F0803502F00F326C
:1006F80042EA440242EAD50282EA920404F0332430
:1007080082EA8402624003F0703403F0803503F01B
:100718000F3343EA440343EAD50383EA930404F01E
:10072800332483EA84036340C943DB4381EA00043A
:1007380083EA044686EA020183EA014382EA3345F2
:1007480083EA14435C4084EA00077FEA040A8AEAE1
:10075800024A8AEA010B87EA11488AEA374A80EA9C
:10076800060181EA1A418AEA030A04EA0A004540B6
:1007780088EA040707EA0B0041408AEA0B0608EA00
:10078800060084EA34428AEA3A4602EA06035840F6
:100798004540414087EA37438BEA3B4003EA00097A
:1007A80085EA090582EA0309464006EA0906714016
:1007B80085EA010005EA3546464006EA314181EA04
:1007C800304181EA364606EA304686EA3546344004
:1007D8000F4086EA010508EA050886EA3640024025
:1007E80088EA020881EA314213405C4080EA020349
:1007F80009EA030987EA0907674088EA040806EA5C
:100808000A0601EA0B018AEA0B0425408AEA3A44FF
:10081800204045408BEA3B4B02EA0B02564084EAF3
:100828000B04234059406E40694087EA364080EA0D
:10083800384080EA060380EA104481EA134585EAD5
:10084800344585EA17427D4082EA354180EA054011
:100858003CE9F0006040694072407B40BEF1010E07
:100868003FF6CFAE20BCFFF7C9FC28606960AA60DC
:10087800EB60BDE8F08F00BFFFF76ABE2DE9F00717
:1008880091E8F807B2E802105B1854EB0C04B2E8E0
:1008980002104D4156EB0C06B2E802104F4158EBDE
:1008A8000C08B2E8021059EB01095AEB0C0A80E86F
:1008B800F80780410130BDE8F00770472DE9F007DF
:1008C80091E8F807B2E802105B1A74EB0C04B2E87E
:1008D80002108D4176EB0C06B2E802108F4178EBDE
:1008E8000C08B2E8021079EB01097AEB0C0A80E8EF
:1008F800F80780414042BDE8F00770472DE9F0074E
:10090800524290E87800B1E880071740DB1918EAEE
:10091800020854EB080419EA020955EB09051AEA1A
:10092800020A56EB0A0678C090E87800B1E880071A
:1009380017407B4118EA020854EB080419EA020937
:1009480055EB09051AEA020A56EB0A0678C08041F7
:100958000130BDE8F00770472DE9F007524290E8F2
:100968007800B1E880071740DB1B18EA020874EB2F
:10097800080419EA020975EB09051AEA020A76EB76
:100988000A0678C090E87800B1E880071740BB41B4
:1009980018EA020874EB080419EA020975EB09055C
:1009A8001AEA020A76EB0A0678C080414042BDE89E
:1009B800F00770472DE9F00152424FF0040890E823
:1009C800300091E8C000A31B1340E41AF618EB1B93
:1009D8001340ED1AFF1830C0C0C1B8F10108EED1BC
:1009E800BDE8F001704700BF00B592E8DC072DE9CB
:1009F800DC07B1E8805702B4A7FB02510A95A8FBAF
:100A0800020BE7FB6310E9FB62B00B91A8FB0351F3
:100A1800EAFB6201E7FB64B5E7FB6605E8FB6615E0
:100A2800CDF830B0A9FB03B6EAFB6316ECFB6356BE
:100A3800E8FB640BE9FB641BEAFB645BECFB646B9F
:100A48000D90ACFB0230059CEEFB6250E9FB646044
:100A5800EAFB64B0E7FB6431E8FB6451069CE8FB01
:100A68006461E9FB64B1EAFB64010E93A7FB0432FD
:100A7800079CE7FB6462E8FB64B2E9FB6402EAFBFB
:100A88006412049CE9FB6453EAFB6463089CE7FB7B
:100A980064B3E8FB6403E9FB6413EAFB64230F9582
:100AA8005DF8049B99E80006DDF80080A9FB08546E
:100AB800EAFB68B4DDF81080ECFB6804EEFB681410
:100AC800E9FB6824EAFB6834DDF80480EEFB68651E
:100AD800E9FB68B5EAFB6805DDF81480ECFB6815EE
:100AE800EEFB6825E9FB6835EAFB68450F96DDF8FB
:100AF8000880AEFB0876E9FB6806EAFB6816DDF8B5
:100B08001880ECFB6826EEFB6836E9FB6846EAFBD2
:100B18006856DDF80C80ECFB68B7EEFB6807E9FB6C
:100B28006817EAFB6827DDF81C80ECFB6837EEFBEA
:100B38006847E9FB6857EAFB686708B000BD00BF73
:100B48002DE9F14F87B0FFF74FFFDDF81C8008F162
:100B5800200888E8FF00FFBC87E87F08BDE8F08F21
:100B680000B591E89857A3FB03520195A3FB040134
:100B7800E3FB6420E3FB67100292A3FB0752E3FB4D
:100B88006802E4FB6415E3FB6805E3FB6925039150
:100B9800A4FB07B6E3FB6926E3FB6A56E4FB670B95
:100BA800E4FB682BE3FB6A5BE3FB6C6B0490A4FB40
:100BB8000810E4FB6950E3FB6C60E3FB6EB0E7FBF5
:100BC8006721E4FB6951E4FB6A61E3FB6EB1E4FB76
:100BD8006E010592A7FB0832E4FB6A62E4FB6CB283
:100BE800E4FB6E02E7FB6E12E7FB6853E7FB696301
:100BF800E4FB6CB3E7FB6C03E7FB6E13E8FB6E23C7
:100C08000695A7FB0954E7FB6AB4E7FB6C04E8FB0D
:100C18006C14E8FB6E24E9FB6E34E8FB6865E7FBBF
:100C28006AB5E8FB6A05E8FB6C15E9FB6C25E9FB8E
:100C38006E35EAFB6E450796A8FB0976E8FB6A065F
:100C4800E9FB6A16E9FB6C26EAFB6C36EAFB6E46A2
:100C5800ECFB6E56E8FB69B7E9FB6907E9FB6A1725
:100C6800EAFB6A27EAFB6C37ECFB6C47ECFB6E5738
:100C7800EEFB6E6700BD00BF2DE9F14F87B0FFF7AF
:100C88006FFFDDF81C8008F1200888E8FF00FFBC32
:100C980087E87F08BDE8F08F30B44FF0000310F804
:100CA800014B11F8015B013A84EA050443EA0403A5
:100CB800F5D1A3F101034FEAD37030BC704700BFF0
:100CC8004FF0000310F8012B013943EA0203F9D170
:100CD800A3F101034FEAD370704700BF30B411F895
:100CE800014B12F8015B6C4000F8014B013BF6D157
:100CF80030BC70472DE9F00791E8F807B2E8021018
:100D08005B1854EB0C04B2E802104D4156EB0C068C
:100D1800B2E802104F4158EB0C08B2E8021059EB48
:100D280001095AEB0C0A8941B3F1FF3374F1FF341E
:100D380075F1FF3576F1000677F1000778F10008C4
:100D480079F101097AF1FF3A51F100015B184C4140
:100D58004D4156F1000657F1000758F1000859EBCC
:100D6800D1795AEB010A80E8F807BDE8F007704727
:100D78002DE9F00791E8F807B2E802105B1A74EB66
:100D88000C04B2E802108D4176EB0C06B2E80210B2
:100D98008F4178EB0C08B2E8021079EB01097AEB85
:100DA8000C0A89415B184C414D4156F1000657F138
:100DB800000758F1000859EBD1795AEB010A80E88D
:100DC800F807BDE8F007704718EB040859EB050968
:100DD8005AEB060A5BEB070B5FF0000C4CF1000CBA
:100DE80018EB050859EB06095AEB070A5BEB070BEA
:100DF80050EB0C005FF0000C51EB0C0152EB0C02B5
:100E080063414CF1000CB8EB070879F100097AF15D
:100E1800000A7BEB040BA841B141A241B3416CF13C
:100E2800000CBBEB050BB041B941AA41BB416CF1C9
:100E3800000C4CF001068CF0020718EB060859EB81
:100E48006C095AEB6C0A7BEB6C0B70EB6C0471EB66
:100E58006C0572EB670653EB6C076CEB6C0C18EBCC
:100E68000C0059EB0C015AEB0C025BF1000354F136
:100E7800000455F1000556EBDC7657EB0C0770477C
:100E88002DE9F14F87B0FFF7AFFDDDF81080DDF8F1
:100E98001490DDF818A0FFF797FFBDE8000FFFF7E3
:100EA80093FF03B05DF8048B88E8FF00BDE8F08F7E
:100EB8002DE9F14F87B0FFF753FEDDF81080DDF81C
:100EC8001490DDF818A0FFF77FFFBDE8000FFFF7CB
:100ED8007BFF03B05DF8048B88E8FF00BDE8F08F66
:100EE80053B94AB9002908BF00281CBF4FF0FF3189
:100EF8004FF0FF3000F00CB8ADF1080C6DE904CEEE
:100F080000F022F8DDF804E0DDE9022304B07047C0
:100F1800704700BF10F8012B11F8013B012A28BFC8
:100F28009A42F7D0D01A7047034611F8012B03F8FC
:100F3800012B002AF9D17047034613F8012B002A28
:100F4800FBD1181A013870472DE9F04786468C46C0
:100F58000846089E154674461946002B40F0C18085
:100F68008542B2FA82F245D94AB1C2F1200300FAA9
:100F780002FC954094402EFA03F343EA0C0C4FEA26
:100F8800154EA8B2230CBCFBFEF80EFB18CC08FBD0
:100F980000F943EA0C43994528D9EB1808F1FF37C3
:100FA80004D2994502D9A8F102072B44A3EB0903FF
:100FB800A4B2B3FBFEFC0EFB1C330CFB00F044EAAE
:100FC8000344A04214D92C190CF1FF3304D2A042D7
:100FD80002D9ACF102032C44241A43EA07401EB19B
:100FE800D440002334607360BDE8F0874746DDE7EE
:100FF8006346F1E792BB431B01214FEA154EAFB29E
:10100800200CB3FBFEFC0EFB1C330CFB07F840EA7C
:101018000343984561D9EB180CF1FF3004D2984589
:1010280002D9ACF102002B44A3EB0803A4B2B3FB32
:10103800FEFC0EFB1C330CFB07F744EA0344A742F3
:101048004DD92C190CF1FF3304D2A74202D9ACF1C7
:1010580002032C44E41B43EA0040C0E7C2F120032A
:101068009540944020FA03F12EFA03F34FEA154E07
:101078009040AFB20343B1FBFEFC0EFB1C10190CF1
:101088000CFB07F841EA0041884522D969180CF1A0
:10109800FF3004D2884502D9ACF102002944A1EB03
:1010A80008019BB2B1FBFEFC0EFB1C110CFB07F701
:1010B80043EA01439F420ED9EB180CF1FF3104D2E9
:1010C8009F4202D9ACF102012B44DB1B41EA0041EB
:1010D80093E76046E3E76146F7E76046A4E76346BF
:1010E800B8E7834206D916B9002108467CE7C6E965
:1010F80000E0F9E7B3FA83F78FB9834201D3724569
:1011080008D8BEEB020460EB030301209C461EB91D
:10111800002169E73846FAE7C6E9004CF8E7C7F165
:10112800200CBB400EFA07F522FA0CF42EFA0CF14B
:10113800BA401C4320FA0CF3B8404FEA1449014363
:101148001FFA84FEB3FBF9F809FB18300B0C08FBF7
:101158000EFA43EA00439A4540D9E31808F1FF30F4
:1011680004D29A4502D9A8F102002344A3EB0A034A
:1011780089B2B3FBF9F809FB183308FB0EFE41EA04
:1011880003418E452CD9611808F1FF3304D28E45EE
:1011980002D9A8F10203214443EA0040A1EB0E0161
:1011A800A0FB02984145CE46434602D306D14D45A1
:1011B80004D20138B9EB020E68EB0403002EA7D065
:1011C800B5EB0E0261EB030101FA0CFC22FA07F3FE
:1011D800F9404CEA0303C6E9003199E74046C5E700
:1011E8004346D9E7000000000022F0B585B011465B
:1011F80040F6034002AF09F0EFFB0446002840F038
:10120800A58009F029F9214641F203003A1D09F0A9
:10121800E3FB0446002840F099807A684D4DD16878
:1012280005F17803D1F80100D1F8051003C3104681
:1012380007F0AAFD214641F201003A1D09F0CCFB56
:101248000446002840F082807868C3685A7885F898
:1012580070205A88A5F872201A7985F87120B3F899
:101268000720A5F87420B3F80530A5F8763007F004
:101278008BFD214641F202003A1D09F0ADFB044600
:10128800002863D1D7F804C005F18006DCF80C20EB
:10129800531C4132344618685968083303C49342D2
:1012A8002646F7D1604607F06FFD0AF067FF04464F
:1012B80000284BD195F88A30990610D40221264A85
:1012C800264823F067FB95F87C305A064AD401215A
:1012D800234A224823F05EFB6FF0120436E04FF0F9
:1012E800FF304FF0FF3109F0DBF80646002800F028
:1012F800428207210C3007F0CDFE6FF00403037023
:101308000A23C0F802408471447004712246C370F5
:10131800314640F6334009F05FFB0446B0B94FF060
:10132800FF304FF0FF3109F0BBF80646002800F007
:10133800228201210C3023F0EFF92246314640F693
:10134800314009F049FB04460028BCD020460C3740
:10135800BD46F0BDC004002045D70200949C0200A1
:1013680073D70200002142F203003A1D09F034FB52
:1013780004460028EAD17A68A94BD168D1F801005F
:10138800D1F8051003C3104607F0FEFC214642F2CF
:1013980002003A1D09F020FB04460028D6D17E68D9
:1013A800F468B4F801309AB292B1E27882B1A5F843
:1013B8000431E378032B06D00322022100929948D6
:1013C800994A22F070FDE2789848114627F092F881
:1013D800304607F0D9FC95F87C6016F0200619D144
:1013E8004FF0FF304FF0FF3109F05AF8044600285B
:1013F80000F0C18102210C3007F04CFE0123214688
:1014080003704670324640F66D4009F0E5FA04462E
:1014180000289BD195F89C301B0712D5002142F279
:101428001C003A1D09F0D8FA044600288ED17868C5
:10143800C368D3F80120D3F80530C5E9382307F08D
:10144800A3FC95F8D8309E0623D53846B91C09F078
:101458006BFB044600287FF479AF4FF0FF304FF064
:10146800FF3109F01DF80646002800F084810421A8
:101478000C3007F00FFE3B88224603807B883146FC
:10148800438042F2240009F0A7FA044600287FF4BA
:101498005DAF95F8D8305C0610D5002142F22A00DD
:1014A8003A1D09F099FA044600287FF44FAF78688E
:1014B800C3685B7885F8203107F066FC4FF0FF3091
:1014C8004FF0FF3108F0ECFF0446002800F053818C
:1014D80008210C3007F0DEFD95F8D81040F2022301
:1014E80011F0400F08BF0323024688074CBF43F0A2
:1014F8002C0043F00C008B0695F8D93048BF40F01B
:10150800400013F0090F18BF40F40060CE0748BF31
:1015180040F01000002123F058FA2146002242F240
:10152800010009F059FA044600287FF40FAF95F836
:101538007C30B5F8041198065DD4C9B941F20500AC
:101548003A1D09F049FA044600287FF4FFAEB5F8C1
:1015580004317C684BB9E368B3F80120A5F804218D
:101568009A883248114626F0C5FF204607F00CFC41
:101578004FF0FF304FF0FF3108F092FF044600288B
:1015880000F0F98008210C3007F084FD95F8D83078
:101598000246D90739D44FF00051254823F015FAEF
:1015A8002146002240F6014009F016FA04460028B8
:1015B8007FF4CCAE01463A1D4FF6014009F00CFA13
:1015C80000283BD01B4A0221164823F0E3F9EB79A7
:1015D800002B40F0C08023F0B5FB044600287FF4C0
:1015E800B5AE0CF073FB044600287FF4AFAE09F0EB
:1015F800F7F80446AAE60029BAD101210E4A09489B
:1016080023F0C8F96FF00404A0E603A1D1E90001B2
:10161800C4E700BFAFF3008090880002008000207C
:1016280098050020949C020097D70200C805002066
:101638001088000200D80200DDD702007B686E46E1
:10164800DC688AB0B4F80130042B96BF574A584971
:1016580052F8231002AAD3614FF40073554813843B
:10166800554BC2E9050142F8103F4FF41351534856
:1016780023F09FF9B4F80120B546022AB4F80330E4
:1016880049D1052B47D84E4A52F823106E468AB0E6
:1016980002AAD3614FF400734A481384464BC2E947
:1016A800050142F8103F4FF41351444823F081F9E3
:1016B800B546637994F806C0032B98BF424AB4F83C
:1016C8000760D4F809006C468CB094BF52F8231018
:1016D800374902AAC2E9073C4FF40073DFF8ECE08F
:1016E80093853B4BC2E905E1C2E909604FF47351A8
:1016F80042F8103F314823F05CF9A546786807F0B6
:1017080043FB00214FF602403A1D09F065F90446F3
:1017180018B1304A57E72649B8E77868C368B3F87C
:101728000130A5F8C13007F02FFB95F8C1305A07F2
:101738007FF54DAF21464FF603403A1D09F04CF9AD
:1017480008B1254A3FE77868C3685B7885F8C030F8
:1017580007F01AFB3BE72E78002E7FF43CAF95F894
:10176800C1309B061FD54FF0FF304FF0FF3108F016
:1017780097FE044610B96FF06804E7E506210C30BF
:1017880007F088FCD5F8013021460360134B324638
:101798009B8883804FF6064009F01EF9044600280E
:1017A8003FF419AFD2E56FF08504CFE55CA20200E3
:1017B80011D4020024D8020004000001949C020005
:1017C80044A202003DD8020034A2020055D802000B
:1017D8000700000182D80200ABD80200C104002033
:1017E8000B46024A0221024820F023BDC4AA020087
:1017F800F49C02000321024A024820F01CBD00BFED
:10180800F0AA0200F49C02000221024A024820F0D9
:1018180012BD00BF02AB0200F49C020070B5044682
:101828000D46124A0321124820F005FD294620469C
:1018380005F09EFE284605F057FF204622F01BFEC5
:1018480005220C490C4805F065FE034630B1BDE899
:1018580070400121094A064820F0EBBC0321BDE88D
:101868007040074A024820F0E6BC00BF14AB0200F3
:10187800F49C0200F4B20200BC20002030AB02004D
:1018880049AB020008B508460BF0E2F9014B1860B5
:1018980008BD00BF00210020002370B586B08DF878
:1018A800033022F01DFE044640B10346224A0121BE
:1018B800224820F0BEFC204606B070BD05F07EFC34
:1018C80001AA15461E4B03F11006144618685968FC
:1018D800083303C4B3422246F7D11B782946237044
:1018E800032005F0D7FB044610B10346154ADEE78E
:1018F8009DF80330144943F004030DF103028DF8F9
:10190800033012F0E3F921469DF8030005F082FC4C
:10191800044610B103460D4AC9E7012005F0EAFD67
:10192800044610B103460A4AC1E70321094A03489D
:1019380020F081FCBFE700BF62AB0200F49C02000C
:10194800F49E020083AB020049200000A7AB02000E
:10195800CCAB0200EEAB020003460221014A02486A
:1019680020F067BCFBAB0200F49C0200084621B9DA
:101978000321034A034820F05EBCFFF7EDBF00BF18
:101988001AAC0200F49C0200F0B587B001AA054623
:1019980016460E4B03F110071446186859680833A9
:1019A80003C4BB422246F7D11B7831462370284630
:1019B800074B084A05F05AFA034620B10121064AA6
:1019C800064820F036FC07B0F0BD00BFF49E0200C8
:1019D800BC200020680600202CAC0200F49C020009
:1019E8004FF424720023014819F0BCBBB80E002044
:1019F800052210B50D490E4805F08CFD034630B997
:101A0800BDE8104003210B4A0B4820F014BC10F12C
:101A1800780F03D1BDE81040FFF7E2BF0121BDE810
:101A28001040064A044820F004BC00BFEEB2020091
:101A3800BC20002049AB0200F49C020030AB02003D
:101A48004FF424720023014819F08CBB180F0020B2
:101A5800072210B50D490E4805F05CFD034630B964
:101A6800BDE8104003210B4A0B4820F0E4BB10F1FD
:101A7800780F03D1BDE81040FFF7E2BF0121BDE8B0
:101A88001040064A044820F0D4BB00BFDEB2020072
:101A9800BC20002064AC0200F49C02007FAC020071
:101AA80008B503210448054A20F0C5FBBDE80840F5
:101AB8000349044826F083BDF49C02009AAC020056
:101AC80004210020180E0020072210B50D490E48E9
:101AD80005F020FD034618B9BDE81040FFF7E0BF48
:101AE80010F1780F07D1BDE810404FF4247200239D
:101AF800064819F037BB0121BDE81040044A0548E3
:101B080020F097BBE6B20200BC200020E80E0020BF
:101B1800B5AC0200F49C020010B5064A0648022142
:101B280020F089FBBDE8104040F2676200230348BB
:101B380019F018BBD0AC0200F49C0200480F00203A
:101B480003460221014A024820F073BBF9AC0200A7
:101B5800F49C02002DE9F041444D00AF287860BBA9
:101B6800434E30888418202C24DC424B184427F03C
:101B7800F9FCA3B2202B338012D1012403213E4A61
:101B88003E482C7020F057FB06223D493D4805F0A1
:101B9800C1FC034640B121463B4A384820F049FB86
:101BA8000120BD46BDE8F0810321384A334820F0C2
:101BB80042FBF5E7364A0121F8E7364D287800BBA5
:101BC80041F6B066DFF8D080B8F800008418B44257
:101BD80015DC324B184427F0C5FCA3B2B342A8F871
:101BE8000030DDD101232E4A244803212B7020F038
:101BF80022FB002200232B4819F0B4FAD0E72A4A26
:101C0800D9E7DFF8A88098F800000028C8D1284D47
:101C180028888418122C27DC264E304427F0A2FC92
:101C2800A3B2122B2B80BBD101230321224A1348D4
:101C380088F800306C4620F0FEFA8AB06A462B8895
:101C48001E49D661C2E9051340F2013313841C4BC7
:101C58000A4842F8103F4FF4135120F0F0FA0022DE
:101C6800A54600231748C7E7174AA4E7135E0020D4
:101C78002C3F0020145E002010AD0200F49C0200EE
:101C8800D7B20200BC20002024AD02003EAD020005
:101C980058AD0200623F00202A3F0020633F002029
:101CA80073AD0200180F002086AD02004F3F0020E0
:101CB800283F0020503F0020A0AD0200B1AD020037
:101CC80004000001E80E0020BFAD020010B50C466C
:101CD80020F0C3FA044818F081FA24B12046BDE880
:101CE8001040FFF72DBF10BDF00B002008B51C20D9
:101CF8001BF03CFB38B100230383011DBDE80840FD
:101D0800034820F09FBABDE80840FFF705BF00BFB1
:101D18006898020070B503788AB004460E4607AD8D
:101D2800032B20D8DFE803F002191B1D11492846B0
:101D3800FFF7FAF8059563781E210493A3783046D7
:101D48000393E3780C4A0293237901936379009310
:101D5800A3791FF06BFF0AB070BD0849E7E708498F
:101D6800E5E70849E3E70A212846074A1FF05EFF2E
:101D7800E0E700BFD7AD0200F9AD0200DEAD02001A
:101D8800E5AD0200EFAD0200DCF9020090B589B0C4
:101D980000AF0C4623F01BF93946FFF7BBFF8AB0AA
:101DA8006A46094BD461C2E90537084B4FF44251E2
:101DB8001362074B07485362074B42F8103F20F065
:101DC8003EFA2437BD4690BD1CAE0200B30F030097
:101DD80000020204F49C02000500000280B588B0ED
:101DE80000AF23F0F4F83946FFF794FF88B06A464D
:101DF800084B4FF4E651C2E905374FF4007393835B
:101E0800054B064842F8103F20F019FA2037BD4626
:101E180080BD00BF42AE020003000001F49C020036
:101E280090B589B000AF0C4623F0D1F83946FFF7DA
:101E380071FF8AB06A46094BD461C2E905374FF48D
:101E480000731384064B4FF41351064842F8103FB1
:101E580020F0F5F92437BD4690BD00BF58AE02000A
:101E680004000001F49C020090B589B0036800AF3B
:101E7800186839461446FFF74DFF8AB06B46094A81
:101E8800DC61C3E905274FF400721A841A46064B31
:101E98004FF41351054842F8103F20F0D0F9243789
:101EA800BD4690BD7AAE020004000001F49C020019
:101EB800F0B589B000AF0C46054623F088F83946DE
:101EC800FFF728FF6E468AB06A46114BD461C2E913
:101ED8000537104B104C1362104B4FF443515362AB
:101EE8000F4B104842F8103F20F0A9F92368B54677
:101EF8009D420AD1002020F0AFF920680AF0D2FEF6
:101F080000230948236018F089FD2437BD46F0BD39
:101F1800A7AE0200B30F0300002100200002020454
:101F280005000002F49C020014210020F0B50D46C3
:101F380089B000AF044623F04AF83946FFF7EAFEB5
:101F480015B36E468AB06A462F4BD561C2E905378C
:101F58002E4B2F4D13622F4B4FF4435153622E4B90
:101F68002E4842F8103F20F06AF92B68B5469C428B
:101F780007D120460AF096FE002329482B6018F066
:101F88004DFD2437BD46F0BD6D4688B06A46254BE9
:101F98004FF4E651C2E905374FF400739383224B9F
:101FA8001E4842F8103F20F04AF90120AD4620F0C3
:101FB80053F91E4B1E4920460B600FF073F9034678
:101FC80020B102211B4A154820F033F9022120468E
:101FD80022F079FF034658B10221174A0F4820F032
:101FE80028F90B4B1B689C4202D12046FFF7CCFC1A
:101FF80022F076FA03460028C3D001210F4A074889
:1020080020F017F9BDE700BFCAAE0200B30F030006
:10201800002100200002020405000002F49C0200D6
:1020280014210020EDAE0200030000017519000024
:10203800B8200020FBAE020018AF020033AF020048
:10204800B0B5054688B000AF0C463946FFF762FECA
:10205800294600200BF010FC20B10AF023FE20379F
:10206800BD46B0BD2946022005F014F898B16C466B
:102078008AB06A46134BD761C2E9053040F2013392
:102088001384114B4FF41151104842F8103F20F0BF
:10209800D6F8A546E3E76D4688B06A460C4B4FF480
:1020A800E651C2E905374FF400739383094B07489B
:1020B80042F8103F20F0C3F82378AD4643F00203FE
:1020C8002370CCE750AF020004000001F49C02002A
:1020D8007CAF02000300000110B542680369126872
:1020E80092010ED40F4940F2A2630F4A0F4821F023
:1020F8001EF80F4821F01BF840F2A2610A4821F0AF
:102108000DF81B689B0148BF81F0010131B183685C
:10211800DB684FF00071BDE81040184783681B6901
:10212800F7E700BFC6AF020095AF020004B0020097
:1021380021B002002DE9F04F83B002AF26F0C6FAB5
:102148004FF47A78A0FB080908FB01994FEAD03AC6
:1021580001212D48FFF7C0FF2C4E2D4A338841F648
:10216800B06100922B482C4A20F069F9002183467F
:1021780025484AEA494AFFF7AFFF4FEAD93926F01E
:10218800A5FAA0FB080508FB0155C40B44EA454421
:10219800ED0BBBF1000F34D10321204A204820F079
:1021A8004AF8E84688B002AA1E4BB4EB0A04536109
:1021B8004FF0040365EB0905C2E906454FF40351E6
:1021C80042F8103F164820F03AF80321C546164A4F
:1021D800134820F030F80023144A33801380144A3F
:1021E80014481370144A1380144A1370144A137055
:1021F8004FF42472002318F0B5FF0437BD46BDE83C
:10220800F08F01210F4AC9E730980200283F0020CB
:10221800145E0020633F0020503F002033B00200CE
:10222800F49C020070B002008BB002002C3F00202A
:10223800135E0020B80E00202A3F0020623F0020D5
:102248004F3F002052B002002DE9F041154688B0FA
:1022580000AF0E46044622F0BAFE3946FFF75AFD93
:10226800EDB96D468AB06A46184BD661C2E90537A2
:102278004FF400731384164B4FF41351154842F86A
:10228800103F1FF0DCFFAD46134B1B689C4202D188
:102298002046FFF779FB2037BD46BDE8F081E846C8
:1022A8008CB06B460D4AC3E90765C3E905270C4A9C
:1022B8004FF462515A620B4A06489A621A460A4B10
:1022C80042F8103F1FF0BBFFC546DDE7B0B0020083
:1022D80004000001F49C020000210020CEB002009E
:1022E800B30F0300000203050600000270B50B7867
:1022F800052B00F29D80DFE803F003843065764A01
:102308008B68002B00F094804868002800F09080CB
:10231800484A1368FBB1181F00231360464A13602C
:1023280026F087FA00220023444817F0CBFE014626
:1023380000287DD0028B4248043183685C684FF0E6
:10234800FF33A047002873D03E4A0221BDE8704001
:102358003D481FF070BF0438E2E74A68CB68908AAE
:1023680003443A489BB293820278002A60D14A68B3
:10237800134413F8013C0A2B01D00D2B58D101232B
:1023880003702F48BDE8704083685B6918470024D4
:102398002E4B1C201C701AF0E9FF30B10483011D7C
:1023A800BDE8704026481FF04DBF294A2648022143
:1023B8001FF041FFBDE8704040F2676200232548E6
:1023C80018F0D0BE1C201AF0D1FF014648B10023F6
:1023D80003831B481422BDE87040836804311B69DD
:1023E80018471B4AB1E74B68191F9B8A23B1BDE800
:1023F8007040194826F065B80846BDE8704026F0D8
:1024080018BA0C4B1A680AB94A681A600A4A8968E5
:1024180010681C6801441160A28A521A08482144B5
:1024280083685D684FF0FF33AC46BDE87040604795
:1024380070BD00BFB4200020B02000203C0C00205C
:1024480068980200F5B00200F49C02004E3F00209C
:10245800D0AC0200480F0020200C00202DE9F043EA
:102468008BB01FF0F8FE964C204625F0BCFF40B913
:10247800944A012194481FF0DEFE00200BB0BDE80D
:10248800F0836368A1681B6822699B010ED48F4999
:1024980040F211438E4A8F4820F049FE8E4820F0C2
:1024A80046FE40F211418A4820F038FE1368204663
:1024B80023F0007313600B684FF4C022192198476A
:1024C80086480BF0C9FB08B1854AD2E785480BF06E
:1024D800DDFB18B1844820F014FECEE708F066FD55
:1024E800044630B10346814A012177481FF0A1FE16
:1024F800C3E703217E4A74481FF09DFE21F0ACFD1E
:102508007C4E304625F06FFF40B901217A4A6E486B
:102518001FF091FE6FF01203784AE5E71C201AF0CD
:1025280025FF054650B304837549764818F08AFCA0
:10253800B3681B682BB32246304673499847034655
:102548000028E9D13046291D1FF07CFE03460028EB
:10255800E2D1002305936D4B6D4803936D4B03A99E
:10256800049321F0F3FF044670B103466A4A01213F
:1025780055481FF05EFE2346684AB5E76FF00B0327
:10258800CAE76FF05703C7E7654A03214E481FF0B3
:1025980052FE6449644818F055FC6449644818F0D0
:1025A80051FC6449644818F04DFC644818F032FB4B
:1025B8004FF420426FF0080361496048009418F016
:1025C80043FB6049604818F001F9012303A8CDE9ED
:1025D800034405948DF8103004F054FF5B4804F070
:1025E80049FD5B495B4818F0F1F803215A4A36481F
:1025F8001FF021FEFFF750F9044600287FF43DAF95
:10260800564820F07EFD1C22214603A826F0D1FF63
:10261800534FDFF8FC80DFF84C914FF0FF334FF059
:10262800FF32384617F04EFDBDF82440038BC4F145
:1026380014049C42054628BF1C4600261CB928469F
:1026480026F0F7F8E9E7BDF82400311D03AB0430A4
:1026580022462944184426F085FFBDF82420264444
:10266800224492B2132AADF8242008D802F1280394
:102678006B4413F8193C0A2B01D00D2B19D1404695
:1026880004A904F047FF034620B10221364A0E4848
:102698001FF0CFFD41F234320023484617F022FEE6
:1026A80020B10221314A08481FF0C5FD0023ADF8CA
:1026B80024302C8BA41B142C28BF1424BEE700BF85
:1026C8003098020013B10200F49C0200C6AF020069
:1026D80095AF020004B0020021B0020048060020B5
:1026E8002AB102003806002056B1020088B1020063
:1026F800A7B1020068980200BDB10200D3B1020080
:10270800F51C0000480F0020F52200005D1B0000AA
:10271800BC200020D51C0000EDB1020017B2020059
:1027280037B20200591A0000180F0020D11A000011
:10273800E80E0020F9190000B80E0020180E00203D
:10274800906100203D210000042100206006002047
:10275800432202001421002055B202006DB202008B
:10276800200C0020F00B002095B20200C6B2020037
:102778002DE9F04F0368BDB00A9343680B93836853
:102788000C93C3680D9303690E9343690F93836990
:102798001093C3691193036A1293436A1393836A6C
:1027A8001493C36A1593036B1693436B1793836B48
:1027B8001893C36B1993036C1A93436C1B93836C24
:1027C8001C93C36C1D93036D1E93436D1F93836D00
:1027D8002093C36D2193036E2293436E2393836EDC
:1027E8002493C36E2593036F2693436F2793836FB8
:1027F8002893C36F2993D0F880302A93D0F8843077
:102808002B93D0F888302C93D0F88C302D93D0F8B7
:1028180090302E93D0F894302F93D0F8983030938E
:10282800D0F89C303193D0F8A0303293D0F8A4304F
:102838003393D0F8A8303493D0F8AC303593D0F82F
:10284800B0303693D0F8B4303793D0F8B8303893E6
:10285800D0F8BC303993D0F8C030D0F8C4603A937F
:10286800014B009302E000BF789F0200149A0A9B74
:10287800159953400B9A82EA01051E9A53401F9AF4
:102888005540289A5340299A5540329A5340339AD2
:10289800089355400C9B169A83EA02090D9B179AD8
:1028A80083EA0208209B189A89EA0309219B88EA8F
:1028B80003082A9B89EA03092B9B88EA0308349BAF
:1028C80089EA0309359B4FEA490B88EA03080E9BFE
:1028D8004BEAD87B83EA020C0F9B199A4FEA480A05
:1028E80083EA0207229B239A8CEA030C57402C9B0D
:1028F8002D9A8CEA030C5740369B379A8CEA030CC6
:102908005740109B1A9ADDF874E083EA0204119B81
:102918001B9A4AEAD97A83EA0201249A129B544004
:10292800259A51402E9A54402F9A5140389A544033
:10293800399A51401C9A5A40139B83EA0E0E269BE3
:102948005A40279B8EEA030E309B5A40319B8EEAF1
:10295800030E3A9B8EEA060E5A408BEA0203019355
:102968008AEA0E0302934FEA4C0B089B4BEAD77B8B
:102978004FEA470A4AEADC7A8BEA030303938AEAB6
:1029880005034FEA410A4AEAD47A04938AEA08031B
:102998004FEA4E0848EAD278520042EADE720593BE
:1029A80082EA0C03069388EA07030793089B6A00E8
:1029B80042EAD3725B0043EAD5736340089382EA24
:1029C80001034FEA440B0A9A0993019B4BEAD17B16
:1029D8008BEA090B83EA0209029B0B9A179983EA8F
:1029E800020A039B169A239C5A40049B150D4B40E0
:1029F80045EA03351B0D43EA0233229A05998BEA0F
:102A080002024C404FEA525848EAC428640D44EA8E
:102A1800C2242E99069A2F9F5140079A7A404FEA6E
:102A2800425E4EEAD12E49053A9F41EAD221089AE0
:102A38007A40099F7E404FEA863C4CEA924C9203CA
:102A480042EA9642009ED6E900768AEA06060B9686
:102A580089EA070728EA05067E400B9F0A9624EABA
:102A6800030677402EEA04065E400B9721EA080722
:102A78006F40239625EA09052CEA0E0623EA0A0385
:102A8800744083EA0C0329EA0206229722EA010726
:102A98006A4071403B942E922AEA0C04109A2F93B4
:102AA800069B87EA0807169184EA0E013A97179160
:102AB80083EA0201079B119A1D9C53404FEA037C4D
:102AC8004CEA111C090741EA13111C9A089B2B9F19
:102AD8005340099A6240160546EA13361B051E9CA8
:102AE80043EA1233019A82EA04051F9C029A624063
:102AF8004FEAC20848EA5578ED002A9C45EA527523
:102B0800039A25EA030A6240049C4FEAD24E7C40AD
:102B18004EEA443EE40C44EA4234369A379F8BEA44
:102B28000209059A8AEA010A7A404FEAD90747EA70
:102B38004277D20842EA497228EA060989EA0C096A
:102B4800CDF8A8A02EEA050A8AEA030ACDF8AC90C7
:102B580024EA080989EA0609CDF840A023EA010316
:102B680027EA0E0A8AEA050526EA0C067B40CDF814
:102B7800449022EA04091E951C9389EA080586EA0E
:102B880002031F951D932CEA0205039B0C9A21EA68
:102B9800070883EA0201049B0D9A88EA0E0E534047
:102BA8004FEA430C4CEAD17C6C40490041EAD371AE
:102BB800CDF8D8E0189B3794059A199C8BEA030343
:102BC8006240960146EA93669B01249C43EA92631D
:102BD800069A319F82EA0405259C079ADDF8CC9075
:102BE80062404FEA426848EAD5186D0645EAD215B0
:102BF800309C089A25EA030A5440099A8AEA010A8D
:102C08007A404FEA022E4EEA146E2402329F44EABA
:102C18001264019ACDF860A07A40029F24EA050A5E
:102C280087EA09094FEA894747EA9237920442EA54
:102C3800993228EA060989EA0C098AEA030ACDF8D2
:102C4800649023EA01032EEA080989EA0609534039
:102C580026EA0C06CDF8C0A022EA040A8AEA05058D
:102C6800CDF8C490329327EA0E0986EA07030C953B
:102C7800339389EA0805089B21EA0208129A0D9500
:102C880083EA0201139A099B2CEA070553404FEA8D
:102C9800C36C4CEA511CC90641EA531188EA040482
:102CA800019B149A249485EA0E045A402594029BA9
:102CB800159C160F634046EA03161B0F43EA0213DE
:102CC800039A209C2D9F82EA0405219C049A624065
:102CD8004FEA822848EA9558AD0245EA92552C9A5F
:102CE80025EA060A8BEA0204059A8AEA010A7A406A
:102CF8004FEAC23E4EEA544EE403389F44EA524437
:102D0800069ACDF8E0A082EA0709399F079A24EAD3
:102D1800050A7A404FEA192747EA0267120A42EA87
:102D2800096228EA030989EA0C098AEA060ACDF841
:102D3800E4902EEA080989EA0309CDF850A023EAAD
:102D48000C0327EA040A8AEA05055340CDF8549093
:102D580026EA010622EA0E092C95219389EA08053C
:102D68000E9B21EA070886EA070188EA04042D95E4
:102D780020912CEA02050F99059A8BEA0303129415
:102D880085EA0E0413949D0882EA010445EA8475D5
:102D9800A40844EA83741A9A069B269E83EA0201D1
:102DA800079B1B9A279F5A404B0A43EAC253520A71
:102DB80042EAC15208997140099E4FEA516C774026
:102DC8004CEAC71C7F0E47EAC1170199289EDDF817
:102DD800A4E07140029E4FEAD15886EA0E0648EAFE
:102DE8004628F60DDDF8D0E046EA41260399DDF8DD
:102DF800D49081EA0E01DDF810E02CEA030A8EEA8D
:102E080009094FEA890E4EEA917E890041EA9971D3
:102E18008AEA050A27EA0209CDF898A089EA04098E
:102E280028EA0C0ACDF89C908AEA030A26EA0709E0
:102E380023EA050389EA02094B4022EA04020E93B9
:102E480082EA0E03CDF8D0A02A9A21EA080ACDF822
:102E5800D4900F932EEA06090A9B8AEA0C0C89EA99
:102E68000707CDF868C01B9725EA010C24EA0E076E
:102E78002B995A400B9B7E40299683EA01061899A4
:102E8800229B4A4019998CEA080C4E403899CDF893
:102E9800A0C04A4039994E4026994A4027994E4049
:102EA800109983EA01091199239B83EA0108309B51
:102EB8001E9989EA0309319BDDF8CCE088EA03080A
:102EC800149B89EA0309159B88EA0308349B89EA5D
:102ED8000309359B4FEA490B88EA03083A9B4BEAFA
:102EE800D87B83EA010C3B9B1F994FEA480A83EA87
:102EF80001070C9B0D998CEA030C4F402C9B2D99D4
:102F08008CEA030C4F401A9B1B998CEA030C4F4028
:102F1800169B36994AEAD97A83EA0105179B3799AD
:102F280083EA010424991C9B4D4025994C40129931
:102F38004D4013994C4028994D4029994C4032995D
:102F480059401D9B83EA0E0E2E9B59402F9B8EEAFB
:102F5800030E209B5940219B8EEA030E0E9B59407D
:102F68000F9B8EEA030E8BEA01034FEA4C0B019389
:102F78004BEAD77B8AEA0E034FEA470A02934AEAEA
:102F8800DC7A8BEA020303938AEA06034FEA440ACF
:102F98004AEAD57A04938AEA08034FEA4E0848EACF
:102FA800D178490041EADE71059381EA0C0371008A
:102FB80041EAD2715200069342EAD67288EA0703C0
:102FC800079382EA0503089381EA0403019A0993A7
:102FD8004FEA450B0A9B4BEAD47B8BEA090B83EA41
:102FE80002090B9B029A059C83EA020A109B039A2A
:102FF800079E83EA0201119B049A0D0D5A400C9B0F
:1030080045EA0235120D42EA013283EA0B010D9BB3
:103018004FEA51585C4048EAC428640D44EAC12488
:10302800129B0699099F5940139B5E404FEA465EE2
:103038004EEAD12E490541EAD621089B0E9E5E40F4
:1030480033460F9E7E404FEA863C4CEA934C9B03E6
:1030580043EA9643009ED6E902768AEA06060B966C
:1030680089EA070728EA05067E400B9F0A9624EAA4
:10307800020677402EEA040656400B9721EA080715
:103088006F400D9625EA09052CEA0E06744022EADF
:103098000A0229EA03060C9723EA01076B401293F8
:1030A80082EA0C037140069A0F9413932AEA0C04DF
:1030B800169B109184EA0E01119183EA0201079A86
:1030C800179B099C53404FEA037C4CEA111C0907E3
:1030D80041EA1311089A1C9B87EA080753401D9A76
:1030E8000E976240160546EA13361B0543EA12336B
:1030F800019C189A049F82EA0405029C199A62406E
:103108004FEAC20848EA5578ED0045EA5275039C33
:10311800149A25EA030A6240159C4FEAD24E7C4075
:103128004EEA443EE40C44EA42341A9A8AEA010A16
:1031380082EA0B091B9A059FCDF850A07A404FEA06
:10314800D90747EA4277D20842EA497228EA0609CB
:1031580089EA0C092EEA050A8AEA030ACDF854908E
:1031680024EA080989EA0609CDF858A023EA0103E8
:1031780027EA0E0A8AEA050526EA0C067B40CDF8FE
:103188005C9022EA040918951C9389EA080586EAE6
:10319800020319951D932CEA0205229B039A21EA42
:1031A800070883EA0201049A239B6C4053404FEAC4
:1031B800430C4CEAD17C1F9A1B944900059C41EAB8
:1031C800D3711E9B624083EA0B03960146EA93661D
:1031D8009B0143EA9263069C249A88EA0E0E82EACF
:1031E8000405079C259A099F62404FEA426848EA0D
:1031F800D5186D0645EAD215089C209ACDF868E0E6
:103208005440219ADDF808907A404FEA022E4EEA9F
:10321800146E240244EA1264019F269A25EA030ADE
:103228007A40279F8AEA010A87EA09094FEA89470B
:1032380047EA9237920442EA993228EA060989EA6B
:103248000C09CDF878A024EA050ACDF87C908AEA22
:10325800030A2EEA080923EA010389EA060953400A
:1032680026EA0C06CDF880A022EA040A8AEA0505B7
:10327800CDF88490269327EA0E0986EA070322955B
:10328800279389EA08052E9B21EA0208089A2395C4
:1032980083EA0201099A2F9B2CEA070553404FEA5B
:1032A800C36C4CEA511CC90641EA531188EA04046C
:1032B8002A9B019A249485EA0E045A4025942B9B54
:1032C800029C160F634046EA03161B0F43EA0213DB
:1032D800039C309A059F82EA0405049C319A624057
:1032E8004FEA822848EA9558AD0245EA92552C9A49
:1032F80025EA060A82EA0B042D9A8AEA010A7A402C
:103308004FEAC23E4EEA544EE40344EA5244069F52
:10331800289ACDF8A0A082EA0709299A079F24EAEB
:10332800050A7A404FEA192747EA0267120A42EA71
:10333800096228EA030989EA0C098AEA060ACDF82B
:10334800A4902EEA080989EA0309CDF8A8A027EA7B
:10335800040A8AEA0505CDF8AC9023EA0C0322EAB0
:103368000E0953402C9526EA010689EA08052D9591
:1033780021EA0708319386EA07013A9B2CEA0205FD
:1033880030913B9A059983EA0B034A404FEA930C24
:103398004CEA827C920842EA83720699369B88EA54
:1033A80004042E9485EA0E044B402F943799079C09
:1033B8005D0A81EA040645EAC655760A46EAC35616
:1033C8000899329B099C4B4033994FEA53684C400B
:1033D80048EAC418640E44EAC3140199389B029F52
:1033E8004B4039994FEAD35E79404EEA412EC90DD8
:1033F80041EA4321039F349BDDF810907B40359FC1
:1034080028EA050A87EA09094FEA890747EA93770C
:103418009B0043EA997324EA060989EA02098AEAC1
:103428000C0ACDF8C8A0CDF8CC902EEA080A21EAFB
:1034380004098AEA050A89EA0609CDF8D0A0CDF878
:10344800D49023EA0E0A27EA01098AEA080889EAD9
:103458000404CDF8D88037942CEA030822EA07043C
:1034680025EA0C056B4088EA0E0E6140CDF8E0E0D5
:1034780039913A93009B26EA020610330093009A8A
:103488003C4B7E4093427FF4F1A90A9B03600B9B5F
:1034980043600C9B83600D9BC3600E9B03610F9B75
:1034A8004361109B8361119BC361129B0362139B51
:1034B8004362149B8362159BC362169B0363179B2D
:1034C8004363189B8363199BC3631A9B03641B9B09
:1034D80043641C9B83641D9BC3641E9B03651F9BE5
:1034E8004365209B8365219BC365229B0366239BC1
:1034F8004366249B8366259BC366269B0367279B9D
:103508004367289B8367299BC3672A9BC0F8B8E059
:10351800C0F880302B9BC0F8BC10C0F884302C9BBE
:10352800C0F888302D9BC0F88C302E9BC0F89030A6
:103538002F9BC0F89430309BC0F89830319BC0F86E
:103548009C30329BC0F8A030339BC0F8A430349B29
:10355800C0F8A830359BC0F8AC30369BC0F8B03006
:10356800379BC0F8B4303A9BC0E930363DB0BDE86F
:10357800F08F00BF38A00200F8B50F4600293BD0F5
:103588000668012230461FF0C6FB01460446304655
:103598001FF089FBC3070DD4AF23184A18491948EF
:1035A8001FF0C5FD394618481FF0C1FDAF2113486B
:1035B8001FF0B4FD214630461FF08BFB2518294625
:1035C800002230461FF06FFB2D1AAC420BD0B723F8
:1035D8000A4A0E490B481FF0AAFD39460C481FF04D
:1035E800A6FDB721E3E7214630461FF078FB2146C8
:1035F800BDE8F8401FF0ADBCF8BD00BF07B302003E
:103608002AB3020004B002003BB3020073B3020005
:1036180099B302002DE9F84306681446B5684A1EB6
:10362800B5F5004F34BF042308230A400F4610D0D5
:10363800C1F1000909EA01094B4502F1FF3128BF30
:103648004B4611420CD11746DCB900252846BDE887
:10365800F883994213D82146BDE8F8431FF0BBBC54
:1036680034494FF4A673344A34481FF060FD344897
:103678001FF05DFD4FF4A6712F481FF04FFD9146D6
:10368800E2E7B5F5004F2CBF08200420FB1AE1083B
:1036980004F0070201EBD301073203F007031344D8
:1036A800034401EBD301A94228BF294630461FF045
:1036B80090FB80460028C8D0B36809EBC005B3F575
:1036C800004F34BF042308231D4435447B1E1D448A
:1036D800B5FBF7F57D43A5EB0905294630461FF0F4
:1036E8001AFB2C44073424F00704A41B8045074622
:1036F8004FEAE40408D20246414630461FF0A2FBD6
:10370800414630461FF0E3FB394630461FF0E1FAE8
:103718003844844208D23946304622461FF092FB8C
:10372800214630461FF0D3FB0122394630461FF0B0
:10373800D6FA8BE7D5B3020007B3020004B0020043
:10374800F0B30200B2F5802F2DE9F04110D2042A1F
:1037580028D8454940F21A23444A45481FF0E7FC57
:1037680044481FF0E4FC40F21A2140481FF0D6FC00
:103778000823D21ACC1D114424F0070421F00701B4
:10378800091B17294FEAD1060ED83B4940F22323DB
:10379800364A37481FF0CBFC36481FF0C8FC40F2C9
:1037A8002321E2E70423E4E70025046031462046AC
:1037B800A660E5601FF0B9FAB6F5004F2CBF0823E4
:1037C8000423421D92000833D11DDB0803EBD1030B
:1037D800B3424FEAD10739D801302946A2F1100285
:1037E80004F11000B8BF2A4625F0E3FE3A46294600
:1037F80020461FF08CFA2B462A46294620461FF001
:103808005DFAA6EB07082046294601221FF067FA51
:10381800424639461FF07BFA3B462A46394620463F
:103828001FF04CFA314620461FF071FA43462A46EB
:10383800314620461FF042FA3146204601221FF049
:103848004EFA3946BDE8F0411FF041BB0B494FF431
:103858000E73064A06481FF06AFC06481FF067FC0C
:103868004FF40E7181E700BF0DB4020007B30200E8
:1038780004B002002EB4020047B4020070B4020083
:103888002DE9F04F97B000AF89460446D7F880B0CD
:10389800FA623B6258B9A94940F29933A84AA94843
:1038A8001FF045FC40F29931A5481FF037FCCBF3D7
:1038B800C00390F802A07B6141B9457800780AEB13
:1038C800800020444D4517D8A0EB0409E378FB613C
:1038D800BAF1000F02D01BF0010F16D1FB6953BBE0
:1038E800FB6A1BB1494620463A6A98474D46284626
:1038F8005C37BD46BDE8F08F461C3046FDF71CFB23
:103908000130304409F10109DCE7626823787A6202
:10391800FA6A9900B96104EB8301002A40F0028138
:103928000E464FF000084D4601EB0A094E454CD1B2
:1039380001EB0A0610E01BF0020FD1D023789A00A1
:10394800BA61626804EB83017A62FA6A002A77D165
:103958004D46904601EB0A061BF0050F0CBF0223EB
:103968000123FB62FB6906EB430A0BF00203BB620F
:103978005645BCD016F8021B16F8013C54F82390A3
:10398800714B994502D3714B994536D37B69002B0E
:1039980040D0786A1FF08EFB00283BD0E9468AB0F9
:1039A8006A466B4B53617B6AC2E906314FF4007378
:1039B8001384684B42F8103F00234FF412516648B5
:1039C80002F04CFA023DCD46D2E716F8013BF96207
:1039D80054F82300FDF7B0FAD7F88430F96A0130BB
:1039E8004BB1D7F8883098453EBFD7F8843023F8D4
:1039F800180008F10108054498E77B6923B1786A43
:103A08001FF058FB0028C9D11BF0010F05D1FB6A34
:103A1800ED1AADE7BB6A002BAAD04846FDF78CFA31
:103A2800D7F8843053B1D7F8883098453FBFD7F8D6
:103A38008420431C22F8183008F10108054497E750
:103A4800BAF1000F74D01BF0040674D0D0460026DB
:103A580007F1480052463B61B96225F083FDB96A17
:103A68003B6901EB0A02BA62FA69F9695200FA6025
:103A7800BA6A02EB41023A610BF00202BA60BA6A12
:103A880039698A426AD162781BF0020F18BF002197
:103A98007A6208BF4FEA5801B2181BF0010FD2B280
:103AA80040F0E5801BF0040F14BF404600207B6106
:103AB8006270A070E17020463A6AB969FB6A98475B
:103AC800051EFFF614AF7B69414623707B6A3A6A8C
:103AD8006370FB6984F802A0E37007F14800FB6A91
:103AE8009847B0F10008C0F2F680BB69A9EB0A015B
:103AF800C91AFB683A6AC91AD7E90A03984700281D
:103B0800C0F2EB804FF0000BA84408EB000507F16A
:103B1800380AB345C0F0AD8000213A6A0846FB6A0E
:103B28009847E4E656464FF0000807F1380091E759
:103B38005646D04695E7B04693E700BF30B5020039
:103B48009BB4020004B0020018970200901A030008
:103B58004BB5020004000001EC9C0200BA6A12F89E
:103B6800021B12F8015CBA6254F825005C4A9042C4
:103B780002D35C4A904218D37A693AB1786A7B607A
:103B88001FF098FA7B6800287FF479AFBA68002A9A
:103B98004CD00F2E40D9544940F24D43534A544813
:103BA8001FF0C5FA40F24D417EE67A693AB1786A6B
:103BB8007B601FF07FFA7B6800287FF460AF1BF002
:103BC800010F0BD00F2E27D9474940F24343474AEC
:103BD80047481FF0ACFA40F2434165E61BF0040F7A
:103BE8003FF44DAFB8F10F0F09D9424940F24643AF
:103BF8003E4A3F481FF09BFA40F2464154E608F11E
:103C0800280207F1300008F1010102EB000808F86A
:103C1800105C5FFA81F832E706F1280207F13000FC
:103C2800711C161806F8205CCEB228E7B8F10F0F01
:103C380009D930494FF48A632C4A2D481FF077FA86
:103C48004FF48A6130E608F1280207F1300C08F1D8
:103C58000100944407F1580208F1020852FA80F072
:103C68000CF8101C5FFA88F800F8105C07E70020D1
:103C78001DE71BF80A3054F8239087F83730D7F837
:103C880084302BB3D7F888309B4521D2D7F88430BD
:103C980033F81B8001213A6AFB6A07F1370098471D
:103CA80000281ADB0544B8F1000F06D14846FDF795
:103CB80043F900F101081FFA88F8414648463A6A74
:103CC800FB6A9847002808DB05440BF1010B20E745
:103CD8004FF00008DEE7454609E6054607E600BF5F
:103CE80018970200901A0300EEB502009BB4020078
:103CF80004B002000DB60200014B1B68184700BF54
:103D080074060020014B1860704700BF740600203D
:103D180030B585B004460D4610220021684625F0CE
:103D280048FC02238DF80230044B2A462146684697
:103D380001931EF00DF805B030BD00BF013D000035
:103D480080B505460E461746984618F081FB03468F
:103D580025F0D4FCDFF83C90044649F80030424690
:103D680039463046A8470C4B1B7873B90B4940F2CB
:103D780046330B4A0B481FF0DAF90B481FF0D7F906
:103D880040F2463106481FF0C9F954F8090004F01A
:103D980087F900BF080000008E61002069B60200A4
:103DA8003EB6020004B002007CB6020038B50D46EB
:103DB80004462022002125F0FCFB0022EB68E36189
:103DC800AB68A3612B6823626B68A26263622A698D
:103DD80023B1591E194208BF42F001022261012293
:103DE800002104F12C0024F085FB48B10549064860
:103DF8002F23064A1FF09BF92F2104481FF08EF944
:103E080038BD00BF99F8020004B002009EB6020057
:103E18002DE9F04F002789B0CDE90123436A044614
:103E28008B428846BA460597079754D300F1140683
:103E3800EFF31185202383F31288BFF36F8F304689
:103E4800A94618F085FD58B988234D4A4D494E4872
:103E58001FF06DF931464D481FF069F9882163E07C
:103E6800304618F099FD079A2AB1394620461FF0C6
:103E780048FA0023079306A920461FF065F906991A
:103E88008346414530D32268236A204613F822101E
:103E980003EB820A21F0030103F82210216842464D
:103EA8001FF076F9E3682060984218D04FF0000BB5
:103EB800304618F05BFD50B389F31188BFF36F8F5C
:103EC800059929B1A2690AB12046904700230593B4
:103ED800BBF1000FACD1504609B0BDE8F08F2369A3
:103EE80043F008032361E1E718B120461FF06AF99F
:103EF800DEE7DDE90132134339D0039124F06FFB8B
:103F08000399A0BB9DBB304618F030FD78B94FF43B
:103F18009A731B4A1E491C481FF009F931461D486F
:103F28001FF005F94FF49A7115481FF0F7F885F35B
:103F38001188BFF36F8F04F12C00DDE9012316F01F
:103F4800D1F98346EFF31189202383F31288BFF355
:103F58006F8F304618F0FCFC00283FF475AFBBFAB1
:103F68008BFB304618F018FD4FEA5B1BA0E7204694
:103F780007AB05AA27681FF044F9834698E700BFF6
:103F8800C4B60200F1B6020004B0020006B702008F
:103F98001CB7020033B702002DE9F0410446C3699B
:103FA80008460E46984704F114050746EFF31188B2
:103FB800202383F31288BFF36F8F284618F0C8FCBC
:103FC80068B988231A4A1B491B481FF0B0F82946CC
:103FD8001A481FF0ACF8882115481FF09FF82846AA
:103FE80018F0DAFC33783A4643F00103337061681D
:103FF80020461FF0CDF8606020461FF09DF9284646
:1040080018F0B4FC68B94FF49A73094A0C490A4885
:104018001FF08DF829460B481FF089F84FF49A7164
:10402800DAE788F31188BFF36F8FBDE8F08100BF2E
:10403800C4B60200F1B6020004B0020006B70200DE
:104048001CB7020033B702002DE9F04704460027E9
:1040580000F11406EFF31188202383F31288BFF3CD
:104068006F8F304618F074FC054668B988233A4AC1
:104078003A493B481FF05BF831463A481FF057F879
:10408800882135481FF04AF8304618F085FC236926
:10409800A16813F0080F02D16368994200D9636AD6
:1040A8005B1A002B41D0206A10F8213000EB8109FF
:1040B80013F003023CD0022A04D150F821205FEA11
:1040C800920A05D1DA0720D44846E3699847824620
:1040D800A168524620461FF05BF85146A060204672
:1040E8001FF064F82F46304618F040FC10BB4FF420
:1040F8009A73194A1C491A481FF019F831461B4887
:104108001FF015F84FF49A71BBE743F0020300F86B
:104118002130E3694846A568984729460246204663
:104128001FF036F80025A060DDE71D46A946DAE74E
:104138001546FBE788F31188BFF36F8F002D89D1EF
:1041480037B1B9F1000F03D104F12C0016F046F88D
:104158004846BDE8F08700BFC4B60200F1B60200C9
:1041680004B0020006B702001CB7020033B7020011
:104178002DE9F0410446C36908460D46984704F105
:1041880014060746EFF31188202383F31288BFF340
:104198006F8F304618F0DCFB68B98823274A284916
:1041A80028481EF0C4FF314627481EF0C0FF88216A
:1041B80022481EF0B3FF304618F0EEFB2B786FF361
:1041C80000032B7023699B0705D5E268236A03EB7C
:1041D80082039D4222D12B786FF341032B70D4E9DF
:1041E8000231994204D13A4620461EF0D1FFA06020
:1041F800394620461EF0DAFF304618F0B7FB90B972
:104208004FF49A730D4A11490E481EF090FF31463B
:104218000F481EF08CFF4FF49A71C9E72B6867F3BB
:104228009F032B60E8E788F31188BFF36F8F04F1D1
:104238002C00BDE8F04115F0D1BF00BFC4B60200A4
:10424800F1B6020004B0020006B702001CB7020073
:1042580033B7020070B5044600F11405EFF3118678
:10426800202383F31288BFF36F8F284618F070FB62
:1042780068B988231A4A1B491B481EF058FF29466B
:104288001A481EF054FF882115481EF047FF28469B
:1042980018F082FB2369A06813F0080F02D1636845
:1042A800984213D9646A241A284618F05FFB78B933
:1042B8004FF49A730A4A0E490B481EF038FF2946F4
:1042C8000C481EF034FF4FF49A71DDE71C1AEBE737
:1042D80086F31188BFF36F8F201E18BF012070BDB1
:1042E800C4B60200F1B6020004B0020006B702002C
:1042F8001CB7020033B702002DE9F84F0446A38B20
:1043080008461907154612D4022803F0070165D19B
:1043180020461FF097F888B10138042800F2378149
:10432800DFE810F05C0035018200D40004010128A8
:104338000CBF43F0100143F02001A1831434204640
:1043480018F014FB002840F09D819A494FF49A73A5
:10435800994A9A481EF0EBFE2146B1E003F00702A5
:10436800501F01281ED80020062A2768C4E900002B
:1043780014D13A4603E0E08B0130E0831268002A4A
:10438800F9D123F0070343F002022046A2831FF06D
:1043980059F890B342F02002A2832EE023F00703DD
:1043A8009AB2F2E7042A33D123F007039AB22046DF
:1043B800A2831FF047F810B142F02002A283A38B1A
:1043C80003F00709894540F0EC80A18BCA0640F14B
:1043D800508121F01003A38301F00701D4F818805D
:1043E800A38BB8F1000FB9DA0022276823F007037E
:1043F800C4E9002243F00103A383A38B03F0070958
:10440800894540F0CF80002FDFD00026B24644E037
:104418006B4940F21B136B4A68481EF088FE40F255
:104428001B1168481EF07AFE49B167494FF4AB7317
:10443800644A62481EF07BFE4FF4AB71F1E72368D3
:104448004BB9624940F257135E4A5C481EF06FFE52
:1044580040F25711E5E723691E684EB95C494FF4ED
:10446800AD73584A55481EF062FE4FF4AD71D8E757
:104478000F4688464FF00609A38B23F0070343F045
:1044880006039BB2A383A268002A40F08D80002F08
:1044980040F08D80002E98D0BA4643F0080304F10E
:1044A800140B5846A38318F061FA002840F09A804C
:1044B80040494FF49A73404A40481EF038FE594626
:1044C80044481EF034FE4FF49A71ADE0022909D039
:1044D800414940F25D133B4A38481EF028FE40F23D
:1044E8005D119EE7E78B4FB13C494FF4AF73354AF6
:1044F80032481EF01CFE4FF4AF7192E723695E68E4
:104508004EB9334940F261132E4A2C481EF00FFE73
:1045180040F2611185E7A38BB84623F0070343F007
:1045280004039BB24FF00409A383ACE7012909D027
:104538002B494FF4B273234A20481EF0F8FD4FF47C
:10454800B2716EE723684BB9204940F265131D4AE2
:104558001A481EF0ECFD40F2651162E723699E6877
:104568004EB91B494FF4B473164A14481EF0DFFDC8
:104578004FF4B47155E70027A38BB84623F007031F
:1045880043F005039BB24FF00509A3837BE70C4971
:1045980040F26B130B4A09481EF0C9FD40F26B113B
:1045A8003FE7002700266EE74FF0010A75E79246BD
:1045B80073E700BF1CB70200C4B6020004B00200D3
:1045C800790D030053B7020078B7020084B70200E0
:1045D800A7B7020033B70200BEB70200D4B7020083
:1045E800E3B7020085F31188BFF36F8FBAF1000FAC
:1045F8001CD177BB16B120462549B047EFF311858A
:10460800202383F31288BFF36F8F584618F0A0F960
:1046180038BB88231F4A204920481EF088FD594688
:104628001F481EF084FD88211A48FBE6A16800296E
:10463800DFD00D680029DCD043464A462046D1F831
:1046480004A0D0471DB12B6829461D46F2E72B462A
:10465800FAE7394643464A4620463F681EF01EFFA1
:10466800C7E7584618F098F9A38B23F00803A383EB
:10467800ABE68B067FF562AE21F02003A38301F041
:10468800070145E685F31188BFF36F8FBDE8F88F02
:10469800AD460000C4B60200F1B6020004B0020044
:1046A80006B70200F8B504460D4600F11406EFF30C
:1046B8001187202383F31288BFF36F8F304618F0D9
:1046C80047F968B988230C4A0C490D481EF02FFD9C
:1046D80031460C481EF02BFD882107481EF01EFDB0
:1046E800304618F059F9A5613A462046BDE8F84029
:1046F8000121FFF701BE00BFC4B60200F1B60200F7
:1047080004B0020006B702002DE9F04704460F4640
:104718001EF0B4FE051E68DB04F11409EFF3118ADC
:10472800202383F31288BFF36F8F484618F010F9DF
:10473800804660B98823384A384939481EF0F7FC62
:10474800494638481EF0F3FC8821334842E0484681
:1047580018F022F94FF6FF72E38BA68B934206F00E
:10476800070645D0022E15D135460133E383484666
:1047780018F0FCF8002841D14FF49A73264A2A49C8
:1047880027481EF0D4FC494628481EF0D0FC4FF4B8
:104798009A71DAE7062E13D8DFE806F0092D12120F
:1047A800090409006FF085054FF00008DFE70023D2
:1047B8003B60636883B9C4E9007786B13546F3E79F
:1047C8001B4917484FF4E4731A4A1EF0B0FC4FF423
:1047D800E47118481EF0A2FC1F606760EDE75246BE
:1047E80002212046FFF788FD35462846BDE8F087B8
:1047F8006FF00A05D8E76FF00405D5E78AF311884A
:10480800BFF36F8FB8F1000FEFD00023324639465F
:1048180020461EF043FEE8E7C4B60200F1B60200E7
:1048280004B0020006B702001CB7020033B702004A
:10483800E3B7020053B70200F8B5054600F11406C5
:10484800EFF31187202383F31288BFF36F8F30466D
:1048580018F07EF860B98823254A264926481EF0B4
:1048680066FC314625481EF062FC882120482BE072
:10487800304618F091F8AC8B04F00704022C17D0DE
:10488800012C0CBF6FF004046FF08504304618F05B
:104898006DF838BB4FF49A73154A194916481EF03B
:1048A80046FC314617481EF042FC4FF49A71DDE78A
:1048B800EB8B5BB91449104840F2EF13134A1EF012
:1048C80036FC40F2EF1111481EF028FC013B9BB268
:1048D800EB83002BDAD13A4621462846FFF70CFD38
:1048E8002046F8BD87F31188BFF36F8FF8E700BF44
:1048F800C4B60200F1B6020004B0020006B7020016
:104908001CB7020033B70200F9B7020053B7020020
:1049180008B54268034602F00302022A81600AD001
:10492800032A4FF0000103D0012A0AD1596006E09A
:104938001868596008BD186800225A6058B90020E4
:10494800F8E7064906484523064A1EF0F0FB4521CC
:1049580004481EF0E3FB18F013FCF0E7790D0300A0
:1049680004B0020007B802002DE9F7430F460646D7
:104978000821C06A1EF03AFE80463C68DFF848907D
:10498800241A3C6004EA0905AC4203D8002003B0AD
:10499800BDE8F08308236A46214630461EF0BCFD78
:1049A8000028F4D1694630461EF02AFE40B1BDF811
:1049B8000230BDF8042005EA090513441D443C6093
:1049C800A4EB0804E0E700BF0000FFFF73B504464E
:1049D8004FF6FF72C06A08211EF008FE00256368C2
:1049E8000F4EADF800208DF80620E2681918334004
:1049F8001344181A60606846ADF80210ADF8045008
:104A08001EF0EBFD694620461EF0BAFE2046211D29
:104A18001EF0BBFD284663683340A36002B070BD3A
:104A28000000FFFF2DE9F04704468AB000F11407A3
:104A3800384623F026FDA06A8368DB689847E06261
:104A480050B98D4A01218D481EF0ACFD6FF0150557
:104A580028460AB0BDE8F087A06A8368DB689847F3
:104A68000368013B1F2B01D9854AEBE7E368B3F5DF
:104A7800803F08D94FF48032012100927F48814A53
:104A88001FF011FAE2E7A06A216807AA22F0F5F9F7
:104A980008B17D4AD6E7E5682DB1089BB5FBF3F26E
:104AA80003FB12550DB1794ACCE7238A012B01D8B3
:104AB800774AC7E7E36A029593F805904FF0FF330A
:104AC8004FF0FF32384615F075F80821E06A1EF0FD
:104AD8008DFDA8460646238A1FFA85FA534508D84D
:104AE800238A434523D1384615F034F96FF02C0555
:104AF800AEE7E1682B04891B13FA81F14A460823C3
:104B0800204602911EF016FD78B1204602A91EF03B
:104B18003CFD08F1010808234A46204602991FFA7D
:104B280088F81EF007FD0028DAD00135D3E79A454A
:104B38000BD1029908234A462046891B1EF0FAFC2D
:104B480018B9204602A91EF020FD204602A9FFF749
:104B58000BFF054618B1384615F0FCF878E7029BBC
:104B68004FEA13484FEA08486360C4F80880D4E95C
:104B7800011399420FD30823204603AA1EF0CCFC48
:104B880005460028E7D103AB13F8012B91453DD129
:104B98000135082DF8D1636820461B0C1B0402A9B7
:104BA80002931EF0F2FC4A462046E36802991EF082
:104BB800C1FC051ECFDB63687ED04FF6FF7906EB9C
:104BC8000308E3681FFA88F29B1B9A42CDF8088015
:104BD80038D303212F4A29481EF0E4FC2046616897
:104BE8001EF0E2FC05460028B5D163682A4AE16850
:104BF80013400B44A3EB4603636013402046A360B5
:104C08001EF0E6FD0546002D72D0A4E7204603A954
:104C18001EF0F6FC626810B9921B6260A7E7BDF847
:104C28001050BDF80E10E06AC4F8088029441EF040
:104C3800DDFC40449042A060EED1002DECD06FF036
:104C48001C0580E008234146204605AA1EF064FCA6
:104C5800054600287FF47FAF204605A91EF0D0FC4A
:104C680038B1BDF814304B4503D1BDF81830002BCE
:104C78006FD0B044A5E700BF41B80200149D020000
:104C880063B8020080B80200A9B80200C1B80200E7
:104C9800D5B8020047B902000000FFFF4A46204687
:104CA8005B1A1EF047FC051EFFF655AF08D0E26AF6
:104CB800A36812681344A360D4E901318B42EDD88C
:104CC8006168E36801EB46029A429CD1DFF8A8804C
:104CD800A26801EA08039A4295D020461EF064FCB7
:104CE800054600287FF437AF636803EA0803A3602A
:104CF800E368A288A3EB46039A4220D0384615F011
:104D080029F80123E268A374238A032100921B482F
:104D18001B4A1FF0C8F863689AB200920321194A27
:104D280016481B0C1FF0BFF8A3689AB20092032123
:104D3800154A12481B0C1FF0B6F8002588E62046D5
:104D48001EF02FFD0546384615F004F8002DD8D082
:104D58007EE60E4A032109481EF024FC63682046BB
:104D68001B0C1B0402A902931EF00FFC204602999B
:104D78001EF01AFC46E700BF0000FFFF149D02006A
:104D8800F8B802000FB9020021B9020032B90200D6
:104D98002DE9F04F1D46837C91B0044602910092A4
:104DA80053B90121634A64481EF0FCFB6FF00C06FE
:104DB800304611B0BDE8F08FC26A082110461EF0D7
:104DC80015FC2946019010461EF010FCE368019A74
:104DD8000746A3EB8203AB42C0F0A9801DB1009B3C
:104DE800002B00F0A48063680593204606AA05A955
:104DF800DDF814A01EF041FC06460028D8D1BDF805
:104E08001830029A934206D06268059B9A42ECD108
:104E1800002D36D1CCE7204606A91EF0F1FB00286C
:104E2800F2D0BDF81A80BDF81C3045B39D4228D198
:104E38004FEA1A4A4FEA0A4AD044AA46E36ADDF81A
:104E480000B01B685B4203F020030393DDF80C906D
:104E58004146D14528BFD14620464B4608AA1EF0F8
:104E68005BFB00284AD14A46584608A924F0A9FB0A
:104E780038B9BAEB090AC844CB44E7D198E7002B04
:104E880096D0002F3DD1B84604F1140A4FF0FF32F6
:104E98004FF0FF33504614F08DFE238A9E4243D0D4
:104EA800A168626808EB01039A422FD3029B20464F
:104EB800ADF82030FF23009A8DF826302B46ADF848
:104EC8002210ADF824501EF022FC29460746E06A5D
:104ED8001EF08CFBA3680344A36057B908A81EF012
:104EE8007CFB204608A91EF04BFC002814BF07468F
:104EF8002F46504614F02EFF3E4659E7C1DC0646C1
:104F080056E7019B1F441FFA87F8BDE72046FFF7C5
:104F18005DFD07460028ECD120461EF059FC0746E7
:104F28000028E6D10136B8E76FF01B07E1E76FF01C
:104F380015063DE72DB80200149D02002DE9FF4734
:104F48001E46837C04460F469046BDF830904BB908
:104F58002C4801212C4A1EF025FB6FF00C0004B0F0
:104F6800BDE8F0870821C06A1EF040FBE368A3EBA8
:104F78004003B34243D30025D4F804A0CDF804A0DD
:104F88004D455146DDF804A009D9636853451ED143
:104F9800BDF80830BB421AD06FF00100DFE72046A9
:104FA80002AA01A91EF069FB0028D8D1BDF8083073
:104FB800BB4206D1204602A91EF022FB08B10135EA
:104FC800ADB26268019B9A42DAD15146E0E7BDF87A
:104FD8000C30002BE0D0A945DED8BDF80A00090C3A
:104FE800B3424FEA014128BF3346014442462046B6
:104FF8001EF092FA0028B2D1BDF80C00AFE76FF0AE
:105008001500ACE7149D02002DB8020010B530B9A8
:105018000B480C491EF0B4FC6FF0150010BD8368F6
:1050280033B9074808491EF0ABFC6FF00400F5E7F8
:105038001B6813B1BDE8104018471846EEE700BFDB
:105048001C9D020075B9020086B9020010B530B97E
:105058000B480C491EF094FC6FF0150010BD8368D6
:1050680033B9074808491EF08BFC6FF00400F5E7D8
:105078005B6813B1BDE8104018471846EEE700BF5B
:105088001C9D020075B9020086B9020070B508B10E
:1050980001B132B90B480C491EF072FC6FF01500D3
:1050A80070BD84680CB1256935B9064807491EF0FA
:1050B80067FC6FF00400F3E741F8040B2369BDE8CF
:1050C800704018471C9D0200A4B9020086B902006E
:1050D80010B5044630B9104810491EF051FC6FF065
:1050E800150010BD006830B90B480D491EF048FC8A
:1050F8006FF00100F5E783680BB15B6933B90648C7
:1051080008491EF03DFC6FF00400EAE76168984723
:105118000028E6D12060E4E71C9D0200D0B9020017
:10512800E1B9020086B9020070B51346044630B9E9
:10513800104811491EF024FC6FF0150070BD00687E
:1051480030B90C480D491EF01BFC6FF00100F5E763
:1051580082680AB1956835B9064809491EF010FCFD
:105168006FF00400EAE70A46AC466168BDE87040A3
:10517800604700BF1C9D0200D0B90200E1B90200DF
:1051880086B90200034A13680BB9526813600020FD
:10519800704700BF7806002030B50C460E4985B030
:1051A8000291D0F8D4110546CDE9003100F1F001A3
:1051B8004FF0FF33204613F0A5FC50B9012384F8C3
:1051C8006C30D5F8D03123B1204605B0BDE8304069
:1051D800184705B030BD00BF813A020038B50C460B
:1051E800114605461EF04AFC034638B928460449CC
:1051F8001EF044FC03460020236038BD0120FBE775
:10520800B30F03002DE9F04F012381460569466875
:1052180089B005F55D77D7E8EF2F002A03D1C7E8F5
:10522800E13F0029F7D10CBF1A46002240F0B180B7
:10523800B368B16A05F5F8781C1F10461EF0A5FC86
:1052480084426FD8013A00F09E80B2FA82F24FF0A1
:105258000044D44072682046073222F00302C5F8A1
:105268003C22B16A1EF091FCC5F84002B36A404680
:105278006343033323F0030302EB4302230103EBED
:105288004403093323F0030303EBC403C5F83422B2
:105298001A440832C5F830227368C5F83842C5F890
:1052A8002C323D4BC5E9AD63316800F0E5F90446A1
:1052B800002835D1D9F810B0D9F804A0D9F80030B1
:1052C8000BF53479CDE9060005934846DAE9073449
:1052D800012B08BF103C15F09DFCDAF824002F497B
:1052E80005AB01EB80214FF48062484600932346CA
:1052F80015F0AAFC2A490BF5307015F067FADAE9BF
:10530800050183685C684CB15B46264AA0470446A1
:1053180030B9DAE9050183681B692BB96FF05704C6
:10532800002129E0013288E7012298470446002835
:10533800F6D11D4B2846C5F8D0311C4BC5F8D431E1
:105348001B4B0393D5F840320293D5F83C32CDE994
:10535800008305F51173B26AD5F8701300F054F99B
:1053680004460028DCD105F1F00013F071FC002898
:10537800C5F878030ADB022138461EF0B3FB204645
:1053880009B0BDE8F08F6FF00B04C9E76FF01504A2
:10539800C6E76FF07704F2E7D73A020090010120E0
:1053A800BD3A0200B13A0200BD530000693C020058
:1053B8001D3B020013B5044640B100230122CDE98C
:1053C8000032074BD0E9091213F070FB236F1B68FA
:1053D80023B1606F02B0BDE81040184702B010BD9D
:1053E800B30F030013B504460846216901F55D7142
:1053F800D1E8AF1F022910D193B1A0B10121CDE9A5
:1054080000311346D0E9091213F050FB074B9842BC
:1054180008BF6FF00B0002B010BD6FF00F00FAE785
:105428006FF04C00F7E76FF00100F4E72EF8FFFF8C
:105438002DE9F34789461546066906F55D73D3E8F5
:10544800AF3F022B64D1136823B96FF0150002B087
:10545800BDE8F0871B78002BF7D0D6F870A3BAF117
:10546800000F36D106F5EC774FF0FF324FF0FF33DF
:10547800384614F09FFB30462A6801A9FFF7AEFEB4
:10548800019C80461CB938461EF02AFBDDE705F171
:1054980008032367AB6984F86CA06367646460B130
:1054A80038461EF01DFB21463046A36E2A68FFF7DA
:1054B80073FE0020C9F80040C9E71F22296804F1DB
:1054C800480024F0A0F8384684F867801EF008FBEE
:1054D800EFE7304610491EF0D1FA04460028B4D050
:1054E800002705F108030367AB6980F86C70436710
:1054F80040641F222968483024F085F8224601219B
:10550800304684F8677000F061F80028D1D09CE735
:105518006FF00F009BE700BFB30F030010B50C46F8
:10552800006900F55D73D3E8AF3F022B0FD189B155
:105538000A4900F5307015F077FA204622F058FD38
:1055480078220021204624F034F8002010BD6FF0A6
:105558000F00FBE76FF00100F8E700BF24210020EF
:105568002DE9F04F05460E4690460027D0F8C4A016
:1055780085B0AAF5BE7421463046FBF7CBFCE0B9EE
:10558800114BA4F1480B0293DAF810303246CDE9FA
:10559800008329464FF0FF335846AAF5E27913F005
:1055A800B1FA60B97823012203FB079383F86C20D2
:1055B800DAF80C300BB158469847783417B105B073
:1055C800BDE8F08F0127D6E7973C02001FB51446C7
:1055D80090B18AB1012912D10A4B00F1F00102936E
:1055E800D0F8D431483201934FF0FF33204600936E
:1055F80013F088FA04B010BD6FF01500FAE7002028
:10560800F8E700BF973C02002DE9F04387B00E464B
:10561800DDE90E811446DDE910251F4630B329B3B4
:10562800DFF850C000F1F009002D08BF65469EB9AB
:10563800CDE9034400F5E2742046059622F090FE79
:1056480003ABCDE900432A463B464146484613F0A2
:10565800BBFC07B0BDE8F083002241460E924846E5
:105668002A4607B0BDE8F04313F004BE6FF01500FA
:10567800EFE700BF69550000F0B504462B4A87B034
:1056880004AB0E4692E8030083E80300002C49D0DF
:10569800184613F011F90546B0B94FF0FF33E16C25
:1056A80004F15407A163CDE9010000933846236D46
:1056B80004F1380222F04CF9A06C1EF017FBC4F874
:1056C800BC0020B96FF00B05284607B0F0BDA06CF0
:1056D8001EF00CFBC4F8C0000028F3D0236CD4F8EB
:1056E800BC10C4F890300423C4F89430C4F8AC302B
:1056F8000223E3620E4BB4F84820C4F88C10616CA6
:10570800236204F18C03C4F8A070A4F89820C4F8AC
:10571800B870C4F8A810A4F8B020C4F8A400A66112
:105728002363D1E76FF01505CEE700BF409E020066
:1057380078A0020030B5002289B00F490F4823F045
:105748000DF8002200230024CDE906230E230C4D7A
:10575800CDE903344FF400622846CDE90144094BF2
:105768000949009415F012FF0849284622F03DFF28
:10577800204609B030BD00BFE15800008017002066
:10578800F81200201D5C00009005012006BA0200F6
:105798002DE9F047044607464FF00109DFF850802D
:1057A80014B93846BDE8F08794FAA4F5B5FA85F53A
:1057B80009FA05F32E0108EB05156FEA030A24EA36
:1057C80003042B7B002BEBD058F806301B694BB930
:1057D8004644736804222846196807EA0A071EF037
:1057E800DFFADDE7284698470028D9D1F0E700BF5F
:1057F8009C9D02002DE9F047DFF8BC902F4C8046B5
:10580800A9EB04038F2B0F460BD92D494FF4A67330
:105818002C4A2D481DF08BFC4FF4A67129481DF029
:105828007DFC2A481EF0AEFA064678B300252846C5
:10583800BDE8F087237B83B12368DB680BB1204682
:105848009847636883F806A023681B69B3B963683F
:105858000422204619681EF0A3FA013610344C457C
:1058680018D91B494FF4AC73164A17481DF05FFC52
:1058780018481DF05CFC4FF4AC71CFE72046984700
:105888000028E4D00AFA06F31D43E6E705464FF080
:10589800010AE4E7CED3B8F1000FC8D0002DC5D077
:1058A8002846FFF775FF0546002FF7D000214FF473
:1058B800A47016F03BFDF1E7AC9D02009C9D020030
:1058C8003BBA02000EBA020004B0020060210020B8
:1058D8006BBA02008CBA0200014814F07FBC00BF0A
:1058E800D80B0020014B53F820007047B8A00200E5
:1058F80008B5034608462BB1044A136000F056FD6C
:10590800002008BD6FF01500FBE700BFA4060020CB
:1059180010B5044C237813B9034814F05FFC012335
:10592800237010BD345E0020D80B002010B504464B
:1059380009481EF027FA3CB1084BD3E8EF1F01399C
:10594800C3E8E21F002AF8D1054822F013FFBDE89A
:105958001040044814F042BC582100205C2100206B
:1059680080170020D80B002000200146034BD3E805
:10597800EF0FC3E8E21F002AF9D170475821002031
:1059880070B5FFF7F1FF05460F4C104EB44219D918
:105998000F494FF403730F4A0F481DF0C8FB0F4817
:1059A8001DF0C5FB4FF403710A481DF0B7FB63688F
:1059B8005B792BB123685B6813B129462046984769
:1059C8001034E3E7F3D370BD9C9D0200AC9D020048
:1059D8006BBA02000EBA020004B002008CBA0200D0
:1059E80010B5044C04492046FEF7E0F9034B1C604F
:1059F80010BD00BF640A0020A4A002004C210020B2
:105A08000023154A10B51370144A4FF4004113606F
:105A1800134A14481360FFF76BFFFFF7E1FF124BBF
:105A2800124918468B4215D9114940F22713114AD9
:105A380011481DF07CFB11481DF079FB40F227113D
:105A48000C481DF06BFB1A1A5C68121101322271A6
:105A58001033E7E7F7D310BD355E0020582100204A
:105A68005C210020893D02009C9D0200AC9D020043
:105A78006BBA02000EBA020004B002008CBA02002F
:105A88000146002200230148FEF7C2B9640A00203B
:105A98000148FEF7D9BA00BF640A0020024B01464C
:105AA8001868FEF765BB00BF4C2100200148FEF7CF
:105AB800D1BB00BF640A002070B52F4B18780028AE
:105AC80059D0FFF7E5FF0546002844D12B4B2C4C55
:105AD8001B68002B19DD22F0F9FD4FF47A72A0FB48
:105AE800020302FB0131C30B43EA4143D4E900201E
:105AF8009B1A40F2E9324FEAD13161EB000193423F
:105B080071F1000101D3FFF73BFFD4E9003213F52F
:105B18007A7342F10002C4E90032BDE87040FFF731
:105B2800C5BF63685B7923B12368294620461B6893
:105B380098471034B44211D912494FF40073124AED
:105B480012481DF0F4FA12481DF0F1FA4FF40071F2
:105B58000D481DF0E3FA0F4C0F4EEBE7E1D3284652
:105B6800FFF79CFF0D4BD3E8EF1F0139C3E8E21F95
:105B7800002AABD0F7E770BD345E00205821002022
:105B8800781700206BBA02000EBA020004B00200B7
:105B98008CBA02009C9D0200AC9D02005C21002092
:105BA80070B5154D297829BB0120FFF723FE134C4A
:105BB800134EB44217D9134940F2C513124A134879
:105BC8001DF0B5FA12481DF0B2FA40F2C5110E48A0
:105BD8001DF0A4FA63685B791BB1236820469B68B3
:105BE80098471034E5E7F5D3FFF766FF0028FBD1A7
:105BF80001232B7070BD00BF355E00209C9D020004
:105C0800AC9D02006BBA02000EBA020004B002009A
:105C18008CBA02002DE9F047384B394FFB1A1B09A3
:105C28000AD1384940F2A933374A38481DF07FFA7B
:105C380040F2A931344819E000210846FFF7DAFD9F
:105C48000446A8B140F267684FF00009304B1B7852
:105C58009BB9304940F246332F4A2C481DF067FA69
:105C68002E481DF064FA40F246312B481DF056FAD2
:105C78004FF0FF384FF0FF39E8E723F03FFD284B9E
:105C8800284A1B58136033B1274B1B68092B02DDC8
:105C9800264814F0A3FA0025DFF890A044B1204666
:105CA800FFF776FD044618B94FF0FF384FF0FF397B
:105CB800FFF702FF064628B935B942464B4650461B
:105CC80014F010FB3546E9E70C4D08E0F5D22B68D7
:105CD8009B691BB100222846114698471035BD42E2
:105CE800F4D9134940F29D33074A08481DF01FFABA
:105CF80010481DF01CFA40F29D319BE79C9D020064
:105D0800AC9D0200ABBA02000EBA020004B0020059
:105D18008E61002069B602003EB602007CB6020021
:105D280008000000542100205C210020D80B00202E
:105D38006BBA02008CBA020013B52C481EF022F888
:105D48002B4B1B78002B35D0EFF31184202383F3E2
:105D58001288BFF36F8F274816F0FAFD68B98823B9
:105D6800254A264926481DF0E2F9224925481DF012
:105D7800DEF9882120481DF0D1F91E4816F00CFEE6
:105D8800FFF79AFE1B4816F0F1FD68B94FF49A73B5
:105D9800194A1D491A481DF0CAF916491B481DF031
:105DA800C6F94FF49A71E5E784F31188BFF36F8F52
:105DB80002B010BD164B1B68002BF9D050B9002259
:105DC80000231448CDE900234FF40042002317F0C4
:105DD80011F9EDE70928EBD10E4822F0CBFC0E486B
:105DE80002B0BDE8104014F0F9B900BF5C210020F2
:105DF800355E002050210020C4B60200F1B6020032
:105E080004B0020006B702001CB7020033B7020054
:105E18005421002080170020D80B002010B5064B15
:105E280004461B6898472146A0600448FEF7B4F86A
:105E3800BDE81040FFF780BFA4060020640A0020D8
:105E4800044A054B9B1AB1EBD30F34BF52F831000B
:105E580000207047549C02009C9D02002DE9F04FE1
:105E68008FB0C1F34A2804AF0D469146B8607B60F5
:105E78000C0DB8F1000F68D000264FF0040B4FF05E
:105E88000A0A07F11403C7F80C80C7E907667E629F
:105E98000193CDF808B0CDF800A007F11C033246F5
:105EA8004846F968FDF7ECFCB0F5006F03461CD3D3
:105EB8006C468AB0D9F8041004AB2C481A46C3E9DA
:105EC800050140F2FF71D9614FF400711984284B24
:105ED80042F8103F4FF4125133462648FFF7BEFFF1
:105EE800A5462C37BD46BDE8F08FC0F30A0804F17B
:105EF8001700184420F0070080083B60FFF7C0FD3A
:105F080068F35325044640B33B6800F11001C7E924
:105F1800083607F11403F961CDE900A3CDF808B0FC
:105F28004846154AF96807F11C03FDF7A9FC002843
:105F380013DA124912484FF4A373124A1DF0F7F806
:105F48004FF4A3710F481DF0E9F804F1170020F091
:105F580007008008FFF794FD044668F353252A4696
:105F680020467B68B9681DF03BFFBAE7D4BA020047
:105F780004000001249D0200BB3D02003FBB02005B
:105F880004B0020013BB0200406820B1034BC01AE2
:105F980040F3CF0070474FF0FF307047549C020029
:105FA8000EB403B503AB53F8042B01460448019320
:105FB80002F052FC02B05DF804EB03B0704700BF7A
:105FC800E95F0000CA0605D48B064CBF02490349A5
:105FD800FFF7E6BF704700BFB20F0300710C030064
:105FE80038B54B6805461A68CB680C469A4202D108
:105FF80008461DF072FF6368D3E8EF2F511CC3E811
:10600800E01F0028F8D1A3689D5463681A68E36804
:106018009A4209D9054906487223064A1DF087F8AD
:10602800722104481DF07AF8002038BD77BB0200C1
:1060380004B0020048BB02002DE9F04F89B09B462E
:10604800149B9DF84CA00693159B04460593169B3C
:106058000D469046179E0493BAF1000F00F0AD80EC
:10606800BAF1040F0BD9A34940F24D23A24AA34821
:106078001DF05DF840F24D219F481DF04FF806F4E1
:10608800807307931DF08AFE06F002090246002875
:106098003FD020469A49FFF783FF0746B9F1000F22
:1060A80008D016F0440F36D12A4620469549FFF706
:1060B80077FF074406F0010353B1934B204653F88A
:1060C8002A20924B9249002A08BF1A46FFF768FF18
:1060D80006F48073002B4AD006F00803002B64D125
:1060E800B8F1000F67D0424620468A49FFF758FFAB
:1060F8000546069B3D44002B6ED1049B002B40F0C7
:106108008380F30700F1F08031462046FFF75AFFFD
:10611800E4E00746C2E7804B18680028C9D07F4BE7
:106128004FF47A791B684FF03C0CB5FBF3F5B5FBDF
:10613800F0F14FF4616300FB115509FB05F5B1FB64
:10614800F3F2B5FBF0FE03FB121100FB1E55B1FB89
:10615800FCF309FB05F5B5FBF0F50CFB1311204624
:106168000091CDE901E56E49FFF71AFFA1E706F0B6
:106178000803EBB16B4B204653F82A206A49FFF716
:106188000FFF0546B8F1000F05D042462046614989
:10619800FFF706FF0544BBF1000FAAD05A46204678
:1061A8006249FFF7FDFE0544A3E74FF0000BE1E766
:1061B80006F00805E6E745469BE7BBF1010F069B9D
:1061C80006D1DBB9049B002B00F0888000251BE07A
:1061D800002BF7D0564812E056482246069B5649EF
:1061E8001CF037FF00280CDA544940F2A723424A32
:1061F80042481CF09CFF40F2A7213DE74D48554618
:10620800EBE7049B002B65D0DFF83481DFF834918D
:10621800049F3146102F204628BF10274FF0000B4F
:10622800FFF7D0FE5D4542DC059B494620461A78BB
:10623800FFF7B6FE4FF0010B1BF0070F03D14146E5
:106248002046FFF7ADFE5F4538D9059B49462046F5
:1062580013F80B20FFF7A4FE0BF1010BBBF1100F95
:10626800EAD14FF0000B20463749FFF799FE5A460E
:10627800059B20469A5CA2F120015F2928BF2E22A7
:106288003249FFF78DFE0BF1010BBBF1100F1AD04D
:106298001BF0070F03D141462046FFF781FE5F45FB
:1062A8005A46E5D841462046FFF77AFEEBE74146D5
:1062B8002046FFF775FE0BF1010BB3E72046244992
:1062C800FFF76EFEC8E7059B3B440593049BDB1B69
:1062D80004939DD1BAF1000F7FF413AF204609B0A3
:1062E800BDE8F04F1DF0F9BD2046084A0849FFF700
:1062F80057FE09E7ACBB020048BB020004B002002D
:10630800B7BB0200BBBB0200C8A00200A7BB0200CB
:1063180079AF0200E0BB0200682100206421002060
:10632800C4BB0200DCA00200E4BB0200EABB02001E
:10633800FD3E0200E95F000061880000EFBB02003B
:106348003D0C0300F8BB0200FEBB020000BC0200CB
:106358003B0C030042F20F7373B58B4228BF0B4608
:1063680005680446052168460D4A1BF05FFC064691
:10637800636828460B225B680A491DF0A0FD636824
:106388003246694628465B681DF099FD63681B2202
:1063980028465B6804491DF092FD02B070BD00BF3D
:1063A80097AC02001FBC020003BC020000210123BD
:1063B800064A904206D8064A01B901231360054BE4
:1063C80018607047012140085B00F2E740420F0067
:1063D8006421002068210020F8B50D460446064FC8
:1063E8004618B44201D12846F8BD14F8011BBB6811
:1063F8000148DB699847F4E76898020010B54368DC
:106408001C68094821F0EFFF48B908490848992352
:10641800084A1CF08CFE992106481CF07FFE236870
:106428005B685C6010BD00BF6898020085BC020014
:1064380004B0020047BC0200014B03600020704713
:1064480024A1020070B5104B0D461C68B4B10F4B67
:10645800196800238B4202DB6FF0010070BD2246F1
:1064680012F8106B864202D014460133F2E7E06856
:1064780021F0B9FF28B100202C60EFE76FF00C0085
:10648800ECE76FF01200E9E7B006002024A1020053
:1064980010B5436888B0029383680C46CDE903328F
:1064A80000230A68C068CDE90623054901AA0593B7
:1064B80020F0E7FC079808B9059B236008B010BDD9
:1064C800EB3F02002DE9F0410C4B05461C680E46D7
:1064D80017467CB100F09AF963682046D3F810801B
:1064E80032463B462946C047044600F099F9204603
:1064F800BDE8F0816FF00104F9E700BF98210020A2
:1065080000230360044B5A6812B9C3E900007047BE
:1065180010605860704700BF9C210020014B186034
:10652800704700BF98210020002330B585B0CDE921
:1065380002330546019000F069F9094B1C6844B91B
:10654800284600F0EBF8044600F06AF9204605B04A
:1065580030BD636820461B6801A998472468EEE7A8
:106568009C2100201FB5CDE90101039200F04EF9EE
:10657800074B1C6824B900F053F9204604B010BD3D
:10658800636820461B6801A998472468F2E700BFA2
:106598009C2100200022024BC3E90022704700BF63
:1065A8009C2100200022024BC3E90022FFF7F2BF22
:1065B800A42100202DE9F74307460C4609B1002322
:1065C8000B600026254DDFF898904D4524D92549C4
:1065D8009D23254A25481CF0AAFD25481CF0A7FD47
:1065E8009D2121481CF09AFDD5F800803846414687
:1065F80001AA1DF038FD50B116B954B92E4606E06F
:106608000022404631681DF02EFD0028F5D11835CE
:10661800DBE7019B2360F1E7E6D3164B1D68C5B1A4
:1066280055F8188C3846414601AA183D1DF01BFD47
:1066380050B116B954B92E4606E0002240463168DA
:106648001DF011FD0028F5D1AD69E8E7019B236035
:10665800F1E7304603B0BDE8F08300BFAC9D02000F
:106668003C9E0200EBBC0200B9BC020004B0020070
:106678008CBA0200A42100202DE9F04784B002AFB3
:10668800D7F8289004460D46164698467860B9F122
:10669800000F07D0D9F8001031BBD9F804A0BAF11F
:1066A800000F28D12046391DFFF784FF08B3D0F822
:1066B8000C904346324629467868C847C8B16D46AB
:1066C8008AB002AA124BD061C2E905344FF40073B4
:1066D8001384104B42F8103F00234FF411510E4819
:1066E800FFF7BCFBAD4604E03A1D1DF0BCFC0028DA
:1066F800D3D1002007E0D9F8083032460093294664
:1067080043467868D0470837BD46BDE8F08700BFE4
:1067180013BD0200040000017C9D02002DE9F04732
:1067280080464FF000470026DFF8C490DFF8C4A089
:106738003D46314C4C4530D930494FF48973304A85
:1067480030481CF0F4FC30481CF0F1FC4FF489711F
:106758002B481CF0E3FC2F46EAE7B8F1000F03D101
:1067680022694AB91834E5E70022414620681DF03D
:106778007AFC0028F4D1F5E76368BB4205DDAF4237
:1067880009D09D42A8BF1D46ECE7EBD19047002EEB
:1067980008BF0646E6E71D46E4E7DED3DAF8004020
:1067A80004B3183CB8F1000F03D122694AB9A469AF
:1067B800F6E70022414620681DF055FC0028F4D178
:1067C800F5E76368BB4205DDBD4209D09D42A8BF1D
:1067D8001D46ECE7EBD19047002E08BF0646E6E7DA
:1067E8001D46E4E7AF42B6D13046BDE8F08700BFAA
:1067F8003C9E0200A4210020AC9D0200EBBC0200DC
:10680800B9BC020004B002008CBA02004FF0FF329B
:106818004FF0FF33014813F0CDB900BFB00B002093
:10682800014813F097BA00BFB00B002038B5094DE6
:10683800FFF7ECFF2B783BB9FFF7B4FE00F06AF8DE
:10684800044610B901232B700024FFF7E9FF204606
:1068580038BD00BF375E00202DE9F047064689465F
:10686800048FDFF8ACA0013498B0A4B200F1080797
:10687800651EADB2B5F5004F47D04A23294605AA93
:1068880038461DF076F804F57F543F34A4B28046AC
:106898002146012338460DF10B021DF06AF8B8F1C4
:1068A800000F014610DC002810DC338FAB4209D101
:1068B80032466B1E22F8383F4FF400410223384617
:1068C800FEF766FA2C46D3E7002808DC2946384646
:1068D8001DF04BF8214638461DF047F8E5E708F16A
:1068E80060030DEB03080023524608F84C3C05A84A
:1068F800CDF8009003AB0397ADF81040FFF7BCFE4E
:106908000028DFD018B0BDE8F0870020FAE700BF04
:10691800DF4002007FB50123694603200193FFF79A
:1069280091FD044660BB032002AA01A91DF07BFB70
:10693800044610B110F10C0F22D10399B1F5803F34
:1069480023D200231846009A9468084484421AD334
:106958000133082BF9D10E4D69612B835368284602
:10696800AB60D368EB631DF04EFC044640B9094E9A
:1069780028466E60FFF7C4FD28466E60FFF7CEFD1F
:10698800204604B070BD9BB2E5E76FF02004F7E73E
:10699800AC210020B406002008B504481CF0B1FB67
:1069A80003481CF0AEFB002008BD00BF38BD020044
:1069B8006DBD020030B500240A4D0B4B87B0284648
:1069C8000393CDE9044414F025F903AB284600935A
:1069D8004FF4A3620A23054914F036F9204607B09C
:1069E80030BD00BFB81700209BBD0200900D0120EC
:1069F80008B50121024A03481DF058FC002008BDD3
:106A0800A9BD02008C9C020038B5C51C25F0030501
:106A1800782D09D9174918487023184A1CF087FBA4
:106A2800702116481CF07AFB154CD4F8503123B16C
:106A3800D4F858312B44782B19D97C21012021F026
:106A4800FFFE78B100230360D4F854215AB9C4E991
:106A58005400C4F85831D4F858311A1D1D44104454
:106A6800C4F8585138BD1060C4F85401F1E7D4F89F
:106A78005401F0E7EBBD020004B00200C0BD020003
:106A8800EC2100200848D0E8EF3F43F00203C0E8BB
:106A9800E23F002AF7D1436AA0F59C701B680BB14E
:106AA80041681847704700BF24230020022801D9F5
:106AB800FFF79EBF014B185C704700BF97C10200EB
:106AC8002DE9F041184C0546D4F834310E46222BF6
:106AD80009D9164A012116481DF0E8FB4FF00008B5
:106AE8004046BDE8F08103681878FFF7DFFF0746E6
:106AF8003044FFF789FF08B90E4AEBE7D4F8343180
:106B080030445A1C0333C4F83421DB002A8A03F1C9
:106B18000408A0441C4422816B8A6060A3723A4630
:106B2800296822F01FFDDBE7EC21002035BE0200BA
:106B38008C9C020051BE020070B5054638B90B4A5C
:106B480001210B481DF0B2FB0024204670BD0078DF
:106B5800FFF7ACFF0646FFF757FF044608B9054A9A
:106B6800EEE73246294622F0FDFCEEE76EBE020053
:106B78008C9C020082BE020010B5A0F12C03D3E861
:106B8800AF3FDB0706D4BDE8104002210C4A0D4890
:106B98001DF08CBBA0F5B274A0F5AE7120680AF0A8
:106BA800D9FB034658B101210648074A1DF071F97F
:106BB8002046BDE810406FF00B011DF09BBB10BDD7
:106BC80097BE02008C9C0200ADBE02000329F7B5F7
:106BD800044600F0AE800ED802291BD172494FF44A
:106BE800F973724A72481CF0A2FA72481CF09FFAB4
:106BF8004FF4F9713AE00529F0D1002875D16E49B2
:106C0800D1F83431012B60D90B8C01330B8203236B
:106C18000B7664E028B968481DF082FB002003B0B9
:106C2800F0BD0821C668FFF74BFF00274FF420533B
:106C38000546694620688DF80070ADF802301DF0F1
:106C4800DBFDB0B142F60103206801A98DF804709C
:106C5800ADF806301DF0D0FD58B1584940F24B133D
:106C6800524A53481CF063FA40F24B114F481CF04B
:106C780055FA55B9524A012152481DF017FB6FF0D9
:106C88000B014D481DF036FBC8E728461DF05CFB9C
:106C9800044648B94C4940F25F13444A44481CF042
:106CA80046FA40F25F11E1E73368036073684360B6
:106CB8000068FFF741FF206008B9444ADBE7A38872
:106CC8003D49CB82AA889A4202D1FFF7DBFEA5E7AD
:106CD80000238B6005230B76AB8801330B8201F50B
:106CE800B2713B4821F06BFC98E7002542F603039C
:106CF800006801A98DF80450ADF806301DF07CFD40
:106D080050B908212046FFF7DBFE04461DF03CFB86
:106D180023680360012082E729462046FFF7D0FE5A
:106D28000028F7D1238A01212A4A26481DF0B1F804
:106D3800A5E70028C9D000238DF8043042F60303E4
:106D4800006801A9ADF806301DF056FD48B122498A
:106D58004FF4DE73154A16481CF0E9F94FF4DE715A
:106D680084E7218A14481DF083FA10B96FF00201F4
:106D780087E7E5681DF008FB044648B917494FF452
:106D8800E4730A4A0A481CF0D2F94FF4E4716DE73B
:106D98002B6803606B6843600068FFF7CDFE2060D6
:106DA8000028B7D16BE700BF790D0300C0BD020012
:106DB80004B0020043C10200EC210020CEBE020054
:106DC800E7BF02008C9C020010C002002FC0020026
:106DD800B81700205DC002009BC0020026C1020057
:106DE800034610B50A4C08462168994204D1BDE80B
:106DF8001040117CFFF7EABE064A012106481DF043
:106E080055FA20466FF00D011DF074FA002010BDF0
:106E1800EC21002059C102008C9C020070B5054687
:106E28000E460024214628461DF0C6FA0446A0B1A5
:106E38001DF0AAFA58B90A490A484FF40F730A4ACA
:106E48001CF075F94FF40F7107481CF067F90168D9
:106E580030461DF0D1FC0028E4D1204670BD00BFAB
:106E68002FC1020004B00200C0BD0200F8B50646FA
:106E78000D4619B1097811F0FD0F4CD1002A4AD0FE
:106E8800284CD4E8EF1F41F00100C4E8E70F002FB9
:106E9800F7D111F0010141D1A4F59C74002DC4E98A
:106EA800006314BF01230023C4E9541184F860313E
:106EB800C4F85C21C4F83411C4F858110AD02878F1
:106EC800FFF7F4FD2946024604F59E7022F04AFBBE
:106ED80004F59E75144BA560E3604FF6FF7301251A
:106EE800E3820023114912482376258213F06EFCB1
:106EF800304610490AF02EFA044650B10E4A0346AD
:106F080029460E481CF0C5FF6FF0010105481DF029
:106F1800E6F92046F8BD6FF01504FAE76FF077043C
:106F2800F7E700BF24230020E96D0000816B000013
:106F380050230020F42100207BC102008C9C020019
:106F48001FB5094A01AB1068516803C39068074A26
:106F5800044601AB03CBC2F83E40C2F83600C2F883
:106F68003A1004B010BD00BF489E020068230020FC
:106F78001822054BA3F8422028225A644FF4C872FD
:106F8800A3F84820704700BF682300202DE9F04F80
:106F98002B4E8BB096F8293004468846039213B3DB
:106FA80000273D464B7896F830B096F828A0019314
:106FB800574505D384F83C50BBF1000F11D131E09F
:106FC8004FF00009D8F80430039A02931D4B9B5CDC
:106FD8000093019B994509D3BBF1000F2CD084F88D
:106FE8003C50AA4520D00BB0BDE8F08F029B009A18
:106FF80003EB090105A81DF02DFC0028ECD0316930
:1070080005A81DF0F9FB10B1009B9944E1E731692F
:1070180004EB850201359163EDB2BBF1000F0BD192
:1070280084F83C50002DDED063780133637001236F
:1070380084F83430A370D6E701371836B8E700BFB4
:1070480068230020A5C10200F8B505460E4617467C
:10705800074B1C6854B154F8043C043C1B681BB132
:107068003A463146284698476468F3E7F8BD00BFBA
:107078006023002050B100234360054B021D59686E
:1070880011B9C3E9002270470A605A60704700BF0F
:107098006023002070B505460C4692B0002978D0D0
:1070A8004FF0FF324FF0FF333B4812F083FD052DC0
:1070B8006CD8DFE805F0686803406868374DEB7AFC
:1070C800002B60D1206807AE6860A379A288AB72F4
:1070D8002A812378032B28D8DFE803F0022123250F
:1070E8002F493046F9F720FF059663781E2104934F
:1070F800A3782C4A0393E3780AA80293237901938F
:1071080063790093A3791AF091FDEB7A0133EB725E
:107118000024214812F01EFE204612B070BD2249FC
:10712800DFE72249DDE72249DBE70A213046214A29
:107138001AF07CFDD8E7194B93F828201ABB22785F
:10714800012A0AD0022A0FD002BB206858611A4AC5
:107158001A61012283F82820DAE703F1140294E87F
:10716800030082E80300F2E703F1140204F11006B9
:10717800154620686168083403C5B4422A46F7D129
:1071880021782970E3E76FF00B04C2E76FF015046C
:10719800BFE76FF01504BFE79C0B002068230020B1
:1071A800D7AD0200F9AD0200DEAD0200E5AD020088
:1071B800EFAD0200DCF902007C23002010B50C4C76
:1071C8004FF0FF324FF0FF33204612F0F3FC00225D
:1071D800084B1A709A70DA7283F8282083F82C20EA
:1071E80083F82E202046BDE8104012F0B3BD00BF42
:1071F8009C0B0020682300200022054B5A70DA708F
:107208001A7383F8292083F82D2083F82F207047DC
:107218006823002008B5830625D0FFF7EDFF10F09E
:10722800020F18BF0122114B18BF1A73C20744BFBF
:1072380001225A70C20644BF0122DA70420744BFD5
:10724800012283F82920020744BF012283F82D2058
:10725800820648BF01224FF0000048BF83F82F2064
:1072680083F8301008BD6FF01500FBE76823002095
:10727800F0B51D4F054697F834300E4687B0002B01
:107288002FD003796BB3002301931DF029F9174B15
:1072980002AC0FCB84E80F0001AB2146304607F162
:1072A800420206F089FB0835114B50B11C68C4B185
:1072B80054F8043C043C9B680BB128469847646822
:1072C800F5E7019E1C684CB154F8043C043CDB68AB
:1072D80013B13146284698476468F4E7019805F0E9
:1072E800E1FC07B0F0BD00BF68230020549E0200F7
:1072F800602300202DE9F0475C4C96B006460D4609
:107308005422002101A822F054F994F830308DF865
:107318000730237B13B101238DF8043094F829300A
:1073280023B19DF8043001338DF804303389D6F841
:10733800008003F001071B078DF8087060D5002F47
:107348005CD194F883A0DFF8289157454CD30023EB
:1073580003F001038DF80830237BCBB1002794F8A4
:107368000B80D6F80090434C474511D2214607229E
:10737800484622F026F9A2460734002861D10123A5
:10738800CDF834A08DF805308DF830308DF8063002
:1073980028461DF0A9F904463749284601AAAF88AE
:1073A80002F08AFBAB68AF8013FA84F4334B2C608D
:1073B800CDE904359DF8073034689DF808500396E8
:1073C800002B40D09DF805209DF804309A423ED10C
:1073D80006A903A82A46FFF737FE214601A8FFF7AA
:1073E80047FF16B0BDE8F08748460722414622F01D
:1073F800E8F809F1070908B10137A6E70123A7E76B
:10740800002FA9D04A22072394F8821013FB0123E6
:10741800D8F80010E218E150B8F80430938098F8D2
:107428000630937194F88230013303F0070384F82F
:10743800823094F88330072B9CBF013384F8833063
:107448008AE7013790E79DF80630002BC0D10C4B36
:107458001C68002CC5D054F8043C043C5B6813B18C
:10746800294603A898476468F3E700BF682300200B
:10747800B22300206C230020B7440200AA23002076
:107488006023002038B50546174C184804F028FE3C
:1074980034220021204622F08CF8EDB12B7984F8B3
:1074A80034302A688AB11368C4F836305368C4F88F
:1074B8003A309368C4F83E30AA684AB11368C4F8F1
:1074C800423053680A4A536038BDFFF739FDF3E785
:1074D800BDE83840FFF74CBDFFF732FDFFF748FD28
:1074E80084F83450F0E700BF68230020D00600205D
:1074F800AA230020034608B1012805D10448002129
:1075080000F8363F04F094BD6FF01500704700BFD7
:107518006823002070B503680BB3051DD5E8EF3F5D
:1075280043F00404C5E8E64F002EF7D113F0040336
:1075380018D10E4C016384620489C38584858286D0
:1075480000F1280100680AF0ABFC38B1D5E8EF3F3C
:1075580023F00403C5E8E23F002AF7D170BD6FF0BD
:107568007F00FBE76FF07700F8E700BFED4402000B
:107578002DE9F04397B00C4605461CF01BFF1CF0A4
:10758800E3FE11AA17464F4BD0F800C003F1100EC6
:10759800164618685968083303C673453246F7D14A
:1075A8001B783946337060461DF026F9064628B127
:1075B8006FF08506304617B0BDE8F0834FF0FF3313
:1075C80002AA9646A360A3813F4B03F11009944693
:1075D800186859680833ACE803004B456246F6D191
:1075E8001B78714628468CF80030FFF717FC804658
:1075F80038B9364A012136481CF042FC6FF01506AE
:10760800D8E70DF11C0C62462F4BE64618685968FE
:107618000833AEE803004B45F446F6D11B784146E3
:1076280028468EF800301CF014FF08B9294AE1E713
:1076380083884146638100238DF8043042F60213A3
:10764800284601AAADF806301CF003FF08B9224A03
:10765800D0E70CAA96468388A381204B03F1100833
:107668009446186859680833ACE8030043456246F5
:10767800F6D11B7871468CF800302846FFF7CEFB10
:10768800844608B9164AB5E73A46144B9646186830
:1076980059680833AEE8030043457246F6D11B78B3
:1076A8003A46614628468EF800301CF0D2FE08B9EA
:1076B8000C4A9FE78388284623811CF079FE2060C6
:1076C80078E700BF059F0200169F0200B4C10200C0
:1076D800649D0200D3C1020006C20200279F020077
:1076E8002CC202004BC2020070B5051DD5E8EF3F61
:1076F80043F00202C5E8E12F0029F7D19B0727D400
:107708000126154B86830361438903838389438359
:1077180000F12003D3E8EF1F3143C3E8E21F002A3A
:10772800F8D100F1100100680AF08CFC044668B139
:107738000A4A034631460A481CF0ABFBD5E8EF3F3E
:1077480023F00203C5E8E23F002AF7D1204670BDC6
:107758006FF07704FAE700BF194502007EC2020005
:10776800649D0200014817F03BBD00BF68A10200FC
:1077780038B5044618B90F4B0F485B6898476168DD
:10778800B1F5683F10D0B1F5680F0DD00B4DA94287
:107798000AD011F46861206807D00146084812F041
:1077A80029F900232360656038BD142221F001FF08
:1077B800F9E700BFE80900209EC202002C5F5CA91F
:1077C800EC28002008B560B34368B3F5683F0ED0D5
:1077D800B3F5680F18D0144A934220D000684FF0D0
:1077E800FF324FF0FF3312F0E5F958B115E00122EE
:1077F8000368D3E8EF1F002903D1C3E8E02F00286E
:10780800F7D10AD1002008BD0368084A1B7803F5A0
:10781800807352F82330002BF4D00548F3E705486D
:10782800F1E76FF4E040EEE72C5F5CA9000003503D
:10783800E98FFFFFEA8FFFFF08B520B34368B3F570
:10784800683F09D0B3F5680F13D0114A93421DD091
:10785800006812F07FFA14E000220368D3E8EF1FF3
:10786800012903D1C3E8E02F0028F7D109D009483E
:1078780008BD00210368084A1B7803F5807342F8A5
:1078880023100020F4E76FF4E040F1E70348EFE746
:107898002C5F5CA9E98FFFFF00000350EA8FFFFF10
:1078A80010B5044618B91D4B1D485B6898476368B6
:1078B800B3F5683F2FD0B3F5680F2CD0194A93421F
:1078C80019D1236803BB4FF0FF324FF0FF33214635
:1078D800154812F003F808B923681BB90F4B134871
:1078E8005B68984714220021206821F062FE4FF45B
:1078F8006863636008E0B3F5683F0DD83A2B03D09E
:1079080040F6BA629342DED1206820F0BAFD63687F
:1079180043F03A03636010BD054AF3E7E809002025
:107928009EC202002C5F5CA9EC280020C4C20200A1
:107938003A00003A08B5064940231422054820F0C9
:1079480089FDBDE808400449044817F00DBD00BF93
:10795800EC230020EC28002070A1020084A1020082
:1079680008B50348034A0021121A1CF00DFE08BD91
:10797800180E002090610020074808B5074A0849FA
:10798800121A1CF003FEBDE808400648064A0749DB
:10799800121A1CF0FBBD00BFC0040020140E00200A
:1079A800981A0300B8040020C0040020901A0300AD
:1079B8002DE9F04706460C4600AF002936D0D1E93C
:1079C8000012E9468AB06D46A3684FF0050AA8463A
:1079D8001F48C5E90723C5E9050148F810AF00238A
:1079E80042464FF421511B48FEF738FAD4E90312F6
:1079F800CD466369AD461848C5E90723C5E90501C1
:107A0800C5F810A0002342464FF421511148FEF753
:107A180025FACD46E3690121104A0E481CF039FACF
:107A2800A36901210E4A0B481CF033FA012E07D135
:107A3800EFF305830B4A31460648103B1CF029FA40
:107A48002146304611F0BEFCBD46BDE8F08700BFB8
:107A5800F1C202006C9D020020C302004FC3020065
:107A68005EC302008CC3020030BFFFF7FDBF00BF3A
:107A78002DE9F04105460B4EDFF82C80324606EB27
:107A88000807CC1B2046094921F06CFDA019424685
:107A98000021083C21F08DFD6C6707F10800BDE866
:107AA800F08100BF00000000080000003C9E0200BA
:107AB800054B5A699B689A421FBF044A536843F0B2
:107AC80080535360704700BF642E002000ED00E033
:107AD80070B5344C06460D46334834491CF063FDF6
:107AE800A36AD9064DD5304831491CF05CFD1120F8
:107AF800A36A1A0704D52C482E491CF054FD1220FD
:107B0800284CA36A9B0712D52B4927481CF04BFD2C
:107B1800636BA26A110609D50121284A22481CF084
:107B2800B8F91EB1A36A23F08003A36213201D4C89
:107B3800A36ADA0704D51C4821491CF034FD142037
:107B4800A36A9B0604D518481E491CF02CFD152075
:107B5800144B9A6AD60602D49A6A940713D59B6A7C
:107B6800D90610D5184940F22D13184A18481BF0A9
:107B7800DEFA18481BF0DBFA40F22D1113481BF00F
:107B8800CDFA1020B4E7074B9A6A920642BF5A6AA8
:107B980022F400525A629A6A42F0FF029A62002363
:107BA8002B7070BD00ED00E06C9D02009FC30200C9
:107BB800B5C30200E8C30200FBC3020013C40200FD
:107BC80029C4020048C40200A9C4020077C4020004
:107BD80004B00200F3C4020010B5244C244925481F
:107BE8001CF0E1FCA36A99013ED5224822491CF009
:107BF800DAFC1E20A36ADA0104D51E481F491CF0CE
:107C0800D2FC1F20194CA36ADB0204D519481C4971
:107C18001CF0C9FC0220A36A1C0304D515481949A5
:107C28001CF0C1FC2120114CA36A590304D511484A
:107C380015491CF0B8FC2220A36A9A0304D50D4804
:107C480012491CF0B0FC2320084CA36ADB0304D5BE
:107C580008480F491CF0A7FC2420A36A6FEA0343D5
:107C68006FEA1343A36210BD1D20C3E700ED00E0D7
:107C780057C502006C9D02006FC5020082C5020054
:107C88009CC50200C6C50200E4C5020009C6020080
:107C980023C6020070B5294C06460D4628482949D6
:107CA8001CF081FCA36AD9043CD5254826491CF060
:107CB8007AFC1720A36A1A0504D5214823491CF029
:107CC80072FC18201D4CA36A9B0512D51C4820493C
:107CD8001CF069FCA36BA26A100409D501211D4A96
:107CE80017481CF0D6F81EB1A36A23F40043A36218
:107CF8001920124CA36A590504D5114816491CF0DD
:107D080052FC1A20A36ADA050ED50D4813491CF057
:107D18004AFC1B20094A936A43F47F439362002379
:107D28002B7070BD1620C5E7A36A9B04F2D50448E2
:107D38000B491CF038FC1C20ECE700BF00ED00E00C
:107D48006C9D02004EC6020064C60200E8C3020031
:107D580075C602008EC60200A3C60200BEC6020097
:107D680048C40200F0B58BB0784B0446586800262A
:107D780000AFC0F3080386F31188BFF36F8F02F0DA
:107D88007F45B5F17F4F07D102F00C05082D12D1C0
:107D98006F4970481CF007FC6F4940F214436F4A62
:107DA8006F481BF0C4F96F481BF0C1F940F2144149
:107DB8006A481BF0B3F915074CBF0C460126002C86
:107DC800EAD00022FA71DA1E092A00F29D80DFE863
:107DD80002F0059396769B9B9B9B9B9962495D4815
:107DE8001CF0E1FB0023594DFB71EB6A9A0705D59E
:107DF8005E4958481CF0D7FB002329E0EB6A002BAA
:107E080001DA5B49F5E7EB6A5B0068D559495148E7
:107E18001CF0C9FB6B69A26943F480736B61BFF303
:107E28004F8FBFF36F8F6B6932F8022C23F4807386
:107E38006B61BFF34F8FBFF36F8F4DF602739A429A
:107E480027D1236801214C4A42481CF022F82368B4
:107E5800FA79DAB907F1080504F1200C2A462068F6
:107E68006168083403C264451546F7D17A6A002E62
:107E780066D0C2F3080121B96FEA52226FEA4222A2
:107E88007A62184607F10801FFF792FD2C37BD46C4
:107E9800F0BDAB6ADBB22BB10120F91DFFF718FE6C
:107EA8000346D5E7AB6A13F47F4F04D00120F91DD0
:107EB800FFF7F0FEF4E7AB6AB3F5803F02D3FFF7B4
:107EC8008BFEEDE72D4940F2ED23244A24481BF0B0
:107ED8002EF92B481BF02BF940F2ED2168E72749D2
:107EE8004FF43C731D4A1E481BF021F925481BF02E
:107EF8001EF94FF43C715BE70020F91DCEE7002026
:107F0800F91DD5E7204974E7204A6D4610F4F87F3B
:107F18008AB01F4918BF11466A46103BD3614FF417
:107F280000731C4813841C4BC2E9050142F8103F3A
:107F380000234FF411510748FDF790FFAD465BE76A
:107F480022F4FF7222F001029AE700BF00ED00E080
:107F580004C702006C9D02002FC7020077C402000C
:107F680004B0020042C7020080C7020097C702009F
:107F7800B8C70200C6C70200E5C70200790D0300B2
:107F880001C8020025C8020055C80200EBC602005D
:107F9800D6C6020079C8020004000001064B5A69DF
:107FA80042F010025A615A6942F480625A615A6971
:107FB80022F008025A61704700ED00E0EFF30880F4
:107FC800EFF3098101B57246FFF7CCFE01BD00BF92
:107FD800002080F31488BFF36F8F002080F30A8895
:107FE80080F30B880F4880F308880EF01BFD0020F3
:107FF8000D490860BFF34F8F00F02CF8202080F364
:1080080011880A484FF40061401880F30988EFF39B
:1080180014800221084380F31488BFF36F8F00F0A7
:1080280007F90000584E012094ED00E0183D0120AA
:10803800002318460649D1F89020C2F3072293423C
:1080480000DB7047C1F89830C1F8A0000133F6E7AB
:1080580000ED00E010B572B6002484F31388FFF732
:10806800E7FF23464FF0FF300C4A03F120010133AC
:10807800102B42F82100F8D100234FF0FF30074AB7
:1080880003F160010133102B42F82100F8D162B6E8
:10809800BFF34F8FBFF36F8F10BD00BF00E100E04B
:1080A800084B9B6883420BD1EFF3058343B1064B22
:1080B8005A6842F080525A605A6A22F400425A6260
:1080C80014F0CCB9642E002000ED00E014498A6851
:1080D8004FF030001044EFF3098C80E8F01F2020A7
:1080E80080F31288BFF36F8F0E4F4FF000664A6916
:1080F8008A603E60506F0C4C2060906F002393673D
:1081080080F3118802F1300090E8F01F8CF30988A1
:1081180002F1000004B51CF04EFABDE804407047B7
:10812800642E002004ED00E00C2900201EF0040F4E
:108138000CBFEFF30880EFF30980816911F8021C86
:108148000229FFD001B572461CF022FA01BD00BF1A
:1081580040B2002807DB01234109034A00F01F0051
:10816800834042F82130704700E100E040B2002827
:108178000CDB01220649430900F01F00824020332E
:1081880041F82320BFF34F8FBFF36F8F704700BFB5
:1081980000E100E0054B420953F82220012300F0DA
:1081A8001F0003FA00F01040704700BF00E100E034
:1081B80038B54B1C072B04460D460FD96B23104AC4
:1081C800104911481AF0B3FF2946104807232246E0
:1081D8001AF0ADFF6B210A481AF0A0FF40B2002840
:1081E800ACBF00F160400A4A4FEA4313DBB2ABBFB1
:1081F80000F5614000F00F0080F80033135438BDDB
:108208008CC80200C3C8020004B00200DEC8020025
:1082180014ED00E0044B054A23F07F039360BFF39D
:108228004F8FBFF36F8F70470000000000ED00E034
:1082380008B5FFF7EFFF074AD2F8883023F4700338
:10824800C2F88830FFF78CFBFFF796FB00F046F882
:1082580011F016FA00ED00E042F8203C009B0B49B3
:1082680042F81C3C019B21F0010142F8183C029B9A
:1082780042F8081C42F8143C4FF0807342F8043C62
:108288000023203A02658367704700BF493D00001C
:1082980000B50D4B15469860426F0C4B0E461A60A0
:1082A800436E83F30B882C4686F309880020044B21
:1082B80098472046002100220023024C2047000056
:1082C800CD450200493D0000642E00200C29002005
:1082D8001022014B1A61704700ED00E000232021B5
:1082E8000348C2180133452B82F80013F9D17047AF
:1082F80000E100E008B5EFF30583064A103B02EB06
:10830800C30152F8330049688847BDE80840FFF7C1
:10831800CFBB00BF109902001FB5094C094A23467C
:108328000121094800F012F900230393074B0121AA
:10833800E41A01A80193029400F02CF904B010BDCE
:10834800000007200000002094A10200180E002061
:1083580010B50C7A0B6804F01F0223F01F031A43B0
:10836800CB68640923F01F03054943EA440343F03B
:108378000103C1F89800C1F89C20C1F8A03010BDD5
:1083880000ED00E010B50A4BD3F89030C3F3072393
:10839800013B984208D901210346064A06481BF0CA
:1083A80078FD6FF0150010BDFFF7D2FFFBE700BFA7
:1083B80000ED00E022C90200449D02002DE9F04FC3
:1083C8008946144606464FF00008514D85B0C84509
:1083D80027DAD6F804A0BAF1000F44D0BAF11F0F7B
:1083E80017D91AF01F0F14D1D6F800B01BF01F0FC1
:1083F8000FD158461CF022F907460AEB0B0001384A
:108408001CF01CF9874210D06FF01507414A3B4613
:1084180001E04346404A012140481BF03AFD6FF015
:108428001504204605B0BDE8F08F17F1160FEDD002
:10843800BC42EBDDC5F89870D5F89C10C5F898706B
:10844800D5F8A03021F01F0143F01F0BD6E9003208
:108458001A44994202F1FF3A1DD1D34507D131465A
:10846800F8B21CF0F4F808F101080C36AFE7314611
:10847800C5F89870D5F89C3022F01F0203F01F034E
:108488001343C5F89C30E0B21CF0E1F810F1160F68
:10849800C5D0441CE7E7C5F89870D5F8A020013B83
:1084A80023F01F0302F01F021343D3453146E0B205
:1084B800C5F8A030E8D01CF0CAF810F1160FAED0FD
:1084C800C5F89870D5F89C209DF808300BF1FF3B53
:1084D80062F304038DF80830D5F8A0309DF8082021
:1084E8005B0863F347128DF80820D6E9003213447D
:1084F800009323F01F035B44A3EB0A03013023F02E
:108508001F036946C0B20393FFF73CFFBEE700BFF5
:1085180000ED00E06BC9020048C90200449D02005A
:108528000522044BC3F89420BFF34F8FBFF36F8F1E
:10853800704700BF00ED00E0BFF35F8F0022024BE1
:10854800C3F89420704700BF00ED00E038B50C4D2B
:108558000C462A78FFF732FF287016300FD14FF4F7
:10856800C473084A084909481AF0E1FD2146084839
:108578001AF0DDFD4FF4C47102481AF0CFFD38BD82
:10858800385E00208EC90200790D030004B0020095
:10859800BDC902002DE9F74F314E894605464FF017
:1085A8000008B3462F4FC84502DB03B0BDE8F08F83
:1085B800D5F804A0BAF1000F4CD0296808460191FB
:1085C8001CF03CF8019904460AEB010001381CF044
:1085D80035F884424FF01402234B15D002FB08F300
:1085E8006FF015024BF803204FF4CC731F4A204953
:1085F80020481AF09CFD49461F481AF098FD4FF490
:10860800CC711A481AF08AFD14F1160F3460EBD0B9
:108618001978A142E8DD02FB08B0C7F89840C7F80E
:108628009840D7F89C4000F10801007B64F30400EF
:108638000871D7F8A0000C79400860F347140C7152
:10864800D7F89C1021F01F017160D7F8A01021F015
:108658001F01316108F1010814360C35A3E700BF8A
:108668001029002000ED00E0385E00208EC90200CD
:10867800790D030004B00200E9C902002DE9F041B8
:10868800694C6A4ED4F890303568C3F307239D428D
:1086980086B013D940F20123654A664966481AF044
:1086A80046FDD4F8902029466448C2F307221AF000
:1086B8003EFD40F201215E481AF030FD0020FFF730
:1086C8003BFF5F4BC4F8C03085421BD15D4C01A80D
:1086D8002570FDF7B1FE002506464FF002085A4FF7
:1086E800AE4216D1002023784F49D1F89020C2F32A
:1086F80007229342C0F292800020FFF711FF06B0D4
:10870800BDE8F081716801EB0011FFF721FE01302F
:10871800DAE7019A290102EB0513D3F80CC00CEA39
:108728000700B0F5800F47D007D8B0F5801F17D0E5
:10873800B0F5001F23D00135D2E7B0F1006F5CD04F
:10874800B0F1805FF7D158689B685258013B20F020
:108758001F010B44CDE9020223F01F0301220BE0A5
:10876800586852589B68CDE902022122013B20F04B
:108778001F010B4423F01F038DF8102029E05868CF
:1087880052589B68CDE902024122013B20F01F01AB
:108798000B4423F01F031CF0010F8DF810200593E4
:1087A80018D02A498323224A23481AF0C0FC2848B3
:1087B8001AF0BDFC83217EE7586852589B6820F068
:1087C8001F01013BCDE902020B4423F01F038DF882
:1087D80010800593207802A9FFF7D4FD002819DA44
:1087E800144940F22B23124A13481AF0A0FC1948E6
:1087F8001AF09DFC40F22B215DE758689B6852589F
:10880800013B20F01F010B44CDE9020223F01F03B6
:108818006122B1E72378013323708CE7C1F89830DF
:10882800C1F8A000013360E700ED00E0A0A102005C
:108838008EC90200790D030004B0020018CA0200B4
:10884800AAFF4400385E00200000F0FF4CCA020076
:1088580072CA0200A1CA0200F0B587B007460E46E8
:1088680014460021102268461D4620F0A2FE02236D
:108878008DF80230054B2A4621466846CDE9047634
:10888800019319F065FA07B0F0BD00BF89460200F0
:1088980008B5024819F0AAF9FEE700BFDACA0200D3
:1088A80008B5024B1B689847002008BD2429002002
:1088B800034B044A1860937843F00203937070479F
:1088C800242900201407002008B50649064821F08D
:1088D8000701C1F1005202F5E022FAF733FF002048
:1088E80008BD00BFB38601202829002008B54FF035
:1088F800FF324FF0FF33074811F05CF948B10649E1
:1089080006488D23064A1AF012FC8D2104481AF0F5
:1089180005FC08BD2407002019CB020004B00200A2
:10892800DFCA0200014811F015BA00BF2407002071
:1089380038B50546FFF7DAFF2A4608210748FAF74F
:1089480069FE044628B925B120F0D8FE0C22044B54
:108958001A50FFF7E7FF204638BD00BF282900203E
:108968000C00000010B50446FFF7C0FF214603487D
:10897800FAF702FEBDE81040FFF7D4BF282900200F
:1089880070B541690446867A0A4D59B1437ADB07C6
:1089980006D4342303FB0653DB6A1B689B6898479D
:1089A800002363613420214606FB0050BDE8704077
:1089B8001FF092BD740C00203422024B02FB0030E1
:1089C800704700BF740C00203421827A064B01FBEB
:1089D80002331A6B93F82430801A1B3323F00303F5
:1089E800B0FBF3F0704700BF740C002038B5342496
:1089F800827A064B04FB0233DB6AD3E901240C605C
:108A08001568FFF7E1FF04FB005038BD740C002027
:108A180008B543684BB1074907485A23074A1AF073
:108A280086FB5A2105481AF079FB03824369C36023
:108A380008BD00BF4CCB020004B0020027CB0200E7
:108A48002DE9FF470546684617461C4603911FF067
:108A58003FFEDDE9008955B95D4940F201135D4AE1
:108A68005D481AF064FB40F201115A4818E005F11C
:108A78001C06EFF3118A202383F31288BFF36F8F4C
:108A8800304613F065FF68B98823544A5449524860
:108A98001AF04DFB314653481AF049FB88214F48DC
:108AA8001AF03CFB304613F077FF6B8C002B5CD040
:108AB8002A8C9A4239D900220023284611F002FB59
:108AC8000446002831D0304613F050FF68B94FF4FF
:108AD8009A73424A444940481AF029FB31464348B0
:108AE8001AF025FB4FF49A71D9E78AF31188BFF37E
:108AF8006F8F039D002D5BD042464B4668461FF0A2
:108B08000CFE3421A27A3A4B204601FB0233DB6A81
:108B180003A91B681E68DDE90023B04760610028CF
:108B280039D12046FFF72CFF30E06C8C3046631EAD
:108B38006B8413F01BFF0028C9D08AF31188BFF398
:108B48006F8F95F824302A8C1B33121B2C6B23F063
:108B5800030302FB0344264B264AEB1A9B1053439C
:108B6800A37295F82430E372C3E7304613F0FEFE93
:108B78000028ACD08AF31188BFF36F8F23463A469A
:108B8800284611F09FFA04460028B2D10024204656
:108B980004B0BDE8F087039B9D420AD916494FF4FB
:108BA800AB730C4A0C481AF0C2FA4FF4AB715CE78D
:108BB8006561012300212381039BE27A616063825E
:108BC80004F1180020F0F5FC2046FFF721FFDEE74E
:108BD80069EB020027CB020004B00200C4B6020011
:108BE800F1B6020006B702001CB7020033B7020054
:108BF800740C0020C54EECC466CB020070B50C4660
:108C0800054658B9284940F29D13284A28481AF0C1
:108C18008EFA40F29D1125481AF080FA49B9254983
:108C28004FF4CF73214A22481AF081FA4FF4CF71DA
:108C3800F1E7EFF31186202383F31288BFF36F8FD8
:108C48001D4813F085FE60B988231C4A1C49184842
:108C58001AF06DFA18491B481AF069FA8821174862
:108C6800DAE7154813F098FE002323606B689BB978
:108C7800C5E90044104813F079FE80B94FF49A739F
:108C88000E4A11490A481AF052FA0B490F481AF0CD
:108C98004EFA4FF49A71E2E71C606C60EAE786F3DB
:108CA8001188BFF36F8F70BD0ADC020027CB02006A
:108CB80004B0020041D3020034290020C4B60200E7
:108CC800F1B6020006B702001CB7020033B7020073
:108CD80070B5044658B9234923484FF4D573234A3D
:108CE8001AF025FA4FF4D57120481AF017FAEFF365
:108CF8001186202383F31288BFF36F8F1C4813F06B
:108D080027FE60B988231B4A1B4917481AF00FFA37
:108D180017491A481AF00BFA88211648E5E714484B
:108D280013F03AFE25682DB162682B6895422360DE
:108D380008BF63600E4813F019FE68B94FF49A73C0
:108D48000C4A0F4908481AF0F2F909490D481AF077
:108D5800EEF94FF49A71E0E786F31188BFF36F8F4D
:108D6800284670BD0ADC020004B0020027CB0200CE
:108D780034290020C4B60200F1B6020006B702008A
:108D88001CB7020033B70200F8B5054698B134277E
:108D9800184E2C46237A6D68CBB940F2C113164A97
:108DA800164917481AF0C3F9214616481AF0BFF9B0
:108DB80040F2C11108E0144940F2BB130E4A1048B2
:108DC8001AF0B5F940F2BB110B481AF0A7F9013BAC
:108DD800DBB2237253B9E3606360A37A204607FBD2
:108DE80003639B6A1BB19847002DD2D1F8BDFFF7EA
:108DF800C7FDF9E7740C002027CB020077CB0200EF
:108E080004B0020080CB020041D3020008B558B973
:108E1800074908484FF4F373074A1AF088F94FF4E2
:108E2800F37105481AF07AF9027A0132027208BD24
:108E380041D3020004B0020027CB020008B5034664
:108E480058B90849084840F23123084A1AF06FF91E
:108E580040F2312105481AF061F918465B68002B89
:108E6800FBD108BD41D3020004B0020027CB0200A9
:108E780070B50D46044658B90F494FF40F730F4AA1
:108E88000F481AF054F94FF40F710C481AF046F9CC
:108E980049B90C4940F23D23084A09481AF047F9F4
:108EA80040F23D21F1E746681EB10846FFF7C6FFCC
:108EB8004660656070BD00BF4ACF020027CB020044
:108EC80004B0020095CB020038B505460C4659B9E6
:108ED8000C490D484FF412730C4A1AF028F94FF454
:108EE80012710A481AF01AF920B9BDE83840084644
:108EF800FFF78CBFFFF7A2FF2146FFF7B9FF28460F
:108F080038BD00BF95CB020004B0020027CB020099
:108F18002DE9F84F06460C461546FFF78FFF002748
:108F280083464FF03409DFF86CA00BF10C0B584660
:108F38001BF0DEFBA04228BF20461FFA80F8294616
:108F4800424658461BF0DCFBB4EB08044744454452
:108F58001DD00C9B53B1DDE90A010D9A9847834651
:108F6800A8B101463046FFF7AFFFDEE7B37A03FB4F
:108F780009A0C36A9B6843B1A34228BF2346194688
:108F8800DDE90A23FFF75CFDE9E72146F8E7384603
:108F9800BDE8F88F740C002008B548B90B492B239D
:108FA8000B4A0C481AF0C3F82B2109481AF0B6F8F6
:108FB80083883BB108492C23054A06481AF0B7F8BC
:108FC8002C21F2E783680B44036008BD41D30200FB
:108FD800A2CB020004B00200CECB020008B50346C3
:108FE80000689A68821A91420BD90949094840F2E7
:108FF8005513094A1AF09BF840F2551106481AF021
:109008008DF89A88401A11441860998008BD00BFED
:10901800EDCB020004B00200A2CB020008B58288A2
:1090280003468A420BD20949094840F2C313094A48
:109038001AF07DF840F2C31106481AF06FF8521A78
:10904800828000680844186008BD00BFDDCB0200BC
:1090580004B00200A2CB020008B503469A88006853
:109068008A420BD20849094840F2CF13084A1AF03D
:109078005EF840F2CF1106481AF050F8521A01442F
:109088009A80196008BD00BFDDCB020004B0020061
:10909800A2CB0200F8B5858803680E4604465F191E
:1090A8001BF026FBB04209D2064907483E23074A6F
:1090B8001AF03DF83E2105481AF030F83544A580ED
:1090C8003846F8BD11CC020004B00200A2CB020061
:1090D800054B03EB8000D0F8003223F0E04343F067
:1090E8004053C0F80032704700258450052370B5FE
:1090F800144D154E2C780134B4FBF3F303EB8303C2
:10910800E41A1EF014FA114A137823B156F82430E1
:10911800C01A072814D94FF05023D3F8141141B1BD
:109128000021C3F81411D3F814312C700CB90123A1
:1091380013702C781EF0FBF946F82400012070BD4E
:109148000020FCE73A5E002038290020395E002024
:10915800012208B5114B1249C3F80025022300204B
:10916800C1F8D036FFF7B4FF1046FFF7B1FFC1F8DA
:109178000427C1F80429C1F8002B00F0DDF858B124
:109188000849094840F23123084A19F0D0FF40F253
:109198003121064819F0C2FF08BD00BF0010005079
:1091A8000040005099F8020004B0020044CC0200CC
:1091B80007B50022134B1449C3F8A821C3F8AC2003
:1091C8004FF48062C3F8B8254FF400620F48C3F823
:1091D8003C250DF107021EF005FA00280BDA0C49B0
:1091E8000C4840F23B230C4A19F0A1FF40F23B2106
:1091F800094819F093FF9DF807000DF01BFD03B017
:109208005DF804FB00A002502CA0025028A10250D7
:1092180099F8020004B0020044CC020048B1054BA2
:10922800054A1B68B3FBF2F35843044B43F00103B0
:10923800184770478C09002040420F00709F0200B9
:10924800F8B500214FF0FF354FF6FF77184C194E4F
:10925800DFF864C0000714F8013B5A090DD0012A51
:109268001DD0164916484FF47473164A19F05FFF5B
:109278004FF47471134819F051FF25FA03F2D2071D
:10928800EFD5324602EB8303D3F80022013122F0F6
:10929800E04202430429C3F80022DCD1F8BD03F000
:1092A8001F0327FA03F2D207DBD56246EAE700BFBD
:1092B8000DCD02000025845000288450A5CC020062
:1092C80004B0020072CC02002DE9F04106460120EC
:1092D8000D46FFF7B5FF4FF47F03D3F83021D3F8DD
:1092E8003431072A20D1023B032B02D8114AD35C20
:1092F800D3B14FF050244FF0010800270520C4F8DF
:109308001886C4F814761EF038F94046C4F8148656
:109318001EF033F9C4F81476C4F8187630462B4694
:10932800BDE8F041002118474FF050230022C3F850
:109338001426F3E709CD0200014902481AF0C4B81F
:10934800D8A102004C2900201FB518B300230193AF
:1093580003930123694612480293FBF7D5F90028C5
:1093680009DA10495A23104A104819F0E0FE5A2128
:109378000D4819F0D3FE029B9B0707D009496223C9
:10938800094A0A4819F0D3FE6221F1E7039B05B0A8
:109398005DF804FB0248FBF74FFA0028F7DAEDE71F
:1093A8004C29002000CD0200C8CC020004B0020005
:1093B80008B54FF0FF323F230348C0E900230DF002
:1093C80013FC002008BD00BF6C2900200E4B40296B
:1093D80028BF402170B51D460C4C4618B04203F119
:1093E800020304D1002305F81130074870BD027844
:1093F8001209A25C03F8022C10F8012B02F00F02EC
:10940800A25C03F8012CE9E7595E002024CD020094
:1094180030B503788BB0044607AD032B21D8DFE8BD
:1094280003F0021A1C1E12492846F7F77DFD059520
:1094380063781E210493A3780E4A0393E3780E48B9
:1094480002932379019363790093A37918F0EEFBD3
:1094580009480BB030BD0949E6E70949E4E709497D
:10946800E2E70A212846084A18F0E0FBDFE700BFD8
:10947800D7AD0200F9AD02003B5E0020DEAD020070
:10948800E5AD0200EFAD0200DCF902002DE9F34181
:109498000446174698461F4DD5E8AF3FDA071DD555
:1094A80038B901211C4A1D481AF0EAFC6FF0010086
:1094B80015E001A91AF0FBFD19490246204620F0E3
:1094C80090F80028F2D1D5E8AF3FC3F3C0061B07D8
:1094D80008D50221134A11481AF0D2FC002002B024
:1094E800BDE8F081A5F1D404072221464046B847DB
:1094F80006280AD801210C4A08481AF0C1FC45F888
:10950800D46CE671C4F80360E8E70723B0FBF3F016
:10951800E071E3E7940500203CCD0200DC9C0200EA
:10952800ECAD02005DCD020081CD02002DE9F041D5
:1095380088B0DDF838809C795D791E79DF7893F8FA
:1095480002C093F801E01B78B8F1000F0ED0CDE906
:109558000638CDE904CE1346CDE90267CDE90045CA
:10956800084A18F063FB08B0BDE8F081CDE905E3CF
:10957800CDE9037C1346CDE90156034A009418F05F
:1095880055FBF0E7A6CD0200CACD020010B5FDF7E5
:109598004DF9044628B101210346034A03481AF04D
:1095A80078FC204610BD00BFEBCD0200DC9C020019
:1095B80070B504461E4615468CB0A2B129B10A46BC
:1095C80002A8042119F0C5FE02A900912B462246E3
:1095D800242103A8FFF7AAFF3146109A03A8FCF735
:1095E80071FF0CB070BD03462421044A03A818F08B
:1095F8001DFB0028F0DA6FF01500F2E710CE02002C
:1096080007B50B4B0B48DA79C2EBC2020092002275
:109618001146FFF7CDFF034638B10121064A074836
:1096280003B05DF804EB1AF034BC03B05DF804FB3A
:10963800C0040020ECAD020016CE0200DC9C020043
:1096480030B5044615468DB092B129B10A4602A834
:10965800042119F07EFE02A900912B4622462421FE
:1096680003A8FFF763FF03A81AF0F9FC0DB030BD9B
:1096780003462421044A03A818F0D8FA0028F2DA8D
:109688006FF01500F2E700BF10CE020007B5009397
:1096980013460A4601460348FFF78AFF03B05DF800
:1096A80004FB00BF6EF602000A4601460148FFF7B8
:1096B800C7BF00BF6EF6020007B5009313460A46FF
:1096C80001460348FFF774FF03B05DF804FB00BFD1
:1096D80068F6020007B5009313460A460146034898
:1096E800FFF766FF03B05DF804FB00BF50F402000B
:1096F80007B500220346009103481146FFF758FFBB
:1097080003B05DF804FB00BF60F6020008B502482C
:1097180011F084F9002008BDC8070020F8B5194DDC
:10972800D5E8AF3F13F0010F2E4628D015F8CD3CF1
:10973800A5F1D4078BB902F04BF9044630B10121E9
:10974800114A12481AF09CFB2046F8BDFB7923B950
:1097580002F04EF904460028F1D1D5E8AF3F5A0788
:1097680001D400F089FFD6E8EF3F23F40062C6E891
:10977800E12F0029F7D11B0501D5FFF7C7FF00240A
:10978800E2E700BF9405002031CE0200DC9C020015
:1097980007B5009313460A4601460348FFF708FF3A
:1097A80003B05DF804FB00BFEBFC02000A4601466B
:1097B8000148FFF745BF00BFEBFC020030B50024AD
:1097C8000A4D0B4B87B028460393CDE9044411F0AA
:1097D80021FA03AB284600934FF4E1620A230549B6
:1097E80011F032FA204607B030BD00BF58180020EB
:1097F80064CE0200A81201200146014811F0A6BB60
:1098080058180020014601481EF0D9BE58180020FB
:10981800037830B5012B13D0022B27D07BB90A4629
:10982800184B03F1100453F8045BA34242F8045B9D
:10983800F9D11B78137043884B731B0A8B7330BDA7
:109848000A46104B03F1100453F8045BA34242F894
:10985800045BF9D11B7813704368C3F307224B7379
:109868001B0CCB731B0A8A730B74E8E700F1100317
:1098780050F8042B984241F8042BF9D103780B7067
:10988800DDE700BF6DCE020070B504461EF0A7FEEE
:109898000A4D18B1D5E8AF3F63B970BD12F022FB8D
:1098A800D5E8AF3F1BB9BDE8704012F08DBB20462C
:1098B8009847F8E72046BDE870401847742900200B
:1098C80038B50446022C1046194610D0082C16D07C
:1098D800202C14D01D497A231D4A1E4819F027FC54
:1098E8001D4819F024FC7A21194819F017FC1B4867
:1098F8001AF0D2FE054600BB0025284638BD0246B0
:109908000B4617481AF0C8FE05460028F4D0082C64
:109918001AD00CD8012C11D0042C15D011490D489F
:109928005223114A19F003FC52210F48DDE7102C8D
:1099380001D0202CF2D1052400E00424214605F1B1
:109948000C001AF0E9FED8E70224F7E7ADCE0200D2
:109958007ECE020004B00200F2CE0200440D0020C8
:10996800740C0020790D030012CF02000F2810B5E7
:109978000CD80D280CD90A481AF08EFE044618B1E6
:1099880004210C301AF0C8FE204610BD1328F2D06E
:1099980009B10448F0E70220BDE81040FFF790BF86
:1099A800E00D0020100D002038B50B6805460C4668
:1099B8004BB90E490E48FA230E4A19F0B8FBFA21A2
:1099C8000C4819F0ABFB4A68DA600B684A895A827E
:1099D8000868FFF7D9F92046102200211FF0E9FD99
:1099E8002846BDE838401AF072BF00BF44CF0200D5
:1099F80004B002007ECE02002DE9F84305460C466D
:109A08001F4616464AB92649D623264A264819F03B
:109A18008EFBD621234819F081FB38B92349D72377
:109A2800204A214819F083FBD721F3E701F10C09FB
:109A380048461AF059FE38B91D49DB23194A1A4815
:109A480019F075FBDB21E5E720461AF068FF804630
:109A580038B11849DD23134A134819F068FBDD2192
:109A6800D8E705F10C0148461AF020FE48461AF0DE
:109A78003BFE012310FA86F068826B723146484635
:109A88002E82FFF7CBFAE36828467B60638AC4F826
:109A98000C807B81A4F812803C60BDE8F88300BF8D
:109AA800130D03007ECE020004B0020051CF020065
:109AB80056CF020073CF0200F0B505460E46174692
:109AC80085B0AB88012B0ED928461AF0FDFD044657
:109AD80048B1AB88984208D9022100930D4A034641
:109AE8000D481AF0E0F905B0F0BD28461AF0ECFD73
:109AF8002B688DF80800013C394602A88DF809400A
:109B08000393B0470028EED021462846FFF786FA8F
:109B1800D7E700BF93CF0200749C0200C3680221FC
:109B28001B78024A02481AF042BF00BFBECF0200AB
:109B3800949C020070B5C6683378B6F8014083B9C2
:109B48000F21204603F036FAF378054650B90A4A41
:109B5800118831B96FEA04506FEA10501080074A33
:109B6800137070BD0373012103F01AF92846BDE88C
:109B7800704003F097B800BF2E3F0020DA5E002047
:109B880070B5C3681D787DBBB3F801600F213046FE
:109B980003F010FA044638B93346BDE87040012195
:109BA800124A13481AF003BF294603F0F9F8A378BC
:109BB800012B04D02046BDE8704003F073B8231D84
:109BC800D3E8AF3FDB07F5D50321204603F0E8F8DB
:109BD80003201BF0BCF803460028EBD00221054AFD
:109BE80003481AF0E4FEE5E770BD00BFE6CF0200C7
:109BF800949C02000CD0020010B5C3680121B3F890
:109C08000140204603F0D6F938B92346BDE8104094
:109C18000121044A04481AF0CABEBDE8104003F006
:109C280041B800BF32D00200949C020010B5C3684E
:109C380001211C88204603F0BDF938B92346BDE848
:109C480010400121034A04481AF0B1BEBDE8104093
:109C580003F028B832D00200949C0200012110B50C
:109C68000C30FFF7F9F9BDE8104003780121024AEA
:109C780002481AF09CBE00BF56D00200949C020015
:109C8800014610B50848FEF7B9FF084908481EF014
:109C980096FC031E06DABDE810400121054A064875
:109CA8001AF085BE10BD00BF0C060020E807002092
:109CB8009819002078D00200949C020073B5C568FA
:109CC8000121B5F80160304603F074F9044640B943
:109CD800334601212D4A2E4802B0BDE870401AF0E3
:109CE80066BE2B781A2B19D1C378012B4AD14FF4B1
:109CF800804104301AF050FE43040FD4D4F88C305D
:109D080069460093D4F894302046019304F0FCFA95
:109D1800204602B0BDE8704002F0C4BF2B788BBB70
:109D280040F2E242B5F803301A495343C4F8883088
:109D3800B5F80520A4F89020B5F80720A4F89220DB
:109D4800A3F5EA520C3A8A4204D90221124A104871
:109D58001AF02DFEB4F89030B3F5FA7F04D302213F
:109D68000E4A0B481AF023FE40F67641B4F89230BA
:109D7800A3F10A0292B28A4204D90221084A04488D
:109D88001AF015FE204603F00BFCC1E732D00200A2
:109D9800949C020095F03C0095D00200BCD00200D3
:109DA800E3D0020010B5002486B003AB00934FF453
:109DB8002C724FF0FF3305490548CDE9034405945B
:109DC80010F042FF204606B010BD00BFB0190120B8
:109DD800F81800200121024A02481AF0DBBD00BF32
:109DE8000FD10200949C02000B46B0B50D8A00AF5B
:109DF80004462946D868FFF7E9FA8AB06A46094B4B
:109E0800C2E90750C2E9053440F202439384064B85
:109E18004FF43251054842F8103F1AF0CAFDBD46CA
:109E2800B0BD00BF29D1020005000001949C0200CA
:109E380070B5C5680121B5F80160304603F0BAF87D
:109E4800044638B93346BDE8704001210B4A0C4836
:109E58001AF0ADBD2B783BB9D5F80330C0F898306F
:109E6800D5F80730C0F89C30201D4FF400311AF0A7
:109E780093FD2046BDE8704002F014BF32D00200C6
:109E8800949C020037B50446084602EBC3039A4285
:109E980002D16FF05E0010E0114611F8085BA54290
:109EA80011D1038A5178994209D908480121084AF1
:109EB800009419F0F8FF6FF0150003B030BD536837
:109EC80098470020F9E70A46E1E700BF949C0200A2
:109ED8004BD102002DE9F8430C4612F003F8E16873
:109EE800238A0A78022A71D0042A0BD0134601214A
:109EF8003B4A3C481AF05BFD2046FEF745FF6FF0F1
:109F080015040AE0022B0DD8374A364801211AF009
:109F18004EFD2046FEF738FF002412F055F8204683
:109F2800BDE8F88348783E280AD1032B01D12F4A8F
:109F3800EBE7CB78012B01D00A2B47D1032604E0AD
:109F48001AF00EFD0646F0073ED504F10C0528462A
:109F58001AF0CAFB012107462846B4F81090FFF70B
:109F68005DF802212846FFF777F8804600783E28FA
:109F780016D1E3681B78012B2CD00A2B2AD0022596
:109F880041F27B131A4A1B491B4819F0D0F80023E9
:109F980083F31188BFF36F8F0323184602DF04E0B1
:109FA8001AF0DEFCC1070546EAD5144A0623214605
:109FB80098F800001AF019FDAA070DD56369A4F8EE
:109FC800109013FA87F7E760B307A5D52046FFF787
:109FD80057FEA1E70325E8E72046FEF7D5FEF3E79D
:109FE800F6D10200949C02006DD1020089D10200D2
:109FF800A9D10200DDD1020004B0020070A2020063
:10A0080010B5012104460C30FFF726F82146BDE8BB
:10A0180010400223014A00781AF0E7BCA0A202000F
:10A0280073B53E48FEF754FE0446002873D000F18D
:10A038000C0528461AF048FB0228034603D00428DA
:10A0480047D0374A03E0238A032B05D8354A012134
:10A0580035481AF0ACFC13E004212846FEF7FCFF53
:10A06800FF23428806882376238AC6F30B009A4288
:10A07800608309D0012100922B482C4A19F013FF64
:10A088002046FEF781FE12E00F2102F093FF0546FD
:10A0980010B9638B264ADAE702F0B2FF2146207630
:10A0A800320B284602F05AFD284602F0FBFD214BF0
:10A0B800D3F84C317BB3204920481EF080FA031EA8
:10A0C80029DA01211E4A184802B0BDE870401AF08A
:10A0D8006EBC28460221FEF7BFFF054600783E28E1
:10A0E80012D01AF03DFC10F002060DD140F6B24332
:10A0F800144A1549154819F01AF886F31188BFF360
:10A108006F8F0323184602DF06232146104A28785A
:10A118001AF06BFCB4E702B070BD00BF0C0600205B
:10A128009FD202000AD20200949C02002BD20200A5
:10A138004FD20200C0040020E80700209819002030
:10A1480078D00200A9D1020071D2020004B0020046
:10A15800B0A2020010B5012104460C30FEF77CFFC6
:10A168002146BDE810400923014A00781AF03DBC99
:10A17800E0A20200F8B50121044600AF0C30FEF75A
:10A188006BFF0678002321463046104AFFF77AFE17
:10A198005F3018D1258AE0682946FFF717F96C4621
:10A1A8008AB06A460A4BC2E90750C2E9053640F24E
:10A1B80002439384074B4FF43251074842F8103F4B
:10A1C8001AF0F7FBA546BD46F8BD00BF28A302005C
:10A1D800B3D2020005000001949C02002DE9F34768
:10A1E8000023074688461646DFF81491D9E8EF4F52
:10A1F800C9E8E23F002AF9D144B93B460121414A66
:10A20800414802B0BDE8F0471AF0D1BB2046FEF73E
:10A21800DBFB4FF00C0A3D4D0AFB00504388BB4264
:10A2280020D02046FEF7D0FB0AFB005043880121CE
:10A238000093374A3B46344819F035FED9E8EF3FDA
:10A24800C9E8E24F002AF9D1002B56D031493248EB
:10A2580040F60623314A18F06AFF40F606212F48D7
:10A2680018F05CFFA64208D02046FEF7D1FB328AE0
:10A27800F16804F10C001AF043FA2046FEF7A4FB3B
:10A288000C2606FB00504368ABB1B8F1000F12D1A1
:10A298002046FEF799FB012106FB00504268D2E9EF
:10A2A8000003127A03F01F06B1405B09FAB100EB14
:10A2B80083001AF071FB2046FEF786FB0C2606FB8E
:10A2C800005083686BB12046FEF77EFB704305F8AB
:10A2D80000802046FEF778FB06FB0055A8680FF0C3
:10A2E8007DFF204602B0BDE8F047FEF74DBDC943EB
:10A2F80000EB83001AF060FBDDE702B0BDE8F087F1
:10A3080008060020E5D20200949C0200782900206B
:10A318000DD3020040D3020004B00200A9D102000C
:10A328002DE9F04F83B00123D0F80C80018A98F80A
:10A33800004000AF03EB84038B4277D96D468AB0A7
:10A348006A46C2E9073105233B484FF42151C2E967
:10A3580005043A4842F8103F1AF02BFBAD460C377B
:10A36800BD46BDE8F08F4B465A46012133481AF0E6
:10A378001EFB013598F800309D42F0DA08EB8503A2
:10A38800B3F801900F214846B3F8036002F012FEBB
:10A3980004460028E7D000F1BC091EB9204602F0A7
:10A3A80081FCE6E7636983B90121254A23481AF04D
:10A3B800F1FA244940F29F23234A244818F0B7FEB3
:10A3C80040F29F21204818F0A9FEA1691A688B4223
:10A3D8002046626108BFA2617B6002F04BFB0FF070
:10A3E800FDFE7B68C3F800A0226A82B9C4E907337E
:10A3F800D9E8AF3F013EB6B263B915494FF42A73A5
:10A40800114A124818F093FE4FF42A71DAE71360E4
:10A418002362EDE7D9E8EF3F013BC9E8E23F002AB4
:10A42800F8D10021204602F031FBB6E70025DFF81D
:10A4380024B0AA469EE700BF45D30200949C0200C0
:10A448008CD30200790D0300A9D1020004B00200E8
:10A45800A3D3020070D3020008B501F073FC064BC9
:10A46800D3E8AF2F02F00B02D3E8EF1FC3E8E02FC9
:10A478000028F9D108BD00BF9405002010B5C1E936
:10A4880000239DF808300C460B72FEF79DFA0C224B
:10A49800024B02FB00335C6010BD00BF782900202E
:10A4A800F8B502460B4610481AF0F6F80446C0B153
:10A4B80004210C30FEF770FD2046FEF785FA0C27C4
:10A4C80000260A4D07FB005046802046FEF77CFA1E
:10A4D80007FB005086602046FEF776FA07FB00551A
:10A4E8006E602046F8BD00BFAC0D00207829002022
:10A4F80029289ABF014B185C0920704785D90200AA
:10A5080070B5C3680F21B3F801601D78304602F0BA
:10A5180051FD044638B93346BDE870400121174A59
:10A5280017481AF044BA65B12846FFF7E1FF2946F3
:10A538000246204603F034F92046BDE8704002F098
:10A54800B1BB8678012EEFD109F0A6FA20461AF0A1
:10A55800EFF90028E8D10520FFF7CAFF05210246D8
:10A56800204603F01DF93146064A05481AF012FA4A
:10A578000521204602F0CCFDDEE700BFE6CF020051
:10A58800949C0200BCD302002DE9F041C6680F215B
:10A59800B6F801703578384602F00CFD044638B933
:10A5A8003B46BDE8F04101211F4A20481AF0FFB997
:10A5B80045B12846FFF79CFF29460246204603F08E
:10A5C800EFF808E0F278C37A934209D10221184AD9
:10A5D80016481AF0ECF92046BDE8F04102F062BBDB
:10A5E8008378C272012B05D00020FFF781FF00217C
:10A5F8000246E3E70AB109F04FFA20461AF098F943
:10A608000028F1D10520FFF773FF052102462046F7
:10A6180003F0C6F80121074A04481AF0BBF90521DE
:10A62800204602F075FDD6E7E6CF0200949C0200B2
:10A63800E2D30200BCD3020010B5044692B048220F
:10A64800684606491EF08EFF112C9DBF12AB03EB26
:10A65800840454F8480C024812B010BD649E0200ED
:10A6680011D40200034B0146D3F870018268926846
:10A67800104700BFC00400202DE9F84F042100AFA7
:10A6880046481AF089F96D4601F05CFB88B06A46C5
:10A69800434B4FF4E6515361424B434893614FF4A7
:10A6A80000739383414B424C42F8103F1AF081F9F2
:10A6B800AD46E2793F4B404E2046012A88BF1E46F0
:10A6C800FEF7A6FE8AB06A463C4BD061C2E9053661
:10A6D8003B4B4FF4235113623A4B334842F8103F37
:10A6E8001AF067F9A346AD460125374EDFF8DC803E
:10A6F800DFF8B490E3790BF1070B9D4238DB94F84F
:10A7080070506E462846FFF797FF8CB06A46B4F83B
:10A718007210B4F87630C2E907514FF400755362ED
:10A72800DFF8ACC02B4BC2E905C015854FF4535177
:10A7380042F8103F1C481AF03CF9B54694F871608D
:10A748003046FFF779FF8AB06A46B4F87430224978
:10A75800C2E90763214BC2E9051095844FF43351D0
:10A76800114842F8103F1AF024F9BD46BDE8F88FA9
:10A778005846FEF74DFEEA468AB06A4640F2013373
:10A78800C2E90565D06113844FF41351484642F875
:10A79800108F1AF00EF90135D546ABE79405002065
:10A7A8001DD402002FD40200949C02000300000173
:10A7B800C004002019D40200B30F030033D40200F0
:10A7C800000201030400000242D402000400000158
:10A7D80053D402000600000191D4020005000001D4
:10A7E80008B50848C37933B90321074A07481AF05E
:10A7F800D1F8002008BD0821D4301AF0CDF8FFF7B1
:10A808003BFFF6E7C0040020B8D40200949C020085
:10A8180000487047E5D4020010B50B490B481DF0FD
:10A82800CEFE041E0FDA41F26A43094A09490A4872
:10A8380018F07DFC2146094818F079FC41F26A417C
:10A84800034818F06BFC10BDD8070020F81800204A
:10A85800A9D10200EFBB020004B00200ECD4020050
:10A8680070B505460C4659B94FF0FF304FF0FF312F
:10A87800FFF716FE044618B96FF06805284670BD44
:10A888002046FEF7A1F80C22184BA61802FB00334D
:10A8980030465D8019F028FF03280BD90321304684
:10A8A800FEF79CFB0580238A0121033B8370304619
:10A8B80019F003FF40F635439D420FD12046FFF7BC
:10A8C800D1FE05460028D9D003460121084A094887
:10A8D8001AF06DF82046FEF757FACFE721460648EA
:10A8E8001DF0EFFD0025FFF797FFC7E77829002047
:10A8F800F1D40200949C0200140600202DE9F041D6
:10A908000446458B077E807AFEF756F8616906464D
:10A9180049B1637ADA0704D4C36A20461B689B6886
:10A92800984700236361214630461DF0D5FD254B2D
:10A9380093F88A309B0642D5384603F0BFF904469F
:10A9480038B93B46BDE8F04102211F4A1F481AF0BA
:10A958002EB8437B073B012B09D91C4802211C4A0E
:10A968001AF018F82046BDE8F04102F09BB902F051
:10A9780099F94FF0FF304FF0FF31FFF791FD044692
:10A9880030B9BDE8F0410121124A10481AF002B866
:10A9980000F10C0701213846FEF77CFB0126042153
:10A9A80006703846FEF776FB002305808670C37074
:10A9B8002146BDE8F04140F63540FFF751BFBDE8FC
:10A9C800F08100BFC004002055D50200949C02000D
:10A9D8007ED50200AAD502002DE9F04786B0804650
:10A9E80091460C4600AF71B94FF0FF304FF0FF3180
:10A9F800FFF756FD0446C0B96FF0680528461837BA
:10AA0800BD46BDE8F087887AFDF7D6FF3A4B83420A
:10AA18000BD03A493A484FF4E3733A4A18F087FBA7
:10AA28004FF4E371374818F079FB012200213846CA
:10AA38001DF060FD2046FDF7C7FF0C23DFF8C8A016
:10AA480003FB00A087602046FEF7E0F90146404678
:10AA5800FFF706FF054618B12046FEF795F9CDE742
:10AA68004FF4A022002338460FF03CFC064690B174
:10AA78004FF4FD73234A2549214818F058FB324604
:10AA88004146234818F053FB85F31188BFF36F8FB5
:10AA98000323184602DF2046FDF796FF0C23584390
:10AAA8001AF80060F6B16D468AB06A46194BD6614D
:10AAB800C2E90538184B4FF43251136240F2024391
:10AAC8009384164B164842F8103F093E19F071FF5F
:10AAD8002046AD46F6B2FEF757F9092E08D8114BB5
:10AAE8009D578BE7B9F1000FB6D0C9F8004085E74C
:10AAF8006FF0040582E700BFAC0D0020790D03005C
:10AB080004B00200A9D102007829002099F80200B7
:10AB1800CDD5020012D60200B30F030005000001D4
:10AB2800949C02007BD9020073B506460D4642F29A
:10AB38002F00002101AAFFF74FFF044638B1012179
:10AB4800144A154819F026FF204602B070BD019836
:10AB5800C368B3F801203280B3F803302B80FEF7C6
:10AB680013F93388A3F11B02E02A04D902210B4A06
:10AB7800094819F01CFF44F248112B88A3F5A47268
:10AB880092B28A42E0D90221054A034819F00FFF20
:10AB9800DAE700BF31D60200949C020051D60200C9
:10ABA80076D60200F0B587B006460DF10B010020FD
:10ABB80000F08AFF0546002845D14FF0FF304FF0DE
:10ABC800FF31FFF76DFC074600283FD019210C30F4
:10ABD800FEF760FA0446294619221EF0EAFC9DF8A1
:10ABE8000B301C4A237392F8211192F82031601D12
:10ABF800994294BF06F1700106F17E0119F0C3FE77
:10AC0800938938462380D38903A96380B6F88C30AA
:10AC1800114AA4F80D30B6F88E30A4F80F30B6F803
:10AC28009030A4F81130B6F89230A4F8133001230C
:10AC380000930723FFF722FC0022394642F20D0059
:10AC4800FFF7CAFE0546284607B0F0BD6FF0680555
:10AC5800F9E700BFC004002094050020F8B50228D9
:10AC6800054600AF3DD100210246084602F082FEAB
:10AC7800044680B90121254A254819F08BFE032096
:10AC88001AF065F8034620B10221224A204819F03B
:10AC98008EFEBD46F8BD031DD3E8AF3FDB0706D5E2
:10ACA800032102F07DF8204601F0FCFFE7E7403081
:10ACB80010F0F4F810F00C0608D129461448164A8A
:10ACC80019F068FE314620462573EAE72046FFF76B
:10ACD80069FF0028E7D00121104A0D4819F05AFEF3
:10ACE800E1E76C468AB06A460D4B4FF41251C2E94F
:10ACF80005300C4B0648D36140F2013313840A4BEC
:10AD080042F8103F19F055FEA546C2E799D6020051
:10AD1800949C02000CD00200B7D60200DDD60200D7
:10AD2800F9D60200B30F03000400000130B54FF05C
:10AD3800FF304FF0FF3187B0FFF7B2FB044670B128
:10AD48000025084A03A907230095FFF797FB2A4621
:10AD5800214642F20E00FFF73FFE07B030BD6FF00C
:10AD68006800FAE7940500202DE9F04385B00478DF
:10AD7800054600AF5CB15F495F4840F299535F4AAE
:10AD880018F0D5F940F299515C4818F0C7F95C4BB6
:10AD9800B0F80180198848F47042914205BF1C80C0
:10ADA800584BA14693F8009000F092FCEB782E1DCA
:10ADB800012B08BF544B304608BF93F86F4019F079
:10ADC80082FD314660B307F1080019F071FDD5F82E
:10ADD8001130C7F80130B5F81530A7F80530012350
:10ADE8003B70E87848B33046FEF712FB6C4688B0F3
:10ADF8006A46464B4FF4E251C2E905304FF40073FE
:10AE08009383434B434842F8103F19F0D2FD132176
:10AE1800A546404619F027FE1437BD46BDE8F08325
:10AE2800204619F04EFF014607F1080019F0ABFD66
:10AE38003146384619F0A7FDD3E7022207F1080189
:10AE480002F098FDEB78044623B96FF08001324890
:10AE580019F0B2FD002CC6D0204640F2E242B5F807
:10AE6800013007F1080120F8703B19F08CFDB5F8A6
:10AE7800173053430022C4F88830B5F81930A4F8C5
:10AE88009030B5F81B30A4F89230EB782273E37059
:10AE98006BB9394604F17E0019F075FD217A1A4B19
:10AEA800C1EBC101194404F1770019F06CFD0721C9
:10AEB800204601F075FFB9F1000F05D001212046A9
:10AEC80084F80C9001F06CFF204602F011F920463E
:10AED80001F0E8FEE378002B9ED1032019F037FF3C
:10AEE8000346002898D002210C4A0A4819F05FFD51
:10AEF80092E700BF15D7020004B00200A9D10200F2
:10AF08002E3F0020DA5E0020C004002029D702006E
:10AF180003000001949C0200940500200CD002005C
:10AF280000B5C16889B0087820B109B05DF804EBB4
:10AF3800FFF794BEB1F801308DF80000ADF801308C
:10AF4800CB7801A88DF80330B1F80B300431ADF897
:10AF58001730B1F80930ADF81930B1F80B30ADF849
:10AF68001B304B7B8DF81D3019F00DFD084B6846E2
:10AF78001A689B88CDF80B20ADF80F30CDF811205A
:10AF8800ADF81530FFF7F0FE09B05DF804FB00BF1F
:10AF98001ECD020010B5F6F727F9034B1B6813B155
:10AFA800BDE81040184710BD142A002073B52D4D78
:10AFB8000646D5F870011DF016FA48B901212A4A4B
:10AFC8002A4819F0E7FC6FF01204204602B070BD61
:10AFD8006FF0020105F1D40019F0EEFC012119F01F
:10AFE800DBFCC3073AD4FEF7D1FA04460028ECD1BB
:10AFF8001F4B1E60012205F5987011461DF07AFA64
:10B0080005F5AA701DF050FA1A480FF003FE6FF00C
:10B0180007034FF400521849164800940FF014FE25
:10B02800164914481DF0E1FAD5F8700114498368EF
:10B038001B689847044630B103460121114A0B4862
:10B0480019F0B5FCC1E726B902B0BDE87040F6F7C3
:10B05800CBB805F1C4000FF0E1FCB6E76FF0770458
:10B06800B3E700BFC0040020D4D80200949C0200BB
:10B07800142A002098190020601C0120ECD8020036
:10B08800DD9E0000F5D80200F0B5C56801212F88C3
:10B0980087B0BCB2204601F08DFF064640B9234672
:10B0A8000121274A274807B0BDE8F04019F07FBCC6
:10B0B80002ACD5F80220D5F80630019469890091D0
:10B0C8001BF05BFC48B34FF0FF304FF0FF31FFF748
:10B0D800E7F9054648B901211B4A1A4819F05AFCF4
:10B0E800304601F0DFFD07B0F0BD12210C30FDF74E
:10B0F800D1FF0346224623F8027B06AF144603CC51
:10B10800BC4218605960224603F10803F6D129466B
:10B1180042F21A00FFF7A4FBE2E74FF0FF304FF0CE
:10B12800FF31FFF7BDF904460028D4D002210C30C6
:10B13800FDF7B0FF2146078042F21B00EAE700BF97
:10B1480032D00200949C020011D9020073B5C36882
:10B15800D9789A781E8842EA0122ADF800205979F8
:10B168001A79B4B242EA0122ADF80220D9799A7963
:10B17800204642EA0122ADF804201A7A5B7A0121BE
:10B1880042EA0323ADF8063001F014FF054658B92A
:10B1980001211D4823461D4A19F009FC02212046B9
:10B1A80019F0E8FC02B070BD694602F05DFA38B9E2
:10B1B8001E21204619F0DEFC284601F073FDF1E758
:10B1C8004FF0FF304FF0FF31FFF76AF904460028CF
:10B1D800F2D00E210C30FDF75DFF00230680C0F889
:10B1E8000A30BDF8003021464380BDF80230838024
:10B1F800BDF80430C380BDF80630038142F2200058
:10B20800FFF72EFBD8E700BF949C020032D0020063
:10B2180038B5042104460C30FDF71EFF034640886C
:10B228005D7818B122461978FEF7D8FF35B1044881
:10B238000EF0D4FFBDE83840FFF7EEBA38BD00BFC6
:10B24800F0050020B0B50446032100AF0C30FDF72F
:10B2580003FFE3680578197840F63543B0F8010034
:10B26800984215D16C468AB06A460F4B0F48C2E91E
:10B2780005310F4B4FF41251D36140F2013313845F
:10B288000C4B42F8103F19F094FBA546BD46B0BDE3
:10B2980010B12246FEF7A2FF002DF7D006480EF0A7
:10B2A8009DFFFFF7B9FAF1E728D90200949C020044
:10B2B800B30F030004000001F005002038B510F0BA
:10B2C80011FE2F4DD5F85431002B56D00022002303
:10B2D80005F598700FF006F800284ED100220023DB
:10B2E80005F5AA700EF0EEFE044668B940F6C243B2
:10B2F800244A2549254817F01AFF84F31188BFF31B
:10B308006F8F0323184602DFD5F848315BB101215E
:10B318001F4A204819F03EFBD5F84801FDF734FDD7
:10B328000023C5F848312046FDF770FDC5F84801EF
:10B338002046FFF797F90346C8B10121164A154878
:10B3480019F035FB15480EF049FF2046FDF73CFB88
:10B358000C22134B02FB0033588818B122461F21D8
:10B36800FEF73CFF2046FDF70FFDFFF755FAFFF704
:10B3780053FABDE8384010F027BE01F011FFF8E796
:10B38800C0040020A9D1020041D3020004B0020089
:10B3980060D90200949C0200F1D40200F00500205C
:10B3A80078290020F8B506460024094DEF79E3B264
:10B3B8009F4202D86FF0010007E02946304619F095
:10B3C800F5FB0735631C08B12046F8BD1C46EEE7BF
:10B3D800C004002037B504460D46B9B128461649C1
:10B3E80019F0E4FB90B929461448C4EBC40420447E
:10B3F80019F0E6FB124819F0EAFB430703D5FEF7FC
:10B4080085F919F0F7F9002003B030BD684619F046
:10B4180041FA0028F8D16846FFF7C4FF0028F5DA9A
:10B42800064BC4EBC4006946184419F0C9FB002D4B
:10B43800E0D001462846DBE711CD0200C004002019
:10B448009405002070B51A4E0622314605461EF0B6
:10B45800B8F838B34FF0FF304FF0FF31FFF720F85E
:10B46800044608B3062229460C3019F049F921464A
:10B47800002242F20500FFF7AFFA044648B110F186
:10B488000D0F04D102210B4A0B4819F097FB2046F7
:10B4980070BD33462A6843F86929AA88B280012218
:10B4A80083F868200024F2E76FF06804EFE700BF34
:10B4B80029050020D4DA0200B49C020038B50546FC
:10B4C8000C4659B9204940F2DE33204A204817F08B
:10B4D8002EFE40F2DE311D4817F020FE086848B9FC
:10B4E8001C4940F2DF33194A194817F020FE40F290
:10B4F800DF31F0E74DB918494FF47873134A14480F
:10B5080017F015FE4FF47871E5E7037A5A0709D565
:10B51800124940F2E2330D4A0D4817F008FE40F296
:10B52800E231D8E74B686BB90B7A13B92B7A5B0712
:10B5380008D52A7803789A4204D0294619F0A0FB46
:10B5480000B1656038BD00BF11DB0200E3DA02001C
:10B5580004B0020029DB02004CDB020064DB0200BD
:10B56800064BD3E8EFCF4CF4806CC3E8E2CF002A57
:10B57800F7D1037A19430172704700BF9405002080
:10B588002DE9F341002104460222084602F0F2F9AF
:10B59800054648B120460121FFF7E2FF284602B0E0
:10B5A800BDE8F04101F07EBB404819F010FB82066F
:10B5B800C0F3401702D5284600F0DCFB3C4D95F857
:10B5C800213183B1002019F042FB60B10221394AD0
:10B5D800394819F0F3FA002F65D0012002B0BDE810
:10B5E800F04100F0C7BB95F8212195F820319A4227
:10B5F80018D10221314A304819F0E0FA002242F20B
:10B6080029001146FFF7E8F910B101212C4ADFE7BC
:10B6180095F82131013385F82131237A43F0040369
:10B628002372D8E7224604F10108414612F82E0B8E
:10B6380019F0D0FA064610B1224A01210EE095F819
:10B648002131013385F82131237A43F00403237231
:10B6580095F8A7305B0708D402211B4A164819F051
:10B66800ADFA012019F0F3FAB5E74146684619F03A
:10B67800A7FA01234FF0FF304FF0FF318DF8073064
:10B68800FEF70EFF044660B1082269460C3019F037
:10B6980037F83246214642F24E00FFF79DF900285E
:10B6A800DFD00A4AC9E702B0BDE8F081940500205E
:10B6B800C004002099DB0200B49C0200BEDB02003B
:10B6C800EFDB02000FDC02002FDC020059DC020075
:10B6D800084BD3E8EF2F22F48061C3E8E01F00286D
:10B6E800F7D1530504D500220220034908F020BBF6
:10B6F800704700BF94050020134D02001FB50023BA
:10B708000190CDE9023302208DF80C1001AA0349FB
:10B7180008F00EFB029805B05DF804FBC5B4000004
:10B72800034610B470B10A4991F8204191F82121DB
:10B738000CB1944208D2013281F821211A7A42F0E0
:10B7480004021A7210BC704710BCFFF719BF00BF83
:10B75800C00400202DE9F843044660B3464D95F82F
:10B76800202195F8213192B1013293421CDC00214D
:10B778000222084602F0FEF80646F0B120460221F1
:10B78800FFF7EEFE3046BDE8F84301F08BBA5BB92F
:10B798003A493B4840F2E6433A4A17F0C8FC40F2BF
:10B7A800E641384817F0BAFC013B85F82131237A85
:10B7B80023F004032372BDE8F88305F1D40019F0DF
:10B7C80006FA8306C0F3401802D5304600F0D2FAD4
:10B7D800002019F03CFA064698B1012103462A4A8E
:10B7E8002A4818F056FB95F8213113B1012019F0B9
:10B7F8002EFAB8F1000FDED0BDE8F843012000F0C2
:10B80800B9BA95F8213195F820219A420CD2013B1A
:10B8180085F82131237A024623F0040302201C49CB
:10B82800237208F085FADEE74FF0FF304FF0FF3162
:10B83800FEF736FE04F10109074668B107210C300E
:10B84800FDF728FC494619F0BBF93246394642F261
:10B858002800FFF7C1F828B101210E4A0B4819F05A
:10B86800ADF9C0E795F82131013B85F82131237AFC
:10B8780023F004032372B6E7C004002074DC02003E
:10B8880004B00200E3DA02008DDC0200B49C02007E
:10B89800414C0200BADC020070B5044611BB20B36B
:10B8A800254919F083F900BB2046FFF77BFD0028E6
:10B8B8003BDA237853B92148C279002A35D1214689
:10B8C80019F07EF90123C371104670BD012B04D114
:10B8D800A37903F0C003C02B07D00121184A1948E7
:10B8E80019F06CF96FF01500EFE7144DEB79012BA7
:10B8F8001ED005F1D40019F06AF9C30707D4002C4B
:10B90800F0D020460C4919F051F90028EAD1EE7917
:10B918002146731C3046EB71FFF75CFD08B93046D1
:10B92800D3E7EB79013BEB71CFE76FF07700CCE71A
:10B938006FF00B00C9E700BF11CD0200C004002062
:10B94800DFDC0200B49C02002DE9F341044640B953
:10B958001A4A02211A4819F031F9002002B0BDE84C
:10B96800F081002141F2090001AAFFF735F80546E8
:10B9780008B1144AEDE7019E0622D6F80C80124958
:10B9880008F1010738461DF01CFE28B1062238468A
:10B998000E491DF016FE18B93046FDF7F5F9DCE73B
:10B9A800D8F801303046C4F80130BB882570A4F8B7
:10B9B8000530FDF7E9F90120D0E700BF0DDD0200F1
:10B9C800B49C020026DD02001ECD020018CD020044
:10B9D80007B56846FFF7B8FF044BD87118B1694638
:10B9E8000020FFF7F7FC03B05DF804FBC00400205B
:10B9F800F0B5304D89B0EC79002C53D195F8C26080
:10BA080016F0010610D12C4A02212C4819F0D6F85C
:10BA1800EC71162600240127EB79E0B298422CD36A
:10BA2800002B3FD000203BE06A4621464FF60940F4
:10BA3800FEF7D2FF08B1224AE6E7DDF800C0DCF8DD
:10BA48000C104B7823B96046FDF79EF91D4ADBE7D9
:10BA58008B1C02AA01F112041746186859680833AA
:10BA680003C7A3423A46F7D11868344638609B8822
:10BA78006046BB80FDF788F9CAE708AB06FB0033D0
:10BA880053F8182C33F8143C6946CDF80120ADF86A
:10BA980005308DF80070FFF79DFC01340028BBD0FD
:10BAA80009B0F0BD0021084609B0BDE8F040FFF735
:10BAB800F3BE00BFC004002044DD0200B49C0200B5
:10BAC80070DD020090DD020038B50C4661B108480F
:10BAD8000578012D04D10130FFF7B4FC08B138BD59
:10BAE800002500202570FAE76FF01500F7E700BF82
:10BAF800C004002070B505460E464FF0FF304FF0E9
:10BB0800FF3186B0FEF7CCFC0446A0B102210C3010
:10BB1800FDF7C0FA094A4670057003A920460523B7
:10BB28000095FEF7ABFC0022214642F20C00FEF71E
:10BB380053FF06B070BD6FF06800FAE79405002067
:10BB480008B50C4B0246400903EB800019F0FCF8DD
:10BB580002F01F0340FA03F313F0010006D122B9E3
:10BB6800054819F0F1F840F3C01008BD6FF07700F0
:10BB7800FBE700BF182A002094050020084A430963
:10BB880002EB8302012300F01F008340DB43D2E86D
:10BB9800EF0F1840C2E8E10F0029F8D1704700BF45
:10BBA800182A002030B587B0002200235F480EF025
:10BBB80001F8002840F098805D4819F0C5F810F0A9
:10BBC80001035B4D4CD02B1D93E8070006AB03E93E
:10BBD8000700584819F0B8F8C0F34013544819F052
:10BBE800B3F80146002871D073B10C2252490DEB0D
:10BBF80002001DF0E6FC002871D000210846FFF77E
:10BC080079FF044600286BD14A4819F09DF842058F
:10BC180001D5FFF75DFD0023ADF80930BDF80E3002
:10BC28009DF80C00ADF80530BDF810308DF8040013
:10BC3800ADF80730431E58420DF10901584119F07B
:10BC480074F8044600284BD14FF0FF304FF0FF3115
:10BC5800FEF726FC0546002848D16FF068043FE04F
:10BC6800344819F071F810F0800F344A0ED04FF4B0
:10BC780080749089D1891269ADF80C40ADF80E0036
:10BC8800ADF81010ADF812300592A2E72C4C03ABBA
:10BC98002068616803C3A068186092F8D930244806
:10BCA8001C0744BF05238DF80D3019F04DF88007A7
:10BCB80006D53023ADF810306023ADF80E3088E794
:10BCC8001B4819F041F84107F3D482E73BB1FFF76D
:10BCD80011FF044620B9184B2861C3E9010000246C
:10BCE80012480EF037F8204607B030BD072201A9E8
:10BCF8000C3018F005FD2246294642F20B00FEF7EB
:10BD08006BFE04460028EBD19DF80D10012001F0D0
:10BD18000101FFF7EFFE04460028E1D1064B06AA11
:10BD280012E9070083E80700D9E700BF342A00209A
:10BD3800182A002094050020282A0020C00400208A
:10BD4800E89E020010B5094C4422002120461DF04F
:10BD580030FC04F11C001CF094FB04F130001CF0D2
:10BD680090FB0022024B1A6010BD00BF182A002069
:10BD7800642A0020044B0038597C18BF012001F0C8
:10BD88000101FFF7B7BE00BF182A0020032838B505
:10BD9800054603D1BDE83840FFF704BFFFF7D0FEE2
:10BDA8000446A8B90B4B6A0903EB8203012205F08C
:10BDB8001F018A40D3E8EF0F1043C3E8E10F0029C1
:10BDC800F8D1FFF7EFFE044610B12846FFF7D6FE7C
:10BDD800204638BD182A00202DE9F04F00F10C0646
:10BDE8008DB00446304618F06FFC0190884818F072
:10BDF800ABFF00F001038648049318F0A5FFDFF8B5
:10BE080014A2C0F380030393019B13B90DB0BDE8DE
:10BE1800F08F049B13B9039B002BF7D0238A082BC0
:10BE280007D801217C4A7D480DB0BDE8F04F18F0D5
:10BE380027B809213046FDF70FF9037A228A013322
:10BE48009A420546EDD30123ADF82C307F238DF8B7
:10BE58002630037A00F1010803445B7A8DF8253017
:10BE6800FF238DF824300023ADF82A300278042A05
:10BE780098BF6B4B8DF8272098BF9B5CADF8283096
:10BE8800037A6348029318F05FFF00F001076048E7
:10BE980018F05AFF81466FB1BDF828305A0709D506
:10BEA800297A30460131FDF7B9F8019B013BDBB235
:10BEB8000193A9E7404618F006FD00284ED04146F8
:10BEC80006A818F0F5FC17B919F0040F5CD1DAF8D8
:10BED8000030B3B1304618F007FC8146029BB4F835
:10BEE80010B0DAF8007023829DF8272033469DF9B8
:10BEF800251006A8B8476369A4F810B013FA89F3A7
:10BF0800E36006AB0893474B1A68002A3AD01368D7
:10BF180003B1083B52F8081CB9B11F46A2F1080347
:10BF28003046059318F0E0FB8146029BB4F810B048
:10BF38002382059B31461B6808A898476369A4F8C3
:10BF480010B013FA89F3E3603B46DBB19F681A68C7
:10BF5800B7B1083F002AE3D13B46F7E76B78FF2BE0
:10BF680009D1314B186806909A889B79ADF81C2046
:10BF78008DF81E30A7E7414618F0A3FE0346F1E707
:10BF8800002ACDD1002308932148BDF8283018F0A5
:10BF9800DBFE10F0010783D1DB0781D50322384689
:10BFA80006A901F0E7FC814600283FF479AF02209A
:10BFB80018F0CDFED5F801304846C9F87E30B8F8FB
:10BFC8000430A9F8823098F8063089F8843018F0DF
:10BFD80048FDA8B11F23394689F80C30484600F0BF
:10BFE800DFFE484600F05EFEFFF7DCFD0346002852
:10BFF8003FF456AF02210D4A084817F04AFF4FE7B1
:10C008004846022100F0CCFE484600F04BFE47E7C8
:10C01800182A0020642A0020BFDD0200D49C0200F8
:10C02800D8DD02005C2A002011CD02000CD00200ED
:10C03800F8B50546224818F087FE43070F463CD559
:10C048002A78012A03D96FF015042046F8BD6B78C9
:10C058000F2BF8D843F6FC746888031F9BB2A342E1
:10C06800F1D8A9880B1F9BB2A342ECD88842EAD327
:10C078007AB90022002313480DF09CFD04460028DD
:10C08800E3D1FFF75DFD044640B10E480DF062FEB6
:10C09800DBE718F038FE0028EBD1D4E72868696898
:10C0A800094E0A4B03C6A8681F6030602046FFF798
:10C0B8006DFE044606F12400E8E76FF00A04C4E7C1
:10C0C80094050020482A00201C2A0020642A002009
:10C0D8000020024B186018F03ABE00BF642A002006
:10C0E8000A4B00F10802196831B98160596839B9F9
:10C0F800C3E90022002070478A4204D00968F3E7A8
:10C108000A605A60F6E76FF0100070475C2A00205A
:10C1180008B5034818F018FE00F0010008BD00BF7C
:10C12800182A0020884208B501F1100310D9984256
:10C1380013D20E4940F2B3230D4A0E4816F0F7FF0A
:10C148000D4816F0F4FF40F2B321094816F0E6FF57
:10C15800EFD000F110029142EAE7013813F8012DFF
:10C168008B4200F8012FF9D108BD00BF0FDE020095
:10C17800DDDD020004B0020066DE020008B511F041
:10C18800E3FF38B101210346034A044817F081FE52
:10C198006FF0040008BD00BF98DE0200AC9C0200EE
:10C1A80008B511F0D3FE38B101210346034A04480B
:10C1B80017F06FFE6FF0040008BD00BFB4DE020088
:10C1C800AC9C020070B592B006460D46144600219C
:10C1D8001C220BA81DF0EDF900230493F6B1EDB174
:10C1E800E4B1314607A8FFF79DFF294B06A80B933A
:10C1F8004FF48073069318F0B3FD069B254E0D93FC
:10C20800102204AB07A90BA80E9611F0E9FD03460E
:10C2180040B10121204A214817F03BFE6FF015007C
:10C2280012B070BD294607A8FFF77CFF05AB029343
:10C2380010233146CDE90043049807AA11F098FE6F
:10C24800034650B9049811F089FD98B101210346BD
:10C25800134A124817F01DFE09E010480121114A3F
:10C2680017F017FE049811F079FD0028EED16FF051
:10C278000400D5E7631E04F11002073413F8011F08
:10C2880012F8015DA3421D701170F7D1C8E700BF15
:10C298000024800000444004D4DE0200AC9C02006C
:10C2A80009DF0200F0DE0200884208B501F1200330
:10C2B80010D9984213D20E4940F2B3230D4A0E48C2
:10C2C80016F035FF0D4816F032FF40F2B321094849
:10C2D80016F024FFEFD000F120029142EAE701387E
:10C2E80013F8012D8B4200F8012FF9D108BD00BFCA
:10C2F8000FDE0200DDDD020004B0020066DE02008F
:10C3080070B53D4B9AB01822002103A802931DF086
:10C3180050F944F2010309A8099318F02EFD099B6E
:10C3280069460493354B02A805931CF078FD034633
:10C3380010B3334A0121334817F0ABFD1F25324BA8
:10C34800D3E8EF1F21F00101C3E8E21F002AF7D16B
:10C358002E4E0FF0C7FD3468002C46D0002D2C4D12
:10C3680018BF0025043C23680BB128469847646829
:10C37800002C3AD0043CF6E701AB4122009809A909
:10C388001CF01FFC034608B1224AD3E7224A0DF1EC
:10C3980025030DF1650153F8040B8B4242F8040B99
:10C3A800F9D101AB20221D4900981CF0B8FB0346C7
:10C3B80008B11B4ABEE7009811F0D0FC054610B141
:10C3C800184A0346B6E714491148FFF76DFF1649A6
:10C3D8001648FFF769FF164BD3E8EF1F41F010012D
:10C3E800C3E8E21F002AAAD0F6E70023C6E9003313
:10C3F8000FF0EAFD1AB070BD1271000100000209C9
:10C4080035DF02007C9C0200682A0020702A002088
:10C418003B5F002053DF0200FB5E0020DB5E002054
:10C4280076DF02009ADF02001B5F00205B5F0020BE
:10C4380094050020042330B5A7B03D22002116A89A
:10C4480015931DF0B6F8304B1822002107A8069363
:10C458001DF0AFF844F201030DA80D9318F08DFC00
:10C468000D9B20220893294B2949099306A804AB60
:10C4780011F0B6FC0346E0B1264A0121264817F020
:10C4880008FD6FF004040FF02DFD244B1D6865B105
:10C4980000201860224BD3E8EF1F21F00201C3E807
:10C4A800E21F002AF7D144B3A8470FF08DFD27B04B
:10C4B80030BD1C4B0DF15502194603F1400053F8ED
:10C4C800044B834242F8044BF9D105AB0293202375
:10C4D8000E48CDE9001315AA412304991CF051FC1C
:10C4E800034608B1104AC8E7049811F037FC04461F
:10C4F8000028C8D00D4A0346BFE70DA80949FFF731
:10C50800D3FE0DA8D0E700BF127100010000020998
:10C51800DB5E0020BADF02007C9C02006C2A00204F
:10C52800682A0020FB5E0020F0DF02000CE0020019
:10C53800402208B503491DF044F8B0FA80F04009DC
:10C5480008BD00BF74E0020010B51D4B9AB0182258
:10C558000446002103A802931DF02BF84FF48043F2
:10C5680009A8099318F009FC099B21460493154B67
:10C578000DF12500059304238DF82430FFF794FE70
:10C5880004F120010DF14500FFF78EFE412201ABB9
:10C5980009A902A811F024FC044602A81CF0B7FC63
:10C5A8002CB9019811F0DAFB01201AB010BD064829
:10C5B80023460121054A17F06CFC0020F5E700BF6F
:10C5C80012410001000002097C9C020029E00200DF
:10C5D80010B5002834D01D4A136823B1043B984293
:10C5E80031D05B68F9E71A4BD3E8AF1F890707D545
:10C5F80018480221184A17F043FC6FF00F0010BDCD
:10C608001468011D44605068116000B95160D3E896
:10C61800EF2F42F00101C3E8E01F0028F7D1D3074C
:10C6280001D50020EBE70D4BD3E8EF1F21F01001F7
:10C63800C3E8E21F002AF7D10948FDF7E3F8F0E75D
:10C648006FF01500DBE76FF07700D8E7702A00205D
:10C65800682A00207C9C02004DE00200940500201E
:10C6680008080020044BD3E8AF3F13F0100F03482D
:10C6780008BF0020704700BF940500203B5F0020E2
:10C6880070B50546194803688B4228D0184BD3E883
:10C69800AF3FDA0626D5036813B16FF00F0070BDFF
:10C6A800144AD2E8AF3FDB07F7D4D2E8EF3F43F0B4
:10C6B8000204C2E8E64F002EF7D113F00204ECD1D1
:10C6C800016029460C48FFF7EFFD0C4805F12001F1
:10C6D800FFF7EAFD0A48FDF795F82046DFE76FF017
:10C6E8007700DCE76FF07C00D9E700BF6C2A0020F8
:10C6F80094050020682A0020FB5E00201B5F0020B4
:10C70800F807002010B50446FCF75EF9044901EB70
:10C7180000112046FDF748F9BDE81040FEF77CB847
:10C72800782A002070B50546134B1C6844B154F8AC
:10C738001C3C1C3C13B12846297B9847E469F5E763
:10C748000E4C0F4EB44215D90E4940F2B5730E4A3D
:10C758000E4816F0ECFC0E4816F0E9FC40F2B571F4
:10C76800094816F0DBFC236813B12846297B984753
:10C778002034E7E7F7D370BDAC2A0020049C020000
:10C78800449C0200EBE00200BBE0020004B002009F
:10C798008CBA020008B50B4B1B7873B90A4940F2F2
:10C7A80046330A4A0A4816F0C2FC0A4816F0BFFC8B
:10C7B80040F24631054816F0B1FC1CF09FFF064BCD
:10C7C800185808BD8E61002069B602003EB6020006
:10C7D80004B002007CB602000800000070B50446F0
:10C7E80049B90E490E484E230E4A16F0A0FC4E21B8
:10C7F8000C4816F093FC0022D1E901560A48C1E919
:10C8080001221BF05EFE3DB1314620462B46BDE8B5
:10C8180070406FF06D02184770BD00BF06E102005E
:10C8280004B00200BBE00200580C002010B50C4612
:10C83800817801290BD00C490C4840F2F2330C4A9C
:10C8480016F075FC40F2F231094816F067FCA16950
:10C8580004F118001160E26900211A60E27ABDE86B
:10C8680010401CF0A6BE00BF09E1020004B002009F
:10C87800BBE0020070B505460022002316480DF003
:10C8880031FD38BB154B1C6834B154F8143C1C3CC2
:10C8980003B19847E469F7E7114C124EB44213D933
:10C8A800114940F27B63114A114816F040FC1148C7
:10C8B80016F03DFC40F27B610C4816F02FFCA36893
:10C8C80003B198472034E9E7F9D32846BDE870401A
:10C8D8000EF0A4B870BD00BF080C0020AC2A0020E0
:10C8E800049C0200449C0200EBE00200BBE0020052
:10C8F80004B002008CBA02002DE9F8430446FFF7A1
:10C9080049FF1E4BD3F88030834211D120270025E0
:10C91800DFF86C80EFF3118387F31288BFF36F8F12
:10C92800E16989B983F31188BFF36F8FBDE8F88394
:10C938001449154840F22713144A16F0F8FB40F240
:10C948002711124816F0EAFB206A0A68814208BFDC
:10C958002262E26183F31188BFF36F8FD1E9016925
:10C968004046C1E901551BF0ACFD1EB10022494605
:10C978002046B047FDF750FFCCE700BF701F0020EE
:10C98800580C00201BE1020004B00200BBE00200CA
:10C998001FB504460430D0E8EF3F43F48062C0E896
:10C9A800E12F0029F7D15B053CD418F003FA800386
:10C9B80024D5E178002937D0012941D0637B072BA2
:10C9C80030D1264B93F8D8309B062BD518F01BF89E
:10C9D80040B30DF10E0103A8FEF7A6F810BB2046E0
:10C9E800BDF80E20BDF80C1018F07CF80346C8B14D
:10C9F80001211B4A1B4818F0E0F913E0E37823B142
:10CA0800164B93F8D8301907D3D5204618F04FF8AD
:10CA1800034620B10121144A124818F0CEF9637B6D
:10CA2800072BC6D004B010BD0C4B93F8D930DA07E9
:10CA380008D4022302210D4A0A4818F0BEF9BDE7BE
:10CA48000023F7E7022320461A46009118F069F8F8
:10CA580003460028B2D00121054AEDE7C0040020B2
:10CA6800B2E10200649C020061E1020082E102007E
:10CA78009BE102000448B0F8043100F58470002BF3
:10CA880008BF0020704700BFC004002070B58AB0FE
:10CA980004460E46FFF77EFE144BD3F880208242F0
:10CAA80005D120460AB0BDE87040FFF725BF243401
:10CAB800214618461BF083FD051E0FDA40F25F136E
:10CAC8000B4A0C490C4816F032FB29460B4816F065
:10CAD8002EFB40F25F11064816F020FB1EB1694696
:10CAE80020460DF0A1FF0AB070BD00BF701F0020E6
:10CAF800BBE00200EFBB020004B00200CEE102007E
:10CB080038B5002204468A4202D10024204638BDA6
:10CB1800012004F1C403D3E8EF5F002D04D1C3E87A
:10CB2800EC0FBCF1000FF6D102D0C8340244EAE79A
:10CB3800002CEAD0C422002120461CF03AFD04F162
:10CB4800400004490EF07EF9034904F124000DF079
:10CB58003DFEDBE739DB0000C74D0200F7B516469E
:10CB68000D4601210446FFF791FF012E23D0022E26
:10CB780050D123693BB130480121304A17F080F980
:10CB8800204618F040F9256121690B8A012B51D9FB
:10CB9800CA681288043292B293424BD341D9012118
:10CBA80000922548264A17F07EF9204603B0BDE8D2
:10CBB800F04018F028B9206940B9224A31461E4889
:10CBC80017F05EF9204618F01EF901E02F8A2FB9F8
:10CBD800284603B0BDE8F040FCF7D6B80C3017F093
:10CBE80087FD87420CD9184A3146134817F048F98F
:10CBF80000222046216901F05BFB00232361E7E75F
:10CC080020692A8AE9680C3017F07AFD2846FCF773
:10CC1800BBF8B9E7334601210C4A074818F0CDF8AC
:10CC2800D0E7002301222046236103B0BDE8F0408D
:10CC380001F03EBB03B0F0BD649C0200E9E10200D4
:10CC480069E2020006E2020024E202004BE202006E
:10CC5800034610B590B100F1C402104618F0AAF8C6
:10CC6800C0B1411CD2E8EF4F844204D1C2E8EC1FA6
:10CC7800BCF1000FF6D1F0D1184610BD064907489F
:10CC880040F2BA53064A16F052FA40F2BA51044832
:10CC980016F044FA0346EFE7B8E5020004B00200D4
:10CCA800BBE0020010B5044670B9214940F2E253D6
:10CCB800204A214816F03BFA204816F038FA40F28C
:10CCC800E2511C4816F02AFA24300DF0F5FDC43460
:10CCD800D4E8EF3F5A1EC4E8E12F0029F8D1002B11
:10CCE8000CDC174940F2F353124A134816F01FFAA6
:10CCF800144816F01CFA40F2F351E2E7012B15D163
:10CD080060B1114940F2FC530A4A0B4816F00FFA79
:10CD18000E4816F00CFA40F2FC51D2E70C480DF020
:10CD28005DFABDE810400B480DF078BE10BD00BF9D
:10CD3800B8E50200BBE0020004B0020084E2020091
:10CD4800A3E20200ABE20200C9E20200DDE2020057
:10CD5800080C00202808002010B50446FFF778FFCB
:10CD68000FF0C0F80C4B04F1B801D3F824312BB9FB
:10CD78000A4818F00FF80FF027F906E0994208D191
:10CD88000FF022F92046FFF78DFFBDE81040FDF7B0
:10CD980043BD1B68EBE700BFC0040020E40500208A
:10CDA800F8B5457B04468D420E4600AF1BD1082DD1
:10CDB80098BF654B6C4688B094BF53F82530634BD9
:10CDC8006A466349C2E905134FF400739383614BC4
:10CDD80042F8103F00234FF4E4515F48F9F73EF85A
:10CDE800A546BD46F8BD4173D5B1022D1BD0637B66
:10CDF800082B00F2A58001A252F823F04DCE0000C6
:10CE0800EFCE0000B7CE0000EBCD0000EBCD000068
:10CE1800EBCD0000EBCD00003DCE0000EBCD0000D7
:10CE2800FFF716FFE3E78378012BE0D140300EF0DF
:10CE38009FF9DCE70021494810F0A2F90023C4E972
:10CE48000D33CEE7082DCCD8DFE805F02A052117E9
:10CE58002626212A2A0004F1400528460EF088F9E2
:10CE680001212046FFF712FE204617F0CCFF0022D2
:10CE7800002328460EF076F9B3E7022017F067FF83
:10CE8800034620B10221364A334817F096FF237B28
:10CE980013B12046FFF746FC2046FFF703FFA0E743
:10CEA8003346304A02212C4817F087FF99E7A378C8
:10CEB800012B96D12C4B9D8A002D92D00A234FF43A
:10CEC800004640F2E73000215D434FF47A720023B8
:10CED800C5FB0601F4F704F802460B4604F14000CE
:10CEE8000EF0B8F87DE7237B3E2B0FD16D4688B056
:10CEF8006A461E4BC2E90534032342F8103F00235B
:10CF08004FF4C4511448F8F7A9FFAD46164D05F57E
:10CF18008476616911B9FDF77FFC62E7A2690B6845
:10CF2800914208BFA36120466361FFF757FCB5F83B
:10CF38000431002B14BF304600200DF04FF9E8E70C
:10CF480033460B4AAEE700BF3CA3020014E30200DD
:10CF58001EE3020003000001649C02003808002060
:10CF68002FE3020060E30200C004002077E3020020
:10CF78009EE30200F8B5074609480D461646FFF736
:10CF880067FE044650B183781F4203D1BDE8F840DC
:10CF9800FFF788BE3146A8472046F7E7F8BD00BF2F
:10CFA800381A0020002201200149FFF7E3BF00BF23
:10CFB800034E020070B505460E480E46FFF748FEC0
:10CFC8000446A0B1437B012B02D0073B012B0CD8B0
:10CFD8002388AB4208D1A3781E4209D12B460221EF
:10CFE800054A064817F0E9FE2046FFF75BFE0024D5
:10CFF800204670BD381A0020BAE30200649C020083
:10D0080008B5114B98420AD303F1C802904206D2E0
:10D01800C822C01AB0FBF2F302FB130373B10B4929
:10D0280040F21A630A4A0B4816F081F80A4816F0CB
:10D038007EF840F21A61064816F070F8074BC010E7
:10D048005843C0B208BD00BF381A0020D1E302001F
:10D05800BBE0020004B0020048E50200295C8FC270
:10D068002DE9F84305460F4616461C469046994654
:10D078001BF0B5FA58B11749174840F23663174AFA
:10D0880016F055F840F23661144816F047F8344364
:10D098000BD0FFF77FFB124BD3F88030834207D1C8
:10D0A8000221104A104816F0EBFE4FF00008C14666
:10D0B8000E4942464B46002D14BF2846084617F035
:10D0C800EBFA044618B1791D0C30FBF765FF2046D2
:10D0D800BDE8F88362E5020004B00200BBE002008C
:10D0E800701F002071E50200649C0200A80C00205B
:10D0F80010B5044605480DF091FC204600F086FF67
:10D108002046BDE81040FFF70DBB00BF18080020FF
:10D1180010B5437B0446023B062B35D8DFE803F005
:10D128000D0434343427320001730021FFF738FE30
:10D13800BDE810400220FEF729BE8378012B06D1F6
:10D1480040300EF015F8BDE81040FDF7EFBD40F295
:10D158009F730F4A0F49104815F0E9FFA1780F484F
:10D1680015F0E5FF40F29F71094815F0D7FF0088D8
:10D1780017F079FC38B9637B072B03D108212046C7
:10D18800FFF70EFE002010BD6FF07F00FBE700BF29
:10D19800BBE00200790D030004B002009AE502002A
:10D1A8002DE9F04F002387B000AFFB607B619D4BFA
:10D1B8005A8C3AB19C4DD5F824413CB91C37BD4630
:10D1C800BDE8F08F1B68002BF4D1F7E754F8B839A5
:10D1D80003B1B83B0026954913E01346B5F804217E
:10D1E800002A00F0CB81D5F81021C2B904F1B806A5
:10D1F800002BE3D0D3F8B8201C46002AEDD0A2F1CA
:10D20800B8039C42EAD18A4940F2BD33894A8A4828
:10D2180015F08DFF40F2BD31864815F07FFF0A6892
:10D22800002AE3D0D4F8A420002ADFD0D4F8A8201C
:10D23800002ADBD0D4F8AC20002AD7D0637B072B98
:10D2480041D12046904700283DD004F1BC0017F09A
:10D25800B1FD022837DC2046FFF7FAFC0446002817
:10D26800ACD0637B072B40F086812046D4F8A430ED
:10D27800B5F8041107F1100298478046002800F01D
:10D288006881B5F804213B699A4208D30146D4F86D
:10D29800A860204607F1140307F10C02B0473B6968
:10D2A800D7F80CA07B60B8F81030D7F81490002B92
:10D2B8003BD1624940F291235E4A5F4815F037FF3F
:10D2C80040F29121A8E704F1B803B34209D15C49BF
:10D2D80040F2DA33574A584815F029FF40F2DA315C
:10D2E8009AE7D4F8B820C6B9D5F82811C5F824218A
:10D2F8008B4201D1C5F8282100232046C4F8B83054
:10D30800D4F8AC3098470028ABD0637B072B40F0AB
:10D3180032812046FFF720FDA3E73260D5F82821A7
:10D32800934208BFC5F82861E6E7404617F0F7FAC8
:10D3380048B142494FF426733E4A3F4815F0F7FE7C
:10D348004FF4267168E7B5F804313E48002B08BF52
:10D358000020002200230CF0C5FF60B137494FF4CC
:10D368002A73344A344815F0E2FE374815F0DFFED8
:10D378004FF42A7150E7002200232C480CF0A2FE3B
:10D38800064660B92D4940F2B3232A4A2A4815F0C7
:10D39800CEFE2E4815F0CBFE40F2B3213CE7C0E9A3
:10D3A80001A97B68B5F804B15B4598F8083098BFC7
:10D3B800B7F804B0013B012B09D9254940F2D32322
:10D3C8001C4A1D4815F0B3FE40F2D32124E740461D
:10D3D80017F0A5FA814638B11E49AD23154A1648FB
:10D3E80015F0A5FEAD2117E70146002200230D48E0
:10D3F800FBF726FB824658B1FBF7E6FA164B414687
:10D4080003EB00135A465046FCF7F6FA804638BB41
:10D4180012494FF43773074A074815F088FE4FF44E
:10D428003771F9E6780D0020C0040020580C002060
:10D43800B1E50200BBE0020004B00200790D030070
:10D44800BDE50200C8050020D8E50200EDE50200B0
:10D45800FDE5020025E60200782A00203FE60200EA
:10D468007B68B5F8042194F8C0B093428CBF4FF0A4
:10D4780001090BF1020384F8C09098BF5FFA83FB9F
:10D4880004F1BC09D9E8EF2F0132C9E8E12F0029DE
:10D49800F8D104F11403314618467B6017F07AFC82
:10D4A80094F802A0BAF1010F57D108F10C02042137
:10D4B80010467A60FBF792FD21880BF0FD0341EAE4
:10D4C80003330380B8F810307A68043B43800221A4
:10D4D800104617F0F2F84046FDF7C4F800284AD085
:10D4E8007860D9E8EF2F013AC9E8E12F0029F8D18F
:10D4F800314604F1140017F065FC7B685146204A58
:10D50800204817F05AFC4046FBF73EFC20463146BF
:10D51800FFF764F9B5F804311B48002B08BF002059
:10D528000CF05CFE6D4688B06A46184B53616FF08C
:10D538000403C2E90634042342F8103F4FF40151B2
:10D5480010480023F8F78AFC1321AD462046FFF760
:10D55800DFFD2046FFF7A6FB30E64FF440730C4A88
:10D568000C490D4815F0E3FDA1780C4815F0DFFDD6
:10D578004FF4407150E6FDF74FF9EAE79368FFDE94
:10D58800F1D40200649C0200C805002070E6020085
:10D59800BBE00200790D030004B0020053E602006C
:10D5A80040F2E2432DE9F041D0F888600446B6FB2A
:10D5B800F3F6031D184617F0FDFB8204B6B213D527
:10D5C800B4F88C20B2420FD8B4F88E20B2420BD3F4
:10D5D800D4E92412914207D1D3E8EF1F21F4005176
:10D5E800C3E8E21F002AF7D1184B1D6865B155F84A
:10D5F8000C7C1C3D37B131462046B4F89230B4F863
:10D608009020B847ED69F1E7114DDFF848804545AE
:10D6180019D9114940F2FB73104A114815F087FDDA
:10D62800104815F084FD40F2FB710C4815F076FDAA
:10D638002F6937B131462046B4F89230B4F89020BB
:10D64800B8472035E3E7F3D3BDE8F081AC2A0020E2
:10D65800049C0200449C0200EBE00200BBE00200D4
:10D6680004B002008CBA02002DE9F04107460846D2
:10D678000D4617F0CAF9064618B900263046BDE827
:10D68800F0811C4B1C6884B154F8103C1C3C0BB94D
:10D69800E469F8E72946384698470028EDD0284637
:10D6A80017F0B3F90028F3D1E7E7134CDFF84C8003
:10D6B800444518D9124940F63C03124A124815F05D
:10D6C80036FD124815F033FD40F63C010D4815F0C3
:10D6D80025FD2946384698470028CED0284617F019
:10D6E80094F920B9C9E7C9D2E368002BF1D12034F5
:10D6F800DEE700BFAC2A0020049C0200449C020024
:10D70800EBE00200BBE0020004B002008CBA0200A9
:10D718002DE9F041C37804468BB900F17E06194B18
:10D728001D687DB11C3D04F170076B691BB13A4659
:10D73800314620469847ED6925B11C3DF5E700F1D3
:10D748007706ECE7104D114F04F17008BD4216D969
:10D758000F4940F6C4130F4A0F4815F0E8FC0F486C
:10D7680015F0E5FC40F6C4110A4815F0D7FC6B69C2
:10D778001BB142463146204698472035E6E7F6D3A6
:10D78800BDE8F081AC2A0020049C0200449C020001
:10D79800EBE00200BBE0020004B002008CBA020019
:10D7A800F8B5437A05468372164617F0BDFC154B4B
:10D7B8001C684CB154F8043C1C3C1BB1324628464A
:10D7C800697A9847E469F4E70F4C104FBC4216D9C0
:10D7D8000F494FF422630F4A0F4815F0A8FC0F4871
:10D7E80015F0A5FC4FF422610A4815F097FCA369CF
:10D7F8001BB132462846697A98472034E6E7F6D3C3
:10D80800F8BD00BFAC2A0020049C0200449C020022
:10D81800EBE00200BBE0020004B002008CBA020098
:10D8280038B505460C460F480121FFF769F9C0B124
:10D83800057223680367A388A0F87430A37980F879
:10D8480076300123437283728370074BC0F8A4308B
:10D85800064BC0F8A830064BC0F8AC30054BC0F8F2
:10D868008C3038BD381A0020C1DE000035C80000F1
:10D87800B14D02001800280070B505460A480E464A
:10D88800FFF7E6F9044620B18378012B04D0FFF7AF
:10D8980009FA0024204670BD3246294617F077FB66
:10D8A8000028F7D12046F2E7381A0020B0B500AFBB
:10D8B8000D46FFF7E1FF044610B32846FBF7A8FD25
:10D8C800637B6D46082B98BF0E4A8AB094BF52F806
:10D8D80023300D4B6A46C2E907030C4B0C495362CF
:10D8E8000C4BC2E9051442F8103F00234FF4425193
:10D8F8000948F8F7B3FA2046AD46FFF7D3F90120F7
:10D90800BD46B0BD3CA3020014E3020001030204BB
:10D9180093E6020005000002649C020038B5044644
:10D92800134817F047FA420702D46FF00A0038BDCF
:10D93800084617F06AF810B96FF01500F7E7FEF718
:10D94800E7FB0028F1D10A4817F034FA0306C0F3C0
:10D95800C0150AD417F0D7F90028EDD0214628467B
:10D96800FFF7A4FF0028E2D0E6E76FF07700DEE7D4
:10D9780094050020F8B505460E480E461746FFF7F1
:10D9880067F9044620B18378012B03D0FFF78AF9A1
:10D9980000240DE036B13246294617F0F8FA08B9E6
:10D9A8002046F3E7637BBB42FAD1237AAB42F7D137
:10D9B8002046F8BD381A00202DE9F04104460F46EC
:10D9C80015469846002B6ED01B6823B10221394AB0
:10D9D800394816F055FA29462046FFF79FFF0646B4
:10D9E80000283FD12046294617F0A8FA0446002807
:10D9F8005CD097E80F00314D05F1080C8CE80F005A
:10DA0800AB8A002B08BF4FF49673AB822B8A03B9FD
:10DA1800AB892B826B8A03B9EB8929486B8217F093
:10DA2800C9F9430501D5FDF753FE95F8212195F86D
:10DA380020319A4219D903212046FFF7B1F9022073
:10DA4800FEF7A4F9054658B1022017F080F92046E0
:10DA58000021FFF7A5F92046FFF724F92E4601E03B
:10DA6800C8F800403046BDE8F08102212046FFF7A3
:10DA780097F9204616F0F5FF05460028F0D000215A
:10DA880020462173FFF78CF92046FFF70BF9032096
:10DA9800FEF77CF903460028E0D00221094A06482F
:10DAA80017F08BF9DAE76FF01506DBE76FF00B0676
:10DAB800D8E700BFCCE60200649C0200C004002046
:10DAC800940500200CD0020038B5044608460D46DF
:10DAD80016F09BFF38B3154B93F8D830990707D445
:10DAE800E37873B129462046BDE8384000F00CBC05
:10DAF80094F898309A07F3D5201D17F05BF9430482
:10DB0800EED42946204617F068FA58B92B88A4F8AD
:10DB18008C306B88A4F88E30AB88A4F89430EB88EE
:10DB2800A4F8963038BD6FF01500FBE7C00400205C
:10DB3800F7B510F8333C0446A0F140068BBB3046DD
:10DB480017F095FA3A4B1D684DB155F8183C1C3D35
:10DB58001BB1304614F8341C9847ED69F4E7354D8D
:10DB6800354FBD4216D9354940F2C473344A354859
:10DB780015F0DDFA344815F0DAFA40F2C47130488D
:10DB880015F0CCFA6B681BB1304614F8341C984772
:10DB98002035E6E7F6D3304603B0BDE8F040FFF79E
:10DBA80081B810F83E3C012B3AD110F83D3C8BB9B6
:10DBB800FDF7BCF8693033D10221244A244816F015
:10DBC8005FF94FF4A4720023204603B0BDE8F0408B
:10DBD8000DF0C8BAA0F13C05D5E8EF3F23F4005298
:10DBE800C5E8E12F0029F7D19B0411D5E36C6946FC
:10DBF8000093636D30460193FFF766FF034688B9CB
:10DC0800D5E8EF3F23F48053C5E8E23F002AF7D177
:10DC1800D5E8EF3F43F40063C5E8E23F002AF7D1B7
:10DC280003B0F0BD02210B4A094817F0C6F8EFE728
:10DC3800AC2A0020049C0200449C0200EBE0020095
:10DC4800BBE0020004B002008CBA020001E7020047
:10DC5800649C020034E702000B4B58B11A6862B9A1
:10DC680002693AB902685AB942684AB982683AB947
:10DC780042692AB91860002070476FF07700704732
:10DC88006FF01500704700BFBC2A002008B568B1C6
:10DC9800094B00F10C011A6822B9074817F07AF805
:10DCA800104608BD914204D01268F5E76FF01500E0
:10DCB800F7E76FF07700F4E7B42A002010B90248BC
:10DCC800FEF7C6BF00207047381A002038B515483F
:10DCD8001AF0EAFB144913481AF0F3FB13491148E8
:10DCE8001AF0EFFB12490F481AF0EBFB17F044FE4D
:10DCF80005F078FF054698B917F07EFA0D48FEF74B
:10DD0800A7FF044660B1043017F054F8C30704D5E0
:10DD1800032120462572FFF743F82046FEF7C2FF8D
:10DD2800284638BD580C0020882A0020942A002054
:10DD3800A02A0020381A002010B50268D2F8B030A6
:10DD48005BB90D490D4840F2F1230D4A15F0EFF982
:10DD580040F2F1210A4815F0E1F9D2F8B440196807
:10DD6800A34200F14C0008BFC2F8B4108342C2F8C5
:10DD7800B010E6D110BD00BF13E8020004B00200E5
:10DD8800E2E7020008B503460121034A034816F0FA
:10DD980080F8002008BD00BF2DE80200C49C0200E6
:10DDA80080B500AF88B06A46074BC2E90530032347
:10DDB80042F8103F00234FF4C2510448F8F74EF8D8
:10DDC8006FF00B00BD4680BD55E80200C49C020000
:10DDD800044B1A680AB1FFF7E3BF034858601046BE
:10DDE8000B607047C02A002088A3020070B5044663
:10DDF80052EA030007D1002213462046BDE87040CE
:10DE08000431FFF72DB90E48007870B90D4940F27A
:10DE180046330D4A0D4815F08AF90D4815F087F973
:10DE280040F24631084815F079F91BF067FC094DB6
:10DE3800094ED5F8805030588542DED1DBE700BF67
:10DE48008E61002069B602003EB6020004B00200EE
:10DE58007CB60200701F00200800000073B505465C
:10DE680018462B680BB35B7B072B1ED1002A14BF07
:10DE7800022301230E7A9E4209DD01210C4A0D4836
:10DE8800009616F010F86FF0150002B070BDCB7A4E
:10DE9800072BF8D9C8618A6105F130001AF011FB27
:10DEA800284617F0C4F80020EFE76FF07F00ECE792
:10DEB8007CE80200C49C02002DE9F04780460E462B
:10DEC8009146D0F8B04000AF4CB14C3C236B6BB1DD
:10DED80004F1300A50461AF009FB054658B9FCF718
:10DEE8009BFC00252846BD46BDE8F0872046FFF785
:10DEF80023FFE46CE8E798F80D30072B0BD03C497A
:10DF080040F2D7333B4A3C4815F011F940F2D7317B
:10DF1800384815F003F916F002FD80B16C4688B058
:10DF28006A46364BC2E90535032342F8103F002301
:10DF38004FF4C2513248F7F791FFA546D1E728467A
:10DF4800FAF764FF236D0546B3B9A38CB0F81080C7
:10DF5800403B9BB23F2B03D8238D984528BF98465A
:10DF6800042105F10C00FBF739F8A0F80080A38C18
:10DF7800438008F104032365236D2A8AB3420ED82F
:10DF8800934215D0A38C403B9BB23F2B2CD9204603
:10DF9800FFF7D2FE236B13B1204617F048F8236D24
:10DFA8009E422CBF00269E1BC9F80030266599E7C3
:10DFB8000022002350460CF085F8854209D011490B
:10DFC80040F209430B4A0C4815F0B1F840F20941F8
:10DFD8009EE7FAF7D9FEA38CA3F140023F2AD6D8D0
:10DFE800094AAA61EB61D2E700221346F9E700BFAC
:10DFF8009CE80200E2E7020004B00200BDE802006B
:10E00800C49C0200D5E80200B35102002DE9F34197
:10E0180004464FF000083D4D3D4FBD4271D93D4982
:10E0280040F2A7133C4A3D4815F081F83C4815F0EA
:10E038007EF840F2A71110E029884B1E3E2B0FD91D
:10E048004FF4D573344A3749344815F070F82988A5
:10E05800354815F06CF84FF4D5712F4815F05EF877
:10E06800204617F099F80646019068B14FF4D77327
:10E07800294A2E49294815F05AF829882C4815F0BC
:10E0880056F84FF4D771E8E720466B6801A998471E
:10E09800002831DB019B2A889A829A8403F11002B6
:10E0A800D2E8EF1FC2E8E06F0028F9D1DE641E65F0
:10E0B8009E60A16B03F1080201BBC4E90D221C603C
:10E0C800C3F80C8003F130001AF0EEF901984368A8
:10E0D8001B6803B19847019B1033D3E8EF1F41F049
:10E0E8000101C3E8E21F002AF7D101984368DB6900
:10E0F80013B100F11001984708358EE70A60A26352
:10E10800DDE799D302B0BDE8F08100BFEC9B0200C7
:10E11800049C02007EE90200E2E7020004B002006B
:10E128008CBA0200E5E8020014E902003FE90200A7
:10E1380053E90200F0B50D460646042185B005F105
:10E148000C00FAF789FF2A8A43880446934207D0CD
:10E1580000931346464A0121464815F0A4FE10E0F4
:10E16800417839B90121444A424805B0BDE8F04038
:10E1780015F086BE0278122A0BD0132A03D0012A82
:10E188005DD105B0F0BD022BFBD0022200923B4AC4
:10E19800E1E7082B3468EA6803D008220092384A7D
:10E1A800D9E7637B072B02D00221364ADCE7E77800
:10E1B800A7B10222012016F0D4FF05460028E0D0BE
:10E1C80002210C30FAF766FF0023294603704370DA
:10E1D800204605B0BDE8F04016F0F4BF13881320C0
:10E1E800ADF808305388ADF80A309388ADF80C3094
:10E1F800D3880222ADF80E3016F0B3FF054600288A
:10E20800BFD002A92046FFF72FFA0646022105F1E2
:10E218000C00FAF73FFF56B12946077047702046B1
:10E2280016F0D0FF204602A916F0D7FEA9E7012371
:10E23800467003702946204616F0C4FFA1E7022164
:10E2480013460C48104A15F024FE6178022201207A
:10E25800356816F086FF0446002892D002210C305B
:10E26800FAF718FF00232146037043702846B0E7E9
:10E27800A5E90200C49C0200C6E90200E7E9020021
:10E2880012EA020044EA020052EA020008B50B8AC8
:10E29800032B06D80121044A044815F0F1FD00209B
:10E2A80008BDFFF747FFFAE77AEA0200C49C0200BC
:10E2B80038B50B8A0546032B0C4609D801210F4AAD
:10E2C8000F4815F0DDFD2046BDE83840FAF75CBD83
:10E2D800042104F10C00FAF7BFFE4188284616F025
:10E2E80082FF30B9074A0B460548022115F0D1FDD7
:10E2F800E9E7436821465B699847E4E798EA020042
:10E30800C49C0200B5EA020070B5124B0C4619789D
:10E3180005460131C9B2012938BF0121082212205E
:10E32800197016F01EFF064688B108210C30FAF75E
:10E33800B1FE22883146028062884280A2888280AB
:10E34800E288C2802846BDE8704016F03BBF6FF0F7
:10E358000B0070BD7B5F002023281FD81A2804D823
:10E36800431E182B0ED906207047A0F11B03082B5B
:10E378001ED8DFE803F0051D1B231D19251D050008
:10E388000320704701230F4A83401A40C2B90E4A3E
:10E398001A40002A14BF01200620704700F07F03AE
:10E3A800522B05D100207047012070470520704787
:10E3B80010F0400F0CBF0620002070470420704763
:10E3C80002207047AAAA8A025455450138B5044666
:10E3D800EFF31185202383F31288BFF36F8F24484E
:10E3E8000EF0B6FA68B98823224A2349234814F064
:10E3F8009EFE1F49224814F09AFE88211D4814F0F9
:10E408008DFE1B480EF0C8FA002323601D4B5A6886
:10E418009AB9C3E9004416480EF0A8FA80B94FF437
:10E428009A73144A1849154814F081FE1049174880
:10E4380014F07DFE4FF49A71E0E714605C60EAE73F
:10E4480085F31188BFF36F8F11480CF0E7FA031EAC
:10E458000CDA01210F4A104815F01BFD002383F345
:10E468001188BFF36F8F0323184602DF38BD00BF42
:10E478001C2B0020C4B60200F1B6020004B0020052
:10E4880006B70200142B00201CB7020033B70200A5
:10E4980070080020EAEA0200549C0200011F0148AB
:10E4A8000BF0A8BACC0A002008B50B4B1B7873B93F
:10E4B8000A4940F246330A4A0A4814F038FE0A4824
:10E4C80014F035FE40F24631054814F027FE1BF0E3
:10E4D80015F9064B185808BD8E61002069B6020070
:10E4E8003EB6020004B002007CB60200080000003C
:10E4F80010B50446807AFAF75FFA0B4B83420BD0CB
:10E508000A490B484FF4B5730A4A14F010FE4FF449
:10E51800B571084814F002FE2046FAF755FA182299
:10E52800054B02FB003010BDDC0C002042EB020062
:10E5380004B0020013EB0200202B00202DE9F04765
:10E54800074608460C46FFF7D3FFE3680646D0F8AF
:10E55800089007F15802D2E8AF2FD20709D4012159
:10E56800284A294816F06BFE6FF015052846BDE8C5
:10E57800F087228A5AB9254925484FF4DB73254A82
:10E5880014F0D5FD4FF4DB71224814F0C7FDE268A2
:10E5980012780271002202601B78D22B0FD13B68DF
:10E5A8002146186818F05BFA054640B101211A4A5D
:10E5B800154816F044FE2046FAF7E6FBD6E704F1C4
:10E5C8000C0016F091F80023B4F810A080461A4603
:10E5D8002146B760381DFFF741FC05460028C5D025
:10E5E80010F1690F04D101210C4A074816F027FEE3
:10E5F8006369A4F810A013FA88F3E360C6F80890DA
:10E608003560B3E76EEB0200549C020088EB020011
:10E6180004B0020013EB0200AEEB0200C1EB0200F3
:10E628000121024A024816F00ABE00BFE4EB0200CC
:10E63800549C020070B503788AB004460E4607ADB4
:10E64800032B20D8DFE803F002191B1D11492846C7
:10E65800F2F76AFC059563781E210493A378304687
:10E668000393E3780C4A0293237901936379009327
:10E67800A37913F0DBFA0AB070BD0849E7E7084947
:10E68800E5E70849E3E70A212846074A13F0CEFAE6
:10E69800E0E700BFD7AD0200F9AD0200DEAD020031
:10E6A800E5AD0200EFAD0200DCF902002DE9FF4103
:10E6B8004FF000084FF4205305460E46006802A9A3
:10E6C800144617688DF80880ADF80A3016F094F8EB
:10E6D800A0B142F60103286803A98DF80C80ADF8B3
:10E6E8000E3016F089F848B123691BB15A88B24236
:10E6F80000D25E80012004B0BDE8F081616828681E
:10E7080016F07AF810B100232361F3E7E368A068F4
:10E718001A786AB1B7F81AC0798D038A8C4594BF04
:10E72800C3EB0C03C3EB0103934201DA0020E2E7D9
:10E7380004210C30FAF7AEFC2061068023692946D3
:10E748005E80074B0194009338460023A26816F0B8
:10E75800CAFE0028EADB2069003818BF0120CAE792
:10E768002354020010B5044600F15403D3E8EF1F08
:10E7780041F00101C3E8E21F002AF7D1201F16F07B
:10E7880079FD04F17C0004490CF05CFB2068BDE8CD
:10E79800104003F0E5BD00BF6DF8000073B50E46EC
:10E7A800438D418B01328B4228BF0B469A42054666
:10E7B80009D9022100921A481A4A15F074FB00245C
:10E7C800204602B070BD3046FFF7C6FD022810D0C3
:10E7D80004280ED0FFF768FE134BD3F8803083422D
:10E7E8001BD0124B1B681A1A18BF4FF0FF32134682
:10E7F80002E04FF47022002300210D48FFF7F6FADB
:10E8080004460028DCD0FFF773FE0121856004F17F
:10E818000C00FAF73FFC0670D2E70022E7E700BFDA
:10E82800549C020001EC0200701F0020682B00209D
:10E83800DC0C002070B5044601F10C000D4615F003
:10E848004BFF266801462B8AEA68306817F028FFD4
:10E858001E2100222046FFF7A1FF014630B9012101
:10E86800044A054816F0EBFC002070BD204616F05F
:10E8780013FEF9E726EC0200549C0200F0B51D4691
:10E8880003680E460039044618BF012187B018688E
:10E89800174617F016FF40B904F1580016F0E3FECA
:10E8A800002846D0002007B0F0BD002D43D0182224
:10E8B800002168461AF07DFE6FB1002239462046D5
:10E8C800FFF76CFF019030B91C4801211C4A16F073
:10E8D800B6FC1120E7E7236829461B682846009301
:10E8E8000023ADF812300C9B164A0393BDF8343060
:10E8F8008DF80860ADF8103001238DF814306B46A0
:10E9080016F024FD9DF8143063B1002FCAD0019889
:10E91800FAF73AFA2A46314620469DF8143016F09E
:10E92800ADFEBFE701990029BCD0204616F0B4FD22
:10E93800B8E71220B7E70120B5E700BF549C0200F2
:10E9480043EC0200E35202002DE9F347176805463D
:10E958008946006851681446D7F804A015F04CFFA2
:10E96800804600284BD195222946504617F04AFD8B
:10E978000646207540B1E3681B780BB184F8148013
:10E98800002002B0BDE8F0872946504617F0D2FEB5
:10E9980010B908232375F3E7A0682675FAF74EFA2D
:10E9A80002210C30FAF776FB164B2061A0F8009094
:10E9B80000930194334629463846A26816F093FD21
:10E9C800002807DA10F1FF0F32BF0E204042C0B214
:10E9D8002075D5E72369002BD2D0A06816F017FC64
:10E9E8007B8D7A8B9A4294BFC0EB0200C0EB030088
:10E9F800E3681B78984294BF00200120C1E70120FA
:10EA0800BFE700BF27520200F7B50B8A04460D4640
:10EA180007683BB90121284A284816F010FC002055
:10EA280003B0F0BD012105F10C00FAF715FB7B7B63
:10EA38000646072BF3D154F8043C002BEFD00022F4
:10EA480003781F48043C10F8327000EBC2019F4263
:10EA58000FD12A8A48788F78904220D901210093D3
:10EA680016481346174A15F01EFA012FD7D104236A
:10EA78001EE001321C2AE6D102211048124A15F084
:10EA880008FA31780846FFF767FC0028C7D0052840
:10EA9800C5D006230022204616F0F0FDBFE74B68DC
:10EAA800204629469847012F0346B8D10028B6D0FA
:10EAB80000223178EFE700BF5CEC0200549C0200B2
:10EAC800B0A3020091EC020077EC02002DE9F04FB0
:10EAD80042F60103002591B0166880460F4600688B
:10EAE8000BA9D6F8049014468DF82C50ADF82E30AA
:10EAF80015F082FE002870D04FF42053D8F800009B
:10EB08000BA98DF82C50ADF82E3015F075FE38B1E4
:10EB1800A3681BB15A88BA4200D25F8001200EE078
:10EB28006168084616F073FB728D738B9A4294BF26
:10EB3800C0EB0200C0EB0300032803D8002011B08B
:10EB4800BDE8F08F0846FAF779F90546606816F0CF
:10EB58005EFB728B738D05F10C0B9A4294BFC0EB70
:10EB6800020AC0EB030A584615F0C2FD824537D2A7
:10EB7800606816F04CFB728D738B9A4294BFC0EBA1
:10EB88000200C0EB030070B96368987AF9F714FFC4
:10EB98000022002315F080FD05460028CED001464E
:10EBA8006068FAF791F900230093D8F804601023FD
:10EBB8004146484602AAB047061E0EDB227CE068A2
:10EBC800B2422BD001460BA815F044FE60B9237C55
:10EBD800144A0221144815F05CF90023A3609DE74C
:10EBE800584615F085FDCEE7F2B202A906A815F041
:10EBF80031FE10B90D4A3346EBE706A90BA815F00C
:10EC0800FBFD0028E9D100230421637405F10C0001
:10EC1800FAF740FAA0600780A3687EE702A91AF015
:10EC2800D0FCEEE7B0EC0200549C0200CFEC0200EE
:10EC3800F8B54FF47022074600230F480D4615F02B
:10EC48002BFD044638B901212B460C4A0C4815F017
:10EC580020F92046F8BD00F10C0609213046FAF7E4
:10EC68009BF92046FFF744FC012187603046FAF7FC
:10EC780011FA0570EDE700BFDC0C00202DE802005A
:10EC8800549C02002DE9F0410E8A0446043EF6B277
:10EC9800022E08468CB001D0102E64D104210C300D
:10ECA800FAF7DAF90DF1080805884788011D324698
:10ECB800404615F0CFFD002857D09DB3002687B3F6
:10ECC800AF422FD34FF42053404601A98DF804607A
:10ECD800ADF8063015F090FD40BB1422002107A8BE
:10ECE8001AF067FC11212046FFF7A2FF09900028BF
:10ECF80037D001210C30CDE90748FAF7CBF90023CA
:10ED08000A90394603701A4A0B93284607AB16F047
:10ED18001DFB0A9B1B78FBB90998FAF735F80A23FB
:10ED280001E03D4601232A4610210EE042F6010388
:10ED3800404607A98DF81C60ADF81E3015F05CFD43
:10ED48000028CAD010232A461946204616F096FCF9
:10ED580000200CB0BDE8F0812046099916F09CFB14
:10ED6800F6E71120F5E70420F3E70E20F1E700BFEE
:10ED7800B5E600002DE9F043036804460D4685B06A
:10ED88000121186817F09DFC40B904F1580016F0ED
:10ED98006AFCB0BB122005B0BDE8F0831022002148
:10EDA80068461AF006FC21212046FFF741FF029031
:10EDB80048B34FF00108DFF85490009405F10C07B0
:10EDC8002B8A012B04D82046029916F065FB18E01F
:10EDD800384615F081FC6B464A46014606468DF8D2
:10EDE8000C8016F0B3FA9DF80C30002BE8D002988E
:10EDF800F9F7CAFF3246202120469DF80C3016F05C
:10EE08003DFC0020C7E71120C5E700BF735702008B
:10EE18002DE9F043036804460D4685B001211868C2
:10EE280017F04FFC40B904F1580016F01CFCB0BBB9
:10EE3800122005B0BDE8F0831022002168461AF0C0
:10EE4800B8FB0F212046FFF7F3FE029048B34FF0BE
:10EE58000108DFF85490009405F10C072B8A012B68
:10EE680004D82046029916F017FB18E0384615F02A
:10EE780033FC6B464A46014606468DF80C8016F070
:10EE880065FA9DF80C30002BE8D00298F9F77CFF62
:10EE980032460E2120469DF80C3016F0EFFB00207C
:10EEA800C7E71120C5E700BF13570200F0B51D469C
:10EEB800036804460E4685B001211868174617F006
:10EEC80000FC38B904F1580016F0CDFB48BB1220FD
:10EED80005B0F0BD65B31022002168461AF069FB41
:10EEE80039462046FFF7A4FE029018B3BDF8283033
:10EEF8002946ADF80430012328468DF80C300E4A17
:10EF08006B46009416F022FA9DF80C305BB102981B
:10EF1800F9F73AFF2A46314620469DF80C3016F09C
:10EF2800ADFB0020D4E72046029916F0B5FAF8E7C1
:10EF38000120CDE71120CBE7135702002DE9F0415E
:10EF48000E8A0446043EF6B2022E08468CB001D062
:10EF5800102E76D104210C30FAF77EF80DF1040852
:10EF680005884788011D3246404615F073FC002885
:10EF780069D085B377B3BD422DD80121606817F0F9
:10EF8800A0FB064678BB42F602038DF800006946EE
:10EF98004046ADF8023015F02FFC20B342F60303CB
:10EFA800404606A98DF81860ADF81A3015F024FC13
:10EFB800C8B1012D03D14FF6FF739F4213D004F15E
:10EFC800580016F050FB002814BF002012200CB087
:10EFD800BDE8F0813D4601232A460821204616F067
:10EFE8004DFB0020F3E7182200210DEB02001AF078
:10EFF800E0FA09212046FFF71BFE0890F8B101212D
:10F008000C30CDE90648FAF745F80023099003705B
:10F018000A2339468DF82C30284606AB0B4A16F0E1
:10F0280095F99DF82C302BB10898F9F7ADFE9DF8AD
:10F038002C30D1E72046089916F02EFAD1E7112096
:10F04800C5E70420C3E70E20C1E700BF51E900006F
:10F058002DE9F0430F460446062187B007F10C005E
:10F06800F9F7FAFF0588B0F802808288D7F80C9083
:10F07800C5B10023B8F1000F13D0454512D88DF85B
:10F0880000308DF804304FF42053684601A9ADF8DC
:10F098000220ADF8063015F0AFFB064660B10A2332
:10F0A80001E0454601232A460621204616F0E6FAE5
:10F0B800002007B0BDE8F0830146142201A83F7C78
:10F0C8001AF077FA07212046FFF7B2FD0290D8B16F
:10F0D8000A2341468DF81530284601AB0B4ACDE985
:10F0E800036901948DF8147016F030F99DF8153005
:10F0F8002BB10298F9F748FE9DF81530D3E7204662
:10F10800029916F0C9F9D3E71120D2E7D5EA000031
:10F118007FB5CB6804461D885E8885B176B1B54257
:10F128000DD81022002168461AF043FA052120461E
:10F13800FFF77EFD019058B9112007E035460123FD
:10F148002A460421204616F099FA002004B070BD22
:10F158006B4631462846084A009416F0F7F8029B99
:10F1680023B90198F9F710FE0A23E9E72046019927
:10F1780016F092F9E9E700BF6B5302002DE9F04160
:10F1880082B000AF044688460022002339463A4838
:10F198000AF0A4FB0546B0B16D4688B06A46374B05
:10F1A800C2E90534032342F8103F00234FF4C2514B
:10F1B8003348F6F753FEAD466FF00B063046083776
:10F1C800BD46BDE8F081FFF76FF93E682D4B2C2254
:10F1D80018602946301D1AF0ECF934603C680022AA
:10F1E8000023C4E90155C4E90A552748391D7D6043
:10F1F8000AF074FB064688B123686C4688B06A46F4
:10F208002249C2E90513032342F8103F4FF4C451C1
:10F218002B461B48F6F722FEA546CDE77B6801463C
:10F22800B82218461AF0C5F9194A8260603019F0F8
:10F238003BF97B685833D3E8EF2FC3E8E16F002927
:10F24800F9D17B681C60A36A7D681BB904F10C00C6
:10F2580019F02AF9A26A05F1B003C5F8B020E26AEC
:10F26800A36202B9E36217227B685A855A83043382
:10F27800C8F80030A2E700BFAC0A0020EEEC02009C
:10F28800549C0200682B0020CC0A002013ED0200D9
:10F298004808002008B5437B072B06D002210C4AFA
:10F2A8000C4815F0CCFF002008BD042115F09BFF89
:10F2B80010B9094A0121F3E700F15403D3E8AF3F3D
:10F2C800DB0701D4054AF5E750F8040CECE700BF6A
:10F2D80044EA0200549C020038ED02006EEB020082
:10F2E8002DE9F04F85B000AFB860EFF31188202307
:10F2F80083F31288BFF36F8F6F480DF029FB68B94D
:10F3080088236E4A6E496F4813F011FF6A496E48A8
:10F3180013F00DFF8821694813F000FF6B4D664814
:10F328000DF03AFB284615F068FF044662482E683F
:10F338000DF01CFB68B94FF49A73604A6449614840
:10F3480013F0F5FE5C49634813F0F1FE4FF49A712F
:10F35800E1E788F31188BFF36F8F002C5BD020465C
:10F36800FFF7C6F803690021D0E902581822FB60AC
:10F37800D0F800A090F80490B0F806B01AF019F987
:10F38800A07AF9F719FB6169034659B1627AD00787
:10F3980006D4DA6A204612687B60926890477B68D8
:10F3A800002262612146184619F096F8B9F1000F5B
:10F3B8000DD065B12B6853B11B6843B1BAF1000F8A
:10F3C8002DD001215346444A444814F062FD16B337
:10F3D8000020B96819F0F3F800281CDA6C468AB0E6
:10F3E8006A463F4B53613F4BC2E906304FF4007306
:10F3F80013843D4B42F8103F00234FF41151374816
:10F40800F6F72CFD0023A54683F31188BFF36F8F11
:10F418000323184602DF1437BD46BDE8F08F48467F
:10F42800FEF79AFF0446281D16F029FA052C34D851
:10F438000123A34013F01409C9D113F0090F05F1F2
:10F44800580217D113F0220F27D0D2E8AF3FDA07BE
:10F4580005D40121254A214815F0F1FEB7E7EB6DE7
:10F46800002BB4D04FF47022002305F180000BF07C
:10F4780079FEACE72B681C68D2E8AF3FDB07E8D51C
:10F48800B8F1000FA3D01FFA89F35B459FD220463D
:10F49800F968C04709F10109F5E74FF44673144AC2
:10F4A8001449084813F043FE2146134813F03FFE61
:10F4B8004FF446710E482FE71C2B0020C4B60200FB
:10F4C800F1B6020004B0020006B70200142B0020B7
:10F4D8001CB7020033B7020053ED0200549C02002F
:10F4E8008BED020046EE0200040000016EEB020004
:10F4F80013EB0200790D030072ED0200F8B50F4618
:10F508001646FFF7C7FEB0B1846A20461CB150F812
:10F51800B04904B1B03C731C194638B1428D458BD3
:10F52800AA4228BF2A469A4207D264B902210A4A47
:10F538000A4814F0AEFC0020F8BD32463946BDE852
:10F54800F840FFF72BB9D4F8B05005B1B03D2046CC
:10F558000B462C46E2E700BFA6ED0200549C0200D1
:10F56800002337B5054601930C46FEF79DFF0F4B68
:10F578001B68834204D00E4BD3F88030834201D1FC
:10F5880000252C4601A92A4623460A480AF0A6F96E
:10F59800014640B9019B1C2218461AF00AF8034696
:10F5A800184603B030BD0023FAE700BF682B0020DF
:10F5B800701F0020EC0A002010B50446806818B1BE
:10F5C800F9F7E2FB0023A3602146BDE8104001489B
:10F5D8000AF010BAEC0A00202DE9F34704468030FF
:10F5E8000E4617461D460BF0C3FDE06D58B9184886
:10F5F8000221184A15F023FE204600F013F90020D6
:10F6080002B0BDE8F087144B4FF00008984205D1CE
:10F618002068C4F85C8016F063F9F0E7D0F804902D
:10F62800C0F80480E06DD0F818A0FFF7C5FF206887
:10F63800C4F85C8016F054F9B9F1000FDFD02068E7
:10F64800CDF800A03B46324629460068C847D6E7B1
:10F65800549C0200C1ED02006C2B002070B5C36DF4
:10F668000446CA6843B319498B4225D0D5781DB3DF
:10F67800052D406806D00F2D1FD1437A012B1CD8C9
:10F68800022107E0437A012BFAD9022B12D0032B6F
:10F6980013D1042115F017FC08B110300DD104F175
:10F6A80080000BF065FDE26D0020137C43F0010340
:10F6B800137470BD0321EDE70E2500222B4620466A
:10F6C800BDE870401146FFF787BF00BF6C2B0020D4
:10F6D80070B5054650F8043C044655F80469002BFB
:10F6E8003AD039B1836D002B36D01B7CDA0733D57D
:10F6F80005231BE0304602F09BFE737A012B2BD0CA
:10F70800A46D4CB3237CDB0726D5E368002BEFD030
:10F7180028466269617CFFF741F8064668B9637C50
:10F7280001210E4A0E4814F0B4FB0E23002228468D
:10F73800BDE870401146FFF74FBFE368D4E90512F2
:10F74800984718B13046F9F71FFBEEE731462846CF
:10F75800FEF7F4FE0028F5D170BD00BFD8ED020019
:10F76800549C0200F7B550F8044C0546002C55D0BF
:10F7780000F1AC0104F1280015F05CFF2E1F05F123
:10F788005C070022002338460AF09CFC024658BB5E
:10F79800AB6D2BB101466FF067033046FFF71CFFD6
:10F7A800002345F8043C05F15403D3E8EF1F21F08A
:10F7B8000101C3E8E21F002AF7D1A36A73BB04F171
:10F7C8000C060022002330460AF07CFC78B96668F3
:10F7D80086B92146124826600AF00CF9286803B059
:10F7E800BDE8F04002F07EBEF9F7CEFAC9E7F9F7B6
:10F7F800CBFAE6E7A26833689642636008BFA36065
:10F8080077683FB1B3696FF0670100930023206800
:10F818001A46B8473046FFF7CFFED8E703B0F0BD29
:10F82800AC0A002030B50546044655F8043B89B0BB
:10F83800186815F0CCFB6946FEF7FCFE2846FFF772
:10F8480091FF13216068FDF763FC034620B1012195
:10F85800024A034814F01DFB09B030BDF8ED020060
:10F86800549C0200B0B588B0044654F8803D00AFFF
:10F87800186815F0ACFB3946FEF7DCFE6D4688B01B
:10F888006A460B4BC2E905374FF400739383094B63
:10F8980042F8103F00234FF4E2510748F6F7DEFA2A
:10F8A8002046AD46FFF7BEFF2037BD46B0BD00BFBE
:10F8B80016EE020003000001549C020070B50E46CB
:10F8C80058B9214940F6CE73204A214813F02FFC3D
:10F8D80040F6CE711D4813F021FC49B91D4940F688
:10F8E800CF731A4A1A4813F022FC40F6CF71F1E799
:10F8F800FFF7D0FC044628B93046F9F745FA6FF00F
:10F908007F0070BD00F10C052846314618F0D9FD7E
:10F91800A06A38B150F8B04904B1B03C294615F096
:10F92800C9FD20B90020ECE71C466FF00100002C4F
:10F93800F8D0D4F8B03023B90230F5D020461C46B0
:10F94800ECE7B03BF8E700BFB8E5020013EB0200B4
:10F9580004B0020041D3020038B50C46054658B938
:10F96800184940F6E373184A184813F0E0FB40F6CC
:10F97800E371154813F0D2FB49B9154940F6E47311
:10F98800114A124813F0D3FB40F6E471F1E70CF08A
:10F99800A9FA2846FFF77EFC20B90CF015FB6FF09A
:10F9A8007F0038BD0023236083683BB9C0E9014468
:10F9B80015F096FF0CF008FB0020F2E71C6084604D
:10F9C800F6E700BFB8E5020013EB020004B002003E
:10F9D80042EE020010B50C4618B311B3FFF75AFCFB
:10F9E800F8B1836ABBB153F8B02902B1B03AD96D06
:10F9F8008C4209D07AB11346D2F8B020002AF6D04A
:10FA0800D96DB03A8C42F6D12046064ADA65BDE88F
:10FA18001040FFF7D1BD0430214615F00BFE2046FB
:10FA2800F5E710BD6C2B002008B519F052F938B174
:10FA3800034601210348044A16F074F86FF00400E5
:10FA480008BD00BF849C020069EE020010B518468C
:10FA5800144607491022A047041E07DA234601214D
:10FA6800044A054816F05EF8204610BD0024FBE75E
:10FA7800581B00207FEE0200849C020070B50D4CDC
:10FA8800064623780D46834204D12846611C16F0A9
:10FA98009EF858B9237CB3420AD12846064916F085
:10FAA80096F810B1012004EB001070BD0020FAE7B1
:10FAB8000020FAE7A02B0020B12B002070B50D4CD8
:10FAC800064623780D46834204D12846611C16F069
:10FAD8007EF858B9237BB3420AD12846064916F066
:10FAE80076F80028054808BF002070BD2046FCE7CE
:10FAF8000020FAE7001B00200D1B00200C1B002033
:10FB080070B50D4C054623780E46834203D1601C20
:10FB180016F05DF860B9237BAB420BD1314607483C
:10FB280016F055F818B101200C2303FB004070BDF6
:10FB38000020F9E70020FAE7343F0020413F002089
:10FB480070B5204B144682689A420FD1A568C668E2
:10FB580075B922793046216816F041F8024628B175
:10FB68001949013016F060F815701581012070BD33
:10FB7800E0680028FBD02B888B420AD0F6D2E068D8
:10FB8800A36801380433E060003818BF0120A3607F
:10FB9800EDE7256822792946304616F020F8024616
:10FBA80060B93046084916F01AF802460028E6D02F
:10FBB8002946013016F038F823791370A3685B885A
:10FBC8001381DCE7C501010011CD0200102110B539
:10FBD8000648F9F78DFD034630B1BDE81040012114
:10FBE800034A044815F09EBF10BD00BF481B002003
:10FBF800A0EE0200849C020070B50646134D40B189
:10FC08002A4615F8011C6C1E15F0C1F998B120465A
:10FC18000CE028460E4915F0DAFF40B90C4905F109
:10FC2800100015F0D4FF20B105F10F0070BD681E5B
:10FC3800FCE70020FAE73046217C04F1110215F0B8
:10FC4800A6F90028F5D004F11000EFE7A12B002059
:10FC580011CD020010B54A1C0C4638B1097815F0D0
:10FC680096F908B1204610BD0020FCE7104602496D
:10FC780015F0ADFFF5E700BF11CD020070B50646DF
:10FC8800134D40B12A4615F8011C6C1E15F07FF97A
:10FC980098B120460CE028460E4915F098FF40B967
:10FCA8000C4905F1100015F092FF20B105F10F0085
:10FCB80070BD681EFCE70020FAE73046217C04F19D
:10FCC800110215F064F90028F5D004F11000EFE7EF
:10FCD800CD2B002011CD02002DE9F04106460F463C
:10FCE800904614F0B5FE394604463046FFF7E6FE66
:10FCF8000546B4B3A8B91C4815F09DFF1B4A044635
:10FD0800F0B102F1140015F096FFD8B9012402F100
:10FD18000C050C235C43601C3946104415F084FF25
:10FD28001655012105F1080001FA08F115F066FFE2
:10FD3800BDE8F0414FF4004200230D480BF012BA21
:10FD48001546E6E70B4940F2C6530B4A0B4813F039
:10FD5800EEF90B4813F0EBF940F2C651064813F0E0
:10FD6800DDF9BDE8F08100BF081B0020001B002062
:10FD7800181B0020F6EE0200C6EE020004B00200D6
:10FD880008EF02000246014610B5042311F8010BE2
:10FD98000832F9F77BFC034630B1BDE81040012179
:10FDA800024A034815F0BEBE10BD00BF27EF02008F
:10FDB800849C02002DE9F04180460F4616461D46F8
:10FDC800FFF79EFE044680B91549FFF799FE0446E1
:10FDD80030B9BDE8F0410121124A134815F02EBF91
:10FDE800394600F8018B15F01FFF228963896AB92B
:10FDF80073B926816581214611F8010B14F028FE9C
:10FE080040B12046BDE8F041FFF7BCBF964203D39E
:10FE18009D42EFD8BDE8F0819D422681EBD9E9E704
:10FE280011CD020043EF0200849C020008B58368EC
:10FE38005BB10949094840F60363094A13F077F9A9
:10FE480040F60361064813F069F906490130BDE838
:10FE5800084015F0E9BE00BF62EF020004B00200DE
:10FE6800C6EE020011CD020008B50121024A03487E
:10FE780015F0E4FE002008BD79EF0200849C020022
:10FE880038B514460E4B82680D469A4215D1227930
:10FE98002168C06815F0A3FE78B1D4F8C8302F2BBC
:10FEA80003D9BDE83840FFF7DFBF04EB83021581B3
:10FEB800018901335181C4F8C830012038BD00BF21
:10FEC800C501010008B50121034A044815F0B6FE32
:10FED8006FF0150008BD00BFCDEF0200849C020042
:10FEE80038B51546084B82689A420AD1C468296811
:10FEF8000134204615F06BFE18B12046696815F0EC
:10FF080093FE012038BD00BFC501010008B51346A6
:10FF18008168074A914209D11A791968C06815F0B1
:10FF28005EFE18B10023036043600381012008BD11
:10FF3800C50101004FF4A472002301480BF012B967
:10FF4800E01B002008B50421084815F057FE6FF0A3
:10FF58000201064815F05DFE044815F06CFEC30763
:10FF680001D5FFF7E7FF002008BD00BF101C0020E7
:10FF7800024608B50749013015F056FE00230C3239
:10FF880002F8043CD2E8EF1FC2E8E03F0028F9D1AC
:10FF980008BD00BF11CD020010B5FFF7B1FD044642
:10FFA80078B1014611F8010BF9F77EFB034620B141
:10FFB8000121054A054815F0B5FD0023236063605B
:10FFC800A360002010BD00BFD9EF0200849C02008E
:10FFD80070B500F1700605463146007A14F038FD18
:10FFE80004463146287A54B1FFF7D6FF034660B17C
:08FFF800BDE870400121054A3B
:020000021000EC
:10000000054815F093BDFFF77FFD10B10460446013
:10001000846070BDF6EF0200849C02002DE9F0437D
:1000200085B00E4690469946044600AF58B9012166
:10003000344A354815F006FE6FF01505284614378A
:10004000BD46BDE8F08307F1080114F0B3FB054697
:1000500098B16D4688B06A462C4BC2E905344FF41E
:10006000007393832A4B42F8103F00234FF4E25170
:100070002548F5F7F7FEAD46DEE72046391D14F0BA
:100080001AF8786858B10A22294611F0FFFD034694
:1000900028B101211F4A1C4815F048FDCCE700207B
:1000A00007F10801FFF730FD044620BB002EC5D044
:1000B0001949FFF729FD044638B90121174A1248AA
:1000C00015F0C0FD6FF00B05B8E7002307F108013C
:1000D00000F8013B15F0ACFD04F10801042248468C
:1000E000C047041EAADA234601210D4A064815F02E
:1000F0001DFD2546A2E7002EEED106604660866013
:100100009CE700BF3CCD0200849C02000CF0020082
:100110000300000128F0020011CD020043F00200AC
:100120007FEE02002DE9F041234B15468268074619
:100130009A4202D1C468638933BB0120BDE8F081D3
:10014000FCF7B4FD0021E3686181002BF5D038464F
:100150009847F2E705F170084146287A14F07CFCD4
:1001600068B9164B9C4202D12846FFF735FF30464E
:10017000134915F05DFD002323702381E2E741461A
:10018000304615F055FDDDE72389002BDAD02646F1
:1001900016F8011B2846324614F0FDFE0028D9D17E
:1001A00031462078FDF76CFB0028CBD0437B072B32
:1001B000C6D1FCF77BFDC0E7C5010100A8080020FF
:1001C00011CD02002DE9F0471F46BDF8203006464C
:1001D0008846D1F80C90002B4ED17B1E012B4ED8B7
:1001E000012F4946157818BF1588FFF737FD0446DB
:1001F000B8B915B93846BDE8F0874946FFF72EFD76
:10020000044638B91F4802211F4A15F01BFD6FF044
:100210001000F0E706F17001013015F009FD337AA6
:100220002370D9F81030DBB9B4F808A02581B9F8EB
:100230000A30AB4203D04946404615F005FDAA45B9
:1002400005D00022307A06F17001FFF749FD002D3C
:10025000D0D10E49601C15F0EBFC25702581C9E753
:100260002A464146304698470028C4DB0138012819
:10027000DAD96FF00D00BEE76FF00600BBE76FF054
:100280000C00B8E7849C020065F0020011CD02006A
:1002900073B50C460546082104F11000164615F00A
:1002A000B1FC122304223146CDE900322846224611
:1002B000024B15F071FF02B070BD00BF1962020061
:1002C00008B50121114815F09DFC10F0010F104BED
:1002D0000AD1104A9A610D4815F0B1FC830713D476
:1002E000BDE80840FFF72ABE1A8B588B012A4FF64B
:1002F000FF7205D8904207D04FF6FF725A83EAE7A3
:1003000090421983E7D0F7E708BD00BF101C00201A
:10031000C01B00200100FFFF2DE9F0411F46BDF882
:1003200018300646012B904635D83B44012B3D46FC
:1003300034DCFFF765FC044668B9FFF761FC04464E
:1003400048B90221184A194815F07CFC6FF01005D5
:100350002846BDE8F08197B10023217A98F8002063
:1003600021FA03F0C70703D522FA03F0C00718D516
:100370000133032BF4D102F007021143217206F17D
:100380007001601C15F054FC337A01212046237063
:1003900015F067FFDCE76FF00605D9E76FF00C0595
:1003A000D6E76FF01205D3E77FF00200849C0200CD
:1003B00010B56FF0020104460E4815F02EFC0D48F2
:1003C00015F03DFCC20704D5002200230A480AF0BC
:1003D000CDFE204615F04CFB58B12046FFF710FC2F
:1003E00038B1037ADB0704D5BDE81040012115F0D0
:1003F00038BF10BD101C0020E01B00202DE9F04389
:1004000085B0894616469846044600AF58B9012182
:10041000414A424815F016FC6FF01505284614377E
:10042000BD46BDE8F08307F1080114F0C3F90546A5
:1004300098B16D4688B06A46394BC2E905344FF42D
:1004400000739383374B42F8103F00234FF4E2517F
:100450003248F5F707FDAD46DEE72046391D13F0BB
:100460002AFE786858B10A22294611F00FFC03468B
:1004700028B101212C4A294815F058FBCCE700206F
:1004800007F10801FFF7FEFA044690B9FFF7B8FB41
:10049000044638B90121254A204815F0D3FB6FF0F6
:1004A0000B05BBE7002307F1080100F8013B15F03D
:1004B000BFFBB9F1000F2AD0022239464046B047AF
:1004C000061E07DA33460121194A144815F02EFB9F
:1004D0003546A3E73B78022E237209D00221154A44
:1004E0000E4815F0AFFB0021204615F0BAFE95E747
:1004F0007B78012B05D931460F4A084815F016FBC9
:10050000F1E7204603F0010115F09BFE86E7204647
:10051000FFF732FD82E700BF3CCD0200849C020061
:100520000CF002000300000128F00200ABF0020012
:100530007FEE0200CDF0020021F1020037B5044643
:100540000D46FFF79FFA0246C0B1037A0C308DF8D2
:10055000043015F074FB022300F001008DF8050053
:1005600001AA29462046F9F7ABF8034620B101213C
:10057000034A044815F0DAFA03B030BD0346F0E749
:1005800072F10200849C020010B5104C1049204604
:1005900015F021FB014638B9601E15F052FE2146C8
:1005A00014F8010CFFF7CAFF09490A4815F013FBBC
:1005B000014650B9084815F044FEBDE81040074B0D
:1005C000187C03F11101FFF7B9BF10BDA12B00206A
:1005D00011CD0200B12B0020B02B0020A02B002059
:1005E000012110B5234815F00DFBC30740D40221AB
:1005F000204815F007FB08401FD11F491F4A0B88F0
:100600001F4CA24216D900B10B801E4940F207636D
:100610001D4A1E4812F08FFD1D4812F08CFD40F25D
:100620000761194812F07EFD5068083203449BB2FE
:100630000120E6E7F8D300B10B80164916480AF00E
:1006400005FC4FF4A47200231348F9F7D9F81349B5
:1006500013480AF0FBFB0221124815F0D3FA1248A6
:1006600012490AF0F3FBBDE810401148FDF712BB38
:1006700010BD00BFC02B00204C3F0020449C020056
:10068000549C0200A2F10200C6EE020004B0020077
:100690008CBA02005D630200681B0020DD0F0100C0
:1006A000E01B0020101C0020181B0020ED6302003E
:1006B0008008002003462DE9F04198B3008A88BBEA
:1006C00001244FF0140C1949DFF864E0714528D972
:1006D000184940F28373184A184812F02CFD184844
:1006E00012F029FD40F28371134812F01BFDD1E98D
:1006F0000076BB4204D30CFB0672143A93420ED927
:100700003444A2B214460831E0E70CFB05784345B7
:100710000AD001356219B54292B2F6D1F2E700254E
:10072000F8E7E4D3BDE8F0811046FBE7449C020003
:10073000549C02009BF10200C6EE020004B00200CD
:100740008CBA02002DE9F74F99464FF6FF73BDF8BA
:1007500030500746002D08BF1D462B4B90461B8886
:100760000091834232D203B0BDE8F08F40468958F1
:10077000019314F045F8019B90B101340AF1010A8C
:10078000A4B2736853452CD9009B31689C42EAD8C7
:10079000BC42F2D30BFB0AF28B18B8F1000FE5D183
:1007A000B9F1000F0BD1013D1846ADB221460E9AAA
:1007B0000D9B9847002DD6D00028DED1D3E7DA680C
:1007C0009145DAD1EFE74FF0000ADAE701244FF064
:1007D000140B0E4E06E0C6D273682344BB42F2D21D
:1007E0009CB208360A4B9E42F5D90A4940F64B03A3
:1007F000094A0A4812F09FFC094812F09CFC40F696
:100800004B01054812F08EFC4C3F0020449C020036
:10081000549C02009BF10200C6EE020004B00200EC
:100820008CBA02001822002110B5E4B00DEB0200D2
:10083000CDE90111CDE9031118F0BFFE4FF41053BB
:10084000ADF814308023ADF816304FF48063234C9C
:100850001022CDE9073401A962AB05A80DF0C4FA56
:10086000034630B11E4A01211E4815F05FF964B0FD
:1008700010BD01464FF4AC720CA818F09EFE224643
:1008800062990CA818F026FA034608B1164AEAE75E
:100890004FF6FF710120154A0CAB15F054FD1022E4
:1008A000134905AB0CA818F02CFA044662980DF019
:1008B00059FA14B123460F4AD5E721460C4B03F1F0
:1008C0001002187812F8014D0131082903F8014B84
:1008D0001070F6D1084815F095F9C8E70002C0037A
:1008E000CAF10200849C0200F3F10200315B0200B5
:1008F000481B002011F20200101C00202DE9F041DD
:1009000018490446A1F1300015461E46BDF818707E
:100910000AF08EFC144815F092F9010705D4FFF790
:1009200081FFFFF731FEFFF755F92046FFF768F921
:1009300068B1037ADA070AD500F10C04204615F0F5
:100940007EF9C30703D40221204615F05BF910237A
:100950003A46069331462846BDE8F041034B15F070
:1009600023BB00BF981B0020101C0020481B002048
:1009700010B51A4815F063F9C0F3C00080F0010407
:1009800008B9FFF74FFF154815F059F9034613480A
:1009900015F055F9DA061FD5830606D5E4B1FFF741
:1009A000F3FDBDE81040FFF715B920210B4815F005
:1009B00029F910220A49881818F007FE48B9094891
:1009C0000AF0DAFBBDE810406FF00101034815F0B2
:1009D00024B9FFF775FCE2E710BD00BF101C002032
:1009E000481B0020E01B002008B51021034815F02B
:1009F00009F9FFF7BDFF002008BD00BF101C002053
:100A00002DE9F04FB9B000AF0C46904637493A4651
:100A1000D7F80801994613F02AFB38B9FFF756FAC0
:100A200005462846E437BD46BDE8F08F3E68391DCF
:100A3000304613F040FB3EB901212D4A2D4815F0F8
:100A400001F96FF015043EE07868F8B94FF0000B3B
:100A500007F1080A5146304687F814B013F0AAFE91
:100A6000054600B36C4688B06A46234BC2E905369A
:100A70004FF400739383214B42F8103F4FF4E2513F
:100A80005B461C48F5F7EEF9A546DAE70A22002195
:100A900011F0FCF803460028D8D00121184A154867
:100AA00015F044F8CDE7C7F810A0E4B1C0224846DD
:100AB00007F12001C047041E07DA23460121114A2D
:100AC0000C4815F033F82546ABE7A40807F12003DE
:100AD000C7E906344FF6FF7101200B4A07F11003F6
:100AE00015F031FC9DE72346F2E700BF27F2020034
:100AF0003CCD0200849C02000CF0020003000001C7
:100B000028F002007FEE020049FB0000002330B510
:100B1000B5B001918DF808003393044601AB0D4642
:100B200001204FF6FF710B4A15F00DFC339B73B19A
:100B30009B0003AA29462046F8F7D0FD034620B1C2
:100B40000121054A054814F0F1FF35B030BD1A46C1
:100B5000F0E700BF89FE00002EF20200849C020034
:100B60002DE9F34100F17008CDE9001204460F466B
:100B7000007A4146164613F06FFF05466B464FF666
:100B8000FF7101200C4A15F0DEFB1DB14146207AB1
:100B9000FFF7BCFF3946207AFEF774FF40B13146BB
:100BA000013015F045F81DB14146207AFFF7C6FC2B
:100BB00002B0BDE8F08100BFE9FE0000002307B5E8
:100BC0000193FFF777FD411C89B20846034A01AB48
:100BD00015F0B9FB019803B05DF804FBCD5A020093
:100BE0002DE9F04387B00C461646804602AF70B937
:100BF000734940F6AA53734A734812F09CFA73483B
:100C000012F099FA40F6AA516E4812F08BFA61B9C7
:100C10006F4940F6AB536B4A6B4812F08CFA6B4845
:100C200012F089FA40F6AB51EEE7437B072B40F018
:100C3000C28000233B7342F603032068FB8107F167
:100C40000C0113F0DDFD0546002843D1D4F80490D3
:100C5000B9F1000F05D101215E4A5F4814F0F2FF9F
:100C6000A9E001232146009007F10802C847031EAE
:100C700011DA6E4688B002AAD36104235749C2E94B
:100C8000051442F8103F4FF401512B465248F5F736
:100C9000E9F8B5468FE0012B05D00121504A4E48B6
:100CA00014F044FF87E03B7A13F0300F00F08380AC
:100CB0002046FFF783FF044660B9454940F6C95313
:100CC000404A414812F037FA464812F034FA40F6EA
:100CD000C95199E7002320683B7342F6021307F1DC
:100CE0000C01FB8113F08CFD88B12046FFF766FFF5
:100CF000044660B9364940F6CF53324A324812F0C2
:100D00001AFA384812F017FA40F6CF517CE700255E
:100D100042F60219206839463D70A7F8029013F098
:100D20006FFD10BB002320683B7342F6021307F1EE
:100D30000C01FB8113F064FD054600283BD1D4F87B
:100D40000490B9F1000F86D002230090214640465E
:100D500007F10C02C847031E8BDB022B9DD1BB8918
:100D60001E4214BF0120002026E042F60303206843
:100D7000391D3D71FB8013F043FD0028D2D04FF4A4
:100D80002053206807F108013D727B8113F038FD84
:100D90000028C7D042F60103206807F10C013D731B
:100DA000FB8113F02DFD0028BCD02046FFF706FF85
:100DB00004460028AED100201437BD46BDE8F083BC
:100DC000B8E50200C6EE020004B002004CF20200D8
:100DD00061F2020066F20200849C02007AF20200D4
:100DE000A0F20200B9F202002DE9F8431546894647
:100DF00094226968064615F009FB8046002842D116
:100E0000022230466968FFF7EBFE00283ED04FF41F
:100E100070200021AF8AFEF7A7FB0237044680B19D
:100E20001D211C4B47613A464174C0F80C80436059
:100E300085613046FEF766FB074638B92046FEF767
:100E4000BFFB6FF00B052846BDE8F883012342463F
:100E5000414614F02FFEA98A07F10C000231F8F781
:100E60001DF920F8029BAA8A296918F07FFB214608
:100E70003046A760FEF774FD05460028E3D0204603
:100E8000FEF79EFBDFE74FF0FF35DCE76FF015055F
:100E9000D9E700BFD35A020030B505460C468BB0E7
:100EA00071B9464940F64F43454A464812F043F966
:100EB000454812F040F940F64F41414812F032F9EE
:100EC0004B6873B90B6863B940494FF445633C4ABA
:100ED0003C4812F030F93C4812F02DF94FF44561CE
:100EE000EBE73B4814F0ABFE420761D515B16B7BD5
:100EF000072B60D160680590FFF7DCFB2268ADF836
:100F000018003AB305A90291324900230191012149
:100F100000914FF6FF710593FFF714FC059B1BB979
:100F20006FF001000BB030BD6360059B04A9186829
:100F300000238DF8103042F60303ADF8123013F0A1
:100F40005FFC70B90598C3689B799B0605D46FF068
:100F50001500E7E70028E8D1E2E715F0ADF9ADF8B4
:100F60001800BDF818003DB101230146224628466D
:100F7000A375FFF739FFD5E76FF07F0307930223CF
:100F8000ADF8203042F60213ADF8123005ABA5756E
:100F90000293114B4FF6FF710193012304AA0093B2
:100FA0002B4609948DF81050FFF7CCFB0798B9E752
:100FB0006FF00A00B6E76FF07F00B3E7CFF20200F0
:100FC000C6EE020004B00200D6F20200ECF202000B
:100FD00094050020015B020095110100F7B500F1B6
:100FE00030050446A0F12007284614F028FE8307A8
:100FF000C0F340060ED5194940F25653184A194815
:1010000012F099F8184812F096F840F25651144828
:1010100012F088F854F8083C6FF00101284601935B
:1010200014F0FBFD114B394644F81C3C104B304684
:1010300044F8183C01AB44F8103C042324F8086C35
:1010400024F8066C24F80C3CFFF726FF18B902219F
:10105000284614F0D7FD03B0F0BD00BF09F302002D
:10106000C6EE020004B002003AF30200CCA4020073
:10107000B10301002DE9F843904614683C4B8268A7
:1010800005469A4200AF20D1C6683389721CE3B18D
:101090002046317813F07FFFB8B14FF4957229469E
:1010A000204615F0B3F930B3032812D16C4688B04E
:1010B0006A46304BC2E9053542F8100F00234FF461
:1010C000C4512D48F4F7CEFEA5460120BD46BDE82B
:1010D000F883052820460CBF4FF003094FF00209A2
:1010E00013F02AFF814506D998F804304B45ECD21D
:1010F00088F80490E9E73146284614F0A5FD1F4B17
:101100009E42E2D1207A04F17001FEF7FDFC054613
:101110000028DAD0038913B94389002BD5D02046A3
:10112000FBF772FF2B89164A698922F8203002EBFF
:101130008003598018231349134D03FB001300B299
:1011400002EB80021A61042200EB40005D600F4D4B
:1011500001EBC00120469D609A82FFF79DFE0028AA
:10116000B3D001210A4A044814F06CFDADE700BF7A
:10117000C501010055F30200849C0200A80800206C
:10118000303F0020882B0020CCA402007F620200A8
:1011900069F302002DE9F8431446404B8268074684
:1011A0009A4203D001273846BDE8F883C6683C4B15
:1011B0009E4210D03289A389711C9A42F2D13078B4
:1011C000FCF75EFB05460028ECD0437B072B26D0BE
:1011D000FBF76CFDE6E74FF00008324DDFF8C890F2
:1011E0004946284614F0F7FC78B90722294615F835
:1011F000010CFCF7C3FB78B9236929461A6915F875
:10120000010C53881288FEF7D9FD0C35B8F1000F98
:10121000D0D14FF00108E3E7FBF748FDF5E773692C
:1012200023B13946984708B92846D1E73946942270
:10123000284615F0EBF807460028F5D1A389022BC4
:1012400014D1338913F0020604D12846FBF72EFD92
:10125000A660A7E728462269A188FFF7C5FD0646D4
:10126000A8B92269937D01339375EEE7012B04D071
:101270002846FBF71BFDA76094E7338913F00106AE
:10128000E3D028462269A18815F0FBF806462846D7
:10129000FBF70CFD002EA66085DB83E7C50101008E
:1012A000A8080020353F002011CD020073B50D467F
:1012B000044670B9214940F6EE63214A214811F0F5
:1012C0003AFF214811F037FF40F6EE611C4811F05B
:1012D00029FF09B10B6863B91C4940F6EF63184A4E
:1012E000184811F028FF1A4811F025FF40F6EF6169
:1012F000ECE7437B072B1AD1061D4FF480313046B3
:1013000014F080FCC30315D402232046CDE900333A
:101310002A46104B104914F03FFF044620B16FF4E9
:101320008031304614F079FC204602B070BD6FF079
:101330007F04F9E76FF07704F6E700BFB8E5020035
:10134000C6EE020004B002004CF2020086F3020076
:10135000D6F20200795C0200095B020070B50C460F
:10136000054686B070B9734941F27323724A7348D7
:1013700011F0E1FE724811F0DEFE41F273216E4879
:1013800011F0D0FE09B14B6863B96E4941F2742384
:10139000694A6A4811F0CFFE694811F0CCFE41F26B
:1013A0007421ECE70A890AB1CB8963B9664941F235
:1013B0007523614A614811F0BEFE614811F0BBFE21
:1013C00041F27521DBE79A420CD9604941F277235B
:1013D000594A5A4811F0AFFE594811F0ACFE41F29B
:1013E0007721CCE7437B072B40F0A1800B7C062BB9
:1013F00010D8DFE803F004045A5A629528000B68FD
:10140000CBB11B784BB1022B13D00121504A51486C
:1014100014F08CFB6FF0150009E0082301930623FC
:10142000224600934C494D4B284614F0B5FE06B0B9
:1014300070BD1623F2E7102304212246CDE90031C6
:10144000474B4849F0E708680028E3D00678002EAB
:10145000E0D14FF4245302A98DF80860ADF80A30AA
:1014600013F0CEF908B342F60213206803A98DF8F1
:101470000C60ADF80E3013F0C3F9B0B142F60313AF
:10148000206804A98DF81060ADF8123013F0B8F997
:1014900058B142F60413206805A98DF81460ADF820
:1014A000163013F0ADF90028B4D1082304222E49D8
:1014B000CDE9003222462D4BB6E7086880B30026FE
:1014C0004FF4205302A98DF80860ADF80A3013F0EC
:1014D00097F900289ED042F60103206803A98DF8F1
:1014E0000C60ADF80E3013F08BF9002892D042F664
:1014F0000203206804A98DF81060ADF8123013F0D3
:101500007FF9002886D042F60303206805A98DF8EC
:101510001460ADF8163013F073F900283FF47AAF79
:1015200004232246CDE900331149124B7CE76FF0CA
:101530007F007CE7B8E50200C6EE020004B00200BE
:10154000D6F2020086F302009DF30200CAF3020005
:10155000F7F30200849C02002D650200C3600200C4
:101560000D5D020079150100A11601003D5D02002C
:10157000F91A0100A55C02002DE9F0478EB007467C
:1015800016461C46169D31B12A4600216B680EB0E6
:10159000BDE8F047184763B902213E4A3E4814F0BF
:1015A00051FB2A46002138466B6898470EB0BDE8CB
:1015B000F0871378062B08D0142B05D00121374A69
:1015C000354814F0B3FAECE702214FF00008C246A8
:1015D000013C8DF81010A4B206F101093378A34242
:1015E0000CD9002CDDD1B8F1000FDAD02A464146E3
:1015F00038460EB0BDE8F04714F07ABF142200213F
:1016000009A817F0DAFFB9F8002093B2002BC8D070
:10161000B9F802101FFA81F8B8F1000FC1D04345A4
:10162000BFD89DF8103013B3022B25D02B7CADF81A
:101630000C10002B42F6010308BF4FF42053ADF805
:10164000063004AB029301AB099302ABADF8342032
:101650000C932A4638466B688DF804A009A9984770
:101660000028A3D03378E41AA4B29944B6E7B9F8B5
:101670000430ADF81230D9E709F104030DF111007F
:1016800009F1140C53F804EB634540F804EBF9D16D
:10169000CCE700BF0CF40200849C020016F40200A8
:1016A0002DE9F04F91B0174681461C460A461A9E16
:1016B00031B132460021736811B0BDE8F04F1847D0
:1016C000317C022940F084804BB9A34AA34814F02E
:1016D000B9FA324600214846736898475CE03B7887
:1016E000062B08D0082B05D001219D4A9B4814F0F9
:1016F0001DFAEEE71146002542F6020A013C8DF87C
:101700001810A4B207F1010B3B78A3420BD9002CAF
:10171000DFD1002DDDD032462946484611B0BDE864
:10172000F04F14F0E5BEBBF800801FFA88F5002DDD
:10173000CFD0BBF802009DF81820ADF81400BBF81C
:101740000410ADF8161062B1022A15D0316831B319
:1017500006A813F055F810B33B78E41AA4B29B44E2
:10176000D2E706AA04929BF806209BF8071042EAEB
:101770000122ADF81A20E9E70A237081B181A6F8A9
:1017800008804846019200933246764B764914F021
:1017900003FD85B2002DBED111B0BDE8F08F4FF032
:1017A0000003102200210CA88DF80C30ADF80EA01B
:1017B00017F003FF03AA0B9204AA0E924846324682
:1017C0007368ADF83C800BA998470028C4D1E3E7C3
:1017D000032967D113B902215F4A77E73B78072BCA
:1017E00002D0152B80D102220025013C8DF8182053
:1017F000A4B207F101080DF1180A3B78A34286D87C
:10180000B8F800B01FFA8BF5002D3FF462AF9DF8D9
:10181000183063B1022B13D03168F1B1504612F089
:10182000EFFFD0B13B78E41AA4B29844E5E798F80A
:10183000053098F8062043EA0223ADF81A30EBE7AA
:1018400008F105030DF1190208F1150153F8040B15
:101850008B4242F8040BF9D1DEE798F80230B8F871
:1018600003208DF816304FF000038DF80C3042F64F
:1018700003030021ADF814200CA81022ADF80E309F
:10188000CDF810A017F099FE03AB0B9304AB0E93A9
:10189000324648467368ADF83CB00BA9984700281B
:1018A000C0D179E733681D7835B95B884CB92A4ACD
:1018B00002212A4814F0C6F93246002148467368CE
:1018C000FAE6B846013C18F8012BA4B2A24200F295
:1018D000E980012C01D8254AEAE7B7F80150002D2C
:1018E000EAD0A3F52453042BE6D801A252F823F042
:1018F00051190100B9180100C1190100171A01009E
:101900009D1A0100B8F8023010220021D6F800A07C
:101910000CA8ADF8183017F050FE06AB0E93324607
:1019200048467368CDF82CA0ADF83C500BA99847F9
:1019300000283FF431AF3B78E41AA4B2A3429844A4
:1019400000F2B080012CC6D9B8F80050002DB3D0F9
:10195000032CD7D8064AABE70CF40200849C0200A3
:1019600016F40200915C0200C11A01002AF4020080
:1019700038F40200B8F8023010220021D6F800A096
:101980000CA8ADF8183017F018FE06AB0E933246CF
:1019900048467368CDF82CA0ADF83C500BA9984789
:1019A00000283FF4F9AE3B78E41AA4B2A34298446D
:1019B00078D8012C8FD9B8F80050002D3FF47CAFB7
:1019C000032CD7D83B4A73E7B8F802301022002125
:1019D000D6F800A00CA8ADF8183017F0EEFD06AB55
:1019E0000E93324648467368CDF82CA0ADF83C50B3
:1019F0000BA9984700283FF4CFAE3B78E41AA4B275
:101A0000A34298444ED8012C7FF665AFB8F8005039
:101A1000002D3FF451AF032CD6D8274A48E798F859
:101A2000023000218DF8183098F80330D6F800A065
:101A30008DF8193098F8052098F804300CA843EA7E
:101A40000223ADF81A3098F806308DF81C3098F85B
:101A5000082098F8073043EA02231022ADF81E3020
:101A600017F0ABFD06AB0E93324648467368CDF8CF
:101A70002CA0ADF83C500BA9984700283FF48CAE41
:101A80003B78E41AA4B2A34298440BD8012C7FF609
:101A900022AFB8F80050002D3FF40EAF082CBED88E
:101AA000064A05E7002C7FF407AF002D3FF404AF92
:101AB00031E600BF46F4020054F4020062F4020072
:101AC00070B5102B05461146049C0BD00121084A25
:101AD000084814F02BF82246284663680021BDE828
:101AE000704018472246BDE8704014F06CBD00BF3E
:101AF00016F40200849C02002DE9F04F8FB00746D7
:101B0000189D184629B953B90221544A544814F073
:101B100099F82A46002138466B6898479BE013786D
:101B2000012B07D0022B20D001214E4A4C4813F044
:101B3000FDFFEEE70B464FF00409013880B248453F
:101B40008DF81030E5D34FF00008B0FBF9FBC2462A
:101B5000541CCDF8008004AEBBF1000F08D12A461A
:101B60003846009914F0C4FC75E04FF01209E4E720
:101B700023880193BDF804300093B8F1000F53D1CE
:101B80009DF81030002B37D0022B3CD0296800295B
:101B900045D12B7C042B4DD14FF42053304602A964
:101BA0008DF808A0ADF80A3012F02AFE00283BD0CC
:101BB00042F60103304603A98DF80CA0ADF80E30B3
:101BC00012F01EFE80B342F60203304609A98DF8DA
:101BD00024A0ADF8263012F013FE28B342F603031A
:101BE000304609A98DF824A0ADF8263012F008FE81
:101BF00000BB4FF0010819E0A378E27843EA022322
:101C0000ADF81230C2E7A31C0DF1110204F112016C
:101C100053F8040B8B4242F8040BF9D1B6E7304677
:101C200012F0EEFD0028B4D04FF000080BF1FF3B9E
:101C30004C4491E7102200210AA817F0BEFCBDF821
:101C400004302A46ADF8343038466B68099609A945
:101C500098470028EAD10FB0BDE8F08F0CF40200DD
:101C6000849C020070F4020007B50A4670B9294945
:101C700041F2D933284A294811F05DFA284811F079
:101C80005AFA41F2D931244811F04CFA09B10968E5
:101C900061B9244941F2DA331F4A204811F04BFA66
:101CA0001F4811F048FA41F2DA31ECE7437B072B89
:101CB0002CD153683BB908234FF0040ECDE9003E08
:101CC000194B1A4909E0012B11D0117B5B000193DC
:101CD00041B1202316490093164B14F05DFA03B06E
:101CE0005DF804FB0E2314490093144BF5E7538968
:101CF00033B10C234FF0040CCDE9003C104BE0E76E
:101D00000A230221CDE900310E4BDAE76FF07F00A4
:101D1000E5E700BFB8E50200C6EE020004B002002D
:101D2000D6F2020086F302000F610200491D010095
:101D3000275F0200A15D0200215E0200795D0200C2
:101D4000D15C0200BD5C02002DE9F04F83B002AF10
:101D5000804691461D460E46BC6A41B96BB925685E
:101D6000002322460093F1B24046A8472EE0B1F589
:101D7000807F28BF0E262568F2E76368002B6ED1AE
:101D8000013D2689B4F80AB0ADB202F1010A002D76
:101D90004CD099F80030AB4228BF2B46012B0AD813
:101DA00002213D4A3D4813F0C1FE00230093224624
:101DB00004212568D8E7BAF80020023B91B29BB213
:101DC00041B90121364A354813F03CFF0437BD467E
:101DD000BDE8F08F8E4201D88B4517D26D468AB090
:101DE00002AA304BC2E9076BC2E90531052342F86C
:101DF000103F00234FF422512848F4F733F8AD4642
:101E000000230093256822460E21ADE7228100932E
:101E1000224600214046D4F800C00AF10203E04700
:101E20000028D3D099F80030AB4206D9214640466D
:101E3000FFF71AFF0028C9DAE2E7238962899A428C
:101E400005D1002300932568224619468CE701330B
:101E5000238199F80030ED1AADB29A4497E70095C6
:101E60001346D4F800C02246E0470028AED0238AAB
:101E7000013B9D4203DA009633462568E4E7638917
:101E800021461D4440466581FFF7EEFE00289DDA9D
:101E9000009633462568B6E782F40200849C02006F
:101EA000BAF40200C9F4020073B50C46054670B9D5
:101EB0002D4941F2E3432D4A2D4811F03CF92D48BC
:101EC00011F039F941F2E341284811F02BF909B139
:101ED0000B6863B9284941F2E443244A244811F0CD
:101EE0002AF9244811F027F941F2E441ECE78B8804
:101EF00063B9224941F2E5431C4A1D4811F01BF920
:101F00001C4811F018F941F2E541DDE7437B072B4E
:101F100003D06FF07F0002B070BDCB888E89B3B163
:101F2000284613F02FFD0028F3D0A289431F9BB24F
:101F3000934228BF134604339BB2019316232246D3
:101F400000930F490F4B284614F026F9E3E713F0EE
:101F500019FD02360138B042E2D312232246009323
:101F600009490A4B0196EEE7B8E50200C6EE020009
:101F700004B00200D6F2020086F3020030F502003F
:101F800045660200E15D0200195B0200A55D0200EA
:101F9000032A2DE9F743064689461C460CD8022140
:101FA000234A244813F04EFE22460E213046236871
:101FB00003B0BDE8F04318479F89151FBD4213D9F0
:101FC0001D4A01211B4813F03DFE18230121CDE9D4
:101FD00000311A4B22463046194914F0DDF800282A
:101FE000E2D103B0BDE8F083D3F808802A4640462A
:101FF000043117F0EAFAE388B9F802209A4200D1D6
:1020000008B1104ADDE77B1B12FA85F208EB0500E8
:102010009BB2E280A060A3812BB918230122CDE9F5
:102020000032094BD6E721463046FFF73DFFD6E7A1
:102030000CF40200849C02003FF50200E95C0200FF
:10204000195B020061F50200FB5C020070B50D46F1
:10205000064670B9424941F28553424A424811F05E
:102060006AF8424811F067F841F285513D4811F095
:1020700059F809B10B6863B93D4941F28653394AB1
:10208000394811F058F8394811F055F841F28651A5
:10209000ECE78B8963B9374941F28753314A3248BB
:1020A00011F049F8314811F046F841F28751DDE767
:1020B0004B8963B9304941F28D532A4A2A4811F0BD
:1020C0003AF82A4811F037F841F28D51CEE7437BB8
:1020D000072B3BD1FDF7D6FD044658B9FDF7D2FDDD
:1020E0000446002835D006F17001013013F0A0FD40
:1020F000337A2370A3687BB10022143B9D422BD01E
:1021000018892989884204D19889A989884228BFD9
:1021100001225B6973B97AB930462946174AFEF73E
:10212000B7F8064640B1A36813B92046FDF782FE12
:10213000304670BD143BE1E7A26805F114036A6103
:10214000E268A36002B9E3600026F1E76FF07F0662
:10215000EEE76FF00B06EBE76FF07706E8E700BFFE
:10216000B8E50200C6EE020004B00200D6F202009A
:1021700097F50200B0F50200BEF50200A15E020074
:10218000F8B50C46064670B9394941F2EB53394A65
:10219000394810F0D0FF394810F0CDFF41F2EB5133
:1021A000344810F0BFFF61B9354941F2EC53314A70
:1021B000314810F0C0FF314810F0BDFF41F2EC5142
:1021C000EEE7437B072B4DD1FDF75CFD054600286C
:1021D0004BD08368002B48D000221746143B9C420A
:1021E00008D018892189884208BF01275B691BB183
:1021F000143BF4E70122F9E7002A36D004F110007D
:1022000013F01DFD430703D52146304614F02DFA87
:102210009FB104F1140105F1080013F093FFAB68BE
:102220003BB1002321461A4630462568A8470020C6
:10223000F8BD2846FDF7FEFDF3E721463046114A7A
:10224000A781FEF725F80028F2D104F1140105F169
:10225000080013F077FFAB68002BE8D12846FDF7A4
:10226000E9FDE4E76FF07F00E2E76FF01500DFE7DC
:10227000B8E50200C6EE020004B00200D6F2020089
:10228000CFF20200A15E02002DE9F8438C680646F9
:102290009046994654B3256805B1143D34F80C3C7A
:1022A000434520D1143C07E02C466D692389FDB1DC
:1022B0004345A5F11405F7D1A27B737A9A4212D84F
:1022C0004A46214630462768BDF82030B84750B905
:1022D00021463046FFF754FF034620B10221064A4B
:1022E000064813F023FC2C46002DDED1BDE8F88310
:1022F0004345E1D0FAE700BFD1F50200849C02001B
:10230000F0B587B007460E461546FDF7BBFC044600
:10231000C8B12A46314603A812F0C6F9BDF81030FC
:10232000042B10D9042103A8F6F79AFEBDF810106B
:1023300046880288B14208D201213346084A09483A
:10234000009511F0B4FD07B0F0BD2146031D0096C5
:102350003846FFF799FF314603A8F6F781FEDDE71F
:10236000F0F50200849C0200012370B500F17005B5
:102370008EB0044603902946007A8DF8103012F092
:102380006BFB90B1227A52B302AE0421304610F0BA
:10239000E4FF00962421134A05A82B46F7F7CAF854
:1023A00005AA10461049F4F7E1F84FF6FF71012035
:1023B0000E4A03AB13F0C7FF204612F0BDFD9DF897
:1023C0001010884209D2204612F081FD034620B148
:1023D0000221074A074813F0A9FB0EB070BD009216
:1023E000D8E700BF50F40200010A01007510010097
:1023F00009F60200849C0200F8B50E4B05461B68E6
:102400000E461746A3B11C6804B1043C53F8043CC3
:102410001BB13A463146284698474CB1234664687A
:102420001B681CB1043C002BF3D1F7E7002BF0D163
:10243000F8BD00BFC42B00202DE9F04182B001237C
:1024400000AF0546386000F17001007A3B7112F070
:1024500003FB88B94FF6FF7101203B461F4A13F07A
:1024600072FF0021284614F030F908B9FDF728FF63
:102470000837BD46BDE8F0812846FDF703FC00287B
:10248000E8D08468002CE5D0143C04F11003184611
:1024900013F0D5FB02071FD4184613F0D0FB8307B7
:1024A000C0F3400618D4214628460D4AFDF7F0FE39
:1024B000002811DAE8468AB06A460A4BC2E90740AA
:1024C000C2E90535052342F8103F4FF42251334647
:1024D0000548F3F7C7FCC5466469D3E775100100EA
:1024E0001B5F020035F60200849C02002DE9F74FC5
:1024F000044603464FF6FF7101203A4A04F1700684
:1025000013F021FF3146207A13F03AFF3146207A4A
:1025100012F0A2FA50B1237A4FF6FF718DF8043011
:1025200001206B46304A009613F00DFF2046FDF760
:10253000A9FB074640B92046FDF762FB0546002887
:102540003DD103B0BDE8F08F8568002DF3D055F87C
:102550001489B8F1000F01D0A8F114084FF0000958
:10256000CA4601E04546984605F1100B6FF0080198
:10257000584613F052FB3146207A12F06DFA80B9BA
:102580002B464A4639462046A5F80CA013F068FCB5
:10259000B8F1000FCFD0D8F81430002BE2D0143BA4
:1025A000E0E7584613F04BFBC307E9D47B781BB137
:1025B0003146781C13F03CFB05F11409E8E731467D
:1025C000207A12F049FA28B9284603B0BDE8F04F46
:1025D000FDF7D2BC3146681C03B0BDE8F04F13F0E4
:1025E00027BB00BF2501010015FF000008B50A4BFD
:1025F00042689A420ED183695BB90849084841F69E
:10260000BF13084A10F097FD41F6BF11054810F0BE
:1026100089FD198208BD00BF491D0100CFF20200EB
:1026200004B00200C6EE020008B5054B014618468C
:1026300014F08CF8043B002814BF1846002008BD95
:102640001C1C0020084B00F5B8701A68074BD0E836
:10265000EF1F994204D1C0E8EC2FBCF1000FF6D176
:10266000D0E8AF0F704700BFBC2A0020181C002024
:1026700008B5FFF7E7FF0346C8B1D0E9001221B95A
:10268000002A0CBF0320022010E032B1836813B986
:10269000094B1B7833B9042008E00749087828B1B2
:1026A0009B6833B9003A18BF0122500008BD0320CF
:1026B000FCE70120FAE700BF7C5F002008B501219C
:1026C000024A034814F040F8002008BD79F60200E1
:1026D000E49C0200002370B51A460446EC300D4617
:1026E000FBF7C0FB58B1693004D10121084A094801
:1026F00014F02AF82846BDE87040F6F749BB04F507
:10270000A0704FF47022BDE87040002308F02EBD89
:10271000C1EB0200E49C02002DE9F041D0F8EC602E
:102720000446F57890B0002D6AD1CF681022294672
:102730000CA816F042FF237A052B50D8DFE803F0EF
:10274000060303064F3ED4F8D8300C9306F1770306
:102750000DF1200802937E3604F111030093CDF8A9
:102760000C8001960CAB04F1270204F1370104F14F
:10277000C70014F099FA002836D110223946404695
:1027800016F023FF002839D1627B237DCDE90600B6
:102790009A4294BF00920093ADF8140004F14703ED
:1027A000D4F8EC0005AA06A912F051FB002820DAA3
:1027B0000121144A144813F0C7FF15E0D4F8E030A3
:1027C000002BC3D00DF1300C03F1100E62461868D7
:1027D0005968083303C273459446F7D1B6E701211F
:1027E0000A4A094813F0F8FF0825284610B0BDE84A
:1027F000F0810121201D14F014F8F6E70B25F4E711
:102800000025F2E7B0F60200E49C020094F6020014
:1028100038B50446051D0821284614F002F8084979
:1028200004F15700F9F730FF48B10821284613F0AA
:10283000C8FF04480121044A13F086FF082038BD70
:10284000436B0200E49C0200CBF6020070B50C2141
:10285000054613F0F6FF0446F0B140210C30F6F7C0
:102860001DFC0E4B02461B68014603F1200053F885
:10287000046B834241F8046BF9D1203203F120014B
:1028800053F8040B8B4242F8040BF9D12846214639
:10289000FFF720FF002070BD0820FCE7EC2B002094
:1028A00070B5CD680446EB78D0F8EC60102B01D001
:1028B000062070BD2A7990F8E830134080F8E8309F
:1028C0006A7990F8E930134080F8E9300223037404
:1028D0002B68C0F81130AB88A0F81530AB781A0718
:1028E00006D5037B1B0703D50521043013F099FFA0
:1028F000AB78980606D5237B990603D51421201DB5
:1029000013F08FFFAA78237BD20728D5DB0726D5C3
:102910000D21201D13F085FF237BE17C2D7803EA38
:102920000102100704D5E27AA07C0243D2071AD430
:10293000042D1AD80B4313F0040307D02046FFF7E9
:1029400097FE314B05EB85052B441B5C237220461B
:10295000D6F8A01013F000FF48B90320A9E7002320
:10296000A4F8E830D8E70523F0E70023EEE7D4F831
:10297000EC309B7A032B14D004D8013B012B1CD9DB
:10298000082096E7042BFBD1237D627B934228BF6E
:102990001346102B8CD10521201D13F0D7FE0028E3
:1029A000DBD0237A002BD8D00521201D13F0CEFEDA
:1029B00018B9237A013B012BCFD9261D05213046BA
:1029C00013F0C4FE0028C8D02046FFF73BFE0023CA
:1029D00084F8E83094F8E93003F0020384F8E93031
:1029E0000A4B1D682DB93046062113F01AFF284600
:1029F0005FE720460C2113F014FF0B2113F0E1FEDA
:102A0000BDE87040FFF722BFFBFA0200EC2B00206C
:102A10002DE9F04304468DB008AE10220021304667
:102A200016F0CBFD237A052B34D8DFE803F006033C
:102A300003063323D4F8D8300893D4F8EC3004F1EB
:102A4000470204F1C707CDE9017204F1270803F139
:102A50007E0204F13709009241464A46773304F179
:102A6000970001F049FCF0B1294A0121294813F0EF
:102A70006BFE14E0D4F8E430002BDED0354603F1D1
:102A800010072A4618685968083303C2BB42154626
:102A9000F7D1D2E70121204A1E4813F09DFE0820FD
:102AA0000DB0BDE8F083D4F8EC3004AD03F17E0244
:102AB0007733019304F10A03029200934A463346A6
:102AC00041463846039514F0EFF808B1134ACCE7B5
:102AD0000D21204613F0A5FE0D2113F0B2FE07468E
:102AE0000028DCD010210C30F6F7D8FA2A4603462D
:102AF000154603CDB542186059602A4603F1080314
:102B0000F6D120463946FFF7E5FD0020C8E700BFB3
:102B1000E4F60200E49C020094F60200F9F60200DA
:102B200073B5047A0546022C23D844B190F8DC3002
:102B3000D0F8D840DC4004F0010444F080040321C4
:102B4000284613F07EFE0646D8B110210C30F6F769
:102B5000A5FA009012482346006805F1270205F106
:102B6000570114F07CF8044680B13046F6F710F9AE
:102B700007E0032C08D0234601210A4A0A4813F033
:102B80002BFE082002B070BD0024D8E7314628464D
:102B9000FFF7A0FD281D214613F013FE2046F1E7A4
:102BA000EC2B002094F60200E49C0200F7B50446EA
:102BB0000E46FFF747FD04F1570705463A46F3680E
:102BC00003F1200153F8040B8B4242F8040BF9D1B6
:102BD00004F1770203F1200153F8040B8B4242F811
:102BE000040BF9D13846F9F7A7FC08B303216A4A68
:102BF0006A4813F0A9FD0E21201D13F012FED4F82F
:102C0000EC60D6F8A03033B9307A06F1700101F0EB
:102C10004BF8C6F8A000D6F8A030A3B15A8A02F04B
:102C2000240282B15B7C99070DD4032003B0F0BD70
:102C30003846F9F78DFC30B958480221584A13F04C
:102C400083FD0B20F2E7D4F8EC30DB780BB10020E9
:102C5000ECE7261D0E21304613F078FD68B9514B84
:102C600020223846196816F0B0FC30B902214E4ACD
:102C70004A4813F069FD0820D8E7237A052B00F2B3
:102C80008380DFE803F003490803815303212046D2
:102C900013F0C7FD31E02046D4F8EC70FFF7D2FC0A
:102CA00004214FF0FF3305460DEB01000193F9F7C6
:102CB0007BFA0028DFD1019B3C4A84F8DC00B3FB9F
:102CC000F2F102FB11330193C4F8D83055B12B68EF
:102CD00043B10B21304613F0A4FD38462B68D4F8DD
:102CE000D81098470321204613F09BFD0E2113F0C6
:102CF00098FDFFF715FF002898D13046072113F003
:102D000090FD0820FFF790FC0028A0D1204603B0DA
:102D1000BDE8F040FFF77CBD0A21304613F081FD8D
:102D20006B68D4F8EC0098470E21B0E7102104F14D
:102D30002700F9F739FA00289DD15DB3EB684BB352
:102D40001B4BD4F8EC101B88E27AADF80430C9783C
:102D5000A37CB9B9D20703F0010311D4002B08BF3B
:102D6000032000238DF80500C4E9383330460C21D8
:102D700013F057FDEB68D4F8EC0001A99847BCE7C5
:102D8000581CEEE70320ECE701210A4A034813F040
:102D900023FD70E7022049E71CF70200E49C0200D3
:102DA0003DF70200EC2B002059F7020040420F00D3
:102DB000389F020094F602002DE9F041044686B0E7
:102DC0000D46FFF73FFC04F1370706463A46EB682D
:102DD00003F1100153F8040B8B4242F8040BF9D1B4
:102DE000D4F8EC30DD78002D40F08380237A052B79
:102DF00068D8DFE803F022030322672D94F8DC2073
:102E0000D4F8D830D34003F0010343F080033A49AB
:102E10000DF10808CDF800803A46096804F1570022
:102E200013F01DFF58B10121344A354813F08CFCD2
:102E30000825284606B0BDE8F0810023E7E7102208
:102E4000414604F1170016F0C0FB08B10425F0E775
:102E5000237A052B36D8DFE803F03B1D1D03353BF5
:102E600002AB2548009300683B4604F1270204F1B9
:102E7000570101F0A9FA0028DAD1201D0A2113F028
:102E8000D0FC092113F0CDFCB3680299D4F8EC0012
:102E90009847CEE794F8DC300133DBB2142B84F88A
:102EA000DC3015D0102104F12700F9F77DF9002856
:102EB000BED10321204613F0B4FC06B0BDE8F041BA
:102EC000FFF72EBE01210F4A0D4813F085FCAFE736
:102ED000231D0721184613F039FC20B1092118469B
:102EE00013F09FFCA5E7204606B0BDE8F041FFF7D0
:102EF0008FBD05259DE700BFEC2B002074F7020075
:102F0000E49C020094F6020038B504460D49A0F195
:102F1000EC05543007F09AFF284613F0EEFC0A4AFD
:102F200004F18403D3E8EF1FC3E8E02F0028F9D1B0
:102F30004FF0FF338834D4E8EF2FC4E8E13F002995
:102F4000F9D138BD653A0100181C0020B0B5D0F8A1
:102F5000A04000AFC4B97030F6F75EFA6D4688B095
:102F60006A460A4BC2E905304FF400739383084B5D
:102F700042F8103F074823464FF4E251F2F772FF40
:102F80000820AD46BD46B0BD0020FBE78DF702002E
:102F900003000001E49C020080B500AF88B06A46DF
:102FA000074BC2E90530032342F8103F00234FF4DA
:102FB000C2510448F2F756FF6FF00B00BD4680BDCA
:102FC000A2F70200E49C0200054BD3F8EC200AB102
:102FD000FFF7E2BF0348EC33586010460B607047C0
:102FE000181C0020A8A502002DE9F0410B4606465A
:102FF00000AF0D21043013F0A9FB78B3DD68D6F8DB
:10300000EC30022003F170084246197A00F07CFF90
:103010000446C8B94046F6F7FFF96D4688B06A46DF
:10302000114BC2E905304FF4007393830F4B42F804
:10303000103F0F4823464FF4E251F2F713FF0820E8
:10304000AD46BD46BDE8F0812B462E3405F1100299
:1030500053F8041B934244F8041BF9D1304609216C
:1030600013F0DFFB0020ECE7C7F7020003000001CC
:10307000E49C02002DE9F041054613F0AFFB044645
:10308000002800F0CD80071D0421384613F05EFBB8
:10309000002840F0C8800221384613F057FB002872
:1030A00040F0B7800321384613F050FB18B16FF0A1
:1030B0000F00BDE8F0810121384613F047FB0028DE
:1030C000F5D12046FFF7BEFAD4F8EC3006469B7ADD
:1030D000032B15D005D8013B012B1BD96FF0150030
:1030E000E7E7042BFAD12046FFF7C2FA032804D100
:1030F000002EF3D0F368002BF0D04C4B1B7807E088
:103100002046FFF7B5FA032804D1002EE6D0F36875
:10311000002BE3D0D5F8A0306BB10021EC22204683
:1031200016F04BFA102104F12700F9F73DF870B1C1
:103130006FF06800BDE7287A05F1700100F0B4FD7A
:10314000C5F8A0000028E8D16FF00B00B1E7052119
:10315000204613F066FBF9F789FA354B0121186018
:10316000204613F06EFB80460028E1D006210C308B
:10317000F5F794FF2D4B05461B782046002B14BF16
:1031800009260126FFF774FA2A4A0328127818BF85
:1031900046F0040604F5BA73D3E8EF1F013103D1FA
:1031A000C3E8E02F0028F7D1D3E8AF3F9BB346F048
:1031B00001062046AE70FFF75BFA1F4B28701B78A4
:1031C00063BB1E4B1B786B701023EB70AB784146D2
:1031D00013F0010314BF032200222B716A7184F8DB
:1031E000E8306B79204684F8E930012363722B685C
:1031F000C4F80A30AB88E381FFF76CFA204602215D
:1032000013F00FFB0B2113F00CFB0321384613F0D6
:1032100008FB00204DE706F00C06CAE70123D2E7C1
:103220006FF07F0045E76FF0040042E77C5F00200D
:10323000EC2B00204C0A00207D5F00207E5F0020E8
:103240002DE9F743051D0646D0F8EC40CB6828462B
:10325000022113F07BFA00286CD10321284613F0D9
:1032600075FA002866D10121284613F06FFA00286C
:1032700060D1324A1278002A5ED093F8008018F0AC
:10328000080F08F00F0757D0D4F8A03053B15B8A6D
:1032900003F02403BBB92046FFF7ECFE002841DB16
:1032A0000F2144E004F170094A462020217A00F001
:1032B0006DFDC4F8A00030B94A460420217A00F020
:1032C00065FDC4F8A000D4F8A0100029E3D018F0E0
:1032D000040F11D04B7CDA070ED43046FFF7C8F943
:1032E00003283B4602D00321154A01E00221154A7A
:1032F000154813F071FACEE74B8A9B0601D43B4682
:10330000F1E70B7C01F11C020093204601F11E0342
:10331000143111F09CFD002808DA01210B4A0A48FB
:1033200013F012FA082003B0BDE8F083012128460B
:1033300013F077FA0020F6E70320F4E77C5F002023
:10334000E1F7020008F80200E49C0200B0F6020077
:10335000F8B5D0F8EC400646D4F8A030051D002B97
:1033600033D10221404A414813F0EEF90721404B86
:103370005F5CD4F8A0304BB11B7C002B5DD1D4F83E
:10338000A00000F0E5FD0023C4F8A030022128468B
:1033900013F0DCF948B9072F94BF364B1F213A468A
:1033A000204698BFD95DFAF7FFF90321284613F0AC
:1033B000CDF968B3304B1B6853B31D6805B10C3DA4
:1033C00053F8083C002B41D143E081BB0D21284636
:1033D00013F0BCF9074620B1D4F8A00008B100F002
:1033E00035FF254B1B689BB11D6805B10C3D53F89B
:1033F0000C3C13B13946204698474DB12B46ED6839
:103400001B681DB10C3D002BF4D1F7E7002BF1D167
:10341000304613F072FA637B072B24D1627AA37AC9
:103420009A4220D02046BDE8F84013F01FBB013976
:10343000C9B20E299BD909279BE70221284613F020
:1034400085F900289BD1A1E70C3D23B139462046E0
:103450009847002DDCD02B46ED685B68002DF3D13A
:10346000002BF3D1D4E7F8BDC0F80200E49C0200C1
:10347000ECFA0200DBFA0200B42A0020F8B5031DC2
:1034800006460F461846022113F060F9044620B1A3
:10349000B6F8E840B4FA84F464090321184613F03E
:1034A00055F980B139463046FFF752FFC4B10221C9
:1034B00019481A4A13F048F90521D6F8EC00F9F733
:1034C0002BFE0020F8BD0121184613F03FF900281B
:1034D000E8D10F21184613F039F90028E2D1E5E7C9
:1034E0000521304613F0ADF9054688B101210C30B5
:1034F000F5F7D4FD234607702246294606F1EC0075
:10350000FAF7B0FC0028DCD02846F5F741FCD8E7F4
:103510006FF06800D6E700BFE49C0200EAF8020002
:1035200010B50D4CD4E8AF3F5B0614D5D4F8E830A5
:10353000043CDB787BB92046FFF788F9014610B1DF
:103540002046FFF79BFFD4E8EF3F43F48053C4E8E5
:10355000E23F002AF7D110BD1C1C00201A4B10B509
:10356000044618604FF0FF324FF0FF33174806F063
:1035700025FB58B1164941F23C33164A16480FF064
:10358000DAFD41F23C3113480FF0CCFD134807F04F
:1035900007FF0E4806F0E2FB48B10D4941F2413306
:1035A0000C4A0D480FF0C7FD41F24131EBE734B949
:1035B0000221BDE810400A4A0A4813F0C5B8BDE828
:1035C0001040FFF7ADBF00BFEC2B0020D00800205B
:1035D00099F8020037F8020004B00200E408002065
:1035E00042F90200E49C02002DE9F3410B8A0446F3
:1035F0000E4643B901212D4A2D4813F0A5F80020AD
:1036000002B0BDE8F081012106F10C00F5F728FDBC
:10361000A4F1EC05E83C07460421204613F096F897
:103620003B7828B1234A0221214813F0D5F8E6E778
:103630000E2B01D9204AF6E7DFF8808058F83320B6
:103640004AB902211E4A1A4813F0C6F80721284633
:10365000FFF714FFD3E71946284613F0D0F83B785C
:1036600060B902211248174A13F0B6F80321204628
:1036700013F06CF80028C2D00821E8E708EBC3017A
:10368000328A0979914208D00121009308481346F3
:103690000D4A10F00CFC0A21D9E73146284658F8AB
:1036A0003330984701460028A9D0D0E75BF90200E3
:1036B000E49C020076F90200A7F90200D0A50200FE
:1036C000C9F90200E3F9020091EC02002DE9F0478C
:1036D00084B090F8E930D1F80C8023F0020380F830
:1036E000E930D0F8EC6098F80030044600AF06F1FD
:1036F0007009BBB398F8063003F0C003C02B31D07B
:103700004046F5F789FE6E4688B06C464FF4007A65
:103710002546724BDFF8C881C4E90530A4F81CA027
:1037200045F8108F00232A464FF4E2516D48F2F716
:1037300099FB4846B546F5F76FFEA5466A4BA4F8D7
:103740001CA0C4E90530C4F81080664800232A464E
:103750004FF4E251F2F786FB0A20B5461037BD461A
:10376000BDE8F08707224146484615F02EFF68B1B4
:103770004146307A00F08AFB054638B101462046C2
:1037800012F0EAFF30B3284600F0E2FB0D21201DC5
:1037900012F0DCFF002800F083804A460220317AD4
:1037A00000F0B2FB0546B8B94846F5F735FE6C4661
:1037B00088B06A464D4BC2E905304FF400739383DD
:1037C000474B42F8103F4FF4E2512B464548F2F781
:1037D00049FBA5460820C1E7F378002B40D106F14C
:1037E0007E03187801282AD19A7902F0C002402A73
:1037F00025D1D3F80120C5F83E20B3F80530A5F84F
:10380000423096F87030D3B196F8763003F0C003AA
:10381000C02B14D036493A1DC7E90198FD60F9F76D
:10382000ADFBD8F800303046C5F80130B8F80430A8
:10383000A5F8053098F80630EB71F9F76DFF94F8AC
:10384000E91011F002010ED02A4941F229032A4A57
:103850002A480FF070FC41F2290127480FF062FC62
:1038600006F17703BDE72846F7F74CFF014630B174
:103870001C480221224A12F067FF03206EE7284607
:10388000F7F740FF48B11F4941F24D031A4A1B4860
:103890000FF051FC41F24D01DFE72846F7F744FFF6
:1038A00094F8E9305B0703D50A21204612F0B9FFEE
:1038B000F37823B1B4F8E81061B100204EE794F832
:1038C000E930002BF6D1D4F8EC00FFF73FFB0028DD
:1038D000F0D043E72046FFF73BFDEEE7FEF902009C
:1038E00003000001E49C02009AF70200C7F70200FF
:1038F0003B69020012FA020037F8020004B002002D
:103900002DFA020068FA02002DE9F0410E46044645
:10391000D0F8EC80FEF796FEF66801210546337874
:103920000F48104A271D12F057FF0A21384612F09F
:1039300066FF38B16DB920463178FFF709FD0020E8
:10394000BDE8F0810B21384612F059FF0028F1D173
:10395000F1E72B69002BEED040469847EBE700BF1C
:10396000E49C02008AFA02002DE9F0410546A0F12C
:10397000E80604460F463046012155F8EC8912F05E
:103980003EFF002861D0DFB10321304612F0DEFE99
:1039900000285AD03846F6F7AFFD0138C0B20828E3
:1039A0008CBF00242E4B4FF0020198BF1C5C3046A8
:1039B00012F037FF21462846BDE8F041FFF7C8BCAA
:1039C00098F80B30002B40D00321304612F0BEFE99
:1039D00020B92846BDE8F04112F08FBF05213046DE
:1039E00012F0B4FEB8B114F8043C1F0707D514F860
:1039F000033C180703D51121304612F012FF14F8CA
:103A0000043C23F0080304F8043C14F8033C23F0BE
:103A1000080304F8033C14F8033CD90717D5062122
:103A2000284612F0FEFE0221304612F0FAFE98F807
:103A3000033013B914F8033C3BB92068FFF786FA4A
:103A400018B934F8041C0029B5D0BDE8F0819A07F4
:103A500001D50821E4E75B07E5D50A21E0E700BFCF
:103A6000E3FA020037B5A0F5A075A0F59E74D4E87E
:103A7000AF3FD5E8AF2F012100920748074A10F069
:103A800016FA28460821FFF763FC0421204603B0FC
:103A9000BDE8304012F0C5BEE49C0200ACFA020062
:103AA0002DE9F84300AF044612F098FE054670B3C6
:103AB000061D0321304612F049FE40B3D4F8A000A1
:103AC00008B100F045FA04F170094946207A00F087
:103AD000EBF88046C4F8A000E0B94846F5F79CFC36
:103AE0006C4688B06A463E4BC2E905304FF400731D
:103AF00093833C4B42F8103F4FF4E2513A4843461F
:103B0000F2F7B0F90821A5462846FFF7B7FCBD46F5
:103B1000BDE8F8830E21304612F018FE28B1D4F823
:103B2000A020537C43F0020353742B7A032B11D84B
:103B300023B10521304612F009FEA0B9D4F8A02027
:103B4000537C23F020035374D4F8A020537C23F03B
:103B500001030DE0053B012BF0D8D4F8A020537CE5
:103B600043F020035374D4F8A020537C43F00103A6
:103B700053742B7D697BD4F8A0208B4228BF0B4661
:103B800030461374052112F0E1FDD4F8A0305A7CC0
:103B900010B342F010020D2130465A7412F0D6FDD7
:103BA0000028B4D02021D4F8A00000F095F9D4F872
:103BB000A03005F147021E33573552F8041BAA42C4
:103BC00043F8041BF9D10023D4F8A020536193617A
:103BD000D4F8A02093839AE722F010025A7496E753
:103BE000C7F7020003000001E49C0200012208B5AF
:103BF000034B04481A70F8F7EFFC002008BD00BF23
:103C00007C5F0020EC08002008B558B90A490B4831
:103C100040F24A230A4A0FF08EFA40F24A2108483D
:103C20000FF080FA437C5B0604D4BDE80840012114
:103C3000F7F79ABC08BD00BF4BFB020004B00200BE
:103C40001BFB02002DE9F041144D06462F4617F8E4
:103C5000013B0C4683424FF0010804D1072238464D
:103C600015F0B3FCA0B1B8F1000F05D0072238461B
:103C70000B4915F0AAFC70B92E702268094BC5F8E3
:103C80000120A2889A80A2799A7140F21123EB60F8
:103C90000248BDE8F0810020FBE700BFF02B0020C8
:103CA00011CD0200F12B002008B549B9064907489B
:103CB0007123074A0FF03FFA712105480FF032FADD
:103CC000BDE80840FFF7BEBF5FFB020004B0020082
:103CD0001BFB0200F7B5054616460C46F9B911491B
:103CE0001148BA23114A0FF026FABA210F480FF0F3
:103CF00019FA91B1AA4210D10D4B314618689A8831
:103D00009B79009068468DF80630ADF80420A047F6
:103D10000123798A3A78002BEBD003B0F0BD002361
:103D2000044FF6E773FB020004B002001BFB020025
:103D3000F12B0020F02B00200B4610B51146044655
:103D400063B909490948CD23094A0FF0F4F9CD2197
:103D500007480FF0E7F9BDE8104018470548428AC8
:103D60002242F8D110BD00BF73FB020004B0020074
:103D70001BFB0200F02B002008B5002202200249A4
:103D8000FFF7DAFF002008BD093C0100F8B50E4638
:103D9000054611464AB10F4C00272046638A10F8A9
:103DA000012B2B400BD11846F8BD0B490B48DA23E9
:103DB0000B4A0FF0C0F9DA2109480FF0B3F9964227
:103DC00003D1072215F001FC08B13846ECE7204684
:103DD000EAE700BFF02B00205FFB020004B0020006
:103DE0001BFB0200F8B506460C4659B9214922488A
:103DF00040F20313214A0FF09EF940F203111F48CD
:103E00000FF090F90B78012B01D00020F8BD8B79D1
:103E100003F0C003402BF8D1194D002329466F8AC7
:103E200011F83E2BBF0704F1010006D5B24204D1C0
:103E3000062215F0CAFBD0B100236A8A297802F065
:103E40000202002BE1D1002ADFD0B142DDD1671C94
:103E500039460C4810F085FC01230028EDD0D4F839
:103E60000130C5F83E30B4F80520074B9A8004486D
:103E7000CCE700BF5FFB020004B002001BFB0200A6
:103E8000F02B00201E2C00202E2C002010B529B174
:103E90000D4C237883420DD0002010BD0B490C48F7
:103EA0004FF49A730B4A0FF046F94FF49A71094890
:103EB0000FF038F90722601C15F087FB00280CBFB3
:103EC00020460020E9E700BFF02B00205FFB020046
:103ED00004B002001BFB020008B558B907490848A6
:103EE0004FF4A273074A0FF026F94FF4A271054868
:103EF0000FF018F9438A1943418208BD4BFB0200B9
:103F000004B002001BFB0200F8B506460F4615463A
:103F10004AB90C490C48EC230C4A0FF00CF9EC217F
:103F20000A480FF0FFF8FFF731FF044640B9294671
:103F30003846FFF7B9FE044610B13146FFF7CCFF13
:103F40002046F8BD5FFB020004B002001BFB02002C
:103F500010B5044658B90E490E484FF4AA730E4ADC
:103F60000FF0E9F84FF4AA710B480FF0DBF8037A71
:103F70005B0701D5F7F7F2FB214611F8010BF5F7C6
:103F800019FC2046BDE810404422002115F015BB65
:103F90004BFB020004B002001BFB02002DE9F041C4
:103FA00094B01546044602AF38B901219B4A9C489B
:103FB0000FF06AFF6FF0150642E03822184607F14D
:103FC0001001A847051E06DA2B46964A012194489F
:103FD0000FF063FFEEE7204607F1080110F0EAFB5F
:103FE000064698B16D4688B002AA8F4BC2E90534E7
:103FF0004FF4007393838D4B42F8103F00234FF42E
:10400000E2518748F1F72EFFAD46D3E72046391D30
:1040100010F051F8786838B10A2231460DF036FEBA
:10402000034608B1824AD1E73DBB29463F2007F14C
:104030000802FFF7ABFE40B14422294615F0BDFA55
:1040400030464837BD46BDE8F08107F10800F5F776
:10405000E3F96C4688B002AA764BC2E905304FF40A
:1040600000739383714B42F8103F4FF4E4512B4699
:104070006B48F1F7F7FEA546E2E7002007F10801DB
:10408000FFF7E0FD0446C8B907F10800F5F7C4F9E9
:104090006D4688B002AA684BC2E905304FF4007340
:1040A0009383624B42F8103F4FF4E25123465C4841
:1040B000F1F7D8FE6FF00B06AD46C1E7382D3B7C1B
:1040C0004CD0102B3ED8342D3CD140F2112307F1B7
:1040D0001005C36007F1400C00F110032A4603CA23
:1040E000624518605960154603F10803F6D110685F
:1040F0001860E27BB4F80D3043EA0243022B74D11E
:10410000637CDA079CD513F0300599D107F10800DC
:10411000F5F782F9E84688B002AA484BC2E90530B3
:104120004FF400739383414B42F8103F4FF4E45136
:104130002B463B48F1F796FE637CC54623F001030E
:1041400063747DE73823012100933D4A2B463448B0
:104150000FF0ADFE2046FFF7FBFE2BE7102B32D809
:1041600040F2112307F11005C36007F1400C00F184
:1041700010032A4603CA624518605960154603F1C8
:104180000803F6D110681860638A03F0220213F066
:1041900020056282ADD107F10800F5F73DF96E46C2
:1041A00088B002AA274BC2E905304FF4007393830D
:1041B0001E4B42F8103F4FF4E4512B461848F1F7DC
:1041C00051FEB546C6E707F1100300F10C0507F1F3
:1041D000480C1A4603CA624528606960134605F117
:1041E0000805F6D1237B112B83D007F10800F5F7E2
:1041F00013F96D4688B002AA134BC2E905304FF49B
:1042000000739383094B42F8103F00234FF4E251AF
:104210000348F1F727FEAD469CE700BF3CCD020006
:10422000BC9C020087FB02000CF0020003000001AE
:1042300028F00200A6FB0200C9FB020066FC020097
:10424000E8FB020006FC020026FC0200024610B554
:1042500058B90E490E4840F289130E4A0EF06BFF12
:1042600040F289110B480EF05DFF0146382311F82A
:10427000010B0C32F5F790FA044628B101210346F0
:10428000054A06480FF009FE204610BD4BFB020010
:1042900004B002001BFB0200CBFC0200BC9C02002D
:1042A000884210B500EB020311D98C18A04211D23C
:1042B0000D4940F2B3230D4A0D480EF03CFF0D4866
:1042C0000EF039FF40F2B32108480EF02BFFEFD07B
:1042D0009942ECE7013A114411F8012900F8012B49
:1042E0008342F9D110BD00BF0FDE0200DDDD020008
:1042F00004B0020066DE02002DE9F0479AB01646CF
:10430000DDE923970CAA84468A4690461D462C4B2D
:1043100003F1300E144618685968083303C4734516
:104320002246F7D118681B7961462060237120224C
:1043300004A8FFF7B5FF6B462022224804A900F02D
:1043400071F80446C0BB102251460DF13500FFF74D
:10435000A7FF102231460DF14500FFF7A1FF2946C6
:1043600011F8013B06220DF156008DF85530FFF78C
:1043700097FF2299062211F8013B0DF15D008DF89F
:104380005C30FFF78DFF4B4635224146684600F012
:1043900049F8044680B9484612F053FC01233522FF
:1043A0008DF8303041463B46684600F03BF8044605
:1043B00010B9384612F045FC20461AB0BDE8F08727
:1043C0003A9F0200F8FC020070B50E461D461446E6
:1043D00098B00146202204A8FFF762FF2022314650
:1043E0000CA8FFF75DFF1022294614A8FFF758FF1D
:1043F000102221466846FFF753FF6B4650221846AD
:1044000004A900F00FF840B9039B054A1BBAB3FB9F
:10441000F2F102FB11331C9A136018B070BD00BF9B
:1044200040420F002DE9F0418EB007460C4615467C
:104430000021182208A81E4615F0BFF84FF41053AB
:10444000ADF81C308023ADF81E304FF44063DFF828
:1044500054801022CDE90938394605AB07A809F088
:10446000C3FC034648B1104A104801210FF015FD66
:104470006FF004000EB0BDE8F08106AB029310238C
:1044800022464146CDE9006305982B4614F070FCA6
:104490000446059809F066FC2043EBD0044A234605
:1044A000E2E700BF0002C003D4DE02006C9C020001
:1044B00012FD020010B5094C0A44914200D110BD12
:1044C00011F8013B58400309E35C0001C0B24340CE
:1044D0001809205C1B01DBB25840EEE72BFD0200FF
:1044E000F8B504260D460769374438462A8AE96834
:1044F000F0F71EFE10F10C0F04460BD14B2013F009
:1045000072FF013EF1D122460649074812F020FC15
:104510002046F8BD0028F6DB2846F4F739FC0024D5
:10452000F6E700BF3BFD02009C9C02002DE9F04F26
:104530001746D2F8109002780546042A884687B0BC
:1045400001F1FF330BD0052A00F09580022A40F0DC
:10455000D480032B61D8042200926B4A04E0012B23
:1045600009D802220092694A012169480FF09FFC94
:1045700007B0BDE8F08F43783E2B30D1C678B31E2C
:104580005E425E41B5F80120A8F10303B3EB122FA0
:10459000ADF814204FEA122826D116B300230024C8
:1045A000CDE90234DFF86CB1DFF864A13146DDE912
:1045B00002239DF81400F5F7DDF90446C0B100F1BF
:1045C0000C06022205A9304610F09EF8304610F085
:1045D00093F8804514D9434600904F4A37E00026AF
:1045E000D0E74FF4A023DAE74C4ACDF80080BBE7D0
:1045F000002EBDD102215A4650460FF045FCD5E7AA
:1046000042463046E91C10F07FF821463846D9F87A
:10461000003007B0BDE8F04F184700220023082003
:10462000F5F752F90446D0B1D5F80130A8F10506E6
:1046300000F10C080422404605A9059310F064F827
:10464000BDF816309E4250D000933346344A0121C3
:104650002F480FF02CFC2046F4F79AFB88E7012145
:10466000304A2B4807B0BDE8F04F0FF00DBC324682
:104670004046691DC7E7032B03D8042200922A4A4B
:1046800072E7002200232020F5F71EF9DFF89CA036
:104690000446C0B1D5F80130A8F1050600F10C08B8
:1046A0000422404605A9059310F02EF80023CAF80D
:1046B0000030BDF81630C3F30D039E4215D01C4ADE
:1046C00000933346C3E76421DAF80020B2FBF1F32C
:1046D00001FB13231BB917490D4812F039FBDAF817
:1046E00000300133CAF8003042E7404610F004F8C9
:1046F0008642BCD9334600906FE70F49044807B0A3
:10470000BDE8F04F12F024BB06FE020053FD02008C
:104710009C9C0200AEFD0200E3FD02007FFD020052
:104720004AFE020030FE020077FE0200342C002018
:10473000C1FE0200A1FE0200EFFE020070B5056995
:1047400000200E4600F060F8044630B102461549DC
:10475000154812F0FDFA204670BD286CF0F75AFC9F
:10476000044628B110F1780F02D002460F49EFE756
:10477000286C05F10C02291DF0F78CFC044610B1E1
:1047800002460B49E4E74FF48032002305F128008C
:1047900005F0ACFD044610B102460649D8E72E608C
:1047A000D9E700BF03FF02009C9C020028FF020023
:1047B00058FF02007CFF020038B50569281DF0F79C
:1047C0008BFC044630B102460B490C4812F0C0FA8B
:1047D000204638BD286CF0F73DFC044610B1024677
:1047E0000749F2E712F0B9FA044610B1024605494A
:1047F000EBE72860ECE700BF9CFF02009C9C0200F6
:10480000C7FF0200EBFF020010B50D4BD3F8404488
:1048100014F480740BD00B490B4840F286430B4ACA
:104820000EF089FC40F2864108480EF07BFC102215
:104830000120C3F84024F4F78BFD204610BD00BFD3
:10484000003000506900030004B00200370003008C
:1048500037B540230C460A490093411A49110546D1
:104860002346084A084812F07EFA011E05DA284657
:10487000234603B0BDE83040184703B030BD00BF49
:104880004C2C0020D36D0200F897020010B5EFF316
:104890001184202383F31288BFF36F8F074A1368B4
:1048A00023F00201DB07116002D4012002F076FA46
:1048B00084F31188BFF36F8F10BD00BFFC2C002064
:1048C000C9B2032908B509D909490A487E230A4A09
:1048D0000EF031FC7E2108480EF024FC0C22036906
:1048E00001FB0233D3F8880000F0070008BD00BFC9
:1048F000F200030004B00200B500030070B5C9B2B5
:10490000032903690BD9194919484FF4E873194A67
:104910000EF011FC4FF4E87116480EF003FCEFF3B3
:104920001185202484F31288BFF36F8F0C2606FBB9
:104930000134D4F8884014F0C00408D0A24206D054
:1049400085F31188BFF36F8F4FF0FF3070BD0122E8
:1049500071430B44C3F8882085F31188BFF36F8F30
:1049600043680B445B6898470020EFE7F2000300C0
:1049700004B00200B500030070B50D4606490446B8
:10498000411A491140220548FFF7B8FF2B4601465E
:104990002046BDE8704018474C2C0020F8970200D4
:1049A0002DE9F0470022012107460520F3F704FC1A
:1049B000124802F063F90446D0B902F093F9254693
:1049C0004FF00C0A4FF00108DFF834903E69494679
:1049D00006EB45100EF07CFD031E0CDB0AFB0566A2
:1049E0000135042DC6F88880F0D12046BDE8F08757
:1049F0006FF00404F9E71C46F7E700BF954A010091
:104A000048A602007FB500220123CDE9022304ABB2
:104A1000CDE90433094A6B46CDF800D0CDF804D077
:104A200012F0D0F9002805DB4FF4804200236846DD
:104A300005F05CFC07B05DF804FB00BFF76D0200F9
:104A40000C22124B014602FB0033002030B4D3E9A4
:104A50002052C3F88000EFF31180202484F31288E1
:104A6000BFF36F8FD3F8884004F0C00444F0020411
:104A7000C3F8884080F31188BFF36F8F1DB12B46B8
:104A800030BC0348184730BC704700BF4C2C002096
:104A9000F897020008B5092822D8DFE800F00513CE
:104AA000212121212115110F134BD3F8880010F07B
:104AB00007001FD1BDE80840FFF7C2BF0220F9E799
:104AC0000320F7E70120F5E70C4940F2FA230C4AEE
:104AD0000C480EF030FB40F2FA2109480EF022FBA0
:104AE00006494FF44173064A06480EF024FB4FF482
:104AF0004171F2E708BD00BF4C2C0020790D030086
:104B0000B500030004B0020010B4EFF311822023BB
:104B100083F31288BFF36F8F1848016841F00204D5
:104B20000460C80707D482F31188BFF36F8F012098
:104B300010BC02F0F9B84FF05021D1F80C04D1F8B4
:104B40000C14C907EFD5EFF3118083F31288BFF37C
:104B50006F8F0B49D1F8883003F0C00343F0020394
:104B6000C1F8883080F31188BFF36F8F82F311880A
:104B7000BFF36F8F002010BCFFF762BFFC2C00203A
:104B80004C2C00202DE9F041012206464349D1E892
:104B9000EF3FC1E8E02F0028F9D1A3B940494148CF
:104BA0004B60CB608A60EFF7B3FD00280BDA3E491B
:104BB00040F2A3233D4A3E480EF0BDFA40F2A32145
:104BC0003A480EF0AFFA76B3731E012B5BD8012E74
:104BD00007D14FF05023D3F81C3403F00303022B0A
:104BE00021D013F000FD0546F8B9324B1B78E3B134
:104BF0004FF0502302220746C3F808234FF05024F9
:104C0000DFF8B480D4F81824D4F81834D20315D5BA
:104C100003F00303022B01D0012E0FD16DB387F3F4
:104C20001188BFF36F8FBDE8F081EFF31187202368
:104C300083F31288BFF36F8F0125DFE7C5B13846D4
:104C40000FF0E4FCD4F81835DBB2012BDAD1D4F83C
:104C50000421002AD6D00022C4F80421D4F804216B
:104C60000222C4F818252022C8F88021A360C9E7D1
:104C70000021212007F05EFBE4E74FF050230222E1
:104C8000C3F80423CFE70D4940F2B523074A08488B
:104C90000EF051FA40F2B52192E700BF482C0020F7
:104CA000382C00206C2C0020EFBB0200B500030064
:104CB00004B002008E61002000E100E0790D0300E5
:104CC00008B5074813F093FB38B10648F3F7F4FD35
:104CD0000448EFF71BF8002008BD6FF01200FBE757
:104CE00068980200E94C01000A2838B50446074DCF
:104CF00004D1AB680D212846DB699847AB680348AF
:104D0000DB69E1B29847204638BD00BF68980200D1
:104D1000F7B50F46164648B918491823184A1948D6
:104D20000EF009FA182116480EF0FCF9E9B91649F7
:104D30001923134A13480EF0FEF91921F3E7331B28
:104D4000B3F5806F38BF1D4600202A4601AB3919E4
:104D50000AF082FA68B9019BAB420AD12C44A64200
:104D6000EDD809D0162003B0F0BD4FF480650024C3
:104D7000F5E76FF01500F6E70020F4E78001030087
:104D80005001030004B00200930103004FF47F03BD
:104D9000D3F83021D3F83431072A05D1023B032B55
:104DA00004D8034AD05C7047002070470120704748
:104DB0006B030300024B0B6001231360704700BFBD
:104DC000F8A60200004870478CA602000268154B46
:104DD000FF2A08BF4FF0FF32C3F824254268FF2A9C
:104DE00008BF4FF0FF32C3F828258268FF2A08BFAA
:104DF0004FF0FF32C3F83025C268FF2A08BF4FF0DA
:104E0000FF32C3F834250269FF2A08BF4FF0FF3292
:104E1000C3F838254269FF2A08BF4FF0FF32C3F8B4
:104E20003C25704700B0025030B50D46416885B052
:104E300069B1D1E900138468B4B1D4E90024A4B104
:104E40009BB19C4205D06FF0150005B030BD0B46FC
:104E5000F1E75C1C092C03780AD902210D4A0E489F
:104E600000940FF024F8EEE7224601331C44F1E7EA
:104E70008DF8083040F20113ADF80A30002302A883
:104E80008DF809408DF80C308DF80D5003F0F4FAD0
:104E9000DBE700BFB9010300749D02002DE9F04F6C
:104EA00091B0436800AF5E6B05460021304607F1C4
:104EB000280212F023F9041E76DBBB6A32681979E6
:104EC000186800F0BFFE041E6EDB002201212B20BB
:104ED000F3F772F9286912F043F8D5F804902A69BB
:104EE00048467A4903F09EFA041E55DB784E07F1D6
:104EF00028040FCE0FC496E80300002307F1040A2C
:104F00007B60CAE90133AB2384E803003B71714B3A
:104F100007F12800D3F8242507F11006D2B23A6130
:104F2000D3F82825D2B27A61D3F83025D2B2BA614B
:104F3000D3F83425D2B2FA61D3F83825D2B23A6226
:104F4000D3F83C35DBB27B62FFF740FF012003F072
:104F500013FB80463046FFF739FFB8F1000F28D128
:104F600041465046FFF760FF041E15DB232013F077
:104F70003AFA4FF0030B9F23C7E90A884146C7F866
:104F800010A0C7F814B087F828303E6307F1280056
:104F9000FFF74AFF041E0FDA284611F0A2FF03F0C4
:104FA00031FB08B103F00CFB20464437BD46BDE899
:104FB000F08F6FF00404EFE75A46514609F13000D4
:104FC00014F003FB044618B36C468CB06A4697F89D
:104FD00004E097F805C0BE7999F8300099F83110CF
:104FE00099F83230D3620823DFF8EC90C2E907C6A3
:104FF000C2E9059EC2E9090142F8103F44F24001AE
:1050000043463648F0F72EFFA5466FF01204C3E77B
:105010006A68537F023B012B17D992F81C90A9F1C3
:105020000209B9F1020F8CBF4FF000094FF00109DE
:1050300011F0CBFFB0F100080ADA01214346284AFB
:1050400026480EF02AFF4446A6E74FF00109EFE795
:105050005FFA88F2C8F38018C1459DD00023012172
:1050600082F04002BB623F6179613B6387F82810A0
:10507000FE6207F128003B803A70FFF7D5FE041E60
:1050800007D111F0A2FF041E04DB14F00104F8D1D3
:1050900082E781DA134A144B6E468AB0B9F1000FE9
:1050A00018BF13466A461149D461C2E905134FF48B
:1050B000007313840E4B42F8103F00234FF411513C
:1050C0000648F0F7CFFEB54666E700BF136F020053
:1050D000AC9E020000B00250E2010300749D020089
:1050E00014020300B6E30200DC0103002402030003
:1050F000040000012DE9F04F82460E461C46904602
:1051000087B072B17BB10029426803DBD26A0B44DD
:1051100093420CD9012133463D4A3E4800940EF09B
:10512000C6FE6FF01504204607B0BDE8F08F75424B
:1051300005F0030511F02EFFA54228BF2546D8F142
:10514000000303F0030308F0030758BF5F427F42E8
:1051500007F00307A74228BF2746631BE41B24F080
:10516000030423F00309A145C8BFA14603F0030BC4
:10517000C8BFA3EB040BB9F1000F17D008EB07036E
:10518000494618467219039312F0E3FB04460146A0
:10519000DAF8100011F0C3FEA4BBBD4206D0039B99
:1051A0004A46194608EB050014F0EDF99DB1C5F12A
:1051B00004070421F21B04A812F0CBFB04460146AD
:1051C000DAF8100011F0ABFEE4B904AB2A46404611
:1051D000D91914F0CBF9BBF1000F17D072190821BF
:1051E0004A4404A812F0B5FB04460146DAF8100060
:1051F00011F095FE34B909EB05005A4604A9404464
:1052000014F0B4F9504611F093FE8CE75C46F9E7D0
:1052100035020300749D02002DE9F0430F46064657
:105220001D469046416885B02AB96FF015042046A6
:1052300005B0BDE8F083002BF7D0042B01D9AB07F4
:10524000F3D117F00304F0D1002F03DBCA6A7B19F6
:10525000934207D901213B46314A324800950EF06E
:1052600026FEE2E7304611F095FE204611F0C8FE1A
:10527000044630B1012011F0C3FE304611F058FE53
:10528000D5E7032D1BD804213A4603A812F061FB91
:1052900004460146306911F042FE002CEAD12A464C
:1052A000414603A814F062F93A46042103A812F01B
:1052B0004DFB04460146306911F031FE21E008F053
:1052C0006043B3F1005F02D118F0030F24D0042D26
:1052D000A94628BF4FF0040941464A4603A814F0E6
:1052E00045F949463A4603A812F030FB0446014608
:1052F000306911F014FE24B9B5EB0905C8444F44D8
:10530000E5D1012011F07CFE0546304611F010FE7B
:10531000002C08BF2C468AE73A4629464046C6E795
:105320007E020300749D02002DE9F7430B460E46F2
:1053300007461546D0F804C0C1F30B012AB96FF037
:105340001504204603B0BDE8F083C2F30B0252EA15
:105350000104F4D1002B04DBDCF82C105A198A422A
:1053600006D90121364A374800950EF0A0FDE6E740
:1053700011F010FE2046D7F8048011F041FE0446DB
:10538000002858D1D8F82C30AB421ED103F0A4F934
:10539000A94604462146386911F0C1FD002C3CD1D4
:1053A0004E44A5EB090500214FF4A47006F0C2FF9E
:1053B00011F00BFE041E34DBE307F4D4002DE1D121
:1053C000012011F01DFE044635E0B5F5803F09D3FC
:1053D000B3B253B93146012003F01EF94FF48039BE
:1053E0000446D7E7B5F5805F09D3C6F30B0030B9A3
:1053F000314603F011F94FF480590446CAE7012100
:105400003346114A0F4800950EF051FD6FF015011B
:10541000386911F084FD6FF015040C4A334600958D
:1054200002E033460A4A0095064801210EF03FFD8E
:10543000012011F0E5FD384611F07AFD81E700BF4B
:10544000C8020300749D0200120303004D03030011
:1054500030030300024B0B6001231360704700BF51
:10546000002D00200048704700A7020007B5034642
:10547000054A0091054801210EF019FD6FF0150055
:1054800003B05DF804FB00BF850303000C9D020020
:1054900010B501220648114613F030F812F053FA05
:1054A000044C206012F04CFA6060002010BD00BF78
:1054B000082D0020002D0020F7B50E46144612F0EE
:1054C0003FFA21460546304611F0B8FD374660B335
:1054D000B6FBF5F305FB136323B9B4FBF5F305FB4A
:1054E00013434BB13346134A0094134801210EF085
:1054F000DEFC6FF0150002E0A54202D9002003B0E7
:10550000F0BD4FF0FF324FF0FF330C4804F0EEFED9
:1055100012F016FA0546384602F062FC641B2F446E
:10552000F9D1064804F05EFEE8E7054A33460094E8
:10553000DBE700BFA20303000C9D0200082D002042
:1055400085030300F7B50E461946304617461C463C
:1055500011F074FD50B93346174A009417480121E1
:105560000EF0A5FC6FF0150003B0F0BD46EA04058F
:1055700015F0030503D0124A33460094EEE7A4B1B8
:105580004FF0FF324FF0FF330E4804F0AFFE24F02F
:105590000304A54205EB060009D10B4AD2F80034FA
:1055A000DB07FBD5074804F01DFE0020DCE7795936
:1055B00002F044FC0435ECE7850303000C9D020077
:1055C000C1030300082D00200090035010B50369AB
:1055D00061B920494F23204A20480DF0ACFD2048F6
:1055E0000DF0A9FD4F211C480DF09CFD486850B9F5
:1055F0001C495023184A19480DF09DFD1A480DF01A
:105600009AFD5021EFE75868F8B1884219D19C689B
:105610000868A142586000D19860002008602AB153
:105620005A680A609A68596002B99960002010E0CF
:10563000814206D10868206098688142EDD19C6063
:10564000EBE7044600680028F2D1002AE8D16FF0A9
:10565000150010BD3C0403000004030004B0020068
:1056600045040300540403006604030008B50368FE
:105670000246590914D0012906D14FF6FF7103F0F3
:105680001F03D940C80712D40A490B484FF474735A
:105690000A4A0DF050FD4FF4747108480DF042FDB8
:1056A0004FF0FF31D940C907EED5054800E0054865
:1056B000136008BDA5CC020004B0020072CC020049
:1056C000002584500028845070B5446801F01F05FF
:1056D000207C86B045EA4015A068002871D0B2F55C
:1056E000001F04D1294602F085F900204DE06068D2
:1056F000667CB2F5800F46624FF0000601A8019665
:10570000466031D1B3F1007F14BF052304238DF827
:1057100004300023CDE904030393E368CB40D907A9
:1057200035D4B2F1A07F32D168460095FFF79EFFD5
:10573000009B803350F82330DB0728D46A46294683
:10574000A06801F0E1FF163019D0CDF808D0294645
:10575000A06803AA01F070FE002816DB012229468A
:10576000A06802F0C5F8C0E7B3F1C06F05D0B3F18F
:10577000007F14BF01230223C9E70323C7E769465B
:10578000A06802F091F80028DFDA06B070BD6A4622
:105790002946A06801F0B8FF0028D8D19DF8001074
:1057A000A06802F061F80028D1D00749074840F20C
:1057B000F113074A0DF0BFFC40F2F11104480DF05F
:1057C000B1FC6FF08500E0E799F8020004B0020038
:1057D0007D0403002DE9F043466840F20635337C32
:1057E000D00601F01F0747EA431748BF032302EA28
:1057F000050558BFC2F3401387B0B5F5837F144643
:105800008DF8033044D00DD8062D16D005D8A5B19B
:10581000022D3FD06FF0150037E0B5F5807FF9D14C
:1058200001250AE040F20222954235D0B5F5407FCD
:1058300034D0B5F5007FEDD102250123220303FA10
:1058400001F12DD573689960B06870BB03A8039708
:10585000FFF70CFF039B00EB830084F48033C3F35A
:105860000043C4F34044D0F8002244EA43049DF8C6
:10587000033022F4706244EA830422F00F0244EA07
:1058800005231343C0F80032002007B0BDE8F083C1
:105890000725D2E70425D0E70525CEE70325CCE789
:1058A000630344BF7368D960CEE739460DF1020245
:1058B00001F02AFF14F4403F804617D13946B06802
:1058C00001F0BAFFB8F1000FDED19DF80210B06808
:1058D00001F0CAFF0028D7D01E491F48FC231F4AE9
:1058E0000DF029FCFC211D480DF01CFC4FF00009B7
:1058F00001ABCDE90199CDE90439CDF80C903946D9
:10590000B06803AA01F098FD4845BDDB14F40033EC
:1059100014D09DF8033084F48034C4F300448DF82F
:105920000E308DF80C508DF80D404B463946B0685E
:1059300003AA01F047FE0028C4DAA5E7CDE9043345
:105940000DF1030303933946B06803AA01F074FD17
:10595000F1E700BF99F8020004B002007D040300E3
:105960004209034670B502D0012A1ED070BD144E04
:10597000326951680029F9D0012503F01F030C6832
:105980009D400029F2D08A682A4012D04B6873B932
:105990000C4974230C4A0D480DF0CDFB0C480DF05A
:1059A000CAFB742108480DF0BDFB0A4EE0E7304603
:1059B00098471CB1236821461C46E2E72346FAE7D4
:1059C00030980200A90403000004030004B00200A0
:1059D000660403001498020038B54568A86890B1C1
:1059E00001F010FF014670B9A86801F0C1FE04463D
:1059F00058B902460649A86801F06EFE2246052104
:105A00000D20F2F7D9FB002038BD6FF00400FBE752
:105A10006159010010B504460269A2B0C2F88000C5
:105A20001F49002002F0F8F8002201212A20F2F795
:105A3000C3FB64688422002101A813F0BEFD6368E3
:105A4000B3F5803F04D30221164A17480EF01CFA22
:105A50002368B3F5803F04D30221144A12480EF0A4
:105A600013FA00230120219301AA61680432D9406E
:105A7000C90744BF00FA03F142F8041C2168D94069
:105A8000C90748BF00FA03F103F1010348BFD1631E
:105A9000102BEAD101A802F0E5F8002022B010BDD9
:105AA000895B0100CD0403003C9D0200F904030062
:105AB00038B50F290C4605693CD843681B68CB40B4
:105AC000DB0737D5D5F88430CB4003F001031AB992
:105AD000EBB96FF077002CE0002BFAD155F82130AC
:105AE00023B90221154A16480EF0CEF9D5F88430B4
:105AF00013B92A20F2F730FB0122D5F88430A240F6
:105B00001343C5F88430E0B202F0E4F80AE0C8B20A
:105B100002F0FEF80122D5F88430A24023EA020305
:105B2000C5F88430D5F8843013B92A20F2F722FB67
:105B3000002038BD6FF01500FBE700BF250503000E
:105B40003C9D020038B505460C4622B102210C4AA4
:105B50000C480EF099F90F2C0ED86B685B68E34087
:105B6000DB0709D501230020A400E4B204F1A0441E
:105B700004F52834236038BD6FF01500FBE700BF43
:105B8000550503003C9D020070B5D1F880600F28D8
:105B900004460D46736803D81B68C340DA0704D473
:105BA00002210E4A0E480EF06FF9D5F88430E3401A
:105BB000DB0704D402210B4A09480EF065F905EB16
:105BC000840255F824503DB121463046AC46BDE82C
:105BD00070400023126C604770BD00BF7005030069
:105BE0003C9D02008C05030008B503680246590974
:105BF00014D0012906D14FF6FF7103F01F03D940DD
:105C0000C80712D40A490B484FF474730A4A0DF0BE
:105C100092FA4FF4747108480DF084FA4FF0FF3196
:105C2000D940C907EED5054800E00548136008BD16
:105C3000A5CC020004B0020072CC02000025845002
:105C4000002884502DE9F04F1546824640F2FF1996
:105C5000DFF8B8B185B000EB8108D04503D1002052
:105C600005B0BDE8F08FDAF80030C3F3C32108298E
:105C7000C3F3080400F2C380654A4C45575C4FEA01
:105C8000136311D0222B1DD94E2B40F0BB80C5F8D9
:105C90001445012603A80394FFF7A6FF039B06FA09
:105CA00003F38360334654E0222B09D94E2B40F096
:105CB000A9804FF0FF33C5F814350AF1040ACCE788
:105CC0004FF0FF34222B00F29D80DFE803F0121723
:105CD0001E362127369B9B9B9B39669B9B9B9B9BE0
:105CE0009B9B9B9B6E797C7F9B9B9B82898C8F92DD
:105CF0009500C5F80C45631CCBD1DEE7C5F814450B
:105D0000631CDAD00026002323E0C5F80845F2E73B
:105D1000611CC5F80845D0D0002604E0621CC5F817
:105D20000C45CAD0012603A80394FFF75DFF0123A9
:105D3000039903FA01F1C1600BE0C5F81045DFE7F4
:105D4000C5F80845002FDBD1661CB6D00026062713
:105D50003346DAF80010039401F40040002818BF1D
:105D6000002303A818BF012601910093FFF73CFF11
:105D7000039C019900EB8400D0F80042009BC1F322
:105D800041213F0247EA81073B4304EA0B042343D6
:105D900043EA4603C0F800328FE7C5F80C45002FF0
:105DA000D2D0601C89D000267CE7C5F86045611C14
:105DB000DAF8003081D0C3F30043002BB2D068E79B
:105DC000C5F86445F3E7C5F86845F0E7C5F86C45E4
:105DD000EDE7C5F82445621C3FF46FAF012692E75A
:105DE000C5F8284587E7C5F83045F4E7C5F83445D8
:105DF000F1E7C5F83845EEE7C5F83C457BE76FF0BD
:105E000015002DE76FF085002AE700BFF0F0FCFFDA
:105E1000C205030070B5036986B0456804461422C4
:105E2000002101A81E6813F0C8FB05238DF804307B
:105E3000002386F8633063680D4A1B68C3F80823A3
:105E40006B689B070ED5EFF31185202383F312882F
:105E5000BFF36F8F0221204611F075FA85F3118888
:105E6000BFF36F8F204601A911F062F906B070BD33
:105E700014020A002DE9F8430546002201210820FA
:105E8000F2F79AF90820F2F767F96C680121E068E7
:105E900011F04AFA6B6819682369C1F82435A27DAC
:105EA000637D207D1343228B02431343C1F86C357D
:105EB0002C69206878B100223549083012F052FC74
:105EC0002368DD63206800223249683012F04AFC02
:105ED0002368C3F89C506F68D7E9004313F00103AF
:105EE0003CD04FF00008D5F8109004F10C01C4F834
:105EF000A08109F10C02C4F88C8004F5907011F0B7
:105F000075FB061E07DA0121234A24480DF0BCFF69
:105F10003046BDE8F88399F80C0000F08FFE0823A6
:105F2000C4F800357B6AC4F844350123C4F84885B9
:105F3000A360D4F85831002BFBD00023C4F80035FF
:105F40006B68596811F0020106D1D8681C6811F01D
:105F5000EBF90823C4F800350026D9E70822C4F875
:105F600000257A6AC4F84425C4F848350123A360A3
:105F7000D4F82031002BFBD00023C4F82031D4F812
:105F800020310123E3604FF48073C4F80433D0E779
:105F9000B574020031750200CB050300949D020028
:105FA0002DE9F84304468846466812F01CFB88B386
:105FB000216963684FF020091D68EFF3118789F3A9
:105FC0001288BFF36F8F606811F09EF9002839D0F6
:105FD0000B6853B1D3F8A4203AB1D3F8B420002A07
:105FE00003DAD5F84C25C3F8B420736A012283F88C
:105FF00000802046716A11F0CCF973689B0744BF9A
:106000004FF48003C5F8043387F31188BFF36F8F13
:10601000BDE8F883164B1A7863680AB92169C9E7A5
:106020004FF020091D686427606811F06DF970B9A0
:10603000012011F0A6FA013FF6D10021212006F03F
:1060400079F9F0E787F31188BFF36F8FB5E7EFF3C6
:1060500011810F4689F31288BFF36F8F606811F0CA
:1060600053F90028C1D181F31188BFF36F8FE4E7A2
:106070008E6100202DE9F04F9946D0F804A0036905
:1060800085B01C6802939AF8083006468846174681
:10609000DAF8005073B1554940F2FB63544A554851
:1060A0000DF049F854480DF046F840F2FB615048B5
:1060B0000DF038F894F86330002B40F0948094F899
:1060C000643003F0FF01002B40F08D80B9F1FF3FF9
:1060D00069D0B9F1040F66DD4FF0050C4FF40040B4
:1060E00099FBFCFCDFF814E10023CCFB00E1444AFF
:1060F0007046EAF7F9FE4FF0000BC4E91601C4E957
:106100001087C4E912BBC4F850B0DAF80420920733
:1061100050D5EFF311822021039281F31288BFF34F
:106120006F8F0221304611F023F9039A82F3118810
:10613000BFF36F8FDAF8042093073BD594F86160C2
:10614000C6B3BE4228BF3E4640463246DAF820106B
:1061500013F00CFABF1B29D194F86120921BD2B224
:1061600084F86120DAF82000811913F00CFA029B00
:1061700003F1080BDBE8EF3F43F00403CBE8E23F19
:10618000002AF7D145F30735002D08DB01226B0902
:106190001C4905F01F05AA40403341F82320002088
:1061A00005B0BDE8F08F00200146A4E7B9F1FF3F3C
:1061B0000CD1B044144BC5F83485C5F83875C5F812
:1061C0000433012384F863302B60E8E7C5F808B195
:1061D000D5F80831D4E91623CDE9002304F10800ED
:1061E00006F00CFFE5E76FF00F00D9E7790D03002B
:1061F000EA05030004B002001E0603003F420F0040
:1062000040420F0000E100E010020A002DE9F04FCB
:106210004368D0F810B01D680446D5F804934FF4D5
:1062200000324B464FF4A27128468DB0DBF8007067
:1062300011F05EF8064608B197F862604B461022EE
:106240004FF48871284611F053F84B4604224FF45E
:1062500084710390284611F04BF84B464FF400220E
:106260004FF4A6710490284611F042F84B46804640
:106270004FF400724FF49271284611F039F838B398
:10628000636814221B68002107A8D3F880A4059333
:1062900013F093F906221AF0010F059B8DF81C20CC
:1062A00040F0DB801AF0020F40F0D9801AF0040FA2
:1062B00040F0D7800AF0080220468DF8202007A978
:1062C000C3F880A410F034FF0021204610F0B3FF83
:1062D000049B93B1002123696268D2F800A01A6878
:1062E00082F860101868D0E91623CDE90023083041
:1062F00006F084FE0423CAF80833039B002B00F049
:10630000B280FB6C002B40F0ED80B8F1000F40F044
:10631000B28000222046114611F074F806B34FF007
:10632000000887F862802369D4F804A01E68316CE5
:1063300021B1204610F003FFC6F8408096F8643083
:10634000002B00F0DA80002386F8643000226368B6
:1063500020461B68C3F80821D3F80831FFF75AFD1F
:1063600019F4807F19D0D5F82031B3B163681B6868
:10637000EFF31182202181F31288BFF36F8FD3F8DE
:10638000201131B10021C3F82011D3F820110121CF
:10639000D96082F31188BFF36F8F19F4800F3ED05C
:1063A000D5F85831002B3AD063682569D3F80080BE
:1063B000EFF31189202282F31288BFF36F8F2A68CE
:1063C0005B68D2F8B4100029ACBFD2F8B460D8F83A
:1063D0004C659A0707D54FF4800301212046C8F881
:1063E000083310F0B0FF89F31188BFF36F8F2B686B
:1063F000D3F8A0209AB193F8B810002900F0A1803A
:10640000EFF31186202383F31288BFF36F8F2946A1
:10641000204610F0D7FF86F31188BFF36F8F0BF182
:106420000803D3E8EF2F22F00401C3E8E01F00289F
:10643000F7D1530740F1C3802046796C10F093FEEA
:106440002046396C10F07BFE00232046C7E910334C
:106450000DB0BDE8F04FFFF7DDBC01222CE70222B2
:106460002AE7042228E7B8F1000F3FF457AFFB6C8E
:10647000EBB94FF000081422002107A813F09DF893
:1064800003238DF81C30236920461A6807A9D2E936
:10649000163213431FBF042263681B68C3F804232A
:1064A00010F046FEB8F1000F7FF433AF36E7D5F8B1
:1064B00010315BB94349444840F6B813434A0CF0E5
:1064C0003AFE40F6B81141480CF02CFE039B012126
:1064D000C5F81031204606F00102D5F8103110F051
:1064E00091FFC6E74146204606F0010210F08AFF00
:1064F000B8F1000F3FF412AFBBE7DAF804309907A8
:106500007FF524AF62681368126AC3F83425052248
:10651000C3F838250122DA62D3F81021002AFBD013
:106520000021C3F81011D3F81021D3F84C212AB15F
:10653000C3F84C11D3F84C21D3F83C2586F86120E0
:1065400004E7D3F8A8108A4211D0D3F8AC10D3F8DE
:10655000B020B142324430D12046C3F8B02010F010
:10656000A8FE00287FF44CAF2B68D3F8B0602868F1
:10657000683012F003F91422002107A813F01DF867
:106580002B682046D3F8A03007A9CDE908362B6840
:10659000D3F8A4309E421CBF01238DF81C304FF469
:1065A0008003C8F8083300232A68C2F8A0302A689C
:1065B000C2F8A43010F0BCFD31E71646D7E70DB0A5
:1065C000BDE8F08F3706030004B00200EA050300BF
:1065D000F7B506461C460569EFF31187202383F3C0
:1065E0001288BFF36F8F2B68D3F8A4C0BCF1000FE3
:1065F00007D087F31188BFF36F8F6FF00F0003B0E0
:10660000F0BDC3F8A4202B68C3F8A01001F06043CC
:10661000B3F1005F2B6814D1C3F8A8102B68C3F83E
:10662000AC202946304610F0CDFE87F31188BFF329
:106630006F8F73681B7D012B01D1631C06D1002075
:10664000DDE7C3F8B0C010F034FEEAE74FF40046CF
:1066500000210A4824EAE4740023C4FB0601084A26
:10666000EAF742FC2D6802460B46683500200021FF
:10667000CDE90001284606F0C1FCE0E73F420F00EB
:1066800040420F0070B40E4922F07F46D1E9003439
:10669000D01AC31844F10004C1E90034A6F5001370
:1066A000B3F5400F09D2074B1B681A0A1B069C1949
:1066B000054B42F10005C3E9004570BC06F0E0BAA5
:1066C000601E0020C82D0020681E00200D4B186899
:1066D000010A0006BFF35F8F0B4BD3F8043518187F
:1066E00041F10001B3F5801F0AD2084BD3E9002322
:1066F000904271EB030303D210F1807041F100016D
:10670000704700BFC82D002000500150681E0020B7
:106710002DE9F7432E4BD3F8042390070BD5D3F87C
:10672000042142B10022C3F804212A4AD3F80431DB
:10673000136801331360264AD2F80433D90326D5EF
:10674000254BD3E8EF1F21F00100C3E8E40F002C34
:10675000F7D1CB0702D4D2F84031C3B100251C4C8D
:10676000C4F84051D4F84031FFF7B0FFEFF3118285
:10677000202383F31288BFF36F8F184BD3E902678E
:10678000B042B94106D282F31188BFF36F8F03B0D4
:10679000BDE8F0834FF0FF38D3E900104FF0FF3928
:1067A0001D60C3E902894FF48033C4F84833C4F84C
:1067B0004051D4F8403182F31188BFF36F8F002924
:1067C000E5D0009032463B4628468847DFE700BFC9
:1067D00000500150C82D0020C02D0020501E002068
:1067E0002DE9F84F04460D46434FD7E8EF8F28F0C8
:1067F0000103C7E8E23F002AF7D14FF480393F4E4A
:10680000C6F80893BFF35F8FBFF36F8FFFF75EFF8C
:10681000A04271EB050308F0010840D2384B201A62
:1068200065EB0101984271F1000148D2354BD3E983
:1068300002239D4208BF94423AD04FF0000C24F04E
:106840007F40834603216FF0020EC6F84893C6F8D6
:1068500040C1D6F84031DFF8B0A02BF07F43C6F836
:106860004035C6F84493D6F80425AEEB02035B44EA
:1068700023F07F4353451BD9D6F840315BB1D6F89E
:106880000425131A23F07F43B3F5000F10D9C6F87F
:1068900040C1D6F8403101EB020B0131DDE71B4B63
:1068A000D3E8EF1F41F00101C3E8E21F002AF7D14E
:1068B000144B174AC3E902451A6000225A60B8F126
:1068C000000F16D0D7E8EF3F43F00103C7E8E23FDF
:1068D000002AF7D14FF48032084BC3F804230B4B46
:1068E000D3E8AF3FDB0742BF4FF40012094BC3F8B8
:1068F0000021BDE8F88F00BFC42D002000500150DA
:1069000001008000501E0020FDFF7F00C02D0020F0
:106910008566010000E100E070B54FF0FF30002512
:106920004FF0FF31164C174B0226C4F80833C4F859
:106930004833154BC4F80855C3E902014FF48033BE
:106940004FF40012C4F80433104B0121C4F804635F
:106950001520C3F880212A46F1F72EFC1520F1F707
:10696000FBFB01230A4AA36000212360094813604E
:10697000FFF736FF3046FEF705F9284670BD00BF29
:106980000050015003000F00501E002000E100E005
:10699000C42D0020FFFF7F00431C10B50F4C05D015
:1069A0008442A8BF0446012CB8BF0124FFF78EFE25
:1069B0000B4AD2E90031C01AB0F5000F074A0AD2DB
:1069C0002044904228BF1046BDE81040C01841F155
:1069D0000001FFF705BF1046F6E700BFFFFF7F008D
:1069E000601E002008B5FFF771FE024B1B68C01A3D
:1069F00008BD00BF601E00204FF40071014806F082
:106A000037BE00BF8E5F00204FF47F03D3F83021E4
:106A1000D3F83431072A05D1023B032B02D8024AAE
:106A2000D05C7047002070478D06030008B5FFF763
:106A3000EBFF58B1644BD3F8202A3AB90D21C3F8C3
:106A4000201A0121C3F81C19C3F81C290022D30005
:106A500003F57F03D3F80013013107D0D3F80013F7
:106A60000132D3F80433202A0B60F0D1FFF7CCFFBA
:106A7000002840F0A080FFF7C7FF40B1534B544AB5
:106A8000C3F830254FF050230122C3F858254FF4A6
:106A90007F03D3F83021D3F83431072A09D1023BE0
:106AA000032B06D84B4AD35C1BB100224A4BC3F8D8
:106AB0004C25FFF7A9FF50B14FF05023D3F8002425
:106AC000D10742BF0022C3F81421C3F818214FF4A4
:106AD0007F03D3F83021D3F83431072A09D14FF09E
:106AE0005023D3F80024D20744BF6FF00102C3F84B
:106AF0000024FFF789FF18B16522334BC3F80C2738
:106B00004FF47F03D3F83021D3F83431072A16D15C
:106B1000314BD3F82034002B11DA4FF050230322ED
:106B2000C3F8182501229A60D3F80421002AFBD06B
:106B30000022C3F804210122DA60C3F818254FF4BB
:106B40007F03D3F83021D3F83431072A23D1023B15
:106B5000032B02D8214AD35CEBB17E221A4B1B498E
:106B6000C3F80C27C3F83C297F231D4AC2F818310B
:106B70000023C1F8043EC1F8083E01F54821C1F8E0
:106B80001031C2F82431C2F82C3102F5FF1202F59F
:106B90008052C2F8A032134AD2F88C3043F44063DA
:106BA000C2F88C30104A114B1168C3F84415D269F1
:106BB000C3F84C2508BD2922034BC3F80C27032238
:106BC000C3F83C2757E700BF004000500090035037
:106BD0004400EFBE89060300002003508506030031
:106BE0000020005000ED00E00080FF000060005039
:106BF000014B1860704700BFCC2D002010B50B4B27
:106C00001446186858B90A490A4840F2F3130A4A68
:106C10000CF091FA40F2F31107480CF083FA10F0EF
:106C2000B2FC0028A4BF2070002010BDCC2D002095
:106C3000CE06030004B00200910603000123024ABD
:106C40008340C2F80435704700700150014B0020AA
:106C50001B681847D02D0020014B1B68184700BF48
:106C6000D02D0020014B09201B681847D02D002093
:106C7000014B08201B681847D02D002010B5144C7C
:106C8000237913BB01232371124B0028206018BF06
:106C9000184600F0BDF8D0B923680F48002B08BF94
:106CA000184600F097F990B923680C48002B08BFEC
:106CB000184600F003FA50B923680948002B08BFB2
:106CC0001846BDE8104000F015B96FF0770010BD10
:106CD000D02D00204D6C0100656C0100596C010045
:106CE000716C010008B50C4B1A794AB90B490C4874
:106CF000B1230C4A0CF01FFAB1210A480CF012FA29
:106D00001B6843B10520F1F749FA20B9BDE80840F6
:106D10000520F1F721BA08BDD02D0020210703007E
:106D200004B00200E406030008B5174B1B795BB9F9
:106D3000164940F20513164A16480CF0FCF940F2C9
:106D4000051113480CF0EEF9032813D8DFE800F022
:106D500002060A0EBDE8084000F0C2B9BDE80840CE
:106D600000F068B8BDE8084000F046B9BDE808404A
:106D700000F0CEB808494FF49273054A05480CF06C
:106D8000DAF94FF49271DCE7D02D002021070300DF
:106D9000E406030004B00200790D030008B5174BA8
:106DA0001B795BB9164940F22B13164A16480CF0B2
:106DB000C2F940F22B1113480CF0B4F9032813D890
:106DC000DFE800F006020A0EBDE8084000F060B8F7
:106DD000BDE8084000F0D8B9BDE8084000F03CB973
:106DE000BDE8084000F0C4B808494FF4A573054A4F
:106DF00005480CF0A0F94FF4A571DCE7D02D002078
:106E000021070300E406030004B00200790D03002B
:106E1000074B0246187938B91A6001221A714FF0EF
:106E20005023C3F8142570476FF07700704700BFF8
:106E3000D82D002008B512490B794BB911491248D9
:106E40007723124A0CF077F9772110480CF06AF991
:106E50004FF050230022C3F80021D3F80021012273
:106E60001A60096811B1C3F8042308BDD3F80021E2
:106E7000002AFBD00022C3F80021D3F80031F4E748
:106E8000D82D00202107030004B002003F070300B3
:106E900008B5084B1B794BB9074908488923084AAC
:106EA0000CF049F9892106480CF03CF9BDE808408E
:106EB00010F0C6BBD82D00202107030004B002004B
:106EC0003F0703004FF05023D3F80423D2070DD51A
:106ED000D3F8002152B10022C3F80021D3F80021D9
:106EE0000122C3F80823024B1B681847704700BFF4
:106EF000D82D0020054B0246187918B91A600122D6
:106F00001A7170476FF07700704700BFE02D0020C6
:106F100008B5134A13794BB9124913486123134A30
:106F20000CF009F9612111480CF0FCF84FF05023E6
:106F30000021C3F82011D3F82011012199611268B2
:106F400022B14FF48072C3F8042308BDD3F8202186
:106F5000002AFBD00022C3F82021D3F82031F4E727
:106F6000E02D00202107030004B002008207030087
:106F700008B5084B1B794BB9074908487323084AE1
:106F80000CF0D9F8732106480CF0CCF8BDE80840A5
:106F900010F072BBE02D00202107030004B00200B6
:106FA000820703004FF05023D3F80423D2050ED5F7
:106FB000D3F820215AB10022C3F82021D3F8202190
:106FC0004FF48072C3F80823014B1B6818477047C1
:106FD000E02D0020074B0246187938B91A600122CB
:106FE0001A714FF05023C3F8802570476FF0770077
:106FF000704700BFE82D002008B5134A13794BB93C
:10700000124913486723134A0CF095F86721114879
:107010000CF088F84FF050230021C3F82411D3F866
:10702000241101211962126822B14FF40072C3F8D1
:10703000042308BDD3F82421002AFBD00022C3F882
:107040002421D3F82431F4E7E82D002021070300A0
:1070500004B00200CA07030008B5084B1B794BB9FE
:10706000074908487923084A0CF065F87921064851
:107070000CF058F8BDE8084010F018BBE82D0020CF
:107080002107030004B00200CA0703004FF0502399
:10709000D3F8042392050ED5D3F824215AB1002247
:1070A000C3F82421D3F824214FF40072C3F8082335
:1070B000014B1B6818477047E82D0020074B02461C
:1070C000187938B91A6001221A714FF05023C3F8A9
:1070D000182570476FF07700704700BFF02D002033
:1070E00010B5254C23794BB924492548E523254A79
:1070F0000CF021F8E52123480CF014F84FF0502350
:10710000D3F81814D3F81824C9031AD502F00302CF
:10711000022A04D0012A01D010F0E2FA01224FF035
:107120005023C3F818250022C3F80421D3F8042102
:1071300001229A6022688AB9D3F80421002AFBD080
:1071400014E0D3F81424D207E8D5D3F81C2402F0B5
:107150000302013A012ADFD822681AB10222C3F8D9
:10716000042310BDD3F80421002AFBD00022C3F869
:107170000421D3F80431F4E7F02D002021070300A7
:1071800004B002001108030008B5094B1B795BB974
:10719000084909484FF49173084A0BF0CCFF4FF4AB
:1071A000917106480BF0BEFFBDE8084010F098BA98
:1071B000F02D00202107030004B002001108030095
:1071C000F8B54FF0502301250026D3F804431E4F95
:1071D00004F0820404B9F8BDB4FA84F0C0F11F00D1
:1071E000830003F580739BB203F15023196805FAFD
:1071F00000F224EA02040029ECD01E601B684FF064
:1072000050230128C3F8082311D1D3F81824D3F848
:10721000182402F00302012A02D03B689847D9E7FC
:107220000221C3F81815C3F804139A60D2E707497E
:1072300007484FF4F573074A0BF07DFF4FF4F571E3
:1072400004480BF06FFF00BFF02D0020790D030004
:1072500004B0020011080300034A4309D35C00F0A4
:107260001F001844C0B270471209030010B504464D
:107270000846FFF7F1FF00B204EB4000838ADA050D
:107280001CD5C3F3432123F4F853838204F1120283
:1072900004F1720032F8023F13F4807F03D0C3F38D
:1072A000432399420AD09042F4D1002204EBC10357
:1072B0005A6004F1780010F080F900B910BD064959
:1072C00006484FF4DB73064A0BF035FF4FF4DB71D1
:1072D00003480BF027FF00BF99F8020004B002003A
:1072E0009308030008B502680146104610F011FA31
:1072F00058B910494FF474730F4A10480BF01BFF34
:107300004FF474710C480BF00DFF02F01F0352098B
:107310000B600BD0012A0BD0094940F2D933064A41
:1073200006480BF008FF40F2D931EBE7054808BDED
:107330000548FCE7A5CC020072CC020004B00200B4
:10734000790D03000025845000288450072808B5D3
:107350000BD90849084840F2A733084A0BF0EBFE66
:1073600040F2A73105480BF0DDFE800000F580708B
:1073700008BD00BF8908030004B0020054080300E0
:10738000034611F0010010B5CCB20BD1A207C4F333
:1073900040000DD5074A106A58601062003818BFC7
:1073A000012005E004490A6A1A600A62002AEDD049
:1073B00010BD00BF0028845000258450F7B5044656
:1073C0000846FFF749FF06B204EB4606B38A0D46AE
:1073D000DB072BD5204610F08DFA2946204610F009
:1073E000AAF958B1204610F0D4F90022276800B25B
:1073F00007EB8003C3F81025C3F8102520460024AE
:107400002946FFF733FFB48201A80195FFF76AFF11
:10741000019B00EB8300D0F80022064B134043F0A1
:107420000203C0F80032204603B0F0BD6FF0150033
:10743000FAE700BFF0F0FCFF2DE9F0430E461746D7
:10744000044685B058B95C495C4840F25E435C4AEA
:107450000BF071FE40F25E4159480BF063FE0846A6
:10746000FFF7FAFED7F800800546B8F1000F1AD0F2
:10747000204610F083F928BB4346CDE900008DF883
:107480000E008DF80F000DF10F0230460DF10E01C8
:1074900010F0A8F92AB204EB4202938A23F0020307
:1074A00043F0010393827B68002B34D031462046A1
:1074B00093F80080D3F8049010F055F928B1B9F191
:1074C000000F1FD06FF0150028E028B204EB400039
:1074D000838A23F4604323F020038382B9F1000FF1
:1074E00010D0B8F1030FEDD87B6821685B6893F882
:1074F00000C001EB8C01B8F1000F12D1C1F810856A
:10750000C1F810852AB204EB4202938A23F01C03CF
:1075100043EA88039382BB684BBB002005B0BDE8FB
:10752000F083D1F8102522F00302C1F8102522685B
:1075300002EB8C03D3F8102522F44F3222F4407270
:10754000C3F810253202D3F8101502F47C5242EA37
:1075500008420A43C3F8102504EB4C03A3F87C60EF
:10756000838A43EA4C3343F020038382CAE73146DF
:10757000D3E900782046FFF779FE002FCDD063686D
:107580009F4206D004F178000FF0FDFF002804DAD6
:10759000C4E7A3689845F5D1002004EBC003C3E914
:1075A00001782DB204EB4505AB8AC0B243EA402313
:1075B00043F48073AB82B0E7D108030004B002004B
:1075C000930803002DE9FF410C4617461E46054669
:1075D00058B93E493E484FF48D633E4A0BF0ABFD2F
:1075E0004FF48D613B480BF09DFD0846FFF734FEDC
:1075F000804627B3284610F0B6F818B9284610F090
:107600009AF818BB2146284610F0A0F810B17B78F4
:10761000012B1BD001238DF80F3000237A1CCDE9FC
:1076200000732046BB1C0DF10F0110F0DBF80FFAC0
:1076300088F305EB43039A8A42F003029A82002EF4
:1076400041D02146284610F08EF820B96FF0150081
:1076500004B0BDE8F081002237782B684FEA870C30
:1076600003EB8703C3F81025C3F810250FFA88F23F
:1076700005EB4202938A23F4604323F020039382B4
:10768000707800B32968B6786144D1F810350004E9
:1076900023F4991323F4F853C1F81035230200F4AE
:1076A000403003F47C5303433005D1F8105500F407
:1076B000801003432B43C1F81035938A43EA4733C4
:1076C00043F0200393820020C2E700BFD1080300EB
:1076D00004B002009308030008B558B907490848E8
:1076E00040F27143074A0BF026FD40F27141054814
:1076F0000BF018FDC0E9031208BD00BFD10803005C
:1077000004B002009308030070B51546044658B94A
:10771000134940F27A43134A13480BF00CFD40F230
:107720007A4110480BF0FEFC4AB9104940F223336D
:107730000C4A0D480BF0FFFC40F22331F1E70FF04B
:10774000FAFF48B10846FFF787FD04EB400400202C
:10775000A38A5B0B2B7070BD6FF01500FBE700BFB9
:10776000D10803009308030004B00200DC08030002
:107770002DE9F041044658B91E491F484FF4916362
:107780001E4A0BF0D8FC4FF491611C480BF0CAFC68
:1077900090F88C5090F88D7045BBA8466022294621
:1077A000143011F00AFF164B266853F83770AF42B9
:1077B0000FD1002546F30730C6F87C51D6F87C314E
:1077C000F0F7CAFC0123284684F88C30A367BDE893
:1077D000F081E8B2FFF7BAFDA0F580739B081F2B7C
:1077E00004BF46F8008033580135E0E76FF07700BA
:1077F000EDE700BFD108030004B0020093080300C6
:1078000080A7020008B558B90849094840F28F43DB
:10781000084A0BF090FC40F28F4106480BF082FCC6
:1078200090F88C00003818BF012008BDD108030073
:1078300004B002009308030008B558B90749084886
:1078400040F29D43074A0BF076FC40F29D4105480B
:107850000BF068FCBDE80840FFF7B0BDD10803009D
:1078600004B002009308030008B558B90A490B4850
:1078700040F2A4430A4A0BF05EFC40F2A4410848DF
:107880000BF050FC074B90F88D0003EB8000BDE837
:1078900008400FF092BE00BFD108030004B0020000
:1078A000930803009009002010B50C4658B90C4904
:1078B0000C4840F2AB430C4A0BF03DFC40F2AB41AC
:1078C00009480BF02FFC094B90F88D0003EB80006A
:1078D0000FF059FE0028A4BF2070002010BD00BF8B
:1078E000D108030004B002009308030090090020AF
:1078F0002DE9F3410D461646044658B938494FF470
:10790000A563384A38480BF016FC4FF4A56135489A
:107910000BF008FC0FF01AFF48B9344940F2354328
:10792000304A31480BF007FC40F23541EFE7204682
:107930000FF001FF276800B320460FF014FF8046C8
:10794000D8B920460FF025FF0546FFF7FFFC47F8A2
:1079500000803B5823682AB203EB8203D3F810253A
:1079600042F00102C3F8102526B101232268AB4082
:10797000C2F8043302B0BDE8F081D7F80433002B1D
:10798000A4BF4FF00043C7F804334EB9184940F282
:107990004F43144A14480BF0CEFB40F24F41B6E778
:1079A0002846FFF759FC04EB4004A38AC3F3820383
:1079B000042B11D0052B11D001A80195FFF792FCE3
:1079C000019B0169D94001F001010231284602B052
:1079D000BDE8F0410FF053BF0321F7E70221F5E7BF
:1079E000D10803009308030004B00200E608030076
:1079F0000709030008B558B90749084840F22F5352
:107A0000074A0BF098FB40F22F5105480BF08AFB18
:107A1000BDE808400FF06EBFD108030004B00200BB
:107A2000930803002DE9F04F07468BB058B974490D
:107A3000744840F25C63744A0BF07DFB40F25C6179
:107A400071480BF06FFB814659F804BB90F88D40EC
:107A5000DBF804136D4BC9B2584653F8342041F09B
:107A600000410FF01BFF051E36DA0023CDE9083375
:107A7000664B08A803EBC4035B6819460193FFF744
:107A80007FFC042303EBC4030393614B0DF1200A35
:107A900002930023029A009312F8013B5B49029281
:107AA000039A02EBD3028A5C03F0070322FA03F382
:107AB000DA0719D4009B0AF1040A9BB14FF0004188
:107AC000002258460FF0EAFE019908A8FFF758FC7B
:107AD0000028DAD125F000450124002D7AD10BB021
:107AE000BDE8F08F0123D5E7009B4A4A1344049375
:107AF000DAF800100029DDD091FAA1F1B1FA81F194
:107B0000049B1C7841EA44142046FFF7A5FB07EBD1
:107B10004000B0F81480C8084FEA98030593012389
:107B20001AF8002001F0070103FA01F122EA01022C
:107B30000AF8002007A80794FFF7D4FB079A059BD3
:107B4000803250F82220C8F382065B07B046C2F3A9
:107B5000014223D521464846D6B242460FF023FEC5
:107B600007A80794FFF7BEFB079B803350F823302C
:107B7000C3F301439E4207D1002120460FF07FFE50
:107B8000314620460FF07BFE07A80794FFF7AAFBBB
:107B90000122079B02FA03F30362A9E7022A0DD12F
:107BA000032120460FF06BFE06F00503012BEBD1FD
:107BB0004246214648460FF0F6FDE5E70221204601
:107BC00005920FF05CFE032EF2D0059A032ADBD15A
:107BD000022EECE795FAA5F3B3FA83F304FA03F265
:107BE00025EA020503F5A2725BF8222007EB4303A6
:107BF0004846B3F87C10C2F301420FF0D4FD6CE7A5
:107C0000D108030004B002009308030080A702001B
:107C10002209030022090300F8B517460E4649B9A8
:107C20000C490D4834230D4A0BF085FA34210B48DA
:107C30000BF078FA0A4D2C7944B92A20F0F78CFA27
:107C4000012320462B712E60AF60F8BD6FF07700E6
:107C5000FBE700BFAD04030004B0020024090300E9
:107C6000F82D002038B518B1154B1B79012B09D020
:107C7000144915484723154A0BF05DFA472113486C
:107C80000BF050FA0023124A50F8234003F5A2717A
:107C90000133102B42F82140F6D100230C4A00F1A9
:107CA0003C0103F5B27451F8045F0133102B42F824
:107CB0002450F6D1D0F88030C2F8043338BD00BF6C
:107CC000F82D00205F09030004B00200240903001E
:107CD00000A0025008B5094B1B79012B09D00849B7
:107CE00008487623084A0BF026FA762106480BF05E
:107CF00019FA064A8340C2F8043308BDF82D002063
:107D00009609030004B002002409030000A00250F9
:107D100008B5094B1B79012B09D0084908487E2377
:107D2000084A0BF008FA7E2106480BF0FBF9064AD8
:107D30008340C2F8083308BDF82D002096090300DF
:107D400004B002002409030000A00250F8B5012687
:107D50000027124B124DD3F80C4304B9F8BD94FA26
:107D6000A4F0B0FA80F006FA00F30F2824EA030426
:107D70000BDD0C490C4840F217230C4A0BF0DBF9E1
:107D800040F2172109480BF0CDF9094B82009F50B2
:107D90002B68002BE1D0A9689847DEE700A00250CD
:107DA000F82D0020F109030004B00200BF09030010
:107DB00000A102500022034BC3F88425C3F8042518
:107DC000704700BF00900350044AD2F80834DB0724
:107DD000FBD50160BFF35F8F704700BF0090035079
:107DE000B0F5801F08B505D2C0F30B0363B16FF087
:107DF0000C0019E00D490E48D2230E4A0BF09BF9F6
:107E0000D2210C480BF08EF902220B4BC3F88425CB
:107E1000C3F804254FF0FF320260D3F80024D207E4
:107E2000FBD5FFF7C7FF002008BD00BF670A0300AE
:107E300004B00200FC09030000900350B0F5801F5D
:107E400008B506D300F17F4303F50043B3F5805F27
:107E500001D283070BD00C490C4840F27D130C4A29
:107E60000BF069F940F27D1109480BF05BF9012232
:107E7000084BC3F88425C3F80425FFF7A5FFBDE828
:107E80000840FFF797BF00BF810A030004B002005B
:107E9000FC0903000090035000220121054B83F8E8
:107EA0003820054BC3F808131961C3F80025C3F83F
:107EB00000217047042E002000B002504FF47F03D1
:107EC000D3F83021D3F83431072A13D1023B032BE6
:107ED00002D80A4AD05C80B14FF05023D3F8B825BD
:107EE000920709D1D3F8580500F00300013818BFF4
:107EF000012070470020704701207047950B030058
:107F000070B5114D6C6BA4B14FF47A735C430A23C6
:107F1000B4FBF3F40D4ED6F800316BB995F8393057
:107F200053B90A200FF02DFB013CF4D16FF0730020
:107F300070BD4CF25034EDE795F8393003F0FF0096
:107F4000002BF5D0F2E700BF042E002000B0025055
:107F500010B500220124074BC3F80045C3F80021E7
:107F60001C6028B1FFF7CCFF18B9034B83F83840E9
:107F7000002010BD00B00250042E00202DE9F04179
:107F8000404C804694F8305016461F4605B148B91B
:107F90003D493E4876233E4A0BF0CDF876213C48D9
:107FA0000BF0C0F8FFF78AFF002862D108F06043A9
:107FB000B3F1005F60D118F0030F5DD1012D05D042
:107FC000BD425CD194F83830002B58D00023314AA0
:107FD000022F0BBFC2F81065C2F80465C2F8148501
:107FE000C2F808850CBFC2F81815C2F80C1584F841
:107FF000393023680CBF08250425C3B994F83830FC
:108000006BB10022234B05F1A045C3F800210123E9
:1080100005F52C352B60BDE8F041FFF771BF01205D
:10802000FFF796FF10F1740FEBD1BDE8F081A36864
:108030002BB1C4F80C806161E6610020F5E7154AB8
:10804000C4F808802161A66184F83070C2F800315C
:108050000123C2F8043394F8382002F0FF0012B96B
:10806000FFF776FFE9E705F1A04505F52C352B6014
:10807000E3E74FF0FF30D8E76FF00C00D5E76FF083
:108080000F00D2E7042E0020030B030004B002000F
:10809000C70A030000B00250084B9A685A621A6976
:1080A0009A629A69DA62DA689A6032B15A691A6138
:1080B000DA699A610022DA6070477047042E002066
:1080C00008B543090DD0012B1ED0144914484FF4B4
:1080D0007473144A0BF02FF84FF4747111480BF0BD
:1080E00021F84FF0FF33C340DA07EED50E4A02EB1A
:1080F0008002D2F800020D4B034043EA012343F013
:108100000203C2F8003208BD4FF6FF7300F01F00F3
:10811000C340DB07D9D5064AE9E700BFA5CC02007A
:1081200004B0020072CC020000258450F0F0FCFF85
:108130000028845010B50E4B0238D3F83C26D3F8F3
:108140003836072813D8DFE800F0110F0D0B0A08A6
:108150000604100EC871100C8871100A48710A715B
:108160001A0ECA701A0C8A701A0A4A700B7010BD67
:1081700000B00250023807281FD8DFE800F0292796
:10818000251123211F04CB791B068A7943EA024378
:108190004A7943EA02230A7913430E4AC2F83C366D
:1081A000CB781B068A7843EA02434A7843EA0223E3
:1081B0000A781343074AC2F8383670470023E4E7C9
:1081C0000023E5E70023E6E70023EBE70023ECE7E5
:1081D0000023EDE700B002500268154BFF2A08BFEC
:1081E0004FF0FF32C3F824254268FF2A08BF4FF042
:1081F000FF32C3F828258268FF2A08BF4FF0FF32FC
:10820000C3F83025C268FF2A08BF4FF0FF32C3F819
:1082100034250269FF2A08BF4FF0FF32C3F8382522
:108220004269FF2A08BF4FF0FF32C3F83C25704770
:1082300000B0025030B5194D8DB006AC0FCD0FC453
:1082400095E8030084E80300154906A8D1F8243511
:10825000DBB20093D1F82835DBB20193D1F8303589
:10826000DBB20293D1F83435DBB20393D1F8383561
:10827000DBB20493D1F83C35DBB20593FFF7ACFFDA
:108280000023C1F8003101230B60D1F80031002B2D
:10829000FBD06846FFF7A0FF0DB030BDC49E0200C2
:1082A00000B0025070B590F8293004461BB190F828
:1082B0002A20002A47D16068FF2800F0A980A16821
:1082C000FF2900F0A580E268FF2A00F0A18025695F
:1082D0000E2D40F09D80112840F09A80122940F028
:1082E00097800D2A40F094806269FF2A02D00F2AFD
:1082F00040F08E80A269FF2A02D0102A40F08880C8
:10830000DBB903211120FFF7DBFE0321A068FFF793
:10831000D7FE0321E068FFF7D3FE20690321FFF7B2
:10832000CFFE6069FF2802D00321FFF7C9FEA069D4
:10833000FF2802D00321FFF7C3FE94F82A3013B9B7
:10834000201DFFF749FF636A334D344E6B6394F889
:10835000293085F83A304FF47F03D3F83021D3F831
:108360003431072A04D10123C6F80833FFF762FF2E
:108370002368C6F84035A37F617F227F9B0143EAD3
:10838000C1031343E27F43EAC213C6F844354FF4F6
:108390007F03D3F83021D3F83431072A13D1023BBD
:1083A000032B02D81E4AD35C6BB11C4A94F82310ED
:1083B000D2F8443519BB43F44033C2F844354FF486
:1083C000C063C2F84036154994F82030D1F8002631
:1083D00022F07F4222F0FF02134394F8212043EA67
:1083E000026394F8222043EA426394F8232043EA8C
:1083F0000273C1F800362B6833B9002070BD23F436
:10840000003343F48033D8E72B20EFF7A5FEF4E7E1
:108410006FF01500F2E700BF042E002000B00250FC
:10842000990B030010B558B90F4910484FF4D37396
:108430000F4A0AF080FE4FF4D3710D480AF072FE25
:108440000C4C94F8303063B9C4E90012FFF72AFFEE
:1084500030B90123C4E9020084F8303084F83800D0
:1084600010BD6FF07700FBE74E0B030004B0020075
:10847000C70A0300042E00202DE9F041DFF8E08058
:108480000F4698F830100646144659B935494FF44E
:10849000F873354A35480AF04EFE4FF4F871324809
:1084A0000AF040FEFFF70AFD002852D1012953D1FE
:1084B00098F83830002B39D001232D4DC5F80833FA
:1084C0004FF47F03D3F83021D3F83431072A01D198
:1084D000FFF7B0FE1FB139467078FFF74BFE00275B
:1084E00088F83970C5F80071B37872781B0343EAD5
:1084F000022332781343F27843EA4233327943EA73
:108500008233727943EAC233C5F83436FFF7F8FC98
:10851000743014D1337973B9164940F22223124AC8
:1085200012480AF008FE40F22221B8E70846FFF799
:108530000FFD7430C0D16FF07300BDE8F081C5F855
:1085400000710CB90020F8E721467078FFF7F2FDC2
:10855000F8E74FF0FF30F0E76FF00F00EDE700BFF6
:10856000042E0020570B0300C70A030004B00200CA
:1085700000B00250830B030008B50D4B93F8302078
:108580005AB90C490C4840F2E7230C4A0AF0D3FDD3
:1085900040F2E72109480AF0C5FD93F838301BB9CD
:1085A000BDE80840FFF7D4BC6FF0770008BD00BFFE
:1085B000042E0020570B030004B00200C70A03007A
:1085C00008B50C4B93F830305BB90B490B4840F2BF
:1085D000F3230B4A0AF0AFFD40F2F32108480AF0FA
:1085E000A1FD012B03D1FFF757FC002008BD6FF060
:1085F0000F00FBE7042E0020570B030004B002001D
:10860000C70A0300034B93F83000003818BF01205D
:10861000704700BF042E002070B52A4C064694F81F
:1086200030505DB9284929484FF44773284A0AF069
:1086300082FD4FF4477126480AF074FDFFF73EFCB7
:10864000B8BB11F0030237D12368B3B1012D36D185
:10865000204BC3F81C150421C3F8206584F8392089
:1086600084F83010C3F80021C3F8045394F838207C
:10867000EAB9FFF76DFC002018E0164DC5F81C158F
:10868000C5F8206584F8393094F8383043B10023B8
:10869000C5F800310123EB60BDE87040FFF730BC46
:1086A0000120FFF755FC10F1740FF0D170BDDD60B3
:1086B000E1E74FF0FF30F9E76FF00C00F6E76FF0FD
:1086C0000F00F3E7042E0020570B030004B0020054
:1086D000C70A030000B0025008B50B4B93F83030C6
:1086E0005BB90A490A4840F24F330A4A0AF023FDAF
:1086F00040F24F3107480AF015FD0021BDE808405F
:108700000220FFF789BF00BF042E0020570B030093
:1087100004B00200C70A030010B5224BD3F80021B1
:1087200092B10022204CC3F8002194F8381094F83C
:10873000302071B90121032A84F8381005D0042AA9
:1087400005D0022A00D1996010BD5960FCE7D960BC
:10875000FAE7032A19D0042A19D0022A04D10123E6
:1087600084F82030FFF798FCA36813B9012384F83C
:10877000303094F8393003F0FF0013B9D4E90031F8
:108780009847002384F82030DEE70223E8E703223D
:1087900084F82020D3F81C256262D3F8203584F8B1
:1087A0002830E1E700B00250042E00202DE9F0410E
:1087B0000E4617460C4D55F81C4FAC4203D16FF0D6
:1087C0001200BDE8F081314654F8440CA4F144088D
:1087D000E8F7A4FB30B9C7F800804046BDE8F04197
:1087E0000FF08AB92468E8E7402E002010B5D0E9E0
:1087F00009124A60416A00F124031160C0E909339B
:108800004368044603B19847054A936833B1127927
:10881000062A03D90720226802499847002010BD84
:10882000402E00209D0B03002DE9F04107460D4628
:108830000B4E56F80C4FB44202D16FF001000AE023
:10884000394654F8240CA4F12408E8F767FB20B952
:108850001DB1C5F80080BDE8F0812468EBE700BFDA
:10886000402E002038B5044600B30068F0B103780C
:10887000E3B10021FFF7D8FFD8B104F11C03C4E92C
:1088800007330D4B04F12402196903F10C00A162B6
:1088900060621A610A609D6835B11B79062B03D9A5
:1088A000072022680549A847002038BD6FF0150051
:1088B000FBE76FF01000F8E7402E00209F0B03004D
:1088C00038B5114C0546216819B1002001312160ED
:1088D00038BD2422204610F070FE2B682846A36085
:1088E0002B79237104F10C03C4E9033304F114035D
:1088F000C4E9053304F11C03C4E9073300F018F898
:108900000028E5D12168E0E7402E002038B5074D6A
:108910002C68013C2C6044B900F012F8214628462E
:10892000BDE83840242210F048BE38BD402E00205B
:1089300008B50248FFF796FF002008BD98090020FF
:108940000148FFF753BF00BF980900200EB4431E33
:10895000062B33B588BF0020094B05AC54F8045BE7
:1089600053F8201007480AF0D0FB2146284601940E
:10897000EBF7D2F902B0BDE8304003B0704700BF5A
:1089800090A7020079AF02002DE9F04F87B017469B
:108990009B460446DDF840A000284BD0056A35B15F
:1089A0002D6825B1AC4607B0BDE8F04F6047E36ADB
:1089B0009F4242D80026BE4203D1002007B0BDE846
:1089C000F08F182303FB06F8D4F83090A26909EB66
:1089D00008052B1D0593CAB9686969680368B5F86D
:1089E0000CC0C91AAB680CF1030E5D1E05EB0C152B
:1089F0005B4205EB4E051D4005EBCC038568063355
:108A0000A94228BF4FF0FF310FF043F859F8083062
:108A100020460293236AB1B29B6A01935AF826302A
:108A200000935BF82620059B0FF0ABF80028C5D11A
:108A30000136C0E76FF01500C0E70148BEE700BF90
:108A400040F4FFFF10B5044690B1028D43899A426D
:108A500009D0084A936833B11279032A03D94268CE
:108A60000549042098472046BDE810400FF0E5BEB8
:108A700010BD00BF402E0020520C030030B54489C9
:108A80008C4212D9436A013C5D882C4003EBC4033D
:108A900059609A60BFF35B8F426A538801335380F9
:108AA000438D01334385002030BD0148FCE700BF02
:108AB00041F4FFFF70B4039E144660B1006A50B1E8
:108AC0004BB1013407D0002E05DBD0F8844014B13F
:108AD000A44670BC6047014870BC70472DF8FFFF8A
:108AE00070B4039E144660B1006A50B14BB10134BA
:108AF00007D0002E05DBD0F8944014B1A44670BC1A
:108B00006047014870BC70472DF8FFFF2DE9FF4713
:108B1000DDF834800E4691469A460546002876D008
:108B2000002974D0B8F1000F71D001F16407384604
:108B30000FF092F9BAF1FF3F49D1346E06F15002BD
:108B400004F18000844204F01F0C07D2C4F34111E9
:108B500052F8211021FA0CF1C90736D4012104F092
:108B60007F04600952F8203004F5806A01FA0CF1A4
:108B700004F201440B4304F07F0442F820303466D1
:108B80006B6C4A4603930E9B2946CDE901830C9BEF
:108B90003046009353460FF00EFA384601F022FBA0
:108BA0002C7874B196F8A4405CB1AB6A013330D133
:108BB000002128460FF08FF9044610B128460FF027
:108BC00060F9204604B0BDE8F0870134BAE7BAF591
:108BD000806FD5D3AAF580637F2B06F150010FD8A3
:108BE000580951F8204003F01F0324FA03F2D2077A
:108BF0000BD4012202FA03F3234341F82030BFE7EC
:108C0000054C384601F0EEFADBE7044CF9E7024C7C
:108C1000D7E70024D5E700BF2DF8FFFF29F8FFFFB5
:108C200008B583681A0C0AD1094A93682BB11279E6
:108C3000022A02D9032007499847002008BDA3F55E
:108C4000803383601B0C0CBF01200020F6E700BFBF
:108C5000402E0020740C030038B50446E0B100F14A
:108C6000640528460FF0F8F9D4F8B4309B6953B97D
:108C7000D4F8A840103C002C00DC084C28460FF02B
:108C8000E9F9204638BD012BF7D1D4F8BC000FF02C
:108C9000CBF8A0F11004EEE7014CF2E72EF8FFFF4D
:108CA0002DF8FFFF38B50446E0B100F16405284611
:108CB0000FF0D2F9D4F8B4309B6953B9D4F8AC4072
:108CC000103C002C00DC084C28460FF0C3F920466D
:108CD00038BD012BF7D1D4F8B8000FF0A5F8A0F1FA
:108CE0001004EEE7014CF2E72EF8FFFF2DF8FFFF2E
:108CF0002DE9F041A3F1100853F8087C002388B057
:108D00000693ADF81E301023CDE904120E9D0446E3
:108D1000D0F8C000ADF81C5001688668A8EB0101CE
:108D2000B14228BF4FF0FF310DEB03020EF077FE8A
:108D30001028BFB20BD024494FF4DF73234A2448D4
:108D40000AF0F9F94FF4DF7120480AF0EBF904F169
:108D5000640630460FF080F9D4F8B4309B69D3B97B
:108D6000D4F8A820D4F8B430D4F8BC009B69CBB9AF
:108D7000CDE90282CDF80080012202A90EF02EFF7B
:108D8000B0B1144940F2C913104A11480AF0D3F99E
:108D900040F2C911D8E73946D4F8BC000EF0B4FF50
:108DA0000246DFE7012B03D13946FFF767FEE7E70D
:108DB000D4F8BC000FF001F830460FF04BF928460C
:108DC00008B0BDE8F08100BFD80C0300950C03008B
:108DD00004B00200F10C0300F0B504468E680D46A5
:108DE000B6B23146D0F8B80085B00EF08DFFD4F899
:108DF000B43007469A699AB90095CDE9025001232B
:108E0000D4F8B80002A90EF0E9FE48B10F497D235D
:108E10000F4A10480AF08FF97D210D480AF082F9B7
:108E2000D4F8B4309B69012B0ED13A463146D4F8C0
:108E3000B800FFF723FE38B104498323044A0548EC
:108E40000AF079F98321E8E705B0F0BD1ECB0200F6
:108E5000950C030004B002002DE9FF4103689E6AEF
:108E600006F1640840460FF0F7F8D6F8B4309B6975
:108E70003BB1012B12D040460FF0ECF804B0BDE836
:108E8000F081D6F8B8000DF10A0203A90EF002FF36
:108E9000D6F8B43004469B69012B07D1D6F8B80048
:108EA00003AA0DF10A010EF03AFF0446002CE2D0AD
:108EB000BDF80A3000216268A36030464FF0FF33EE
:108EC0000FF03FF805460EF0CDFFA368404603F5CE
:108ED0008033A3600FF0BEF8E5B1AB6A696C013373
:108EE00008BF2368284608BFAB622368A2890091A7
:108EF0006F6B04F11001B84700280BDA10491148D4
:108F000040F25A23104A0AF016F940F25A210E484C
:108F10000AF008F940460FF09FF828460EF0A7FF28
:108F20002046FFF77DFE38B130462146FFF754FF5B
:108F3000D6F8B8000EF041FF40460FF08BF891E7ED
:108F4000FD0C030004B00200950C03002DE9F04372
:108F500085B00F46904603A90D9A064699460FF034
:108F60005CF9044650B30C9D039BD6F8C0009D42AB
:108F7000A8BF1D460168D0F808C0611A614528BF26
:108F80004FF0FF312B464A460EF049FD85420BD08B
:108F90000B490C484FF405730B4A0AF0CCF84FF418
:108FA000057109480AF0BEF8234642463946304664
:108FB0000095FFF79DFE05B0BDE8F0830348FAE792
:108FC000090D030004B00200950C03002EF8FFFF0A
:108FD0002DE9F0478AB00D46DDE91297164698460E
:108FE000044620B9954E30460AB0BDE8F087002906
:108FF000F8D0002BF6D00021A822C0F8D01010F035
:10900000DCFA012204F1640011460FF077FA8C4B70
:10901000C4F8B450E667AC62C4F88430894BC4F835
:109020008830894BC4F88C30884BC4F89030884B1A
:10903000C4F89430874BC4F89830874BC4F89C3000
:10904000864BC4F8A030AB693BB9002FCAD097E873
:10905000070004F1A80383E80700AB69012B04D0E3
:109060002B6A03BB6FF00506BDE7D4F8B4000028F7
:1090700000F0E080036A002BF4D09B68002BF1D055
:10908000984742060CD50021D4F8B4000EF0D2FF68
:1090900006460028A7D10021212003F04BF9E4E780
:1090A0004307F8D5DCE71B69002BDBD0284698473F
:1090B000AB69012B04BF0023286100F0010008BF49
:1090C0006B6184F8A400AB69DBB93B7A002B00F03C
:1090D000838009F10C03C4F8C430B9F1000F81D0CA
:1090E000D9F80820002A00F0A3809B68002B00F02C
:1090F0009F805B4B04935B4B05935B4B06935B4BF1
:109100000793AB69012B07D1564B0493544B05933E
:10911000564B0693544B0793002104F1C803C4E94E
:10912000323306ABC4F8C080022200932846019176
:1091300004ABFFF729FC064600287FF454AFAB6967
:109140003BB92B6B1B68C4F8B8302B6B9B69C4F818
:10915000BC30AB69012B07D12B6B9B69C4F8B830CD
:109160002B6B1B68C4F8BC30D4F8BC000EF0F7FDC4
:109170002B6B1B68C3F82C802B6B9B69C3F82C806E
:10918000D5F818A0BAF1000F07D1D4F8AC30099384
:10919000D4F8B8305B89534520D894F8A430C4E99A
:1091A000004463B100230293314B204601933523E1
:1091B000304A0394009304F108010EF0FCFEAB6901
:1091C000002B7FF410AF042128460EF033FF074632
:1091D00000283FF408AF26E04B467CE74846D4F829
:1091E000AC100FF00BF80746E0B1D8F8001008906B
:1091F000411AD8F808000022814228BF4FF0FF3101
:10920000D4F8AC3040460EF044FC00970123002215
:10921000D4F8B80008A90EF0E1FC074618B90AF125
:10922000010AB5E7144F28460EF0FDFE3E46DAE689
:10923000114ED8E66FF01506D5E600BF2DF8FFFFFA
:109240004D8F0100AD800200C98102001B82020027
:10925000F18C010065800200A58C0100598C010091
:10926000170D03001D0D0300598E010053800200ED
:10927000D1800200230D03002EF8FFFFF0B5054654
:109280000E46174687B0074A03AC07CA84E80700B2
:109290000C9A3146009228463A460194FFF798FE10
:1092A00007B0F0BDDC9E020008B5144BA8220021D7
:1092B000184610F082F90322114902614261114AF5
:1092C0008161C2614FF48062026200228262426266
:1092D000C26201660C49034641661021816602673D
:1092E000C2664267BFF35F8F084911F8010D9854B9
:1092F0000132102AF9D1BFF35F8F08BD100400209E
:10930000260D030010000020000000203F0D030088
:1093100010B4BFF35F8F00230A4A0B49C85C12F8F0
:10932000014D844209D10133102BF7D10023BFF343
:109330005F8F23B110BCFFF7B7BF0123F7E710BC65
:10934000704700BF3F0D03001004002038B543698B
:1093500005463BB90024EA686042537843F00103B4
:10936000537038BD984704460028F3D000F1FF033E
:10937000FE2B0ED92123094A09490A4809F0DBFED0
:1093800029680948224609F0D6FE2121034809F040
:10939000C9FEEB6844421C70DDE700BF400D0300CE
:1093A000630D030004B002007B0D030010B50446FA
:1093B000ECF7FAFB03480121034A0AF065FD204659
:1093C0000FF020F86C9D0200A00D03002DE9F8437A
:1093D00004460D4600AFEFF31188202383F3128873
:1093E000BFF36F8F0428314A98BF314BE9468AB0EA
:1093F0009668117C98BF53F820306A4688BF2D4B81
:10940000C2E9073140F201332B4893842B4BC2E968
:10941000050442F8103F00234FF431512848ECF77F
:1094200021FDCD4645B1EB69C3F3080323B101210A
:10943000244A23480AF028FD2EB130460FF0DCF80C
:1094400008B1037803B92048E9468AB06A461F4B41
:10945000D061C2E9053640F2013313841C4B42F857
:10946000103F00234FF411511548ECF7FBFC29463F
:10947000CD462046FFF79AFF042C0CD115498723CF
:10948000154A164809F057FE154809F054FE872181
:10949000114809F047FE88F31188BFF36F8F3046FB
:1094A000EEF702FEBD46BDE8F88300BF642E002043
:1094B000B0A70200AF0D0300BD0D030005000001C1
:1094C0006C9D0200E50D030011D40200060E03009E
:1094D00004000001400E03001E0E030004B0020051
:1094E0005D0E030038B50A4B53F82040013053F8A5
:1094F0002050A54200D838BD606830B1037EDB073C
:1095000001D4FFF723FF0834F3E723689847FAE70D
:10951000C4A70200012270B5384B032086B01A7030
:10952000FFF7E0FFEFF748FE0FF09FF90420FFF789
:10953000D9FF334C334DAC42264628D93249442317
:10954000324A334809F0F7FD324809F0F4FD44216E
:109550002E4809F0E7FD54F80C3C059354F8103CF4
:10956000049354F8143C039354F8183C029354F8B1
:109570001C3C019354F8203C009354E90A2354E91D
:109580000C0101F0A3FF54F8303C5E65D3E7AE4216
:1095900004F13004DFD302F0A9FC194C1E4EAC429A
:1095A0001FD919496823194A194809F0C4FD1948F7
:1095B00009F0C1FD6821CBE7D4E90A23B3F1FF3FED
:1095C00008BFB2F1FF3F05D052EA0301206803D182
:1095D00002F0EAFE3034E2E73146183003F016FAC2
:1095E000F8E7E9D302F0F4FCE8F73CFF0B4A137B01
:1095F00023F00103137306B070BD00BF8E6100201D
:10960000389B0200389B0200FD0E0300DC0E0300B5
:1096100004B002008CBA02005D860200F01E002039
:109620000023012270B586B0CDE904230F220193F7
:10963000CDE9023214234FF4A0720E4D0E4E03FBFF
:1096400000550E4906EBC016044602FB00110C4BF8
:109650003046009501F03AFF737B2C7423F004032D
:109660007373084B013403EBC423EE606B6006B0E8
:1096700070BD00BF642E0020701E00201845012020
:10968000759B0100183D01207FB50020FFF72AFFE0
:10969000344B03F5006282F3088883F30A88E023E1
:1096A000314C84F822300023E37723766376A37667
:1096B00084F82030626A42F4E022626284F8233047
:1096C000EEF770FCEEF708FE4FF0FF33A362E362A3
:1096D000EEF7D8FFEEF724FEECF796F9234801F0F9
:1096E0009FFF234B234A93420ED92349CC23234A7D
:1096F000234809F020FD234809F01DFDCC211F4817
:1097000009F010FD1C33EEE7FCD3EFF725FD012037
:10971000FFF7E8FE02201C4CFFF7E4FE02F0E8FC35
:109720001A4B00255C611A4B4FF40062059301232C
:109730001849CDE903532046174BCDE90155009553
:1097400001F0C4FE0646637B204623F004036373E6
:1097500002F0D0F82846FFF763FF314620460E4A54
:10976000EEF79AFD183D012000ED00E010200020EA
:10977000F8970200109902002A0F0300DC0E030084
:1097800004B002008CBA0200F01E0020642E0020FB
:10979000420F0300584601201595010038B50D4CC5
:1097A0000D4DAC4213D90D4925230D4A0D4809F042
:1097B000C2FC0D4809F0BFFC2521094809F0B2FCA4
:1097C0002046D4E901120EF025FE1834E9E7F7D35C
:1097D000002038BD0C0B0020240B0020B40F030028
:1097E0004A0F030004B002008CBA0200F8B5054627
:1097F0000E4600F11404EFF31187202383F312883F
:10980000BFF36F8F204603F0A7F868B988231B4A7F
:109810001B491C4809F08FFC21461B4809F08BFCB2
:109820008821164809F07EFC204603F0B9F8284646
:109830003146E9F7A5FE05F10C000EF01DFF28B139
:1098400039462046BDE8F84002F0F6BA204603F05B
:1098500091F868B94FF49A73084A0C49094809F01D
:109860006AFC21460A4809F066FC4FF49A71D8E771
:1098700087F31188BFF36F8FF8BD00BFC4B6020035
:10988000F1B6020004B0020006B702001CB70200E5
:1098900033B70200002038B50C4C0D4DAC4213D943
:1098A0000C4995230C4A0D4809F045FC0C4809F079
:1098B00042FC9521084809F035FC20460EF0B4FD25
:1098C000002802DB2034E9E7F7D338BDAC0A0020DA
:1098D0000C0B0020F20F0300CD0F030004B00200B8
:1098E0008CBA02002DE9F74305460F4691461C4607
:1098F00000F10806EFF31188202383F31288BFF3E9
:109900006F8F304603F028F860B98823314A324916
:10991000324809F010FC3146314809F00CFC88212E
:109920002C4826E0304603F03BF82B691BB33B6024
:109930001C68EB692C610133EB6114B96A699342CD
:109940001FD0EB68E41A09D4D5E905235A43A24293
:1099500004D9B4FBF3F203FB124494B12149EA2386
:10996000214A1E4809F0E7FB204809F0E4FBEA2100
:109970001D4809F0D7FB59EA040214D16FF00B041B
:109980003B60304602F0F6FFF0B94FF49A73114A8B
:109990001749124809F0CFFB3146164809F0CBFBB6
:1099A0004FF49A71BCE7CDE900942A46414630460F
:1099B00002F082F8044618B90F4B9B681B693B60A4
:1099C000204603B0BDE8F08388F31188BFF36F8FA2
:1099D000F6E700BFC4B60200F1B6020004B0020010
:1099E00006B702000F100300CD0F03008B10030019
:1099F0001CB7020033B70200642E00202DE9F843A3
:109A0000C3680546CB1A0E4623D4D0E9051251434C
:109A100099421ED9B3FBF2F102FB1133CBB900F12D
:109A20000807EFF31189202484F31288BFF36F8FA6
:109A3000384602F091FFD8B98823414A414942484B
:109A400009F079FB3946414809F075FB88213C480B
:109A50000CE03F494FF489733E4A3B4809F06BFBE9
:109A60003D4809F068FB4FF489713A4809F05AFB08
:109A7000384602F095FFD5F81080B8F1000F40D1BC
:109A8000EFF3118384F31288BFF36F8F83F3118890
:109A9000BFF36F8F5BB93149A623314A2A4809F0D9
:109AA0004AFB304809F047FBA6212D48DEE72C6829
:109AB000A54226D02CB3A3683BB92B498F23284A53
:109AC000214809F038FB8F21EFE7D4E90032136019
:109AD0005A60637BC4E9008823F002036373C4F80F
:109AE000088004F1180003F06DF82046C4F87C806B
:109AF000266101F0FFFE49463846BDE8F84302F012
:109B00009BB92B6938463360EB692E61013BEB61F1
:109B100002F030FF68B94FF49A73094A13490A48B2
:109B200009F009FB3946124809F005FB4FF49A7118
:109B30008DE789F31188BFF36F8FBDE8F88300BF0D
:109B4000C4B60200F1B6020004B0020006B702007B
:109B5000790D0300CD0F0300A6100300F3100300DE
:109B6000C8100300B10F03000B1103001CB7020063
:109B700033B7020008B50D4B9B6893F90E30002BEC
:109B800009DB2024EFF3118384F31288BFF36F8F76
:109B90000AF023FDF6E7064906481C23064A09F0A9
:109BA000CAFA1C21044809F0BDFA00BF642E002047
:109BB0004311030004B00200221103002DE9F34118
:109BC000044617461E46EFF3058565B158496F23D5
:109BD000584A594809F0AFFA584809F0ACFA6F21D1
:109BE000544809F09FFAEFF31188202383F3128879
:109BF000BFF36F8F524802F0AFFE60B98823514A1D
:109C000051494D4809F097FA4D49504809F093FAE7
:109C100088214C48E5E74A4802F0C2FEE3684C4A16
:109C20009BB1A0689168884229D057EA06032ED1DB
:109C3000434802F09FFEA0B188F31188BFF36F8FF5
:109C40006FF00F0002B0BDE8F081916891F90E103D
:109C50000133E36093683A482161A36002F08AFE11
:109C600078B94FF49A73374A3A49334809F063FA9E
:109C70003349394809F05FFA4FF49A71C9E721690D
:109C8000E6E788F31188BFF36F8F0020DAE791F9D8
:109C90000E1090F90E306FF07E029942A8BF19465F
:109CA0009142B8BF11468B4202DD0EF0E6FB05463D
:109CB00022464146CDE90076214801F0FDFE00280C
:109CC000E3D0EFF31186202383F31288BFF36F8F65
:109CD0001B4802F041FE002890D0194802F060FEB7
:109CE000A068C0B1236821699C420AD04BB193F9A6
:109CF0000E309942A8BF19466FF07E039942B8BF53
:109D000019460EF0BAFB30B131460D4802F094F816
:109D10006FF00A0096E7002DF6D1094802F02AFEFE
:109D200000289ED086F31188BFF36F8FF0E700BF45
:109D30008D1103006B11030004B002009F1103009A
:109D4000842E0020C4B60200F1B6020006B702005D
:109D5000642E00201CB7020033B70200F8B5054698
:109D6000EFF3058363B15449D723544A544809F0AB
:109D7000E2F9544809F0DFF9D721504809F0D2F947
:109D80008368002B00F092804F4A9268934240F023
:109D90009080C3683BB94D49EF23484A484809F0D1
:109DA000CAF9EF21E9E7012B03D0013BC360002092
:109DB000F8BDEFF31187202484F31288BFF36F8F6F
:109DC000434802F0C9FD60B98823424A42493C48F1
:109DD00009F0B1F93E49414809F0ADF988213D4803
:109DE000CCE73B4802F0DCFD2969A8680EF045FB92
:109DF000EFF3118384F31288BFF36F8F83F311881D
:109E0000BFF36F8F5BB93649A623364A2C4809F059
:109E100092F9354809F08FF9A6213248AEE72C684F
:109E2000AC4215D100232A48C5E9023302F0A2FD55
:109E3000002836D14FF49A73264A2C49204809F05D
:109E40007AF923492A4809F076F94FF49A71C6E75E
:109E5000002CE7D0A3683BB926498F23214A184834
:109E600009F069F98F21D8E70026D4E900321360A0
:109E70005A60637BC4E9006623F002036373A66043
:109E800004F1180002F09EFEAC6094F90E302046FA
:109E90002B61E66701F02EFD39460D4801F0CCFF3D
:109EA00085E787F31188BFF36F8F80E76FF01500A8
:109EB0007EE74FF0FF307BE78D1103006B1103004D
:109EC00004B002009F110300642E0020C41103009F
:109ED000842E0020C4B60200F1B6020006B70200CC
:109EE000F3100300C8100300B10F03001CB70200F9
:109EF00033B702000B11030008B583684BB90B4957
:109F00000B488F230B4A09F016F98F21094809F0F5
:109F100009F9D0E9003213605A600023427BC0E99E
:109F2000003322F002024273836008BD0B1103006C
:109F300004B00200C81003002DE9F04704460F46A4
:109F400091469A469DF8208000F10805EFF31186AE
:109F5000202383F31288BFF36F8F284602F0FCFCA6
:109F600060B98823504A5149514809F0E4F829461C
:109F7000504809F0E0F888214B481DE0284602F0DF
:109F80000FFDB8F1000F00D06768EFF311832022B6
:109F900082F31288BFF36F8F83F31188BFF36F8F43
:109FA00063B94549A623454A414809F0C4F84448E5
:109FB00009F0C1F8A621414809F0B4F8234653F846
:109FC0000C8F984519D0B8F1000F16D04046FFF716
:109FD00093FF08F1180002F0F5FD00234046C8F891
:109FE0007C30C8F8109001F085FC3146284601F01D
:109FF00023FF00242046BDE8F087BAF1000F14D0FB
:10A00000082003F0C7F9002846D00122C0F80490C8
:10A010000260016801F003015FB922680A4302602F
:10A02000626820606AB960600BE04846C9F800A029
:10A03000EFE73A68032A24D801606168D9B9C4E916
:10A04000000004F11400042103F046F8044600283F
:10A05000CBD1284602F08EFC08BB4FF49A73124A0B
:10A060001849134809F067F82946174809F063F8BA
:10A070004FF49A7180E70A6802F0030202430A6013
:10A08000D1E722F003020A4302603A6802F00302B9
:10A0900040EA02033B60D4E76FF00B04D9E786F394
:10A0A0001188BFF36F8FA5E7C4B60200F1B60200B6
:10A0B00004B0020006B70200F3100300C81003004A
:10A0C000B10F03001CB7020033B702002DE9F743BC
:10A0D000064690461F4600F10805EFF3118920233C
:10A0E00083F31288BFF36F8F284602F035FC68B9FE
:10A0F0008823254A2549264809F01DF82946254880
:10A1000009F019F88821204809F00CF8284602F0D7
:10A1100047FC3468FCB12368726823F0030394425F
:10A1200020464FF00101336008BF73600EF0B4F9B0
:10A130000446284602F01EFCE8B94FF49A73124A0E
:10A140001549134808F0F7FF2946144808F0F3FFB3
:10A150004FF49A71D7E758EA0703EAD049462846F0
:10A16000CDE9008706F10C0201F0A6FC38B90C4BD2
:10A170009B681C6903E089F31188BFF36F8F204649
:10A1800003B0BDE8F08300BFC4B60200F1B6020020
:10A1900004B0020006B702001CB7020033B7020089
:10A1A000642E002008B583684BB90B490B488F23F8
:10A1B0000B4A08F0C0FF8F21094808F0B3FFD0E92F
:10A1C000003213605A600023427BC0E9003322F062
:10A1D00002024273836008BD0B11030004B0020049
:10A1E000C810030070B50446EFF31186202585F3EF
:10A1F0001288BFF36F8F334802F0AEFB60B988233B
:10A20000314A3249324808F096FF2E49314808F069
:10A2100092FF88212C4818E02A4802F0C1FBEFF396
:10A22000118385F31288BFF36F8F83F31188BFF317
:10A230006F8F63B92849A623284A254808F07BFF79
:10A24000274808F078FFA621244808F06BFF25680E
:10A25000AC4212D08DB12846FFF7A4FF05F11800DB
:10A2600002F0B0FC00232846EB6701F043FB3146C7
:10A27000BDE87040134801F0DFBDD4E902329A42D4
:10A2800018BF01330221A36004F1100002F024FF83
:10A290000028ECD10B4802F06DFB68B94FF49A73BB
:10A2A000094A10490A4808F046FF06490E4808F0D6
:10A2B00042FF4FF49A71ADE786F31188BFF36F8FB9
:10A2C00070BD00BF882E0020C4B60200F1B60200A7
:10A2D00004B0020006B70200F3100300C810030028
:10A2E000B10F03001CB7020033B70200F7B50446F4
:10A2F00016461D46EFF305837BB152EA05030CD0E9
:10A300002D4988232D4A2E4808F015FF2D4808F0C6
:10A3100012FF8821294808F005FFEFF31187202359
:10A3200083F31288BFF36F8F274802F015FB60B9E3
:10A330008823264A2649224808F0FDFE224925485E
:10A3400008F0F9FE88212148E5E71F4802F028FBC4
:10A35000A368D3B1013B1C48A36002F00BFB68B9B2
:10A360004FF49A73194A1C49154808F0E4FE16493F
:10A370001A4808F0E0FE4FF49A71E4E787F3118879
:10A38000BFF36F8F002003B0F0BD56EA05030BD179
:10A390000D4802F0EFFA0028E2D087F31188BFF3EE
:10A3A0006F8F6FF00F00EEE722463946CDE900656A
:10A3B000054801F081FBE6E7FB110300DB11030018
:10A3C00004B00200B10F0300882E0020C4B60200C2
:10A3D000F1B6020006B702001CB7020033B7020054
:10A3E00007B5074B4FF40062009306494FF0FF3367
:10A3F000054800F02DFC002003B05DF804FB00BF11
:10A40000DCA70200584E0120701F00202DE9F04308
:10A410000446764E764F85B0EFF31188202383F300
:10A420001288BFF36F8F304602F096FA68B988231E
:10A43000704A7149714808F07EFE6C49704808F016
:10A440007AFE88216B4808F06DFE304602F0A8FACB
:10A45000D4F88450F5B9022104F19C000EF05EF8A6
:10A46000002840D004F1940500220121284602F082
:10A470002DF90028F8D100234FF0FF3202934FF05E
:10A48000FF334146CDE90023304604F18C0202F04F
:10A490007BF9C1E7D4F888202B68954208BFC4F83F
:10A4A0008830C4F88430D4F89C30304643F002033E
:10A4B000C4F89C30EB68D5F8049023F0040343F013
:10A4C0000103EB6002F056FAF8B94FF49A73494A67
:10A4D0004C494A4808F02FFE44494B4808F02BFEEF
:10A4E0004FF49A71AEE7D4F89C30DD06C3D5C4F8BA
:10A4F0009C003E4802F03EFA0028E6D088F311881E
:10A50000BFF36F8F05B0BDE8F08388F31188BFF308
:10A510006F8FB9F1000F0AD13C4938484FF43873B6
:10A520003B4A08F008FE4FF4387139488BE728465B
:10A53000C847EFF31188202383F31288BFF36F8F8E
:10A54000304602F009FA00283FF471AF304602F0BD
:10A5500027FAEB68D90623F0010231D4EA60EB68F0
:10A560009A0716D5386823F00203EB6088B1002102
:10A57000036870B14268954230D1036841BB7A6884
:10A580003B60824200D17B60002340F8083BFFF72C
:10A5900029FED4F89C30304623F00203C4F89C30E6
:10A5A000C3F3002502F0E6F900288ED088F3118865
:10A5B000BFF36F8F002D7FF42FAF01F0A1FD2BE7CC
:10A5C00023F01103EB6005F11000FFF70BFEC6E767
:10A5D0000B607B68834208BF7960D5E723B11A68B6
:10A5E000014618461346C4E71A46F9E7942E0020A0
:10A5F0008C2E0020C4B60200F1B6020004B00200A6
:10A6000006B702001CB7020033B702009312030022
:10A610005112030070B5C3680546C3F340069B079B
:10A620000C460DD50122002104F108000DF066FF53
:10A6300000232360054B65605A681AB9C3E90044DA
:10A64000304670BD14605C60FAE700BF8C2E0020BD
:10A65000F8B5C36804469A070F46C3F340063BD4D7
:10A660005B0727D40B680BB983680B60E368DD07D1
:10A6700023D5A3685BB92949294840F25713294AD1
:10A6800008F059FD40F25711264808F04BFD02260C
:10A690003B603D68002D3ED0234B9A68D5F8803052
:10A6A0009A420CD0D5F89C30D807C3F3800216D458
:10A6B0006FF0120600233B6027E00126E9E70DF06A
:10A6C00092FFD5F89C300028EED1D907C3F3C00221
:10A6D000EED552B15B0708D46FF00F06EAE7002A07
:10A6E000FAD1C3F3C003002BF6D100232360D5F8C1
:10A6F000883063B9C5E9214428460DF02AFFE36894
:10A7000043F00403E3603B68A3603046F8BD1C607F
:10A71000C5F88840F0E76FF01506CBE7721203002A
:10A7200004B0020051120300642E002073B50446E9
:10A73000EFF31185202383F31288BFF36F8F1E4838
:10A7400002F00AF968B988231C4A1D491D4808F01F
:10A75000F2FC19491C4808F0EEFC8821174808F063
:10A76000E1FC154802F01CF900230321201F01938E
:10A77000A4F110060DF0D2FE28B1A369304601A95C
:10A780000193FFF765FF0C4802F0F4F868B94FF445
:10A790009A730A4A0D490B4808F0CDFC06490C484B
:10A7A00008F0C9FC4FF49A71D8E785F31188BFF31C
:10A7B0006F8F02B070BD00BF942E0020C4B602009F
:10A7C000F1B6020004B0020006B702001CB7020096
:10A7D00033B7020038B50D46044648B90C499C23EE
:10A7E0000C4A0D4808F0A7FC9C210A4808F09AFC86
:10A7F00039B90A499D23074A074808F09CFC9D2166
:10A80000F3E7102200210EF0D8FE656038BD00BFCE
:10A810002E1303005112030004B002009312030030
:10A82000F8B5C368064603F00503002B0C4614BFB9
:10A830000127002729D085685DB91D491D4840F2D0
:10A84000C1131D4A08F077FC40F2C1111A4808F004
:10A8500069FC0122002104F110000DF04FFE20469A
:10A860001649FFF7B7FFE36843F01003E360F368AE
:10A870005B0712D5336823606BB9D5F8883033B9DC
:10A88000C5E9214428460DF064FE3846F8BD1C6039
:10A89000C5F88840F6E73460F4E7D5F884302360E3
:10A8A000D5F88830C5F88440002BEBD1F0E700BF25
:10A8B0007812030004B00200511203003385020035
:10A8C00038B50446EFF31185202383F31288BFF3D4
:10A8D0006F8F184802F040F868B98823164A174964
:10A8E000174808F028FC1349164808F024FC882172
:10A8F000114808F017FC0F4802F052F8E4680D48C0
:10A9000004F01F0402F036F868B94FF49A730A4A4B
:10A910000D490B4808F00FFC06490C4808F00BFCE9
:10A920004FF49A71E4E785F31188BFF36F8F2046E7
:10A9300038BD00BF942E0020C4B60200F1B602005C
:10A9400004B0020006B702001CB7020033B70200D1
:10A9500037B50C46019059B9284940F27D13284A71
:10A96000284808F0E8FB40F27D11254808F0DAFBA2
:10A970004B684BB924494FF4BF73214A214808F072
:10A98000DAFB4FF4BF71F0E7EFF31185202383F377
:10A990001288BFF36F8F1D4801F0DEFF60B9882376
:10A9A0001B4A1C49174808F0C6FB18491A4808F00A
:10A9B000C2FB88211648D9E7144801F0F1FF204670
:10A9C00001A9FFF745FE0446104801F0D3FF68B91E
:10A9D0004FF49A730E4A11490A4808F0ACFB0B4930
:10A9E0000F4808F0A8FB4FF49A71E3E785F311884C
:10A9F000BFF36F8F204603B030BD00BF2E1303009E
:10AA00005112030004B002008D120300942E0020A6
:10AA1000C4B60200F1B6020006B702001CB702007D
:10AA200033B70200014601480DF0CDBD701F002074
:10AA300070B50C46054658B9384940F2CD13384A2E
:10AA4000384808F078FB40F2CD11354808F06AFB31
:10AA5000C368DB0509D534494FF4E773304A314800
:10AA600008F069FB4FF4E771EFE70DF0BCFD48B16A
:10AA70002E4940F2CF132A4A2A4808F05CFB40F2E4
:10AA8000CF11E2E74CB92A494FF4E873244A25482C
:10AA900008F051FB4FF4E871D7E7EFF3118620235C
:10AAA00083F31288BFF36F8F224801F055FF60B91E
:10AAB0008823214A21491B4808F03DFB1D492048B5
:10AAC00008F039FB88211C48C0E71A4801F068FFEC
:10AAD00028462146FFF7A4FE0546164801F04AFF26
:10AAE00068B94FF49A73144A16490E4808F023FBCC
:10AAF0001049154808F01FFB4FF49A71E3E786F3FD
:10AB00001188BFF36F8F3DB14FF0FF324FF0FF332D
:10AB100004F11000FFF7EAFB284670BD2E13030076
:10AB20005112030004B00200AA12030062E5020001
:10AB3000D9120300942E0020C4B60200F1B6020020
:10AB400006B702001CB7020033B7020038B504464E
:10AB500058B9284940F22B23274A284808F0EBFA35
:10AB600040F22B21244808F0DDFAC368DB0509D543
:10AB700023494FF40B73204A204808F0DCFA4FF4C5
:10AB80000B71EFE7EFF31185202383F31288BFF3F6
:10AB90006F8F1C4801F0E0FE60B988231A4A1B49F8
:10ABA000164808F0C8FA1749194808F0C4FA88216D
:10ABB0001548D8E7134801F0F3FE20460DF0D0FC0D
:10ABC0000446104801F0D6FE68B94FF49A730E4A55
:10ABD00010490A4808F0AFFA0A490F4808F0ABFAE2
:10ABE0004FF49A71E4E785F31188BFF36F8F204625
:10ABF00038BD00BF2E1303005112030004B0020041
:10AC0000AA120300942E0020C4B60200F1B602007E
:10AC100006B702001CB7020033B7020008B558B9E6
:10AC20000849094840F20533084A08F084FA40F21E
:10AC30000531064808F076FAA02200210EF0BDFC8E
:10AC400008BD00BF7812030004B0020051120300D7
:10AC5000F0B589B004460E9D58B92F4940F2323301
:10AC60002E4A2F4808F067FA40F232312B4808F09C
:10AC700059FA49B92B4940F23333284A284808F099
:10AC80005AFA40F23331F1E7D0F89C0010F001009D
:10AC900009D025494FF44D73204A214808F04BFA5A
:10ACA0004FF44D71E2E7C4E9210004F18C00C4E9DE
:10ACB000230004F19400C4E9250055B32879002845
:10ACC00040F2011008BF0120C4F89C0000204FF0A2
:10ACD000FF364FF0FF37CDE90330CDE90100CDE974
:10ACE00006672046114B009400F054FC55B12968CA
:10ACF00011B120460DF07DFC6B791BB1237B43F035
:10AD000001032373204601F04FFBC4F8804009B0D3
:10AD1000F0BD0120D8E700BF21130300511203004A
:10AD200004B0020027130300ED1203000DA401007C
:10AD30007FB50D46044658B93A4940F265333A4A60
:10AD40003A4808F0F8F940F26531374808F0EAF976
:10AD50000DF049FC48B1364940F26633324A334877
:10AD600008F0E9F940F26631EFE7EFF311862023AE
:10AD700083F31288BFF36F8F2E4801F0EDFD60B9A9
:10AD800088232D4A2D49294808F0D5F929492C480E
:10AD900008F0D1F988212848D8E7264801F000FEBC
:10ADA000D4F89C3013F0060F1DD1B5B143F00C035D
:10ADB000C4F89C3020460DF0CCFB00234FF0FF324E
:10ADC00002934FF0FF333146CDE90023194804F1D7
:10ADD000940201F0D9FC04B070BDD4F884504DB198
:10ADE00043F00403E4E743F00402C4F89C20002D80
:10ADF000E0D0DBE70F4801F0BDFD68B94FF49A736E
:10AE00000D4A1049094808F096F90A490E4808F019
:10AE100092F94FF49A71BEE786F31188BFF36F8FF2
:10AE20002846D8E7211303005112030004B00200A2
:10AE300062E50200942E0020C4B60200F1B60200C2
:10AE400006B702001CB7020033B7020038B50D4642
:10AE5000044658B90F494FF478730F4A0F4808F069
:10AE60006AF94FF478710C4808F05CF949B90C495B
:10AE700040F2E133084A094808F05DF940F2E13157
:10AE8000F1E7302200210EF098FB4FF480736560EB
:10AE9000E36038BD2D1303005112030004B002001B
:10AEA0009312030038B5044658B92149214840F2AD
:10AEB000F133214A08F03FF940F2F1311E4808F021
:10AEC00031F9EFF31185202383F31288BFF36F8FDD
:10AED0001A4801F041FD60B98823194A19491548FB
:10AEE00008F029F91549184808F025F9882114486F
:10AEF000E5E7124801F054FDE468104804F01F042F
:10AF000001F038FD68B94FF49A730D4A0F490948AA
:10AF100008F011F909490E4808F00DF94FF49A713B
:10AF2000E5E785F31188BFF36F8F204638BD00BF7A
:10AF30002D13030004B0020051120300942E0020D0
:10AF4000C4B60200F1B6020006B702001CB7020048
:10AF500033B70200F7B50C4616461D46019058B9A6
:10AF6000334940F25743334A334808F0E4F840F29B
:10AF70005741304808F0D6F849B930494FF48B634F
:10AF80002C4A2D4808F0D7F84FF48B61F1E7EFF326
:10AF90001187202383F31288BFF36F8F284801F0B5
:10AFA000DBFC60B98823274A2749234808F0C3F807
:10AFB0002349264808F0BFF888212248DAE72048CC
:10AFC00001F0EEFCE36813F01E0F27D155EA0602EC
:10AFD00016D1204601A9FFF73BFB0446184801F0B3
:10AFE000C9FCE8B94FF49A73164A1949124808F097
:10AFF000A2F81349174808F09EF84FF49A71DCE75D
:10B0000043F00803E360019B04F11000A3623246A1
:10B010002B46114901F0FAFC0124DFE70024DDE7AB
:10B0200087F31188BFF36F8F204603B0F0BD00BFD8
:10B03000781203005112030004B002002D13030024
:10B04000942E0020C4B60200F1B6020006B702003A
:10B050001CB7020033B702002DA7010001460148CA
:10B06000FFF778BF701F0020F7B50C4616461D4647
:10B07000019058B9324940F27A43324A324808F0D6
:10B080005AF840F27A412F4808F04CF849B92F4954
:10B0900040F27B432B4A2C4808F04DF840F27B41AC
:10B0A000F1E7EFF31187202383F31288BFF36F8F4B
:10B0B000274801F051FC60B98823264A26492248D6
:10B0C00008F039F82249254808F035F88821214848
:10B0D000DAE71F4801F064FC20460DF02BFA55EA30
:10B0E000060316D1204601A9FFF7B2FA0446184814
:10B0F00001F040FCE0B94FF49A73164A184912481F
:10B1000008F019F81249174808F015F84FF49A7129
:10B11000DDE7E36804F1100043F00803E360019BFE
:10B120003246A36210492B4601F070FC0124DEE791
:10B1300087F31188BFF36F8F204603B0F0BD00BFC7
:10B14000781203005112030004B002002D13030013
:10B15000942E0020C4B60200F1B6020006B7020029
:10B160001CB7020033B702002DA7010001460148B9
:10B17000FFF77ABF701F002038B5044658B923493D
:10B18000234840F29C43234A07F0D5FF40F29C41FC
:10B19000204807F0C7FFEFF31185202383F31288BF
:10B1A000BFF36F8F1C4801F0D7FB60B988231B4A9F
:10B1B0001B49174807F0BFFF17491A4807F0BBFFA4
:10B1C00088211648E5E7144801F0EAFB20460DF017
:10B1D000B1F920460DF0C4F904460F4801F0CAFB4E
:10B1E00068B94FF49A730D4A0F49094807F0A3FF55
:10B1F00009490E4807F09FFF4FF49A71E1E785F384
:10B200001188BFF36F8F204638BD00BF2D13030098
:10B2100004B0020051120300942E0020C4B60200B4
:10B22000F1B6020006B702001CB7020033B70200F5
:10B23000F8B50D46044658B93E4940F2AD433E4A82
:10B240003E4807F078FF40F2AD413B4807F06AFF07
:10B2500049B93B4940F2AE43374A384807F06BFFE3
:10B2600040F2AE41F1E70DF0BEF948B1354940F288
:10B27000AF43314A314807F05EFF40F2AF41E4E7A7
:10B28000EFF31186202383F31288BFF36F8F2E48CC
:10B2900001F062FB60B988232C4A2D49274807F04A
:10B2A0004AFF29492B4807F046FF88212748CDE768
:10B2B000254801F075FBE36803F01F03002B14BF62
:10B2C0000127002717D1204801F054FB68B94FF43B
:10B2D0009A731E4A2049194807F02DFF1A491F4842
:10B2E00007F029FF4FF49A71E0E786F31188BFF366
:10B2F0006F8F3846F8BD20460DF01CF920460DF042
:10B300002FF920462946FFF785F904460E4801F03B
:10B3100031FB0028DBD086F31188BFF36F8F002C40
:10B32000E7D04FF0FF324FF0FF3305F10800FEF792
:10B33000DDFFDEE72D1303005112030004B002000D
:10B34000D912030062E50200942E0020C4B6020068
:10B35000F1B6020006B702001CB7020033B70200C4
:10B3600008B583684BB90B490B488F230B4A07F08C
:10B37000E2FE8F21094807F0D5FED0E900321360C4
:10B380005A600023427BC0E9003322F0020242737C
:10B39000836008BD0B11030004B00200C810030055
:10B3A0002DE9F8430546EFF31188202787F312882B
:10B3B000BFF36F8F3B4801F0CFFA60B988233A4A58
:10B3C0003A493B4807F0B7FE36493A4807F0B3FE22
:10B3D0008821354818E0334801F0E2FAEFF3118391
:10B3E00087F31288BFF36F8F83F31188BFF36F8FDA
:10B3F00063B93149A623314A2D4807F09CFE3048F5
:10B4000007F099FEA6212D4807F08CFE2C68A54276
:10B4100034D09CB300262046FFF7A2FF04F11800A9
:10B4200001F0D0FBB1462046C4F87C9000F062FAEF
:10B430000136EFF3118387F31288BFF36F8F83F325
:10B440001188BFF36F8F002BD3D02C68A54210D08A
:10B450007CB12046FFF784FF04F1180001F0B2FB35
:10B46000E1E788F31188BFF36F8F00263046BDE80F
:10B47000F88341460B4800F0DFFCF7E7094801F08C
:10B4800079FA0028EDD14FF49A73074A0D4908481C
:10B4900007F051FE03490C4807F04DFE4FF49A7136
:10B4A00097E700BF982E0020C4B60200F1B6020054
:10B4B00004B0020006B70200F3100300C810030036
:10B4C000B10F03001CB7020033B702002DE9F043AF
:10B4D00085B00F9D04460F2D0E46984637D1274B59
:10B4E000984538D104F15803C4E91633109B00275E
:10B4F000237304230732A57322F0070506EB050921
:10B50000494663732046C4E90677A760E773ECF702
:10B51000B3FA0E9B073020F00700E066C4E9196516
:10B5200002930D9BA9EB000901930C9B4A460093E3
:10B53000314643462046ECF793FE114B67659B6806
:10B5400003B11B6F4846236705B0BDE8F08305F1E2
:10B5500010031E2BC6D940F24B230A4A0A490B4856
:10B5600007F0E9FD29460A486FF00F030E2207F0A5
:10B57000E2FD40F24B21034807F0D4FD759B01002A
:10B58000642E0020421303006513030004B0020080
:10B59000E5130300F0B587B00446DDE91276EFF35A
:10B5A000058575B1194940F21A33194A194807F04F
:10B5B000C2FD194807F0BFFD40F21A31144807F0E8
:10B5C000B1FD0595109D04950F9D03950E9D029567
:10B5D0000D9D01950C9D0095FFF778FFB6F1FF3F9B
:10B5E00008BFB7F1FF3F05D056EA070305D1204653
:10B5F00000F0DAFE204607B0F0BD3A46334604F1CB
:10B600001800064901F002FAF4E700BF8D110300AB
:10B610004213030004B00200161403005D8602000A
:10B6200040F201138381002310B50446C0E91933A9
:10B6300001F0AAFE014B9C6010BD00BF642E0020EB
:10B6400070B590F90D20437B002A5ADBDC0658D1F7
:10B650002D4A43F080039042437309D12B49522372
:10B660002B4A2C4807F067FD5221294807F05AFD64
:10B67000D90707D528495323254A264807F05BFDFB
:10B680005321F2E7254C224652F8183FE1699342D4
:10B6900007D1C0E900210860E06111E09942F8D0CB
:10B6A0001B68002BF5D090F90E5093F90E60B5424F
:10B6B000F4D0AE42F2DD5968C0E90031086058604C
:10B6C000A569954200D005B9E568A3685BB914493E
:10B6D000EA23144A0F4807F02EFD134807F02BFD0C
:10B6E000EA211048C2E75A7BD20604D1DA897F2AC0
:10B6F00001D9AA6932B1AB4202D0284601F0A4F8C0
:10B70000656170BD6361FCE7701E00205D1403007D
:10B710003B14030004B002007E140300642E0020DA
:10B72000C314030097140300B10F030038B590F958
:10B730000D200146002A437B1BDA224A03F07F03D7
:10B740009042437309D120495A23204A204807F0E8
:10B75000F2FC5A211D4807F0E5FCDC0707D51D491E
:10B760005B231A4A1A4807F0E6FC5B21F2E70CF06B
:10B7700045FF194D2A4652F8184FAB68944200D045
:10B7800004B9EC688B4214D05BB91449EA23144A1B
:10B790000F4807F0D0FC134807F0CDFCEA21104811
:10B7A000D9E75A7BD20604D1DA897F2A01D9A26966
:10B7B0002AB1A34202D0204601F046F823466B612D
:10B7C00038BD00BF701E00205D1403003B14030051
:10B7D00004B002007E140300642E0020C314030092
:10B7E00097140300B10F030008B583684BB90949EA
:10B7F00009488F23094A07F09EFC8F21074807F06C
:10B8000091FC0CF0FBFE437B23F002034373002307
:10B81000836008BD0B11030004B00200C8100300D0
:10B8200008B5124A936880B1597B11F0090F0CD109
:10B830000F49D2230F4A104807F07DFC0F4807F04C
:10B840007AFCD2210B4807F06DFC6FF00A01D96732
:10B850000B4998674B6843F080534B60002383F398
:10B860001188BFF36F8F9368D86F08BD642E0020D6
:10B8700014150300EA14030004B002007D15030050
:10B8800000ED00E038B5194CA168E0690B68814211
:10B8900014BF1A46002249680B605960A368E16929
:10B8A0002AB9134AC3E900210B60E3610CE093F964
:10B8B0000E0092F90E50A84214D0854212DD516854
:10B8C000C3E900210B605360A569094B9D4200D07C
:10B8D00005B9E568A3689D4202D0284600F0B4FF90
:10B8E000656138BD9142DCD01268D9E7642E002032
:10B8F0007C2E002038B50446EFF31185202383F316
:10B900001288BFF36F8F174801F026F868B98823B3
:10B91000154A1649164807F00EFC1249154807F05B
:10B920000AFC8821104807F0FDFB0E4801F038F8AA
:10B930002046FFF785FE0B4801F01CF868B94FF46C
:10B940009A73094A0C490A4807F0F5FB05490B4868
:10B9500007F0F1FB4FF49A71E4E785F31188BFF328
:10B960006F8F38BD9C2E0020C4B60200F1B60200D5
:10B9700004B0020006B702001CB7020033B7020091
:10B9800038B50446EFF31185202383F31288BFF303
:10B990006F8F184800F0E0FF68B98823164A1749EE
:10B9A000174807F0C8FB1349164807F0C4FB882165
:10B9B000114807F0B7FB0F4800F0F2FFA36813B17E
:10B9C0002046FFF711FF0B4800F0D4FF68B94FF491
:10B9D0009A73094A0C490A4807F0ADFB05490B4820
:10B9E00007F0A9FB4FF49A71E2E785F31188BFF3E2
:10B9F0006F8F38BD9C2E0020C4B60200F1B6020045
:10BA000004B0020006B702001CB7020033B7020000
:10BA100038B50446EFF31185202383F31288BFF372
:10BA20006F8F1E4800F098FF68B988231C4A1D4993
:10BA30001D4807F080FB19491C4807F07CFB882152
:10BA4000174807F06FFB154800F0AAFF637B13F05F
:10BA5000280F0BD1A36813B12046FFF7C5FE637B07
:10BA6000204623F004036373FFF7EAFD0B4800F060
:10BA700081FF68B94FF49A73094A0D490A4807F0E3
:10BA80005AFB06490B4807F056FB4FF49A71D7E76B
:10BA900085F31188BFF36F8F38BD00BF9C2E002047
:10BAA000C4B60200F1B6020004B0020006B70200FC
:10BAB0001CB7020033B702002DE9F047DFF8D4A02D
:10BAC000354D1746DDE90898DAF80820334BA842CF
:10BAD00004460E461A600BD13149324840F29E238B
:10BAE000314A07F028FB40F29E212F4807F01AFB4D
:10BAF000EFF31183202383F31288BFF36F8F28465F
:10BB000000F02AFF60B98823284A2949254807F010
:10BB100012FB2946274807F00EFB88212348E5E75A
:10BB2000284600F03DFFDAF80850394628460CF068
:10BB30006DFDB8F1FF3F08BFB9F1FF3F06D04A469F
:10BB400043461D4905F1180000F060FF204600F053
:10BB500011FF68B919494FF4B773144A114807F037
:10BB6000EAFA2146164807F0E6FA4FF4B771D5E72E
:10BB7000094800F0FFFE40B910494FF4B7730B4A73
:10BB8000084807F0D8FA0449ECE73046BDE8F0472A
:10BB9000FFF746BE642E00209C2E0020A02E002021
:10BBA000A515030004B002003B140300C4B6020054
:10BBB000F1B6020006B702005D8602001CB7020063
:10BBC00033B7020070B50546EFF31186202383F3E7
:10BBD0001288BFF36F8F1B4800F0BEFE68B9882340
:10BBE000194A1A491A4807F0A6FA1649194807F0DF
:10BBF000A2FA8821144807F095FA124800F0D0FE06
:10BC00002C68A54215D014B12046FFF7EDFD0D4874
:10BC100000F0B0FE78B94FF49A730B4A0E490C4805
:10BC200007F089FA07490D4807F085FA4FF49A7131
:10BC3000E0E70024EBE786F31188BFF36F8F20461F
:10BC400070BD00BF9C2E0020C4B60200F1B60200F9
:10BC500004B0020006B702001CB7020033B70200AE
:10BC60002DE9F04104460D46EFF31187202383F3BD
:10BC70001288BFF36F8F624800F06EFE60B98823B0
:10BC8000604A6149614807F056FA5D49604807F02B
:10BC900052FA88215B4818E0594800F081FE637B26
:10BCA00003F01F02002A0CBF0126002671D1594A59
:10BCB00003F07F039442637309D157495A23574ACB
:10BCC000524807F038FA5A21544807F02BFAD9079E
:10BCD00007D553495B23514A4C4807F02CFA5B21A6
:10BCE000F2E720460CF08AFC637B6DB243F08003E0
:10BCF000DA07A573637307D549495323474A434875
:10BD000007F019FA5321DFE7DFF81881424652F8AD
:10BD1000183F93423AD1D8F81C10C4E900210C60B6
:10BD2000C8F81C400FE09942F7D01B68002BF4D0F4
:10BD300093F90E008542F6D0A842F4DD5968C4E9B3
:10BD400000310C605C60D8F81840944200D00CB907
:10BD5000D8F80C40D8F808309C4202D0204600F0B9
:10BD600073FDC8F81440264800F004FE00283FD1B7
:10BD70004FF49A73234A2C49244807F0DCF92049F0
:10BD80002A4807F0D8F94FF49A7183E7D8F81C10C5
:10BD9000CCE79B072AD5A16841B925491B488F23C9
:10BDA000244A07F0C8F98F2122488EE720466DB259
:10BDB0000CF024FCA5730B68994209D14B68C4E9C7
:10BDC00000131C604C60CEE74A689342F6D01B68B3
:10BDD000002BF3D093F90E209542F5D0AA42F3DD63
:10BDE0005A68C4E9003214605C60BCE7A573BAE726
:10BDF00087F31188BFF36F8F3046BDE8F08100BF35
:10BE00009C2E0020C4B60200F1B6020004B002006D
:10BE100006B70200701E00205D1403003B140300EF
:10BE20007E140300642E00201CB7020033B702000A
:10BE30000B110300C810030070B504460D46F9B994
:10BE4000EFF30586E6B91A4B5A699B689A4217D0F8
:10BE500000F090FD78B94FF4B773164A16491748A9
:10BE600007F069F92146164807F065F94FF4B771F4
:10BE7000104807F057F93046BDE87040FFF7D0BCD6
:10BE8000204600F077FD68B94FF49A73094A0A49D1
:10BE90000A4807F050F92146094807F04CF94FF4D9
:10BEA0009A71E5E785F31188BFF36F8F70BD00BF0E
:10BEB000642E0020C4B602001CB7020004B00200C9
:10BEC00033B70200034648B9EFF3058232B9064A98
:10BED00051699268914201D0FFF7A2BC83F31188A7
:10BEE000BFF36F8F704700BF642E002010B5EFF3D3
:10BEF0001184202383F31288BFF36F8F284800F04A
:10BF00002BFD60B98823274A2749284807F013F9F1
:10BF10002349274807F00FF98821224812E02048DA
:10BF200000F03EFDEFF3058373B1224940F23B334D
:10BF3000214A1E4807F0FFF8204807F0FCF840F2BD
:10BF40003B311D4807F0EEF81D4B9A68D37B012B5F
:10BF50000CD11C494FF44F73174A144807F0EBF803
:10BF6000164807F0E8F84FF44F71EAE7013BD37346
:10BF70000B4800F0FFFC68B94FF49A73094A124964
:10BF80000A4807F0D8F80649104807F0D4F84FF4EB
:10BF90009A71C2E784F31188BFF36F8F10BD00BFA1
:10BFA0009C2E0020C4B60200F1B6020004B00200CC
:10BFB00006B702008D1103003B140300B10F03000C
:10BFC000642E0020DE1503001CB7020033B7020008
:10BFD00070B5EFF31186202383F31288BFF36F8FC0
:10BFE000374800F0B9FC60B98823364A36493748EB
:10BFF00007F0A1F83249364807F09DF8882131480A
:10C0000013E0344D2E4800F0CBFCAB68DA7B72B9FC
:10C01000314940F24733314A2C4807F08CF8304818
:10C0200007F089F840F247312C4807F07BF8EFF32E
:10C03000058161B12B494FF45273284A234807F018
:10C040007AF8274807F077F84FF45271ECE701329D
:10C05000DA732A4652F8184F944200D004B9EC68BB
:10C060005A7BD20604D1DA897F2A01D9A2692AB182
:10C07000A34202D0204600F0E7FB234610486B6144
:10C0800000F078FC68B94FF49A730E4A16490F48CD
:10C0900007F051F80A49154807F04DF84FF49A7126
:10C0A000ADE786F31188BFF36F8FEFF31180202384
:10C0B00083F31288BFF36F8FBDE87040FFF702BFB4
:10C0C0009C2E0020C4B60200F1B6020004B00200AB
:10C0D00006B70200642E00200F1603003B14030075
:10C0E000B10F03008D1103001CB7020033B702002B
:10C0F000024B03F11802C3E906227047642E0020A8
:10C1000070B5EFF3058373B139494FF48E63394A43
:10C11000394807F010F8394807F00DF84FF48E61F0
:10C12000344806F0FFFFEFF31186202383F31288D3
:10C13000BFF36F8F324800F00FFC60B98823314A9B
:10C1400031492D4806F0F7FF2D49304806F0F3FF3E
:10C1500088212C48E5E72E4C294800F021FCA168F5
:10C16000E0690B68814214BF1A46002249680B60DF
:10C170005960A368E1692AB9264AC3E900210B6026
:10C18000E3610CE093F90E0092F90E50A84225D01D
:10C19000854223DD5168C3E900210B605360A56926
:10C1A0001C4B9D4200D005B9E568A3689D4202D0B2
:10C1B000284600F049FB1248656100F0DBFB88B9B6
:10C1C0004FF4B7730F4A14490B4806F0B4FF0C49FB
:10C1D000124806F0B0FF4FF4B771BAE78A42CBD0ED
:10C1E0001268C8E73046BDE87040FFF719BB00BFD2
:10C1F0008D1103003B14030004B00200B10F0300D3
:10C200009C2E0020C4B60200F1B6020006B7020060
:10C21000642E00207C2E00201CB7020033B70200E1
:10C220002DE9F04106460C46EFF3058777B1344916
:10C230004FF49163334A344806F07DFF334806F0EB
:10C240007AFF4FF491612F4806F06CFF50EA01032A
:10C2500004D1FFF755FF0020BDE8F081EFF311880E
:10C26000202383F31288BFF36F8F294800F074FBFB
:10C2700060B98823274A2849234806F05CFF2449EF
:10C28000264806F058FF88212248DDE7244D204843
:10C2900000F086FBA868234B1860FFF747FAA868F0
:10C2A000234632462049183000F0B0FBAA68044605
:10C2B000537B174843F00403537300F05BFB68B9EA
:10C2C0004FF4B773134A19490F4806F034FF104969
:10C2D000174806F030FF4FF4B771D5E74046FFF737
:10C2E0009FFAAB68D3E90A23B3F1004F08BFBA4203
:10C2F000B1D10CF0EBF9201A20EAE070ACE700BFF6
:10C300008D1103003B14030004B00200B10F0300C1
:10C310009C2E0020C4B60200F1B6020006B702004F
:10C32000642E0020A02E00205D8602001CB70200B3
:10C3300033B7020070B505460E46EFF3058474B1BD
:10C34000154940F2B243154A154806F0F4FE154867
:10C3500006F0F1FE40F2B241104806F0E3FEFFF7AE
:10C360005FFFB6F1FF3F08BFB5F1FF3F0246284629
:10C3700011D04FF47A7147F6FF73C2FB0134D80B2A
:10C3800040EA4440B0F1004F4FEAD43474F1000465
:10C3900028BF6FF0004070BD8D1103003B140300F7
:10C3A00004B00200B10F030038B50446EFF3118565
:10C3B000202383F31288BFF36F8F204800F0CCFA5C
:10C3C00068B988231E4A1F491F4806F0B4FE1B495E
:10C3D0001E4806F0B0FE8821194806F0A3FE174853
:10C3E00000F0DEFA637B5B0710D504F1180000F063
:10C3F000E9FB637B204623F004036373FFF720F916
:10C400002946BDE838400D48FFF716BD0B4800F03F
:10C41000B1FA68B94FF49A73094A0D490A4806F00F
:10C420008AFE06490B4806F086FE4FF49A71D3E760
:10C4300085F31188BFF36F8F38BD00BF9C2E00209D
:10C44000C4B60200F1B6020004B0020006B7020052
:10C450001CB7020033B70200014B9868704700BF59
:10C46000642E00202DE9F8430446077BEFF3118585
:10C47000202383F31288BFF36F8F824800F06CFA99
:10C4800068B98823804A8149814806F054FE7D4975
:10C49000804806F050FE88217B4806F043FE79482C
:10C4A00000F07EFA637B180717D5764800F062FA31
:10C4B00068B94FF49A73744A7749754806F03BFEA1
:10C4C0007049764806F037FE4FF49A71E4E785F339
:10C4D0001188BFF36F8FBDE8F883D90943F00802D4
:10C4E00040F083806273A36813B12046FFF77CF9A4
:10C4F00004F1180000F066FBA66D04F15808B04581
:10C5000011D04FF0000976B13046FFF76DF906F112
:10C51000180000F057FB3046C6F87C90FFF790F803
:10C52000A66DB045EFD1DFF87881D8F808309C428D
:10C530007AD1EFF30589B9F1000918BF4FF001096D
:10C54000D8F81860574A964200D00EB9D8F80C6057
:10C55000B34202D0304600F077F92046C8F81460A4
:10C5600008F031F8B9F1000F02D04F48FFF758F842
:10C57000D8F808309C426AD1EFF30586002E66D1C8
:10C58000237BDA071FD53F4800F0F4F9002890D04C
:10C5900085F31188BFF36F8F86F31188BFF36F8F18
:10C5A0000423184602DFEFF31185202383F312885A
:10C5B000BFF36F8F334800F0CFF900283FF461AF2D
:10C5C000304800F0EDF92F4800F0D4F978BB4FF473
:10C5D000B7732D4A30492E4806F0ADFD29492F4842
:10C5E00006F0A9FD4FF4B77156E7304A03F07F0318
:10C5F00043F008039442637308D12D495A232D4A0E
:10C60000234806F098FD5A212A4846E7D90707D55E
:10C6100029495B23274A1E4806F08DFD5B21F3E77D
:10C6200020460BF0EBFF5EE74FF0000988E7284655
:10C63000FFF7F6F821494FF4EE731E4A144806F04E
:10C640007AFD1F4806F077FD4FF4EE71DCE70D48E8
:10C6500000F090F900283FF42CAF85F31188BFF368
:10C660006F8FFB077FF537AF40F28E53114A1549A4
:10C67000074806F060FD2146134806F05CFD40F2D5
:10C680008E51C1E79C2E0020C4B60200F1B6020014
:10C6900004B0020006B702001CB7020033B7020064
:10C6A000642E00207C2E002010200020701E002010
:10C6B0005D1403003B1403007E14030040160300C6
:10C6C0004B1603006D160300781603002DE9F8439E
:10C6D000064688461746EFF31189202383F3128814
:10C6E000BFF36F8F214800F037F9054668B98823FA
:10C6F0001F4A2049204806F01EFD1C491F4806F02D
:10C700001AFD88211A4806F00DFD184800F048F976
:10C710003468A6421FD004B32046C4F87C80276149
:10C72000FFF762F804F1180000F04CFA2046FEF71B
:10C7300087FF0E4800F01EF988B94FF49A730C4A2F
:10C740000F490D4806F0F7FC08490E4806F0F3FCC7
:10C750004FF49A71D6E70025EBE72546E9E789F320
:10C760001188BFF36F8F2846BDE8F8839C2E002008
:10C77000C4B60200F1B6020004B0020006B702001F
:10C780001CB7020033B70200D3B5DDE90667089C89
:10C79000CDE90067FFF790F91CB1034B9B681B695B
:10C7A000236002B0D0BD00BF642E0020427B034650
:10C7B00012F01F0210D10A4988420DD009490868B9
:10C7C00068B1D9897F2909D893F90E20064B1B68D7
:10C7D0009A42B8BF0020704700207047104670474B
:10C7E000701E0020C4090020A42E002008B568B1E6
:10C7F0000F4B98420AD303F11802904206D2182236
:10C80000C01AB0FBF2F302FB13034BB109490A480B
:10C810003F230A4A06F08FFC3F21084806F082FCBD
:10C820000122074BC0105843064B1A5408BD00BFE5
:10C8300090200020BE16030004B0020096160300EC
:10C84000ABAAAAAA8F61002070B50D4B0D4D1E7CBE
:10C85000FFF7ACFF06EB460305EBC305044628468D
:10C8600000F0B0F90022084B9A553CB1621E2846F0
:10C87000BDE870400549D31700F0C8B870BD00BFCF
:10C88000642E0020902000208F610020EDC7010061
:10C8900038B5EFF31185202383F31288BFF36F8F30
:10C8A000234800F059F868B98823224A22492348CE
:10C8B00006F041FC1E49224806F03DFC88211D4837
:10C8C00006F030FC1A4800F06BF81E4B1E4A9C68BC
:10C8D0001068A04213D1FFF7B7FF154800F04AF8DF
:10C8E00000BB4FF49A73134A1849144806F023FC0E
:10C8F0000F49174806F01FFC4FF49A71DFE700213B
:10C900001B7C1160134AD35C002BE6D02046FFF756
:10C910004DFF0028E1D0637BDB0601D1FEF7B2FFBB
:10C920002046D8E785F31188BFF36F8F38BD00BF6D
:10C930009C2E0020C4B60200F1B6020004B0020032
:10C9400006B70200642E0020A02E00201CB70200B3
:10C9500033B702008F610020006838B1044B00F04B
:10C9600003001B7CC01A18BF0120704701207047CC
:10C97000642E0020002302680360EFF30581074B5B
:10C9800019B19968497BC90706D4197C986808438E
:10C99000831A58425841704701207047642E002086
:10C9A000024B1A7C9B68134303607047642E00207F
:10C9B000024B1868984208BF00207047C809002041
:10C9C000034B1B680BB9FAF70DB80020704700BF86
:10C9D000A82E002030B570B10B4B5B6898420AD08E
:10C9E000036843B1D3E90421D0E90445121941EBAE
:10C9F0000501C3E90421D0E9003213605A60002325
:10CA0000C0E9003330BD00BFC8090020B3F1FF3FCB
:10CA100008BFB2F1FF3F2DE9F84F04469B4615468B
:10CA20001F4600F0B280D0F80090B9F1000F0CD092
:10CA300057497023574A584806F07DFB574806F07F
:10CA40007AFB7021534806F06DFB8160EFF311888B
:10CA5000202383F31288BFF36F8F5148FFF77CFFC9
:10CA6000824660B988234F4A4F494B4806F063FB22
:10CA70004B494E4806F05FFB88214A48E3E74848A7
:10CA8000FFF78EFFBBF1000F494A1FDBFFF798FF4E
:10CA9000064601354BF1000B454A2D184BEBE07370
:10CAA000D2E90017C4E904536D1843EB0707FFF7F9
:10CAB0007FFF0346DFF8FCE0DEF80490EBB9C4E941
:10CAC00000E9C9F80040CEF8044028E06FF0010307
:10CAD000D2E900125B1A4FF0FF3161EB02025B1BDF
:10CAE00062EB0B02012B72F10001BCBF01234A462D
:10CAF0004FF0000AC4E90432D9E7D3E9041CD4E9B1
:10CB000004208A4270EB0C0B2EDA891A5A686CEBFF
:10CB10000000C3E90410C4E9003214605C60FFF750
:10CB200047FF84420ED1244B1B685BB9BAF1000F5A
:10CB300002D1FFF745FF064630460BF0B0FD00215D
:10CB4000F9F72AFF1648FFF715FFB0B94FF49A73AB
:10CB5000144A1A49104806F0EEFA1149184806F02E
:10CB6000EAFA4FF49A7188E7521A60EB0C00994583
:10CB7000C4E90420A3D01B68A0E788F31188BFF3A1
:10CB80006F8F28463946BDE8F88F00252F46F8E715
:10CB90008D1803006918030004B00200B10F0300F0
:10CBA000AC2E0020C4B60200F1B6020006B70200A7
:10CBB000A8200020C8090020A82E00201CB70200D1
:10CBC00033B7020070B50446EFF31186202383F3D8
:10CBD0001288BFF36F8F2348FFF7BEFE68B9882322
:10CBE000214A2249224806F0A6FA1E49214806F0A9
:10CBF000A2FA88211C4806F095FA1A48FFF7D0FEE1
:10CC0000236833B3FFF7D4FE05462046FFF7E2FE64
:10CC100000224FF00043A542C4E9042306D1FFF7E8
:10CC2000CFFE0BF03CFD0021F9F7B6FE00240D48C5
:10CC3000FFF7A0FE80B94FF49A730B4A0E490C48D7
:10CC400006F079FA07490D4806F075FA4FF49A7123
:10CC5000D0E76FF01504EAE786F31188BFF36F8F12
:10CC6000204670BDAC2E0020C4B60200F1B6020012
:10CC700004B0020006B702001CB7020033B702007E
:10CC80002DE9F0470446EFF31188202383F312883F
:10CC9000BFF36F8F4348FFF75FFE68B98823424AAE
:10CCA0004249434806F047FA3E49424806F043FAF3
:10CCB00088213D4806F036FADFF8FC903948FFF746
:10CCC0006FFEC9F80040FFF773FE002604460027F8
:10CCD000DFF8E8A0D9F80030DAE900C0D91754B17C
:10CCE000D4E90452AB4271EB020E1FDAED1A62EB8B
:10CCF0000102C4E90452002413EB0C0340EB0101D0
:10CD00002046CAE90031C9F800400BF0C8FC2146B2
:10CD1000F9F742FE2348FFF72DFEB0B188F31188E2
:10CD2000BFF36F8FBDE8F047FFF7B2BD15EB0C0303
:10CD300040EBE570CAE90030C4E904672046FFF71C
:10CD400049FE1848FFF716FE68B94FF49A73164A61
:10CD50001B49174806F0EFF912491A4806F0EBF99B
:10CD60004FF49A71A5E788F31188BFF36F8F2046BF
:10CD7000A3689847EFF31188202383F31288BFF349
:10CD80006F8F0848FFF7E8FD002887D00548FFF7B8
:10CD900007FED9F800305B1BC9F80030FFF708FE2A
:10CDA000044697E7AC2E0020C4B60200F1B602009C
:10CDB00004B0020006B70200A82E0020A820002020
:10CDC0001CB7020033B7020070B5EFF311862023C1
:10CDD00083F31288BFF36F8F1A48FFF7BDFD68B960
:10CDE0008823194A19491A4806F0A5F9154919481E
:10CDF00006F0A1F98821144806F094F91148FFF7CC
:10CE0000CFFDFFF7DDFD144AD2E90045041945EBDB
:10CE1000E0750C48FFF7AEFD68B94FF49A730A4A03
:10CE20000E490B4806F087F906490D4806F083F9CC
:10CE30004FF49A71DFE786F31188BFF36F8F2046B6
:10CE4000294670BDAC2E0020C4B60200F1B6020027
:10CE500004B0020006B70200A82000201CB70200A0
:10CE600033B70200F8B50646EFF31187202383F3AA
:10CE70001288BFF36F8F5948FFF76EFD68B988239A
:10CE8000574A5849584806F056F95449574806F049
:10CE900052F98821524806F045F95048FFF780FDC5
:10CEA00032689AB14D48FFF765FD002840F0908048
:10CEB0004FF49A734A4A4E494B4806F03CF94749A9
:10CEC0004C4806F038F94FF49A71E3E7D6E90A5472
:10CED000691C44F10003022973F1000334D3013DBE
:10CEE00044F1FF34002CBCBF15462C460BF0F2FB7E
:10CEF000013041F10001401944EB0101012871F1B9
:10CF000000015CDB0BF0E6FB6FF00203013041F146
:10CF10000001401944EB010183426FF000438B4153
:10CF200052DB0BF0D7FB013041F100016FF0010241
:10CF3000401944EB01034FF0FF31121A61EB030378
:10CF400030462D49FFF762FD336B01333363336A9B
:10CF5000DBB12248FFF70EFD0028A9D087F3118826
:10CF6000BFF36F8F3046336A9847EFF31187202362
:10CF700083F31288BFF36F8F1848FFF7EDFC00288A
:10CF80003FF47DAF1548FFF70BFD304650F8184FC2
:10CF9000844287D0002C85D02046FEF7F1FC002388
:10CFA0000E48E367FFF7E6FC002881D087F311887D
:10CFB000BFF36F8F2046BDE8F840FEF79BBC6FF0D3
:10CFC00001024FF0FF33BBE700224FF00043B7E709
:10CFD00087F31188BFF36F8FF8BD00BFB02E00201C
:10CFE000C4B60200F1B6020004B0020006B70200A7
:10CFF0001CB7020033B7020065CE01002DE9F843EB
:10D00000064614461D4691469846EFF311872023A5
:10D0100083F31288BFF36F8F2748FFF79DFC68B931
:10D020008823264A2649274806F085F822492648BB
:10D0300006F081F88821214806F074F81E48FFF7B1
:10D04000AFFCB5F1FF3F08BFB4F1FF3F11D11A4863
:10D05000FFF790FC50BB4FF49A73184A1B491948CC
:10D0600006F069F814491A4806F065F84FF49A7109
:10D07000E1E7002D0ADB012C75F100032246BCBF5D
:10D080000122002512F1FF3945F1FF383046FFF744
:10D0900099FDDDE90823C6E90A2300234A463363E4
:10D0A000304643460B49FFF7B1FCD0E787F31188C0
:10D0B000BFF36F8FBDE8F883B02E0020C4B6020026
:10D0C000F1B6020004B0020006B702001CB702006D
:10D0D00033B7020065CE0100F8B505460E46EFF302
:10D0E0001187202383F31288BFF36F8F1F48FFF748
:10D0F00033FC68B988231E4A1E491F4806F01BF8F6
:10D100001A491E4806F017F88821194806F00AF84F
:10D110001648FFF745FC2C68A5421CD0D4E9003224
:10D1200013605A60002331462046C4E900330BF0F7
:10D1300041FB0E48FFF71EFC78B94FF49A730C4A76
:10D140000F490D4805F0F7FF08490E4805F0F3FFB9
:10D150004FF49A71D9E70024EBE787F31188BFF306
:10D160006F8F201E18BF0120F8BD00BFB42E002015
:10D17000C4B60200F1B6020004B0020006B7020015
:10D180001CB7020033B7020070B504460D46EFF33A
:10D190001186202383F31288BFF36F8F2148FFF796
:10D1A000DBFB68B98823204A2049214805F0C3FFEA
:10D1B0001C49204805F0BFFF88211B4805F0B2FF3D
:10D1C0001848FFF7EDFB01212068E5608442A1606B
:10D1D00011D11448FFF7CEFBE8B94FF49A73124A05
:10D1E0001549134805F0A7FF0E49144805F0A3FFA1
:10D1F0004FF49A71E1E7D0E9003213605A600023DE
:10D20000C0E900330BF0D6FA314604460548FEF774
:10D2100013FE204670BD86F31188BFF36F8F002484
:10D22000F7E700BFB42E0020C4B60200F1B602003A
:10D2300004B0020006B702001CB7020033B70200B8
:10D240002DE9F84F4F1E0F4206460D469A460BD069
:10D250002F4917232F4A304805F06DFF2F4805F05E
:10D260006AFF17212B481CE0141D4DD241F0040B1E
:10D2700000F11408EFF31189202383F31288BFF320
:10D280006F8F4046FFF768FB68B98823244A254919
:10D29000214805F050FF4146234805F04CFF882106
:10D2A0001F4805F03FFF4046FFF77AFB22465946EC
:10D2B0003046D04704464046FFF75CFB68B94FF460
:10D2C0009A73174A1949144805F035FF4146184822
:10D2D00005F031FF4FF49A71E2E789F31188BFF34B
:10D2E0006F8F8CB144F8046B7DB13C420DD0342378
:10D2F000084A1049084805F01EFF21462A460E48F4
:10D3000005F019FF3421ADE700242046BDE8F88F71
:10D31000D5B30200F019030004B00200F0B302001C
:10D32000C4B60200F1B6020006B702001CB7020044
:10D3300033B70200141A0300461A03002DE9F04126
:10D3400005460E4617460BF04EF928B9074B9B6869
:10D350001C6F14B9BDE8F081054C3B4632462946A6
:10D360002046BDE8F041FFF76BBF00BF642E0020F0
:10D370000C0B002002460021014B0248FFF760BF62
:10D38000553002000C0B0020014B0367704700BFB3
:10D390000C0B00200146024A0020FFF7CFBF00BF60
:10D3A0005530020001680E4A0346914215D1C16909
:10D3B000A2F11022A2F1EF1291420ED18268012A4D
:10D3C0000BD8C26812B101698A4206D0586928B1E7
:10D3D0009B691B1A5842584170470120704700BF93
:10D3E00055AA00FF70B50D4B9E68A6B13046FFF7F9
:10D3F000D9FF044678B9F3686BB935690DB9204691
:10D4000070BD2846FFF7CEFF28B9EB68B34202D1C2
:10D410002E462D69F2E70124F1E700BFB82E002067
:10D420002DE9F041444B454C05461B682046884693
:10D43000984718B100242046BDE8F081A4F11407F4
:10D4400054F8144CFB68DCB1BC68CCB1002D66D03C
:10D45000B8F1000F65D008FB05F6B6FBF5F5A84559
:10D4600061D1311D5FD8B20711D026F0030204321A
:10D470001C4603E06168914257D2A469002CF9D19F
:10D480002F4B2E481B6898470028D4D0D2E732464D
:10D49000EEE7891A232904F120051CD80123A36093
:10D4A000D4E90523AAB19361A3690BB162695A61FA
:10D4B0000023C4E905333B69DB0703D5FFF792FF7F
:10D4C000002835D13246002128462C460CF075F84C
:10D4D000D6E7FB60E8E702F1200C04EB0C032039EF
:10D4E000C3E90110DC6021691648196144F80C0099
:10D4F000A0F11020A0F1EF10D86101B1CB606169FB
:10D500005961A069986141B18B61996901B14B6121
:10D5100001212361C4E90121CAE7FB60F5E72C463C
:10D52000AEE74446ACE70446AAE7A0680028B0D0BE
:10D53000012004F051FB00BFE0090020CC2E0020A8
:10D54000DC09002055AA00FF70B5464B464C054645
:10D550001B6820469847002840F08280002D43D069
:10D5600054F8143CA4F11406002B3DD0B268002AF4
:10D570003AD09D4203D3726813449D4202D30120E6
:10D5800004F02AFBA5F120042046FFF70BFF00283A
:10D59000F5D155F8183C012BF1D155F8143C45F85C
:10D5A000180C3BB39A682ABB55F81C2C02F12001D9
:10D5B0005A680A445A6055E905321A6155F8145CF4
:10D5C0002B6903B1DD602022002120460BF0F5FF1E
:10D5D000286910B18368002B2ED033699B0703D5CF
:10D5E000FFF700FF0028CAD1BDE870401F4B1E485E
:10D5F0001B68184755F8100C00282AD0836843BBD5
:10D600004268636813442033636003692361D4E98B
:10D6100005239AB9CBB9436963618269A261B3B149
:10D620009C61A36903B15C61236903B1DC602022C2
:10D6300000210BF0C2FFD0E72C46E1E79361A3691C
:10D64000002BE8D062695A61E5E7F360F7E7F46020
:10D65000E7E7F36845F8083C03B15C61F460BCE7B8
:10D6600070BD00BFE0090020CC2E0020DC090020A6
:10D6700038B50C461C220021054615480BF09DFFCD
:10D68000144B15481B6898471449154800F038F8A2
:10D69000232C1CD915F003031FBF043CE418C3F16D
:10D6A0000403ED182246002128460BF086FF084BA4
:10D6B0000C49C3E90054203C9D606C609A6811607D
:10D6C0009A68A1F11021A1F1EF11D161DA6038BDA2
:10D6D000B82E0020E4090020CC2E002049D50100FE
:10D6E00021D4010055AA00FF014B1B68184700BF59
:10D6F000D4090020014B1B68184700BFD009002047
:10D70000024B1860024B002019607047D4090020BA
:10D71000D009002010B50A46044619B1024B002179
:10D720001B68984710BD00BFD8090020F8B50D4E02
:10D730000D4C0E4D33680E48984767782B680C489F
:10D74000984733680B489847022F08D12478E31F85
:10D750005C425C412B68074898472046F8BD00248E
:10D76000F8E700BFE0090020D42E0020DC090020EB
:10D77000DC060020E40600200E4B0340B3F1607F7E
:10D7800006D1B1F5885F14BF6FF0860000207047A6
:10D79000B3F1707F0BD101F4E043B3F5005F06D124
:10D7A00011F4E06F0CBF6FF08600002070476FF03F
:10D7B000860070470000C07F8A42F8B506460D46D5
:10D7C00000F0188101F0FE41B1F1C06F6BD18D4CBA
:10D7D00022F4875121F01F01A14222F0FF0015D051
:10D7E000894988422CD022F4FF7121F00101B1F166
:10D7F000062F2CD004F5C064A04207D004F5745461
:10D80000A14203D0A4F58444A1421DD1D1B221BBD1
:10D810008BB122F4FF7323F00103B3F1062F06D07E
:10D820007A4922F4FF6323F007038B4203D122F4E9
:10D83000807225F48075954214BF00200120F8BD48
:10D84000D1B251B9824208D0002BE9D1F3E7D1B26D
:10D8500019B9B2F1062F40F0D1806B4E25F4FF715B
:10D8600021F00101B14225F0FF0411D006F58856E0
:10D87000B4420DD0664F25F47F7626F00306BE42F3
:10D8800006D0644EB44203D006F57456B142BFD1FF
:10D8900015F0FF01BCD0604E41F00071B14204BFF1
:10D8A00002462546B4E7B1F1A06F17D102F0FE435E
:10D8B000B3F1A06F40F08C8082EA050333F47E134D
:10D8C00040F086802E0440F18380C5F30540C2F30A
:10D8D000054290428CBF00200120B0E74F4B9D4293
:10D8E00009D1A3F500439A4200F084804C4B22F406
:10D8F0007E109842A0E7B1F1407F69D102F0FE436B
:10D90000B3F1407F64D182EA050030F47E145FD128
:10D9100031462846FFF730FF00286DD1414B12F405
:10D920007C1103EA020318D0B3F1607FC2F3054112
:10D930003DD13D48D3B243F0007383423DD003F163
:10D940007E43043B112B01D83848C45C15F47C1F7E
:10D95000C5F3054333D18C426EE7B3F1607F0DD13F
:10D960003148D3B243F0007383421ED003F17E43AB
:10D97000043B112BDDD82E49C95CDAE7B3F1707F87
:10D9800019D106F4E043B3F5005F03D10121C6F3DA
:10D990000223994006F4E043B3F5005FD6D101209D
:10D9A000C6F3022600FA06F4D0E71021C1E7B3F16E
:10D9B000707FCBD1EEE70024C8E71024C6E712F44D
:10D9C0007C1F01D1A34215D02C0401D58B4281E7E5
:10D9D00025F0004323F47F03B3F1106F0CD102F064
:10D9E000FE43B3F1106F07D11248104040F01060B1
:10D9F000A84221E7012022E7002020E7002B7FF446
:10DA000016AF18E7000300060002000600400006FB
:10DA10000004000600090006FF0000020093C00495
:10DA2000000140050000C07F030000026E1A0300E1
:10DA30006E1A03000000FFF62DE9F0478846924673
:10DA40001C4600F0C7FC064600283CD1D8F8007000
:10DA5000B7F8009009F4E043B3F5804FBB6808BF06
:10DA60002AF0010A3AEA030325D164B3BAF5006F3C
:10DA70002CD0AAF50052D2F1000A4AEB020A2A4B36
:10DA800024F0FF029A4224D114F0FF0504D0274B62
:10DA900045F000759D423BD0534622464846F96802
:10DAA000FFF78AFE054670B9534622464846396953
:10DAB000FFF782FEA8BB6FF0840600233846C8F843
:10DAC000003000F0BBFC3046BDE8F0874FF0010AA3
:10DAD000D5E7174B9A42D7D0A3F588539A42D3D0B3
:10DAE00024F4FF7323F00103B3F1062FCCD01149C6
:10DAF0008A42C9D0104A9342C6D0A2F584429342CA
:10DB0000C2D004F0FE43B3F1407F04D12304C3D557
:10DB10006FF08606D1E7B3F1A06FF7D0034B9C42BC
:10DB2000B9E72E46CFE700BF00030006FF00000262
:10DB300000130006000900060046000670B5114BF0
:10DB400005461B6810480E469847044618B16FF00A
:10DB50008F04204670BD6B6933602B7F012B04BF9F
:10DB600002232B77094B18BF30601B68064818BF8B
:10DB70006FF0960498470028EBD0002CE7D06FF0A8
:10DB80009604E6E7E0090020EC060020DC0900200E
:10DB900038B500F0FE43B3F1407F04460D4602D095
:10DBA0006FF0860038BDFFF7E7FD0028FAD114F4C6
:10DBB0007C1F12D0C4F30543032B137022D9284ACB
:10DBC0002240B2F1607F3DD1264AE4B244F00074B5
:10DBD00094422BD1102BE5D9E2E7214B2340B3F13E
:10DBE000607F15D11F49E3B243F000738B4202D12D
:10DBF00010231370D6E703F17E43043B112B04D9A5
:10DC0000002313706FF08500CCE71749CB5CD3E796
:10DC1000B3F1707FF4D101F4E043B3F5005FEFD1CD
:10DC20000123C1F302218B40DBB2C5E704F17E443E
:10DC3000043C112CB4D80D4A125D9342B0D8142B79
:10DC4000B0D9DFE7B2F1707FAAD105F4E042B2F5B6
:10DC5000005FA5D10122C5F30225AA40EDE700BF70
:10DC60000000C07F030000026E1A03006E1A03005A
:10DC700000232DE9F34113604768D0F8148004466F
:10DC80000E46384611460BF070F9054688B93846FD
:10DC90000BF06DF9054660B9FFB277B9B8F1000F26
:10DCA00005D1A36823F0031323F47F4363B16FF01E
:10DCB0008605284602B0BDE8F081012160690BF0BD
:10DCC0002EF90028EDD1F2E74FF6F87362889A42F8
:10DCD00027D8154B15481B682779984710B16FF066
:10DCE0008F05E6E707B901A8314600F02BFB104B82
:10DCF00005461B680D48984710B1002DD9D1EEE7B5
:10DD0000002DD6D10FCCD6F800C066460FC694E8D9
:10DD1000070086E80700002FCBD1019BCCF8143018
:10DD2000C7E76FF08505C4E7E0090020EC06002096
:10DD3000DC09002010B5044660B1074B07481B689A
:10DD4000984720460AF0BEFEBDE81040044B034849
:10DD50001B68184710BD00BFE0090020EC0600203A
:10DD6000DC09002037B50446C0B101A900F032FB40
:10DD7000044698B9194B1A481B689847194DF0B9D1
:10DD80000198037F032B11D10BF0DAF82B680446BE
:10DD90001348984728B10CB96FF08F04204603B0A0
:10DDA00030BD002C08BF6FF08704F7E7022B12D1BB
:10DDB000032303770379FF2B08BF6FF084040198D6
:10DDC0000BF0BEF82B68002818BF0446044898479B
:10DDD0000028E3D0DFE76FF09604F0E7E0090020C9
:10DDE000EC060020DC0900202DE9F04116461F4614
:10DDF000002288B0038805468846CDE904220796AC
:10DE00003A60002E62D0B6F1005F80F09E8023F071
:10DE1000FF03B3F5E24F02D0B3F5824F22D128467B
:10DE20000AF031FD0446002840F08380EB686BB1B6
:10DE30006A885AB12B8803F44F41B1F5824F05D15E
:10DE4000DBB2222B37D02DD8122B39D042460023FB
:10DE500008EB060112F8010B914243EA0003F9D1E5
:10DE6000002B33D0284605AA04A9FFF701FF04467A
:10DE7000A0B9049B9B6A63B3049B41465A88284619
:10DE8000069206AA029203F1280201929A6A00926F
:10DE90005B6A32460BF09DF8044678B30498FFF7AE
:10DEA00049FF46E0273BDBB21B2BCFD8284921FA9C
:10DEB00003F3DB07CAD50732B6EBD20FC6D205E0B3
:10DEC00040F209239A42F6D1402EBFD86FF0860463
:10DED0002FE06B681B0A07D1079904980AF0B2FD7E
:10DEE00004460028C8D0D9E732464146284607AB49
:10DEF0000BF047F804460028EED0CFE70499069BC4
:10DF00004A88D2B94B804FF6F873069A04989A4221
:10DF100018D82B8813B102889A4210D16B8813B19C
:10DF200042889A420BD13946FFF708FE0446002882
:10DF3000B4D1204608B0BDE8F0819A42E3D06FF03A
:10DF40008604ABE76FF08504A8E76FF08504F0E77F
:10DF50000102000C38B504460D46FFF7E7FB30B16F
:10DF60002A462146BDE8384002480BF0EFB86FF072
:10DF7000880038BDD82E00202DE9F04F9B460023A5
:10DF8000924601F0FE428FB0B2F1806F0E46DDE99D
:10DF90001878DDF86890099306D0184600F04EFA1C
:10DFA0006FF08605002479E00B464FF4807209A9D2
:10DFB000FFF742FD0546099815B100F03FFAF1E779
:10DFC000038803F4E042B2F5005F1DD113F4E06F63
:10DFD000C3F3022118D0364C26F48072A2420AD034
:10DFE00004F50074A64206D0324CA64203D0A4F534
:10DFF0003F44A24208D101248C40102C0CD900F0DF
:10E000001DFA6FF08305CDE742F2040293420AD174
:10E01000294B9E420ED10C24A04510D200F00EFADE
:10E020006FF08905BEE742F20702934202D1224B0C
:10E030009E42E4D0214B9E4209D10D24ECE72146BB
:10E040000AA8FFF787FF054610B10998B5E7002435
:10E050000998D0E909123FB33D19A8EB04030DF16B
:10E060002808CDE90453CDE902AB3346CDF818902A
:10E070000194CDF800800BF002F80646099800F0F4
:10E08000DDF9054696B900288CD124B122464146D7
:10E0900038460BF06BFAD9F800301C442846C9F812
:10E0A00000400FB0BDE8F08F3D46D6E7354679E732
:10E0B0000010C00400FF4004000180040013C004ED
:10E0C00070B51D4E1D4C33681D489847237859077D
:10E0D00044BF23F00403237023789A0705D500F08A
:10E0E00017F9237823F002032370164D14482B6888
:10E0F0009847336814489847637813B113480BF076
:10E1000036F80023042111486370FFF703FB2B68E6
:10E110000D48984733680A4898472378DB0705D5A8
:10E120000AF02EFF237823F0010323702B680448A4
:10E13000BDE87040184700BFE0090020D42E002041
:10E14000E4060020DC090020DC060020D82E002098
:10E150002DE9F041FFF7EAFA18B100242046BDE8A6
:10E16000F081364F36483B689847044620B16FF03F
:10E170008F04FFF7A5FFF1E7324D2B78D80706D4BF
:10E180000AF0FCFE04462B7843F001032B702E4E60
:10E190002B483368984710B1002CE8D0E9E7002CF1
:10E1A000E7D13B682648984704460028DFD12B7802
:10E1B000990706D400F0A4F804462B7843F0020334
:10E1C0002B7033681E4898470028E5D1002CD0D129
:10E1D0003B681B4898470028C9D13368184895F810
:10E1E000008098470028C2D13B68184898470446E9
:10E1F0000028BCD16B7843B918F0010F05D0144842
:10E200000AF0A2FF022304466B7033680F48984758
:10E210000028C1D1002CACD13B68094898470028A0
:10E22000A5D12B7806485A075CBF43F004032B7036
:10E2300033689847002890D099E700BFE009002094
:10E24000E4060020D42E0020DC090020DC0600209B
:10E25000D82E002038B5074C074B20461B6898473E
:10E26000064B204693F88055054B1B689847284677
:10E2700038BD00BFE4060020E0090020DC2E0020AD
:10E28000DC09002000F140421F2A38B504460D4643
:10E290000CD82C21194B01FB02331A7F022A02D120
:10E2A0005A69824218D06FF08B001FE001210AF0FA
:10E2B00036FEE0B1114A00201346117F022902D137
:10E2C0005169A14205D00130202802F12C02F4D17D
:10E2D000E9E72C2202FB00331A7F022A0AD11A6ACC
:10E2E000511C07D0002001321A622B6038BD6FF03C
:10E2F0008700FBE76FF09600F8E700BFDC2E0020F8
:10E300000122024B002083F880257047DC2E00207C
:10E310002DE9F0410A4C002526464FF0010803275D
:10E320002046C4F82080277701350AF0CBFB202D4A
:10E3300004F12C04F4D1002386F88035BDE8F08187
:10E34000DC2E0020F8B506460F46FFF783FF0028B5
:10E3500035D000241D4B22461D46197FF9B13CB92A
:10E36000022905D1196A19B91979002918BF1C4663
:10E370000132202A03F12C03EFD114B96FF08C0085
:10E380000BE0237F022B04D1236A5A1C1CBF0133EC
:10E39000236220460AF096FB10B100240DE01C46D3
:10E3A000237F7BB90123237736B1094B651BAD1061
:10E3B0005D4305F18045356000203C60F8BD6FF09D
:10E3C0008800EAE76FF09600E7E700BFDC2E002048
:10E3D000A38B2EBA002370B50B6004460D46FFF7E1
:10E3E00039FF08B3124B13481B689847064618B10B
:10E3F0006FF08F04204670BD20462946FFF742FF8C
:10E4000010F18C0F04460C4B07D01B680948984745
:10E410000028EFD0002CEDD1EAE72E601B680548FC
:10E4200098476FF08704E5E76FF08804E2E700BFE4
:10E43000E0090020EC060020DC09002010B50B4BA1
:10E4400004461B680A48984718B16FF08F042046AD
:10E4500010BD20460AF074FD064B04461B680448B4
:10E4600098470028F3D0002CF1D1EEE7E009002016
:10E47000EC060020DC09002070B40A4EDCB24568CE
:10E4800044F00074B4424FEA152503D035B970BC8E
:10E4900000F0A4B86FF0850070BC70476FF0860084
:10E4A000FAE700BF05000002F7B5089E0D4FF5B270
:10E4B000044645F000754868BD424FEA10200AD076
:10E4C00060B9009604F1080000F054F808B91C2364
:10E4D000236003B0F0BD6FF08500FAE76FF08600AF
:10E4E000F7E700BF05000002F7B5089E0D4FF5B233
:10E4F000044645F000754868BD424FEA10200AD036
:10E5000060B9009604F108000AF02FFF08B91C2337
:10E51000236003B0F0BD6FF08500FAE76FF086006E
:10E52000F7E700BF050000027FB50024C0F84841AE
:10E530000F4C054600940AF0ADFD044698B9102230
:10E5400003AB05F59C76019328463346009205F50A
:10E5500094710AF0B2FD044628B930460AF033FE41
:10E56000204604B070BD28460AF0B3FDF8E700BFAE
:10E57000004440042DE9F0411E46069B1746154A0B
:10E5800023F47E13934204460D461BD10B88B3F54A
:10E59000105F17D1A6F11002102A17D80E4BD340E6
:10E5A000DB0713D54FF4A67200210BF006F8022307
:10E5B00084F84C313A46334629462046BDE8F041BE
:10E5C000FFF7B2BF6FF08500BDE8F0816FF0860005
:10E5D000FAE700BF0002C003010101002DE9F0438A
:10E5E00023F47E16124BDDF82C909E42DDE9077C69
:10E5F000DDE909E815D10388B3F5105F11D1A2F167
:10E600001004102C11D80B4D25FA04F4E3070CD597
:10E610003B46CDE90989CDE907CEBDE8F0430AF0D4
:10E620007BBE6FF08500BDE8F0836FF08600FAE7EF
:10E630000002C0030101010073B50C4611461A46E1
:10E6400023880546B3F5105F069E19D1A2F1100488
:10E65000102C12D80C4BE340DB070ED50B4B9E421F
:10E660000ED100242346009400F0A4F8204685F83B
:10E670001C41C5F8186102B070BD6FF08600FAE762
:10E680006FF08500F7E700BF01010100004440047E
:10E690002DE9F04116461F46D0F818210E4B0546CD
:10E6A0009A42884611D1314600F0A4F8069B0446F0
:10E6B00098420DD8334628464246394600F0A8F81D
:10E6C0000020079B1C60BDE8F0816FF08500FAE731
:10E6D0006FF08900F7E700BF0044400470B5008880
:10E6E000C8B0B0F5105F4D9E4F9D22D1A2F1100031
:10E6F000102821D8134C24FA00F0C0071CD512486A
:10E70000834216D105F00F00064315D1519B9D425F
:10E7100015D8529B03A81D603346009600F04AF8B6
:10E7200003A82B464E9A509900F072F8304648B034
:10E7300070BD6FF08500FAE76FF08600F7E76FF0C5
:10E740008900F4E7010101000044400470B5184E4F
:10E75000049CB342458802D06FF0850070BDEE1D69
:10E76000B2EBD60F4FEAD60302D06FF08600F5E782
:10E77000079A934218D8089A136047F21212008839
:10E780009042E9D1059A5B0001339342EDD12378A1
:10E79000042BEAD1B5F5807FDED10698621C00F02B
:10E7A00067F90028DAD0E0E76FF08900D6E700BF0C
:10E7B00000000209F8B5069F04461D4661B11646E1
:10E7C000AFB9E1F7C9FE002384F8116184F8127132
:10E7D00084F8103184F8133145B11022294604F130
:10E7E000F0000AF0C3FE012384F81331F8BDE2F70C
:10E7F00047F8E8E751B190F8103190F812210B4436
:10E8000002F001029B1A23F00F0070470846704780
:10E810002DE9F04F1E4690F8123187B090F8109114
:10E820000093002E52D0924603F00108C9F1100265
:10E8300008EB0203B342044600F5807700F2C38080
:10E840000D46002A40F0B280009B002B69D194F85D
:10E85000133104F1F009C846002B40F0C080224675
:10E860003946484694F81131E1F722FD0F2E40F267
:10E87000CD80D046A6F1100323F00F03103301938F
:10E8800005EB030B94F813311BB3102341464A46A2
:10E8900038469844E2F726FA1022494628460AF0FC
:10E8A00065FE103522463946484694F81131E1F7A5
:10E8B000FFFC5D45E6D116F00F0623D184F8106108
:10E8C000C8461022414658460AF050FE07B0BDE83F
:10E8D000F08F4146102238460AF048FE1022494681
:10E8E00028460AF043FE103522463946484694F839
:10E8F0001131E1F7DDFCAB4508F11008C2D116F08B
:10E900000F06DBD0019B9A445146384632460AF046
:10E910002DFE009B84F81061002B7DD00DF10808BE
:10E92000CFE794F811312246394602A8E1F756FEA6
:10E9300094F81331002B5BD1B8F1000F0CBF4FF0EE
:10E9400010094FF011094E4529D304F1F00801E0F8
:10E950004E4524D310225146384692440AF006FE12
:10E960001022284602A90AF001FE94F8113122462D
:10E97000394602A8E1F732FE94F81331103E103503
:10E98000002BE5D002A9084642461023E2F7AAF977
:10E990001022394640460AF0E9FD4E45DAD22EBB38
:10E9A000AB460DF1080884F810618AE7514607EB81
:10E9B000090092440AF0DAFD009B103E4E44002B01
:10E9C0003FF445AFADE707EB0900514632460AF088
:10E9D000CDFDB14484F8109107B0BDE8F08F10234D
:10E9E0004A4639463846E2F77DF938E7AB468BE7C9
:10E9F00002A904F1F0094A4608461023E2F772F929
:10EA00004846102239460AF0B1FD95E7002EEDD1B7
:10EA1000AB4684F8106154E704F1F00950E700BFF9
:10EA200000B589B00146684600F03EF809B05DF8CF
:10EA300004FB00BF00B591B00146684600F06CF9D8
:10EA400011B05DF804FB00BF30B599B005466846CB
:10EA500000F02AF86946044608A800F055FA034673
:10EA600008A928461C4300F08BF9204619B030BD98
:10EA700070B598B005466846164600F015F8314660
:10EA8000044608A800F048F9034608A96A46084663
:10EA90001C4300F083F9034608A928461C4300F0F4
:10EAA0006DF9204618B070BD38B50B68124D1BBA11
:10EAB000C3614B682A461BBA83618B6804461BBA44
:10EAC0004361CB681BBA03610B691BBAC3604B6916
:10EAD0001BBA83608B691BBA4360CB6901461BBAC2
:10EAE0000360E1F7EFFE034620461C4629461A461E
:10EAF000E1F708FF601E38BDE8A702002DE9F041EC
:10EB000006460C46904688B0684602F1200106F1A0
:10EB10002007E2F7D1F96A4669466846E2F7EEF85F
:10EB200069463846E2F7C8F93A463946384604F1AC
:10EB30002005E2F7E3F86A4669466846E2F7DEF840
:10EB400041462846E2F7B8F96A4641463046E2F7C0
:10EB50009BF92A4629466846E2F7D0F82A466946D4
:10EB60006846E2F7CBF869466846114AE2F7C6F80C
:10EB700069462046E2F7A0F9324621462046E2F7F0
:10EB8000FBF8324621462046E2F7F6F822463146A7
:10EB90002846E2F7F1F86A4629462846E2F774F972
:10EBA0003A4629462846E2F7E7F808B0BDE8F08182
:10EBB000C8A80200F0B504460D4699B02A4668463A
:10EBC0002146E2F7D9F869466846E2F775F96A46E0
:10EBD000214608A805F1200604F12007E2F754F9C0
:10EBE0006A4629466846E2F74FF93246394610A888
:10EBF000E2F784F8324639463046E2F7BDF831464E
:10EC00002846E2F759F96A46204608A9E2F776F85D
:10EC1000224629462846E2F7AFF86A46684608A920
:10EC2000E2F7AAF86A4639463846E2F72DF92A464D
:10EC3000684608A9E2F7A0F86A4631463046E2F78E
:10EC400023F93A4631463046E2F796F8684610A96D
:10EC5000E2F732F9224669462046E2F78DF808A924
:10EC600022460846E2F788F810A9084608AAE2F703
:10EC70000BF93A46384610A9E2F77EF819B0F0BD14
:10EC80002DE9F04105460C46904688B00A46684694
:10EC90002946E2F771F869466846E2F70DF96A46D7
:10ECA0002946284604F12006E2F7EEF805F1200790
:10ECB0006A4621466846E2F7E7F83246394630466A
:10ECC000E2F75AF831462046E2F7F6F82A4621469E
:10ECD0002046E2F751F86A4621462046E2F74CF812
:10ECE0006A4629464046E2F747F8424639463846E2
:10ECF000E2F7CAF8224629466846E2F73DF86A4636
:10ED000031463046E2F7C0F83A4631463046E2F73F
:10ED100033F808B0BDE8F08170B504460D4690B0F8
:10ED200004F1200600F014F9304605F1200100F04E
:10ED30000FF9214608A8E2F7BFF808A908460D4ACE
:10ED4000E1F7DCFF08A922460846E2F79DF808A98A
:10ED50000846094AE1F7D2FF31466846E2F7ACF8C7
:10ED6000202269460DEB0200E1F79AFF013810B04E
:10ED700070BD00BFC8A80200A8A8020000F002B938
:10ED800038B505460C4600F0FDF805F1200004F109
:10ED90002001BDE8384000F0F5B800BF13462DE96A
:10EDA000F047B8B08946544A1946804610A8E1F7A2
:10EDB00089FD5249024610A8E1F7A4FD0746179EB7
:10EDC0004D4907EAD676C6F1010210A8E1F79AFD8F
:10EDD000179C4A46E44328A918A8FFF78FFEE40FC2
:10EDE00020A90846C4F101024FF0FE0AC7F101074D
:10EDF00000F090F825466A4618A928A8FFF740FFBA
:10EE00004FEA6A1338AA02EB830353F8A04C0AF0C6
:10EE10001F03DC4004F0010465402A4628A918A815
:10EE2000E1F7CCFD2A4630A920A8E1F7C7FD0AF199
:10EE3000FF3A28A918A8FFF7BDFEBAF1FF3FD9D1C4
:10EE4000C4F1010220A908A800F064F866406A46EF
:10EE500018A928A8FFF714FF324628A918A8E1F737
:10EE6000ADFD324630A920A8E1F7A8FD08A96A4601
:10EE70000846E2F709F808A9084600F09DF808A935
:10EE800008F12004084609F12002E1F7FDFF2046C1
:10EE900020A908AAE1F7F8FF08AA684618A9E1F72F
:10EEA000F3FF69466846E2F707F818AA694608A81A
:10EEB000E1F7EAFF21466846E1F7FEFF08AA694646
:10EEC0001046E1F759FF68460D4A08A9E1F754FFDB
:10EED00020462021E1F7F8FE024608A96846544280
:10EEE0003C43E1F76BFD40466946064AE1F7CCFF3B
:10EEF000204638B0BDE8F08728A8020048A80200E4
:10EF0000A8A8020008A802000A460149FFF746BF68
:10EF100068A8020070B588B004460D461646002168
:10EF2000202268460AF049FB002329462022204679
:10EF300000930AF01BFB2A4669466846E1F71CFF6E
:10EF4000324669462046E1F739FD08B070BD00BF82
:10EF50000B681BBAC3614B681BBA83618B681BBA11
:10EF60004361CB681BBA03610B691BBAC3604B6971
:10EF70001BBA83608B691BBA4360CB691BBA036001
:10EF8000704700BFCB691BBA03608B691BBA436033
:10EF90004B691BBA83600B691BBAC360CB681BBA91
:10EFA00003618B681BBA43614B681BBA83610B68B2
:10EFB0001BBAC361704700BF70B50D46052498B0F9
:10EFC000064610A8E1F778FF2A46684610A9E1F73F
:10EFD0005BFF694610A8E1F76FFF10A90846E1F74B
:10EFE0006BFF6A4610A908A8E1F74EFF08A910A810
:10EFF000E1F762FF10A90846E1F75EFF10A9084695
:10F00000E1F75AFF10A90846E1F756FF10A908AA30
:10F010000846E1F739FF10A90846E1F74DFF10A9AE
:10F020000846E1F749FF10A96A4608A8E1F72CFF56
:10F0300008A910A8E1F740FF10A90846E1F73CFF36
:10F04000013C10A9F5D1084608AAE1F71DFF0524E7
:10F0500010A90846E1F730FF10A90846E1F72CFF98
:10F06000013CF5D110A908AA0846E1F70DFF10A947
:10F0700008A8E1F721FF08A90846E1F71DFF08A944
:10F080006A466846E1F700FF1024694610A8E1F7D8
:10F0900013FF10A90846E1F70FFF013C10A9F5D1B5
:10F0A0002A460846E1F7F0FE402410A90846E1F799
:10F0B00003FF10A90846E1F7FFFE013CF5D110A9B6
:10F0C0006A460846E1F7E0FE102410A90846E1F779
:10F0D000F3FE10A90846E1F7EFFE013CF5D110A9B7
:10F0E0006A460846E1F7D0FE102410A90846E1F769
:10F0F000E3FE10A90846E1F7DFFE013CF5D110A9B7
:10F10000084608AAE1F7C0FE2A46304610A9E1F7F2
:10F11000BBFE18B070BD00BF014B1B68184700BF95
:10F12000040A0020014B9B68184700BF040A002016
:10F13000014BDB68184700BF040A002010B50C4CD7
:10F14000236813B10B4B1B682BB900F05FFE30B97D
:10F150000122084B1A6001232360002010BD0138F2
:10F16000072801D9044810BD044B53F8200010BDF6
:10F170006434002060340020FE8FFFFFE8A8020006
:10F18000BFF34F8F0549064BCA6802F4E062134390
:10F19000CB60BFF34F8F00BFFDE700BF00ED00E085
:10F1A0000400FA0530B44FF0FE3200250B4B0C4C36
:10F1B0000C494968C3F80024C3F80424C3F80824A0
:10F1C000C3F80C24C3F81024C3F81424C3F818247B
:10F1D000C3F81C24C4F8005530BC084700508450C4
:10F1E00000408450E8090020024BD0E90012C3E936
:10F1F00000127047E8090020144B2DE9F043002865
:10F2000014BF04461C46124F236883B0BB4219D07A
:10F2100016460D4620464FF4E07104F1040900F053
:10F22000EDF804F58E78484600F0D0FC404600F03A
:10F23000F3FA2B464A4640460649009600F002FB88
:10F2400008B92760002003B0BDE8F08368340020CF
:10F25000A5BCC95A51FC010070B50D4C1D460028D3
:10F2600014BF064626460B4B306882B098420DD13B
:10F2700006F58E70002633460096144600F032FBE9
:10F28000002818BF34462C6002B070BD0248FBE76E
:10F2900068340020A5BCC95AE88FFFFF10B50446AA
:10F2A00050B1636813F0685F05D0064A934202D0FC
:10F2B00000236260236010BD034B04485B689847DD
:10F2C000EFE700BF2C5F5CA9E809002008A9020055
:10F2D000C8B143680D4A934213D013F0685F0ED053
:10F2E000012350E8002F194640E8001C9CF0000F55
:10F2F000F7D1012AF5D0BFF35F8F00207047044893
:10F300007047044870476FF4E04070472C5F5CA979
:10F31000E98FFFFFEA8FFFFF034680B1426809498A
:10F320008A420AD012F0685F05D0BFF35F8F0022D7
:10F3300010461A60704704487047044870476FF4DD
:10F34000E04070472C5F5CA9E98FFFFFEA8FFFFF69
:10F3500010B5044620B10023034A2360626010BD4B
:10F360000248FFF71FFFF6E73A00003A30A9020013
:10F3700070B5194CD0F804C00668C4F804C0D0F8C1
:10F3800008C0C068C4F808C0E06026600868134B75
:10F39000134D18604868D5F818215860886812F035
:10F3A000685F9860C8680969D860196112D0002345
:10F3B0000C4A05F58A70C5F81431C5F8B831C5F89E
:10F3C0001821C5F8BC21B047236805F5DC70BDE8FD
:10F3D0007040184770BD00BF040A0020F0090020EB
:10F3E000683400202C5F5CA938B131B1002201449F
:10F3F0000346013081421A70FAD1704738B131B1F9
:10F40000002201440346013088421A70FAD1704745
:10F410002DE9F04FB2F5C07FBDB000F2DA800C46A6
:10F42000DFF8B491154600214FF4D07282460DF1F9
:10F430007C0848460AF0C1F8404601F047F93023FD
:10F440002146002409F118062A4689F8173030466B
:10F450006BBAA9F81230A9F810400AF087F8802298
:10F46000234672550DF12B0101F8013F0133202B8A
:10F47000FAD14FF4807240460BA901F03DF9834662
:10F48000002840F0A38005F1190313AD2F4607AE05
:10F490000293CDF80CA0019604951022002101984A
:10F4A0000AF08BF8DFF834A1DDF808B005970A9B65
:10F4B0005AF8044C089F099A07995AF8100C5AF800
:10F4C0000C6C5AF8085C5C40019B7E40554081EA18
:10F4D00000071A4601214046CDE90776CDE90954D7
:10F4E00001F02CF9BBF1100F94BFABEB0B0BABF1A0
:10F4F000100B0AF1100A002847D1BBF1000FD6D13A
:10F50000059F1022384601990AF030F899F8033027
:10F5100010370133474589F80330BED1049D4FF4BD
:10F52000807229464046DDF80CA0019E01F0E4F807
:10F53000834678BB54460AF130071BAB1A460121BB
:10F54000404601F0FBF8834620BB102220461BA951
:10F5500014440AF00BF8A742EFD1404601F0C6F878
:10F560004FF4D0711C48FFF749FF28463021FFF7C0
:10F5700045FF0BA82021FFF741FF30461021FFF780
:10F580003DFF58463DB0BDE8F08F8346DDF80CA046
:10F59000019E049D404601F0A9F84FF4D0710E4839
:10F5A000FFF72CFF28463021FFF728FF20210BA86A
:10F5B000FFF724FF10213046FFF720FF302150468F
:10F5C000FFF71CFF58463DB0BDE8F08F13AD07AE06
:10F5D000E0E76FF0370BF5E73836002048360020BB
:10F5E0002DE9F0418CB004460D46302200216846DA
:10F5F0006F4609F0E2FF04F12006E27B0132D2B24D
:10F60000E273002A4DD1A27B0132D2B2A273002A4A
:10F6100047D1637B0133DBB26373002B41D1237B82
:10F620000133DBB22373002B3BD1E37A0133DBB22E
:10F63000E372002B35D1A37A0133DBB2A372002B26
:10F640002FD1637A0133DBB2637253BB237A013368
:10F65000DBB223722BBBE3790133DBB2E37103BB73
:10F66000A3790133DBB2A371DBB963790133DBB278
:10F670006371B3B923790133DBB223718BB9E378BA
:10F680000133DBB2E37063B9A3780133DBB2A3705B
:10F690003BB963780133DBB2637013B9237801336C
:10F6A00023703B4622460121304601F047F8804650
:10F6B000002841D110370CAB9F429ED1029AAB6813
:10F6C0000399534002933046EE68D5F820804E40AF
:10F6D000039604992E69D5F828C04E4004966E69A9
:10F6E00005990B9F4E4005960699AE69009B4E40CA
:10F6F0000696EE6907994FF480724E400796089E71
:10F70000D5F824E088EA0608099E8EEA060E0A9ECD
:10F710008CEA0601EE6A7E402F687B4000936B689E
:10F72000019D6B400193CDE9088ECDE90A1669462B
:10F7300000F0E2FF804638B168463021FFF75EFEF8
:10F7400040460CB0BDE8F0811022204608A909F01F
:10F750000DFFF1E72DE9F8431D468369B3F5C07F3E
:10F7600052D81646C3F5C072AA424DD3C5F5C07231
:10F77000D31AB34248D30446DFF898904FF4C072CE
:10F780000F464846002109F018FF4946D4F8943046
:10F79000A269D4F898009847002838D1D4F8188086
:10F7A0003DB1D4E925302A4609EB0801984770BBE2
:10F7B000A84407B1C6B9174942460846FFF728FED4
:10F7C000054638B14FF4C0711248FFF717FE2846BE
:10F7D000BDE8F88320460F49FFF702FF05460028E1
:10F7E000F0D101232361EDE73946324609EB0800E9
:10F7F00009F0BCFE0749B04442460846FFF708FE40
:10F8000005460028DED1E5E76FF03705DFE76FF04A
:10F810003305DCE7D837002010B5A42200210446C8
:10F8200009F0CBFE4FF0FF314FF6F072044B21612F
:10F83000E26104F19C001B68BDE81040184700BF5E
:10F84000E40900202DE9F047054688B00F4616462A
:10F85000002120226846984609F0AFFE1F4B05F1B3
:10F860009C0948461B689847044618B1204608B0D2
:10F87000BDE8F08705F1200A504600F027FFAA698D
:10F88000C5E92576F2B920232E69AB61002E22DB73
:10F89000694650464FF4807200F02EFF044630B99E
:10F8A000334641462846109AFFF754FF04460C4B56
:10F8B00048461B689847002818BF0446204608B0F1
:10F8C000BDE8F0872E69002EE2DA2F2A96BF0132BA
:10F8D00026465608DCE71026DAE700BFE0090020DC
:10F8E000DC0900202DE9F04FB2F5806F91B01A9F2E
:10F8F00000F2E380B7F5807F00F2DC800446154615
:10F900000E463022002104A8984609F056FE6C4BA2
:10F9100004F19C0948461B6898478346002840F03C
:10F9200092802269E3699A4200F391806369002B17
:10F9300040F08D80002F40F0A980DFF888A16F464D
:10F94000002D00F098806F4604F120080EE0102D85
:10F95000AB4628BF4FF0100B304639465A4609F0E7
:10F9600005FEB5EB0B055E4400F08580E37B0133BB
:10F97000DBB2E373002B4DD1A37B0133DBB2A37366
:10F98000002B47D1637B0133DBB26373002B41D182
:10F99000237B0133DBB22373002B3BD1E37A0133AA
:10F9A000DBB2E372002B35D1A37A0133DBB2A37251
:10F9B000002B2FD1637A0133DBB2637253BB237AFE
:10F9C0000133DBB223722BBBE3790133DBB2E3718A
:10F9D00003BBA3790133DBB2A371DBB963790133D4
:10F9E000DBB26371B3B923790133DBB223718BB915
:10F9F000E3780133DBB2E37063B9A3780133DBB2A0
:10FA0000A3703BB963780133DBB2637013B9237819
:10FA1000013323703B4622460121404600F08EFE12
:10FA20008346002893D0DAF80030484698470346CA
:10FA3000302104A8002B18BF9B46FFF7DFFC1021E4
:10FA40003846FFF7DBFC584611B0BDE8F08F3A4668
:10FA5000414600232046FFF77DFEDFF868A000281E
:10FA60003FF46DAF4846DAF80030984783460028E7
:10FA70003FF465AFE7E7204604A9FFF7B1FD8346F1
:10FA80000028D0D1236901332361CCE73A464146AF
:10FA900004A8FFF7BDFC834618B16F46DFF824A029
:10FAA000C1E7204604A9FFF79BFD834600283FF4E9
:10FAB00044AFF2E76FF0370BC5E76FF0350BC2E7E5
:10FAC000E0090020DC0900202DE9F043202B1D4631
:10FAD0000646884691468BB026D8DBB202AF8DF839
:10FAE0000480B04658F8041B8DF8053021B9404613
:10FAF00000F066FE044640B901230222404633600E
:10FB000001A900F071FE044638B138462021FFF704
:10FB100075FC20460BB0BDE8F0832A4649464046B6
:10FB200000F062FE0446F0E702AF194610460023DB
:10FB30003A4600F0DFFF04460028E6D12023B9460C
:10FB40001D46CCE72DE9F041D0F8F830A6B0002BE7
:10FB5000D8BF02AE31DD05460027D0F80C4102AE19
:10FB6000A4F101089022D5F8FC403146D0F80001FC
:10FB700001AB0197B8FA88F8A0474FEA5818044635
:10FB800020B9019B53B9B8F1000F16D0304690212F
:10FB9000FFF734FC204626B0BDE8F081014632462E
:10FBA0002846FFF791FF58B9D5F80431019A13445C
:10FBB000C5F80431B8F1000FE8D16FF03C04E5E777
:10FBC0000446204626B0BDE8F08100BF70B5002590
:10FBD0000446142204F588762946C0F8F850FC3013
:10FBE00009F0EBFC08222946304609F0E6FC144BEC
:10FBF00030461B689847204640F8045B00F0C6FD7D
:10FC0000104B30461B689847C8B9D4F8F830AB425F
:10FC10000FDC03EB830204EB82022021C2F8000117
:10FC20000120C2E9421008490133C2F8FC10C4F8AF
:10FC3000F830064B3046BDE870401B68184770BD71
:10FC4000E4090020E0090020C9050200DC090020C9
:10FC50002DE9F047202A88B07AD83F4B00F5887903
:10FC600004461B6848461746884698470546F8B933
:10FC700040F20116D4F8F830002B65D02046FFF78B
:10FC800061FF054638B9D4F8F830002B14DC013E8A
:10FC9000F2D16FF03B056E4620213046FFF7AEFBF8
:10FCA0002E4B48461B689847002818BF6FF01D056B
:10FCB000284608B0BDE8F087D4E94132934203D327
:10FCC000D4F80C21012A02D0013ED7D1E1E71F2B45
:10FCD000FAD96E4601462022304604F1040A09F0A2
:10FCE0006CFC3146504600F0A9FD05460028D3D1F2
:10FCF000504600F05FFD504600F048FD2946504652
:10FD000000F05EFD05460028C6D15046202231464F
:10FD100000F06AFD05460028BED103463246202188
:10FD2000304600F0E7FE05460028B5D1D4F8F8309B
:10FD30003A46002BC8BF002340463146C8BFC4F82E
:10FD4000043109F013FCA7E76FF03F056E46A3E707
:10FD50006FF03B05ACE700BFE0090020DC090020A4
:10FD6000002130B58DB0282202A8019109F025FCB0
:10FD700002A800F0E7FE044610B120460DB030BDE9
:10FD80001B4D4FF0FF31286800F034F960BB194B70
:10FD9000D3F8340E10F0010017D100F05BF9F8B978
:10FDA000154A02A901A800F001FC0446012000F058
:10FDB00051F988B9286800F025F90028DDD00F48EE
:10FDC000FFF7F0F920460DB030BD2868052400F09B
:10FDD00019F90028D1D0F2E70948FFF7E3F9E9E77C
:10FDE0000848FFF7DFF9DBE70748FFF7DBF9CEE765
:10FDF000380A00200060845058390020ACA9020065
:10FE00008CA902006CA9020054A9020030B583B08D
:10FE100000F036F878B900F055F890B9144BC3F8F3
:10FE20000C0AFFF79DFF0446F8B9124D2B6863B129
:10FE3000204603B030BD032400F072F8204603B022
:10FE400030BD0424204603B030BD02460146FFF712
:10FE5000D3F950B96822084901ABFFF7FDF920B981
:10FE60002046064B2B6003B030BD0524E0E700BF01
:10FE700000508450783B00207C3B00205AEA5A5ABC
:10FE800000207047430504D54FF0FF32034BC3F801
:10FE90000821024BC3F8080A704700BF0050845085
:10FEA000014BC3F8040A70470050845008B100F0B9
:10FEB00071B84FF47500704708B100F04FB84FF4B7
:10FEC0007500704710B5114800F080F800B110BD02
:10FED0000F4800F07BF80028F9D10E4C204600F0C6
:10FEE00075F80028F3D10C4B0C481C6000F06EF83C
:10FEF00001460028EBD100F02DF8044608B1204659
:10FF000010BD00F089F82046FAE700BF480A00203B
:10FF1000440A0020400A0020380A00203C0A002041
:10FF200008B5084800F05CF8074800F059F80748A1
:10FF300000F056F8064800F053F8BDE8084000F01D
:10FF40000BB800BF480A0020440A0020400A0020E5
:10FF50003C0A002000207047704700BF10B40246E2
:10FF60000B4C01E0134207D1D4F8003A13F480702F
:10FF7000F8D0012042F4807229B1054BD3F8044136
:10FF80000C60C3F80841024BC3F8082A10BC704744
:10FF9000005084500246084901E01A4207D1D1F8C6
:10FFA000003A13F48070F8D0012042F48072024BC2
:10FFB000C3F8082A704700BF0050845009F0E3BA24
:10FFC00009F0FBBA0A46002109F0F7BA08B5034B5D
:10FFD00002681B6810689847002008BD040A0020CA
:10FFE00008B5034B02685B6810689847002008BD9D
:10FFF000040A0020024B02689B681068184700BF83
:020000022000DC
:10000000040A002008B5034B0268DB6810689847B3
:10001000002008BD040A002070B5094C094D206974
:10002000AB68984718B1084B08485B6898470021AF
:10003000074AEB6811602069BDE87040184700BFAF
:10004000F0090020040A0020E8090020C4A90200E9
:10005000E43B0020F8B51A4D1A4E0446B2682869F0
:100060009047E8B9184F3B684CB1A3B1012B19D0A8
:10007000013B3B602869F36898470020F8BD43B90D
:100080000121124AC2F800151149D1F81029002A9D
:10009000FBD101333B60F368286998470020F8BD25
:1000A0000C48F8BD0A4AD2F81039002BFBD1074A98
:1000B0006FF07E40C2F80035FFF7F2FE3B68D7E7ED
:1000C000F0090020040A0020E43B00200040845096
:1000D00000508450E98FFFFF2DE9F041002873D0D4
:1000E0000C46002970D01D46002B6DD007461AB172
:1000F000012200232A6003602B68002B5FD0294671
:10010000204600F0D9FD804600285AD121462868B3
:1001100000F0B8FD8046002853D12868082867D031
:10012000042867D0A0F10200B0FA80F04009012154
:10013000314EC6F8C411C6F84011C6F8C411636A3E
:10014000C6F83031D6F830219342F6D10023C6F8F4
:100150002C314FF0FF33C6F808316FF01B03C6F89F
:100160000031C6F80C01D6F8040A40F48060FFF7AD
:1001700097FE0A23C6F83831069B012B29D0236944
:100180001E4AA2FB03231B09626A404602FB03F3DB
:1001900003EB4303184ADB039B09C2F8D831012360
:1001A000C2F82C313B682A6823F07F4343EA02639C
:1001B0003B602A6843EA02233B60BDE8F081DFF838
:1001C00040804046BDE8F081DFF838804046BDE819
:1001D000F0814FF47F03D3F80C2C013206D0D3F812
:1001E0000C3C064AA2FB03231B09CDE71623CBE7F1
:1001F00003209CE702209AE700508450ABAAAAAAE9
:10020000310CF100350CF10058B34B1EB3F5047FEF
:1002100027D230B54FF0000ECD00744671464B0921
:1002200001F01F0C50F82330BCF11F0F23FA0CF320
:1002300006D003F0010319B901211C468E46EEE7F2
:100240009C4201F1010106D01C464FF0010EA9426B
:10025000E5D1002030BD0EF1010E9645F7D10248E0
:1002600030BD0148704700BF360CF100C0B32DE926
:10027000F0434C1EB4F5047F1DD2E3B1DAB1002582
:100280002E46A8462C46CF0003F1FF394FEA541CF6
:1002900004F01F0E50F82C10BEF11F0F21FA0EFCB7
:1002A0000CD00CF0010C4CB90126E0463446354622
:1002B000ECE7964216D90C48BDE8F083AB420BD070
:1002C000C44508BF0136A945F3D001350134BC420D
:1002D000DCD10020BDE8F0830125E0462E46F5E79D
:1002E000014870471D46F1E7370CF1002DE9F04F4A
:1002F0008FB08246DDE919460D46002E6ED10969A0
:1003000004911C60002318990B60002A00F02881DA
:10031000994B6A6AD3F83811D3F830319A4269D1CF
:100320000A2967D19AF80330069304F1080305936C
:100330000423049A0393914B8F4CA3FB023B4FEA97
:100340009B0B0BEB4B0BA2EB4B0B189B049E1E6005
:10035000002E00F0E580002700F0BEFC0797BAF100
:10036000000F00F0D0804FF00109DDF81480002D5F
:1003700000F0C980069B002B3ED0284606A900F05D
:100380009BFC00283AD07E4B984220D0069B082B3D
:1003900000F0E08000225B000693294606AB504641
:1003A0000092FFF799FE774B984200F0CF8070B92A
:1003B000DAF80020130A03F47F03134323F07F438A
:1003C000CAF80030039B013B0393BED10020039089
:1003D00000F082FC03980FB0BDE8F08F4FF47F016E
:1003E000D1F80C0C01300CBF4FF40471D1F80C1C87
:1003F000049186E76448EAE76248C4E7294606981C
:1004000000F040FC0028BED1069B082B00F0A48021
:10041000042B00F0A380A3F10203B3FA83F35B097A
:10042000C4F8C491C4F84091C4F8C4916A6AC4F88D
:100430003021D4F830118A42F6D10022C4F82C21A0
:100440004FF0FF32C4F808216FF01B02C4F80021FE
:10045000C4F80C31D4F8040A40F48060FFF720FDA2
:100460000A23C4F838312B69444AA2FB0313696A92
:100470001B0901FB03F303EB4303DB039B09C4F8F4
:10048000D831C4F82C910698DAF8003023F07F4177
:10049000030243EA00630B43CAF8003007A800F0E8
:1004A000E1FB079B354A03F01A0303437FF46EAF69
:1004B000A2FB0632D4F81431B7EB920F0893D4F8AC
:1004C00018310993D4F81C310A93D4F820310B93D6
:1004D000D4F824310C93D4F828310D9302D1BBF118
:1004E000000F12D14046182208A9183EFFF766FDFA
:1004F00008F1180801379EB100F0EEFB00230793C6
:10050000002D7FF437AF21483DE740465A4608A901
:10051000A6EB0B06FFF752FDD8440137002EEBD1B6
:10052000049F059E6A6939463046FFF76DFEAA6949
:1005300040B94FF4806339463046FFF797FE0028F4
:100540003FF444AF0023189A13601CE72B6A002B7A
:100550003FF43DAF0E483AE7032361E702235FE72C
:10056000012229465046009606ABFFF7B5FD00284C
:100570003FF4DBAE2BE700BF00508450ABAAAAAA21
:10058000020CF100310CF100300CF100350CF100DF
:10059000320CF10010B4DDE9013401940024DDF8DF
:1005A0000CC0CDE902C410BCFFF7A0BE30B51546A3
:1005B000012487B005AB00930022CDE9015404ABC0
:1005C000FFF794FE07B030BDF0B587B0002967D0C3
:1005D0001E46002B64D01446002A61D0324F0D46CF
:1005E00038684FF0FF31FFF705FD00283DD12F4B54
:1005F000D3F8340E10F0010015D04FF0FF354FF452
:1006000008712B48FEF7F0FE04212A48FEF7ECFEA5
:1006100029482821FEF7E8FE3868FFF7F3FC40BBC5
:10062000284607B0F0BDFFF715FD002834D1224859
:1006300000F088FA70B91E4A0346029205AA019298
:1006400004AA039000921C4902461A48FFF7A2FF31
:100650000346A0B14FF0FF350120FFF7FBFC002857
:10066000CDD01648FEF79EFDC9E71548FEF79AFD66
:10067000BDE71448FEF796FD284607B0F0BD2846B2
:100680001D46059B22469C4228BF1A4604993260AB
:100690000831FFF793FCDFE70B48FEF783FDC6E761
:1006A0004FF0FF35BCE700BF380A002000608450DF
:1006B000143C0020E83B0020EC3B00208CA9020009
:1006C00054A90200E4A902006CA9020010B5044676
:1006D00030B1002201236265A265E365236610BD87
:1006E0000148FEF75FFDF4E7FCA9020018B174228F
:1006F0000021FFF765BC7047C8B1D9B108B5002328
:10070000C02A836380F83C300FD0B2F5807F04D0DC
:10071000802A03D06FF01F0008BD02230363D208B4
:100720001030FFF74BFC002008BD0123F6E76FF007
:10073000210070476FF01F00704700BF70B504467E
:1007400086B0F8B11046EAB1E3B101291AD8A26B1C
:1007500016D0012A16D1102500210DEB05060196B1
:1007600002AA61632946009500F0C8FA50B92B46E9
:100770003246204602A900F073FD18B906B070BDDC
:10078000002AE8D06FF02100F8E700BF10B504465A
:1007900028B12046BDE81040F421FFF713BC0448FF
:1007A000FEF700FD2046BDE81040F421FFF70ABC2B
:1007B00010AA020010B1F421FEF716BE704700BF68
:1007C00008B521B1012908D06FF0360008BD01211C
:1007D00000F058F80028F7D108BD022100F052F8C7
:1007E0000028F9D0F0E700BF30B505468818B0F50D
:1007F000801F0B461446A1B001D8802A0CD9B3F54E
:10080000801F17D922461946284600F07DF8044675
:1008100084B9204621B030BD6846FFF7CFFB2246A1
:100820006946284600F070F8802104466846FFF7C4
:10083000C9FBEDE76FF03604EBE700BF70B5E8B138
:100840000E46D9B1044600F031F80546B0B9236828
:10085000012B0BD0022B01D0284670BD1C22304644
:1008600004F10801FFF7AAFB284670BD202230469C
:1008700004F10801FFF7A2FB284670BD6FF03605B2
:10088000EAE700BF78B138B50D46F0210446FFF71E
:1008900099FB402320462560E36500F061FA0038AB
:1008A00018BF012038BD0120704700BFF0B5056EAC
:1008B000A5B0044604AEE5B90023012701933046F4
:1008C0006760294602AA009300F018FA10B10120CF
:1008D00025B0F0BD2A46204602A900F069FA00289A
:1008E000F5D1204600F06CFB0028F0D1206625B041
:1008F000F0BD802D2A46304628BF802204F16401D5
:10090000FFF75CFB256ED7E7002800F0AE802DE9ED
:10091000F04F1446A5B0002A3DD00F46002949D01B
:10092000B2F5803F0546006E20D34FF6FF7805F103
:10093000640AEB6D1A1AB2FBF3F103FB1122002AD1
:1009400065D18342B9464FF6FF7672D0B6FBF3FB12
:1009500003FB0BFBBBF1000F30D1002E45D1A4F5FA
:100960007F44FF3CB4F5803F4744E2D2EA6D161A5B
:10097000B6FBF2F302FB1366A64228BF2646002E02
:1009800075D1824200F08D80B4FBF2F602FB06F6D0
:100990002EB9002C79D1002025B0BDE8F08F0023BE
:1009A00031463846CDE9003302AA00F0A7F9002805
:1009B00000F09580012025B0BDE8F08F0023594656
:1009C0004846CDE9003302AA00F098F90028F1D199
:1009D0005A46284602A900F0EBF90028EAD1A6EB16
:1009E0000B06286ED944002EB9D01930494632463C
:1009F00005EB8000FFF7E2FAA4F57F44286EFF3C88
:100A00003044B4F5803F4744286692D2AEE7424571
:100A100028BF4246164639465044FFF7CFFA286EA3
:100A2000EB6D3044834207EB06092866A8EB060607
:100A30008CD1802B28BF802351461A4604A8FFF78B
:100A4000BDFA0023E96D02AACDE9003304A800F045
:100A500055F90028AED12846EA6D02A900F0A8F9A0
:100A60000028A7D1EB6D286670E70120704705F1DB
:100A70006403394632461844FFF7A0FA286EEA6D3F
:100A80003044A41B374428667BE72B6E224619337B
:100A900005EB83003946FFF791FA2B6E23442B6652
:100AA00079E7802A28BF802205F1640104A8FFF7B6
:100AB00085FA0023E96D04A8CDE9003302AA00F00D
:100AC0001DF900287FF476AF2846EA6D02A900F0F0
:100AD0006FF900287FF46EAFEA6D286654E732465E
:100AE000284602A900F064F900287FF463AF374478
:100AF000A41B4EE7F8B51C460546114816460F469E
:100B0000FFF744FE21460E48FFF75AFE044620B187
:100B10000B48FFF74FFE2046F8BD3A4629460848E5
:100B2000FFF762FE04460028F2D131460448FFF781
:100B300085FE04460248FFF73DFE2046F8BD00BF93
:100B4000343E00201C2370B582B001A905460193F4
:100B500000F032F8044638B9019B1C2B07D0144C26
:100B60001C212846FFF72EFA204602B070BDD5E9B9
:100B70000112131E18BF0123003918BF01210126DD
:100B800028689B00EA6843EA4103002818BF43F045
:100B90000103EE612AB9C5E90834002BE4D1054C04
:100BA000DEE7204643F00803C5E9083402B070BD13
:100BB000370CF0000E0CF000034618B111B10A68B2
:100BC0001C2A01D0012070474FF47F02D2F8101C7C
:100BD00001310CBF40F2DC51D2F8101C4FF47F02FF
:100BE0000160D2F8141C01310CBF40F2DC51D2F884
:100BF000141C4FF47F024160D2F8181C01310CBF65
:100C000040F63401D2F8181C4FF47F028160D2F80C
:100C10001C1C01310CBF40F63401D2F81C1C4FF4EF
:100C20007F02C160D2F8001C01310CBF9021D2F8C4
:100C3000001C4FF47F020161D2F8041C01310CBF8B
:100C40005121D2F8041C4FF47F024161D2F8081CF4
:100C5000002001310CBF40F23732D2F8082C9A61E3
:100C6000704700BF014608B54FF48060FFF724F9D4
:100C70000022034BC3F8C821C3F82C2108BD00BFD4
:100C8000005084500138072805D8DFE800F0100E26
:100C9000040A0404040607487047CB6800204B622E
:100CA00070478B6800204B6270474B68F6E70B6813
:100CB000F4E700BF310CF1000B6802E0082B0B6079
:100CC00006D8026A13424FEA4303F7D00020704768
:100CD00000487047310CF100002310B5064C4FF46A
:100CE0008060C4F82C31C4F8C431FFF7CBF84FF062
:100CF000FF33C4F8083110BD005084502DE9F04195
:100D0000002482B015461E4601220DF10703074656
:100D1000DDF824808DF8074000F05AFFD0B99DF827
:100D2000073004462F602B71B8F1000F0ED04EB182
:100D30000246089930460DF1070300F049FF48B913
:100D40009DF80730C8F8006088F80430204602B0EB
:100D5000BDE8F0814FF47504204602B0BDE8F08193
:100D6000D8B108B50368012B04D0022B0FD043B1D2
:100D70000B4808BD20220B490830FFF71FF900205F
:100D800008BD142208490830FFF718F9F7E72022B8
:100D900006490830FFF712F9F1E74FF47300704786
:100DA0000100F30020AA020060AA020040AA02008B
:100DB0002DE9F047002900F0EB800446002800F000
:100DC000EB80036888469146002B00F0B580013B1C
:100DD000012B00F2C9804FF0FF3171484FF0020A39
:100DE000FFF708F9002840F0B1800020FFF732F942
:100DF0000746002840F0B4806A4DD5F81069002EEF
:100E0000FBD14FF0FF30FFF73DF8D5F8040A20F48E
:100E10000060FFF745F801230722C5F81838C5F828
:100E20002038C5F80029C5F8C437C5F8A466A36CF6
:100E3000C5F8CC37E36CC5F8D037C5F8C0A7236830
:100E40005BB1013B012B18D8636AC5F85C36236A95
:100E5000C5F85836E369C5F85436A269514BC3F852
:100E600050266269C3F84C262269C3F84826E26816
:100E7000C3F84426A268C3F84026B9F1000F56D043
:100E800063684FF40060012B04BF464AC2F8843601
:100E900098F80430D8F80010424A5B0003F00203CF
:100EA000C2F80C3BC2F8281CC2F82C9CFEF7FEFFCF
:100EB0000746236863B1013B012B19D8394BD3F89E
:100EC0005C266262D3F858262262D3F85436E36176
:100ED000344BD3F85026A261D3F84C266261D3F884
:100EE00048262261D3F84426E260D3F84036A36056
:100EF000002201212B4BD3F8CC07A064D3F8D007F4
:100F0000E064C3F8C417C3F88426C3F8C827C3F83D
:100F10001828C3F82028AFBB0120FFF79BF868BB57
:100F20001F48FFF76FF818BB3846BDE8F08704226A
:100F30001C4BC3F8C827BCE74FF0FF3118484FF0EF
:100F4000010AFFF757F800283FF44FAF1648FEF7A5
:100F500029F90020FFF77EF8074600283FF44CAF40
:100F60001248FEF71FF947E7114F3846BDE8F087F2
:100F70001048FEF717F93846BDE8F0870E48FEF72F
:100F800011F9CDE7102104F10800FFF71BF8C3E7C2
:100F90000A4F3846BDE8F0874FF47307C4E700BF37
:100FA000480A00200050845054A902006CA9020095
:100FB0000100F300ACA902008CA902000300F300B9
:100FC000A0B3034670B4D0E90240D3E9041226BAB4
:100FD00005BA0CBA10BAC3E90440D3E90612986AFC
:100FE00009BAC3E9026512BA996100BAD3E90841A6
:100FF00025BA0CBAC3E90725D3E90B12C3E90940A6
:1010000009BAD86B12BAD962D3E90D4125BAC3E93E
:101010000C250CBA00BAD3E9101209BA12BAC3E906
:101020000E40196400205A6470BC70474FF473007E
:10103000704700BF70B500284DD0436B0446032BAA
:101040003CDD063B012B3BD8A36B012B3BD8E36D6A
:10105000012B3DD8236E012B41D8224ED6F81059D2
:10106000002DFBD14FF0FF30FEF70CFFD6F8040A3D
:1010700020F40060FEF714FF0123C6F80039C6F81B
:10108000BC54636B23F00402032A18BFA16B226BCC
:101090000CBF294601F00101022A17D89B0003F07A
:1010A0001C0343EA02330F4A0B43C2F8C034636B9C
:1010B000072B06D10123C2F87C3402E0002BC3DAEF
:1010C000094D284670BD094D284670BD084DF8E70A
:1010D000084D284670BD4FF47105284670BD064D79
:1010E000EFE700BF005084500100F1000200F10062
:1010F0000600F1000300F1000400F10000287DD09B
:1011000038B590F83C300446002B55D0022B23D044
:101110003C483D4D2A683D4B1268C3F800242A68BC
:101120005268C3F804242A689268C3F808242A681D
:10113000D268C3F80C242A681269C3F810242A68FC
:101140005269C3F814242A689269C3F818242A68DB
:10115000D269C3F81C2438BD016B006C00F032FB6F
:10116000294D0028D6D12A68284B1268C3F80024DC
:101170002A685268C3F804242A689268C3F80824CD
:101180002A68D268C3F80C242A681269C3F81024AC
:101190002A685269C3F814242A689269C3F818248B
:1011A0002A68D269C3F81C24216B206C00F020FB54
:1011B0000028AFD1002038BD0269144BC3F80024C9
:1011C0004269C3F804248269C3F80824C269C3F8D9
:1011D0000C24026B013A012AECD8026AC3F81024ED
:1011E000426AC3F81424026B022AE3D1826AC3F86C
:1011F0001824C26A0020C3F81C24DCE74FF47100F5
:10120000704700BF0900F100340A002000508450EC
:10121000114A124B11680968C3F800141168496833
:10122000C3F8041411688968C3F808141168C96800
:10123000C3F80C1411680969C3F8101411684969DE
:10124000C3F8141411688969C3F818141268D269B4
:10125000C3F81C24704700BF340A0020005084509B
:101260002DE9F04F85B0002958D01746002A55D0F7
:101270000446002800F0DC809846C36D0E46002B23
:1012800042D1B8F5805F44D294F83C30042B00F092
:10129000C7804FF0000A4FF0FF31B548FEF7AAFEB5
:1012A000002840F0B9800020FEF7D4FE002840F06E
:1012B000AF804FF00109DFF8BCB22046CBF81098A0
:1012C000CBF82098FFF7B6FE054620B92046FFF779
:1012D00015FF054638B3BAF1000F40F085800022B3
:1012E000A44B0120C3F81028C3F82028FEF7B2FE53
:1012F000002840F089809E48FEF784FE00287CD1BB
:10130000284605B0BDE8F08F012BBDD1B8F5803F70
:10131000BAD3994D284605B0BDE8F08F974D2846C1
:1013200005B0BDE8F08F636B072B00F2CA8009FAA5
:1013300003F919F08A0F40F0D38019F0440F40F000
:10134000C28019F0010F00F0BC8033793A795B005C
:1013500002F0010203F002031343864A3168386841
:10136000C2F80C3B636B23F00403032B0AD0236EFB
:10137000012B0BBFC2F8280DC2F8300DC2F82C8D1E
:10138000C2F8348DE36D4FF40060012B794B0BBF35
:10139000C3F8281CC3F8301CC3F82C8CC3F8348C59
:1013A000FEF784FD0546002895D1626B072A15D803
:1013B0000123934013F08A0F40F09F8013F0440FF5
:1013C0000CD06C4BD3F860242260D3F864246260A4
:1013D000D3F86824A260D3F86C34E3600123A365DA
:1013E000BAF1000F3FF47BAF0423202104F1100079
:1013F00084F83C30FEF7E6FD71E76148FDF7D2FE68
:10140000284605B0BDE8F08F5E48FDF7CBFE72E7D9
:101410005D48FDF7C7FE4CE75C48FDF7C3FE42E7B9
:10142000216B206C00F0B8F928B14FF0010A32E7C7
:101430004FF4710564E7DFF858914E4DD9F800304C
:101440001B68C5F80034D9F800305B68C5F804346F
:10145000D9F800309B68C5F80834D9F80030DB684B
:10146000C5F80C34D9F800301B69C5F81034D9F828
:1014700000305B69C5F81434D9F800309B69C5F8B1
:101480001834D9F80030DB69C5F81C34216B022907
:10149000CBD8236D4FEAC10A0193E36C0AF1100A1D
:1014A00004F1100B0093CDF80CA0CDF808B0206C1F
:1014B000D4E9112300F09CFA68BB002384F83C3087
:1014C000B3E7344D07E72368CBF860346368CBF8A3
:1014D0006434A368CBF86834E368CBF86C3434E741
:1014E0002368CBF840346368CBF84434A368CBF866
:1014F0004834E368CBF84C3427E71E4BD3F840243C
:101500002260D3F844246260D3F84824A260D3F860
:101510004C34E36062E7D9F8003051461B68584606
:10152000C5F80034D9F800305B68C5F80434D9F840
:1015300000309B68C5F80834D9F80030DB68C5F87E
:101540000C34D9F800301B69C5F81034D9F80030D4
:101550005B69C5F81434D9F800309B69C5F81834B4
:10156000D9F80030DB69C5F81C34FEF72BFDA4E781
:10157000480A0020005084500500F1000B00F100E3
:10158000ACA902008CA902006CA9020054A90200B7
:10159000340A00200100F1002DE9F04701B3FAB14F
:1015A0000446002854D01D46436B0E46072B1BD023
:1015B0005DB9032B10D1836D73B945668566C56629
:1015C0000567102500F164030B602B463146204669
:1015D000BDE8F047FFF744BE2F463846BDE8F08728
:1015E000644F3846BDE8F087C36DA3BBB5F5805F97
:1015F00036D20DB9A36D9BBB4FF0FF315E48FEF7AD
:10160000F9FC00284CD10020FEF724FD002843D12E
:101610004FF00108DFF864912046C9F81088C9F836
:101620002088FFF707FD0746E0B10022534B012059
:10163000C3F81028C3F82028FEF70CFD40BB4E4825
:10164000FEF7E0FC0028C8D04D48FDF7ABFDC4E72D
:101650004FF47107C1E7012BCBD1B5F5803FC8D35B
:10166000484FBAE72046FFF749FD07460028DCD17E
:10167000636B072B0AD808FA03F818F08A0F13D106
:1016800018F0440F5AD118F0010F19D13E4FCCE792
:101690003E48FDF787FDD2E73D48FDF783FDB7E7FC
:1016A0003C48FDF77FFDAEE72368C9F84034636826
:1016B000C9F84434A368C9F84834E368C9F84C341D
:1016C00001212E4AC2F87C14C2F8BC543379306828
:1016D0008B4003F00203C2F80C3BE5B9A36D0BB9D4
:1016E000C2F82415626B072A9FD80123934013F098
:1016F0008A0F30D113F0440F97D0204BD3F86024D9
:101700002260D3F864246260D3F86824A260D3F81E
:101710006C34E36089E7E36D012B0BBFC2F8280C42
:10172000C2F8300CC2F82C5CC2F8345C4FF4006094
:10173000FEF7BCFB0028D5D0074676E72368C9F83A
:1017400060346368C9F86434A368C9F86834E3682E
:10175000C9F86C34B4E7094BD3F840242260D3F8BD
:1017600044246260D3F84824A260D3F84C34E36088
:101770005BE700BF0B00F100480A002000508450D6
:10178000ACA902000500F1000100F1008CA90200E3
:101790006CA9020054A902007F2809D851B101396F
:1017A000022909D805497F280CBF08460020704748
:1017B0000248704708467047014870470100F7002B
:1017C0000300F7007F2809D851B10139022909D84F
:1017D00005497F280CBF0846002070470248704723
:1017E00008467047014870470100F7000300F70002
:1017F0000129F0B407D0022900F0898000295AD0CD
:101800007248F0BC70470022714C724B4FEAC00C1A
:10181000C4F80015451C0CF57F04C3F8082104F535
:101820000444C3F80021C3F80421C3F800556A4EEC
:101830002468B44240F0B380196002E0002940F00F
:10184000B580D3F80021D3F80841D3F8041122431E
:10185000F4D0002C40F0B180002940F0A780012492
:101860005B4AC3F800150230C2F800455B4AC3F872
:101870000811C3F80011C3F80411C3F8000552F8A9
:101880000C00574A904240F08E80524A1C6002E0A1
:10189000002840F08B80D2F80031D2F80811D2F83D
:1018A00004010B43F4D0002940F08C8000287DD146
:1018B000C2F8000528E00124464BC200444E2044F3
:1018C00002F57F02C6F8004502F50442C3F808118C
:1018D000C3F80011C3F80411C3F800053E4D1268A7
:1018E000AA4260D11C6001E000285FD1D3F800213A
:1018F000D3F80811D3F804010A43F5D000295CD1CC
:10190000002853D1C3F800050020F0BC7047012522
:101910000022304B2E4F4FEAC00C44190CF57F01CA
:10192000C7F8005501F50441C3F80821C3F80021A8
:10193000C3F80421C3F80045274E0968B1422ED1EF
:101940001D6000E091BBD3F80021D3F80841D3F823
:1019500004112243F6D084BB41BB01241C4AC3F8C6
:1019600000150230C2F800451C4AC3F80811C3F83C
:101970000011C3F80411C3F8000552F80C00184A0E
:10198000904210D1134A1C6000E078B9D2F80031BF
:10199000D2F80811D2F804010B43F6D083E7C3F85C
:1019A000002510482DE7C3F80015FAE70022094B7F
:1019B0000D48C3F80025F0BC70470022C3F800258D
:1019C0000A481EE70023C2F80035F9E70C00F100D1
:1019D0000040845000900350005484500884FF005D
:1019E000105484500600F7000200F7000100F700D1
:1019F0002DE9F0470024CCB08246894616462146A0
:101A000074220EA81F46579DDDF8588107F0D5FDBA
:101A1000802221462CA82B9407F0CFFD8423B5F516
:101A20007F6FCDE90A440D940C94059364D8FFF7B9
:101A3000EFFB05AB30462BAE01933946DDE954236D
:101A40000295009600F064F8002850D10223072286
:101A50008DF813309DF813301B928DF874300022EE
:101A60000123012410211C900EA8CDE92423CDF8D8
:101A70006890CDF878A02694FEF7A4FA10220DF114
:101A800020090092304605990AABCDF8049006AAC9
:101A9000FFF734F9074688B11EE0102D2E4628BF07
:101AA00010260EA93246FEF789FA10210EA8FEF77D
:101AB00089FA0134AD1B3744E4B222D0059B4A4673
:101AC00006A90EA88DF8AC40FFF766FD034608EBAB
:101AD0000700002BE1D01F460EA874220021FEF75C
:101AE0006FFAFFF795FB38464CB0BDE8F087064F1C
:101AF00038464CB0BDE8F087044F38464CB0BDE8DE
:101B0000F0872F46E8E700BF0E00F1000F00F1005C
:101B10002DE9F041002482B00A9D0194B5F57F6F54
:101B200040D8ED00B5F5807F1E4634BF0323042363
:101B300001F1FF3CBCF13F0F0C46009332D888B353
:101B4000174666BB089A6AB3099A116851B3A2197D
:101B50001344994226D3089B01462246581CFEF79F
:101B60002DFA089B04F102081C440023637026BB75
:101B7000089BFF2D009503EB080017D92B029BB2A1
:101B800043EA1523022201A90193FEF717FA08F18F
:101B900002030020099A136002B0BDE8F0810AB187
:101BA000402ECFD9094802B0BDE8F0810122694634
:101BB000FEF704FA08F10103EBE7089B324603EB5A
:101BC00008003946FEF7FAF9B044D1E70600008074
:101BD00000201870704700BF08B5054B044613B1CC
:101BE0000021AFF3008000F011FB2046E6F754FE21
:101BF00000000000F8B50E4B06461D68AB789B0749
:101C000012D56F6816F8014B29462CB90A20B8473F
:101C1000002805DB204609E02046B8470028F1DA15
:101C2000AB7843F00403AB704FF0FF30F8BD00BF5A
:101C3000C8A102000CB430B589B005460C461C2280
:101C4000002101A807F0B9FC022305958DF80630A4
:101C50000D4B029323462CB1B4F1004F28BF4FF037
:101C60000043013B1D440DAA0C9901A80695009262
:101C700000F072F814B1059B00221A7009B0BDE89B
:101C8000304002B0704700BFF3960200242AF0B53E
:101C9000044601D8012A40D12E4B162207F032FD0E
:101CA0001A5001B10C600020F0BD2F463D4615F8DA
:101CB000010B2028F9D0A0F109060346042EF4D91F
:101CC0002B282CD02D282CD10126BD1C7B78302B25
:101CD0002DD1287840F02000782824D132F010004F
:101CE00021D16B782C46102202350020392B82BF7F
:101CF00003F1FF3343F02003263B303B9A421AD9CD
:101D0000A0FB02040CB9C01801D346F002062F460E
:101D10002C4617F8013B3D46E8E70746C6E7002694
:101D2000D3E70026D3E7002A08BF0822DDE7002A10
:101D300008BF0A22D9E701B10C60F20748BF404250
:101D4000B307B1D5034B222207F0DCFC1A504FF049
:101D5000FF30A9E70C0000002DE9F04F43688DB07B
:101D600015468046029383789A0740F10D8100243E
:101D70000E78002E00F00A81252E0BD04B1C039309
:101D8000013441463046029B98470028C0F2F68055
:101D90000399EDE74E788B1C252E0393F0D0002796
:101DA000B946BB46BBF11F0F38D8A6F12003102B54
:101DB0000AD8DFE803F02A090930090909210909CD
:101DC0000928092D09091F00A6F13003092B33D971
:101DD0002A2E37D11BF0400F55F8043B40F082808B
:101DE000002BA7BF4BF0200B9946C3F100094BF025
:101DF000280B01E04BF0010B039B13F8016B0393DD
:101E0000002ECFD130E04BF0020B4BF0040BF3E788
:101E10004BF0080BF0E74BF0100BEDE7BBF17F0F39
:101E200019D8A6F13003092BD2D81BF0400F03D0EC
:101E30000A2101FB0737DFE70A214BF0200B01FBEA
:101E40000939D9E72E2E06D11BF0400F40F09E80B5
:101E50004BF0400BD0E76C2E31D02BD8682E36D00B
:101E60006A2E3CD04C2E3AD0002F46F02003B8BF4B
:101E70002BF04002A3F16501BCBF00271FFA82FBD3
:101E8000022901D9612B2FD107350727DFF8ACA232
:101E900025F0070508351BF0080F66D00AEB070B85
:101EA00056465E4563D1A4EB0A0AA9EB070906EB87
:101EB0000A026FE1742E9FD07A2E9DD0D4E71BF0DA
:101EC000800F18BF4BF4007B4BF0800B94E71BF4A2
:101ED000807F18BF4BF4007B4BF4807B8CE74BF486
:101EE000207B89E71F4687E7A6F16301122900F2EC
:101EF000F080DFE811F013004F00EE00EE00EE007E
:101F0000EE004F00EE00EE00EE00EE00EE00FE00F0
:101F1000E900EE00EE001B00EE00AF0055F8043BB8
:101F200001270DF1180A8DF81830B4E755F804AB05
:101F3000834BBAF1000F08BF9A461BF0400F504682
:101F400014BF39464FF0FF3107F071FB0746A2E797
:101F500041462020029B984700280FDB013EB742F4
:101F6000F6D34C44B146A41B98E74E46F7E74146EA
:101F700016F8010B029B9847002892DA98F8023075
:101F800043F0040388F802304FF0FF3420460DB0D0
:101F9000BDE8F08F1BF0800F34D01BF4007F2CD0F5
:101FA000073525F00705AA4669685AF8080B2BF093
:101FB00010050029ADB237DA404245F4806561EB87
:101FC00041010DF1180B0A235A4607F03CFBA0EB28
:101FD0000B0301936B0662D5019B25F001019F4223
:101FE00089B240F3A180002E00F0998015F0100214
:101FF00040F09C80BB460D4623E0AA465AF8040BED
:10200000C117D4E7AA461BF4807F5AF8041B01D1FC
:102010000846F5E71BF4007F19BF48B241F3C01131
:1020200008B241F3C031C2E750EA0103C9D11BF045
:10203000400FC6D0002FC4D12BF01102BB46019730
:1020400095B240F2064115EA01021CBF0BF1010BEB
:1020500000222CE02BF010020A231FFA82FB1BF057
:10206000800C49D01BF4007115BF0735AA4625F036
:1020700007055AF8040B1EBFAA4669685AF8080BF0
:1020800050EA010545D12BF016051BF0400FADB20B
:1020900042D0002F40D12BF01702019795B215F0D6
:1020A000100248D0019B002E42D103F1010B2907F9
:1020B0005AD4EB0706D5D9456FDDA9EB0B0301997F
:1020C000CB465F185B4649E04BF0100B1023782697
:1020D000C5E7782B04D1C6F1780343F01003BEE7BF
:1020E00041462520029B98470028FFF647AF02345F
:1020F00047E608230026B2E7AA461BF480715AF887
:10210000040BBDD01BF400711ABFC0B2614680B28F
:10211000B6E72BF0060295B20DF1180B54E725F047
:102120001105BB46ADB28CE70D46B8E73B460D4600
:1021300003F1020BBBE7DDF804B082E7871A030066
:10214000801A0300CDE9043241462020029B9847C3
:102150000028FFF613AF049B059A01339945F1DC83
:10216000A4EB0B019B46CC180AB341463020029BDE
:1021700098470028FFF602AF8EB901342744391B77
:10218000019B994224DC1D4655BB019AA9EB0B0922
:10219000554622441446914433E0019F92E70234AD
:1021A00041463046029B98470028E7DAE6E640F2CF
:1021B00006410D42E2D015F0020F04F10104414640
:1021C00014BF2B20202015F4806F18BF2D20E9E7C5
:1021D00041463020029B013498470028CFDACDE6F3
:1021E00006AB013D4146585D029B98470028CBDA7B
:1021F000C4E641462020029B013498470028FFF6A0
:10220000BDAEA9EB0403002BF3DCC1E538B5074DE7
:10221000074C641BA41024B9064B0BB1AFF300802C
:1022200038BD013C55F824309847F4E70000000021
:102230000000000000000000704701F02EBE01F019
:1022400023BEDFF72DBB0023E3F70CBE10B4836879
:102250001422DC684CF25033A44610BC604770472F
:1022600070477047C17070470821084400F0CCB92E
:10227000C174704701F1100351F8042B994240F8E2
:10228000042BF9D170470B0A8375C17570470B4653
:10229000024630B501F1100453F8045BA34242F842
:1022A000045BF9D18B7D8375CB7DC37530BDC17661
:1022B0007047C1777047C17670471C3000F0AEB9E7
:1022C00070477047002270B516460438002440F865
:1022D000046FA518EB08CB5C05F007052B4103F054
:1022E00001030568A34001345D400C2C0560F0D16A
:1022F0000C32A82AEAD170BD2DE9F04F14462022F5
:10230000DFB0DDF8A08107460D460DEB020000218D
:102310001E4607F052F92022002110A807F04DF9BF
:10232000414608A8FFF7B3FF414610A8FFF7AFFFEB
:10233000032108A8FFF79CFF0DF1600A042110A8F3
:10234000FFF796FF21465046FFF7BCFF00240DF132
:102350009808002108A8FFF7AEFF5AF824904FEA2A
:10236000043B09EB0B0108A8FFF7A7FF08AB2946C0
:102370000122009304A8334600F019F908AACDE918
:1023800002620C2205F11003CDE9003240465B46A3
:102390004A4604A9013400F063F90E2C05F1D0057A
:1023A00008F11008D5D110AB0093224633463846C9
:1023B00026A900F0FCF85FB0BDE8F08FF0B51D462F
:1023C00004468BB001A80E46174600F011FC2946C2
:1023D000102201A800F01AFC2022109901A800F098
:1023E00015FCDDE9111201A800F010FC01A800F0B5
:1023F00013FC01AA1E2102A800F013FC01A800F0A2
:1024000014FC234602AD06AA2C4603CC9442186065
:102410005960254603F10803F6D1206807211860AA
:1024200022790DF11D001A7100F000F9C1F31501B8
:10243000C6E9000109A8022100F0F8F8C0F308007D
:1024400038600BB0F0BD2DE9F04FADF5437D0F4680
:102450000446002192461EA8202226AD9B46DDF8A8
:1024600030832EAE07F0A9F820220021284607F07D
:10247000A4F820220021304607F09FF841F6B0630F
:102480009F4208F1100940F08F8016AF4346BC46CA
:10249000624618685968083303C24B459446F7D121
:1024A0003846FFF70DFF00211EA8FFF7E1FE0221CD
:1024B0002846FFF7DDFE01213046FFF7D9FE23460F
:1024C00006A9CDE9008A05AA10A8CDE902B7FFF751
:1024D00075FFDDE906231EA8FFF7C6FE05991EA8B5
:1024E000FFF7D1FE1EAB009304F110013B4610AA8A
:1024F00008A8FFF701FF4FF0000804F537644146D4
:102500002846FFF7AFFEDDE906232846FFF7ACFEBD
:1025100029461EA8FFF7AEFE05991EA8FFF7B3FED9
:1025200030461EA9FFF7B3FE16AF1EAB214600933F
:1025300008AA3B4636A800F056F93B46232236A9A6
:102540000CA8009600F033F8092304F50C7ACDE9C5
:1025500000A3059A00230CA9CDE9027508A800F094
:102560007FF8DDE9063208F10108C3F308015B0AD0
:1025700043EAC253B8F1070F4FEA5222CDE90632BF
:1025800004F530740591BAD13846FFF79AFE10224F
:10259000494608A807F019F8003818BF0120404242
:1025A0000DF5437DBDE8F08F4FF0FF30F8E7F8B54B
:1025B0000446684603321601A0EB021200AF9546AE
:1025C0001A466D466B4602F1100052F804CB824267
:1025D00043F804CBF9D1BA6905F1100302F12000E8
:1025E00052F804CB824243F804CBF9D1A6F1300271
:1025F00005F1300006F0BAFF33462A461021204686
:1026000000F032FBBD46F8BD0139002900DA704701
:102610004254120A42EA03621B0AF5E70B0E0370EA
:102620000B0C43700B0A8370C1707047431802464D
:102630000020F0B5CC0001469A42A4F1080400D174
:10264000F0BD12F8016BA4F12005C4F1200706FAD1
:1026500005F526FA07F73D43A64030432943EBE74B
:102660002DE9F04F12F0010F8BB01F468146164640
:102670000B46149C179D01F1100C34D00DF1180E6F
:10268000724618685968083303C263459646F7D105
:1026900023460DF1080C04F1100E624618685968C3
:1026A000083303C273459446F7D14FF00008159BD9
:1026B000103403F1FF3B76087F08C34506EB070A99
:1026C00029D828461599FFF7F6FD51462846FFF709
:1026D000F4FD02224846169B009502A9FFF767FF0A
:1026E0000BB0BDE8F08F0DF1080E724618685968FE
:1026F000083303C263459646F7D123460DF1180C03
:1027000004F1100E624618685968083303C2734515
:102710009446F7D1C9E708F1010841462846FFF77A
:10272000CAFD51462846FFF7C8FDF0074FF00202E8
:10273000169B009502A911D506A8FFF738FF23467E
:102740000DF1080C04F1100E624618685968083340
:1027500003C273459446F7D11034ACE70846FFF73F
:1027600026FF23460DF1180C04F1100E624618687E
:102770005968083303C273459446F7D1ECE7002348
:1027800070B51E461C4600EB8101814200D170BD30
:1027900013B90823165D0134043B46FA03F505F02E
:1027A0000F0540F8045BF0E737B504460A462021E0
:1027B000FFF7E5FF002204F18005231F7C3453F866
:1027C000041FC1F10F01A3420A44F8D1002301A85C
:1027D00002211201FFF718FF0321284601AAFFF783
:1027E000CEFF03B030BD2DE9F04FA7B00DF10C0BBB
:1027F00006460F46584611469846DDF8C09000241C
:10280000FFF7D2FF2146484606EB041AFFF74FFDBB
:10281000524607EB04135BF8245003F1100153F800
:10282000040B8B4242F8040BF9D10E2D05D901346B
:10283000232CE7D127B0BDE8F08F29464846FFF7A3
:1028400038FD4346012251465046CDF80090FFF72F
:10285000AEFE0135E9E72DE9F84F06460D46104674
:102860001F464FEAD3080DB9BDE8F88FDFF784FFA4
:102870000023A0F10802002452F808BF06EBC309A8
:10288000D2F804A0C4F1200EA4F1200C2BFA04F11C
:102890000AFA0EFE41EA0E012AFA0CFC083441EA5B
:1028A0000C01402C09F8011BECD101339845E2D80A
:1028B0003E44013DD7E7C82210B50021044606F08A
:1028C0007CFE00220023C4E9322310BD2DE9F0472D
:1028D0000D469046994600260027D0E9322319EB91
:1028E000020243F10003AA4273F1000340D2002226
:1028F0001546D0E9323191453CD819EB030341F13B
:102900000001C0E93231BDE8F0870C1943F1000342
:102910004FEAD40C04F007044CEA437CE40018F8B6
:102920000130A4F1200AC4F1200223FA02F200EBE4
:10293000CC0E03FA0AFA4AEA020A03FA04F450F83F
:102940003C20DEF80430624083EA0A0340F83C2071
:102950000131CEF80430D0E932432A1B8A42D4D860
:10296000641BC0E93267A1449044DFF705FFB4E778
:102970000021F0E7D3184FEAD30403F0070318F857
:10298000026045EB0101DB0044EA4174C3F1200C15
:10299000A3F1200126FA0CFC00EBC40706FA01F1B2
:1029A00041EA0C0106FA03FC50F834607B6886EAC1
:1029B0000C064B40013240F8346045F100057B6065
:1029C00097E7F0B5D0E93235DC0803F00703DB0008
:1029D00044EA4574C3F12006A3F1200522FA06F665
:1029E00000EBC40702FA05F535439A4050F834600D
:1029F0007B68013956406B4021F0070140F8346094
:102A000001447B604B68002203F100434B600023CC
:102A1000C0E93223F0BD2DE9F84300269846174659
:102A20003346D7E93242B142054603D9A64273EB99
:102A3000020C0BD3A41BA1EB060962EB0302C7E94E
:102A40003242B9F1000F27D1BDE8F883B8EB040496
:102A500062EB4202A41943EB02024FEAD40C4CEAA7
:102A6000427C07EBCC0E04F0070457F83C20DEF85C
:102A700004E0E500C5F1200CA5F12004EA400EFABF
:102A80000CFC42EA0C022EFA04F42243013600F850
:102A9000012B43F10003C4E73846DFF76DFE002445
:102AA00024F00701E308394404F007024E68D2001D
:102AB00057F83330C2F12000A2F12001D34006FACA
:102AC00000F0034326FA01F10B432B550134A145D5
:102AD00001D0A045E4D12544A9EB04090022A8EBCC
:102AE0000404ACE72DE9F04F0C46B5B017460021C1
:102AF000C8221D46019006F060FD019B4FEAD408F4
:102B0000A3F10806A54244D22246002102A806F0FD
:102B100054FD2A46394602A806F028FD05F1D003E7
:102B20000DEB03059DF8F83002AA05F8C83C04F146
:102B3000CF030DEB030414F8C83C63F07F0304F8E3
:102B4000C83C0024002396461F461D461EF8010B74
:102B5000A3F12001C3F1200C00FA01F120FA0CFCD2
:102B60009840083341EA0C01402B47EA000745EA48
:102B70000105EBD156F8081F0134736879406B40AA
:102B8000A045C6E9001302F10802DBD835B0BDE864
:102B9000F08F32464FF0000C002399469E4607EB1B
:102BA000CC0B1BF8010BA3F1200AC3F1200100FAA2
:102BB0000AFA20FA01F1984008334AEA0101402B51
:102BC00040EA090941EA0E0EEBD152F8081F0CF158
:102BD000010C536881EA090183EA0E03E045C2E96A
:102BE0000013D9D80198DFF7C7FD2D1B274489E7CB
:102BF00010B50446D020E5F79FFE206010B96F2085
:102C0000FEF7EAFFBDE81040FFF755BE1346006827
:102C10000A468821FFF75ABE1F2288210068FFF765
:102C2000D0BE88231268FFF7F6BE0068E5F79EBEA7
:102C3000F7B50746C8200D461646E5F77DFE386015
:102C400010B96F20FEF7C8FF1F232A460093882182
:102C50003346FFF747FF03B0F0BD88231268FFF744
:102C6000FABD0068E5F782BEF0B50C468827B4FBD4
:102C7000F7F50646A5B0114601A81A46FFF7D8FF9A
:102C800029467D43304601AAFFF7E7FF641B09D0C0
:102C9000012101AA02A8FFF7E0FF224602A970194C
:102CA00006F064FC01A8FFF7DCFF25B0F0BD8368E7
:102CB00000EBC101B3F5004F2CBF51F8220031F8F1
:102CC0001200704700EBC1018068B0F5004F2CBFC7
:102CD00041F8223021F812307047012208B5FFF781
:102CE000E6FFD04008BD836800EBC101B3F5004F9B
:102CF00008D34B681AB143F001034B60704723F0CF
:102D00000103FAE74B881AB143F001034B80704787
:102D100023F00103FAE753000122FFF7D3BF8368D2
:102D2000B3F5004F34BF04230823C91A081AC0089A
:102D300070478368481CB3F5004F34BF0423082351
:102D40000833A0EBD300B0FA80F0C0F11F00704749
:102D50002DE9F041174603220E460446FFF7A7FF70
:102D60008642054607F104080AD10122E368BA4009
:102D700023EA0203E360002344F82830BDE8F08131
:102D8000314602222046FFF792FF06462B460146B7
:102D90000322204644F82850FFF794FF3346294683
:102DA0002046BDE8F0410222FFF78CBF70B50D460A
:102DB00086680446FFF791FFB6F5004F014601D340
:102DC000012809D02046FFF7B4FF294602462046D5
:102DD000BDE87040FFF7BCBF70BD2DE9F047054668
:102DE000FFF7A7FF05EB800ADAF810908846064641
:102DF000B9F1000F1BD00327DAF81040284621460E
:102E0000FFF76BFF404507D3324621462846FFF7C0
:102E10009FFF2046BDE8F087032221462846FFF7A2
:102E200046FF013FCAF8100001D08145E4D14FF0C0
:102E3000FF34EB680136B4401C40EAD094FAA4F2A7
:102E4000B2FA82F2131D55F82340DEE72DE9F04176
:102E500014460E460546FFF740FFA4EB0608371B55
:102E60000744424631462846FFF755FF3A46214679
:102E70002846FFF750FF4346002221462846FFF729
:102E800021FF21462846FFF728FF3B462118002254
:102E90002846BDE8F041FFF715BF2DE9F041164681
:102EA00004460F46FFF719FF314605462046FFF757
:102EB00014FF05442A4639462046FFF72CFF3146C9
:102EC0002046FFF70AFF2B46311800222046BDE8B6
:102ED000F041FFF7F7BE2DE9F0410D468668044644
:102EE000FFF7FBFEB6F5004F014601D3012832D0B3
:102EF0002046FFF71EFF04EB80010E6996B9012200
:102F0000E36882401343E36002220D612B462946A9
:102F10002046FFF7D7FE032229462046BDE8F041B0
:102F2000FFF7D0BE022231462046FFF7C0FE07461B
:102F3000034629462046FFF7C5FE032233462946AD
:102F40002046FFF7BFFE39462B462046FFF7BAFE64
:102F500002223146E1E7BDE8F081F8B50C460546AE
:102F6000FFF7BBFE2618012231462846FFF79FFED9
:102F7000C3070CD431462846FFF718FF21462846E0
:102F8000FFF7ABFE214622182846FFF786FF0022F6
:102F900021462846FFF78BFE271A0122394628468C
:102FA000FFF785FE10EA020613D139462846FFF7DF
:102FB000FDFE214632462846FFF779FE2246211AB9
:102FC0002846FFF76AFF214632462846FFF76FFE84
:102FD000241A21462846BDE8F840FFF77CBF70B5AB
:102FE000056809B9002070BDAB6801F00704B3F5AE
:102FF000004F2CBF0822042207341444E40804EBD9
:10300000D1049C4228BF1C4628462146FFF7E5FE16
:1030100006460028E6D001462846FFF75EFEA0429D
:1030200009D93444314628462246FFF70FFF21468E
:103030002846FFF750FF284601223146FFF753FE8E
:10304000AB68B3F5004F34BF0423082303EBC6037A
:103050001844C8E71146FFF7C2BF2DE9F0470646FE
:103060000D46174698462BB34FF0000A98F80040DB
:1030700093F80190DB78A40004EB430498F8023045
:103080001C444444CA4509D339463046AC46D8F8B6
:10309000042008F10803BDE8F047604714F8013B3D
:1030A0000AF1010A204648F82340DDF749FF0130C4
:1030B0000444E7E76FF01500BDE8F08770B5002520
:1030C00002462846144614F8013B0BB9184609E09D
:1030D00098B18D4207D1702B04D0A3F140023A2A57
:1030E0000BD8002070BDA3F140063A2E05D85378C6
:1030F0000135941C002BE9D00020252B224608BF67
:1031000080F00100DEE7002070470FB407B504A986
:1031100051F8040B0191E0F7FFFD03B05DF804EBFB
:1031200004B07047002383F31188BFF36F8F04232B
:10313000184602DF70470FB407B504A951F8040B15
:103140000191E0F7E9FD03B05DF804EB04B07047CE
:1031500010B50369024613F0080009D11368D4685A
:103160009C429BBF0120526AE31AD31A0B6010BD28
:1031700000231846FAE713B501A90446FFF7E8FF54
:1031800020B1019BE268013B13440193606A019BFB
:10319000C01A013802B010BD10B50446501822699B
:1031A000636AD20702D5013B184010BD984228BF80
:1031B000C01AFAE710B504460A46C168FFF7ECFFEB
:1031C0002369E06023F00803236110BD38B50D4684
:1031D000026A8B00016843F00203044642F8213082
:1031E00001682A46FFF7D8FFE3686168984208BF84
:1031F0002369206008BF43F008032A46204608BF21
:103200002361FFF7C9FF606038BD2DE9F74FC7683C
:10321000066A9B4606EB8703009316F827300446A0
:1032200003F00303022B884691464FF000030BD0B6
:103230001360CBF8003023699B0713D44FF0000ACA
:10324000504603B0BDE8F08F56F827101360890888
:10325000CBF80030EFD0FFF7ADFFE368A3604FF08D
:10326000010AEDE7E36906EB8700984716F8272087
:10327000054612F0010AE1D012F002021FD0B8F1A7
:10328000000F03D041462046FFF7A0FF61682A46A1
:103290002046FFF781FFD4E902219142606006D108
:1032A0002A462046FFF778FF4FF0000AA060A26888
:1032B0002260E260226942F008022261C0E7014612
:1032C00020460192FFF776FFE368A360B8F1000F94
:1032D00004D02168236A019A43F8212005EB0802F3
:1032E000CBF8002021682046FFF756FF23692060B5
:1032F00043F00803236116F827306FF3000306F844
:103300002730009BC9F80030A9E770B50446154680
:10331000FFF742FF2368834205D12369216023F030
:103320000803236170BD226AAB0043F0020342F838
:10333000213061682A462046FFF72EFF6060F1E7E2
:1033400038B5036904465B0706D5856AFFF713FFA6
:1033500085422CBFA562A06238BDF0B56423054646
:10336000042600200A2769B9F0BD9A42B2FBF3F4A3
:103370000CD2012B0AD048B903FB14220A24B3FB58
:10338000F4F3D2B2013EF0D12E70EDE7303405F8FF
:10339000014BB2FBF3F403FB1422B3FBF7F3013947
:1033A0000130C9B2C0B2D2B2DBB2DCE7A0F1300367
:1033B000DBB2092B02D800200B707047A0F161032B
:1033C000052B02D85738C3B2F5E7A0F14103052B0E
:1033D00001D83738F7E76FF015007047F7B50546A5
:1033E00001F0010000EB51069E424FEA510703D95C
:1033F0000026304603B0F0BD58B128780DF1070122
:10340000FFF7D4FF0028F3DB9DF80730013502F801
:10341000013B01351744BA42EBD015F8010C0DF110
:103420000701FFF7C3FF0028E2DB9DF807402401F6
:10343000E4B2147015F8020BFFF7B8FF0028D7DBD1
:103440009DF807301C4402F8014BE4E7838B13F02E
:10345000070305D10368002B0CBF00200320704731
:10346000022B05D1C08BB0FA80F040098000704774
:10347000012B05D10368002B0CBF002005207047ED
:103480000020704710B50C4600B111B96FF015005F
:1034900010BD081D00F02FF80028F9D1A368032BF8
:1034A000F6D9F3E72DE9F0410D4607461946281DE8
:1034B00090461E46E1F730FA044638B1334642469C
:1034C00029463846A446BDE8F0416047BDE8F08192
:1034D00038B50C46054658B151B10B6843B14B683D
:1034E00033B12022002106F068F800202C6138BD9D
:1034F0006FF01500FBE7034640B1426802F003029B
:10350000022A06D0032A04D0012A05D06FF0150044
:1035100070471A68002AF9D00020986070477047F9
:1035200070B4C66804680D0C06FB0544806A14FA82
:1035300081F184682468A44670BC60472DE9F0439B
:103540000646884617461C46C36A89B01D686D4208
:1035500005F020051CB9204609B0BDE8F083AC4257
:10356000A14628BFA9466A464B4641463046FFF76A
:10357000D7FF0028F0D16B46484502D1241A804479
:10358000E8E713F8012BBA4201D10130F4E701203A
:10359000E2E70B6803F580330B60008A1A0CB0EB8E
:1035A000134F04BFA3EB02430B60704700F06CBCE9
:1035B00038B5C26803680D0C090C044602FB0131E2
:1035C000806A2D0400F044FE50B9E26A2946204684
:1035D000E3685279FFF7B2FF002818BF6FF00500CB
:1035E00038BD014610B507220446FF20F0F762FF00
:1035F000E07110BD0368012B81BFC91801F1FF31D3
:103600005B421940084670472DE9F0410C460546DB
:103610000821C06AFFF7EEFF072207462146FF2078
:103620006688B4F80480F0F745FFE379834208D157
:10363000E8684644C01BB04294BF00200120BDE8AA
:10364000F0810020FBE738B505460C46FFF7DCFFAC
:10365000A0B1A08898B94FF6FF7322889A420DD185
:103660000821E86AFFF7C6FF6288EB689B1AB3FB84
:10367000F0F202FB1030B0FA80F0400938BD0020B3
:10368000FCE7F7B504460D46C06A0821FFF7B2FF14
:103690000823074629682046FFF742FF0646002810
:1036A00036D12B683B442B60E26899B2D21B914221
:1036B0002ED11A0C09BF228AA3F5803102F1FF3204
:1036C00003EB0241204608236A462960FFF728FFE2
:1036D000E8B9E36A5A796B4613F8011B8A420CD1A8
:1036E00001300828F8D1636805E02B68BDF8022096
:1036F0001B0C1B0413442B600AE069462046FFF7AD
:10370000A2FF0028F1D129462046E1F731F906460B
:10371000304603B0F0BD2DE9F043074690461C4605
:1037200089B01BB9002009B0BDE8F083FD683B6893
:10373000080C05FB003313FA81F6FB6A1D686D4225
:1037400025400CD0B86A83683146D3F804902B46E4
:10375000C8470028E7D1641BE4D02E44A844224681
:103760004146684605F002FFFD6A0DEB04002A6839
:103770006979121B05F021FFB86A2B68826831460F
:1037800054686A46A047CEE710B50A460823416848
:103790000446FFF7C0FF08210246E06AFFF72AFF50
:1037A00063681B1A6360104610BD4FF6FF7313B5B4
:1037B00000220446ADF800308DF806308368684674
:1037C000ADF80420ADF80230FFF70BFF6946204644
:1037D000FFF7DAFF02B010BD2DE9F04F082195B0D8
:1037E0000446C06AFFF706FF0546636820461B0CC7
:1037F0001B0403A90393FFF7CCFEDDF80CB0E668C9
:1038000006AA5E44761B0823314620460496FFF73D
:1038100087FE021EC0F2A980E36A06AA5979002336
:1038200012F8010B814240F08F800133082BF7D151
:10383000A36862682B449A427ED259462046FFF71D
:10384000B7FE024691E0BDF81A30360C36041E442D
:10385000049608AA204604A9DDF810A0FFF711FF7E
:103860000246002840F08180204608A9FFF7CCFEE0
:1038700018B9019B9A45ECD1DAE7636805930AAA67
:10388000204605A9059EFFF7FCFE024600286CD1E4
:10389000BDF82820BDF820309A4227D06268059BE9
:1038A0009A42ECD15645E4D1BDF82430002BE0D04B
:1038B000BDF822704FEA1A431B041F44A36808A8EE
:1038C000ADF82230FFF78DFEE36ABDF824901E6844
:1038D000764206F02006B9F1000F0ED1204608A965
:1038E000FFF752FF02460028C3D03EE020460AA957
:1038F000FFF78AFE0028D1D0D4E74E45B04628BF56
:10390000C8460CAA434639462046FFF709FE024640
:1039100058BB4346A1680CAA2046FFF7FCFE41466F
:103920000246E06AFFF766FEA3680344A360E2B9BB
:10393000A9EB08094744CEE72046FFF736FF0246C9
:1039400000283FF47AAF10E0731B204606A90193CC
:10395000FFF779FE00287FF476AF204604A9E1F74F
:1039600007F8024600283FF474AF104615B0BDE8D2
:10397000F08F00231A46E1F70FBA13B50024009424
:10398000E1F7E0FA02B010BD0A46012100F07CBA6E
:103990000369D3F8780370476FF0850070470846D5
:1039A00008B5114618B104F0B9FA002008BD6FF04F
:1039B0000100FBE7084608B5114618B104F0A5FA66
:1039C000002008BD6FF00100FBE713B50446084670
:1039D000216901F55D71D1E8AF1F022909D15BB101
:1039E00068B100931346D0E90912F5F779F802B0EF
:1039F00010BD6FF00F00FAE76FF04C00F7E76FF0C3
:103A00000100F4E72DE9F8431C46DDE908531646AA
:103A100098460F46006939B34AB344B36A1C43F170
:103A20000003022A73F1000324D2226842B1D0F8C5
:103A300078339A4204D96FF00B002360BDE8F88315
:103A400005EA080909F101035A425A41214638465C
:103A500004F06DFA88B9B8F1FF3F08BFB5F1FF3F38
:103A6000F0D06FF06800E9E76FF00100E6E76FF073
:103A70001500E3E76FF08500E0E730600020DDE748
:103A800004F0BABA38B50D46044600F1480128469C
:103A9000DDF744FA30B1284604F1C001DDF73EFA03
:103AA00020B90120782303FB004038BD0020FCE74B
:103AB00002F5307102F5347004F085BDD0F8B030F5
:103AC000A0F53070003B18BF012300EB8300D0F855
:103AD000AC0204F0BBB9C86828B1096983681B68E7
:103AE0000BB1002218477047F6F738B9D0E8EF3F1E
:103AF000C0E8E21F002AF9D1704710B54368046995
:103B00001B68C4F8703304F5EC7004F0BEFC0021AF
:103B100004F55D70FFF7EAFF084610BD2DE9F74395
:103B200017460D4691B30B7883B3D0F8C440A4F583
:103B3000E27914344FF0FF324FF0FF332046F6F7AE
:103B40003DF82A46484601A9E1F74CFB019E804614
:103B50002EB9204603B0BDE8F043FFF7C5BF58B10A
:103B60002046FFF7C1FF3B462A463146484603B090
:103B7000BDE8F043E1F714BB1F22294606F14800D7
:103B800005F045FD86F86780B766E2E703B0BDE85B
:103B9000F083030103EB4003093323F0030303EB3A
:103BA000C00348430330083320F0030018444000AA
:103BB00070472DE9F84306464FF001080569D0F833
:103BC000049005F55D77D7E8EF3F022B03D1C7E8F6
:103BD000E28F002AF7D141D195F86C30002B40D10B
:103BE00095F8E430002B3CD12846D5F8701300F04E
:103BF00054F8044680BB73683669D3E905018368CD
:103C00001B693BB322469847044628BB414606F54C
:103C10003470F7F78DF8D6F8500305F5F876E4F729
:103C200043FA3046D9F8001000F072F8044698B90B
:103C30000146D022304605F0C0FC21464FF4F67212
:103C4000284605F0BAFC21463846FFF74FFF2046CC
:103C5000BDE8F8836FF057040221F5E76FF07704B1
:103C6000F5E76FF00F04F2E710B50846029B114626
:103C700052B993F86C202AB90122184683F86C20B7
:103C8000E1F79CFB002010BD1A6F9468002CF9D05E
:103C90005A6FA047F6E704F0AFB938B50D460446B1
:103CA00060B1F03004F067FB0DB1002038BDC4F8FE
:103CB000C451C4F8C851C4F8CC51F6E76FF01500F0
:103CC000F4E70268D2F8C83013B1D2F8C41018472C
:103CD0007047704783690BB9C36B19707047012037
:103CE00070478369012B03D1C36B1878C0B270474A
:103CF0000420704738B5C41DE4002046F9F73AFBAC
:103D0000054618B12246002105F057FC284638BD6B
:103D100038B504463822002105F04FFC1822002156
:103D200004F1A40005F049FC1822002104F18C00E4
:103D300005F043FCD4F8C000F4F784FED4F8BC00CE
:103D4000F4F780FED4F8803004F154050BB1284616
:103D5000984738220021284605F02FFCF4F7D6FDBD
:103D6000002038BD03785B075FBF03684288C3F358
:103D70004A2303EB12105DBF173020F007008008C4
:103D8000002070470020704703F0D5BB0346D3E8FE
:103D9000EF0F421CC3E8E12F0029F8D17047012042
:103DA000E1F7C8BD002070474368DA71012243681B
:103DB000196043685A71E1F7AFBD70B515460C46FE
:103DC00069B1D2E901369B1B99420AD813680A46A9
:103DD0000146981905F0CAFBAB682344AB60204646
:103DE00070BD6FF01B00FBE770B50E461546194617
:103DF000044618B9BDE87040E1F79CBD33B1C2F389
:103E00004A231030120D184405F0B0FBC4E90056E7
:103E10002046BDE87040E2F705B82DE9F3415F1C8C
:103E20004FEA8708064608F1170020F007008008CF
:103E30000C461546E1F728FE00238DF80470ADF816
:103E400005308DF8073068B10346019AA8F10401E6
:103E500043F8102F2A46294452F8045B8A4243F85B
:103E6000045FF9D100233146A20102F4E07242EA74
:103E7000482222F07F4222F4700222F03F0202B078
:103E8000BDE8F041FFF7B0BF07B50123019201AAD9
:103E9000FFF7C3FF03B05DF804FB07B5CDE90023CE
:103EA00002236A46FFF7B9FF03B05DF804FB1FB5B4
:103EB000CDE90123069B01AA03930323FFF7ADFF7E
:103EC00005B05DF804FBF8B506460D4614461F46DE
:103ED00004B9F8BD214628463A46B047241A05449D
:103EE000F6E710B542680446D2E90023816800680D
:103EF000FFF7E9FF002263681A6010BD0A2838B591
:103F000004460D4602D10D20E2F76EF82946204600
:103F1000E2F76AF8002038BD2DE9F043054687B086
:103F200008460E8891F800900C46D1F80880174694
:103F3000E2F72EF8011EC6F38216C9F3C2091EDB92
:103F40004846E1F781FF0346214651F8102B60886F
:103F5000C2F34A22002A01EB020408BF002100221A
:103F6000C0F30B10CDE90407CDE902142846414601
:103F700001960092E2F764F807B0BDE8F0830023F1
:103F8000E2E7436800201B685B6899617047012184
:103F90002DE9F04143681B685A6811771D682F6846
:103FA000D5E90136D3E900481CB96B681C60BDE84F
:103FB000F081214630464246B847241A0644F3E7CA
:103FC00043681B681868E2F7C9B970B543680C46C6
:103FD0001D686B689869E1F789FC214603460F224A
:103FE0002868BDE870401847704770B54C68036892
:103FF000A34201D2012070BD8A682244934201D3BA
:104000000020F8E74E69D1E90325B54203D36FF0EC
:104010000B038B61F4E71B1B42F8353043680869DA
:1040200002EBC00253600B6901330B61E2E737B565
:104030000C46C0B201A91546E2F708FA00280CDBCD
:10404000019850B121462A46E2F726FA0446019823
:10405000FFF7CAFF204603B030BD6FF01504F9E743
:104060000020E2F765BA00221146E2F72FBA0346B4
:1040700010B508460AB10021116053B1D0B1411EFC
:1040800011F8010F80B113F8014BA04201D13D2876
:10409000F6D100200EE0013313600AE03D2808D07D
:1040A000B0FA80F0400905E018782F28F6D1002AF0
:1040B000F1D1012010BD10B509B100230B6058B13A
:1040C00003461A781C4601332AB13D2A03D02F2A11
:1040D000F7D101B10B60201A10BD0830704710B540
:1040E000134614460A4681880068FFF746FCA04242
:1040F000A8BF204610BD2DE9F04F97B004469A4660
:104100008946019200297CD0DAB1BAFA8AF676099A
:10411000258F04F1080B0135ADB2A8466F1EBFB262
:10412000B7F5004F26D04A233946584603AAFFF771
:1041300024FC002807DA10F1020F08BFB8463D46FC
:10414000ECE70126E4E700F158030DEB0300002340
:1041500003A900F84C3C4846DCF7E0FE0028EED10D
:1041600026B339465846FFF704FC002805DA17B095
:10417000BDE8F08FBEB30020F9E705F57F513F3170
:10418000584689B2FFF7F5FB0028F0DB238FBB42CE
:10419000F1D12246013B22F8383F4FF4004102237F
:1041A0005846E0F7F9FD00EAE070E0E7B846B8F5F8
:1041B000404F29D0238F04F10805434515D308F556
:1041C000804153462846019A89B2E0F7E5FD002870
:1041D000CDDB002ECFD04846DCF7B2FE4A46034680
:1041E00041462846DDE70126E1E7224602234FF457
:1041F0000041284622F8388FE0F7CEFD0028DEDAAD
:10420000B5E76FF01500B2E76FF00B00AFE773B5DD
:10421000C36B04460363C3B100F108063046E0F700
:1042200005FC054670B902234FF4004130460DF1FC
:104230000602FFF7A2FB0028B4BF4FF40043BDF80D
:1042400006302387284602B070BD6FF01205F9E7EB
:104250002DE9F04187680446FB680D4616469847ED
:10426000BB682BB1324629462046BDE8F0411847CD
:104270006FF05700BDE8F08170B50446D0F8340106
:10428000A8B10026451EAE4201DD00200FE07219E4
:1042900002EBD2725210D01CC30004EBC0000089A4
:1042A000884201D2561CEEE702D80433E01870BDF4
:1042B000551EE8E7FFF7E8BD002310B50446C0F837
:1042C0003431D4F8500110B9C4F8580110BDD4F8F5
:1042D000542103689042C4F8503108BFC4F85431E7
:1042E00004F0ABFAEDE7034610B5D3E8EF0F00EAB0
:1042F0000102C3E8E42F002CF7D110BD70B50446CD
:104300000D46FFF7D9FF6FF0010104F59C70FFF730
:10431000EAFFD4F85C319B682BB1294662682068BB
:10432000BDE87040184770BD10B50446FFF7C4FFE4
:104330006FF0010104F59C70FFF7D5FFD4F85C31F4
:104340005B6823B1D4E90001BDE81040184710BDF7
:1043500037B54FF4205300240546016868468DF8B0
:104360000040ADF8023000F04BFA18B92868083860
:1043700003B030BD42F60103296801A88DF804405E
:10438000ADF8063000F03CFA0028EFD02046EFE709
:1043900037B542F6030300240546016801A88DF8ED
:1043A0000440ADF8063000F02BFA18B92868083838
:1043B00003B030BD2046FBE7006870471C307047F3
:1043C000F7B500F11C0531B1A94203D200252846FA
:1043D00003B0F0BD0D46002642F60307D0F8343195
:1043E00000EBC30000F11C040835AC42EED929688B
:1043F00001A88DF80460ADF8067000F001FA0028FD
:10440000F2D1E4E7034600F11C0219B1914202D255
:10441000002070471146D3F8342101F1080003EB66
:10442000C2031C33984228BF0020704713B5FFF722
:10443000E9FF044618B90024204602B010BD00234D
:104440008DF8043042F60303016801A8ADF8063088
:1044500000F0D6F90028EFD1EDE770B50546164615
:104460000C4621462846FFF7E1FF044628B13046B6
:10447000216800F0C5F90028F3D1204670BD38B599
:1044800000F59C7504466FF002012846FFF72BFFEC
:1044900083070DD504F5B270F6F758FB2046FFF7F9
:1044A0000BFF6FF001012846FFF71DFF002038BD0C
:1044B0006FF07700FBE710B5044623780846052B1C
:1044C00006D8032B0ED8023B012B06D9012010BDC4
:1044D000063B012BFAD8022200E000222146E2F737
:1044E00059FDF3E70122F9E7E7F7F6BD104630B4CE
:1044F00092688389A0F12404D4E8EFCF2CF0040C57
:10450000C4E8E5CF002DF7D144691CB1A44630BC06
:104510002838604730BC704710B50C461146A4F1EE
:1045200010001A4679B92181A4F10C03D3E8EF1FDA
:1045300021F00201C3E8E21F002AF7D1236B03B187
:104540009847002010BDA36A13B1BDE8104018477A
:104550000120F7E7024630B598B191B10430D0E8B8
:10456000EF3F43F00104C0E8E54F002DF7D113F011
:10457000010009D10B6893634B68D3638B681364A4
:1045800030BD6FF01500FBE76FF07700F8E7FEE74E
:1045900005F013B804F0EABF01460068E3F70CBA6F
:1045A00008B5E3F765FABDE80840E3F785BA0A46BF
:1045B0000121FFF769BC00210120E3F7FDB9436E3B
:1045C00083F30B8870476FF08500704761B662B661
:1045D00080F31188BFF36F8F704708B572B6002360
:1045E00083F31188BFF36F8FE4F784FD50B1BFF3FD
:1045F0004F8F30BF00BF00BF00BF00BF00BF00BF74
:1046000000BF00BF62B6BFF36F8F08BD10B5044690
:1046100072B6002383F31188BFF36F8FE4F76AFD4E
:1046200050B1BFF34F8F20BF00BF00BF00BF00BF1E
:1046300000BF00BF00BF00BF84F31188BFF36F8FBE
:1046400062B610BD40E800F313F4803FD8B208BF53
:104650006FF01500704730B50C684B6885B00A895B
:104660004D890094013B24F01F04234402F01F02F3
:1046700042EA451223F01F0369468DF80820039390
:10468000E3F784FE05B030BD08B5D1E904319847A1
:10469000002008BD08B5E4F707F9002008BD704701
:1046A000C16A8968E4F7D0B992B281600160C280C2
:1046B0008280704703680B6043684B6083688B603F
:1046C000704710B50C460121E4F78CFC047010BD56
:1046D00010B5036801211C78E4F7A4FC204610BD46
:1046E00010B5036802211C88E4F79CFC204610BD2D
:1046F00002688068101A70478388C2888168D21A5D
:1047000003685B1AD01A704738B50D461446114637
:10471000E4F7C4FC22462946BDE8384004F026BF31
:1047200010B50C460121E4F7B9FC047010BD10B5BA
:104730000C460221E4F7B2FC0470240A447010BD58
:104740004FF05023012270B50C460546C3F81426DD
:104750000020E4F779FD28462346BDE8704000219B
:10476000184730B50546B1F8032087B04B79ADF84E
:1047700008200C460D2200210DF10B008DF80A30A7
:1047800004F01BFF02AA11462846E7F71FFD10B1EF
:10479000002007B030BD029B0322ADF80430204654
:1047A0001B0C01A98DF8063004F00FFFB0FA80F061
:1047B0004009EEE770B50D4600210446FFF77BFC8B
:1047C0000D2818D1237B302B13D0312B13D101238B
:1047D00005F8063B04F10C062A4620460123022177
:1047E0000234FEF7FBFDB44205F1FF35F4D10020A1
:1047F00070BD0023ECE76FF01500F9E7002070476B
:1048000010B50C46017822788AB08A420FD06946EA
:10481000E5F702F8204605A9E4F7FEFF10220DF1A6
:1048200015010DF1010004F0D0FE0AB010BD012AFF
:1048300006D0022A07D072B940886388C01AF4E70C
:1048400040686368FAE71022611C01300AB0BDE8D5
:10485000104004F0BABE6FF01500E6E7042A0AD053
:10486000102A0DD0022A4FF0000315D103700B88D7
:10487000438001207047012303700B684360F8E711
:10488000022300F8013B01F1100351F8042B994277
:1048900040F8042BF9D1ECE718467047012310B516
:1048A0000621044600F8013BE7F77EFC18B9A3791E
:1048B00063F03F03A37110BD0B6803608B88838096
:1048C0008B798371037823F00203037070470078BB
:1048D000C0F34000704738B50446807AE4F770F8BA
:1048E0006169054649B1637ADB0704D4C36A20468F
:1048F0001B689B6898470023636121462846BDE8F2
:10490000384003F0EDBD08B5E5F7FCFFBDE8084011
:104910000820E4F7BDBF08B5FFF7DDFFBDE808409C
:104920000220E4F7B5BF438A23B9C068B0FA80F02B
:104930004009704700207047D0F8A03083B15A7CFE
:10494000D1070DD5D2060DD51B7C102B14BF032328
:1049500004234372807A98428CBF00200120704764
:104960000223F6E70323F4E70F2807D80D280BD816
:10497000052808BF032018BF02207047132803D062
:104980001A2808BF0120F6E70120704770470B681E
:1049900003608B8883808B7983717047FFF774BACB
:1049A000034610B5D3E8EF0F40EA0102C3E8E42F55
:1049B000002CF7D110BDFFF770BA0023E1F752BA0F
:1049C000D0E8EF3F0B40C0E8E23F002AF8D1704743
:1049D0007047C0F30723537000231070000ED0708F
:1049E000C1F30720090E9370137150719371D17147
:1049F000704738B504460D46E5F748FA5F3005D1F3
:104A000029462046BDE83840E5F7F2B938BD012017
:104A1000704710B503884288934219D8052B17D9DF
:104A2000B2F5486F14D88388B3F5FA7F10D240F6F8
:104A30007644C088A0F10A0189B2A14208D80133A6
:104A40009BB25343B3EB800F34BF0120002010BD55
:104A50000020FCE70020704708B5EFF717FA18B1FF
:104A6000408A003818BF012008BDE6F79FB870B52E
:104A700006460D464FF0FF304FF0FF31E5F714FDCD
:104A8000044668B103210C30E4F708FB068085700A
:104A90002146BDE87040002240F20640E5F7A0BF85
:104AA0006FF0680070BDC368187808B1E6F7DAB82F
:104AB0001846E6F75DB938B54FF0FF3105464FF0BF
:104AC000FF30E5F7F1FC044668B102210C30E4F751
:104AD000E5FA2B88214603800022BDE8384042F2E7
:104AE0001600E5F77DBF6FF0680038BDF8B50746E2
:104AF0000E464FF0FF304FF0FF311546E5F7D4FC7E
:104B0000044678B106210C30E4F7C8FA3B884680A9
:104B1000038085802146BDE8F840002242F2220051
:104B2000E5F75EBF6FF06800F8BD2DE9F0478146FC
:104B300088464FF0FF304FF0FF3117461E469DF874
:104B400020A0E5F7B1FC0546A0B107210C30E4F741
:104B5000A5FAB9F8003080F802800380C7700671AA
:104B6000A0F805A02946BDE8F047002242F2320035
:104B7000E5F736BF6FF06800BDE8F08770B5064610
:104B80000D464FF0FF304FF0FF31E5F78DFC044646
:104B900018B9BDE87040E5F721B903210C30E4F7FE
:104BA0007DFA068085702146BDE8704042F2210002
:104BB000E5F75ABE072208B504F007FDB0FA80F009
:104BC000400908BDFFF760B90B6803608B888380DC
:104BD0008B7983717047D0E8AF0F7047F8B50F46F7
:104BE000144638BB4FF0FF304FF0FF31E5F75CFC67
:104BF000054610B327210C30E4F750FA224606464A
:104C00003946FFF7E1FFC31D04F1100152F8040B10
:104C10008A4243F8040BF9D11022002106F1170053
:104C200004F0CBFC2946BDE8F840002242F2270000
:104C3000E5F7D6BE6FF01500F8BD6FF06800FBE732
:104C4000037A02465B0705D501462E3211F8010BA7
:104C5000FFF7C4BF704738B54FF0FF3105464FF03E
:104C6000FF30E5F721FC044658B129460C30FFF728
:104C700057FD2146BDE83840002242F22D00E5F7FD
:104C8000AFBE6FF0680038BD70B5044686B00E4602
:104C900001300131FFF78EFF2E3416220021054628
:104CA000684604F08AFC10226946204604F08DFC18
:104CB00040B11022204606F12E0104F086FC0028A7
:104CC00008BF0125284606B070BD10B50C4630B9A6
:104CD00019B1EFF787F800B1441C204610BD00243D
:104CE000FBE707B580B906216846E7F75DFA40B9EA
:104CF0009DF80530684603F03F038DF80530E6F770
:104D0000A5FB03B05DF804FB6FF01500F9E7012087
:104D10007047037AD90704D523F001030372E6F73D
:104D200003BD990704D523F002030372E6F716BD0D
:104D3000704710B50C4631B10020FFF7D2FF08B91B
:104D40000123237010BD6FF01500FBE700207047B2
:104D5000D0E8AF0F7047032808B501D0E6F712FF7F
:104D6000BDE80840E6F722BF0368D90444BF43F416
:104D70008063036003689A0444BF43F400630360E4
:104D800070470368D90444BF43F480630360036839
:104D90009A0444BF43F400630360704700230B6030
:104DA000436813B9C0E9001170471960416070474A
:104DB000D0F8B000003818BF01207047D0E8AF0F1E
:104DC0007047FFF76AB82438E7F79ABD00220368F6
:104DD0000BB9184670478B4210D10B6842B9426834
:104DE0000360914200D14360002301200B607047B3
:104DF00013604368994208BF4260F5E71A461B6892
:104E0000E6E7437B072B01D1E7F7C6BD704710B536
:104E10000446006918B1E3F7BBFF0023236110BD0E
:104E200010B50446D0F8A00028B9207A04F170012A
:104E3000EFF72CF838B1E278438A2AB913F0210F42
:104E400014BF0120002010BD13F0240FF8E72DE956
:104E5000F843089E8146102E0C4690461F462FD8D8
:104E60004FF0FF304FF0FF31E5F71EFB054658B31A
:104E70001C210C30E4F712F90346B9F8002039463A
:104E800023F8022B2268C0F80220626800F10C04AB
:104E90005A60B8F8003032464381204604F066FB81
:104EA000102E05D00021C6F11002A01904F085FBD8
:104EB0002946BDE8F843002242F21900E5F790BD0B
:104EC0006FF01500BDE8F8836FF06800FAE710B5E1
:104ED00083780446012B29D1437B072B29D10A066D
:104EE00001F07F030FD5021DD2E8EF0F40F4004020
:104EF000C2E8E10F0029F7D12046A37201F0B6FD08
:104F000088B9002010BD427A9A42FAD2827A9A4237
:104F1000F7D2021DD2E8EF0F20F40040C2E8E10F03
:104F20000029E9D0F6E7637AA372EBE76FF015008A
:104F3000E8E76FF07F00E5E78378012B0CBF407A4C
:104F40000020704737B505460C46FFF7C0FC2946E0
:104F5000A8B16846FFF7B0FC69460020E8F764FC9A
:104F600058B12388A0F88C306388A0F88E30A388CD
:104F7000A0F89030E388A0F8923003B030BDFFF77E
:104F8000A4FE0346006800909A889B79ADF804203F
:104F90008DF80630E0E738B5037A04468B421546B3
:104FA00015D100F170010722284604F00EFB80B1F4
:104FB000E378072243B904F17E01284604F005FB9B
:104FC000B0FA80F0400938BD04F17701F5E7002020
:104FD000F9E70120F7E78378012B0CBF7030002040
:104FE0007047F8B507460D464FF0FF304FF0FF31E0
:104FF000E5F75AFA0646D0B10E210C30E4F74EF828
:1050000004460E22002104F0D8FA3B883146238062
:105010002B88002263806B8842F21300A380AB8848
:10502000E380EB882381BDE8F840E5F7D9BC6FF059
:105030006800F8BD704710B50446F6F757FF2346E1
:1050400053F84C2BD2F8B01061B9E164D2F8B41027
:1050500061B9C2E92C33F6F7BBFF2068BDE8104008
:10506000E7F77EBE8B42F6D00968EDE70B60C2F829
:10507000B430F0E770472DE9F843446B002C55D06D
:1050800054F8085905B1083D002701E02C461D469B
:10509000D4E900682EB3F6F729FF0022D6F8B03025
:1050A00004F14C0163B1994232D1E36C42BBD6F8B2
:1050B000B420C6F8B030914201D1C6F8B430E764EC
:1050C000F6F786FF04F13009002200234846F4F782
:1050D000FDFF0646F8B9D8F804300BB120469847D2
:1050E0002760E3680BB120469847D8F820300BB111
:1050F00020469847D5B1AB68002BC7D0083BC5E721
:105100001360D6F8B430994208BFC6F8B420D6E789
:105110001A461B68C6E7B36923B16FF06D02F169E7
:10512000206898473046E3F733FECDE7BDE8F883C3
:1051300038B5436B0D46BBB1184650F8084904B169
:10514000083C53F8043C9B680BB1294698475CB176
:105150002046A468436824B19B68083C002BF4D126
:10516000F6E79B68002BF0D138BDF8B50F4600215B
:105170000546164600234FF480320846E8F73AFE0B
:10518000044620B92846BDE8F840E8F7FFBD0421F1
:105190000C30E3F783FF0570477046802046F8BD6A
:1051A000406B28B1838B08388B4201D08068F8E7C8
:1051B000704710B54AB989B2FFF7F2FF28B14368CA
:1051C0009B6913B1BDE81040184710BD38B50D46B6
:1051D0000521FFF7E5FF002329461A46E8F742FEBE
:1051E000044610B12846E3F7D3FD204638BD406B96
:1051F00028B1838908388B4201D08068F8E770476E
:1052000070470346006828B15968026888421A60EE
:1052100008BF5A6070470346002003B970471A8AD6
:105220005B681044F9E710B5D4680231237813B9EC
:105230002170012010BD8B42FBD0038A023B038208
:1052400000201061F6E7FEF71FBE08B503680A8A62
:105250001868C968EDF754F8002008BD38B5054650
:1052600001F10C000C46FFF73BFA2D680146238A3A
:105270002868E26801F018FA002038BD70B40568AB
:10528000AA6A52B3136803B1B03BA2F1B004002282
:10529000114600E0B03B844207D0668D648BB1427A
:1052A00038BF3146A24238BF22461C462BB1D3F844
:1052B000B030002BEED18442EFD1438D408B8B4236
:1052C00001D890420BD9824238BF024699422868E1
:1052D00038BF194670BCEDF78FB81146EDE770BCCA
:1052E000704773B51446014605464FF49572206821
:1052F00001F08CF8207530B92946206801F020FAB9
:1053000020B908232375002002B070BD237AB3B101
:10531000A3F11802534253419B000193638A29462B
:105320000093AE68238AE2682068B047002808DB53
:10533000238A98420CD1002301202375E4E702233D
:10534000EBE710F1FF0F03D34042C0B22075DAE75C
:105350000E20FBE71FB5CDE9012300231A46009379
:10536000EBF7F0F905B05DF804FBF8B59368054676
:105370000F461446166863B9506801210C30E3F7F4
:105380008DFEA0602B681B78002B14BF0223012325
:105390000370A3681B78012B03D0022B1FD00020C1
:1053A0001CE02B681B78002BF9D1606804210C30BD
:1053B000E3F774FEE06007802A68E36852885A8049
:1053C0006168728D738B088A9A4294BFC0EB0200A9
:1053D000C0EB0300042894BF00200120F8BD2B6817
:1053E0001B78022BDBD1606812210C30E3F756FEEC
:1053F000E06007802B68E268591C0232113351F8D3
:10540000040B994242F8040BF9D16168728D738BD9
:10541000088A9A4294BFC0EB0200C0EB0300122836
:10542000D9E7D0680431037813B9017001207047BF
:105430008B42FBD0002091680B8A043B0B821061E9
:1054400070472DE9F04104468868FFF7E4FE638D5C
:10545000628B0D46934228BF134683421DD300271B
:10546000E165D1F808808F60F6F740FD414620469F
:10547000E9F768F8064638B1C5F80880E765F6F739
:10548000A7FD3046BDE8F081618D638B28469942C7
:1054900028BF1946EDF7AAF8F1E76FF07906F0E7B3
:1054A00038B504460D46E9F74DF830B1294604F108
:1054B0006000BDE8384003F008B838BD70B5044658
:1054C0000E46002200230846F4F700FE054658B1B8
:1054D00001462046E9F736F8044618B12946304619
:1054E00002F0FEFF204670BD6FF00104FAE72DE9DF
:1054F000F04F044685B0104690469946FFF78BFE64
:10550000638B628D8B46934228BF1346834240F2E1
:105510009380636840460393E3F794FC4FF0000ADE
:1055200006464046FFF777FE628B638D06F10C0757
:105530009A4294BFC0EB0205C0EB03053846FFF763
:10554000DBF8854217D24046FFF765FE628B638D1C
:105550009A4294BFC0EB0205C0EB03058DBB98F8DF
:105560000A00E3F72DFA00220023FFF799F8064618
:1055700030B9574636E03846FFF7BEF80546EDE746
:1055800001464046E3F7A4FC4046FFF744FE628D27
:10559000638B06F10C079A4294BFC0EB0205C0EB87
:1055A00003053846FFF7A8F885421FD24046FFF7AB
:1055B00032FE628D638B9A4294BFC0EB0205C0EB52
:1055C0000305F168328ACDF80090DBF804700A44D4
:1055D00003985946ABB2B847071E0CDABAF1000F70
:1055E00018BF5746384605B0BDE8F08F3846FFF77C
:1055F00083F80546E5E70E9BB3B9394606F10C0082
:10560000E3F74CFD4046FFF706FE638D628BB9441D
:10561000934228BF13468342BA441FFA89F9A8D996
:10562000AF423FF47EAFA4E7394630460F9A0E9B57
:1056300098470028E1D19CE70027D3E700220368C0
:1056400003B970478B420FD10B683AB942680360C7
:10565000914200D1436000230B60704713604368A0
:10566000994208BF4260F6E71A461B68E8E7D0E8AF
:10567000EF3F43F00802C0E8E12F0029F7D1C3F360
:10568000C00070472DE9F041064690461F460D4682
:10569000B9B104220121E9F785F8044618B9BDE83B
:1056A000F041E8F7C1BF04210C30E3F7F7FC0570C7
:1056B000A0F80180C77021463046BDE8F041FFF7F1
:1056C000EFBEBDE8F08137B50C46054601F10C0090
:1056D000FFF706F8228A03460192E268122100923F
:1056E00028461322E9F7CEF803B030BD37B50C4693
:1056F000054601F10C00FEF7F3FF228A03460192F2
:10570000E2682846009200221146E9F7BBF803B090
:1057100030BD00232DE9F34117681446D7F8048003
:105720000146137306469522404600F06FFE05467B
:10573000207330B93146404601F000F828B90823FB
:105740002373002002B0BDE8F081CDE90055314659
:105750003846A388A268FFF7CAFE002807DA10F1CE
:10576000FF0F32BF0E204042C0B22073E9E7012094
:10577000E8E700232DE9F34117681446D7F80480C1
:105780000146137306469522404600F03FFE05464B
:10579000207330B93146404600F0D0FF28B90823C5
:1057A0002373002002B0BDE8F081A068798D7A8B68
:1057B000038A914294BFC3EB0103C3EB0203012BA5
:1057C000EFDD02210C30E3F769FCCDE9005580469E
:1057D000A38831463846A268FFF789FE031E06DA21
:1057E00013F1FF0F2ABF5B420E23DBB2D8E7012083
:1057F000A8F80030D6E707B5CA680C21138852888C
:1058000000920D22E9F756FB03B05DF804FB07B5E3
:105810000022CB680A211B8800920B22E9F74AFB81
:1058200003B05DF804FBF8B5CB6804461F88BBB233
:10583000162B24D90321E9F7FFF9064608B3022104
:105840000C30E3F72BFC00256FF008034570037064
:1058500031462046FFF724FEF723638323686785DC
:105860001B680433D3E8EF1F41F48031C3E8E21F23
:10587000002AF7D12046FFF701FD2846F8BD042095
:10588000FCE70E20FAE7F8B5054650F8044C071F70
:1058900000F15403D3E8EF1F21F00401C3E8E21F35
:1058A000002AF7D1FCB1AB6D83B9636873B1201DD9
:1058B000FFF7A7FC064601463846FFF7C2FD90B148
:1058C00063683360A368666003B9A660384605F173
:1058D0005C01FFF7F3FD30B1384604F10C01BDE87F
:1058E000F840FFF7EBBDF8BD2DE9F041846A0746AB
:1058F00034B354F8B06906B1B03E002307F1040890
:105900001D4601E034461646E26D92B905B983B9E9
:105910004046FFF776FC054650B101462046FFF7AA
:1059200090FD68B17B682B60BB687D6003B9BD608A
:1059300023462EB1D6F8B020002AE3D0B03AE1E7F2
:10594000BDE8F08138B50546D1E8AF3FDB0716D595
:1059500050F8040C98B1AB6D8BB90430FFF751FCD3
:10596000044660B10146281FFFF76BFD38B155F8BA
:10597000043C5A6822609A685C6002B99C6038BD39
:10598000EAF72EBE08B5E9F789FC08B3826A02B3CC
:10599000136803B1B03B32F8960C32F8862C904273
:1059A00028BF104643B913E0934228BF13469842DC
:1059B00038BF1846A1F1B003D3F8B0105A8B5B8DF5
:1059C0000029F1D19A4228BF1A46904238BF1046AA
:1059D00008BD1046FCE70A8A0023C968E9F700BE43
:1059E000FFF7F9BFFFF7F7BFFFF7F5BFFFF7F3BF0B
:1059F000FFF7F1BFFFF7EFBFFFF7EDBFFFF7EBBF1B
:105A0000FFF7E9BFFFF7E7BFFFF7E5BF70B5CE6867
:105A1000044633880D469AB2162A06D8002204237B
:105A20001146BDE87040E9F7DBBDF72243854283AC
:105A3000FFF724FC0023314620462A8AF1E710B5FF
:105A40000C46E9F72BFC90B1836A43B153F8542C10
:105A5000B03B9169A14209D0D3F8B030F5E7406876
:105A600028B18369A34202D00068F9E7104610BD4F
:105A70000120704708B5E9F711FC78B1836A6BB172
:105A8000B03B03F15802D2E8EF0F20F00800C2E863
:105A9000E10F0029F7D1D3F8B030F0E708BD08B521
:105AA0000421FFF7A4FB20B15430D0E8AF0FC0F3BE
:105AB000C00008BD70B51C460E461546E8F71CFD33
:105AC0000123C0E90365C380047570BD1060002028
:105AD000704710B5029CA36833B1B1F5807F28BF31
:105AE0000E21CAB221469847A37DE268013BDBB292
:105AF000A37522B11BB92046BDE81040104710BD68
:105B00001060918000207047B1F5807F28BF0E2182
:105B1000009AC9B213681847B1F5807F28BF0E21DB
:105B2000009AC9B21368184700207047FEF7B5B94C
:105B3000F0B5076806463D78144689B0E5B97B881C
:105B4000B3F5245F04D011D8A3F52053032B13D849
:105B5000ADF80A10022220460DF10A01E9F768FFAC
:105B600070B16FF01502C4F85C2106E003F55643EE
:105B7000FF339BB2042B1DD90125284609B0F0BD87
:105B80007B88022220460DF10A01ADF80A30E9F7C0
:105B90004FFF0028E5D1009003AA13233146776810
:105BA000B847021EDFDB03A92046E9F741FF0028C2
:105BB000E2D0D6E7ADF80A10022220460DF10A0124
:105BC000E9F736FF0028CCD17B880222ADF80A30F5
:105BD0000DF10A01E8E7072208B503F0F6FCB0FA78
:105BE00080F0400908BD10B503780446934207D100
:105BF0000130FFF7F0FF002814BF2046002010BD41
:105C00000020FCE7034610B5D3E8EF0F40EA01029D
:105C1000C3E8E42F002CF7D110BD034610B5D3E83C
:105C2000EF0F00EA0102C3E8E42F002CF7D110BD0A
:105C30000B6803608B8883808B7983717047D0E811
:105C4000AF0F7047FEF720B970B50D46064611F844
:105C5000010BE7F715FE044610B12C89E7F726F88B
:105C60006B89A34207D0EB686C8123B12146304693
:105C7000BDE87040184770BD08B502210C30E3F74D
:105C80000DFA6FF00802034600201A70587008BD24
:105C900010B5144602210C30E3F700FA6389038043
:105CA000002010BD10B5144604210C30E3F7F6F9BE
:105CB00023890380E3894380002010BD10B514467A
:105CC00002210C30E3F7EAF923890380002010BD9C
:105CD00010B5144604210C30E3F7E0F92389038062
:105CE00063894380002010BD08B501210C30E3F723
:105CF000D5F903460020187008BD08B501210C3005
:105D0000E3F7CCF901230370002008BD38B5154630
:105D100000F10C0404212046E3F7C0F92B8903802D
:105D2000EB8943802B7C33B94FF420512046FEF79A
:105D3000FEFC002038BD42F60101F7E738B51546F4
:105D400000F10C0404212046E3F7A8F92B89038015
:105D5000EB8943802B7C022B04D0032B09D02B68CA
:105D6000598801E042F602012046FEF7E0FC0020DF
:105D700038BD42F60301F7E770B51446002500F17F
:105D80000C066268EBB29A4205F1010501D80020C9
:105D900070BDA268304632F81310FEF7C8FCF0E779
:105DA000FFF7EABF30B5144685B0054602210C3036
:105DB000E3F774F9A388002203800023CDE90233BE
:105DC0000023CDE900232846A268A189E3F7A4F8BF
:105DD000A389834214BF6FF00B00002005B030BDD3
:105DE0007FB5154606460C460C300421E3F756F9FC
:105DF000AB8800220380EB88043C43800023CDE97C
:105E000002330023CDE9002321463046AA68E3F798
:105E100083F8844214BF6FF00B00002004B070BD03
:105E2000F7B5089D06460C462F6851B973B9002393
:105E30002A460893E1B23046BC4603B0BDE8F040C4
:105E40006047B1F5807F28BF0E24F0E7009313462A
:105E50002A46B847089423462A4621462F68EAE78F
:105E600038B50C4619466BB103F114055B6982B96C
:105E7000E268A360954200D1E36000230D681A46F2
:105E80004B61A847A36853B92046BDE83840E9F7FD
:105E9000D1BF1360E3689D4208BFE260EDE738BD03
:105EA0002DE9F0410C46069D06466FF0040105F110
:105EB0001000FFF7B2FEF4B13046E9F7E3FE014609
:105EC00048B3836853B10022186805F1140C2BB154
:105ED000634508D12B463046FFF7C2FFB4F5807FFB
:105EE00028BF0E240FE020B107681A460346384643
:105EF000EDE70746F9E7AB892BB923462246294649
:105F000030462F68B8476B682BB12A463046E1B25D
:105F1000BDE8F0411847BDE8F08111F1680F01D0EC
:105F2000FFF7BEBF7047F0B50D4687B01146064675
:105F30001A460C9C5DB983B9276800232246304677
:105F4000BC46E9B20C9307B0BDE8F0406047B5F538
:105F5000807F28BF0E252768EFE703A8FEF7A4FB84
:105F6000BDF81030012B08D80023009322461946B3
:105F700030462568A84707B0F0BD022103A8E3F723
:105F80006FF80346BDF8102033F8027B00219742DA
:105F900028BF17460097224630462568A84739464D
:105FA00003A8E3F75DF8DBE738B5BDF81040154608
:105FB000A2420CD84CB16BB1A21A8A42A8BF0A46C1
:105FC00094B22246591903F0D1FA204638BD6FF039
:105FD0000600FBE76FF00D00F8E730B585B0C96843
:105FE00014461D46E9F73AFE00B100890223ADF8D8
:105FF0000E00009329462046BDF820200DF10E0327
:10600000FFF7D2FF05B030BD1FB50C461946E36857
:1060100010461C78BDF818203CB1102401330694BA
:1060200004B0BDE81040FFF7BFBF5B88ADF80E308D
:10603000022300930DF10E03FFF7B6FF04B010BD6D
:1060400030B51D46002385B014468DF80C30E9F7B5
:10605000D7FD10B1037A8DF80C3001232946009347
:106060002046BDF8202003ABFFF79EFF05B030BDF2
:106070002DE9F04114461D46BDF81870E4F7CCFB3D
:106080000646DAF75DFF80B2069033463A46294667
:106090002046BDE8F041FFF787BF30B585B0144614
:1060A0001D46FEF7D7FC0223ADF80E0000932946EB
:1060B0002046BDF820200DF10E03FFF775FF05B057
:1060C00030BD38B5144600F10C0506212846E2F72C
:1060D000E5FF23890380E3894380237C002B42F67C
:1060E000010308BF4FF42053838021680B781BB154
:1060F000022B06D0002038BD28464988FEF717FB42
:10610000F8E7102228460131FEF7FEFAF2E738B52B
:10611000154600F10C0404212046E2F7BFFF2B894D
:1061200003806B894380E9680B782BB92046498846
:10613000FEF7FDFA002038BD102220460131FEF79F
:10614000E3FAF7E7002203680BB9184670478B4261
:1061500010D10B6842B942680360914200D143609C
:10616000002301200B60704713604368994208BF09
:106170004260F5E71A461B68E6E7022A10B508D127
:10618000002300F170011A46007AE9F717FE022099
:1061900010BDE9F721FFFAE72DE9F04706460D4665
:1061A0004FF47020002190461F469DF820A0DDF896
:1061B0002490E9F7D9F9044688B1456080F811A028
:1061C000C0F81490C760C0F818804A46514630465F
:1061D000E9F798F9054638B92046E9F7F1F96FF083
:1061E0000B052846BDE8F087002201231146FFF782
:1061F00061FC2846A56042464946B847054618B1A5
:106200002046E9F7DDF9ECE721463046E9F7A8FB3F
:1062100005460028E5D0F3E738B5144600F10C0533
:1062200002212846E2F73AFF63890380A1892846C4
:10623000FEF77DFA042104F11000FFF7E3FC0020D3
:1062400038BD08B50C3029B10121FFF7DBFCC04394
:10625000084008BD6FF00101FFF7DFFC00F001000E
:10626000F7E710B50446FFF7ECFF38B12146BDE86B
:106270001040012211F8010BE9F732BD10BD38B50D
:1062800004461546FFF7F4FB48B12046E9F7B8FC91
:1062900028B1037ADB0702D50121FFF7E2FF55B9E8
:1062A000207A04F17001E9F72FFC20B18560BDE888
:1062B0003840E9F76BBD38BD13B5044610B900206E
:1062C00002B010BD00238DF8043042F603030068CD
:1062D00001A9ADF80630FEF793FA0028EFD1E36884
:1062E00098880028ECD12046EAF7E4F9013080B222
:1062F000E6E770B5CC681E46A37988B008468DF8ED
:106300000C301546FFF7D8FFADF80D002468237850
:106310006BB96388ADF80F300523009331462846EA
:10632000BDF8302003ABFFF73FFE08B070BD631C23
:106330000DF10F02113453F8041BA34242F8041B61
:10634000F9D11323E9E71FB5CDE9012300231A464C
:106350000093EAF7F7F905B05DF804FBEAF708BB2C
:1063600038B5044659B100F170052946007AEAF7BC
:10637000CDFB2946207ABDE83840EAF7DFB838BDC2
:10638000F8B506460F46E9F79DFB39460446304608
:10639000FEF762FB48B344B304F108056FF0010156
:1063A0002846FFF73AFCC20703D539463046EAF7DC
:1063B000ADFB6FF002012846FFF72FFC830703D5E2
:1063C00039463046EAF7BAF82846FFF738FC60B994
:1063D000234603F8010BC4F80100C3F80300D5E815
:1063E000EF3FC5E8E20F002AF9D1F8BD10B5044629
:1063F000A0F1170110F8180CFFF7C2FF14F80C0CED
:10640000A4F10B01BDE81040FFF7BABF38B54C8AC4
:10641000D3070546C4F30E0404D514F0950F2AD013
:106420004B6843B3900704D514F4957F25D08B684F
:106430001BB3144014F4DE7F0DD0EB7A2BB9284641
:10644000FEF7EEFCD8B9052038BD14F0300F04D1AA
:1064500014F4C07F07D10020F6E72846FEF76CFD54
:106460000228F5D8EFE7D5F8A030002BEBD05B7C05
:10647000DB06E8D5EFE70220E6E70320E4E70F209C
:10648000E2E7F8B514460F46942261680646FFF726
:10649000BDFF20BB012230466168EAF7A1FB08B3CB
:1064A000A2891B2130460232E9F72CF80546E0B1FB
:1064B000A1890C300231E2F7F1FD20F8027BA289BC
:1064C000A16803F053F8D4E9041228460123FFF72A
:1064D000F1FA29463046BDE8F840E9F7F3B94FF044
:1064E000FF30F8BD6FF01500FBE76FF00B00F8E729
:1064F00070B50B460546144629B921462846EAF7E9
:106500002DFF28B970BD4FF6FF72914207D121814E
:106510002246284663680021BDE870401847E2899A
:1065200001339BB29A422381E7D2F1E72DE9F04F84
:1065300089B006461446129F11B913F0030807D01C
:106540003A46002130467B6809B0BDE8F04F184755
:10655000C14642F6010AC3F3870302EB8305AC424E
:1065600007D13A464146304609B0BDE8F04FFFF743
:10657000BFBF3A7C6388002A14BF52464FF42052B2
:10658000ADF802201022ADF808301FFA83F83B68FE
:10659000B4F800B000210DEB020001938DF80090DB
:1065A00003F00BF801AB06933A4630467B68CDF812
:1065B0000CD0ADF81CB003A9984704340028CED104
:1065C00009B0BDE8F08FF0B553898FB0ADF80C304D
:1065D00093890546ADF80E30022304A814461689A7
:1065E0008DF8103002900DF1110301F1100251F8F5
:1065F000047B914243F8047BF9D12168C1B90021A1
:1066000042F6020310220AA88DF80410ADF80630F5
:1066100002F0D3FF01AB099302AB0C93224628464C
:106620006368ADF8346009A9984728B90FB0F0BD88
:10663000FEF7E6F80028E2D0224628462189FFF737
:1066400057FFF3E730B40C4611461A46029B4CB193
:10665000B4F5807F28BF0E241D681A46E1B22B4690
:1066600030BC184730BCEBF793BC73B504460D46FD
:10667000F5F73CFC29462046FFF7E1F9014620B931
:1066800002B0BDE87040F5F7A3BC46682046E9F7C4
:10669000A5F9F5F79DFC2EB100230E211A462046E0
:1066A0000095B04702B070BDF7B50D4604461646DA
:1066B0001F46E9F7E7FA014628B133462A46204645
:1066C0000097EBF7E1FD03B0F0BD2DE9F041054681
:1066D0008846E9F795FA0446E0B1037ADB0719D555
:1066E00000F10C073846FFF7AAFA10F0010611D1A5
:1066F000B8F1000F0FD06FF002013846FFF78DFAA6
:1067000010F0020F284609D0FFF7B4F90121204606
:10671000FFF7A7FD01263046BDE8F081FFF7A8F995
:106720000028F8D02846FFF7BAF90028F3D06FF018
:1067300002013846FFF771FA2846E5E70120704765
:106740000120704707207047FDF79EBBD0E8AF0FD0
:10675000084100F00100704738B50A46034609B900
:10676000012038BD488A10F0240FF9D0197D5D7BD7
:10677000147CA94228BF29468C4201D90020F0E7A9
:10678000840608D4507C197AC0070BD4187A0038D4
:1067900018BF0120E5E70521181DFFF7D7FF0028E6
:1067A000F0D1EBE70029E9D00521181DFFF7CEFF56
:1067B00018B9197A01390129E0D9527CD207CFD40E
:1067C000E4E701238B40DB43D0E8EF2F1A40C0E819
:1067D000E12F0029F8D17047FDF75FBB08B506210E
:1067E000FEF705FD18B9BDE80840EBF767BFEC38C8
:1067F00008BD072070470720704707207047012316
:1068000003FA01F1CA4330B5D0E8EF3F03EA0204CE
:10681000C0E8E54F002DF7D1194214BF0120002038
:1068200030BD01238B40D0E8EF2F1A43C0E8E12FA1
:106830000029F8D1704708B50E21FFF7F2FF0020BC
:1068400008BD70B5051D0E4628460421FFF77EFFE2
:1068500068B10022002100230846E7F7CBFA04467E
:1068600040B904212846FFF7DCFF204670BD4FF4F5
:106870007022EFE701210C30E2F710FC0670F4E71C
:1068800038B504210446FFF7DCFF054698B1102116
:106890000C30E2F703FC04F1270304F1370253F84C
:1068A000041B934240F8041BF9D120462946EBF71C
:1068B00011FF002038BD0820FCE738B5CD6804463C
:1068C0000B210430FFF77DFF2B4604F1170205F181
:1068D000100153F8040B8B4242F8040BF9D1D4F8A1
:1068E000EC30DB783BB920460421FFF79AFFBDE886
:1068F0003840FFF7C5BF002038BD70B504460025FD
:10690000D0F8EC60031DD3E8EF2FC3E8E15F002966
:10691000F9D104F5A070F4F72FFC2572D4E8EF3F0D
:10692000C4E8E25F002AF9D1F3782BB92046BDE82C
:1069300070400B21FFF775BF70BD70B500F1700698
:1069400005460C4607223046096802F03EFEB8B9FB
:1069500063681A682A679A88A5F874209B7985F875
:106960007630D5F8A0305BB1A268934208D0626857
:106970001168C3F801109188A3F805109279DA71B3
:1069800070BD2DE9F84FDDF82C80044692461F4675
:10699000BDF82890FFF722FF054600285AD0061DB3
:1069A000B9F1000F27D15AEA070324D10321304659
:1069B000FFF7CCFED0B301213046FFF7C7FEA8B3E6
:1069C0002C7D6B7B05F147019C4228BF1C4622466B
:1069D000404602F0CBFD0F2C06D80021C4F1100276
:1069E00008EB040002F0E9FD30460121FFF719FF32
:1069F0000120BDE8F88FD4F8A030F3B904F1700B92
:106A00005A462020217AEDF7C1F9C4F8A00030B928
:106A10005A460120217AEDF7B9F9C4F8A000B9F17E
:106A2000000F0AD15AEA070704D006E0D4F8A030D4
:106A3000002BE3D0D4F8A01071B90F213046FFF736
:106A400085FE20B1022206212046E6F7ADFE28464B
:106A5000FFF753FF0020CCE74B8A9B06EDD50C7C5B
:106A60001E312246B4E76FF085007047F7B5C37852
:106A70000446002B5FD1FFF7B1FE054600285DD02C
:106A8000061D03213046FFF761FE20B16FF00F04B1
:106A9000204603B0F0BD01213046FFF757FE002825
:106AA000F4D10F21201DFFF751FE28B1204603B07D
:106AB000BDE8F040ECF7DEBAD4F8A03083B904F1B9
:106AC00070073A462020217AEDF760F9C4F8A0005B
:106AD00030B93A460420217AEDF758F9C4F8A000FD
:106AE000D4F8A0100029E1D04B8A13F0240FDDD098
:106AF000A27A022A09D9487CC007D7D5032A04D034
:106B00009B06D3D50B7C102BD0D10B7C2046009359
:106B100001F11C0201F11E031431FEF798F904463D
:106B20000028B5D128460B21FFF77BFE0121304616
:106B3000FFF777FEACE76FF01504A9E76FF07F046D
:106B4000A6E770B504460820EBF76EFD0546E8B1F0
:106B5000061D08213046FFF734FE002C3CD00721EB
:106B6000FFF72FFE234605F1970204F1200153F8A9
:106B7000040B8B4242F8040BF9D10A213046FFF78F
:106B8000E5FD70B109213046FFF74BFE0720EBF71A
:106B90004BFD044610B3EBF73BFE0146F0B1204637
:106BA00017E010213046FFF7D1FD09210028EAD176
:106BB0003046FFF7CBFD0028E8D0D5F8EC30DB7885
:106BC000002BE3D12846EBF723FF01460028DDD058
:106BD0002846ECF753FCD9E70B21F9E770BD70B5F7
:106BE0000446A0F1EC0650F8543BE83CD3F8A05022
:106BF000F4F7C2FA03212046FFF7A8FDA0B108214F
:106C00003046ECF7A5FB3DB16B8A13B16B7C9B075B
:106C100002D52846EDF79CF93046BDE870404FF4A8
:106C2000BC72002102F0C9BC01212046FFF78EFD95
:106C30000028E4D10F212046FFF788FD0028DED18F
:106C4000E1E710B5431E00F11002073013F8011FF1
:106C500012F8014D83421C701170F7D110BDF0B5D0
:106C60000E4614461D4697B00146202205A81C9FDB
:106C7000EDF716FB202231460DA8EDF711FB21465A
:106C8000102201A88DF85450EDF70AFB3B46412233
:106C900005A901A8EDF7C6FB044610B93846FFF771
:106CA000D0FF204617B0F0BD2DE9F04316461D4633
:106CB00097B00446DDE91F98102205A8219FEDF743
:106CC000EFFA1022314609A8EDF7EAFA1022294618
:106CD0000DA8EDF7E5FA03221E9911A8EDF7E0FAE9
:106CE000494611F8013BD9F801008DF847308B88EF
:106CF0000622129012A8ADF84C30EDF7D1FA4146B9
:106D000011F8013B06228DF84E30D8F801300DF114
:106D10004F00CDF84F308B88ADF85330EDF7C0FA07
:106D20002146102201A8EDF7BBFA3B46412205A9F6
:106D300001A8EDF777FB044610B93846FFF781FF4D
:106D4000204617B0BDE8F08300692830F3F74ABA4F
:106D500013460A460121FDF7A0B808B50020E2F766
:106D6000F7FA002008BDF8B5069F0469C9B2EFF331
:106D70001186202585F31288BFF36F8F0C25694398
:106D80000C44D4F8885005F0070CBCF1010F0CD16D
:106D9000C4F8887086F31188BFF36F8FC4E920238D
:106DA00043685B5898470020F8BD05F0C005AF4226
:106DB00086F31188BFF36F8F0CBF6FF077004FF031
:106DC000FF30F1E713B580240094FFF7CCFF02B049
:106DD00010BD0069CBB200EB431000211047032027
:106DE000EFF7A2BF0220EFF79FBF0320EFF7D6BF58
:106DF0000220EFF7D3BF1046F3F7F4B9F0F7C4B9A8
:106E0000F0F76EB98022EDF779BD002208B5114682
:106E10001046F8F7F1F9002818BF6FF0150008BD0B
:106E2000F7B51C460023164682682360A3600D4612
:106E30005369694601AA9847019B5A1E01921BB9E2
:106E40006FF0150003B0F0BD0098A2684768216894
:106E5000676085B9B31AD0F800C0634528BF6346A0
:106E600003FB07111A442160A26002689A4206D807
:106E700008300090E0E76B1AB3FBF7F3EBE7002074
:106E8000E0E713460022FFF7CBBF2DE9F0470024CF
:106E9000836886B0884691465B6902AA01A9984733
:106EA000A2462546029BAB4202D806B0BDE8F08759
:106EB0000026019F07EBC5077B6804933A680AEB3D
:106EC0000603B24202D89A460135EBE749460394DD
:106ED000059303A8C0470028E7D0049B01361C4453
:106EE000ECE74FF05021022310B5C1F8B835046922
:106EF000EDF74CFF28B194F8383003F00303C1F8E4
:106F0000583510BD4FF4000200230020C1E90023D2
:106F1000704718B901F11800F3F764B9704731B937
:106F20004FF0FF324FF0FF331830F3F7DFB97047FF
:106F300038B50446026902F13003D3E8EF5F013D42
:106F4000C3E8E15F0029F8D1536B23B9FFF7C9FF0C
:106F50000DB9F1F735FB2069BDE83840F3F742B9C8
:106F600008B50146EDF712FF50B14FF05022D2F8AC
:106F7000583503F0030381F838300123C2F858353F
:106F80004FF050230022C3F8B8250720BDE8084081
:106F900001F029BA38B50446056905F13003D3E894
:106FA000EF1F0131C3E8E21F002AF8D120694FF03A
:106FB000FF334FF0FF32F3F799F96B6B23B9206978
:106FC000BDE83840FFF7CCBF38BD7FB5FF238DF853
:106FD00003300DF10303002101930123CDE90231B8
:106FE000052303A88DF80C3001AB04910593EDF750
:106FF0001BFF0028A8BF9DF8030007B05DF804FB45
:107000001FB5002188420CBF0623042301A8CDE947
:10701000011103918DF80430EDF706FF002818BF29
:107020006FF0040005B05DF804FB10B50C4600F0ED
:1070300084FC0023C4E90003184610BD38B505469A
:107040000C4600F07AFC002D07DBA84205D9401B56
:1070500084428CBF0020012038BD0020FCE770B5C1
:107060000D461946284616461C46FFF7E7FF28B985
:1070700021462846BDE87040EEF7F8B924B1224613
:107080002946304602F072FA002070BD43680020A5
:107090005B681B690B607047436802EA01005B682C
:1070A00021EA020198600020D960704743680020FF
:1070B0005B6899607047436800205B68D9607047DF
:1070C00043685A68536821EA03000B40906000202F
:1070D000D3607047F0F7A6BC10B500690F299FBFB9
:1070E00000EB810440F821202364002088BF6FF06A
:1070F000150010BD002070471020704730B5436860
:107100001360057A446804EBC504A34202D36FF010
:10711000010030BD5C798C4201D00833F0E70020DB
:10712000F7E743681B68D3F88004C3F8800470470E
:1071300003691A6813680BB152681847704730B575
:1071400087B004460D461422002101A802F035FA4A
:10715000042320460DEB03018DF804300295FFF760
:10716000E7FF07B030BD70B586B0066904460D462E
:107170001422002101A802F020FA02238DF8043025
:10718000336820461B6C01A9029333689B6CCDE9E0
:107190000335FFF7CDFF06B070BD30B503691C683D
:1071A00043681B68EFF31185202080F31288BFF33A
:1071B0006F8F206CA8B1E06CB0B90020C4E9131245
:1071C000042AC3F83415C3F8382582BFD3F8002247
:1071D00042F02002C3F8002285F31188BFF36F8FBD
:1071E00030BD6FF00C00F7E76FF00F00F4E70369B4
:1071F000186820B101601B6800205A6070476FF06A
:107200008500704710B5426800691368006860B96E
:10721000D3F8104164B1926A12780A70C3F8100171
:10722000D3F8102101221A6010BD6FF08500FBE732
:107230004FF0FF30F8E7F8B5036904461D6843686E
:107240000F461E6805F1080001F098FAEFF311826D
:10725000202383F31288BFF36F8FEB6C53B1D6F802
:10726000003223F02003C6F800320023C6F84C3168
:10727000D6F84C31002385F8633017B1012385F827
:10728000643023691968012381F8623061680968F4
:107290004B6082F31188BFF36F8F0020F8BD036944
:1072A0001B681B6C13B10121FFF7C5BF6FF00D0008
:1072B000704710B503691968D1F8A420D1F8B0401F
:1072C000121B13D0082A28BF08224068C1F8AC203E
:1072D0001968C069C1F8A8001B68D3F8A010D3F8DA
:1072E000B030194402F042F9012010BD1046FCE70D
:1072F00010B5044612EA030005D0605818B1002307
:1073000001206350635810BD02680346D2F858014B
:1073100040B95B68DB0706D4D2F82001003818BFFB
:10732000012070470120704713B501AA0446FFF7FA
:10733000E5FE002805DB019B226819791868EEF745
:1073400081FC02B010BD10B402694468936823EA5E
:107350000101916011F0030108D143681B68C3F873
:107360000015E068012110BCFFF7DEBF10BC7047BC
:1073700010B5026993681943916013F0030107D1B6
:107380004368D8681C68FFF7CFFF0823C4F80035AE
:1073900010BD10B543681C68C4F84415C4F84825EE
:1073A0000022C4F82021D4F82011C4F858215B68C9
:1073B000D4F858219B0702D50121FFF7D9FF0123FB
:1073C000A36010BD10B504464068FFF79DFF0B6831
:1073D00048B9012283F8B8204FF4800263681B6823
:1073E000C3F8042310BD002283F8B8204FF0FF3209
:1073F0000B682046C3F8B4200B68D3E92A12FFF7C4
:10740000C8FFE9E72DE9F8431746002203698846DB
:107410001C68436805461E6894F86130D6F83C1530
:1074200084F86120A26C9B1A1944002901DDFFF742
:107430009AFE2846216CFFF782FEE36C2364236DDD
:1074400063640023C4E91333A36494F86330F3B195
:10745000EFF31189202383F31288BFF36F8F236C1E
:10746000BBB1D6F8003223F02003C6F80032B8F1E1
:10747000000F08D13FB901233360C6F84471D6F834
:10748000443184F8627089F31188BFF36F8FBDE8CF
:10749000F883D4E91632134303D004F1080001F055
:1074A0006DF92B691A68012382F862306A681268E4
:1074B0005360E8E710B5446B636822691B68126883
:1074C000D3F8081139B10021C3F80811D3F80831F5
:1074D00082F8601010BD92F860300133DBB2042BEB
:1074E00082F86030F6D101F049F923691A68D36C4B
:1074F000B3FA83F35B0982F86230012263681B6888
:107500005A60E7E738B54268036915681A68D2F827
:10751000A01051B1002482F8B8401868683001F01A
:107520002DF901232046EB6038BD6FF00D00FBE71D
:10753000406BFFF7E7BF08B5EFF7C8F808BD08B51F
:10754000EFF75AFA002008BD08B5F6F701FE48B17A
:10755000002383F31188BFF36F8F0423184602DFE3
:107560006FF0040008BDF7F7E9BD08B5E0F7FEF8D5
:10757000E0F7E4F9BDE80840F7F7E0BD0346002076
:10758000184700F030BF024610B5116891B1B1FA4A
:1075900081F3C3F11F000123834021EA0303D2E8F2
:1075A000EF4F8C4204D1C2E8EC3FBCF1000FF6D1A2
:1075B000EBD110BD6FF00B00FBE710B50368CB40BB
:1075C000DB0710D401238B40026843EA0201D0E8B4
:1075D000EF4F944204D1C0E8EC1FBCF1000FF6D18C
:1075E000F2D1002010BD6FF01500FBE770B5D0F8A8
:1075F00080300646002B0C46154613DBD1F8803050
:10760000002B0FDB00210846EFF7F8FA48B92B787A
:1076100043F00043C6F880302B7843F00043C4F8B1
:10762000803070BD6FF01500FBE708B5EFF74AFC3E
:10763000EFF7C6FDEFF72AFDBDE80840EFF7B2BC53
:1076400038B54FF050240123C4F808336360002399
:1076500042F21075C4F80031D4F80031D4F80C248B
:10766000D4F80C34D20306D5DB0704D50120FFF78C
:1076700088FF013DF2D138BD38B54FF050244FF4AA
:107680008073C4F808330123E361002342F21075CC
:10769000C4F82031D4F82031D4F85434DB0304D5B5
:1076A0000120FFF76EFF013DF6D138BD38B54FF030
:1076B00050244FF40073C4F808330123636200239D
:1076C00042F21075C4F82431D4F82431D4F85C3473
:1076D000DB0304D50120FFF754FF013DF6D138BD8F
:1076E00038B54FF050240223C4F808330123E36077
:1076F000002342F21075C4F80431D4F80431D4F8F0
:107700001834DB0304D50120FFF73BFF013DF6D120
:1077100038BD43090AD0012B0BD14FF6FF7300F09F
:107720001F0023FA00F000F0010070474FF0FF3314
:10773000F5E70020704710B504460846EFF78CFDCA
:1077400004EB4004A08AC0F3401010BD10B50446FD
:107750000846EFF781FD04EB4004A08A10F01C00FE
:1077600018BF012010BD10B504460846EFF774FDA0
:1077700004EB4004A08AC0F3400010BD10B50446DD
:10778000FFF7F1FF10B12046FFF7D5FF00F0010031
:1077900010BD10B504460846EFF75EFD04EB40044B
:1077A000A08A400B10BD70B5044608461646EFF798
:1077B00053FD083034F810300D46DA0509D5C3F30F
:1077C000432304EBC3023146284654F83330526851
:1077D0009847A3682BB131462846E268BDE870405F
:1077E000184770BD2DE9F3411746DDE908580190AF
:1077F00001A80C461E46EFF775FD019B391E18BF08
:10780000012100EB8300231E18BF0123002E43EA51
:10781000410314BF0C210021002D43EA010314BFD2
:107820004FF470610021B8F1000F43EA010314BF67
:107830004FF440310021D0F800220B4322EA030329
:1078400004B124780FB13F787F001C430EB1367825
:10785000B6003C438DB1297809023443B8F1000FDA
:1078600003D098F800804FEA0848214341EA080114
:10787000C0F8001202B0BDE8F0812946EDE71FB55F
:107880000DF10F03019300238DF80F101A461946CE
:107890000093FFF7A7FF05B05DF804FB2DE9F04763
:1078A00000250446884617462E464FF00109AA4691
:1078B000BE420CD1D4F87C3133B10023C4F87C3102
:1078C000D4F87C3145F000452846BDE8F087F0B299
:1078D000EFF73CFDA0F580739B0809FA03F318EA63
:1078E000030F05D022581AB144F800A022581D43B6
:1078F0000136DDE738B504460D46FFF71CFFB0B191
:107900002046FFF730FF90B92046FFF742FF0123E2
:1079100022688340C2F80833236800B203EB800377
:10792000D3F8102522F00302C3F8102538BD2846ED
:10793000BDE838400021FFF7A2BF4FF48010704728
:107940004FF4805070474FF4807070470223F0F777
:1079500015BB0323F0F712BB2DE9F04389B0109E4D
:107960000446894690460021202268461F46129D03
:1079700001F023FE1F2E97BF01234FF0FF33B340CA
:1079800003F1FF332361119BC4E90098C4E9027637
:107990006361183445B10FCD0FC495E80F0084E83A
:1079A0000F0009B0BDE8F0836D46F4E773B50468D5
:1079B000661C31D08568A9422ED264182CD05E187E
:1079C000AE4288BF6B1A056A35B100930523A847FC
:1079D0000346184602B070BDBFF35B8F1946A41A68
:1079E000101919B140EA0205AD070AD103290DDCCF
:1079F000013811448A42ECD010F8014F02F8014BD3
:107A0000F8E70078013902F8010BE9E750F8044B78
:107A1000043942F8044BE9E76FF02103D9E773B565
:107A20000468651C32D08568A9422FD264182DD015
:107A30005E18AE4288BF6B1A456ACDB1009305232C
:107A4000A84702B070BD12F8015B013905701546F8
:107A5000A01819B140EA0206B607F4D103290ADCDE
:107A6000013D014488420CD1BFF35B8F1846E8E723
:107A70001946A41AEBE755F8042B043940F8042BF7
:107A8000ECE715F8012F00F8012BEBE76FF0210070
:107A9000D7E773B51C46036815465A1C29D082687F
:107AA000914226D25B1824D066189642866A88BF17
:107AB000541A36B105232A460094B047204602B036
:107AC00070BD184622464AB9294601F076FDBFF33B
:107AD0005B8FF3E700F8015B013AF4E78307F9D124
:107AE0004FF001336B43032AEEDD40F8043B043AC8
:107AF000F9E76FF02100E2E70020704710B4046B53
:107B000002460B4684B9C1681F2998BF23FA01F4C5
:107B1000416861B18068834209D21069184051F808
:107B20002430184410BC7047234610BC18474FF04F
:107B3000FF30F7E770B5436B05460E46E3B90469BD
:107B4000621C09BF43680C401C680C1B2146284678
:107B5000FFF7D4FF864207D02B6901331C44AB6882
:107B60009C42F3D34FF0FF342868431C07D0AB6826
:107B7000A34204D9204470BD98470446F4E700208E
:107B8000F9E730B5059CC4E90002039A21811989FF
:107B9000E260049A618121856261D3E9002502EBEC
:107BA0000113C4E906128A1C236203EB42036A1C18
:107BB00013446D422B406362836953B90139E26912
:107BC0008B4202EB031206DB002393736FF07F03FB
:107BD000D373002030BD0133D381F0E72DE9F04F9E
:107BE000B0F830A004465546002685B002EB0308E5
:107BF00091460E9A00EBCA031FFA88FB9A63A3F81A
:107C00003CB008F1FF32C3690F1D0192B0451ADC88
:107C1000238D2586A3EB0B032385236A61895A886C
:107C200001390A4003EB4203A3F804A0BFF35B8FC2
:107C30000020226A538801335380638D01336385AA
:107C400005B0BDE8F08FE06A2A0157F8041C03EB89
:107C50000515029303680392C91A8368083799428D
:107C600028BF4FF0FF31FFF749FFDDE9023298509E
:107C700000226A6057F8082CAA60019A9642ACBFAD
:107C800000220122B145D8BF42F00202AA8101368A
:107C9000ED89BBE7F0B550B3456A448E6B88A342CB
:107CA00030D0631C43864389BFF35B8F013B1C408C
:107CB00005EBC4056B689EB209B1AD680D60D0F8E4
:107CC0001CC09BB20CEB031100EBC3039D8F078D0F
:107CD0002F44013D07859D878D896F070ED5058E41
:107CE000CD8100210686986B996302B11480F0BDA6
:107CF0009D8FC989013D0CEB01119D878D89ED0791
:107D0000F6D4ECE70020F2E7C36903EB01139868AF
:107D10007047C36909015958C06AFFF70BBF70B5B6
:107D2000BFF35B8F0D46016A1646838E4A88044670
:107D30009A4212D05A1C82864289013A134001EBC2
:107D400043018988298089B2FFF7E3FF2A88E36924
:107D500003EB02139B68336070BD0020FCE710B595
:107D6000026893691269920017D543B9438E026A7B
:107D700081694489013B1B1B02EB4102938003682C
:107D80009B69012B08D1838E426A81694089013B3E
:107D90001B1A02EBC102938010BD23B9026A13883B
:107DA00043F00103138003689B69012B01BF426A02
:107DB000138843F001031380EEE710B5BFF35B8F28
:107DC000036804461A699B6912F0005F1AD07BB9F8
:107DD000036A426A5B888169013B02EBC1029288B7
:107DE0009B1A628D9BB29A4214D80023638510BD02
:107DF000012BFAD1436A026A5B888169013B02EB7D
:107E00004102ECE763B9436A1B88DB4303F00103DB
:107E1000002BEAD06369002BE7D020469847E4E7BF
:107E2000012BE2D1036AEFE7036A828E59889142FF
:107E30000AD0418901390A4003EB42039A88C36999
:107E400003EB02139868704700207047BFF35B8F05
:107E5000C36803B1184770474FF0FF324FF0FF334C
:107E6000F2F744BA10B1C36A0133C362704738B144
:107E7000C26A013AC2621AB9026B02B110470262C9
:107E8000704770B50446056A05F164063046FFF791
:107E9000E3FF636AA3F580637F2B0BD801225909A6
:107EA000503503F01F039A4055F8213023EA0203AE
:107EB00045F82130D4E90F124A60E16B04F13C032C
:107EC00011602046C4E90F33FFF7D1FF3046BDE80B
:107ED0007040F2F787B910B5436A8CB00A9320233B
:107EE000044602460B9102A8194600F058FA2823CE
:107EF0000122CDE9003220463522616A02ABF0F75B
:107F0000D9FD00EAE0700CB010BD30B1006A20B1BC
:107F100019B1D0F8883003B11847704730B1006A02
:107F200020B119B1D0F88C3003B11847704730B187
:107F3000006A20B119B1D0F8903003B11847002081
:107F400070472DE9F8430646884617469946046867
:107F5000A64201D1002520E07A1CA4F13C0502D004
:107F60006B6ABB4219D0B8F1000F22D020224146E3
:107F7000284601F03AFBE0B9B9F1FF3F02D0AB6A05
:107F80004B450AD07B1C0BD02468B442E2D054F895
:107F9000183CA4F13C059F42E8D12846BDE8F8838F
:107FA000AB6A0133F9D02468B442D3D0A4F13C05C4
:107FB000D9E72468CCE770B505460C461E46CAB121
:107FC00020232046194600F0EAF90123E362049BCE
:107FD0006662A362059B25626363069BA363079B9E
:107FE00063646A6804F13C03C4E90F526B60226C5D
:107FF000136070BD0A70E8E710B5044690B1036ADB
:1080000083B102784AB193F8A43033B1436AB3F52F
:10801000806F02D30121FFF75EFF2046BDE81040CC
:10802000FFF72FBF10BD20B1036A13B15B6803B126
:108030001847704708B530B1036A3BB1DB682BB114
:108040009847002008BD6FF01500FBE76FF00500B2
:10805000F8E77047F2F7C6B84FF0FF324FF0FF3342
:10806000F2F744B9F8B50C4600F164070546A4F1EF
:1080700010063846FFF7F0FF3046F0F7D1FD80B12B
:1080800054F8083C24F8083CD5F8CC3044F80C3CB3
:1080900005F1C80344F8103CC5F8CC6054F80C3C1A
:1080A0001E603846FFF7D6FF0020F8BD38B50D46F4
:1080B00000F164042046FFF7CFFF55F8083C204646
:1080C00003F5803345F8083CBDE83840FFF7C2BFF0
:1080D0002DE9F04188B00E9C282A8846D4F8C000CB
:1080E0006ED101688568A8EB0101A94228BF4FF055
:1080F000FF3120236A46FFF759FC04F16406D8F8E3
:1081000020703046FFF7A8FF3B464FF0FF3269462C
:108110002046FFF716FFD8F824300546E0B1D0F826
:10812000308003F00103B8F1000F02D0DBB9AF6279
:1081300030E0002BFBD04FF0FF3383623046FFF777
:1081400089FFAB6B83BBD4F88030002B38D03A4624
:1081500069462046984733E0DB071FD43046FFF7D7
:1081600079FFE36FF1E74FF0FF338362FFF77AFEA9
:108170003046FFF76FFFAB6BA3B9D4F880301BB16B
:108180003A466946204698473046FFF765FF28463D
:10819000FFF76DFE3046FFF75DFF11E03046FFF759
:1081A00059FFD0E74FF0010828469847D4F88030AF
:1081B0001BB13A46694620469847B8F1000FE3D113
:1081C000002008B0BDE8F08170B500F16406A1F1AF
:1081D000100504463046FFF73FFF2846F0F720FD24
:1081E00038B120462946F0F7F7FDD4F8B800FFF77C
:1081F000E4FD3046BDE87040FFF72CBF10B548B134
:1082000049B143688B4206D382680468D21A5B1A6C
:108210004360A01810BD0020FCE72DE9F347054698
:10822000D0F8B4000E46904618B9002002B0BDE860
:10823000F087036A002BF8D09B68002BF5D0984795
:108240004307F2D543F69823B8F1000F18BF9846BC
:1082500005F1640705F1C8093846FFF7FDFED5F8BA
:10826000C8404C452BD054B3D4E900235360226856
:108270001A60C4E90044D5F8B43021899B69ADF88F
:1082800006107BB1012B14D03846FFF7E3FEBDF892
:10829000063004F1100003F58033A3603368103B0F
:1082A0003360C3E7D5F8A8303360D5F8B4309B69A4
:1082B000E8E7D5F8BC00FFF727FD3060E4E7D5F824
:1082C000B430D3F818A0BAF1000F36D13146D5F842
:1082D000BC000DF10602FFF7DDFC04460028D3D1F7
:1082E000D5F8BC301B8DB3B93846FFF7B3FEB8F1F3
:1082F000000F9AD0D5E92D32182112891B6B01FB92
:108300000233D5F8D02022BB21200021F4F712F847
:1083100008F1FF38A0E7D5F8A810D5F8C400FFF79A
:108320006DFF0446D5F8A830ADF806A03360384696
:10833000FFF790FE002CDAD0A9E7BAF1010FD3D1F4
:108340003246D5F8BC000DF10601FFF7E8FC044603
:10835000EDE71969284690476FF4FB639842D3D044
:1083600000283FF479AF60E720B119B112B1C0E93C
:1083700001220160704738B5044618B938BD3C3851
:10838000FFF73AFE20688442F9D10025D4F8B40002
:10839000C4E92E55FFF747FEC4F8B450EEE770B5B8
:1083A00005461C4699B18B4228BF0C46661C013E0F
:1083B00005D012F8013B00F8013B002BF7D1A14298
:1083C00007D9091B8A19002101F0F7F8A11B0846FB
:1083D00070BD00230D4405F8013CF7E708B5F0F740
:1083E00097FF002008BD08B1E0F71CBF704740B1FF
:1083F000C368587810F001001EBF1878B0FA80F0FA
:1084000040097047EFF31183202383F31288BFF3F1
:108410006F8FFEE710B400F10C04C0E903440024A0
:10842000446110BCDBF792B98169C26842EA01037A
:1084300013F003030FD103614369013B03FB0122E6
:10844000002B01DA002070470169013B116081694E
:108450000261521AF4E76FF01500704710B5C0E9D9
:1084600005320023C160C36183600446FFF7DCFF6F
:108470000028A8BFC4E9004410BD90F90E308B421B
:1084800001D0F3F7EDBB0020704703460020C3E99D
:108490000033C3E90200704710B5044630B10268EA
:1084A000930703D0446809B100F0C7F9204610BD16
:1084B0000023C0E90033836000F10C03C0E90333FB
:1084C00000F11403C0E905337047012307B5009399
:1084D00000230A461946F1F72FFD03B05DF804FBAF
:1084E000002307B50A4600931946F1F725FD03B0AE
:1084F0005DF804FB00210068FFF7CEBF5AB18A4245
:1085000009D300F11003C0E90212C0E90000C0E97C
:108510000433002070476FF0150070470123026894
:108520008B4022EA0303036022FA01F000F001000D
:108530007047704710B5032104460C30FFF7EEFF7B
:1085400030B104F11000F4F73DFBB0FA80F04009BF
:1085500010BD20B100228C301146F4F7B7B8704737
:1085600070B5C3680446C3F340069B0716D48568FC
:1085700002210C30FFF7D2FF80B1D5F884206AB118
:1085800094421DD122689EB9D5F88830C5F8842060
:108590009C4201D1C5F8882000232360E36813F0D2
:1085A0001F001EBF43F00203E36040F0020070BDF5
:1085B0003260D5F88820944208BFC5F88860EBE7A0
:1085C00016461268DBE710B5F2F7C2F9041E08DDA3
:1085D000EFF31180202383F31288BFF36F8FF3F73B
:1085E00071FC204610BDEFF30580003818BF012054
:1085F00070476FF05700704700207047D0E9003295
:1086000013605A600023C0E90033704738B5044650
:108610000D46F3F78BF8637B43F002036373E5B118
:10862000A5602B689D4209D16B68C4E900531C60AA
:108630006C6012E06A689A42F6D01B68002BF3D097
:1086400094F90E2093F90E108A42F3D09142F1DD95
:108650005A68C4E9003214605C6038BD01211838E2
:10866000F3F7D6B910B50446F3F78AF904F1180008
:10867000BDE81040F4F7A6BA38B5054604680020F6
:10868000AC4200D138BD002CFCD02046FFF7EAFFF9
:108690002046F3F72FF92C680120A542F1E708B531
:1086A0000246F4F785F970B1D0E904319B1A61EB09
:1086B000E272B3F1004F72F1000104DA002AACBF9C
:1086C0001846002008BD6FF00040FBE708B5F4F73E
:1086D0007BFB08BDF4F778BBB3F1FF3F08BFB2F1F5
:1086E000FF3F70B506461D46144614D01A4316D0F7
:1086F000002B08DBF4F768FB041941EB0501C6E920
:108700000041304670BD6FF001031C1B4FF0FF337A
:1087100063EB0501F3E74FF0FF342146EFE7002458
:10872000FBE7B3F1FF3F08BFB2F1FF3FF8B50746E3
:1087300016461C4610D054EA020311D0F4F744FB4D
:10874000B0420A46A14103460AD2F31A64EB02047E
:10875000C7E900343846F8BD4FF0FF331C46F7E751
:108760000023FBE70023C0E9081200F11802C0E96A
:108770000622C0E9003303634363704710B5044623
:10878000F4F720FAA8B9636A0BB12046984704F1C0
:108790001800F3F717FA60B1F3F7ACF8EFF31180B4
:1087A000202383F31288BFF36F8FBDE81040F3F7E7
:1087B00089BB10BD2DE9F041846805460E46D4B151
:1087C0006378012B22D114F8533C9A0711D5A4F1F8
:1087D00060073846FFF746FF082E0CBF6FF0030313
:1087E0000023E36114F8533CDB0602D13846F3F76B
:1087F00081F8002323700020EB68A860C3F3863261
:10880000164366F39433EB60BDE8F081022BF0D1A0
:108810002378002BEDD054F8048CB8F1000FE8D089
:1088200004F11400F4F7CEF90023A4F1140739463B
:108830004046E362F2F78CF8DBE720B1011F50F805
:10884000040CF0F7D3BF704770B5A0FB015424B9F6
:108850002846F4F78FFD064610B90026304670BD55
:108860002A46214600F0A9FEF8E77047002070472D
:10887000704710B5044608B1F4F74CFF2046BDE838
:108880001040F4F737BF0346C068E0B15888D0B154
:108890001B8803F44F42B2F5824F09D1DBB2272B7C
:1088A0002AD008D8172B0FD0222B34D0122B16D059
:1088B0006FF085007047302B2FD0413B012BF7D84C
:1088C000FF2839D100207047C028FBD0E128F9D01B
:1088D000B0F5807F0CBF00206FF08600704720F05D
:1088E0002003C02BEED020F08003B3F5807FE9D0C9
:1088F00040F209239842EDE7E928E3D0EF28E1D0E0
:1089000040F21B139842DDD040F299139842D9D01F
:1089100040F23B23EEE7E928F1E720F02003C02BEB
:10892000D0D020F04003B3F5807FCBD0B0F5C07F2E
:10893000C8D0B0F5007FCDE7B0F5E07FCAE73AB127
:10894000002918BF00232121D21A184400F035BE97
:1089500070472DE9F04F9B46002389B08DF81B30FE
:10896000159B9146DDE912A7002B0D460B460CBF67
:108970004FF400624FF4806207A9DDF85080F5F7EC
:108980005BF80446D0B9079E284631880DF11B02DA
:10899000F5F7FEF8044688B99DF81B30BB421FD896
:1089A000CDE90338CDE901BACDF800902B46D6E9E0
:1089B00009123046F5F760FD044608B1C8F80070AA
:1089C0003A4621465046D8F80030FFF7B8FF0798DE
:1089D000F5F734FD002C18BF204609B0BDE8F08F34
:1089E0006FF08904EAE741F2062398421AD8B0F5FD
:1089F000905F09D241F2010398420CD0B0F5885F34
:108A000009D06FF0850070476923A0F5905080B2BF
:108A1000C340DB07F5D511F0070F0CBF00206FF046
:108A200086007047B0F5105FEBD121F04003802B3A
:108A300006D0B1F5807F0CBF00206FF08600704734
:108A40000020704770B5446A05460E463CB90120C7
:108A5000F4F74AFE686228B12046AE6270BD6FF03E
:108A60008A00FBE76FF08C00F8E7F8B51E460F466A
:108A700015460388C2B103F4E043B3F5805F02D02A
:108A8000B3F5005F10D1089BE90019600088FFF77B
:108A9000AAFF044630B92A463946304600F066FD42
:108AA000079B1D602046F8BD6FF08504FAE710B5FE
:108AB0000446406A10B1A16AFFF7DBFE0020C4E95A
:108AC000090010BD38B50546FFF7F1FF2B7F0446BE
:108AD000012B0ED0023B012B0ED82B6A012B18BFA5
:108AE0006FF096042C220021284600F066FD2046F7
:108AF00038BD2B6A002BF2E76FF09604F2E738B529
:108B0000049D1446AA420BD8184600F02FFD002100
:108B10002A1B204400F051FD0020059B1C6038BD3D
:108B20006FF08900FBE77FB50E461D461446BAB1CB
:108B3000002301222B6003A9F4F77EFF70B9CDE971
:108B4000004503983346D0E9091200F06BFA044659
:108B50000398F5F773FC002C18BF204604B070BDD5
:108B60006FF08900FAE770B50488154604F4E04216
:108B7000B2F5804F049E22D144F2010224F4405009
:108B800090420DD004F44F44B4F5824F08D0B4F5B0
:108B9000844F05D0B4F5884F02D0B4F58E4F0ED176
:108BA000B5420FD818462A4600F0E0FC0021721B9F
:108BB000284400F002FD0020059B1D6070BD6FF091
:108BC0008500FBE76FF08900F8E7F0B50F461E4619
:108BD000154685B00AB3002303A91A463360F4F79B
:108BE0002BFF044638B9039803885B0406D4F5F7D5
:108BF00025FC6FF08604204605B0F0BDCDE9005697
:108C00003B46D0E9091200F018FA04460398F5F73C
:108C100015FC002C08BF0446EDE76FF08904EAE775
:108C200010B50368044653B100F07BFA00232360BB
:108C3000A38823F4FF7323F00103A38010BD18461B
:108C4000FCE72DE9FF41984600230C4601680546E4
:108C500017460393A9BB4FF4A872083000F0ADFC8F
:108C6000B8F1000F20463B4614BF4FF480624FF42A
:108C7000006203A9F4F7E0FE044620BB039E3846D9
:108C800031882A1DF4F784FF0446E0B96B79314638
:108C900068F300036B7100972846D6E90923B8F101
:108CA000000F0BD0F5F700FC044660B90398F5F708
:108CB000C5FB0446204604B0BDE8F081F5F714FC7E
:108CC000F2E76FF088042846FFF7AAFF0398F5F74C
:108CD000B5FBEFE70123FFF7B4BF38B504680546DD
:108CE00064B112B90024204638BD00F005FA0446EC
:108CF0000028F7D02846FFF793FFF4E76FF08804C9
:108D0000F1E72DE9F0411746026805460E46984600
:108D100082B14279D2070DD502795AB1BA4216D83A
:108D200000F0F3F9044638B9A6B92846BDE8F04189
:108D3000FFF776BF6FF088040023C8F800702B712E
:108D400046B92846FFF76CFF2046BDE8F0816FF07A
:108D50008904F1E721463A463046D8F80030FFF75B
:108D6000EEFD2846FFF75CFF002C08BF0446EBE74A
:108D70001FB501240394089C0294079C0194069C4F
:108D80000094FFF7E6FD04B010BD2DE9F04705465D
:108D90009A46002388B0079325F0004323F47F030D
:108DA000B3F1106F0846DDE910961746DDF84880EC
:108DB0001CD12B464FF4804207A9F4F73DFE044630
:108DC000B0B9CDE90368CDE901A9079800972B4612
:108DD000D0E9091200F0ADF9044648B90798F5F753
:108DE0002DFB0446204608B0BDE8F0876FF08604EE
:108DF00031464846F5F7AEF80798C8F80060F5F731
:108E00001DFBEFE703461B88084603F4E043B3F578
:108E1000805F114602D0B3F5005F01D1F5F79AB833
:108E20006FF0850070477FB5002203880A60CDE9A6
:108E30000122428806460D46002A69D0028802F4C3
:108E4000E042B2F5804F63D023F0FF03B3F5E24F69
:108E500002D0B3F5824F04D13046FFF714FD04462B
:108E6000D8B9304602AA01A9F4F702FF0446002847
:108E700043D1019B9B6A9BB10199304601F12803C4
:108E8000D1E9091200F087F80446002839D12946B3
:108E90000198F4F753FE044678BB204604B070BD39
:108EA00073681B0A22D13088718800F4E043B3F55F
:108EB000805F15D0B3F5005F12D020F0FF03B3F54B
:108EC000E24F22D1C0B242280ED10831C908039125
:108ED00003990198FFF7B6FD04460028CCD00CE0BA
:108EE000FFF781FD044640B90731EFE7304603A99B
:108EF00000F04CF804460028EAD00198F4F71AFF75
:108F0000CBE70198FFF7D3FDF7E76FF08504F4E7AF
:108F10006FF08604C1E71C22002100F04EBB03461F
:108F20006FF040420846591E914207D338B103F111
:108F3000404393428CBF00200120704701207047BE
:108F4000034668B1017F8A1E012A0BD80329026AF1
:108F500003D1012A01D1FFF7B5BD1AB1013A1A6256
:108F6000002070476FF09600704700207047C0B235
:108F7000002814BF6FF08500002070470020704764
:108F8000704700226FF086001A60704700236FF070
:108F900086000B6070472DE9F041476804463F0AA0
:108FA0000D461646984611D107887F0407D44346DC
:108FB000324629462046BDE8F041FFF723BF00F0C6
:108FC000F4F810F1860FF2D0BDE8F0816FF0860062
:108FD000FAE72DE9F04F476885B03F0A0446DDE91E
:108FE0000E9A0D4616469846DDF840B015D1CDE9EB
:108FF00001ABCDF8009000F0CAF810F1860F0ED149
:109000004346324629462046CDE90FABCDF838908D
:1090100005B0BDE8F04FFFF728BD6FF0860005B042
:10902000BDE8F08F10B44468240A02D110BCFFF7E9
:1090300066BD6FF0860010BC70472DE9F3474768A6
:109040000446DDE90A9A3F0A0D461646984611D1B4
:10905000CDE9009A00F08DF810F1860F0CD143464F
:10906000324629462046CDE90A9A02B0BDE8F047CB
:10907000FFF779BD6FF0860002B0BDE8F08710B44D
:109080004468240A02D110BCF5F728BB6FF08600B3
:1090900010BC704713B504464868000A0AD104980A
:1090A000009004F10800F5F7C7FA08B91C23236003
:1090B00002B010BD6FF08600FAE710B404681C2CF3
:1090C00003D110BC0830F5F7E3BA6FF0860010BC8E
:1090D000704738B503681C2B0CD100F108042046FA
:1090E00000F06AF94FF4907105462046F4F712FB40
:1090F000284638BD0025FBE703681C2B02D1083049
:1091000000F035B96FF08600704710B404681C2C6D
:1091100003D110BC083000F033B96FF0860010BCEA
:10912000704703681C2B02D1083000F035B90020CD
:10913000704710B44468240A02D110BC00F044B94E
:109140006FF0860010BC70470020704713B50020F8
:1091500001AB1446F6F780F830B9019BA34218BF63
:109160006FF0930002B010BD6FF09200FAE700209C
:10917000704710B4048804F44F44B4F5824F02D110
:1091800010BC00F046B96FF0850010BC704710B4F9
:10919000048804F44F44B4F5824F02D110BC00F0AF
:1091A00068B96FF0850010BC704710B4048824F0D3
:1091B000FF04B4F5E24F02D110BC00F0ADB96FF07E
:1091C000850010BC7047024612F8103BDB0903EB28
:1091D000C303C3EB031312F8011D83EA410390425A
:1091E00013704FEA1323F6D170472DE9FF47054668
:1091F0008846144622B3D0F8486100F5947786B9C2
:109200004FF01009A0440DF10C0A102CA8EB040239
:1092100037D823463946384600F0EEF8C5F84841BD
:109220000EE0C6F110094A450FD8B9191346084691
:10923000424600F0E1F8D5F848312344C5F84831FA
:109240000026304604B0BDE8F087B9F1000F08D021
:10925000B91942464B46084600F0CEF8103EC844C5
:109260003444102203AB019339463B462846009212
:10927000FFF723FF06460028C2D02846FFF729FF44
:10928000DFE710233946384600F0B6F83B46102297
:1092900039462846CDE9009AFFF70FFF0646002819
:1092A000EBD1103CB1E72DE9F0439846D0F84831B6
:1092B0001746102B0446894685B000F59C7200F5D0
:1092C00094751CD12946284600F096F8102203AB6D
:1092D000019329462B4620460092FFF7EEFE0646F4
:1092E00030B93A462946484600F040F9C8F80070BF
:1092F0002046FFF7EEFE304605B0BDE8F083C61805
:10930000104696F8283183F0800386F82831FFF75D
:109310005AFF10230246D5E7F0B504460E4617461D
:10932000D5B04FF4A672002101A81D4600F045F902
:1093300021463B46324601A8F5F7F6F8044680B9C7
:1093400029465A9A01A8FFF750FF044648B9DDE9BB
:109350005C235B9901A8FFF7A6FF0446204655B0A1
:10936000F0BD01A8FFF7B5FEF8E7F5F703B990F8EF
:109370004C31022B01D1FFF738BF6FF088007047E6
:1093800010B490F84C41022C02D110BCFFF78BBFF7
:109390006FF0880010BC704710B590F84C3104464F
:1093A000022B07D1FFF795FE4FF4A872002120464B
:1093B00000F003F9002010BD08B54FF490720021B1
:1093C00000F0FBF8002008BD10B4048804F44F44FA
:1093D000B4F5824F02D110BCF5F7B8B96FF0850033
:1093E00010BC704703460144002013F8012B8B4248
:1093F00040EA0200F9D1704730B50B4411F8014B37
:1094000012F8015B994284EA050400F8014BF5D19A
:1094100030BDF8B505466F882D881846DDE906365B
:1094200005F4E04CBCF5804F144606D19A421DD895
:1094300000F09CF834600020F8BD47F2121295420B
:1094400002D06FF08500F7E7640001349C420DD82C
:109450000423B7F5807F34600370F2D10130F5F753
:10946000F3FA0028E7D06FF08600E5E76FF0890097
:10947000E2E72DE9F0410E4644F212111F4603883F
:1094800015468B42DDF8208042882ED047F212111B
:109490008B423BD102B9EA00B2F5807F36D1202D54
:1094A00003D06FF08600BDE8F08129463046FFF713
:1094B00099FF0028F5D03046F5F7B2FA0028F0D130
:1094C000D8F8004034F48074EBD1069B9D4220D83C
:1094D0002A463146384600F049F8079B20461D6071
:1094E0004FF48073C8F80030DDE71AB9EB07D8D520
:1094F0006A08D200B2F5807F08D1412DD1D13378EE
:10950000042BCED1701CF5F795FAD7E76FF08500E4
:10951000C9E76FF08900C6E7F8B51E4647F2121397
:109520000D4647880188FC1D99424FEAD40402D0B9
:109530006FF08500F8BD944215D821462846F4F70F
:1095400009FD0028F6D121462846FFF74BFF0028E9
:10955000F3D0B7F5807FEBD12846F5F761FA002804
:10956000EBD13460E6E76FF08900E3E70A44431E7D
:10957000914200D1704710B511F8014B914203F8A8
:10958000014FF9D110BD884210B501EB020402D998
:109590008442234607D8431EA14208D011F8012B6C
:1095A00003F8012FF8E7024401468A4200D110BDBA
:1095B00013F8014D02F8014DF7E7024403469342C8
:1095C00000D1704703F8011BF9E70139024410B5D7
:1095D000904201D1002005E0037811F8014FA34229
:1095E00001D0181B10BD0130F2E710B56AB1013986
:1095F000841810F8012B11F8013F9A4203D1A042C0
:1096000001D0002AF5D1D01A10BD1046FCE710B5E4
:109610000139044632B111F8013F013A00F8013B2B
:10962000002BF7D10021FFF7C8FF204610BD0246EE
:10963000014410B58A42134603D01C780132002C35
:10964000F8D1181A10BDF0B5C3F13707044603F07E
:109650001F031046FFB2082BE6B232D0102B3DD0CC
:109660006508A40845EAC17544EA81748A082D1981
:1096700042EB5102290941EA02716D1842EB1212C4
:10968000290A41EA02616D1842EB1222290C41EAD3
:1096900002416D1842EB1242AD1842F10002EC0893
:1096A00044EA4274D10804EB8402A6EB4205EDB211
:1096B000092D0CD90134A5F10A0541F10001EDB2E3
:1096C00012E0E40806F0070544EA4174C9083035A1
:1096D00054EA010200F8015BBDD1F0BD240906F097
:1096E0000F0544EA01740909092D84BFED19EDB293
:1096F000EDE7D1E9043293421EBF5A1C0A6118708B
:109700007047000001480068704700000C290020E5
:089710000C78FD7F0100000050
:10971800B9930000000000008D5100000000000017
:1097280000000000F8970200DD830200000000003E
:109738009D970100000000009598010000000000BE
:109748000000000030980200000000001498020099
:109758006775020000000000000000004C9802003D
:109768000000000068980200C14C010000000000E1
:1097780019690100000000003D57000000000000CA
:10978800D18800000000000000000000849802005A
:109798006B75020000000000E1A30100000000005A
:1097A80000000000A098020000000000BC98020021
:1097B80000000000D898020000000000F4980200A1
:1097C800BD69000000000000C5970000000000000F
:1097D8003F7502000000000049750200000000000B
:1097E800AD9D000000000000A1690000000000001D
:1097F8001601030054A60200AC9B0200540A002084
:109808004C2C0020A149010000000000B504030011
:1098180008A70200689B02005C0A0020202D002097
:10982800D959010000000000C10403001CA7020070
:10983800689B02005E0A00202C2D0020D9590100E7
:1098480000000000A90103000000000084A6020037
:10985800560A0020000000000B6E02000000000005
:109868006B06030030A70200C89B0200620A0020B2
:109878007C090020755E010000000000A9050300B6
:10988800740900208C9B0200600A0020382D0020FB
:10989800155A0100000000006F03030094A602009F
:1098A800509B0200580A0020380900209D4E0100F4
:1098B80000000000190003007806002048A00200FC
:1098C800500A0020780F0020FB3A02000000000038
:1098D8001200030000000000A09B0200520A0020B2
:1098E800F40800200000000000000000DF0303006F
:1098F80000000000389B02005A0A00200000000007
:08990800915401000000000071
:1099100000000000B745020000000000B74502004B
:1099200000000000B745020000000000B74502003B
:1099300000000000B74502002B7602007D75020092
:1099400000000000B745020000000000B74502001B
:10995000689802000D62010000000000B745020097
:1099600000000000B745020000000000B7450200FB
:1099700000000000B745020038070020D570020043
:1099800000000000B745020000000000B7450200DB
:1099900000000000B745020000000000B7450200CB
:1099A00000000000B745020000000000B7450200BB
:1099B00000000000B7450200000000001167010030
:1099C00000000000B745020000000000B74502009B
:1099D00000000000B745020000000000B74502008B
:1099E00000000000B745020000000000B74502007B
:1099F00000000000B745020000000000B74502006B
:109A000000000000B745020000000000B74502005A
:109A100000000000B745020000000000B74502004A
:109A200000000000B745020000000000B74502003A
:109A300000000000B745020000000000B74502002A
:109A400000000000B745020000000000B74502001A
:109A500000000000B745020000000000B74502000A
:109A60004D7D01007D750200198701007D750200A2
:109A700000000000B745020000000000B7450200EA
:109A800000000000B745020000000000B7450200DA
:109A900000000000B745020000000000B7450200CA
:109AA00000000000B745020000000000B7450200BA
:109AB00000000000B745020000000000B7450200AA
:109AC00000000000B745020000000000B74502009A
:109AD00000000000B745020000000000B74502008A
:109AE00000000000B745020000000000B74502007A
:109AF00000000000B745020000000000B74502006A
:109B000000000000B745020000000000B745020059
:109B100000000000B745020000000000B745020049
:109B200000000000B745020000000000B745020039
:089B300000000000B74502002F
:109B38005F70020045550100B954010065540100E9
:109B48002B70020055540100F55001001952010014
:109B580029530100C54D0100056F0200B54D0100F4
:109B6800D55701008D70020099700200AD70020097
:109B7800B7700200C1700200C9560100CD5501003E
:049B880000000000D9
:109B8C00455B0100D9700200F5700200F97002000B
:049B9C00B15A0100B9
:0C9BA0003D470100B9470100E14401000D
:109BAC00054A0100056E0200C56D020000000000B0
:0C9BBC00C1480100000000000000000093
:109BC800EF710200D16501000575020075600100A2
:109BD8009B7102009F72020005720200A15F0100E2
:049BE80023710200E3
:109BEC0005000000D9DD000006000000C92F0100AF
:089BFC000400000085F10000E7
:109C0400351F0000B91E0000000000000000000025
:109C140000000000000000005122000000000000CD
:109C24000000000000000000000000000000000030
:109C340000000000610B01000000000000000000B3
:109C4400A4A402000800000044A5020005000000CE
:109C540062EE0200030000008CCF0200030000004B
:109C6400DAE702000300000008FD02000300000020
:109C7400B6CF020003000000B4E0020003000000BD
:109C840071F60200030000009AC102000300000004
:109C9400C8DA0200030000002900030003000000EA
:109CA400A00003000300000026DF02000300000000
:109CB400B9DD020003000000F0FC02000300000014
:109CC400E1EA02000300000035CD020003000000B9
:109CD400ACC102000300000058CE020003000000E3
:109CE40014FB0200030000002DB602000300000074
:109CF400FAB2020003000000420103000300000066
:109D04007BCD020003000000F60303000300000003
:109D14006EB9020003000000FAB90200030000005B
:109D2400C7BA020003000000CBBA0200030000001F
:109D3400B0BC020003000000B405030003000000EF
:109D44001EC90200030000009ACB020003000000B9
:109D540035CC020003000000A8C10200030000008B
:109D640098C2020003000000470F03000300000034
:109D74007C030300030000005BCE0200030000002C
:109D84006ECC02000300000048B70200030000008C
:089D9400750603000300000046
:109D9C0008A10200A80600209FBC020001000000E0
:109DAC0055CE020000000000000000009594000059
:109DBC00259700000000000027F2020001000000BF
:109DCC0000000000295B0200000000000000000001
:109DDC0065F602000100000000000000FD03010018
:109DEC0000000000000000005DF602000100000011
:109DFC000000000055FA0000E90901000000000015
:109E0C00E8FC020001000000000000009D3F010082
:109E1C00793D0100000000006BF60200010000001B
:109E2C00000000001D0001004DFF000000000000BC
:109E40004D890100060000000001600030000000A4
:109E50000000000000000000600060000000000042
:109E600000000000AFD90200B4D90200B8D9020046
:109E7000BCD90200C0D90200C4D90200C8D902006E
:109E8000CCD90200D0D90200D4D90200D8D902001E
:109E9000DCD90200E0D90200E4D90200E8D90200CE
:109EA000ECD90200F0D90200F4D90200FF00000052
:109EB000FF000000FF000000FF000000FF000000A6
:109EC000FF000000FF000000FF000000FF00000096
:109ED000FF000000FF000000FF0000000002000083
:109EE0000002000000000000000100081200000055
:109EF00000000000029ECADC240EE5A9E093F3A353
:109F0000B50100406E029ECADC240EE5A9E093F381
:109F1000A3B50100406E029ECADC240EE5A9E093C1
:109F2000F3A3B50300406E029ECADC240EE5A9E04F
:109F300093F3A3B50200406E01030062746C6500E8
:109F40000000000000000000000000000000000011
:109F50000000000000000000000000000000000001
:109F600000000000000000000000000000010000F0
:109F70000338FDD870470000010000000000000019
:109F800082800000000000008A8000000000008045
:109F900000800080000000808B8000000000000036
:109FA000010000800000000081800080000000802F
:109FB00009800000000000808A000000000000000E
:109FC0008800000000000000098000800000000000
:109FD0000A000080000000008B800080000000006C
:109FE0008B000000000000808980000000000080DD
:109FF000038000000000008002800000000000805C
:10A0000080000000000000800A80000000000000C6
:10A010000A00008000000080818000800000008035
:10A02000808000000000008001000080000000002F
:10A030000880008000000080711E00000000000009
:10A04000111800008D1800000D520000B33B0200F3
:10A05000ED530000000000003954000025550000B9
:10A0600091390200053A020099390200CB39020009
:10A07000B53902009F390200000000000000000016
:10A08000E33C0200D53C0200DF3C0200D33C02006E
:10A0900000000000000000000000000000000000C0
:10A0A000C33C020078130020000100009F3D020025
:10A0B000653D020002000000193F020000000000A0
:10A0C0000000000000000000000000002BBC0200A7
:10A0D00033BC02000000000000000000000000008F
:10A0E00012F402003BBC02003FBC020043BC020071
:10A0F000F8A002006C210020E16300008C21002008
:10A10000365E002001000000CB3F0200C13F02008C
:10A110008F3F02000564000000000000833F020042
:10A12000000000000400000000000000000000002B
:10A1300000000100F498020001000000000001008E
:10A1400000400700F49802000200000000400800F0
:10A1500000400700F49802000300000000800F0098
:10A1600000800000F4980200000000008F4502000B
:10A170000C07002004070020FC060020000000005F
:10A18000F4060020A978000079770000CD77000060
:10A1900041780000C004002000000000060001001B
:10A1A00002000000A8A1020000000000CBCA0200CB
:10A1B00002000000E0FF0F0000000020D3CA0200F0
:10A1C00021000000E0FF062014070020F5890000B0
:10A1D000000000009F460200D192000041470200AB
:10A1E00000000000CCA10200F4A102004700000022
:10A1F0000000000058680120CCA1020008A2020063
:10A200000001000000000000106C0120CCA1020041
:10A210001CA202002E000000000000004478012073
:10A22000CCA1020030A202000201000000000000E8
:10A2300018790120F8D9020016DA020031DA02009A
:10A2400041DA02004EDA020057DA02005EDA02005A
:10A2500065DA02006CDA020074DA02004EDA0200FB
:10A260007CDA02008EDA0200A3DA0200B6DA02001B
:10A270000E0300004DB200000F04000019B20000F0
:10A280001A010000259B0000050400003D9B000012
:10A290001301000029A300003E01000009A00000F6
:10A2A000011200008D4902000A1E0000D14902007F
:10A2B000FF0100007DA100003E0100005DA1000043
:10A2C00005040000899B00000804000091A500001F
:10A2D0003003000009A5000010010000659C00008B
:10A2E00002010000E1BD00000112000029AF0000E2
:10A2F0000A1E0000A74A020003090000C59C0000D6
:10A30000040B0000399E0000060A000055B1000051
:10A31000070A0000359C00000C050000019C0000AD
:10A32000050C000091B00000CCA1020038A302008F
:10A330004700000000000000347A012059E70200C5
:10A3400066E7020086E702007AE7020091E7020072
:10A35000A8E70200B8E7020048EA0200CCE70200E2
:10A36000CCA1020070A30200000000000000000069
:10A37000087F0120CCA1020084A30200000100009C
:10A3800000000000307F01203550020075500200AF
:10A3900000000000000000000000000095E2000046
:10A3A00000000000000000000000000000000000AD
:10A3B00002020100275802000404010019F1000004
:10A3C0000606010059F000000804010045EF0000F6
:10A3D0000A0201000F5802000C040100F7570200A6
:10A3E0000E04010019EE0000200401007DED0000C4
:10A3F000100401008DEC000012020100C75602009B
:10A400001E000400095A020052020000ED5602002C
:10A410000104020065F60000030202000D5A02006A
:10A4200005010200D759020007040200E1590200A9
:10A4300009010200E55902000B000200E95902007F
:10A440000D000200ED5902000F000200F159020058
:10A4500021020200F559020011010200F95902001F
:10A4600013000200FD59020017040200015A020005
:10A4700019000200055A02001B0203005D5202008F
:10A480001D0205003DE80000230403004B520200BA
:10A49000CCA10200A0A40200020100000000000004
:10A4A000A8820120A0AA02000960020000000000AA
:10A4B0009CAA02000000010098AA0200F3620200B8
:10A4C00000000000A00800200000010090AA020087
:10A4D000000000000000000000000000000000007C
:10A4E0008CAA0200DB5F0200C5010100A808002061
:10A4F0000000030088AA0200F362020000000000CE
:10A50000980800200000010080AA020041600200BB
:10A510001903010000000000000003007CAA0200F3
:10A52000F36202000000000090080020000001001B
:10A5300074AA0200FD0801000000000000000000F5
:10A5400000000100C0AA0200096002000000000033
:10A55000BCAA020000000100B8AA0200F3620200D7
:10A5600000000000C808002000000100B0AA02009E
:10A570007160020000000000000000000000010007
:10A58000ACAA0200F362020000000000C008002034
:10A5900000000100A4AA02009B600200000000006D
:10A5A0000000000000000100092F0100DF6B020025
:10A5B000693901000000000000000000E9350100D9
:10A5C000000000000000000000000000000000008B
:10A5D0000000000000000000FB6702000600000011
:10A5E000A128010006000000BB6802001000000066
:10A5F000B92D010010000000093901000100000020
:10A600004567020010000000F76702000A00000022
:10A61000E92F010010000000CD3601000700000006
:10A62000F367020010000000413201000100000049
:10A63000AD2B0100400000001927010010000000B0
:10A64000376802000100000051480100794901000B
:10A6500000000000094B01008D48010021010300AA
:10A66000016E0200FD6D020027010300E56D02008E
:10A67000F16D02002D010300DF6D0200EB6D0200A1
:10A6800037010300114D010000000000040000002C
:10A6900000FF0000000000000000000000000000BB
:10A6A00000000000000000000000000000000000AA
:10A6B000040300000000000BF40100000001010091
:10A6C00000008000C2281700CCA6020000B0025093
:10A6D000D8A6020001000000E0A60200060000006B
:10A6E0001118001D0D18001F0E1800200F18002152
:10A6F000101800221218001E0008000000100000B0
:10A700000400000000FF0000FFFF0000002884504C
:10A71000380700200000000001000000FFFFFFFFDD
:10A7200000258450380700200000000000000000D1
:10A730000080005003000000000000005CA7020041
:10A740000000D6010000000000000000865F00202D
:10A75000815F0020805F00207F5F0020008000502C
:10A7600068A702000100000070A7020004000000BA
:10A770001400000013000002160600011506000375
:10A7800008000000030000000800000003000000B3
:10A79000BA0B0300CD0B0300E00B0300F30B030027
:10A7A000060C0300190C03002C0C03003F0C0300E3
:10A7B000920E0300A00E0300B40E0300C30E0300AC
:10A7C000CF0E03001897020020970200789702002E
:10A7D00080970200F0970200F897020048120300E9
:10A7E0000001000088130000512563FCC2CAB9F3C0
:10A7F000849E17A7ADFAE6BCFFFFFFFFFFFFFFFF38
:10A8000000000000FFFFFFFFAAAAAAAAAAAAAAAAFC
:10A81000AAAAAAAA55555555555555555555555594
:10A820000000000055555555522563FCC2CAB9F3C6
:10A83000849E17A7ADFAE6BCFFFFFFFFFFFFFFFFF7
:10A8400000000000FFFFFFFF512563FCC2CAB9F3FF
:10A85000849E17A7ADFAE6BCFFFFFFFFFFFFFFFFD7
:10A8600000000000FFFFFFFF96C298D84539A1F411
:10A87000A033EB2D817D0377F240A463E5E6BCF8BD
:10A8800047422CE1F2D1176BF551BF376840B6CB88
:10A89000CE5E316B5733CE2B169E0F7C4AEBE78E84
:10A8A0009B7F1AFEE242E34F4B60D2273E3CCE3BF9
:10A8B000F6B053CCB0061D65BC86987655BDEBB39B
:10A8C000E7933AAAD835C65AFCFFFFFFFFFFFFFF08
:10A8D000FFFFFFFF0000000000000000000000007C
:10A8E00001000000FFFFFFFFFF8FFFFFFF8FFFFF53
:10A8F000FE8FFFFFFE8FFFFFFD8FFFFFFC8FFFFF2F
:10A90000FC8FFFFFFB8FFFFF6D757465785F6672CC
:10A9100065652063616C6C65642077697468204E9E
:10A92000554C4C20706172616D6574657200000059
:10A9300043616E277420696E697469616C697A6518
:10A94000206D757465782C20776173204E554C4CC2
:10A950000D0A00004661696C20746F206163717597
:10A96000697265206D757465780A00004661696CCE
:10A9700020746F20696E63726561736520504D208D
:10A98000636F756E7465720A000000004661696C41
:10A9900020746F20646563726561736520504D207B
:10A9A000636F756E7465720A000000004661696C21
:10A9B00020746F2072656C65617365206D757465B8
:10A9C000780A0000436F756C64206E6F74206C6FA2
:10A9D000636B20706F7765722073617665206D758B
:10A9E000746578004661696C20746F20756E6C6FB9
:10A9F000636B206D757465780A00000063747820BD
:10AA000063616E6E6F74206265204E554C4C000081
:10AA10000A637478206973204E554C4C0A0000007C
:10AA200067E6096A85AE67BB72F36E3C3AF54FA5DF
:10AA30007F520E518C68059BABD9831F19CDE05B0B
:10AA4000D89E05C107D57C3617DD703039590EF711
:10AA5000310BC0FF11155868A78FF964A44FFABED7
:10AA60000123456789ABCDEFFEDCBA9876543210EE
:10AA7000F0E1D2C300002A2B00002A2B000003289B
:10AA80000000292B0000292B0000032800000229C8
:10AA90000000052A0000052A000003280000011814
:10AAA000000000280000012A0000012A00000328FD
:10AAB0000000002A0000002A0000032800000018FF
:10AAC000000000284572726F72207768696C6520FB
:10AAD000646973636F766572696E67204741545489
:10AAE0002064617461626173653A202825642900DD
:10AAF00053657276696365206E6F7420666F756E3C
:10AB00006400436F6E6E656374696E672066616989
:10AB10006C6564005365727669636520646973636C
:10AB20006F7665727920636F6D706C657465640013
:10AB30004661696C656420746F2073656E64205390
:10AB4000544152543A2025640053544152542073C6
:10AB5000656E7420746F20706572697068657261CB
:10AB60006C004661696C656420746F2073746F704B
:10AB7000207363616E6E696E67202865727220258E
:10AB8000642900555549442066696C7465722063D8
:10AB9000616E6E6F74206265206164646564202854
:10ABA0006572722025640046696C74657273206357
:10ABB000616E6E6F74206265207475726E656420BC
:10ABC0006F6E202865727220256429005363616EC0
:10ABD0006E696E67206661696C656420746F2073AE
:10ABE0007461727420286572722025642900536391
:10ABF000616E2073746172746564004D54552065F4
:10AC0000786368616E6765206661696C6564202899
:10AC1000657272202568687529004D545520657845
:10AC20006368616E676520646F6E6500636F756C45
:10AC300064206E6F74207374617274207468652070
:10AC4000646973636F766572792070726F6365648F
:10AC50007572652C206572726F7220636F64653A3D
:10AC6000202564005349475F41434B2073656E7450
:10AC700020746F207065726970686572616C00463F
:10AC800061696C656420746F2073656E642053493C
:10AC9000475F41434B3A202564004D53475F414392
:10ACA0004B2073656E7420746F20706572697068D4
:10ACB0006572616C004661696C656420746F207315
:10ACC000656E64204D53475F41434B3A2025640035
:10ACD0004E6F742061626C6520746F20616C6C6FC4
:10ACE00063617465205541525420726563656976CD
:10ACF0006520627566666572004154542065727203
:10AD00006F7220636F64653A2030782530325800C6
:10AD10005055424C4943204B4559205245434549E3
:10AD2000564544004661696C656420746F20736504
:10AD30006E6420504B5F41434B3A20256400504BDA
:10AD40005F41434B2073656E7420746F2070657291
:10AD50006970686572616C005075626C6963206B24
:10AD6000657920627566666572206F766572666CBD
:10AD70006F77005349474E41545552452052454341
:10AD80004549564544005369676E61747572652084
:10AD9000627566666572206F766572666C6F7700A5
:10ADA0004D45535341474520524543454956454437
:10ADB000004D6573736167653A20252E2A73004D37
:10ADC00065737361676520627566666572206F766C
:10ADD0006572666C6F77007075626C696300726192
:10ADE0006E646F6D007075626C69632D69640072CA
:10ADF000616E646F6D2D696400253032583A2530DC
:10AE000032583A253032583A253032583A253032C5
:10AE1000583A25303258202825732900506169722C
:10AE2000696E67206661696C656420636F6E6E3A57
:10AE30002025732C20726561736F6E202564202598
:10AE4000730050616972696E672063616E63656C3F
:10AE50006C65643A2025730050616972696E6720E1
:10AE6000636F6D706C657465643A2025732C206285
:10AE70006F6E6465643A2025640046696C7465727F
:10AE800073206D6174636865642E2041646472652B
:10AE900073733A20257320636F6E6E65637461620D
:10AEA0006C653A20256400446973636F6E6E656358
:10AEB0007465643A2025732C20726561736F6E206F
:10AEC000307825303278202573004661696C6564DE
:10AED00020746F20636F6E6E65637420746F20251D
:10AEE000732C2030782530327820257300436F6E24
:10AEF0006E65637465643A202573004D5455206572
:10AF0000786368616E6765206661696C6564202896
:10AF100065727220256429004661696C656420743D
:10AF20006F207365742073656375726974793A2054
:10AF300025640053746F70204C45207363616E204C
:10AF40006661696C65642028657272202564290039
:10AF5000416464726573732066696C746572206302
:10AF6000616E6E6F74206265206164646564202880
:10AF7000657272202564293A202573004164647249
:10AF80006573732066696C746572206164646564BE
:10AF90003A20257300574553545F544F504449524B
:10AFA0002F7A65706879722F696E636C7564652F8E
:10AFB0007A65706879722F647269766572732F672B
:10AFC00070696F2E6800286366672D3E706F72741B
:10AFD0005F70696E5F6D61736B20262028677069F2
:10AFE0006F5F706F72745F70696E735F7429283160
:10AFF000554C203C3C202870696E29292920213D90
:10B0000020305500415353455254494F4E2046413C
:10B01000494C205B25735D20402025733A25640A46
:10B020000009556E737570706F7274656420706975
:10B030006E0A005349474E415455524520564552D9
:10B04000494649434154494F4E2053554343455384
:10B0500053005349474E4154555245205645524995
:10B060004649434154494F4E204641494C454400CE
:10B07000566572696669636174696F6E2074696D83
:10B08000653A20256C6C64206D73003D3D3D3D3D6F
:10B090003D3D3D3D3D3D3D3D3D3D3D3D3D3D3D3DE0
:10B0A0003D3D3D3D3D3D3D3D3D3D3D3D3D3D3D000D
:10B0B0005365637572697479206368616E6765644E
:10B0C0003A202573206C6576656C202575005365E4
:10B0D000637572697479206661696C65643A2025CC
:10B0E00073206C6576656C2025752065727220254D
:10B0F00064202573004661696C656420746F207359
:10B10000656E642064617461206F766572205541BC
:10B110005254004750494F3020646576696365207A
:10B120006E6F74207265616479004661696C656454
:10B1300020746F207265676973746572206175741D
:10B14000686F72697A6174696F6E2063616C6C629A
:10B1500061636B732E004661696C656420746F20B7
:10B16000726567697374657220617574686F72695E
:10B170007A6174696F6E20696E666F2063616C6CB2
:10B180006261636B732E0A00426C7565746F6F7435
:10B190006820696E6974206661696C656420286541
:10B1A00072722025642900426C7565746F6F746833
:10B1B00020696E697469616C697A656400554152F1
:10B1C0005420646576696365206E6F7420726561D2
:10B1D000647900756172745F696E69742066616973
:10B1E0006C6564202865727220256429004E5553D1
:10B1F00020436C69656E7420696E697469616C695D
:10B200007A6174696F6E206661696C656420286577
:10B21000727220256429006E75735F636C69656EB8
:10B22000745F696E6974206661696C656420286565
:10B23000727220256429004E555320436C69656E57
:10B2400074206D6F64756C6520696E697469616CDA
:10B25000697A6564005363616E206D6F64756C6517
:10B2600020696E697469616C697A65640053746100
:10B270007274696E6720426C7565746F6F746820B4
:10B2800043656E7472616C20554152542073616D38
:10B29000706C650A004661696C656420746F207388
:10B2A000656E642064617461206F76657220424C23
:10B2B0004520636F6E6E656374696F6E20286572DA
:10B2C0007220256429004E55532073656E642074E6
:10B2D000696D656F757400504B5F41434B00534976
:10B2E000475F41434B004D53475F41434B0053542D
:10B2F0004152540053544152540063656E7472615C
:10B300006C5F7561727400574553545F544F5044DD
:10B3100049522F7A65706879722F6C69622F68655F
:10B3200061702F686561702E63006368756E6B5F76
:10B330007573656428682C2063290009756E65782B
:10B3400070656374656420686561702073746174EE
:10B35000652028646F75626C652D667265653F298E
:10B3600020666F72206D656D6F7279206174202583
:10B37000700A006C6566745F6368756E6B28682C74
:10B380002072696768745F6368756E6B28682C202B
:10B39000632929203D3D20630009636F7272757037
:10B3A000746564206865617020626F756E647320D7
:10B3B00028627566666572206F766572666C6F7757
:10B3C0003F2920666F72206D656D6F727920617400
:10B3D0002025700A0028616C69676E20262028618C
:10B3E0006C69676E202D20312929203D3D203000D9
:10B3F00009616C69676E206D7573742062652061E8
:10B4000020706F776572206F6620320A006279744F
:10B410006573203E20686561705F666F6F7465724A
:10B420005F627974657328627974657329000968AD
:10B430006561702073697A6520697320746F6F206D
:10B44000736D616C6C0A00686561705F737A203E91
:10B45000206368756E6B737A2873697A656F6628E6
:10B46000737472756374207A5F686561702929004E
:10B470006368756E6B305F73697A65202B206D6928
:10B480006E5F6368756E6B5F73697A6528682920E3
:10B490003C3D20686561705F737A00574553545F87
:10B4A000544F504449522F7A65706879722F6C69F5
:10B4B000622F6F732F63627072696E74665F706162
:10B4C000636B616765642E630009537472696E670C
:10B4D000207769746820746F6F206D616E792061C8
:10B4E0007267756D656E74730A00097374725F70AC
:10B4F00074725F706F735B5D20746F6F20736D612A
:10B500006C6C0A0009756E657870656374656420FB
:10B5100073697A652025750A0009746F6F206D6163
:10B520006E7920666F726D617420617267730A00B4
:10B53000696E5F7061636B6167656420213D2028DF
:10B5400028766F6964202A2930290028756E73696E
:10B55000676E6564292063686172202A20757365AF
:10B560006420666F722025257020617267756D6595
:10B570006E742E2049742773207265636F6D6D653C
:10B580006E64656420746F20636173742069742035
:10B59000746F20766F6964202A2062656361757319
:10B5A00065206974206D6179206361757365206D14
:10B5B00069736265686176696F7220696E20636580
:10B5C000727461696E20636F6E666967757261740B
:10B5D000696F6E732E20537472696E673A222573F9
:10B5E0002220617267756D656E743A25640073631D
:10B5F00070795F636E74203C2073697A656F66288A
:10B600006370795F7374725F706F7329006B656527
:10B61000705F636E74203C2073697A656F66286B77
:10B620006565705F7374725F706F73290063627019
:10B6300072696E74665F7061636B61676500574520
:10B6400053545F544F504449522F7A657068797251
:10B650002F696E636C7564652F7A65706879722FD7
:10B660006B65726E656C2E6800216B5F69735F702D
:10B6700072655F6B65726E656C282900096B5F638C
:10B68000757272656E745F6765742063616C6C655A
:10B6900064207072652D6B65726E656C0A0057458B
:10B6A00053545F544F504449522F7A6570687972F1
:10B6B0002F6C69622F6F732F6D7073635F7062758B
:10B6C000662E6300574553545F544F504449522FE0
:10B6D0007A65706879722F696E636C7564652F7A0C
:10B6E00065706879722F7370696E6C6F636B2E680A
:10B6F000007A5F7370696E5F6C6F636B5F76616C0D
:10B700006964286C290009496E76616C696420734C
:10B7100070696E6C6F636B2025700A007A5F7370BE
:10B72000696E5F756E6C6F636B5F76616C696428C0
:10B730006C2900094E6F74206D79207370696E6CEE
:10B740006F636B2025700A007379735F6765746F90
:10B75000707400574553545F544F504449522F7AE8
:10B7600065706879722F6C69622F7574696C732FBC
:10B770006F6E6F66662E63007374617465203D3D65
:10B7800020305500217379735F736C6973745F693E
:10B79000735F656D70747928266D67722D3E636CDA
:10B7A00069656E747329007472616E736974202107
:10B7B0003D202828766F6964202A29302900737477
:10B7C000617465203D3D202831554C203C3C2028AB
:10B7D000312929006D67722D3E72656673203D3DEB
:10B7E0002030007374617465203D3D202831554C34
:10B7F000203C3C2028302929006D67722D3E72655F
:10B800006673203E203000574553545F544F5044D8
:10B8100049522F7A65706879722F6C69622F75743E
:10B82000696C732F6E6F746966792E63004E565380
:10B83000206E6F7420696E697469616C697A6564E1
:10B8400000436F756C64206E6F74206F6274616961
:10B850006E20666C61736820706172616D657465DD
:10B86000727300556E737570706F727465642077B3
:10B870007269746520626C6F636B2073697A65000E
:10B88000536563746F722073697A6520257520741F
:10B890006F6F206C617267652C206D6178696D75C2
:10B8A0006D20697320257A7500556E61626C652084
:10B8B000746F20676574207061676520696E666FBC
:10B8C00000496E76616C696420736563746F7220E1
:10B8D00073697A6500436F6E666967757261746932
:10B8E0006F6E206572726F72202D20736563746FA6
:10B8F0007220636F756E7400256420536563746FE6
:10B900007273206F6620256420627974657300610C
:10B910006C6C6F63207772613A2025642C20257847
:10B920000064617461207772613A2025642C2025BF
:10B930007800474320446F6E65206D61726B6572BD
:10B9400020666F756E64004E6F20474320446F6E13
:10B9500065206D61726B657220666F756E643A204A
:10B9600072657374617274696E67206763006673D1
:10B970005F6E767300496E76616C696420696E73E0
:10B9800074616E636500496E76616C696420626102
:10B99000636B656E6420636F6E6669677572617450
:10B9A000696F6E00496E76616C696420696E7374AC
:10B9B000616E63652C20656E64706F696E74206FB4
:10B9C0007220636F6E66696775726174696F6E006D
:10B9D000496E76616C696420656E64706F696E741F
:10B9E00000456E64706F696E74206E6F74207265AE
:10B9F00067697374657265640A006970635F736573
:10BA00007276696365006C6F6767696E670057459A
:10BA100053545F544F504449522F7A65706879727D
:10BA20002F7375627379732F6C6F6767696E672FF9
:10BA30006C6F675F636F72652E63006C6F675F6228
:10BA400061636B656E645F636F756E745F67657469
:10BA50002829203C2028283332202F203355292024
:10BA60002D202831202B20302929006261636B654D
:10BA70006E64203C3D205F6C6F675F6261636B6545
:10BA80006E645F6C6973745F656E640009756E65E2
:10BA900078706563746564206C69737420656E6486
:10BAA000206C6F636174696F6E0A006C6F675F6210
:10BAB00061636B656E645F636F756E745F676574F9
:10BAC0002829203E2030006C6F67006C6F675F6D27
:10BAD000676D74004D657373616765202822257357
:10BAE00022292064726F70706564206265636175DD
:10BAF0007365206974206578636565647320736974
:10BB00007A65206C696D69746174696F6E2028258F
:10BB1000752900574553545F544F504449522F7A6A
:10BB200065706879722F7375627379732F6C6F67A4
:10BB300067696E672F6C6F675F6D73672E63006C4C
:10BB4000656E203E3D203000574553545F544F50A2
:10BB50004449522F7A65706879722F7375627379D0
:10BB6000732F6C6F6767696E672F6C6F675F6F7598
:10BB7000747075742E63006F75745F6374782D3EF6
:10BB8000636F6E74726F6C5F626C6F636B2D3E6F70
:10BB90006666736574203C3D206F75745F637478CE
:10BBA0002D3E73697A65001B5B306D006C657665B0
:10BBB0006C203C3D203400257320005B2530386C20
:10BBC000755D20005B253032753A253032753A2597
:10BBD0003032752E253033752C253033755D2000BD
:10BBE00025732F003C25733E200025733A20006505
:10BBF0007272203E3D2030002530327820007C00DB
:10BC0000256300206D657373616765732064726FCF
:10BC100070706564202D2D2D0D0A1B5B306D001B8F
:10BC20005B313B33316D2D2D2D20001B5B313B33C0
:10BC3000316D001B5B313B33336D0077726E0069F1
:10BC40006E660064626700574553545F544F50441A
:10BC500049522F7A65706879722F737562737973A0
:10BC60002F6C6F6767696E672F6261636B656E64C7
:10BC7000732F6C6F675F6261636B656E645F756184
:10BC800072742E63006465766963655F69735F72C1
:10BC90006561647928756172745F64657629006CEA
:10BCA0006F675F6261636B656E645F75617274007C
:10BCB0006C6F675F7561727400574553545F544FE2
:10BCC000504449522F7A65706879722F7375627388
:10BCD00079732F73657474696E67732F7372632F32
:10BCE00073657474696E67732E63006368203C3DEE
:10BCF000205F73657474696E67735F68616E646CEE
:10BD000065725F7374617469635F6C6973745F6596
:10BD10006E64007365742D76616C7565206661696B
:10BD20006C7572652E206B65793A202573206572DB
:10BD3000726F7228256429002A2A2A20426F6F74A4
:10BD4000696E67206E524620436F6E6E6563742085
:10BD500053444B2076332E332E332D6637386565AA
:10BD600065353534343438202A2A2A0A002A2A2A0A
:10BD7000205573696E67205A6570687972204F5339
:10BD80002076342E332E39392D33376536633238E9
:10BD90003537366565202A2A2A0A00425420474151
:10BDA000545420444D20575100556E737570706F78
:10BDB00072746564205555494420747970652E006D
:10BDC000574553545F544F504449522F6E72662F5B
:10BDD0007375627379732F626C7565746F6F7468B5
:10BDE0002F676174745F646D2E63006C656E203C18
:10BDF0003D2028313238202D2073697A656F6628FE
:10BE0000737472756374206B5F68656170202A2992
:10BE1000202D2073697A656F662873747275637458
:10BE200020646174615F6368756E6B5F6974656DD2
:10BE3000202A2929004E6F20737061636520666F88
:10BE400072206E6577206174747269627574652EF4
:10BE5000004E6F20737061636520666F722061749D
:10BE60007472696275746520646174612E00556E28
:10BE7000696E697469616C697A65642055554944D5
:10BE80002E004E6F20737061636520666F722061B3
:10BE900020555549442E0041747472696275746569
:10BEA00073206E6F74206C6F636B65640047415440
:10BEB0005420646973636F766572206661696C658E
:10BEC000642C206572726F723A2025642E006274B1
:10BED0005F757569645F636D7028617474722D3E5F
:10BEE000757569642C202828636F6E7374207374D1
:10BEF000727563742062745F75756964202A2920E5
:10BF00002828636F6E737420737472756374206273
:10BF1000745F757569645F31365B5D29207B7B20BA
:10BF20002E75756964203D207B2042545F5555492C
:10BF3000445F545950455F3136207D2C202E766168
:10BF40006C203D2028307832383030292C207D7DFF
:10BF5000292929203D3D2030207C7C2062745F759A
:10BF60007569645F636D7028617474722D3E7575B8
:10BF700069642C202828636F6E7374207374727543
:10BF800063742062745F75756964202A29202828EB
:10BF9000636F6E7374207374727563742062745F60
:10BFA000757569645F31365B5D29207B7B202E755A
:10BFB000756964203D207B2042545F555549445F9C
:10BFC000545950455F3136207D2C202E76616C20EF
:10BFD0003D2028307832383031292C207D7D2929A8
:10BFE00029203D3D2030004E6F7420656E6F7567CF
:10BFF00068206D656D6F727920666F72207365724F
:10C0000076696365206174747269627574652E0067
:10C010006375725F736572766963655F76616C20C4
:10C02000213D202828766F6964202A293029004E76
:10C030006F7420656E6F756768206D656D6F7279BE
:10C0400020666F722073657276696365206174740F
:10C0500072696275746520646174612E004E6F743C
:10C0600020656E6F756768206D656D6F72792066EB
:10C070006F72206E65787420617474726962757471
:10C08000652064657363726970746F7220617420D7
:10C0900068616E646C652025752E0062745F75752D
:10C0A00069645F636D7028617474722D3E75756983
:10C0B000642C202828636F6E737420737472756308
:10C0C000742062745F75756964202A2920282863AA
:10C0D0006F6E7374207374727563742062745F750D
:10C0E0007569645F31365B5D29207B7B202E757519
:10C0F0006964203D207B2042545F555549445F547C
:10C100005950455F3136207D2C202E76616C203DC4
:10C110002028307832383033292C207D7D29292978
:10C12000203D3D2030006375725F676174745F630A
:10C1300068726320213D202828766F6964202A29AF
:10C1400030290009556E6B6E6F776E2070617261D9
:10C150006D20747970652E0A00556E657870656380
:10C1600074656420636F6E6E206F626A6563742EFF
:10C170002041626F7274696E672E00446973636F49
:10C18000766572206661696C65642C206572726FD9
:10C19000723A2025642E0004081162745F6761748E
:10C1A000745F646D000204106E72665F62745F7388
:10C1B00063616E004D697373696E67204E5553203D
:10C1C000545820636861726163746572697374693D
:10C1D000632E004D697373696E67204E555320546A
:10C1E000582076616C75652064657363726970743C
:10C1F0006F7220696E206368617261637465726931
:10C20000737469632E004D697373696E67204E55B0
:10C21000532054582043434320696E206368617261
:10C22000616374657269737469632E004D69737319
:10C23000696E67204E5553205258206368617261C1
:10C240006374657269737469632E004D69737369F1
:10C250006E67204E55532052582076616C756520CC
:10C2600064657363726970746F7220696E206368AD
:10C270006172616374657269737469632E005375CA
:10C2800062736372696265206661696C6564202807
:10C2900065727220256429006E75735F63006D7589
:10C2A0007465785F696E69742063616C6C65642085
:10C2B00077697468204E554C4C20706172616D65D1
:10C2C00074657200436F756C64206E6F7420616CCE
:10C2D0006C6F63617465206D757465782062656646
:10C2E0006F726520696E697469616C697A696E67DD
:10C2F0000072302F61313A20203078253038782094
:10C300002072312F61323A20203078253038782061
:10C310002072322F61333A2020307825303878006F
:10C3200072332F61343A20203078253038782072EB
:10C3300031322F69703A20203078253038782072D9
:10C3400031342F6C723A2020307825303878002034
:10C35000787073723A202030782530387800466142
:10C36000756C74696E6720696E7374727563746935
:10C370006F6E206164647265737320287231352F8B
:10C380007063293A2030782530387800556E68611E
:10C390006E646C6564204952516E3A202564002A0F
:10C3A0002A2A2A2A204D5055204641554C54202AED
:10C3B0002A2A2A2A002020537461636B696E672041
:10C3C0006572726F722028636F6E74657874206175
:10C3D000726561206D69676874206265206E6F7494
:10C3E0002076616C696429002020556E7374616346
:10C3F0006B696E67206572726F72002020446174F1
:10C4000061204163636573732056696F6C61746961
:10C410006F6E0020204D4D4641522041646472658C
:10C4200073733A2030782578002020496E73747237
:10C43000756374696F6E2041636365737320566919
:10C440006F6C6174696F6E002020466C6F61746957
:10C450006E672D706F696E74206C617A79207374C9
:10C4600061746520707265736572766174696F6E50
:10C47000206572726F7200574553545F544F504499
:10C4800049522F7A65706879722F617263682F61E3
:10C49000726D2F636F72652F636F727465785F6D55
:10C4A0002F6661756C742E6300212828285343423F
:10C4B0005F54797065202A2920282830784530304B
:10C4C0003045303030554C29202B203078304430E6
:10C4D00030554C2920292D3E4346535220262028F2
:10C4E00031554C203C3C20283055202B20345529F8
:10C4F00029290009537461636B696E67206F72208C
:10C5000044617461204163636573732056696F6C85
:10C510006174696F6E206572726F722077697468DA
:10C520006F757420737461636B2067756172642C1E
:10C5300020757365722D6D6F6465206F72206E7546
:10C540006C6C2D706F696E746572206465746563C0
:10C5500074696F6E0A0A002A2A2A2A2A2055534132
:10C560004745204641554C54202A2A2A2A2A002091
:10C57000204469766973696F6E206279207A6572EA
:10C580006F002020556E616C69676E6564206D6573
:10C590006D6F72792061636365737300202053743B
:10C5A00061636B206F766572666C6F772028636FAE
:10C5B0006E746578742061726561206E6F74207688
:10C5C000616C6964290020204E6F20636F70726F68
:10C5D000636573736F7220696E73747275637469C7
:10C5E0006F6E73002020496C6C6567616C206C6F06
:10C5F0006164206F66204558435F52455455524E42
:10C6000020696E746F205043002020496C6C656770
:10C61000616C20757365206F6620746865204550D5
:10C620005352002020417474656D707420746F2023
:10C630006578656375746520756E646566696E6599
:10C640006420696E737472756374696F6E002A2A50
:10C650002A2A2A20425553204641554C54202A2A42
:10C660002A2A2A002020537461636B696E67206553
:10C6700072726F7200202050726563697365206466
:10C6800061746120627573206572726F7200202080
:10C690004246415220416464726573733A20307897
:10C6A0002578002020496D70726563697365206488
:10C6B00061746120627573206572726F7200202050
:10C6C000496E737472756374696F6E20627573203E
:10C6D0006572726F7200526573657276656420458B
:10C6E0007863657074696F6E202800537075726985
:10C6F0006F757320696E7465727275707420284945
:10C7000052512000535053454C20696E207468727A
:10C71000656164206D6F646520646F6573206E6F62
:10C720007420696E646963617465205053500065BC
:10C73000736620213D202828766F6964202A2930DD
:10C7400029000945534620636F756C64206E6F7431
:10C750002062652072657472696576656420737500
:10C76000636365737366756C6C792E205368616CB6
:10C770006C206E65766572206F636375722E0A0099
:10C780002A2A2A2A2A2048415244204641554C54FC
:10C79000202A2A2A2A2A00202042757320666175E1
:10C7A0006C74206F6E20766563746F7220746162A2
:10C7B0006C652072656164002020446562756720A5
:10C7C0006576656E740020204661756C7420657313
:10C7D00063616C6174696F6E2028736565206265A2
:10C7E0006C6F772900415243485F45584345505488
:10C7F000207769746820726561736F6E2025780AEE
:10C8000000094661756C7420657363616C617469BD
:10C810006F6E20776974686F757420465352206973
:10C820006E666F0A0009486172644661756C742017
:10C83000776974686F7574204846535220696E6634
:10C840006F205368616C6C206E65766572206F6333
:10C850006375720A002A2A2A2A2A204465627567AB
:10C86000206D6F6E69746F7220657863657074698E
:10C870006F6E202A2A2A2A2A002A2A2A2A2A2025D2
:10C880007320256429202A2A2A2A2A00574553542E
:10C890005F544F504449522F7A65706879722F6106
:10C8A0007263682F61726D2F636F72652F636F7291
:10C8B0007465785F6D2F6972715F6D616E61676518
:10C8C0002E63007072696F203C3D20282831554C42
:10C8D000203C3C2028332929202D203129000969BA
:10C8E0006E76616C6964207072696F726974792008
:10C8F000256420666F72202564206972712120767C
:10C90000616C756573206D757374206265206C654C
:10C910007373207468616E20256C750A0A006D704F
:10C9200075004661696C656420746F20616C6C6F82
:10C9300063617465206E6577204D50552072656780
:10C94000696F6E2025750A00506172746974696F91
:10C950006E2025753A2073616E697479206368656D
:10C96000636B206661696C65642E00496E76616C4C
:10C97000696420756E6465726C79696E6720726592
:10C9800067696F6E20696E6465782025750057456C
:10C9900053545F544F504449522F7A6570687972EE
:10C9A0002F617263682F61726D2F636F72652F6DD7
:10C9B00070752F61726D5F6D70752E630009436F26
:10C9C0006E6669677572696E67202575207374617C
:10C9D000746963204D505520726567696F6E7320CE
:10C9E0006661696C65640A0A00094D61726B696E63
:10C9F0006720257520617265617320666F722064FF
:10CA0000796E616D696320726567696F6E73206608
:10CA100061696C65640A0A00095265717565737411
:10CA200020746F20636F6E6669677572653A2025A2
:10CA30007520726567696F6E732028737570706FEB
:10CA4000727465643A202575290A0A0021287265E6
:10CA500067696F6E5B6964785D2E64745F6174747E
:10CA6000722026202831554C203C3C202830292992
:10CA700029000952414D5F4E4F43414348452077BD
:10CA80006974682044545F4D454D5F4341434845B8
:10CA900041424C45206174747269627574650A0A7A
:10CAA00000094661696C656420746F20616C6C6F6D
:10CAB00063617465204D505520726567696F6E73B0
:10CAC0002066726F6D2044540A0A00464C41534858
:10CAD0005F30005352414D5F3000657869740057F4
:10CAE0004553545F544F504449522F7A65706879CA
:10CAF000722F6C69622F6C6962632F636F6D6D6F4B
:10CB00006E2F736F757263652F7374646C69622F17
:10CB10006D616C6C6F632E63006C6F636B5F72652D
:10CB200074203D3D203000574553545F544F5044CE
:10CB300049522F7A65706879722F6C69622F6E6521
:10CB4000745F6275662F6275662E63006275662D6E
:10CB50003E6672616773203D3D202828766F6964C8
:10CB6000202A293029007265715F73697A65203C3B
:10CB70003D2073697A65006275662D3E72656600B8
:10CB80000962756620257020646F75626C65206689
:10CB90007265650A0066726167006E65745F627532
:10CBA0006600574553545F544F504449522F7A659D
:10CBB000706879722F6C69622F6E65745F6275663A
:10CBC0002F6275665F73696D706C652E63006275A8
:10CBD000662D3E6C656E203D3D20305500627566C9
:10CBE0002D3E6C656E203E3D206C656E006E65745A
:10CBF0005F6275665F73696D706C655F68656164BF
:10CC0000726F6F6D2862756629203E3D206C656EDF
:10CC1000006E65745F6275665F73696D706C655FE9
:10CC20007461696C726F6F6D2862756629203E3D74
:10CC3000206C656E006E65745F6275665F73696D0A
:10CC4000706C6500574553545F544F504449522F00
:10CC50007A65706879722F736F632F6E6F72646973
:10CC6000632F6E726635332F736F632E6300736F9D
:10CC70006300574553545F544F504449522F6D6FD2
:10CC800064756C65732F68616C2F6E6F7264696375
:10CC90002F6E7266782F68616C2F6E72665F677098
:10CCA000696F2E68006E72665F6770696F5F70698A
:10CCB0006E5F70726573656E745F636865636B2821
:10CCC0002A705F70696E2900574553545F544F5066
:10CCD0004449522F7A65706879722F736F632F6E93
:10CCE0006F726469632F6E726635332F6E726635AC
:10CCF000335F6370756E65745F6D676D742E63006E
:10CD0000726574203E3D2030000000000121200BA0
:10CD10000A00000000000000FFFFFFFFFFFF00000F
:10CD20000000000030313233343536373839616233
:10CD3000636465660062745F72706100496E73754A
:10CD40006666696369656E74206E756D62657220D2
:10CD50006F6620617267756D656E74730049676EEA
:10CD60006F72696E67206964656E74697469657352
:10CD70002073746F72656420696E20666C617368DD
:10CD800000496E76616C6964206C656E677468201A
:10CD90004944206164647265737320696E20737402
:10CDA0006F726167650062742F25732F25303278AA
:10CDB0002530327825303278253032782530327877
:10CDC0002530327825752F25730062742F25732F37
:10CDD0002530327825303278253032782530327857
:10CDE0002530327825303278257500736574746982
:10CDF0006E67735F7375627379735F696E697420B0
:10CE00006661696C6564202865727220256429005A
:10CE100062742F2573004661696C656420746F200D
:10CE20007361766520494420286572722025642943
:10CE300000556E61626C6520746F20736574757047
:10CE400020616E206964656E746974792061646420
:10CE5000726573730062740062745F7365747469E1
:10CE60006E6773004254204C572057510002FB3428
:10CE70009B5F80000080001000000000000057450C
:10CE800053545F544F504449522F7A6570687972F9
:10CE90002F7375627379732F626C7565746F6F741D
:10CEA000682F686F73742F6275662E6300747970D3
:10CEB00065203D3D2042545F4255465F4556542013
:10CEC0007C7C2074797065203D3D2042545F425542
:10CED000465F41434C5F494E207C7C2074797065ED
:10CEE000203D3D2042545F4255465F49534F5F49C4
:10CEF0004E0009496E76616C6964206275666665EC
:10CF000072207479706520726571756573746564DB
:10CF10000A00574553545F544F504449522F7A6585
:10CF2000706879722F696E636C7564652F7A6570AD
:10CF30006879722F626C7565746F6F74682F627593
:10CF4000662E68006D6574612D3E706172656E7449
:10CF50000076696577006E65745F6275665F686507
:10CF60006164726F6F6D28706172656E7429203E06
:10CF70002030002162745F6275665F6861735F765E
:10CF800069657728706172656E74290062745F62EA
:10CF90007566006D616C666F726D656420616476A4
:10CFA0006572746973696E672064617461202575A8
:10CFB000202F2025750062745F64617461004461F4
:10CFC000746120627566666572206F766572666C44
:10CFD0006F7720286C696E6B2074797065203078CB
:10CFE000253032782900556E61626C6520746F209F
:10CFF0006C6F6F6B20757020636F6E6E2077697435
:10D00000682068616E646C65202575004572726FDA
:10D0100072207768696C65207570646174696E67E9
:10D0200020746865207363616E6E657220282564C4
:10D030002900556E61626C6520746F206C6F6F6B98
:10D04000757020636F6E6E20666F722068616E640B
:10D050006C65202575004861726477617265206592
:10D0600072726F722C2068617264776172652063DE
:10D070006F64653A20256400436F756C64206E6FA1
:10D0800074207375626D69742072785F776F726B4C
:10D090003A20256400696E74657276616C2065784B
:10D0A0006365656473207468652076616C696420CB
:10D0B00072616E6765202575207573006C617465FB
:10D0C0006E63792065786365656473207468652094
:10D0D00076616C69642072616E67652030782530F6
:10D0E000347800737570765F74696D656F75742040
:10D0F00065786365656473207468652076616C6922
:10D10000642072616E676520307825303478005570
:10D110006E61626C6520746F20616C6C6F6361740A
:10D12000652062756666657200556E68616E646C36
:10D130006564206576656E742030782530327820FD
:10D140006C656E2025753A20257300546F6F20732F
:10D150006D616C6C202825752062797465732920B7
:10D160006576656E742030782530327800496E76A9
:10D17000616C696420484349206576656E7420734C
:10D18000697A65202825752900496E76616C696485
:10D19000204C45206D657461206576656E74207342
:10D1A000697A65202825752900574553545F544FE7
:10D1B000504449522F7A65706879722F7375627383
:10D1C00079732F626C7565746F6F74682F686F73F5
:10D1D000742F6863695F636F72652E630065767490
:10D1E0005F666C6167732026202831554C203C3CDB
:10D1F000202830292900496E76616C6964206275A7
:10D2000066207479706520257500496E76616C69B9
:10D2100064204843492041434C207061636B65742E
:10D220002073697A6520282575290041434C2064C4
:10D23000617461206C656E677468206D69736D61DF
:10D240007463682028257520213D20257529005507
:10D250006E61626C6520746F2066696E6420636F16
:10D260006E6E20666F722068616E646C6520257535
:10D270000062745F6863695F6576745F6765745F99
:10D28000666C616773286864722D3E657674292028
:10D2900026202831554C203C3C2028312929005596
:10D2A0006E6B6E6F776E2062756620747970652084
:10D2B000257500556E68616E646C65642076656ED8
:10D2C000646F722D73706563696669632065766546
:10D2D0006E7420307825303278206C656E2025758C
:10D2E0003A202573004E6F20636F6D6D616E642070
:10D2F00073656E7420666F7220636D6420636F6D5A
:10D30000706C65746520307825303478004F704338
:10D310006F64652030782530347820636F6D706CD1
:10D320006574656420696E7374656164206F66203E
:10D3300065787065637465642030782530347800D2
:10D340002162756600657674206E756D5F68616E2A
:10D35000646C657320283D25752920746F6F206CDF
:10D36000617267652028257A75203E202575290081
:10D370004E6F20636F6E6E656374696F6E20666FAB
:10D38000722068616E646C65202575007061636B46
:10D3900065747320636F756E74206D69736D61744D
:10D3A00063680061746F6D69635F676574282663E5
:10D3B0006F6E6E2D3E696E5F6C6C29004661696C04
:10D3C000656420746F20736574207265717569726D
:10D3D0006564207365637572697479206C65766520
:10D3E0006C004E6F206368616E676520746F206506
:10D3F0006E6372797074696F6E20737461746520E6
:10D4000028656E63727970742030782530327829FF
:10D4100000756E6B6E6F776E005B305D0048434940
:10D42000207472616E73706F72743A2025730049B4
:10D430005043004964656E7469747925733A2025F8
:10D4400073004964656E746974795B25645D3A2084
:10D450002573004843493A2076657273696F6E20E0
:10D460002573202830782530327829207265766936
:10D4700073696F6E203078253034782C206D616EA2
:10D480007566616374757265722030782530347802
:10D49000004C4D503A2076657273696F6E2025738B
:10D4A00020283078253032782920737562766572AD
:10D4B00020307825303478004E6F20494420616454
:10D4C00064726573732E20417070206D75737420C3
:10D4D00063616C6C2073657474696E67735F6C6FE5
:10D4E00061642829005A6570687972000925640A08
:10D4F00000556E61626C6520746F2073656E6420E8
:10D50000746F2064726976657220286572722025B6
:10D5100064290009556E61626C6520746F20616C2E
:10D520006C6F6320666F7220486F7374204E435097
:10D530000A0009556E61626C6520746F2073656E18
:10D540006420486F7374204E435020286572722007
:10D550002564290A00556E61626C6520746F206C29
:10D560006F6F6B20757020636F6E6E2077697468C3
:10D5700020696E64657820307825303278004E6FEF
:10D5800074207265706F7274696E67207061636B6E
:10D59000657420666F72206E6F6E2D636F6E6E65A0
:10D5A0006374656420636F6E6E00556E61626C65B6
:10D5B00020746F20616C6C6F63617465206E657799
:10D5C0002048434920636F6D6D616E640009436FAD
:10D5D0006E74726F6C6C657220756E726573706FAD
:10D5E0006E736976652C20636F6D6D616E64206F5C
:10D5F00070636F6465203078253034782074696DED
:10D60000656F75742077697468206572722025646F
:10D610000A006F70636F646520307825303478209D
:10D6200073746174757320307825303278202573D7
:10D63000004661696C656420746F207265616420C6
:10D64000444C45206D61782064617461206C656E86
:10D650000074785F6F6374657473206578636565C3
:10D660006473207468652076616C69642072616EF1
:10D6700067652025750074785F74696D652065782D
:10D680006365656473207468652076616C696420E5
:10D6900072616E6765202575004E6F2070656E643F
:10D6A000696E672063656E7472616C20636F6E6E65
:10D6B000656374696F6E00436F6E6E656374696F46
:10D6C0006E206372656174696F6E2074696D656F39
:10D6D0007574207472696767657265640046616974
:10D6E0006C656420746F2072657374617274206954
:10D6F0006E69746961746F7200556E6578706563E8
:10D7000074656420737461747573203078253032C9
:10D7100078202573006576742D3E7374617475737B
:10D72000203D3D2030783030004E6F2070656E64B3
:10D73000696E6720636F6E6E20666F72207065651C
:10D740007220257300436F6E74726F6C6C6572206B
:10D75000746F20686F737420666C6F7720636F6ED0
:10D7600074726F6C206E6F7420737570706F72744A
:10D770006564004E6F6E2D4C452063617061626C74
:10D780006520636F6E74726F6C6C65722064657473
:10D79000656374656421004E756D206F6620436F6C
:10D7A0006E74726F6C6C657227732041434C2070ED
:10D7B00061636B65747320213D2041434C2062748A
:10D7C0005F636F6E6E5F747820636F6E74657874DC
:10D7D000732028257520213D202575290041434CC3
:10D7E0002042522F4544522062756666657273204E
:10D7F0006E6F7420696E697469616C697A65640022
:10D8000056656E646F722048434920657874656E72
:10D8100073696F6E73206E6F7420617661696C61DD
:10D82000626C6500485720506C6174666F726D3A87
:10D830002025732028307825303478290048572057
:10D8400056617269616E743A2025732028307825FC
:10D8500030347829004669726D776172653A202507
:10D860007320283078253032782920566572736904
:10D870006F6E2025752E2575204275696C642025F4
:10D8800075004661696C656420746F20726561641F
:10D8900020737570706F727465642076656E646F46
:10D8A0007220636F6D6D616E6473004661696C65B3
:10D8B0006420746F207265616420737570706F727C
:10D8C0007465642076656E646F7220666561747538
:10D8D00072657300484349206472697665722069F5
:10D8E00073206E6F74207265616479004254205217
:10D8F0005820575100484349206472697665722068
:10D900006F70656E206661696C65642028256429E6
:10D91000004F7574206F6620636F6D6D616E6420BB
:10D920006275666665727300556E657870656374BE
:10D93000656420484F53545F4E554D5F434F4D50E3
:10D940004C455445445F5041434B4554532C207340
:10D950007461747573203078253032782025730017
:10D96000556E636C65617265642070656E64696E86
:10D97000672073656E745F636D640091FBFBF3F465
:10D98000FBFBFBFBEA000909090901020909090976
:10D9900009090909090909070909090909060909FC
:10D9A00009090909090909090909090909090531C3
:10D9B0002E306200312E3100312E3200322E3000F6
:10D9C000322E3100332E3000342E3000342E310010
:10D9D000342E3200352E3000352E3100352E3200F7
:10D9E000352E3300352E3400362E3000362E3100E1
:10D9F000362E3200362E33005374616E64617264C9
:10DA000020426C7565746F6F746820636F6E7472FA
:10DA10006F6C6C65720056656E646F722073706512
:10DA2000636966696320636F6E74726F6C6C657294
:10DA3000004669726D77617265206C6F6164657212
:10DA40000052657363756520696D61676500726575
:10DA5000736572766564006E5246353178006E5299
:10DA600046353278006E5246353378006E52463570
:10DA7000344878006E524635344C7800496E7465EF
:10DA80006C20436F72706F726174696F6E004E6FBD
:10DA9000726469632053656D69636F6E6475637446
:10DAA0006F72004E58502053656D69636F6E6475D8
:10DAB00063746F7273004573707265737369662067
:10DAC00053797374656D730062745F6863695F6333
:10DAD0006F726500636D6420646973616C6C6F774D
:10DAE000656400574553545F544F504449522F7A50
:10DAF00065706879722F7375627379732F626C75B4
:10DB000065746F6F74682F686F73742F69642E6308
:10DB100000636F6E666C69637420213D202828764F
:10DB20006F6964202A29302900636F6E666C69630F
:10DB3000742D3E63616E64696461746520213D20CB
:10DB40002828766F6964202A293029007265736954
:10DB500064656E7420213D202828766F6964202A30
:10DB60002930290028636F6E666C6963742D3E63EB
:10DB7000616E6469646174652D3E737461746520BF
:10DB8000262042545F4B4559535F49445F4144440A
:10DB9000454429203D3D2030004661696C65642084
:10DBA000746F2064697361626C652061646472657E
:10DBB0007373207265736F6C7574696F6E00526554
:10DBC000736F6C76696E67206C6973742073697A01
:10DBD000652065786365656465642E205377697494
:10DBE0006368696E6720746F20686F73742E0046D7
:10DBF00061696C656420746F20636C65617220726A
:10DC000065736F6C7574696F6E206C697374004610
:10DC100061696C656420746F206164642049524BB3
:10DC200020746F20636F6E74726F6C6C657200533A
:10DC300065742070726976616379206D6F64652008
:10DC4000636F6D6D616E64206973206E6F742073F5
:10DC50007570706F72746564004661696C656420EC
:10DC6000746F207365742070726976616379206DBA
:10DC70006F64650062745F6465762E6C652E726CED
:10DC80005F656E7472696573203E2030004469736D
:10DC900061626C696E67206164647265737320727F
:10DCA00065736F6C7574696F6E206661696C65640D
:10DCB000202865727220256429004661696C6564BC
:10DCC00020746F2072656D6F76652049524B206617
:10DCD000726F6D20636F6E74726F6C6C6572004F43
:10DCE0006E6C792072616E646F6D207374617469FB
:10DCF00063206964656E7469747920616464726517
:10DD0000737320737570706F7274656400496E76FA
:10DD1000616C696420696E70757420706172616DE8
:10DD20006574657273004661696C656420746F2068
:10DD300072656164207075626C69632061646472ED
:10DD40006573730052656164205374617469632064
:10DD500041646472657373657320636F6D6D616E8A
:10DD600064206E6F7420617661696C61626C65001D
:10DD70004661696C656420746F207265616420730C
:10DD800074617469632061646472657373657300A0
:10DD90004E6F20737461746963206164647265738B
:10DDA0007365732073746F72656420696E20636F8E
:10DDB0006E74726F6C6C65720062745F696400559A
:10DDC0006E657870656374656420656E64206F6647
:10DDD0002062756666657200030502000A574553A6
:10DDE000545F544F504449522F7A65706879722FAE
:10DDF000696E636C7564652F7A65706879722F73CC
:10DE000079732F627974656F726465722E68002869
:10DE10002870737263203C2070647374202626205F
:10DE20002870737263202B206C656E6774682920DC
:10DE30003C3D207064737429207C7C2028707372B0
:10DE400063203E207064737420262620287064733B
:10DE500074202B206C656E67746829203C3D20700F
:10DE600073726329290009536F7572636520616EAF
:10DE7000642064657374696E6174696F6E20627585
:10DE80006666657273206D757374206E6F74206F93
:10DE90007665726C61700A007073615F637279708D
:10DEA000746F5F696E69742829206661696C6564A6
:10DEB000202564007073615F67656E6572617465CB
:10DEC0005F72616E646F6D2829206661696C65649C
:10DED000202564004661696C656420746F20696D5B
:10DEE000706F727420414553206B65792025640062
:10DEF00041455320656E6372797074696F6E206658
:10DF000061696C6564202564004661696C65642004
:10DF1000746F2064657374726F7920414553206B70
:10DF200065792025640062745F686F73745F637243
:10DF30007970746F004661696C656420746F206746
:10DF4000656E657261746520454343206B65792079
:10DF50002564004661696C656420746F2065787083
:10DF60006F727420454343207075626C6963206B47
:10DF70006579202564004661696C656420746F20B2
:10DF80006578706F727420454343207072697661C2
:10DF90007465206B6579202564004661696C656451
:10DFA00020746F2064657374726F79204543432039
:10DFB0006B6579204944202564004661696C65647D
:10DFC00020746F20696D706F7274207468652070A2
:10DFD000726976617465206B657920666F72206B5B
:10DFE00065792061677265656D656E7420256400D2
:10DFF000526177206B65792061677265656D656E2A
:10E0000074206661696C6564202564004661696CF2
:10E01000656420746F2064657374726F792074680E
:10E0200065206B6579202564007073615F696D7090
:10E030006F72745F6B657928292072657475726ED2
:10E040006564207374617475732025640042757370
:10E050007920706572666F726D696E6720616E6F90
:10E06000746865722045434448206F70657261741E
:10E07000696F6E00E69D350E480103CCDBFDF4AC04
:10E080001191F4EFB9A5F9E9A7832C5E2CBE97F2A4
:10E09000D203B0208BD28915D08E1C742430ED8F22
:10E0A000C24563765C15525ABF9A32636DEB2A659E
:10E0B000499C80DC62745F65636300574553545F1D
:10E0C000544F504449522F7A65706879722F737596
:10E0D000627379732F626C7565746F6F74682F68E3
:10E0E0006F73742F636F6E6E2E63006362203C3D0E
:10E0F000205F62745F636F6E6E5F63625F6C6973F3
:10E10000745F656E640074780069735F61636C5F4F
:10E11000636F6E6E28636F6E6E29006B5F6375723E
:10E1200072656E745F6765742829203D3D206B5FC2
:10E13000776F726B5F71756575655F746872656125
:10E14000645F6765742874785F6E6F746966795F61
:10E15000776F726B71756575655F676574282929BE
:10E16000004661696C656420726561642072656D4A
:10E170006F74652066656174757265732028256407
:10E18000290050485920307825303278206E6F743D
:10E1900020737570706F72746564004661696C6598
:10E1A00064204C452053657420504859202825642C
:10E1B00029004661696C656420746F207365742062
:10E1C00064617461206C656E2028256429000963F0
:10E1D0006F756C646E2774207375626D6974202886
:10E1E000657272202564290A00556E657870656332
:10E1F000746564206669727374204C324341502008
:10E200006672616D6500556E6578706563746564EE
:10E21000204C3243415020636F6E74696E75617497
:10E22000696F6E004E6F7420656E6F75676820624F
:10E23000756666657220737061636520666F722013
:10E240004C32434150206461746100556E657870B2
:10E2500065637465642041434C20666C616773207C
:10E2600028307825303278290041434C206C656E87
:10E27000206D69736D6174636820282575203E20C8
:10E280002575290009496E76616C696420636F6E9B
:10E290006E656374696F6E207265666572656E6324
:10E2A000650A006F6C64203E20300009436F6E6E7B
:10E2B000207265666572656E636520636F756E7446
:10E2C000657220697320300A0021636F6E6E5F747F
:10E2D000785F69735F70656E64696E670009747852
:10E2E0005F636F6D706C6574655F776F726B2069CB
:10E2F000732070656E64696E67207768656E206351
:10E300006F6E6E206973206465616C6C6F636174FD
:10E3100065640A0028756E6B6E6F776E29006E6FEC
:10E32000207472616E736974696F6E202573004585
:10E3300072726F72207768696C652072656D6F7696
:10E34000696E6720636F6E6E2075736572206672EA
:10E350006F6D207363616E6E6572202825642900DD
:10E36000496E76616C69642028257529206F6C647C
:10E3700020737461746500636F6E6E202570206673
:10E3800061696C656420746F2065737461626C6987
:10E3900073682E205246206E6F6973653F006E6F62
:10E3A0002076616C69642028257529207374617456
:10E3B00065207761732073657400696E636F6D709B
:10E3C000617469626C652068616E646C6520257596
:10E3D000002828636F6E6E2920262620282875695C
:10E3E0006E747074725F74292861636C5F636F6E02
:10E3F0006E732929203C3D20282875696E7470743D
:10E40000725F742928636F6E6E29292026262028C2
:10E410002875696E747074725F742928636F6E6EEC
:10E420002929203C20282875696E747074725F74E5
:10E430002928262861636C5F636F6E6E73295B28E1
:10E440002873697A655F7429282828696E7429738E
:10E45000697A656F6628636861725B31202D2028B8
:10E4600032202A202128215F5F6275696C74696EF1
:10E470005F74797065735F636F6D70617469626CEE
:10E48000655F70285F5F747970656F665F5F286194
:10E49000636C5F636F6E6E73292C205F5F7479709D
:10E4A000656F665F5F28262861636C5F636F6E6EC1
:10E4B00073295B305D292929295D29202D203129E7
:10E4C000202B202873697A656F662861636C5F630F
:10E4D0006F6E6E7329202F2073697A656F66282806
:10E4E00061636C5F636F6E6E73295B305D292929F0
:10E4F000295D29292026262028282875696E747010
:10E5000074725F742928636F6E6E2929202D20286C
:10E510002875696E747074725F74292861636C5F0A
:10E52000636F6E6E7329292920252073697A656FC0
:10E5300066282861636C5F636F6E6E73295B305D64
:10E5400029203D3D2030290009496E76616C6964BF
:10E550002062745F636F6E6E20706F696E74657297
:10E560000A00216B5F69735F696E5F6973722829A6
:10E570000054696D656F75742064697363617264BA
:10E5800065642E204E6F20626C6F636B696E67202E
:10E59000696E2073797377712E0009496E76616C0C
:10E5A000696420636F6E6E20747970652025750A2A
:10E5B00000746D7020213D20636F6E6E0070726577
:10E5C0007620213D2026636F6E6E2D3E5F636F6E59
:10E5D0006E5F726561647900094E6F20636F6E74BF
:10E5E000726F6C6C657220627566730A00094E6FFB
:10E5F00020545820636F6E746578740A0030207C54
:10E600007C20286275662D3E726566203D3D203176
:10E6100029207C7C20286275662D3E726566203D2F
:10E620003D203229002162745F6275665F68617304
:10E630005F76696577286F7574736964652900660C
:10E6400072616720213D202828766F6964202A297D
:10E6500030290009496E76616C696420636F6E6EC3
:10E66000656374696F6E20747970652025750A0082
:10E67000466174616C206572726F7220282564296E
:10E680002E20446973636F6E6E656374696E6720D4
:10E69000257000466F756E642076616C6964206336
:10E6A0006F6E6E656374696F6E2028257029207700
:10E6B00069746820616464726573732025732069CE
:10E6C0006E20257320737461746520002A636F6E59
:10E6D0006E2073686F756C6420626520756E72655C
:10E6E000666572656E63656420616E6420696E693B
:10E6F0007469616C697A656420746F204E554C4C66
:10E70000004E6F206275666665727320746F2063B9
:10E71000616E63656C20636F6E6E656374696F6EA6
:10E720002C207265747279696E6720696E203130B1
:10E73000206D730053656E64204C452070617261DA
:10E740006D20757064617465206661696C65642014
:10E75000286572722025642900646973636F6E6E88
:10E76000656374656400646973636F6E6E6563747A
:10E770002D636F6D706C657465007363616E2D62DF
:10E7800065666F72652D696E6974696174696E671B
:10E7900000696E6974696174696E672D66696C746D
:10E7A00065722D6C697374006164762D636F6E6E93
:10E7B00065637461626C65006164762D6469722DB5
:10E7C000636F6E6E65637461626C65006469736328
:10E7D0006F6E6E656374696E670062745F636F6EFF
:10E7E0006E00574553545F544F504449522F7A6539
:10E7F000706879722F7375627379732F626C7565A7
:10E80000746F6F74682F686F73742F6C32636170EC
:10E810002E630073203D3D20266C655F6368616E4A
:10E820002D3E5F7064755F726561647900556E613D
:10E83000626C6520746F20616C6C6F63617465201D
:10E8400062756666657220666F72206F7020307820
:10E8500025303278004E6F20617661696C61626CA0
:10E8600065204C3243415020636F6E74657874208C
:10E87000666F7220636F6E6E20257000457870653C
:10E880006374696E6720757020746F202564207230
:10E890006566732C20676F7420256400636F6E6E4D
:10E8A0002D3E7374617465203D3D2042545F434F9B
:10E8B0004E4E5F434F4E4E454354454400616C728B
:10E8C0006561647920686176652076696577206F77
:10E8D0006E202570006669666F5F706475203D3D2F
:10E8E000207064750028666368616E2D3E636964FC
:10E8F000203E3D203078303030312026262066639F
:10E9000068616E2D3E636964203C3D203078303074
:10E910003366290009434944202575206973206E18
:10E920006F7420696E20746865206669786564205C
:10E930006368616E6E656C2072616E67650A006364
:10E9400068616E203D3D202828766F6964202A2961
:10E95000302900094669786564206368616E6E65D8
:10E960006C20776974682043494420257520616CC8
:10E970007265616479206578697374730A006663EF
:10E9800068616E203C3D205F62745F6C3263617031
:10E990005F66697865645F6368616E5F6C697374F4
:10E9A0005F656E64004C32434150206C656E677445
:10E9B00068206D69736D6174636820282575202156
:10E9C0003D2025752900496E76616C696420696473
:10E9D000656E742076616C756520696E204C3243DB
:10E9E00041502050445500496E76616C6964204C5A
:10E9F0004520636F6E6E20706172616D207273705E
:10EA00002073697A652028257520213D20257A7597
:10EA10002900496E76616C6964204C4520636F6EF5
:10EA20006E2075706461746520706172616D207212
:10EA300065712073697A652028257520213D202580
:10EA40007A7529004E6F7420636F6E6E656374650E
:10EA5000640052656A656374696E6720756E6B6EDB
:10EA60006F776E204C324341502050445520636FE5
:10EA700064652030782530327800546F6F20736DD4
:10EA8000616C6C204C32434150207369676E616C3D
:10EA9000696E672050445500546F6F20736D616C30
:10EAA0006C204C32434150205044552072656365C0
:10EAB000697665640049676E6F72696E672064618C
:10EAC000746120666F7220756E6B6E6F776E206357
:10EAD00068616E6E656C204944203078253034784A
:10EAE0000062745F6C32636170004661696C6564DA
:10EAF00020746F207375626D6974206174745F7423
:10EB0000785F64657374726F795F776F726B3A20A8
:10EB1000256400574553545F544F504449522F7A4F
:10EB200065706879722F7375627379732F626C7573
:10EB300065746F6F74682F686F73742F6174742EAF
:10EB400063006E65745F6275665F706F6F6C5F67A0
:10EB50006574286275662D3E706F6F6C5F696429FD
:10EB6000203D3D20266174745F706F6F6C004154CE
:10EB700054206368616E6E656C206E6F7420636FE5
:10EB80006E6E6563746564006275662D3E6C656EBD
:10EB9000203E3D2073697A656F66287374727563D1
:10EBA000742062745F6174745F68647229004572D6
:10EBB000726F72207369676E696E67206461746139
:10EBC0000052616E206F7574206F66205458206269
:10EBD000756666657273206F7220636F6E746578F8
:10EBE00074732E00556E61626C6520746F206372C1
:10EBF000656174652065727220727370205044558F
:10EC000000415454204D5455206578636565646512
:10EC1000642C206D61782025752C2077616E7465D9
:10EC20006420257A7500556E61626C6520746F20D2
:10EC300063726561746520636F6E6669726D2050E2
:10EC4000445500556E61626C6520746F2063726577
:10EC5000617465207273702050445500546F6F20AA
:10EC6000736D616C6C204154542050445520726582
:10EC700063656976656400556E68616E646C656491
:10EC80002041545420636F646520307825303278F9
:10EC900000496E76616C6964206C656E2025752074
:10ECA000666F7220636F646520307825303278009B
:10ECB000556E61626C6520746F2063726561746566
:10ECC00020555549443A2073697A652025750055C9
:10ECD0006E61626C6520746F20637265617465207B
:10ECE000555549443A2073697A65202564004E6F72
:10ECF00020617661696C61626C65204154542063C7
:10ED00006F6E7465787420666F7220636F6E6E200C
:10ED10002570004E6F20617661696C61626C6520C0
:10ED2000415454206368616E6E656C20666F72207A
:10ED3000636F6E6E20257000556E61626C65207485
:10ED40006F2066696E6420415454206368616E6E62
:10ED5000656C00476F74206572722025642C206EEC
:10ED60006F742063616C6C696E672041545420633A
:10ED7000620009556E6B6E6F776E206F702074792C
:10ED80007065203078253032580A004661696C651C
:10ED90006420746F2072652D7375626D697420250F
:10EDA000733A202564004E6F2041545420636861FB
:10EDB0006E6E656C20666F72204D545520257A75F5
:10EDC000004E6F2070656E64696E67204154542058
:10EDD0007265717565737400556E61626C6520743F
:10EDE0006F2063726561746520726574727920505A
:10EDF0004455202825752900446973636F6E6E653C
:10EE00006374696E67206661696C65642028657249
:10EE10007220256429004154542054696D656F7532
:10EE20007420666F72206465766963652025732E91
:10EE300020446973636F6E6E656374696E672E2E0E
:10EE40002E00726571006174745F74785F6465731D
:10EE500074726F795F776F726B5F68616E646C65F7
:10EE6000720062745F61747400434D414320757099
:10EE700064617465206661696C6564202564004680
:10EE800061696C656420746F206465636F646520DC
:10EE900076616C7565202865727220257A64290078
:10EEA0004661696C656420746F20736176652044E7
:10EEB00061746162617365204861736820286572BE
:10EEC000722025642900574553545F544F504449DC
:10EED000522F7A65706879722F7375627379732F08
:10EEE000626C7565746F6F74682F686F73742F67C9
:10EEF0006174742E6300656C20213D202828766F94
:10EF00006964202A293029000943616E277420731F
:10EF1000617665204346202F2043434320746F20B1
:10EF2000666C6173680A006661696C656420746F61
:10EF30002073746F726520534320286572722025F8
:10EF4000642900756E61626C6520746F2073617650
:10EF5000652053433A206E6F20636667206C6566B8
:10EF60007400676174745F7375625F69735F656D68
:10EF7000707479287375622900546F6F206D616E0B
:10EF80007920436C69656E742043686172616374B3
:10EF90006572697374696320436F6E666967757221
:10EFA0006174696F6E2E2053656520434F4E46494C
:10EFB000475F42545F53455454494E47535F434360
:10EFC000435F53544F52455F4D41580A00496E7696
:10EFD000616C6964206B6579006661696C656420A9
:10EFE000746F2064656C65746520534320286572D6
:10EFF0007220256429004661696C656420746F2065
:10F00000636C65617220534320256400556E616214
:10F010006C6520746F206465636F6465206164644F
:10F020007265737320257300496E76616C69642084
:10F030006C6F63616C206964656E746974792025F6
:10F040006C7500556E61626C6520746F207265731B
:10F05000746F72652053433A206E6F206366672099
:10F060006C656674004E6F20737061636520746F09
:10F070002073746F72652043434320636667004EBC
:10F080006F20737061636520746F2073746F726595
:10F0900020436C69656E7420537570706F7274656F
:10F0A0006420466561747572657300556E61626CAB
:10F0B0006520746F20726573746F72652043463AE1
:10F0C000206E6F20636667206C656674004368611C
:10F0D0006E67652D617761726520737461747573F5
:10F0E000206E6F7420666F756E6420696E20736584
:10F0F0007474696E67732C2064656661756C7469DD
:10F100006E67207065657220737461747573207406
:10F110006F206368616E67652D756E6177617265DA
:10F120000052656164206261636B206261642063E8
:10F1300068616E67652D61776172652076616C75B7
:10F14000653A20307825782C2064656661756C748A
:10F15000696E6720706565722073746174757320C1
:10F16000746F206368616E67652D756E617761727B
:10F1700065004661696C656420746F2073746F72FA
:10F180006520436C69656E742046656174757265AF
:10F190007320286572722025642900737461746974
:10F1A000635F737663203C3D205F62745F676174C8
:10F1B000745F736572766963655F737461746963A4
:10F1C0005F6C6973745F656E6400556E61626C6537
:10F1D00020746F20696D706F727420746865206B85
:10F1E000657920666F722041455320434D4143208D
:10F1F000256400434D4143206F7065726174696FEF
:10F200006E20696E6974206661696C65642025648E
:10F2100000434D41432066696E69736820666169E9
:10F220006C65642025640062742F6363630046612B
:10F23000696C656420746F2073746F72652043433A
:10F2400043732028657272202564290009696E764F
:10F25000616C696420706172616D657465720A0A1F
:10F2600000617474720052656164206D6574686F2A
:10F2700064206E6F7420736574004661696C656408
:10F2800020746F20726561642061747472696275A4
:10F290007465202570202865727220257A64290003
:10F2A000496E76616C69642072656164206C656E7C
:10F2B0006774683A20257A6400094E6F206D6F727A
:10F2C0006520617474726962757465730A0A0070EE
:10F2D0006172616D730009696E76616C696420709A
:10F2E0006172616D65746572730A0A0070617261A2
:10F2F0006D732D3E61747472207C7C20706172612C
:10F300006D732D3E75756964002161746F6D69635D
:10F310005F746573745F6269742873632D3E666CF5
:10F320006167732C2053435F494E44494341544520
:10F330005F50454E44494E47290009496E64696350
:10F3400061746520616C72656164792070656E64BA
:10F35000696E670A00434343202570206E6F742056
:10F360007772697461626C650053432072657374CF
:10F370006F726520696E6469636174696F6E20667F
:10F3800061696C656400706172616D73202626206E
:10F39000706172616D732D3E66756E6300287061D9
:10F3A00072616D732D3E73746172745F68616E6417
:10F3B0006C6520262620706172616D732D3E656E2E
:10F3C000645F68616E646C65290028706172616DAC
:10F3D000732D3E73746172745F68616E646C652036
:10F3E0003C3D20706172616D732D3E656E645F6897
:10F3F000616E646C652900556E6B6E6F776E20557B
:10F4000055494420747970652025750050617273E8
:10F41000652065727200496E76616C696420646172
:10F420007461206C656E20257500506172736520D3
:10F430006572722064617400506172736520657238
:10F44000722063657000506172736520657272206E
:10F450006363630050617273652065727220736329
:10F46000630050617273652065727220637066007C
:10F47000496E76616C696420666F726D61742025D7
:10F48000750042616420706565723A2041545420D1
:10F49000726561642D62792D75756964207273706F
:10F4A0003A20696E76616C69642041545452205050
:10F4B0004455206C656E20257500496E76616C6937
:10F4C000642068616E646C650042616420706565EB
:10F4D000723A2041545420726561642D62792D7511
:10F4E000756964207273703A2048616E646C65209F
:10F4F000307825303478206973206F7574736964AF
:10F5000065207265717565737465642072616E67DC
:10F5100065203078253034782D3078253034782EB9
:10F520002041626F7274696E6720726561642E009B
:10F53000706172616D732D3E68616E646C65004927
:10F540006E636F7272656374206C656E6774682C8D
:10F550002063616E63656C696E672077726974659C
:10F5600000496E636F7272656374206F66667365BF
:10F5700074206F72206461746120696E20726573FB
:10F58000706F6E73652C2063616E63656C696E6766
:10F5900020777269746500706172616D7320262630
:10F5A00020706172616D732D3E6E6F7469667900B3
:10F5B000706172616D732D3E76616C75650070616E
:10F5C00072616D732D3E6363635F68616E646C6529
:10F5D000004661696C656420746F20756E73756296
:10F5E0007363726962652028657272202564290040
:10F5F000496E76616C69642064617461206C656E2B
:10F60000202575203E202575004661696C656420C3
:10F61000746F2073657420736563757269747920E3
:10F62000666F7220626F6E6465642070656572201B
:10F630002825642900636F6E6E202570207061722A
:10F64000616D732025702072657375622066616933
:10F650006C65642028657272202564290062742F0D
:10F66000686173680062742F63660062742F73634D
:10F670000062745F6761747400556E61626C65202E
:10F68000746F2066696E6420534D50206368616E0C
:10F690006E656C00556E6B6E6F776E20706169726F
:10F6A000696E67206D6574686F6420282575290070
:10F6B0004661696C656420746F2073746172742094
:10F6C000656E6372797074696F6E004661696C650E
:10F6D0006420746F2067656E6572617465204448AC
:10F6E0004B65790043616C63756C617465204C54A3
:10F6F0004B206661696C65640043616C63756C6185
:10F700007465206C6F63616C2044484B657920639D
:10F710006865636B206661696C65640052656D6F36
:10F720007465206973207573696E6720446562751E
:10F7300067205075626C6963206B65790052656360
:10F74000656976656420696E76616C6964207075A0
:10F75000626C6963206B65790052656D6F7465201A
:10F760007075626C6963206B65792072656A656388
:10F770007465640043616C63756C61746520636FCC
:10F780006E6669726D206661696C6564004E6F20FB
:10F790006B65797320737061636520666F722025D5
:10F7A00073004E6F20617661696C61626C652053F5
:10F7B0004D5020636F6E7465787420666F7220639D
:10F7C0006F6E6E20257000556E61626C6520746FDF
:10F7D00020676574206B65797320666F72202573CE
:10F7E000004E657720617574682072657175697265
:10F7F000656D656E74733A20307825782C207265BB
:10F8000070616972696E6700556E737570706F72A2
:10F8100074656420617574682072657175697265BC
:10F820006D656E74733A20307825782C207265707F
:10F83000616972696E6700574553545F544F504475
:10F8400049522F7A65706879722F73756273797374
:10F850002F626C7565746F6F74682F686F73742F87
:10F86000736D702E63005075626C6963206B6579EF
:10F870002072652D67656E65726174696F6E2072A6
:10F88000657175657374206661696C6564202825EF
:10F890006429006D757465785F657272203D3D2046
:10F8A00030005075626C6963206B65792067656E06
:10F8B00065726174696F6E2074696D656F7574002F
:10F8C00054686520696E2D70726F6772657373205E
:10F8D00070616972696E6720686173206265656E28
:10F8E0002064656C657465642100534D5020646F1D
:10F8F0006573206E6F7420616C6C6F77206120706F
:10F90000616972696E67206661696C7572652061F4
:10F9100074207468697320706F696E742E204B6E4A
:10F920006F776E2069737375652E20446973636FFA
:10F930006E6E656374696E6720696E737465616469
:10F940002E005075626C6963206B6579206E6F7450
:10F9500020617661696C61626C6500546F6F207321
:10F960006D616C6C20534D5020504455207265637E
:10F97000656976656400534D5020636F6D6D616EEF
:10F98000642028636F646520307825303278292020
:10F99000726563656976656420616674657220745A
:10F9A000696D656F7574005265636569766564207D
:10F9B000726573657276656420534D5020636F6481
:10F9C000652030782530327800556E68616E646C41
:10F9D000656420534D5020636F6465203078253076
:10F9E000327800556E657870656374656420534D98
:10F9F0005020636F64652030782530327800496E7E
:10FA000076616C6964206964656E74697479202517
:10FA100073002128736D702D3E72656D6F74655F84
:10FA2000646973742026203078303229005265666C
:10FA30007573696E67206E65772070616972696E93
:10FA4000672E20546865206F6C6420626F6E64209E
:10FA50006D75737420626520756E7061697265647E
:10FA60002066697273742E002162745F69645F6638
:10FA7000696E645F636F6E666C696374286E657728
:10FA80005F626F6E642C2030290070616972696E4C
:10FA900067206661696C65642028706565722072F4
:10FAA0006561736F6E20307825782900534D5020A2
:10FAB00054696D656F75742028666C6167733A30A0
:10FAC000782530387820616C6C6F7765645F636D82
:10FAD00064733A30782530387829000005061F1FF6
:10FAE0002918120308020305080A0008010304018B
:10FAF00005040509060701010606080000010001CA
:10FB000000030100030202010002000000000002E5
:10FB10000301000362745F736D7000574553545FB7
:10FB2000544F504449522F7A65706879722F73751B
:10FB3000627379732F626C7565746F6F74682F6868
:10FB40006F73742F6B6579732E63006B6579732007
:10FB5000213D202828766F6964202A2930290061F8
:10FB600064647220213D202828766F6964202A2948
:10FB700030290066756E6320213D202828766F6944
:10FB800064202A293029004661696C656420746FFD
:10FB900020726561642076616C75652028657272DB
:10FBA00020257A642900556E61626C6520746F208F
:10FBB00066696E642064656C65746564206B657944
:10FBC0007320666F72202573004661696C6564203E
:10FBD000746F20616C6C6F63617465206B65797301
:10FBE00020666F7220257300496E76616C6964200F
:10FBF0006B6579206C656E67746820257A642021B6
:10FC00003D20257A750044726F7070696E67206BB5
:10FC100065797320666F722025732C206E6F2053D8
:10FC200043204C544B0053746F726564206B6579AC
:10FC30007320666F7220257320646F206E6F7420AE
:10FC40006D617463682063757272656E7420636F92
:10FC50006E66696720666C616773206F72207665D7
:10FC60007273696F6E00546865206B6579732066E6
:10FC70006F722025732061726520646F776E6772E2
:10FC80006164656420746F20756E61757468656E5B
:10FC90007469636174656420617320746865792098
:10FCA0006E6F206C6F6E676572206D656574206184
:10FCB000757468656E7469636174696F6E207265CE
:10FCC00071756972656D656E7473004661696C6506
:10FCD0006420746F2073617665206B6579732028CA
:10FCE000657272202564290062742F6B6579730038
:10FCF00062745F6B657973006C888391AAF5A5388F
:10FD000060370BDB5A6083BE62745F637279707414
:10FD10006F004661696C656420746F20636F6D705D
:10FD2000757465204D41432025640000070E091CB1
:10FD30001B1215383F363124232A2D4661696C6524
:10FD40006420746F2073656E6420286572722025AC
:10FD50006429004E6F7420656E6F7567682064615A
:10FD60007461202825752920666F72206576656E7E
:10FD700074206865616465722028257A75290045BC
:10FD800076656E74207061796C6F6164206C656E4D
:10FD9000677468206973206E6F7420636F72726578
:10FDA00063742028257520213D2025752900436F87
:10FDB000756C646E277420616C6C6F636174652070
:10FDC000612062756666657220616674657220776F
:10FDD000616974696E67203130207365636F6E648A
:10FDE000732E004E6F7420656E6F75676820737098
:10FDF00061636520696E2062756666657220257A8A
:10FE0000752F257A75004E6F7420656E6F75676863
:10FE10002064617461202825752920666F72204155
:10FE2000434C206865616465722028257A75290035
:10FE30004E6F20617661696C61626C652041434C54
:10FE40002062756666657273210041434C207061C3
:10FE5000796C6F6164206C656E67746820697320CB
:10FE60006E6F7420636F727265637420282575202D
:10FE7000213D20257529004E6F7420656E6F7567D2
:10FE8000682064617461202825752920666F7220BE
:10FE900049534F206865616465722028257A752969
:10FEA000004E6F20617661696C61626C6520495318
:10FEB0004F20627566666572732028257A75292140
:10FEC0000049534F207061796C6F6164206C656EDE
:10FED000677468206973206E6F7420636F72726537
:10FEE00063742028257520213D20256C7529005537
:10FEF0006E6B6E6F776E2048434920747970652071
:10FF0000257500484349207472616E73706F727476
:10FF1000207365747570206661696C65642077690B
:10FF200074683A2025640A0049504320736572764C
:10FF300069636520696E7374616E636520696E69BB
:10FF40007469616C697A6174696F6E206661696C4D
:10FF500065643A2025640A005265676973746572A6
:10FF6000696E6720656E64706F696E742066616982
:10FF70006C6564207769746820256400456E647040
:10FF80006F696E742062696E64696E67206661696C
:10FF90006C65642077697468202564004465726527
:10FFA000676973746572696E672048434920656E9E
:10FFB00064706F696E74206661696C65642077692E
:10FFC00074683A20256400436C6F73696E6720493A
:10FFD00050432073657276696365206661696C655C
:10FFE0006420776974683A20256400484349207486
:10FFF00072616E73706F72742074656172646F7772
:020000023000CC
:100000006E206661696C656420776974683A2025A2
:10001000640062745F6863695F69706330006E7268
:10002000665F62745F6863690062745F6863695FDA
:1000300064726976657200574553545F544F50445B
:1000400049522F6D6F64756C65732F68616C2F6EEC
:100050006F726469632F6E7266782F68616C2F6EA1
:1000600072665F7370752E68002128705F72656715
:100070002D3E455854444F4D41494E5B646F6D6170
:10008000696E5F69645D2E5045524D2026202830F0
:100090007831554C203C3C202838554C29292900E2
:1000A00062745F6863695F6E726635335F73757023
:1000B000706F727400574553545F544F5044495207
:1000C0002F7A65706879722F647269766572732F02
:1000D000636C6F636B5F636F6E74726F6C2F636CB6
:1000E0006F636B5F636F6E74726F6C5F6E72662EA0
:1000F000630074797065203C20434C4F434B5F4351
:100100004F4E54524F4C5F4E52465F545950455FCC
:10011000434F554E5400636C6F636B403530303045
:10012000006866636C6B006C66636C6B006866638A
:100130006C6B3139326D006866636C6B6175646934
:100140006F00636C6F636B5F636F6E74726F6C00D4
:10015000574553545F544F504449522F6E72662F87
:10016000647269766572732F656E74726F70792F21
:10017000656E74726F70795F63633378782E630095
:1001800064657620213D202828766F6964202A291D
:1001900030290062756666657220213D2028287628
:1001A0006F6964202A2930290063727970746F4066
:1001B00035303834343030300063696E73747220F7
:1001C00025303278207472616E7366657220746FA8
:1001D0006F206C6F6E673A20257A7500636C6561DD
:1001E00072004A45444543206964205B25303278DB
:1001F000202530327820253032785D206578706592
:100200006374205B25303278202530327820253009
:1002100032785D0052445352206661696C65643ADD
:10022000202564005145202573206661696C656452
:100230003A2025640072656164206572726F723ABB
:100240002061646472657373206F722073697A65CC
:10025000206578636565647320657870656374658F
:10026000642076616C7565732E416464723A203047
:1002700078256C782073697A6520257A7500777205
:10028000697465206572726F723A20616464726588
:100290007373206F722073697A6520657863656572
:1002A00064732065787065637465642076616C752D
:1002B00065732E416464723A203078256C7820731F
:1002C000697A6520257A75006572617365206572AB
:1002D000726F723A2061646472657373206F72206A
:1002E00073697A65206578636565647320657870E5
:1002F00065637465642076616C7565732E41646412
:10030000723A203078256C782073697A6520257AD6
:100310007500756E737570706F72746564206174AA
:10032000203078256C782073697A6520257A7500ED
:1003300077616974206572726F7220617420307801
:10034000256C782073697A6520257A75006572615D
:100350007365206572726F72206174203078256C2D
:10036000782073697A6520257A7500000000016D98
:1003700078323572363433356640300071737069C7
:100380005F6E6F7200696E76616C6964206164648F
:10039000726573733A2030782530386C783A257A54
:1003A0007500756E616C69676E6564206164647266
:1003B0006573733A2030782530386C783A257A7531
:1003C000006E6F7420776F72642D616C69676E6563
:1003D000643A2030782530386C783A257A75006692
:1003E0006C6173682D636F6E74726F6C6C657240B4
:1003F000333930303000666C6173685F6E7266004E
:10040000574553545F544F504449522F7A65706892
:1004100079722F696E636C7564652F7A657068797F
:10042000722F647269766572732F6770696F2F67B8
:1004300070696F5F7574696C732E680063616C6CB2
:100440006261636B00094E6F2063616C6C62616373
:100450006B210A0063616C6C6261636B2D3E6861A5
:100460006E646C657200094E6F2063616C6C626132
:10047000636B2068616E646C6572210A0057455396
:10048000545F544F504449522F7A65706879722FE7
:10049000647269766572732F6770696F2F67706910
:1004A0006F5F6E7266782E630063622D3E68616EC8
:1004B000646C6572006770696F4038343238303070
:1004C000006770696F403834323530300074785FBF
:1004D0006D61736B20746F6F2062696720286F7283
:1004E000204950435F434F4E465F4E554D20746F39
:1004F0006F20736D616C6C290072785F6D61736B36
:1005000020746F6F2062696720286F722049504302
:100510005F434F4E465F4E554D20746F6F20736D95
:10052000616C6C2900456E61626C696E672063685E
:10053000616E6E656C20776974686F7574206120D8
:10054000726567697374657265642063616C6C625F
:1005500061636B0A0053656E64696E672064617441
:1005600061206E6F7420737570706F7274656400B3
:100570005258206576656E74206F6E20696C6C65CC
:1005800067616C206368616E6E656C00525820650F
:1005900076656E74206F6E2064697361626C656449
:1005A000206368616E6E656C006D626F78403261C9
:1005B000303030006D626F785F6E7266785F6970A0
:1005C000630000010203040506070B4661696C65C0
:1005D0006420746F20616C6C6F636174652050508F
:1005E00049204368616E6E656C00574553545F54F3
:1005F0004F504449522F7A65706879722F6472693E
:10060000766572732F73657269616C2F7561727490
:100610005F6E7266785F75617274652E630009544F
:1006200058206F6E6C7920554152544520696E7385
:1006300074616E63650A006E72665F7561727465DF
:100640005F6576656E745F636865636B287561725C
:1006500074652C204E52465F55415254455F4556B5
:10066000454E545F454E445258290075617274409E
:100670003830303000756172745F6E7266785F7505
:1006800061727465000000000101010000010000BA
:1006900000574553545F544F504449522F6D6F6477
:1006A000756C65732F68616C2F6E6F726469632F50
:1006B0006E7266782F68656C706572732F6E7266E5
:1006C000785F677070695F647070692E6300705F37
:1006D0006770706920213D202828766F6964202A80
:1006E00029302900574553545F544F504449522FE5
:1006F0006D6F64756C65732F68616C2F6E6F7264BB
:1007000069632F6E7266782F647269766572732FD3
:100710007372632F6E7266785F636C6F636B2E63A8
:10072000006D5F636C6F636B5F63622E6D6F6475EA
:100730006C655F696E697469616C697A656400579C
:100740004553545F544F504449522F6D6F64756C3C
:1007500065732F68616C2F6E6F726469632F6E72A0
:1007600066782F647269766572732F7372632F6E69
:100770007266785F636C6F636B5F6866636C6B2E29
:100780006300574553545F544F504449522F6D6F87
:1007900064756C65732F68616C2F6E6F726469632A
:1007A0002F6E7266782F647269766572732F73721A
:1007B000632F6E7266785F636C6F636B5F686663EE
:1007C0006C6B617564696F2E6300574553545F54B9
:1007D0004F504449522F6D6F64756C65732F68617B
:1007E0006C2F6E6F726469632F6E7266782F6472FD
:1007F00069766572732F7372632F6E7266785F63AA
:100800006C6F636B5F6866636C6B3139326D2E633E
:1008100000574553545F544F504449522F6D6F64F5
:10082000756C65732F68616C2F6E6F726469632FCE
:100830006E7266782F647269766572732F73726355
:100840002F6E7266785F636C6F636B5F6C66636C50
:100850006B2E6300574553545F544F504449522FF9
:100860006D6F64756C65732F68616C2F6E6F726449
:1008700069632F6E7266782F68616C2F6E72665F87
:100880006770696F74652E6800696E646578203CD6
:10089000203800574553545F544F504449522F6DF0
:1008A0006F64756C65732F68616C2F6E6F7264690D
:1008B000632F6E7266782F647269766572732F7318
:1008C00072632F6E7266785F6770696F74652E63EE
:1008D00000705F696E7374616E636500705F63685A
:1008E000616E6E656C0070696E5F6861735F7472D3
:1008F000696767657228705F696E7374616E63659E
:100900002C2070696E2900696E745F656E61626C7F
:100910006500002030303030303030303030303012
:1009200030300001574553545F544F504449522FC3
:100930006D6F64756C65732F68616C2F6E6F726478
:1009400069632F6E7266782F647269766572732F91
:100950007372632F6E7266785F6970632E630070C6
:100960005F636F6E66696720262620286D5F63626D
:100970002E7374617465203D3D204E5246585F448D
:1009800052565F53544154455F494E495449414C76
:10099000495A454429006D5F63622E737461746522
:1009A000203D3D204E5246585F4452565F535441BD
:1009B00054455F494E495449414C495A45440057B2
:1009C0004553545F544F504449522F6D6F64756CBA
:1009D00065732F68616C2F6E6F726469632F6E721E
:1009E00066782F68616C2F6E72665F6970632E681F
:1009F00000696E646578203C2031360057455354B9
:100A00005F544F504449522F6D6F64756C65732F5E
:100A100068616C2F6E6F726469632F6E7266782FD7
:100A2000647269766572732F7372632F6E72667863
:100A30005F6E766D632E630062797465735F636FBA
:100A4000756E74203C3D202873697A656F66287541
:100A5000696E7433325F7429202D20627974655F6A
:100A60007368696674290069735F76616C69645F95
:100A70006164647265737328616464722C20302928
:100A80000069735F76616C69645F61646472657349
:100A90007328616464722C203129202626206E720E
:100AA00066785F69735F776F72645F616C69676EA8
:100AB00065642828766F696420636F6E7374202ADA
:100AC00029616464722900574553545F544F504460
:100AD00049522F6D6F64756C65732F68616C2F6E52
:100AE0006F726469632F6E7266782F6472697665BF
:100AF00072732F7372632F6E7266785F7173706991
:100B00002E6300286D5F63622E737461746520210B
:100B10003D204E5246585F515350495F5354415403
:100B2000455F554E494E495449414C495A4544291F
:100B30002026262028705F62756666657220213D3A
:100B4000202828766F6964202A2930292900705FBF
:100B5000636F6E666967006D5F63622E73746174A4
:100B60006520213D204E5246585F515350495F53F6
:100B7000544154455F554E494E495449414C495A98
:100B8000454400705F636F6E6669672D3E776970DC
:100B900077616974000000000100010101756E7247
:100BA0006567697374657265642025732062757367
:100BB0000A0067656E65726963006D6574616C3A01
:100BC00020656D657267656E63793A20006D6574A6
:100BD000616C3A20616C6572743A202020202000FC
:100BE0006D6574616C3A20637269746963616C3A13
:100BF0002020006D6574616C3A206572726F723AE4
:100C00002020202020006D6574616C3A207761728D
:100C10006E696E673A202020006D6574616C3A2021
:100C20006E6F746963653A20202020006D657461E1
:100C30006C3A20696E666F3A202020202020006DDB
:100C40006574616C3A2064656275673A20202020E3
:100C5000200025733A2066726565696E67206E6FA5
:100C60006E2D656D70747920766972747175657515
:100C7000650D0A00756E6578706563746564206241
:100C800075666665722068656C6420636F756E7446
:100C900065720D0A00574553545F544F50444952F2
:100CA0002F6D6F64756C65732F6C69622F6F706543
:100CB0006E2D616D702F6F70656E2D616D702F6C74
:100CC00069622F72706D73672F72706D73675F76D4
:100CD000697274696F2E6300737461747573203D5B
:100CE0003D2073697A656F662872705F6864722947
:100CF00000737461747573203D3D2030007374611E
:100D0000747573203E3D20300073746174757320D8
:100D10003D3D206C656E0072785F76710074785F7F
:100D20007671004E53005465726D696E616C0000FF
:100D300000000000005454522052454747455300DC
:100D4000574553545F544F504449522F7A65706849
:100D500079722F6B65726E656C2F64657669636559
:100D60002E63007263203E3D202D28307866662970
:100D7000202626207263203C2030000964657669B5
:100D8000636520257320696E69743A20696E766107
:100D90006C6964206572726F7220282564290A00CC
:100DA00048616C74696E672073797374656D005562
:100DB0006E6B6E6F776E206572726F72003E3E3E94
:100DC000205A455048595220464154414C204552E2
:100DD000524F522025643A202573206F6E204350D5
:100DE00055202564004661756C7420647572696EC7
:100DF0006720696E746572727570742068616E64C4
:100E00006C696E670A0043757272656E742074684F
:100E1000726561643A2025702028257329005745A2
:100E200053545F544F504449522F7A657068797219
:100E30002F6B65726E656C2F666174616C2E63003A
:100E4000726561736F6E20213D204B5F4552525F8A
:100E50004B45524E454C5F50414E49430009417449
:100E600074656D7074656420746F207265636F764D
:100E700065722066726F6D2061206B65726E656CA5
:100E80002070616E696320636F6E646974696F6E50
:100E90000A0043505520657863657074696F6E0071
:100EA000556E68616E646C656420696E74657272FB
:100EB00075707400537461636B206F766572666C35
:100EC0006F77004B65726E656C206F6F7073004BAF
:100ED00065726E656C2070616E696300574553548E
:100EE0005F544F504449522F7A65706879722F6B66
:100EF00065726E656C2F696E69742E63007468721A
:100F00006561645F64617461203C3D205F5F737460
:100F1000617469635F7468726561645F6461746160
:100F20005F6C6973745F656E6400646576203C3D38
:100F3000205F6465766963655F6C6973745F656E75
:100F400064006D61696E006F7300574553545F54C0
:100F50004F504449522F7A65706879722F6B6572D1
:100F60006E656C2F6B686561702E63002161726322
:100F7000685F69735F696E5F6973722829207C7C82
:100F800020282874696D656F7574292E7469636BE8
:100F900073203D3D202828286B5F74696D656F754F
:100FA000745F74297B307D29292E7469636B7329E2
:100FB00000090A0068656170203C3D205F6B5F6836
:100FC0006561705F6C6973745F656E64005745534B
:100FD000545F544F504449522F7A65706879722F8C
:100FE0006B65726E656C2F6D656D5F736C61622EE3
:100FF0006300736C6162203C3D205F6B5F6D656DCB
:101000005F736C61625F6C6973745F656E64002806
:10101000736C61622D3E667265655F6C69737420E6
:101020003D3D202828766F6964202A293029202612
:101030002620736C61622D3E696E666F2E6E756D33
:101040005F75736564203D3D20736C61622D3E6960
:101050006E666F2E6E756D5F626C6F636B732920A9
:101060007C7C20736C61625F7074725F69735F6710
:101070006F6F6428736C61622C20736C61622D3E0B
:10108000667265655F6C697374290009736C6162CF
:1010900020636F7272757074696F6E206465746519
:1010A000637465640A0009496E76616C6964206D39
:1010B000656D6F727920706F696E746572207072E1
:1010C0006F76696465640A00574553545F544F5006
:1010D0004449522F7A65706879722F6B65726E651C
:1010E0006C2F696E636C7564652F6B7363686564E0
:1010F0002E680021617263685F6972715F756E6C42
:101100006F636B6564286B6579290074687265612B
:10111000642D3E626173652E70656E6465645F6FF9
:101120006E00574553545F544F504449522F7A65CF
:10113000706879722F6B65726E656C2F69646C656F
:101140002E63005F6B65726E656C2E637075735BEA
:10115000305D2E63757272656E742D3E62617365CB
:101160002E7072696F203E3D203000574553545F0A
:10117000544F504449522F7A65706879722F6B65CD
:10118000726E656C2F6D757465782E6300216172C7
:1011900063685F69735F696E5F697372282900090C
:1011A0006D7574657865732063616E6E6F7420620F
:1011B00065207573656420696E73696465204953A1
:1011C00052730A006D757465782D3E6C6F636B5FAA
:1011D000636F756E74203E20305500574553545F41
:1011E000544F504449522F7A65706879722F6B655D
:1011F000726E656C2F73656D2E63002828617263B3
:10120000685F69735F696E5F6973722829203D3D6D
:10121000203029207C7C20282874696D656F7574C6
:10122000292E7469636B73203D3D202828286B5F4D
:1012300074696D656F75745F74297B307D29292E03
:101240007469636B73292900737973776F726B719B
:1012500000574553545F544F504449522F7A65709C
:101260006879722F6B65726E656C2F776F726B2E5B
:101270006300776F726B2D3E717565756520213D3A
:10128000202828766F6964202A29302900776F7218
:101290006B2D3E68616E646C657220213D202828AC
:1012A000766F6964202A2930290021666C61675FA6
:1012B000746573742826776F726B2D3E666C616758
:1012C000732C204B5F574F524B5F44454C41594163
:1012D000424C455F424954290073796E6320213D99
:1012E000202828766F6964202A2930290021666C1D
:1012F00061675F74657374282671756575652D3E29
:10130000666C6167732C204B5F574F524B5F515592
:101310004555455F535441525445445F4249542911
:1013200000717565756500737461636B0064776F38
:10133000726B20213D202828766F6964202A29308D
:101340002900574553545F544F504449522F7A65F2
:10135000706879722F6B65726E656C2F7468726538
:1013600061642E6300282828287072696F2929205B
:101370003D3D203135202626207A5F69735F696400
:101380006C655F7468726561645F656E74727928FC
:1013900028656E747279292929207C7C20282828C8
:1013A0003135202D203129203E3D2028282D313671
:1013B0002929292026262028287072696F292920AA
:1013C0003E3D2028282D3136292920262620282870
:1013D0007072696F2929203C3D20283135202D204D
:1013E000312929290009696E76616C69642070725F
:1013F000696F7269747920282564293B20616C6CBF
:101400006F7765642072616E67653A202564207489
:101410006F2025640A000954687265616473206D49
:101420006179206E6F7420626520637265617465F6
:101430006420696E20495352730A00574553545F24
:10144000544F504449522F7A65706879722F6B65FA
:10145000726E656C2F73636865642E6300217A5F1A
:1014600069735F69646C655F7468726561645F6FFE
:10147000626A656374287468726561642900216911
:10148000735F7468726561645F64756D6D792874EB
:1014900068726561642900574553545F544F504446
:1014A00049522F7A65706879722F6B65726E656C20
:1014B0002F696E636C7564652F6B74687265616407
:1014C0002E68005F6B65726E656C2E637075735B62
:1014D000305D2E63757272656E7420213D20282860
:1014E000766F6964202A29302900574553545F5488
:1014F0004F504449522F7A65706879722F6B65722C
:101500006E656C2F696E636C7564652F6B737761A4
:10151000702E6800617263685F6972715F756E6CCE
:101520006F636B6564286B657929207C7C205F6B19
:1015300065726E656C2E637075735B305D2E6375BE
:101540007272656E742D3E626173652E7468726589
:1015500061645F73746174652026202828283155E2
:101560004C203C3C202830292929207C2028283167
:10157000554C203C3C202833292929290009436F58
:101580006E7465787420737769746368696E672018
:101590007768696C6520686F6C64696E67206C6F32
:1015A000636B210A0073697A656F66285F736368ED
:1015B00065645F7370696E6C6F636B29203D3D20BD
:1015C00030207C7C206C6F636B20213D20265F7374
:1015D000636865645F7370696E6C6F636B005F6BEB
:1015E00065726E656C2E637075735B305D2E63750E
:1015F0007272656E742D3E626173652E73636865E9
:10160000645F6C6F636B656420213D203155005F22
:101610006B65726E656C2E637075735B305D2E63E7
:10162000757272656E742D3E626173652E736368A8
:1016300065645F6C6F636B656420213D20305500ED
:10164000217465726D696E617465000961626F7203
:10165000746564205F63757272656E742062616385
:101660006B2066726F6D20646561640A002165738A
:1016700073656E7469616C000961626F7274656490
:1016800020657373656E7469616C2074687265613E
:10169000642025700A00574553545F544F50444905
:1016A000522F7A65706879722F6B65726E656C2F38
:1016B00074696D65736C6963696E672E63002828B1
:1016C00074696D656F757429202626202828756930
:1016D0006E747074725F742928736C6963655F74CB
:1016E000696D656F7574732929203C3D2028287524
:1016F000696E747074725F74292874696D656F7592
:1017000074292920262620282875696E7470747221
:101710005F74292874696D656F75742929203C20D0
:10172000282875696E747074725F7429282628736E
:101730006C6963655F74696D656F757473295B2887
:101740002873697A655F7429282828696E7429735B
:10175000697A656F6628636861725B31202D202885
:1017600032202A202128215F5F6275696C74696EBE
:101770005F74797065735F636F6D70617469626CBB
:10178000655F70285F5F747970656F665F5F28734F
:101790006C6963655F74696D656F757473292C205E
:1017A0005F5F747970656F665F5F282628736C6968
:1017B00063655F74696D656F757473295B305D294E
:1017C0002929295D29202D203129202B20287369E2
:1017D0007A656F6628736C6963655F74696D656FA0
:1017E00075747329202F2073697A656F66282873B2
:1017F0006C6963655F74696D656F757473295B30BF
:101800005D292929295D29292026262028282875AF
:10181000696E747074725F74292874696D656F7570
:10182000742929202D20282875696E747074725FC0
:10183000742928736C6963655F74696D656F75746D
:101840007329292920252073697A656F66282873F2
:101850006C6963655F74696D656F757473295B305E
:101860005D29203D3D20302900574553545F544F9A
:10187000504449522F7A65706879722F6B65726E89
:10188000656C2F74696D656F75742E6300217379B3
:10189000735F646E6F64655F69735F6C696E6B65BF
:1018A000642826746F2D3E6E6F646529005745537A
:1018B000545F544F504449522F7A65706879722FA3
:1018C0006B65726E656C2F706F6C6C2E63000969AE
:1018D0006E76616C6964206576656E7420747970CB
:1018E00065202830782578290A0A006576656E74A7
:1018F0002D3E73656D20213D202828766F69642078
:101900002A2930290009696E76616C696420736543
:101910006D6170686F72650A0A006576656E742D78
:101920003E717565756520213D202828766F6964B4
:10193000202A2930290009696E76616C696420715A
:10194000756575650A0A006576656E742D3E736966
:10195000676E616C20213D202828766F6964202AFB
:101960002930290009696E76616C696420706F6C9A
:101970006C207369676E616C0A0A006576656E7427
:101980002D3E6D73677120213D202828766F696494
:10199000202A2930290009696E76616C6964206DFE
:1019A0006573736167652071756575650A0A006501
:1019B00076656E742D3E7069706520213D20282863
:1019C000766F6964202A2930290009696E76616C76
:1019D000696420706970650A0A0009696E76616C35
:1019E0006964206576656E7420747970650A0A00F2
:1019F000574553545F544F504449522F7A6570688D
:101A000079722F6B65726E656C2F6D656D706F6F7F
:101A10006C2E6300616C69676E203D3D2030207C38
:101A20007C20282875696E747074725F74296D65E6
:101A30006D20262028616C69676E202D20312929B0
:101A4000203D3D203000096D6973616C69676E65EA
:101A500064206D656D6F7279206174202570202877
:101A6000616C69676E203D20257A75290A0014147F
:101A700000001C2030401C2000001C203040004092
:101A8000286E756C6C29002A666C6F61742A0000E0
:101A9800000000000000000000000000000000003E
:101AA800000000000000000000000000000000002E
:101AB800000000000000000000000000000000001E
:101AC800000000000000000000000000000000000E
:101AD80000000000000000000000000000000000FE
:101AE80000000000000000000000000000000000EE
:101AF80000000000000000000000000000000000DE
:101B080000000000000000000000000000000000CD
:101B180000000000000000000000000000000000BD
:101B280000000000000000000000000000000000AD
:101B3800000000000000000000000000000000009D
:101B4800000000000000000000000000000000008D
:101B580000000000000000009DAF00000000000031
:101B6800000000000000000000000000000000006D
:101B7800000000000000000000000000000000005D
:101B8800000000000000000000000000000000004D
:101B9800000000000000000000000000000000003D
:101BA800000000000000000000000000000000002D
:101BB800000000000000000000000000000000001D
:101BC800000000000000000000000000000000000D
:101BD80000000000000000000000000000000000FD
:101BE80000000000000000000000000000000000ED
:101BF80000000000000000000000000000000000DD
:101C0800D898020000000000291E0000951D000061
:101C180000000000000000000000000000000000BC
:101C28000000000000000000E51D000000000000AA
:101C380038A002000000000025180000FD17000071
:101C4800E91700000731020000000000000007202B
:101C5800000001008498020000000000849802003F
:101C68000100000002000000000000000000000069
:101C780000020000853D0200F0A002000000000004
:101C880028A10200616800000000000000000000B8
:101C980000000000F740020000000000DB400200E6
:101CA800FD7200000000000000000000740B00201E
:101CB8003A000000600B00203A000000380B0020BA
:101CC8003A0000004C0B00203A000000880B00206E
:101CD8003A000000240B00203A000000C40B00204A
:101CE8003A000000000000009546020000000000D5
:101CF8000000000024070020240700200000000046
:101D0800000000000E00000000D00050000000009D
:101D180000000000000000000000000000000000BB
:101D280000000000000000000000000000000000AB
:101D3800000000000000000000000000000000009B
:101D4800000000000000000000000000000000008B
:101D5800000000000000000000000000000000007B
:101D6800000000000000000000000000000000006B
:101D7800000000000000000000000000000000005B
:101D8800000000000000000000000000000000004B
:101D9800000000000000000000000000099600009C
:101DA800000000000000000000000000C5B20000B4
:101DB80000000000000000000000000029A0000052
:101DC8000000000000000000000000003DC400000A
:101DD80000000000000000000000000009C300002F
:101DE800000000000000000000000000ADCF00006F
:101DF8000000000000000000000000007DC8000096
:101E0800000000000000000038080020380800200A
:101E180000000000000000006DE700006DF7000002
:101E2800D9F60000000000000000000011EA0000E0
:101E38008758020045590200A5E400000000000090
:101E480000000000E9F200000000000000000000AF
:101E580061630200000000000000000000000000B4
:101E680078AA02000000020084AA020000000A000A
:101E780094AA0200000020000000000000000000FA
:101E880000000000000000007B610200000000006C
:101E9800A8AA020000000200B4AA02000000020082
:101EA800D0080020D008002000000000000000003A
:101EB8000E000000E4080020E40800205D35010061
:101EC800000000000000000000000000000000000A
:101ED8001E00030000000000496D02000000000021
:101EE8002D45010000000000D89802001C090020C0
:101EF8001C09002000000000010000002C0900203F
:101F08002C090020BC98020038090020380900205C
:101F180001000000010000004809002048090020D5
:101F280050090020500900200000000001000000B6
:101F38006009002060090020000000000000000087
:101F480000000000FFFF0000FFFF0000901D0020C0
:101F58000000000000000000000000000090D00316
:101F6800FF000000FF000000B20B030000000000AB
:101F7800AD87010000000000000000000000000024
:101F88000000000000000000000000000000000049
:101F98000000000090020000C8090020C8090020C5
:101FA800718802006D880200BB95020031F10100C2
:101FB80025F1010019F101000000000081F1010084
:101FC8002C0A0020240A00201C0A0020000000001F
:101FD800140A002051F301009DF20100D1F2010022
:101FE80019F30100283600203A00003A2C36002068
:101FF8003A00003A303600203A00003A34360020E1
:102008003A00003A7C3B0020400A0020000A0020E9
:0D201800F8090020F4090020F00900200163
:1020250000000000000000000000000000000000AB
:0720350000000000000000A4
:10203C000000000000000000000000000000000094
:10204C000000000000000000000000000000000084
:10205C000000000000000000000000000000000074
:10206C000000000000000000000000000000000064
:04207C000000000060
:04208000000000005C
:10208400AC0A0020AC0A00200000000028860120D1
:10209400000000000100000030000000000000000B
:1020A400CC0A0020CC0A002000000000603C012083
:1020B4000000000001000000B80000000000000063
:1020C400EC0A0020EC0A00200000000058860120E1
:1020D40000000000030000001C00000000000000DD
:1020E400000000005856012000120000000000000B
:0820F4000000000000000000E4
:1020FC00240B0020240B0020000000000000000036
:10210C000E000000380B0020380B002000000000EF
:10211C00000000000E0000004C0B00204C0B0020B7
:10212C0000000000000000000E000000600B00200A
:10213C00600B002000000000000000000E000000FA
:10214C00740B0020740B0020000000000000000045
:10215C000E000000880B0020880B002000000000FF
:10216C00000000000E0000009C0B00209C0B0020C7
:10217C0000000000000000000E000000B00B00206A
:10218C00B00B002000000000000000000E0000005A
:10219C00C40B0020C40B0020000000000000000055
:0421AC000E00000021
:1021B000D80B0020D80B0020000000000100000018
:1021C000E80B0020E80B0020F00B0020F00B0020B3
:1021D0000000000001000000000C0020000C0020A6
:1021E000080C0020080C002000000000FFFFFFFF8B
:0821F000180C0020180C00205F
:1021F8000000000000000000000000002C0C00207F
:102208002C0C0020340C0020340C002000000000AE
:102218000000000000000000480C0020480C0020CE
:10222800500C0020500C00200000000000000000AE
:1022380000000000640C0020640C00206C0C0020DE
:042248006C0C0020FA
:10224C00000000000000000000000000800C0020D6
:10225C00800C0020880C0020880C0020000000005E
:10226C000B000B000400000007490200F8A102005B
:10227C0010770120000000000000000000000000AA
:10228C00B40C0020B40C0020BC0C0020BC0C0020B2
:10229C00000000000300030010000000000000001C
:1022AC0074A3020030820120000000000000000036
:1022BC0000000000E80C0020E80C0020F00C0020CE
:1022CC00F00C0020000000000300030010000000D0
:1022DC00D5E3000090A40200B085012000000000AE
:1022EC0000000000000000001C0D00201C0D002050
:1022FC00240D0020240D002000000000030003002A
:10230C0000000000000000000CA20200D0780120A8
:10231C00000000000000000000000000500D002034
:10232C00500D0020580D0020580D0020000000001A
:10233C000A000A000000000017490200E4A1020094
:10234C00206B0120000000000000000000000000D5
:10235C00840D0020840D00208C0D00208C0D00209D
:10236C000000000001000100100000000DC700007B
:10237C0060A30200087F01200000000000000000A4
:10238C0000000000B80D0020B80D0020C00D00208A
:10239C00C00D0020000000000D000D00000000002A
:1023AC000000000028A30200D07D012000000000E6
:1023BC000000000000000000EC0D0020EC0D0020DF
:1023CC00F40D0020F40D00200000000001000100BD
:1023DC00000000000000000020A202001C7A012076
:0423EC0015E015E003
:0400000300007FD9A1
:00000001FF
