:1000000000360120C5830000A3440200B183000034
:10001000B1830000B1830000B1830000B183000010
:10002000000000000000000000000000218500002A
:10003000B183000000000000C1840000B183000013
:10004000E9860000E9860000E9860000E9860000F4
:10005000E9860000E9860000E9860000E9860000E4
:10006000E9860000E9860000E9860000E9860000D4
:10007000E9860000E9860000E9860000E9860000C4
:10008000E9860000E9860000E9860000E9860000B4
:10009000E9860000E9860000E9860000E9860000A4
:1000A000E9860000E9860000E9860000E986000094
:1000B000E9860000E9860000E9860000E986000084
:1000C000E9860000E9860000E9860000E986000074
:1000D000E9860000E9860000E9860000E986000064
:1000E000E9860000E9860000E9860000E986000054
:1000F000E9860000E9860000E9860000E986000044
:10010000E9860000E9860000E9860000E986000033
:10011000E9860000E9860000E9860000E986000023
:10012000E9860000E9860000E9860000E986000013
:10013000E9860000E9860000E9860000E986000003
:10014000E9860000E9860000E9860000E9860000F3
:04015000E98600003C
:1001580080EA101404F0F01480EA0410604081EA88
:10016800111404F0F01481EA0411614082EA1214B7
:1001780004F0F01482EA0412624083EA131404F0D3
:10018800F01483EA0413634080EA102404F47F44E3
:1001980080EA0420604081EA112404F47F4481EA63
:1001A8000421614082EA122404F47F4482EA042292
:1001B800624083EA132404F47F4483EA04236340FF
:1001C80081EA500404F0553480EA4400614083EA2F
:1001D800520404F0553482EA4402634082EA9004EF
:1001E80004F0333480EA8400624083EA910404F026
:1001F800333481EA84016340704700BF82EA900487
:1002080004F0333480EA8400624083EA910404F005
:10021800333481EA8401634081EA500404F05534A0
:1002280080EA4400614083EA520404F0553482EACB
:100238004402634080EA102404F47F4480EA0420E6
:10024800604081EA112404F47F4481EA042161407A
:1002580082EA122404F47F4482EA0422624083EA98
:10026800132404F47F4483EA0423634080EA1014CF
:1002780004F0F01480EA0410604081EA111404F0DC
:10028800F01481EA0411614082EA121404F0F014B7
:1002980082EA0412624083EA131404F0F01483EA39
:1002A80004136340704700BF2DE9F14F94464FEAAD
:1002B800930B8A68CB6808684968FFF749FF0BF118
:1002C800060E33E083EA134480EA134582EA1347B3
:1002D80046BA96EA3444604000F00F1684EA0634C1
:1002E80020F00F1684EA161054BA94EA01067240F8
:1002F80002F00F1486EA043622F00F1486EA14126C
:100308004CBA6540694001F00F1485EA043521F0C4
:100318000F1485EA14115CBA67407B4003F00F1490
:1003280087EA043723F00F1487EA1413BCE8F000B7
:100338006040694072407B4000F0E03400F01035C6
:1003480000F00F3040EA540040EAC50080EA90040B
:1003580004F0332480EA8400604001F0E03401F0C6
:10036800103501F00F3141EA540141EAC50181EA33
:10037800910404F0332481EA8401614002F0E034FE
:1003880002F0103502F00F3242EA540242EAC50286
:1003980082EA920404F0332482EA8402624003F081
:1003A800E03403F0103503F00F3343EA540343EA13
:1003B800C50383EA930404F0332483EA8403634087
:1003C80081EA324787EA134581EA354690EA06040E
:1003D80084EA034B82EA1B4280EA044484EA054427
:1003E80083EA144A85EA14448BEA044B84EA3744C6
:1003F80081EA0B4181EA164104EA0A00454082EA93
:1004080004082BEA080041408AEA0B0602EA0600C3
:1004180084EA34438AEA3A4603EA060778404540C4
:10042800414088EA38478BEA3B4007EA000985EAF9
:10043800090583EA0709464006EA0906714085EA84
:10044800010005EA3546464006EA314181EA304175
:1004580081EA364606EA304686EA3546344008EAF6
:10046800010886EA01052A4086EA364003405A40D8
:1004780081EA31431F407C4080EA030709EA070903
:1004880088EA0908544088EA020806EA0A0601EAE6
:100498000B018AEA0B0215408AEA3A4210404540AD
:1004A8008BEA3B4003405E404240174079404D4054
:1004B8004E40E443F64386EA18435D4085EA05402A
:1004C80083EA134386EA034183EA384284EA114304
:1004D80083EA04435FEA3343BEF1010E3FF6F2AE0E
:1004E8001ED4BCE8F0006040694072407B4020BCEC
:1004F800FFF784FE28606960AA60EB60BDE8F08FB2
:100508002DE9E0414FF2F00280EA1031114080EA13
:100518000130484041088208C3084FF0000E4FE7F9
:1005280000F0113001F0113102F0113203F01133F3
:1005380040EA410040EA820040EAC3004FF2F0027C
:1005480080EA1031114080EA01304840BDE8E0817E
:100558002DE9F04F02F11C050646074600EB850819
:1005680051F8040B043A46F8040BF9D14FF0010C8A
:10057800FFF7C6FF5FEA302080EA0C001ECF41403B
:100588004A4053405C401EC62000464517D04FEAFB
:100598004C0C1CF4807F18BFACF1E50C2C2DE7D077
:1005A8003C2D06D1FFF7ACFF06CF41404A4006C6B6
:1005B800100006CF41404A4006C61000D8E736E989
:1005C8000F00FFF7C5FD043D86E80F00F7D1BDE831
:1005D800F08F00BF2DE9F14F03F11C0402EB840CEE
:1005E8004FEA930B8A68CB6808684968FFF7B0FD43
:1005F8003CE9F0006040694072407B400BF1060E18
:100608004EE083EA134480EA134582EA134746BA68
:1006180096EA3444604000F00F1684EA063420F06D
:100628000F1684EA161054BA94EA0106724002F0D2
:100638000F1486EA043622F00F1486EA14124CBA14
:100648006540694001F00F1485EA043521F00F1464
:1006580085EA14115CBA67407B4003F00F1487EAFF
:10066800043723F00F1487EA141344BA44404DBAF0
:100678004D4056BA56405FBA5F4087EA174886EA47
:10068800174B84EA17464FEA38488BEA1B4485EA39
:100698001B4788EA1B4580EA3440694072407B402A
:1006A80000F0703400F0803500F00F3040EA44006C
:1006B80040EAD50080EA900404F0332480EA8400FC
:1006C800604001F0703401F0803501F00F3141EAEB
:1006D800440141EAD50181EA910404F0332481EA16
:1006E8008401614002F0703402F0803502F00F326C
:1006F80042EA440242EAD50282EA920404F0332430
:1007080082EA8402624003F0703403F0803503F01B
:100718000F3343EA440343EAD50383EA930404F01E
:10072800332483EA84036340C943DB4381EA00043A
:1007380083EA044686EA020183EA014382EA3345F2
:1007480083EA14435C4084EA00077FEA040A8AEAE1
:10075800024A8AEA010B87EA11488AEA374A80EA9C
:10076800060181EA1A418AEA030A04EA0A004540B6
:1007780088EA040707EA0B0041408AEA0B0608EA00
:10078800060084EA34428AEA3A4602EA06035840F6
:100798004540414087EA37438BEA3B4003EA00097A
:1007A80085EA090582EA0309464006EA0906714016
:1007B80085EA010005EA3546464006EA314181EA04
:1007C800304181EA364606EA304686EA3546344004
:1007D8000F4086EA010508EA050886EA3640024025
:1007E80088EA020881EA314213405C4080EA020349
:1007F80009EA030987EA0907674088EA040806EA5C
:100808000A0601EA0B018AEA0B0425408AEA3A44FF
:10081800204045408BEA3B4B02EA0B02564084EAF3
:100828000B04234059406E40694087EA364080EA0D
:10083800384080EA060380EA104481EA134585EAD5
:10084800344585EA17427D4082EA354180EA054011
:100858003CE9F0006040694072407B40BEF1010E07
:100868003FF6CFAE20BCFFF7C9FC28606960AA60DC
:10087800EB60BDE8F08F00BFFFF76ABE2DE9F00717
:1008880091E8F807B2E802105B1854EB0C04B2E8E0
:1008980002104D4156EB0C06B2E802104F4158EBDE
:1008A8000C08B2E8021059EB01095AEB0C0A80E86F
:1008B800F80780410130BDE8F00770472DE9F007DF
:1008C80091E8F807B2E802105B1A74EB0C04B2E87E
:1008D80002108D4176EB0C06B2E802108F4178EBDE
:1008E8000C08B2E8021079EB01097AEB0C0A80E8EF
:1008F800F80780414042BDE8F00770472DE9F0074E
:10090800524290E87800B1E880071740DB1918EAEE
:10091800020854EB080419EA020955EB09051AEA1A
:10092800020A56EB0A0678C090E87800B1E880071A
:1009380017407B4118EA020854EB080419EA020937
:1009480055EB09051AEA020A56EB0A0678C08041F7
:100958000130BDE8F00770472DE9F007524290E8F2
:100968007800B1E880071740DB1B18EA020874EB2F
:10097800080419EA020975EB09051AEA020A76EB76
:100988000A0678C090E87800B1E880071740BB41B4
:1009980018EA020874EB080419EA020975EB09055C
:1009A8001AEA020A76EB0A0678C080414042BDE89E
:1009B800F00770472DE9F00152424FF0040890E823
:1009C800300091E8C000A31B1340E41AF618EB1B93
:1009D8001340ED1AFF1830C0C0C1B8F10108EED1BC
:1009E800BDE8F001704700BF00B592E8DC072DE9CB
:1009F800DC07B1E8805702B4A7FB02510A95A8FBAF
:100A0800020BE7FB6310E9FB62B00B91A8FB0351F3
:100A1800EAFB6201E7FB64B5E7FB6605E8FB6615E0
:100A2800CDF830B0A9FB03B6EAFB6316ECFB6356BE
:100A3800E8FB640BE9FB641BEAFB645BECFB646B9F
:100A48000D90ACFB0230059CEEFB6250E9FB646044
:100A5800EAFB64B0E7FB6431E8FB6451069CE8FB01
:100A68006461E9FB64B1EAFB64010E93A7FB0432FD
:100A7800079CE7FB6462E8FB64B2E9FB6402EAFBFB
:100A88006412049CE9FB6453EAFB6463089CE7FB7B
:100A980064B3E8FB6403E9FB6413EAFB64230F9582
:100AA8005DF8049B99E80006DDF80080A9FB08546E
:100AB800EAFB68B4DDF81080ECFB6804EEFB681410
:100AC800E9FB6824EAFB6834DDF80480EEFB68651E
:100AD800E9FB68B5EAFB6805DDF81480ECFB6815EE
:100AE800EEFB6825E9FB6835EAFB68450F96DDF8FB
:100AF8000880AEFB0876E9FB6806EAFB6816DDF8B5
:100B08001880ECFB6826EEFB6836E9FB6846EAFBD2
:100B18006856DDF80C80ECFB68B7EEFB6807E9FB6C
:100B28006817EAFB6827DDF81C80ECFB6837EEFBEA
:100B38006847E9FB6857EAFB686708B000BD00BF73
:100B48002DE9F14F87B0FFF74FFFDDF81C8008F162
:100B5800200888E8FF00FFBC87E87F08BDE8F08F21
:100B680000B591E89857A3FB03520195A3FB040134
:100B7800E3FB6420E3FB67100292A3FB0752E3FB4D
:100B88006802E4FB6415E3FB6805E3FB6925039150
:100B9800A4FB07B6E3FB6926E3FB6A56E4FB670B95
:100BA800E4FB682BE3FB6A5BE3FB6C6B0490A4FB40
:100BB8000810E4FB6950E3FB6C60E3FB6EB0E7FBF5
:100BC8006721E4FB6951E4FB6A61E3FB6EB1E4FB76
:100BD8006E010592A7FB0832E4FB6A62E4FB6CB283
:100BE800E4FB6E02E7FB6E12E7FB6853E7FB696301
:100BF800E4FB6CB3E7FB6C03E7FB6E13E8FB6E23C7
:100C08000695A7FB0954E7FB6AB4E7FB6C04E8FB0D
:100C18006C14E8FB6E24E9FB6E34E8FB6865E7FBBF
:100C28006AB5E8FB6A05E8FB6C15E9FB6C25E9FB8E
:100C38006E35EAFB6E450796A8FB0976E8FB6A065F
:100C4800E9FB6A16E9FB6C26EAFB6C36EAFB6E46A2
:100C5800ECFB6E56E8FB69B7E9FB6907E9FB6A1725
:100C6800EAFB6A27EAFB6C37ECFB6C47ECFB6E5738
:100C7800EEFB6E6700BD00BF2DE9F14F87B0FFF7AF
:100C88006FFFDDF81C8008F1200888E8FF00FFBC32
:100C980087E87F08BDE8F08F30B44FF0000310F804
:100CA800014B11F8015B013A84EA050443EA0403A5
:100CB800F5D1A3F101034FEAD37030BC704700BFF0
:100CC8004FF0000310F8012B013943EA0203F9D170
:100CD800A3F101034FEAD370704700BF30B411F895
:100CE800014B12F8015B6C4000F8014B013BF6D157
:100CF80030BC70472DE9F00791E8F807B2E8021018
:100D08005B1854EB0C04B2E802104D4156EB0C068C
:100D1800B2E802104F4158EB0C08B2E8021059EB48
:100D280001095AEB0C0A8941B3F1FF3374F1FF341E
:100D380075F1FF3576F1000677F1000778F10008C4
:100D480079F101097AF1FF3A51F100015B184C4140
:100D58004D4156F1000657F1000758F1000859EBCC
:100D6800D1795AEB010A80E8F807BDE8F007704727
:100D78002DE9F00791E8F807B2E802105B1A74EB66
:100D88000C04B2E802108D4176EB0C06B2E80210B2
:100D98008F4178EB0C08B2E8021079EB01097AEB85
:100DA8000C0A89415B184C414D4156F1000657F138
:100DB800000758F1000859EBD1795AEB010A80E88D
:100DC800F807BDE8F007704718EB040859EB050968
:100DD8005AEB060A5BEB070B5FF0000C4CF1000CBA
:100DE80018EB050859EB06095AEB070A5BEB070BEA
:100DF80050EB0C005FF0000C51EB0C0152EB0C02B5
:100E080063414CF1000CB8EB070879F100097AF15D
:100E1800000A7BEB040BA841B141A241B3416CF13C
:100E2800000CBBEB050BB041B941AA41BB416CF1C9
:100E3800000C4CF001068CF0020718EB060859EB81
:100E48006C095AEB6C0A7BEB6C0B70EB6C0471EB66
:100E58006C0572EB670653EB6C076CEB6C0C18EBCC
:100E68000C0059EB0C015AEB0C025BF1000354F136
:100E7800000455F1000556EBDC7657EB0C0770477C
:100E88002DE9F14F87B0FFF7AFFDDDF81080DDF8F1
:100E98001490DDF818A0FFF797FFBDE8000FFFF7E3
:100EA80093FF03B05DF8048B88E8FF00BDE8F08F7E
:100EB8002DE9F14F87B0FFF753FEDDF81080DDF81C
:100EC8001490DDF818A0FFF77FFFBDE8000FFFF7CB
:100ED8007BFF03B05DF8048B88E8FF00BDE8F08F66
:100EE80053B94AB9002908BF00281CBF4FF0FF3189
:100EF8004FF0FF3000F00CB8ADF1080C6DE904CEEE
:100F080000F022F8DDF804E0DDE9022304B07047C0
:100F1800704700BF10F8012B11F8013B012A28BFC8
:100F28009A42F7D0D01A7047034611F8012B03F8FC
:100F3800012B002AF9D17047034613F8012B002A28
:100F4800FBD1181A013870472DE9F04786468C46C0
:100F58000846089E154674461946002B40F0C18085
:100F68008542B2FA82F245D94AB1C2F1200300FAA9
:100F780002FC954094402EFA03F343EA0C0C4FEA26
:100F8800154EA8B2230CBCFBFEF80EFB18CC08FBD0
:100F980000F943EA0C43994528D9EB1808F1FF37C3
:100FA80004D2994502D9A8F102072B44A3EB0903FF
:100FB800A4B2B3FBFEFC0EFB1C330CFB00F044EAAE
:100FC8000344A04214D92C190CF1FF3304D2A042D7
:100FD80002D9ACF102032C44241A43EA07401EB19B
:100FE800D440002334607360BDE8F0874746DDE7EE
:100FF8006346F1E792BB431B01214FEA154EAFB29E
:10100800200CB3FBFEFC0EFB1C330CFB07F840EA7C
:101018000343984561D9EB180CF1FF3004D2984589
:1010280002D9ACF102002B44A3EB0803A4B2B3FB32
:10103800FEFC0EFB1C330CFB07F744EA0344A742F3
:101048004DD92C190CF1FF3304D2A74202D9ACF1C7
:1010580002032C44E41B43EA0040C0E7C2F120032A
:101068009540944020FA03F12EFA03F34FEA154E07
:101078009040AFB20343B1FBFEFC0EFB1C10190CF1
:101088000CFB07F841EA0041884522D969180CF1A0
:10109800FF3004D2884502D9ACF102002944A1EB03
:1010A80008019BB2B1FBFEFC0EFB1C110CFB07F701
:1010B80043EA01439F420ED9EB180CF1FF3104D2E9
:1010C8009F4202D9ACF102012B44DB1B41EA0041EB
:1010D80093E76046E3E76146F7E76046A4E76346BF
:1010E800B8E7834206D916B9002108467CE7C6E965
:1010F80000E0F9E7B3FA83F78FB9834201D3724569
:1011080008D8BEEB020460EB030301209C461EB91D
:10111800002169E73846FAE7C6E9004CF8E7C7F165
:10112800200CBB400EFA07F522FA0CF42EFA0CF14B
:10113800BA401C4320FA0CF3B8404FEA1449014363
:101148001FFA84FEB3FBF9F809FB18300B0C08FBF7
:101158000EFA43EA00439A4540D9E31808F1FF30F4
:1011680004D29A4502D9A8F102002344A3EB0A034A
:1011780089B2B3FBF9F809FB183308FB0EFE41EA04
:1011880003418E452CD9611808F1FF3304D28E45EE
:1011980002D9A8F10203214443EA0040A1EB0E0161
:1011A800A0FB02984145CE46434602D306D14D45A1
:1011B80004D20138B9EB020E68EB0403002EA7D065
:1011C800B5EB0E0261EB030101FA0CFC22FA07F3FE
:1011D800F9404CEA0303C6E9003199E74046C5E700
:1011E8004346D9E7000000000022F0B585B011465B
:1011F80040F6034002AF09F0E5FD0446002840F040
:10120800A58009F01FFB214641F203003A1D09F0B1
:10121800D9FD0446002840F099807A684D4DD16880
:1012280005F17803D1F80100D1F8051003C3104681
:1012380007F0A0FF214641F201003A1D09F0C2FD66
:101248000446002840F082807868C3685A7885F898
:1012580070205A88A5F872201A7985F87120B3F899
:101268000720A5F87420B3F80530A5F8763007F004
:1012780081FF214641F202003A1D09F0A3FD044610
:10128800002863D1D7F804C005F18006DCF80C20EB
:10129800531C4132344618685968083303C49342D2
:1012A8002646F7D1604607F065FF0BF05DF9044666
:1012B80000284BD195F88A30990610D40221264A85
:1012C800264823F0E8FA95F87C305A064AD40121DA
:1012D800234A224823F0DFFA6FF0120436E04FF079
:1012E800FF304FF0FF3109F0D1FA0646002800F030
:1012F800428207210C3008F0C3F86FF00403037032
:101308000A23C0F802408471447004712246C370F5
:10131800314640F6334009F055FD0446B0B94FF068
:10132800FF304FF0FF3109F0B1FA0646002800F00F
:10133800228201210C3023F070F92246314640F612
:10134800314009F03FFD04460028BCD020460C3748
:10135800BD46F0BDC004002019E70200949B0200BE
:1013680047E70200002142F203003A1D09F02AFD76
:1013780004460028EAD17A68A94BD168D1F801005F
:10138800D1F8051003C3104607F0F4FE214642F2D7
:1013980002003A1D09F016FD04460028D6D17E68E1
:1013A800F468B4F801309AB292B1E27882B1A5F843
:1013B8000431E378032B06D00322022100929948D6
:1013C800994A22F0F1FCE2789848114627F013F880
:1013D800304607F0CFFE95F87C6016F0200619D14C
:1013E8004FF0FF304FF0FF3109F050FA0446002863
:1013F80000F0C18102210C3008F042F80123214697
:1014080003704670324640F66D4009F0DBFC044636
:1014180000289BD195F89C301B0712D5002142F279
:101428001C003A1D09F0CEFC044600288ED17868CD
:10143800C368D3F80120D3F80530C5E9382307F08D
:1014480099FE95F8D8309E0623D53846B91C09F080
:1014580061FD044600287FF479AF4FF0FF304FF06C
:10146800FF3109F013FA0646002800F084810421B0
:101478000C3008F005F83B88224603807B8831460B
:10148800438042F2240009F09DFC044600287FF4C2
:101498005DAF95F8D8305C0610D5002142F22A00DD
:1014A8003A1D09F08FFC044600287FF44FAF786896
:1014B800C3685B7885F8203107F05CFE4FF0FF3099
:1014C8004FF0FF3109F0E2F90446002800F053819B
:1014D80008210C3007F0D4FF95F8D81040F2022309
:1014E80011F0400F08BF0323024688074CBF43F0A2
:1014F8002C0043F00C008B0695F8D93048BF40F01B
:10150800400013F0090F18BF40F40060CE0748BF31
:1015180040F01000002123F0D9F92146002242F2C0
:10152800010009F04FFC044600287FF40FAF95F83E
:101538007C30B5F8041198065DD4C9B941F20500AC
:101548003A1D09F03FFC044600287FF4FFAEB5F8C9
:1015580004317C684BB9E368B3F80120A5F804218D
:101568009A883248114626F046FF204607F002FEC8
:101578004FF0FF304FF0FF3109F088F9044600289A
:1015880000F0F98008210C3007F07AFF95F8D83080
:101598000246D90739D44FF00051254823F096F96F
:1015A8002146002240F6014009F00CFC04460028C0
:1015B8007FF4CCAE01463A1D4FF6014009F002FC1B
:1015C80000283BD01B4A0221164823F064F9EB7926
:1015D800002B40F0C08023F036FB044600287FF43F
:1015E800B5AE0CF069FD044600287FF4AFAE09F0F3
:1015F800EDFA0446AAE60029BAD101210E4A0948A3
:1016080023F049F96FF00404A0E603A1D1E9000131
:10161800C4E700BFAFF3008090880002008000207C
:1016280098050020949B02006BE70200C805002083
:1016380010880002D4E70200B1E702007B686E461A
:10164800DC688AB0B4F80130042B96BF574A584971
:1016580052F8231002AAD3614FF40073554813843B
:10166800554BC2E9050142F8103F4FF41351534856
:1016780023F020F9B4F80120B546022AB4F8033063
:1016880049D1052B47D84E4A52F823106E468AB0E6
:1016980002AAD3614FF400734A481384464BC2E947
:1016A800050142F8103F4FF41351444823F002F962
:1016B800B546637994F806C0032B98BF424AB4F83C
:1016C8000760D4F809006C468CB094BF52F8231018
:1016D800374902AAC2E9073C4FF40073DFF8ECE08F
:1016E80093853B4BC2E905E1C2E909604FF47351A8
:1016F80042F8103F314823F0DDF8A546786807F036
:1017080039FD00214FF602403A1D09F05BFB044603
:1017180018B1304A57E72649B8E77868C368B3F87C
:101728000130A5F8C13007F025FD95F8C1305A07FA
:101738007FF54DAF21464FF603403A1D09F042FBB5
:1017480008B1254A3FE77868C3685B7885F8C030F8
:1017580007F010FD3BE72E78002E7FF43CAF95F89C
:10176800C1309B061FD54FF0FF304FF0FF3109F015
:101778008DF8044610B96FF06804E7E506210C30CF
:1017880007F07EFED5F8013021460360134B324640
:101798009B8883804FF6064009F014FB0446002816
:1017A8003FF419AFD2E56FF08504CFE588A10200B8
:1017B800E5E30200F8E7020004000001949B020040
:1017C80070A1020011E8020060A1020029E80200ED
:1017D8000700000156E802007FE80200C10400206B
:1017E8000B46024A0221024820F019BF06BA02003D
:1017F800F49B02000321024A024820F012BF00BFF6
:1018080032BA0200F49B02000221024A024820F088
:1018180008BF00BF44BA0200F49B020070B504463A
:101828000D46124A0321124820F0FBFE29462046A5
:1018380006F094F8284606F04DF9204622F09CFD63
:1018480005220C490C4806F05BF8034630B1BDE8A8
:1018580070400121094A064820F0E1BE0321BDE895
:101868007040074A024820F0DCBE00BF56BA0200AA
:10187800F49B0200C8C20200BC20002072BA020019
:101888008BBA020008B508460BF0D8FB014B18606C
:1018980008BD00BF00210020002370B586B08DF878
:1018A800033022F09EFD044640B10346224A01213E
:1018B800224820F0B4FE204606B070BD05F074FE44
:1018C80001AA15461E4B03F11006144618685968FC
:1018D800083303C4B3422246F7D11B782946237044
:1018E800032005F0CDFD044610B10346154ADEE796
:1018F8009DF80330144943F004030DF103028DF8F9
:10190800033012F0D9FB21469DF8030005F078FE5C
:10191800044610B103460D4AC9E7012005F0E0FF6F
:10192800044610B103460A4AC1E70321094A03489D
:1019380020F077FEBFE700BFA4BA0200F49B0200C4
:10194800F49D0200C5BA0200D11E0000E9BA0200E7
:101958000EBB020030BB020003460221014A0248C6
:1019680020F05DBE3DBB0200F49B0200084621B991
:101978000321034A034820F054BEFFF7EDBF00BF20
:101988005CBB0200F49B0200F0B587B001AA0546D3
:1019980016460E4B03F110071446186859680833A9
:1019A80003C4BB422246F7D11B7831462370284630
:1019B800074B084A05F050FC034620B10121064AAE
:1019C800064820F02CFE07B0F0BD00BFF49D0200D1
:1019D800BC200020680600206EBB0200F49B0200B9
:1019E8004FF424720023014819F0B2BDB80E00204C
:1019F800052210B50D490E4805F082FF034630B99F
:101A0800BDE8104003210B4A0B4820F00ABE10F134
:101A1800780F03D1BDE81040FFF7E2BF0121BDE810
:101A28001040064A044820F0FABD00BFC2C20200B6
:101A3800BC2000208BBA0200F49B020072BA02009C
:101A48004FF424720023014819F082BD180F0020BA
:101A5800072210B50D490E4805F052FF034630B96C
:101A6800BDE8104003210B4A0B4820F0DABD10F105
:101A7800780F03D1BDE81040FFF7E2BF0121BDE8B0
:101A88001040064A044820F0CABD00BFB2C2020096
:101A9800BC200020A6BB0200F49B0200C1BB0200D0
:101AA80008B503210448054A20F0BBFDBDE80840FD
:101AB8000349044826F004BDF49B0200DCBB020085
:101AC80004210020180E0020072210B50D490E48E9
:101AD80005F016FF034618B9BDE81040FFF7E0BF50
:101AE80010F1780F07D1BDE810404FF4247200239D
:101AF800064819F02DBD0121BDE81040044A0548EB
:101B080020F08DBDBAC20200BC200020E80E0020E3
:101B1800F7BB0200F49B020010B5064A06480221F2
:101B280020F07FFDBDE8104040F2676200230348C3
:101B380019F00EBD12BC0200F49B0200480F0020F1
:101B480003460221014A024820F069BD3BBC02005D
:101B5800F49B020010B50C4620F075FD044818F0FF
:101B680033FD24B12046BDE81040FFF7E9BF10BDA2
:101B7800F00B002008B51C201BF0EEFD38B1002347
:101B88000383011DBDE80840034820F051BDBDE8AE
:101B98000840FFF7C1BF00BF6897020070B503781F
:101BA8008AB004460E4607AD032B20D8DFE803F0C1
:101BB80002191B1D11492846FFF7B6F905956378E8
:101BC8001E210493A37830460393E3780C4A0293CA
:101BD8002379019363790093A37920F01DFA0AB061
:101BE80070BD0849E7E70849E5E70849E3E70A213E
:101BF8002846074A20F010FAE0E700BF52BC02006E
:101C080074BC020059BC020060BC02006ABC02003D
:101C1800B009030090B589B000AF0C4623F058F91D
:101C28003946FFF7BBFF8AB06A46094BD461C2E95F
:101C38000537084B4FF442511362074B074853626C
:101C4800074B42F8103F20F0F0FC2437BD4690BD0A
:101C580097BC0200871F030000020204F49B0200E5
:101C68000500000280B588B000AF23F031F939468D
:101C7800FFF794FF88B06A46084B4FF4E651C2E973
:101C880005374FF400739383054B064842F8103F1D
:101C980020F0CBFC2037BD4680BD00BFBDBC020094
:101CA80003000001F49B020090B589B000AF0C4618
:101CB80023F00EF93946FFF771FF8AB06A46094BDF
:101CC800D461C2E905374FF400731384064B4FF40F
:101CD8001351064842F8103F20F0A7FC2437BD46B0
:101CE80090BD00BFD3BC020004000001F49B0200B9
:101CF80090B589B0036800AF186839461446FFF7F5
:101D08004DFF8AB06B46094ADC61C3E905274FF4E9
:101D180000721A841A46064B4FF41351054842F8CC
:101D2800103F20F082FC2437BD4690BDF5BC020070
:101D380004000001F49B0200F0B589B000AF0C4626
:101D4800054623F0C5F83946FFF728FF6E468AB0E6
:101D58006A46114BD461C2E90537104B104C136227
:101D6800104B4FF4435153620F4B104842F8103F49
:101D780020F05BFC2368B5469D420AD1002020F084
:101D880061FC20680BF084F900230948236019F0EE
:101D98003BF82437BD46F0BD22BD0200871F030073
:101DA800002100200002020405000002F49B02004A
:101DB80014210020F0B50D4689B000AF044623F089
:101DC80087F83946FFF7EAFE15B36E468AB06A46C9
:101DD8002F4BD561C2E905372E4B2F4D13622F4B80
:101DE8004FF4435153622E4B2E4842F8103F20F0D7
:101DF8001CFC2B68B5469C4207D120460BF048F9DD
:101E0800002329482B6018F0FFFF2437BD46F0BD9A
:101E18006D4688B06A46254B4FF4E651C2E905374E
:101E28004FF400739383224B1E4842F8103F20F072
:101E3800FCFB0120AD4620F005FC1E4B1E49204648
:101E48000B600FF025FC034620B102211B4A154800
:101E580020F0E5FB0221204622F0B6FF034658B1E8
:101E68000221174A0F4820F0DAFB0B4B1B689C42F3
:101E780002D12046FFF788FD22F0B3FA0346002876
:101E8800C3D001210F4A074820F0C9FBBDE700BFB6
:101E980045BD0200871F0300002100200002020444
:101EA80005000002F49B02001421002068BD020016
:101EB8000300000175190000B820002076BD02005B
:101EC80093BD0200AEBD0200B0B5054688B000AFB4
:101ED8000C463946FFF762FE294600200BF0C2FE89
:101EE80020B10BF0D5F82037BD46B0BD29460220F9
:101EF80005F0C6FA98B16C468AB06A46134BD761AA
:101F0800C2E9053040F201331384114B4FF41151EB
:101F1800104842F8103F20F088FBA546E3E76D46DD
:101F280088B06A460C4B4FF4E651C2E905374FF4C6
:101F380000739383094B074842F8103F20F075FB64
:101F48002378AD4643F002032370CCE7CBBD0200F3
:101F580004000001F49B0200F7BD02000300000129
:101F680010B542680369126892010ED40F4940F215
:101F7800A2630F4A0F4821F05BF80F4821F058F888
:101F880040F2A2610A4821F04AF81B689B0148BF49
:101F980081F0010131B18368DB684FF00071BDE861
:101FA8001040184783681B69F7E700BF41BE02006D
:101FB80010BE02007FBE02009CBE02002DE9F04F59
:101FC80085B002AF26F003FB4FF47A7BA0FB0B0829
:101FD8000BFB0188C50B01213248FFF7C1FFDFF871
:101FE800C890DFF8C8A0324AB9F80030BAF8001033
:101FF80030480092304A20F004FC002178602948DB
:1020080045EA4845FFF7ACFF4FEAD83826F0DFFA33
:10201800A0FB0B060BFB01667B68C40B44EA464435
:10202800F60B002B3AD10321244A254820F0F9FA6F
:10203800EB4688B002AA234B641B53614FF004039C
:1020480066EB0806C2E906464FF4035142F8103F12
:102058001B4820F0EAFA0321DD461B4A184820F005
:10206800E0FA0023194AAAF800301380184AA9F8A0
:1020780000301370174A18481380184A1380184AFA
:102088001370184A1370184A13704FF424720023FF
:1020980019F05EFA0C37BD46BDE8F08F0121134AEE
:1020A800C3E700BF30970200283F00202E3F0020E2
:1020B8005B4200206A3F0020543F0020AEBE020071
:1020C800F49B0200EBBE020006BF02002C3F00207A
:1020D800663F00202A3F0020B80E0020303F002035
:1020E8005A420020693F0020533F0020CDBE020025
:1020F8002DE9F04383B0624E02AF307868BBDFF859
:102108008481B8F800008418022C23DC5E4D284432
:1021180027F0A9F9A3B2022BA8F8003015D10124A1
:102128002B885A4D03215A4A5A482B80347020F084
:1021380076FA2B88B3F53C7F07D94FF43C722146D9
:1021480000925448544A21F02FFE01200437BD461E
:10215800BDE8F083514A01212AE0514D287868BB37
:1021680040F28136DFF83C81B8F800008418B442A8
:1021780022DC4D4B184427F076F9A3B2B342A8F8F5
:102188000030E2D101240321484A42482C7020F053
:1021980048FA06224649474805F0B2FB034628B1EB
:1021A8002146454A3B4820F03AFACEE70321434A04
:1021B800384820F036FAC8E7414ACCE7414E307833
:1021C80048BB414DDFF8C4802888B8F800908418CF
:1021D8004C451EDC3D4B184427F045F9A3B22B8033
:1021E8003B4A03212B48CDF8009021F0DDFD2A88D9
:1021F800B8F800309A42A8D10123364A254803216D
:10220800337020F00EFA00220023334819F0A0F9A9
:102218009BE7324A9FE7DFF8C88098F8000000285B
:1022280093D1304D28888418122C27DC2E4E304448
:1022380027F019F9A3B2122B2B8086D10123032191
:102248002A4A144888F800306C4620F0EAF98AB027
:102258002B8802AA2649D661C2E9051340F2013348
:102268001384244B0B4842F8103F4FF4135120F0CD
:10227800DCF90022A54600231F48C7E71F4A6AE782
:10228800663F00202C3F0020673F00202A3F0020A7
:102298002BBF0200F49B02004FBF02007ABF02006E
:1022A8005A420020303F00205B4200209BBF0200C2
:1022B800ABC20200BC200020AFBF0200C9BF0200B1
:1022C800E3BF0200693F00202E3F00206A3F002044
:1022D800FEBF020020C00200180F002033C0020019
:1022E800533F0020283F0020543F00204DC00200EB
:1022F8005EC0020004000001E80E00206CC002006D
:102308002DE9F041154688B000AF0E46044622F08C
:10231800DFFD3946FFF742FCEDB96D468AB06A46E3
:10232800184BD661C2E905374FF400731384164B76
:102338004FF41351154842F8103F20F076F9AD4696
:10234800134B1B689C4202D12046FFF71DFB203728
:10235800BD46BDE8F081E8468CB06B460D4AC3E93E
:102368000765C3E905270C4A4FF462515A620B4AC4
:1023780006489A621A460A4B42F8103F20F055F96F
:10238800C546DDE784C0020004000001F49B02009A
:1023980000210020A2C00200871F030000020305DD
:1023A8000600000270B50B78052B00F29D80DFE86F
:1023B80003F003843065764A8B68002B00F0948024
:1023C8004868002800F09080484A1368FBB1181F3D
:1023D80000231360464A136026F0ACF9002200235C
:1023E800444818F065F8014600287DD0028B424821
:1023F800043183685C684FF0FF33A047002873D02E
:102408003E4A0221BDE870403D4820F00AB9043830
:10241800E2E74A68CB68908A03443A489BB29382C1
:102428000278002A60D14A68134413F8013C0A2B49
:1024380001D00D2B58D1012303702F48BDE87040FF
:1024480083685B69184700242E4B1C201C701BF006
:1024580083F930B10483011DBDE87040264820F09F
:10246800E7B8294A2648022120F0DBF8BDE8704089
:1024780040F267620023254819F06AB81C201BF057
:102488006BF9014648B1002303831B481422BDE8B9
:102498007040836804311B6918471B4AB1E74B68D1
:1024A800191F9B8A23B1BDE87040194825F08ABFDF
:1024B8000846BDE8704026F03DB90C4B1A680AB9C9
:1024C8004A681A600A4A896810681C6801441160E1
:1024D800A28A521A0848214483685D684FF0FF3386
:1024E800AC46BDE87040604770BD00BFB420002016
:1024F800B02000203C0C002068970200C9C00200F0
:10250800F49B0200523F002012BC0200480F00203A
:10251800200C00202DE9F0438BB020F092F8964C67
:10252800204625F0E1FE40B9944A0121944820F064
:1025380078F800200BB0BDE8F0836368A1681B68D9
:1025480022699B010ED48F4940F211438E4A8F486D
:1025580020F06EFD8E4820F06BFD40F211418A4854
:1025680020F05DFD1368204623F0007313600B68AC
:102578004FF4C0221921984786480BF063FD08B133
:10258800854AD2E785480BF077FD18B1844820F0DA
:1025980039FDCEE708F000FF044630B10346814A12
:1025A8000121774820F03BF8C3E703217E4A7448AD
:1025B80020F037F821F0D1FC7C4E304625F094FE0F
:1025C80040B901217A4A6E4820F02BF86FF01203C7
:1025D800784AE5E71C201BF0BFF8054650B3048392
:1025E8007549764818F024FEB3681B682BB3224659
:1025F80030467349984703460028E9D13046291DDB
:1026080020F016F803460028E2D1002305936D4B0D
:102618006D4803936D4B03A9049321F018FF0446FA
:1026280070B103466A4A012155481FF0F8FF234656
:10263800684AB5E76FF00B03CAE76FF05703C7E7BF
:10264800654A03214E481FF0ECFF6449644818F0BE
:10265800EFFD6449644818F0EBFD6449644818F0DC
:10266800E7FD644818F0CCFC4FF420426FF00803F3
:1026780061496048009418F0DDFC6049604818F032
:102688009BFA012303A8CDE9034405948DF8103083
:1026980005F0EEF85B4804F0E3FE5B495B4818F090
:1026A8008BFA03215A4A36481FF0BBFFFFF7F4F8AC
:1026B800044600287FF43DAF564820F0A3FC1C22B6
:1026C800214603A826F0F6FE534FDFF8FC80DFF81A
:1026D8004C914FF0FF334FF0FF32384617F0E8FEC9
:1026E800BDF82440038BC4F114049C42054628BF5E
:1026F8001C4600261CB9284626F01CF8E9E7BDF858
:102708002400311D03AB043022462944184426F026
:10271800AAFEBDF824202644224492B2132AADF81A
:10272800242008D802F128036B4413F8193C0A2B1B
:1027380001D00D2B19D1404604A905F0E1F8034654
:1027480020B10221364A0E481FF069FF41F23432A7
:102758000023484617F0BCFF20B10221314A08483F
:102768001FF05FFF0023ADF824302C8BA41B142C22
:1027780028BF1424BEE700BF30970200E7C002005C
:10278800F49B020041BE020010BE02007FBE0200A0
:102798009CBE020048060020FEC002003806002049
:1027A8002AC102005CC102007BC1020068970200D6
:1027B80091C10200A7C102007D1B0000480F002044
:1027C800AD230000F9200000BC2000205D1B0000A4
:1027D800C1C10200EBC102000BC20200591A00007D
:1027E800180F0020D11A0000E80E0020F919000087
:1027F800B80E0020180E002038490020C51F000020
:1028080004210020600600202F2602001421002049
:1028180029C2020041C20200200C0020F00B002057
:1028280069C202009AC202002DE9F04F01266FF03A
:1028380001049846002546F2020B9640584B770053
:1028480004FB07FA33F81230A9B003933344029318
:10285800944008AB03EB0A090490019108EB0403C8
:102868000221049A07A8059320F097F9BDF81C20C7
:10287800AE4252BA92B2A2F5C041A1F102014FEAAA
:10288800D17101F1FF3101EA0B01A2EB0101A1F5C0
:10289800C040A0F102004FEAD07000F1FF3000EA1A
:1028A8000B00A1EB0001A1F5405000F1FF304FEA09
:1028B800D07000F1FF3020F47F6020F00E00A2F508
:1028C80070424FEA8040A2F105024FEA90404FEA79
:1028D800D272A1EB000102F1FF32059B42EA01022C
:1028E80011D9019921F81520029A0135AA42B7D1C8
:1028F800012508AB03EB0A094444039B9D420AD90E
:1029080029B0BDE8F08F92B2AF428CBF23F81520F2
:1029180029F81520E8E700231A46C5F1000C96426D
:102928004FEA420032D901990844B0F800E09542D4
:102938004FEADE3A0AF1FF3AA3EB0A0B1CD8B4457A
:102948004FEA4C0127D2DDF804804144D31A2B40CA
:1029580003F2FF13B1F800805B0A5B4203EA0A0343
:102968008EEA080A03EA0A0A8EEA0A0E88EA0A08C0
:10297800A0F800E0A1F80080029B013293420CF11C
:10298800010C01D16D00B8E75B46C8E797428CBFE0
:1029980000194844C9E7BC4534BF09194944D5E77B
:1029A800A0A90200F0B5002501272B462E46974026
:1029B80030F9164004FB043431F91630013603FBB4
:1029C8000343B74244EA030445EA0405F0D1054944
:1029D80043EAE57351F82200984234BF00200120F1
:1029E800F0BD00BF489F02002DE9F04F012505FA10
:1029F80001F80446474689B00191012F14D140F6E9
:102A0800FB7143F20102B8F1010F4DD10225019B80
:102A18009D40254420881FF00AFF24F8020BA54298
:102A2800F8D109B0BDE8F08F0026234B7F0803EBEF
:102A3800470903EB8703039304EB45036A000493F8
:102A4800B246049939F8023B01EB460BA9190293E7
:102A5800059104EB460305998A4505D3039B164463
:102A68009945EDD11546C8E7079243F20102188847
:102A7800BBF800C00AF1010A00EB0C01A1F54051B6
:102A8800013902EAE17EA0EB0C00714402EAE07C25
:102A980023F8021B6044029906931FF0C8FEDDE983
:102AA80006322BF8020BD6E741F3000313400B4420
:102AB80059084FEA5808A6E7B6A902002DE9F04FD1
:102AC800012404FA01F31F4687B001900093009A8D
:102AD800944202D307B0BDE8F08F00261E49019842
:102AE80001EB440801EB8401029127F00101014444
:102AF8007A080391B146019838F8021B00EB460B9F
:102B0800039800EB460A901904900498814506D36F
:102B180002993E448845EDD117466400D7E7BAF8D4
:102B2800000005921FF083FE43F20103BBF800503A
:102B3800059AA5F5405C0CF1FF3C84442D1A03EA84
:102B4800EC7E03EAE570F44405442BF802CB09F166
:102B580001092AF8025BD8E7B6B102002DE9F04F67
:102B68000368BDB00A9343680B9383680C93C368EA
:102B78000D9303690E9343690F9383691093C36997
:102B88001193036A1293436A1393836A1493C36A73
:102B98001593036B1693436B1793836B1893C36B4F
:102BA8001993036C1A93436C1B93836C1C93C36C2B
:102BB8001D93036D1E93436D1F93836D2093C36D07
:102BC8002193036E2293436E2393836E2493C36EE3
:102BD8002593036F2693436F2793836F2893C36FBF
:102BE8002993D0F880302A93D0F884302B93D0F8EA
:102BF80088302C93D0F88C302D93D0F890302E93C9
:102C0800D0F894302F93D0F898303093D0F89C3087
:102C18003193D0F8A0303293D0F8A4303393D0F861
:102C2800A8303493D0F8AC303593D0F8B030369320
:102C3800D0F8B4303793D0F8B8303893D0F8BC30E7
:102C48003993D0F8C030D0F8C4603A93014B009360
:102C580002E000BF789E0200149A0A9B159953401F
:102C68000B9A82EA01051E9A53401F9A5540289AEA
:102C78005340299A5540329A5340339A0893554005
:102C88000C9B169A83EA02090D9B179A83EA02089D
:102C9800209B189A89EA0309219B88EA03082A9B42
:102CA80089EA03092B9B88EA0308349B89EA03090C
:102CB800359B4FEA490B88EA03080E9B4BEAD87B01
:102CC80083EA020C0F9B199A4FEA480A83EA020723
:102CD800229B239A8CEA030C57402C9B2D9A8CEA52
:102CE800030C5740369B379A8CEA030C5740109BCD
:102CF8001A9ADDF874E083EA0204119B1B9A4AEAE7
:102D0800D97A83EA0201249A129B5440259A5140A9
:102D18002E9A54402F9A5140389A5440399A51402B
:102D28001C9A5A40139B83EA0E0E269B5A40279BF7
:102D38008EEA030E309B5A40319B8EEA030E3A9B73
:102D48008EEA060E5A408BEA020301938AEA0E03C2
:102D580002934FEA4C0B089B4BEAD77B4FEA470A92
:102D68004AEADC7A8BEA030303938AEA05034FEA0B
:102D7800410A4AEAD47A04938AEA08034FEA4E08D9
:102D880048EAD278520042EADE72059382EA0C03DE
:102D9800069388EA07030793089B6A0042EAD372FE
:102DA8005B0043EAD5736340089382EA01034FEA64
:102DB800440B0A9A0993019B4BEAD17B8BEA090BD6
:102DC80083EA0209029B0B9A179983EA020A039B7A
:102DD800169A239C5A40049B150D4B4045EA03352F
:102DE8001B0D43EA0233229A05998BEA02024C40F2
:102DF8004FEA525848EAC428640D44EAC2242E997E
:102E0800069A2F9F5140079A7A404FEA425E4EEA4F
:102E1800D12E49053A9F41EAD221089A7A40099F62
:102E28007E404FEA863C4CEA924C920342EA964234
:102E3800009ED6E900768AEA06060B9689EA070715
:102E480028EA05067E400B9F0A9624EA0306774087
:102E58002EEA04065E400B9721EA08076F40239686
:102E680025EA09052CEA0E0623EA0A03744083EAD8
:102E78000C0329EA0206229722EA01076A407140F8
:102E88003B942E922AEA0C04109A2F93069B87EA09
:102E98000807169184EA0E013A97179183EA02010E
:102EA800079B119A1D9C53404FEA037C4CEA111C66
:102EB800090741EA13111C9A089B2B9F5340099A52
:102EC8006240160546EA13361B051E9C43EA123378
:102ED800019A82EA04051F9C029A62404FEAC208DE
:102EE80048EA5578ED002A9C45EA5275039A25EA86
:102EF800030A6240049C4FEAD24E7C404EEA443EAC
:102F0800E40C44EA4234369A379F8BEA0209059A60
:102F18008AEA010A7A404FEAD90747EA4277D20893
:102F280042EA497228EA060989EA0C09CDF8A8A0FC
:102F38002EEA050A8AEA030ACDF8AC9024EA0809C1
:102F480089EA0609CDF840A023EA010327EA0E0A18
:102F58008AEA050526EA0C067B40CDF8449022EA69
:102F680004091E951C9389EA080586EA02031F9541
:102F78001D932CEA0205039B0C9A21EA070883EAB1
:102F88000201049B0D9A88EA0E0E53404FEA430C47
:102F98004CEAD17C6C40490041EAD371CDF8D8E0C5
:102FA800189B3794059A199C8BEA03036240960193
:102FB80046EA93669B01249C43EA9263069A319FF2
:102FC80082EA0405259C079ADDF8CC9062404FEA16
:102FD800426848EAD5186D0645EAD215309C089A29
:102FE80025EA030A5440099A8AEA010A7A404FEA14
:102FF800022E4EEA146E2402329F44EA1264019AA9
:10300800CDF860A07A40029F24EA050A87EA0909F8
:103018004FEA894747EA9237920442EA993228EA06
:10302800060989EA0C098AEA030ACDF8649023EABA
:1030380001032EEA080989EA0609534026EA0C0624
:10304800CDF8C0A022EA040A8AEA0505CDF8C490A2
:10305800329327EA0E0986EA07030C95339389EA27
:103068000805089B21EA0208129A0D9583EA0201D5
:10307800139A099B2CEA070553404FEAC36C4CEAA4
:10308800511CC90641EA531188EA0404019B149AA9
:10309800249485EA0E045A402594029B159C160F29
:1030A800634046EA03161B0F43EA0213039A209C67
:1030B8002D9F82EA0405219C049A62404FEA8228E7
:1030C80048EA9558AD0245EA92552C9A25EA060A2F
:1030D8008BEA0204059A8AEA010A7A404FEAC23E5C
:1030E8004EEA544EE403389F44EA5244069ACDF817
:1030F800E0A082EA0709399F079A24EA050A7A407C
:103108004FEA192747EA0267120A42EA096228EADF
:10311800030989EA0C098AEA060ACDF8E4902EEA3E
:10312800080989EA0309CDF850A023EA0C0327EA25
:10313800040A8AEA05055340CDF8549026EA0106A8
:1031480022EA0E092C95219389EA08050E9B21EAAB
:10315800070886EA070188EA04042D9520912CEADD
:1031680002050F99059A8BEA0303129485EA0E0467
:1031780013949D0882EA010445EA8475A40844EA88
:1031880083741A9A069B269E83EA0201079B1B9A60
:10319800279F5A404B0A43EAC253520A42EAC15295
:1031A80008997140099E4FEA516C77404CEAC71C58
:1031B8007F0E47EAC1170199289EDDF8A4E0714007
:1031C800029E4FEAD15886EA0E0648EA4628F60DCE
:1031D800DDF8D0E046EA41260399DDF8D49081EA8B
:1031E8000E01DDF810E02CEA030A8EEA09094FEA1D
:1031F800890E4EEA917E890041EA99718AEA050AA8
:1032080027EA0209CDF898A089EA040928EA0C0AF5
:10321800CDF89C908AEA030A26EA070923EA0503FF
:1032280089EA02094B4022EA04020E9382EA0E035D
:10323800CDF8D0A02A9A21EA080ACDF8D4900F93A5
:103248002EEA06090A9B8AEA0C0C89EA0707CDF8D8
:1032580068C01B9725EA010C24EA0E072B995A40EF
:103268000B9B7E40299683EA01061899229B4A40C7
:1032780019998CEA080C4E403899CDF8A0C04A40FC
:1032880039994E4026994A4027994E40109983EA29
:1032980001091199239B83EA0108309B1E9989EA49
:1032A8000309319BDDF8CCE088EA0308149B89EA1E
:1032B8000309159B88EA0308349B89EA0309359BAF
:1032C8004FEA490B88EA03083A9B4BEAD87B83EA22
:1032D800010C3B9B1F994FEA480A83EA01070C9BA4
:1032E8000D998CEA030C4F402C9B2D998CEA030C0A
:1032F8004F401A9B1B998CEA030C4F40169B36993A
:103308004AEAD97A83EA0105179B379983EA0104C7
:1033180024991C9B4D4025994C4012994D40139976
:103328004C4028994D4029994C40329959401D9B51
:1033380083EA0E0E2E9B59402F9B8EEA030E209B8C
:103348005940219B8EEA030E0E9B59400F9B8EEA33
:10335800030E8BEA01034FEA4C0B01934BEAD77B30
:103368008AEA0E034FEA470A02934AEADC7A8BEAB2
:10337800020303938AEA06034FEA440A4AEAD57A23
:1033880004938AEA08034FEA4E0848EAD1784900CC
:1033980041EADE71059381EA0C03710041EAD271BA
:1033A8005200069342EAD67288EA0703079382EA34
:1033B8000503089381EA0403019A09934FEA450B30
:1033C8000A9B4BEAD47B8BEA090B83EA02090B9B25
:1033D800029A059C83EA020A109B039A079E83EAD5
:1033E8000201119B049A0D0D5A400C9B45EA0235C7
:1033F800120D42EA013283EA0B010D9B4FEA515844
:103408005C4048EAC428640D44EAC124129B06992A
:10341800099F5940139B5E404FEA465E4EEAD12E03
:10342800490541EAD621089B0E9E5E4033460F9E11
:103438007E404FEA863C4CEA934C9B0343EA964312
:10344800009ED6E902768AEA06060B9689EA0707FD
:1034580028EA05067E400B9F0A9624EA0206774072
:103468002EEA040656400B9721EA08076F400D968E
:1034780025EA09052CEA0E06744022EA0A0229EA1E
:1034880003060C9723EA01076B40129382EA0C03A8
:103498007140069A0F9413932AEA0C04169B109114
:1034A80084EA0E01119183EA0201079A179B099C8D
:1034B80053404FEA037C4CEA111C090741EA1311F7
:1034C800089A1C9B87EA080753401D9A0E9762408A
:1034D800160546EA13361B0543EA1233019C189A6F
:1034E800049F82EA0405029C199A62404FEAC208C6
:1034F80048EA5578ED0045EA5275039C149A25EA86
:10350800030A6240159C4FEAD24E7C404EEA443E84
:10351800E40C44EA42341A9A8AEA010A82EA0B095C
:103528001B9A059FCDF850A07A404FEAD90747EA81
:103538004277D20842EA497228EA060989EA0C0960
:103548002EEA050A8AEA030ACDF8549024EA080903
:1035580089EA0609CDF858A023EA010327EA0E0AEA
:103568008AEA050526EA0C067B40CDF85C9022EA3B
:10357800040918951C9389EA080586EA0203199537
:103588001D932CEA0205229B039A21EA070883EA85
:103598000201049A239B6C4053404FEA430C4CEAC7
:1035A800D17C1F9A1B944900059C41EAD3711E9B4C
:1035B800624083EA0B03960146EA93669B0143EA5D
:1035C8009263069C249A88EA0E0E82EA0405079CF8
:1035D800259A099F62404FEA426848EAD5186D0665
:1035E80045EAD215089C209ACDF868E05440219A03
:1035F800DDF808907A404FEA022E4EEA146E240253
:1036080044EA1264019F269A25EA030A7A40279F12
:103618008AEA010A87EA09094FEA894747EA92379D
:10362800920442EA993228EA060989EA0C09CDF897
:1036380078A024EA050ACDF87C908AEA030A2EEAE3
:10364800080923EA010389EA0609534026EA0C0619
:10365800CDF880A022EA040A8AEA0505CDF884900C
:10366800269327EA0E0986EA07032295279389EA13
:1036780008052E9B21EA0208089A239583EA02018D
:10368800099A2F9B2CEA070553404FEAC36C4CEA72
:10369800511CC90641EA531188EA04042A9B019A7D
:1036A800249485EA0E045A4025942B9B029C160FFD
:1036B800634046EA03161B0F43EA0213039C309A41
:1036C800059F82EA0405049C319A62404FEA8228E9
:1036D80048EA9558AD0245EA92552C9A25EA060A19
:1036E80082EA0B042D9A8AEA010A7A404FEAC23E1E
:1036F8004EEA544EE40344EA5244069F289ACDF811
:10370800A0A082EA0709299A079F24EA050A7A40B5
:103718004FEA192747EA0267120A42EA096228EAC9
:10372800030989EA0C098AEA060ACDF8A4902EEA68
:10373800080989EA0309CDF8A8A027EA040A8AEA51
:103748000505CDF8AC9023EA0C0322EA0E09534094
:103758002C9526EA010689EA08052D9521EA07082D
:10376800319386EA07013A9B2CEA020530913B9A8D
:10377800059983EA0B034A404FEA930C4CEA827C92
:10378800920842EA83720699369B88EA04042E94CA
:1037980085EA0E044B402F943799079C5D0A81EA0D
:1037A800040645EAC655760A46EAC3560899329B86
:1037B800099C4B4033994FEA53684C4048EAC41877
:1037C800640E44EAC3140199389B029F4B4039990F
:1037D8004FEAD35E79404EEA412EC90D41EA4321B2
:1037E800039F349BDDF810907B40359F28EA050A3B
:1037F80087EA09094FEA890747EA93779B0043EA72
:10380800997324EA060989EA02098AEA0C0ACDF8BA
:10381800C8A0CDF8CC902EEA080A21EA04098AEA61
:10382800050A89EA0609CDF8D0A0CDF8D49023EA94
:103838000E0A27EA01098AEA080889EA0404CDF889
:10384800D88037942CEA030822EA070425EA0C05F5
:103858006B4088EA0E0E6140CDF8E0E039913A936A
:10386800009B26EA020610330093009A3C4B7E40E8
:1038780093427FF4F1A90A9B03600B9B43600C9B66
:1038880083600D9BC3600E9B03610F9B4361109B7C
:103898008361119BC361129B0362139B4362149B58
:1038A8008362159BC362169B0363179B4363189B34
:1038B8008363199BC3631A9B03641B9B43641C9B10
:1038C80083641D9BC3641E9B03651F9B4365209BEC
:1038D8008365219BC365229B0366239B4366249BC8
:1038E8008366259BC366269B0367279B4367289BA4
:1038F8008367299BC3672A9BC0F8B8E0C0F880306B
:103908002B9BC0F8BC10C0F884302C9BC0F88830C2
:103918002D9BC0F88C302E9BC0F890302F9BC0F8A0
:103928009430309BC0F89830319BC0F89C30329B63
:10393800C0F8A030339BC0F8A430349BC0F8A8303E
:10394800359BC0F8AC30369BC0F8B030379BC0F818
:10395800B4303A9BC0E930363DB0BDE8F08F00BFC7
:10396800389F0200F8B50F4600293BD006680122AF
:1039780030461FF051F90146044630461FF014F94D
:10398800C3070DD4AF23184A184919481FF050FB34
:10399800394618481FF04CFBAF2113481FF03FFB76
:1039A800214630461FF016F92518294600223046D0
:1039B8001FF0FAF82D1AAC420BD0B7230A4A0E4969
:1039C8000B481FF035FB39460C481FF031FBB72177
:1039D800E3E7214630461FF003F92146BDE8F840E9
:1039E8001FF038BAF8BD00BFDBC20200FEC20200F9
:1039F8007FBE02000FC3020047C302006DC302006E
:103A08002DE9F84306681446B5684A1EB5F5004F17
:103A180034BF042308230A400F4610D0C1F100091F
:103A280009EA01094B4502F1FF3128BF4B46114213
:103A38000CD11746DCB900252846BDE8F883994221
:103A480013D82146BDE8F8431FF046BA34494FF46D
:103A5800A673344A34481FF0EBFA34481FF0E8FAEA
:103A68004FF4A6712F481FF0DAFA9146E2E7B5F550
:103A7800004F2CBF08200420FB1AE10804F00702BD
:103A880001EBD301073203F007031344034401EBAE
:103A9800D301A94228BF294630461FF01BF98046AA
:103AA8000028C8D0B36809EBC005B3F5004F34BF90
:103AB800042308231D4435447B1E1D44B5FBF7F53C
:103AC8007D43A5EB0905294630461FF0A5F82C448F
:103AD800073424F00704A41B804507464FEAE40492
:103AE80008D20246414630461FF02DF9414630467D
:103AF8001FF06EF9394630461FF06CF8384484429E
:103B080008D23946304622461FF01DF92146304674
:103B18001FF05EF90122394630461FF061F88BE745
:103B2800A9C30200DBC202007FBE0200C4C30200B8
:103B3800B2F5802F2DE9F04110D2042A28D8454942
:103B480040F21A23444A45481FF072FA44481FF0CD
:103B58006FFA40F21A2140481FF061FA0823D21A7E
:103B6800CC1D114424F0070421F00701091B172973
:103B78004FEAD1060ED83B4940F22323364A37484C
:103B88001FF056FA36481FF053FA40F22321E2E7B5
:103B98000423E4E70025046031462046A660E5607A
:103BA8001FF044F8B6F5004F2CBF08230423421D2C
:103BB80092000833D11DDB0803EBD103B3424FEA6F
:103BC800D10739D801302946A2F1100204F11000BA
:103BD800B8BF2A4625F06EFC3A46294620461FF013
:103BE80017F82B462A46294620461EF0E8FFA6EB82
:103BF80007082046294601221EF0F2FF42463946B0
:103C08001FF006F83B462A46394620461EF0D7FFE5
:103C1800314620461EF0FCFF43462A4631462046E0
:103C28001EF0CDFF3146204601221EF0D9FF39464D
:103C3800BDE8F0411FF0CCB80B494FF40E73064AAB
:103C480006481FF0F5F906481FF0F2F94FF40E7117
:103C580081E700BFE1C30200DBC202007FBE0200B1
:103C680002C402001BC4020044C402002DE9F04F44
:103C780097B000AF89460446D7F880B0FA623B6235
:103C880058B9A94940F29933A84AA9481FF0D0F970
:103C980040F29931A5481FF0C2F9CBF3C00390F860
:103CA80002A07B6141B9457800780AEB8000204486
:103CB8004D4517D8A0EB0409E378FB61BAF1000F72
:103CC80002D01BF0010F16D1FB6953BBFB6A1BB175
:103CD800494620463A6A98474D4628465C37BD46CD
:103CE800BDE8F08F461C3046FDF726F90130304418
:103CF80009F10109DCE7626823787A62FA6A9900B7
:103D0800B96104EB8301002A40F002810E464FF0AE
:103D180000084D4601EB0A094E454CD101EB0A0655
:103D280010E01BF0020FD1D023789A00BA616268C4
:103D380004EB83017A62FA6A002A77D14D469046ED
:103D480001EB0A061BF0050F0CBF02230123FB62DF
:103D5800FB6906EB430A0BF00203BB625645BCD075
:103D680016F8021B16F8013C54F82390714B99453C
:103D780002D3714B994536D37B69002B40D0786AC2
:103D88001FF019F900283BD0E9468AB06A466B4B08
:103D980053617B6AC2E906314FF400731384684BA0
:103DA80042F8103F00234FF41251664802F04CFAD3
:103DB800023DCD46D2E716F8013BF96254F82300DC
:103DC800FDF7BAF8D7F88430F96A01304BB1D7F863
:103DD800883098453EBFD7F8843023F8180008F19A
:103DE8000108054498E77B6923B1786A1FF0E3F876
:103DF8000028C9D11BF0010F05D1FB6AED1AADE708
:103E0800BB6A002BAAD04846FDF796F8D7F884304D
:103E180053B1D7F8883098453FBFD7F88420431C62
:103E280022F8183008F10108054497E7BAF1000FA5
:103E380074D01BF0040674D0D046002607F1480061
:103E480052463B61B96225F00EFBB96A3B6901EB4A
:103E58000A02BA62FA69F9695200FA60BA6A02EBB0
:103E680041023A610BF00202BA60BA6A39698A42C1
:103E78006AD162781BF0020F18BF00217A6208BF6E
:103E88004FEA5801B2181BF0010FD2B240F0E5809A
:103E98001BF0040F14BF404600207B616270A070C5
:103EA800E17020463A6AB969FB6A9847051EFFF631
:103EB80014AF7B69414623707B6A3A6A6370FB6979
:103EC80084F802A0E37007F14800FB6A9847B0F154
:103ED8000008C0F2F680BB69A9EB0A01C91AFB68A1
:103EE8003A6AC91AD7E90A0398470028C0F2EB8052
:103EF8004FF0000BA84408EB000507F1380AB3455A
:103F0800C0F0AD8000213A6A0846FB6A9847E4E6AB
:103F180056464FF0000807F1380091E75646D0465C
:103F280095E7B04693E700BF04C502006FC40200DE
:103F38007FBE020018960200642A03001FC5020013
:103F480004000001EC9B0200BA6A12F8021B12F886
:103F5800015CBA6254F825005C4A904202D35C4A7C
:103F6800904218D37A693AB1786A7B601FF023F8D7
:103F78007B6800287FF479AFBA68002A4CD00F2EEE
:103F880040D9544940F24D43534A54481FF050F821
:103F980040F24D417EE67A693AB1786A7B601FF05B
:103FA8000AF87B6800287FF460AF1BF0010F0BD084
:103FB8000F2E27D9474940F24343474A47481FF045
:103FC80037F840F2434165E61BF0040F3FF44DAF6C
:103FD800B8F10F0F09D9424940F246433E4A3F48DB
:103FE8001FF026F840F2464154E608F1280207F18E
:103FF800300008F1010102EB000808F8105C5FFAD4
:1040080081F832E706F1280207F13000711C161812
:1040180006F8205CCEB228E7B8F10F0F09D930496D
:104028004FF48A632C4A2D481FF002F84FF48A6136
:1040380030E608F1280207F1300C08F10100944439
:1040480007F1580208F1020852FA80F00CF8101C27
:104058005FFA88F800F8105C07E700201DE71BF8F6
:104068000A3054F8239087F83730D7F884302BB3C8
:10407800D7F888309B4521D2D7F8843033F81B8095
:1040880001213A6AFB6A07F13700984700281ADBD2
:104098000544B8F1000F06D14846FCF74DFF00F182
:1040A80001081FFA88F8414648463A6AFB6A984769
:1040B800002808DB05440BF1010B20E74FF000084E
:1040C800DEE7454609E6054607E600BF1896020002
:1040D800642A0300C2C502006FC402007FBE02004A
:1040E800E1C50200014B1B68184700BF7406002099
:1040F800014B1860704700BF7406002030B585B0CA
:1041080004460D4610220021684625F0D3F9022303
:104118008DF80230044B2A462146684601931EF06A
:104128000DF805B030BD00BFED40000080B5054674
:104138000E461746984618F081FB034625F05EFAAE
:10414800DFF83C90044649F800304246394630468C
:10415800A8470C4B1B7873B90B4940F246330B4AFE
:104168000B481EF065FF0B481EF062FF40F2463117
:1041780006481EF054FF54F8090004F087F900BF00
:1041880008000000364900203DC6020012C60200A1
:104198007FBE020050C6020038B50D4604462022F4
:1041A800002125F087F90022EB68E361AB68A36181
:1041B8002B6823626B68A26263622A6923B1591E65
:1041C800194208BF42F0010222610122002104F1D4
:1041D8002C0024F010F948B1054906482F23064A57
:1041E8001EF026FF2F2104481EF019FF38BD00BF1E
:1041F8006D0803007FBE020072C602002DE9F04F71
:10420800002789B0CDE90123436A04468B428846DA
:10421800BA460597079754D300F11406EFF31185B2
:10422800202383F31288BFF36F8F3046A94618F016
:1042380085FD58B988234D4A4D494E481EF0F8FE71
:1042480031464D481EF0F4FE882163E0304618F0F0
:1042580099FD079A2AB1394620461EF0D3FF00235C
:10426800079306A920461EF0F0FE069983464145AD
:1042780030D32268236A204613F8221003EB820AFF
:1042880021F0030103F82210216842461EF001FFC5
:10429800E3682060984218D04FF0000B304618F0C1
:1042A8005BFD50B389F31188BFF36F8F059929B16E
:1042B800A2690AB12046904700230593BBF1000F7D
:1042C800ACD1504609B0BDE8F08F236943F008032C
:1042D8002361E1E718B120461EF0F5FEDEE7DDE9CF
:1042E8000132134339D0039124F0FAF80399A0BBA3
:1042F8009DBB304618F030FD78B94FF49A731B4ACD
:104308001E491C481EF094FE31461D481EF090FEC2
:104318004FF49A7115481EF082FE85F31188BFF399
:104328006F8F04F12C00DDE9012316F0D1F98346E3
:10433800EFF31189202383F31288BFF36F8F304680
:1043480018F0FCFC00283FF475AFBBFA8BFB304635
:1043580018F018FD4FEA5B1BA0E7204607AB05AA3B
:1043680027681EF0CFFE834698E700BF98C6020074
:10437800C5C602007FBE0200DAC60200F0C602000F
:1043880007C702002DE9F0410446C36908460E46F6
:10439800984704F114050746EFF31188202383F3A7
:1043A8001288BFF36F8F284618F0C8FC68B98823B5
:1043B8001A4A1B491B481EF03BFE29461A481EF0A4
:1043C80037FE882115481EF02AFE284618F0DAFC28
:1043D80033783A4643F001033370616820461EF093
:1043E80058FE606020461EF028FF284618F0B4FCEE
:1043F80068B94FF49A73094A0C490A481EF018FE26
:1044080029460B481EF014FE4FF49A71DAE788F338
:104418001188BFF36F8FBDE8F08100BF98C6020016
:10442800C5C602007FBE0200DAC60200F0C602005E
:1044380007C702002DE9F0470446002700F11406DB
:10444800EFF31188202383F31288BFF36F8F304670
:1044580018F074FC054668B988233A4A3A493B483B
:104468001EF0E6FD31463A481EF0E2FD8821354847
:104478001EF0D5FD304618F085FC2369A16813F0BD
:10448800080F02D16368994200D9636A5B1A002B4E
:1044980041D0206A10F8213000EB810913F00302A3
:1044A8003CD0022A04D150F821205FEA920A05D1B3
:1044B800DA0720D44846E36998478246A1685246FD
:1044C80020461EF0E6FD5146A06020461EF0EFFD96
:1044D8002F46304618F040FC10BB4FF49A73194A27
:1044E8001C491A481EF0A4FD31461B481EF0A0FDC9
:1044F8004FF49A71BBE743F0020300F82130E369F7
:104508004846A56898472946024620461EF0C1FD40
:104518000025A060DDE71D46A946DAE71546FBE75A
:1045280088F31188BFF36F8F002D89D137B1B9F1A6
:10453800000F03D104F12C0016F046F84846BDE8F8
:10454800F08700BF98C60200C5C602007FBE020001
:10455800DAC60200F0C6020007C702002DE9F041E2
:104568000446C36908460D46984704F114060746F1
:10457800EFF31188202383F31288BFF36F8F30463F
:1045880018F0DCFB68B98823274A284928481EF018
:104598004FFD314627481EF04BFD882122481EF06A
:1045A8003EFD304618F0EEFB2B786FF300032B70BE
:1045B80023699B0705D5E268236A03EB82039D42C2
:1045C80022D12B786FF341032B70D4E90231994241
:1045D80004D13A4620461EF05CFDA06039462046CC
:1045E8001EF065FD304618F0B7FB90B94FF49A738A
:1045F8000D4A11490E481EF01BFD31460F481EF0AA
:1046080017FD4FF49A71C9E72B6867F39F032B6076
:10461800E8E788F31188BFF36F8F04F12C00BDE839
:10462800F04115F0D1BF00BF98C60200C5C6020010
:104638007FBE0200DAC60200F0C6020007C7020009
:1046480070B5044600F11405EFF31186202383F3B7
:104658001288BFF36F8F284618F070FB68B988235B
:104668001A4A1B491B481EF0E3FC29461A481EF04B
:10467800DFFC882115481EF0D2FC284618F082FB82
:104688002369A06813F0080F02D16368984213D910
:10469800646A241A284618F05FFB78B94FF49A73B5
:1046A8000A4A0E490B481EF0C3FC29460C481EF066
:1046B800BFFC4FF49A71DDE71C1AEBE786F311880B
:1046C800BFF36F8F201E18BF012070BD98C602006F
:1046D800C5C602007FBE0200DAC60200F0C60200AC
:1046E80007C702002DE9F84F0446A38B08461907AF
:1046F800154612D4022803F0070165D120461EF0A2
:1047080022FE88B10138042800F23781DFE810F072
:104718005C0035018200D400040101280CBF43F07D
:10472800100143F02001A1831434204618F014FB33
:10473800002840F09D819A494FF49A73994A9A4803
:104748001EF076FC2146B1E003F00702501F012855
:104758001ED80020062A2768C4E9000014D13A466A
:1047680003E0E08B0130E0831268002AF9D123F0DE
:10477800070343F002022046A2831EF0E4FD90B333
:1047880042F02002A2832EE023F007039AB2F2E758
:10479800042A33D123F007039AB22046A2831EF0DD
:1047A800D2FD10B142F02002A283A38B03F00709C7
:1047B800894540F0EC80A18BCA0640F1508121F078
:1047C8001003A38301F00701D4F81880A38BB8F174
:1047D800000FB9DA0022276823F00703C4E9002292
:1047E80043F00103A383A38B03F00709894540F035
:1047F800CF80002FDFD00026B24644E06B4940F25C
:104808001B136B4A68481EF013FC40F21B116848E2
:104818001EF005FC49B167494FF4AB73644A62481E
:104828001EF006FC4FF4AB71F1E723684BB96249FF
:1048380040F257135E4A5C481EF0FAFB40F25711EB
:10484800E5E723691E684EB95C494FF4AD73584AD1
:1048580055481EF0EDFB4FF4AD71D8E70F4688467A
:104868004FF00609A38B23F0070343F006039BB21E
:10487800A383A268002A40F08D80002F40F08D802D
:10488800002E98D0BA4643F0080304F1140B58469A
:10489800A38318F061FA002840F09A8040494FF449
:1048A8009A73404A40481EF0C3FB594644481EF0DC
:1048B800BFFB4FF49A71ADE0022909D0414940F29B
:1048C8005D133B4A38481EF0B3FB40F25D119EE78A
:1048D800E78B4FB13C494FF4AF73354A32481EF06D
:1048E800A7FB4FF4AF7192E723695E684EB933496D
:1048F80040F261132E4A2C481EF09AFB40F26111D7
:1049080085E7A38BB84623F0070343F004039BB263
:104918004FF00409A383ACE7012909D02B494FF4D0
:10492800B273234A20481EF083FB4FF4B2716EE73E
:1049380023684BB9204940F265131D4A1A481EF0F6
:1049480077FB40F2651162E723699E684EB91B49FF
:104958004FF4B473164A14481EF06AFB4FF4B4714E
:1049680055E70027A38BB84623F0070343F0050358
:104978009BB24FF00509A3837BE70C4940F26B1308
:104988000B4A09481EF054FB40F26B113FE7002721
:1049980000266EE74FF0010A75E7924673E700BFFD
:1049A800F0C6020098C602007FBE02004D1D03003B
:1049B80027C702004CC7020058C702007BC7020085
:1049C80007C7020092C70200A8C70200B7C70200C3
:1049D80085F31188BFF36F8FBAF1000F1CD177BB35
:1049E80016B120462549B047EFF31185202383F3FC
:1049F8001288BFF36F8F584618F0A0F938BB882388
:104A08001F4A204920481EF013FB59461F481EF034
:104A18000FFB88211A48FBE6A1680029DFD00D6842
:104A28000029DCD043464A462046D1F804A0D047A6
:104A38001DB12B6829461D46F2E72B46FAE7394691
:104A480043464A4620463F681EF0A9FCC7E7584639
:104A580018F098F9A38B23F00803A383ABE68B0621
:104A68007FF562AE21F02003A38301F0070145E63C
:104A780085F31188BFF36F8FBDE8F88F994A00005E
:104A880098C60200C5C602007FBE0200DAC6020050
:104A9800F8B504460D4600F11406EFF311872023FC
:104AA80083F31288BFF36F8F304618F047F968B95F
:104AB80088230C4A0C490D481EF0BAFA31460C48B6
:104AC8001EF0B6FA882107481EF0A9FA304618F0F9
:104AD80059F9A5613A462046BDE8F8400121FFF79B
:104AE80001BE00BF98C60200C5C602007FBE020014
:104AF800DAC602002DE9F04704460F461EF03FFCD7
:104B0800051E68DB04F11409EFF3118A202383F3EF
:104B18001288BFF36F8F484618F010F9804660B9C5
:104B28008823384A384939481EF082FA49463848B5
:104B38001EF07EFA8821334842E0484618F022F9F0
:104B48004FF6FF72E38BA68B934206F0070645D01B
:104B5800022E15D135460133E383484618F0FCF898
:104B6800002841D14FF49A73264A2A4927481EF053
:104B78005FFA494628481EF05BFA4FF49A71DAE763
:104B8800062E13D8DFE806F0092D121209040900D1
:104B98006FF085054FF00008DFE700233B6063688E
:104BA80083B9C4E9007786B13546F3E71B4917484E
:104BB8004FF4E4731A4A1EF03BFA4FF4E4711848B4
:104BC8001EF02DFA1F606760EDE75246022120466D
:104BD800FFF788FD35462846BDE8F0876FF00A05DF
:104BE800D8E76FF00405D5E78AF31188BFF36F8F14
:104BF800B8F1000FEFD000233246394620461EF0A8
:104C0800CEFBE8E798C60200C5C602007FBE0200D8
:104C1800DAC60200F0C6020007C70200B7C70200E2
:104C280027C70200F8B5054600F11406EFF311870F
:104C3800202383F31288BFF36F8F304618F07EF875
:104C480060B98823254A264926481EF0F1F93146DD
:104C580025481EF0EDF9882120482BE0304618F051
:104C680091F8AC8B04F00704022C17D0012C0CBF70
:104C78006FF004046FF08504304618F06DF838BB07
:104C88004FF49A73154A194916481EF0D1F931465E
:104C980017481EF0CDF94FF49A71DDE7EB8B5BB93D
:104CA8001449104840F2EF13134A1EF0C1F940F2BC
:104CB800EF1111481EF0B3F9013B9BB2EB83002BB7
:104CC800DAD13A4621462846FFF70CFD2046F8BDC2
:104CD80087F31188BFF36F8FF8E700BF98C602000B
:104CE800C5C602007FBE0200DAC60200F0C6020096
:104CF80007C70200CDC7020027C7020008B54268EF
:104D0800034602F00302022A81600AD0032A4FF008
:104D1800000103D0012A0AD1596006E018685960D9
:104D280008BD186800225A6058B90020F8E70649FB
:104D380006484523064A1EF07BF9452104481EF023
:104D48006EF918F013FCF0E74D1D03007FBE02005A
:104D5800DBC702002DE9F7430F4606460821C06A63
:104D68001EF0C5FB80463C68DFF84890241A3C607A
:104D780004EA0905AC4203D8002003B0BDE8F0837B
:104D880008236A46214630461EF047FB0028F4D126
:104D9800694630461EF0B5FB40B1BDF80230BDF89B
:104DA800042005EA090513441D443C60A4EB0804EB
:104DB800E0E700BF0000FFFF73B504464FF6FF723F
:104DC800C06A08211EF093FB002563680F4EADF8FA
:104DD80000208DF80620E268191833401344181A89
:104DE80060606846ADF80210ADF804501EF076FB1E
:104DF800694620461EF045FC2046211D1EF046FB54
:104E0800284663683340A36002B070BD0000FFFF0E
:104E18002DE9F04704468AB000F11407384623F01C
:104E2800B1FAA06A8368DB689847E06250B98D4A96
:104E380001218D481EF037FB6FF0150528460AB092
:104E4800BDE8F087A06A8368DB6898470368013B80
:104E58001F2B01D9854AEBE7E368B3F5803F08D9F2
:104E68004FF48032012100927F48814A1EF09CFF56
:104E7800E2E7A06A216807AA21F080FF08B17D4A0D
:104E8800D6E7E5682DB1089BB5FBF3F203FB125595
:104E98000DB1794ACCE7238A012B01D8774AC7E7B5
:104EA800E36A029593F805904FF0FF334FF0FF3215
:104EB800384615F075F80821E06A1EF018FBA84678
:104EC8000646238A1FFA85FA534508D8238A43459C
:104ED80023D1384615F034F96FF02C05AEE7E168B8
:104EE8002B04891B13FA81F14A46082320460291B4
:104EF8001EF0A1FA78B1204602A91EF0C7FA08F1FF
:104F0800010808234A46204602991FFA88F81EF02D
:104F180092FA0028DAD00135D3E79A450BD10299E5
:104F280008234A462046891B1EF085FA18B92046F0
:104F380002A91EF0ABFA204602A9FFF70BFF0546AF
:104F480018B1384615F0FCF878E7029B4FEA134889
:104F58004FEA08486360C4F80880D4E9011399420D
:104F68000FD30823204603AA1EF057FA0546002847
:104F7800E7D103AB13F8012B91453DD10135082D3D
:104F8800F8D1636820461B0C1B0402A902931EF08B
:104F98007DFA4A462046E36802991EF04CFA051E3F
:104FA800CFDB63687ED04FF6FF7906EB0308E36832
:104FB8001FFA88F29B1B9A42CDF8088038D3032148
:104FC8002F4A29481EF06FFA204661681EF06DFAD4
:104FD80005460028B5D163682A4AE16813400B44A6
:104FE800A3EB4603636013402046A3601EF071FBE9
:104FF8000546002D72D0A4E7204603A91EF081FAC9
:10500800626810B9921B6260A7E7BDF81050BDF83E
:105018000E10E06AC4F8088029441EF068FA40447B
:105028009042A060EED1002DECD06FF01C0580E01E
:1050380008234146204605AA1EF0EFF90546002838
:105048007FF47FAF204605A91EF05BFA38B1BDF8A2
:1050580014304B4503D1BDF81830002B6FD0B04445
:10506800A5E700BF15C80200149C020037C802005B
:1050780054C802007DC8020095C80200A9C80200F1
:105088001BC902000000FFFF4A4620465B1A1EF0BB
:10509800D2F9051EFFF655AF08D0E26AA368126878
:1050A8001344A360D4E901318B42EDD86168E36809
:1050B80001EB46029A429CD1DFF8A880A26801EA77
:1050C80008039A4295D020461EF0EFF905460028BD
:1050D8007FF437AF636803EA0803A360E368A28834
:1050E800A3EB46039A4220D0384615F029F801234D
:1050F800E268A374238A032100921B481B4A1EF00E
:1051080053FE63689AB200920321194A16481B0C91
:105118001EF04AFEA3689AB200920321154A12486B
:105128001B0C1EF041FE002588E620461EF0BAFA48
:105138000546384615F004F8002DD8D07EE60E4A0C
:10514800032109481EF0AFF9636820461B0C1B04B5
:1051580002A902931EF09AF9204602991EF0A5F9B9
:1051680046E700BF0000FFFF149C0200CCC8020005
:10517800E3C80200F5C8020006C902002DE9F04F95
:105188001D46837C91B004460291009253B90121D7
:10519800634A64481EF087F96FF00C06304611B078
:1051A800BDE8F08FC26A082110461EF0A0F9294612
:1051B800019010461EF09BF9E368019A0746A3EB9D
:1051C8008203AB42C0F0A9801DB1009B002B00F008
:1051D800A48063680593204606AA05A9DDF814A0F3
:1051E8001EF0CCF906460028D8D1BDF81830029A2E
:1051F800934206D06268059B9A42ECD1002D36D1C5
:10520800CCE7204606A91EF07CF90028F2D0BDF8AC
:105218001A80BDF81C3045B39D4228D14FEA1A4A7E
:105228004FEA0A4AD044AA46E36ADDF800B01B6890
:105238005B4203F020030393DDF80C904146D1450F
:1052480028BFD14620464B4608AA1EF0E6F800289B
:105258004AD14A46584608A924F034F938B9BAEB75
:10526800090AC844CB44E7D198E7002B96D0002F11
:105278003DD1B84604F1140A4FF0FF324FF0FF3326
:10528800504614F08DFE238A9E4243D0A16862687E
:1052980008EB01039A422FD3029B2046ADF8203039
:1052A800FF23009A8DF826302B46ADF82210ADF872
:1052B80024501EF0ADF929460746E06A1EF017F99A
:1052C800A3680344A36057B908A81EF007F920464D
:1052D80008A91EF0D6F9002814BF07462F465046E5
:1052E80014F02EFF3E4659E7C1DC064656E7019BFF
:1052F8001F441FFA87F8BDE72046FFF75DFD074604
:105308000028ECD120461EF0E4F907460028E6D133
:105318000136B8E76FF01B07E1E76FF015063DE7C8
:1053280001C80200149C02002DE9FF471E46837C39
:1053380004460F469046BDF830904BB92C480121E1
:105348002C4A1EF0B0F86FF00C0004B0BDE8F087EE
:105358000821C06A1EF0CBF8E368A3EB4003B34210
:1053680043D30025D4F804A0CDF804A04D455146F8
:10537800DDF804A009D9636853451ED1BDF808308B
:10538800BB421AD06FF00100DFE7204602AA01A94C
:105398001EF0F4F80028D8D1BDF80830BB4206D179
:1053A800204602A91EF0ADF808B10135ADB2626819
:1053B800019B9A42DAD15146E0E7BDF80C30002B48
:1053C800E0D0A945DED8BDF80A00090CB3424FEA7F
:1053D800014128BF33460144424620461EF01DF8CD
:1053E8000028B2D1BDF80C00AFE76FF01500ACE7AC
:1053F800149C020001C8020010B530B90B480C49D2
:105408001EF03FFA6FF0150010BD836833B90748E6
:1054180008491EF036FA6FF00400F5E71B6813B16F
:10542800BDE8104018471846EEE700BF1C9C020074
:1054380049C902005AC9020010B530B90B480C49D5
:105448001EF01FFA6FF0150010BD836833B90748C6
:1054580008491EF016FA6FF00400F5E75B6813B10F
:10546800BDE8104018471846EEE700BF1C9C020034
:1054780049C902005AC9020070B508B101B132B970
:105488000B480C491EF0FDF96FF0150070BD8468DB
:105498000CB1256935B9064807491EF0F2F96FF0D5
:1054A8000400F3E741F8040B2369BDE8704018478E
:1054B8001C9C020078C902005AC9020010B50446B3
:1054C80030B9104810491EF0DCF96FF0150010BD16
:1054D800006830B90B480D491EF0D3F96FF0010090
:1054E800F5E783680BB15B6933B9064808491EF0D4
:1054F800C8F96FF00400EAE7616898470028E6D128
:105508002060E4E71C9C0200A4C90200B5C902009F
:105518005AC9020070B51346044630B910481149FB
:105528001EF0AFF96FF0150070BD006830B90C4877
:105538000D491EF0A6F96FF00100F5E782680AB17F
:10554800956835B9064809491EF09BF96FF00400C3
:10555800EAE70A46AC466168BDE87040604700BFAC
:105568001C9C0200A4C90200B5C902005AC9020065
:10557800034A13680BB9526813600020704700BFD4
:105588007806002030B50C460E4985B00291D0F857
:10559800D4110546CDE9003100F1F0014FF0FF3399
:1055A800204613F0A5FC50B9012384F86C30D5F8D7
:1055B800D03123B1204605B0BDE83040184705B0CA
:1055C80030BD00BF8339020038B50C461146054688
:1055D8001EF0D5F9034638B9284604491EF0CFF91C
:1055E80003460020236038BD0120FBE7871F030026
:1055F8002DE9F04F012381460569466889B005F514
:105608005D77D7E8EF2F002A03D1C7E8E13F0029EB
:10561800F7D10CBF1A46002240F0B180B368B16AD6
:1056280005F5F8781C1F10461EF030FA84426FD832
:10563800013A00F09E80B2FA82F24FF00044D44062
:1056480072682046073222F00302C5F83C22B16A8C
:105658001EF01CFAC5F84002B36A404663430333A0
:1056680023F0030302EB4302230103EB4403093352
:1056780023F0030303EBC403C5F834221A440832A9
:10568800C5F830227368C5F83842C5F82C323D4B4E
:10569800C5E9AD63316800F0E5F90446002835D165
:1056A800D9F810B0D9F804A0D9F800300BF534793E
:1056B800CDE9060005934846DAE90734012B08BF0F
:1056C800103C15F09DFCDAF824002F4905AB01EBDE
:1056D80080214FF4806248460093234615F0AAFCC7
:1056E8002A490BF5307015F067FADAE90501836885
:1056F8005C684CB15B46264AA047044630B9DAE9F3
:10570800050183681B692BB96FF05704002129E054
:10571800013288E70122984704460028F6D11D4B3C
:105728002846C5F8D0311C4BC5F8D4311B4B039320
:10573800D5F840320293D5F83C32CDE9008305F51F
:105748001173B26AD5F8701300F054F904460028B2
:10575800DCD105F1F00013F071FC0028C5F87803DE
:105768000ADB022138461EF03EF9204609B0BDE8A2
:10577800F08F6FF00B04C9E76FF01504C6E76FF000
:105788007704F2E7D939020038E90020BF3902006E
:10579800B3390200A95700006B3B02001F3A020010
:1057A80013B5044640B100230122CDE90032074B6E
:1057B800D0E9091213F070FB236F1B6823B1606FE7
:1057C80002B0BDE81040184702B010BD871F0300A3
:1057D80013B504460846216901F55D71D1E8AF1F8C
:1057E800022910D193B1A0B10121CDE900311346AE
:1057F800D0E9091213F050FB074B984208BF6FF02D
:105808000B0002B010BD6FF00F00FAE76FF04C000C
:10581800F7E76FF00100F4E72EF8FFFF2DE9F347F3
:1058280089461546066906F55D73D3E8AF3F022B36
:1058380064D1136823B96FF0150002B0BDE8F08792
:105848001B78002BF7D0D6F870A3BAF1000F36D129
:1058580006F5EC774FF0FF324FF0FF33384614F07F
:105868009FFB30462A6801A9FFF7AEFE019C8046DF
:105878001CB938461EF0B5F8DDE705F108032367C3
:10588800AB6984F86CA06367646460B138461EF045
:10589800A8F821463046A36E2A68FFF773FE002059
:1058A800C9F80040C9E71F22296804F1480023F01D
:1058B8002BFE384684F867801EF093F8EFE73046F1
:1058C80010491EF05CF804460028B4D0002705F102
:1058D80008030367AB6980F86C70436740641F2254
:1058E8002968483023F010FE22460121304684F80A
:1058F800677000F061F80028D1D09CE76FF00F00C6
:105908009BE700BF871F030010B50C46006900F530
:105918005D73D3E8AF3F022B0FD189B10A4900F577
:10592800307015F077FA204622F0E3FA7822002149
:10593800204623F0BFFD002010BD6FF00F00FBE7ED
:105948006FF00100F8E700BF242100202DE9F04F97
:1059580005460E4690460027D0F8C4A085B0AAF5A3
:10596800BE7421463046FBF7D5FAE0B9114BA4F1D5
:10597800480B0293DAF810303246CDE90083294605
:105988004FF0FF335846AAF5E27913F0B1FA60B93F
:105998007823012203FB079383F86C20DAF80C3094
:1059A8000BB158469847783417B105B0BDE8F08F69
:1059B8000127D6E7993B02001FB5144690B18AB17A
:1059C800012912D10A4B00F1F0010293D0F8D43129
:1059D800483201934FF0FF332046009313F088FAC2
:1059E80004B010BD6FF01500FAE70020F8E700BF1B
:1059F800993B02002DE9F04387B00E46DDE90E81A0
:105A08001446DDE910251F4630B329B3DFF850C02E
:105A180000F1F009002D08BF65469EB9CDE90344A1
:105A280000F5E2742046059622F01BFC03ABCDE995
:105A380000432A463B464146484613F0BBFC07B0A4
:105A4800BDE8F083002241460E9248462A4607B038
:105A5800BDE8F04313F004BE6FF01500EFE700BF98
:105A680055590000F0B504462B4A87B004AB0E46E2
:105A780092E8030083E80300002C49D0184613F08D
:105A880011F90546B0B94FF0FF33E16C04F1540742
:105A9800A163CDE9010000933846236D04F1380273
:105AA80021F0D7FEA06C1EF0A2F8C4F8BC0020B903
:105AB8006FF00B05284607B0F0BDA06C1EF097F8F4
:105AC800C4F8C0000028F3D0236CD4F8BC10C4F884
:105AD80090300423C4F89430C4F8AC300223E36255
:105AE8000E4BB4F84820C4F88C10616C236204F1A2
:105AF8008C03C4F8A070A4F89820C4F8B870C4F84F
:105B0800A810A4F8B020C4F8A400A6612363D1E7C4
:105B18006FF01505CEE700BF409D0200A49F02006C
:105B280030B5002289B00F490F4822F098FD0022B5
:105B380000230024CDE906230E230C4DCDE90334C0
:105B48004FF400622846CDE90144094B0949009405
:105B580015F012FF0849284622F0C8FC204609B073
:105B680030BD00BFCD5C000080170020F812002077
:105B78000960000038ED0020DAC902002DE9F0477D
:105B8800044607464FF00109DFF8508014B938463B
:105B9800BDE8F08794FAA4F5B5FA85F509FA05F396
:105BA8002E0108EB05156FEA030A24EA03042B7B90
:105BB800002BEBD058F806301B694BB94644736884
:105BC80004222846196807EA0A071EF06AF8DDE782
:105BD800284698470028D9D1F0E700BF9C9C0200CE
:105BE8002DE9F047DFF8BC902F4C8046A9EB040361
:105BF8008F2B0F460BD92D494FF4A6732C4A2D48ED
:105C08001DF016FA4FF4A67129481DF008FA2A4823
:105C18001EF039F8064678B300252846BDE8F08717
:105C2800237B83B12368DB680BB120469847636800
:105C380083F806A023681B69B3B963680422204669
:105C480019681EF02EF8013610344C4518D91B4936
:105C58004FF4AC73164A17481DF0EAF918481DF0BE
:105C6800E7F94FF4AC71CFE7204698470028E4D015
:105C78000AFA06F31D43E6E705464FF0010AE4E792
:105C8800CED3B8F1000FC8D0002DC5D02846FFF7F5
:105C980075FF0546002FF7D000214FF4A47016F0C9
:105CA8003BFDF1E7AC9C02009C9C02000FCA02007D
:105CB800E2C902007FBE0200602100203FCA020044
:105CC80060CA0200014814F07FBC00BFD80B002056
:105CD800014B53F820007047E49F020008B50346C3
:105CE80008462BB1044A136000F056FD002008BD99
:105CF8006FF01500FBE700BFA406002010B5044CA8
:105D0800237813B9034814F05FFC0123237010BDF6
:105D1800DC450020D80B002010B5044609481DF0CA
:105D2800B2FF3CB1084BD3E8EF1F0139C3E8E21FCB
:105D3800002AF8D1054822F09EFCBDE8104004482E
:105D480014F042BC582100205C210020801700205C
:105D5800D80B002000200146034BD3E8EF0FC3E81F
:105D6800E21F002AF9D170475821002070B5FFF7CB
:105D7800F1FF05460F4C104EB44219D90F494FF4A4
:105D880003730F4A0F481DF053F90F481DF050F9DF
:105D98004FF403710A481DF042F963685B792BB12F
:105DA80023685B6813B12946204698471034E3E717
:105DB800F3D370BD9C9C0200AC9C02003FCA020059
:105DC800E2C902007FBE020060CA020010B5044C9E
:105DD80004492046FEF7E0F9034B1C6010BD00BFE4
:105DE800640A0020D09F02004C2100200023154A9D
:105DF80010B51370144A4FF400411360134A144845
:105E08001360FFF76BFFFFF7E1FF124B12491846CB
:105E18008B4215D9114940F22713114A11481DF038
:105E280007F911481DF004F940F227110C481DF03C
:105E3800F6F81A1A5C681211013222711033E7E77A
:105E4800F7D310BDDD450020582100205C2100203B
:105E58008B3C02009C9C0200AC9C02003FCA0200E2
:105E6800E2C902007FBE020060CA020001460022A9
:105E780000230148FEF7C2B9640A00200148FEF772
:105E8800D9BA00BF640A0020024B01461868FEF721
:105E980065BB00BF4C2100200148FEF7D1BB00BF05
:105EA800640A002070B52F4B1878002859D0FFF7E6
:105EB800E5FF0546002844D12B4B2C4C1B68002BD2
:105EC80019DD22F084FB4FF47A72A0FB020302FB77
:105ED8000131C30B43EA4143D4E900209B1A40F245
:105EE800E9324FEAD13161EB0001934271F10001CF
:105EF80001D3FFF73BFFD4E9003213F57A7342F17F
:105F08000002C4E90032BDE87040FFF7C5BF63680E
:105F18005B7923B12368294620461B6898471034CB
:105F2800B44211D912494FF40073124A12481DF0B5
:105F38007FF812481DF07CF84FF400710D481DF0F1
:105F48006EF80F4C0F4EEBE7E1D32846FFF79CFFA6
:105F58000D4BD3E8EF1F0139C3E8E21F002AABD08D
:105F6800F7E770BDDC450020582100207817002095
:105F78003FCA0200E2C902007FBE020060CA0200F6
:105F88009C9C0200AC9C02005C21002070B5154D61
:105F9800297829BB0120FFF723FE134C134EB44286
:105FA80017D9134940F2C513124A13481DF040F897
:105FB80012481DF03DF840F2C5110E481DF02FF8AB
:105FC80063685B791BB1236820469B689847103447
:105FD800E5E7F5D3FFF766FF0028FBD101232B7017
:105FE80070BD00BFDD4500209C9C0200AC9C0200F7
:105FF8003FCA0200E2C902007FBE020060CA020076
:106008002DE9F047384B394FFB1A1B090AD138499B
:1060180040F2A933374A38481DF00AF840F2A9314E
:10602800344819E000210846FFF7DAFD0446A8B114
:1060380040F267684FF00009304B1B789BB9304934
:1060480040F246332F4A2C481CF0F2FF2E481CF031
:10605800EFFF40F246312B481CF0E1FF4FF0FF38CC
:106068004FF0FF39E8E723F0C9FA284B284A1B58B4
:10607800136033B1274B1B68092B02DD264814F047
:10608800A3FA0025DFF890A044B12046FFF776FD7B
:10609800044618B94FF0FF384FF0FF39FFF702FFF9
:1060A800064628B935B942464B46504614F010FB0F
:1060B8003546E9E70C4D08E0F5D22B689B691BB122
:1060C80000222846114698471035BD42F4D9134995
:1060D80040F29D33074A08481CF0AAFF10481CF0FC
:1060E800A7FF40F29D319BE79C9C0200AC9C0200FC
:1060F8007FCA0200E2C902007FBE020036490020C2
:106108003DC6020012C6020050C602000800000088
:10611800542100205C210020D80B00203FCA020037
:1061280060CA020013B52C481DF0ADFD2B4B1B783F
:10613800002B35D0EFF31184202383F31288BFF3AB
:106148006F8F274816F0FAFD68B98823254A264933
:1061580026481CF06DFF224925481CF069FF88215C
:1061680020481CF05CFF1E4816F00CFEFFF79AFE54
:106178001B4816F0F1FD68B94FF49A73194A1D4986
:106188001A481CF055FF16491B481CF051FF4FF4E4
:106198009A71E5E784F31188BFF36F8F02B010BDE1
:1061A800164B1B68002BF9D050B900220023144865
:1061B800CDE900234FF40042002317F011F9EDE771
:1061C8000928EBD10E4822F056FA0E4802B0BDE875
:1061D800104014F0F9B900BF5C210020DD45002013
:1061E8005021002098C60200C5C602007FBE0200EA
:1061F800DAC60200F0C6020007C7020054210020D8
:1062080080170020D80B002010B5064B04461B68E9
:1062180098472146A0600448FEF7B4F8BDE810404E
:10622800FFF780BFA4060020640A0020044A054B3B
:106238009B1AB1EBD30F34BF52F8310000207047DE
:10624800549B02009C9C02002DE9F04F8FB0C1F3D3
:106258004A2804AF0D469146B8607B600C0DB8F132
:10626800000F68D000264FF0040B4FF00A0A07F120
:106278001403C7F80C80C7E907667E620193CDF85E
:1062880008B0CDF800A007F11C0332464846F9686B
:10629800FDF7ECFCB0F5006F03461CD36C468AB0E2
:1062A800D9F8041004AB2C481A46C3E9050140F29A
:1062B800FF71D9614FF400711984284B42F8103FDF
:1062C8004FF4125133462648FFF7BEFFA5462C3738
:1062D800BD46BDE8F08FC0F30A0804F11700184462
:1062E80020F0070080083B60FFF7C0FD68F35325E6
:1062F800044640B33B6800F11001C7E9083607F1CE
:106308001403F961CDE900A3CDF808B04846154A51
:10631800F96807F11C03FDF7A9FC002813DA1249F4
:1063280012484FF4A373124A1CF082FE4FF4A37173
:106338000F481CF074FE04F1170020F007008008D5
:10634800FFF794FD044668F353252A4620467B68E8
:10635800B9681DF0C6FCBAE7A8CA0200040000012B
:10636800249C0200BD3C020013CB02007FBE020049
:10637800E7CA0200406820B1034BC01A40F3CF00BF
:1063880070474FF0FF307047549B02000EB403B5BE
:1063980003AB53F8042B01460448019302F052FC66
:1063A80002B05DF804EB03B0704700BFD56300008E
:1063B800CA0605D48B064CBF02490349FFF7E6BF5E
:1063C800704700BF861F0300451C030038B54B68A3
:1063D80005461A68CB680C469A4202D108461DF059
:1063E800FDFC6368D3E8EF2F511CC3E8E01F0028C9
:1063F800F8D1A3689D5463681A68E3689A4209D97A
:10640800054906487223064A1CF012FE7221044808
:106418001CF005FE002038BD4BCB02007FBE0200F9
:106428001CCB02002DE9F04F89B09B46149B9DF8C8
:106438004CA00693159B04460593169B0D46904663
:10644800179E0493BAF1000F00F0AD80BAF1040F63
:106458000BD9A34940F24D23A24AA3481CF0E8FDFA
:1064680040F24D219F481CF0DAFD06F48073079333
:106478001DF015FC06F00209024600283FD0204610
:106488009A49FFF783FF0746B9F1000F08D016F0C5
:10649800440F36D12A4620469549FFF777FF07442F
:1064A80006F0010353B1934B204653F82A20924B30
:1064B8009249002A08BF1A46FFF768FF06F480735E
:1064C800002B4AD006F00803002B64D1B8F1000F66
:1064D80067D0424620468A49FFF758FF0546069B83
:1064E8003D44002B6ED1049B002B40F08380F307C2
:1064F80000F1F08031462046FFF75AFFE4E00746F6
:10650800C2E7804B18680028C9D07F4B4FF47A79CE
:106518001B684FF03C0CB5FBF3F5B5FBF0F14FF4FD
:10652800616300FB115509FB05F5B1FBF3F2B5FBFF
:10653800F0FE03FB121100FB1E55B1FBFCF309FB37
:1065480005F5B5FBF0F50CFB131120460091CDE9DC
:1065580001E56E49FFF71AFFA1E706F00803EBB162
:106568006B4B204653F82A206A49FFF70FFF054670
:10657800B8F1000F05D0424620466149FFF706FFF3
:106588000544BBF1000FAAD05A4620466249FFF7DE
:10659800FDFE0544A3E74FF0000BE1E706F0080510
:1065A800E6E745469BE7BBF1010F069B06D1DBB941
:1065B800049B002B00F0888000251BE0002BF7D0FF
:1065C800564812E056482246069B56491CF0C2FC23
:1065D80000280CDA544940F2A723424A42481CF0EA
:1065E80027FD40F2A7213DE74D485546EBE7049BC0
:1065F800002B65D0DFF83481DFF83491049F3146F1
:10660800102F204628BF10274FF0000BFFF7D0FEB1
:106618005D4542DC059B494620461A78FFF7B6FEE1
:106628004FF0010B1BF0070F03D141462046FFF73F
:10663800ADFE5F4538D9059B4946204613F80B2027
:10664800FFF7A4FE0BF1010BBBF1100FEAD14FF0DD
:10665800000B20463749FFF799FE5A46059B20460E
:106668009A5CA2F120015F2928BF2E223249FFF748
:106678008DFE0BF1010BBBF1100F1AD01BF0070FA9
:1066880003D141462046FFF781FE5F455A46E5D8CB
:1066980041462046FFF77AFEEBE741462046FFF7E2
:1066A80075FE0BF1010BB3E720462449FFF76EFE98
:1066B800C8E7059B3B440593049BDB1B04939DD1D2
:1066C800BAF1000F7FF413AF204609B0BDE8F04FD0
:1066D8001DF084BB2046084A0849FFF757FE09E722
:1066E80080CB02001CCB02007FBE02008BCB0200D5
:1066F8008FCB0200F49F02007BCB0200F4BD0200A6
:10670800B4CB0200682100206421002098CB02004D
:1067180008A00200B8CB0200BECB0200FF3D020079
:10672800D56300004D8C0000C3CB0200111C030090
:10673800CCCB0200D2CB0200D4CB02000F1C03004A
:1067480042F20F7373B58B4228BF0B4605680446A7
:10675800052168460D4A1BF05FFC0646636828461B
:106768000B225B680A491DF02BFB636832466946B9
:1067780028465B681DF024FB63681B2228465B687B
:1067880004491DF01DFB02B070BD00BFD9BB02005B
:10679800F3CB0200D7CB020000210123064A904226
:1067A80006D8064A01B901231360054B18607047E3
:1067B800012140085B00F2E740420F0064210020FD
:1067C80068210020F8B50D460446064F4618B44225
:1067D80001D12846F8BD14F8011BBB680148DB69E4
:1067E8009847F4E76897020010B543681C680948A1
:1067F80021F07AFD48B9084908489923084A1CF04D
:1068080017FC992106481CF00AFC23685B685C6049
:1068180010BD00BF6897020059CC02007FBE02007D
:106828001BCC0200014B03600020704750A00200FF
:1068380070B5104B0D461C68B4B10F4B1968002396
:106848008B4202DB6FF0010070BD224612F8106B1C
:10685800864202D014460133F2E7E06821F044FD95
:1068680028B100202C60EFE76FF00C00ECE76FF028
:106878001200E9E7B006002050A0020010B54368F6
:1068880088B0029383680C46CDE9033200230A6876
:10689800C068CDE90623054901AA059320F072FADC
:1068A800079808B9059B236008B010BDED3E0200AB
:1068B8002DE9F0410C4B05461C680E4617467CB185
:1068C80000F09AF963682046D3F8108032463B46B8
:1068D8002946C047044600F099F92046BDE8F081F2
:1068E8006FF00104F9E700BF98210020002303603E
:1068F800044B5A6812B9C3E9000070471060586029
:10690800704700BF9C210020014B1860704700BFF2
:1069180098210020002330B585B0CDE90233054623
:10692800019000F069F9094B1C6844B9284600F049
:10693800EBF8044600F06AF9204605B030BD6368FC
:1069480020461B6801A998472468EEE79C2100208F
:106958001FB5CDE90101039200F04EF9074B1C6801
:1069680024B900F053F9204604B010BD63682046EE
:106978001B6801A998472468F2E700BF9C21002002
:106988000022024BC3E90022704700BF9C2100206F
:106998000022024BC3E90022FFF7F2BFA421002026
:1069A8002DE9F74307460C4609B100230B60002682
:1069B800254DDFF898904D4524D925499D23254A32
:1069C80025481CF035FB25481CF032FB9D21214849
:1069D8001CF025FBD5F800803846414601AA1DF079
:1069E800C3FA50B116B954B92E4606E00022404603
:1069F80031681DF0B9FA0028F5D11835DBE7019B9D
:106A08002360F1E7E6D3164B1D68C5B155F8188C1D
:106A18003846414601AA183D1DF0A6FA50B116B9EC
:106A280054B92E4606E00022404631681DF09CFA13
:106A38000028F5D1AD69E8E7019B2360F1E730460E
:106A480003B0BDE8F08300BFAC9C02003C9D02008F
:106A5800BFCC02008DCC02007FBE020060CA0200DB
:106A6800A42100202DE9F04784B002AFD7F8289080
:106A780004460D46164698467860B9F1000F07D0CF
:106A8800D9F8001031BBD9F804A0BAF1000F28D109
:106A98002046391DFFF784FF08B3D0F80C90434611
:106AA800324629467868C847C8B16D468AB002AAF6
:106AB800124BD061C2E905344FF400731384104BB4
:106AC80042F8103F00234FF411510E48FFF7BCFB6A
:106AD800AD4604E03A1D1DF047FA0028D3D1002046
:106AE80007E0D9F8083032460093294643467868CB
:106AF800D0470837BD46BDE8F08700BFE7CC0200A5
:106B0800040000017C9C02002DE9F04780464FF00C
:106B180000470026DFF8C490DFF8C4A03D46314C9A
:106B28004C4530D930494FF48973304A30481CF00D
:106B38007FFA30481CF07CFA4FF489712B481CF01E
:106B48006EFA2F46EAE7B8F1000F03D122694AB975
:106B58001834E5E70022414620681DF005FA0028B0
:106B6800F4D1F5E76368BB4205DDAF4209D09D4229
:106B7800A8BF1D46ECE7EBD19047002E08BF06469C
:106B8800E6E71D46E4E7DED3DAF8004004B3183C34
:106B9800B8F1000F03D122694AB9A469F6E70022C7
:106BA800414620681DF0E0F90028F4D1F5E7636854
:106BB800BB4205DDBD4209D09D42A8BF1D46ECE79A
:106BC800EBD19047002E08BF0646E6E71D46E4E7EE
:106BD800AF42B6D13046BDE8F08700BF3C9D020009
:106BE800A4210020AC9C0200BFCC02008DCC020086
:106BF8007FBE020060CA02004FF0FF324FF0FF3341
:106C0800014813F0CDB900BFB00B0020014813F0C4
:106C180097BA00BFB00B002038B5094DFFF7ECFF5D
:106C28002B783BB9FFF7B4FE00F06AF8044610B9B8
:106C380001232B700024FFF7E9FF204638BD00BF71
:106C4800DF4500202DE9F04706468946048FDFF826
:106C5800ACA0013498B0A4B200F10807651EADB22B
:106C6800B5F5004F47D04A23294605AA38461CF0F7
:106C780001FE04F57F543F34A4B280462146012327
:106C880038460DF10B021CF0F5FDB8F1000F014676
:106C980010DC002810DC338FAB4209D132466B1E62
:106CA80022F8383F4FF4004102233846FEF766FACF
:106CB8002C46D3E7002808DC294638461CF0D6FDC8
:106CC800214638461CF0D2FDE5E708F160030DEBDC
:106CD80003080023524608F84C3C05A8CDF800905C
:106CE80003AB0397ADF81040FFF7BCFE0028DFD0D8
:106CF80018B0BDE8F0870020FAE700BFE13F0200C6
:106D08007FB50123694603200193FFF791FD0446EF
:106D180060BB032002AA01A91DF006F9044610B1C0
:106D280010F10C0F22D10399B1F5803F23D2002333
:106D38001846009A9468084484421AD30133082BF1
:106D4800F9D10E4D69612B8353682846AB60D3682F
:106D5800EB631DF0D9F9044640B9094E28466E6028
:106D6800FFF7C4FD28466E60FFF7CEFD204604B04D
:106D780070BD9BB2E5E76FF02004F7E7AC21002077
:106D8800B406002008B504481CF03CF903481CF080
:106D980039F9002008BD00BF0CCD020041CD02002A
:106DA80030B500240A4D0B4B87B028460393CDE934
:106DB800044414F025F903AB284600934FF4A3626A
:106DC8000A23054914F036F9204607B030BD00BF44
:106DD800B81700206FCD020038F5002008B5012152
:106DE800024A03481DF0E3F9002008BD7DCD0200EA
:106DF8008C9B020038B5C51C25F00305782D09D9F0
:106E0800174918487023184A1CF012F970211648BF
:106E18001CF005F9154CD4F8503123B1D4F8583189
:106E28002B44782B19D97C21012021F08AFC78B1D8
:106E380000230360D4F854215AB9C4E95400C4F8B3
:106E48005831D4F858311A1D1D441044C4F858510B
:106E580038BD1060C4F85401F1E7D4F85401F0E7E4
:106E6800BFCD02007FBE020094CD0200EC210020BD
:106E78000848D0E8EF3F43F00203C0E8E23F002AA9
:106E8800F7D1436AA0F59C701B680BB1416818479D
:106E9800704700BF24230020022801D9FFF79EBFB6
:106EA800014B185C704700BF6BD102002DE9F0411F
:106EB800184C0546D4F834310E46222B09D9164A07
:106EC800012116481DF073F94FF000084046BDE84F
:106ED800F08103681878FFF7DFFF07463044FFF7B3
:106EE80089FF08B90E4AEBE7D4F8343130445A1C0C
:106EF8000333C4F83421DB002A8A03F10408A044D0
:106F08001C4422816B8A6060A3723A46296822F089
:106F1800AAFADBE7EC21002009CE02008C9B0200D4
:106F280025CE020070B5054638B90B4A01210B4839
:106F38001DF03DF90024204670BD0078FFF7ACFF36
:106F48000646FFF757FF044608B9054AEEE73246FA
:106F5800294622F088FAEEE742CE02008C9B020016
:106F680056CE020010B5A0F12C03D3E8AF3FDB07E3
:106F780006D4BDE8104002210C4A0D481DF017B98F
:106F8800A0F5B274A0F5AE7120680AF0D9FB0346EB
:106F980058B101210648074A1CF0FCFE2046BDE80E
:106FA80010406FF00B011DF026B910BD6BCE02002A
:106FB8008C9B020081CE02000329F7B5044600F03D
:106FC800AE800ED802291BD172494FF4F973724A68
:106FD80072481CF02DF872481CF02AF84FF4F97129
:106FE8003AE00529F0D1002875D16E49D1F834313D
:106FF800012B60D90B8C01330B8203230B7664E0E1
:1070080028B968481DF00DF9002003B0F0BD08212B
:10701800C668FFF74BFF00274FF420530546694623
:1070280020688DF80070ADF802301DF066FBB0B135
:1070380042F60103206801A98DF80470ADF8063006
:107048001DF05BFB58B1584940F24B13524A534864
:107058001BF0EEFF40F24B114F481BF0E0FF55B913
:10706800524A012152481DF0A2F86FF00B014D4819
:107078001DF0C1F8C8E728461DF0E7F8044648B9EE
:107088004C4940F25F13444A44481BF0D1FF40F298
:107098005F11E1E733680360736843600068FFF7D6
:1070A80041FF206008B9444ADBE7A3883D49CB8209
:1070B800AA889A4202D1FFF7DBFEA5E700238B607E
:1070C80005230B76AB8801330B8201F5B2713B487F
:1070D80021F0F6F998E7002542F60303006801A9B4
:1070E8008DF80450ADF806301DF007FB50B90821A3
:1070F8002046FFF7DBFE04461DF0C7F8236803604F
:10710800012082E729462046FFF7D0FE0028F7D164
:10711800238A01212A4A26481CF03CFEA5E70028BC
:10712800C9D000238DF8043042F60303006801A992
:10713800ADF806301DF0E1FA48B122494FF4DE738C
:10714800154A16481BF074FF4FF4DE7184E7218A54
:1071580014481DF00EF810B96FF0020187E7E568D2
:107168001DF093F8044648B917494FF4E4730A4AE6
:107178000A481BF05DFF4FF4E4716DE72B6803606C
:107188006B6843600068FFF7CDFE20600028B7D128
:107198006BE700BF4D1D030094CD02007FBE0200C7
:1071A80017D10200EC210020A2CE0200BBCF0200C2
:1071B8008C9B0200E4CF020003D00200B817002025
:1071C80031D002006FD00200FAD00200034610B599
:1071D8000A4C08462168994204D1BDE81040117C48
:1071E800FFF7EABE064A012106481CF0E0FF2046E8
:1071F8006FF00D011CF0FFFF002010BDEC210020F6
:107208002DD102008C9B020070B505460E46002465
:10721800214628461DF051F80446A0B11DF035F866
:1072280058B90A490A484FF40F730A4A1BF000FF7D
:107238004FF40F7107481BF0F2FE016830461DF04D
:107248005CFA0028E4D1204670BD00BF03D10200DB
:107258007FBE020094CD0200F8B506460D4619B16E
:10726800097811F0FD0F4CD1002A4AD0284CD4E8F7
:10727800EF1F41F00100C4E8E70F002FF7D111F02C
:10728800010141D1A4F59C74002DC4E9006314BF29
:1072980001230023C4E9541184F86031C4F85C2147
:1072A800C4F83411C4F858110AD02878FFF7F4FD4F
:1072B8002946024604F59E7022F0D5F804F59E751D
:1072C800144BA560E3604FF6FF730125E3820023AA
:1072D800114912482376258213F06EFC3046104976
:1072E8000AF02EFA044650B10E4A034629460E48C3
:1072F8001CF050FD6FF0010105481CF071FF20469D
:10730800F8BD6FF01504FAE76FF07704F7E700BFF0
:1073180024230020D57100006D6F00005023002049
:10732800F42100204FD102008C9B02001FB5094AAE
:1073380001AB1068516803C39068074A044601AB63
:1073480003CBC2F83E40C2F83600C2F83A1004B087
:1073580010BD00BF489D0200682300201822054B7D
:10736800A3F8422028225A644FF4C872A3F8482090
:10737800704700BF682300202DE9F04F2B4E8BB0DB
:1073880096F8293004468846039213B300273D46F1
:107398004B7896F830B096F828A00193574505D356
:1073A80084F83C50BBF1000F11D131E04FF00009D7
:1073B800D8F80430039A02931D4B9B5C0093019B01
:1073C800994509D3BBF1000F2CD084F83C50AA454D
:1073D80020D00BB0BDE8F08F029B009A03EB0901A7
:1073E80005A81DF0B8F90028ECD0316905A81DF0F2
:1073F80084F910B1009B9944E1E7316904EB8502F7
:1074080001359163EDB2BBF1000F0BD184F83C500C
:10741800002DDED0637801336370012384F83430A3
:10742800A370D6E701371836B8E700BF68230020F5
:1074380079D10200F8B505460E461746074B1C6879
:1074480054B154F8043C043C1B681BB13A4631461D
:10745800284698476468F3E7F8BD00BF602300201A
:1074680050B100234360054B021D596811B9C3E9A7
:10747800002270470A605A60704700BF60230020EE
:1074880070B505460C4692B0002978D04FF0FF320F
:107498004FF0FF333B4812F083FD052D6CD8DFE831
:1074A80005F0686803406868374DEB7A002B60D1B7
:1074B800206807AE6860A379A288AB722A81237816
:1074C800032B28D8DFE803F0022123252F49304673
:1074D800F9F72AFD059663781E210493A3782C4AB0
:1074E8000393E3780AA802932379019363790093BD
:1074F800A3791AF091FDEB7A0133EB72002421484D
:1075080012F01EFE204612B070BD2249DFE7224964
:10751800DDE72249DBE70A213046214A1AF07CFDE3
:10752800D8E7194B93F828201ABB2278012A0AD0E9
:10753800022A0FD002BB206858611A4A1A61012238
:1075480083F82820DAE703F1140294E8030082E8BC
:107558000300F2E703F1140204F11006154620684F
:107568006168083403C5B4422A46F7D121782970E6
:10757800E3E76FF00B04C2E76FF01504BFE76FF0A5
:107588001504BFE79C0B00206823002052BC0200B2
:1075980074BC020059BC020060BC02006ABC020054
:1075A800B00903007C23002010B50C4C4FF0FF32CB
:1075B8004FF0FF33204612F0F3FC0022084B1A70FC
:1075C8009A70DA7283F8282083F82C2083F82E200A
:1075D8002046BDE8104012F0B3BD00BF9C0B002050
:1075E800682300200022054B5A70DA701A7383F85A
:1075F800292083F82D2083F82F2070476823002046
:1076080008B5830625D0FFF7EDFF10F0020F18BF6D
:107618000122114B18BF1A73C20744BF01225A70C6
:10762800C20644BF0122DA70420744BF012283F830
:107638002920020744BF012283F82D20820648BF73
:1076480001224FF0000048BF83F82F2083F8301044
:1076580008BD6FF01500FBE768230020F0B51D4F4B
:10766800054697F834300E4687B0002B2FD00379A3
:107678006BB3002301931CF0B4FE174B02AC0FCB85
:1076880084E80F0001AB2146304607F1420206F0BC
:1076980089FB0835114B50B11C68C4B154F8043C3F
:1076A800043C9B680BB1284698476468F5E7019E3F
:1076B8001C684CB154F8043C043CDB6813B13146F7
:1076C800284698476468F4E7019805F0E1FC07B09C
:1076D800F0BD00BF68230020549D020060230020F5
:1076E8002DE9F0475C4C96B006460D465422002121
:1076F80001A821F0DFFE94F830308DF80730237BA5
:1077080013B101238DF8043094F8293023B19DF882
:10771800043001338DF804303389D6F8008003F043
:1077280001071B078DF8087060D5002F5CD194F80D
:1077380083A0DFF8289157454CD3002303F00103B9
:107748008DF80830237BCBB1002794F80B80D6F84E
:107758000090434C474511D221460722484621F064
:10776800B1FEA2460734002861D10123CDF834A028
:107778008DF805308DF830308DF8063028461CF02D
:1077880034FF04463749284601AAAF8802F08AFB2D
:10779800AB68AF8013FA84F4334B2C60CDE9043521
:1077A8009DF8073034689DF808500396002B40D0A8
:1077B8009DF805209DF804309A423ED106A903A8F9
:1077C8002A46FFF737FE214601A8FFF747FF16B004
:1077D800BDE8F08748460722414621F073FE09F1CB
:1077E800070908B10137A6E70123A7E7002FA9D0A9
:1077F8004A22072394F8821013FB0123D8F80010BB
:10780800E218E150B8F80430938098F80630937184
:1078180094F88230013303F0070384F8823094F837
:107828008330072B9CBF013384F883308AE7013704
:1078380090E79DF80630002BC0D10C4B1C68002C3B
:10784800C5D054F8043C043C5B6813B1294603A82E
:1078580098476468F3E700BF68230020B22300203C
:107868006C230020B9430200AA23002060230020D3
:1078780038B50546174C184804F028FE3422002174
:10788800204621F017FEEDB12B7984F834302A68B0
:107898008AB11368C4F836305368C4F83A3093682C
:1078A800C4F83E30AA684AB11368C4F84230536835
:1078B8000A4A536038BDFFF739FDF3E7BDE83840A1
:1078C800FFF74CBDFFF732FDFFF748FD84F8345051
:1078D800F0E700BF68230020D0060020AA2300207C
:1078E800034608B1012805D10448002100F8363FB5
:1078F80004F094BD6FF01500704700BF68230020A6
:1079080070B503680BB3051DD5E8EF3F43F00404D9
:10791800C5E8E64F002EF7D113F0040318D10E4C3A
:10792800016384620489C3858485828600F1280105
:1079380000680AF0ABFC38B1D5E8EF3F23F0040348
:10794800C5E8E23F002AF7D170BD6FF07F00FBE782
:107958006FF07700F8E700BFEF4302002DE9F0432E
:1079680097B00C4605461CF0A6FC1CF06EFC11AA4C
:1079780017464F4BD0F800C003F1100E1646186892
:107988005968083303C673453246F7D11B78394620
:10799800337060461CF0B1FE064628B16FF08506CC
:1079A800304617B0BDE8F0834FF0FF3302AA964681
:1079B800A360A3813F4B03F11009944618685968E6
:1079C8000833ACE803004B456246F6D11B78714694
:1079D80028468CF80030FFF717FC804638B9364A3D
:1079E800012136481CF0CDF96FF01506D8E70DF1E6
:1079F8001C0C62462F4BE646186859680833AEE8F7
:107A080003004B45F446F6D11B78414628468EF8CC
:107A180000301CF09FFC08B9294AE1E783884146F9
:107A2800638100238DF8043042F60213284601AA28
:107A3800ADF806301CF08EFC08B9224AD0E70CAA33
:107A480096468388A381204B03F110089446186852
:107A580059680833ACE8030043456246F6D11B7801
:107A680071468CF800302846FFF7CEFB844608B9EB
:107A7800164AB5E73A46144B9646186859680833CB
:107A8800AEE8030043457246F6D11B783A46614694
:107A980028468EF800301CF05DFC08B90C4A9FE7B8
:107AA8008388284623811CF004FC206078E700BF07
:107AB800059E0200169E020088D10200649C020006
:107AC800A7D10200DAD10200279E020000D20200EC
:107AD8001FD2020070B5051DD5E8EF3F43F0020242
:107AE800C5E8E12F0029F7D19B0727D40126154BBC
:107AF80086830361438903838389438300F12003D9
:107B0800D3E8EF1F3143C3E8E21F002AF8D100F1A0
:107B1800100100680AF08CFC044668B10A4A034662
:107B280031460A481CF036F9D5E8EF3F23F0020346
:107B3800C5E8E23F002AF7D1204670BD6FF0770410
:107B4800FAE700BF1B44020052D20200649C020004
:107B5800014817F03BBD00BF94A0020038B50446A9
:107B680018B90F4B0F485B6898476168B1F5683FD3
:107B780010D0B1F5680F0DD00B4DA9420AD011F401
:107B88006861206807D00146084812F029F90023E7
:107B98002360656038BD142221F08CFCF9E700BF32
:107BA800E809002072D202002C5F5CA9EC280020B2
:107BB80008B560B34368B3F5683F0ED0B3F5680FF6
:107BC80018D0144A934220D000684FF0FF324FF08B
:107BD800FF3312F0E5F958B115E001220368D3E844
:107BE800EF1F002903D1C3E8E02F0028F7D10AD1FD
:107BF800002008BD0368084A1B7803F5807352F813
:107C08002330002BF4D00548F3E70548F1E76FF47B
:107C1800E040EEE72C5F5CA900000350E98FFFFF0E
:107C2800EA8FFFFF08B520B34368B3F5683F09D072
:107C3800B3F5680F13D0114A93421DD0006812F0B3
:107C48007FFA14E000220368D3E8EF1F012903D16B
:107C5800C3E8E02F0028F7D109D0094808BD002162
:107C68000368084A1B7803F5807342F82310002044
:107C7800F4E76FF4E040F1E70348EFE72C5F5CA915
:107C8800E98FFFFF00000350EA8FFFFF10B504469D
:107C980018B91D4B1D485B6898476368B3F5683F82
:107CA8002FD0B3F5680F2CD0194A934219D1236805
:107CB80003BB4FF0FF324FF0FF332146154812F057
:107CC80003F808B923681BB90F4B13485B6898473A
:107CD80014220021206821F0EDFB4FF468636360F3
:107CE80008E0B3F5683F0DD83A2B03D040F6BA62E6
:107CF8009342DED1206820F045FB636843F03A03E5
:107D0800636010BD054AF3E7E809002072D202005B
:107D18002C5F5CA9EC28002098D202003A00003AB7
:107D280008B5064940231422054820F014FBBDE895
:107D380008400449044817F00DBD00BFEC2300209B
:107D4800EC2800209CA00200B0A0020008B503485F
:107D5800034A0021121A1CF098FB08BD180E0020D7
:107D680038490020074808B5074A0849121A1CF084
:107D78008EFBBDE808400648064A0749121A1CF05F
:107D880086BB00BFC0040020140E00206C2A03002C
:107D9800B8040020C0040020642A03002DE9F0473D
:107DA80006460C4600AF002936D0D1E90012E94654
:107DB8008AB06D46A3684FF0050AA8461F48C5E972
:107DC8000723C5E9050148F810AF002342464FF4E0
:107DD80021511B48FEF738FAD4E90312CD466369EE
:107DE800AD461848C5E90723C5E90501C5F810A03F
:107DF800002342464FF421511148FEF725FACD469B
:107E0800E3690121104A0E481BF0C4FFA369012150
:107E18000E4A0B481BF0BEFF012E07D1EFF3058376
:107E28000B4A31460648103B1BF0B4FF214630464A
:107E380011F0BEFCBD46BDE8F08700BFC5D2020008
:107E48006C9C0200F4D2020023D3020032D3020059
:107E580060D3020030BFFFF7FDBF00BF2DE9F0413E
:107E680005460B4EDFF82C80324606EB0807CC1B84
:107E78002046094921F0F7FAA01942460021083C9A
:107E880021F018FB6C6707F10800BDE8F08100BF1E
:107E980000000000080000003C9D0200054B5A69E4
:107EA8009B689A421FBF044A536843F0805353604B
:107EB800704700BF642E002000ED00E070B5344C20
:107EC80006460D46334834491CF0EEFAA36AD90633
:107ED8004DD5304831491CF0E7FA1120A36A1A073A
:107EE80004D52C482E491CF0DFFA1220284CA36A2E
:107EF8009B0712D52B4927481CF0D6FA636BA26A58
:107F0800110609D50121284A22481BF043FF1EB15A
:107F1800A36A23F08003A36213201D4CA36ADA0727
:107F280004D51C4821491CF0BFFA1420A36A9B06FB
:107F380004D518481E491CF0B7FA1520144B9A6A44
:107F4800D60602D49A6A940713D59B6AD90610D527
:107F5800184940F22D13184A18481BF069F81848B8
:107F68001BF066F840F22D1113481BF058F810204A
:107F7800B4E7074B9A6A920642BF5A6A22F4005243
:107F88005A629A6A42F0FF029A6200232B7070BD0F
:107F980000ED00E06C9C020073D3020089D302005C
:107FA800BCD30200CFD30200E7D30200FDD3020006
:107FB8001CD402007DD402004BD402007FBE020014
:107FC800C7D4020010B5244C244925481CF06CFA8B
:107FD800A36A99013ED5224822491CF065FA1E2061
:107FE800A36ADA0104D51E481F491CF05DFA1F2058
:107FF800194CA36ADB0204D519481C491CF054FA31
:108008000220A36A1C0304D5154819491CF04CFA30
:108018002120114CA36A590304D5114815491CF0B5
:1080280043FA2220A36A9A0304D50D4812491CF08A
:108038003BFA2320084CA36ADB0304D508480F4900
:108048001CF032FA2420A36A6FEA03436FEA134351
:10805800A36210BD1D20C3E700ED00E02BD5020090
:108068006C9C020043D5020056D5020070D5020070
:108078009AD50200B8D50200DDD50200F7D5020076
:1080880070B5294C06460D46284829491CF00CFABB
:10809800A36AD9043CD5254826491CF005FA1720BF
:1080A800A36A1A0504D5214823491CF0FDF91820B4
:1080B8001D4CA36A9B0512D51C4820491CF0F4F9F5
:1080C800A36BA26A100409D501211D4A17481BF0A9
:1080D80061FE1EB1A36A23F40043A3621920124C67
:1080E800A36A590504D5114816491CF0DDF91A2070
:1080F800A36ADA050ED50D4813491CF0D5F91B20E3
:10810800094A936A43F47F43936200232B7070BD3E
:108118001620C5E7A36A9B04F2D504480B491CF056
:10812800C3F91C20ECE700BF00ED00E06C9C0200E6
:1081380022D6020038D60200BCD3020049D602007B
:1081480062D6020077D6020092D602001CD4020042
:10815800F0B58BB0784B04465868002600AFC0F3E2
:10816800080386F31188BFF36F8F02F07F45B5F1DE
:108178007F4F07D102F00C05082D12D16F497048C6
:108188001CF092F96F4940F214436F4A6F481AF095
:108198004FFF6F481AF04CFF40F214416A481AF03A
:1081A8003EFF15074CBF0C460126002CEAD00022E2
:1081B800FA71DA1E092A00F29D80DFE802F00593C1
:1081C80096769B9B9B9B9B9962495D481CF06CF93A
:1081D8000023594DFB71EB6A9A0705D55E4958484B
:1081E8001CF062F9002329E0EB6A002B01DA5B49F5
:1081F800F5E7EB6A5B0068D5594951481CF054F91A
:108208006B69A26943F480736B61BFF34F8FBFF34F
:108218006F8F6B6932F8022C23F480736B61BFF3A4
:108228004F8FBFF36F8F4DF602739A4227D12368A1
:1082380001214C4A42481BF0ADFD2368FA79DAB9AE
:1082480007F1080504F1200C2A4620686168083403
:1082580003C264451546F7D17A6A002E66D0C2F388
:10826800080121B96FEA52226FEA42227A6218465F
:1082780007F10801FFF792FD2C37BD46F0BDAB6A48
:10828800DBB22BB10120F91DFFF718FE0346D5E735
:10829800AB6A13F47F4F04D00120F91DFFF7F0FEFD
:1082A800F4E7AB6AB3F5803F02D3FFF78BFEEDE747
:1082B8002D4940F2ED23244A24481AF0B9FE2B48F0
:1082C8001AF0B6FE40F2ED2168E727494FF43C73F7
:1082D8001D4A1E481AF0ACFE25481AF0A9FE4FF4B4
:1082E8003C715BE70020F91DCEE70020F91DD5E7BA
:1082F800204974E7204A6D4610F4F87F8AB01F4978
:1083080018BF11466A46103BD3614FF400731C48EE
:1083180013841C4BC2E9050142F8103F00234FF4B7
:1083280011510748FDF790FFAD465BE722F4FF7255
:1083380022F001029AE700BF00ED00E0D8D6020063
:108348006C9C020003D702004BD402007FBE0200DF
:1083580016D7020054D702006BD702008CD7020050
:108368009AD70200B9D702004D1D0300D5D70200E5
:10837800F9D7020029D80200BFD60200AAD6020007
:108388004DD8020004000001064B5A6942F0100261
:108398005A615A6942F480625A615A6922F00802A5
:1083A8005A61704700ED00E0EFF30880EFF30981B0
:1083B80001B57246FFF7CCFE01BD00BF002080F377
:1083C8001488BFF36F8F002080F30A8880F30B882E
:1083D8000F4880F308880EF01BFD00200D49086047
:1083E800BFF34F8F00F02CF8202080F311880A4843
:1083F8004FF40061401880F30988EFF314800221DC
:10840800084380F31488BFF36F8F00F007F900006A
:108418000036012094ED00E0C02401200023184616
:108428000649D1F89020C2F30722934200DB704737
:10843800C1F89830C1F8A0000133F6E700ED00E07C
:1084480010B572B6002484F31388FFF7E7FF2346BC
:108458004FF0FF300C4A03F120010133102B42F892
:108468002100F8D100234FF0FF30074A03F16001E3
:108478000133102B42F82100F8D162B6BFF34F8FB9
:10848800BFF36F8F10BD00BF00E100E0084B9B6891
:1084980083420BD1EFF3058343B1064B5A6842F090
:1084A80080525A605A6A22F400425A6214F0CCB9D7
:1084B800642E002000ED00E014498A684FF0300077
:1084C8001044EFF3098C80E8F01F202080F3128815
:1084D800BFF36F8F0E4F4FF000664A698A603E60A7
:1084E800506F0C4C2060906F0023936780F31188C5
:1084F80002F1300090E8F01F8CF3098802F10000C7
:1085080004B51BF0D9FFBDE804407047642E002075
:1085180004ED00E00C2900201EF0040F0CBFEFF35F
:108528000880EFF30980816911F8021C0229FFD045
:1085380001B572461BF0ADFF01BD00BF40B2002877
:1085480007DB01234109034A00F01F00834042F87A
:108558002130704700E100E040B200280CDB012226
:108568000649430900F01F008240203341F82320C8
:10857800BFF34F8FBFF36F8F704700BF00E100E07C
:10858800054B420953F82220012300F01F0003FA8B
:1085980000F01040704700BF00E100E038B54B1C08
:1085A800072B04460D460FD96B23104A1049114872
:1085B8001AF03EFD29461048072322461AF038FDD6
:1085C8006B210A481AF02BFD40B20028ACBF00F11D
:1085D80060400A4A4FEA4313DBB2ABBF00F5614083
:1085E80000F00F0080F80033135438BD60D8020043
:1085F80097D802007FBE0200B2D8020014ED00E056
:10860800044B054A23F07F039360BFF34F8FBFF3FA
:108618006F8F70470000000000ED00E008B5FFF71D
:10862800EFFF074AD2F8883023F47003C2F8883085
:10863800FFF78CFBFFF796FB00F046F811F016FAEF
:1086480000ED00E042F8203C009B0B4942F81C3C3E
:10865800019B21F0010142F8183C029B42F8081CDA
:1086680042F8143C4FF0807342F8043C0023203A4F
:1086780002658367704700BF3541000000B50D4BA8
:1086880015469860426F0C4B0E461A60436E83F392
:108698000B882C4686F309880020044B984720460F
:1086A800002100220023024C20470000CF44020092
:1086B80035410000642E00200C2900201022014BB7
:1086C8001A61704700ED00E0002320210348C2181A
:1086D8000133452B82F80013F9D1704700E100E01F
:1086E80008B5EFF30583064A103B02EBC30152F8C5
:1086F800330049688847BDE80840FFF7CFBB00BF93
:10870800109802001FB5094C094A2346012109485F
:1087180000F012F900230393074B0121E41A01A882
:108728000193029400F02CF904B010BD000007205A
:1087380000000020C0A00200180E002010B50C7A1E
:108748000B6804F01F0223F01F031A43CB68640967
:1087580023F01F03054943EA440343F00103C1F82A
:108768009800C1F89C20C1F8A03010BD00ED00E0D1
:1087780010B50A4BD3F89030C3F30723013B984256
:1087880008D901210346064A06481BF003FB6FF08F
:10879800150010BDFFF7D2FFFBE700BF00ED00E0BA
:1087A800F6D80200449C02002DE9F04F8946144691
:1087B80006464FF00008514D85B0C84527DAD6F86F
:1087C80004A0BAF1000F44D0BAF11F0F17D91AF05C
:1087D8001F0F14D1D6F800B01BF01F0F0FD1584649
:1087E8001BF0ADFE07460AEB0B0001381BF0A7FE95
:1087F800874210D06FF01507414A3B4601E04346D7
:10880800404A012140481BF0C5FA6FF01504204684
:1088180005B0BDE8F08F17F1160FEDD0BC42EBDDC7
:10882800C5F89870D5F89C10C5F89870D5F8A030A0
:1088380021F01F0143F01F0BD6E900321A44994278
:1088480002F1FF3A1DD1D34507D13146F8B21BF0EA
:108858007FFE08F101080C36AFE73146C5F898707D
:10886800D5F89C3022F01F0203F01F031343C5F80C
:108878009C30E0B21BF06CFE10F1160FC5D0441C02
:10888800E7E7C5F89870D5F8A020013B23F01F034F
:1088980002F01F021343D3453146E0B2C5F8A030B9
:1088A800E8D01BF055FE10F1160FAED0C5F8987041
:1088B800D5F89C209DF808300BF1FF3B62F30403C8
:1088C8008DF80830D5F8A0309DF808205B0863F3D0
:1088D80047128DF80820D6E900321344009323F09C
:1088E8001F035B44A3EB0A03013023F01F0369460F
:1088F800C0B20393FFF73CFFBEE700BF00ED00E006
:108908003FD902001CD90200449C02000522044BF6
:10891800C3F89420BFF34F8FBFF36F8F704700BF2A
:1089280000ED00E0BFF35F8F0022024BC3F89420F4
:10893800704700BF00ED00E038B50C4D0C462A78B2
:10894800FFF732FF287016300FD14FF4C473084A6E
:10895800084909481AF06CFB214608481AF068FBD8
:108968004FF4C47102481AF05AFB38BDE0450020A4
:1089780062D902004D1D03007FBE020091D902009A
:108988002DE9F74F314E894605464FF00008B346AA
:108998002F4FC84502DB03B0BDE8F08FD5F804A01F
:1089A800BAF1000F4CD02968084601911BF0C7FDA9
:1089B800019904460AEB010001381BF0C0FD84420E
:1089C8004FF01402234B15D002FB08F36FF0150289
:1089D8004BF803204FF4CC731F4A204920481AF063
:1089E80027FB49461F481AF023FB4FF4CC711A485D
:1089F8001AF015FB14F1160F3460EBD01978A14268
:108A0800E8DD02FB08B0C7F89840C7F89840D7F8E7
:108A18009C4000F10801007B64F304000871D7F85A
:108A2800A0000C79400860F347140C71D7F89C102B
:108A380021F01F017160D7F8A01021F01F013161EA
:108A480008F1010814360C35A3E700BF10290020EF
:108A580000ED00E0E045002062D902004D1D030052
:108A68007FBE0200BDD902002DE9F041694C6A4E73
:108A7800D4F890303568C3F307239D4286B013D9E4
:108A880040F20123654A664966481AF0D1FAD4F8DB
:108A9800902029466448C2F307221AF0C9FA40F226
:108AA80001215E481AF0BBFA0020FFF73BFF5F4B3D
:108AB800C4F8C03085421BD15D4C01A82570FDF774
:108AC800B1FE002506464FF002085A4FAE4216D1B5
:108AD800002023784F49D1F89020C2F3072293420F
:108AE800C0F292800020FFF711FF06B0BDE8F081C8
:108AF800716801EB0011FFF721FE0130DAE7019AF6
:108B0800290102EB0513D3F80CC00CEA0700B0F5F5
:108B1800800F47D007D8B0F5801F17D0B0F5001FD9
:108B280023D00135D2E7B0F1006F5CD0B0F1805F9F
:108B3800F7D158689B685258013B20F01F010B443D
:108B4800CDE9020223F01F0301220BE058685258B6
:108B58009B68CDE902022122013B20F01F010B4452
:108B680023F01F038DF8102029E0586852589B689D
:108B7800CDE902024122013B20F01F010B4423F002
:108B88001F031CF0010F8DF81020059318D02A49F7
:108B98008323224A23481AF04BFA28481AF048FA45
:108BA80083217EE7586852589B6820F01F01013BDB
:108BB800CDE902020B4423F01F038DF810800593C2
:108BC800207802A9FFF7D4FD002819DA144940F2E9
:108BD8002B23124A13481AF02BFA19481AF028FACC
:108BE80040F22B215DE758689B685258013B20F002
:108BF8001F010B44CDE9020223F01F036122B1E7F4
:108C08002378013323708CE7C1F89830C1F8A000AD
:108C1800013360E700ED00E0CCA0020062D9020059
:108C28004D1D03007FBE0200ECD90200AAFF4400DC
:108C3800E04500200000F0FF20DA020046DA0200DA
:108C480075DA0200F0B587B007460E4614460021D3
:108C5800102268461D4620F02DFC02238DF80230B4
:108C6800054B2A4621466846CDE90476019319F05A
:108C780065FA07B0F0BD00BF8B45020008B5024891
:108C880019F0AAF9FEE700BFAEDA020008B5024BF8
:108C98001B689847002008BD24290020034B044A7C
:108CA8001860937843F002039370704724290020DA
:108CB8001407002008B50649064821F00701C1F14C
:108CC800005202F5E022FAF733FF002008BD00BF8A
:108CD8005B6E01202829002008B54FF0FF324FF0C5
:108CE800FF33074811F05CF948B1064906488D235F
:108CF800064A1AF09DF98D2104481AF090F908BD2A
:108D080024070020EDDA02007FBE0200B3DA020079
:108D1800014811F015BA00BF2407002038B50546F0
:108D2800FFF7DAFF2A4608210748FAF769FE0446E2
:108D380028B925B120F062FC0C22044B1A50FFF729
:108D4800E7FF204638BD00BF282900200C0000009E
:108D580010B50446FFF7C0FF21460348FAF702FEA4
:108D6800BDE81040FFF7D4BF2829002070B541693D
:108D78000446867A0A4D59B1437ADB0706D4342370
:108D880003FB0653DB6A1B689B68984700236361F3
:108D98003420214606FB0050BDE870401FF01DBB83
:108DA800740C00203422024B02FB0030704700BFD5
:108DB800740C00203421827A064B01FB02331A6BB3
:108DC80093F82430801A1B3323F00303B0FBF3F02D
:108DD800704700BF740C002038B53424827A064BE3
:108DE80004FB0233DB6AD3E901240C601568FFF742
:108DF800E1FF04FB005038BD740C002008B543683F
:108E08004BB1074907485A23074A1AF011F95A2162
:108E180005481AF004F903824369C36008BD00BF1E
:108E280020DB02007FBE0200FBDA02002DE9FF47CB
:108E38000546684617461C4603911FF0CAFBDDE944
:108E4800008955B95D4940F201135D4A5D481AF041
:108E5800EFF840F201115A4818E005F11C06EFF34B
:108E6800118A202383F31288BFF36F8F304613F0E3
:108E780065FF68B98823544A544952481AF0D8F80B
:108E8800314653481AF0D4F888214F481AF0C7F8E9
:108E9800304613F077FF6B8C002B5CD02A8C9A42FB
:108EA80039D900220023284611F002FB0446002885
:108EB80031D0304613F050FF68B94FF49A73424AE4
:108EC800444940481AF0B4F8314643481AF0B0F81B
:108ED8004FF49A71D9E78AF31188BFF36F8F039D16
:108EE800002D5BD042464B4668461FF097FB342165
:108EF800A27A3A4B204601FB0233DB6A03A91B68BE
:108F08001E68DDE90023B0476061002839D120469A
:108F1800FFF72CFF30E06C8C3046631E6B8413F037
:108F28001BFF0028C9D08AF31188BFF36F8F95F80B
:108F380024302A8C1B33121B2C6B23F0030302FBF7
:108F48000344264B264AEB1A9B105343A37295F809
:108F58002430E372C3E7304613F0FEFE0028ACD09D
:108F68008AF31188BFF36F8F23463A46284611F0DB
:108F78009FFA04460028B2D10024204604B0BDE878
:108F8800F087039B9D420AD916494FF4AB730C4AEC
:108F98000C481AF04DF84FF4AB715CE7656101239A
:108FA80000212381039BE27A6160638204F1180047
:108FB80020F080FA2046FFF721FFDEE73DFB0200A4
:108FC800FBDA02007FBE020098C60200C5C6020096
:108FD800DAC60200F0C6020007C70200740C0020BF
:108FE800C54EECC43ADB020070B50C46054658B9CC
:108FF800284940F29D13284A28481AF019F840F2E7
:109008009D1125481AF00BF849B925494FF4CF733B
:10901800214A22481AF00CF84FF4CF71F1E7EFF328
:109028001186202383F31288BFF36F8F1D4813F036
:1090380085FE60B988231C4A1C49184819F0F8FFB6
:1090480018491B4819F0F4FF88211748DAE7154832
:1090580013F098FE002323606B689BB9C5E90044B0
:10906800104813F079FE80B94FF49A730E4A1149EB
:109078000A4819F0DDFF0B490F4819F0D9FF4FF4E2
:109088009A71E2E71C606C60EAE786F31188BFF327
:109098006F8F70BDDEEB0200FBDA02007FBE0200BC
:1090A80015E302003429002098C60200C5C6020054
:1090B800DAC60200F0C6020007C7020070B504460F
:1090C80058B9234923484FF4D573234A19F0B0FF00
:1090D8004FF4D571204819F0A2FFEFF31186202331
:1090E80083F31288BFF36F8F1C4813F027FE60B913
:1090F80088231B4A1B49174819F09AFF17491A4831
:1091080019F096FF88211648E5E7144813F03AFE4F
:1091180025682DB162682B689542236008BF63609B
:109128000E4813F019FE68B94FF49A730C4A0F49A8
:10913800084819F07DFF09490D4819F079FF4FF4E7
:109148009A71E0E786F31188BFF36F8F284670BDE8
:10915800DEEB02007FBE0200FBDA020034290020A9
:1091680098C60200C5C60200DAC60200F0C60200B0
:1091780007C70200F8B5054698B13427184E2C46A3
:10918800237A6D68CBB940F2C113164A16491748BD
:1091980019F04EFF2146164819F04AFF40F2C11156
:1091A80008E0144940F2BB130E4A104819F040FF7A
:1091B80040F2BB110B4819F032FF013BDBB22372BE
:1091C80053B9E3606360A37A204607FB03639B6A95
:1091D8001BB19847002DD2D1F8BDFFF7C7FDF9E7BD
:1091E800740C0020FBDA02004BDB02007FBE020099
:1091F80054DB020015E3020008B558B907490848CE
:109208004FF4F373074A19F013FF4FF4F37105484D
:1092180019F005FF027A0132027208BD15E3020057
:109228007FBE0200FBDA020008B5034658B90849B8
:10923800084840F23123084A19F0FAFE40F2312179
:10924800054819F0ECFE18465B68002BFBD108BDF9
:1092580015E302007FBE0200FBDA020070B50D467E
:10926800044658B90F494FF40F730F4A0F4819F0C5
:10927800DFFE4FF40F710C4819F0D1FE49B90C49C3
:1092880040F23D23084A094819F0D2FE40F23D2138
:10929800F1E746681EB10846FFF7C6FF46606560FD
:1092A80070BD00BF1EDF0200FBDA02007FBE0200B5
:1092B80069DB020038B505460C4659B90C490D481A
:1092C8004FF412730C4A19F0B3FE4FF412710A48A6
:1092D80019F0A5FE20B9BDE838400846FFF78CBF55
:1092E800FFF7A2FF2146FFF7B9FF284638BD00BFA8
:1092F80069DB02007FBE0200FBDA02002DE9F84FAD
:1093080006460C461546FFF78FFF002783464FF0A9
:109318003409DFF86CA00BF10C0B58461BF069F907
:10932800A04228BF20461FFA80F8294642465846E0
:109338001BF067F9B4EB0804474445441DD00C9B67
:1093480053B1DDE90A010D9A98478346A8B1014651
:109358003046FFF7AFFFDEE7B37A03FB09A0C36A25
:109368009B6843B1A34228BF23461946DDE90A2377
:10937800FFF75CFDE9E72146F8E73846BDE8F88FD6
:10938800740C002008B548B90B492B230B4A0C482C
:1093980019F04EFE2B21094819F041FE83883BB194
:1093A80008492C23054A064819F042FE2C21F2E709
:1093B80083680B44036008BD15E3020076DB0200F6
:1093C8007FBE0200A2DB020008B5034600689A6867
:1093D800821A91420BD90949094840F25513094AA2
:1093E80019F026FE40F25511064819F018FE9A8821
:1093F800401A11441860998008BD00BFC1DB020003
:109408007FBE020076DB020008B5828803468A42E6
:109418000BD20949094840F2C313094A19F008FE5A
:1094280040F2C311064819F0FAFD521A828000680A
:109438000844186008BD00BFB1DB02007FBE02000F
:1094480076DB020008B503469A8800688A420BD288
:109458000849094840F2CF13084A19F0E9FD40F2DB
:10946800CF11064819F0DBFD521A01449A801960A1
:1094780008BD00BFB1DB02007FBE020076DB020040
:10948800F8B5858803680E4604465F191BF0B1F8E5
:10949800B04209D2064907483E23074A19F0C8FDD9
:1094A8003E21054819F0BBFD3544A5803846F8BD76
:1094B800E5DB02007FBE020076DB0200054B03EB12
:1094C8008000D0F8003223F0E04343F04053C0F866
:1094D8000032704700258450052370B5144D154E91
:1094E8002C780134B4FBF3F303EB8303E41A1DF087
:1094F8009FFF114A137823B156F82430C01A072861
:1095080014D94FF05023D3F8141141B10021C3F8F6
:109518001411D3F814312C700CB9012313702C7862
:109528001DF086FF46F82400012070BD0020FCE7EE
:10953800E245002038290020E1450020012208B535
:10954800114B1249C3F8002502230020C1F8D03678
:10955800FFF7B4FF1046FFF7B1FFC1F80427C1F8C1
:109568000429C1F8002B00F0DDF858B10849094872
:1095780040F23123084A19F05BFD40F231210648D8
:1095880019F04DFD08BD00BF00100050004000500C
:109598006D0803007FBE020018DC020007B5002238
:1095A800134B1449C3F8A821C3F8AC204FF48062C8
:1095B800C3F8B8254FF400620F48C3F83C250DF1F5
:1095C80007021DF090FF00280BDA0C490C4840F206
:1095D8003B230C4A19F02CFD40F23B21094819F0B5
:1095E8001EFD9DF807000DF01BFD03B05DF804FBA0
:1095F80000A002502CA0025028A102506D080300C0
:109608007FBE020018DC020048B1054B054A1B6802
:10961800B3FBF2F35843044B43F001031847704778
:109628008C09002040420F00709E0200F8B500210E
:109638004FF0FF354FF6FF77184C194EDFF864C02E
:10964800000714F8013B5A090DD0012A1DD016490C
:1096580016484FF47473164A19F0EAFC4FF4747103
:10966800134819F0DCFC25FA03F2D207EFD532468D
:1096780002EB8303D3F80022013122F0E0420243D7
:109688000429C3F80022DCD1F8BD03F01F0327FA30
:1096980003F2D207DBD56246EAE700BFE1DC02004D
:1096A800002584500028845079DC02007FBE020027
:1096B80046DC02002DE9F041064601200D46FFF781
:1096C800B5FF4FF47F03D3F83021D3F83431072A9C
:1096D80020D1023B032B02D8114AD35CD3B14FF0FF
:1096E80050244FF0010800270520C4F81886C4F854
:1096F80014761DF0C3FE4046C4F814861DF0BEFE65
:10970800C4F81476C4F8187630462B46BDE8F04104
:10971800002118474FF050230022C3F81426F3E71E
:10972800DDDC02000149024819F04FBE04A1020025
:109738004C2900201FB518B300230193039301237C
:10974800694612480293FBF7D5F9002809DA10494F
:109758005A23104A104819F06BFC5A210D4819F089
:109768005EFC029B9B0707D009496223094A0A4805
:1097780019F05EFC6221F1E7039B05B05DF804FB7C
:109788000248FBF74FFA0028F7DAEDE74C290020EA
:10979800D4DC02009CDC02007FBE020008B54FF05A
:1097A800FF323F230348C0E900230DF013FC0020DB
:1097B80008BD00BF6C2900200E4B402928BF40215E
:1097C80070B51D460C4C4618B04203F1020304D193
:1097D800002305F81130074870BD02781209A25C11
:1097E80003F8022C10F8012B02F00F02A25C03F818
:1097F800012CE9E701460020F8DC020030B50378C7
:109808008BB0044607AD032B21D8DFE803F0021A1A
:109818001C1E12492846F7F787FB059563781E2119
:109828000493A3780E4A0393E3780E4802932379AE
:10983800019363790093A37918F0EEFB09480BB004
:1098480030BD0949E6E70949E4E70949E2E70A21A1
:109858002846084A18F0E0FBDFE700BF52BC0200C8
:1098680074BC0200E345002059BC020060BC020041
:109878006ABC0200B00903002DE9F341044617460B
:1098880098461F4DD5E8AF3FDA071DD538B90121F5
:109898001C4A1D481AF075FA6FF0010015E001A97D
:1098A8001AF086FB1949024620461FF01BFE0028C5
:1098B800F2D1D5E8AF3FC3F3C0061B0708D5022194
:1098C800134A11481AF05DFA002002B0BDE8F08191
:1098D800A5F1D404072221464046B84706280AD8ED
:1098E80001210C4A08481AF04CFA45F8D46CE67184
:1098F800C4F80360E8E70723B0FBF3F0E071E3E79F
:109908009405002010DD0200DC9B020067BC020009
:1099180031DD020055DD02002DE9F04188B0DDF8A7
:1099280038809C795D791E79DF7893F802C093F8C6
:1099380001E01B78B8F1000F0ED0CDE90638CDE96B
:1099480004CE1346CDE90267CDE90045084A18F070
:1099580063FB08B0BDE8F081CDE905E3CDE9037C00
:109968001346CDE90156034A009418F055FBF0E779
:109978007ADD02009EDD020010B5FDF74DF90446C0
:1099880028B101210346034A03481AF003FA204686
:1099980010BD00BFBFDD0200DC9B020070B50446AD
:1099A8001E4615468CB0A2B129B10A4602A8042168
:1099B80019F050FC02A900912B462246242103A845
:1099C800FFF7AAFF3146109A03A8FCF771FF0CB005
:1099D80070BD03462421044A03A818F01DFB002883
:1099E800F0DA6FF01500F2E7E4DD020007B50B4B83
:1099F8000B48DA79C2EBC202009200221146FFF747
:109A0800CDFF034638B10121064A074803B05DF887
:109A180004EB1AF0BFB903B05DF804FBC0040020E2
:109A280067BC0200EADD0200DC9B020030B5044698
:109A380015468DB092B129B10A4602A8042119F041
:109A480009FC02A900912B462246242103A8FFF70E
:109A580063FF03A81AF084FA0DB030BD0346242131
:109A6800044A03A818F0D8FA0028F2DA6FF01500B3
:109A7800F2E700BFE4DD020007B5009313460A468B
:109A880001460348FFF78AFF03B05DF804FB00BFF7
:109A9800420603000A4601460148FFF7C7BF00BF58
:109AA8004206030007B5009313460A4601460348D9
:109AB800FFF774FF03B05DF804FB00BF3C0603002A
:109AC80007B5009313460A4601460348FFF766FFA9
:109AD80003B05DF804FB00BF2404030007B50022AF
:109AE8000346009103481146FFF758FF03B05DF89D
:109AF80004FB00BF3406030008B5024811F084F9DE
:109B0800002008BDC8070020F8B5194DD5E8AF3FBB
:109B180013F0010F2E4628D015F8CD3CA5F1D40737
:109B28008BB902F04BF9044630B10121114A1248B1
:109B38001AF027F92046F8BDFB7923B902F04EF94F
:109B480004460028F1D1D5E8AF3F5A0701D400F008
:109B580089FFD6E8EF3F23F40062C6E8E12F002929
:109B6800F7D11B0501D5FFF7C7FF0024E2E700BFC7
:109B78009405002005DE0200DC9B020007B5009377
:109B880013460A4601460348FFF708FF03B05DF88D
:109B980004FB00BFBF0C03000A4601460148FFF75B
:109BA80045BF00BFBF0C030030B500240A4D0B4B66
:109BB80087B028460393CDE9044411F021FA03AB9A
:109BC800284600934FF4E1620A23054911F032FA5E
:109BD800204607B030BD00BF5818002038DE02000C
:109BE80050FA00200146014811F0A6BB5818002081
:109BF800014601481EF064BC58180020037830B5AF
:109C0800012B13D0022B27D07BB90A46184B03F13E
:109C1800100453F8045BA34242F8045BF9D11B78A3
:109C2800137043884B731B0A8B7330BD0A46104B65
:109C380003F1100453F8045BA34242F8045BF9D122
:109C48001B7813704368C3F307224B731B0CCB7349
:109C58001B0A8A730B74E8E700F1100350F8042B11
:109C6800984241F8042BF9D103780B70DDE700BF67
:109C780041DE020070B504461EF032FC0A4D18B1F0
:109C8800D5E8AF3F63B970BD12F022FBD5E8AF3F0E
:109C98001BB9BDE8704012F08DBB20469847F8E725
:109CA8002046BDE8704018477429002038B504469E
:109CB800022C1046194610D0082C16D0202C14D08F
:109CC8001D497A231D4A1E4819F0B2F91D4819F09A
:109CD800AFF97A21194819F0A2F91B481AF05DFC6E
:109CE800054600BB0025284638BD02460B461748E6
:109CF8001AF053FC05460028F4D0082C1AD00CD8CA
:109D0800012C11D0042C15D011490D485223114AA9
:109D180019F08EF952210F48DDE7102C01D0202CC4
:109D2800F2D1052400E00424214605F10C001AF0C4
:109D380074FCD8E70224F7E781DE020052DE020055
:109D48007FBE0200C6DE0200440D0020740C002015
:109D58004D1D0300E6DE02000F2810B50CD80D28B3
:109D68000CD90A481AF019FC044618B104210C3021
:109D78001AF053FC204610BD1328F2D009B104484C
:109D8800F0E70220BDE81040FFF790BFE00D00208B
:109D9800100D002038B50B6805460C464BB90E4926
:109DA8000E48FA230E4A19F043F9FA210C4819F023
:109DB80036F94A68DA600B684A895A820868FFF7F8
:109DC800D9F92046102200211FF074FB2846BDE86F
:109DD80038401AF0FDBC00BF18DF02007FBE020049
:109DE80052DE02002DE9F84305460C461F4616468A
:109DF8004AB92649D623264A264819F019F9D62100
:109E0800234819F00CF938B92349D723204A2148A7
:109E180019F00EF9D721F3E701F10C0948461AF0B9
:109E2800E4FB38B91D49DB23194A1A4819F000F92F
:109E3800DB21E5E720461AF0F3FC804638B11849E3
:109E4800DD23134A134819F0F3F8DD21D8E705F1AB
:109E58000C0148461AF0ABFB48461AF0C6FB012332
:109E680010FA86F068826B72314648462E82FFF7F8
:109E7800CBFAE36828467B60638AC4F80C807B8150
:109E8800A4F812803C60BDE8F88300BFE71C03001B
:109E980052DE02007FBE020025DF02002ADF020038
:109EA80047DF0200F0B505460E46174685B0AB8879
:109EB800012B0ED928461AF088FB044648B1AB8816
:109EC800984208D9022100930D4A03460D4819F01B
:109ED8006BFF05B0F0BD28461AF077FB2B688DF8AC
:109EE8000800013C394602A88DF809400393B047A1
:109EF8000028EED021462846FFF786FAD7E700BFAC
:109F080067DF0200749B0200C36802211B78024AC3
:109F180002481AF0CDBC00BF92DF0200949B0200F9
:109F280070B5C6683378B6F8014083B90F2120466A
:109F380003F036FAF378054650B90A4A118831B960
:109F48006FEA04506FEA10501080074A137070BD12
:109F58000373012103F01AF92846BDE8704003F0A5
:109F680097B800BF323F00208246002070B5C36812
:109F78001D787DBBB3F801600F21304603F010FA5D
:109F8800044638B93346BDE870400121124A1348E7
:109F98001AF08EBC294603F0F9F8A378012B04D0F7
:109FA8002046BDE8704003F073B8231DD3E8AF3FE7
:109FB800DB07F5D50321204603F0E8F803201AF063
:109FC80047FE03460028EBD00221054A03481AF051
:109FD8006FFCE5E770BD00BFBADF0200949B02008A
:109FE800E0DF020010B5C3680121B3F80140204644
:109FF80003F0D6F938B92346BDE810400121044AD8
:10A0080004481AF055BCBDE8104003F041B800BF41
:10A0180006E00200949B020010B5C36801211C8869
:10A02800204603F0BDF938B92346BDE810400121A8
:10A03800034A04481AF03CBCBDE8104003F028B8B5
:10A0480006E00200949B0200012110B50C30FFF7D6
:10A05800F9F9BDE8104003780121024A02481AF0D4
:10A0680027BC00BF2AE00200949B0200014610B5FD
:10A078000848FEF7B9FF084908481EF021FA031EF0
:10A0880006DABDE810400121054A06481AF010BC5E
:10A0980010BD00BF0C060020E8070020981900201A
:10A0A8004CE00200949B020073B5C5680121B5F825
:10A0B8000160304603F074F9044640B93346012183
:10A0C8002D4A2E4802B0BDE870401AF0F1BB2B783B
:10A0D8001A2B19D1C378012B4AD14FF4804104308F
:10A0E8001AF0DBFB43040FD4D4F88C306946009394
:10A0F800D4F894302046019304F0FCFA204602B0CC
:10A10800BDE8704002F0C4BF2B788BBB40F2E2423E
:10A11800B5F803301A495343C4F88830B5F8052018
:10A12800A4F89020B5F80720A4F89220A3F5EA52E5
:10A138000C3A8A4204D90221124A10481AF0B8FB94
:10A14800B4F89030B3F5FA7F04D302210E4A0B48D5
:10A158001AF0AEFB40F67641B4F89230A3F10A0249
:10A1680092B28A4204D90221084A04481AF0A0FB94
:10A17800204603F00BFCC1E706E00200949B0200B6
:10A1880095F03C0069E0020090E00200B7E00200B0
:10A1980010B5002486B003AB00934FF42C724FF037
:10A1A800FF3305490548CDE90344059410F042FF03
:10A1B800204606B010BD00BF58010120F818002045
:10A1C8000121024A02481AF066BB00BFE3E0020020
:10A1D800949B02000B46B0B50D8A00AF0446294691
:10A1E800D868FFF7E9FA8AB06A46094BC2E907500E
:10A1F800C2E9053440F202439384064B4FF43251CE
:10A20800054842F8103F1AF055FBBD46B0BD00BFE7
:10A21800FDE0020005000001949B020070B5C568CE
:10A228000121B5F80160304603F0BAF8044638B9A0
:10A238003346BDE8704001210B4A0C481AF038BB80
:10A248002B783BB9D5F80330C0F89830D5F80730EB
:10A25800C0F89C30201D4FF400311AF01EFB204638
:10A26800BDE8704002F014BF06E00200949B0200B3
:10A2780037B50446084602EBC3039A4202D16FF091
:10A288005E0010E0114611F8085BA54211D1038A5F
:10A298005178994209D908480121084A009419F0CF
:10A2A80083FD6FF0150003B030BD53689847002058
:10A2B800F9E70A46E1E700BF949B02001FE10200AC
:10A2C8002DE9F8430C4612F003F8E168238A0A786E
:10A2D800022A71D0042A0BD0134601213B4A3C487C
:10A2E8001AF0E6FA2046FEF745FF6FF015040AE07B
:10A2F800022B0DD8374A364801211AF0D9FA2046E0
:10A30800FEF738FF002412F055F82046BDE8F88320
:10A3180048783E280AD1032B01D12F4AEBE7CB78A6
:10A32800012B01D00A2B47D1032604E01AF099FA31
:10A338000646F0073ED504F10C0528461AF055F9F3
:10A34800012107462846B4F81090FFF75DF802216E
:10A358002846FFF777F8804600783E2816D1E3684C
:10A368001B78012B2CD00A2B2AD0022541F27B1313
:10A378001A4A1B491B4818F05BFE002383F3118817
:10A38800BFF36F8F0323184602DF04E01AF069FA5F
:10A39800C1070546EAD5144A0623214698F8000065
:10A3A8001AF0A4FAAA070DD56369A4F8109013FA55
:10A3B80087F7E760B307A5D52046FFF757FEA1E763
:10A3C8000325E8E72046FEF7D5FEF3E7CAE10200D9
:10A3D800949B020041E102005DE102007DE1020080
:10A3E800B1E102007FBE02009CA1020010B501216C
:10A3F80004460C30FFF726F82146BDE8104002233A
:10A40800014A00781AF072BACCA1020073B53E482E
:10A41800FEF754FE0446002873D000F10C052846C8
:10A428001AF0D3F80228034603D0042847D0374A45
:10A4380003E0238A032B05D8354A012135481AF051
:10A4480037FA13E004212846FEF7FCFFFF23428871
:10A4580006882376238AC6F30B009A42608309D0C4
:10A46800012100922B482C4A19F09EFC2046FEF749
:10A4780081FE12E00F2102F093FF054610B9638BAD
:10A48800264ADAE702F0B2FF21462076320B284648
:10A4980002F05AFD284602F0FBFD214BD3F84C315F
:10A4A8007BB3204920481EF00BF8031E29DA01214E
:10A4B8001E4A184802B0BDE870401AF0F9B928469B
:10A4C8000221FEF7BFFF054600783E2812D01AF099
:10A4D800C8F910F002060DD140F6B243144A1549E6
:10A4E800154818F0A5FD86F31188BFF36F8F032375
:10A4F800184602DF06232146104A28781AF0F6F992
:10A50800B4E702B070BD00BF0C06002073E2020081
:10A51800DEE10200949B0200FFE1020023E2020058
:10A52800C0040020E8070020981900204CE0020031
:10A538007DE1020045E202007FBE0200DCA10200CC
:10A5480010B5012104460C30FEF77CFF2146BDE81A
:10A5580010400923014A00781AF0C8B90CA2020079
:10A56800F8B50121044600AF0C30FEF76BFF067802
:10A57800002321463046104AFFF77AFE5F3018D193
:10A58800258AE0682946FFF717F96C468AB06A46BB
:10A598000A4BC2E90750C2E9053640F202439384E8
:10A5A800074B4FF43251074842F8103F1AF082F92E
:10A5B800A546BD46F8BD00BF54A2020087E20200CE
:10A5C80005000001949B02002DE9F347002307468C
:10A5D80088461646DFF81491D9E8EF4FC9E8E23FFC
:10A5E800002AF9D144B93B460121414A414802B009
:10A5F800BDE8F0471AF05CB92046FEF7DBFB4FF0E8
:10A608000C0A3D4D0AFB00504388BB4220D020462F
:10A61800FEF7D0FB0AFB0050438801210093374A1C
:10A628003B46344819F0C0FBD9E8EF3FC9E8E24F90
:10A63800002AF9D1002B56D03149324840F606237A
:10A64800314A18F0F5FC40F606212F4818F0E7FCCF
:10A65800A64208D02046FEF7D1FB328AF16804F101
:10A668000C0019F0CEFF2046FEF7A4FB0C2606FBD3
:10A6780000504368ABB1B8F1000F12D12046FEF785
:10A6880099FB012106FB00504268D2E90003127AC7
:10A6980003F01F06B1405B09FAB100EB83001AF022
:10A6A800FCF82046FEF786FB0C2606FB0050836864
:10A6B8006BB12046FEF77EFB704305F8008020460C
:10A6C800FEF778FB06FB0055A8680FF07DFF2046D3
:10A6D80002B0BDE8F047FEF74DBDC94300EB83006B
:10A6E8001AF0EBF8DDE702B0BDE8F08708060020B5
:10A6F800B9E20200949B020078290020E1E20200FE
:10A7080014E302007FBE02007DE102002DE9F04F54
:10A7180083B00123D0F80C80018A98F8004000AF7C
:10A7280003EB84038B4277D96D468AB06A46C2E947
:10A73800073105233B484FF42151C2E905043A4843
:10A7480042F8103F1AF0B6F8AD460C37BD46BDE8E2
:10A75800F08F4B465A46012133481AF0A9F80135C3
:10A7680098F800309D42F0DA08EB8503B3F80190C1
:10A778000F214846B3F8036002F012FE0446002891
:10A78800E7D000F1BC091EB9204602F081FCE6E7DB
:10A79800636983B90121254A23481AF07CF82449C2
:10A7A80040F29F23234A244818F042FC40F29F219C
:10A7B800204818F034FCA1691A688B42204662616F
:10A7C80008BFA2617B6002F04BFB0FF0FDFE7B68C7
:10A7D800C3F800A0226A82B9C4E90733D9E8AF3FB9
:10A7E800013EB6B263B915494FF42A73114A1248AB
:10A7F80018F01EFC4FF42A71DAE713602362EDE7C4
:10A80800D9E8EF3F013BC9E8E23F002AF8D100212F
:10A81800204602F031FBB6E70025DFF824B0AA464F
:10A828009EE700BF19E30200949B020060E3020068
:10A838004D1D03007DE102007FBE020077E30200A8
:10A8480044E3020008B501F073FC064BD3E8AF2FD0
:10A8580002F00B02D3E8EF1FC3E8E02F0028F9D17C
:10A8680008BD00BF9405002010B5C1E900239DF87C
:10A8780008300C460B72FEF79DFA0C22024B02FBC5
:10A8880000335C6010BD00BF78290020F8B502468F
:10A898000B46104819F081FE0446C0B104210C3063
:10A8A800FEF770FD2046FEF785FA0C2700260A4DB4
:10A8B80007FB005046802046FEF77CFA07FB005055
:10A8C80086602046FEF776FA07FB00556E60204644
:10A8D800F8BD00BFAC0D00207829002029289ABFB8
:10A8E800014B185C0920704759E9020070B5C3682C
:10A8F8000F21B3F801601D78304602F051FD04467F
:10A9080038B93346BDE870400121174A174819F095
:10A91800CFBF65B12846FFF7E1FF2946024620462A
:10A9280003F034F92046BDE8704002F0B1BB8678E8
:10A93800012EEFD109F0A6FA204619F07AFF002877
:10A94800E8D10520FFF7CAFF05210246204603F09B
:10A958001DF93146064A054819F09DFF0521204694
:10A9680002F0CCFDDEE700BFBADF0200949B0200D4
:10A9780090E302002DE9F041C6680F21B6F8017096
:10A988003578384602F00CFD044638B93B46BDE838
:10A99800F04101211F4A204819F08ABF45B12846D5
:10A9A800FFF79CFF29460246204603F0EFF808E02F
:10A9B800F278C37A934209D10221184A164819F04D
:10A9C80077FF2046BDE8F04102F062BB8378C2728F
:10A9D800012B05D00020FFF781FF00210246E3E7A5
:10A9E8000AB109F04FFA204619F023FF0028F1D1E7
:10A9F8000520FFF773FF05210246204603F0C6F83D
:10AA08000121074A044819F046FF0521204602F0B3
:10AA180075FDD6E7BADF0200949B0200B6E3020098
:10AA280090E3020010B5044692B0482268460649F1
:10AA38001EF019FD112C9DBF12AB03EB840454F8D2
:10AA4800480C024812B010BD649D0200E5E3020004
:10AA5800034B0146D3F8700182689268104700BF23
:10AA6800C00400202DE9F84F042100AF464819F032
:10AA780014FF6D4601F05CFB88B06A46434B4FF407
:10AA8800E6515361424B434893614FF400739383FB
:10AA9800414B424C42F8103F19F00CFFAD46E279A9
:10AAA8003F4B404E2046012A88BF1E46FEF7A6FEB1
:10AAB8008AB06A463C4BD061C2E905363B4B4FF43D
:10AAC800235113623A4B334842F8103F19F0F2FE13
:10AAD800A346AD460125374EDFF8DC80DFF8B49099
:10AAE800E3790BF1070B9D4238DB94F870506E4602
:10AAF8002846FFF797FF8CB06A46B4F87210B4F88E
:10AB08007630C2E907514FF400755362DFF8ACC0E4
:10AB18002B4BC2E905C015854FF4535142F8103F3D
:10AB28001C4819F0C7FEB54694F871603046FFF727
:10AB380079FF8AB06A46B4F874302249C2E90763DB
:10AB4800214BC2E9051095844FF43351114842F85E
:10AB5800103F19F0AFFEBD46BDE8F88F5846FEF726
:10AB68004DFEEA468AB06A4640F20133C2E90565FD
:10AB7800D06113844FF41351484642F8108F19F0EE
:10AB880099FE0135D546ABE794050020F1E30200B4
:10AB980003E40200949B020003000001C0040020AB
:10ABA800EDE30200871F030007E40200000201032F
:10ABB8000400000216E402000400000127E4020079
:10ABC8000600000165E402000500000108B5084818
:10ABD800C37933B90321074A074819F05CFE0020FE
:10ABE80008BD0821D43019F058FEFFF73BFFF6E7FF
:10ABF800C00400208CE40200949B020000487047C7
:10AC0800B9E4020010B50B490B481DF059FC041EAD
:10AC18000FDA41F26A43094A09490A4818F008FA62
:10AC28002146094818F004FA41F26A41034818F02D
:10AC3800F6F910BDD8070020F81800207DE10200C1
:10AC4800C3CB02007FBE0200C0E4020070B5054617
:10AC58000C4659B94FF0FF304FF0FF31FFF716FEA1
:10AC6800044618B96FF06805284670BD2046FEF7FF
:10AC7800A1F80C22184BA61802FB003330465D8061
:10AC880019F0B3FC03280BD903213046FEF79CFBCF
:10AC98000580238A0121033B8370304619F08EFC1E
:10ACA80040F635439D420FD12046FFF7D1FE0546B9
:10ACB8000028D9D003460121084A094819F0F8FDAF
:10ACC8002046FEF757FACFE7214606481DF07AFBE3
:10ACD8000025FFF797FFC7E778290020C5E40200A1
:10ACE800949B0200140600202DE9F0410446458B90
:10ACF800077E807AFEF756F86169064649B1637A9D
:10AD0800DA0704D4C36A20461B689B689847002367
:10AD18006361214630461DF060FB254B93F88A306D
:10AD28009B0642D5384603F0BFF9044638B93B467E
:10AD3800BDE8F04102211F4A1F4819F0B9BD437B05
:10AD4800073B012B09D91C4802211C4A19F0A3FD15
:10AD58002046BDE8F04102F09BB902F099F94FF0A6
:10AD6800FF304FF0FF31FFF791FD044630B9BDE8E1
:10AD7800F0410121124A104819F08DBD00F10C076D
:10AD880001213846FEF77CFB01260421067038466F
:10AD9800FEF776FB002305808670C3702146BDE868
:10ADA800F04140F63540FFF751BFBDE8F08100BFE4
:10ADB800C004002029E50200949B020052E502002D
:10ADC8007EE502002DE9F04786B0804691460C46A4
:10ADD80000AF71B94FF0FF304FF0FF31FFF756FD6C
:10ADE8000446C0B96FF0680528461837BD46BDE867
:10ADF800F087887AFDF7D6FF3A4B83420BD03A4961
:10AE08003A484FF4E3733A4A18F012F94FF4E371F1
:10AE1800374818F004F90122002138461DF0EBFAF2
:10AE28002046FDF7C7FF0C23DFF8C8A003FB00A0EE
:10AE380087602046FEF7E0F901464046FFF706FF27
:10AE4800054618B12046FEF795F9CDE74FF4A02244
:10AE5800002338460FF03CFC064690B14FF4FD73D2
:10AE6800234A2549214818F0E3F832464146234849
:10AE780018F0DEF885F31188BFF36F8F03231846A7
:10AE880002DF2046FDF796FF0C2358431AF80060AE
:10AE9800F6B16D468AB06A46194BD661C2E90538E3
:10AEA800184B4FF43251136240F202439384164B0D
:10AEB800164842F8103F093E19F0FCFC2046AD4602
:10AEC800F6B2FEF757F9092E08D8114B9D578BE7B4
:10AED800B9F1000FB6D0C9F8004085E76FF0040556
:10AEE80082E700BFAC0D00204D1D03007FBE0200AD
:10AEF8007DE10200782900206D080300A1E5020029
:10AF0800E6E50200871F030005000001949B02008C
:10AF18004FE9020073B506460D4642F22F000021A4
:10AF280001AAFFF74FFF044638B10121144A15481A
:10AF380019F0B1FC204602B070BD0198C368B3F89F
:10AF480001203280B3F803302B80FEF713F93388E1
:10AF5800A3F11B02E02A04D902210B4A094819F07F
:10AF6800A7FC44F248112B88A3F5A47292B28A4236
:10AF7800E0D90221054A034819F09AFCDAE700BF34
:10AF880005E60200949B020025E602004AE602005C
:10AF9800F0B587B006460DF10B01002000F08AFFDE
:10AFA8000546002845D14FF0FF304FF0FF31FFF73D
:10AFB8006DFC074600283FD019210C30FEF760FAD7
:10AFC8000446294619221EF075FA9DF80B301C4AD2
:10AFD800237392F8211192F82031601D994294BF91
:10AFE80006F1700106F17E0119F04EFC938938468E
:10AFF8002380D38903A96380B6F88C30114AA4F85A
:10B008000D30B6F88E30A4F80F30B6F89030A4F8AA
:10B018001130B6F89230A4F81330012300930723B7
:10B02800FFF722FC0022394642F20D00FFF7CAFE64
:10B038000546284607B0F0BD6FF06805F9E700BF80
:10B04800C004002094050020F8B50228054600AF8A
:10B058003DD100210246084602F082FE044680B92E
:10B068000121254A254819F016FC032019F0F0FDA6
:10B07800034620B10221224A204819F019FCBD4696
:10B08800F8BD031DD3E8AF3FDB0706D5032102F067
:10B098007DF8204601F0FCFFE7E7403010F0F4F8B7
:10B0A80010F00C0608D129461448164A19F0F3FB8B
:10B0B800314620462573EAE72046FFF769FF002856
:10B0C800E7D00121104A0D4819F0E5FBE1E76C468D
:10B0D8008AB06A460D4B4FF41251C2E905300C4B49
:10B0E8000648D36140F2013313840A4B42F8103FFB
:10B0F80019F0E0FBA546C2E76DE60200949B02004A
:10B10800E0DF02008BE60200B1E60200CDE60200B5
:10B11800871F03000400000130B54FF0FF304FF0E7
:10B12800FF3187B0FFF7B2FB044670B10025084A2B
:10B1380003A907230095FFF797FB2A46214642F209
:10B148000E00FFF73FFE07B030BD6FF06800FAE76A
:10B15800940500202DE9F04385B00478054600AF3A
:10B168005CB15F495F4840F299535F4A17F060FF4E
:10B1780040F299515C4817F052FF5C4BB0F80180DF
:10B18800198848F47042914205BF1C80584BA1466B
:10B1980093F8009000F092FCEB782E1D012B08BF6D
:10B1A800544B304608BF93F86F4019F00DFB3146F9
:10B1B80060B307F1080019F0FCFAD5F81130C7F8A8
:10B1C8000130B5F81530A7F8053001233B70E87851
:10B1D80048B33046FEF712FB6C4688B06A46464BC9
:10B1E8004FF4E251C2E905304FF400739383434BA7
:10B1F800434842F8103F19F05DFB1321A54640462D
:10B2080019F0B2FB1437BD46BDE8F083204619F0AB
:10B21800D9FC014607F1080019F036FB31463846DB
:10B2280019F032FBD3E7022207F1080102F098FD7A
:10B23800EB78044623B96FF08001324819F03DFBE2
:10B24800002CC6D0204640F2E242B5F8013007F1A2
:10B25800080120F8703B19F017FBB5F81730534375
:10B268000022C4F88830B5F81930A4F89030B5F841
:10B278001B30A4F89230EB782273E3706BB939462F
:10B2880004F17E0019F000FB217A1A4BC1EBC101D1
:10B29800194404F1770019F0F7FA0721204601F064
:10B2A80075FFB9F1000F05D00121204684F80C90F4
:10B2B80001F06CFF204602F011F9204601F0E8FE8B
:10B2C800E378002B9ED1032019F0C2FC0346002826
:10B2D80098D002210C4A0A4819F0EAFA92E700BF0E
:10B2E800E9E602007FBE02007DE10200323F002055
:10B2F80082460020C0040020FDE602000300000191
:10B30800949B020094050020E0DF020000B5C168AC
:10B3180089B0087820B109B05DF804EBFFF794BE56
:10B32800B1F801308DF80000ADF80130CB7801A8F4
:10B338008DF80330B1F80B300431ADF81730B1F89F
:10B348000930ADF81930B1F80B30ADF81B304B7B34
:10B358008DF81D3019F098FA084B68461A689B88D2
:10B36800CDF80B20ADF80F30CDF81120ADF8153021
:10B37800FFF7F0FE09B05DF804FB00BFF2DC020045
:10B3880010B5F5F731FF034B1B6813B1BDE810404A
:10B39800184710BD142A002073B52D4D0646D5F860
:10B3A80070011CF0A1FF48B901212A4A2A4819F066
:10B3B80072FA6FF01204204602B070BD6FF00201FD
:10B3C80005F1D40019F079FA012119F066FAC307DA
:10B3D8003AD4FEF7D1FA04460028ECD11F4B1E6080
:10B3E800012205F5987011461DF005F805F5AA70BB
:10B3F8001CF0DBFF1A480FF003FE6FF007034FF451
:10B4080000521849164800940FF014FE16491448C3
:10B418001DF06CF8D5F87001144983681B689847CB
:10B42800044630B103460121114A0B4819F040FA8D
:10B43800C1E726B902B0BDE87040F5F7D5BE05F101
:10B44800C4000FF0E1FCB6E76FF07704B3E700BF84
:10B45800C0040020A8E80200949B0200142A0020DF
:10B468009819002008040120C0E80200C9A20000C1
:10B47800C9E80200F0B5C56801212F8887B0BCB2C1
:10B48800204601F08DFF064640B923460121274A90
:10B49800274807B0BDE8F04019F00ABA02ACD5F861
:10B4A8000220D5F806300194698900911BF0E6F96D
:10B4B80048B34FF0FF304FF0FF31FFF7E7F905468B
:10B4C80048B901211B4A1A4819F0E5F9304601F03C
:10B4D800DFFD07B0F0BD12210C30FDF7D1FF0346A8
:10B4E800224623F8027B06AF144603CCBC42186000
:10B4F8005960224603F10803F6D1294642F21A00A0
:10B50800FFF7A4FBE2E74FF0FF304FF0FF31FFF702
:10B51800BDF904460028D4D002210C30FDF7B0FF55
:10B528002146078042F21B00EAE700BF06E002005E
:10B53800949B0200E5E8020073B5C368D9789A784D
:10B548001E8842EA0122ADF8002059791A79B4B26E
:10B5580042EA0122ADF80220D9799A79204642EAD6
:10B568000122ADF804201A7A5B7A012142EA03230A
:10B57800ADF8063001F014FF054658B901211D4801
:10B5880023461D4A19F094F90221204619F073FA4E
:10B5980002B070BD694602F05DFA38B91E21204636
:10B5A80019F069FA284601F073FDF1E74FF0FF3012
:10B5B8004FF0FF31FFF76AF904460028F2D00E2158
:10B5C8000C30FDF75DFF00230680C0F80A30BDF897
:10B5D800003021464380BDF802308380BDF8043036
:10B5E800C380BDF80630038142F22000FFF72EFB2E
:10B5F800D8E700BF949B020006E0020038B504219A
:10B6080004460C30FDF71EFF034640885D7818B1EC
:10B6180022461978FEF7D8FF35B104480EF0D4FF5A
:10B62800BDE83840FFF7EEBA38BD00BFF00500208E
:10B63800B0B50446032100AF0C30FDF703FFE36803
:10B648000578197840F63543B0F80100984215D1CD
:10B658006C468AB06A460F4B0F48C2E905310F4B5A
:10B668004FF41251D36140F2013313840C4B42F86A
:10B67800103F19F01FF9A546BD46B0BD10B12246CE
:10B68800FEF7A2FF002DF7D006480EF09DFFFFF74A
:10B69800B9FAF1E7FCE80200949B0200871F030057
:10B6A80004000001F005002038B510F011FE2F4D00
:10B6B800D5F85431002B56D00022002305F5987098
:10B6C8000FF006F800284ED10022002305F5AA70D5
:10B6D8000EF0EEFE044668B940F6C243244A2549F6
:10B6E800254817F0A5FC84F31188BFF36F8F032357
:10B6F800184602DFD5F848315BB101211F4A2048BE
:10B7080019F0C9F8D5F84801FDF734FD0023C5F84C
:10B7180048312046FDF770FDC5F848012046FFF77F
:10B7280097F90346C8B10121164A154819F0C0F81F
:10B7380015480EF049FF2046FDF73CFB0C22134B41
:10B7480002FB0033588818B122461F21FEF73CFF40
:10B758002046FDF70FFDFFF755FAFFF753FABDE84E
:10B76800384010F027BE01F011FFF8E7C0040020B0
:10B778007DE1020015E302007FBE020034E9020009
:10B78800949B0200C5E40200F005002078290020FF
:10B79800F8B506460024094DEF79E3B29F4202D876
:10B7A8006FF0010007E02946304619F080F90735A7
:10B7B800631C08B12046F8BD1C46EEE7C004002013
:10B7C80037B504460D46B9B12846164919F06FF940
:10B7D80090B929461448C4EBC404204419F071F9FF
:10B7E800124819F075F9430703D5FEF785F918F0E3
:10B7F80082FF002003B030BD684618F0CCFF002857
:10B80800F8D16846FFF7C4FF0028F5DA064BC4EB09
:10B81800C4006946184419F054F9002DE0D00146D7
:10B828002846DBE7E5DC0200C00400209405002080
:10B8380070B51A4E0622314605461DF043FE38B350
:10B848004FF0FF304FF0FF31FFF720F8044608B300
:10B85800062229460C3018F0D4FE2146002242F276
:10B868000500FFF7AFFA044648B110F10D0F04D1F7
:10B8780002210B4A0B4819F022F9204670BD3346C5
:10B888002A6843F86929AA88B280012283F86820C7
:10B898000024F2E76FF06804EFE700BF29050020F5
:10B8A800A8EA0200B49B020038B505460C4659B90F
:10B8B800204940F2DE33204A204817F0B9FB40F215
:10B8C800DE311D4817F0ABFB086848B91C4940F247
:10B8D800DF33194A194817F0ABFB40F2DF31F0E7C4
:10B8E8004DB918494FF47873134A144817F0A0FB60
:10B8F8004FF47871E5E7037A5A0709D5124940F2FF
:10B90800E2330D4A0D4817F093FB40F2E231D8E7D5
:10B918004B686BB90B7A13B92B7A5B0708D52A7871
:10B9280003789A4204D0294619F02BF900B16560D2
:10B9380038BD00BFE5EA0200B7EA02007FBE020098
:10B94800FDEA020020EB020038EB0200064BD3E8C8
:10B95800EFCF4CF4806CC3E8E2CF002AF7D1037A2A
:10B9680019430172704700BF940500202DE9F34187
:10B97800002104460222084602F0F2F9054648B1C1
:10B9880020460121FFF7E2FF284602B0BDE8F0415A
:10B9980001F07EBB404819F09BF88206C0F34017BF
:10B9A80002D5284600F0DCFB3C4D95F8213183B1E7
:10B9B800002019F0CDF860B10221394A394819F050
:10B9C8007EF8002F65D0012002B0BDE8F04100F0FC
:10B9D800C7BB95F8212195F820319A4218D1022148
:10B9E800314A304819F06BF8002242F2290011461A
:10B9F800FFF7E8F910B101212C4ADFE795F821316A
:10BA0800013385F82131237A43F004032372D8E700
:10BA1800224604F10108414612F82E0B19F05BF892
:10BA2800064610B1224A01210EE095F82131013372
:10BA380085F82131237A43F00403237295F8A7305F
:10BA48005B0708D402211B4A164819F038F8012070
:10BA580019F07EF8B5E74146684619F032F8012337
:10BA68004FF0FF304FF0FF318DF80730FEF70EFF33
:10BA7800044660B1082269460C3018F0C2FD32460F
:10BA8800214642F24E00FFF79DF90028DFD00A4A0E
:10BA9800C9E702B0BDE8F08194050020C004002089
:10BAA8006DEB0200B49B020092EB0200C3EB0200B4
:10BAB800E3EB020003EC02002DEC0200084BD3E894
:10BAC800EF2F22F48061C3E8E01F0028F7D1530567
:10BAD80004D500220220034908F020BB704700BFAC
:10BAE80094050020154C02001FB500230190CDE9F4
:10BAF800023302208DF80C1001AA034908F00EFB4E
:10BB0800029805B05DF804FBB1B80000034610B414
:10BB180070B10A4991F8204191F821210CB1944261
:10BB280008D2013281F821211A7A42F004021A72ED
:10BB380010BC704710BCFFF719BF00BFC00400203D
:10BB48002DE9F843044660B3464D95F8202195F851
:10BB5800213192B1013293421CDC002102220846B5
:10BB680002F0FEF80646F0B120460221FFF7EEFE8D
:10BB78003046BDE8F84301F08BBA5BB93A493B4817
:10BB880040F2E6433A4A17F053FA40F2E6413848A1
:10BB980017F045FA013B85F82131237A23F0040395
:10BBA8002372BDE8F88305F1D40018F091FF8306ED
:10BBB800C0F3401802D5304600F0D2FA002018F041
:10BBC800C7FF064698B1012103462A4A2A4818F0B9
:10BBD800E1F895F8213113B1012018F0B9FFB8F157
:10BBE800000FDED0BDE8F843012000F0B9BA95F89F
:10BBF800213195F820219A420CD2013B85F8213158
:10BC0800237A024623F0040302201C49237208F019
:10BC180085FADEE74FF0FF304FF0FF31FEF736FED2
:10BC280004F10109074668B107210C30FDF728FC2B
:10BC3800494618F046FF3246394642F22800FFF7D7
:10BC4800C1F828B101210E4A0B4818F038FFC0E7A7
:10BC580095F82131013B85F82131237A23F004033B
:10BC68002372B6E7C004002048EC02007FBE020041
:10BC7800B7EA020061EC0200B49B0200434B0200E9
:10BC88008EEC020070B5044611BB20B3254918F0AC
:10BC98000EFF00BB2046FFF77BFD00283BDA237828
:10BCA80053B92148C279002A35D1214618F009FF35
:10BCB8000123C371104670BD012B04D1A37903F091
:10BCC800C003C02B07D00121184A194818F0F7FE05
:10BCD8006FF01500EFE7144DEB79012B1ED005F13D
:10BCE800D40018F0F5FEC30707D4002CF0D0204686
:10BCF8000C4918F0DCFE0028EAD1EE792146731CC5
:10BD08003046EB71FFF75CFD08B93046D3E7EB79B5
:10BD1800013BEB71CFE76FF07700CCE76FF00B00DA
:10BD2800C9E700BFE5DC0200C0040020B3EC020054
:10BD3800B49B02002DE9F341044640B91A4A022196
:10BD48001A4818F0BCFE002002B0BDE8F0810021BE
:10BD580041F2090001AAFFF735F8054608B1144A6F
:10BD6800EDE7019E0622D6F80C80124908F101077A
:10BD780038461DF0A7FB28B1062238460E491DF0AB
:10BD8800A1FB18B93046FDF7F5F9DCE7D8F8013022
:10BD98003046C4F80130BB882570A4F80530FDF79B
:10BDA800E9F90120D0E700BFE1EC0200B49B0200F2
:10BDB800FAEC0200F2DC0200ECDC020007B568468F
:10BDC800FFF7B8FF044BD87118B169460020FFF798
:10BDD800F7FC03B05DF804FBC0040020F0B5304D5B
:10BDE80089B0EC79002C53D195F8C26016F00106A1
:10BDF80010D12C4A02212C4818F061FEEC7116264D
:10BE080000240127EB79E0B298422CD3002B3FD0D5
:10BE180000203BE06A4621464FF60940FEF7D2FF74
:10BE280008B1224AE6E7DDF800C0DCF80C104B78D0
:10BE380023B96046FDF79EF91D4ADBE78B1C02AA71
:10BE480001F11204174618685968083303C7A3425A
:10BE58003A46F7D11868344638609B886046BB80FC
:10BE6800FDF788F9CAE708AB06FB003353F8182C2E
:10BE780033F8143C6946CDF80120ADF805308DF84B
:10BE88000070FFF79DFC01340028BBD009B0F0BD5D
:10BE98000021084609B0BDE8F040FFF7F3BE00BF37
:10BEA800C004002018ED0200B49B020044ED02001B
:10BEB80064ED020038B50C4661B108480578012DDB
:10BEC80004D10130FFF7B4FC08B138BD00250020CB
:10BED8002570FAE76FF01500F7E700BFC0040020EF
:10BEE80070B505460E464FF0FF304FF0FF3186B073
:10BEF800FEF7CCFC0446A0B102210C30FDF7C0FAD5
:10BF0800094A4670057003A9204605230095FEF7E7
:10BF1800ABFC0022214642F20C00FEF753FF06B0AC
:10BF280070BD6FF06800FAE79405002008B50C4B67
:10BF38000246400903EB800018F087FE02F01F0359
:10BF480040FA03F313F0010006D122B9054818F0AE
:10BF58007CFE40F3C01008BD6FF07700FBE700BF20
:10BF6800182A002094050020084A430902EB83029E
:10BF7800012300F01F008340DB43D2E8EF0F184095
:10BF8800C2E8E10F0029F8D1704700BF182A002045
:10BF980030B587B0002200235F480EF001F8002872
:10BFA80040F098805D4818F050FE10F001035B4D9A
:10BFB8004CD02B1D93E8070006AB03E9070058484F
:10BFC80018F043FEC0F34013544818F03EFE0146F3
:10BFD800002871D073B10C2252490DEB02001DF0FC
:10BFE80071FA002871D000210846FFF779FF04464E
:10BFF80000286BD14A4818F028FE420501D5FFF702
:10C008005DFD0023ADF80930BDF80E309DF80C0039
:10C01800ADF80530BDF810308DF80400ADF80730E4
:10C02800431E58420DF10901584118F0FFFD04461E
:10C0380000284BD14FF0FF304FF0FF31FEF726FCC0
:10C048000546002848D16FF068043FE0344818F0EE
:10C05800FCFD10F0800F344A0ED04FF480749089A4
:10C06800D1891269ADF80C40ADF80E00ADF810108A
:10C07800ADF812300592A2E72C4C03AB206861683A
:10C0880003C3A068186092F8D93024481C0744BF3D
:10C0980005238DF80D3018F0D8FD800706D530231C
:10C0A800ADF810306023ADF80E3088E71B4818F063
:10C0B800CCFD4107F3D482E73BB1FFF711FF0446FB
:10C0C80020B9184B2861C3E90100002412480EF07A
:10C0D80037F8204607B030BD072201A90C3018F008
:10C0E80090FA2246294642F20B00FEF76BFE044600
:10C0F8000028EBD19DF80D10012001F00101FFF798
:10C10800EFFE04460028E1D1064B06AA12E9070013
:10C1180083E80700D9E700BF342A0020182A002046
:10C1280094050020282A0020C0040020E89D020071
:10C1380010B5094C4422002120461DF0BBF904F13A
:10C148001C001CF01FF904F130001CF01BF9002240
:10C15800024B1A6010BD00BF182A0020642A002074
:10C16800044B0038597C18BF012001F00101FFF78A
:10C17800B7BE00BF182A0020032838B5054603D1EA
:10C18800BDE83840FFF704BFFFF7D0FE0446A8B962
:10C198000B4B6A0903EB8203012205F01F018A4059
:10C1A800D3E8EF0F1043C3E8E10F0029F8D1FFF7F8
:10C1B800EFFE044610B12846FFF7D6FE204638BDEC
:10C1C800182A00202DE9F04F00F10C068DB0044626
:10C1D800304618F0FAF90190884818F036FD00F05A
:10C1E80001038648049318F030FDDFF814A2C0F369
:10C1F80080030393019B13B90DB0BDE8F08F049B36
:10C2080013B9039B002BF7D0238A082B07D80121E9
:10C218007C4A7D480DB0BDE8F04F17F0B2BD09214A
:10C228003046FDF70FF9037A228A01339A42054610
:10C23800EDD30123ADF82C307F238DF82630037A17
:10C2480000F1010803445B7A8DF82530FF238DF84F
:10C2580024300023ADF82A300278042A98BF6B4BAB
:10C268008DF8272098BF9B5CADF82830037A634887
:10C27800029318F0EAFC00F00107604818F0E5FCAA
:10C2880081466FB1BDF828305A0709D5297A30465A
:10C298000131FDF7B9F8019B013BDBB20193A9E736
:10C2A800404618F091FA00284ED0414606A818F0EA
:10C2B80080FA17B919F0040F5CD1DAF80030B3B17D
:10C2C800304618F092F98146029BB4F810B0DAF8BB
:10C2D800007023829DF8272033469DF9251006A873
:10C2E800B8476369A4F810B013FA89F3E36006ABA2
:10C2F8000893474B1A68002A3AD0136803B1083BE1
:10C3080052F8081CB9B11F46A2F10803304605933C
:10C3180018F06BF98146029BB4F810B02382059B94
:10C3280031461B6808A898476369A4F810B013FA47
:10C3380089F3E3603B46DBB19F681A68B7B1083FF1
:10C34800002AE3D13B46F7E76B78FF2B09D1314B45
:10C35800186806909A889B79ADF81C208DF81E30D5
:10C36800A7E7414618F02EFC0346F1E7002ACDD195
:10C37800002308932148BDF8283018F066FC10F017
:10C38800010783D1DB0781D50322384606A901F0CE
:10C39800E7FC814600283FF479AF022018F058FCEA
:10C3A800D5F801304846C9F87E30B8F80430A9F805
:10C3B800823098F8063089F8843018F0D3FAA8B19A
:10C3C8001F23394689F80C30484600F0DFFE4846FE
:10C3D80000F05EFEFFF7DCFD034600283FF456AF91
:10C3E80002210D4A084817F0D5FC4FE748460221BC
:10C3F80000F0CCFE484600F04BFE47E7182A002024
:10C40800642A002093ED0200D49B0200ACED0200E8
:10C418005C2A0020E5DC0200E0DF0200F8B50546F2
:10C42800224818F012FC43070F463CD52A78012A07
:10C4380003D96FF015042046F8BD6B780F2BF8D898
:10C4480043F6FC746888031F9BB2A342F1D8A988FD
:10C458000B1F9BB2A342ECD88842EAD37AB90022D8
:10C46800002313480DF09CFD04460028E3D1FFF794
:10C478005DFD044640B10E480DF062FEDBE718F0A2
:10C48800C3FB0028EBD1D4E728686968094E0A4B3A
:10C4980003C6A8681F6030602046FFF76DFE04469B
:10C4A80006F12400E8E76FF00A04C4E794050020C9
:10C4B800482A00201C2A0020642A00200020024B61
:10C4C800186018F0C5BB00BF642A00200A4B00F1B1
:10C4D8000802196831B98160596839B9C3E900227D
:10C4E800002070478A4204D00968F3E70A605A605E
:10C4F800F6E76FF0100070475C2A002008B5034883
:10C5080018F0A3FB00F0010008BD00BF182A0020A6
:10C51800884208B501F1100310D9984213D20E4988
:10C5280040F2B3230D4A0E4816F082FD0D4816F06E
:10C538007FFD40F2B321094816F071FDEFD000F1FC
:10C5480010029142EAE7013813F8012D8B4200F8F6
:10C55800012FF9D108BD00BFE3ED0200B1ED0200E3
:10C568007FBE02003AEE020008B511F0E3FF38B1D1
:10C5780001210346034A044817F00CFC6FF004003D
:10C5880008BD00BF6CEE0200AC9B020008B511F0BC
:10C59800D3FE38B101210346034A044817F0FAFBD9
:10C5A8006FF0040008BD00BF88EE0200AC9B0200DB
:10C5B80070B592B006460D46144600211C220BA801
:10C5C8001CF078FF00230493F6B1EDB1E4B13146D5
:10C5D80007A8FFF79DFF294B06A80B934FF480731C
:10C5E800069318F03EFB069B254E0D93102204ABD4
:10C5F80007A90BA80E9611F0E9FD034640B10121E9
:10C60800204A214817F0C6FB6FF0150012B070BD24
:10C61800294607A8FFF77CFF05AB02931023314694
:10C62800CDE90043049807AA11F098FE034650B9D3
:10C63800049811F089FD98B101210346134A124864
:10C6480017F0A8FB09E010480121114A17F0A2FBD6
:10C65800049811F079FD0028EED16FF00400D5E7B9
:10C66800631E04F11002073413F8011F12F8015D6C
:10C67800A3421D701170F7D1C8E700BF00248000E5
:10C6880000444004A8EE0200AC9B0200DDEE02006C
:10C69800C4EE0200884208B501F1200310D998427F
:10C6A80013D20E4940F2B3230D4A0E4816F0C0FCCF
:10C6B8000D4816F0BDFC40F2B321094816F0AFFC56
:10C6C800EFD000F120029142EAE7013813F8012D7A
:10C6D8008B4200F8012FF9D108BD00BFE3ED02003D
:10C6E800B1ED02007FBE02003AEE020070B53D4B8C
:10C6F8009AB01822002103A802931CF0DBFE44F232
:10C70800010309A8099318F0B9FA099B694604932B
:10C71800354B02A805931CF003FB034610B3334ABC
:10C728000121334817F036FB1F25324BD3E8EF1FA2
:10C7380021F00101C3E8E21F002AF7D12E4E0FF0C5
:10C74800C7FD3468002C46D0002D2C4D18BF00259D
:10C75800043C23680BB1284698476468002C3AD0FB
:10C76800043CF6E701AB4122009809A91CF0AAF99C
:10C77800034608B1224AD3E7224A0DF125030DF1F9
:10C78800650153F8040B8B4242F8040BF9D101AB55
:10C7980020221D4900981CF043F9034608B11B4AA2
:10C7A800BEE7009811F0D0FC054610B1184A0346C0
:10C7B800B6E714491148FFF76DFF16491648FFF709
:10C7C80069FF164BD3E8EF1F41F01001C3E8E21FE1
:10C7D800002AAAD0F6E70023C6E900330FF0EAFDE5
:10C7E8001AB070BD127100010000020909EF0200C1
:10C7F8007C9B0200682A0020702A0020E346002063
:10C8080027EF0200A3460020834600204AEF0200DB
:10C818006EEF0200C3460020034700209405002065
:10C82800042330B5A7B03D22002116A815931CF0AB
:10C8380041FE304B1822002107A806931CF03AFE4F
:10C8480044F201030DA80D9318F018FA0D9B20224D
:10C858000893294B2949099306A804AB11F0B6FCA3
:10C868000346E0B1264A0121264817F093FA6FF0F3
:10C8780004040FF02DFD244B1D6865B100201860DD
:10C88800224BD3E8EF1F21F00201C3E8E21F002A80
:10C89800F7D144B3A8470FF08DFD27B030BD1C4B2E
:10C8A8000DF15502194603F1400053F8044B834239
:10C8B80042F8044BF9D105AB029320230E48CDE989
:10C8C800001315AA412304991CF0DCF9034608B1AA
:10C8D800104AC8E7049811F037FC04460028C8D06D
:10C8E8000D4A0346BFE70DA80949FFF7D3FE0DA877
:10C8F800D0E700BF12710001000002098346002042
:10C908008EEF02007C9B02006C2A0020682A00201F
:10C91800A3460020C4EF0200E0EF0200402208B561
:10C9280003491CF0CFFDB0FA80F0400908BD00BFF4
:10C9380048F0020010B51D4B9AB018220446002199
:10C9480003A802931CF0B6FD4FF4804309A809938D
:10C9580018F094F9099B21460493154B0DF1250015
:10C96800059304238DF82430FFF794FE04F1200189
:10C978000DF14500FFF78EFE412201AB09A902A87F
:10C9880011F024FC044602A81CF042FA2CB90198C4
:10C9980011F0DAFB01201AB010BD06482346012128
:10C9A800054A17F0F7F90020F5E700BF124100012A
:10C9B800000002097C9B0200FDEF020010B5002870
:10C9C80034D01D4A136823B1043B984231D05B68C8
:10C9D800F9E71A4BD3E8AF1F890707D51848022192
:10C9E800184A17F0CEF96FF00F0010BD1468011D3A
:10C9F80044605068116000B95160D3E8EF2F42F0ED
:10CA08000101C3E8E01F0028F7D1D30701D50020B2
:10CA1800EBE70D4BD3E8EF1F21F01001C3E8E21F4D
:10CA2800002AF7D10948FDF7E3F8F0E76FF01500A1
:10CA3800DBE76FF07700D8E7702A0020682A00202B
:10CA48007C9B020021F002009405002008080020C9
:10CA5800044BD3E8AF3F13F0100F034808BF002082
:10CA6800704700BF94050020E346002070B50546D6
:10CA7800194803688B4228D0184BD3E8AF3FDA0631
:10CA880026D5036813B16FF00F0070BD144AD2E8C1
:10CA9800AF3FDB07F7D4D2E8EF3F43F00204C2E828
:10CAA800E64F002EF7D113F00204ECD101602946BD
:10CAB8000C48FFF7EFFD0C4805F12001FFF7EAFDF0
:10CAC8000A48FDF795F82046DFE76FF07700DCE7C6
:10CAD8006FF07C00D9E700BF6C2A00209405002085
:10CAE800682A0020A3460020C3460020F80700203B
:10CAF80010B50446FCF75EF9044901EB0011204625
:10CB0800FDF748F9BDE81040FEF77CB8782A002008
:10CB180070B50546134B1C6844B154F81C3C1C3CCA
:10CB280013B12846297B9847E469F5E70E4C0F4E68
:10CB3800B44215D90E4940F2B5730E4A0E4816F0A4
:10CB480077FA0E4816F074FA40F2B571094816F0F3
:10CB580066FA236813B12846297B98472034E7E70B
:10CB6800F7D370BDAC2A0020049B0200449B02004E
:10CB7800BFF002008FF002007FBE020060CA020010
:10CB880008B50B4B1B7873B90A4940F246330A4A79
:10CB98000A4816F04DFA0A4816F04AFA40F24631A9
:10CBA800054816F03CFA1CF029FD064B185808BD3C
:10CBB800364900203DC6020012C602007FBE0200B0
:10CBC80050C602000800000070B5044649B90E4975
:10CBD8000E484E230E4A16F02BFA4E210C4816F03A
:10CBE8001EFA0022D1E901560A48C1E901221BF0C8
:10CBF800E9FB3DB1314620462B46BDE870406FF059
:10CC08006D02184770BD00BFDAF002007FBE020057
:10CC18008FF00200580C002010B50C4681780129CD
:10CC28000BD00C490C4840F2F2330C4A16F000FACB
:10CC380040F2F231094816F0F2F9A16904F118003E
:10CC48001160E26900211A60E27ABDE810401CF028
:10CC580031BC00BFDDF002007FBE02008FF0020091
:10CC680070B505460022002316480DF031FD38BB8B
:10CC7800154B1C6834B154F8143C1C3C03B198475C
:10CC8800E469F7E7114C124EB44213D9114940F246
:10CC98007B63114A114816F0CBF9114816F0C8F910
:10CCA80040F27B610C4816F0BAF9A36803B19847C3
:10CCB8002034E9E7F9D32846BDE870400EF0A4B85F
:10CCC80070BD00BF080C0020AC2A0020049B0200A5
:10CCD800449B0200BFF002008FF002007FBE0200FA
:10CCE80060CA02002DE9F8430446FFF749FF1E4BCE
:10CCF800D3F88030834211D120270025DFF86C80DB
:10CD0800EFF3118387F31288BFF36F8FE16989B955
:10CD180083F31188BFF36F8FBDE8F8831449154872
:10CD280040F22713144A16F083F940F227111248EB
:10CD380016F075F9206A0A68814208BF2262E2612A
:10CD480083F31188BFF36F8FD1E901694046C1E9C8
:10CD580001551BF037FB1EB1002249462046B0475B
:10CD6800FDF750FFCCE700BF701F0020580C0020D3
:10CD7800EFF002007FBE02008FF002001FB50446EC
:10CD88000430D0E8EF3F43F48062C0E8E12F002987
:10CD9800F7D15B053CD417F08EFF800324D5E178EA
:10CDA800002937D0012941D0637B072B30D1264B8E
:10CDB80093F8D8309B062BD517F0A6FD40B30DF19C
:10CDC8000E0103A8FEF7A6F810BB2046BDF80E20FA
:10CDD800BDF80C1017F007FE0346C8B101211B4A25
:10CDE8001B4817F06BFF13E0E37823B1164B93F859
:10CDF800D8301907D3D5204617F0DAFD034620B1FD
:10CE08000121144A124817F059FF637B072BC6D03B
:10CE180004B010BD0C4B93F8D930DA0708D40223BC
:10CE280002210D4A0A4817F049FFBDE70023F7E73A
:10CE3800022320461A46009117F0F4FD0346002805
:10CE4800B2D00121054AEDE7C004002086F10200B6
:10CE5800649B020035F1020056F102006FF10200F6
:10CE68000448B0F8043100F58470002B08BF002096
:10CE7800704700BFC004002070B58AB004460E4653
:10CE8800FFF77EFE144BD3F88020824205D120465E
:10CE98000AB0BDE87040FFF725BF24342146184684
:10CEA8001BF00EFB051E0FDA40F25F130B4A0C490C
:10CEB8000C4816F0BDF829460B4816F0B9F840F2B0
:10CEC8005F11064816F0ABF81EB1694620460DF012
:10CED800A1FF0AB070BD00BF701F00208FF00200D4
:10CEE800C3CB02007FBE0200A2F1020038B50022C7
:10CEF80004468A4202D10024204638BD012004F1AC
:10CF0800C403D3E8EF5F002D04D1C3E8EC0FBCF1F4
:10CF1800000FF6D102D0C8340244EAE7002CEAD068
:10CF2800C422002120461CF0C5FA04F1400004493F
:10CF38000EF07EF9034904F124000DF03DFEDBE715
:10CF480025DF0000C94C0200F7B516460D46012141
:10CF58000446FFF791FF012E23D0022E50D12369FA
:10CF68003BB130480121304A16F00BFF204617F03C
:10CF7800CBFE256121690B8A012B51D9CA68128819
:10CF8800043292B293424BD341D9012100922548F1
:10CF9800264A16F009FF204603B0BDE8F04017F016
:10CFA800B3BE206940B9224A31461E4816F0E9FE50
:10CFB800204617F0A9FE01E02F8A2FB9284603B0B2
:10CFC800BDE8F040FCF7D6B80C3017F012FB8742EA
:10CFD8000CD9184A3146134816F0D3FE00222046D1
:10CFE800216901F05BFB00232361E7E720692A8AB6
:10CFF800E9680C3017F005FB2846FCF7BBF8B9E7E1
:10D00800334601210C4A074817F058FED0E70023A1
:10D0180001222046236103B0BDE8F04001F03EBB89
:10D0280003B0F0BD649B0200BDF102003DF20200B6
:10D03800DAF10200F8F102001FF20200034610B50F
:10D0480090B100F1C402104617F035FEC0B1411C82
:10D05800D2E8EF4F844204D1C2E8EC1FBCF1000FC4
:10D06800F6D1F0D1184610BD0649074840F2BA5328
:10D07800064A15F0DDFF40F2BA51044815F0CFFF1B
:10D088000346EFE78CF502007FBE02008FF0020036
:10D0980010B5044670B9214940F2E253204A2148AC
:10D0A80015F0C6FF204815F0C3FF40F2E2511C48B6
:10D0B80015F0B5FF24300DF0F5FDC434D4E8EF3F8A
:10D0C8005A1EC4E8E12F0029F8D1002B0CDC1749BF
:10D0D80040F2F353124A134815F0AAFF144815F00A
:10D0E800A7FF40F2F351E2E7012B15D160B11149D6
:10D0F80040F2FC530A4A0B4815F09AFF0E4815F007
:10D1080097FF40F2FC51D2E70C480DF05DFABDE8FC
:10D1180010400B480DF078BE10BD00BF8CF5020022
:10D128008FF002007FBE020058F2020077F2020080
:10D138007FF202009DF20200B1F20200080C00200A
:10D148002808002010B50446FFF778FF0FF0C0F854
:10D158000C4B04F1B801D3F824312BB90A4817F065
:10D168009AFD0FF027F906E0994208D10FF022F94D
:10D178002046FFF78DFFBDE81040FDF743BD1B6853
:10D18800EBE700BFC0040020E4050020F8B5457BAC
:10D1980004468D420E4600AF1BD1082D98BF654B43
:10D1A8006C4688B094BF53F82530634B6A46634990
:10D1B800C2E905134FF400739383614B42F8103FA3
:10D1C80000234FF4E4515F48F9F73EF8A546BD4601
:10D1D800F8BD4173D5B1022D1BD0637B082B00F23B
:10D1E800A58001A252F823F039D20000DBD200005A
:10D1F800A3D20000D7D10000D7D10000D7D10000BA
:10D20800D7D1000029D20000D7D10000FFF716FFC0
:10D21800E3E78378012BE0D140300EF09FF9DCE79B
:10D228000021494810F0A2F90023C4E90D33CEE7E4
:10D23800082DCCD8DFE805F02A0521172626212A53
:10D248002A0004F1400528460EF088F901212046FD
:10D25800FFF712FE204617F057FD0022002328464C
:10D268000EF076F9B3E7022017F0F2FC034620B17E
:10D278000221364A334817F021FD237B13B120469B
:10D28800FFF746FC2046FFF703FFA0E73346304A86
:10D2980002212C4817F012FD99E7A378012B96D1AB
:10D2A8002C4B9D8A002D92D00A234FF4004640F261
:10D2B800E73000215D434FF47A720023C5FB060175
:10D2C800F3F70EFE02460B4604F140000EF0B8F8E4
:10D2D8007DE7237B3E2B0FD16D4688B06A461E4BF7
:10D2E800C2E90534032342F8103F00234FF4C45128
:10D2F8001448F8F7A9FFAD46164D05F5847661691F
:10D3080011B9FDF77FFC62E7A2690B68914208BF7B
:10D31800A36120466361FFF757FCB5F80431002B81
:10D3280014BF304600200DF04FF9E8E733460B4AAA
:10D33800AEE700BF68A20200E8F20200F2F20200C3
:10D3480003000001649B02003808002003F3020078
:10D3580034F30200C00400204BF3020072F3020011
:10D36800F8B5074609480D461646FFF767FE044616
:10D3780050B183781F4203D1BDE8F840FFF788BE5B
:10D388003146A8472046F7E7F8BD00BF381A002005
:10D39800002201200149FFF7E3BF00BF054D02004D
:10D3A80070B505460E480E46FFF748FE0446A0B184
:10D3B800437B012B02D0073B012B0CD82388AB42BF
:10D3C80008D1A3781E4209D12B460221054A0648F6
:10D3D80017F074FC2046FFF75BFE0024204670BD62
:10D3E800381A00208EF30200649B020008B5114B26
:10D3F80098420AD303F1C802904206D2C822C01A42
:10D40800B0FBF2F302FB130373B10B4940F21A634A
:10D418000A4A0B4815F00CFE0A4815F009FE40F2BE
:10D428001A61064815F0FBFD074BC0105843C0B2FF
:10D4380008BD00BF381A0020A5F302008FF00200D3
:10D448007FBE02001CF50200295C8FC22DE9F8435B
:10D4580005460F4616461C46904699461BF040F86E
:10D4680058B11749174840F23663174A15F0E0FDDE
:10D4780040F23661144815F0D2FD34430BD0FFF763
:10D488007FFB124BD3F88030834207D10221104A28
:10D49800104816F076FC4FF00008C1460E49424687
:10D4A8004B46002D14BF2846084617F076F8044668
:10D4B80018B1791D0C30FBF765FF2046BDE8F883ED
:10D4C80036F502007FBE02008FF00200701F0020B8
:10D4D80045F50200649B0200A80C002010B5044624
:10D4E80005480DF091FC204600F086FF2046BDE877
:10D4F8001040FFF70DBB00BF1808002010B5437B94
:10D508000446023B062B35D8DFE803F00D0434341B
:10D518003427320001730021FFF738FEBDE81040C0
:10D528000220FEF729BE8378012B06D140300EF089
:10D5380015F8BDE81040FDF7EFBD40F29F730F4AA4
:10D548000F49104815F074FDA1780F4815F070FDCB
:10D5580040F29F71094815F062FD008817F004FA3F
:10D5680038B9637B072B03D108212046FFF70EFE4D
:10D57800002010BD6FF07F00FBE700BF8FF00200B6
:10D588004D1D03007FBE02006EF502002DE9F04F2D
:10D59800002387B000AFFB607B619D4B5A8C3AB18A
:10D5A8009C4DD5F824413CB91C37BD46BDE8F08FE9
:10D5B8001B68002BF4D1F7E754F8B83903B1B83B2E
:10D5C8000026954913E01346B5F80421002A00F017
:10D5D800CB81D5F81021C2B904F1B806002BE3D0ED
:10D5E800D3F8B8201C46002AEDD0A2F1B8039C421B
:10D5F800EAD18A4940F2BD33894A8A4815F018FDB4
:10D6080040F2BD31864815F00AFD0A68002AE3D0C9
:10D61800D4F8A420002ADFD0D4F8A820002ADBD030
:10D62800D4F8AC20002AD7D0637B072B41D1204601
:10D63800904700283DD004F1BC0017F03CFB0228BD
:10D6480037DC2046FFF7FAFC04460028ACD0637BA1
:10D65800072B40F086812046D4F8A430B5F8041191
:10D6680007F1100298478046002800F06881B5F855
:10D6780004213B699A4208D30146D4F8A8602046A1
:10D6880007F1140307F10C02B0473B69D7F80CA067
:10D698007B60B8F81030D7F81490002B3BD1624962
:10D6A80040F291235E4A5F4815F0C2FC40F2912196
:10D6B800A8E704F1B803B34209D15C4940F2DA3370
:10D6C800574A584815F0B4FC40F2DA319AE7D4F8D2
:10D6D800B820C6B9D5F82811C5F824218B4201D144
:10D6E800C5F8282100232046C4F8B830D4F8AC3057
:10D6F80098470028ABD0637B072B40F03281204647
:10D70800FFF720FDA3E73260D5F82821934208BF30
:10D71800C5F82861E6E7404617F082F848B1424963
:10D728004FF426733E4A3F4815F082FC4FF42671A9
:10D7380068E7B5F804313E48002B08BF00200022F6
:10D7480000230CF0C5FF60B137494FF42A73344AFF
:10D75800344815F06DFC374815F06AFC4FF42A710F
:10D7680050E7002200232C480CF0A2FE064660B9C0
:10D778002D4940F2B3232A4A2A4815F059FC2E486D
:10D7880015F056FC40F2B3213CE7C0E901A97B68DB
:10D79800B5F804B15B4598F8083098BFB7F804B0FD
:10D7A800013B012B09D9254940F2D3231C4A1D48C6
:10D7B80015F03EFC40F2D32124E7404617F030F83C
:10D7C800814638B11E49AD23154A164815F030FC7C
:10D7D800AD2117E70146002200230D48FBF726FB81
:10D7E800824658B1FBF7E6FA164B414603EB0013A5
:10D7F8005A465046FCF7F6FA804638BB12494FF4B1
:10D808003773074A074815F013FC4FF43771F9E6E8
:10D81800780D0020C0040020580C002085F5020077
:10D828008FF002007FBE02004D1D030091F502003B
:10D83800C8050020ACF50200C1F50200D1F50200D0
:10D84800F9F50200782A002013F602007B68B5F883
:10D85800042194F8C0B093428CBF4FF001090BF13A
:10D86800020384F8C09098BF5FFA83FB04F1BC09F7
:10D87800D9E8EF2F0132C9E8E12F0029F8D104F1E6
:10D888001403314618467B6017F005FA94F802A095
:10D89800BAF1010F57D108F10C02042110467A6041
:10D8A800FBF792FD21880BF0FD0341EA0333038067
:10D8B800B8F810307A68043B43800221104616F00D
:10D8C8007DFE4046FDF7C4F800284AD07860D9E8C4
:10D8D800EF2F013AC9E8E12F0029F8D1314604F1C8
:10D8E800140017F0F0F97B685146204A204817F0D9
:10D8F800E5F94046FBF73EFC20463146FFF764F960
:10D90800B5F804311B48002B08BF00200CF05CFE62
:10D918006D4688B06A46184B53616FF00403C2E93C
:10D928000634042342F8103F4FF4015110480023F5
:10D93800F8F78AFC1321AD462046FFF7DFFD2046A5
:10D94800FFF7A6FB30E64FF440730C4A0C490D482C
:10D9580015F06EFBA1780C4815F06AFB4FF4407186
:10D9680050E6FDF74FF9EAE79368FFDEC5E40200E9
:10D97800649B0200C805002044F602008FF00200F4
:10D988004D1D03007FBE020027F6020040F2E2436D
:10D998002DE9F041D0F888600446B6FBF3F6031D84
:10D9A800184617F088F98204B6B213D5B4F88C205B
:10D9B800B2420FD8B4F88E20B2420BD3D4E9241265
:10D9C800914207D1D3E8EF1F21F40051C3E8E21FC9
:10D9D800002AF7D1184B1D6865B155F80C7C1C3D21
:10D9E80037B131462046B4F89230B4F89020B847A1
:10D9F800ED69F1E7114DDFF84880454519D911491E
:10DA080040F2FB73104A114815F012FB104815F04C
:10DA18000FFB40F2FB710C4815F001FB2F6937B181
:10DA280031462046B4F89230B4F89020B8472035F3
:10DA3800E3E7F3D3BDE8F081AC2A0020049B0200A1
:10DA4800449B0200BFF002008FF002007FBE02007C
:10DA580060CA02002DE9F041074608460D4616F057
:10DA680055FF064618B900263046BDE8F0811C4B24
:10DA78001C6884B154F8103C1C3C0BB9E469F8E705
:10DA88002946384698470028EDD0284616F03EFF2C
:10DA98000028F3D1E7E7134CDFF84C80444518D948
:10DAA800124940F63C03124A124815F0C1FA1248CE
:10DAB80015F0BEFA40F63C010D4815F0B0FA2946BB
:10DAC800384698470028CED0284616F01FFF20B9C0
:10DAD800C9E7C9D2E368002BF1D12034DEE700BFE3
:10DAE800AC2A0020049B0200449B0200BFF0020005
:10DAF8008FF002007FBE020060CA02002DE9F041EB
:10DB0800C37804468BB900F17E06194B1D687DB1B8
:10DB18001C3D04F170076B691BB13A46314620463B
:10DB28009847ED6925B11C3DF5E700F17706ECE76C
:10DB3800104D114F04F17008BD4216D90F4940F637
:10DB4800C4130F4A0F4815F073FA0F4815F070FA0E
:10DB580040F6C4110A4815F062FA6B691BB14246D7
:10DB68003146204698472035E6E7F6D3BDE8F081F0
:10DB7800AC2A0020049B0200449B0200BFF0020074
:10DB88008FF002007FBE020060CA0200F8B5437A37
:10DB980005468372164617F048FA154B1C684CB1B7
:10DBA80054F8043C1C3C1BB132462846697A984715
:10DBB800E469F4E70F4C104FBC4216D90F494FF4F3
:10DBC80022630F4A0F4815F033FA0F4815F030FA60
:10DBD8004FF422610A4815F022FAA3691BB13246B4
:10DBE8002846697A98472034E6E7F6D3F8BD00BF9F
:10DBF800AC2A0020049B0200449B0200BFF00200F4
:10DC08008FF002007FBE020060CA020038B50546E8
:10DC18000C460F480121FFF769F9C0B10572236866
:10DC28000367A388A0F87430A37980F876300123BD
:10DC3800437283728370074BC0F8A430064BC0F858
:10DC4800A830064BC0F8AC30054BC0F88C3038BD56
:10DC5800381A0020ADE2000021CC0000B34C0200CD
:10DC68001800280070B505460A480E46FFF7E6F981
:10DC7800044620B18378012B04D0FFF709FA002469
:10DC8800204670BD3246294617F002F90028F7D120
:10DC98002046F2E7381A0020B0B500AF0D46FFF76E
:10DCA800E1FF044610B32846FBF7A8FD637B6D46E9
:10DCB800082B98BF0E4A8AB094BF52F823300D4BF8
:10DCC8006A46C2E907030C4B0C4953620C4BC2E984
:10DCD800051442F8103F00234FF442510948F8F761
:10DCE800B3FA2046AD46FFF7D3F90120BD46B0BDD3
:10DCF80068A20200E8F202000103020467F60200CB
:10DD080005000002649B020038B50446134816F06B
:10DD1800D2FF420702D46FF00A0038BD084616F059
:10DD2800F5FD10B96FF01500F7E7FEF7E7FB0028DF
:10DD3800F1D10A4816F0BFFF0306C0F3C0150AD494
:10DD480016F062FF0028EDD021462846FFF7A4FF11
:10DD58000028E2D0E6E76FF07700DEE794050020C0
:10DD6800F8B505460E480E461746FFF767F904460C
:10DD780020B18378012B03D0FFF78AF900240DE046
:10DD880036B13246294617F083F808B92046F3E73A
:10DD9800637BBB42FAD1237AAB42F7D12046F8BD68
:10DDA800381A00202DE9F04104460F4615469846DA
:10DDB800002B6ED01B6823B10221394A394815F06F
:10DDC800E0FF29462046FFF79FFF064600283FD17F
:10DDD8002046294617F033F8044600285CD097E817
:10DDE8000F00314D05F1080C8CE80F00AB8A002BB1
:10DDF80008BF4FF49673AB822B8A03B9AB892B8289
:10DE08006B8A03B9EB8929486B8216F054FF4305E6
:10DE180001D5FDF753FE95F8212195F820319A4256
:10DE280019D903212046FFF7B1F90220FEF7A4F91A
:10DE3800054658B1022016F00BFF20460021FFF7D7
:10DE4800A5F92046FFF724F92E4601E0C8F800405E
:10DE58003046BDE8F08102212046FFF797F92046B9
:10DE680016F080FD05460028F0D0002120462173D9
:10DE7800FFF78CF92046FFF70BF90320FEF77CF932
:10DE880003460028E0D00221094A064816F016FF8A
:10DE9800DAE76FF01506DBE76FF00B06D8E700BF8F
:10DEA800A0F60200649B0200C00400209405002034
:10DEB800E0DF020038B5044608460D4616F026FD98
:10DEC80038B3154B93F8D830990707D4E37873B172
:10DED80029462046BDE8384000F00CBC94F898303C
:10DEE8009A07F3D5201D16F0E6FE4304EED4294622
:10DEF800204616F0F3FF58B92B88A4F88C306B88AD
:10DF0800A4F88E30AB88A4F89430EB88A4F8963047
:10DF180038BD6FF01500FBE7C0040020F7B510F816
:10DF2800333C0446A0F140068BBB304617F020F87E
:10DF38003A4B1D684DB155F8183C1C3D1BB1304695
:10DF480014F8341C9847ED69F4E7354D354FBD4258
:10DF580016D9354940F2C473344A354815F068F883
:10DF6800344815F065F840F2C471304815F057F898
:10DF78006B681BB1304614F8341C98472035E6E727
:10DF8800F6D3304603B0BDE8F040FFF781B810F88B
:10DF98003E3C012B3AD110F83D3C8BB9FDF7BCF85B
:10DFA800693033D10221244A244815F0EAFE4FF49F
:10DFB800A4720023204603B0BDE8F0400DF0C8BAB3
:10DFC800A0F13C05D5E8EF3F23F40052C5E8E12F66
:10DFD8000029F7D19B0411D5E36C69460093636D62
:10DFE80030460193FFF766FF034688B9D5E8EF3F4F
:10DFF80023F48053C5E8E23F002AF7D1D5E8EF3F84
:10E0080043F40063C5E8E23F002AF7D103B0F0BD4E
:10E0180002210B4A094816F051FEEFE7AC2A00200E
:10E02800049B0200449B0200BFF002008FF0020034
:10E038007FBE020060CA0200D5F60200649B02009F
:10E0480008F702000B4B58B11A6862B902693AB96D
:10E0580002685AB942684AB982683AB942692AB923
:10E068001860002070476FF0770070476FF0150058
:10E07800704700BFBC2A002008B568B1094B00F101
:10E088000C011A6822B9074816F005FE104608BDAB
:10E09800914204D01268F5E76FF01500F7E76FF0CA
:10E0A8007700F4E7B42A002010B90248FEF7C6BF8B
:10E0B80000207047381A002038B515481AF075F94D
:10E0C800144913481AF07EF9134911481AF07AF9DD
:10E0D80012490F481AF076F917F0CFFB05F078FFD0
:10E0E800054698B917F009F80D48FEF7A7FF04464A
:10E0F80060B1043016F0DFFDC30704D503212046C4
:10E108002572FFF743F82046FEF7C2FF284638BDC0
:10E11800580C0020882A0020942A0020A02A0020D9
:10E12800381A002010B50268D2F8B0305BB90D4932
:10E138000D4840F2F1230D4A14F07AFF40F2F12124
:10E148000A4814F06CFFD2F8B4401968A34200F1F1
:10E158004C0008BFC2F8B4108342C2F8B010E6D130
:10E1680010BD00BFE7F702007FBE0200B6F702004D
:10E1780008B503460121034A034815F00BFE0020A9
:10E1880008BD00BF01F80200C49B020080B500AFC3
:10E1980088B06A46074BC2E90530032342F8103FAE
:10E1A80000234FF4C2510448F8F74EF86FF00B0003
:10E1B800BD4680BD29F80200C49B0200044B1A68C2
:10E1C8000AB1FFF7E3BF0348586010460B60704779
:10E1D800C02A0020B4A2020070B5044652EA030027
:10E1E80007D1002213462046BDE870400431FFF7EE
:10E1F8002DB90E48007870B90D4940F246330D4AE2
:10E208000D4814F015FF0D4814F012FF40F2463186
:10E21800084814F004FF1BF0F1F9094D094ED5F830
:10E22800805030588542DED1DBE700BF36490020F8
:10E238003DC6020012C602007FBE020050C60200A0
:10E24800701F00200800000073B5054618462B68AB
:10E258000BB35B7B072B1ED1002A14BF02230123BB
:10E268000E7A9E4209DD01210C4A0D48009615F0F0
:10E278009BFD6FF0150002B070BDCB7A072BF8D963
:10E28800C8618A6105F130001AF09CF8284616F03A
:10E298004FFE0020EFE76FF07F00ECE750F8020038
:10E2A800C49B02002DE9F04780460E469146D0F8FF
:10E2B800B04000AF4CB14C3C236B6BB104F1300A59
:10E2C80050461AF094F8054658B9FCF79BFC00250F
:10E2D8002846BD46BDE8F0872046FFF723FFE46CDB
:10E2E800E8E798F80D30072B0BD03C4940F2D733BC
:10E2F8003B4A3C4814F09CFE40F2D731384814F0B1
:10E308008EFE16F08DFA80B16C4688B06A46364BA0
:10E31800C2E90535032342F8103F00234FF4C251E8
:10E328003248F7F791FFA546D1E72846FAF764FF88
:10E33800236D0546B3B9A38CB0F81080403B9BB25F
:10E348003F2B03D8238D984528BF9846042105F113
:10E358000C00FBF739F8A0F80080A38C438008F183
:10E3680004032365236D2A8AB3420ED8934215D03D
:10E37800A38C403B9BB23F2B2CD92046FFF7D2FE03
:10E38800236B13B1204616F0D3FD236D9E422CBF9C
:10E3980000269E1BC9F80030266599E70022002355
:10E3A80050460CF085F8854209D0114940F20943DE
:10E3B8000B4A0C4814F03CFE40F209419EE7FAF77C
:10E3C800D9FEA38CA3F140023F2AD6D8094AAA61F4
:10E3D800EB61D2E700221346F9E700BF70F80200AC
:10E3E800B6F702007FBE020091F80200C49B02004B
:10E3F800A9F80200B55002002DE9F34104464FF098
:10E4080000083D4D3D4FBD4271D93D4940F2A7132B
:10E418003C4A3D4814F00CFE3C4814F009FE40F21A
:10E42800A71110E029884B1E3E2B0FD94FF4D57346
:10E43800344A3749344814F0FBFD2988354814F02C
:10E44800F7FD4FF4D5712F4814F0E9FD204616F07A
:10E4580024FE0646019068B14FF4D773294A2E4925
:10E46800294814F0E5FD29882C4814F0E1FD4FF403
:10E47800D771E8E720466B6801A99847002831DB87
:10E48800019B2A889A829A8403F11002D2E8EF1F2E
:10E49800C2E8E06F0028F9D1DE641E659E60A16BBA
:10E4A80003F1080201BBC4E90D221C60C3F80C800B
:10E4B80003F1300019F079FF019843681B6803B134
:10E4C8009847019B1033D3E8EF1F41F00101C3E8DF
:10E4D800E21F002AF7D101984368DB6913B100F104
:10E4E8001001984708358EE70A60A263DDE799D3E3
:10E4F80002B0BDE8F08100BFEC9A0200049B020064
:10E5080052F90200B6F702007FBE020060CA02009C
:10E51800B9F80200E8F8020013F9020027F902002E
:10E52800F0B50D460646042185B005F10C00FAF752
:10E5380089FF2A8A43880446934207D000931346EA
:10E54800464A0121464815F02FFC10E0417839B9B8
:10E558000121444A424805B0BDE8F04015F011BC1D
:10E568000278122A0BD0132A03D0012A5DD105B0F4
:10E57800F0BD022BFBD0022200923B4AE1E7082BB8
:10E588003468EA6803D008220092384AD9E7637BE6
:10E59800072B02D00221364ADCE7E778A7B102222E
:10E5A800012016F05FFD05460028E0D002210C305E
:10E5B800FAF766FF0023294603704370204605B02A
:10E5C800BDE8F04016F07FBD13881320ADF8083081
:10E5D8005388ADF80A309388ADF80C30D3880222FE
:10E5E800ADF80E3016F03EFD05460028BFD002A952
:10E5F8002046FFF72FFA0646022105F10C00FAF72C
:10E608003FFF56B1294607704770204616F05BFD5C
:10E61800204602A916F062FCA9E7012346700370A0
:10E628002946204616F04FFDA1E7022113460C4863
:10E63800104A15F0AFFB617802220120356816F008
:10E6480011FD0446002892D002210C30FAF718FF79
:10E6580000232146037043702846B0E779F9020089
:10E66800C49B02009AF90200BBF90200E6F9020015
:10E6780018FA020026FA020008B50B8A032B06D8FE
:10E688000121044A044815F07CFB002008BDFFF76F
:10E6980047FFFAE74EFA0200C49B020038B50B8A1E
:10E6A8000546032B0C4609D801210F4A0F4815F0DF
:10E6B80068FB2046BDE83840FAF75CBD042104F148
:10E6C8000C00FAF7BFFE4188284616F00DFD30B958
:10E6D800074A0B460548022115F05CFBE9E7436849
:10E6E80021465B699847E4E76CFA0200C49B020084
:10E6F80089FA020070B5124B0C46197805460131AB
:10E70800C9B2012938BF012108221220197016F058
:10E71800A9FC064688B108210C30FAF7B1FE228818
:10E728003146028062884280A2888280E288C28064
:10E738002846BDE8704016F0C6BC6FF00B0070BDEF
:10E748002347002023281FD81A2804D8431E182B33
:10E758000ED906207047A0F11B03082B1ED8DFE84E
:10E7680003F0051D1B231D19251D050003207047F7
:10E7780001230F4A83401A40C2B90E4A1A40002AA0
:10E7880014BF01200620704700F07F03522B05D1EB
:10E7980000207047012070470520704710F0400F97
:10E7A8000CBF0620002070470420704702207047E5
:10E7B800AAAA8A025455450138B50446EFF31185D3
:10E7C800202383F31288BFF36F8F24480EF0B6FA24
:10E7D80068B98823224A2349234814F029FC1F4991
:10E7E800224814F025FC88211D4814F018FC1B4809
:10E7F8000EF0C8FA002323601D4B5A689AB9C3E982
:10E80800004416480EF0A8FA80B94FF49A73144AD7
:10E818001849154814F00CFC1049174814F008FC66
:10E828004FF49A71E0E714605C60EAE785F31188B9
:10E83800BFF36F8F11480CF0E7FA031E0CDA0121C1
:10E848000F4A104815F0A6FA002383F31188BFF386
:10E858006F8F0323184602DF38BD00BF1C2B002032
:10E8680098C60200C5C602007FBE0200DAC60200D2
:10E87800142B0020F0C6020007C702007008002011
:10E88800BEFA0200549B0200011F01480BF0A8BA0F
:10E89800CC0A002008B50B4B1B7873B90A4940F223
:10E8A80046330A4A0A4814F0C3FB0A4814F0C0FB6E
:10E8B80040F24631054814F0B2FB1AF09FFE064BB1
:10E8C800185808BD364900203DC6020012C602008D
:10E8D8007FBE020050C602000800000010B50446C2
:10E8E800807AFAF75FFA0B4B83420BD00A490B4840
:10E8F8004FF4B5730A4A14F09BFB4FF4B5710848FE
:10E9080014F08DFB2046FAF755FA1822054B02FB46
:10E91800003010BDDC0C002016FB02007FBE020098
:10E92800E7FA0200202B00202DE9F04707460846A9
:10E938000C46FFF7D3FFE3680646D0F8089007F1C6
:10E948005802D2E8AF2FD20709D40121284A294812
:10E9580016F0F6FB6FF015052846BDE8F087228A09
:10E968005AB9254925484FF4DB73254A14F060FB52
:10E978004FF4DB71224814F052FBE26812780271FE
:10E98800002202601B78D22B0FD13B682146186801
:10E9980017F0E6FF054640B101211A4A154816F05E
:10E9A800CFFB2046FAF7E6FBD6E704F10C0015F09A
:10E9B8001CFE0023B4F810A080461A462146B76012
:10E9C800381DFFF741FC05460028C5D010F1690F36
:10E9D80004D101210C4A074816F0B2FB6369A4F878
:10E9E80010A013FA88F3E360C6F808903560B3E71F
:10E9F80042FB0200549B02005CFB02007FBE020047
:10EA0800E7FA020082FB020095FB02000121024A9C
:10EA1800024816F095BB00BFB8FB0200549B0200E9
:10EA280070B503788AB004460E4607AD032B20D88C
:10EA3800DFE803F002191B1D11492846F2F774FAA2
:10EA4800059563781E210493A37830460393E378F1
:10EA58000C4A02932379019363790093A37913F005
:10EA6800DBFA0AB070BD0849E7E70849E5E7084955
:10EA7800E3E70A212846074A13F0CEFAE0E700BF89
:10EA880052BC020074BC020059BC020060BC020007
:10EA98006ABC0200B00903002DE9FF414FF00008ED
:10EAA8004FF4205305460E46006802A9144617681D
:10EAB8008DF80880ADF80A3015F01FFEA0B142F6B7
:10EAC8000103286803A98DF80C80ADF80E3015F005
:10EAD80014FE48B123691BB15A88B24200D25E8045
:10EAE800012004B0BDE8F0816168286815F005FED2
:10EAF80010B100232361F3E7E368A0681A786AB1CC
:10EB0800B7F81AC0798D038A8C4594BFC3EB0C0300
:10EB1800C3EB0103934201DA0020E2E704210C3041
:10EB2800FAF7AEFC20610680236929465E80074B10
:10EB38000194009338460023A26816F055FC00287B
:10EB4800EADB2069003818BF0120CAE72553020014
:10EB580010B5044600F15403D3E8EF1F41F001015A
:10EB6800C3E8E21F002AF7D1201F16F004FB04F1C6
:10EB78007C0004490CF05CFB2068BDE8104003F001
:10EB8800E5BD00BF59FC000073B50E46438D418BAF
:10EB980001328B4228BF0B469A42054609D9022109
:10EBA80000921A481A4A15F0FFF80024204602B0CD
:10EBB80070BD3046FFF7C6FD022810D004280ED0DD
:10EBC800FFF768FE134BD3F8803083421BD0124BFB
:10EBD8001B681A1A18BF4FF0FF32134602E04FF4B1
:10EBE8007022002300210D48FFF7F6FA044600289A
:10EBF800DCD0FFF773FE0121856004F10C00FAF701
:10EC08003FFC0670D2E70022E7E700BF549B0200F2
:10EC1800D5FB0200701F0020682B0020DC0C0020B0
:10EC280070B5044601F10C000D4615F0D6FC2668B7
:10EC380001462B8AEA68306817F0B3FC1E210022CF
:10EC48002046FFF7A1FF014630B90121044A0548D3
:10EC580016F076FA002070BD204616F09EFBF9E704
:10EC6800FAFB0200549B0200F0B51D4603680E46ED
:10EC78000039044618BF012187B01868174617F0F5
:10EC8800A1FC40B904F1580016F06EFC002846D0EB
:10EC9800002007B0F0BD002D43D01822002168469F
:10ECA8001AF008FC6FB1002239462046FFF76CFFC6
:10ECB800019030B91C4801211C4A16F041FA112074
:10ECC800E7E7236829461B68284600930023ADF828
:10ECD80012300C9B164A0393BDF834308DF8086047
:10ECE800ADF8103001238DF814306B4616F0AFFAEA
:10ECF8009DF8143063B1002FCAD00198FAF73AFA98
:10ED08002A46314620469DF8143016F038FCBFE7F5
:10ED180001990029BCD0204616F03FFBB8E7122025
:10ED2800B7E70120B5E700BF549B020017FC0200BB
:10ED3800E55102002DE9F347176805468946006842
:10ED480051681446D7F804A015F0D7FC804600286F
:10ED58004BD195222946504617F0D5FA064620751C
:10ED680040B1E3681B780BB184F81480002002B02E
:10ED7800BDE8F0872946504617F05DFC10B9082316
:10ED88002375F3E7A0682675FAF74EFA02210C30CE
:10ED9800FAF776FB164B2061A0F8009000930194D7
:10EDA800334629463846A26816F01EFB002807DAC3
:10EDB80010F1FF0F32BF0E204042C0B22075D5E7D8
:10EDC8002369002BD2D0A06816F0A2F97B8D7A8B2C
:10EDD8009A4294BFC0EB0200C0EB0300E3681B78C3
:10EDE800984294BF00200120C1E70120BFE700BF7F
:10EDF80029510200F7B50B8A04460D4607683BB94E
:10EE08000121284A284816F09BF9002003B0F0BDDC
:10EE1800012105F10C00FAF715FB7B7B0646072B51
:10EE2800F3D154F8043C002BEFD0002203781F489C
:10EE3800043C10F8327000EBC2019F420FD12A8ABD
:10EE480048788F78904220D90121009316481346BC
:10EE5800174A14F0A9FF012FD7D104231EE001326D
:10EE68001C2AE6D102211048124A14F093FF317887
:10EE78000846FFF767FC0028C7D00528C5D0062339
:10EE88000022204616F07BFBBFE74B682046294648
:10EE98009847012F0346B8D10028B6D00022317810
:10EEA800EFE700BF30FC0200549B0200DCA2020026
:10EEB80065FC02004BFC02002DE9F04F42F601030D
:10EEC800002591B0166880460F4600680BA9D6F851
:10EED800049014468DF82C50ADF82E3015F00DFC2A
:10EEE800002870D04FF42053D8F800000BA98DF8F3
:10EEF8002C50ADF82E3015F000FC38B1A3681BB1CA
:10EF08005A88BA4200D25F8001200EE06168084644
:10EF180016F0FEF8728D738B9A4294BFC0EB020014
:10EF2800C0EB0300032803D8002011B0BDE8F08F20
:10EF38000846FAF779F90546606816F0E9F8728B21
:10EF4800738D05F10C0B9A4294BFC0EB020AC0EB1B
:10EF5800030A584615F04DFB824537D2606816F013
:10EF6800D7F8728D738B9A4294BFC0EB0200C0EB46
:10EF7800030070B96368987AF9F714FF0022002338
:10EF880015F00BFB05460028CED001466068FAF75D
:10EF980091F900230093D8F80460102341464846AD
:10EFA80002AAB047061E0EDB227CE068B2422BD0D4
:10EFB80001460BA815F0CFFB60B9237C144A022147
:10EFC800144814F0E7FE0023A3609DE7584615F0A7
:10EFD80010FBCEE7F2B202A906A815F0BCFB10B9E7
:10EFE8000D4A3346EBE706A90BA815F086FB002867
:10EFF800E9D100230421637405F10C00FAF740FA03
:10F00800A0600780A3687EE702A91AF05BFAEEE722
:10F0180084FC0200549B0200A3FC0200F8B54FF4E4
:10F028007022074600230F480D4615F0B6FA04462D
:10F0380038B901212B460C4A0C4814F0ABFE204687
:10F04800F8BD00F10C0609213046FAF79BF9204675
:10F05800FFF744FC012187603046FAF711FA057082
:10F06800EDE700BFDC0C002001F80200549B020011
:10F078002DE9F0410E8A0446043EF6B2022E0846F7
:10F088008CB001D0102E64D104210C30FAF7DAF9D3
:10F098000DF1080805884788011D3246404615F0DD
:10F0A8005AFB002857D09DB3002687B3AF422FD311
:10F0B8004FF42053404601A98DF80460ADF806309E
:10F0C80015F01BFB40BB1422002107A81AF0F2F927
:10F0D80011212046FFF7A2FF0990002837D001210F
:10F0E8000C30CDE90748FAF7CBF900230A903946E6
:10F0F80003701A4A0B93284607AB16F0A8F80A9B28
:10F108001B78FBB90998FAF735F80A2301E03D4660
:10F1180001232A4610210EE042F60103404607A9C2
:10F128008DF81C60ADF81E3015F0E7FA0028CAD03B
:10F1380010232A461946204616F021FA00200CB062
:10F14800BDE8F0812046099916F027F9F6E7112065
:10F15800F5E70420F3E70E20F1E700BFA1EA00007D
:10F168002DE9F043036804460D4685B0012118686F
:10F1780017F028FA40B904F1580016F0F5F9B0BBB9
:10F18800122005B0BDE8F0831022002168461AF06D
:10F1980091F921212046FFF741FF029048B34FF033
:10F1A8000108DFF85490009405F10C072B8A012B15
:10F1B80004D82046029916F0F0F818E0384615F001
:10F1C8000CFA6B464A46014606468DF80C8016F046
:10F1D8003EF89DF80C30002BE8D00298F9F7CAFFEA
:10F1E8003246202120469DF80C3016F0C8F9002040
:10F1F800C7E71120C5E700BF755602002DE9F043A7
:10F20800036804460D4685B00121186817F0DAF93D
:10F2180040B904F1580016F0A7F9B0BB122005B0A8
:10F22800BDE8F0831022002168461AF043F90F2147
:10F238002046FFF7F3FE029048B34FF00108DFF8CD
:10F248005490009405F10C072B8A012B04D8204612
:10F25800029916F0A2F818E0384615F0BEF96B4688
:10F268004A46014606468DF80C8015F0F0FF9DF8D9
:10F278000C30002BE8D00298F9F77CFF32460E21BB
:10F2880020469DF80C3016F07AF90020C7E71120C7
:10F29800C5E700BF15560200F0B51D4603680446D1
:10F2A8000E4685B001211868174617F08BF938B952
:10F2B80004F1580016F058F948BB122005B0F0BD0B
:10F2C80065B31022002168461AF0F4F83946204642
:10F2D800FFF7A4FE029018B3BDF828302946ADF810
:10F2E8000430012328468DF80C300E4A6B460094F2
:10F2F80015F0ADFF9DF80C305BB10298F9F73AFFB5
:10F308002A46314620469DF80C3016F038F9002080
:10F31800D4E72046029916F040F8F8E70120CDE737
:10F328001120CBE7155602002DE9F0410E8A04465C
:10F33800043EF6B2022E08468CB001D0102E76D1CB
:10F3480004210C30FAF77EF80DF104080588478887
:10F35800011D3246404615F0FEF9002869D085B3F4
:10F3680077B3BD422DD80121606817F02BF9064606
:10F3780078BB42F602038DF8000069464046ADF8B6
:10F38800023015F0BAF920B342F60303404606A945
:10F398008DF81860ADF81A3015F0AFF9C8B1012D25
:10F3A80003D14FF6FF739F4213D004F1580016F0B3
:10F3B800DBF8002814BF002012200CB0BDE8F08153
:10F3C8003D4601232A460821204616F0D8F8002099
:10F3D800F3E7182200210DEB02001AF06BF809215F
:10F3E8002046FFF71BFE0890F8B101210C30CDE94B
:10F3F8000648FAF745F80023099003700A233946AE
:10F408008DF82C30284606AB0B4A15F020FF9DF8E6
:10F418002C302BB10898F9F7ADFE9DF82C30D1E7C8
:10F428002046089915F0B9FFD1E71120C5E7042057
:10F43800C3E70E20C1E700BF3DED00002DE9F04312
:10F448000F460446062187B007F10C00F9F7FAFFCA
:10F458000588B0F802808288D7F80C90C5B10023DF
:10F46800B8F1000F13D0454512D88DF800308DF84B
:10F4780004304FF42053684601A9ADF80220ADF8D6
:10F48800063015F03AF9064660B10A2301E0454610
:10F4980001232A460621204616F071F8002007B0FD
:10F4A800BDE8F0830146142201A83F7C1AF002F857
:10F4B80007212046FFF7B2FD0290D8B10A23414642
:10F4C8008DF81530284601AB0B4ACDE90369019444
:10F4D8008DF8147015F0BBFE9DF815302BB102980D
:10F4E800F9F748FE9DF81530D3E72046029915F044
:10F4F80054FFD3E71120D2E7C1EE00007FB5CB68F7
:10F5080004461D885E8885B176B1B5420DD81022B3
:10F518000021684619F0CEFF05212046FFF77EFD41
:10F52800019058B9112007E0354601232A460421E5
:10F53800204616F024F8002004B070BD6B46314612
:10F548002846084A009415F082FE029B23B90198C8
:10F55800F9F710FE0A23E9E72046019915F01DFF87
:10F56800E9E700BF6D5202002DE9F04182B000AF1B
:10F57800044688460022002339463A480AF0A4FB8C
:10F588000546B0B16D4688B06A46374BC2E90534C6
:10F59800032342F8103F00234FF4C2513348F6F7D3
:10F5A80053FEAD466FF00B0630460837BD46BDE842
:10F5B800F081FFF76FF93E682D4B2C221860294621
:10F5C800301D19F077FF34603C6800220023C4E93D
:10F5D8000155C4E90A552748391D7D600AF074FBB6
:10F5E800064688B123686C4688B06A462249C2E953
:10F5F8000513032342F8103F4FF4C4512B461B4810
:10F60800F6F722FEA546CDE77B680146B8221846E4
:10F6180019F050FF194A8260603018F0C6FE7B6806
:10F628005833D3E8EF2FC3E8E16F0029F9D17B689D
:10F638001C60A36A7D681BB904F10C0018F0B5FEC4
:10F64800A26A05F1B003C5F8B020E26AA36202B964
:10F65800E36217227B685A855A830433C8F800305E
:10F66800A2E700BFAC0A0020C2FC0200549B0200C3
:10F67800682B0020CC0A0020E7FC02004808002084
:10F6880008B5437B072B06D002210C4A0C4815F01D
:10F6980057FD002008BD042115F026FD10B9094AC0
:10F6A8000121F3E700F15403D3E8AF3FDB0701D4AE
:10F6B800054AF5E750F8040CECE700BF18FA020019
:10F6C800549B02000CFD020042FB02002DE9F04FA2
:10F6D80085B000AFB860EFF31188202383F3128858
:10F6E800BFF36F8F6F480DF029FB68B988236E4A06
:10F6F8006E496F4813F09CFC6A496E4813F098FCF9
:10F708008821694813F08BFC6B4D66480DF03AFB75
:10F71800284615F0F3FC044662482E680DF01CFBE1
:10F7280068B94FF49A73604A6449614813F080FCE1
:10F738005C49634813F07CFC4FF49A71E1E788F365
:10F748001188BFF36F8F002C5BD02046FFF7C6F8F7
:10F7580003690021D0E902581822FB60D0F800A004
:10F7680090F80490B0F806B019F0A4FEA07AF9F762
:10F7780019FB6169034659B1627AD00706D4DA6A7F
:10F78800204612687B60926890477B68002262611D
:10F798002146184618F021FEB9F1000F0DD065B1C9
:10F7A8002B6853B11B6843B1BAF1000F2DD001216A
:10F7B8005346444A444814F0EDFA16B30020B96899
:10F7C80018F07EFE00281CDA6C468AB06A463F4B69
:10F7D80053613F4BC2E906304FF4007313843D4B2D
:10F7E80042F8103F00234FF411513748F6F72CFD2B
:10F7F8000023A54683F31188BFF36F8F03231846B0
:10F8080002DF1437BD46BDE8F08F4846FEF79AFF81
:10F818000446281D15F0B4FF052C34D80123A34055
:10F8280013F01409C9D113F0090F05F1580217D1C3
:10F8380013F0220F27D0D2E8AF3FDA0705D4012111
:10F84800254A214815F07CFCB7E7EB6D002BB4D0B6
:10F858004FF47022002305F180000BF079FEACE72D
:10F868002B681C68D2E8AF3FDB07E8D5B8F1000F7A
:10F87800A3D01FFA89F35B459FD22046F968C04799
:10F8880009F10109F5E74FF44673144A1449084889
:10F8980013F0CEFB2146134813F0CAFB4FF4467110
:10F8A8000E482FE71C2B002098C60200C5C6020090
:10F8B8007FBE0200DAC60200142B0020F0C6020048
:10F8C80007C7020027FD0200549B02005FFD0200EB
:10F8D8001AFE02000400000142FB0200E7FA0200DF
:10F8E8004D1D030046FD0200F8B50F461646FFF70A
:10F8F800C7FEB0B1846A20461CB150F8B04904B1C3
:10F90800B03C731C194638B1428D458BAA4228BFBA
:10F918002A469A4207D264B902210A4A0A4814F0D0
:10F9280039FA0020F8BD32463946BDE8F840FFF7FD
:10F938002BB9D4F8B05005B1B03D20460B462C4643
:10F94800E2E700BF7AFD0200549B0200002337B5AE
:10F95800054601930C46FEF79DFF0F4B1B6883423B
:10F9680004D00E4BD3F88030834201D100252C46B9
:10F9780001A92A4623460A480AF0A6F9014640B9D1
:10F98800019B1C22184619F095FD0346184603B042
:10F9980030BD0023FAE700BF682B0020701F00204D
:10F9A800EC0A002010B50446806818B1F9F7E2FBAC
:10F9B8000023A3602146BDE8104001480AF010BAB0
:10F9C800EC0A00202DE9F347044680300E4617461E
:10F9D8001D460BF0C3FDE06D58B918480221184ABE
:10F9E80015F0AEFB204600F013F9002002B0BDE888
:10F9F800F087144B4FF00008984205D12068C4F8EE
:10FA08005C8015F0EEFEF0E7D0F80490C0F80480B2
:10FA1800E06DD0F818A0FFF7C5FF2068C4F85C8037
:10FA280015F0DFFEB9F1000FDFD02068CDF800A097
:10FA38003B46324629460068C847D6E7549B020031
:10FA480095FD02006C2B002070B5C36D0446CA6892
:10FA580043B319498B4225D0D5781DB3052D40688D
:10FA680006D00F2D1FD1437A012B1CD8022107E0A5
:10FA7800437A012BFAD9022B12D0032B13D104217C
:10FA880015F0A2F908B110300DD104F180000BF087
:10FA980065FDE26D0020137C43F00103137470BD13
:10FAA8000321EDE70E2500222B462046BDE87040D5
:10FAB8001146FFF787BF00BF6C2B002070B50546C5
:10FAC80050F8043C044655F80469002B3AD039B183
:10FAD800836D002B36D01B7CDA0733D505231BE05A
:10FAE800304602F09BFE737A012B2BD0A46D4CB3E9
:10FAF800237CDB0726D5E368002BEFD02846626914
:10FB0800617CFFF741F8064668B9637C01210E4A1B
:10FB18000E4814F03FF90E2300222846BDE8704035
:10FB28001146FFF74FBFE368D4E90512984718B1AB
:10FB38003046F9F71FFBEEE731462846FEF7F4FE9C
:10FB48000028F5D170BD00BFACFD0200549B020037
:10FB5800F7B550F8044C0546002C55D000F1AC011F
:10FB680004F1280015F0E7FC2E1F05F15C070022C0
:10FB7800002338460AF09CFC024658BBAB6D2BB1FB
:10FB880001466FF067033046FFF71CFF002345F876
:10FB9800043C05F15403D3E8EF1F21F00101C3E849
:10FBA800E21F002AF7D1A36A73BB04F10C060022F6
:10FBB800002330460AF07CFC78B9666886B921468D
:10FBC800124826600AF00CF9286803B0BDE8F04036
:10FBD80002F07EBEF9F7CEFAC9E7F9F7CBFAE6E705
:10FBE800A26833689642636008BFA36077683FB134
:10FBF800B3696FF067010093002320681A46B8477D
:10FC08003046FFF7CFFED8E703B0F0BDAC0A0020BE
:10FC180030B50546044655F8043B89B0186815F018
:10FC280057F96946FEF7FCFE2846FFF791FF1321B6
:10FC38006068FDF763FC034620B10121024A0348CE
:10FC480014F0A8F809B030BDCCFD0200549B0200A6
:10FC5800B0B588B0044654F8803D00AF186815F078
:10FC680037F93946FEF7DCFE6D4688B06A460B4B1D
:10FC7800C2E905374FF400739383094B42F8103FEC
:10FC880000234FF4E2510748F6F7DEFA2046AD4666
:10FC9800FFF7BEFF2037BD46B0BD00BFEAFD02003A
:10FCA80003000001549B020070B50E4658B9214963
:10FCB80040F6CE73204A214813F0BAF940F6CE71C7
:10FCC8001D4813F0ACF949B91D4940F6CF731A4ADB
:10FCD8001A4813F0ADF940F6CF71F1E7FFF7D0FC01
:10FCE800044628B93046F9F745FA6FF07F0070BD31
:10FCF80000F10C052846314618F064FBA06A38B1BB
:10FD080050F8B04904B1B03C294615F054FB20B96D
:10FD18000020ECE71C466FF00100002CF8D0D4F866
:10FD2800B03023B90230F5D020461C46ECE7B03B92
:10FD3800F8E700BF8CF50200E7FA02007FBE020078
:10FD480015E3020038B50C46054658B9184940F67F
:10FD5800E373184A184813F06BF940F6E371154835
:10FD680013F05DF949B9154940F6E473114A124890
:10FD780013F05EF940F6E471F1E70CF0A9FA2846B1
:10FD8800FFF77EFC20B90CF015FB6FF07F0038BD43
:10FD98000023236083683BB9C0E9014415F021FDC5
:10FDA8000CF008FB0020F2E71C608460F6E700BF57
:10FDB8008CF50200E7FA02007FBE020016FE020080
:10FDC80010B50C4618B311B3FFF75AFCF8B1836AA3
:10FDD800BBB153F8B02902B1B03AD96D8C4209D001
:10FDE8007AB11346D2F8B020002AF6D0D96DB03ACD
:10FDF8008C42F6D12046064ADA65BDE81040FFF786
:10FE0800D1BD0430214615F096FB2046F5E710BD1C
:10FE18006C2B002008B518F0DDFE38B1034601212F
:10FE28000348044A15F0FFFD6FF0040008BD00BF49
:10FE3800849B02003DFE020010B51846144607498F
:10FE48001022A047041E07DA23460121044A054868
:10FE580015F0E9FD204610BD0024FBE7581B0020E3
:10FE680053FE0200849B020070B50D4C06462378B1
:10FE78000D46834204D12846611C15F029FE58B965
:10FE8800237CB3420AD12846064915F021FE10B159
:10FE9800012004EB001070BD0020FAE70020FAE70B
:10FEA800A02B0020B12B002070B50D4C06462378FE
:10FEB8000D46834204D12846611C15F009FE58B945
:10FEC800237BB3420AD12846064915F001FE0028D3
:10FED800054808BF002070BD2046FCE70020FAE76F
:10FEE800001B00200D1B00200C1B002070B50D4CC2
:10FEF800054623780E46834203D1601C15F0E8FDC1
:10FF080060B9237BAB420BD13146074815F0E0FDC1
:10FF180018B101200C2303FB004070BD0020F9E755
:10FF28000020FAE7383F0020453F002070B5204BFD
:10FF3800144682689A420FD1A568C66875B92279B5
:10FF48003046216815F0CCFD024628B11949013028
:10FF580015F0EBFD15701581012070BDE0680028D3
:10FF6800FBD02B888B420AD0F6D2E068A368013810
:10FF78000433E060003818BF0120A360EDE725686E
:10FF880022792946304615F0ABFD024660B9304665
:10FF9800084915F0A5FD02460028E6D0294601309B
:10FFA80015F0C3FD23791370A3685B881381DCE720
:10FFB800B1050100E5DC0200102110B50648F9F78B
:10FFC8008DFD034630B1BDE810400121034A0448C5
:10FFD80015F029BD10BD00BF481B002074FE0200AB
:10FFE800849B020070B50646134D40B12A4615F8A9
:08FFF800011C6C1E14F04CFF0B
:020000021000EC
:1000000098B120460CE028460E4915F065FD40B930
:100010000C4905F1100015F05FFD20B105F10F004E
:1000200070BD681EFCE70020FAE73046217C04F131
:10003000110214F031FF0028F5D004F11000EFE7B1
:10004000A12B0020E5DC020010B54A1C0C4638B19B
:10005000097814F021FF08B1204610BD0020FCE70C
:100060001046024915F038FDF5E700BFE5DC020057
:1000700070B50646134D40B12A4615F8011C6C1E9A
:1000800014F00AFF98B120460CE028460E4915F0FE
:1000900023FD40B90C4905F1100015F01DFD20B1FC
:1000A00005F10F0070BD681EFCE70020FAE730463E
:1000B000217C04F1110214F0EFFE0028F5D004F1C8
:1000C0001000EFE7CD2B0020E5DC02002DE9F04128
:1000D00006460F46904614F040FC3946044630462A
:1000E000FFF7E6FE0546B4B3A8B91C4815F028FD95
:1000F0001B4A0446F0B102F1140015F021FDD8B9F5
:10010000012402F10C050C235C43601C39461044A9
:1001100015F00FFD1655012105F1080001FA08F14F
:1001200015F0F1FCBDE8F0414FF4004200230D480A
:100130000BF012BA1546E6E70B4940F2C6530B4ADC
:100140000B4812F079FF0B4812F076FF40F2C651CF
:10015000064812F068FFBDE8F08100BF081B0020D0
:10016000001B0020181B0020CAFE02009AFE02009D
:100170007FBE0200DCFE02000246014610B50423E9
:1001800011F8010B0832F9F77BFC034630B1BDE8EA
:1001900010400121024A034815F049BC10BD00BFC0
:1001A000FBFE0200849B02002DE9F04180460F46D1
:1001B00016461D46FFF79EFE044680B91549FFF717
:1001C00099FE044630B9BDE8F0410121124A1348B6
:1001D00015F0B9BC394600F8018B15F0AAFC22894C
:1001E00063896AB973B926816581214611F8010BCB
:1001F00014F0B3FB40B12046BDE8F041FFF7BCBFAF
:10020000964203D39D42EFD8BDE8F0819D422681FE
:10021000EBD9E9E7E5DC020017FF0200849B02004E
:1002200008B583685BB10949094840F60363094A88
:1002300012F002FF40F60361064812F0F4FE064990
:100240000130BDE8084015F074BC00BF36FF020065
:100250007FBE02009AFE0200E5DC020008B5012123
:10026000024A034815F06FFC002008BD4DFF020054
:10027000849B020038B514460E4B82680D469A42A4
:1002800015D122792168C06815F02EFC78B1D4F818
:10029000C8302F2B03D9BDE83840FFF7DFBF04EB90
:1002A00083021581018901335181C4F8C8300120CE
:1002B00038BD00BFB105010008B50121034A04485B
:1002C00015F041FC6FF0150008BD00BFA1FF020052
:1002D000849B020038B51546084B82689A420AD1C1
:1002E000C46829680134204615F0F6FB18B1204691
:1002F000696815F01EFC012038BD00BFB105010082
:1003000008B513468168074A914209D11A791968DC
:10031000C06815F0E9FB18B1002303604360038156
:10032000012008BDB10501004FF4A472002301486B
:100330000BF012B9E01B002008B50421084815F0A5
:10034000E2FB6FF00201064815F0E8FB044815F0E7
:10035000F7FBC30701D5FFF7E7FF002008BD00BF8B
:10036000101C0020024608B50749013015F0E1FBDA
:1003700000230C3202F8043CD2E8EF1FC2E8E03F51
:100380000028F9D108BD00BFE5DC020010B5FFF779
:10039000B1FD044678B1014611F8010BF9F77EFB77
:1003A000034620B10121054A054815F040FB002312
:1003B00023606360A360002010BD00BFADFF02009A
:1003C000849B020070B500F1700605463146007A44
:1003D00014F0C3FA04463146287A54B1FFF7D6FF29
:1003E000034660B1BDE870400121054A054815F09B
:1003F0001EBBFFF77FFD10B104604460846070BDD8
:10040000CAFF0200849B02002DE9F04385B00E462E
:1004100090469946044600AF58B90121344A354800
:1004200015F091FB6FF0150528461437BD46BDE861
:10043000F08307F1080114F03EF9054698B16D46C6
:1004400088B06A462C4BC2E905344FF4007393839D
:100450002A4B42F8103F00234FF4E2512548F5F7AC
:10046000F7FEAD46DEE72046391D13F0A5FD78689E
:1004700058B10A22294611F0FFFD034628B1012197
:100480001F4A1C4815F0D3FACCE7002007F10801F9
:10049000FFF730FD044620BB002EC5D01949FFF7F9
:1004A00029FD044638B90121174A124815F04BFBC3
:1004B0006FF00B05B8E7002307F1080100F8013BD6
:1004C00015F037FB04F1080104224846C047041E1A
:1004D000AADA234601210D4A064815F0A8FA254656
:1004E000A2E7002EEED10660466086609CE700BF62
:1004F00010DD0200849B0200E0FF02000300000107
:10050000FCFF0200E5DC02001700030053FE0200BE
:100510002DE9F041234B1546826807469A4202D1E5
:10052000C468638933BB0120BDE8F081FCF7B4FDEA
:100530000021E3686181002BF5D038469847F2E747
:1005400005F170084146287A14F007FA68B9164B8D
:100550009C4202D12846FFF735FF3046134915F07B
:10056000E8FA002323702381E2E74146304615F084
:10057000E0FADDE72389002BDAD0264616F8011BC6
:100580002846324614F088FC0028D9D1314620781C
:10059000FDF76CFB0028CBD0437B072BC6D1FCF7C3
:1005A0007BFDC0E7B1050100A8080020E5DC0200E2
:1005B0002DE9F0471F46BDF8203006468846D1F8A1
:1005C0000C90002B4ED17B1E012B4ED8012F49469B
:1005D000157818BF1588FFF737FD0446B8B915B967
:1005E0003846BDE8F0874946FFF72EFD044638B986
:1005F0001F4802211F4A15F0A6FA6FF01000F0E71D
:1006000006F17001013015F094FA337A2370D9F8AD
:100610001030DBB9B4F808A02581B9F80A30AB4234
:1006200003D04946404615F090FAAA4505D000226D
:10063000307A06F17001FFF749FD002DD0D10E4947
:10064000601C15F076FA25702581C9E72A464146D7
:10065000304698470028C4DB01380128DAD96FF00A
:100660000D00BEE76FF00600BBE76FF00C00B8E7C7
:10067000849B020039000300E5DC020073B50C46E0
:100680000546082104F11000164615F03CFA122325
:1006900004223146CDE9003228462246024B15F0AD
:1006A000FCFC02B070BD00BF1B61020008B5012157
:1006B000114815F028FA10F0010F104B0AD1104A1A
:1006C0009A610D4815F03CFA830713D4BDE8084041
:1006D000FFF72ABE1A8B588B012A4FF6FF7205D8F6
:1006E000904207D04FF6FF725A83EAE7904219838F
:1006F000E7D0F7E708BD00BF101C0020C01B00209A
:100700000100FFFF2DE9F0411F46BDF818300646F5
:10071000012B904635D83B44012B3D4634DCFFF796
:1007200065FC044668B9FFF761FC044648B902213C
:10073000184A194815F007FA6FF010052846BDE869
:10074000F08197B10023217A98F8002021FA03F074
:10075000C70703D522FA03F0C00718D50133032BCE
:10076000F4D102F007021143217206F17001601CFE
:1007700015F0DFF9337A01212046237015F0F2FCE1
:10078000DCE76FF00605D9E76FF00C05D6E76FF0F0
:100790001205D3E753000300849B020010B56FF0ED
:1007A000020104460E4815F0B9F90D4815F0C8F9D4
:1007B000C20704D5002200230A480AF0CDFE2046D5
:1007C00015F0D7F858B12046FFF710FC38B1037A7E
:1007D000DB0704D5BDE81040012115F0C3BC10BDF6
:1007E000101C0020E01B00202DE9F04385B0894655
:1007F00016469846044600AF58B90121414A42487E
:1008000015F0A1F96FF0150528461437BD46BDE86F
:10081000F08307F1080113F04EFF054698B16D46CD
:1008200088B06A46394BC2E905344FF400739383AC
:10083000374B42F8103F00234FF4E2513248F5F7AE
:1008400007FDAD46DEE72046391D13F0B5FB78689D
:1008500058B10A22294611F00FFC034628B10121A4
:100860002C4A294815F0E3F8CCE7002007F10801ED
:10087000FFF7FEFA044690B9FFF7B8FB044638B913
:100880000121254A204815F05EF96FF00B05BBE702
:10089000002307F1080100F8013B15F04AF9B9F10E
:1008A000000F2AD0022239464046B047061E07DA1A
:1008B00033460121194A144815F0B9F83546A3E723
:1008C0003B78022E237209D00221154A0E4815F0FA
:1008D0003AF90021204615F045FC95E77B78012B7D
:1008E00005D931460F4A084815F0A1F8F1E720462E
:1008F00003F0010115F026FC86E72046FFF732FDE4
:1009000082E700BF10DD0200849B0200E0FF0200CE
:1009100003000001FCFF02007F00030053FE020001
:10092000A1000300F500030037B504460D46FFF7AC
:100930009FFA0246C0B1037A0C308DF8043015F0EE
:10094000FFF8022300F001008DF8050001AA2946F6
:100950002046F9F7ABF8034620B10121034A0448C9
:1009600015F065F803B030BD0346F0E7460103001B
:10097000849B020010B5104C1049204615F0ACF8CD
:10098000014638B9601E15F0DDFB214614F8010C54
:10099000FFF7CAFF09490A4815F09EF8014650B909
:1009A000084815F0CFFBBDE81040074B187C03F159
:1009B0001101FFF7B9BF10BDA12B0020E5DC02003B
:1009C000B12B0020B02B0020A02B0020012110B55E
:1009D000234815F098F8C30740D40221204815F0A9
:1009E00092F808401FD11F491F4A0B881F4CA24292
:1009F00016D900B10B801E4940F207631D4A1E48FC
:100A000012F01AFB1D4812F017FB40F2076119485B
:100A100012F009FB5068083203449BB20120E6E75C
:100A2000F8D300B10B80164916480AF005FC4FF4C4
:100A3000A47200231348F9F7D9F8134913480AF0B0
:100A4000FBFB0221124815F05EF8124812490AF029
:100A5000F3FBBDE810401148FDF712BB10BD00BF0D
:100A6000C02B0020503F0020449B0200549B0200FA
:100A7000760103009AFE02007FBE020060CA0200F7
:100A80005F620200681B0020C9130100E01B002008
:100A9000101C0020181B0020EF62020080080020BC
:100AA00003462DE9F04198B3008A88BB01244FF03A
:100AB000140C1949DFF864E0714528D9184940F24F
:100AC0008373184A184812F0B7FA184812F0B4FAAB
:100AD00040F28371134812F0A6FAD1E90076BB42C6
:100AE00004D30CFB0672143A93420ED93444A2B2DA
:100AF00014460831E0E70CFB057843450AD0013580
:100B00006219B54292B2F6D1F2E70025F8E7E4D3D4
:100B1000BDE8F0811046FBE7449B0200549B0200B5
:100B20006F0103009AFE02007FBE020060CA02004D
:100B30002DE9F74F99464FF6FF73BDF83050074641
:100B4000002D08BF1D462B4B90461B880091834209
:100B500032D203B0BDE8F08F40468958019313F0BC
:100B6000D0FD019B90B101340AF1010AA4B273686F
:100B700053452CD9009B31689C42EAD8BC42F2D341
:100B80000BFB0AF28B18B8F1000FE5D1B9F1000F99
:100B90000BD1013D1846ADB221460E9A0D9B9847E8
:100BA000002DD6D00028DED1D3E7DA689145DAD11E
:100BB000EFE74FF0000ADAE701244FF0140B0E4E76
:100BC00006E0C6D273682344BB42F2D29CB2083618
:100BD0000A4B9E42F5D90A4940F64B03094A0A4896
:100BE00012F02AFA094812F027FA40F64B0105489C
:100BF00012F019FA503F0020449B0200549B02005F
:100C00006F0103009AFE02007FBE020060CA02006C
:100C10001822002110B5E4B00DEB0200CDE901115E
:100C2000CDE9031118F04AFC4FF41053ADF814301D
:100C30008023ADF816304FF48063234C1022CDE9A9
:100C4000073401A962AB05A80DF0C4FA034630B120
:100C50001E4A01211E4814F0EAFE64B010BD014690
:100C60004FF4AC720CA818F029FC224662990CA82B
:100C700017F0B1FF034608B1164AEAE74FF6FF71D5
:100C80000120154A0CAB15F0DFFA1022134905AB11
:100C90000CA817F0B7FF044662980DF059FA14B18A
:100CA00023460F4AD5E721460C4B03F11002187872
:100CB00012F8014D0131082903F8014B1070F6D1EB
:100CC000084814F020FFC8E70002C0039E0103009B
:100CD000849B0200C7010300335A0200481B002016
:100CE000E5010300101C00202DE9F04118490446DD
:100CF000A1F1300015461E46BDF818700AF08EFCB2
:100D0000144814F01DFF010705D4FFF781FFFFF71A
:100D100031FEFFF755F92046FFF768F968B1037A0D
:100D2000DA070AD500F10C04204614F009FFC307C6
:100D300003D40221204614F0E6FE10233A4606931F
:100D400031462846BDE8F041034B15F0AEB800BF70
:100D5000981B0020101C0020481B002010B51A48CA
:100D600014F0EEFEC0F3C00080F0010408B9FFF7F4
:100D70004FFF154814F0E4FE0346134814F0E0FE5C
:100D8000DA061FD5830606D5E4B1FFF7F3FDBDE80B
:100D90001040FFF715B920210B4814F0B4FE1022C3
:100DA0000A49881818F092FB48B909480AF0DAFB9A
:100DB000BDE810406FF00101034814F0AFBEFFF72B
:100DC00075FCE2E710BD00BF101C0020481B00208E
:100DD000E01B002008B51021034814F094FEFFF733
:100DE000BDFF002008BD00BF101C00202DE9F04F02
:100DF000B9B000AF0C46904637493A46D7F80801DB
:100E0000994613F0B5F838B9FFF756FA0546284663
:100E1000E437BD46BDE8F08F3E68391D304613F01B
:100E2000CBF83EB901212D4A2D4814F08CFE6FF00D
:100E300015043EE07868F8B94FF0000B07F1080A96
:100E40005146304687F814B013F035FC054600B320
:100E50006C4688B06A46234BC2E905364FF40073EE
:100E60009383214B42F8103F4FF4E2515B461C48FC
:100E7000F5F7EEF9A546DAE70A22002111F0FCF8B1
:100E800003460028D8D00121184A154814F0CFFD98
:100E9000CDE7C7F810A0E4B1C022484607F1200111
:100EA000C047041E07DA23460121114A0C4814F0FA
:100EB000BEFD2546ABE7A40807F12003C7E90634C9
:100EC0004FF6FF7101200B4A07F1100315F0BCF932
:100ED0009DE72346F2E700BFFB01030010DD02009F
:100EE000849B0200E0FF020003000001FCFF0200FF
:100EF00053FE020035FF0000002330B5B5B001916C
:100F00008DF808003393044601AB0D4601204FF6DF
:100F1000FF710B4A15F098F9339B73B19B0003AA3C
:100F200029462046F8F7D0FD034620B10121054AA5
:100F3000054814F07CFD35B030BD1A46F0E700BF1F
:100F40007502010002020300849B02002DE9F341B7
:100F500000F17008CDE9001204460F46007A4146C0
:100F6000164613F0FAFC05466B464FF6FF7101205A
:100F70000C4A15F069F91DB14146207AFFF7BCFF14
:100F80003946207AFEF774FF40B13146013014F043
:100F9000D0FD1DB14146207AFFF7C6FC02B0BDE886
:100FA000F08100BFD5020100002307B50193FFF7D0
:100FB00077FD411C89B20846034A01AB15F044F99C
:100FC000019803B05DF804FBCF5902002DE9F0430E
:100FD00087B00C461646804602AF70B9734940F69A
:100FE000AA53734A734812F027F8734812F024F892
:100FF00040F6AA516E4812F016F861B96F4940F6F2
:10100000AB536B4A6B4812F017F86B4812F014F8A8
:1010100040F6AB51EEE7437B072B40F0C280002344
:101020003B7342F603032068FB8107F10C0113F0C8
:1010300068FB0546002843D1D4F80490B9F1000FAD
:1010400005D101215E4A5F4814F07DFDA9E001232E
:101050002146009007F10802C847031E11DA6E46C8
:1010600088B002AAD36104235749C2E9051442F8A3
:10107000103F4FF401512B465248F5F7E9F8B546B9
:101080008FE0012B05D00121504A4E4814F0CFFCCF
:1010900087E03B7A13F0300F00F083802046FFF7A3
:1010A00083FF044660B9454940F6C953404A414868
:1010B00011F0C2FF464811F0BFFF40F6C95199E751
:1010C000002320683B7342F6021307F10C01FB81F9
:1010D00013F017FB88B12046FFF766FF044660B99E
:1010E000364940F6CF53324A324811F0A5FF38480E
:1010F00011F0A2FF40F6CF517CE7002542F602191D
:10110000206839463D70A7F8029013F0FAFA10BB38
:10111000002320683B7342F6021307F10C01FB81A8
:1011200013F0EFFA054600283BD1D4F80490B9F14A
:10113000000F86D0022300902146404607F10C02A2
:10114000C847031E8BDB022B9DD1BB891E4214BFF7
:101150000120002026E042F603032068391D3D717E
:10116000FB8013F0CEFA0028D2D04FF42053206831
:1011700007F108013D727B8113F0C3FA0028C7D044
:1011800042F60103206807F10C013D73FB8113F067
:10119000B8FA0028BCD02046FFF706FF0446002816
:1011A000AED100201437BD46BDE8F0838CF50200B7
:1011B0009AFE02007FBE02002002030035020300F7
:1011C0003A020300849B02004E02030074020300F3
:1011D0008D0203002DE9F84315468946942269687B
:1011E000064615F094F88046002842D10222304687
:1011F0006968FFF7EBFE00283ED04FF47020002115
:10120000AF8AFEF7A7FB0237044680B11D211C4BB5
:1012100047613A464174C0F80C80436085613046AE
:10122000FEF766FB074638B92046FEF7BFFB6FF0B6
:101230000B052846BDE8F88301234246414614F0D9
:10124000BAFBA98A07F10C000231F8F71DF920F862
:10125000029BAA8A296918F00AF921463046A7603C
:10126000FEF774FD05460028E3D02046FEF79EFBFE
:10127000DFE74FF0FF35DCE76FF01505D9E700BF7A
:10128000D559020030B505460C468BB071B94649B8
:1012900040F64F43454A464811F0CEFE454811F00E
:1012A000CBFE40F64F41414811F0BDFE4B6873B98B
:1012B0000B6863B940494FF445633C4A3C4811F020
:1012C000BBFE3C4811F0B8FE4FF44561EBE73B48EC
:1012D00014F036FC420761D515B16B7B072B60D14A
:1012E00060680590FFF7DCFB2268ADF818003AB3A0
:1012F00005A90291324900230191012100914FF685
:10130000FF710593FFF714FC059B1BB96FF00100FB
:101310000BB030BD6360059B04A9186800238DF8ED
:10132000103042F60303ADF8123013F0EAF970B949
:101330000598C3689B799B0605D46FF01500E7E715
:101340000028E8D1E2E714F038FFADF81800BDF846
:1013500018003DB10123014622462846A375FFF738
:1013600039FFD5E76FF07F0307930223ADF82030F4
:1013700042F60213ADF8123005ABA5750293114B7E
:101380004FF6FF710193012304AA00932B460994A1
:101390008DF81050FFF7CCFB0798B9E76FF00A0003
:1013A000B6E76FF07F00B3E7A30203009AFE0200E6
:1013B0007FBE0200AA020300C002030094050020C1
:1013C000035A020081150100F7B500F1300504460B
:1013D000A0F12007284614F0B3FB8307C0F34006B2
:1013E0000ED5194940F25653184A194811F024FEF7
:1013F000184811F021FE40F25651144811F013FE26
:1014000054F8083C6FF001012846019314F086FB64
:10141000114B394644F81C3C104B304644F8183CFC
:1014200001AB44F8103C042324F8086C24F8066C43
:1014300024F80C3CFFF726FF18B90221284614F0C7
:1014400062FB03B0F0BD00BFDD0203009AFE0200A4
:101450007FBE02000E030300F8A302009D070100F7
:101460002DE9F843904614683C4B826805469A4241
:1014700000AF20D1C6683389721CE3B120463178B1
:1014800013F00AFDB8B14FF495722946204614F0C6
:101490003EFF30B3032812D16C4688B06A46304B09
:1014A000C2E9053542F8100F00234FF4C4512D480E
:1014B000F4F7CEFEA5460120BD46BDE8F883052819
:1014C00020460CBF4FF003094FF0020913F0B5FCA2
:1014D000814506D998F804304B45ECD288F8049041
:1014E000E9E73146284614F030FB1F4B9E42E2D11B
:1014F000207A04F17001FEF7FDFC05460028DAD0E1
:10150000038913B94389002BD5D02046FBF772FF1E
:101510002B89164A698922F8203002EB8003598012
:1015200018231349134D03FB001300B202EB800292
:101530001A61042200EB40005D600F4D01EBC00119
:1015400020469D609A82FFF79DFE0028B3D00121BE
:101550000A4A044814F0F7FAADE700BFB1050100EC
:1015600029030300849B0200A8080020343F0020C8
:10157000882B0020F8A30200816102003D030300D4
:101580002DE9F8431446404B826807469A4203D03F
:1015900001273846BDE8F883C6683C4B9E4210D010
:1015A0003289A389711C9A42F2D13078FCF75EFB34
:1015B00005460028ECD0437B072B26D0FBF76CFDBB
:1015C000E6E74FF00008324DDFF8C890494628465C
:1015D00014F082FA78B90722294615F8010CFCF7B5
:1015E000C3FB78B9236929461A6915F8010C538899
:1015F0001288FEF7D9FD0C35B8F1000FD0D14FF0AD
:101600000108E3E7FBF748FDF5E7736923B13946C5
:10161000984708B92846D1E739469422284614F05D
:1016200076FE07460028F5D1A389022B14D1338911
:1016300013F0020604D12846FBF72EFDA660A7E7AB
:1016400028462269A188FFF7C5FD0646A8B9226988
:10165000937D01339375EEE7012B04D02846FBF709
:101660001BFDA76094E7338913F00106E3D02846F9
:101670002269A18814F086FE06462846FBF70CFD79
:10168000002EA66085DB83E7B1050100A8080020D5
:10169000393F0020E5DC020073B50D46044670B901
:1016A000214940F6EE63214A214811F0C5FC21484A
:1016B00011F0C2FC40F6EE611C4811F0B4FC09B117
:1016C0000B6863B91C4940F6EF63184A184811F0DB
:1016D000B3FC1A4811F0B0FC40F6EF61ECE7437B35
:1016E000072B1AD1061D4FF48031304614F00BFA47
:1016F000C30315D402232046CDE900332A46104BFC
:10170000104914F0CAFC044620B16FF48031304611
:1017100014F004FA204602B070BD6FF07F04F9E7C0
:101720006FF07704F6E700BF8CF502009AFE020026
:101730007FBE0200200203005A030300AA02030036
:101740007B5B02000B5A020070B50C46054686B062
:1017500070B9734941F27323724A734811F06CFCFB
:10176000724811F069FC41F273216E4811F05BFC84
:1017700009B14B6863B96E4941F27423694A6A48FA
:1017800011F05AFC694811F057FC41F27421ECE762
:101790000A890AB1CB8963B9664941F27523614A66
:1017A000614811F049FC614811F046FC41F2752195
:1017B000DBE79A420CD9604941F27723594A5A48EB
:1017C00011F03AFC594811F037FC41F27721CCE78F
:1017D000437B072B40F0A1800B7C062B10D8DFE861
:1017E00003F004045A5A629528000B68CBB11B78A9
:1017F0004BB1022B13D00121504A514814F017F974
:101800006FF0150009E00823019306232246009398
:101810004C494D4B284614F040FC06B070BD1623D1
:10182000F2E7102304212246CDE90031474B484915
:10183000F0E708680028E3D00678002EE0D14FF4E6
:10184000245302A98DF80860ADF80A3012F059FF50
:1018500008B342F60213206803A98DF80C60ADF8B6
:101860000E3012F04EFFB0B142F60313206804A907
:101870008DF81060ADF8123012F043FF58B142F607
:101880000413206805A98DF81460ADF8163012F025
:1018900038FF0028B4D1082304222E49CDE90032B4
:1018A00022462D4BB6E7086880B300264FF420533C
:1018B00002A98DF80860ADF80A3012F022FF002866
:1018C0009ED042F60103206803A98DF80C60ADF8A4
:1018D0000E3012F016FF002892D042F60203206864
:1018E00004A98DF81060ADF8123012F00AFF00283C
:1018F00086D042F60303206805A98DF81460ADF880
:10190000163012F0FEFE00283FF47AAF0423224680
:10191000CDE900331149124B7CE76FF07F007CE783
:101920008CF502009AFE02007FBE0200AA020300AC
:101930005A030300710303009E030300CB0303005B
:10194000849B02002F640200C55F02000F5C02004E
:10195000651901008D1A01003F5C0200E51E0100BF
:10196000A75B02002DE9F0478EB0074616461C46DD
:10197000169D31B12A4600216B680EB0BDE8F047D4
:10198000184763B902213E4A3E4814F0DCF82A4663
:10199000002138466B6898470EB0BDE8F087137891
:1019A000062B08D0142B05D00121374A354814F0F6
:1019B0003EF8ECE702214FF00008C246013C8DF8EA
:1019C0001010A4B206F101093378A3420CD9002CFF
:1019D000DDD1B8F1000FDAD02A46414638460EB0C4
:1019E000BDE8F04714F005BD1422002109A817F046
:1019F00065FDB9F8002093B2002BC8D0B9F80210E9
:101A00001FFA81F8B8F1000FC1D04345BFD89DF847
:101A1000103013B3022B25D02B7CADF80C10002B0B
:101A200042F6010308BF4FF42053ADF8063004AB73
:101A3000029301AB099302ABADF834200C932A4614
:101A400038466B688DF804A009A998470028A3D0F0
:101A50003378E41AA4B29944B6E7B9F80430ADF883
:101A60001230D9E709F104030DF1110009F1140C4A
:101A700053F804EB634540F804EBF9D1CCE700BF21
:101A8000E0030300849B0200EA0303002DE9F04F0A
:101A900091B0174681461C460A461A9E31B132461D
:101AA0000021736811B0BDE8F04F1847317C02295E
:101AB00040F084804BB9A34AA34814F044F832465E
:101AC00000214846736898475CE03B78062B08D0B5
:101AD000082B05D001219D4A9B4813F0A8FFEEE793
:101AE0001146002542F6020A013C8DF81810A4B2F6
:101AF00007F1010B3B78A3420BD9002CDFD1002D5D
:101B0000DDD032462946484611B0BDE8F04F14F00A
:101B100070BCBBF800801FFA88F5002DCFD0BBF851
:101B200002009DF81820ADF81400BBF80410ADF8C1
:101B3000161062B1022A15D0316831B306A812F02E
:101B4000E0FD10B33B78E41AA4B29B44D2E706AAA6
:101B500004929BF806209BF8071042EA0122ADF898
:101B60001A20E9E70A237081B181A6F80880484667
:101B7000019200933246764B764914F08EFA85B284
:101B8000002DBED111B0BDE8F08F4FF00003102240
:101B900000210CA88DF80C30ADF80EA017F08EFCCB
:101BA00003AA0B9204AA0E92484632467368ADF817
:101BB0003C800BA998470028C4D1E3E7032967D1EB
:101BC00013B902215F4A77E73B78072B02D0152B28
:101BD00080D102220025013C8DF81820A4B207F123
:101BE00001080DF1180A3B78A34286D8B8F800B076
:101BF0001FFA8BF5002D3FF462AF9DF8183063B1EA
:101C0000022B13D03168F1B1504612F07AFDD0B1F9
:101C10003B78E41AA4B29844E5E798F8053098F8C0
:101C2000062043EA0223ADF81A30EBE708F105037A
:101C30000DF1190208F1150153F8040B8B4242F81B
:101C4000040BF9D1DEE798F80230B8F803208DF8DC
:101C500016304FF000038DF80C3042F603030021DC
:101C6000ADF814200CA81022ADF80E30CDF810A05D
:101C700017F024FC03AB0B9304AB0E93324648469B
:101C80007368ADF83CB00BA998470028C0D179E73C
:101C900033681D7835B95B884CB92A4A02212A4835
:101CA00013F051FF3246002148467368FAE6B84601
:101CB000013C18F8012BA4B2A24200F2E980012CE9
:101CC00001D8254AEAE7B7F80150002DEAD0A3F57C
:101CD0002453042BE6D801A252F823F03D1D010045
:101CE000A51C0100AD1D0100031E0100891E01009D
:101CF000B8F8023010220021D6F800A00CA8ADF8E8
:101D0000183017F0DBFB06AB0E933246484673687B
:101D1000CDF82CA0ADF83C500BA9984700283FF413
:101D200031AF3B78E41AA4B2A342984400F2B080E9
:101D3000012CC6D9B8F80050002DB3D0032CD7D849
:101D4000064AABE7E0030300849B0200EA030300BA
:101D5000935B0200AD1E0100FE0303000C040300B0
:101D6000B8F8023010220021D6F800A00CA8ADF877
:101D7000183017F0A3FB06AB0E9332464846736843
:101D8000CDF82CA0ADF83C500BA9984700283FF4A3
:101D9000F9AE3B78E41AA4B2A342984478D8012C57
:101DA0008FD9B8F80050002D3FF47CAF032CD7D862
:101DB0003B4A73E7B8F8023010220021D6F800A0A1
:101DC0000CA8ADF8183017F079FB06AB0E9332462D
:101DD00048467368CDF82CA0ADF83C500BA9984745
:101DE00000283FF4CFAE3B78E41AA4B2A342984453
:101DF0004ED8012C7FF665AFB8F80050002D3FF4A7
:101E000051AF032CD6D8274A48E798F80230002172
:101E10008DF8183098F80330D6F800A08DF81930F6
:101E200098F8052098F804300CA843EA0223ADF88E
:101E30001A3098F806308DF81C3098F8082098F879
:101E4000073043EA02231022ADF81E3017F036FBAC
:101E500006AB0E93324648467368CDF82CA0ADF819
:101E60003C500BA9984700283FF48CAE3B78E41A0D
:101E7000A4B2A34298440BD8012C7FF622AFB8F845
:101E80000050002D3FF40EAF082CBED8064A05E7DF
:101E9000002C7FF407AF002D3FF404AF31E600BF04
:101EA0001A040300280403003604030070B5102B45
:101EB00005461146049C0BD00121084A084813F03E
:101EC000B6FD2246284663680021BDE870401847E9
:101ED0002246BDE8704014F0F7BA00BFEA030300E1
:101EE000849B02002DE9F04F8FB00746189D1846DD
:101EF00029B953B90221544A544813F024FE2A4602
:101F0000002138466B6898479BE01378012B07D077
:101F1000022B20D001214E4A4C4813F088FDEEE7F9
:101F20000B464FF00409013880B248458DF8103057
:101F3000E5D34FF00008B0FBF9FBC246541CCDF8C6
:101F4000008004AEBBF1000F08D12A463846009944
:101F500014F04FFA75E04FF01209E4E7238801937B
:101F6000BDF804300093B8F1000F53D19DF8103044
:101F7000002B37D0022B3CD02968002945D12B7C7F
:101F8000042B4DD14FF42053304602A98DF808A000
:101F9000ADF80A3012F0B5FB00283BD042F6010341
:101FA000304603A98DF80CA0ADF80E3012F0A9FB55
:101FB00080B342F60203304609A98DF824A0ADF89B
:101FC000263012F09EFB28B342F60303304609A9DF
:101FD0008DF824A0ADF8263012F093FB00BB4FF033
:101FE000010819E0A378E27843EA0223ADF8123041
:101FF000C2E7A31C0DF1110204F1120153F8040B06
:102000008B4242F8040BF9D1B6E7304612F079FB67
:102010000028B4D04FF000080BF1FF3B4C4491E78F
:10202000102200210AA817F049FABDF804302A4608
:10203000ADF8343038466B68099609A998470028EE
:10204000EAD10FB0BDE8F08FE0030300849B0200EB
:102050004404030007B50A4670B9294941F2D9334F
:10206000284A294810F0E8FF284810F0E5FF41F21F
:10207000D931244810F0D7FF09B1096861B9244962
:1020800041F2DA331F4A204810F0D6FF1F4810F003
:10209000D3FF41F2DA31ECE7437B072B2CD15368B5
:1020A0003BB908234FF0040ECDE9003E194B1A4905
:1020B00009E0012B11D0117B5B00019341B120237A
:1020C00016490093164B13F0E8FF03B05DF804FBCC
:1020D0000E2314490093144BF5E7538933B10C23B5
:1020E0004FF0040CCDE9003C104BE0E70A2302213D
:1020F000CDE900310E4BDAE76FF07F00E5E700BF76
:102100008CF502009AFE02007FBE0200AA020300C4
:102110005A0303001160020035210100295E02000C
:10212000A35C0200235D02007B5C0200D35B020023
:10213000BF5B02002DE9F04F83B002AF80469146AD
:102140001D460E46BC6A41B96BB92568002322467C
:102150000093F1B24046A8472EE0B1F5807F28BF3A
:102160000E262568F2E76368002B6ED1013D2689B3
:10217000B4F80AB0ADB202F1010A002D4CD099F8C2
:102180000030AB4228BF2B46012B0AD802213D4A22
:102190003D4813F04CFC002300932246042125689F
:1021A000D8E7BAF80020023B91B29BB241B90121B5
:1021B000364A354813F0C7FC0437BD46BDE8F08FFA
:1021C0008E4201D88B4517D26D468AB002AA304B99
:1021D000C2E9076BC2E90531052342F8103F00232D
:1021E0004FF422512848F4F733F8AD46002300930A
:1021F000256822460E21ADE7228100932246002168
:102200004046D4F800C00AF10203E0470028D3D0CA
:1022100099F80030AB4206D921464046FFF71AFF35
:102220000028C9DAE2E7238962899A4205D10023AE
:1022300000932568224619468CE70133238199F8DB
:102240000030ED1AADB29A4497E700951346D4F8E2
:1022500000C02246E0470028AED0238A013B9D42C1
:1022600003DA009633462568E4E7638921461D4476
:1022700040466581FFF7EEFE00289DDA0096334662
:102280002568B6E756040300849B02008E04030011
:102290009D04030073B50C46054670B92D4941F203
:1022A000E3432D4A2D4810F0C7FE2D4810F0C4FE20
:1022B00041F2E341284810F0B6FE09B10B6863B95A
:1022C000284941F2E443244A244810F0B5FE24484A
:1022D00010F0B2FE41F2E441ECE78B8863B9224989
:1022E00041F2E5431C4A1D4810F0A6FE1C4810F0C0
:1022F000A3FE41F2E541DDE7437B072B03D06FF0FE
:102300007F0002B070BDCB888E89B3B1284613F030
:10231000BAFA0028F3D0A289431F9BB2934228BF88
:10232000134604339BB201931623224600930F49B0
:102330000F4B284613F0B1FEE3E713F0A4FA023680
:102340000138B042E2D312232246009309490A4BD6
:102350000196EEE78CF502009AFE02007FBE0200B5
:10236000AA0203005A0303000405030047650200A4
:10237000E35C02001B5A0200A75C0200032A2DE95D
:10238000F743064689461C460CD80221234A2448B6
:1023900013F0D9FB22460E213046236803B0BDE876
:1023A000F04318479F89151FBD4213D91D4A0121CB
:1023B0001B4813F0C8FB18230121CDE900311A4B4B
:1023C00022463046194913F068FE0028E2D103B0D6
:1023D000BDE8F083D3F808802A464046043117F060
:1023E00075F8E388B9F802209A4200D108B1104A82
:1023F000DDE77B1B12FA85F208EB05009BB2E28059
:10240000A060A3812BB918230122CDE90032094B2A
:10241000D6E721463046FFF73DFFD6E7E00303004D
:10242000849B020013050300EB5B02001B5A0200B1
:1024300035050300FD5B020070B50D46064670B918
:10244000424941F28553424A424810F0F5FD424864
:1024500010F0F2FD41F285513D4810F0E4FD09B164
:102460000B6863B93D4941F28653394A394810F047
:10247000E3FD394810F0E0FD41F28651ECE78B892D
:1024800063B9374941F28753314A324810F0D4FDDD
:10249000314810F0D1FD41F28751DDE74B8963B936
:1024A000304941F28D532A4A2A4810F0C5FD2A4886
:1024B00010F0C2FD41F28D51CEE7437B072B3BD19B
:1024C000FDF7D6FD044658B9FDF7D2FD04460028B5
:1024D00035D006F17001013013F02BFB337A2370F5
:1024E000A3687BB10022143B9D422BD01889298917
:1024F000884204D19889A989884228BF01225B6952
:1025000073B97AB930462946174AFEF7B7F8064636
:1025100040B1A36813B92046FDF782FE304670BD76
:10252000143BE1E7A26805F114036A61E268A36065
:1025300002B9E3600026F1E76FF07F06EEE76FF087
:102540000B06EBE76FF07706E8E700BF8CF50200BB
:102550009AFE02007FBE0200AA0203006B05030080
:102560008405030092050300A35D0200F8B50C4644
:10257000064670B9394941F2EB53394A394810F0EF
:102580005BFD394810F058FD41F2EB51344810F032
:102590004AFD61B9354941F2EC53314A314810F0F6
:1025A0004BFD314810F048FD41F2EC51EEE7437B22
:1025B000072B4DD1FDF75CFD054600284BD0836805
:1025C000002B48D000221746143B9C4208D01889A3
:1025D0002189884208BF01275B691BB1143BF4E7DE
:1025E0000122F9E7002A36D004F1100013F0A8FA0E
:1025F000430703D52146304613F0B8FF9FB104F1DD
:10260000140105F1080013F01EFDAB683BB1002377
:1026100021461A4630462568A8470020F8BD2846BE
:10262000FDF7FEFDF3E721463046114AA781FEF78C
:1026300025F80028F2D104F1140105F1080013F087
:1026400002FDAB68002BE8D12846FDF7E9FDE4E781
:102650006FF07F00E2E76FF01500DFE78CF5020016
:102660009AFE02007FBE0200AA020300A30203003A
:10267000A35D02002DE9F8438C6806469046994612
:1026800054B3256805B1143D34F80C3C434520D1C2
:10269000143C07E02C466D692389FDB14345A5F143
:1026A0001405F7D1A27B737A9A4212D84A46214682
:1026B00030462768BDF82030B84750B9214630462B
:1026C000FFF754FF034620B10221064A064813F0E3
:1026D000AEF92C46002DDED1BDE8F8834345E1D0AC
:1026E000FAE700BFA5050300849B0200F0B587B0A0
:1026F00007460E461546FDF7BBFC0446C8B12A4600
:10270000314603A811F051FFBDF81030042B10D949
:10271000042103A8F6F79AFEBDF810104688028837
:10272000B14208D201213346084A0948009511F008
:102730003FFB07B0F0BD2146031D00963846FFF76A
:1027400099FF314603A8F6F781FEDDE7C4050300D3
:10275000849B0200012370B500F170058EB0044621
:1027600003902946007A8DF8103012F0F6F890B1F7
:10277000227A52B302AE0421304610F06FFD00966B
:102780002421134A05A82B46F7F7CAF805AA1046D4
:102790001049F4F7E1F84FF6FF7101200E4A03AB40
:1027A00013F052FD204612F048FB9DF810108842AD
:1027B00009D2204612F00CFB034620B10221074A41
:1027C000074813F034F90EB070BD0092D8E700BF8F
:1027D00024040300ED0D010061140100DD05030078
:1027E000849B0200F8B50E4B05461B680E46174643
:1027F000A3B11C6804B1043C53F8043C1BB13A4635
:102800003146284698474CB1234664681B681CB182
:10281000043C002BF3D1F7E7002BF0D1F8BD00BF4B
:10282000C42B00202DE9F04182B0012300AF054602
:10283000386000F17001007A3B7112F08EF888B9AF
:102840004FF6FF7101203B461F4A13F0FDFC0021AB
:10285000284613F0BBFE08B9FDF728FF0837BD4630
:10286000BDE8F0812846FDF703FC0028E8D0846825
:10287000002CE5D0143C04F11003184613F060F965
:1028800002071FD4184613F05BF98307C0F3400614
:1028900018D4214628460D4AFDF7F0FE002811DA2B
:1028A000E8468AB06A460A4BC2E90740C2E90535E4
:1028B000052342F8103F4FF4225133460548F3F701
:1028C000C7FCC5466469D3E7611401001D5E0200C0
:1028D00009060300849B02002DE9F74F04460346D6
:1028E0004FF6FF7101203A4A04F1700613F0ACFC78
:1028F0003146207A13F0C5FC3146207A12F02DF8CB
:1029000050B1237A4FF6FF718DF8043001206B46E9
:10291000304A009613F098FC2046FDF7A9FB0746C5
:1029200040B92046FDF762FB054600283DD103B0C3
:10293000BDE8F08F8568002DF3D055F81489B8F103
:10294000000F01D0A8F114084FF00009CA4601E0B9
:102950004546984605F1100B6FF00801584613F0F4
:10296000DDF83146207A11F0F8FF80B92B464A464F
:1029700039462046A5F80CA013F0F3F9B8F1000F82
:10298000CFD0D8F81430002BE2D0143BE0E7584603
:1029900013F0D6F8C307E9D47B781BB13146781C15
:1029A00013F0C7F805F11409E8E73146207A11F071
:1029B000D4FF28B9284603B0BDE8F04FFDF7D2BCDC
:1029C0003146681C03B0BDE8F04F13F0B2B800BF49
:1029D000110501000103010008B50A4B42689A4243
:1029E0000ED183695BB90849084841F6BF13084A0C
:1029F00010F022FB41F6BF11054810F014FB1982BC
:102A000008BD00BF35210100A30203007FBE020004
:102A10009AFE020008B5054B0146184613F017FE52
:102A2000043B002814BF1846002008BD1C1C0020D1
:102A3000084B00F5B8701A68074BD0E8EF1F9942B1
:102A400004D1C0E8EC2FBCF1000FF6D1D0E8AF0FF5
:102A5000704700BFBC2A0020181C002008B5FFF7F3
:102A6000E7FF0346C8B1D0E9001221B9002A0CBF24
:102A70000320022010E032B1836813B9094B1B78A0
:102A800033B9042008E00749087828B19B6833B9B6
:102A9000003A18BF0122500008BD0320FCE70120C6
:102AA000FAE700BF2447002008B50121024A034885
:102AB00013F0CBFD002008BD4D060300E49B02008F
:102AC000002370B51A460446EC300D46FBF7C0FBF8
:102AD00058B1693004D10121084A094813F0B5FD05
:102AE0002846BDE87040F6F749BB04F5A0704FF4E6
:102AF0007022BDE87040002308F02EBD95FB020057
:102B0000E49B02002DE9F041D0F8EC600446F57832
:102B100090B0002D6AD1CF68102229460CA816F07B
:102B2000CDFC237A052B50D8DFE803F0060303061B
:102B30004F3ED4F8D8300C9306F177030DF12008FE
:102B400002937E3604F111030093CDF80C800196B8
:102B50000CAB04F1270204F1370104F1C70014F0B3
:102B600024F8002836D110223946404616F0AEFC33
:102B7000002839D1627B237DCDE906009A4294BFBB
:102B800000920093ADF8140004F14703D4F8EC0070
:102B900005AA06A912F0DCF8002820DA0121144A5F
:102BA000144813F052FD15E0D4F8E030002BC3D0E8
:102BB0000DF1300C03F1100E6246186859680833A5
:102BC00003C273459446F7D1B6E701210A4A094882
:102BD00013F083FD0825284610B0BDE8F0810121DF
:102BE000201D13F09FFDF6E70B25F4E70025F2E723
:102BF00084060300E49B02006806030038B504461F
:102C0000051D0821284613F08DFD084904F15700E1
:102C1000F9F730FF48B10821284613F053FD044866
:102C20000121044A13F011FD082038BD456A020055
:102C3000E49B02009F06030070B50C21054613F0CB
:102C400081FD0446F0B140210C30F6F71DFC0E4B1F
:102C500002461B68014603F1200053F8046B8342CF
:102C600041F8046BF9D1203203F1200153F8040B31
:102C70008B4242F8040BF9D128462146FFF720FF8A
:102C8000002070BD0820FCE7EC2B002070B5CD685B
:102C90000446EB78D0F8EC60102B01D0062070BD14
:102CA0002A7990F8E830134080F8E8306A7990F893
:102CB000E930134080F8E930022303742B68C0F830
:102CC0001130AB88A0F81530AB781A0706D5037B16
:102CD0001B0703D50521043013F024FDAB789806BB
:102CE00006D5237B990603D51421201D13F01AFD68
:102CF000AA78237BD20728D5DB0726D50D21201DF6
:102D000013F010FD237BE17C2D7803EA010210070C
:102D100004D5E27AA07C0243D2071AD4042D1AD833
:102D20000B4313F0040307D02046FFF797FE314B07
:102D300005EB85052B441B5C23722046D6F8A010BA
:102D400013F08BFC48B90320A9E70023A4F8E8306E
:102D5000D8E70523F0E70023EEE7D4F8EC309B7AC0
:102D6000032B14D004D8013B012B1CD9082096E773
:102D7000042BFBD1237D627B934228BF1346102B8B
:102D80008CD10521201D13F062FC0028DBD0237AB2
:102D9000002BD8D00521201D13F059FC18B9237A37
:102DA000013B012BCFD9261D0521304613F04FFCE6
:102DB0000028C8D02046FFF73BFE002384F8E83007
:102DC00094F8E93003F0020384F8E9300A4B1D68F7
:102DD0002DB93046062113F0A5FC28465FE72046B2
:102DE0000C2113F09FFC0B2113F06CFCBDE870402C
:102DF000FFF722BFCF0A0300EC2B00202DE9F043A0
:102E000004468DB008AE10220021304616F056FB65
:102E1000237A052B34D8DFE803F0060303063323B7
:102E2000D4F8D8300893D4F8EC3004F1470204F118
:102E3000C707CDE9017204F1270803F17E0204F10E
:102E40003709009241464A46773304F1970001F072
:102E500049FCF0B1294A0121294813F0F6FB14E09E
:102E6000D4F8E430002BDED0354603F110072A46B3
:102E700018685968083303C2BB421546F7D1D2E738
:102E80000121204A1E4813F028FC08200DB0BDE89F
:102E9000F083D4F8EC3004AD03F17E027733019374
:102EA00004F10A03029200934A46334641463846EB
:102EB000039513F07AFE08B1134ACCE70D212046A2
:102EC00013F030FC0D2113F03DFC07460028DCD048
:102ED00010210C30F6F7D8FA2A460346154603CDE2
:102EE000B542186059602A4603F10803F6D120461E
:102EF0003946FFF7E5FD0020C8E700BFB80603002C
:102F0000E49B020068060300CD06030073B5047A53
:102F10000546022C23D844B190F8DC30D0F8D840D4
:102F2000DC4004F0010444F080040321284613F03F
:102F300009FC0646D8B110210C30F6F7A5FA00902E
:102F400012482346006805F1270205F1570113F0E6
:102F500007FE044680B13046F6F710F907E0032C6F
:102F600008D0234601210A4A0A4813F0B6FB08207C
:102F700002B070BD0024D8E731462846FFF7A0FD17
:102F8000281D214613F09EFB2046F1E7EC2B002084
:102F900068060300E49B0200F7B504460E46FFF7FF
:102FA00047FD04F1570705463A46F36803F120014F
:102FB00053F8040B8B4242F8040BF9D104F1770269
:102FC00003F1200153F8040B8B4242F8040BF9D1B2
:102FD0003846F9F7A7FC08B303216A4A6A4813F098
:102FE00034FB0E21201D13F09DFBD4F8EC60D6F8C5
:102FF000A03033B9307A06F1700101F04BF8C6F811
:10300000A000D6F8A030A3B15A8A02F0240282B1FF
:103010005B7C99070DD4032003B0F0BD3846F9F767
:103020008DFC30B958480221584A13F00EFB0B2092
:10303000F2E7D4F8EC30DB780BB10020ECE7261D8A
:103040000E21304613F003FB68B9514B202238465D
:10305000196816F03BFA30B902214E4A4A4813F07B
:10306000F4FA0820D8E7237A052B00F28380DFE802
:1030700003F00349080381530321204613F052FB58
:1030800031E02046D4F8EC70FFF7D2FC04214FF079
:10309000FF3305460DEB01000193F9F77BFA002899
:1030A000DFD1019B3C4A84F8DC00B3FBF2F102FB68
:1030B00011330193C4F8D83055B12B6843B10B21BB
:1030C000304613F02FFB38462B68D4F8D8109847B9
:1030D0000321204613F026FB0E2113F023FBFFF7FC
:1030E00015FF002898D13046072113F01BFB08205C
:1030F000FFF790FC0028A0D1204603B0BDE8F040C7
:10310000FFF77CBD0A21304613F00CFB6B68D4F846
:10311000EC0098470E21B0E7102104F12700F9F7E1
:1031200039FA00289DD15DB3EB684BB31B4BD4F843
:10313000EC101B88E27AADF80430C978A37CB9B9E9
:10314000D20703F0010311D4002B08BF0320002392
:103150008DF80500C4E9383330460C2113F0E2FA4B
:10316000EB68D4F8EC0001A99847BCE7581CEEE7DF
:103170000320ECE701210A4A034813F0AEFA70E796
:10318000022049E7F0060300E49B02001107030058
:10319000EC2B00202D07030040420F00389E020058
:1031A000680603002DE9F041044686B00D46FFF79E
:1031B0003FFC04F1370706463A46EB6803F110017D
:1031C00053F8040B8B4242F8040BF9D1D4F8EC30DD
:1031D000DD78002D40F08380237A052B68D8DFE866
:1031E00003F022030322672D94F8DC20D4F8D830B2
:1031F000D34003F0010343F080033A490DF108087E
:10320000CDF800803A46096804F1570013F0A8FC95
:1032100058B10121344A354813F017FA08252846D9
:1032200006B0BDE8F0810023E7E71022414604F133
:10323000170016F04BF908B10425F0E7237A052BA7
:1032400036D8DFE803F03B1D1D03353B02AB2548B4
:10325000009300683B4604F1270204F1570101F096
:10326000A9FA0028DAD1201D0A2113F05BFA0921FE
:1032700013F058FAB3680299D4F8EC009847CEE7F7
:1032800094F8DC300133DBB2142B84F8DC3015D039
:10329000102104F12700F9F77DF90028BED10321A0
:1032A000204613F03FFA06B0BDE8F041FFF72EBE0E
:1032B00001210F4A0D4813F010FAAFE7231D072133
:1032C000184613F0C4F920B10921184613F02AFA60
:1032D000A5E7204606B0BDE8F041FFF78FBD052504
:1032E0009DE700BFEC2B002048070300E49B020091
:1032F0006806030038B504460D49A0F1EC055430CA
:1033000007F09AFF284613F079FA0A4A04F1840379
:10331000D3E8EF1FC3E8E02F0028F9D14FF0FF33C7
:103320008834D4E8EF2FC4E8E13F0029F9D138BD53
:10333000513E0100181C0020B0B5D0F8A04000AFED
:10334000C4B97030F6F75EFA6D4688B06A460A4B2B
:10335000C2E905304FF400739383084B42F8103FE5
:10336000074823464FF4E251F2F772FF0820AD46BA
:10337000BD46B0BD0020FBE761070300030000016C
:10338000E49B020080B500AF88B06A46074BC2E9F3
:103390000530032342F8103F00234FF4C251044884
:1033A000F2F756FF6FF00B00BD4680BD76070300B5
:1033B000E49B0200054BD3F8EC200AB1FFF7E2BF13
:1033C0000348EC33586010460B607047181C00200F
:1033D000D4A402002DE9F0410B46064600AF0D21B2
:1033E000043013F034F978B3DD68D6F8EC300220FD
:1033F00003F170084246197A00F07CFF0446C8B910
:103400004046F6F7FFF96D4688B06A46114BC2E9AF
:1034100005304FF4007393830F4B42F8103F0F4871
:1034200023464FF4E251F2F713FF0820AD46BD46A4
:10343000BDE8F0812B462E3405F1100253F8041B31
:10344000934244F8041BF9D13046092113F06AF97C
:103450000020ECE79B07030003000001E49B02004F
:103460002DE9F041054613F03AF90446002800F032
:10347000CD80071D0421384613F0E9F8002840F0FC
:10348000C8800221384613F0E2F8002840F0B780E7
:103490000321384613F0DBF818B16FF00F00BDE8D8
:1034A000F0810121384613F0D2F80028F5D12046EA
:1034B000FFF7BEFAD4F8EC3006469B7A032B15D002
:1034C00005D8013B012B1BD96FF01500E7E7042B52
:1034D000FAD12046FFF7C2FA032804D1002EF3D018
:1034E000F368002BF0D04C4B1B7807E02046FFF729
:1034F000B5FA032804D1002EE6D0F368002BE3D000
:10350000D5F8A0306BB10021EC22204615F0D6FF93
:10351000102104F12700F9F73DF870B16FF0680051
:10352000BDE7287A05F1700100F0B4FDC5F8A000F0
:103530000028E8D16FF00B00B1E70521204613F019
:10354000F1F8F9F789FA354B01211860204613F09C
:10355000F9F880460028E1D006210C30F5F794FFF9
:103560002D4B05461B782046002B14BF092601264B
:10357000FFF774FA2A4A0328127818BF46F00406A7
:1035800004F5BA73D3E8EF1F013103D1C3E8E02F8C
:103590000028F7D1D3E8AF3F9BB346F001062046A1
:1035A000AE70FFF75BFA1F4B28701B7863BB1E4B96
:1035B0001B786B701023EB70AB78414613F001035E
:1035C00014BF032200222B716A7184F8E8306B79F2
:1035D000204684F8E930012363722B68C4F80A306E
:1035E000AB88E381FFF76CFA2046022113F09AF8CA
:1035F0000B2113F097F80321384613F093F80020BD
:103600004DE706F00C06CAE70123D2E76FF07F0012
:1036100045E76FF0040042E724470020EC2B002030
:103620004C0A002025470020264700202DE9F743BB
:10363000051D0646D0F8EC40CB682846022113F061
:1036400006F800286CD10321284613F000F8002862
:1036500066D10121284612F0FAFF002860D1324AD3
:103660001278002A5ED093F8008018F0080F08F056
:103670000F0757D0D4F8A03053B15B8A03F024036E
:10368000BBB92046FFF7ECFE002841DB0F2144E0E8
:1036900004F170094A462020217A00F06DFDC4F83B
:1036A000A00030B94A460420217A00F065FDC4F834
:1036B000A000D4F8A0100029E3D018F0040F11D016
:1036C0004B7CDA070ED43046FFF7C8F903283B4697
:1036D00002D00321154A01E00221154A154812F0D3
:1036E000FCFFCEE74B8A9B0601D43B46F1E70B7CFF
:1036F00001F11C020093204601F11E03143111F068
:1037000027FB002808DA01210B4A0A4812F09DFF26
:10371000082003B0BDE8F0830121284613F002F829
:103720000020F6E70320F4E724470020B507030054
:10373000DC070300E49B020084060300F8B5D0F820
:10374000EC400646D4F8A030051D002B33D10221F1
:10375000404A414812F079FF0721404B5F5CD4F8A2
:10376000A0304BB11B7C002B5DD1D4F8A00000F041
:10377000E5FD0023C4F8A0300221284612F067FFBF
:1037800048B9072F94BF364B1F213A46204698BFB1
:10379000D95DFAF7FFF90321284612F058FF68B304
:1037A000304B1B6853B31D6805B10C3D53F8083C02
:1037B000002B41D143E081BB0D21284612F047FF89
:1037C000074620B1D4F8A00008B100F035FF254B22
:1037D0001B689BB11D6805B10C3D53F80C3C13B13F
:1037E0003946204698474DB12B46ED681B681DB100
:1037F0000C3D002BF4D1F7E7002BF1D1304612F04D
:10380000FDFF637B072B24D1627AA37A9A4220D0F2
:103810002046BDE8F84013F0AAB80139C9B20E2914
:103820009BD909279BE70221284612F010FF0028A8
:103830009BD1A1E70C3D23B1394620469847002D86
:10384000DCD02B46ED685B68002DF3D1002BF3D163
:10385000D4E7F8BD94080300E49B0200C00A03000B
:10386000AF0A0300B42A0020F8B5031D06460F4630
:103870001846022112F0EBFE044620B1B6F8E840EB
:10388000B4FA84F464090321184612F0E0FE80B112
:1038900039463046FFF752FFC4B1022119481A4A8F
:1038A00012F0D3FE0521D6F8EC00F9F72BFE00202C
:1038B000F8BD0121184612F0CAFE0028E8D10F21F8
:1038C000184612F0C4FE0028E2D1E5E70521304693
:1038D00012F038FF054688B101210C30F5F7D4FD10
:1038E000234607702246294606F1EC00FAF7B0FCA1
:1038F0000028DCD02846F5F741FCD8E76FF06800D7
:10390000D6E700BFE49B0200BE08030010B50D4CD3
:10391000D4E8AF3F5B0614D5D4F8E830043CDB783C
:103920007BB92046FFF788F9014610B12046FFF722
:103930009BFFD4E8EF3F43F48053C4E8E23F002A02
:10394000F7D110BD1C1C00201A4B10B5044618609E
:103950004FF0FF324FF0FF33174806F025FB58B108
:10396000164941F23C33164A16480FF065FB41F206
:103970003C3113480FF057FB134807F007FF0E4880
:1039800006F0E2FB48B10D4941F241330C4A0D48C3
:103990000FF052FB41F24131EBE734B90221BDE8AF
:1039A00010400A4A0A4812F050BEBDE81040FFF726
:1039B000ADBF00BFEC2B0020D00800206D08030035
:1039C0000B0803007FBE0200E40800201609030074
:1039D000E49B02002DE9F3410B8A04460E4643B9ED
:1039E00001212D4A2D4812F030FE002002B0BDE822
:1039F000F081012106F10C00F5F728FDA4F1EC059A
:103A0000E83C07460421204612F021FE3B7828B10D
:103A1000234A0221214812F060FEE6E70E2B01D96D
:103A2000204AF6E7DFF8808058F833204AB90221AF
:103A30001E4A1A4812F051FE07212846FFF714FFCC
:103A4000D3E71946284612F05BFE3B7860B90221A5
:103A50001248174A12F041FE0321204612F0F7FDEA
:103A60000028C2D00821E8E708EBC301328A0979AF
:103A7000914208D001210093084813460D4A10F0E6
:103A800097F90A21D9E73146284658F83330984744
:103A900001460028A9D0D0E72F090300E49B0200CB
:103AA0004A0903007B090300FCA402009D090300EE
:103AB000B709030065FC02002DE9F04784B090F8D7
:103AC000E930D1F80C8023F0020380F8E930D0F817
:103AD000EC6098F80030044600AF06F17009BBB303
:103AE00098F8063003F0C003C02B31D04046F5F7FC
:103AF00089FE6E4688B06C464FF4007A2546724BBC
:103B0000DFF8C881C4E90530A4F81CA045F8108F7F
:103B100000232A464FF4E2516D48F2F799FB4846DC
:103B2000B546F5F76FFEA5466A4BA4F81CA0C4E99C
:103B30000530C4F81080664800232A464FF4E2514D
:103B4000F2F786FB0A20B5461037BD46BDE8F08780
:103B500007224146484615F0B9FC68B14146307A23
:103B600000F08AFB054638B10146204612F075FD8B
:103B700030B3284600F0E2FB0D21201D12F067FD56
:103B8000002800F083804A460220317A00F0B2FB20
:103B90000546B8B94846F5F735FE6C4688B06A4622
:103BA0004D4BC2E905304FF400739383474B42F805
:103BB000103F4FF4E2512B464548F2F749FBA5462A
:103BC0000820C1E7F378002B40D106F17E03187876
:103BD00001282AD19A7902F0C002402A25D1D3F8CF
:103BE0000120C5F83E20B3F80530A5F8423096F81C
:103BF0007030D3B196F8763003F0C003C02B14D0E8
:103C000036493A1DC7E90198FD60F9F7ADFBD8F8D0
:103C100000303046C5F80130B8F80430A5F805305A
:103C200098F80630EB71F9F76DFF94F8E91011F090
:103C300002010ED02A4941F229032A4A2A480FF0EC
:103C4000FBF941F2290127480FF0EDF906F177035E
:103C5000BDE72846F7F74CFF014630B11C4802216A
:103C6000224A12F0F2FC03206EE72846F7F740FFE5
:103C700048B11F4941F24D031A4A1B480FF0DCF9C5
:103C800041F24D01DFE72846F7F744FF94F8E930A9
:103C90005B0703D50A21204612F044FDF37823B1D7
:103CA000B4F8E81061B100204EE794F8E930002B39
:103CB000F6D1D4F8EC00FFF73FFB0028F0D043E743
:103CC0002046FFF73BFDEEE7D209030003000001A9
:103CD000E49B02006E0703009B0703003D6802009F
:103CE000E60903000B0803007FBE0200010A03007F
:103CF0003C0A03002DE9F0410E460446D0F8EC8062
:103D0000FEF796FEF6680121054633780F48104A03
:103D1000271D12F0E2FC0A21384612F0F1FC38B1FE
:103D20006DB920463178FFF709FD0020BDE8F0812C
:103D30000B21384612F0E4FC0028F1D1F1E72B69A1
:103D4000002BEED040469847EBE700BFE49B020013
:103D50005E0A03002DE9F0410546A0F1E80604469D
:103D60000F463046012155F8EC8912F0C9FC0028B5
:103D700061D0DFB10321304612F069FC00285AD02F
:103D80003846F6F7AFFD0138C0B208288CBF0024D2
:103D90002E4B4FF0020198BF1C5C304612F0C2FC63
:103DA00021462846BDE8F041FFF7C8BC98F80B3023
:103DB000002B40D00321304612F049FC20B92846A0
:103DC000BDE8F04112F01ABD0521304612F03FFC6B
:103DD000B8B114F8043C1F0707D514F8033C1807C2
:103DE00003D51121304612F09DFC14F8043C23F059
:103DF000080304F8043C14F8033C23F0080304F817
:103E0000033C14F8033CD90717D50621284612F0C5
:103E100089FC0221304612F085FC98F8033013B972
:103E200014F8033C3BB92068FFF786FA18B934F858
:103E3000041C0029B5D0BDE8F0819A0701D50821FE
:103E4000E4E75B07E5D50A21E0E700BFB70A030016
:103E500037B5A0F5A075A0F59E74D4E8AF3FD5E8BE
:103E6000AF2F012100920748074A0FF0A1FF284613
:103E70000821FFF763FC0421204603B0BDE8304071
:103E800012F050BCE49B0200800A03002DE9F843C5
:103E900000AF044612F023FC054670B3061D032153
:103EA000304612F0D4FB40B3D4F8A00008B100F0C3
:103EB00045FA04F170094946207A00F0EBF8804693
:103EC000C4F8A000E0B94846F5F79CFC6C4688B001
:103ED0006A463E4BC2E905304FF4007393833C4B76
:103EE00042F8103F4FF4E2513A484346F2F7B0F936
:103EF0000821A5462846FFF7B7FCBD46BDE8F88374
:103F00000E21304612F0A3FB28B1D4F8A020537C38
:103F100043F0020353742B7A032B11D823B10521EC
:103F2000304612F094FBA0B9D4F8A020537C23F0C3
:103F300020035374D4F8A020537C23F001030DE038
:103F4000053B012BF0D8D4F8A020537C43F020038C
:103F50005374D4F8A020537C43F0010353742B7D99
:103F6000697BD4F8A0208B4228BF0B4630461374DF
:103F7000052112F06CFBD4F8A0305A7C10B342F04B
:103F800010020D2130465A7412F061FB0028B4D0A3
:103F90002021D4F8A00000F095F9D4F8A03005F164
:103FA00047021E33573552F8041BAA4243F8041B3C
:103FB000F9D10023D4F8A02053619361D4F8A02054
:103FC00093839AE722F010025A7496E79B07030046
:103FD00003000001E49B0200012208B5034B0448E2
:103FE0001A70F8F7EFFC002008BD00BF244700203E
:103FF000EC08002008B558B90A490B4840F24A239A
:104000000A4A0FF019F840F24A2108480FF00BF85D
:10401000437C5B0604D4BDE808400121F7F79ABC55
:1040200008BD00BF1F0B03007FBE0200EF0A0300A4
:104030002DE9F041144D06462F4617F8013B0C467A
:1040400083424FF0010804D10722384615F03EFAAA
:10405000A0B1B8F1000F05D0072238460B4915F082
:1040600035FA70B92E702268094BC5F80120A28874
:104070009A80A2799A7140F21123EB600248BDE860
:10408000F0810020FBE700BFF02B0020E5DC020000
:10409000F12B002008B549B9064907487123074AA2
:1040A0000EF0CAFF712105480EF0BDFFBDE80840C3
:1040B000FFF7BEBF330B03007FBE0200EF0A030011
:1040C000F7B5054616460C46F9B911491148BA2309
:1040D000114A0EF0B1FFBA210F480EF0A4FF91B1C2
:1040E000AA4210D10D4B314618689A889B790090EE
:1040F00068468DF80630ADF80420A0470123798A80
:104100003A78002BEBD003B0F0BD0023044FF6E764
:10411000470B03007FBE0200EF0A0300F12B0020D3
:10412000F02B00200B4610B51146044663B909492F
:104130000948CD23094A0EF07FFFCD2107480EF034
:1041400072FFBDE8104018470548428A2242F8D164
:1041500010BD00BF470B03007FBE0200EF0A030043
:10416000F02B002008B5002202200249FFF7DAFFF9
:10417000002008BDF53F0100F8B50E460546114682
:104180004AB10F4C00272046638A10F8012B2B40C0
:104190000BD11846F8BD0B490B48DA230B4A0EF039
:1041A0004BFFDA2109480EF03EFF964203D1072269
:1041B00015F08CF908B13846ECE72046EAE700BF75
:1041C000F02B0020330B03007FBE0200EF0A030038
:1041D000F8B506460C4659B92149224840F2031366
:1041E000214A0EF029FF40F203111F480EF01BFF79
:1041F0000B78012B01D00020F8BD8B7903F0C003B0
:10420000402BF8D1194D002329466F8A11F83E2B17
:10421000BF0704F1010006D5B24204D1062215F011
:1042200055F9D0B100236A8A297802F00202002BE6
:10423000E1D1002ADFD0B142DDD1671C39460C48FC
:1042400010F010FA01230028EDD0D4F80130C5F8A1
:104250003E30B4F80520074B9A800448CCE700BFF5
:10426000330B03007FBE0200EF0A0300F02B002097
:104270001E2C00202E2C002010B529B10D4C2378C7
:1042800083420DD0002010BD0B490C484FF49A73A7
:104290000B4A0EF0D1FE4FF49A7109480EF0C3FE9E
:1042A0000722601C15F012F900280CBF20460020E0
:1042B000E9E700BFF02B0020330B03007FBE0200B4
:1042C000EF0A030008B558B9074908484FF4A2732C
:1042D000074A0EF0B1FE4FF4A27105480EF0A3FE9E
:1042E000438A1943418208BD1F0B03007FBE0200B1
:1042F000EF0A0300F8B506460F4615464AB90C49C1
:104300000C48EC230C4A0EF097FEEC210A480EF004
:104310008AFEFFF731FF044640B929463846FFF7C9
:10432000B9FE044610B13146FFF7CCFF2046F8BD78
:10433000330B03007FBE0200EF0A030010B50446F2
:1043400058B90E490E484FF4AA730E4A0EF074FE87
:104350004FF4AA710B480EF066FE037A5B0701D595
:10436000F7F7F2FB214611F8010BF5F719FC20468F
:10437000BDE810404422002115F0A0B81F0B030037
:104380007FBE0200EF0A03002DE9F04194B015460C
:10439000044602AF38B901219B4A9C480FF0F5FC56
:1043A0006FF0150642E03822184607F11001A847C1
:1043B000051E06DA2B46964A012194480FF0EEFCC2
:1043C000EEE7204607F1080110F075F9064698B1AE
:1043D0006D4688B002AA8F4BC2E905344FF40073D2
:1043E00093838D4B42F8103F00234FF4E2518748EE
:1043F000F1F72EFFAD46D3E72046391D0FF0DCFD67
:10440000786838B10A2231460DF036FE034608B10D
:10441000824AD1E73DBB29463F2007F10802FFF75A
:10442000ABFE40B14422294615F048F830464837E3
:10443000BD46BDE8F08107F10800F5F7E3F96C46E9
:1044400088B002AA764BC2E905304FF4007393831B
:10445000714B42F8103F4FF4E4512B466B48F1F793
:10446000F7FEA546E2E7002007F10801FFF7E0FDAF
:104470000446C8B907F10800F5F7C4F96D4688B0DD
:1044800002AA684BC2E905304FF400739383624B74
:1044900042F8103F4FF4E25123465C48F1F7D8FE52
:1044A0006FF00B06AD46C1E7382D3B7C4CD0102B8E
:1044B0003ED8342D3CD140F2112307F11005C360E2
:1044C00007F1400C00F110032A4603CA6245186048
:1044D0005960154603F10803F6D110681860E27BB5
:1044E000B4F80D3043EA0243022B74D1637CDA073F
:1044F0009CD513F0300599D107F10800F5F782F942
:10450000E84688B002AA484BC2E905304FF4007370
:104510009383414B42F8103F4FF4E4512B463B4804
:10452000F1F796FE637CC54623F0010363747DE7D3
:104530003823012100933D4A2B4634480FF038FCC4
:104540002046FFF7FBFE2BE7102B32D840F2112359
:1045500007F11005C36007F1400C00F110032A4673
:1045600003CA624518605960154603F10803F6D185
:1045700010681860638A03F0220213F0200562823B
:10458000ADD107F10800F5F73DF96E4688B002AAF3
:10459000274BC2E905304FF4007393831E4B42F85A
:1045A000103F4FF4E4512B461848F1F751FEB54641
:1045B000C6E707F1100300F10C0507F1480C1A4695
:1045C00003CA624528606960134605F10805F6D103
:1045D000237B112B83D007F10800F5F713F96D4603
:1045E00088B002AA134BC2E905304FF400739383DD
:1045F000094B42F8103F00234FF4E2510348F1F712
:1046000027FEAD469CE700BF10DD0200BC9B020008
:104610005B0B0300E0FF020003000001FCFF02004F
:104620007A0B03009D0B03003A0C0300BC0B030044
:10463000DA0B0300FA0B0300024610B558B90E4915
:104640000E4840F289130E4A0EF0F6FC40F2891132
:104650000B480EF0E8FC0146382311F8010B0C3230
:10466000F5F790FA044628B101210346054A0648A9
:104670000FF094FB204610BD1F0B03007FBE02000D
:10468000EF0A03009F0C0300BC9B0200884210B598
:1046900000EB020311D98C18A04211D20D4940F24F
:1046A000B3230D4A0D480EF0C7FC0D480EF0C4FCB4
:1046B00040F2B32108480EF0B6FCEFD09942ECE787
:1046C000013A114411F8012900F8012B8342F9D174
:1046D00010BD00BFE3ED0200B1ED02007FBE02009D
:1046E0003AEE02002DE9F0479AB01646DDE923972D
:1046F0000CAA84468A4690461D462C4B03F1300E88
:10470000144618685968083303C473452246F7D124
:1047100018681B79614620602371202204A8FFF7E6
:10472000B5FF6B462022224804A900F071F8044628
:10473000C0BB102251460DF13500FFF7A7FF102234
:1047400031460DF14500FFF7A1FF294611F8013B65
:1047500006220DF156008DF85530FFF797FF22998C
:10476000062211F8013B0DF15D008DF85C30FFF77A
:104770008DFF4B4635224146684600F049F8044615
:1047800080B9484612F0DEF9012335228DF8303029
:1047900041463B46684600F03BF8044610B93846AF
:1047A00012F0D0F920461AB0BDE8F0873A9E020018
:1047B000CC0C030070B50E461D46144698B0014659
:1047C000202204A8FFF762FF202231460CA8FFF741
:1047D0005DFF1022294614A8FFF758FF102221463A
:1047E0006846FFF753FF6B465022184604A900F0B5
:1047F0000FF840B9039B054A1BBAB3FBF2F102FB69
:1048000011331C9A136018B070BD00BF40420F00F6
:104810002DE9F0418EB007460C46154600211822BE
:1048200008A81E4614F04AFE4FF41053ADF81C3091
:104830008023ADF81E304FF44063DFF8548010221F
:10484000CDE90938394605AB07A809F0C3FC034692
:1048500048B1104A104801210FF0A0FA6FF004008F
:104860000EB0BDE8F08106AB02931023224641460C
:10487000CDE9006305982B4614F0FBF90446059832
:1048800009F066FC2043EBD0044A2346E2E700BF70
:104890000002C003A8EE02006C9B0200E60C0300BD
:1048A00010B5094C0A44914200D110BD11F8013BEA
:1048B00058400309E35C0001C0B243401809205C82
:1048C0001B01DBB25840EEE7FF0C0300F8B50426ED
:1048D0000D460769374438462A8AE968F0F71EFE14
:1048E00010F10C0F04460BD14B2013F0FDFC013EE0
:1048F000F1D122460649074812F0ABF92046F8BD2F
:104900000028F6DB2846F4F739FC0024F6E700BF60
:104910000F0D03009C9B02002DE9F04F1746D2F8C3
:10492000109002780546042A884687B001F1FF33CB
:104930000BD0052A00F09580022A40F0D480032B8A
:1049400061D8042200926B4A04E0012B09D80222AC
:104950000092694A012169480FF02AFA07B0BDE8C0
:10496000F08F43783E2B30D1C678B31E5E425E4155
:10497000B5F80120A8F10303B3EB122FADF8142012
:104980004FEA122826D116B300230024CDE90234C1
:10499000DFF86CB1DFF864A13146DDE902239DF850
:1049A0001400F5F7DDF90446C0B100F10C0602224F
:1049B00005A930460FF029FE30460FF01EFE804557
:1049C00014D9434600904F4A37E00026D0E74FF411
:1049D000A023DAE74C4ACDF80080BBE7002EBDD11A
:1049E00002215A4650460FF0D0F9D5E742463046EC
:1049F000E91C0FF00AFE21463846D9F8003007B00E
:104A0000BDE8F04F1847002200230820F5F752F9BF
:104A10000446D0B1D5F80130A8F1050600F10C0824
:104A20000422404605A905930FF0EFFDBDF81630AE
:104A30009E4250D000933346344A01212F480FF054
:104A4000B7F92046F4F79AFB88E70121304A2B4852
:104A500007B0BDE8F04F0FF098B932464046691DE7
:104A6000C7E7032B03D8042200922A4A72E70022E8
:104A700000232020F5F71EF9DFF89CA00446C0B102
:104A8000D5F80130A8F1050600F10C0804224046D3
:104A900005A905930FF0B9FD0023CAF80030BDF851
:104AA0001630C3F30D039E4215D01C4A00933346C3
:104AB000C3E76421DAF80020B2FBF1F301FB132312
:104AC0001BB917490D4812F0C4F8DAF80030013369
:104AD000CAF8003042E740460FF08FFD8642BCD94D
:104AE000334600906FE70F49044807B0BDE8F04F28
:104AF00012F0AFB8DA0D0300270D03009C9B0200F3
:104B0000820D0300B70D0300530D03001E0E0300BA
:104B1000040E03004B0E0300342C0020950E0300FE
:104B2000750E0300C30E030070B5056900200E4624
:104B300000F060F8044630B102461549154812F0FD
:104B400088F8204670BD286CF0F75AFC044628B15E
:104B500010F1780F02D002460F49EFE7286C05F1FB
:104B60000C02291DF0F78CFC044610B102460B49DB
:104B7000E4E74FF48032002305F1280005F0ACFD96
:104B8000044610B102460649D8E72E60D9E700BFB7
:104B9000D70E03009C9B0200FC0E03002C0F0300A9
:104BA000500F030038B50569281DF0F78BFC04464B
:104BB00030B102460B490C4812F04BF8204638BD84
:104BC000286CF0F73DFC044610B102460749F2E7B5
:104BD00012F044F8044610B102460549EBE728609C
:104BE000ECE700BF700F03009C9B02009B0F0300CB
:104BF000BF0F030010B50D4BD3F8404414F480747C
:104C00000BD00B490B4840F286430B4A0EF014FAC6
:104C100040F2864108480EF006FA10220120C3F83F
:104C20004024F4F78BFD204610BD00BF003000503B
:104C30003D1003007FBE02000B10030037B5402378
:104C40000C460A490093411A491105462346084A71
:104C5000084812F009F8011E05DA2846234603B079
:104C6000BDE83040184703B030BD00BF4C2C0020D9
:104C7000D56C0200F896020010B5EFF311842023E2
:104C800083F31288BFF36F8F074A136823F0020182
:104C9000DB07116002D4012002F076FA84F3118858
:104CA000BFF36F8F10BD00BFFC2C0020C9B20329D9
:104CB00008B509D909490A487E230A4A0EF0BCF909
:104CC0007E2108480EF0AFF90C22036901FB023384
:104CD000D3F8880000F0070008BD00BFC61003002D
:104CE0007FBE02008910030070B5C9B203290369B1
:104CF0000BD9194919484FF4E873194A0EF09CF979
:104D00004FF4E87116480EF08EF9EFF31185202468
:104D100084F31288BFF36F8F0C2606FB0134D4F89E
:104D2000884014F0C00408D0A24206D085F3118850
:104D3000BFF36F8F4FF0FF3070BD012271430B4402
:104D4000C3F8882085F31188BFF36F8F43680B4445
:104D50005B6898470020EFE7C61003007FBE0200A3
:104D60008910030070B50D4606490446411A4911E1
:104D700040220548FFF7B8FF2B4601462046BDE814
:104D8000704018474C2C0020F89602002DE9F0479F
:104D90000022012107460520F3F704FC124802F027
:104DA00063F90446D0B902F093F925464FF00C0A96
:104DB0004FF00108DFF834903E69494606EB451094
:104DC0000EF007FB031E0CDB0AFB05660135042D04
:104DD000C6F88880F0D12046BDE8F0876FF0040463
:104DE000F9E71C46F7E700BF814E010074A50200F9
:104DF0007FB500220123CDE9022304ABCDE90433C2
:104E0000094A6B46CDF800D0CDF804D011F05BFF15
:104E1000002805DB4FF480420023684605F05CFC67
:104E200007B05DF804FB00BFF96C02000C22124BC6
:104E3000014602FB0033002030B4D3E92052C3F80E
:104E40008000EFF31180202484F31288BFF36F8F6A
:104E5000D3F8884004F0C00444F00204C3F888404A
:104E600080F31188BFF36F8F1DB12B4630BC034810
:104E7000184730BC704700BF4C2C0020F896020049
:104E800008B5092822D8DFE800F0051321212121E7
:104E90002115110F134BD3F8880010F007001FD114
:104EA000BDE80840FFF7C2BF0220F9E70320F7E79B
:104EB0000120F5E70C4940F2FA230C4A0C480EF0A9
:104EC000BBF840F2FA2109480EF0ADF806494FF45C
:104ED0004173064A06480EF0AFF84FF44171F2E70D
:104EE00008BD00BF4C2C00204D1D0300891003009D
:104EF0007FBE020010B4EFF31182202383F31288E7
:104F0000BFF36F8F1848016841F002040460C807BE
:104F100007D482F31188BFF36F8F012010BC02F019
:104F2000F9B84FF05021D1F80C04D1F80C14C9078E
:104F3000EFD5EFF3118083F31288BFF36F8F0B4926
:104F4000D1F8883003F0C00343F00203C1F8883081
:104F500080F31188BFF36F8F82F31188BFF36F8FD7
:104F6000002010BCFFF762BFFC2C00204C2C00205E
:104F70002DE9F041012206464349D1E8EF3FC1E85F
:104F8000E02F0028F9D1A3B9404941484B60CB60DC
:104F90008A60EFF7B3FD00280BDA3E4940F2A32305
:104FA0003D4A3E480EF048F840F2A3213A480EF040
:104FB0003AF876B3731E012B5BD8012E07D14FF060
:104FC0005023D3F81C3403F00303022B21D013F039
:104FD0008BFA0546F8B9324B1B78E3B14FF05023FA
:104FE00002220746C3F808234FF05024DFF8B480AC
:104FF000D4F81824D4F81834D20315D503F00303D9
:10500000022B01D0012E0FD16DB387F31188BFF3AE
:105010006F8FBDE8F081EFF31187202383F31288AF
:10502000BFF36F8F0125DFE7C5B138460FF06FFA88
:10503000D4F81835DBB2012BDAD1D4F80421002AD8
:10504000D6D00022C4F80421D4F804210222C4F8E6
:1050500018252022C8F88021A360C9E7002121205B
:1050600007F05EFBE4E74FF050230222C3F804236D
:10507000CFE70D4940F2B523074A08480DF0DCFFA1
:1050800040F2B52192E700BF482C0020382C0020C8
:105090006C2C0020C3CB0200891003007FBE0200ED
:1050A0003649002000E100E04D1D030008B5074827
:1050B00013F01EF938B10648F3F7F4FD0448EFF792
:1050C0001BF8002008BD6FF01200FBE76897020094
:1050D000D55001000A2838B50446074D04D1AB6805
:1050E0000D212846DB699847AB680348DB69E1B2CC
:1050F0009847204638BD00BF68970200F7B50F46B5
:10510000164648B918491823184A19480DF094FF53
:10511000182116480DF087FFE9B916491923134ADB
:1051200013480DF089FF1921F3E7331BB3F5806FA6
:1051300038BF1D4600202A4601AB39190AF082FA11
:1051400068B9019BAB420AD12C44A642EDD809D0E4
:10515000162003B0F0BD4FF480650024F5E76FF032
:105160001500F6E70020F4E75411030024110300B2
:105170007FBE0200671103004FF47F03D3F8302194
:10518000D3F83431072A05D1023B032B04D8034A54
:10519000D05C704700207047012070473F13030028
:1051A000024B0B6001231360704700BF24A602006E
:1051B00000487047B8A502000268154BFF2A08BFD7
:1051C0004FF0FF32C3F824254268FF2A08BF4FF092
:1051D000FF32C3F828258268FF2A08BF4FF0FF324C
:1051E000C3F83025C268FF2A08BF4FF0FF32C3F86A
:1051F00034250269FF2A08BF4FF0FF32C3F8382573
:105200004269FF2A08BF4FF0FF32C3F83C257047C0
:1052100000B0025030B50D46416885B069B1D1E9A2
:1052200000138468B4B1D4E90024A4B19BB19C42BA
:1052300005D06FF0150005B030BD0B46F1E75C1CE2
:10524000092C03780AD902210D4A0E4800940EF069
:10525000AFFDEEE7224601331C44F1E78DF808303C
:1052600040F20113ADF80A30002302A88DF809407E
:105270008DF80C308DF80D5003F0F4FADBE700BF29
:105280008D110300749C02002DE9F04F91B043682A
:1052900000AF5E6B05460021304607F1280211F091
:1052A000AEFE041E76DBBB6A32681979186800F01E
:1052B000BFFE041E6EDB002201212B20F3F772F9E2
:1052C000286911F0CEFDD5F804902A6948467A493C
:1052D00003F09EFA041E55DB784E07F128040FCE2A
:1052E0000FC496E80300002307F1040A7B60CAE9B3
:1052F0000133AB2384E803003B71714B07F12800B5
:10530000D3F8242507F11006D2B23A61D3F8282544
:10531000D2B27A61D3F83025D2B2BA61D3F834254B
:10532000D2B2FA61D3F83825D2B23A62D3F83C351A
:10533000DBB27B62FFF740FF012003F013FB8046E6
:105340003046FFF739FFB8F1000F28D141465046EB
:10535000FFF760FF041E15DB232012F0C5FF4FF09E
:10536000030B9F23C7E90A884146C7F810A0C7F876
:1053700014B087F828303E6307F12800FFF74AFF92
:10538000041E0FDA284611F02DFD03F031FB08B1A1
:1053900003F00CFB20464437BD46BDE8F08F6FF0AC
:1053A0000404EFE75A46514609F1300014F08EF834
:1053B000044618B36C468CB06A4697F804E097F838
:1053C00005C0BE7999F8300099F8311099F832305B
:1053D000D3620823DFF8EC90C2E907C6C2E9059E54
:1053E000C2E9090142F8103F44F240014346364801
:1053F000F0F72EFFA5466FF01204C3E76A68537FEB
:10540000023B012B17D992F81C90A9F10209B9F1BE
:10541000020F8CBF4FF000094FF0010911F056FD4B
:10542000B0F100080ADA01214346284A26480EF066
:10543000B5FC4446A6E74FF00109EFE75FFA88F2B2
:10544000C8F38018C1459DD00023012182F040029D
:10545000BB623F6179613B6387F82810FE6207F108
:1054600028003B803A70FFF7D5FE041E07D111F0EB
:105470002DFD041E04DB14F00104F8D182E781DA6B
:10548000134A144B6E468AB0B9F1000F18BF134689
:105490006A461149D461C2E905134FF400731384BD
:1054A0000E4B42F8103F00234FF411510648F0F71D
:1054B000CFFEB54666E700BF156E0200AC9D020048
:1054C00000B00250B6110300749C0200E811030002
:1054D0008AF30200B0110300F81103000400000178
:1054E0002DE9F04F82460E461C46904687B072B1B9
:1054F0007BB10029426803DBD26A0B4493420CD98A
:10550000012133463D4A3E4800940EF051FC6FF0B5
:105510001504204607B0BDE8F08F754205F003057D
:1055200011F0B9FCA54228BF2546D8F1000303F0CD
:10553000030308F0030758BF5F427F4207F00307E9
:10554000A74228BF2746631BE41B24F0030423F073
:105550000309A145C8BFA14603F0030BC8BFA3EBD5
:10556000040BB9F1000F17D008EB070349461846A2
:105570007219039312F06EF904460146DAF810002E
:1055800011F04EFCA4BBBD4206D0039B4A4619460F
:1055900008EB050013F078FF9DB1C5F10407042165
:1055A000F21B04A812F056F904460146DAF810007E
:1055B00011F036FCE4B904AB2A464046D91913F081
:1055C00056FFBBF1000F17D0721908214A4404A8F6
:1055D00012F040F904460146DAF8100011F020FC00
:1055E00034B909EB05005A4604A9404413F03FFFC3
:1055F000504611F01EFC8CE75C46F9E709120300E7
:10560000749C02002DE9F0430F4606461D46904665
:10561000416885B02AB96FF01504204605B0BDE891
:10562000F083002BF7D0042B01D9AB07F3D117F08F
:105630000304F0D1002F03DBCA6A7B19934207D918
:1056400001213B46314A324800950EF0B1FBE2E7BA
:10565000304611F020FC204611F053FC044630B1D6
:10566000012011F04EFC304611F0E3FBD5E7032D8D
:105670001BD804213A4603A812F0ECF80446014670
:10568000306911F0CDFB002CEAD12A46414603A82F
:1056900013F0EDFE3A46042103A812F0D8F80446B0
:1056A0000146306911F0BCFB21E008F06043B3F122
:1056B000005F02D118F0030F24D0042DA94628BFA3
:1056C0004FF0040941464A4603A813F0D0FE49466C
:1056D0003A4603A812F0BBF804460146306911F0BF
:1056E0009FFB24B9B5EB0905C8444F44E5D101201F
:1056F00011F007FC0546304611F09BFB002C08BF5B
:105700002C468AE73A4629464046C6E7521203002D
:10571000749C02002DE9F7430B460E4607461546DA
:10572000D0F804C0C1F30B012AB96FF0150420466C
:1057300003B0BDE8F083C2F30B0252EA0104F4D1D6
:10574000002B04DBDCF82C105A198A4206D90121FF
:10575000364A374800950EF02BFBE6E711F09BFB2D
:105760002046D7F8048011F0CCFB0446002858D11D
:10577000D8F82C30AB421ED103F0A4F9A946044658
:105780002146386911F04CFB002C3CD14E44A5EB6E
:10579000090500214FF4A47006F0C2FF11F096FB3A
:1057A000041E34DBE307F4D4002DE1D1012011F015
:1057B000A8FB044635E0B5F5803F09D3B3B253B931
:1057C0003146012003F01EF94FF480390446D7E733
:1057D000B5F5805F09D3C6F30B0030B9314603F04D
:1057E00011F94FF480590446CAE701213346114AA2
:1057F0000F4800950EF0DCFA6FF01501386911F0D2
:105800000FFB6FF015040C4A3346009502E0334657
:105810000A4A0095064801210EF0CAFA012011F04B
:1058200070FB384611F005FB81E700BF9C120300B6
:10583000749C0200E612030021130300041303000A
:10584000024B0B6001231360704700BF002D002046
:10585000004870472CA6020007B50346054A009190
:10586000054801210EF0A4FA6FF0150003B05DF8B1
:1058700004FB00BF591303000C9C020010B5012269
:105880000648114612F0BBFD11F0DEFF044C20600B
:1058900011F0D7FF6060002010BD00BF082D002070
:1058A000002D0020F7B50E46144611F0CAFF214620
:1058B0000546304611F043FB374660B3B6FBF5F3BF
:1058C00005FB136323B9B4FBF5F305FB13434BB19D
:1058D0003346134A0094134801210EF069FA6FF021
:1058E000150002E0A54202D9002003B0F0BD4FF040
:1058F000FF324FF0FF330C4804F0EEFE11F0A1FF31
:105900000546384602F062FC641B2F44F9D1064874
:1059100004F05EFEE8E7054A33460094DBE700BF8B
:10592000761303000C9C0200082D0020591303007D
:10593000F7B50E461946304617461C4611F0FFFAD9
:1059400050B93346174A0094174801210EF030FA37
:105950006FF0150003B0F0BD46EA040515F003052D
:1059600003D0124A33460094EEE7A4B14FF0FF3261
:105970004FF0FF330E4804F0AFFE24F00304A542BD
:1059800005EB060009D10B4AD2F80034DB07FBD542
:10599000074804F01DFE0020DCE7795902F044FCC2
:1059A0000435ECE7591303000C9C02009513030027
:1059B000082D00200090035010B5036961B92049FB
:1059C0004F23204A20480DF037FB20480DF034FBD0
:1059D0004F211C480DF027FB486850B91C49502343
:1059E000184A19480DF028FB1A480DF025FB5021E4
:1059F000EFE75868F8B1884219D19C680868A1425D
:105A0000586000D19860002008602AB15A680A6086
:105A10009A68596002B99960002010E0814206D16D
:105A20000868206098688142EDD19C60EBE70446ED
:105A300000680028F2D1002AE8D16FF0150010BDEF
:105A400010140300D41303007FBE020019140300D6
:105A5000281403003A14030008B5036802465909E4
:105A600014D0012906D14FF6FF7103F01F03D9406E
:105A7000C80712D40A490B484FF474730A4A0DF050
:105A8000DBFA4FF4747108480DF0CDFA4FF0FF3196
:105A9000D940C907EED5054800E00548136008BDA8
:105AA00079DC02007FBE020046DC02000025845043
:105AB0000028845070B5446801F01F05207C86B032
:105AC00045EA4015A068002871D0B2F5001F04D146
:105AD000294602F085F900204DE06068667CB2F549
:105AE000800F46624FF0000601A80196466031D152
:105AF000B3F1007F14BF052304238DF80430002385
:105B0000CDE904030393E368CB40D90735D4B2F160
:105B1000A07F32D168460095FFF79EFF009B80333F
:105B200050F82330DB0728D46A462946A06801F0E4
:105B3000E1FF163019D0CDF808D02946A06803AA95
:105B400001F070FE002816DB01222946A06802F051
:105B5000C5F8C0E7B3F1C06F05D0B3F1007F14BF43
:105B600001230223C9E70323C7E76946A06802F0BF
:105B700091F80028DFDA06B070BD6A462946A068B1
:105B800001F0B8FF0028D8D19DF80010A06802F0FD
:105B900061F80028D1D00749074840F2F113074ABD
:105BA0000DF04AFA40F2F11104480DF03CFA6FF0A2
:105BB0008500E0E76D0803007FBE0200511403007A
:105BC0002DE9F043466840F20635337CD00601F0FB
:105BD0001F0747EA431748BF032302EA050558BFDA
:105BE000C2F3401387B0B5F5837F14468DF80330B8
:105BF00044D00DD8062D16D005D8A5B1022D3FD022
:105C00006FF0150037E0B5F5807FF9D101250AE086
:105C100040F20222954235D0B5F5407F34D0B5F53B
:105C2000007FEDD102250123220303FA01F12DD5D6
:105C300073689960B06870BB03A80397FFF70CFF07
:105C4000039B00EB830084F48033C3F30043C4F36D
:105C50004044D0F8002244EA43049DF8033022F483
:105C6000706244EA830422F00F0244EA05231343DE
:105C7000C0F80032002007B0BDE8F0830725D2E766
:105C80000425D0E70525CEE70325CCE7630344BF11
:105C90007368D960CEE739460DF1020201F02AFFA0
:105CA00014F4403F804617D13946B06801F0BAFF7E
:105CB000B8F1000FDED19DF80210B06801F0CAFF04
:105CC0000028D7D01E491F48FC231F4A0DF0B4F905
:105CD000FC211D480DF0A7F94FF0000901ABCDE9FB
:105CE0000199CDE90439CDF80C903946B06803AA82
:105CF00001F098FD4845BDDB14F4003314D09DF845
:105D0000033084F48034C4F300448DF80E308DF8F1
:105D10000C508DF80D404B463946B06803AA01F08F
:105D200047FE0028C4DAA5E7CDE904330DF10303EB
:105D300003933946B06803AA01F074FDF1E700BF90
:105D40006D0803007FBE02005114030042090346A0
:105D500070B502D0012A1ED070BD144E3269516850
:105D60000029F9D0012503F01F030C689D4000298C
:105D7000F2D08A682A4012D04B6873B90C49742358
:105D80000C4A0D480DF058F90C480DF055F97421E6
:105D900008480DF048F90A4EE0E7304698471CB134
:105DA000236821461C46E2E72346FAE730970200C3
:105DB0007D140300D41303007FBE02003A140300D5
:105DC0001497020038B54568A86890B101F010FF3B
:105DD000014670B9A86801F0C1FE044658B90246F0
:105DE0000649A86801F06EFE224605210D20F2F753
:105DF000D9FB002038BD6FF00400FBE74D5D0100CA
:105E000010B504460269A2B0C2F880001F49002004
:105E100002F0F8F8002201212A20F2F7C3FB64689F
:105E20008422002101A813F049FB6368B3F5803F89
:105E300004D30221164A17480DF0A7FF2368B3F5D3
:105E4000803F04D30221144A12480DF09EFF002324
:105E50000120219301AA61680432D940C90744BFD7
:105E600000FA03F142F8041C2168D940C90748BF71
:105E700000FA03F103F1010348BFD163102BEAD10B
:105E800001A802F0E5F8002022B010BD755F010006
:105E9000A11403003C9C0200CD14030038B50F2967
:105EA0000C4605693CD843681B68CB40DB0737D5F7
:105EB000D5F88430CB4003F001031AB9EBB96FF089
:105EC00077002CE0002BFAD155F8213023B90221BC
:105ED000154A16480DF059FFD5F8843013B92A2019
:105EE000F2F730FB0122D5F88430A2401343C5F805
:105EF0008430E0B202F0E4F80AE0C8B202F0FEF842
:105F00000122D5F88430A24023EA0203C5F8843088
:105F1000D5F8843013B92A20F2F722FB002038BDCF
:105F20006FF01500FBE700BFF91403003C9C020072
:105F300038B505460C4622B102210C4A0C480DF03A
:105F400024FF0F2C0ED86B685B68E340DB0709D594
:105F500001230020A400E4B204F1A04404F5283495
:105F6000236038BD6FF01500FBE700BF2915030063
:105F70003C9C020070B5D1F880600F2804460D46A5
:105F8000736803D81B68C340DA0704D402210E4AA1
:105F90000E480DF0FAFED5F88430E340DB0704D458
:105FA00002210B4A09480DF0F0FE05EB840255F87A
:105FB00024503DB121463046AC46BDE87040002338
:105FC000126C604770BD00BF441503003C9C02008A
:105FD0006015030008B503680246590914D0012969
:105FE00006D14FF6FF7103F01F03D940C80712D442
:105FF0000A490B484FF474730A4A0DF01DF84FF428
:10600000747108480DF00FF84FF0FF31D940C907FF
:10601000EED5054800E00548136008BD79DC0200B4
:106020007FBE020046DC0200002584500028845018
:106030002DE9F04F1546824640F2FF19DFF8B8B15E
:1060400085B000EB8108D04503D1002005B0BDE844
:10605000F08FDAF80030C3F3C3210829C3F3080432
:1060600000F2C380654A4C45575C4FEA136311D078
:10607000222B1DD94E2B40F0BB80C5F814450126BC
:1060800003A80394FFF7A6FF039B06FA03F38360BC
:10609000334654E0222B09D94E2B40F0A9804FF013
:1060A000FF33C5F814350AF1040ACCE74FF0FF348A
:1060B000222B00F29D80DFE803F012171E36212705
:1060C000369B9B9B9B39669B9B9B9B9B9B9B9B9B1C
:1060D0006E797C7F9B9B9B82898C8F929500C5F803
:1060E0000C45631CCBD1DEE7C5F81445631CDAD040
:1060F0000026002323E0C5F80845F2E7611CC5F837
:106100000845D0D0002604E0621CC5F80C45CAD072
:10611000012603A80394FFF75DFF0123039903FA07
:1061200001F1C1600BE0C5F81045DFE7C5F808458F
:10613000002FDBD1661CB6D0002606273346DAF8DE
:106140000010039401F40040002818BF002303A8A6
:1061500018BF012601910093FFF73CFF039C0199B2
:1061600000EB8400D0F80042009BC1F341213F02C4
:1061700047EA81073B4304EA0B04234343EA46030F
:10618000C0F800328FE7C5F80C45002FD2D0601C54
:1061900089D000267CE7C5F86045611CDAF800303C
:1061A00081D0C3F30043002BB2D068E7C5F8644543
:1061B000F3E7C5F86845F0E7C5F86C45EDE7C5F8C5
:1061C0002445621C3FF46FAF012692E7C5F82845CD
:1061D00087E7C5F83045F4E7C5F83445F1E7C5F879
:1061E0003845EEE7C5F83C457BE76FF015002DE735
:1061F0006FF085002AE700BFF0F0FCFF9615030062
:1062000070B5036986B0456804461422002101A8D0
:106210001E6813F053F905238DF80430002386F827
:10622000633063680D4A1B68C3F808236B689B07DB
:106230000ED5EFF31185202383F31288BFF36F8F00
:106240000221204611F000F885F31188BFF36F8F0B
:10625000204601A910F0EDFE06B070BD14020A0040
:106260002DE9F8430546002201210820F2F79AF9AA
:106270000820F2F767F96C680121E06810F0D5FF9B
:106280006B6819682369C1F82435A27D637D207D80
:106290001343228B02431343C1F86C352C692068E9
:1062A00078B100223549083012F0DDF92368DD634A
:1062B000206800223249683012F0D5F92368C3F80B
:1062C0009C506F68D7E9004313F001033CD04FF0B6
:1062D0000008D5F8109004F10C01C4F8A08109F170
:1062E0000C02C4F88C8004F5907011F000F9061EC1
:1062F00007DA0121234A24480DF047FD3046BDE866
:10630000F88399F80C0000F08FFE0823C4F80035DC
:106310007B6AC4F844350123C4F84885A360D4F8E7
:106320005831002BFBD00023C4F800356B68596846
:1063300011F0020106D1D8681C6810F076FF08231E
:10634000C4F800350026D9E70822C4F800257A6A87
:10635000C4F84425C4F848350123A360D4F820319B
:10636000002BFBD00023C4F82031D4F820310123C6
:10637000E3604FF48073C4F80433D0E7B7730200CE
:10638000337402009F150300949C02002DE9F8432A
:1063900004468846466812F0A7F888B32169636806
:1063A0004FF020091D68EFF3118789F31288BFF3BE
:1063B0006F8F606810F029FF002839D00B6853B147
:1063C000D3F8A4203AB1D3F8B420002A03DAD5F8E0
:1063D0004C25C3F8B420736A012283F8008020465C
:1063E000716A10F057FF73689B0744BF4FF4800336
:1063F000C5F8043387F31188BFF36F8FBDE8F883C6
:10640000164B1A7863680AB92169C9E74FF0200969
:106410001D686427606810F0F8FE70B9012011F063
:1064200031F8013FF6D10021212006F079F9F0E79B
:1064300087F31188BFF36F8FB5E7EFF311810F4634
:1064400089F31288BFF36F8F606810F0DEFE0028BA
:10645000C1D181F31188BFF36F8FE4E73649002083
:106460002DE9F04F9946D0F804A0036985B01C6867
:1064700002939AF80830064688461746DAF8005024
:1064800073B1554940F2FB63544A55480CF0D4FDB2
:1064900054480CF0D1FD40F2FB6150480CF0C3FDB4
:1064A00094F86330002B40F0948094F8643003F04B
:1064B000FF01002B40F08D80B9F1FF3F69D0B9F1A9
:1064C000040F66DD4FF0050C4FF4004099FBFCFC17
:1064D000DFF814E10023CCFB00E1444A7046EAF700
:1064E00003FD4FF0000BC4E91601C4E91087C4E9AD
:1064F00012BBC4F850B0DAF80420920750D5EFF37D
:1065000011822021039281F31288BFF36F8F022141
:10651000304610F0AEFE039A82F31188BFF36F8FFE
:10652000DAF8042093073BD594F86160C6B3BE4205
:1065300028BF3E4640463246DAF8201012F097FF58
:10654000BF1B29D194F86120921BD2B284F861203C
:10655000DAF82000811912F097FF029B03F1080B73
:10656000DBE8EF3F43F00403CBE8E23F002AF7D13A
:1065700045F30735002D08DB01226B091C4905F0A6
:106580001F05AA40403341F82320002005B0BDE894
:10659000F08F00200146A4E7B9F1FF3F0CD1B044D1
:1065A000144BC5F83485C5F83875C5F80433012394
:1065B00084F863302B60E8E7C5F808B1D5F80831F6
:1065C000D4E91623CDE9002304F1080006F00CFFFE
:1065D000E5E76FF00F00D9E74D1D0300BE1503007E
:1065E0007FBE0200F21503003F420F0040420F0041
:1065F00000E100E010020A002DE9F04F4368D0F8F6
:1066000010B01D680446D5F804934FF400324B4691
:106610004FF4A27128468DB0DBF8007010F0E9FD50
:10662000064608B197F862604B4610224FF4887115
:10663000284610F0DEFD4B4604224FF4847103908F
:10664000284610F0D6FD4B464FF400224FF4A671B9
:106650000490284610F0CDFD4B4680464FF4007262
:106660004FF49271284610F0C4FD38B363681422C9
:106670001B68002107A8D3F880A4059312F01EFF21
:1066800006221AF0010F059B8DF81C2040F0DB80DC
:106690001AF0020F40F0D9801AF0040F40F0D780B2
:1066A0000AF0080220468DF8202007A9C3F880A42C
:1066B00010F0BFFC0021204610F03EFD049B93B17A
:1066C000002123696268D2F800A01A6882F860107D
:1066D0001868D0E91623CDE90023083006F084FEBF
:1066E0000423CAF80833039B002B00F0B280FB6C34
:1066F000002B40F0ED80B8F1000F40F0B280002296
:106700002046114610F0FFFD06B34FF0000887F851
:1067100062802369D4F804A01E68316C21B1204640
:1067200010F08EFCC6F8408096F86430002B00F024
:10673000DA80002386F864300022636820461B68F4
:10674000C3F80821D3F80831FFF75AFD19F4807F08
:1067500019D0D5F82031B3B163681B68EFF311820B
:10676000202181F31288BFF36F8FD3F8201131B14C
:106770000021C3F82011D3F820110121D96082F340
:106780001188BFF36F8F19F4800F3ED0D5F85831C0
:10679000002B3AD063682569D3F80080EFF31189A4
:1067A000202282F31288BFF36F8F2A685B68D2F8C9
:1067B000B4100029ACBFD2F8B460D8F84C659A0781
:1067C00007D54FF4800301212046C8F8083310F0A4
:1067D0003BFD89F31188BFF36F8F2B68D3F8A0209E
:1067E0009AB193F8B810002900F0A180EFF3118658
:1067F000202383F31288BFF36F8F2946204610F0C1
:1068000062FD86F31188BFF36F8F0BF10803D3E8A5
:10681000EF2F22F00401C3E8E01F0028F7D153074F
:1068200040F1C3802046796C10F01EFC2046396C84
:1068300010F006FC00232046C7E910330DB0BDE878
:10684000F04FFFF7DDBC01222CE702222AE70422E9
:1068500028E7B8F1000F3FF457AFFB6CEBB94FF0EE
:1068600000081422002107A812F028FE03238DF847
:106870001C30236920461A6807A9D2E9163213434F
:106880001FBF042263681B68C3F8042310F0D1FB08
:10689000B8F1000F7FF433AF36E7D5F810315BB9AC
:1068A0004349444840F6B813434A0CF0C5FB40F650
:1068B000B81141480CF0B7FB039B0121C5F810311A
:1068C000204606F00102D5F8103110F01CFDC6E795
:1068D0004146204606F0010210F015FDB8F1000F08
:1068E0003FF412AFBBE7DAF8043099077FF524AF25
:1068F00062681368126AC3F834250522C3F8382584
:106900000122DA62D3F81021002AFBD00021C3F85B
:106910001011D3F81021D3F84C212AB1C3F84C112F
:10692000D3F84C21D3F83C2586F8612004E7D3F84E
:10693000A8108A4211D0D3F8AC10D3F8B020B142DD
:10694000324430D12046C3F8B02010F033FC002888
:106950007FF44CAF2B68D3F8B0602868683011F032
:106960008EFE1422002107A812F0A8FD2B682046F5
:10697000D3F8A03007A9CDE908362B68D3F8A430A6
:106980009E421CBF01238DF81C304FF48003C8F8D1
:10699000083300232A68C2F8A0302A68C2F8A4305D
:1069A00010F047FB31E71646D7E70DB0BDE8F08F92
:1069B0000B1603007FBE0200BE150300F7B50646A6
:1069C0001C460569EFF31187202383F31288BFF378
:1069D0006F8F2B68D3F8A4C0BCF1000F07D087F3EA
:1069E0001188BFF36F8F6FF00F0003B0F0BDC3F8D5
:1069F000A4202B68C3F8A01001F06043B3F1005F3E
:106A00002B6814D1C3F8A8102B68C3F8AC20294612
:106A1000304610F058FC87F31188BFF36F8F73680E
:106A20001B7D012B01D1631C06D10020DDE7C3F8DB
:106A3000B0C010F0BFFBEAE74FF4004600210A485F
:106A400024EAE4740023C4FB0601084AEAF74CFA7E
:106A50002D6802460B46683500200021CDE9000173
:106A6000284606F0C1FCE0E73F420F0040420F001D
:106A700070B40E4922F07F46D1E90034D01AC31811
:106A800044F10004C1E90034A6F50013B3F5400F4A
:106A900009D2074B1B681A0A1B069C19054B42F1C9
:106AA0000005C3E9004570BC06F0E0BA601E002096
:106AB000C82D0020681E00200D4B1868010A000632
:106AC000BFF35F8F0B4BD3F80435181841F1000169
:106AD000B3F5801F0AD2084BD3E90023904271EB33
:106AE000030303D210F1807041F10001704700BF31
:106AF000C82D002000500150681E00202DE9F743EA
:106B00002E4BD3F8042390070BD5D3F8042142B1C0
:106B10000022C3F804212A4AD3F804311368013350
:106B20001360264AD2F80433D90326D5254BD3E87F
:106B3000EF1F21F00100C3E8E40F002CF7D1CB07D1
:106B400002D4D2F84031C3B100251C4CC4F84051E6
:106B5000D4F84031FFF7B0FFEFF31182202383F325
:106B60001288BFF36F8F184BD3E90267B042B94167
:106B700006D282F31188BFF36F8F03B0BDE8F083B4
:106B80004FF0FF38D3E900104FF0FF391D60C3E923
:106B900002894FF48033C4F84833C4F84051D4F824
:106BA000403182F31188BFF36F8F0029E5D0009048
:106BB00032463B4628468847DFE700BF0050015079
:106BC000C82D0020C02D0020501E00202DE9F84FB8
:106BD00004460D46434FD7E8EF8F28F00103C7E87E
:106BE000E23F002AF7D14FF480393F4EC6F80893B0
:106BF000BFF35F8FBFF36F8FFFF75EFFA04271EBB4
:106C0000050308F0010840D2384B201A65EB01015A
:106C1000984271F1000148D2354BD3E902239D42DD
:106C200008BF94423AD04FF0000C24F07F408346D6
:106C300003216FF0020EC6F84893C6F840C1D6F89B
:106C40004031DFF8B0A02BF07F43C6F84035C6F8DE
:106C50004493D6F80425AEEB02035B4423F07F4354
:106C600053451BD9D6F840315BB1D6F80425131A29
:106C700023F07F43B3F5000F10D9C6F840C1D6F812
:106C8000403101EB020B0131DDE71B4BD3E8EF1F75
:106C900041F00101C3E8E21F002AF7D1144B174A63
:106CA000C3E902451A6000225A60B8F1000F16D0FD
:106CB000D7E8EF3F43F00103C7E8E23F002AF7D1EE
:106CC0004FF48032084BC3F804230B4BD3E8AF3F9B
:106CD000DB0742BF4FF40012094BC3F80021BDE8A7
:106CE000F88F00BFC42D002000500150010080002B
:106CF000501E0020FDFF7F00C02D0020716A0100A2
:106D000000E100E070B54FF0FF3000254FF0FF319B
:106D1000164C174B0226C4F80833C4F84833154BF9
:106D2000C4F80855C3E902014FF480334FF4001250
:106D3000C4F80433104B0121C4F804631520C3F8D0
:106D400080212A46F1F72EFC1520F1F7FBFB0123E9
:106D50000A4AA3600021236009481360FFF736FF49
:106D60003046FEF705F9284670BD00BF00500150BF
:106D700003000F00501E002000E100E0C42D0020A1
:106D8000FFFF7F00431C10B50F4C05D08442A8BF05
:106D90000446012CB8BF0124FFF78EFE0B4AD2E94E
:106DA0000031C01AB0F5000F074A0AD220449042C1
:106DB00028BF1046BDE81040C01841F10001FFF7A0
:106DC00005BF1046F6E700BFFFFF7F00601E0020F2
:106DD00008B5FFF771FE024B1B68C01A08BD00BF63
:106DE000601E00204FF40071014806F037BE00BF5E
:106DF000364700204FF47F03D3F83021D3F83431E5
:106E0000072A05D1023B032B02D8024AD05C704707
:106E1000002070476116030008B5FFF7EBFF58B17B
:106E2000644BD3F8202A3AB90D21C3F8201A012166
:106E3000C3F81C19C3F81C290022D30003F57F03F3
:106E4000D3F80013013107D0D3F800130132D3F87F
:106E50000433202A0B60F0D1FFF7CCFF002840F06C
:106E6000A080FFF7C7FF40B1534B544AC3F8302509
:106E70004FF050230122C3F858254FF47F03D3F875
:106E80003021D3F83431072A09D1023B032B06D82D
:106E90004B4AD35C1BB100224A4BC3F84C25FFF789
:106EA000A9FF50B14FF05023D3F80024D10742BFBF
:106EB0000022C3F81421C3F818214FF47F03D3F83C
:106EC0003021D3F83431072A09D14FF05023D3F8B9
:106ED0000024D20744BF6FF00102C3F80024FFF77B
:106EE00089FF18B16522334BC3F80C274FF47F0399
:106EF000D3F83021D3F83431072A16D1314BD3F8E7
:106F00002034002B11DA4FF050230322C3F8182548
:106F100001229A60D3F80421002AFBD00022C3F892
:106F200004210122DA60C3F818254FF47F03D3F857
:106F30003021D3F83431072A23D1023B032B02D866
:106F4000214AD35CEBB17E221A4B1B49C3F80C27B4
:106F5000C3F83C297F231D4AC2F818310023C1F829
:106F6000043EC1F8083E01F54821C1F81031C2F8CD
:106F70002431C2F82C3102F5FF1202F58052C2F81A
:106F8000A032134AD2F88C3043F44063C2F88C30FC
:106F9000104A114B1168C3F84415D269C3F84C2547
:106FA00008BD2922034BC3F80C270322C3F83C2752
:106FB00057E700BF00400050009003504400EFBE70
:106FC0005D160300002003505916030000200050F6
:106FD00000ED00E00080FF0000600050014B1860F1
:106FE000704700BFCC2D002010B50B4B144618681D
:106FF00058B90A490A4840F2F3130A4A0CF01CF83F
:1070000040F2F31107480CF00EF810F03DFA00289A
:10701000A4BF2070002010BDCC2D0020A2160300BC
:107020007FBE0200651603000123024A8340C2F8B6
:107030000435704700700150014B00201B68184751
:10704000D02D0020014B1B68184700BFD02D002019
:10705000014B09201B681847D02D0020014B082048
:107060001B681847D02D002010B5144C237913BB92
:1070700001232371124B0028206018BF184600F02E
:10708000BDF8D0B923680F48002B08BF184600F0A0
:1070900097F990B923680C48002B08BF184600F0F8
:1070A00003FA50B923680948002B08BF1846BDE809
:1070B000104000F015B96FF0770010BDD02D002002
:1070C0003970010051700100457001005D700100D0
:1070D00008B50C4B1A794AB90B490C48B1230C4A34
:1070E0000BF0AAFFB1210A480BF09DFF1B6843B1CA
:1070F0000520F1F749FA20B9BDE808400520F1F76D
:1071000021BA08BDD02D0020F51603007FBE020075
:10711000B816030008B5174B1B795BB9164940F246
:107120000513164A16480BF087FF40F20511134865
:107130000BF079FF032813D8DFE800F002060A0EEF
:10714000BDE8084000F0C2B9BDE8084000F068B8EA
:10715000BDE8084000F046B9BDE8084000F0CEB8F0
:1071600008494FF49273054A05480BF065FF4FF448
:107170009271DCE7D02D0020F5160300B81603004D
:107180007FBE02004D1D030008B5174B1B795BB98C
:10719000164940F22B13164A16480BF04DFF40F2E9
:1071A0002B1113480BF03FFF032813D8DFE800F042
:1071B00006020A0EBDE8084000F060B8BDE80840CD
:1071C00000F0D8B9BDE8084000F03CB9BDE808407F
:1071D00000F0C4B808494FF4A573054A05480BF000
:1071E0002BFF4FF4A571DCE7D02D0020F51603002E
:1071F000B81603007FBE02004D1D0300074B024678
:10720000187938B91A6001221A714FF05023C3F867
:10721000142570476FF07700704700BFD82D00200D
:1072200008B512490B794BB9114912487723124A14
:107230000BF002FF772110480BF0F5FE4FF05023C2
:107240000022C3F80021D3F8002101221A60096846
:1072500011B1C3F8042308BDD3F80021002AFBD0E4
:107260000022C3F80021D3F80031F4E7D82D002024
:10727000F51603007FBE02001317030008B5084B84
:107280001B794BB9074908488923084A0BF0D4FEFB
:10729000892106480BF0C7FEBDE8084010F051B93F
:1072A000D82D0020F51603007FBE0200131703003F
:1072B0004FF05023D3F80423D2070DD5D3F8002183
:1072C00052B10022C3F80021D3F800210122C3F8F3
:1072D0000823024B1B681847704700BFD82D0020B9
:1072E000054B0246187918B91A6001221A717047C5
:1072F0006FF07700704700BFE02D002008B5134AFB
:1073000013794BB9124913486123134A0BF094FEC9
:10731000612111480BF087FE4FF050230021C3F884
:107320002011D3F8201101219961126822B14FF484
:107330008072C3F8042308BDD3F82021002AFBD0B3
:107340000022C3F82021D3F82031F4E7E02D0020FB
:10735000F51603007FBE02005617030008B5084B60
:107360001B794BB9074908487323084A0BF064FEA0
:10737000732106480BF057FEBDE8084010F0FDB839
:10738000E02D0020F51603007FBE02005617030013
:107390004FF05023D3F80423D2050ED5D3F8202183
:1073A0005AB10022C3F82021D3F820214FF4807273
:1073B000C3F80823014B1B6818477047E02D0020D5
:1073C000074B0246187938B91A6001221A714FF03A
:1073D0005023C3F8802570476FF07700704700BFD7
:1073E000E82D002008B5134A13794BB91249134808
:1073F0006723134A0BF020FE672111480BF013FEA0
:107400004FF050230021C3F82411D3F82411012197
:107410001962126822B14FF40072C3F8042308BD48
:10742000D3F82421002AFBD00022C3F82421D3F86A
:107430002431F4E7E82D0020F51603007FBE02009A
:107440009E17030008B5084B1B794BB9074908483C
:107450007923084A0BF0F0FD792106480BF0E3FD93
:10746000BDE8084010F0A3B8E82D0020F516030091
:107470007FBE02009E1703004FF05023D3F8042371
:1074800092050ED5D3F824215AB10022C3F8242145
:10749000D3F824214FF40072C3F80823014B1B6872
:1074A00018477047E82D0020074B0246187938B975
:1074B0001A6001221A714FF05023C3F81825704743
:1074C0006FF07700704700BFF02D002010B5254CFD
:1074D00023794BB924492548E523254A0BF0ACFD17
:1074E000E52123480BF09FFD4FF05023D3F81814EB
:1074F000D3F81824C9031AD502F00302022A04D0D3
:10750000012A01D010F06DF801224FF05023C3F88A
:1075100018250022C3F80421D3F8042101229A601F
:1075200022688AB9D3F80421002AFBD014E0D3F8EA
:107530001424D207E8D5D3F81C2402F00302013A40
:10754000012ADFD822681AB10222C3F8042310BD31
:10755000D3F80421002AFBD00022C3F80421D3F879
:107560000431F4E7F02D0020F51603007FBE020081
:10757000E517030008B5094B1B795BB908490948B1
:107580004FF49173084A0BF057FD4FF49171064880
:107590000BF049FDBDE8084010F023B8F02D0020A5
:1075A000F51603007FBE0200E5170300F8B54FF0A3
:1075B000502301250026D3F804431E4F04F0820413
:1075C00004B9F8BDB4FA84F0C0F11F00830003F5DC
:1075D00080739BB203F15023196805FA00F224EA84
:1075E00002040029ECD01E601B684FF050230128D4
:1075F000C3F8082311D1D3F81824D3F8182402F0C3
:107600000302012A02D03B689847D9E70221C3F858
:107610001815C3F804139A60D2E7074907484FF4D6
:10762000F573074A0BF008FD4FF4F57104480BF0B1
:10763000FAFC00BFF02D00204D1D03007FBE0200AC
:10764000E5170300034A4309D35C00F01F00184408
:10765000C0B27047E618030010B504460846FFF7AD
:10766000F1FF00B204EB4000838ADA051CD5C3F3B6
:10767000432123F4F853838204F1120204F17200CF
:1076800032F8023F13F4807F03D0C3F343239942BF
:107690000AD09042F4D1002204EBC1035A6004F1F5
:1076A00078000FF00BFF00B910BD064906484FF4F3
:1076B000DB73064A0BF0C0FC4FF4DB7103480BF0A0
:1076C000B2FC00BF6D0803007FBE02006718030014
:1076D00008B50268014610460FF09CFF58B91049E2
:1076E0004FF474730F4A10480BF0A6FC4FF47471FA
:1076F0000C480BF098FC02F01F0352090B600BD0F2
:10770000012A0BD0094940F2D933064A06480BF04A
:1077100093FC40F2D931EBE7054808BD0548FCE78A
:1077200079DC020046DC02007FBE02004D1D030032
:107730000025845000288450072808B50BD9084933
:10774000084840F2A733084A0BF076FC40F2A73114
:1077500005480BF068FC800000F5807008BD00BF94
:107760005D1803007FBE020028180300034611F0D5
:10777000010010B5CCB20BD1A207C4F340000DD567
:10778000074A106A58601062003818BF012005E0EF
:1077900004490A6A1A600A62002AEDD010BD00BFCF
:1077A0000028845000258450F7B504460846FFF7AA
:1077B00049FF06B204EB4606B38A0D46DB072BD51C
:1077C000204610F018F8294620460FF035FF58B132
:1077D00020460FF05FFF0022276800B207EB80030E
:1077E000C3F81025C3F81025204600242946FFF7CA
:1077F00033FFB48201A80195FFF76AFF019B00EBFC
:107800008300D0F80022064B134043F00203C0F877
:107810000032204603B0F0BD6FF01500FAE700BF5C
:10782000F0F0FCFF2DE9F0430E461746044685B004
:1078300058B95C495C4840F25E435C4A0BF0FCFB83
:1078400040F25E4159480BF0EEFB0846FFF7FAFEA6
:10785000D7F800800546B8F1000F1AD020460FF087
:107860000EFF28BB4346CDE900008DF80E008DF8D1
:107870000F000DF10F0230460DF10E010FF033FF36
:107880002AB204EB4202938A23F0020343F001037D
:1078900093827B68002B34D03146204693F80080D9
:1078A000D3F804900FF0E0FE28B1B9F1000F1FD01B
:1078B0006FF0150028E028B204EB4000838A23F41F
:1078C000604323F020038382B9F1000F10D0B8F198
:1078D000030FEDD87B6821685B6893F800C001EB6B
:1078E0008C01B8F1000F12D1C1F81085C1F81085D4
:1078F0002AB204EB4202938A23F01C0343EA880372
:107900009382BB684BBB002005B0BDE8F083D1F883
:10791000102522F00302C1F81025226802EB8C0327
:10792000D3F8102522F44F3222F44072C3F8102508
:107930003202D3F8101502F47C5242EA08420A439C
:10794000C3F8102504EB4C03A3F87C60838A43EA58
:107950004C3343F020038382CAE73146D3E90078F1
:107960002046FFF779FE002FCDD063689F4206D0F6
:1079700004F178000FF088FD002804DAC4E7A3685A
:107980009845F5D1002004EBC003C3E901782DB27E
:1079900004EB4505AB8AC0B243EA402343F480734D
:1079A000AB82B0E7A51803007FBE02006718030092
:1079B0002DE9FF410C4617461E46054658B93E497B
:1079C0003E484FF48D633E4A0BF036FB4FF48D6119
:1079D0003B480BF028FB0846FFF734FE804627B3F0
:1079E00028460FF041FE18B928460FF025FE18BBB7
:1079F000214628460FF02BFE10B17B78012B1BD0BF
:107A000001238DF80F3000237A1CCDE90073204646
:107A1000BB1C0DF10F010FF066FE0FFA88F305EBAA
:107A200043039A8A42F003029A82002E41D02146F3
:107A300028460FF019FE20B96FF0150004B0BDE81C
:107A4000F081002237782B684FEA870C03EB87031D
:107A5000C3F81025C3F810250FFA88F205EB42028F
:107A6000938A23F4604323F020039382707800B359
:107A70002968B6786144D1F81035000423F49913CD
:107A800023F4F853C1F81035230200F4403003F416
:107A90007C5303433005D1F8105500F480100343A4
:107AA0002B43C1F81035938A43EA473343F0200350
:107AB00093820020C2E700BFA51803007FBE02002A
:107AC0006718030008B558B90749084840F27143E0
:107AD000074A0BF0B1FA40F2714105480BF0A3FAE6
:107AE000C0E9031208BD00BFA51803007FBE020055
:107AF0006718030070B51546044658B9134940F29B
:107B00007A43134A13480BF097FA40F27A4110482F
:107B10000BF089FA4AB9104940F223330C4A0D4858
:107B20000BF08AFA40F22331F1E70FF085FD48B1FE
:107B30000846FFF787FD04EB40040020A38A5B0B97
:107B40002B7070BD6FF01500FBE700BFA518030098
:107B5000671803007FBE0200B01803002DE9F04152
:107B6000044658B91E491F484FF491631E4A0BF052
:107B700063FA4FF491611C480BF055FA90F88C5061
:107B800090F88D7045BBA84660222946143011F04C
:107B900095FC164B266853F83770AF420FD100257D
:107BA00046F30730C6F87C51D6F87C31F0F7CAFCB2
:107BB0000123284684F88C30A367BDE8F081E8B241
:107BC000FFF7BAFDA0F580739B081F2B04BF46F892
:107BD000008033580135E0E76FF07700EDE700BF34
:107BE000A51803007FBE020067180300ACA60200C0
:107BF00008B558B90849094840F28F43084A0BF0C4
:107C00001BFA40F28F4106480BF00DFA90F88C00F9
:107C1000003818BF012008BDA51803007FBE020070
:107C20006718030008B558B90749084840F29D4352
:107C3000074A0BF001FA40F29D4105480BF0F3F9B9
:107C4000BDE80840FFF7B0BDA51803007FBE0200E5
:107C50006718030008B558B90A490B4840F2A44315
:107C60000A4A0BF0E9F940F2A44108480BF0DBF9AD
:107C7000074B90F88D0003EB8000BDE808400FF043
:107C80001DBC00BFA51803007FBE020067180300DB
:107C90009009002010B50C4658B90C490C4840F228
:107CA000AB430C4A0BF0C8F940F2AB4109480BF06A
:107CB000BAF9094B90F88D0003EB80000FF0E4FB5C
:107CC0000028A4BF2070002010BD00BFA51803002D
:107CD0007FBE020067180300900900202DE9F341E0
:107CE0000D461646044658B938494FF4A563384A3C
:107CF00038480BF0A1F94FF4A56135480BF093F922
:107D00000FF0A5FC48B9344940F23543304A3148B8
:107D10000BF092F940F23541EFE720460FF08CFC72
:107D2000276800B320460FF09FFC8046D8B9204654
:107D30000FF0B0FC0546FFF7FFFC47F800803B580A
:107D400023682AB203EB8203D3F8102542F0010224
:107D5000C3F8102526B101232268AB40C2F80433D2
:107D600002B0BDE8F081D7F80433002BA4BF4FF078
:107D70000043C7F804334EB9184940F24F43144A40
:107D800014480BF059F940F24F41B6E72846FFF787
:107D900059FC04EB4004A38AC3F38203042B11D0E3
:107DA000052B11D001A80195FFF792FC019B0169F9
:107DB000D94001F001010231284602B0BDE8F0418E
:107DC0000FF0DEBC0321F7E70221F5E7A518030059
:107DD000671803007FBE0200BA180300DB18030017
:107DE00008B558B90749084840F22F53074A0BF025
:107DF00023F940F22F5105480BF015F9BDE8084072
:107E00000FF0F9BCA51803007FBE0200671803003D
:107E10002DE9F04F07468BB058B97449744840F2C9
:107E20005C63744A0BF008F940F25C6171480BF036
:107E3000FAF8814659F804BB90F88D40DBF804133A
:107E40006D4BC9B2584653F8342041F000410FF051
:107E5000A6FC051E36DA0023CDE90833664B08A8D8
:107E600003EBC4035B6819460193FFF77FFC04230F
:107E700003EBC4030393614B0DF1200A029300232B
:107E8000029A009312F8013B5B490292039A02EBBB
:107E9000D3028A5C03F0070322FA03F3DA0719D44A
:107EA000009B0AF1040A9BB14FF0004100225846A2
:107EB0000FF075FC019908A8FFF758FC0028DAD1EB
:107EC00025F000450124002D7AD10BB0BDE8F08FDC
:107ED0000123D5E7009B4A4A13440493DAF80010C3
:107EE0000029DDD091FAA1F1B1FA81F1049B1C784F
:107EF00041EA44142046FFF7A5FB07EB4000B0F829
:107F00001480C8084FEA9803059301231AF800204B
:107F100001F0070103FA01F122EA01020AF8002048
:107F200007A80794FFF7D4FB079A059B803250F807
:107F30002220C8F382065B07B046C2F3014223D574
:107F400021464846D6B242460FF0AEFB07A807943A
:107F5000FFF7BEFB079B803350F82330C3F3014388
:107F60009E4207D1002120460FF00AFC31462046F0
:107F70000FF006FC07A80794FFF7AAFB0122079B56
:107F800002FA03F30362A9E7022A0DD10321204676
:107F90000FF0F6FB06F00503012BEBD1424621461C
:107FA00048460FF081FBE5E70221204605920FF0DD
:107FB000E7FB032EF2D0059A032ADBD1022EECE771
:107FC00095FAA5F3B3FA83F304FA03F225EA02055E
:107FD00003F5A2725BF8222007EB43034846B3F88F
:107FE0007C10C2F301420FF05FFB6CE7A5180300A1
:107FF0007FBE020067180300ACA60200F61803005B
:10800000F6180300F8B517460E4649B90C490D4855
:1080100034230D4A0BF010F834210B480BF003F811
:108020000A4D2C7944B92A20F0F78CFA0123204616
:108030002B712E60AF60F8BD6FF07700FBE700BFDB
:10804000811403007FBE0200F8180300F82D002001
:1080500038B518B1154B1B79012B09D014491548B7
:108060004723154A0AF0E8FF472113480AF0DBFFCF
:108070000023124A50F8234003F5A2710133102B5C
:1080800042F82140F6D100230C4A00F13C0103F5EF
:10809000B27451F8045F0133102B42F82450F6D12A
:1080A000D0F88030C2F8043338BD00BFF82D00206E
:1080B000331903007FBE0200F818030000A002502D
:1080C00008B5094B1B79012B09D0084908487623CC
:1080D000084A0AF0B1FF762106480AF0A4FF064AD2
:1080E0008340C2F8043308BDF82D00206A1903004C
:1080F0007FBE0200F818030000A0025008B5094B2B
:108100001B79012B09D0084908487E23084A0AF048
:1081100093FF7E2106480AF086FF064A8340C2F894
:10812000083308BDF82D00206A1903007FBE020045
:10813000F818030000A00250F8B501260027124BE2
:10814000124DD3F80C4304B9F8BD94FAA4F0B0FA78
:1081500080F006FA00F30F2824EA03040BDD0C4933
:108160000C4840F217230C4A0AF066FF40F2172130
:1081700009480AF058FF094B82009F502B68002BDA
:10818000E1D0A9689847DEE700A00250F82D002052
:10819000C51903007FBE02009319030000A102501D
:1081A0000022034BC3F88425C3F80425704700BFA1
:1081B00000900350044AD2F80834DB07FBD5016075
:1081C000BFF35F8F704700BF00900350B0F5801F72
:1081D00008B505D2C0F30B0363B16FF00C0019E0D2
:1081E0000D490E48D2230E4A0AF026FFD2210C4830
:1081F0000AF019FF02220B4BC3F88425C3F80425AB
:108200004FF0FF320260D3F80024D207FBD5FFF70E
:10821000C7FF002008BD00BF3B1A03007FBE02005D
:10822000D019030000900350B0F5801F08B506D3A5
:1082300000F17F4303F50043B3F5805F01D283076C
:108240000BD00C490C4840F27D130C4A0AF0F4FEA6
:1082500040F27D1109480AF0E6FE0122084BC3F8FE
:108260008425C3F80425FFF7A5FFBDE80840FFF704
:1082700097BF00BF551A03007FBE0200D01903004C
:108280000090035000220121054B83F83820054B54
:10829000C3F808131961C3F80025C3F8002170471B
:1082A000042E002000B002504FF47F03D3F8302199
:1082B000D3F83431072A13D1023B032B02D80A4AE0
:1082C000D05C80B14FF05023D3F8B825920709D184
:1082D000D3F8580500F00300013818BF012070479B
:1082E0000020704701207047691B030070B5114DD5
:1082F0006C6BA4B14FF47A735C430A23B4FBF3F4C0
:108300000D4ED6F800316BB995F8393053B90A20C3
:108310000FF0B8F8013CF4D16FF0730070BD4CF26F
:108320005034EDE795F8393003F0FF00002BF5D01D
:10833000F2E700BF042E002000B0025010B500226A
:108340000124074BC3F80045C3F800211C6028B185
:10835000FFF7CCFF18B9034B83F83840002010BD5D
:1083600000B00250042E00202DE9F041404C804620
:1083700094F8305016461F4605B148B93D493E486D
:1083800076233E4A0AF058FE76213C480AF04BFE1E
:10839000FFF78AFF002862D108F06043B3F1005F65
:1083A00060D118F0030F5DD1012D05D0BD425CD125
:1083B00094F83830002B58D00023314A022F0BBFDD
:1083C000C2F81065C2F80465C2F81485C2F80885C1
:1083D0000CBFC2F81815C2F80C1584F839302368A0
:1083E0000CBF08250425C3B994F838306BB10022BE
:1083F000234B05F1A045C3F80021012305F52C35D9
:108400002B60BDE8F041FFF771BF0120FFF796FF39
:1084100010F1740FEBD1BDE8F081A3682BB1C4F863
:108420000C806161E6610020F5E7154AC4F8088018
:108430002161A66184F83070C2F800310123C2F8CE
:10844000043394F8382002F0FF0012B9FFF776FFEA
:10845000E9E705F1A04505F52C352B60E3E74FF082
:10846000FF30D8E76FF00C00D5E76FF00F00D2E7D0
:10847000042E0020D71A03007FBE02009B1A0300BF
:1084800000B00250084B9A685A621A699A629A6957
:10849000DA62DA689A6032B15A691A61DA699A6105
:1084A0000022DA6070477047042E002008B54309A7
:1084B0000DD0012B1ED0144914484FF47473144A84
:1084C0000AF0BAFD4FF4747111480AF0ACFD4FF098
:1084D000FF33C340DA07EED50E4A02EB8002D2F832
:1084E00000020D4B034043EA012343F00203C2F8AC
:1084F000003208BD4FF6FF7300F01F00C340DB07DA
:10850000D9D5064AE9E700BF79DC02007FBE020048
:1085100046DC020000258450F0F0FCFF0028845067
:1085200010B50E4B0238D3F83C26D3F8383607285E
:1085300013D8DFE800F0110F0D0B0A080604100E27
:10854000C871100C8871100A48710A711A0ECA702D
:108550001A0C8A701A0A4A700B7010BD00B00250D3
:10856000023807281FD8DFE800F02927251123212A
:108570001F04CB791B068A7943EA02434A7943EA0E
:1085800002230A7913430E4AC2F83C36CB781B0605
:108590008A7843EA02434A7843EA02230A7813437B
:1085A000074AC2F8383670470023E4E70023E5E7BE
:1085B0000023E6E70023EBE70023ECE70023EDE7E9
:1085C00000B002500268154BFF2A08BF4FF0FF327F
:1085D000C3F824254268FF2A08BF4FF0FF32C3F8D2
:1085E00028258268FF2A08BF4FF0FF32C3F83025E4
:1085F000C268FF2A08BF4FF0FF32C3F83425026972
:10860000FF2A08BF4FF0FF32C3F838254269FF2A1E
:1086100008BF4FF0FF32C3F83C25704700B002504E
:1086200030B5194D8DB006AC0FCD0FC495E80300E1
:1086300084E80300154906A8D1F82435DBB200937D
:10864000D1F82835DBB20193D1F83035DBB2029393
:10865000D1F83435DBB20393D1F83835DBB204936B
:10866000D1F83C35DBB20593FFF7ACFF0023C1F82E
:10867000003101230B60D1F80031002BFBD068469C
:10868000FFF7A0FF0DB030BDC49D020000B0025046
:1086900070B590F8293004461BB190F82A20002AC2
:1086A00047D16068FF2800F0A980A168FF2900F089
:1086B000A580E268FF2A00F0A18025690E2D40F018
:1086C0009D80112840F09A80122940F097800D2A51
:1086D00040F094806269FF2A02D00F2A40F08E8019
:1086E000A269FF2A02D0102A40F08880DBB903215A
:1086F0001120FFF7DBFE0321A068FFF7D7FE03215F
:10870000E068FFF7D3FE20690321FFF7CFFE606921
:10871000FF2802D00321FFF7C9FEA069FF2802D07D
:108720000321FFF7C3FE94F82A3013B9201DFFF789
:1087300049FF636A334D344E6B6394F8293085F8F2
:108740003A304FF47F03D3F83021D3F83431072A7D
:1087500004D10123C6F80833FFF762FF2368C6F887
:108760004035A37F617F227F9B0143EAC10313430E
:10877000E27F43EAC213C6F844354FF47F03D3F8CF
:108780003021D3F83431072A13D1023B032B02D80E
:108790001E4AD35C6BB11C4A94F82310D2F84435BE
:1087A00019BB43F44033C2F844354FF4C063C2F8F8
:1087B0004036154994F82030D1F8002622F07F4247
:1087C00022F0FF02134394F8212043EA026394F855
:1087D000222043EA426394F8232043EA0273C1F85B
:1087E00000362B6833B9002070BD23F4003343F406
:1087F0008033D8E72B20EFF7A5FEF4E76FF01500E4
:10880000F2E700BF042E002000B002506D1B0300F1
:1088100010B558B90F4910484FF4D3730F4A0AF0F6
:108820000BFC4FF4D3710D480AF0FDFB0C4C94F88F
:10883000303063B9C4E90012FFF72AFF30B90123D1
:10884000C4E9020084F8303084F8380010BD6FF0BD
:108850007700FBE7221B03007FBE02009B1A030088
:10886000042E00202DE9F041DFF8E0800F4698F853
:1088700030100646144659B935494FF4F873354A55
:1088800035480AF0D9FB4FF4F87132480AF0CBFBB7
:10889000FFF70AFD002852D1012953D198F838304A
:1088A000002B39D001232D4DC5F808334FF47F0339
:1088B000D3F83021D3F83431072A01D1FFF7B0FEC5
:1088C0001FB139467078FFF74BFE002788F83970E2
:1088D000C5F80071B37872781B0343EA022332783B
:1088E0001343F27843EA4233327943EA82337279AE
:1088F00043EAC233C5F83436FFF7F8FC743014D1BC
:10890000337973B9164940F22223124A12480AF009
:1089100093FB40F22221B8E70846FFF70FFD7430C1
:10892000C0D16FF07300BDE8F081C5F800710CB9DB
:108930000020F8E721467078FFF7F2FDF8E74FF0E6
:10894000FF30F0E76FF00F00EDE700BF042E0020CE
:108950002B1B03009B1A03007FBE020000B00250D5
:10896000571B030008B50D4B93F830205AB90C493A
:108970000C4840F2E7230C4A0AF05EFB40F2E72184
:1089800009480AF050FB93F838301BB9BDE808409D
:10899000FFF7D4BC6FF0770008BD00BF042E0020A5
:1089A0002B1B03007FBE02009B1A030008B50C4B73
:1089B00093F830305BB90B490B4840F2F3230B4A74
:1089C0000AF03AFB40F2F32108480AF02CFB012B95
:1089D00003D1FFF757FC002008BD6FF00F00FBE745
:1089E000042E00202B1B03007FBE02009B1A0300F5
:1089F000034B93F83000003818BF0120704700BFC8
:108A0000042E002070B52A4C064694F830505DB90B
:108A1000284929484FF44773284A0AF00DFB4FF4C0
:108A2000477126480AF0FFFAFFF73EFCB8BB11F089
:108A3000030237D12368B3B1012D36D1204BC3F8DF
:108A40001C150421C3F8206584F8392084F83010FF
:108A5000C3F80021C3F8045394F83820EAB9FFF7AB
:108A60006DFC002018E0164DC5F81C15C5F82065F2
:108A700084F8393094F8383043B10023C5F8003118
:108A80000123EB60BDE87040FFF730BC0120FFF729
:108A900055FC10F1740FF0D170BDDD60E1E74FF0CF
:108AA000FF30F9E76FF00C00F6E76FF00F00F3E727
:108AB000042E00202B1B03007FBE02009B1A030024
:108AC00000B0025008B50B4B93F830305BB90A493F
:108AD0000A4840F24F330A4A0AF0AEFA40F24F31E8
:108AE00007480AF0A0FA0021BDE808400220FFF77D
:108AF00089BF00BF042E00202B1B03007FBE020095
:108B00009B1A030010B5224BD3F8002192B100222A
:108B1000204CC3F8002194F8381094F8302071B933
:108B20000121032A84F8381005D0042A05D0022A2E
:108B300000D1996010BD5960FCE7D960FAE7032ABB
:108B400019D0042A19D0022A04D1012384F8203034
:108B5000FFF798FCA36813B9012384F8303094F828
:108B6000393003F0FF0013B9D4E9003198470023EE
:108B700084F82030DEE70223E8E7032284F820208F
:108B8000D3F81C256262D3F8203584F82830E1E759
:108B900000B00250042E00202DE9F0410E46174689
:108BA0000C4D55F81C4FAC4203D16FF01200BDE8DC
:108BB000F081314654F8440CA4F14408E8F7AEF9CA
:108BC00030B9C7F800804046BDE8F0410EF015BF4F
:108BD0002468E8E7402E002010B5D0E909124A6069
:108BE000416A00F124031160C0E909334368044677
:108BF00003B19847054A936833B11279062A03D91D
:108C00000720226802499847002010BD402E00200E
:108C1000711B03002DE9F04107460D460B4E56F837
:108C20000C4FB44202D16FF001000AE0394654F80B
:108C3000240CA4F12408E8F771F920B91DB1C5F896
:108C40000080BDE8F0812468EBE700BF402E0020E3
:108C500038B5044600B30068F0B10378E3B10021F1
:108C6000FFF7D8FFD8B104F11C03C4E907330D4B5B
:108C700004F12402196903F10C00A16260621A6117
:108C80000A609D6835B11B79062B03D9072022683D
:108C90000549A847002038BD6FF01500FBE76FF0CD
:108CA0001000F8E7402E0020731B030038B5114C6C
:108CB0000546216819B100200131216038BD242208
:108CC000204610F0FBFB2B682846A3602B7923710C
:108CD00004F10C03C4E9033304F11403C4E90533BC
:108CE00004F11C03C4E9073300F018F80028E5D1AB
:108CF0002168E0E7402E002038B5074D2C68013C84
:108D00002C6044B900F012F821462846BDE83840EE
:108D1000242210F0D3BB38BD402E002008B50248F5
:108D2000FFF796FF002008BD980900200148FFF7D3
:108D300053BF00BF980900200EB4431E062B33B565
:108D400088BF0020094B05AC54F8045B53F8201091
:108D500007480AF05BF9214628460194EBF7D2F95F
:108D600002B0BDE8304003B0704700BFBCA60200AF
:108D7000F4BD02002DE9F04F87B017469B4604462C
:108D8000DDF840A000284BD0056A35B12D6825B12B
:108D9000AC4607B0BDE8F04F6047E36A9F4242D857
:108DA0000026BE4203D1002007B0BDE8F08F182393
:108DB00003FB06F8D4F83090A26909EB08052B1DD7
:108DC0000593CAB9686969680368B5F80CC0C91A1F
:108DD000AB680CF1030E5D1E05EB0C155B4205EB59
:108DE0004E051D4005EBCC0385680633A94228BF1C
:108DF0004FF0FF310EF0CEFD59F8083020460293B7
:108E0000236AB1B29B6A01935AF8263000935BF84B
:108E10002620059B0EF036FE0028C5D10136C0E79E
:108E20006FF01500C0E70148BEE700BF40F4FFFF48
:108E300010B5044690B1028D43899A4209D0084A80
:108E4000936833B11279032A03D942680549042093
:108E500098472046BDE810400FF070BC10BD00BF21
:108E6000402E0020261C030030B544898C4212D9C4
:108E7000436A013C5D882C4003EBC40359609A604F
:108E8000BFF35B8F426A538801335380438D0133B4
:108E90004385002030BD0148FCE700BF41F4FFFFDF
:108EA00070B4039E144660B1006A50B14BB10134F6
:108EB00007D0002E05DBD0F8844014B1A44670BC66
:108EC0006047014870BC70472DF8FFFF70B4039EE7
:108ED000144660B1006A50B14BB1013407D0002E86
:108EE00005DBD0F8944014B1A44670BC604701483B
:108EF00070BC70472DF8FFFF2DE9FF47DDF8348087
:108F00000E4691469A460546002876D0002974D030
:108F1000B8F1000F71D001F1640738460EF01DFF63
:108F2000BAF1FF3F49D1346E06F1500204F18000DE
:108F3000844204F01F0C07D2C4F3411152F82110EF
:108F400021FA0CF1C90736D4012104F07F0460092D
:108F500052F8203004F5806A01FA0CF104F2014461
:108F60000B4304F07F0442F8203034666B6C4A46B1
:108F700003930E9B2946CDE901830C9B3046009359
:108F800053460EF099FF384601F022FB2C7874B15D
:108F900096F8A4405CB1AB6A013330D10021284679
:108FA0000EF01AFF044610B128460EF0EBFE2046E4
:108FB00004B0BDE8F0870134BAE7BAF5806FD5D3C5
:108FC000AAF580637F2B06F150010FD8580951F89C
:108FD000204003F01F0324FA03F2D2070BD401222E
:108FE00002FA03F3234341F82030BFE7054C38462B
:108FF00001F0EEFADBE7044CF9E7024CD7E7002476
:10900000D5E700BF2DF8FFFF29F8FFFF08B58368FB
:109010001A0C0AD1094A93682BB11279022A02D993
:10902000032007499847002008BDA3F580338360DB
:109030001B0C0CBF01200020F6E700BF402E0020D3
:10904000481C030038B50446E0B100F16405284629
:109050000EF083FFD4F8B4309B6953B9D4F8A8401C
:10906000103C002C00DC084C28460EF074FF204613
:1090700038BD012BF7D1D4F8BC000EF056FEA0F19C
:109080001004EEE7014CF2E72EF8FFFF2DF8FFFF8A
:1090900038B50446E0B100F1640528460EF05DFFE6
:1090A000D4F8B4309B6953B9D4F8AC40103C002CD0
:1090B00000DC084C28460EF04EFF204638BD012B40
:1090C000F7D1D4F8B8000EF030FEA0F11004EEE7AE
:1090D000014CF2E72EF8FFFF2DF8FFFF2DE9F041DC
:1090E000A3F1100853F8087C002388B00693ADF86C
:1090F0001E301023CDE904120E9D0446D0F8C000A6
:10910000ADF81C5001688668A8EB0101B14228BF88
:109110004FF0FF310DEB03020EF002FC1028BFB23E
:109120000BD024494FF4DF73234A244809F084FF0D
:109130004FF4DF71204809F076FF04F164063046F1
:109140000EF00BFFD4F8B4309B69D3B9D4F8A82043
:10915000D4F8B430D4F8BC009B69CBB9CDE9028215
:10916000CDF80080012202A90EF0B9FCB0B114497B
:1091700040F2C913104A114809F05EFF40F2C911CC
:10918000D8E73946D4F8BC000EF03FFD0246DFE7D1
:10919000012B03D13946FFF767FEE7E7D4F8BC009F
:1091A0000EF08CFD30460EF0D6FE284608B0BDE825
:1091B000F08100BFAC1C0300691C03007FBE0200ED
:1091C000C51C0300F0B504468E680D46B6B23146A4
:1091D000D0F8B80085B00EF018FDD4F8B4300746CA
:1091E0009A699AB90095CDE902500123D4F8B800E4
:1091F00002A90EF074FC48B10F497D230F4A1048B4
:1092000009F01AFF7D210D4809F00DFFD4F8B430A4
:109210009B69012B0ED13A463146D4F8B800FFF7CE
:1092200023FE38B104498323044A054809F004FFAA
:109230008321E8E705B0F0BDF2DA0200691C030003
:109240007FBE02002DE9FF4103689E6A06F16408B3
:1092500040460EF082FED6F8B4309B693BB1012B3C
:1092600012D040460EF077FE04B0BDE8F081D6F88B
:10927000B8000DF10A0203A90EF08DFCD6F8B43047
:1092800004469B69012B07D1D6F8B80003AA0DF15B
:109290000A010EF0C5FC0446002CE2D0BDF80A30ED
:1092A00000216268A36030464FF0FF330EF0CAFD24
:1092B00005460EF058FDA368404603F58033A360D1
:1092C0000EF049FEE5B1AB6A696C013308BF236853
:1092D000284608BFAB622368A28900916F6B04F136
:1092E0001001B84700280BDA1049114840F25A2300
:1092F000104A09F0A1FE40F25A210E4809F093FEEF
:1093000040460EF02AFE28460EF032FD2046FFF7BA
:109310007DFE38B130462146FFF754FFD6F8B8003D
:109320000EF0CCFC40460EF016FE91E7D11C030077
:109330007FBE0200691C03002DE9F04385B00F4693
:10934000904603A90D9A064699460EF0E7FE04469C
:1093500050B30C9D039BD6F8C0009D42A8BF1D468C
:109360000168D0F808C0611A614528BF4FF0FF318D
:109370002B464A460EF0D4FA85420BD00B490C48D6
:109380004FF405730B4A09F057FE4FF40571094875
:1093900009F049FE23464246394630460095FFF71C
:1093A0009DFE05B0BDE8F0830348FAE7DD1C03002D
:1093B0007FBE0200691C03002EF8FFFF2DE9F04775
:1093C0008AB00D46DDE9129716469846044620B944
:1093D000954E30460AB0BDE8F0870029F8D0002B42
:1093E000F6D00021A822C0F8D01010F067F80122B2
:1093F00004F1640011460FF002F88C4BC4F8B4502D
:10940000E667AC62C4F88430894BC4F88830894B75
:10941000C4F88C30884BC4F89030884BC4F8943032
:10942000874BC4F89830874BC4F89C30864BC4F8FF
:10943000A030AB693BB9002FCAD097E8070004F110
:10944000A80383E80700AB69012B04D02B6A03BB98
:109450006FF00506BDE7D4F8B400002800F0E08006
:10946000036A002BF4D09B68002BF1D0984742068A
:109470000CD50021D4F8B4000EF05DFD064600289E
:10948000A7D10021212003F04BF9E4E74307F8D5E9
:10949000DCE71B69002BDBD028469847AB69012B22
:1094A00004BF0023286100F0010008BF6B6184F84D
:1094B000A400AB69DBB93B7A002B00F0838009F193
:1094C0000C03C4F8C430B9F1000F81D0D9F80820DA
:1094D000002A00F0A3809B68002B00F09F805B4B6C
:1094E00004935B4B05935B4B06935B4B0793AB6914
:1094F000012B07D1564B0493544B0593564B0693BF
:10950000544B0793002104F1C803C4E9323306AB7E
:10951000C4F8C080022200932846019104ABFFF7F3
:1095200029FC064600287FF454AFAB693BB92B6B8E
:109530001B68C4F8B8302B6B9B69C4F8BC30AB69AE
:10954000012B07D12B6B9B69C4F8B8302B6B1B68C0
:10955000C4F8BC30D4F8BC000EF082FB2B6B1B6847
:10956000C3F82C802B6B9B69C3F82C80D5F818A00E
:10957000BAF1000F07D1D4F8AC300993D4F8B83061
:109580005B89534520D894F8A430C4E9004463B102
:1095900000230293314B204601933523304A039434
:1095A000009304F108010EF087FCAB69002B7FF4F7
:1095B00010AF042128460EF0BEFC074600283FF4F9
:1095C00008AF26E04B467CE74846D4F8AC100EF0D6
:1095D00096FD0746E0B1D8F800100890411AD8F877
:1095E00008000022814228BF4FF0FF31D4F8AC3090
:1095F00040460EF0CFF9009701230022D4F8B800BE
:1096000008A90EF06CFA074618B90AF1010AB5E785
:10961000144F28460EF088FC3E46DAE6114ED8E696
:109620006FF01506D5E600BF2DF8FFFF3993010056
:10963000AF7F0200CB8002001D810200DD9001009F
:10964000677F02009190010045900100EB1C030030
:10965000F11C030045920100557F0200D37F0200F8
:10966000F71C03002EF8FFFFF0B505460E4617461F
:1096700087B0074A03AC07CA84E807000C9A314652
:10968000009228463A460194FFF798FE07B0F0BDD5
:10969000DC9D020008B5144BA822002118460FF0EB
:1096A0000DFF0322114902614261114A8161C261C9
:1096B0004FF480620262002282624262C2620166EC
:1096C0000C4903464166102181660267C266426703
:1096D000BFF35F8F084911F8010D98540132102A29
:1096E000F9D1BFF35F8F08BD10040020FA1C0300FE
:1096F0001000002000000020131D030010B4BFF371
:109700005F8F00230A4A0B49C85C12F8014D84425E
:1097100009D10133102BF7D10023BFF35F8F23B1A1
:1097200010BCFFF7B7BF0123F7E710BC704700BFBD
:10973000131D03001004002038B5436905463BB9EA
:109740000024EA686042537843F00103537038BD47
:10975000984704460028F3D000F1FF03FE2B0ED9F2
:109760002123094A09490A4809F066FC2968094881
:10977000224609F061FC2121034809F054FCEB6802
:1097800044421C70DDE700BF141D0300371D0300B9
:109790007FBE02004F1D030010B50446ECF7FAFB34
:1097A00003480121034A0AF0F0FA20460EF0ABFD0F
:1097B0006C9C0200741D03002DE9F84304460D461D
:1097C00000AFEFF31188202383F31288BFF36F8F6C
:1097D0000428314A98BF314BE9468AB09668117C1B
:1097E00098BF53F820306A4688BF2D4BC2E9073135
:1097F00040F201332B4893842B4BC2E9050442F815
:10980000103F00234FF431512848ECF721FDCD469D
:1098100045B1EB69C3F3080323B10121244A23486E
:109820000AF0B3FA2EB130460EF067FE08B10378A5
:1098300003B92048E9468AB06A461F4BD061C2E9A5
:10984000053640F2013313841C4B42F8103F0023CD
:109850004FF411511548ECF7FBFC2946CD46204644
:10986000FFF79AFF042C0CD115498723154A164897
:1098700009F0E2FB154809F0DFFB8721114809F0E8
:10988000D2FB88F31188BFF36F8F3046EEF702FEEC
:10989000BD46BDE8F88300BF642E0020DCA60200B0
:1098A000831D0300911D0300050000016C9C020054
:1098B000B91D0300E5E30200DA1D03000400000106
:1098C000141E0300F21D03007FBE0200311E0300C0
:1098D00038B50A4B53F82040013053F82050A542C8
:1098E00000D838BD606830B1037EDB0701D4FFF7D4
:1098F00023FF0834F3E723689847FAE7F0A602004D
:10990000012270B5384B032086B01A70FFF7E0FFD4
:10991000EFF748FE0EF02AFF0420FFF7D9FF334C83
:10992000334DAC42264628D932494423324A334883
:1099300009F082FB324809F07FFB44212E4809F0F0
:1099400072FB54F80C3C059354F8103C049354F803
:10995000143C039354F8183C029354F81C3C0193B4
:1099600054F8203C009354E90A2354E90C0101F017
:10997000A3FF54F8303C5E65D3E7AE4204F13004F7
:10998000DFD302F0A9FC194C1E4EAC421FD9194975
:109990006823194A194809F04FFB194809F04CFB94
:1099A0006821CBE7D4E90A23B3F1FF3F08BFB2F146
:1099B000FF3F05D052EA0301206803D102F0EAFE1E
:1099C0003034E2E73146183003F016FAF8E7E9D30D
:1099D00002F0F4FCE8F7A2FD0B4A137B23F001032D
:1099E000137306B070BD00BF36490020389A0200DC
:1099F000389A0200D11E0300B01E03007FBE020091
:109A000060CA02005F850200F01E002000230122D0
:109A100070B586B0CDE904230F220193CDE902325F
:109A200014234FF4A0720E4D0E4E03FB00550E4949
:109A300006EBC016044602FB00110C4B30460095A5
:109A400001F03AFF737B2C7423F004037373084B0B
:109A5000013403EBC423EE606B6006B070BD00BF41
:109A6000642E0020701E0020C02C0120619F010088
:109A7000C02401207FB50020FFF72AFF344B03F5F7
:109A8000006282F3088883F30A88E023314C84F86B
:109A900022300023E37723766376A37684F82030A0
:109AA000626A42F4E022626284F82330EEF770FCCE
:109AB000EEF708FE4FF0FF33A362E362EEF7D8FF44
:109AC000EEF724FEECF796F9234801F09FFF234BB5
:109AD000234A93420ED92349CC23234A234809F031
:109AE000ABFA234809F0A8FACC211F4809F09BFAE9
:109AF0001C33EEE7FCD3EFF725FD0120FFF7E8FE6E
:109B000002201C4CFFF7E4FE02F0E8FC1A4B002593
:109B10005C611A4B4FF40062059301231849CDE9AB
:109B200003532046174BCDE90155009501F0C4FEC3
:109B30000646637B204623F00403637302F0D0F8EB
:109B40002846FFF763FF314620460E4AEEF79AFD9E
:109B5000C024012000ED00E010200020F896020053
:109B600010980200FE1E0300B01E03007FBE02001C
:109B700060CA0200F01E0020642E0020161F0300A1
:109B8000002E01200199010038B50D4C0D4DAC425D
:109B900013D90D4925230D4A0D4809F04DFA0D48FA
:109BA00009F04AFA2521094809F03DFA2046D4E98E
:109BB00001120EF0B0FB1834E9E7F7D3002038BDEE
:109BC0000C0B0020240B0020881F03001E1F030025
:109BD0007FBE020060CA0200F8B505460E4600F1DD
:109BE0001404EFF31187202383F31288BFF36F8FE0
:109BF000204603F0A7F868B988231B4A1B491C4874
:109C000009F01AFA21461B4809F016FA882116486D
:109C100009F009FA204603F0B9F828463146E9F779
:109C2000A5FE05F10C000EF0A8FC28B1394620462F
:109C3000BDE8F84002F0F6BA204603F091F868B9A2
:109C40004FF49A73084A0C49094809F0F5F921467E
:109C50000A4809F0F1F94FF49A71D8E787F31188AF
:109C6000BFF36F8FF8BD00BF98C60200C5C60200E3
:109C70007FBE0200DAC60200F0C6020007C702007B
:109C8000002038B50C4C0D4DAC4213D90C4995232E
:109C90000C4A0D4809F0D0F90C4809F0CDF995218E
:109CA000084809F0C0F920460EF03FFB002802DB0F
:109CB0002034E9E7F7D338BDAC0A00200C0B0020B4
:109CC000C61F0300A11F03007FBE020060CA02007E
:109CD0002DE9F74305460F4691461C4600F108065C
:109CE000EFF31188202383F31288BFF36F8F304680
:109CF00003F028F860B98823314A3249324809F024
:109D00009BF93146314809F097F988212C4826E023
:109D1000304603F03BF82B691BB33B601C68EB69D2
:109D20002C610133EB6114B96A6993421FD0EB686F
:109D3000E41A09D4D5E905235A43A24204D9B4FB55
:109D4000F3F203FB124494B12149EA23214A1E484D
:109D500009F072F9204809F06FF9EA211D4809F06D
:109D600062F959EA040214D16FF00B043B603046EB
:109D700002F0F6FFF0B94FF49A73114A17491248EE
:109D800009F05AF93146164809F056F94FF49A711C
:109D9000BCE7CDE900942A464146304602F082F8FD
:109DA000044618B90F4B9B681B693B60204603B003
:109DB000BDE8F08388F31188BFF36F8FF6E700BF2B
:109DC00098C60200C5C602007FBE0200DAC60200C5
:109DD000E31F0300A11F03005F200300F0C6020081
:109DE00007C70200642E00202DE9F843C36805462A
:109DF000CB1A0E4623D4D0E90512514399421ED9FD
:109E0000B3FBF2F102FB1133CBB900F10807EFF31A
:109E10001189202484F31288BFF36F8F384602F033
:109E200091FFD8B98823414A4149424809F004F9D1
:109E30003946414809F000F988213C480CE03F4987
:109E40004FF489733E4A3B4809F0F6F83D4809F063
:109E5000F3F84FF489713A4809F0E5F8384602F012
:109E600095FFD5F81080B8F1000F40D1EFF31183C2
:109E700084F31288BFF36F8F83F31188BFF36F8F62
:109E80005BB93149A623314A2A4809F0D5F8304850
:109E900009F0D2F8A6212D48DEE72C68A54226D08D
:109EA0002CB3A3683BB92B498F23284A214809F0DA
:109EB000C3F88F21EFE7D4E9003213605A60637B67
:109EC000C4E9008823F002036373C4F8088004F136
:109ED000180003F06DF82046C4F87C80266101F07C
:109EE000FFFE49463846BDE8F84302F09BB92B69AE
:109EF00038463360EB692E61013BEB6102F030FFC5
:109F000068B94FF49A73094A13490A4809F094F85A
:109F10003946124809F090F84FF49A718DE789F3A9
:109F20001188BFF36F8FBDE8F88300BF98C60200A9
:109F3000C5C602007FBE0200DAC602004D1D030046
:109F4000A11F03007A200300C72003009C20030008
:109F5000851F0300DF200300F0C6020007C70200D0
:109F600008B50D4B9B6893F90E30002B09DB2024BC
:109F7000EFF3118384F31288BFF36F8F0AF0AEFA08
:109F8000F6E7064906481C23064A09F055F81C2145
:109F9000044809F048F800BF642E00201721030090
:109FA0007FBE0200F62003002DE9F3410446174668
:109FB0001E46EFF3058565B158496F23584A594845
:109FC00009F03AF8584809F037F86F21544809F079
:109FD0002AF8EFF31188202383F31288BFF36F8FE1
:109FE000524802F0AFFE60B98823514A51494D48AA
:109FF00009F022F84D49504809F01EF888214C48D4
:10A00000E5E74A4802F0C2FEE3684C4A9BB1A0680B
:10A010009168884229D057EA06032ED1434802F0BE
:10A020009FFEA0B188F31188BFF36F8F6FF00F0010
:10A0300002B0BDE8F081916891F90E100133E36040
:10A0400093683A482161A36002F08AFE78B94FF420
:10A050009A73374A3A49334808F0EEFF3349394892
:10A0600008F0EAFF4FF49A71C9E72169E6E788F33F
:10A070001188BFF36F8F0020DAE791F90E1090F985
:10A080000E306FF07E029942A8BF19469142B8BFC8
:10A0900011468B4202DD0EF071F90546224641461B
:10A0A000CDE90076214801F0FDFE0028E3D0EFF372
:10A0B0001186202383F31288BFF36F8F1B4802F0B1
:10A0C00041FE002890D0194802F060FEA068C0B19F
:10A0D000236821699C420AD04BB193F90E30994212
:10A0E000A8BF19466FF07E039942B8BF19460EF01B
:10A0F00045F930B131460D4802F094F86FF00A008E
:10A1000096E7002DF6D1094802F02AFE00289ED0DD
:10A1100086F31188BFF36F8FF0E700BF6121030062
:10A120003F2103007FBE020073210300842E002024
:10A1300098C60200C5C60200DAC60200642E0020DE
:10A14000F0C6020007C70200F8B50546EFF3058325
:10A1500063B15449D723544A544808F06DFF54481A
:10A1600008F06AFFD721504808F05DFF8368002B94
:10A1700000F092804F4A9268934240F09080C3680A
:10A180003BB94D49EF23484A484808F055FFEF21B5
:10A19000E9E7012B03D0013BC3600020F8BDEFF3DA
:10A1A0001187202484F31288BFF36F8F434802F095
:10A1B000C9FD60B98823424A42493C4808F03CFF47
:10A1C0003E49414808F038FF88213D48CCE73B48EC
:10A1D00002F0DCFD2969A8680EF0D0F8EFF31183D6
:10A1E00084F31288BFF36F8F83F31188BFF36F8FEF
:10A1F0005BB93649A623364A2C4808F01DFF35487E
:10A2000008F01AFFA6213248AEE72C68AC4215D1FF
:10A2100000232A48C5E9023302F0A2FD002836D106
:10A220004FF49A73264A2C49204808F005FF234929
:10A230002A4808F001FF4FF49A71C6E7002CE7D0D6
:10A24000A3683BB926498F23214A184808F0F4FE39
:10A250008F21D8E70026D4E9003213605A60637B6F
:10A26000C4E9006623F002036373A66004F11800DA
:10A2700002F09EFEAC6094F90E3020462B61E6673A
:10A2800001F02EFD39460D4801F0CCFF85E787F33C
:10A290001188BFF36F8F80E76FF015007EE74FF0F6
:10A2A000FF307BE7612103003F2103007FBE0200F6
:10A2B00073210300642E002098210300842E0020C7
:10A2C00098C60200C5C60200DAC60200C720030015
:10A2D0009C200300851F0300F0C6020007C7020090
:10A2E000DF20030008B583684BB90B490B488F2367
:10A2F0000B4A08F0A1FE8F21094808F094FED0E92E
:10A30000003213605A600023427BC0E9003322F020
:10A3100002024273836008BDDF2003007FBE02009B
:10A320009C2003002DE9F04704460F4691469A46CB
:10A330009DF8208000F10805EFF31186202383F3B8
:10A340001288BFF36F8F284602F0FCFC60B98823A7
:10A35000504A5149514808F06FFE2946504808F0CC
:10A360006BFE88214B481DE0284602F00FFDB8F136
:10A37000000F00D06768EFF31183202282F3128868
:10A38000BFF36F8F83F31188BFF36F8F63B94549B4
:10A39000A623454A414808F04FFE444808F04CFEC9
:10A3A000A621414808F03FFE234653F80C8F9845FC
:10A3B00019D0B8F1000F16D04046FFF793FF08F10F
:10A3C000180002F0F5FD00234046C8F87C30C8F8BC
:10A3D000109001F085FC3146284601F023FF00244F
:10A3E0002046BDE8F087BAF1000F14D0082003F032
:10A3F000C7F9002846D00122C0F804900260016825
:10A4000001F003015FB922680A43026062682060BC
:10A410006AB960600BE04846C9F800A0EFE73A6807
:10A42000032A24D801606168D9B9C4E9000004F1A5
:10A430001400042103F046F804460028CBD1284636
:10A4400002F08EFC08BB4FF49A73124A1849134865
:10A4500008F0F2FD2946174808F0EEFD4FF49A7116
:10A4600080E70A6802F0030202430A60D1E722F0A3
:10A4700003020A4302603A6802F0030240EA020360
:10A480003B60D4E76FF00B04D9E786F31188BFF384
:10A490006F8FA5E798C60200C5C602007FBE020006
:10A4A000DAC60200C72003009C200300851F0300BA
:10A4B000F0C6020007C702002DE9F74306469046A2
:10A4C0001F4600F10805EFF31189202383F312885A
:10A4D000BFF36F8F284602F035FC68B98823254A00
:10A4E0002549264808F0A8FD2946254808F0A4FD7E
:10A4F0008821204808F097FD284602F047FC346880
:10A50000FCB12368726823F00303944220464FF0A5
:10A510000101336008BF73600DF03FFF0446284619
:10A5200002F01EFCE8B94FF49A73124A1549134819
:10A5300008F082FD2946144808F07EFD4FF49A7118
:10A54000D7E758EA0703EAD049462846CDE900870D
:10A5500006F10C0201F0A6FC38B90C4B9B681C6993
:10A5600003E089F31188BFF36F8F204603B0BDE885
:10A57000F08300BF98C60200C5C602007FBE02007D
:10A58000DAC60200F0C6020007C70200642E0020EF
:10A5900008B583684BB90B490B488F230B4A08F069
:10A5A0004BFD8F21094808F03EFDD0E900321360D1
:10A5B0005A600023427BC0E9003322F0020242735A
:10A5C000836008BDDF2003007FBE02009C200300E3
:10A5D00070B50446EFF31186202585F31288BFF38A
:10A5E0006F8F334802F0AEFB60B98823314A32499D
:10A5F000324808F021FD2E49314808F01DFD882120
:10A600002C4818E02A4802F0C1FBEFF3118385F3D0
:10A610001288BFF36F8F83F31188BFF36F8F63B915
:10A620002849A623284A254808F006FD274808F0AF
:10A6300003FDA621244808F0F6FC2568AC4212D0A0
:10A640008DB12846FFF7A4FF05F1180002F0B0FC19
:10A6500000232846EB6701F043FB3146BDE870401C
:10A66000134801F0DFBDD4E902329A4218BF01332A
:10A670000221A36004F1100002F024FF0028ECD1B5
:10A680000B4802F06DFB68B94FF49A73094A104900
:10A690000A4808F0D1FC06490E4808F0CDFC4FF4FA
:10A6A0009A71ADE786F31188BFF36F8F70BD00BF5D
:10A6B000882E002098C60200C5C602007FBE020098
:10A6C000DAC60200C72003009C200300851F030098
:10A6D000F0C6020007C70200F7B5044616461D463D
:10A6E000EFF305837BB152EA05030CD02D49882393
:10A6F0002D4A2E4808F0A0FC2D4808F09DFC88212A
:10A70000294808F090FCEFF31187202383F3128887
:10A71000BFF36F8F274802F015FB60B98823264AE4
:10A720002649224808F088FC2249254808F084FC84
:10A7300088212148E5E71F4802F028FBA368D3B130
:10A74000013B1C48A36002F00BFB68B94FF49A73FD
:10A75000194A1C49154808F06FFC16491A4808F0B8
:10A760006BFC4FF49A71E4E787F31188BFF36F8FA6
:10A77000002003B0F0BD56EA05030BD10D4802F0EE
:10A78000EFFA0028E2D087F31188BFF36F8F6FF0E4
:10A790000F00EEE722463946CDE90065054801F095
:10A7A00081FBE6E7CF210300AF2103007FBE02005B
:10A7B000851F0300882E002098C60200C5C602002F
:10A7C000DAC60200F0C6020007C7020007B5074B51
:10A7D0004FF40062009306494FF0FF33054800F044
:10A7E0002DFC002003B05DF804FB00BF08A70200A9
:10A7F00000360120701F00202DE9F0430446764EFC
:10A80000764F85B0EFF31188202383F31288BFF3CE
:10A810006F8F304602F096FA68B98823704A714902
:10A82000714808F009FC6C49704808F005FC882163
:10A830006B4808F0F8FB304602F0A8FAD4F88450D0
:10A84000F5B9022104F19C000DF0E9FD002840D08B
:10A8500004F1940500220121284602F02DF9002878
:10A86000F8D100234FF0FF3202934FF0FF334146FF
:10A87000CDE90023304604F18C0202F07BF9C1E7F8
:10A88000D4F888202B68954208BFC4F88830C4F8F3
:10A890008430D4F89C30304643F00203C4F89C3036
:10A8A000EB68D5F8049023F0040343F00103EB6058
:10A8B00002F056FAF8B94FF49A73494A4C494A489B
:10A8C00008F0BAFB44494B4808F0B6FB4FF49A71C4
:10A8D000AEE7D4F89C30DD06C3D5C4F89C003E48F2
:10A8E00002F03EFA0028E6D088F31188BFF36F8F9C
:10A8F00005B0BDE8F08388F31188BFF36F8FB9F11D
:10A90000000F0AD13C4938484FF438733B4A08F0ED
:10A9100093FB4FF4387139488BE72846C847EFF36B
:10A920001188202383F31288BFF36F8F304602F023
:10A9300009FA00283FF471AF304602F027FAEB68BD
:10A94000D90623F0010231D4EA60EB689A0716D5E4
:10A95000386823F00203EB6088B10021036870B10E
:10A960004268954230D1036841BB7A683B608242BD
:10A9700000D17B60002340F8083BFFF729FED4F8A4
:10A980009C30304623F00203C4F89C30C3F300250A
:10A9900002F0E6F900288ED088F31188BFF36F8F9C
:10A9A000002D7FF42FAF01F0A1FD2BE723F0110361
:10A9B000EB6005F11000FFF70BFEC6E70B607B684C
:10A9C000834208BF7960D5E723B11A68014618466B
:10A9D0001346C4E71A46F9E7942E00208C2E002077
:10A9E00098C60200C5C602007FBE0200DAC6020099
:10A9F000F0C6020007C702006722030025220300F9
:10AA000070B5C3680546C3F340069B070C460DD5D9
:10AA10000122002104F108000DF0F1FC0023236065
:10AA2000054B65605A681AB9C3E90044304670BDE9
:10AA300014605C60FAE700BF8C2E0020F8B5C36894
:10AA400004469A070F46C3F340063BD45B0727D45E
:10AA50000B680BB983680B60E368DD0723D5A36837
:10AA60005BB92949294840F25713294A08F0E4FA0A
:10AA700040F25711264808F0D6FA02263B603D689E
:10AA8000002D3ED0234B9A68D5F880309A420CD0E6
:10AA9000D5F89C30D807C3F3800216D46FF01206A5
:10AAA00000233B6027E00126E9E70DF01DFDD5F806
:10AAB0009C300028EED1D907C3F3C002EED552B1C5
:10AAC0005B0708D46FF00F06EAE7002AFAD1C3F358
:10AAD000C003002BF6D100232360D5F8883063B97A
:10AAE000C5E9214428460DF0B5FCE36843F00403B2
:10AAF000E3603B68A3603046F8BD1C60C5F8884041
:10AB0000F0E76FF01506CBE7462203007FBE020098
:10AB100025220300642E002073B50446EFF311854F
:10AB2000202383F31288BFF36F8F1E4802F00AF9C7
:10AB300068B988231C4A1D491D4808F07DFA194947
:10AB40001C4808F079FA8821174808F06CFA154873
:10AB500002F01CF900230321201F0193A4F1100629
:10AB60000DF05DFC28B1A369304601A90193FFF700
:10AB700065FF0C4802F0F4F868B94FF49A730A4A7A
:10AB80000D490B4808F058FA06490C4808F054FAE9
:10AB90004FF49A71D8E785F31188BFF36F8F02B035
:10ABA00070BD00BF942E002098C60200C5C60200EA
:10ABB0007FBE0200DAC60200F0C6020007C702002C
:10ABC00038B50D46044648B90C499C230C4A0D483B
:10ABD00008F032FA9C210A4808F025FA39B90A49E6
:10ABE0009D23074A074808F027FA9D21F3E7102222
:10ABF00000210EF063FC656038BD00BF0223030036
:10AC0000252203007FBE020067220300F8B5C36857
:10AC1000064603F00503002B0C4614BF012700274E
:10AC200029D085685DB91D491D4840F2C1131D4AF0
:10AC300008F002FA40F2C1111A4808F0F4F90122B2
:10AC4000002104F110000DF0DAFB20461649FFF751
:10AC5000B7FFE36843F01003E360F3685B0712D5C6
:10AC6000336823606BB9D5F8883033B9C5E921441E
:10AC700028460DF0EFFB3846F8BD1C60C5F888404B
:10AC8000F6E73460F4E7D5F884302360D5F88830EF
:10AC9000C5F88440002BEBD1F0E700BF4C22030045
:10ACA0007FBE0200252203003584020038B5044629
:10ACB000EFF31185202383F31288BFF36F8F1848B9
:10ACC00002F040F868B98823164A1749174808F077
:10ACD000B3F91349164808F0AFF98821114808F074
:10ACE000A2F90F4802F052F8E4680D4804F01F047E
:10ACF00002F036F868B94FF49A730A4A0D490B48C6
:10AD000008F09AF906490C4808F096F94FF49A7140
:10AD1000E4E785F31188BFF36F8F204638BD00BF8D
:10AD2000942E002098C60200C5C602007FBE020015
:10AD3000DAC60200F0C6020007C7020037B50C46AB
:10AD4000019059B9284940F27D13284A284808F053
:10AD500073F940F27D11254808F065F94B684BB94D
:10AD600024494FF4BF73214A214808F065F94FF494
:10AD7000BF71F0E7EFF31185202383F31288BFF34F
:10AD80006F8F1D4801F0DEFF60B988231B4A1C4904
:10AD9000174808F051F918491A4808F04DF9882168
:10ADA0001648D9E7144801F0F1FF204601A9FFF742
:10ADB00045FE0446104801F0D3FF68B94FF49A737A
:10ADC0000E4A11490A4808F037F90B490F4808F0B4
:10ADD00033F94FF49A71E3E785F31188BFF36F8F6E
:10ADE000204603B030BD00BF02230300252203002C
:10ADF0007FBE020061220300942E002098C602004C
:10AE0000C5C60200DAC60200F0C6020007C702008B
:10AE1000014601480DF058BB701F002070B50C466C
:10AE2000054658B9384940F2CD13384A384808F039
:10AE300003F940F2CD11354808F0F5F8C368DB0599
:10AE400009D534494FF4E773304A314808F0F4F833
:10AE50004FF4E771EFE70DF047FB48B12E4940F2A0
:10AE6000CF132A4A2A4808F0E7F840F2CF11E2E768
:10AE70004CB92A494FF4E873244A254808F0DCF815
:10AE80004FF4E871D7E7EFF31186202383F312889C
:10AE9000BFF36F8F224801F055FF60B98823214A24
:10AEA00021491B4808F0C8F81D49204808F0C4F89B
:10AEB00088211C48C0E71A4801F068FF284621464F
:10AEC000FFF7A4FE0546164801F04AFF68B94FF4A3
:10AED0009A73144A16490E4808F0AEF810491548FE
:10AEE00008F0AAF84FF49A71E3E786F31188BFF3EC
:10AEF0006F8F3DB14FF0FF324FF0FF3304F1100080
:10AF0000FFF7EAFB284670BD022303002522030059
:10AF10007FBE02007E22030036F50200AD22030050
:10AF2000942E002098C60200C5C60200DAC60200B0
:10AF3000F0C6020007C7020038B5044658B92849D0
:10AF400040F22B23274A284808F076F840F22B21BC
:10AF5000244808F068F8C368DB0509D523494FF495
:10AF60000B73204A204808F067F84FF40B71EFE7A5
:10AF7000EFF31185202383F31288BFF36F8F1C48F2
:10AF800001F0E0FE60B988231A4A1B49164808F010
:10AF900053F81749194808F04FF888211548D8E7A1
:10AFA000134801F0F3FE20460DF05BFA044610480A
:10AFB00001F0D6FE68B94FF49A730E4A10490A4858
:10AFC00008F03AF80A490F4808F036F84FF49A7139
:10AFD000E4E785F31188BFF36F8F204638BD00BFCB
:10AFE00002230300252203007FBE02007E2203000D
:10AFF000942E002098C60200C5C60200DAC60200E0
:10B00000F0C6020007C7020008B558B90849094848
:10B0100040F20533084A08F00FF840F205310648BF
:10B0200008F001F8A02200210EF048FA08BD00BF88
:10B030004C2203007FBE020025220300F0B589B038
:10B0400004460E9D58B92F4940F232332E4A2F48FC
:10B0500007F0F2FF40F232312B4807F0E4FF49B924
:10B060002B4940F23333284A284807F0E5FF40F2E5
:10B070003331F1E7D0F89C0010F0010009D02549E8
:10B080004FF44D73204A214807F0D6FF4FF44D711D
:10B09000E2E7C4E9210004F18C00C4E9230004F1D3
:10B0A0009400C4E9250055B32879002840F2011026
:10B0B00008BF0120C4F89C0000204FF0FF364FF07D
:10B0C000FF37CDE90330CDE90100CDE90667204621
:10B0D000114B009400F054FC55B1296811B1204681
:10B0E0000DF008FA6B791BB1237B43F00103237346
:10B0F000204601F04FFBC4F8804009B0F0BD0120AC
:10B10000D8E700BFF5220300252203007FBE02001E
:10B11000FB220300C1220300F9A701007FB50D4601
:10B12000044658B93A4940F265333A4A3A4807F07A
:10B1300083FF40F26531374807F075FF0DF0D4F911
:10B1400048B1364940F26633324A334807F074FF5B
:10B1500040F26631EFE7EFF31186202383F3128884
:10B16000BFF36F8F2E4801F0EDFD60B988232D4AA3
:10B170002D49294807F060FF29492C4807F05CFF5A
:10B1800088212848D8E7264801F000FED4F89C30F2
:10B1900013F0060F1DD1B5B143F00C03C4F89C3079
:10B1A00020460DF057F900234FF0FF3202934FF085
:10B1B000FF333146CDE90023194804F1940201F030
:10B1C000D9FC04B070BDD4F884504DB143F00403F1
:10B1D000E4E743F00402C4F89C20002DE0D0DBE754
:10B1E0000F4801F0BDFD68B94FF49A730D4A10493C
:10B1F000094807F021FF0A490E4807F01DFF4FF4E8
:10B200009A71BEE786F31188BFF36F8F2846D8E79F
:10B21000F5220300252203007FBE020036F502005E
:10B22000942E002098C60200C5C60200DAC60200AD
:10B23000F0C6020007C7020038B50D46044658B9EB
:10B240000F494FF478730F4A0F4807F0F5FE4FF49B
:10B2500078710C4807F0E7FE49B90C4940F2E13338
:10B26000084A094807F0E8FE40F2E131F1E73022F0
:10B2700000210EF023F94FF480736560E36038BD60
:10B2800001230300252203007FBE02006722030082
:10B2900038B5044658B92149214840F2F133214AD2
:10B2A00007F0CAFE40F2F1311E4807F0BCFEEFF392
:10B2B0001185202383F31288BFF36F8F1A4801F0A2
:10B2C00041FD60B98823194A1949154807F0B4FEB1
:10B2D0001549184807F0B0FE88211448E5E71248E0
:10B2E00001F054FDE468104804F01F0401F038FD3B
:10B2F00068B94FF49A730D4A0F49094807F09CFE4C
:10B3000009490E4807F098FE4FF49A71E5E785F376
:10B310001188BFF36F8F204638BD00BF01230300A3
:10B320007FBE020025220300942E002098C6020052
:10B33000C5C60200DAC60200F0C6020007C7020056
:10B34000F7B50C4616461D46019058B9334940F2F0
:10B350005743334A334807F06FFE40F257413048B5
:10B3600007F061FE49B930494FF48B632C4A2D48F0
:10B3700007F062FE4FF48B61F1E7EFF311872023B2
:10B3800083F31288BFF36F8F284801F0DBFC60B9AC
:10B390008823274A2749234807F04EFE2349264899
:10B3A00007F04AFE88212248DAE7204801F0EEFC47
:10B3B000E36813F01E0F27D155EA060216D1204686
:10B3C00001A9FFF73BFB0446184801F0C9FCE8B9A6
:10B3D0004FF49A73164A1949124807F02DFE134983
:10B3E000174807F029FE4FF49A71DCE743F0080391
:10B3F000E360019B04F11000A36232462B46114921
:10B4000001F0FAFC0124DFE70024DDE787F311886F
:10B41000BFF36F8F204603B0F0BD00BF4C22030086
:10B42000252203007FBE020001230300942E00208A
:10B4300098C60200C5C60200DAC60200F0C60200C5
:10B4400007C7020019AB010001460148FFF778BFAA
:10B45000701F0020F7B50C4616461D46019058B9DE
:10B46000324940F27A43324A324807F0E5FD40F271
:10B470007A412F4807F0D7FD49B92F4940F27B4365
:10B480002B4A2C4807F0D8FD40F27B41F1E7EFF35F
:10B490001187202383F31288BFF36F8F274801F0B1
:10B4A00051FC60B98823264A2649224807F0C4FD8A
:10B4B0002249254807F0C0FD88212148DAE71F48C6
:10B4C00001F064FC20460CF0B6FF55EA060316D1E5
:10B4D000204601A9FFF7B2FA0446184801F040FCE3
:10B4E000E0B94FF49A73164A1849124807F0A4FDC0
:10B4F0001249174807F0A0FD4FF49A71DDE7E368A1
:10B5000004F1100043F00803E360019B3246A3629C
:10B5100010492B4601F070FC0124DEE787F3118807
:10B52000BFF36F8F204603B0F0BD00BF4C22030075
:10B53000252203007FBE020001230300942E002079
:10B5400098C60200C5C60200DAC60200F0C60200B4
:10B5500007C7020019AB010001460148FFF77ABF97
:10B56000701F002038B5044658B92349234840F2DB
:10B570009C43234A07F060FD40F29C41204807F0BD
:10B5800052FDEFF31185202383F31288BFF36F8FF1
:10B590001C4801F0D7FB60B988231B4A1B49174898
:10B5A00007F04AFD17491A4807F046FD882116485A
:10B5B000E5E7144801F0EAFB20460CF03CFF20468A
:10B5C0000CF04FFF04460F4801F0CAFB68B94FF476
:10B5D0009A730D4A0F49094807F02EFD09490E4894
:10B5E00007F02AFD4FF49A71E1E785F31188BFF364
:10B5F0006F8F204638BD00BF012303007FBE0200CD
:10B6000025220300942E002098C60200C5C6020021
:10B61000DAC60200F0C6020007C70200F8B50D4600
:10B62000044658B93E4940F2AD433E4A3E4807F011
:10B6300003FD40F2AD413B4807F0F5FC49B93B49F9
:10B6400040F2AE43374A384807F0F6FC40F2AE41CC
:10B65000F1E70CF049FF48B1354940F2AF43314AB8
:10B66000314807F0E9FC40F2AF41E4E7EFF311861F
:10B67000202383F31288BFF36F8F2E4801F062FB03
:10B6800060B988232C4A2D49274807F0D5FC294961
:10B690002B4807F0D1FC88212748CDE7254801F049
:10B6A00075FBE36803F01F03002B14BF012700277D
:10B6B00017D1204801F054FB68B94FF49A731E4A21
:10B6C0002049194807F0B8FC1A491F4807F0B4FC94
:10B6D0004FF49A71E0E786F31188BFF36F8F384615
:10B6E000F8BD20460CF0A7FE20460CF0BAFE20461E
:10B6F0002946FFF785F904460E4801F031FB002882
:10B70000DBD086F31188BFF36F8F002CE7D04FF0AA
:10B71000FF324FF0FF3305F10800FEF7DDFFDEE7F3
:10B7200001230300252203007FBE0200AD22030097
:10B7300036F50200942E002098C60200C5C602000D
:10B74000DAC60200F0C6020007C7020008B5836827
:10B750004BB90B490B488F230B4A07F06DFC8F2127
:10B76000094807F060FCD0E9003213605A600023FA
:10B77000427BC0E9003322F002024273836008BDBD
:10B78000DF2003007FBE02009C2003002DE9F84368
:10B790000546EFF31188202787F31288BFF36F8FD8
:10B7A0003B4801F0CFFA60B988233A4A3A493B480E
:10B7B00007F042FC36493A4807F03EFC88213548FC
:10B7C00018E0334801F0E2FAEFF3118387F31288AF
:10B7D000BFF36F8F83F31188BFF36F8F63B9314964
:10B7E000A623314A2D4807F027FC304807F024FCF7
:10B7F000A6212D4807F017FC2C68A54234D09CB335
:10B8000000262046FFF7A2FF04F1180001F0D0FB4C
:10B81000B1462046C4F87C9000F062FA0136EFF39E
:10B82000118387F31288BFF36F8F83F31188BFF3FF
:10B830006F8F002BD3D02C68A54210D07CB120464E
:10B84000FFF784FF04F1180001F0B2FBE1E788F391
:10B850001188BFF36F8F00263046BDE8F88341465C
:10B860000B4800F0DFFCF7E7094801F079FA0028FF
:10B87000EDD14FF49A73074A0D49084807F0DCFBF5
:10B8800003490C4807F0D8FB4FF49A7197E700BFC3
:10B89000982E002098C60200C5C602007FBE020096
:10B8A000DAC60200C72003009C200300851F0300A6
:10B8B000F0C6020007C702002DE9F04385B00F9DD6
:10B8C00004460F2D0E46984637D1274B984538D160
:10B8D00004F15803C4E91633109B00272373042393
:10B8E0000732A57322F0070506EB05094946637385
:10B8F0002046C4E90677A760E773ECF7B3FA0E9B1E
:10B90000073020F00700E066C4E9196502930D9B3B
:10B91000A9EB000901930C9B4A460093314643462C
:10B920002046ECF793FE114B67659B6803B11B6FD4
:10B930004846236705B0BDE8F08305F110031E2BD0
:10B94000C6D940F24B230A4A0A490B4807F074FB58
:10B9500029460A486FF00F030E2207F06DFB40F2F4
:10B960004B21034807F05FFB619F0100642E00201C
:10B9700016230300392303007FBE0200B92303000E
:10B98000F0B587B00446DDE91276EFF3058575B1B1
:10B99000194940F21A33194A194807F04DFB194862
:10B9A00007F04AFB40F21A31144807F03CFB0595BA
:10B9B000109D04950F9D03950E9D02950D9D01957B
:10B9C0000C9D0095FFF778FFB6F1FF3F08BFB7F178
:10B9D000FF3F05D056EA070305D1204600F0DAFE06
:10B9E000204607B0F0BD3A46334604F11800064938
:10B9F00001F002FAF4E700BF6121030016230300FF
:10BA00007FBE0200EA2303005F85020040F20113BB
:10BA10008381002310B50446C0E9193301F0AAFE62
:10BA2000014B9C6010BD00BF642E002070B590F9E2
:10BA30000D20437B002A5ADBDC0658D12D4A43F007
:10BA400080039042437309D12B4952232B4A2C483F
:10BA500007F0F2FA5221294807F0E5FAD90707D58D
:10BA600028495323254A264807F0E6FA5321F2E7EE
:10BA7000254C224652F8183FE169934207D1C0E9AC
:10BA800000210860E06111E09942F8D01B68002BAA
:10BA9000F5D090F90E5093F90E60B542F4D0AE4255
:10BAA000F2DD5968C0E9003108605860A569954227
:10BAB00000D005B9E568A3685BB91449EA23144AC4
:10BAC0000F4807F0B9FA134807F0B6FAEA21104810
:10BAD000C2E75A7BD20604D1DA897F2A01D9AA6942
:10BAE00032B1AB4202D0284601F0A4F8656170BDC6
:10BAF0006361FCE7701E0020312403000F24030063
:10BB00007FBE020052240300642E0020972403000D
:10BB10006B240300851F030038B590F90D20014602
:10BB2000002A437B1BDA224A03F07F0390424373CF
:10BB300009D120495A23204A204807F07DFA5A218A
:10BB40001D4807F070FADC0707D51D495B231A4A28
:10BB50001A4807F071FA5B21F2E70CF0D0FC194D9E
:10BB60002A4652F8184FAB68944200D004B9EC68EA
:10BB70008B4214D05BB91449EA23144A0F4807F0EA
:10BB80005BFA134807F058FAEA211048D9E75A7BC4
:10BB9000D20604D1DA897F2A01D9A2692AB1A34247
:10BBA00002D0204601F046F823466B6138BD00BF45
:10BBB000701E0020312403000F2403007FBE02000A
:10BBC00052240300642E0020972403006B240300FA
:10BBD000851F030008B583684BB9094909488F23BD
:10BBE000094A07F029FA8F21074807F01CFA0CF0E0
:10BBF00086FC437B23F0020343730023836008BD6C
:10BC0000DF2003007FBE02009C20030008B5124A1B
:10BC1000936880B1597B11F0090F0CD10F49D223E1
:10BC20000F4A104807F008FA0F4807F005FAD2212A
:10BC30000B4807F0F8F96FF00A01D9670B499867CC
:10BC40004B6843F080534B60002383F31188BFF3AC
:10BC50006F8F9368D86F08BD642E0020E82403001E
:10BC6000BE2403007FBE02005125030000ED00E06A
:10BC700038B5194CA168E0690B68814214BF1A46B7
:10BC8000002249680B605960A368E1692AB9134A28
:10BC9000C3E900210B60E3610CE093F90E0092F917
:10BCA0000E50A84214D0854212DD5168C3E900212C
:10BCB0000B605360A569094B9D4200D005B9E5684A
:10BCC000A3689D4202D0284600F0B4FF656138BDEC
:10BCD0009142DCD01268D9E7642E00207C2E00202F
:10BCE00038B50446EFF31185202383F31288BFF3A0
:10BCF0006F8F174801F026F868B98823154A16494E
:10BD0000164807F099F91249154807F095F9882166
:10BD1000104807F088F90E4801F038F82046FFF780
:10BD200085FE0B4801F01CF868B94FF49A73094A74
:10BD30000C490A4807F080F905490B4807F07CF9DF
:10BD40004FF49A71E4E785F31188BFF36F8F38BD24
:10BD50009C2E002098C60200C5C602007FBE0200CD
:10BD6000DAC60200F0C6020007C7020038B5044672
:10BD7000EFF31185202383F31288BFF36F8F1848E8
:10BD800000F0E0FF68B98823164A1749174807F002
:10BD900053F91349164807F04FF98821114807F065
:10BDA00042F90F4800F0F2FFA36813B12046FFF7F5
:10BDB00011FF0B4800F0D4FF68B94FF49A73094A99
:10BDC0000C490A4807F038F905490B4807F034F9DF
:10BDD0004FF49A71E2E785F31188BFF36F8F38BD96
:10BDE0009C2E002098C60200C5C602007FBE02003D
:10BDF000DAC60200F0C6020007C7020038B50446E2
:10BE0000EFF31185202383F31288BFF36F8F1E4851
:10BE100000F098FF68B988231C4A1D491D4807F0A7
:10BE20000BF919491C4807F007F98821174807F052
:10BE3000FAF8154800F0AAFF637B13F0280F0BD126
:10BE4000A36813B12046FFF7C5FE637B204623F0AD
:10BE500004036373FFF7EAFD0B4800F081FF68B944
:10BE60004FF49A73094A0D490A4807F0E5F8064964
:10BE70000B4807F0E1F84FF49A71D7E785F3118882
:10BE8000BFF36F8F38BD00BF9C2E002098C6020004
:10BE9000C5C602007FBE0200DAC60200F0C602007C
:10BEA00007C702002DE9F047DFF8D4A0354D17464B
:10BEB000DDE90898DAF80820334BA84204460E461C
:10BEC0001A600BD13149324840F29E23314A07F0C3
:10BED000B3F840F29E212F4807F0A5F8EFF3118345
:10BEE000202383F31288BFF36F8F284600F02AFFC8
:10BEF00060B98823284A2949254807F09DF8294632
:10BF0000274807F099F888212348E5E7284600F0FC
:10BF10003DFFDAF80850394628460CF0F8FAB8F137
:10BF2000FF3F08BFB9F1FF3F06D04A4643461D49CF
:10BF300005F1180000F060FF204600F011FF68B91D
:10BF400019494FF4B773144A114807F075F82146A0
:10BF5000164807F071F84FF4B771D5E7094800F0BB
:10BF6000FFFE40B910494FF4B7730B4A084807F079
:10BF700063F80449ECE73046BDE8F047FFF746BEFA
:10BF8000642E00209C2E0020A02E00207925030086
:10BF90007FBE02000F24030098C60200C5C602003F
:10BFA000DAC602005F850200F0C6020007C7020081
:10BFB00070B50546EFF31186202383F31288BFF393
:10BFC0006F8F1B4800F0BEFE68B98823194A1A49D2
:10BFD0001A4807F031F81649194807F02DF888215A
:10BFE000144807F020F8124800F0D0FE2C68A54253
:10BFF00015D014B12046FFF7EDFD0D4800F0B0FE5E
:10C0000078B94FF49A730B4A0E490C4807F014F8AC
:10C0100007490D4807F010F84FF49A71E0E7002443
:10C02000EBE786F31188BFF36F8F204670BD00BF2A
:10C030009C2E002098C60200C5C602007FBE0200EA
:10C04000DAC60200F0C6020007C702002DE9F0417F
:10C0500004460D46EFF31187202383F31288BFF3C4
:10C060006F8F624800F06EFE60B98823604A6149B4
:10C07000614806F0E1FF5D49604806F0DDFF882178
:10C080005B4818E0594800F081FE637B03F01F0213
:10C09000002A0CBF0126002671D1594A03F07F0304
:10C0A0009442637309D157495A23574A524806F0BC
:10C0B000C3FF5A21544806F0B6FFD90707D55349A4
:10C0C0005B23514A4C4806F0B7FF5B21F2E720465C
:10C0D0000CF015FA637B6DB243F08003DA07A573A9
:10C0E000637307D549495323474A434806F0A4FFE1
:10C0F0005321DFE7DFF81881424652F8183F934298
:10C100003AD1D8F81C10C4E900210C60C8F81C40D2
:10C110000FE09942F7D01B68002BF4D093F90E0082
:10C120008542F6D0A842F4DD5968C4E900310C60BC
:10C130005C60D8F81840944200D00CB9D8F80C4094
:10C14000D8F808309C4202D0204600F073FDC8F8B1
:10C150001440264800F004FE00283FD14FF49A73A3
:10C16000234A2C49244806F067FF20492A4806F054
:10C1700063FF4FF49A7183E7D8F81C10CCE79B0754
:10C180002AD5A16841B925491B488F23244A06F0C6
:10C1900053FF8F2122488EE720466DB20CF0AFF995
:10C1A000A5730B68994209D14B68C4E900131C6060
:10C1B0004C60CEE74A689342F6D01B68002BF3D060
:10C1C00093F90E209542F5D0AA42F3DD5A68C4E9EE
:10C1D000003214605C60BCE7A573BAE787F311888E
:10C1E000BFF36F8F3046BDE8F08100BF9C2E00206A
:10C1F00098C60200C5C602007FBE0200DAC6020071
:10C20000701E0020312403000F2403005224030079
:10C21000642E0020F0C6020007C70200DF200300E2
:10C220009C20030070B504460D46F9B9EFF305866E
:10C23000E6B91A4B5A699B689A4217D000F090FDF4
:10C2400078B94FF4B773164A1649174806F0F4FE4A
:10C250002146164806F0F0FE4FF4B771104806F07C
:10C26000E2FE3046BDE87040FFF7D0BC204600F04B
:10C2700077FD68B94FF49A73094A0A490A4806F0EB
:10C28000DBFE2146094806F0D7FE4FF49A71E5E738
:10C2900085F31188BFF36F8F70BD00BF642E00203F
:10C2A00098C60200F0C602007FBE020007C7020067
:10C2B000034648B9EFF3058232B9064A51699268DC
:10C2C000914201D0FFF7A2BC83F31188BFF36F8FB7
:10C2D000704700BF642E002010B5EFF311842023B7
:10C2E00083F31288BFF36F8F284800F02BFD60B9ED
:10C2F0008823274A2749284806F09EFE23492748D5
:10C3000006F09AFE8821224812E0204800F03EFD07
:10C31000EFF3058373B1224940F23B33214A1E48B3
:10C3200006F08AFE204806F087FE40F23B311D48A9
:10C3300006F079FE1D4B9A68D37B012B0CD11C496A
:10C340004FF44F73174A144806F076FE164806F06D
:10C3500073FE4FF44F71EAE7013BD3730B4800F0D3
:10C36000FFFC68B94FF49A73094A12490A4806F06B
:10C3700063FE0649104806F05FFE4FF49A71C2E76B
:10C3800084F31188BFF36F8F10BD00BF9C2E002077
:10C3900098C60200C5C602007FBE0200DAC60200CF
:10C3A000612103000F240300851F0300642E002079
:10C3B000B2250300F0C6020007C7020070B5EFF314
:10C3C0001186202383F31288BFF36F8F374800F064
:10C3D000B9FC60B98823364A3649374806F02CFE46
:10C3E0003249364806F028FE8821314813E0344DA2
:10C3F0002E4800F0CBFCAB68DA7B72B9314940F2D1
:10C400004733314A2C4806F017FE304806F014FE38
:10C4100040F247312C4806F006FEEFF3058161B18A
:10C420002B494FF45273284A234806F005FE27484B
:10C4300006F002FE4FF45271ECE70132DA732A463D
:10C4400052F8184F944200D004B9EC685A7BD206D7
:10C4500004D1DA897F2A01D9A2692AB1A34202D084
:10C46000204600F0E7FB234610486B6100F078FCA3
:10C4700068B94FF49A730E4A16490F4806F0DCFD6E
:10C480000A49154806F0D8FD4FF49A71ADE786F3D6
:10C490001188BFF36F8FEFF31180202383F312888D
:10C4A000BFF36F8FBDE87040FFF702BF9C2E0020E6
:10C4B00098C60200C5C602007FBE0200DAC60200AE
:10C4C000642E0020E32503000F240300851F0300D2
:10C4D00061210300F0C6020007C70200024B03F10E
:10C4E0001802C3E906227047642E002070B5EFF3EE
:10C4F000058373B139494FF48E63394A394806F0E0
:10C500009BFD394806F098FD4FF48E61344806F0E3
:10C510008AFDEFF31186202383F31288BFF36F8F18
:10C52000324800F00FFC60B98823314A31492D4868
:10C5300006F082FD2D49304806F07EFD88212C480A
:10C54000E5E72E4C294800F021FCA168E0690B6862
:10C55000814214BF1A46002249680B605960A368E3
:10C56000E1692AB9264AC3E900210B60E3610CE0C6
:10C5700093F90E0092F90E50A84225D0854223DD92
:10C580005168C3E900210B605360A5691C4B9D42B3
:10C5900000D005B9E568A3689D4202D0284600F0A6
:10C5A00049FB1248656100F0DBFB88B94FF4B773B3
:10C5B0000F4A14490B4806F03FFD0C49124806F09B
:10C5C0003BFD4FF4B771BAE78A42CBD01268C8E797
:10C5D0003046BDE87040FFF719BB00BF6121030082
:10C5E0000F2403007FBE0200851F03009C2E002045
:10C5F00098C60200C5C60200DAC60200642E0020FA
:10C600007C2E0020F0C6020007C702002DE9F04191
:10C6100006460C46EFF3058777B134494FF4916332
:10C62000334A344806F008FD334806F005FD4FF460
:10C6300091612F4806F0F7FC50EA010304D1FFF79F
:10C6400055FF0020BDE8F081EFF31188202383F32C
:10C650001288BFF36F8F294800F074FB60B98823FC
:10C66000274A2849234806F0E7FC2449264806F0D3
:10C67000E3FC88212248DDE7244D204800F086FBBA
:10C68000A868234B1860FFF747FAA868234632468C
:10C690002049183000F0B0FBAA680446537B1748C5
:10C6A00043F00403537300F05BFB68B94FF4B773B6
:10C6B000134A19490F4806F0BFFC1049174806F005
:10C6C000BBFC4FF4B771D5E74046FFF79FFAAB6864
:10C6D000D3E90A23B3F1004F08BFBA42B1D10BF03E
:10C6E00076FF201A20EAE070ACE700BF612103006A
:10C6F0000F2403007FBE0200851F03009C2E002034
:10C7000098C60200C5C60200DAC60200642E0020E8
:10C71000A02E00205F850200F0C6020007C70200BD
:10C7200070B505460E46EFF3058474B1154940F225
:10C73000B243154A154806F07FFC154806F07CFC0C
:10C7400040F2B241104806F06EFCFFF75FFFB6F111
:10C75000FF3F08BFB5F1FF3F0246284611D04FF416
:10C760007A7147F6FF73C2FB0134D80B40EA4440AC
:10C77000B0F1004F4FEAD43474F1000428BF6FF0D9
:10C78000004070BD612103000F2403007FBE020042
:10C79000851F030038B50446EFF31185202383F38A
:10C7A0001288BFF36F8F204800F0CCFA68B9882355
:10C7B0001E4A1F491F4806F03FFC1B491E4806F051
:10C7C0003BFC8821194806F02EFC174800F0DEFAE1
:10C7D000637B5B0710D504F1180000F0E9FB637B75
:10C7E000204623F004036373FFF720F92946BDE8D0
:10C7F00038400D48FFF716BD0B4800F0B1FA68B994
:10C800004FF49A73094A0D490A4806F015FC064987
:10C810000B4806F011FC4FF49A71D3E785F31188A9
:10C82000BFF36F8F38BD00BF9C2E002098C602005A
:10C83000C5C602007FBE0200DAC60200F0C60200D2
:10C8400007C70200014B9868704700BF642E0020A4
:10C850002DE9F8430446077BEFF31185202383F38A
:10C860001288BFF36F8F824800F06CFA68B9882392
:10C87000804A8149814806F0DFFB7D49804806F007
:10C88000DBFB88217B4806F0CEFB794800F07EFA7E
:10C89000637B180717D5764800F062FA68B94FF441
:10C8A0009A73744A7749754806F0C6FB7049764812
:10C8B00006F0C2FB4FF49A71E4E785F31188BFF3E9
:10C8C0006F8FBDE8F883D90943F0080240F08380F8
:10C8D0006273A36813B12046FFF77CF904F11800D6
:10C8E00000F066FBA66D04F15808B04511D04FF07A
:10C8F000000976B13046FFF76DF906F1180000F037
:10C9000057FB3046C6F87C90FFF790F8A66DB0450F
:10C91000EFD1DFF87881D8F808309C427AD1EFF374
:10C920000589B9F1000918BF4FF00109D8F818605E
:10C93000574A964200D00EB9D8F80C60B34202D0E4
:10C94000304600F077F92046C8F8146007F0BCFDC7
:10C95000B9F1000F02D04F48FFF758F8D8F8083067
:10C960009C426AD1EFF30586002E66D1237BDA075D
:10C970001FD53F4800F0F4F9002890D085F31188C6
:10C98000BFF36F8F86F31188BFF36F8F04231846B0
:10C9900002DFEFF31185202383F31288BFF36F8F3B
:10C9A000334800F0CFF900283FF461AF304800F081
:10C9B000EDF92F4800F0D4F978BB4FF4B7732D4A46
:10C9C00030492E4806F038FB29492F4806F034FB41
:10C9D0004FF4B77156E7304A03F07F0343F0080382
:10C9E0009442637308D12D495A232D4A234806F0F7
:10C9F00023FB5A212A4846E7D90707D529495B2353
:10CA0000274A1E4806F018FB5B21F3E720460BF08F
:10CA100076FD5EE74FF0000988E72846FFF7F6F855
:10CA200021494FF4EE731E4A144806F005FB1F48D7
:10CA300006F002FB4FF4EE71DCE70D4800F090F9D0
:10CA400000283FF42CAF85F31188BFF36F8FFB07ED
:10CA50007FF537AF40F28E53114A1549074806F06B
:10CA6000EBFA2146134806F0E7FA40F28E51C1E78F
:10CA70009C2E002098C60200C5C602007FBE0200A0
:10CA8000DAC60200F0C6020007C70200642E0020CA
:10CA90007C2E002010200020701E00203124030076
:10CAA0000F24030052240300142603001F26030052
:10CAB000412603004C2603002DE9F843064688462C
:10CAC0001746EFF31189202383F31288BFF36F8F8A
:10CAD000214800F037F9054668B988231F4A2049E4
:10CAE000204806F0A9FA1C491F4806F0A5FA88213B
:10CAF0001A4806F098FA184800F048F93468A64237
:10CB00001FD004B32046C4F87C802761FFF762F889
:10CB100004F1180000F04CFA2046FEF787FF0E489B
:10CB200000F01EF988B94FF49A730C4A0F490D486A
:10CB300006F082FA08490E4806F07EFA4FF49A7120
:10CB4000D6E70025EBE72546E9E789F31188BFF32F
:10CB50006F8F2846BDE8F8839C2E002098C60200FF
:10CB6000C5C602007FBE0200DAC60200F0C602009F
:10CB700007C70200D3B5DDE90667089CCDE9006769
:10CB8000FFF790F91CB1034B9B681B69236002B04F
:10CB9000D0BD00BF642E0020427B034612F01F026E
:10CBA00010D10A4988420DD00949086868B1D9896D
:10CBB0007F2909D893F90E20064B1B689A42B8BF0B
:10CBC000002070470020704710467047701E0020FC
:10CBD000C4090020A42E002008B568B10F4B98426C
:10CBE0000AD303F11802904206D21822C01AB0FBF1
:10CBF000F2F302FB13034BB109490A483F230A4AE7
:10CC000006F01AFA3F21084806F00DFA0122074BF8
:10CC1000C0105843064B1A5408BD00BF9020002096
:10CC2000922603007FBE02006A260300ABAAAAAACE
:10CC30003749002070B50D4B0D4D1E7CFFF7ACFF42
:10CC400006EB460305EBC3050446284600F0B0F9A1
:10CC50000022084B9A553CB1621E2846BDE8704040
:10CC60000549D31700F0C8B870BD00BF642E00207E
:10CC70009020002037490020D9CB010038B5EFF3D0
:10CC80001185202383F31288BFF36F8F234800F0B0
:10CC900059F868B98823224A2249234806F0CCF97A
:10CCA0001E49224806F0C8F988211D4806F0BBF944
:10CCB0001A4800F06BF81E4B1E4A9C681068A04290
:10CCC00013D1FFF7B7FF154800F04AF800BB4FF447
:10CCD0009A73134A1849144806F0AEF90F491748D9
:10CCE00006F0AAF94FF49A71DFE700211B7C11606E
:10CCF000134AD35C002BE6D02046FFF74DFF0028F7
:10CD0000E1D0637BDB0601D1FEF7B2FF2046D8E716
:10CD100085F31188BFF36F8F38BD00BF9C2E0020B4
:10CD200098C60200C5C602007FBE0200DAC6020035
:10CD3000642E0020A02E0020F0C6020007C70200CB
:10CD400037490020006838B1044B00F003001B7C19
:10CD5000C01A18BF0120704701207047642E0020C0
:10CD6000002302680360EFF30581074B19B199684E
:10CD7000497BC90706D4197C98680843831A58422E
:10CD80005841704701207047642E0020024B1A7CE6
:10CD90009B68134303607047642E0020024B1868A1
:10CDA000984208BF00207047C8090020034B1B6849
:10CDB0000BB9FAF70DB80020704700BFA82E00206D
:10CDC00030B570B10B4B5B6898420AD0036843B131
:10CDD000D3E90421D0E90445121941EB0501C3E967
:10CDE0000421D0E9003213605A600023C0E9003307
:10CDF00030BD00BFC8090020B3F1FF3F08BFB2F14A
:10CE0000FF3F2DE9F84F04469B4615461F4600F0AC
:10CE1000B280D0F80090B9F1000F0CD057497023C0
:10CE2000574A584806F008F9574806F005F97021A6
:10CE3000534806F0F8F88160EFF31188202383F35C
:10CE40001288BFF36F8F5148FFF77CFF824660B9AD
:10CE500088234F4A4F494B4806F0EEF84B494E485D
:10CE600006F0EAF888214A48E3E74848FFF78EFFD2
:10CE7000BBF1000F494A1FDBFFF798FF064601355B
:10CE80004BF1000B454A2D184BEBE073D2E900172C
:10CE9000C4E904536D1843EB0707FFF77FFF034610
:10CEA000DFF8FCE0DEF80490EBB9C4E900E9C9F86A
:10CEB0000040CEF8044028E06FF00103D2E90012F0
:10CEC0005B1A4FF0FF3161EB02025B1B62EB0B025E
:10CED000012B72F10001BCBF01234A464FF0000A4A
:10CEE000C4E90432D9E7D3E9041CD4E904208A4216
:10CEF00070EB0C0B2EDA891A5A686CEB0000C3E950
:10CF00000410C4E9003214605C60FFF747FF8442FC
:10CF10000ED1244B1B685BB9BAF1000F02D1FFF7A9
:10CF200045FF064630460BF03BFB0021F9F72AFF90
:10CF30001648FFF715FFB0B94FF49A73144A1A490F
:10CF4000104806F079F81149184806F075F84FF4C2
:10CF50009A7188E7521A60EB0C009945C4E90420E5
:10CF6000A3D01B68A0E788F31188BFF36F8F284612
:10CF70003946BDE8F88F00252F46F8E76128030001
:10CF80003D2803007FBE0200851F0300AC2E002059
:10CF900098C60200C5C60200DAC60200A82000201A
:10CFA000C8090020A82E0020F0C6020007C7020012
:10CFB00070B50446EFF31186202383F31288BFF384
:10CFC0006F8F2348FFF7BEFE68B98823214A2249A4
:10CFD000224806F031F81E49214806F02DF8882134
:10CFE0001C4806F020F81A48FFF7D0FE236833B338
:10CFF000FFF7D4FE05462046FFF7E2FE00224FF081
:10D000000043A542C4E9042306D1FFF7CFFE0BF08D
:10D01000C7FA0021F9F7B6FE00240D48FFF7A0FE7D
:10D0200080B94FF49A730B4A0E490C4806F004F885
:10D0300007490D4806F000F84FF49A71D0E76FF0F9
:10D040001504EAE786F31188BFF36F8F204670BDA1
:10D05000AC2E002098C60200C5C602007FBE0200AA
:10D06000DAC60200F0C6020007C702002DE9F04749
:10D070000446EFF31188202383F31288BFF36F8FE8
:10D080004348FFF75FFE68B98823424A4249434854
:10D0900005F0D2FF3E49424805F0CEFF88213D48C9
:10D0A00005F0C1FFDFF8FC903948FFF76FFEC9F8C3
:10D0B0000040FFF773FE002604460027DFF8E8A0D3
:10D0C000D9F80030DAE900C0D91754B1D4E90452D4
:10D0D000AB4271EB020E1FDAED1A62EB0102C4E9FA
:10D0E0000452002413EB0C0340EB01012046CAE973
:10D0F0000031C9F800400BF053FA2146F9F742FE1F
:10D100002348FFF72DFEB0B188F31188BFF36F8F6E
:10D11000BDE8F047FFF7B2BD15EB0C0340EBE5703F
:10D12000CAE90030C4E904672046FFF749FE184801
:10D13000FFF716FE68B94FF49A73164A1B49174851
:10D1400005F07AFF12491A4805F076FF4FF49A71FC
:10D15000A5E788F31188BFF36F8F2046A36898472F
:10D16000EFF31188202383F31288BFF36F8F0848F1
:10D17000FFF7E8FD002887D00548FFF707FED9F83C
:10D1800000305B1BC9F80030FFF708FE044697E744
:10D19000AC2E002098C60200C5C602007FBE020069
:10D1A000DAC60200A82E0020A8200020F0C6020047
:10D1B00007C7020070B5EFF31186202383F31288AE
:10D1C000BFF36F8F1A48FFF7BDFD68B98823194A6E
:10D1D00019491A4805F030FF1549194805F02CFF88
:10D1E0008821144805F01FFF1148FFF7CFFDFFF716
:10D1F000DDFD144AD2E90045041945EBE0750C4801
:10D20000FFF7AEFD68B94FF49A730A4A0E490B480E
:10D2100005F012FF06490D4805F00EFF4FF49A7114
:10D22000DFE786F31188BFF36F8F2046294670BD74
:10D23000AC2E002098C60200C5C602007FBE0200C8
:10D24000DAC60200A8200020F0C6020007C70200CC
:10D25000F8B50646EFF31187202383F31288BFF356
:10D260006F8F5948FFF76EFD68B98823574A5849B0
:10D27000584805F0E1FE5449574805F0DDFE882185
:10D28000524805F0D0FE5048FFF780FD32689AB151
:10D290004D48FFF765FD002840F090804FF49A73E9
:10D2A0004A4A4E494B4805F0C7FE47494C4805F0ED
:10D2B000C3FE4FF49A71E3E7D6E90A54691C44F1BE
:10D2C0000003022973F1000334D3013D44F1FF341C
:10D2D000002CBCBF15462C460BF07DF9013041F106
:10D2E0000001401944EB0101012871F100015CDBF0
:10D2F0000BF071F96FF00203013041F100014019A8
:10D3000044EB010183426FF000438B4152DB0BF091
:10D3100062F9013041F100016FF00102401944EB64
:10D3200001034FF0FF31121A61EB030330462D4920
:10D33000FFF762FD336B01333363336ADBB122489D
:10D34000FFF70EFD0028A9D087F31188BFF36F8F78
:10D350003046336A9847EFF31187202383F312880E
:10D36000BFF36F8F1848FFF7EDFC00283FF47DAF47
:10D370001548FFF70BFD304650F8184F844287D010
:10D38000002C85D02046FEF7F1FC00230E48E36711
:10D39000FFF7E6FC002881D087F31188BFF36F8F79
:10D3A0002046BDE8F840FEF79BBC6FF001024FF04D
:10D3B000FF33BBE700224FF00043B7E787F3118844
:10D3C000BFF36F8FF8BD00BFB02E002098C60200DB
:10D3D000C5C602007FBE0200DAC60200F0C6020027
:10D3E00007C7020051D201002DE9F8430646144652
:10D3F0001D4691469846EFF31187202383F3128848
:10D40000BFF36F8F2748FFF79DFC68B98823264A32
:10D410002649274805F010FE2249264805F00CFE53
:10D420008821214805F0FFFD1E48FFF7AFFCB5F14C
:10D43000FF3F08BFB4F1FF3F11D11A48FFF790FC3E
:10D4400050BB4FF49A73184A1B49194805F0F4FD74
:10D4500014491A4805F0F0FD4FF49A71E1E7002DE8
:10D460000ADB012C75F100032246BCBF0122002516
:10D4700012F1FF3945F1FF383046FFF799FDDDE93C
:10D480000823C6E90A2300234A463363304643464D
:10D490000B49FFF7B1FCD0E787F31188BFF36F8F1B
:10D4A000BDE8F883B02E002098C60200C5C6020071
:10D4B0007FBE0200DAC60200F0C6020007C7020003
:10D4C00051D20100F8B505460E46EFF3118720232F
:10D4D00083F31288BFF36F8F1F48FFF733FC68B9DF
:10D4E00088231E4A1E491F4805F0A6FD1A491E48FA
:10D4F00005F0A2FD8821194805F095FD1648FFF7B3
:10D5000045FC2C68A5421CD0D4E9003213605A6057
:10D51000002331462046C4E900330BF0CCF80E4816
:10D52000FFF71EFC78B94FF49A730C4A0F490D4867
:10D5300005F082FD08490E4805F07EFD4FF49A7112
:10D54000D9E70024EBE787F31188BFF36F8F201E24
:10D5500018BF0120F8BD00BFB42E002098C60200FD
:10D56000C5C602007FBE0200DAC60200F0C6020095
:10D5700007C7020070B504460D46EFF3118620235D
:10D5800083F31288BFF36F8F2148FFF7DBFB68B985
:10D590008823204A2049214805F04EFD1C49204897
:10D5A00005F04AFD88211B4805F03DFD1848FFF7AE
:10D5B000EDFB01212068E5608442A16011D114488F
:10D5C000FFF7CEFBE8B94FF49A73124A1549134896
:10D5D00005F032FD0E49144805F02EFD4FF49A7106
:10D5E000E1E7D0E9003213605A600023C0E900335C
:10D5F0000BF061F8314604460548FEF713FE20465D
:10D6000070BD86F31188BFF36F8F0024F7E700BF6A
:10D61000B42E002098C60200C5C602007FBE0200DC
:10D62000DAC60200F0C6020007C702002DE9F84F73
:10D630004F1E0F4206460D469A460BD02F49172320
:10D640002F4A304805F0F8FC2F4805F0F5FC17216B
:10D650002B481CE0141D4DD241F0040B00F11408BE
:10D66000EFF31189202383F31288BFF36F8F4046B5
:10D67000FFF768FB68B98823244A2549214805F04B
:10D68000DBFC4146234805F0D7FC88211F4805F004
:10D69000CAFC4046FFF77AFB224659463046D0473F
:10D6A00004464046FFF75CFB68B94FF49A73174A8B
:10D6B0001949144805F0C0FC4146184805F0BCFC67
:10D6C0004FF49A71E2E789F31188BFF36F8F8CB141
:10D6D00044F8046B7DB13C420DD03423084A104914
:10D6E000084805F0A9FC21462A460E4805F0A4FC8E
:10D6F0003421ADE700242046BDE8F88FA9C302001D
:10D70000C42903007FBE0200C4C3020098C6020001
:10D71000C5C60200DAC60200F0C6020007C7020052
:10D72000E82903001A2A03002DE9F04105460E46B8
:10D7300017460AF0D9FE28B9074B9B681C6F14B92D
:10D74000BDE8F081054C3B46324629462046BDE8FF
:10D75000F041FFF76BBF00BF642E00200C0B0020D0
:10D7600002460021014B0248FFF760BF572F02001D
:10D770000C0B0020014B0367704700BF0C0B00200F
:10D780000146024A0020FFF7CFBF00BF572F02001B
:10D7900001680E4A0346914215D1C169A2F11022D7
:10D7A000A2F1EF1291420ED18268012A0BD8C26811
:10D7B00012B101698A4206D0586928B19B691B1AC7
:10D7C0005842584170470120704700BF55AA00FFDA
:10D7D00070B50D4B9E68A6B13046FFF7D9FF0446E1
:10D7E00078B9F3686BB935690DB9204670BD284624
:10D7F000FFF7CEFF28B9EB68B34202D12E462D6960
:10D80000F2E70124F1E700BFB82E00202DE9F04136
:10D81000444B454C05461B6820468846984718B13E
:10D8200000242046BDE8F081A4F1140754F8144CFC
:10D83000FB68DCB1BC68CCB1002D66D0B8F1000F3C
:10D8400065D008FB05F6B6FBF5F5A84561D1311D9D
:10D850005FD8B20711D026F0030204321C4603E061
:10D860006168914257D2A469002CF9D12F4B2E4800
:10D870001B6898470028D4D0D2E73246EEE7891AD1
:10D88000232904F120051CD80123A360D4E9052332
:10D89000AAB19361A3690BB162695A610023C4E91B
:10D8A00005333B69DB0703D5FFF792FF002835D12D
:10D8B0003246002128462C460BF000FED6E7FB60DE
:10D8C000E8E702F1200C04EB0C032039C3E9011056
:10D8D000DC6021691648196144F80C00A0F11020A1
:10D8E000A0F1EF10D86101B1CB6061695961A06905
:10D8F000986141B18B61996901B14B61012123614B
:10D90000C4E90121CAE7FB60F5E72C46AEE74446CF
:10D91000ACE70446AAE7A0680028B0D0012004F0D4
:10D9200051FB00BFE0090020CC2E0020DC090020C4
:10D9300055AA00FF70B5464B464C05461B6820466D
:10D940009847002840F08280002D43D054F8143CC2
:10D95000A4F11406002B3DD0B268002A3AD09D42B3
:10D9600003D3726813449D4202D3012004F02AFBC2
:10D97000A5F120042046FFF70BFF0028F5D155F84C
:10D98000183C012BF1D155F8143C45F8180C3BB369
:10D990009A682ABB55F81C2C02F120015A680A44E7
:10D9A0005A6055E905321A6155F8145C2B6903B1C8
:10D9B000DD602022002120460BF080FD286910B197
:10D9C0008368002B2ED033699B0703D5FFF700FF38
:10D9D0000028CAD1BDE870401F4B1E481B6818477D
:10D9E00055F8100C00282AD0836843BB426863684E
:10D9F00013442033636003692361D4E905239AB992
:10DA0000CBB9436963618269A261B3B19C61A369C7
:10DA100003B15C61236903B1DC60202200210BF0BB
:10DA20004DFDD0E72C46E1E79361A369002BE8D0D8
:10DA300062695A61E5E7F360F7E7F460E7E7F368E6
:10DA400045F8083C03B15C61F460BCE770BD00BF01
:10DA5000E0090020CC2E0020DC09002038B50C465F
:10DA60001C220021054615480BF028FD144B1548D3
:10DA70001B6898471449154800F038F8232C1CD926
:10DA800015F003031FBF043CE418C3F10403ED18B1
:10DA90002246002128460BF011FD084B0C49C3E932
:10DAA0000054203C9D606C609A6811609A68A1F1F6
:10DAB0001021A1F1EF11D161DA6038BDB82E00203C
:10DAC000E4090020CC2E002035D901000DD801003A
:10DAD00055AA00FF014B1B68184700BFD40900205E
:10DAE000014B1B68184700BFD0090020024B18608B
:10DAF000024B002019607047D4090020D009002093
:10DB000010B50A46044619B1024B00211B6898471C
:10DB100010BD00BFD8090020F8B50D4E0D4C0E4DBC
:10DB200033680E48984767782B680C4898473368E5
:10DB30000B489847022F08D12478E31F5C425C41D0
:10DB40002B68074898472046F8BD0024F8E700BF37
:10DB5000E0090020D42E0020DC090020DC06002093
:10DB6000E40600200E4B0340B3F1607F06D1B1F50F
:10DB7000885F14BF6FF0860000207047B3F1707F9C
:10DB80000BD101F4E043B3F5005F06D111F4E06F6F
:10DB90000CBF6FF08600002070476FF08600704762
:10DBA0000000C07F8A42F8B506460D4600F0188195
:10DBB00001F0FE41B1F1C06F6BD18D4C22F4875161
:10DBC00021F01F01A14222F0FF0015D089498842AF
:10DBD0002CD022F4FF7121F00101B1F1062F2CD0DD
:10DBE00004F5C064A04207D004F57454A14203D0E8
:10DBF000A4F58444A1421DD1D1B221BB8BB122F442
:10DC0000FF7323F00103B3F1062F06D07A4922F403
:10DC1000FF6323F007038B4203D122F4807225F4C3
:10DC20008075954214BF00200120F8BDD1B251B9D2
:10DC3000824208D0002BE9D1F3E7D1B219B9B2F191
:10DC4000062F40F0D1806B4E25F4FF7121F00101C9
:10DC5000B14225F0FF0411D006F58856B4420DD02C
:10DC6000664F25F47F7626F00306BE4206D0644E4A
:10DC7000B44203D006F57456B142BFD115F0FF018E
:10DC8000BCD0604E41F00071B14204BF024625464F
:10DC9000B4E7B1F1A06F17D102F0FE43B3F1A06F6A
:10DCA00040F08C8082EA050333F47E1340F08680D6
:10DCB0002E0440F18380C5F30540C2F30542904233
:10DCC0008CBF00200120B0E74F4B9D4209D1A3F546
:10DCD00000439A4200F084804C4B22F47E1098421C
:10DCE000A0E7B1F1407F69D102F0FE43B3F1407F7C
:10DCF00064D182EA050030F47E145FD131462846B3
:10DD0000FFF730FF00286DD1414B12F47C1103EA7C
:10DD1000020318D0B3F1607FC2F305413DD13D4805
:10DD2000D3B243F0007383423DD003F17E43043B02
:10DD3000112B01D83848C45C15F47C1FC5F305438A
:10DD400033D18C426EE7B3F1607F0DD13148D3B24D
:10DD500043F0007383421ED003F17E43043B112B3A
:10DD6000DDD82E49C95CDAE7B3F1707F19D106F42A
:10DD7000E043B3F5005F03D10121C6F302239940CC
:10DD800006F4E043B3F5005FD6D10120C6F30226C6
:10DD900000FA06F4D0E71021C1E7B3F1707FCBD1D0
:10DDA000EEE70024C8E71024C6E712F47C1F01D177
:10DDB000A34215D02C0401D58B4281E725F0004306
:10DDC00023F47F03B3F1106F0CD102F0FE43B3F1E3
:10DDD000106F07D11248104040F01060A84221E7B0
:10DDE000012022E7002020E7002B7FF416AF18E780
:10DDF00000030006000200060040000600040006C2
:10DE000000090006FF0000020093C0040001400565
:10DE10000000C07F03000002422A0300422A0300E0
:10DE20000000FFF62DE9F047884692461C4600F0B8
:10DE3000C7FC064600283CD1D8F80070B7F800901F
:10DE400009F4E043B3F5804FBB6808BF2AF0010A2C
:10DE50003AEA030325D164B3BAF5006F2CD0AAF5D2
:10DE60000052D2F1000A4AEB020A2A4B24F0FF02C8
:10DE70009A4224D114F0FF0504D0274B45F00075D9
:10DE80009D423BD0534622464846F968FFF78AFE3A
:10DE9000054670B95346224648463969FFF782FE67
:10DEA000A8BB6FF0840600233846C8F8003000F0A5
:10DEB000BBFC3046BDE8F0874FF0010AD5E7174BB1
:10DEC0009A42D7D0A3F588539A42D3D024F4FF7353
:10DED00023F00103B3F1062FCCD011498A42C9D0F7
:10DEE000104A9342C6D0A2F584429342C2D004F0B5
:10DEF000FE43B3F1407F04D12304C3D56FF08606FF
:10DF0000D1E7B3F1A06FF7D0034B9C42B9E72E469F
:10DF1000CFE700BF00030006FF0000020013000669
:10DF2000000900060046000670B5114B05461B6847
:10DF300010480E469847044618B16FF08F042046EB
:10DF400070BD6B6933602B7F012B04BF02232B77DD
:10DF5000094B18BF30601B68064818BF6FF0960465
:10DF600098470028EBD0002CE7D06FF09604E6E746
:10DF7000E0090020EC060020DC09002038B500F0A4
:10DF8000FE43B3F1407F04460D4602D06FF0860099
:10DF900038BDFFF7E7FD0028FAD114F47C1F12D03A
:10DFA000C4F30543032B137022D9284A2240B2F14F
:10DFB000607F3DD1264AE4B244F0007494422BD1F4
:10DFC000102BE5D9E2E7214B2340B3F1607F15D157
:10DFD0001F49E3B243F000738B4202D11023137048
:10DFE000D6E703F17E43043B112B04D900231370C1
:10DFF0006FF08500CCE71749CB5CD3E7B3F1707FB6
:10E00000F4D101F4E043B3F5005FEFD10123C1F394
:10E0100002218B40DBB2C5E704F17E44043C112CA5
:10E02000B4D80D4A125D9342B0D8142BB0D9DFE7B3
:10E03000B2F1707FAAD105F4E042B2F5005FA5D13C
:10E040000122C5F30225AA40EDE700BF0000C07F12
:10E0500003000002422A0300422A030000232DE9A4
:10E06000F34113604768D0F8148004460E463846E2
:10E0700011460AF0FBFE054688B938460AF0F8FE5C
:10E08000054660B9FFB277B9B8F1000F05D1A368B2
:10E0900023F0031323F47F4363B16FF08605284612
:10E0A00002B0BDE8F081012160690AF0B9FE0028E4
:10E0B000EDD1F2E74FF6F87362889A4227D8154BF4
:10E0C00015481B682779984710B16FF08F05E6E770
:10E0D00007B901A8314600F02BFB104B05461B6821
:10E0E0000D48984710B1002DD9D1EEE7002DD6D1BB
:10E0F0000FCCD6F800C066460FC694E8070086E845
:10E100000700002FCBD1019BCCF81430C7E76FF08C
:10E110008505C4E7E0090020EC060020DC090020AA
:10E1200010B5044660B1074B07481B689847204666
:10E130000AF049FCBDE81040044B03481B6818472F
:10E1400010BD00BFE0090020EC060020DC09002023
:10E1500037B50446C0B101A900F032FB044698B9B6
:10E16000194B1A481B689847194DF0B90198037F5D
:10E17000032B11D10AF065FE2B680446134898471B
:10E1800028B10CB96FF08F04204603B030BD002CCD
:10E1900008BF6FF08704F7E7022B12D10323037740
:10E1A0000379FF2B08BF6FF0840401980AF049FE41
:10E1B0002B68002818BF0446044898470028E3D07D
:10E1C000DFE76FF09604F0E7E0090020EC0600209E
:10E1D000DC0900202DE9F04116461F46002288B0D8
:10E1E000038805468846CDE9042207963A60002E4A
:10E1F00062D0B6F1005F80F09E8023F0FF03B3F59C
:10E20000E24F02D0B3F5824F22D128460AF0BCFA81
:10E210000446002840F08380EB686BB16A885AB1ED
:10E220002B8803F44F41B1F5824F05D1DBB2222B8D
:10E2300037D02DD8122B39D04246002308EB0601E7
:10E2400012F8010B914243EA0003F9D1002B33D0BD
:10E25000284605AA04A9FFF701FF0446A0B9049BBC
:10E260009B6A63B3049B41465A882846069206AAD5
:10E27000029203F1280201929A6A00925B6A324686
:10E280000AF028FE044678B30498FFF749FF46E0F9
:10E29000273BDBB21B2BCFD8284921FA03F3DB073E
:10E2A000CAD50732B6EBD20FC6D205E040F2092339
:10E2B0009A42F6D1402EBFD86FF086042FE06B68EB
:10E2C0001B0A07D1079904980AF03DFB0446002871
:10E2D000C8D0D9E732464146284607AB0AF0D2FDFE
:10E2E00004460028EED0CFE70499069B4A88D2B9AD
:10E2F0004B804FF6F873069A04989A4218D82B88E8
:10E3000013B102889A4210D16B8813B142889A42A5
:10E310000BD13946FFF708FE04460028B4D1204649
:10E3200008B0BDE8F0819A42E3D06FF08604ABE715
:10E330006FF08504A8E76FF08504F0E70102000C98
:10E3400038B504460D46FFF7E7FB30B12A462146B3
:10E35000BDE8384002480AF07ABE6FF0880038BD48
:10E36000D82E00202DE9F04F9B460023924601F065
:10E37000FE428FB0B2F1806F0E46DDE91878DDF80D
:10E380006890099306D0184600F04EFA6FF08605A3
:10E39000002479E00B464FF4807209A9FFF742FD93
:10E3A0000546099815B100F03FFAF1E7038803F438
:10E3B000E042B2F5005F1DD113F4E06FC3F3022118
:10E3C00018D0364C26F48072A2420AD004F50074AC
:10E3D000A64206D0324CA64203D0A4F53F44A24246
:10E3E00008D101248C40102C0CD900F01DFA6FF0DC
:10E3F0008305CDE742F2040293420AD1294B9E42A3
:10E400000ED10C24A04510D200F00EFA6FF0890551
:10E41000BEE742F20702934202D1224B9E42E4D071
:10E42000214B9E4209D10D24ECE721460AA8FFF7B3
:10E4300087FF054610B10998B5E700240998D0E98F
:10E4400009123FB33D19A8EB04030DF12808CDE9EB
:10E450000453CDE902AB3346CDF818900194CDF8C2
:10E4600000800AF08DFD0646099800F0DDF90546AA
:10E4700096B900288CD124B12246414638460AF08C
:10E48000F6FFD9F800301C442846C9F800400FB008
:10E49000BDE8F08F3D46D6E7354679E70010C00469
:10E4A00000FF4004000180040013C00470B51D4E3D
:10E4B0001D4C33681D4898472378590744BF23F003
:10E4C0000403237023789A0705D500F017F9237801
:10E4D00023F002032370164D14482B6898473368C5
:10E4E00014489847637813B113480AF0C1FD00231C
:10E4F000042111486370FFF703FB2B680D48984710
:10E5000033680A4898472378DB0705D50AF0B9FC39
:10E51000237823F0010323702B680448BDE8704082
:10E52000184700BFE0090020D42E0020E406002098
:10E53000DC090020DC060020D82E00202DE9F04167
:10E54000FFF7EAFA18B100242046BDE8F081364F03
:10E5500036483B689847044620B16FF08F04FFF7B8
:10E56000A5FFF1E7324D2B78D80706D40AF087FCD7
:10E5700004462B7843F001032B702E4E2B48336852
:10E58000984710B1002CE8D0E9E7002CE7D13B68B0
:10E590002648984704460028DFD12B78990706D4EF
:10E5A00000F0A4F804462B7843F002032B70336884
:10E5B0001E4898470028E5D1002CD0D13B681B4865
:10E5C00098470028C9D13368184895F800809847C3
:10E5D0000028C2D13B681848984704460028BCD19F
:10E5E0006B7843B918F0010F05D014480AF02DFDDF
:10E5F000022304466B7033680F4898470028C1D146
:10E60000002CACD13B68094898470028A5D12B784D
:10E6100006485A075CBF43F004032B7033689847E1
:10E62000002890D099E700BFE0090020E406002010
:10E63000D42E0020DC090020DC060020D82E00208B
:10E6400038B5074C074B20461B689847064B2046B9
:10E6500093F88055054B1B689847284638BD00BF86
:10E66000E4060020E0090020DC2E0020DC09002068
:10E6700000F140421F2A38B504460D460CD82C2123
:10E68000194B01FB02331A7F022A02D15A698242D6
:10E6900018D06FF08B001FE001210AF0C1FBE0B140
:10E6A000114A00201346117F022902D15169A1426B
:10E6B00005D00130202802F12C02F4D1E9E72C2208
:10E6C00002FB00331A7F022A0AD11A6A511C07D0B2
:10E6D000002001321A622B6038BD6FF08700FBE723
:10E6E0006FF09600F8E700BFDC2E00200122024BFD
:10E6F000002083F880257047DC2E00202DE9F041B2
:10E700000A4C002526464FF0010803272046C4F88E
:10E710002080277701350AF056F9202D04F12C04CA
:10E72000F4D1002386F88035BDE8F081DC2E00208E
:10E73000F8B506460F46FFF783FF002835D00024C2
:10E740001D4B22461D46197FF9B13CB9022905D15E
:10E75000196A19B91979002918BF1C460132202AF3
:10E7600003F12C03EFD114B96FF08C000BE0237F81
:10E77000022B04D1236A5A1C1CBF0133236220469A
:10E780000AF021F910B100240DE01C46237F7BB96B
:10E790000123237736B1094B651BAD105D4305F1AD
:10E7A0008045356000203C60F8BD6FF08800EAE7E6
:10E7B0006FF09600E7E700BFDC2E0020A38B2EBA97
:10E7C000002370B50B6004460D46FFF739FF08B310
:10E7D000124B13481B689847064618B16FF08F0418
:10E7E000204670BD20462946FFF742FF10F18C0FEE
:10E7F00004460C4B07D01B68094898470028EFD007
:10E80000002CEDD1EAE72E601B68054898476FF0B1
:10E810008704E5E76FF08804E2E700BFE009002025
:10E82000EC060020DC09002010B50B4B04461B68E9
:10E830000A48984718B16FF08F04204610BD204653
:10E840000AF0FFFA064B04461B6804489847002864
:10E85000F3D0002CF1D1EEE7E0090020EC06002017
:10E86000DC09002070B40A4EDCB2456844F0007444
:10E87000B4424FEA152503D035B970BC00F0A4B8F6
:10E880006FF0850070BC70476FF08600FAE700BF3C
:10E8900005000002F7B5089E0D4FF5B2044645F09D
:10E8A00000754868BD424FEA10200AD060B9009652
:10E8B00004F1080000F054F808B91C23236003B0E9
:10E8C000F0BD6FF08500FAE76FF08600F7E700BF54
:10E8D00005000002F7B5089E0D4FF5B2044645F05D
:10E8E00000754868BD424FEA10200AD060B9009612
:10E8F00004F108000AF0BAFC08B91C23236003B035
:10E90000F0BD6FF08500FAE76FF08600F7E700BF13
:10E91000050000027FB50024C0F848410F4C0546B1
:10E9200000940AF038FB044698B9102203AB05F5B1
:10E930009C76019328463346009205F594710AF0BF
:10E940003DFB044628B930460AF0BEFB204604B021
:10E9500070BD28460AF03EFBF8E700BF00444004C3
:10E960002DE9F0411E46069B1746154A23F47E13F7
:10E97000934204460D461BD10B88B3F5105F17D1A7
:10E98000A6F11002102A17D80E4BD340DB0713D57F
:10E990004FF4A67200210AF091FD022384F84C3155
:10E9A0003A46334629462046BDE8F041FFF7B2BF5C
:10E9B0006FF08500BDE8F0816FF08600FAE700BFD8
:10E9C0000002C003010101002DE9F04323F47E168B
:10E9D000124BDDF82C909E42DDE9077CDDE909E869
:10E9E00015D10388B3F5105F11D1A2F11004102CDA
:10E9F00011D80B4D25FA04F4E3070CD53B46CDE9BD
:10EA00000989CDE907CEBDE8F0430AF006BC6FF0F6
:10EA10008500BDE8F0836FF08600FAE70002C003CE
:10EA20000101010073B50C4611461A4623880546BC
:10EA3000B3F5105F069E19D1A2F11004102C12D864
:10EA40000C4BE340DB070ED50B4B9E420ED100244E
:10EA50002346009400F0A4F8204685F81C41C5F830
:10EA6000186102B070BD6FF08600FAE76FF08500A4
:10EA7000F7E700BF01010100004440042DE9F04127
:10EA800016461F46D0F818210E4B05469A42884676
:10EA900011D1314600F0A4F8069B044698420DD8E7
:10EAA000334628464246394600F0A8F80020079B26
:10EAB0001C60BDE8F0816FF08500FAE76FF0890017
:10EAC000F7E700BF0044400470B50088C8B0B0F557
:10EAD000105F4D9E4F9D22D1A2F11000102821D829
:10EAE000134C24FA00F0C0071CD51248834216D1FB
:10EAF00005F00F00064315D1519B9D4215D8529B3E
:10EB000003A81D603346009600F04AF803A82B4680
:10EB10004E9A509900F072F8304648B070BD6FF0D0
:10EB20008500FAE76FF08600F7E76FF08900F4E7F9
:10EB3000010101000044400470B5184E049CB3422A
:10EB4000458802D06FF0850070BDEE1DB2EBD60F88
:10EB50004FEAD60302D06FF08600F5E7079A93429A
:10EB600018D8089A136047F2121200889042E9D12F
:10EB7000059A5B0001339342EDD12378042BEAD14F
:10EB8000B5F5807FDED10698621C00F067F9002899
:10EB9000DAD0E0E76FF08900D6E700BF0000020995
:10EBA000F8B5069F04461D4661B11646AFB9E1F7B8
:10EBB000D3FC002384F8116184F8127184F81031B9
:10EBC00084F8133145B11022294604F1F0000AF00F
:10EBD0004EFC012384F81331F8BDE1F751FEE8E75C
:10EBE00051B190F8103190F812210B4402F001025B
:10EBF0009B1A23F00F007047084670472DE9F04F2D
:10EC00001E4690F8123187B090F810910093002EB4
:10EC100052D0924603F00108C9F1100208EB02033A
:10EC2000B342044600F5807700F2C3800D46002A07
:10EC300040F0B280009B002B69D194F8133104F1AD
:10EC4000F009C846002B40F0C080224639464846AD
:10EC500094F81131E1F72CFB0F2E40F2CD80D04615
:10EC6000A6F1100323F00F031033019305EB030B00
:10EC700094F813311BB3102341464A463846984452
:10EC8000E2F730F81022494628460AF0F0FB10352A
:10EC900022463946484694F81131E1F709FB5D45B3
:10ECA000E6D116F00F0623D184F81061C846102271
:10ECB000414658460AF0DBFB07B0BDE8F08F4146FD
:10ECC000102238460AF0D3FB1022494628460AF0A3
:10ECD000CEFB103522463946484694F81131E1F70B
:10ECE000E7FAAB4508F11008C2D116F00F06DBD0E9
:10ECF000019B9A445146384632460AF0B8FB009BC5
:10ED000084F81061002B7DD00DF10808CFE794F84E
:10ED100011312246394602A8E1F760FC94F813311C
:10ED2000002B5BD1B8F1000F0CBF4FF010094FF072
:10ED300011094E4529D304F1F00801E04E4524D3D2
:10ED400010225146384692440AF091FB1022284680
:10ED500002A90AF08CFB94F811312246394602A828
:10ED6000E1F73CFC94F81331103E1035002BE5D050
:10ED700002A9084642461023E1F7B4FF10223946A3
:10ED800040460AF074FB4E45DAD22EBBAB460DF17D
:10ED9000080884F810618AE7514607EB090092449D
:10EDA0000AF065FB009B103E4E44002B3FF445AF3C
:10EDB000ADE707EB0900514632460AF058FBB14473
:10EDC00084F8109107B0BDE8F08F10234A46394609
:10EDD0003846E1F787FF38E7AB468BE702A904F135
:10EDE000F0094A4608461023E1F77CFF4846102206
:10EDF00039460AF03CFB95E7002EEDD1AB4684F88E
:10EE0000106154E704F1F00950E700BF00B589B084
:10EE10000146684600F03EF809B05DF804FB00BF0B
:10EE200000B591B00146684600F06CF911B05DF88C
:10EE300004FB00BF30B599B00546684600F02AF8DB
:10EE40006946044608A800F055FA034608A9284672
:10EE50001C4300F08BF9204619B030BD70B598B056
:10EE600005466846164600F015F83146044608A8DF
:10EE700000F048F9034608A96A4608461C4300F01A
:10EE800083F9034608A928461C4300F06DF9204683
:10EE900018B070BD38B50B68124D1BBAC3614B6812
:10EEA0002A461BBA83618B6804461BBA4361CB6850
:10EEB0001BBA03610B691BBAC3604B691BBA836041
:10EEC0008B691BBA4360CB6901461BBA0360E1F74B
:10EED000F9FC034620461C4629461A46E1F712FD76
:10EEE000601E38BD14A702002DE9F04106460C460D
:10EEF000904688B0684602F1200106F12007E1F74C
:10EF0000DBFF6A4669466846E1F7F8FE694638461F
:10EF1000E1F7D2FF3A463946384604F12005E1F7D9
:10EF2000EDFE6A4669466846E1F7E8FE4146284636
:10EF3000E1F7C2FF6A4641463046E1F7A5FF2A469F
:10EF400029466846E1F7DAFE2A4669466846E1F74F
:10EF5000D5FE69466846114AE1F7D0FE694620466B
:10EF6000E1F7AAFF324621462046E1F705FF324687
:10EF700021462046E1F700FF224631462846E1F7C8
:10EF8000FBFE6A4629462846E1F77EFF3A462946B7
:10EF90002846E1F7F1FE08B0BDE8F081F4A70200D1
:10EFA000F0B504460D4699B02A4668462146E1F779
:10EFB000E3FE69466846E1F77FFF6A46214608A8F6
:10EFC00005F1200604F12007E1F75EFF6A462946B5
:10EFD0006846E1F759FF3246394610A8E1F78EFE40
:10EFE000324639463046E1F7C7FE31462846E1F75A
:10EFF00063FF6A46204608A9E1F780FE22462946BB
:10F000002846E1F7B9FE6A46684608A9E1F7B4FE6A
:10F010006A4639463846E1F737FF2A46684608A966
:10F02000E1F7AAFE6A4631463046E1F72DFF3A463F
:10F0300031463046E1F7A0FE684610A9E1F73CFFF3
:10F04000224669462046E1F797FE08A9224608466F
:10F05000E1F792FE10A9084608AAE1F715FF3A4623
:10F06000384610A9E1F788FE19B0F0BD2DE9F0414E
:10F0700005460C46904688B00A4668462946E1F7A0
:10F080007BFE69466846E1F717FF6A46294628462F
:10F0900004F12006E1F7F8FE05F120076A46214653
:10F0A0006846E1F7F1FE324639463046E1F764FE44
:10F0B00031462046E1F700FF2A4621462046E1F787
:10F0C0005BFE6A4621462046E1F756FE6A4629461F
:10F0D0004046E1F751FE424639463846E1F7D4FE54
:10F0E000224629466846E1F747FE6A4631463046E1
:10F0F000E1F7CAFE3A4631463046E1F73DFE08B038
:10F10000BDE8F08170B504460D4690B004F12006CC
:10F1100000F014F9304605F1200100F00FF9214606
:10F1200008A8E1F7C9FE08A908460D4AE1F7E6FD7F
:10F1300008A922460846E1F7A7FE08A90846094A99
:10F14000E1F7DCFD31466846E1F7B6FE202269466C
:10F150000DEB0200E1F7A4FD013810B070BD00BF57
:10F16000F4A70200D4A7020000F002B938B50546A2
:10F170000C4600F0FDF805F1200004F12001BDE887
:10F18000384000F0F5B800BF13462DE9F047B8B09D
:10F190008946544A1946804610A8E1F793FB524924
:10F1A000024610A8E1F7AEFB0746179E4D4907EA55
:10F1B000D676C6F1010210A8E1F7A4FB179C4A46D7
:10F1C000E44328A918A8FFF78FFEE40F20A90846FA
:10F1D000C4F101024FF0FE0AC7F1010700F090F8F8
:10F1E00025466A4618A928A8FFF740FF4FEA6A1388
:10F1F00038AA02EB830353F8A04C0AF01F03DC404B
:10F2000004F0010465402A4628A918A8E1F7D6FBB6
:10F210002A4630A920A8E1F7D1FB0AF1FF3A28A934
:10F2200018A8FFF7BDFEBAF1FF3FD9D1C4F1010222
:10F2300020A908A800F064F866406A4618A928A822
:10F24000FFF714FF324628A918A8E1F7B7FB3246AA
:10F2500030A920A8E1F7B2FB08A96A460846E1F701
:10F2600013FE08A9084600F09DF808A908F120043B
:10F27000084609F12002E1F707FE204620A908AA66
:10F28000E1F702FE08AA684618A9E1F7FDFD694604
:10F290006846E1F711FE18AA694608A8E1F7F4FDEF
:10F2A00021466846E1F708FE08AA69461046E1F7DC
:10F2B00063FD68460D4A08A9E1F75EFD204620215E
:10F2C000E1F702FD024608A9684654423C43E1F7D3
:10F2D00075FB40466946064AE1F7D6FD204638B040
:10F2E000BDE8F08754A7020074A70200D4A702006B
:10F2F00034A702000A460149FFF746BF94A702005F
:10F3000070B588B004460D46164600212022684696
:10F310000AF0D4F8002329462022204600930AF060
:10F32000A6F82A4669466846E1F726FD3246694650
:10F330002046E1F743FB08B070BD00BF0B681BBA65
:10F34000C3614B681BBA83618B681BBA4361CB688E
:10F350001BBA03610B691BBAC3604B691BBA83609C
:10F360008B691BBA4360CB691BBA0360704700BF4F
:10F37000CB691BBA03608B691BBA43604B691BBA2C
:10F3800083600B691BBAC360CB681BBA03618B68CF
:10F390001BBA43614B681BBA83610B681BBAC3611C
:10F3A000704700BF70B50D46052498B0064610A8FA
:10F3B000E1F782FD2A46684610A9E1F765FD694636
:10F3C00010A8E1F779FD10A90846E1F775FD6A4636
:10F3D00010A908A8E1F758FD08A910A8E1F76CFDED
:10F3E00010A90846E1F768FD10A90846E1F764FD99
:10F3F00010A90846E1F760FD10A908AA0846E1F740
:10F4000043FD10A90846E1F757FD10A90846E1F7AA
:10F4100053FD10A96A4608A8E1F736FD08A910A80F
:10F42000E1F74AFD10A90846E1F746FD013C10A9A5
:10F43000F5D1084608AAE1F727FD052410A90846DA
:10F44000E1F73AFD10A90846E1F736FD013CF5D198
:10F4500010A908AA0846E1F717FD10A908A8E1F7C6
:10F460002BFD08A90846E1F727FD08A96A4668466A
:10F47000E1F70AFD1024694610A8E1F71DFD10A967
:10F480000846E1F719FD013C10A9F5D12A460846C6
:10F49000E1F7FAFC402410A90846E1F70DFD10A998
:10F4A0000846E1F709FD013CF5D110A96A46084676
:10F4B000E1F7EAFC102410A90846E1F7FDFC10A9C9
:10F4C0000846E1F7F9FC013CF5D110A96A46084667
:10F4D000E1F7DAFC102410A90846E1F7EDFC10A9C9
:10F4E0000846E1F7E9FC013CF5D110A9084608AA55
:10F4F000E1F7CAFC2A46304610A9E1F7C5FC18B06E
:10F5000070BD00BF014B1B68184700BF040A0020F4
:10F51000014B9B68184700BF040A0020014BDB68C1
:10F52000184700BF040A002010B50C4C236813B123
:10F530000B4B1B682BB900F05FFE30B90122084B62
:10F540001A6001232360002010BD0138072801D96B
:10F55000044810BD044B53F8200010BD6434002053
:10F5600060340020FE8FFFFF14A80200BFF34F8F0E
:10F570000549064BCA6802F4E0621343CB60BFF34F
:10F580004F8F00BFFDE700BF00ED00E00400FA056B
:10F5900030B44FF0FE3200250B4B0C4C0C4949683F
:10F5A000C3F80024C3F80424C3F80824C3F80C24C7
:10F5B000C3F81024C3F81424C3F81824C3F81C2477
:10F5C000C4F8005530BC08470050845000408450B7
:10F5D000E8090020024BD0E90012C3E9001270478D
:10F5E000E8090020144B2DE9F043002814BF04461D
:10F5F0001C46124F236883B0BB4219D016460D46F5
:10F6000020464FF4E07104F1040900F0EDF804F530
:10F610008E78484600F0D0FC404600F0F3FA2B46C6
:10F620004A4640460649009600F002FB08B92760AA
:10F63000002003B0BDE8F08368340020A5BCC95A9F
:10F640003D00020070B50D4C1D46002814BF064653
:10F6500026460B4B306882B098420DD106F58E706D
:10F66000002633460096144600F032FB002818BFEF
:10F6700034462C6002B070BD0248FBE768340020BD
:10F68000A5BCC95AE88FFFFF10B5044650B16368A6
:10F6900013F0685F05D0064A934202D000236260EF
:10F6A000236010BD034B04485B689847EFE700BF39
:10F6B0002C5F5CA9E809002034A80200C8B14368A7
:10F6C0000D4A934213D013F0685F0ED0012350E827
:10F6D000002F194640E8001C9CF0000FF7D1012ACA
:10F6E000F5D0BFF35F8F002070470448704704488F
:10F6F00070476FF4E04070472C5F5CA9E98FFFFF13
:10F70000EA8FFFFF034680B1426809498A420AD066
:10F7100012F0685F05D0BFF35F8F002210461A60B9
:10F72000704704487047044870476FF4E0407047E2
:10F730002C5F5CA9E98FFFFFEA8FFFFF10B504463D
:10F7400020B10023034A2360626010BD0248FFF726
:10F750001FFFF6E73A00003A5CA8020070B5194CAA
:10F76000D0F804C00668C4F804C0D0F808C0C06867
:10F77000C4F808C0E06026600868134B134D186099
:10F780004868D5F818215860886812F0685F98605A
:10F79000C8680969D860196112D000230C4A05F5C0
:10F7A0008A70C5F81431C5F8B831C5F81821C5F804
:10F7B000BC21B047236805F5DC70BDE870401847F0
:10F7C00070BD00BF040A0020F0090020683400204A
:10F7D0002C5F5CA938B131B10022014403460130ED
:10F7E00081421A70FAD1704738B131B10022014418
:10F7F0000346013088421A70FAD170472DE9F04F64
:10F80000B2F5C07FBDB000F2DA800C46DFF8B491EB
:10F81000154600214FF4D07282460DF17C0848460F
:10F8200009F04CFE404601F047F930232146002400
:10F8300009F118062A4689F8173030466BBAA9F83C
:10F840001230A9F8104009F012FE802223467255AA
:10F850000DF12B0101F8013F0133202BFAD14FF4B8
:10F86000807240460BA901F03DF98346002840F024
:10F87000A38005F1190313AD2F4607AE0293CDF80F
:10F880000CA00196049510220021019809F016FEA3
:10F89000DFF834A1DDF808B005970A9B5AF8044C4C
:10F8A000089F099A07995AF8100C5AF80C6C5AF8E4
:10F8B000085C5C40019B7E40554081EA00071A4687
:10F8C00001214046CDE90776CDE9095401F02CF934
:10F8D000BBF1100F94BFABEB0B0BABF1100B0AF1AC
:10F8E000100A002847D1BBF1000FD6D1059F102286
:10F8F0003846019909F0BBFD99F803301037013300
:10F90000474589F80330BED1049D4FF480722946E3
:10F910004046DDF80CA0019E01F0E4F8834678BB78
:10F9200054460AF130071BAB1A460121404601F04C
:10F93000FBF8834620BB102220461BA9144409F083
:10F9400096FDA742EFD1404601F0C6F84FF4D071C2
:10F950001C48FFF749FF28463021FFF745FF0BA859
:10F960002021FFF741FF30461021FFF73DFF5846A9
:10F970003DB0BDE8F08F8346DDF80CA0019E049DEC
:10F98000404601F0A9F84FF4D0710E48FFF72CFF64
:10F9900028463021FFF728FF20210BA8FFF724FF7E
:10F9A00010213046FFF720FF30215046FFF71CFFA3
:10F9B00058463DB0BDE8F08F13AD07AEE0E76FF0FD
:10F9C000370BF5E738360020483600202DE9F041A6
:10F9D0008CB004460D463022002168466F4609F07F
:10F9E0006DFD04F12006E27B0132D2B2E273002AFF
:10F9F0004DD1A27B0132D2B2A273002A47D1637BE0
:10FA00000133DBB26373002B41D1237B0133DBB2C3
:10FA10002373002B3BD1E37A0133DBB2E372002B7B
:10FA200035D1A37A0133DBB2A372002B2FD1637AD5
:10FA30000133DBB2637253BB237A0133DBB223722F
:10FA40002BBBE3790133DBB2E37103BBA379013351
:10FA5000DBB2A371DBB963790133DBB26371B3B994
:10FA600023790133DBB223718BB9E3780133DBB245
:10FA7000E37063B9A3780133DBB2A3703BB9637859
:10FA80000133DBB2637013B92378013323703B4633
:10FA900022460121304601F047F88046002841D136
:10FAA00010370CAB9F429ED1029AAB68039953402A
:10FAB00002933046EE68D5F820804E4003960499B4
:10FAC0002E69D5F828C04E4004966E6905990B9FA3
:10FAD0004E4005960699AE69009B4E400696EE692B
:10FAE00007994FF480724E400796089ED5F824E09F
:10FAF00088EA0608099E8EEA060E0A9E8CEA06012E
:10FB0000EE6A7E402F687B4000936B68019D6B40DE
:10FB10000193CDE9088ECDE90A16694600F0E2FFAF
:10FB2000804638B168463021FFF75EFE40460CB093
:10FB3000BDE8F0811022204608A909F098FCF1E701
:10FB40002DE9F8431D468369B3F5C07F52D81646A8
:10FB5000C3F5C072AA424DD3C5F5C072D31AB342E1
:10FB600048D30446DFF898904FF4C0720F464846D9
:10FB7000002109F0A3FC4946D4F89430A269D4F8D6
:10FB800098009847002838D1D4F818803DB1D4E9BE
:10FB900025302A4609EB0801984770BBA84407B1F5
:10FBA000C6B9174942460846FFF728FE054638B150
:10FBB0004FF4C0711248FFF717FE2846BDE8F883DE
:10FBC00020460F49FFF702FF05460028F0D1012328
:10FBD0002361EDE73946324609EB080009F047FC9E
:10FBE0000749B04442460846FFF708FE054600288C
:10FBF000DED1E5E76FF03705DFE76FF03305DCE7CF
:10FC0000D837002010B5A4220021044609F056FC84
:10FC10004FF0FF314FF6F072044B2161E26104F1C5
:10FC20009C001B68BDE81040184700BFE409002095
:10FC30002DE9F047054688B00F46164600212022E0
:10FC40006846984609F03AFC1F4B05F19C09484666
:10FC50001B689847044618B1204608B0BDE8F087F5
:10FC600005F1200A504600F027FFAA69C5E925766C
:10FC7000F2B920232E69AB61002E22DB6946504683
:10FC80004FF4807200F02EFF044630B933464146EF
:10FC90002846109AFFF754FF04460C4B48461B6851
:10FCA0009847002818BF0446204608B0BDE8F087F2
:10FCB0002E69002EE2DA2F2A96BF01322646560818
:10FCC000DCE71026DAE700BFE0090020DC090020AD
:10FCD0002DE9F04FB2F5806F91B01A9F00F2E380EA
:10FCE000B7F5807F00F2DC80044615460E463022D0
:10FCF000002104A8984609F0E1FB6C4B04F19C0933
:10FD000048461B6898478346002840F09280226945
:10FD1000E3699A4200F391806369002B40F08D8083
:10FD2000002F40F0A980DFF888A16F46002D00F079
:10FD300098806F4604F120080EE0102DAB4628BFD6
:10FD40004FF0100B304639465A4609F090FBB5EBA0
:10FD50000B055E4400F08580E37B0133DBB2E37387
:10FD6000002B4DD1A37B0133DBB2A373002B47D112
:10FD7000637B0133DBB26373002B41D1237B0133FF
:10FD8000DBB22373002B3BD1E37A0133DBB2E372A6
:10FD9000002B35D1A37A0133DBB2A372002B2FD114
:10FDA000637A0133DBB2637253BB237A0133DBB274
:10FDB00023722BBBE3790133DBB2E37103BBA3797D
:10FDC0000133DBB2A371DBB963790133DBB2637159
:10FDD000B3B923790133DBB223718BB9E3780133F3
:10FDE000DBB2E37063B9A3780133DBB2A3703BB934
:10FDF00063780133DBB2637013B923780133237066
:10FE00003B4622460121404600F08EFE83460028F4
:10FE100093D0DAF80030484698470346302104A8CA
:10FE2000002B18BF9B46FFF7DFFC10213846FFF779
:10FE3000DBFC584611B0BDE8F08F3A46414600233E
:10FE40002046FFF77DFEDFF868A000283FF46DAF85
:10FE50004846DAF800309847834600283FF465AFFB
:10FE6000E7E7204604A9FFF7B1FD83460028D0D17B
:10FE7000236901332361CCE73A46414604A8FFF7E2
:10FE8000BDFC834618B16F46DFF824A0C1E72046C9
:10FE900004A9FFF79BFD834600283FF444AFF2E737
:10FEA0006FF0370BC5E76FF0350BC2E7E0090020B4
:10FEB000DC0900202DE9F043202B1D46064688462C
:10FEC00091468BB026D8DBB202AF8DF80480B046E5
:10FED00058F8041B8DF8053021B9404600F066FE45
:10FEE000044640B9012302224046336001A900F0D4
:10FEF00071FE044638B138462021FFF775FC2046D4
:10FF00000BB0BDE8F0832A464946404600F062FE49
:10FF10000446F0E702AF1946104600233A4600F0C7
:10FF2000DFFF04460028E6D12023B9461D46CCE772
:10FF30002DE9F041D0F8F830A6B0002BD8BF02AEC2
:10FF400031DD05460027D0F80C4102AEA4F10108CE
:10FF50009022D5F8FC403146D0F8000101AB019762
:10FF6000B8FA88F8A0474FEA5818044620B9019B10
:10FF700053B9B8F1000F16D030469021FFF734FC8A
:10FF8000204626B0BDE8F081014632462846FFF7FC
:10FF900091FF58B9D5F80431019A1344C5F80431DA
:10FFA000B8F1000FE8D16FF03C04E5E704462046C5
:10FFB00026B0BDE8F08100BF70B5002504461422CC
:10FFC00004F588762946C0F8F850FC3009F076FA36
:10FFD00008222946304609F071FA144B30461B6856
:10FFE0009847204640F8045B00F0C6FD104B3046B1
:10FFF0001B689847C8B9D4F8F830AB420FDC03EB64
:020000022000DC
:10000000830204EB82022021C2F800010120C2E930
:10001000421008490133C2F8FC10C4F8F830064B0E
:100020003046BDE870401B68184770BDE4090020E9
:10003000E0090020B5090200DC0900202DE9F047A5
:10004000202A88B07AD83F4B00F5887904461B688F
:1000500048461746884698470546F8B940F20116C3
:10006000D4F8F830002B65D02046FFF761FF054635
:1000700038B9D4F8F830002B14DC013EF2D16FF01F
:100080003B056E4620213046FFF7AEFB2E4B48461F
:100090001B689847002818BF6FF01D05284608B058
:1000A000BDE8F087D4E94132934203D3D4F80C2160
:1000B000012A02D0013ED7D1E1E71F2BFAD96E46C3
:1000C00001462022304604F1040A09F0F7F93146CE
:1000D000504600F0A9FD05460028D3D1504600F057
:1000E0005FFD504600F048FD2946504600F05EFD99
:1000F00005460028C6D150462022314600F06AFD50
:1001000005460028BED1034632462021304600F085
:10011000E7FE05460028B5D1D4F8F8303A46002B62
:10012000C8BF002340463146C8BFC4F8043109F0B7
:100130009EF9A7E76FF03F056E46A3E76FF03B051A
:10014000ACE700BFE0090020DC090020002130B549
:100150008DB0282202A8019109F0B0F902A800F0A0
:10016000E7FE044610B120460DB030BD1B4D4FF0E8
:10017000FF31286800F034F960BB194BD3F8340E16
:1001800010F0010017D100F05BF9F8B9154A02A987
:1001900001A800F001FC0446012000F051F988B9E3
:1001A000286800F025F90028DDD00F48FFF7F0F9A6
:1001B00020460DB030BD2868052400F019F900284C
:1001C000D1D0F2E70948FFF7E3F9E9E70848FFF77C
:1001D000DFF9DBE70748FFF7DBF9CEE7380A002055
:1001E0000060845058390020D8A80200B8A8020046
:1001F00098A8020080A8020030B583B000F036F85D
:1002000078B900F055F890B9144BC3F80C0AFFF711
:100210009DFF0446F8B9124D2B6863B1204603B028
:1002200030BD032400F072F8204603B030BD042432
:10023000204603B030BD02460146FFF7D3F950B95E
:100240006822084901ABFFF7FDF920B92046064BAB
:100250002B6003B030BD0524E0E700BF00508450A0
:10026000783B00207C3B00205AEA5A5A0020704715
:10027000430504D54FF0FF32034BC3F80821024B6E
:10028000C3F8080A704700BF00508450014BC3F800
:10029000040A70470050845008B100F071B84FF460
:1002A0007500704708B100F04FB84FF47500704703
:1002B00010B5114800F080F800B110BD0F4800F0F3
:1002C0007BF80028F9D10E4C204600F075F8002884
:1002D000F3D10C4B0C481C6000F06EF8014600286E
:1002E000EBD100F02DF8044608B1204610BD00F017
:1002F00089F82046FAE700BF480A0020440A002097
:10030000400A0020380A00203C0A002008B50848AE
:1003100000F05CF8074800F059F8074800F056F87C
:10032000064800F053F8BDE8084000F00BB800BFE5
:10033000480A0020440A0020400A00203C0A00200D
:1003400000207047704700BF10B402460B4C01E01C
:10035000134207D1D4F8003A13F48070F8D001208A
:1003600042F4807229B1054BD3F804410C60C3F804
:100370000841024BC3F8082A10BC70470050845053
:100380000246084901E01A4207D1D1F8003A13F4B5
:100390008070F8D0012042F48072024BC3F8082A22
:1003A000704700BF0050845009F06EB809F086B85D
:1003B0000A46002109F082B808B5034B02681B68A1
:1003C00010689847002008BD040A002008B5034BB8
:1003D00002685B6810689847002008BD040A002086
:1003E000024B02689B681068184700BF040A00208F
:1003F00008B5034B0268DB6810689847002008BD09
:10040000040A002070B5094C094D2069AB68984773
:1004100018B1084B08485B6898470021074AEB6809
:1004200011602069BDE87040184700BFF009002046
:10043000040A0020E8090020F0A80200E43B0020A4
:10044000F8B51A4D1A4E0446B26828699047E8B9C3
:10045000184F3B684CB1A3B1012B19D0013B3B6055
:100460002869F36898470020F8BD43B90121124A72
:10047000C2F800151149D1F81029002AFBD1013327
:100480003B60F368286998470020F8BD0C48F8BD28
:100490000A4AD2F81039002BFBD1074A6FF07E4090
:1004A000C2F80035FFF7F2FE3B68D7E7F0090020FD
:1004B000040A0020E43B0020004084500050845097
:1004C000E98FFFFF2DE9F041002873D00C46002989
:1004D00070D01D46002B6DD007461AB101220023B3
:1004E0002A6003602B68002B5FD02946204600F06D
:1004F000D9FD804600285AD12146286800F0B8FD71
:100500008046002853D12868082867D0042867D07F
:10051000A0F10200B0FA80F040090121314EC6F886
:10052000C411C6F84011C6F8C411636AC6F8303168
:10053000D6F830219342F6D10023C6F82C314FF083
:10054000FF33C6F808316FF01B03C6F80031C6F858
:100550000C01D6F8040A40F48060FFF797FE0A23E6
:10056000C6F83831069B012B29D023691E4AA2FB0D
:1005700003231B09626A404602FB03F303EB4303B8
:10058000184ADB039B09C2F8D8310123C2F82C3189
:100590003B682A6823F07F4343EA02633B602A6892
:1005A00043EA02233B60BDE8F081DFF8408040462B
:1005B000BDE8F081DFF838804046BDE8F0814FF4B7
:1005C0007F03D3F80C2C013206D0D3F80C3C064A3A
:1005D000A2FB03231B09CDE71623CBE703209CE7EF
:1005E00002209AE700508450ABAAAAAA310CF1006D
:1005F000350CF10058B34B1EB3F5047F27D230B54C
:100600004FF0000ECD00744671464B0901F01F0CEF
:1006100050F82330BCF11F0F23FA0CF306D003F07F
:10062000010319B901211C468E46EEE79C4201F1F7
:10063000010106D01C464FF0010EA942E5D1002071
:1006400030BD0EF1010E9645F7D1024830BD01488C
:10065000704700BF360CF100C0B32DE9F0434C1ECB
:10066000B4F5047F1DD2E3B1DAB100252E46A846C9
:100670002C46CF0003F1FF394FEA541C04F01F0E43
:1006800050F82C10BEF11F0F21FA0EFC0CD00CF00C
:10069000010C4CB90126E04634463546ECE796425B
:1006A00016D90C48BDE8F083AB420BD0C44508BF57
:1006B0000136A945F3D001350134BC42DCD100201C
:1006C000BDE8F0830125E0462E46F5E70148704776
:1006D0001D46F1E7370CF1002DE9F04F8FB082464F
:1006E000DDE919460D46002E6ED1096904911C60A2
:1006F000002318990B60002A00F02881994B6A6A40
:10070000D3F83811D3F830319A4269D10A2967D128
:100710009AF80330069304F1080305930423049A1E
:100720000393914B8F4CA3FB023B4FEA9B0B0BEBCC
:100730004B0BA2EB4B0B189B049E1E60002E00F08F
:10074000E580002700F0BEFC0797BAF1000F00F02B
:10075000D0804FF00109DDF81480002D00F0C98031
:10076000069B002B3ED0284606A900F09BFC0028E3
:100770003AD07E4B984220D0069B082B00F0E080B8
:1007800000225B000693294606AB50460092FFF715
:1007900099FE774B984200F0CF8070B9DAF80020CC
:1007A000130A03F47F03134323F07F43CAF8003096
:1007B000039B013B0393BED10020039000F082FC19
:1007C00003980FB0BDE8F08F4FF47F01D1F80C0C07
:1007D00001300CBF4FF40471D1F80C1C049186E772
:1007E0006448EAE76248C4E72946069800F040FCFE
:1007F0000028BED1069B082B00F0A480042B00F03B
:10080000A380A3F10203B3FA83F35B09C4F8C49194
:10081000C4F84091C4F8C4916A6AC4F83021D4F88D
:1008200030118A42F6D10022C4F82C214FF0FF3259
:10083000C4F808216FF01B02C4F80021C4F80C3181
:10084000D4F8040A40F48060FFF720FD0A23C4F8BE
:1008500038312B69444AA2FB0313696A1B0901FB67
:1008600003F303EB4303DB039B09C4F8D831C4F85B
:100870002C910698DAF8003023F07F41030243EA16
:1008800000630B43CAF8003007A800F0E1FB079BA8
:10089000354A03F01A0303437FF46EAFA2FB06321E
:1008A000D4F81431B7EB920F0893D4F818310993A8
:1008B000D4F81C310A93D4F820310B93D4F82431A6
:1008C0000C93D4F828310D9302D1BBF1000F12D153
:1008D0004046182208A9183EFFF766FD08F11808DF
:1008E00001379EB100F0EEFB00230793002D7FF44B
:1008F00037AF21483DE740465A4608A9A6EB0B060C
:10090000FFF752FDD8440137002EEBD1049F059E1E
:100910006A6939463046FFF76DFEAA6940B94FF45F
:10092000806339463046FFF797FE00283FF444AF16
:100930000023189A13601CE72B6A002B3FF43DAF8D
:100940000E483AE7032361E702235FE701222946C5
:100950005046009606ABFFF7B5FD00283FF4DBAE2E
:100960002BE700BF00508450ABAAAAAA020CF100EA
:10097000310CF100300CF100350CF100320CF100BB
:1009800010B4DDE9013401940024DDF80CC0CDE998
:1009900002C410BCFFF7A0BE30B51546012487B0D5
:1009A00005AB00930022CDE9015404ABFFF794FEA0
:1009B00007B030BDF0B587B0002967D01E46002BC8
:1009C00064D01446002A61D0324F0D4638684FF08B
:1009D000FF31FFF705FD00283DD12F4BD3F8340E32
:1009E00010F0010015D04FF0FF354FF408712B487F
:1009F000FEF7F0FE04212A48FEF7ECFE29482821E4
:100A0000FEF7E8FE3868FFF7F3FC40BB284607B066
:100A1000F0BDFFF715FD002834D1224800F088FA18
:100A200070B91E4A0346029205AA019204AA0390D5
:100A300000921C4902461A48FFF7A2FF0346A0B1E4
:100A40004FF0FF350120FFF7FBFC0028CDD0164802
:100A5000FEF79EFDC9E71548FEF79AFDBDE714486D
:100A6000FEF796FD284607B0F0BD28461D46059BBB
:100A700022469C4228BF1A46049932600831FFF78B
:100A800093FCDFE70B48FEF783FDC6E74FF0FF3529
:100A9000BCE700BF380A002000608450143C0020EE
:100AA000E83B0020EC3B0020B8A8020080A8020030
:100AB00010A9020098A8020010B5044630B1002227
:100AC00001236265A265E365236610BD0148FEF758
:100AD0005FFDF4E728A9020018B174220021FFF796
:100AE00065BC7047C8B1D9B108B50023C02A83637B
:100AF00080F83C300FD0B2F5807F04D0802A03D03C
:100B00006FF01F0008BD02230363D2081030FFF707
:100B10004BFC002008BD0123F6E76FF02100704771
:100B20006FF01F00704700BF70B5044686B0F8B183
:100B30001046EAB1E3B101291AD8A26B16D0012AF6
:100B400016D1102500210DEB0506019602AA61635E
:100B50002946009500F0C8FA50B92B463246204687
:100B600002A900F073FD18B906B070BD002AE8D0E4
:100B70006FF02100F8E700BF10B5044628B1204609
:100B8000BDE81040F421FFF713BC0448FEF700FD58
:100B90002046BDE81040F421FFF70ABC3CA9020042
:100BA00010B1F421FEF716BE704700BF08B521B1A1
:100BB000012908D06FF0360008BD012100F058F877
:100BC0000028F7D108BD022100F052F80028F9D022
:100BD000F0E700BF30B505468818B0F5801F0B461A
:100BE0001446A1B001D8802A0CD9B3F5801F17D9BB
:100BF00022461946284600F07DF8044684B920466E
:100C000021B030BD6846FFF7CFFB22466946284633
:100C100000F070F8802104466846FFF7C9FBEDE755
:100C20006FF03604EBE700BF70B5E8B10E46D9B1FE
:100C3000044600F031F80546B0B92368012B0BD00B
:100C4000022B01D0284670BD1C22304604F1080159
:100C5000FFF7AAFB284670BD2022304604F10801A8
:100C6000FFF7A2FB284670BD6FF03605EAE700BF2C
:100C700078B138B50D46F0210446FFF799FB4023C3
:100C800020462560E36500F061FA003818BF0120B6
:100C900038BD0120704700BFF0B5056EA5B0044611
:100CA00004AEE5B900230127019330466760294669
:100CB00002AA009300F018FA10B1012025B0F0BD8F
:100CC0002A46204602A900F069FA0028F5D12046FC
:100CD00000F06CFB0028F0D1206625B0F0BD802D1F
:100CE0002A46304628BF802204F16401FFF75CFBEE
:100CF000256ED7E7002800F0AE802DE9F04F1446AE
:100D0000A5B0002A3DD00F46002949D0B2F5803F5A
:100D10000546006E20D34FF6FF7805F1640AEB6DAF
:100D20001A1AB2FBF3F103FB1122002A65D18342A8
:100D3000B9464FF6FF7672D0B6FBF3FB03FB0BFB15
:100D4000BBF1000F30D1002E45D1A4F57F44FF3C0C
:100D5000B4F5803F4744E2D2EA6D161AB6FBF2F3CF
:100D600002FB1366A64228BF2646002E75D182429A
:100D700000F08D80B4FBF2F602FB06F62EB9002CD3
:100D800079D1002025B0BDE8F08F002331463846E8
:100D9000CDE9003302AA00F0A7F9002800F0958001
:100DA000012025B0BDE8F08F002359464846CDE923
:100DB000003302AA00F098F90028F1D15A462846DB
:100DC00002A900F0EBF90028EAD1A6EB0B06286E89
:100DD000D944002EB9D019304946324605EB80007F
:100DE000FFF7E2FAA4F57F44286EFF3C3044B4F5E7
:100DF000803F4744286692D2AEE7424528BF42462C
:100E0000164639465044FFF7CFFA286EEB6D304452
:100E1000834207EB06092866A8EB06068CD1802BD7
:100E200028BF802351461A4604A8FFF7BDFA0023C5
:100E3000E96D02AACDE9003304A800F055F90028B5
:100E4000AED12846EA6D02A900F0A8F90028A7D182
:100E5000EB6D286670E70120704705F164033946A1
:100E600032461844FFF7A0FA286EEA6D3044A41BFE
:100E7000374428667BE72B6E2246193305EB830047
:100E80003946FFF791FA2B6E23442B6679E7802AC7
:100E900028BF802205F1640104A8FFF785FA00232A
:100EA000E96D04A8CDE9003302AA00F01DF900287D
:100EB0007FF476AF2846EA6D02A900F06FF90028AA
:100EC0007FF46EAFEA6D286654E73246284602A9E1
:100ED00000F064F900287FF463AF3744A41B4EE7A9
:100EE000F8B51C460546114816460F46FFF744FE66
:100EF00021460E48FFF75AFE044620B10B48FFF783
:100F00004FFE2046F8BD3A4629460848FFF762FEE4
:100F100004460028F2D131460448FFF785FE044616
:100F20000248FFF73DFE2046F8BD00BF343E0020DA
:100F30001C2370B582B001A90546019300F032F878
:100F4000044638B9019B1C2B07D0144C1C212846A1
:100F5000FFF72EFA204602B070BDD5E90112131E2C
:100F600018BF0123003918BF0121012628689B0002
:100F7000EA6843EA4103002818BF43F00103EE6129
:100F80002AB9C5E90834002BE4D1054CDEE7204638
:100F900043F00803C5E9083402B070BD370CF00017
:100FA0000E0CF000034618B111B10A681C2A01D0DA
:100FB000012070474FF47F02D2F8101C01310CBFA2
:100FC00040F2DC51D2F8101C4FF47F020160D2F8DD
:100FD000141C01310CBF40F2DC51D2F8141C4FF448
:100FE0007F024160D2F8181C01310CBF40F6340179
:100FF000D2F8181C4FF47F028160D2F81C1C01311A
:101000000CBF40F63401D2F81C1C4FF47F02C160C3
:10101000D2F8001C01310CBF9021D2F8001C4FF413
:101020007F020161D2F8041C01310CBF5121D2F8BA
:10103000041C4FF47F024161D2F8081C00200131EA
:101040000CBF40F23732D2F8082C9A61704700BFCB
:10105000014608B54FF48060FFF724F90022034BE6
:10106000C3F8C821C3F82C2108BD00BF005084502C
:101070000138072805D8DFE800F0100E040A040440
:10108000040607487047CB6800204B6270478B68A6
:1010900000204B6270474B68F6E70B68F4E700BF2F
:1010A000310CF1000B6802E0082B0B6006D8026AD5
:1010B00013424FEA4303F7D00020704700487047BF
:1010C000310CF100002310B5064C4FF48060C4F8D9
:1010D0002C31C4F8C431FFF7CBF84FF0FF33C4F81C
:1010E000083110BD005084502DE9F041002482B039
:1010F00015461E4601220DF107030746DDF8248040
:101100008DF8074000F05AFFD0B99DF8073004462B
:101110002F602B71B8F1000F0ED04EB10246089926
:1011200030460DF1070300F049FF48B99DF807303C
:10113000C8F8006088F80430204602B0BDE8F081AD
:101140004FF47504204602B0BDE8F081D8B108B56F
:101150000368012B04D0022B0FD043B10B4808BD0C
:1011600020220B490830FFF71FF9002008BD142288
:1011700008490830FFF718F9F7E720220649083038
:10118000FFF712F9F1E74FF4730070470100F30025
:101190004CA902008CA902006CA902002DE9F047BD
:1011A000002900F0EB800446002800F0EB80036883
:1011B00088469146002B00F0B580013B012B00F2E0
:1011C000C9804FF0FF3171484FF0020AFFF708F96C
:1011D000002840F0B1800020FFF732F907460028D0
:1011E00040F0B4806A4DD5F81069002EFBD14FF065
:1011F000FF30FFF73DF8D5F8040A20F40060FFF750
:1012000045F801230722C5F81838C5F82038C5F875
:101210000029C5F8C437C5F8A466A36CC5F8CC3757
:10122000E36CC5F8D037C5F8C0A723685BB1013BB4
:10123000012B18D8636AC5F85C36236AC5F858369E
:10124000E369C5F85436A269514BC3F85026626968
:10125000C3F84C262269C3F84826E268C3F844263E
:10126000A268C3F84026B9F1000F56D063684FF466
:101270000060012B04BF464AC2F8843698F8043057
:10128000D8F80010424A5B0003F00203C2F80C3B9E
:10129000C2F8281CC2F82C9CFEF7FEFF0746236804
:1012A00063B1013B012B19D8394BD3F85C2662623C
:1012B000D3F858262262D3F85436E361344BD3F87E
:1012C0005026A261D3F84C266261D3F848262261E9
:1012D000D3F84426E260D3F84036A360002201210F
:1012E0002B4BD3F8CC07A064D3F8D007E064C3F845
:1012F000C417C3F88426C3F8C827C3F81828C3F84E
:101300002028AFBB0120FFF79BF868BB1F48FFF701
:101310006FF818BB3846BDE8F08704221C4BC3F8B1
:10132000C827BCE74FF0FF3118484FF0010AFFF71C
:1013300057F800283FF44FAF1648FEF729F9002070
:10134000FFF77EF8074600283FF44CAF1248FEF73F
:101350001FF947E7114F3846BDE8F0871048FEF700
:1013600017F93846BDE8F0870E48FEF711F9CDE7CA
:10137000102104F10800FFF71BF8C3E70A4F3846B5
:10138000BDE8F0874FF47307C4E700BF480A0020A8
:101390000050845080A8020098A802000100F300C9
:1013A000D8A80200B8A802000300F300A0B30346C7
:1013B00070B4D0E90240D3E9041226BA05BA0CBAD7
:1013C00010BAC3E90440D3E90612986A09BAC3E91E
:1013D000026512BA996100BAD3E9084125BA0CBA7C
:1013E000C3E90725D3E90B12C3E9094009BAD86B51
:1013F00012BAD962D3E90D4125BAC3E90C250CBA5A
:1014000000BAD3E9101209BA12BAC3E90E4019643E
:1014100000205A6470BC70474FF47300704700BFDF
:1014200070B500284DD0436B0446032B3CDD063BD2
:10143000012B3BD8A36B012B3BD8E36D012B3DD88F
:10144000236E012B41D8224ED6F81059002DFBD126
:101450004FF0FF30FEF70CFFD6F8040A20F40060CE
:10146000FEF714FF0123C6F80039C6F8BC54636BBD
:1014700023F00402032A18BFA16B226B0CBF29467C
:1014800001F00101022A17D89B0003F01C0343EA74
:1014900002330F4A0B43C2F8C034636B072B06D1EB
:1014A0000123C2F87C3402E0002BC3DA094D284640
:1014B00070BD094D284670BD084DF8E7084D284617
:1014C00070BD4FF47105284670BD064DEFE700BFB3
:1014D000005084500100F1000200F1000600F1000C
:1014E0000300F1000400F10000287DD038B590F829
:1014F0003C300446002B55D0022B23D03C483D4DB8
:101500002A683D4B1268C3F800242A685268C3F861
:1015100004242A689268C3F808242A68D268C3F8A9
:101520000C242A681269C3F810242A685269C3F887
:1015300014242A689269C3F818242A68D269C3F867
:101540001C2438BD016B006C00F032FB294D0028D3
:10155000D6D12A68284B1268C3F800242A6852683A
:10156000C3F804242A689268C3F808242A68D26859
:10157000C3F80C242A681269C3F810242A68526937
:10158000C3F814242A689269C3F818242A68D26917
:10159000C3F81C24216B206C00F020FB0028AFD185
:1015A000002038BD0269144BC3F800244269C3F817
:1015B00004248269C3F80824C269C3F80C24026BAE
:1015C000013A012AECD8026AC3F81024426AC3F82F
:1015D0001424026B022AE3D1826AC3F81824C26A77
:1015E0000020C3F81C24DCE74FF47100704700BFF3
:1015F0000900F100340A002000508450114A124BB7
:1016000011680968C3F8001411684968C3F8041424
:1016100011688968C3F808141168C968C3F80C1404
:1016200011680969C3F8101411684969C3F81414E2
:1016300011688969C3F818141268D269C3F81C24A8
:10164000704700BF340A0020005084502DE9F04F4D
:1016500085B0002958D01746002A55D004460028E6
:1016600000F0DC809846C36D0E46002B42D1B8F5E1
:10167000805F44D294F83C30042B00F0C7804FF0D8
:10168000000A4FF0FF31B548FEF7AAFE002840F0EF
:10169000B9800020FEF7D4FE002840F0AF804FF064
:1016A0000109DFF8BCB22046CBF81098CBF820989F
:1016B000FFF7B6FE054620B92046FFF715FF0546A1
:1016C00038B3BAF1000F40F085800022A44B01200E
:1016D000C3F81028C3F82028FEF7B2FE002840F017
:1016E00089809E48FEF784FE00287CD1284605B0FC
:1016F000BDE8F08F012BBDD1B8F5803FBAD3994D2D
:10170000284605B0BDE8F08F974D284605B0BDE8E6
:10171000F08F636B072B00F2CA8009FA03F919F006
:101720008A0F40F0D38019F0440F40F0C28019F0C6
:10173000010F00F0BC8033793A795B0002F00102BE
:1017400003F002031343864A31683868C2F80C3B41
:10175000636B23F00403032B0AD0236E012B0BBF12
:10176000C2F8280DC2F8300DC2F82C8DC2F8348DA5
:10177000E36D4FF40060012B794B0BBFC3F8281CBD
:10178000C3F8301CC3F82C8CC3F8348CFEF784FDEE
:101790000546002895D1626B072A15D8012393408E
:1017A00013F08A0F40F09F8013F0440F0CD06C4B65
:1017B000D3F860242260D3F864246260D3F86824EC
:1017C000A260D3F86C34E3600123A365BAF1000F83
:1017D0003FF47BAF0423202104F1100084F83C3057
:1017E000FEF7E6FD71E76148FDF7D2FE284605B039
:1017F000BDE8F08F5E48FDF7CBFE72E75D48FDF770
:10180000C7FE4CE75C48FDF7C3FE42E7216B206C46
:1018100000F0B8F928B14FF0010A32E74FF4710532
:1018200064E7DFF858914E4DD9F800301B68C5F8D1
:101830000034D9F800305B68C5F80434D9F80030BA
:101840009B68C5F80834D9F80030DB68C5F80C345B
:10185000D9F800301B69C5F81034D9F800305B693D
:10186000C5F81434D9F800309B69C5F81834D9F894
:101870000030DB69C5F81C34216B0229CBD8236DFD
:101880004FEAC10A0193E36C0AF1100A04F1100B4C
:101890000093CDF80CA0CDF808B0206CD4E911234A
:1018A00000F09CFA68BB002384F83C30B3E7344D69
:1018B00007E72368CBF860346368CBF86434A36827
:1018C000CBF86834E368CBF86C3434E72368CBF8A2
:1018D00040346368CBF84434A368CBF84834E368F9
:1018E000CBF84C3427E71E4BD3F840242260D3F8C2
:1018F00044246260D3F84824A260D3F84C34E360F7
:1019000062E7D9F8003051461B685846C5F80034E4
:10191000D9F800305B68C5F80434D9F800309B680A
:10192000C5F80834D9F80030DB68C5F80C34D9F8AC
:1019300000301B69C5F81034D9F800305B69C5F870
:101940001434D9F800309B69C5F81834D9F8003040
:10195000DB69C5F81C34FEF72BFDA4E7480A00201C
:10196000005084500500F1000B00F100D8A80200DF
:10197000B8A8020098A8020080A80200340A00203B
:101980000100F1002DE9F04701B3FAB10446002847
:1019900054D01D46436B0E46072B1BD05DB9032B5D
:1019A00010D1836D73B945668566C56605671025D8
:1019B00000F164030B602B4631462046BDE8F0473A
:1019C000FFF744BE2F463846BDE8F087644F3846DF
:1019D000BDE8F087C36DA3BBB5F5805F36D20DB906
:1019E000A36D9BBB4FF0FF315E48FEF7F9FC00286A
:1019F0004CD10020FEF724FD002843D14FF0010810
:101A0000DFF864912046C9F81088C9F82088FFF7EC
:101A100007FD0746E0B10022534B0120C3F8102810
:101A2000C3F82028FEF70CFD40BB4E48FEF7E0FC53
:101A30000028C8D04D48FDF7ABFDC4E74FF471074F
:101A4000C1E7012BCBD1B5F5803FC8D3484FBAE7EA
:101A50002046FFF749FD07460028DCD1636B072BC2
:101A60000AD808FA03F818F08A0F13D118F0440FB7
:101A70005AD118F0010F19D13E4FCCE73E48FDF77F
:101A800087FDD2E73D48FDF783FDB7E73C48FDF70A
:101A90007FFDAEE72368C9F840346368C9F8443471
:101AA000A368C9F84834E368C9F84C3401212E4AC8
:101AB000C2F87C14C2F8BC54337930688B4003F010
:101AC0000203C2F80C3BE5B9A36D0BB9C2F82415AB
:101AD000626B072A9FD80123934013F08A0F30D1FD
:101AE00013F0440F97D0204BD3F860242260D3F832
:101AF00064246260D3F86824A260D3F86C34E36095
:101B000089E7E36D012B0BBFC2F8280CC2F8300C3B
:101B1000C2F82C5CC2F8345C4FF40060FEF7BCFBEA
:101B20000028D5D0074676E72368C9F86034636893
:101B3000C9F86434A368C9F86834E368C9F86C3438
:101B4000B4E7094BD3F840242260D3F84424626000
:101B5000D3F84824A260D3F84C34E3605BE700BFBD
:101B60000B00F100480A002000508450D8A8020061
:101B70000500F1000100F100B8A8020098A80200D9
:101B800080A802007F2809D851B10139022909D85B
:101B900005497F280CBF084600207047024870475F
:101BA00008467047014870470100F7000300F7003E
:101BB0007F2809D851B10139022909D805497F2860
:101BC0000CBF08460020704702487047084670471F
:101BD000014870470100F7000300F7000129F0B445
:101BE00007D0022900F0898000295AD07248F0BC41
:101BF00070470022714C724B4FEAC00CC4F80015BC
:101C0000451C0CF57F04C3F8082104F50444C3F80F
:101C10000021C3F80421C3F800556A4E2468B44279
:101C200040F0B380196002E0002940F0B580D3F89D
:101C30000021D3F80841D3F804112243F4D0002C3A
:101C400040F0B180002940F0A78001245B4AC3F82E
:101C500000150230C2F800455B4AC3F80811C3F80A
:101C60000011C3F80411C3F8000552F80C00574ADC
:101C7000904240F08E80524A1C6002E0002840F002
:101C80008B80D2F80031D2F80811D2F804010B434E
:101C9000F4D0002940F08C8000287DD1C2F80005E6
:101CA00028E00124464BC200444E204402F57F0246
:101CB000C6F8004502F50442C3F80811C3F8001144
:101CC000C3F80411C3F800053E4D1268AA4260D162
:101CD0001C6001E000285FD1D3F80021D3F808117F
:101CE000D3F804010A43F5D000295CD1002853D170
:101CF000C3F800050020F0BC704701250022304BDE
:101D00002E4F4FEAC00C44190CF57F01C7F800555F
:101D100001F50441C3F80821C3F80021C3F80421E8
:101D2000C3F80045274E0968B1422ED11D6000E07E
:101D300091BBD3F80021D3F80841D3F80411224312
:101D4000F6D084BB41BB01241C4AC3F80015023005
:101D5000C2F800451C4AC3F80811C3F80011C3F8C3
:101D60000411C3F8000552F80C00184A904210D133
:101D7000134A1C6000E078B9D2F80031D2F808119B
:101D8000D2F804010B43F6D083E7C3F800251048CE
:101D90002DE7C3F80015FAE70022094B0D48C3F8F8
:101DA0000025F0BC70470022C3F800250A481EE752
:101DB0000023C2F80035F9E70C00F1000040845020
:101DC00000900350005484500884FF001054845045
:101DD0000600F7000200F7000100F7002DE9F047C8
:101DE0000024CCB0824689461646214674220EA8AD
:101DF0001F46579DDDF8588107F060FB8022214681
:101E00002CA82B9407F05AFB8423B5F57F6FCDE9FE
:101E10000A440D940C94059364D8FFF7EFFB05ABCF
:101E200030462BAE01933946DDE9542302950096E6
:101E300000F064F8002850D1022307228DF81330F7
:101E40009DF813301B928DF8743000220123012479
:101E500010211C900EA8CDE92423CDF86890CDF870
:101E600078A02694FEF7A4FA10220DF12009009222
:101E7000304605990AABCDF8049006AAFFF734F96D
:101E8000074688B11EE0102D2E4628BF10260EA949
:101E90003246FEF789FA10210EA8FEF789FA0134BE
:101EA000AD1B3744E4B222D0059B4A4606A90EA8D2
:101EB0008DF8AC40FFF766FD034608EB0700002BEA
:101EC000E1D01F460EA874220021FEF76FFAFFF73B
:101ED00095FB38464CB0BDE8F087064F38464CB00D
:101EE000BDE8F087044F38464CB0BDE8F0872F4678
:101EF000E8E700BF0E00F1000F00F1002DE9F0410E
:101F0000002482B00A9D0194B5F57F6F40D8ED00A2
:101F1000B5F5807F1E4634BF0323042301F1FF3C47
:101F2000BCF13F0F0C46009332D888B3174666BB0E
:101F3000089A6AB3099A116851B3A21913449942D5
:101F400026D3089B01462246581CFEF72DFA089B13
:101F500004F102081C440023637026BB089BFF2D7C
:101F6000009503EB080017D92B029BB243EA152317
:101F7000022201A90193FEF717FA08F102030020DB
:101F8000099A136002B0BDE8F0810AB1402ECFD9A2
:101F9000094802B0BDE8F08101226946FEF704FA63
:101FA00008F10103EBE7089B324603EB08003946D2
:101FB000FEF7FAF9B044D1E706000080002018705F
:101FC000704700BF08B5054B044613B10021AFF3BD
:101FD000008000F011FB2046E6F754FE00000000F0
:101FE000F8B50E4B06461D68AB789B0712D56F6897
:101FF00016F8014B29462CB90A20B847002805DB02
:10200000204609E02046B8470028F1DAAB7843F0D3
:102010000403AB704FF0FF30F8BD00BFF4A0020026
:102020000CB430B589B005460C461C22002101A82D
:1020300007F044FA022305958DF806300D4B029304
:1020400023462CB1B4F1004F28BF4FF00043013BB1
:102050001D440DAA0C9901A80695009200F072F893
:1020600014B1059B00221A7009B0BDE8304002B0DF
:10207000704700BFF5950200242AF0B5044601D848
:10208000012A40D12E4B162207F0BCFA1A5001B19A
:102090000C600020F0BD2F463D4615F8010B2028AE
:1020A000F9D0A0F109060346042EF4D92B282CD030
:1020B0002D282CD10126BD1C7B78302B2DD12878E2
:1020C00040F02000782824D132F0100021D16B7824
:1020D0002C46102202350020392B82BF03F1FF333A
:1020E00043F02003263B303B9A421AD9A0FB02045E
:1020F0000CB9C01801D346F002062F462C4617F83B
:10210000013B3D46E8E70746C6E70026D3E7002641
:10211000D3E7002A08BF0822DDE7002A08BF0A2209
:10212000D9E701B10C60F20748BF4042B307B1D50F
:10213000034B222207F066FA1A504FF0FF30A9E74E
:102140000C0000002DE9F04F43688DB01546804625
:10215000029383789A0740F10D8100240E78002EB7
:1021600000F00A81252E0BD04B1C0393013441460D
:102170003046029B98470028C0F2F6800399EDE7AD
:102180004E788B1C252E0393F0D00027B946BB4612
:10219000BBF11F0F38D8A6F12003102B0AD8DFE8B7
:1021A00003F02A0909300909092109090928092D1B
:1021B00009091F00A6F13003092B33D92A2E37D184
:1021C0001BF0400F55F8043B40F08280002BA7BF66
:1021D0004BF0200B9946C3F100094BF0280B01E0AE
:1021E0004BF0010B039B13F8016B0393002ECFD12F
:1021F00030E04BF0020B4BF0040BF3E74BF0080B15
:10220000F0E74BF0100BEDE7BBF17F0F19D8A6F10B
:102210003003092BD2D81BF0400F03D00A2101FB59
:102220000737DFE70A214BF0200B01FB0939D9E71B
:102230002E2E06D11BF0400F40F09E804BF0400B3D
:10224000D0E76C2E31D02BD8682E36D06A2E3CD0F9
:102250004C2E3AD0002F46F02003B8BF2BF040029E
:10226000A3F16501BCBF00271FFA82FB022901D937
:10227000612B2FD107350727DFF8ACA225F0070522
:1022800008351BF0080F66D00AEB070B56465E4573
:1022900063D1A4EB0A0AA9EB070906EB0A026FE176
:1022A000742E9FD07A2E9DD0D4E71BF0800F18BFDC
:1022B0004BF4007B4BF0800B94E71BF4807F18BF3E
:1022C0004BF4007B4BF4807B8CE74BF4207B89E75D
:1022D0001F4687E7A6F16301122900F2F080DFE8CC
:1022E00011F013004F00EE00EE00EE00EE004F0084
:1022F000EE00EE00EE00EE00EE00FE00E900EE0063
:10230000EE001B00EE00AF0055F8043B01270DF175
:10231000180A8DF81830B4E755F804AB834BBAF1BE
:10232000000F08BF9A461BF0400F504614BF3946B5
:102330004FF0FF3107F0FCF80746A2E741462020A6
:10234000029B984700280FDB013EB742F6D34C446E
:10235000B146A41B98E74E46F7E7414616F8010B35
:10236000029B9847002892DA98F8023043F0040361
:1023700088F802304FF0FF3420460DB0BDE8F08FF2
:102380001BF0800F34D01BF4007F2CD0073525F0D4
:102390000705AA4669685AF8080B2BF010050029B2
:1023A000ADB237DA404245F4806561EB41010DF191
:1023B000180B0A235A4607F0C7F8A0EB0B0301934A
:1023C0006B0662D5019B25F001019F4289B240F363
:1023D000A180002E00F0998015F0100240F09C8042
:1023E000BB460D4623E0AA465AF8040BC117D4E7B2
:1023F000AA461BF4807F5AF8041B01D10846F5E772
:102400001BF4007F19BF48B241F3C01108B241F379
:10241000C031C2E750EA0103C9D11BF0400FC6D05A
:10242000002FC4D12BF01102BB46019795B240F2A8
:10243000064115EA01021CBF0BF1010B00222CE042
:102440002BF010020A231FFA82FB1BF0800C49D0EC
:102450001BF4007115BF0735AA4625F007055AF889
:10246000040B1EBFAA4669685AF8080B50EA01051A
:1024700045D12BF016051BF0400FADB242D0002F16
:1024800040D12BF01702019795B215F0100248D0F9
:10249000019B002E42D103F1010B29075AD4EB070F
:1024A00006D5D9456FDDA9EB0B030199CB465F1823
:1024B0005B4649E04BF0100B10237826C5E7782BDC
:1024C00004D1C6F1780343F01003BEE7414625204E
:1024D000029B98470028FFF647AF023447E60823DF
:1024E0000026B2E7AA461BF480715AF8040BBDD04F
:1024F0001BF400711ABFC0B2614680B2B6E72BF080
:10250000060295B20DF1180B54E725F01105BB46F4
:10251000ADB28CE70D46B8E73B460D4603F1020B22
:10252000BBE7DDF804B082E75B2A0300542A03000E
:10253000CDE9043241462020029B98470028FFF64F
:1025400013AF049B059A01339945F1DCA4EB0B0111
:102550009B46CC180AB341463020029B984700287E
:10256000FFF602AF8EB901342744391B019B994213
:1025700024DC1D4655BB019AA9EB0B0955462244A4
:102580001446914433E0019F92E7023441463046BD
:10259000029B98470028E7DAE6E640F206410D4242
:1025A000E2D015F0020F04F10104414614BF2B20C4
:1025B000202015F4806F18BF2D20E9E74146302018
:1025C000029B013498470028CFDACDE606AB013DE7
:1025D0004146585D029B98470028CBDAC4E6414645
:1025E0002020029B013498470028FFF6BDAEA9EBDE
:1025F0000403002BF3DCC1E538B5074D074C641B21
:10260000A41024B9064B0BB1AFF3008038BD013CD8
:1026100055F824309847F4E700000000000000005F
:1026200000000000704701F0B9BB01F0AEBBDFF75E
:1026300037B90023E3F70CBE10B483681422DC68BA
:102640004CF25033A44610BC604770477047704747
:10265000F0B50E248C400734B3EBD40F07464FEA95
:10266000D40001D20020F0BD012303FA01F10023C0
:102670001C461D4612F8016B46EA042403F10806C5
:102680000D2E13DD063B24FA03F6C6F30D06B6F550
:10269000405FE7D827F815600135A942EAD84FF026
:1026A000FF3202FA03F39C43DDD0DBE73346F4E765
:1026B000844601202DE9F04100FA01F103B3002521
:1026C0002E4628462F46145C013044EA062626FA98
:1026D00005FE0EF07F0435B9984211D2155C013029
:1026E00045EA06260825013D26FA05F818F0010FEF
:1026F00008D18034B4F5006FEDD301E09842E2D305
:10270000002011E01EF0800F02D0002CF8D06442AF
:1027100024B22CF817400137B942EFD14FF0FF3304
:10272000AB4036EA0303EBD1BDE8F0812DE9F0417F
:10273000ADF5805D84B01F460DF581530C33144612
:102740001A68804616780D46092E06D04FF0FF30E5
:102750000DF5805D04B0BDE8F0814FF46073314643
:1027600001320DF58260FFF773FFB0F5607FEDD1A8
:1027700031460DF5826000F08DF8002CE6D023463E
:102780002A4631460DF54160FFF792FF0028DDD063
:10279000844208D040F271239C42D7D12C18631B8D
:1027A000B3F51C7F2CD903A800F0E2F9282241469A
:1027B00003A800F0EBF90DF581539A68394603A898
:1027C000083304AC00F0E2F903A800F0E5F9234671
:1027D00009220DF5016103A8E0F72AF803A800F02B
:1027E000E4F9092300940DF582620DF541610DF5C0
:1027F000016000F05AF8B0FA80F040094042A7E7C3
:1028000014F8013B002BCAD0A0E7282913B50FD933
:102810000478392C0CD1049CCDE900341346A1F185
:10282000290200F129010130FFF780FF02B010BD3D
:102830004FF0FF30FAE742F6FF7343F201024843DC
:1028400043439BB202FB0300C2EB104302EAE37076
:102850001844704738B5022504468D400544208849
:1028600042F6C821FFF7E7FF24F8020BA542F6D194
:1028700038BDF8B501260F4600259640841E37F86E
:10288000151034F8020FFFF7D6FF0135AE42208055
:10289000F5D1F8BD38B504460D46E0F713F92946E1
:1028A0002046BDE83840FFF7D5BF2DE9F8434FF08B
:1028B000010807461D4608FA03F80E469146002314
:1028C00043F20100089C36F9131000EAE1720A4451
:1028D00024F8132001334345F5D129462046E0F77B
:1028E000F1F82A4649462046FFF7C3FF294620460D
:1028F000E0F77EF8002243F2010CA11E37F8120027
:1029000031F8023F01321B1A0CEAE37003444245DE
:102910000B80F3D10223224643F20107AB4023444C
:102920001188C1F5C05007EAE070091A22F8021BAD
:102930009342F5D12A4631462046BDE8F843E0F7F8
:1029400035B8C82210B50021044606F0B7FD0022B4
:102950000023C4E9322310BD2DE9F0470D4690460F
:10296000994600260027D0E9322319EB020243F1F1
:102970000003AA4273F1000340D200221546D0E9B9
:10298000323191453CD819EB030341F10001C0E914
:102990003231BDE8F0870C1943F100034FEAD40C43
:1029A00004F007044CEA437CE40018F80130A4F179
:1029B000200AC4F1200223FA02F200EBCC0E03FA43
:1029C0000AFA4AEA020A03FA04F450F83C20DEF854
:1029D0000430624083EA0A0340F83C200131CEF81B
:1029E0000430D0E932432A1B8A42D4D8641BC0E9A0
:1029F0003267A1449044E0F7B5F8B4E70021F0E76E
:102A0000D3184FEAD30403F0070318F8026045EB2C
:102A10000101DB0044EA4174C3F1200CA3F1200161
:102A200026FA0CFC00EBC40706FA01F141EA0C019E
:102A300006FA03FC50F834607B6886EA0C064B40CB
:102A4000013240F8346045F100057B6097E7F0B54E
:102A5000D0E93235DC0803F00703DB0044EA4574B3
:102A6000C3F12006A3F1200522FA06F600EBC40705
:102A700002FA05F535439A4050F834607B68013915
:102A800056406B4021F0070140F8346001447B6000
:102A90004B68002203F100434B600023C0E932235E
:102AA000F0BD2DE9F8430026984617463346D7E98E
:102AB0003242B142054603D9A64273EB020C0BD356
:102AC000A41BA1EB060962EB0302C7E93242B9F18C
:102AD000000F27D1BDE8F883B8EB040462EB420293
:102AE000A41943EB02024FEAD40C4CEA427C07EBF8
:102AF000CC0E04F0070457F83C20DEF804E0E500B3
:102B0000C5F1200CA5F12004EA400EFA0CFC42EAC3
:102B10000C022EFA04F42243013600F8012B43F193
:102B20000003C4E73846E0F71DF8002424F007014D
:102B3000E308394404F007024E68D20057F83330F6
:102B4000C2F12000A2F12001D34006FA00F00343B5
:102B500026FA01F10B432B550134A14501D0A045C4
:102B6000E4D12544A9EB04090022A8EB0404ACE756
:102B700010B50446D020E6F7D5F8206010B96F20D4
:102B8000FFF720FABDE81040FFF7DBBE13460068F0
:102B90000A468821FFF7E0BE1F2288210068FFF760
:102BA00056BF88231268FFF77CBF0068E6F7D4B8E9
:102BB000836800EBC101B3F5004F2CBF51F8220030
:102BC00031F81200704700EBC1018068B0F5004F8A
:102BD0002CBF41F8223021F812307047012208B58D
:102BE000FFF7E6FFD04008BD836800EBC101B3F5F5
:102BF000004F08D34B681AB143F001034B60704794
:102C000023F00103FAE74B881AB143F001034B802C
:102C1000704723F00103FAE753000122FFF7D3BF07
:102C20008368B3F5004F34BF04230823C91A081A78
:102C3000C00870478368481CB3F5004F34BF0423B5
:102C400008230833A0EBD300B0FA80F0C0F11F00D6
:102C500070472DE9F041174603220E460446FFF760
:102C6000A7FF8642054607F104080AD10122E3685E
:102C7000BA4023EA0203E360002344F82830BDE8A9
:102C8000F081314602222046FFF792FF06462B468E
:102C900001460322204644F82850FFF794FF3346AC
:102CA00029462046BDE8F0410222FFF78CBF70B5EF
:102CB0000D4686680446FFF791FFB6F5004F0146C2
:102CC00001D3012809D02046FFF7B4FF2946024668
:102CD0002046BDE87040FFF7BCBF70BD2DE9F0474E
:102CE0000546FFF7A7FF05EB800ADAF81090884643
:102CF0000646B9F1000F1BD00327DAF8104028462A
:102D00002146FFF76BFF404507D332462146284650
:102D1000FFF79FFF2046BDE8F087032221462846A3
:102D2000FFF746FF013FCAF8100001D08145E4D10A
:102D30004FF0FF34EB680136B4401C40EAD094FAFF
:102D4000A4F2B2FA82F2131D55F82340DEE72DE912
:102D5000F04114460E460546FFF740FFA4EB060877
:102D6000371B0744424631462846FFF755FF3A468F
:102D700021462846FFF750FF4346002221462846B9
:102D8000FFF721FF21462846FFF728FF3B46211881
:102D900000222846BDE8F041FFF715BF2DE9F041BC
:102DA000164604460F46FFF719FF314605462046F2
:102DB000FFF714FF05442A4639462046FFF72CFF4B
:102DC00031462046FFF70AFF2B46311800222046E5
:102DD000BDE8F041FFF7F7BE2DE9F0410D468668EA
:102DE0000446FFF7FBFEB6F5004F014601D301286C
:102DF00032D02046FFF71EFF04EB80010E6996B922
:102E00000122E36882401343E36002220D612B46F6
:102E100029462046FFF7D7FE032229462046BDE873
:102E2000F041FFF7D0BE022231462046FFF7C0FE38
:102E30000746034629462046FFF7C5FE03223346D0
:102E400029462046FFF7BFFE39462B462046FFF7AE
:102E5000BAFE02223146E1E7BDE8F081F8B50C4642
:102E60000546FFF7BBFE2618012231462846FFF72C
:102E70009FFEC3070CD431462846FFF718FF2146B2
:102E80002846FFF7ABFE214622182846FFF786FFAB
:102E9000002221462846FFF78BFE271A01223946D9
:102EA0002846FFF785FE10EA020613D13946284668
:102EB000FFF7FDFE214632462846FFF779FE2246FF
:102EC000211A2846FFF76AFF214632462846FFF7B7
:102ED0006FFE241A21462846BDE8F840FFF77CBF64
:102EE00070B5056809B9002070BDAB6801F0070432
:102EF000B3F5004F2CBF0822042207341444E40821
:102F000004EBD1049C4228BF1C4628462146FFF70B
:102F1000E5FE06460028E6D001462846FFF75EFE9D
:102F2000A04209D93444314628462246FFF70FFF14
:102F300021462846FFF750FF284601223146FFF779
:102F400053FEAB68B3F5004F34BF0423082303EBF3
:102F5000C6031844C8E71146FFF7C2BF2DE9F04782
:102F600006460D46174698462BB34FF0000A98F8D0
:102F7000004093F80190DB78A40004EB430498F838
:102F800002301C444444CA4509D339463046AC4655
:102F9000D8F8042008F10803BDE8F047604714F8AA
:102FA000013B0AF1010A204648F82340DDF7C8FF3B
:102FB00001300444E7E76FF01500BDE8F08770B515
:102FC000002502462846144614F8013B0BB9184662
:102FD00009E098B18D4207D1702B04D0A3F14002D3
:102FE0003A2A0BD8002070BDA3F140063A2E05D82E
:102FF00053780135941C002BE9D00020252B224664
:1030000008BF80F00100DEE7002070470FB407B56D
:1030100004A951F8040B0191E1F774F803B05DF8CD
:1030200004EB04B07047002383F31188BFF36F8F64
:103030000423184602DF70470FB407B504A951F8FE
:10304000040B0191E1F75EF803B05DF804EB04B006
:10305000704710B50369024613F0080009D11368E0
:10306000D4689C429BBF0120526AE31AD31A0B60BA
:1030700010BD00231846FAE713B501A90446FFF76F
:10308000E8FF20B1019BE268013B13440193606AB1
:10309000019BC01A013802B010BD10B5044650188B
:1030A0002269636AD20702D5013B184010BD9842DD
:1030B00028BFC01AFAE710B504460A46C168FFF7F0
:1030C000ECFF2369E06023F00803236110BD38B5ED
:1030D0000D46026A8B00016843F00203044642F881
:1030E000213001682A46FFF7D8FFE36861689842FB
:1030F00008BF2369206008BF43F008032A46204622
:1031000008BF2361FFF7C9FF606038BD2DE9F74FA5
:10311000C768066A9B4606EB8703009316F82730BC
:10312000044603F00303022B884691464FF0000348
:103130000BD01360CBF8003023699B0713D44FF0FA
:10314000000A504603B0BDE8F08F56F82710136010
:103150008908CBF80030EFD0FFF7ADFFE368A3603C
:103160004FF0010AEDE7E36906EB8700984716F890
:103170002720054612F0010AE1D012F002021FD00A
:10318000B8F1000F03D041462046FFF7A0FF616869
:103190002A462046FFF781FFD4E902219142606070
:1031A00006D12A462046FFF778FF4FF0000AA060BC
:1031B000A2682260E260226942F008022261C0E750
:1031C000014620460192FFF776FFE368A360B8F15D
:1031D000000F04D02168236A019A43F8212005EBEF
:1031E0000802CBF8002021682046FFF756FF23692C
:1031F000206043F00803236116F827306FF30003C3
:1032000006F82730009BC9F80030A9E770B50446DE
:103210001546FFF742FF2368834205D123692160E9
:1032200023F00803236170BD226AAB0043F0020360
:1032300042F8213061682A462046FFF72EFF606081
:10324000F1E738B5036904465B0706D5856AFFF7E1
:1032500013FF85422CBFA562A06238BDF0B5642380
:103260000546042600200A2769B9F0BD9A42B2FB40
:10327000F3F40CD2012B0AD048B903FB14220A2420
:10328000B3FBF4F3D2B2013EF0D12E70EDE730344F
:1032900005F8014BB2FBF3F403FB1422B3FBF7F385
:1032A00001390130C9B2C0B2D2B2DBB2DCE7A0F161
:1032B0003003DBB2092B02D800200B707047A0F15D
:1032C0006103052B02D85738C3B2F5E7A0F14103DB
:1032D000052B01D83738F7E76FF015007047F7B5C1
:1032E000054601F0010000EB51069E424FEA5107EE
:1032F00003D90026304603B0F0BD58B128780DF14F
:103300000701FFF7D4FF0028F3DB9DF807300135F4
:1033100002F8013B01351744BA42EBD015F8010C15
:103320000DF10701FFF7C3FF0028E2DB9DF807401E
:103330002401E4B2147015F8020BFFF7B8FF00285F
:10334000D7DB9DF807301C4402F8014BE4E7838B80
:1033500013F0070305D10368002B0CBF00200320E6
:103360007047022B05D1C08BB0FA80F04009800075
:103370007047012B05D10368002B0CBF00200520EE
:1033800070470020704710B50C4600B111B96FF0BE
:10339000150010BD081D00F02FF80028F9D1A36812
:1033A000032BF6D9F3E72DE9F0410D460746194600
:1033B000281D90461E46E1F7A5FC044638B1334669
:1033C000424629463846A446BDE8F0416047BDE87C
:1033D000F08138B50C46054658B151B10B6843B180
:1033E0004B6833B12022002106F068F800202C61E0
:1033F00038BD6FF01500FBE7034640B1426802F0AC
:103400000302022A06D0032A04D0012A05D06FF055
:10341000150070471A68002AF9D00020986070479C
:10342000704770B4C66804680D0C06FB0544806ADA
:1034300014FA81F184682468A44670BC60472DE9C1
:10344000F0430646884617461C46C36A89B01D6885
:103450006D4205F020051CB9204609B0BDE8F08397
:10346000AC42A14628BFA9466A464B464146304673
:10347000FFF7D7FF0028F0D16B46484502D1241A48
:103480008044E8E713F8012BBA4201D10130F4E798
:103490000120E2E70B6803F580330B60008A1A0C09
:1034A000B0EB134F04BFA3EB02430B60704700F077
:1034B0006CBC38B5C26803680D0C090C044602FBED
:1034C0000131806A2D0400F044FE50B9E26A2946B9
:1034D0002046E3685279FFF7B2FF002818BF6FF06B
:1034E000050038BD014610B507220446FF20F1F75C
:1034F000D7F9E07110BD0368012B81BFC91801F134
:10350000FF315B421940084670472DE9F0410C46F7
:1035100005460821C06AFFF7EEFF0722074621464D
:10352000FF206688B4F80480F1F7BAF9E3798342A2
:1035300008D1E8684644C01BB04294BF0020012077
:10354000BDE8F0810020FBE738B505460C46FFF7E3
:10355000DCFFA0B1A08898B94FF6FF7322889A4289
:103560000DD10821E86AFFF7C6FF6288EB689B1A55
:10357000B3FBF0F202FB1030B0FA80F0400938BD26
:103580000020FCE7F7B504460D46C06A0821FFF7A6
:10359000B2FF0823074629682046FFF742FF064688
:1035A000002836D12B683B442B60E26899B2D21BCD
:1035B00091422ED11A0C09BF228AA3F5803102F163
:1035C000FF3203EB0241204608236A462960FFF7D9
:1035D00028FFE8B9E36A5A796B4613F8011B8A425F
:1035E0000CD101300828F8D1636805E02B68BDF8DC
:1035F00002201B0C1B0413442B600AE06946204682
:10360000FFF7A2FF0028F1D129462046E1F7A6FBEB
:103610000646304603B0F0BD2DE9F043074690461C
:103620001C4689B01BB9002009B0BDE8F083FD68D5
:103630003B68080C05FB003313FA81F6FB6A1D6832
:103640006D4225400CD0B86A83683146D3F80490A7
:103650002B46C8470028E7D1641BE4D02E44A84479
:1036600022464146684605F002FFFD6A0DEB040064
:103670002A686979121B05F021FFB86A2B688268F5
:10368000314654686A46A047CEE710B50A4608237B
:1036900041680446FFF7C0FF08210246E06AFFF7D1
:1036A0002AFF63681B1A6360104610BD4FF6FF7354
:1036B00013B500220446ADF800308DF8063083685B
:1036C0006846ADF80420ADF80230FFF70BFF6946FD
:1036D0002046FFF7DAFF02B010BD2DE9F04F0821B8
:1036E00095B00446C06AFFF706FF054663682046AA
:1036F0001B0C1B0403A90393FFF7CCFEDDF80CB0F1
:10370000E66806AA5E44761B0823314620460496E6
:10371000FFF787FE021EC0F2A980E36A06AA597964
:10372000002312F8010B814240F08F800133082BF7
:10373000F7D1A36862682B449A427ED2594620464C
:10374000FFF7B7FE024691E0BDF81A30360C36049A
:103750001E44049608AA204604A9DDF810A0FFF72D
:1037600011FF0246002840F08180204608A9FFF79B
:10377000CCFE18B9019B9A45ECD1DAE76368059352
:103780000AAA204605A9059EFFF7FCFE024600286E
:103790006CD1BDF82820BDF820309A4227D062684D
:1037A000059B9A42ECD15645E4D1BDF82430002B5C
:1037B000E0D0BDF822704FEA1A431B041F44A368EF
:1037C00008A8ADF82230FFF78DFEE36ABDF824901B
:1037D0001E68764206F02006B9F1000F0ED1204691
:1037E00008A9FFF752FF02460028C3D03EE020465A
:1037F0000AA9FFF78AFE0028D1D0D4E74E45B0468B
:1038000028BFC8460CAA434639462046FFF709FEA2
:10381000024658BB4346A1680CAA2046FFF7FCFEAF
:1038200041460246E06AFFF766FEA3680344A360D0
:10383000E2B9A9EB08094744CEE72046FFF736FF77
:10384000024600283FF47AAF10E0731B204606A919
:103850000193FFF779FE00287FF476AF204604A994
:10386000E1F77CFA024600283FF474AF104615B029
:10387000BDE8F08F00231A46E1F784BC13B500249D
:103880000094E1F755FD02B010BD0A46012100F099
:103890007CBA0369D3F8780370476FF085007047EE
:1038A000084608B5114618B104F0B9FA002008BD61
:1038B0006FF00100FBE7084608B5114618B104F0A7
:1038C000A5FA002008BD6FF00100FBE713B5044620
:1038D0000846216901F55D71D1E8AF1F022909D1C0
:1038E0005BB168B100931346D0E90912F5F7EEFA1F
:1038F00002B010BD6FF00F00FAE76FF04C00F7E771
:103900006FF00100F4E72DE9F8431C46DDE90853A8
:10391000164698460F46006939B34AB344B36A1C49
:1039200043F10003022A73F1000324D2226842B15A
:10393000D0F878339A4204D96FF00B002360BDE8C9
:10394000F88305EA080909F101035A425A41214660
:10395000384604F06DFA88B9B8F1FF3F08BFB5F1F9
:10396000FF3FF0D06FF06800E9E76FF00100E6E795
:103970006FF01500E3E76FF08500E0E730600020AE
:10398000DDE704F0BABA38B50D46044600F1480147
:103990002846DDF7C3FA30B1284604F1C001DDF74F
:1039A000BDFA20B90120782303FB004038BD002078
:1039B000FCE702F5307102F5347004F085BDD0F8F3
:1039C000B030A0F53070003B18BF012300EB83003E
:1039D000D0F8AC0204F0BBB9C86828B109698368A3
:1039E0001B680BB1002218477047F6F7ADBBD0E853
:1039F000EF3FC0E8E21F002AF9D1704710B54368D5
:103A000004691B68C4F8703304F5EC7004F0BEFC64
:103A1000002104F55D70FFF7EAFF084610BD2DE9AF
:103A2000F74317460D4691B30B7883B3D0F8C440E3
:103A3000A4F5E27914344FF0FF324FF0FF33204603
:103A4000F6F7B2FA2A46484601A9E1F7C1FD019E00
:103A500080462EB9204603B0BDE8F043FFF7C5BF4E
:103A600058B12046FFF7C1FF3B462A46314648463B
:103A700003B0BDE8F043E1F789BD1F22294606F1F6
:103A8000480005F045FD86F86780B766E2E703B0B9
:103A9000BDE8F083030103EB4003093323F0030384
:103AA00003EBC00348430330083320F003001844FD
:103AB000400070472DE9F84306464FF001080569BC
:103AC000D0F8049005F55D77D7E8EF3F022B03D1DE
:103AD000C7E8E28F002AF7D141D195F86C30002B6E
:103AE00040D195F8E430002B3CD12846D5F870132E
:103AF00000F054F8044680BB73683669D3E90501C9
:103B000083681B693BB322469847044628BB41465D
:103B100006F53470F7F702FBD6F8500305F5F87692
:103B2000E4F7B8FC3046D9F8001000F072F804460B
:103B300098B90146D022304605F0C0FC21464FF42A
:103B4000F672284605F0BAFC21463846FFF74FFFCB
:103B50002046BDE8F8836FF057040221F5E76FF0C7
:103B60007704F5E76FF00F04F2E710B50846029B03
:103B7000114652B993F86C202AB90122184683F8ED
:103B80006C20E1F711FE002010BD1A6F9468002C24
:103B9000F9D05A6FA047F6E704F0AFB938B50D4633
:103BA000044660B1F03004F067FB0DB1002038BD71
:103BB000C4F8C451C4F8C851C4F8CC51F6E76FF04A
:103BC0001500F4E70268D2F8C83013B1D2F8C41077
:103BD00018477047704783690BB9C36B19707047FA
:103BE000012070478369012B03D1C36B1878C0B2E1
:103BF00070470420704738B5C41DE4002046F9F72B
:103C0000AFFD054618B12246002105F057FC2846B5
:103C100038BD38B504463822002105F04FFC182283
:103C2000002104F1A40005F049FC1822002104F150
:103C30008C0005F043FCD4F8C000F5F7F9F8D4F88F
:103C4000BC00F5F7F5F8D4F8803004F154050BB159
:103C50002846984738220021284605F02FFCF5F722
:103C60004BF8002038BD03785B075FBF03684288CC
:103C7000C3F34A2303EB12105DBF173020F0070097
:103C80008008002070470020704703F0D5BB034632
:103C9000D3E8EF0F421CC3E8E12F0029F8D17047A9
:103CA0000120E2F73DB8002070474368DA71012235
:103CB0004368196043685A71E2F724B870B5154635
:103CC0000C4669B1D2E901369B1B99420AD81368A8
:103CD0000A460146981905F0CAFBAB682344AB605D
:103CE000204670BD6FF01B00FBE770B50E46154611
:103CF0001946044618B9BDE87040E2F711B833B16F
:103D0000C2F34A231030120D184405F0B0FBC4E989
:103D100000562046BDE87040E2F77ABA2DE9F3413B
:103D20005F1C4FEA8708064608F1170020F00700DD
:103D300080080C461546E2F79DF800238DF80470C4
:103D4000ADF805308DF8073068B10346019AA8F147
:103D5000040143F8102F2A46294452F8045B8A4292
:103D600043F8045FF9D100233146A20102F4E07266
:103D700042EA482222F07F4222F4700222F03F02FF
:103D800002B0BDE8F041FFF7B0BF07B501230192D3
:103D900001AAFFF7C3FF03B05DF804FB07B5CDE947
:103DA000002302236A46FFF7B9FF03B05DF804FB66
:103DB0001FB5CDE90123069B01AA03930323FFF757
:103DC000ADFF05B05DF804FBF8B506460D46144698
:103DD0001F4604B9F8BD214628463A46B047241A82
:103DE0000544F6E710B542680446D2E9002381682D
:103DF0000068FFF7E9FF002263681A6010BD0A2817
:103E000038B504460D4602D10D20E2F7E3FA294603
:103E10002046E2F7DFFA002038BD2DE9F0430546E1
:103E200087B008460E8891F800900C46D1F80880BB
:103E30001746E2F7A3FA011EC6F38216C9F3C209B8
:103E40001EDB4846E2F7F6F90346214651F8102BEF
:103E50006088C2F34A22002A01EB020408BF002155
:103E60000022C0F30B10CDE90407CDE90214284667
:103E7000414601960092E2F7D9FA07B0BDE8F08317
:103E80000023E2E7436800201B685B689961704784
:103E900001212DE9F04143681B685A6811771D68BC
:103EA0002F68D5E90136D3E900481CB96B681C605E
:103EB000BDE8F081214630464246B847241A064400
:103EC000F3E743681B681868E2F73EBC70B54368C7
:103ED0000C461D686B689869E1F7FEFE21460346B3
:103EE0000F222868BDE870401847704770B54C68CD
:103EF0000368A34201D2012070BD8A682244934224
:103F000001D30020F8E74E69D1E90325B54203D378
:103F10006FF00B038B61F4E71B1B42F835304368ED
:103F2000086902EBC00253600B6901330B61E2E7E1
:103F300037B50C46C0B201A91546E2F77DFC002852
:103F40000CDB019850B121462A46E2F79BFC04465F
:103F50000198FFF7CAFF204603B030BD6FF015048B
:103F6000F9E70020E2F7DABC00221146E2F7A4BC30
:103F7000034610B508460AB10021116053B1D0B113
:103F8000411E11F8010F80B113F8014BA04201D17D
:103F90003D28F6D100200EE0013313600AE03D28F1
:103FA00008D0B0FA80F0400905E018782F28F6D143
:103FB000002AF1D1012010BD10B509B100230B601A
:103FC00058B103461A781C4601332AB13D2A03D062
:103FD0002F2AF7D101B10B60201A10BD08307047AD
:103FE00010B5134614460A4681880068FFF746FC60
:103FF000A042A8BF204610BD2DE9F04F97B004465F
:104000009A468946019200297CD0DAB1BAFA8AF63A
:104010007609258F04F1080B0135ADB2A8466F1E55
:10402000BFB2B7F5004F26D04A233946584603AAF7
:10403000FFF724FC002807DA10F1020F08BFB8468A
:104040003D46ECE70126E4E700F158030DEB0300E1
:10405000002303A900F84C3C4846DCF75FFF00282A
:10406000EED126B339465846FFF704FC002805DA9E
:1040700017B0BDE8F08FBEB30020F9E705F57F511A
:104080003F31584689B2FFF7F5FB0028F0DB238F5C
:10409000BB42F1D12246013B22F8383F4FF40041A8
:1040A00002235846E1F76EF800EAE070E0E7B84610
:1040B000B8F5404F29D0238F04F10805434515D3A7
:1040C00008F5804153462846019A89B2E1F75AF82B
:1040D0000028CDDB002ECFD04846DCF731FF4A4622
:1040E000034641462846DDE70126E1E72246022352
:1040F0004FF40041284622F8388FE1F743F80028B2
:10410000DEDAB5E76FF01500B2E76FF00B00AFE74E
:1041100073B5C36B04460363C3B100F108063046B0
:10412000E0F77AFE054670B902234FF400413046AD
:104130000DF10602FFF7A2FB0028B4BF4FF40043C5
:10414000BDF806302387284602B070BD6FF0120517
:10415000F9E72DE9F04187680446FB680D461646ED
:104160009847BB682BB1324629462046BDE8F0414E
:1041700018476FF05700BDE8F08170B50446D0F8DD
:104180003401A8B10026451EAE4201DD00200FE03B
:10419000721902EBD2725210D01CC30004EBC000A3
:1041A0000089884201D2561CEEE702D80433E01899
:1041B00070BD551EE8E7FFF7E8BD002310B50446C3
:1041C000C0F83431D4F8500110B9C4F8580110BD0A
:1041D000D4F8542103689042C4F8503108BFC4F8A1
:1041E000543104F0ABFAEDE7034610B5D3E8EF0F16
:1041F00000EA0102C3E8E42F002CF7D110BD70B52E
:1042000004460D46FFF7D9FF6FF0010104F59C70DD
:10421000FFF7EAFFD4F85C319B682BB1294662684E
:104220002068BDE87040184770BD10B50446FFF720
:10423000C4FF6FF0010104F59C70FFF7D5FFD4F8BF
:104240005C315B6823B1D4E90001BDE81040184738
:1042500010BD37B54FF42053002405460168684669
:104260008DF80040ADF8023000F04BFA18B928681C
:10427000083803B030BD42F60103296801A88DF863
:104280000440ADF8063000F03CFA0028EFD020469C
:10429000EFE737B542F6030300240546016801A89D
:1042A0008DF80440ADF8063000F02BFA18B92868F4
:1042B000083803B030BD2046FBE7006870471C306B
:1042C0007047F7B500F11C0531B1A94203D20025B2
:1042D000284603B0F0BD0D46002642F60307D0F88D
:1042E000343100EBC30000F11C040835AC42EED9B8
:1042F000296801A88DF80460ADF8067000F001FA95
:104300000028F2D1E4E7034600F11C0219B1914202
:1043100002D2002070471146D3F8342101F1080081
:1043200003EBC2031C33984228BF0020704713B52B
:10433000FFF7E9FF044618B90024204602B010BD7B
:1043400000238DF8043042F60303016801A8ADF89C
:10435000063000F0D6F90028EFD1EDE770B505463C
:1043600016460C4621462846FFF7E1FF044628B1D1
:104370003046216800F0C5F90028F3D1204670BD11
:1043800038B500F59C7504466FF002012846FFF72A
:104390002BFF83070DD504F5B270F6F7CDFD20464F
:1043A000FFF70BFF6FF001012846FFF71DFF00200C
:1043B00038BD6FF07700FBE710B504462378084658
:1043C000052B06D8032B0ED8023B012B06D9012062
:1043D00010BD063B012BFAD8022200E00022214644
:1043E000E2F7CEFFF3E70122F9E7E8F76BB81046F2
:1043F00030B492688389A0F12404D4E8EFCF2CF084
:10440000040CC4E8E5CF002DF7D144691CB1A446E3
:1044100030BC2838604730BC704710B50C46114698
:10442000A4F110001A4679B92181A4F10C03D3E854
:10443000EF1F21F00201C3E8E21F002AF7D1236B2E
:1044400003B19847002010BDA36A13B1BDE8104026
:1044500018470120F7E7024630B598B191B1043012
:10446000D0E8EF3F43F00104C0E8E54F002DF7D15D
:1044700013F0010009D10B6893634B68D3638B6819
:10448000136430BD6FF01500FBE76FF07700F8E7BD
:10449000FEE705F013B804F0EABF01460068E3F751
:1044A00081BC08B5E3F7DAFCBDE80840E3F7FABCE5
:1044B0000A460121FFF769BC00210120E3F772BC25
:1044C000436E83F30B8870476FF08500704761B6C9
:1044D00062B680F31188BFF36F8F704708B572B66C
:1044E000002383F31188BFF36F8FE4F7F9FF50B116
:1044F000BFF34F8F30BF00BF00BF00BF00BF00BF82
:1045000000BF00BF00BF62B6BFF36F8F08BD10B51C
:10451000044672B6002383F31188BFF36F8FE4F76C
:10452000DFFF50B1BFF34F8F20BF00BF00BF00BF00
:1045300000BF00BF00BF00BF00BF84F31188BFF3FE
:104540006F8F62B610BD40E800F313F4803FD8B21D
:1045500008BF6FF01500704730B50C684B6885B028
:104560000A894D890094013B24F01F04234402F082
:104570001F0242EA451223F01F0369468DF8082006
:104580000393E4F7F9F805B030BD08B5D1E904317B
:104590009847002008BD08B5E4F77CFB002008BD63
:1045A0007047C16A8968E4F745BC92B281600160D6
:1045B000C2808280704703680B6043684B608368E9
:1045C0008B60704710B50C460121E4F701FF0470C1
:1045D00010BD10B5036801211C78E4F719FF2046CF
:1045E00010BD10B5036802211C88E4F711FF2046B6
:1045F00010BD02688068101A70478388C28881687D
:10460000D21A03685B1AD01A704738B50D461446A3
:104610001146E4F739FF22462946BDE8384004F048
:1046200026BF10B50C460121E4F72EFF047010BD23
:1046300010B50C460221E4F727FF0470240A4470E9
:1046400010BD4FF05023012270B50C460546C3F84B
:1046500014260020E4F7EEFF28462346BDE870400C
:104660000021184730B50546B1F8032087B04B79D3
:10467000ADF808200C460D2200210DF10B008DF83D
:104680000A3004F01BFF02AA11462846E7F794FF00
:1046900010B1002007B030BD029B0322ADF80430FA
:1046A00020461B0C01A98DF8063004F00FFFB0FA6C
:1046B00080F04009EEE770B50D4600210446FFF793
:1046C0007BFC0D2818D1237B302B13D0312B13D139
:1046D000012305F8063B04F10C062A462046012377
:1046E00002210234FEF7FBFDB44205F1FF35F4D19F
:1046F000002070BD0023ECE76FF01500F9E7002003
:10470000704710B50C46017822788AB08A420FD0E3
:104710006946E5F777FA204605A9E5F773FA10220E
:104720000DF115010DF1010004F0D0FE0AB010BD2D
:10473000012A06D0022A07D072B940886388C01ABD
:10474000F4E740686368FAE71022611C01300AB0A0
:10475000BDE8104004F0BABE6FF01500E6E7042A89
:104760000AD0102A0DD0022A4FF0000315D1037091
:104770000B88438001207047012303700B6843605E
:10478000F8E7022300F8013B01F1100351F8042B74
:10479000994240F8042BF9D1ECE718467047012301
:1047A00010B50621044600F8013BE7F7F3FE18B9FF
:1047B000A37963F03F03A37110BD0B6803608B887E
:1047C00083808B798371037823F002030370704731
:1047D0000078C0F34000704738B50446807AE4F7AB
:1047E000E5FA6169054649B1637ADB0704D4C36A17
:1047F00020461B689B689847002363612146284632
:10480000BDE8384003F0EDBD08B5E6F771FABDE844
:1048100008400820E5F732BA08B5FFF7DDFFBDE82C
:1048200008400220E5F72ABA438A23B9C068B0FAE3
:1048300080F04009704700207047D0F8A03083B165
:104840005A7CD1070DD5D2060DD51B7C102B14BF79
:10485000032304234372807A98428CBF00200120F6
:1048600070470223F6E70323F4E70F2807D80D2843
:104870000BD8052808BF032018BF02207047132853
:1048800003D01A2808BF0120F6E7012070477047BF
:104890000B6803608B8883808B7983717047FFF787
:1048A00074BA034610B5D3E8EF0F40EA0102C3E83B
:1048B000E42F002CF7D110BDFFF770BA0023E1F709
:1048C000C7BCD0E8EF3F0B40C0E8E23F002AF8D178
:1048D00070477047C0F30723537000231070000E19
:1048E000D070C1F30720090E93701371507193714A
:1048F000D171704738B504460D46E5F7BDFC5F3011
:1049000005D129462046BDE83840E5F767BC38BDEB
:104910000120704710B503884288934219D8052BAF
:1049200017D9B2F5486F14D88388B3F5FA7F10D23F
:1049300040F67644C088A0F10A0189B2A14208D8A5
:1049400001339BB25343B3EB800F34BF01200020EF
:1049500010BD0020FCE70020704708B5EFF78CFC85
:1049600018B1408A003818BF012008BDE6F714BB13
:1049700070B506460D464FF0FF304FF0FF31E5F7BA
:1049800089FF044668B103210C30E4F77DFD068001
:1049900085702146BDE87040002240F20640E6F7EF
:1049A00015BA6FF0680070BDC368187808B1E6F7F3
:1049B0004FBB1846E6F7D2BB38B54FF0FF3105467E
:1049C0004FF0FF30E5F766FF044668B102210C3076
:1049D000E4F75AFD2B88214603800022BDE83840C9
:1049E00042F21600E6F7F2B96FF0680038BDF8B58C
:1049F00007460E464FF0FF304FF0FF311546E5F702
:104A000049FF044678B106210C30E4F73DFD3B88B0
:104A10004680038085802146BDE8F840002242F2AE
:104A20002200E6F7D3B96FF06800F8BD2DE9F04732
:104A3000814688464FF0FF304FF0FF3117461E4643
:104A40009DF820A0E5F726FF0546A0B107210C3010
:104A5000E4F71AFDB9F8003080F802800380C770CF
:104A60000671A0F805A02946BDE8F047002242F2F1
:104A70003200E6F7ABB96FF06800BDE8F08770B5BB
:104A800006460D464FF0FF304FF0FF31E5F702FFCD
:104A9000044618B9BDE87040E5F796BB03210C3019
:104AA000E4F7F2FC068085702146BDE8704042F2D2
:104AB0002100E6F7CFB8072208B504F007FDB0FAE9
:104AC00080F0400908BDFFF760B90B6803608B8870
:104AD00083808B7983717047D0E8AF0F7047F8B54A
:104AE0000F46144638BB4FF0FF304FF0FF31E5F76B
:104AF000D1FE054610B327210C30E4F7C5FC224651
:104B000006463946FFF7E1FFC31D04F1100152F8D4
:104B1000040B8A4243F8040BF9D11022002106F15C
:104B2000170004F0CBFC2946BDE8F840002242F211
:104B30002700E6F74BB96FF01500F8BD6FF068007D
:104B4000FBE7037A02465B0705D501462E3211F8D2
:104B5000010BFFF7C4BF704738B54FF0FF31054672
:104B60004FF0FF30E5F796FE044658B129460C3069
:104B7000FFF757FD2146BDE83840002242F22D00E4
:104B8000E6F724B96FF0680038BD70B5044686B00A
:104B90000E4601300131FFF78EFF2E341622002120
:104BA0000546684604F08AFC10226946204604F057
:104BB0008DFC40B11022204606F12E0104F086FC47
:104BC000002808BF0125284606B070BD10B50C4668
:104BD00030B919B1EFF7FCFA00B1441C204610BD02
:104BE0000024FBE707B580B906216846E7F7D2FC49
:104BF00040B99DF80530684603F03F038DF8053055
:104C0000E6F71AFE03B05DF804FB6FF01500F9E754
:104C100001207047037AD90704D523F001030372FA
:104C2000E6F778BF990704D523F002030372E6F78D
:104C30008BBF704710B50C4631B10020FFF7D2FF93
:104C400008B90123237010BD6FF01500FBE70020A9
:104C50007047D0E8AF0F7047032808B501D0E7F7D9
:104C600087F9BDE80840E7F797B90368D90444BF5E
:104C700043F48063036003689A0444BF43F4006311
:104C8000036070470368D90444BF43F48063036042
:104C900003689A0444BF43F4006303607047002331
:104CA0000B60436813B9C0E9001170471960416097
:104CB0007047D0F8B000003818BF01207047D0E826
:104CC000AF0F7047FFF76AB82438E8F70FB8002233
:104CD00003680BB9184670478B4210D10B6842B974
:104CE00042680360914200D14360002301200B60C1
:104CF000704713604368994208BF4260F5E71A465F
:104D00001B68E6E7437B072B01D1E8F73BB8704708
:104D100010B50446006918B1E4F730FA00232361A6
:104D200010BD10B50446D0F8A00028B9207A04F1CF
:104D30007001EFF7A1FA38B1E278438A2AB913F08B
:104D4000210F14BF0120002010BD13F0240FF8E73D
:104D50002DE9F843089E8146102E0C4690461F46CA
:104D60002FD84FF0FF304FF0FF31E5F793FD0546A8
:104D700058B31C210C30E4F787FB0346B9F8002038
:104D8000394623F8022B2268C0F80220626800F13D
:104D90000C045A60B8F8003032464381204604F0D3
:104DA00066FB102E05D00021C6F11002A01904F0F8
:104DB00085FB2946BDE8F843002242F21900E6F7D8
:104DC00005B86FF01500BDE8F8836FF06800FAE7EA
:104DD00010B583780446012B29D1437B072B29D1B9
:104DE0000A0601F07F030FD5021DD2E8EF0F40F451
:104DF0000040C2E8E10F0029F7D12046A37201F07C
:104E0000B6FD88B9002010BD427A9A42FAD2827A61
:104E10009A42F7D2021DD2E8EF0F20F40040C2E818
:104E2000E10F0029E9D0F6E7637AA372EBE76FF0B0
:104E30001500E8E76FF07F00E5E78378012B0CBFF2
:104E4000407A0020704737B505460C46FFF7C0FC96
:104E50002946A8B16846FFF7B0FC69460020E8F78C
:104E6000D9FE58B12388A0F88C306388A0F88E3022
:104E7000A388A0F89030E388A0F8923003B030BD4A
:104E8000FFF7A4FE0346006800909A889B79ADF86E
:104E900004208DF80630E0E738B5037A04468B42EB
:104EA000154615D100F170010722284604F00EFBCB
:104EB00080B1E378072243B904F17E01284604F06B
:104EC00005FBB0FA80F0400938BD04F17701F5E741
:104ED0000020F9E70120F7E78378012B0CBF703041
:104EE00000207047F8B507460D464FF0FF304FF0F1
:104EF000FF31E5F7CFFC0646D0B10E210C30E4F7C8
:104F0000C3FA04460E22002104F0D8FA3B88314649
:104F100023802B88002263806B8842F21300A380D9
:104F2000AB88E380EB882381BDE8F840E5F74EBF0E
:104F30006FF06800F8BD704710B50446F7F7CCF97C
:104F4000234653F84C2BD2F8B01061B9E164D2F883
:104F5000B41061B9C2E92C33F7F730FA2068BDE824
:104F60001040E8F7F3B88B42F6D00968EDE70B6024
:104F7000C2F8B430F0E770472DE9F843446B002CD9
:104F800055D054F8085905B1083D002701E02C46DA
:104F90001D46D4E900682EB3F7F79EF90022D6F833
:104FA000B03004F14C0163B1994232D1E36C42BBA1
:104FB000D6F8B420C6F8B030914201D1C6F8B4306A
:104FC000E764F7F7FBF904F13009002200234846B3
:104FD000F5F772FA0646F8B9D8F804300BB1204656
:104FE00098472760E3680BB120469847D8F82030EF
:104FF0000BB120469847D5B1AB68002BC7D0083B12
:10500000C5E71360D6F8B430994208BFC6F8B4209B
:10501000D6E71A461B68C6E7B36923B16FF06D0285
:10502000F169206898473046E4F7A8F8CDE7BDE875
:10503000F88338B5436B0D46BBB1184650F80849A4
:1050400004B1083C53F8043C9B680BB129469847CF
:105050005CB12046A468436824B19B68083C002BDF
:10506000F4D1F6E79B68002BF0D138BDF8B50F46B8
:1050700000210546164600234FF480320846E9F722
:10508000AFF8044620B92846BDE8F840E9F774B8FF
:1050900004210C30E4F7F8F905704770468020468B
:1050A000F8BD406B28B1838B08388B4201D08068F3
:1050B000F8E7704710B54AB989B2FFF7F2FF28B197
:1050C00043689B6913B1BDE81040184710BD38B55F
:1050D0000D460521FFF7E5FF002329461A46E9F7AB
:1050E000B7F8044610B12846E4F748F8204638BD22
:1050F000406B28B1838908388B4201D08068F8E77B
:10510000704770470346006828B1596802688842B2
:105110001A6008BF5A6070470346002003B9704701
:105120001A8A5B681044F9E710B5D4680231237815
:1051300013B92170012010BD8B42FBD0038A023BC2
:10514000038200201061F6E7FEF71FBE08B5036872
:105150000A8A1868C968EDF7C9FA002008BD38B591
:10516000054601F10C000C46FFF73BFA2D6801469D
:10517000238A2868E26801F018FA002038BD70B46C
:105180000568AA6A52B3136803B1B03BA2F1B00438
:105190000022114600E0B03B844207D0668D648B4C
:1051A000B14238BF3146A24238BF22461C462BB11D
:1051B000D3F8B030002BEED18442EFD1438D408B39
:1051C0008B4201D890420BD9824238BF02469942A5
:1051D000286838BF194670BCEDF704BB1146EDE7EF
:1051E00070BC704773B51446014605464FF495727E
:1051F000206801F08CF8207530B92946206801F04C
:1052000020FA20B908232375002002B070BD237A4C
:10521000B3B1A3F11802534253419B000193638A37
:1052200029460093AE68238AE2682068B0470028C8
:1052300008DB238A98420CD1002301202375E4E780
:105240000223EBE710F1FF0F03D34042C0B22075F9
:10525000DAE70E20FBE71FB5CDE9012300231A464C
:105260000093EBF765FC05B05DF804FBF8B59368B7
:1052700005460F461446166863B9506801210C3084
:10528000E4F702F9A0602B681B78002B14BF0223FF
:1052900001230370A3681B78012B03D0022B1FD0BE
:1052A00000201CE02B681B78002BF9D160680421DA
:1052B0000C30E4F7E9F8E06007802A68E368528878
:1052C0005A806168728D738B088A9A4294BFC0EBD2
:1052D0000200C0EB0300042894BF00200120F8BDA9
:1052E0002B681B78022BDBD1606812210C30E4F7AD
:1052F000CBF8E06007802B68E268591C023211335A
:1053000051F8040B994242F8040BF9D16168728D8F
:10531000738B088A9A4294BFC0EB0200C0EB030073
:105320001228D9E7D0680431037813B9017001203D
:1053300070478B42FBD0002091680B8A043B0B82A4
:10534000106170472DE9F04104468868FFF7E4FEDC
:10535000638D628B0D46934228BF134683421DD353
:105360000027E165D1F808808F60F6F7B5FF414668
:105370002046E9F7DDFA064638B1C5F80880E7654A
:10538000F7F71CF83046BDE8F081618D638B284645
:10539000994228BF1946EDF71FFBF1E76FF0790638
:1053A000F0E738B504460D46E9F7C2FA30B12946B0
:1053B00004F16000BDE8384003F008B838BD70B5AE
:1053C00004460E46002200230846F5F775F8054608
:1053D00058B101462046E9F7ABFA044618B1294610
:1053E000304602F0FEFF204670BD6FF00104FAE780
:1053F0002DE9F04F044685B0104690469946FFF7D8
:105400008BFE638B628D8B46934228BF134683428B
:1054100040F29380636840460393E3F709FF4FF03F
:10542000000A06464046FFF777FE628B638D06F161
:105430000C079A4294BFC0EB0205C0EB0305384647
:10544000FFF7DBF8854217D24046FFF765FE628B17
:10545000638D9A4294BFC0EB0205C0EB03058DBB80
:1054600098F80A00E3F7A2FC00220023FFF799F85E
:10547000064630B9574636E03846FFF7BEF80546CF
:10548000EDE701464046E3F719FF4046FFF744FECB
:10549000628D638B06F10C079A4294BFC0EB020544
:1054A000C0EB03053846FFF7A8F885421FD24046F7
:1054B000FFF732FE628D638B9A4294BFC0EB020508
:1054C000C0EB0305F168328ACDF80090DBF8047078
:1054D0000A4403985946ABB2B847071E0CDABAF132
:1054E000000F18BF5746384605B0BDE8F08F384664
:1054F000FFF783F80546E5E70E9BB3B9394606F199
:105500000C00E3F7C1FF4046FFF706FE638D628B98
:10551000B944934228BF13468342BA441FFA89F91B
:10552000A8D9AF423FF47EAFA4E7394630460F9A80
:105530000E9B98470028E1D19CE70027D3E7002283
:10554000036803B970478B420FD10B683AB94268C0
:105550000360914200D1436000230B6070471360E9
:105560004368994208BF4260F6E71A461B68E8E7BD
:10557000D0E8EF3F43F00802C0E8E12F0029F7D15F
:10558000C3F3C00070472DE9F041064690461F4620
:105590000D46B9B104220121E9F7FAFA044618B917
:1055A000BDE8F041E9F736BA04210C30E3F76CFFAF
:1055B0000570A0F80180C77021463046BDE8F04173
:1055C000FFF7EFBEBDE8F08137B50C46054601F1A7
:1055D0000C00FFF706F8228A03460192E2681221C6
:1055E000009228461322E9F743FB03B030BD37B5DC
:1055F0000C46054601F10C00FEF7F3FF228A034634
:105600000192E2682846009200221146E9F730FB39
:1056100003B030BD00232DE9F34117681446D7F8D5
:1056200004800146137306469522404600F06FFE43
:105630000546207330B93146404601F000F828B9DC
:1056400008232373002002B0BDE8F081CDE90055A6
:1056500031463846A388A268FFF7CAFE002807DA59
:1056600010F1FF0F32BF0E204042C0B22073E9E7B5
:105670000120E8E700232DE9F34117681446D7F825
:1056800004800146137306469522404600F03FFE13
:105690000546207330B93146404600F0D0FF28B9A6
:1056A00008232373002002B0BDE8F081A068798D43
:1056B0007A8B038A914294BFC3EB0103C3EB0203CD
:1056C000012BEFDD02210C30E3F7DEFECDE90055C2
:1056D0008046A38831463846A268FFF789FE031E3C
:1056E00006DA13F1FF0F2ABF5B420E23DBB2D8E7C5
:1056F0000120A8F80030D6E707B5CA680C21138846
:10570000528800920D22E9F7CBFD03B05DF804FB4F
:1057100007B50022CB680A211B8800920B22E9F70B
:10572000BFFD03B05DF804FBF8B5CB6804461F88E5
:10573000BBB2162B24D90321E9F774FC064608B343
:1057400002210C30E3F7A0FE00256FF0080345703E
:10575000037031462046FFF724FEF7236383236856
:1057600067851B680433D3E8EF1F41F48031C3E839
:10577000E21F002AF7D12046FFF701FD2846F8BDB9
:105780000420FCE70E20FAE7F8B5054650F8044C73
:10579000071F00F15403D3E8EF1F21F00401C3E811
:1057A000E21F002AF7D1FCB1AB6D83B9636873B116
:1057B000201DFFF7A7FC064601463846FFF7C2FD4D
:1057C00090B163683360A368666003B9A660384629
:1057D00005F15C01FFF7F3FD30B1384604F10C012F
:1057E000BDE8F840FFF7EBBDF8BD2DE9F041846A54
:1057F000074634B354F8B06906B1B03E002307F150
:1058000004081D4601E034461646E26D92B905B91A
:1058100083B94046FFF776FC054650B10146204665
:10582000FFF790FD68B17B682B60BB687D6003B9B2
:10583000BD6023462EB1D6F8B020002AE3D0B03A9E
:10584000E1E7BDE8F08138B50546D1E8AF3FDB07B9
:1058500016D550F8040C98B1AB6D8BB90430FFF736
:1058600051FC044660B10146281FFFF76BFD38B1BB
:1058700055F8043C5A6822609A685C6002B99C60E2
:1058800038BDEBF7A3B808B5E9F7FEFE08B3826AA6
:1058900002B3136803B1B03B32F8960C32F8862C91
:1058A000904228BF104643B913E0934228BF1346E5
:1058B000984238BF1846A1F1B003D3F8B0105A8B04
:1058C0005B8D0029F1D19A4228BF1A46904238BF19
:1058D000104608BD1046FCE70A8A0023C968EAF7AB
:1058E00075B8FFF7F9BFFFF7F7BFFFF7F5BFFFF791
:1058F000F3BFFFF7F1BFFFF7EFBFFFF7EDBFFFF714
:10590000EBBFFFF7E9BFFFF7E7BFFFF7E5BF70B5F4
:10591000CE68044633880D469AB2162A06D800226D
:1059200004231146BDE87040EAF750B8F7224385DA
:105930004283FFF724FC0023314620462A8AF1E700
:1059400010B50C46E9F7A0FE90B1836A43B153F855
:10595000542CB03B9169A14209D0D3F8B030F5E79F
:10596000406828B18369A34202D00068F9E7104675
:1059700010BD0120704708B5E9F786FE78B1836A4B
:105980006BB1B03B03F15802D2E8EF0F20F00800F2
:10599000C2E8E10F0029F7D1D3F8B030F0E708BD35
:1059A00008B50421FFF7A4FB20B15430D0E8AF0FB5
:1059B000C0F3C00008BD70B51C460E461546E8F79A
:1059C00091FF0123C0E90365C380047570BD1060B9
:1059D0000020704710B5029CA36833B1B1F5807FF9
:1059E00028BF0E21CAB221469847A37DE268013B39
:1059F000DBB2A37522B11BB92046BDE810401047A9
:105A000010BD1060918000207047B1F5807F28BFE5
:105A10000E21009AC9B213681847B1F5807F28BFDC
:105A20000E21009AC9B21368184700207047FEF78C
:105A3000B5B9F0B5076806463D78144689B0E5B9B2
:105A40007B88B3F5245F04D011D8A3F52053032B32
:105A500013D8ADF80A10022220460DF10A01EAF728
:105A6000DDF970B16FF01502C4F85C2106E003F5B2
:105A70005643FF339BB2042B1DD90125284609B09C
:105A8000F0BD7B88022220460DF10A01ADF80A30F4
:105A9000EAF7C4F90028E5D1009003AA13233146A0
:105AA0007768B847021EDFDB03A92046EAF7B6F99C
:105AB0000028E2D0D6E7ADF80A10022220460DF108
:105AC0000A01EAF7ABF90028CCD17B880222ADF8B5
:105AD0000A300DF10A01E8E7072208B503F0F6FCE9
:105AE000B0FA80F0400908BD10B50378044693422F
:105AF00007D10130FFF7F0FF002814BF2046002037
:105B000010BD0020FCE7034610B5D3E8EF0F40EAD4
:105B10000102C3E8E42F002CF7D110BD034610B5F5
:105B2000D3E8EF0F00EA0102C3E8E42F002CF7D11D
:105B300010BD0B6803608B8883808B7983717047FD
:105B4000D0E8AF0F7047FEF720B970B50D46064696
:105B500011F8010BE8F78AF8044610B12C89E7F731
:105B60009BFA6B89A34207D0EB686C8123B1214675
:105B70003046BDE87040184770BD08B502210C30B2
:105B8000E3F782FC6FF00802034600201A70587099
:105B900008BD10B5144602210C30E3F775FC63898B
:105BA0000380002010BD10B5144604210C30E3F72B
:105BB0006BFC23890380E3894380002010BD10B56E
:105BC000144602210C30E3F75FFC23890380002098
:105BD00010BD10B5144604210C30E3F755FC2389A1
:105BE000038063894380002010BD08B501210C307B
:105BF000E3F74AFC03460020187008BD08B50121F0
:105C00000C30E3F741FC01230370002008BD38B5D8
:105C1000154600F10C0404212046E3F735FC2B89DE
:105C20000380EB8943802B7C33B94FF4205120460D
:105C3000FEF7FEFC002038BD42F60101F7E738B55B
:105C4000154600F10C0404212046E3F71DFC2B89C6
:105C50000380EB8943802B7C022B04D0032B09D0DB
:105C60002B68598801E042F602012046FEF7E0FC6D
:105C7000002038BD42F60301F7E770B51446002551
:105C800000F10C066268EBB29A4205F1010501D8F9
:105C9000002070BDA268304632F81310FEF7C8FC31
:105CA000F0E7FFF7EABF30B5144685B0054602219C
:105CB0000C30E3F7E9FBA388002203800023CDE941
:105CC00002330023CDE900232846A268A189E3F727
:105CD00019FBA389834214BF6FF00B00002005B0AD
:105CE00030BD7FB5154606460C460C300421E3F75F
:105CF000CBFBAB8800220380EB88043C438000236D
:105D0000CDE902330023CDE9002321463046AA68BD
:105D1000E3F7F8FA844214BF6FF00B00002004B0E0
:105D200070BDF7B5089D06460C462F6851B973B98A
:105D300000232A460893E1B23046BC4603B0BDE8D2
:105D4000F0406047B1F5807F28BF0E24F0E7009354
:105D500013462A46B847089423462A4621462F6808
:105D6000EAE738B50C4619466BB103F114055B69D7
:105D700082B9E268A360954200D1E36000230D6818
:105D80001A464B61A847A36853B92046BDE838407E
:105D9000EAF746BA1360E3689D4208BFE260EDE7A8
:105DA00038BD2DE9F0410C46069D06466FF0040112
:105DB00005F11000FFF7B2FEF4B13046EAF758F9EA
:105DC000014648B3836853B10022186805F1140CEA
:105DD0002BB1634508D12B463046FFF7C2FFB4F51F
:105DE000807F28BF0E240FE020B107681A460346C3
:105DF0003846EDE70746F9E7AB892BB9234622463B
:105E0000294630462F68B8476B682BB12A46304682
:105E1000E1B2BDE8F0411847BDE8F08111F1680F2B
:105E200001D0FFF7BEBF7047F0B50D4687B01146F1
:105E300006461A460C9C5DB983B9276800232246A2
:105E40003046BC46E9B20C9307B0BDE8F04060476D
:105E5000B5F5807F28BF0E252768EFE703A8FEF77A
:105E6000A4FBBDF81030012B08D800230093224674
:105E7000194630462568A84707B0F0BD022103A89F
:105E8000E3F7E4FA0346BDF8102033F8027B002163
:105E9000974228BF17460097224630462568A847F4
:105EA000394603A8E3F7D2FADBE738B5BDF810406E
:105EB0001546A2420CD84CB16BB1A21A8A42A8BFB7
:105EC0000A4694B22246591903F0D1FA204638BD49
:105ED0006FF00600FBE76FF00D00F8E730B585B016
:105EE000C96814461D46EAF7AFF800B100890223DD
:105EF000ADF80E00009329462046BDF820200DF194
:105F00000E03FFF7D2FF05B030BD1FB50C46194692
:105F1000E36810461C78BDF818203CB1102401330A
:105F2000069404B0BDE81040FFF7BFBF5B88ADF832
:105F30000E30022300930DF10E03FFF7B6FF04B0FD
:105F400010BD30B51D46002385B014468DF80C30C9
:105F5000EAF74CF810B1037A8DF80C30012329468A
:105F600000932046BDF8202003ABFFF79EFF05B04D
:105F700030BD2DE9F04114461D46BDF81870E4F718
:105F800041FE0646DAF7DCFF80B2069033463A4619
:105F900029462046BDE8F041FFF787BF30B585B000
:105FA00014461D46FEF7D7FC0223ADF80E00009301
:105FB00029462046BDF820200DF10E03FFF775FF9E
:105FC00005B030BD38B5144600F10C050621284651
:105FD000E3F75AFA23890380E3894380237C002B6B
:105FE00042F6010308BF4FF42053838021680B78E9
:105FF0001BB1022B06D0002038BD28464988FEF789
:1060000017FBF8E7102228460131FEF7FEFAF2E707
:1060100038B5154600F10C0404212046E3F734FAA4
:106020002B8903806B894380E9680B782BB9204664
:106030004988FEF7FDFA002038BD102220460131C4
:10604000FEF7E3FAF7E7002203680BB9184670473A
:106050008B4210D10B6842B942680360914200D173
:106060004360002301200B6070471360436899422E
:1060700008BF4260F5E71A461B68E6E7022A10B53A
:1060800008D1002300F170011A46007AEAF78CF873
:10609000022010BDEAF796F9FAE72DE9F047064627
:1060A0000D464FF47020002190461F469DF820A019
:1060B000DDF82490E9F74EFC044688B1456080F88D
:1060C00011A0C0F81490C760C0F818804A46514625
:1060D0003046E9F70DFC054638B92046E9F766FC7D
:1060E0006FF00B052846BDE8F0870022012311461A
:1060F000FFF761FC2846A56042464946B847054679
:1061000018B12046E9F752FCECE721463046E9F7A2
:106110001DFE05460028E5D0F3E738B5144600F12A
:106120000C0502212846E3F7AFF963890380A189B2
:106130002846FEF77DFA042104F11000FFF7E3FC86
:10614000002038BD08B50C3029B10121FFF7DBFC78
:10615000C043084008BD6FF00101FFF7DFFC00F00D
:106160000100F7E710B50446FFF7ECFF38B1214610
:10617000BDE81040012211F8010BE9F7A7BF10BDDF
:1061800038B504461546FFF7F4FB48B12046E9F759
:106190002DFF28B1037ADB0702D50121FFF7E2FFCB
:1061A00055B9207A04F17001E9F7A4FE20B18560A9
:1061B000BDE83840E9F7E0BF38BD13B5044610B973
:1061C000002002B010BD00238DF8043042F6030316
:1061D000006801A9ADF80630FEF793FA0028EFD168
:1061E000E36898880028ECD12046EAF759FC013092
:1061F00080B2E6E770B5CC681E46A37988B0084641
:106200008DF80C301546FFF7D8FFADF80D00246867
:1062100023786BB96388ADF80F30052300933146BE
:106220002846BDF8302003ABFFF73FFE08B070BD35
:10623000631C0DF10F02113453F8041BA34242F802
:10624000041BF9D11323E9E71FB5CDE9012300238E
:106250001A460093EAF76CFC05B05DF804FBEAF718
:106260007DBD38B5044659B100F170052946007A64
:10627000EAF742FE2946207ABDE83840EAF754BBE7
:1062800038BDF8B506460F46E9F712FE3946044612
:106290003046FEF762FB48B344B304F108056FF0E3
:1062A00001012846FFF73AFCC20703D539463046BC
:1062B000EAF722FE6FF002012846FFF72FFC830762
:1062C00003D539463046EAF72FFB2846FFF738FC5E
:1062D00060B9234603F8010BC4F80100C3F80300BA
:1062E000D5E8EF3FC5E8E20F002AF9D1F8BD10B5B7
:1062F0000446A0F1170110F8180CFFF7C2FF14F8BC
:106300000C0CA4F10B01BDE81040FFF7BABF38B583
:106310004C8AD3070546C4F30E0404D514F0950F38
:106320002AD04B6843B3900704D514F4957F25D049
:106330008B681BB3144014F4DE7F0DD0EB7A2BB9BD
:106340002846FEF7EEFCD8B9052038BD14F0300F12
:1063500004D114F4C07F07D10020F6E72846FEF7E9
:106360006CFD0228F5D8EFE7D5F8A030002BEBD074
:106370005B7CDB06E8D5EFE70220E6E70320E4E7F5
:106380000F20E2E7F8B514460F46942261680646EE
:10639000FFF7BDFF20BB012230466168EAF716FE19
:1063A00008B3A2891B2130460232E9F7A1FA05465B
:1063B000E0B1A1890C300231E3F766F820F8027BE6
:1063C000A289A16803F053F8D4E9041228460123F6
:1063D000FFF7F1FA29463046BDE8F840E9F768BC16
:1063E0004FF0FF30F8BD6FF01500FBE76FF00B00CA
:1063F000F8E770B50B460546144629B921462846EC
:10640000EBF7A2F928B970BD4FF6FF72914207D1A0
:1064100021812246284663680021BDE87040184764
:10642000E28901339BB29A422381E7D2F1E72DE959
:10643000F04F89B006461446129F11B913F00308B5
:1064400007D03A46002130467B6809B0BDE8F04FDE
:106450001847C14642F6010AC3F3870302EB8305DE
:10646000AC4207D13A464146304609B0BDE8F04F4C
:10647000FFF7BFBF3A7C6388002A14BF52464FF42F
:106480002052ADF802201022ADF808301FFA83F830
:106490003B68B4F800B000210DEB020001938DF8C9
:1064A000009003F00BF801AB06933A4630467B6848
:1064B000CDF80CD0ADF81CB003A9984704340028DF
:1064C000CED109B0BDE8F08FF0B553898FB0ADF8EB
:1064D0000C3093890546ADF80E30022304A814460B
:1064E00016898DF8103002900DF1110301F11002A0
:1064F00051F8047B914243F8047BF9D12168C1B97A
:10650000002142F6020310220AA88DF80410ADF80B
:10651000063002F0D3FF01AB099302AB0C93224685
:1065200028466368ADF8346009A9984728B90FB0C8
:10653000F0BDFEF7E6F80028E2D022462846218981
:10654000FFF757FFF3E730B40C4611461A46029B9B
:106550004CB1B4F5807F28BF0E241D681A46E1B205
:106560002B4630BC184730BCEBF708BF73B5044668
:106570000D46F5F7B1FE29462046FFF7E1F9014641
:1065800020B902B0BDE87040F5F718BF4668204654
:10659000E9F71AFCF5F712FF2EB100230E211A4677
:1065A00020460095B04702B070BDF7B50D460446D1
:1065B00016461F46E9F75CFD014628B133462A46D8
:1065C00020460097ECF756F803B0F0BD2DE9F041F6
:1065D00005468846E9F70AFD0446E0B1037ADB0781
:1065E00019D500F10C073846FFF7AAFA10F001069A
:1065F00011D1B8F1000F0FD06FF002013846FFF74C
:106600008DFA10F0020F284609D0FFF7B4F90121E6
:106610002046FFF7A7FD01263046BDE8F081FFF7D1
:10662000A8F90028F8D02846FFF7BAF90028F3D0D7
:106630006FF002013846FFF771FA2846E5E70120BE
:1066400070470120704707207047FDF79EBBD0E8D8
:10665000AF0F084100F00100704738B50A46034605
:1066600009B9012038BD488A10F0240FF9D0197DEE
:106670005D7B147CA94228BF29468C4201D90020A9
:10668000F0E7840608D4507C197AC0070BD4187A36
:10669000003818BF0120E5E70521181DFFF7D7FFD7
:1066A0000028F0D1EBE70029E9D00521181DFFF7FC
:1066B000CEFF18B9197A01390129E0D9527CD207E5
:1066C000CFD4E4E701238B40DB43D0E8EF2F1A401F
:1066D000C0E8E12F0029F8D17047FDF75FBB08B58E
:1066E0000621FEF705FD18B9BDE80840ECF7DCB956
:1066F000EC3808BD07207047072070470720704717
:10670000012303FA01F1CA4330B5D0E8EF3F03EAB1
:106710000204C0E8E54F002DF7D1194214BF012053
:10672000002030BD01238B40D0E8EF2F1A43C0E892
:10673000E12F0029F8D1704708B50E21FFF7F2FFCD
:10674000002008BD70B5051D0E4628460421FFF740
:106750007EFF68B10022002100230846E7F740FDD4
:10676000044640B904212846FFF7DCFF204670BDEF
:106770004FF47022EFE701210C30E2F785FE06703E
:10678000F4E738B504210446FFF7DCFF054698B16D
:1067900010210C30E2F778FE04F1270304F13702F0
:1067A00053F8041B934240F8041BF9D120462946B4
:1067B000ECF786F9002038BD0820FCE738B5CD6835
:1067C00004460B210430FFF77DFF2B4604F117022E
:1067D00005F1100153F8040B8B4242F8040BF9D178
:1067E000D4F8EC30DB783BB920460421FFF79AFF60
:1067F000BDE83840FFF7C5BF002038BD70B504467E
:106800000025D0F8EC60031DD3E8EF2FC3E8E15F6B
:106810000029F9D104F5A070F4F7A4FE2572D4E89C
:10682000EF3FC4E8E25F002AF9D1F3782BB92046A4
:10683000BDE870400B21FFF775BF70BD70B500F16A
:10684000700605460C4607223046096802F03EFEF7
:10685000B8B963681A682A679A88A5F874209B7982
:1068600085F87630D5F8A0305BB1A268934208D0A5
:1068700062681168C3F801109188A3F80510927935
:10688000DA7170BD2DE9F84FDDF82C800446924690
:106890001F46BDF82890FFF722FF054600285AD072
:1068A000061DB9F1000F27D15AEA070324D10321AD
:1068B0003046FFF7CCFED0B301213046FFF7C7FECC
:1068C000A8B32C7D6B7B05F147019C4228BF1C4679
:1068D0002246404602F0CBFD0F2C06D80021C4F121
:1068E000100208EB040002F0E9FD30460121FFF739
:1068F00019FF0120BDE8F88FD4F8A030F3B904F1F6
:10690000700B5A462020217AEDF736FCC4F8A0001F
:1069100030B95A460120217AEDF72EFCC4F8A000C8
:10692000B9F1000F0AD15AEA070704D006E0D4F8FB
:10693000A030002BE3D0D4F8A01071B90F2130465D
:10694000FFF785FE20B1022206212046E7F722F953
:106950002846FFF753FF0020CCE74B8A9B06EDD576
:106960000C7C1E312246B4E76FF085007047F7B506
:10697000C3780446002B5FD1FFF7B1FE054600281F
:106980005DD0061D03213046FFF761FE20B16FF098
:106990000F04204603B0F0BD01213046FFF757FE3B
:1069A0000028F4D10F21201DFFF751FE28B1204609
:1069B00003B0BDE8F040ECF753BDD4F8A03083B984
:1069C00004F170073A462020217AEDF7D5FBC4F890
:1069D000A00030B93A460420217AEDF7CDFBC4F887
:1069E000A000D4F8A0100029E1D04B8A13F0240FA6
:1069F000DDD0A27A022A09D9487CC007D7D5032A5C
:106A000004D09B06D3D50B7C102BD0D10B7C204619
:106A1000009301F11C0201F11E031431FEF798F9F5
:106A200004460028B5D128460B21FFF77BFE012143
:106A30003046FFF777FEACE76FF01504A9E76FF07B
:106A40007F04A6E770B504460820EBF7E3FF054690
:106A5000E8B1061D08213046FFF734FE002C3CD07B
:106A60000721FFF72FFE234605F1970204F12001CD
:106A700053F8040B8B4242F8040BF9D10A2130463B
:106A8000FFF7E5FD70B109213046FFF74BFE072007
:106A9000EBF7C0FF044610B3ECF7B0F80146F0B1D5
:106AA000204617E010213046FFF7D1FD09210028CC
:106AB000EAD13046FFF7CBFD0028E8D0D5F8EC301E
:106AC000DB78002BE3D12846ECF798F90146002843
:106AD000DDD02846ECF7C8FED9E70B21F9E770BDF9
:106AE00070B50446A0F1EC0650F8543BE83CD3F8EE
:106AF000A050F4F737FD03212046FFF7A8FDA0B111
:106B000008213046ECF71AFE3DB16B8A13B16B7C5D
:106B10009B0702D52846EDF711FC3046BDE87040D2
:106B20004FF4BC72002102F0C9BC01212046FFF7DE
:106B30008EFD0028E4D10F212046FFF788FD0028B4
:106B4000DED1E1E710B5431E00F11002073013F863
:106B5000011F12F8014D83421C701170F7D110BD56
:106B6000F0B50E4614461D4697B00146202205A8F2
:106B70001C9FEDF78BFD202231460DA8EDF786FD19
:106B80002146102201A88DF85450EDF77FFD3B46B9
:106B9000412205A901A8EDF73BFE044610B938468D
:106BA000FFF7D0FF204617B0F0BD2DE9F0431646A1
:106BB0001D4697B00446DDE91F98102205A8219FC5
:106BC000EDF764FD1022314609A8EDF75FFD1022B4
:106BD00029460DA8EDF75AFD03221E9911A8EDF7DD
:106BE00055FD494611F8013BD9F801008DF84730B1
:106BF0008B880622129012A8ADF84C30EDF746FDB6
:106C0000414611F8013B06228DF84E30D8F801308C
:106C10000DF14F00CDF84F308B88ADF85330EDF7C4
:106C200035FD2146102201A8EDF730FD3B464122FB
:106C300005A901A8EDF7ECFD044610B93846FFF7A9
:106C400081FF204617B0BDE8F08300692830F3F7D4
:106C5000BFBC13460A460121FDF7A0B808B50020C5
:106C6000E2F76CFD002008BDF8B5069F0469C9B2C3
:106C7000EFF31186202585F31288BFF36F8F0C2563
:106C800069430C44D4F8885005F0070CBCF1010F9F
:106C90000CD1C4F8887086F31188BFF36F8FC4E9F4
:106CA000202343685B5898470020F8BD05F0C005D5
:106CB000AF4286F31188BFF36F8F0CBF6FF0770080
:106CC0004FF0FF30F1E713B580240094FFF7CCFFBD
:106CD00002B010BD0069CBB200EB43100021104799
:106CE0000320F0F717BA0220F0F714BA0320F0F7E8
:106CF0004BBA0220F0F748BA1046F3F769BCF0F738
:106D000039BCF0F7E3BB8022EDF7EEBF002208B5F7
:106D100011461046F8F766FC002818BF6FF0150002
:106D200008BDF7B51C460023164682682360A360A1
:106D30000D465369694601AA9847019B5A1E019264
:106D40001BB96FF0150003B0F0BD0098A26847684A
:106D50002168676085B9B31AD0F800C0634528BFC1
:106D6000634603FB07111A442160A26002689A423D
:106D700006D808300090E0E76B1AB3FBF7F3EBE7B7
:106D80000020E0E713460022FFF7CBBF2DE9F047D4
:106D90000024836886B0884691465B6902AA01A9EF
:106DA0009847A2462546029BAB4202D806B0BDE8F2
:106DB000F0870026019F07EBC5077B6804933A68BC
:106DC0000AEB0603B24202D89A460135EBE7494680
:106DD0000394059303A8C0470028E7D0049B01361D
:106DE0001C44ECE74FF05021022310B5C1F8B83530
:106DF0000469EEF7C1F928B194F8383003F00303C1
:106E0000C1F8583510BD4FF4000200230020C1E93D
:106E10000023704718B901F11800F3F7D9BB704788
:106E200031B94FF0FF324FF0FF331830F3F754BC55
:106E3000704738B50446026902F13003D3E8EF5FCA
:106E4000013DC3E8E15F0029F8D1536B23B9FFF797
:106E5000C9FF0DB9F1F7AAFD2069BDE83840F3F785
:106E6000B7BB08B50146EEF787F950B14FF0502295
:106E7000D2F8583503F0030381F838300123C2F803
:106E800058354FF050230022C3F8B8250720BDE83D
:106E9000084001F029BA38B50446056905F1300308
:106EA000D3E8EF1F0131C3E8E21F002AF8D12069BF
:106EB0004FF0FF334FF0FF32F3F70EFC6B6B23B94B
:106EC0002069BDE83840FFF7CCBF38BD7FB5FF2350
:106ED0008DF803300DF10303002101930123CDE967
:106EE0000231052303A88DF80C3001AB0491059302
:106EF000EEF790F90028A8BF9DF8030007B05DF8F1
:106F000004FB1FB5002188420CBF0623042301A8FF
:106F1000CDE9011103918DF80430EEF77BF90028DB
:106F200018BF6FF0040005B05DF804FB10B50C4607
:106F300000F084FC0023C4E90003184610BD38B5F6
:106F400005460C4600F07AFC002D07DBA84205D967
:106F5000401B84428CBF0020012038BD0020FCE78C
:106F600070B50D461946284616461C46FFF7E7FF42
:106F700028B921462846BDE87040EEF76DBC24B123
:106F800022462946304602F072FA002070BD43685E
:106F900000205B681B690B607047436802EA0100D0
:106FA0005B6821EA020198600020D960704743685D
:106FB00000205B6899607047436800205B68D96077
:106FC000704743685A68536821EA03000B40906099
:106FD0000020D3607047F0F71BBF10B500690F2980
:106FE0009FBF00EB810440F821202364002088BF6C
:106FF0006FF0150010BD002070471020704730B5AD
:1070000043681360057A446804EBC504A34202D3C5
:107010006FF0010030BD5C798C4201D00833F0E79D
:107020000020F7E743681B68D3F88004C3F88004A6
:10703000704703691A6813680BB1526818477047A4
:1070400030B587B004460D461422002101A802F095
:1070500035FA042320460DEB03018DF80430029528
:10706000FFF7E7FF07B030BD70B586B0066904468C
:107070000D461422002101A802F020FA02238DF807
:107080000430336820461B6C01A9029333689B6C63
:10709000CDE90335FFF7CDFF06B070BD30B503690C
:1070A0001C6843681B68EFF31185202080F3128869
:1070B000BFF36F8F206CA8B1E06CB0B90020C4E9B9
:1070C0001312042AC3F83415C3F8382582BFD3F845
:1070D000002242F02002C3F8002285F31188BFF39A
:1070E0006F8F30BD6FF00C00F7E76FF00F00F4E723
:1070F0000369186820B101601B6800205A6070475E
:107100006FF08500704710B5426800691368006829
:1071100060B9D3F8104164B1926A12780A70C3F86A
:107120001001D3F8102101221A6010BD6FF0850004
:10713000FBE74FF0FF30F8E7F8B5036904461D6838
:1071400043680F461E6805F1080001F098FAEFF356
:107150001182202383F31288BFF36F8FEB6C53B13E
:10716000D6F8003223F02003C6F800320023C6F818
:107170004C31D6F84C31002385F8633017B1012328
:1071800085F8643023691968012381F862306168E9
:1071900009684B6082F31188BFF36F8F0020F8BD40
:1071A00003691B681B6C13B10121FFF7C5BF6FF0AA
:1071B0000D00704710B503691968D1F8A420D1F803
:1071C000B040121B13D0082A28BF08224068C1F81B
:1071D000AC201968C069C1F8A8001B68D3F8A010DA
:1071E000D3F8B030194402F042F9012010BD104626
:1071F000FCE710B5044612EA030005D0605818B148
:10720000002301206350635810BD02680346D2F882
:10721000580140B95B68DB0706D4D2F8200100387A
:1072200018BF012070470120704713B501AA04461A
:10723000FFF7E5FE002805DB019B22681979186835
:10724000EEF7F6FE02B010BD10B402694468936810
:1072500023EA0101916011F0030108D143681B6822
:10726000C3F80015E068012110BCFFF7DEBF10BCB9
:10727000704710B5026993681943916013F00301D8
:1072800007D14368D8681C68FFF7CFFF0823C4F80C
:10729000003510BD10B543681C68C4F84415C4F827
:1072A00048250022C4F82021D4F82011C4F8582120
:1072B0005B68D4F858219B0702D50121FFF7D9FF5D
:1072C0000123A36010BD10B504464068FFF79DFF81
:1072D0000B6848B9012283F8B8204FF48002636834
:1072E0001B68C3F8042310BD002283F8B8204FF0B8
:1072F000FF320B682046C3F8B4200B68D3E92A128A
:10730000FFF7C8FFE9E72DE9F843174600220369B4
:1073100088461C68436805461E6894F86130D6F8B4
:107320003C1584F86120A26C9B1A1944002901DDE8
:10733000FFF79AFE2846216CFFF782FEE36C236478
:10734000236D63640023C4E91333A36494F86330AA
:10735000F3B1EFF31189202383F31288BFF36F8F0A
:10736000236CBBB1D6F8003223F02003C6F80032FC
:10737000B8F1000F08D13FB901233360C6F844715A
:10738000D6F8443184F8627089F31188BFF36F8FA7
:10739000BDE8F883D4E91632134303D004F10800A2
:1073A00001F06DF92B691A68012382F862306A686E
:1073B00012685360E8E710B5446B636822691B6884
:1073C0001268D3F8081139B10021C3F80811D3F8B5
:1073D000083182F8601010BD92F860300133DBB2E2
:1073E000042B82F86030F6D101F049F923691A685C
:1073F000D36CB3FA83F35B0982F8623001226368CD
:107400001B685A60E7E738B54268036915681A686F
:10741000D2F8A01051B1002482F8B8401868683042
:1074200001F02DF901232046EB6038BD6FF00D000F
:10743000FBE7406BFFF7E7BF08B5EFF73DFB08BD83
:1074400008B5EFF7CFFC002008BD08B5F7F776F8D0
:1074500048B1002383F31188BFF36F8F04231846CC
:1074600002DF6FF0040008BDF8F75EB808B5E0F77A
:1074700073FBE0F759FCBDE80840F8F755B8034640
:107480000020184700F030BF024610B5116891B1D6
:10749000B1FA81F3C3F11F000123834021EA030302
:1074A000D2E8EF4F8C4204D1C2E8EC3FBCF1000FB0
:1074B000F6D1EBD110BD6FF00B00FBE710B5036800
:1074C000CB40DB0710D401238B40026843EA020162
:1074D000D0E8EF4F944204D1C0E8EC1FBCF1000F9C
:1074E000F6D1F2D1002010BD6FF01500FBE770B5AA
:1074F000D0F880300646002B0C46154613DBD1F839
:107500008030002B0FDB00210846EFF76DFD48B9F6
:107510002B7843F00043C6F880302B7843F00043CB
:10752000C4F8803070BD6FF01500FBE708B5EFF7C9
:10753000BFFEF0F73BF8EFF79FFFBDE80840EFF71D
:1075400027BF38B54FF050240123C4F808336360D7
:10755000002342F21075C4F80031D4F80031D4F899
:107560000C24D4F80C34D20306D5DB0704D5012053
:10757000FFF788FF013DF2D138BD38B54FF05024F8
:107580004FF48073C4F808330123E361002342F20F
:107590001075C4F82031D4F82031D4F85434DB030A
:1075A00004D50120FFF76EFF013DF6D138BD38B597
:1075B0004FF050244FF40073C4F808330123636282
:1075C000002342F21075C4F82431D4F82431D4F8E1
:1075D0005C34DB0304D50120FFF754FF013DF6D1F5
:1075E00038BD38B54FF050240223C4F808330123C6
:1075F000E360002342F21075C4F80431D4F804317A
:10760000D4F81834DB0304D50120FFF73BFF013D1C
:10761000F6D138BD43090AD0012B0BD14FF6FF73C9
:1076200000F01F0023FA00F000F0010070474FF057
:10763000FF33F5E70020704710B504460846F0F721
:1076400001F804EB4004A08AC0F3401010BD10B54F
:1076500004460846EFF7F6FF04EB4004A08A10F05A
:107660001C0018BF012010BD10B504460846EFF7F6
:10767000E9FF04EB4004A08AC0F3400010BD10B540
:107680000446FFF7F1FF10B12046FFF7D5FF00F0E9
:10769000010010BD10B504460846EFF7D3FF04EB18
:1076A0004004A08A400B10BD70B50446084616463B
:1076B000EFF7C8FF083034F810300D46DA0509D569
:1076C000C3F3432304EBC3023146284654F8333056
:1076D00052689847A3682BB131462846E268BDE856
:1076E0007040184770BD2DE9F3411746DDE9085891
:1076F000019001A80C461E46EFF7EAFF019B391ED8
:1077000018BF012100EB8300231E18BF0123002EA8
:1077100043EA410314BF0C210021002D43EA010379
:1077200014BF4FF470610021B8F1000F43EA010368
:1077300014BF4FF440310021D0F800220B4322EA5D
:10774000030304B124780FB13F787F001C430EB1CE
:107750003678B6003C438DB1297809023443B8F13C
:10776000000F03D098F800804FEA0848214341EA0F
:107770000801C0F8001202B0BDE8F0812946EDE72B
:107780001FB50DF10F03019300238DF80F101A465A
:1077900019460093FFF7A7FF05B05DF804FB2DE93C
:1077A000F04700250446884617462E464FF001094B
:1077B000AA46BE420CD1D4F87C3133B10023C4F8C0
:1077C0007C31D4F87C3145F000452846BDE8F0878F
:1077D000F0B2EFF7B1FFA0F580739B0809FA03F34D
:1077E00018EA030F05D022581AB144F800A0225815
:1077F0001D430136DDE738B504460D46FFF71CFF93
:10780000B0B12046FFF730FF90B92046FFF742FFA6
:10781000012322688340C2F80833236800B203EBD7
:107820008003D3F8102522F00302C3F8102538BDD9
:107830002846BDE838400021FFF7A2BF4FF4801072
:1078400070474FF4805070474FF4807070470223A8
:10785000F0F78ABD0323F0F787BD2DE9F04389B027
:10786000109E0446894690460021202268461F4605
:10787000129D01F023FE1F2E97BF01234FF0FF330F
:10788000B34003F1FF332361119BC4E90098C4E9BD
:1078900002766361183445B10FCD0FC495E80F002F
:1078A00084E80F0009B0BDE8F0836D46F4E773B5D6
:1078B0000468661C31D08568A9422ED264182CD089
:1078C0005E18AE4288BF6B1A056A35B10093052376
:1078D000A8470346184602B070BDBFF35B8F194638
:1078E000A41A101919B140EA0205AD070AD10329FB
:1078F0000DDC013811448A42ECD010F8014F02F837
:10790000014BF8E70078013902F8010BE9E750F87C
:10791000044B043942F8044BE9E76FF02103D9E73F
:1079200073B50468651C32D08568A9422FD26418EB
:107930002DD05E18AE4288BF6B1A456ACDB1009358
:107940000523A84702B070BD12F8015B013905702C
:107950001546A01819B140EA0206B607F4D103296A
:107960000ADC013D014488420CD1BFF35B8F18460D
:10797000E8E71946A41AEBE755F8042B043940F858
:10798000042BECE715F8012F00F8012BEBE76FF063
:107990002100D7E773B51C46036815465A1C29D049
:1079A0008268914226D25B1824D066189642866A75
:1079B00088BF541A36B105232A460094B0472046A2
:1079C00002B070BD184622464AB9294601F076FD3C
:1079D000BFF35B8FF3E700F8015B013AF4E783073D
:1079E000F9D14FF001336B43032AEEDD40F8043B3D
:1079F000043AF9E76FF02100E2E70020704710B485
:107A0000046B02460B4684B9C1681F2998BF23FA4C
:107A100001F4416861B18068834209D2106918405D
:107A200051F82430184410BC7047234610BC184746
:107A30004FF0FF30F7E770B5436B05460E46E3B9EC
:107A40000469621C09BF43680C401C680C1B21467A
:107A50002846FFF7D4FF864207D02B6901331C4428
:107A6000AB689C42F3D34FF0FF342868431C07D027
:107A7000AB68A34204D9204470BD98470446F4E79C
:107A80000020F9E730B5059CC4E90002039A218182
:107A90001989E260049A618121856261D3E9002538
:107AA00002EB0113C4E906128A1C236203EB4203B2
:107AB0006A1C13446D422B406362836953B90139D8
:107AC000E2698B4202EB031206DB002393736FF033
:107AD0007F03D373002030BD0133D381F0E72DE95C
:107AE000F04FB0F830A004465546002685B002EBB2
:107AF000030891460E9A00EBCA031FFA88FB9A63AB
:107B0000A3F83CB008F1FF32C3690F1D0192B045E4
:107B10001ADC238D2586A3EB0B032385236A618959
:107B20005A8801390A4003EB4203A3F804A0BFF3CB
:107B30005B8F0020226A538801335380638D0133A9
:107B4000638505B0BDE8F08FE06A2A0157F8041C90
:107B500003EB0515029303680392C91A836808377B
:107B6000994228BF4FF0FF31FFF749FFDDE90232AC
:107B7000985000226A6057F8082CAA60019A964231
:107B8000ACBF00220122B145D8BF42F00202AA8157
:107B90000136ED89BBE7F0B550B3456A448E6B887A
:107BA000A34230D0631C43864389BFF35B8F013B04
:107BB0001C4005EBC4056B689EB209B1AD680D6051
:107BC000D0F81CC09BB20CEB031100EBC3039D8FDC
:107BD000078D2F44013D07859D878D896F070ED541
:107BE000058ECD8100210686986B996302B11480C1
:107BF000F0BD9D8FC989013D0CEB01119D878D89D9
:107C0000ED07F6D4ECE70020F2E7C36903EB0113BC
:107C100098687047C36909015958C06AFFF70BBFDC
:107C200070B5BFF35B8F0D46016A1646838E4A8896
:107C300004469A4212D05A1C82864289013A134065
:107C400001EB43018988298089B2FFF7E3FF2A8885
:107C5000E36903EB02139B68336070BD0020FCE70F
:107C600010B5026893691269920017D543B9438E23
:107C7000026A81694489013B1B1B02EB410293802C
:107C800003689B69012B08D1838E426A8169408910
:107C9000013B1B1A02EBC102938010BD23B9026A9B
:107CA000138843F00103138003689B69012B01BF14
:107CB000426A138843F001031380EEE710B5BFF367
:107CC0005B8F036804461A699B6912F0005F1AD043
:107CD0007BB9036A426A5B888169013B02EBC1029E
:107CE00092889B1A628D9BB29A4214D800236385B6
:107CF00010BD012BFAD1436A026A5B888169013B9E
:107D000002EB4102ECE763B9436A1B88DB4303F0F3
:107D10000103002BEAD06369002BE7D02046984787
:107D2000E4E7012BE2D1036AEFE7036A828E598808
:107D300091420AD0418901390A4003EB42039A88F3
:107D4000C36903EB02139868704700207047BFF3C4
:107D50005B8FC36803B1184770474FF0FF324FF095
:107D6000FF33F2F7B9BC10B1C36A0133C362704785
:107D700038B1C26A013AC2621AB9026B02B1104745
:107D80000262704770B50446056A05F16406304624
:107D9000FFF7E3FF636AA3F580637F2B0BD8012213
:107DA0005909503503F01F039A4055F8213023EA52
:107DB000020345F82130D4E90F124A60E16B04F167
:107DC0003C0311602046C4E90F33FFF7D1FF304672
:107DD000BDE87040F2F7FCBB10B5436A8CB00A9363
:107DE0002023044602460B9102A8194600F058FAD7
:107DF00028230122CDE9003220463522616A02ABF8
:107E0000F1F74EF800EAE0700CB010BD30B1006A36
:107E100020B119B1D0F8883003B11847704730B19C
:107E2000006A20B119B1D0F88C3003B118477047FF
:107E300030B1006A20B119B1D0F8903003B11847C1
:107E4000002070472DE9F8430646884617469946B4
:107E50000468A64201D1002520E07A1CA4F13C056B
:107E600002D06B6ABB4219D0B8F1000F22D0202299
:107E70004146284601F03AFBE0B9B9F1FF3F02D094
:107E8000AB6A4B450AD07B1C0BD02468B442E2D0CD
:107E900054F8183CA4F13C059F42E8D12846BDE8BF
:107EA000F883AB6A0133F9D02468B442D3D0A4F18B
:107EB0003C05D9E72468CCE770B505460C461E465C
:107EC000CAB120232046194600F0EAF90123E362F3
:107ED000049B6662A362059B25626363069BA363A2
:107EE000079B63646A6804F13C03C4E90F526B604A
:107EF000226C136070BD0A70E8E710B5044690B1BB
:107F0000036A83B102784AB193F8A43033B1436A6B
:107F1000B3F5806F02D30121FFF75EFF2046BDE875
:107F20001040FFF72FBF10BD20B1036A13B15B688B
:107F300003B11847704708B530B1036A3BB1DB683D
:107F40002BB19847002008BD6FF01500FBE76FF0DC
:107F50000500F8E77047F2F73BBB4FF0FF324FF0F8
:107F6000FF33F2F7B9BBF8B50C4600F164070546DC
:107F7000A4F110063846FFF7F0FF3046F1F746F857
:107F800080B154F8083C24F8083CD5F8CC3044F8CB
:107F90000C3C05F1C80344F8103CC5F8CC6054F81B
:107FA0000C3C1E603846FFF7D6FF0020F8BD38B500
:107FB0000D4600F164042046FFF7CFFF55F8083C5A
:107FC000204603F5803345F8083CBDE83840FFF70C
:107FD000C2BF2DE9F04188B00E9C282A8846D4F80B
:107FE000C0006ED101688568A8EB0101A94228BFD5
:107FF0004FF0FF3120236A46FFF759FC04F1640675
:10800000D8F820703046FFF7A8FF3B464FF0FF320C
:1080100069462046FFF716FFD8F824300546E0B140
:10802000D0F8308003F00103B8F1000F02D0DBB9C3
:10803000AF6230E0002BFBD04FF0FF33836230465D
:10804000FFF789FFAB6B83BBD4F88030002B38D0AF
:108050003A4669462046984733E0DB071FD430464E
:10806000FFF779FFE36FF1E74FF0FF338362FFF72C
:108070007AFE3046FFF76FFFAB6BA3B9D4F88030C0
:108080001BB13A466946204698473046FFF765FFE0
:108090002846FFF76DFE3046FFF75DFF11E03046E2
:1080A000FFF759FFD0E74FF0010828469847D4F86A
:1080B00080301BB13A46694620469847B8F1000F18
:1080C000E3D1002008B0BDE8F08170B500F164068E
:1080D000A1F1100504463046FFF73FFF2846F0F7B0
:1080E00095FF38B120462946F1F76CF8D4F8B8006E
:1080F000FFF7E4FD3046BDE87040FFF72CBF10B538
:1081000048B149B143688B4206D382680468D21AE9
:108110005B1A4360A01810BD0020FCE72DE9F3476F
:108120000546D0F8B4000E46904618B9002002B0BB
:10813000BDE8F087036A002BF8D09B68002BF5D0D0
:1081400098474307F2D543F69823B8F1000F18BFBC
:10815000984605F1640705F1C8093846FFF7FDFEAA
:10816000D5F8C8404C452BD054B3D4E90023536014
:1081700022681A60C4E90044D5F8B43021899B69AB
:10818000ADF806107BB1012B14D03846FFF7E3FEA3
:10819000BDF8063004F1100003F58033A3603368A6
:1081A000103B3360C3E7D5F8A8303360D5F8B4305E
:1081B0009B69E8E7D5F8BC00FFF727FD3060E4E7EE
:1081C000D5F8B430D3F818A0BAF1000F36D1314643
:1081D000D5F8BC000DF10602FFF7DDFC04460028CF
:1081E000D3D1D5F8BC301B8DB3B93846FFF7B3FEF9
:1081F000B8F1000F9AD0D5E92D32182112891B6BE6
:1082000001FB0233D5F8D02022BB21200021F4F756
:1082100087FA08F1FF38A0E7D5F8A810D5F8C40010
:10822000FFF76DFF0446D5F8A830ADF806A033601F
:108230003846FFF790FE002CDAD0A9E7BAF1010F1B
:10824000D3D13246D5F8BC000DF10601FFF7E8FCAA
:108250000446EDE71969284690476FF4FB6398429E
:10826000D3D000283FF479AF60E720B119B112B143
:10827000C0E901220160704738B5044618B938BD1D
:108280003C38FFF73AFE20688442F9D10025D4F843
:10829000B400C4E92E55FFF747FEC4F8B450EEE72A
:1082A00070B505461C4699B18B4228BF0C46661C2A
:1082B000013E05D012F8013B00F8013B002BF7D13D
:1082C000A14207D9091B8A19002101F0F7F8A11B67
:1082D000084670BD00230D4405F8013CF7E708B5DA
:1082E000F1F70CFA002008BD08B1E1F791B9704729
:1082F00040B1C368587810F001001EBF1878B0FA7A
:1083000080F040097047EFF31183202383F3128834
:10831000BFF36F8FFEE710B400F10C04C0E9034413
:108320000024446110BCDBF707BC8169C26842EAE3
:10833000010313F003030FD103614369013B03FB06
:108340000122002B01DA002070470169013B116016
:1083500081690261521AF4E76FF01500704710B599
:10836000C0E905320023C160C36183600446FFF7A2
:10837000DCFF0028A8BFC4E9004410BD90F90E300E
:108380008B4201D0F3F762BE002070470346002005
:10839000C3E90033C3E90200704710B5044630B1A9
:1083A0000268930703D0446809B100F0C7F920467A
:1083B00010BD0023C0E90033836000F10C03C0E965
:1083C000033300F11403C0E905337047012307B5F7
:1083D000009300230A461946F1F7A4FF03B05DF8A5
:1083E00004FB002307B50A4600931946F1F79AFFEC
:1083F00003B05DF804FB00210068FFF7CEBF5AB15F
:108400008A4209D300F11003C0E90212C0E900005A
:10841000C0E90433002070476FF015007047012356
:1084200002688B4022EA0303036022FA01F000F0A5
:1084300001007047704710B5032104460C30FFF768
:10844000EEFF30B104F11000F4F7B2FDB0FA80F0A5
:10845000400910BD20B100228C301146F4F72CBB2E
:10846000704770B5C3680446C3F340069B0716D433
:10847000856802210C30FFF7D2FF80B1D5F8842047
:108480006AB194421DD122689EB9D5F88830C5F8EA
:1084900084209C4201D1C5F8882000232360E36832
:1084A00013F01F001EBF43F00203E36040F0020020
:1084B00070BD3260D5F88820944208BFC5F8886046
:1084C000EBE716461268DBE710B5F2F737FC041E3F
:1084D00008DDEFF31180202383F31288BFF36F8F41
:1084E000F3F7E6FE204610BDEFF30580003818BF15
:1084F000012070476FF05700704700207047D0E9A7
:10850000003213605A600023C0E90033704738B569
:1085100004460D46F3F700FB637B43F002036373ED
:10852000E5B1A5602B689D4209D16B68C4E9005391
:108530001C606C6012E06A689A42F6D01B68002BDF
:10854000F3D094F90E2093F90E108A42F3D09142A1
:10855000F1DD5A68C4E9003214605C6038BD012165
:108560001838F3F74BBC10B50446F3F7FFFB04F1E2
:108570001800BDE81040F4F71BBD38B50546046887
:108580000020AC4200D138BD002CFCD02046FFF7C3
:10859000EAFF2046F3F7A4FB2C680120A542F1E78F
:1085A00008B50246F4F7FAFB70B1D0E904319B1A22
:1085B00061EBE272B3F1004F72F1000104DA002ABC
:1085C000ACBF1846002008BD6FF00040FBE708B5BF
:1085D000F4F7F0FD08BDF4F7EDBDB3F1FF3F08BFC0
:1085E000B2F1FF3F70B506461D46144614D01A433B
:1085F00016D0002B08DBF4F7DDFD041941EB050173
:10860000C6E90041304670BD6FF001031C1B4FF0FE
:10861000FF3363EB0501F3E74FF0FF342146EFE74B
:108620000024FBE7B3F1FF3F08BFB2F1FF3FF8B50D
:10863000074616461C4610D054EA020311D0F4F740
:10864000B9FDB0420A46A14103460AD2F31A64EBCF
:108650000204C7E900343846F8BD4FF0FF331C462A
:10866000F7E70023FBE70023C0E9081200F1180236
:10867000C0E90622C0E9003303634363704710B5C5
:108680000446F4F795FCA8B9636A0BB120469847F5
:1086900004F11800F3F78CFC60B1F3F721FBEFF362
:1086A0001180202383F31288BFF36F8FBDE8104041
:1086B000F3F7FEBD10BD2DE9F041846805460E4676
:1086C000D4B16378012B22D114F8533C9A0711D509
:1086D000A4F160073846FFF746FF082E0CBF6FF085
:1086E00003030023E36114F8533CDB0602D1384650
:1086F000F3F7F6FA002323700020EB68A860C3F3B9
:108700008632164366F39433EB60BDE8F081022BAA
:10871000F0D12378002BEDD054F8048CB8F1000F81
:10872000E8D004F11400F4F743FC0023A4F114078B
:1087300039464046E362F2F701FBDBE720B1011F57
:1087400050F8040CF1F748BA704770B5A0FB01541B
:1087500024B92846F5F704F8064610B90026304635
:1087600070BD2A46214600F0A9FEF8E770470020B8
:108770007047704710B5044608B1F5F7C1F92046B7
:10878000BDE81040F5F7ACB90346C068E0B15888C1
:10879000D0B11B8803F44F42B2F5824F09D1DBB24E
:1087A000272B2AD008D8172B0FD0222B34D0122BEE
:1087B00016D06FF085007047302B2FD0413B012B36
:1087C000F7D8FF2839D100207047C028FBD0E12816
:1087D000F9D0B0F5807F0CBF00206FF086007047A5
:1087E00020F02003C02BEED020F08003B3F5807F73
:1087F000E9D040F209239842EDE7E928E3D0EF28D9
:10880000E1D040F21B139842DDD040F29913984218
:10881000D9D040F23B23EEE7E928F1E720F020032E
:10882000C02BD0D020F04003B3F5807FCBD0B0F583
:10883000C07FC8D0B0F5007FCDE7B0F5E07FCAE7D4
:108840003AB1002918BF00232121D21A184400F0A0
:1088500035BE70472DE9F04F9B46002389B08DF857
:108860001B30159B9146DDE912A7002B0D460B46E8
:108870000CBF4FF400624FF4806207A9DDF850800E
:10888000F5F7D0FA0446D0B9079E284631880DF195
:108890001B02F5F773FB044688B99DF81B30BB42F9
:1088A0001FD8CDE90338CDE901BACDF800902B46A9
:1088B000D6E909123046F5F7D5FF044608B1C8F8E5
:1088C00000703A4621465046D8F80030FFF7B8FF0E
:1088D0000798F5F7A9FF002C18BF204609B0BDE89E
:1088E000F08F6FF08904EAE741F2062398421AD824
:1088F000B0F5905F09D241F2010398420CD0B0F577
:10890000885F09D06FF0850070476923A0F590500B
:1089100080B2C340DB07F5D511F0070F0CBF002074
:108920006FF086007047B0F5105FEBD121F0400387
:10893000802B06D0B1F5807F0CBF00206FF0860041
:1089400070470020704770B5446A05460E463CB932
:108950000120F5F7BFF8686228B12046AE6270BD0D
:108960006FF08A00FBE76FF08C00F8E7F8B51E4661
:108970000F4615460388C2B103F4E043B3F5805FA8
:1089800002D0B3F5005F10D1089BE90019600088A0
:10899000FFF7AAFF044630B92A463946304600F0B0
:1089A00066FD079B1D602046F8BD6FF08504FAE761
:1089B00010B50446406A10B1A16AFFF7DBFE002043
:1089C000C4E9090010BD38B50546FFF7F1FF2B7F5C
:1089D0000446012B0ED0023B012B0ED82B6A012B33
:1089E00018BF6FF096042C220021284600F066FD87
:1089F000204638BD2B6A002BF2E76FF09604F2E7B1
:108A000038B5049D1446AA420BD8184600F02FFD35
:108A100000212A1B204400F051FD0020059B1C6012
:108A200038BD6FF08900FBE77FB50E461D46144642
:108A3000BAB1002301222B6003A9F5F7F3F970B94D
:108A4000CDE9004503983346D0E9091200F06BFAEE
:108A500004460398F5F7E8FE002C18BF204604B042
:108A600070BD6FF08900FAE770B50488154604F40C
:108A7000E042B2F5804F049E22D144F2010224F478
:108A8000405090420DD004F44F44B4F5824F08D0CA
:108A9000B4F5844F05D0B4F5884F02D0B4F58E4FAD
:108AA0000ED1B5420FD818462A4600F0E0FC00214E
:108AB000721B284400F002FD0020059B1D6070BD64
:108AC0006FF08500FBE76FF08900F8E7F0B50F461F
:108AD0001E46154685B00AB3002303A91A46336023
:108AE000F5F7A0F9044638B9039803885B0406D467
:108AF000F5F79AFE6FF08604204605B0F0BDCDE98B
:108B000000563B46D0E9091200F018FA04460398D3
:108B1000F5F78AFE002C08BF0446EDE76FF08904E4
:108B2000EAE710B50368044653B100F07BFA00236E
:108B30002360A38823F4FF7323F00103A38010BDF7
:108B40001846FCE72DE9FF41984600230C460168D2
:108B5000054617460393A9BB4FF4A872083000F0EE
:108B6000ADFCB8F1000F20463B4614BF4FF48062C5
:108B70004FF4006203A9F5F755F9044620BB039EA4
:108B8000384631882A1DF5F7F9F90446E0B96B79C2
:108B9000314668F300036B7100972846D6E9092334
:108BA000B8F1000F0BD0F5F775FE044660B90398D5
:108BB000F5F73AFE0446204604B0BDE8F081F5F72B
:108BC00089FEF2E76FF088042846FFF7AAFF0398B2
:108BD000F5F72AFEEFE70123FFF7B4BF38B50468C5
:108BE000054664B112B90024204638BD00F005FAEC
:108BF00004460028F7D02846FFF793FFF4E76FF00C
:108C00008804F1E72DE9F0411746026805460E4653
:108C1000984682B14279D2070DD502795AB1BA424B
:108C200016D800F0F3F9044638B9A6B92846BDE8CD
:108C3000F041FFF776BF6FF088040023C8F800709A
:108C40002B7146B92846FFF76CFF2046BDE8F0813E
:108C50006FF08904F1E721463A463046D8F80030F3
:108C6000FFF7EEFD2846FFF75CFF002C08BF044627
:108C7000EBE71FB501240394089C0294079C019420
:108C8000069C0094FFF7E6FD04B010BD2DE9F04707
:108C900005469A46002388B0079325F0004323F445
:108CA0007F03B3F1106F0846DDE910961746DDF833
:108CB00048801CD12B464FF4804207A9F5F7B2F843
:108CC0000446B0B9CDE90368CDE901A9079800973A
:108CD0002B46D0E9091200F0ADF9044648B90798CF
:108CE000F5F7A2FD0446204608B0BDE8F0876FF016
:108CF000860431464846F5F723FB0798C8F800601C
:108D0000F5F792FDEFE703461B88084603F4E043BE
:108D1000B3F5805F114602D0B3F5005F01D1F5F7DE
:108D20000FBB6FF0850070477FB5002203880A6093
:108D3000CDE90122428806460D46002A69D0028804
:108D400002F4E042B2F5804F63D023F0FF03B3F5A5
:108D5000E24F02D0B3F5824F04D13046FFF714FD45
:108D60000446D8B9304602AA01A9F5F777F90446B6
:108D7000002843D1019B9B6A9BB10199304601F1C8
:108D80002803D1E9091200F087F80446002839D1F8
:108D900029460198F5F7C8F8044678BB204604B088
:108DA00070BD73681B0A22D13088718800F4E043DB
:108DB000B3F5805F15D0B3F5005F12D020F0FF034C
:108DC000B3F5E24F22D1C0B242280ED10831C90812
:108DD000039103990198FFF7B6FD04460028CCD013
:108DE0000CE0FFF781FD044640B90731EFE730465C
:108DF00003A900F04CF804460028EAD00198F5F7E2
:108E00008FF9CBE70198FFF7D3FDF7E76FF0850403
:108E1000F4E76FF08604C1E71C22002100F04EBB8E
:108E200003466FF040420846591E914207D338B1BD
:108E300003F1404393428CBF002001207047012082
:108E40007047034668B1017F8A1E012A0BD80329A7
:108E5000026A03D1012A01D1FFF7B5BD1AB1013A67
:108E60001A62002070476FF096007047002070472C
:108E7000C0B2002814BF6FF08500002070470020AA
:108E80007047704700226FF086001A607047002319
:108E90006FF086000B6070472DE9F041476804468B
:108EA0003F0A0D461646984611D107887F0407D41D
:108EB0004346324629462046BDE8F041FFF723BF2E
:108EC00000F0F4F810F1860FF2D0BDE8F0816FF0F9
:108ED0008600FAE72DE9F04F476885B03F0A04465F
:108EE000DDE90E9A0D4616469846DDF840B015D1DC
:108EF000CDE901ABCDF8009000F0CAF810F1860F73
:108F00000ED14346324629462046CDE90FABCDF877
:108F1000389005B0BDE8F04FFFF728BD6FF0860030
:108F200005B0BDE8F08F10B44468240A02D110BC2B
:108F3000FFF766BD6FF0860010BC70472DE9F34760
:108F400047680446DDE90A9A3F0A0D4616469846E8
:108F500011D1CDE9009A00F08DF810F1860F0CD1F7
:108F60004346324629462046CDE90A9A02B0BDE87A
:108F7000F047FFF779BD6FF0860002B0BDE8F087DB
:108F800010B44468240A02D110BCF5F79DBD6FF0FF
:108F9000860010BC704713B504464868000A0AD121
:108FA0000498009004F10800F5F73CFD08B91C2373
:108FB000236002B010BD6FF08600FAE710B40468B9
:108FC0001C2C03D110BC0830F5F758BD6FF086009B
:108FD00010BC704738B503681C2B0CD100F1080495
:108FE000204600F06AF94FF4907105462046F4F7E8
:108FF00087FD284638BD0025FBE703681C2B02D1FE
:10900000083000F035B96FF08600704710B404687E
:109010001C2C03D110BC083000F033B96FF086006F
:1090200010BC704703681C2B02D1083000F035B922
:109030000020704710B44468240A02D110BC00F02C
:1090400044B96FF0860010BC70470020704713B51C
:10905000002001AB1446F6F7F5FA30B9019BA342A4
:1090600018BF6FF0930002B010BD6FF09200FAE7E6
:109070000020704710B4048804F44F44B4F5824FC4
:1090800002D110BC00F046B96FF0850010BC7047EB
:1090900010B4048804F44F44B4F5824F02D110BCDC
:1090A00000F068B96FF0850010BC704710B40488F8
:1090B00024F0FF04B4F5E24F02D110BC00F0ADB9CA
:1090C0006FF0850010BC7047024612F8103BDB09B8
:1090D00003EBC303C3EB031312F8011D83EA41033F
:1090E000904213704FEA1323F6D170472DE9FF47E2
:1090F00005468846144622B3D0F8486100F59477B7
:1091000086B94FF01009A0440DF10C0A102CA8EB01
:10911000040237D823463946384600F0EEF8C5F841
:1091200048410EE0C6F110094A450FD8B919134657
:109130000846424600F0E1F8D5F848312344C5F826
:1091400048310026304604B0BDE8F087B9F1000F81
:1091500008D0B91942464B46084600F0CEF8103EFA
:10916000C8443444102203AB019339463B46284699
:109170000092FFF723FF06460028C2D02846FFF7DB
:1091800029FFDFE710233946384600F0B6F83B46A2
:10919000102239462846CDE9009AFFF70FFF064610
:1091A0000028EBD1103CB1E72DE9F0439846D0F808
:1091B00048311746102B0446894685B000F59C724D
:1091C00000F594751CD12946284600F096F8102227
:1091D00003AB019329462B4620460092FFF7EEFE93
:1091E000064630B93A462946484600F040F9C8F8E4
:1091F00000702046FFF7EEFE304605B0BDE8F08374
:10920000C618104696F8283183F0800386F8283176
:10921000FFF75AFF10230246D5E7F0B504460E4685
:109220001746D5B04FF4A672002101A81D4600F0E4
:1092300045F921463B46324601A8F5F76BFB04464B
:1092400080B929465A9A01A8FFF750FF044648B949
:10925000DDE95C235B9901A8FFF7A6FF04462046E1
:1092600055B0F0BD01A8FFF7B5FEF8E7F5F778BBFC
:1092700090F84C31022B01D1FFF738BF6FF0880016
:10928000704710B490F84C41022C02D110BCFFF78B
:109290008BBF6FF0880010BC704710B590F84C3150
:1092A0000446022B07D1FFF795FE4FF4A872002168
:1092B000204600F003F9002010BD08B54FF490726D
:1092C000002100F0FBF8002008BD10B4048804F46D
:1092D0004F44B4F5824F02D110BCF5F72DBC6FF0AE
:1092E000850010BC704703460144002013F8012B91
:1092F0008B4240EA0200F9D1704730B50B4411F8B7
:10930000014B12F8015B994284EA050400F8014B15
:10931000F5D130BDF8B505466F882D881846DDE9D2
:10932000063605F4E04CBCF5804F144606D19A424F
:109330001DD800F09CF834600020F8BD47F21212EE
:10934000954202D06FF08500F7E7640001349C423B
:109350000DD80423B7F5807F34600370F2D101305B
:10936000F5F768FD0028E7D06FF08600E5E76FF0BD
:109370008900E2E72DE9F0410E4644F212111F4642
:10938000038815468B42DDF8208042882ED047F2B4
:1093900012118B423BD102B9EA00B2F5807F36D17F
:1093A000202D03D06FF08600BDE8F08129463046BD
:1093B000FFF799FF0028F5D03046F5F727FD002884
:1093C000F0D1D8F8004034F48074EBD1069B9D4274
:1093D00020D82A463146384600F049F8079B2046F7
:1093E0001D604FF48073C8F80030DDE71AB9EB0751
:1093F000D8D56A08D200B2F5807F08D1412DD1D1ED
:109400003378042BCED1701CF5F70AFDD7E76FF047
:109410008500C9E76FF08900C6E7F8B51E4647F238
:1094200012130D4647880188FC1D99424FEAD40467
:1094300002D06FF08500F8BD944215D82146284629
:10944000F4F77EFF0028F6D121462846FFF74BFFB0
:109450000028F3D0B7F5807FEBD12846F5F7D6FC8E
:109460000028EBD13460E6E76FF08900E3E70A44B7
:10947000431E914200D1704710B511F8014B914243
:1094800003F8014FF9D110BD884210B501EB020479
:1094900002D98442234607D8431EA14208D011F8BE
:1094A000012B03F8012FF8E7024401468A4200D15C
:1094B00010BD13F8014D02F8014DF7E702440346D1
:1094C000934200D1704703F8011BF9E701390244C8
:1094D00010B5904201D1002005E0037811F8014F4A
:1094E000A34201D0181B10BD0130F2E710B56AB1DC
:1094F0000139841810F8012B11F8013F9A4203D169
:10950000A04201D0002AF5D1D01A10BD1046FCE7C8
:1095100010B50139044632B111F8013F013A00F8A3
:10952000013B002BF7D10021FFF7C8FF204610BDFB
:109530000246014410B58A42134603D01C7801321A
:10954000002CF8D1181A10BDF0B5C3F13707044646
:1095500003F01F031046FFB2082BE6B232D0102BE7
:109560003DD06508A40845EAC17544EA81748A08BB
:109570002D1942EB5102290941EA02716D1842EBA3
:109580001212290A41EA02616D1842EB1222290CDB
:1095900041EA02416D1842EB1242AD1842F100025D
:1095A000EC0844EA4274D10804EB8402A6EB4205BD
:1095B000EDB2092D0CD90134A5F10A0541F10001E4
:1095C000EDB212E0E40806F0070544EA4174C90868
:1095D000303554EA010200F8015BBDD1F0BD240929
:1095E00006F00F0544EA01740909092D84BFED193D
:1095F000EDB2EDE7D1E9043293421EBF5A1C0A6175
:109600001870704701480068704700000C2900205E
:089610000C79FD7F0100000050
:10961800A597000000000000795500000000000038
:1096280000000000F8960200DF820200000000003F
:10963800899B010000000000819C010000000000DF
:10964800000000003097020000000000149702009C
:109658006974020000000000000000004C9702003E
:109668000000000068970200AD50010000000000F3
:10967800056D010000000000295B000000000000EB
:10968800BD8C00000000000000000000849702006C
:109698006D74020000000000CDA70100000000006A
:1096A80000000000A097020000000000BC97020024
:1096B80000000000D897020000000000F4970200A4
:1096C800A96D000000000000B19B00000000000030
:1096D80041740200000000004B740200000000000A
:1096E80099A10000000000008D6D0000000000003E
:1096F800EA10030080A50200AC9A0200540A002078
:109708004C2C00208D4D010000000000891403003E
:1097180034A60200689A02005C0A0020202D00206E
:10972800C55D0100000000009514030048A6020072
:10973800689A02005E0A00202C2D0020C55D0100F9
:10974800000000007D11030000000000B0A5020029
:10975800560A0020000000000D6D02000000000005
:109768003F1603005CA60200C89A0200620A0020A5
:109778007C09002061620100000000007D150300E3
:10978800740900208C9A0200600A0020382D0020FD
:10979800015E01000000000043130300C0A50200A1
:1097A800509A0200580A0020380900208952010006
:1097B80000000000ED0F030078060020749F0200EF
:1097C800500A0020780F0020FD3902000000000038
:1097D800E60F030000000000A09A0200520A0020D1
:1097E800F40800200000000000000000B31303008C
:1097F80000000000389A02005A0A00200000000009
:089808007D5801000000000082
:1098100000000000B944020000000000B94402004A
:1098200000000000B944020000000000B94402003A
:1098300000000000B94402002D7502007F74020090
:1098400000000000B944020000000000B94402001A
:1098500068970200F965010000000000B9440200A9
:1098600000000000B944020000000000B9440200FA
:1098700000000000B944020038070020D76F020042
:1098800000000000B944020000000000B9440200DA
:1098900000000000B944020000000000B9440200CA
:1098A00000000000B944020000000000B9440200BA
:1098B00000000000B944020000000000FD6A010041
:1098C00000000000B944020000000000B94402009A
:1098D00000000000B944020000000000B94402008A
:1098E00000000000B944020000000000B94402007A
:1098F00000000000B944020000000000B94402006A
:1099000000000000B944020000000000B944020059
:1099100000000000B944020000000000B944020049
:1099200000000000B944020000000000B944020039
:1099300000000000B944020000000000B944020029
:1099400000000000B944020000000000B944020019
:1099500000000000B944020000000000B944020009
:10996000398101007F740200058B01007F740200C1
:1099700000000000B944020000000000B9440200E9
:1099800000000000B944020000000000B9440200D9
:1099900000000000B944020000000000B9440200C9
:1099A00000000000B944020000000000B9440200B9
:1099B00000000000B944020000000000B9440200A9
:1099C00000000000B944020000000000B944020099
:1099D00000000000B944020000000000B944020089
:1099E00000000000B944020000000000B944020079
:1099F00000000000B944020000000000B944020069
:109A000000000000B944020000000000B944020058
:109A100000000000B944020000000000B944020048
:109A200000000000B944020000000000B944020038
:089A300000000000B94402002F
:109A3800616F020031590100A55801005158010019
:109A48002D6F020041580100E15401000556010044
:109A580015570100B1510100076E0200A151010024
:109A6800C15B01008F6F02009B6F0200AF6F0200A5
:109A7800B96F0200C36F0200B55A0100B95901005D
:049A880000000000DA
:109A8C00315F0100DB6F0200F76F0200FB6F020019
:049A9C009D5E0100CA
:0C9AA000294B0100A54B0100CD4801003E
:109AAC00F14D0100076D0200C76C020000000000C0
:0C9ABC00AD4C01000000000000000000A4
:109AC800F1700200BD6901000774020061640100C1
:109AD8009D700200A1710200077102008D630100F0
:049AE80025700200E3
:109AEC0005000000C5E1000006000000B5330100D0
:089AFC000400000071F50000F8
:109B0400BD1D0000411D0000000000000000000019
:109B14000000000000000000092300000000000015
:109B24000000000000000000000000000000000031
:109B3400000000004D0F01000000000000000000C4
:109B4400D0A302000800000070A402000500000079
:109B540036FE02000300000060DF02000300000084
:109B6400AEF7020003000000DC0C03000300000059
:109B74008ADF02000300000088F0020003000000F6
:109B840045060300030000006ED10200030000003C
:109B94009CEA020003000000FD0F03000300000024
:109BA4007410030003000000FAEE0200030000003A
:109BB4008DED020003000000C40C0300030000004C
:109BC400B5FA02000300000009DD020003000000F2
:109BD40080D10200030000002CDE0200030000001C
:109BE400E80A03000300000001C6020003000000AD
:109BF400CEC202000300000016110300030000009F
:109C04004FDD020003000000CA130300030000003C
:109C140042C9020003000000CEC902000300000094
:109C24009BCA0200030000009FCA02000300000058
:109C340084CC020003000000881503000300000028
:109C4400F2D80200030000006EDB020003000000F3
:109C540009DC0200030000007CD1020003000000C4
:109C64006CD20200030000001B1F0300030000006D
:109C740050130300030000002FDE02000300000065
:109C840042DC0200030000001CC7020003000000C5
:089C9400491603000300000063
:109C9C0034A00200A806002073CC020001000000D2
:109CAC0029DE020000000000000000008198000086
:109CBC00119B000000000000FB01030001000000EC
:109CCC00000000002B5A0200000000000000000001
:109CDC00390603000100000000000000E907010044
:109CEC00000000000000000031060300010000002D
:109CFC000000000041FE0000D50D01000000000036
:109D0C00BC0C0300010000000000000089430100AE
:109D1C0065410100000000003F0603000100000047
:109D2C0000000000090401003903010000000000DC
:109D4000398D0100060000000001600030000000B5
:109D50000000000000000000600060000000000043
:109D60000000000083E9020088E902008CE902009B
:109D700090E9020094E9020098E902009CE90200DF
:109D8000A0E90200A4E90200A8E90200ACE902008F
:109D9000B0E90200B4E90200B8E90200BCE902003F
:109DA000C0E90200C4E90200C8E90200FF000000A7
:109DB000FF000000FF000000FF000000FF000000A7
:109DC000FF000000FF000000FF000000FF00000097
:109DD000FF000000FF000000FF0000000002000084
:109DE0000002000000000000000100081200000056
:109DF00000000000029ECADC240EE5A9E093F3A354
:109E0000B50100406E029ECADC240EE5A9E093F382
:109E1000A3B50100406E029ECADC240EE5A9E093C2
:109E2000F3A3B50300406E029ECADC240EE5A9E050
:109E300093F3A3B50200406E01030062746C6500E9
:109E40000000000000000000000000000000000012
:109E50000000000000000000000000000000000002
:109E600000000000000000000000000000010000F1
:109E70000338FDD87047000001000000000000001A
:109E800082800000000000008A8000000000008046
:109E900000800080000000808B8000000000000037
:109EA0000100008000000000818000800000008030
:109EB00009800000000000808A000000000000000F
:109EC0008800000000000000098000800000000001
:109ED0000A000080000000008B800080000000006D
:109EE0008B000000000000808980000000000080DE
:109EF000038000000000008002800000000000805D
:109F000080000000000000800A80000000000000C7
:109F10000A00008000000080818000800000008036
:109F20008080000000000080010000800000000030
:109F30000880008000000080F91C00000000000084
:109F4000111800008D180000000000007A8C01003C
:109F50004A2F0300418B0600879C0D0018451C000A
:109F600046A23A00B6747900C049FB0026540702A5
:109F70009A293004F9550000B53A0200D95700007B
:109F8000000000002558000011590000933802001D
:109F9000073902009B380200CD380200B7380200B2
:109FA000A13802000000000000000000E53B0200B4
:109FB000D73B0200E13B0200D53B0200000000005D
:109FC000000000000000000000000000C53B02008F
:109FD0007813002000010000A13C0200673C020051
:109FE000020000001B3E0200000000000000000014
:109FF0000000000000000000FFCB020007CC0200C0
:10A00000000000000000000000000000E603030064
:10A010000FCC020013CC020017CC020024A00200D7
:10A020006C210020CD6700008C210020DE4500203F
:10A0300001000000CD3E0200C33E0200913E02003E
:10A04000F167000000000000853E020000000000F3
:10A0500004000000000000000000000000000100FB
:10A06000F49702000100000000000100004007001A
:10A07000F4970200020000000040080000400700C2
:10A08000F49702000300000000800F000080000031
:10A09000F497020000000000914402000C07002029
:10A0A00004070020FC06002000000000F406002049
:10A0B000957C0000657B0000B97B00002D7C0000D2
:10A0C000C0040020000000000600010002000000A3
:10A0D000D4A00200000000009FDA0200020000008D
:10A0E000E0FF0F0000000020A7DA020021000000BE
:10A0F000E0FF062014070020E18D000000000000B2
:10A10000A1450200BD960000434602000000000089
:10A11000F8A0020020A1020047000000000000009B
:10A1200000500120F8A0020034A10200000100004C
:10A1300000000000B8530120F8A0020048A102006E
:10A140002E00000000000000EC5F0120F8A00200DB
:10A150005CA102000201000000000000C0600120BC
:10A16000CCE90200EAE9020005EA020015EA020071
:10A1700022EA02002BEA020032EA020039EA020077
:10A1800040EA020048EA020022EA020050EA020025
:10A1900062EA020077EA02008AEA02000E03000087
:10A1A00039B600000F04000005B600001A010000D7
:10A1B000119F000005040000299F0000130100000A
:10A1C00015A700003E010000F5A3000001120000E9
:10A1D0008F4802000A1E0000D3480200FF01000061
:10A1E00069A500003E01000049A50000050400002B
:10A1F000759F0000080400007DA9000030030000E6
:10A20000F5A800001001000051A0000002010000AC
:10A21000CDC100000112000015B300000A1E0000AD
:10A22000A949020003090000B1A00000040B0000CE
:10A2300025A20000060A000041B50000070A000040
:10A2400021A000000C050000ED9F0000050C00009F
:10A250007DB40000F8A0020064A2020047000000E4
:10A2600000000000DC6101202DF702003AF7020037
:10A270005AF702004EF7020065F702007CF7020071
:10A280008CF702001CFA0200A0F70200F8A00200FE
:10A290009CA202000000000000000000B066012047
:10A2A000F8A00200B0A202000001000000000000BF
:10A2B000D8660120374F0200774F020000000000EF
:10A2C000000000000000000081E600000000000027
:10A2D0000000000000000000000000000202010079
:10A2E000295702000404010005F5000006060100DC
:10A2F00045F400000804010031F300000A020100E7
:10A30000115702000C040100F95602000E0401006E
:10A3100005F200002004010069F1000010040100B2
:10A3200079F0000012020100C95502001E0004006D
:10A330000B59020052020000EF5502000104020016
:10A3400051FA0000030202000F5902000501020049
:10A35000D958020007040200E35802000901020074
:10A36000E75802000B000200EB5802000D0002004B
:10A37000EF5802000F000200F35802002102020011
:10A38000F758020011010200FB58020013000200FE
:10A39000FF580200170402000359020019000200CE
:10A3A000075902001B0203005F5102001D02050055
:10A3B00029EC0000230403004D510200F8A0020024
:10A3C000CCA302000201000000000000506A01203E
:10A3D000E2B902000B5F020000000000DEB90200DB
:10A3E00000000100DAB90200F5610200000000007F
:10A3F000A008002000000100D2B902000000000007
:10A40000000000000000000000000000CEB90200C3
:10A41000DD5E0200B1050100A80800200000030075
:10A42000CAB90200F561020000000000980800208F
:10A4300000000100C2B90200435F020005070100ED
:10A440000000000000000300BEB90200F561020038
:10A45000000000009008002000000100B6B90200D2
:10A46000E90C0100000000000000000000000100F5
:10A4700002BA02000B5F020000000000FEB90200F9
:10A4800000000100FAB90200F561020000000000BE
:10A49000C808002000000100F2B90200735F02004A
:10A4A000000000000000000000000100EEB9020002
:10A4B000F561020000000000C0080020000001005B
:10A4C000E6B902009D5F02000000000000000000ED
:10A4D00000000100F5320100E16A0200553D010073
:10A4E0000000000000000000D5390100000000005D
:10A4F000000000000000000000000000000000005C
:10A5000000000000FD660200060000008D2C010026
:10A5100006000000BD67020010000000A531010028
:10A5200010000000F53C0100010000004766020039
:10A5300010000000F96602000A000000D533010097
:10A5400010000000B93A010007000000F5660200A3
:10A55000100000002D36010001000000992F0100BD
:10A5600040000000052B01001000000039670200C8
:10A57000010000003D4C0100654D0100000000009D
:10A58000F54E0100794C0100F5100300036D020047
:10A59000FF6C0200FB100300E76C0200F36C02008A
:10A5A00001110300E16C0200ED6C02000B110300CD
:10A5B000FD500100000000000400000000FF00004A
:10A5C000000000000000000000000000000000008B
:10A5D0000000000000000000000000000403000074
:10A5E0000000000BF40100000001010000008000E9
:10A5F000C2281700F8A5020000B0025004A602000D
:10A60000010000000CA60200060000001118001D49
:10A610000D18001F0E1800200F180021101800221E
:10A620001218001E000800000010000004000000C6
:10A6300000FF0000FFFF00000028845038070020C2
:10A640000000000001000000FFFFFFFF0025845014
:10A6500038070020000000000000000000800050CB
:10A66000030000000000000088A602000000D601E0
:10A6700000000000000000002E47002029470020B5
:10A6800028470020274700200080005094A60200A1
:10A69000010000009CA6020004000000140000005D
:10A6A0001300000216060001150600030800000052
:10A6B0000300000008000000030000008E1B0300E0
:10A6C000A11B0300B41B0300C71B0300DA1B03001C
:10A6D000ED1B0300001C0300131C0300661E030097
:10A6E000741E0300881E0300971E0300A31E0300B0
:10A6F00018960200209602007896020080960200CA
:10A70000F0960200F89602001C22030000010000EF
:10A7100088130000512563FCC2CAB9F3849E17A7B1
:10A72000ADFAE6BCFFFFFFFFFFFFFFFF00000000E8
:10A73000FFFFFFFFAAAAAAAAAAAAAAAAAAAAAAAA25
:10A74000555555555555555555555555000000000D
:10A7500055555555522563FCC2CAB9F3849E17A7B7
:10A76000ADFAE6BCFFFFFFFFFFFFFFFF00000000A8
:10A77000FFFFFFFF512563FCC2CAB9F3849E17A7F0
:10A78000ADFAE6BCFFFFFFFFFFFFFFFF0000000088
:10A79000FFFFFFFF96C298D84539A1F4A033EB2DF7
:10A7A000817D0377F240A463E5E6BCF847422CE1E3
:10A7B000F2D1176BF551BF376840B6CBCE5E316B27
:10A7C0005733CE2B169E0F7C4AEBE78E9B7F1AFEEB
:10A7D000E242E34F4B60D2273E3CCE3BF6B053CC37
:10A7E000B0061D65BC86987655BDEBB3E7933AAAD3
:10A7F000D835C65AFCFFFFFFFFFFFFFFFFFFFFFF3B
:10A800000000000000000000000000000100000047
:10A81000FFFFFFFFFF8FFFFFFF8FFFFFFE8FFFFF99
:10A82000FE8FFFFFFD8FFFFFFC8FFFFFFC8FFFFF01
:10A83000FB8FFFFF6D757465785F667265652063D9
:10A84000616C6C65642077697468204E554C4C20AF
:10A85000706172616D6574657200000043616E27FE
:10A860007420696E697469616C697A65206D7574AC
:10A8700065782C20776173204E554C4C0D0A0000F2
:10A880004661696C20746F2061637175697265201F
:10A890006D757465780A00004661696C20746F20DC
:10A8A000696E63726561736520504D20636F756ECC
:10A8B0007465720A000000004661696C20746F20A4
:10A8C000646563726561736520504D20636F756EBA
:10A8D0007465720A000000004661696C20746F2084
:10A8E00072656C65617365206D757465780A00002A
:10A8F000436F756C64206E6F74206C6F636B207097
:10A900006F7765722073617665206D757465780068
:10A910004661696C20746F20756E6C6F636B206D7F
:10A92000757465780A0000006374782063616E6E48
:10A930006F74206265204E554C4C00000A63747899
:10A94000206973204E554C4C0A00000067E6096AE6
:10A9500085AE67BB72F36E3C3AF54FA57F520E5140
:10A960008C68059BABD9831F19CDE05BD89E05C1D0
:10A9700007D57C3617DD703039590EF7310BC0FF23
:10A9800011155868A78FF964A44FFABE01234567D3
:10A9900089ABCDEFFEDCBA9876543210F0E1D2C329
:10A9A00000004100430047004D00560064007A005B
:10A9B0009A00CD001F01FB0F31113904CD04E209CB
:10A9C0007E170B1FD114130A8F124019B72D6F1B5E
:10A9D000FC0A0217CA29250C4D08A807AD2A6929C7
:10A9E000A4285D105307D7166221071246143C2C89
:10A9F0005229FA16932BE120F32F6729161D5716BB
:10AA0000F10D5D177C274A117220032A47122C2B67
:10AA10000206512E64003720E119FD251914540D4A
:10AA2000B21EC716F4246114F429CA1E521D8C2FBD
:10AA30001C2CA1174F000D001A1BB6224D15EA1150
:10AA4000BF2C570B44127326C51D7622952323086D
:10AA50003B21ED21260C671BC50C5705FD1813285B
:10AA6000F3201F29272D562BA3081007971C300011
:10AA70004B25000ACC04DE24232A182E1C078E2C1A
:10AA800006230F18C40BDD17EC0A9B087406C702D7
:10AA90005C1B1D040D237C14ED056A24052C840326
:10AAA000300F7D2BF0295513C01DF6268A121E2863
:10AAB0007E00690B401AEB198F192E0604132A0029
:10AAC000A102C008331C1005D52EFB1D8221AD2E1E
:10AAD000DD032D29071EAD1B2721EC03FC275F1288
:10AAE000A300B723F5111F19142FAF0BA22E2712A5
:10AAF000220D0C085D2CEB2E081A1716391C1A179C
:10AB00006F24FC0FF816141B4A0D0D14B224DD2B14
:10AB1000841430231406FC1AA5120D0F4C2255285C
:10AB2000391EDE06BF1B6F2CF12F9A21AB0C881942
:10AB3000A61D8F21202DD517B50CF126A8259A1119
:10AB4000980EAD1A462AAA23DC26EE0D55083D0FB5
:10AB50009617A51CD1198C0D331271028C0A3A1E5E
:10AB6000730DF40B3C0DC60D4211872E5818C2060A
:10AB7000FE096428E014A6148E082A2D3718B2099D
:10AB800034220B15051001129D2122209000181669
:10AB900000223D0A30153C2A8F0B522C6918B3064F
:10ABA000571344256007B40E27001B202008C60950
:10ABB000BD0536290522E1154504C80EB1130A0862
:10ABC000CF20B82CA7250B089626ED1CC009EE1E39
:10ABD0004A2D7301391F010C5628280014271D2403
:10ABE000331FE315D30FD61EA402742CD31C651992
:10ABF0007513440AA00DCC2A6E1B511ACD26E31BF7
:10AC00001A092C0F6115B91E1D1B6916ED1521259A
:10AC1000302D0D2CCE09211A82016E1169001C08FD
:10AC2000CB287700730F1211F12C580EAF2CEE02C7
:10AC3000A80C3D0CF202AD0F992EFA230215692ED5
:10AC40000A2B020B3B076613F51F800A3D189E1A5C
:10AC50009E03780BE710BF27B11B9F17C224FC2867
:10AC6000F622A8096F18D802911DA817C0281C2B1E
:10AC70009409FB0ACB0EB1032623DC046F22092BB7
:10AC8000D22B0617E5101F12EB0E6226901B821ABC
:10AC9000DE21A3151B1E51055426850B012C3D28D2
:10ACA0009423DE015919650077070B25180EDD2E58
:10ACB00028292C03D3227D02DF1FB314A823B80D4B
:10ACC00062209C1BF21EDC0B97127308610FAB0E07
:10ACD0002A2C3B1E3A139C2EA801A21554187B2B3C
:10ACE000621EC62E49044A0B2B27090ACA083009DE
:10ACF0003503F609082B591E88006902550C011707
:10AD00000324C71A780035112107A3252E1C152806
:10AD1000812C89095A25A82B57022508C92C411CCA
:10AD20002118C112C6263223A211EF24582C962DC9
:10AD30001E180E1F2626F01A532D8D0C1921912650
:10AD4000130BB628940E191FB105692A851F4003FD
:10AD50005C06520D2413672AF7134725B518071D03
:10AD6000F30F000C8F227D268A278B14952C9C19BB
:10AD70002F01B9051F0F0913B5162127F21AEF0C81
:10AD80003B17BD21DC16100FA003451352214F07BE
:10AD90008808C315F716990D4D2D2725D91F2300B7
:10ADA000310A4B17801F3804072FFC20EC0BE50EEF
:10ADB000392B501A06212409E31D7607D5294508A9
:10ADC000A52502198C174C08151E770A3F147E180A
:10ADD000001D250A8B1A0624552A18018721C60C46
:10ADE000611A3209C30ED6177C122617C109C02179
:10ADF0003128DB175F2F8E0BFF2F3428961F31036E
:10AE0000B50F320AA4050B17C82DDC0C7809E21324
:10AE10004A1C5514A114E4268E0A001ADF02C30846
:10AE2000882D4103230C7C17911A6604C3188214E1
:10AE30009728AA259E14B90D2926D10B0B03D924D6
:10AE4000400D0D1D9C02C827AF1F7F19A8194F2A5E
:10AE5000521947204F163426D30156154911DF2EBB
:10AE6000B5049713061BE813F30E95153B2DBE0D85
:10AE70000B13DC1C8B07D719050604220401390DBE
:10AE8000B81227114116D71E6B08A91CEC008B299C
:10AE90000E2D7207B9123725471CA2200114A629CE
:10AEA0000709120D6C21C30240044813A6020528AD
:10AEB00012003416C0036B11151FE200930906003F
:10AEC000AA2240019A1803231F22240BA50BAB06CC
:10AED0002015991394263E26980B6B07491A571094
:10AEE000AA146427FF1D051F28223E16850D4F104A
:10AEF0007316B915320D6B14B803DF105226041106
:10AF0000100C6E2B48037118E60170173E058E2851
:10AF10008117BE1271159211611002097919C305CA
:10AF2000E4184523651F59066C1B84126216141F12
:10AF3000CF185E19051B8D2C3F1DDA27AB27F21D9C
:10AF4000841DF52C0A06AB19D727D9089F1CC016FB
:10AF5000842C3D2DFA25CB08BF2BEC14F01C2D0BB7
:10AF6000A30FFF23E401661DC124CB2F0D1841233D
:10AF700049080F28D7093D25F00EE2219B2C882A8D
:10AF80009A12272C01106E096019E1263A2928032C
:10AF9000B70B5208BE102E2F151D0C14EB1EF5001A
:10AFA00056170A137C1C881D2B29E02673234108A1
:10AFB000890E2D2826276A25E622422B1A252601EE
:10AFC00067123F0D61057023CD27D9118A2AB52656
:10AFD0000B1B35002D12B7010D28741BDF2797209E
:10AFE0007504FC09B11DD61F8629C82168260F1FCC
:10AFF000ED2B53088516672835269E0A8B05B3115D
:10B00000040FE20FC510892D052D592CD9100513F9
:10B010009A2F4B068C2AE12C812259090F004E2AC7
:10B020008B13110035020317912F322BAC28B52258
:10B03000860FE52ADA1BD016F22892209317341BCC
:10B040002606B82AE407A109FF1F8001520AA90AAF
:10B0500017157F08B424D32E631F1711D319921329
:10B06000242EAB23A32C6800CC18AB25651A4E2FD9
:10B07000F115B72A1D028700E10B201C7E19DD1394
:10B08000682F4A032110051E472BEA20F003A50A6A
:10B09000FC2DAA174D049E07E8203816DC1AE52E71
:10B0A0005F27D7149F03EA061101B920DF0869144E
:10B0B0002B2874001F2E5B00B32DF5021805641DAC
:10B0C0003319601FDA1F201D5F1035010E09F408C7
:10B0D0009928772D0925CE2F62296125E81E802821
:10B0E000A126D42F0B1C540F740C6F011D085001A6
:10B0F0000815FF1594210D12EF06A222C301DC17DB
:10B10000250566185B220817731C3C0C2C2D711347
:10B11000812FCB1C5605622F7B29E10E1D149C1834
:10B120004E0A65108A0551273C10B520C421CD2850
:10B130007203DE1FBD2723269F2FCB01960B5E0CCB
:10B14000950188135F2404191A230F06EF1F2E0E92
:10B150000E2A3124BC027D212425E619AD2C4B2D6D
:10B16000DA166E0FA712A52EA60582173A0DCE2C61
:10B17000BE146415290202251A0A9705B50AD901D9
:10B18000772C89124403DE0FAA292F1EE82D9E1565
:10B190003801D310FF108416E721BD20FB1F0500E6
:10B1A000E31C0B1180042D156F144919B4018F1D78
:10B1B0009B2155182620FB0FD01E342BC82B301B8B
:10B1C000F61083181F263706FF18052592144A0229
:10B1D000C116721DEE256E040719AF06C503BB1B11
:10B1E000FA1D9F0E2A19AE28A41F5D079806540564
:10B1F0005928B427DC23B22F6018E5037500AF127D
:10B2000037110D06A01B0D0B3A194F11AD22E81B8B
:10B21000040A2016CA0F9D2FB001FF29D504BA1DBC
:10B22000FE058F0FB71E8508A4181022AA19EB126D
:10B230009A060E00200FC1159824832FE307771D6F
:10B240000B094112AC1C11068404D1207D2CFC0397
:10B25000970B142A851BF40CE42BA5143A2D8D2989
:10B260006627152524183D24F217FB0C7303E528E7
:10B27000E901DE05230B352B0126B60AD12F6A130F
:10B28000F1285E27AB04DA02E2060E0FEE07041780
:10B29000AA2A3C239A14DB23140EC60EDE276C0C5C
:10B2A0008B0D3C128E09BD1DAA244203171EB41A31
:10B2B0004B0DE714F42FFC0DCB06442A3B26E12767
:10B2C000E60FDA2F4D21A128BD0AAA1C4E29981796
:10B2D000AF037224C505D11AC425010EE919712FD7
:10B2E000DF0F640E001EFC1FF61ACD0D4F26CA1785
:10B2F000D70273275B1B211B9D0703263F29A91734
:10B300007A01BF1E3B22C5220D248E22C71175254E
:10B31000902DCE1D752230165C136B18C420AC27FF
:10B3200013222509570CBB0554156921671E590ABC
:10B3300010094C232C18E102720E5B127916562369
:10B34000670E1000920342142329C811AC07B50DF3
:10B35000F4205C1D0515ED29D10C7D1B24044F0B39
:10B36000F41BB722ED1409190520920BE718C81336
:10B37000EA19F9151601A403F527DF22DA1D5F018A
:10B380005224ED00E2160C1E4A0C5E2FA21D050889
:10B39000152CDA0E5414FA11D406242C54017F0E05
:10B3A00006122C01F12ACE134127602DD72FFD1C48
:10B3B000D32972161616FB0EB115C8041C211524CC
:10B3C000050FFA00C92B8110B618D025DE2F2810E2
:10B3D000DA0AB40268220A193E1A7927B228AF0E97
:10B3E000BC1C612CF1202519440EC61812230F1520
:10B3F000E0084C19F81CE220482AD22E65166C038E
:10B40000761B77088409720D01240E20FA124C175E
:10B41000BA0A0A1C9A05DD1CAF22A529C12C7C1092
:10B420009805502AE8106D214B07EE247009E80EAC
:10B430007423AE021115DB09F310E3176B02A903A5
:10B44000120B5F1ECF0C3B09401DE017C0133803E1
:10B45000DC27AA2D5904A70A78268003EC07D3130A
:10B460005E0AE028CC1E892F3A15FE0B0019AC238A
:10B47000982D792FA811F9040B26CC2CD12637272B
:10B48000F825D608B724B82B3B019F118604AD17C9
:10B490005F1A592E6501C71CC611D7035621A0207B
:10B4A0008E276A1D25240F1165149F0F4922590C00
:10B4B0004E1B2210842D2E0DD52CD9062401E921F6
:10B4C000F60A8A289C2FA816232E6D0CC4070004A8
:10B4D0007C24AD09B02AE6115E1A230E7F15711483
:10B4E0009F091621E21D1C1FFB182F04F804920D62
:10B4F000252BDB0C502C362106256D26E504410753
:10B5000059187012292D921759260B0D05073F0B5C
:10B510006218501442081A1F8924632C6315C4173B
:10B5200081250C109B1CC628FF24F7049801FF1AE4
:10B53000070C680154200F2DC4235923132D5203E7
:10B54000A9211003EF1E8E208A2F3607E527982F9A
:10B55000931E7F2EE0153326F403D102E00A141A5D
:10B560009819E4144811A01AD520E7261E143409AE
:10B57000B015931435056122BD258C1C9C162E1325
:10B580008D035D2D2B112E201E1ACE10E40BED081D
:10B59000D92FAB070024C8108E2EB70213114126F5
:10B5A00014136B09F6275A0A4903320FF727501C68
:10B5B0003921BC2B201ADB0FAC17660E72124D2EF0
:10B5C000B816921BD41A812BF61E1E13FC2F0610E0
:10B5D000440F1A0E7D19021F2E1FC92E631A19025D
:10B5E000D21157062320BD2C781D8A03282E4C2506
:10B5F0006A2AE725FF0AD82D9D1A431B3303C72269
:10B600007F185B2A5C015A1D93202719B602540348
:10B610001B16DD0A840E452DD00BF305D321121025
:10B62000F229E70CFD16A20B791C6C2EA3236B24C8
:10B63000362E6200DE09440823108F2C34073D0E9D
:10B640004C0FC51FB008772A9C1FB3256517E41B54
:10B65000202186069F00AB2A36138000901CD5025D
:10B66000C5238E13F918A60D9B17DC2A25183E2E2C
:10B670005F0D1229F41D6D0E021AF91AB12EE4277E
:10B68000922E8D23AD20F6132D006009810719112C
:10B69000A00A9F063300F80A8A0268070D27F326DE
:10B6A000CC2EA21FE1122710A110CE169D12E92A5E
:10B6B0000C2D4E02A62FE2018D2FD607981B2227B4
:10B6C000480FF02E1729622C2A1BA2081C012515F1
:10B6D000C919190F6328B42B571805025C25112CC2
:10B6E000170FBA04FC11E01FB72C9900241C831615
:10B6F000E11320247A2FE42D4A05101AB3009C157B
:10B70000560A3517992F5E03560CDD016F1C2E1655
:10B71000EA1E9E102E014D0B8227EA1A5825AF25EE
:10B72000812E021060261D284905DB29CD146E18D4
:10B730006F0F0F07311927141C057B204C0D55077F
:10B74000CF047000FE18CC2DF02F761CB305F22F1D
:10B75000A826800D20037505B6296700FC1C281F4C
:10B76000A803FC0278023C1F1F20FD204E1E762AF3
:10B770006325CC099A077C19AE271404F2109909A5
:10B78000390E7B062B10501205268C2B6A0F2208CF
:10B790008D14F4074A2ED41DCC2FF6144C097705CE
:10B7A000281E3408910CA02AC2229A1DDB2EE70A1B
:10B7B000BF041B0D970ADB08D4077821C0278E0C25
:10B7C0002109D60679128513F71CAB180C2F161118
:10B7D000F51BEC12D300431FAF274A24D92CC70610
:10B7E0002009A11693260020DA03671D7905660358
:10B7F0001F0E1121C40A2A26F207B827C00CF4171D
:10B800003600400B9B121D2E020C5E20D424111317
:10B81000151B42043627070AC4027D03411962132F
:10B8200028272A085616F7290C037D120F125608EE
:10B830002708C2127403FC14A3163217ED109F19C7
:10B840007D1D9514A8299C10BC0C1D173E2A881636
:10B85000FF26A01F6F1E901A431D80187307C32A6E
:10B8600091181B2E9017B92C9304F123FD1EAF09DC
:10B87000221F492C961BCF22481A8E19B21F7C22F8
:10B88000C319D90DFC1002129D08571BAA1FB81529
:10B8900096286924C3096D09681CE11A56295C249D
:10B8A000DD24E20DFE0C6717C12E570DFB2F6E260F
:10B8B0001F2FEC10961E412CCD19EF2FFC075B2D8E
:10B8C000B91CC12B3E2D950EEF22FA265B06001CFB
:10B8D0005F0FBA13CA0A481D8F28F3027606152F88
:10B8E000581396272A11C019DA1E491DC822FD2EA9
:10B8F000FD0DFC292A1676282513F61C4322C602C4
:10B900006C1A0E21191CFB146A1C4C2B2201B81E48
:10B91000AB1A2E2ECD09B219BA0FAF16B2055916B1
:10B92000821652103908652DF412C122280BF62C0C
:10B930003024D8094822631B570A6A077F1B3E1729
:10B940009B2B70158518DE23C02C79023E27222DF3
:10B95000011673251D09601BAC1BB7131F1C89261C
:10B9600025233902F6185D2ACF254C20D02C6B10E8
:10B97000CD0702007324A2002618D007410E4026EE
:10B98000DB18851D2B183E21CF26A0153B237A0EF0
:10B99000E92EAC05FB0B7615DC2501138317C21BC2
:10B9A0008A25EC11B5277518FF165C0ABC272C06F2
:10B9B0008B281E12DD2600002A2B00002A2B0000F7
:10B9C00003280000292B0000292B00000328000079
:10B9D00002290000052A0000052A000003280000B3
:10B9E0000118000000280000012A0000012A0000C0
:10B9F00003280000002A0000002A0000032800009D
:10BA00000018000000284572726F72207768696C18
:10BA10006520646973636F766572696E672047415C
:10BA200054542064617461626173653A202825640E
:10BA3000290053657276696365206E6F7420666FA6
:10BA4000756E6400436F6E6E656374696E67206621
:10BA500061696C6564005365727669636520646929
:10BA600073636F7665727920636F6D706C65746552
:10BA700064004661696C656420746F2073656E6450
:10BA80002053544152543A20256400535441525497
:10BA90002073656E7420746F2070657269706865BC
:10BAA00072616C004661696C656420746F20737408
:10BAB0006F70207363616E6E696E672028657272A5
:10BAC0002025642900555549442066696C746572C7
:10BAD0002063616E6E6F74206265206164646564CA
:10BAE00020286572722025640046696C7465727343
:10BAF0002063616E6E6F74206265207475726E656E
:10BB000064206F6E202865727220256429005363BB
:10BB1000616E6E696E67206661696C656420746F22
:10BB20002073746172742028657272202564290064
:10BB30005363616E2073746172746564004D545573
:10BB40002065786368616E6765206661696C65640D
:10BB50002028657272202568687529004D5455208B
:10BB600065786368616E676520646F6E6500636FFA
:10BB7000756C64206E6F74207374617274207468C5
:10BB80006520646973636F766572792070726F6384
:10BB900065647572652C206572726F7220636F64C4
:10BBA000653A202564005349475F41434B20736544
:10BBB0006E7420746F207065726970686572616C54
:10BBC000004661696C656420746F2073656E642043
:10BBD0005349475F41434B3A202564004D53475F2B
:10BBE00041434B2073656E7420746F2070657269D9
:10BBF00070686572616C004661696C656420746F81
:10BC00002073656E64204D53475F41434B3A2025B6
:10BC100064004E6F742061626C6520746F20616CEB
:10BC20006C6F636174652055415254207265636581
:10BC300069766520627566666572004154542065B8
:10BC400072726F7220636F64653A203078253032EB
:10BC500058007075626C69630072616E646F6D008C
:10BC60007075626C69632D69640072616E646F6DDA
:10BC70002D696400253032583A253032583A253043
:10BC800032583A253032583A253032583A25303237
:10BC90005820282573290050616972696E672066F3
:10BCA00061696C656420636F6E6E3A2025732C2089
:10BCB000726561736F6E2025642025730050616981
:10BCC00072696E672063616E63656C6C65643A20AF
:10BCD00025730050616972696E6720636F6D706CC7
:10BCE000657465643A2025732C20626F6E64656408
:10BCF0003A2025640046696C74657273206D617426
:10BD0000636865642E20416464726573733A20250C
:10BD10007320636F6E6E65637461626C653A202593
:10BD20006400446973636F6E6E65637465643A2082
:10BD300025732C20726561736F6E20307825303248
:10BD400078202573004661696C656420746F2063F8
:10BD50006F6E6E65637420746F2025732C203078AD
:10BD60002530327820257300436F6E6E65637465ED
:10BD7000643A202573004D54552065786368616EE0
:10BD80006765206661696C6564202865727220258C
:10BD90006429004661696C656420746F2073657462
:10BDA0002073656375726974793A20256400537451
:10BDB0006F70204C45207363616E206661696C650D
:10BDC00064202865727220256429004164647265CC
:10BDD00073732066696C7465722063616E6E6F7434
:10BDE0002062652061646465642028657272202584
:10BDF00064293A2025730041646472657373206678
:10BE0000696C7465722061646465643A202573000E
:10BE1000574553545F544F504449522F7A657068C8
:10BE200079722F696E636C7564652F7A65706879B5
:10BE3000722F647269766572732F6770696F2E68EE
:10BE400000286366672D3E706F72745F70696E5F65
:10BE50006D61736B202620286770696F5F706F7249
:10BE6000745F70696E735F74292831554C203C3CB7
:10BE7000202870696E29292920213D203055004154
:10BE80005353455254494F4E204641494C205B255F
:10BE9000735D20402025733A25640A0009556E73AE
:10BEA0007570706F727465642070696E0A00534912
:10BEB000474E415455524520564552494649434103
:10BEC00054494F4E2053554343455353005349471C
:10BED0004E415455524520564552494649434154D6
:10BEE000494F4E204641494C4544005665726966AB
:10BEF00069636174696F6E2074696D653A20256CA1
:10BF00006C64206D73003D3D3D3D3D3D3D3D3D3DFF
:10BF10003D3D3D3D3D3D3D3D3D3D3D3D3D3D3D3D51
:10BF20003D3D3D3D3D3D3D3D3D3D005369676E61BD
:10BF300074757265206C656E6774682072656365E0
:10BF4000697665643A2025752062797465730053BB
:10BF500069676E6174757265206C656E67746820C0
:10BF6000257520657863656564732062756666650E
:10BF7000722073697A65202575005369676E617454
:10BF8000757265206C656E6774682062756666659B
:10BF900072206F766572666C6F77005055424C491F
:10BFA00043204B4559205245434549564544004698
:10BFB00061696C656420746F2073656E6420504BFA
:10BFC0005F41434B3A20256400504B5F41434B2077
:10BFD00073656E7420746F20706572697068657225
:10BFE000616C005075626C6963206B6579206275C5
:10BFF00066666572206F766572666C6F770053694E
:10C00000676E6174757265207265636569766564D3
:10C010003A202575202F20257520627974657300DC
:10C020005349474E41545552452052454345495680
:10C030004544005369676E61747572652062756668
:10C04000666572206F766572666C6F77004D45533A
:10C0500053414745205245434549564544004D65A7
:10C0600073736167653A20252E2A73004D657373DB
:10C0700061676520627566666572206F76657266B7
:10C080006C6F7700536563757269747920636861BA
:10C090006E6765643A202573206C6576656C202593
:10C0A00075005365637572697479206661696C65A2
:10C0B000643A202573206C6576656C2025752065B3
:10C0C0007272202564202573004661696C656420C6
:10C0D000746F2073656E642064617461206F76658F
:10C0E000722055415254004750494F3020646576C4
:10C0F000696365206E6F74207265616479004661C2
:10C10000696C656420746F20726567697374657209
:10C1100020617574686F72697A6174696F6E2063EB
:10C12000616C6C6261636B732E004661696C65645F
:10C1300020746F207265676973746572206175740D
:10C14000686F72697A6174696F6E20696E666F20BC
:10C1500063616C6C6261636B732E0A00426C75657F
:10C16000746F6F746820696E6974206661696C65AC
:10C170006420286572722025642900426C756574FC
:10C180006F6F746820696E697469616C697A65643F
:10C19000005541525420646576696365206E6F7462
:10C1A00020726561647900756172745F696E69748B
:10C1B000206661696C656420286572722025642997
:10C1C000004E555320436C69656E7420696E697426
:10C1D00069616C697A6174696F6E206661696C650A
:10C1E00064202865727220256429006E75735F6370
:10C1F0006C69656E745F696E6974206661696C65EF
:10C2000064202865727220256429004E555320430E
:10C210006C69656E74206D6F64756C6520696E69FC
:10C220007469616C697A6564005363616E206D6F37
:10C2300064756C6520696E697469616C697A65649E
:10C24000005374617274696E6720426C7565746F17
:10C250006F74682043656E7472616C20554152544E
:10C260002073616D706C650A004661696C656420BD
:10C27000746F2073656E642064617461206F7665ED
:10C280007220424C4520636F6E6E656374696F6EF9
:10C29000202865727220256429004E55532073654D
:10C2A0006E642074696D656F757400504B5F414317
:10C2B0004B005349475F41434B004D53475F414358
:10C2C0004B0053544152540053544152540063653F
:10C2D0006E7472616C5F7561727400574553545F80
:10C2E000544F504449522F7A65706879722F6C69A7
:10C2F000622F686561702F686561702E63006368E6
:10C30000756E6B5F7573656428682C20632900095E
:10C31000756E65787065637465642068656170200A
:10C3200073746174652028646F75626C652D667224
:10C3300065653F2920666F72206D656D6F7279208B
:10C3400061742025700A006C6566745F6368756EA1
:10C350006B28682C2072696768745F6368756E6B00
:10C3600028682C20632929203D3D20630009636F44
:10C3700072727570746564206865617020626F7593
:10C380006E64732028627566666572206F766572CA
:10C39000666C6F773F2920666F72206D656D6F72D6
:10C3A000792061742025700A0028616C69676E200D
:10C3B000262028616C69676E202D20312929203DB7
:10C3C0003D20300009616C69676E206D75737420C3
:10C3D0006265206120706F776572206F6620320A77
:10C3E000006279746573203E20686561705F666FD6
:10C3F0006F7465725F6279746573286279746573AE
:10C40000290009686561702073697A652069732065
:10C41000746F6F20736D616C6C0A00686561705F8A
:10C42000737A203E206368756E6B737A2873697A1D
:10C43000656F6628737472756374207A5F686561CE
:10C44000702929006368756E6B305F73697A6520A7
:10C450002B206D696E5F6368756E6B5F73697A65BB
:10C46000286829203C3D20686561705F737A005719
:10C470004553545F544F504449522F7A6570687940
:10C48000722F6C69622F6F732F63627072696E74A2
:10C49000665F7061636B616765642E630009537446
:10C4A00072696E67207769746820746F6F206D61A0
:10C4B0006E7920617267756D656E74730A00097319
:10C4C00074725F7074725F706F735B5D20746F6FF6
:10C4D00020736D616C6C0A0009756E657870656318
:10C4E0007465642073697A652025750A0009746F84
:10C4F0006F206D616E7920666F726D61742061725C
:10C5000067730A00696E5F7061636B6167656420C1
:10C51000213D202828766F6964202A2930290028A7
:10C52000756E7369676E6564292063686172202A7D
:10C53000207573656420666F7220252570206172F6
:10C5400067756D656E742E2049742773207265635C
:10C550006F6D6D656E64656420746F2063617374C4
:10C5600020697420746F20766F6964202A206265C8
:10C570006361757365206974206D617920636175ED
:10C580007365206D69736265686176696F72206991
:10C590006E206365727461696E20636F6E66696791
:10C5A00075726174696F6E732E20537472696E6751
:10C5B0003A2225732220617267756D656E743A2583
:10C5C0006400736370795F636E74203C2073697AD2
:10C5D000656F66286370795F7374725F706F73291B
:10C5E000006B6565705F636E74203C2073697A65CB
:10C5F0006F66286B6565705F7374725F706F732907
:10C600000063627072696E74665F7061636B61670C
:10C610006500574553545F544F504449522F7A6533
:10C62000706879722F696E636C7564652F7A6570B6
:10C630006879722F6B65726E656C2E6800216B5F76
:10C6400069735F7072655F6B65726E656C28290037
:10C65000096B5F63757272656E745F6765742063E2
:10C66000616C6C6564207072652D6B65726E656CB3
:10C670000A00574553545F544F504449522F7A652E
:10C68000706879722F6C69622F6F732F6D7073638E
:10C690005F706275662E6300574553545F544F5068
:10C6A0004449522F7A65706879722F696E636C7590
:10C6B00064652F7A65706879722F7370696E6C6F1C
:10C6C000636B2E68007A5F7370696E5F6C6F636B6B
:10C6D0005F76616C6964286C290009496E76616C2B
:10C6E0006964207370696E6C6F636B2025700A003B
:10C6F0007A5F7370696E5F756E6C6F636B5F766186
:10C700006C6964286C2900094E6F74206D79207360
:10C7100070696E6C6F636B2025700A007379735FAC
:10C720006765746F707400574553545F544F50449D
:10C7300049522F7A65706879722F6C69622F75740F
:10C74000696C732F6F6E6F66662E6300737461740D
:10C7500065203D3D20305500217379735F736C690E
:10C7600073745F69735F656D70747928266D677285
:10C770002D3E636C69656E747329007472616E730B
:10C78000697420213D202828766F6964202A293089
:10C7900029007374617465203D3D202831554C207B
:10C7A0003C3C2028312929006D67722D3E72656658
:10C7B00073203D3D2030007374617465203D3D2041
:10C7C0002831554C203C3C2028302929006D6772C7
:10C7D0002D3E72656673203E203000574553545FEE
:10C7E000544F504449522F7A65706879722F6C69A2
:10C7F000622F7574696C732F6E6F746966792E631E
:10C80000004E5653206E6F7420696E697469616CB6
:10C81000697A656400436F756C64206E6F74206F75
:10C82000627461696E20666C617368207061726108
:10C830006D657465727300556E737570706F727488
:10C84000656420777269746520626C6F636B207316
:10C85000697A6500536563746F722073697A652025
:10C86000257520746F6F206C617267652C206D6177
:10C8700078696D756D20697320257A7500556E6134
:10C88000626C6520746F2067657420706167652035
:10C89000696E666F00496E76616C696420736563CA
:10C8A000746F722073697A6500436F6E666967758D
:10C8B000726174696F6E206572726F72202D2073C1
:10C8C0006563746F7220636F756E74002564205306
:10C8D0006563746F7273206F6620256420627974BB
:10C8E000657300616C6C6F63207772613A20256418
:10C8F0002C2025780064617461207772613A2025CC
:10C90000642C20257800474320446F6E65206D61BC
:10C91000726B657220666F756E64004E6F204743C0
:10C9200020446F6E65206D61726B657220666F7555
:10C930006E643A2072657374617274696E67206701
:10C94000630066735F6E767300496E76616C69642E
:10C9500020696E7374616E636500496E76616C69FF
:10C9600064206261636B656E6420636F6E666967E5
:10C9700075726174696F6E00496E76616C696420CE
:10C98000696E7374616E63652C20656E64706F6987
:10C990006E74206F7220636F6E6669677572617462
:10C9A000696F6E00496E76616C696420656E6470B3
:10C9B0006F696E7400456E64706F696E74206E6F7F
:10C9C0007420726567697374657265640A006970C2
:10C9D000635F73657276696365006C6F6767696E24
:10C9E0006700574553545F544F504449522F7A655E
:10C9F000706879722F7375627379732F6C6F6767C4
:10CA0000696E672F6C6F675F636F72652E63006C72
:10CA10006F675F6261636B656E645F636F756E7491
:10CA20005F6765742829203C2028283332202F2076
:10CA3000335529202D202831202B20302929006230
:10CA400061636B656E64203C3D205F6C6F675F6265
:10CA500061636B656E645F6C6973745F656E6400BF
:10CA600009756E6578706563746564206C697374AC
:10CA700020656E64206C6F636174696F6E0A006C70
:10CA80006F675F6261636B656E645F636F756E7421
:10CA90005F6765742829203E2030006C6F67006C4A
:10CAA0006F675F6D676D74004D65737361676520B7
:10CAB0002822257322292064726F707065642062B9
:10CAC0006563617573652069742065786365656465
:10CAD000732073697A65206C696D69746174696F1C
:10CAE0006E202825752900574553545F544F5044F4
:10CAF00049522F7A65706879722F737562737973F2
:10CB00002F6C6F6767696E672F6C6F675F6D7367F8
:10CB10002E63006C656E203E3D2030005745535417
:10CB20005F544F504449522F7A65706879722F7361
:10CB300075627379732F6C6F6767696E672F6C6F9F
:10CB4000675F6F75747075742E63006F75745F63C3
:10CB500074782D3E636F6E74726F6C5F626C6F637E
:10CB60006B2D3E6F6666736574203C3D206F757457
:10CB70005F6374782D3E73697A65001B5B306D00CE
:10CB80006C6576656C203C3D203400257320005B8D
:10CB90002530386C755D20005B253032753A2530C4
:10CBA00032753A253032752E253033752C253033C9
:10CBB000755D200025732F003C25733E20002573F2
:10CBC0003A2000657272203E3D20300025303278D8
:10CBD00020007C00256300206D65737361676573B9
:10CBE0002064726F70706564202D2D2D0D0A1B5B03
:10CBF000306D001B5B313B33316D2D2D2D20001B23
:10CC00005B313B33316D001B5B313B33336D007760
:10CC1000726E00696E660064626700574553545F28
:10CC2000544F504449522F7A65706879722F73754A
:10CC3000627379732F6C6F6767696E672F626163C8
:10CC40006B656E64732F6C6F675F6261636B656E9B
:10CC5000645F756172742E63006465766963655FF5
:10CC600069735F726561647928756172745F646568
:10CC70007629006C6F675F6261636B656E645F75D8
:10CC8000617274006C6F675F756172740057455311
:10CC9000545F544F504449522F7A65706879722F0F
:10CCA0007375627379732F73657474696E67732F0C
:10CCB0007372632F73657474696E67732E63006398
:10CCC00068203C3D205F73657474696E67735F68AC
:10CCD000616E646C65725F7374617469635F6C69C3
:10CCE00073745F656E64007365742D76616C756531
:10CCF000206661696C7572652E206B65793A202516
:10CD000073206572726F7228256429002A2A2A20EE
:10CD1000426F6F74696E67206E524620436F6E6E6D
:10CD20006563742053444B2076332E332E332D66A7
:10CD30003738656565353534343438202A2A2A0A6F
:10CD4000002A2A2A205573696E67205A657068790F
:10CD500072204F532076342E332E39392D333765D8
:10CD6000366332383537366565202A2A2A0A00426A
:10CD700054204741545420444D20575100556E7360
:10CD80007570706F727465642055554944207479CC
:10CD900070652E00574553545F544F504449522FED
:10CDA0006E72662F7375627379732F626C7565741A
:10CDB0006F6F74682F676174745F646D2E63006CAD
:10CDC000656E203C3D2028313238202D2073697A51
:10CDD000656F6628737472756374206B5F68656134
:10CDE00070202A29202D2073697A656F6628737454
:10CDF0007275637420646174615F6368756E6B5FE4
:10CE00006974656D202A2929004E6F207370616353
:10CE10006520666F72206E65772061747472696236
:10CE20007574652E004E6F20737061636520666FA8
:10CE300072206174747269627574652064617461D2
:10CE40002E00556E696E697469616C697A6564203B
:10CE5000555549442E004E6F2073706163652066FE
:10CE60006F72206120555549442E004174747269D7
:10CE70006275746573206E6F74206C6F636B65648C
:10CE8000004741545420646973636F76657220666D
:10CE900061696C65642C206572726F723A2025643A
:10CEA0002E0062745F757569645F636D70286174CC
:10CEB00074722D3E757569642C202828636F6E731B
:10CEC00074207374727563742062745F757569641D
:10CED000202A29202828636F6E737420737472755A
:10CEE00063742062745F757569645F31365B5D29B8
:10CEF000207B7B202E75756964203D207B20425469
:10CF00005F555549445F545950455F3136207D2C5B
:10CF1000202E76616C203D20283078323830302940
:10CF20002C207D7D292929203D3D2030207C7C201E
:10CF300062745F757569645F636D70286174747283
:10CF40002D3E757569642C202828636F6E737420DC
:10CF50007374727563742062745F75756964202AD6
:10CF600029202828636F6E7374207374727563743C
:10CF70002062745F757569645F31365B5D29207B63
:10CF80007B202E75756964203D207B2042545F55BF
:10CF90005549445F545950455F3136207D2C202E31
:10CFA00076616C203D2028307832383031292C20B1
:10CFB0007D7D292929203D3D2030004E6F7420655C
:10CFC0006E6F756768206D656D6F727920666F7220
:10CFD0002073657276696365206174747269627525
:10CFE00074652E006375725F736572766963655F41
:10CFF00076616C20213D202828766F6964202A29DB
:10D000003029004E6F7420656E6F756768206D65FE
:10D010006D6F727920666F722073657276696365D1
:10D020002061747472696275746520646174612E24
:10D03000004E6F7420656E6F756768206D656D6F4B
:10D04000727920666F72206E6578742061747472D4
:10D0500069627574652064657363726970746F7258
:10D060002061742068616E646C652025752E0062F5
:10D07000745F757569645F636D7028617474722D77
:10D080003E757569642C202828636F6E7374207355
:10D0900074727563742062745F75756964202A29DF
:10D0A000202828636F6E7374207374727563742004
:10D0B00062745F757569645F31365B5D29207B7BC7
:10D0C000202E75756964203D207B2042545F5555A4
:10D0D00049445F545950455F3136207D2C202E76CF
:10D0E000616C203D2028307832383033292C207D67
:10D0F0007D292929203D3D2030006375725F6761DD
:10D1000074745F6368726320213D202828766F69FC
:10D1100064202A2930290009556E6B6E6F776E20C6
:10D12000706172616D20747970652E0A00556E65AC
:10D130007870656374656420636F6E6E206F626AD9
:10D140006563742E2041626F7274696E672E0044AD
:10D150006973636F766572206661696C65642C2003
:10D160006572726F723A2025642E00040811627491
:10D170005F676174745F646D000204106E72665FB5
:10D1800062745F7363616E004D697373696E6720CB
:10D190004E55532054582063686172616374657200
:10D1A00069737469632E004D697373696E67204EED
:10D1B00055532054582076616C75652064657363FF
:10D1C000726970746F7220696E2063686172616346
:10D1D00074657269737469632E004D697373696E47
:10D1E00067204E55532054582043434320696E20F6
:10D1F00063686172616374657269737469632E0038
:10D200004D697373696E67204E55532052582063E1
:10D21000686172616374657269737469632E004D2D
:10D22000697373696E67204E55532052582076619A
:10D230006C75652064657363726970746F722069C0
:10D240006E20636861726163746572697374696387
:10D250002E00537562736372696265206661696C42
:10D260006564202865727220256429006E75735FDD
:10D2700063006D757465785F696E69742063616CB5
:10D280006C65642077697468204E554C4C20706141
:10D2900072616D6574657200436F756C64206E6FAA
:10D2A0007420616C6C6F63617465206D7574657852
:10D2B000206265666F726520696E697469616C6968
:10D2C0007A696E670072302F61313A2020307825FC
:10D2D000303878202072312F61323A202030782582
:10D2E000303878202072322F61333A202030782570
:10D2F0003038780072332F61343A2020307825306E
:10D300003878207231322F69703A202030782530F9
:10D310003878207231342F6C723A202030782530E2
:10D3200038780020787073723A20203078253038B1
:10D3300078004661756C74696E6720696E737472EB
:10D34000756374696F6E20616464726573732028FD
:10D350007231352F7063293A2030782530387800C3
:10D36000556E68616E646C6564204952516E3A2056
:10D370002564002A2A2A2A2A204D50552046415544
:10D380004C54202A2A2A2A2A002020537461636BD5
:10D39000696E67206572726F722028636F6E7465A4
:10D3A00078742061726561206D69676874206265B8
:10D3B000206E6F742076616C696429002020556EA0
:10D3C000737461636B696E67206572726F7200209F
:10D3D0002044617461204163636573732056696FF3
:10D3E0006C6174696F6E0020204D4D4641522041A2
:10D3F0006464726573733A20307825780020204980
:10D400006E737472756374696F6E204163636573C4
:10D41000732056696F6C6174696F6E002020466CD2
:10D420006F6174696E672D706F696E74206C617ABC
:10D4300079207374617465207072657365727661AA
:10D4400074696F6E206572726F7200574553545F36
:10D45000544F504449522F7A65706879722F617227
:10D4600063682F61726D2F636F72652F636F7274C3
:10D4700065785F6D2F6661756C742E6300212828B6
:10D48000285343425F54797065202A292028283088
:10D49000784530303045303030554C29202B203005
:10D4A0007830443030554C2920292D3E4346535284
:10D4B0002026202831554C203C3C20283055202B5C
:10D4C0002034552929290009537461636B696E67FB
:10D4D000206F72204461746120416363657373201F
:10D4E00056696F6C6174696F6E206572726F72201D
:10D4F000776974686F757420737461636B206775E6
:10D500006172642C20757365722D6D6F6465206F78
:10D5100072206E756C6C2D706F696E74657220640C
:10D520006574656374696F6E0A0A002A2A2A2A2ABA
:10D53000205553414745204641554C54202A2A2A1C
:10D540002A2A0020204469766973696F6E20627907
:10D55000207A65726F002020556E616C69676E6578
:10D5600064206D656D6F727920616363657373000C
:10D570002020537461636B206F766572666C6F77E1
:10D580002028636F6E746578742061726561206E07
:10D590006F742076616C6964290020204E6F2063CF
:10D5A0006F70726F636573736F7220696E737472DC
:10D5B000756374696F6E73002020496C6C656761D8
:10D5C0006C206C6F6164206F66204558435F524544
:10D5D0005455524E20696E746F20504300202049EC
:10D5E0006C6C6567616C20757365206F662074686C
:10D5F000652045505352002020417474656D70744D
:10D6000020746F206578656375746520756E646538
:10D6100066696E656420696E737472756374696F90
:10D620006E002A2A2A2A2A20425553204641554C68
:10D6300054202A2A2A2A2A002020537461636B6905
:10D640006E67206572726F72002020507265636988
:10D650007365206461746120627573206572726FF6
:10D660007200202042464152204164647265737307
:10D670003A2030782578002020496D707265636902
:10D680007365206461746120627573206572726FC6
:10D6900072002020496E737472756374696F6E2016
:10D6A000627573206572726F72005265736572766F
:10D6B000656420457863657074696F6E2028005337
:10D6C000707572696F757320696E746572727570AA
:10D6D0007420284952512000535053454C20696E04
:10D6E00020746872656164206D6F646520646F6585
:10D6F00073206E6F7420696E646963617465205075
:10D7000053500065736620213D202828766F696498
:10D71000202A293029000945534620636F756C641F
:10D72000206E6F742062652072657472696576651B
:10D7300064207375636365737366756C6C792E20F2
:10D740005368616C6C206E65766572206F636375DB
:10D75000722E0A002A2A2A2A2A20484152442046A8
:10D7600041554C54202A2A2A2A2A00202042757327
:10D77000206661756C74206F6E20766563746F72BD
:10D78000207461626C6520726561640020204465CC
:10D79000627567206576656E740020204661756C41
:10D7A0007420657363616C6174696F6E20287365A2
:10D7B000652062656C6F772900415243485F455888
:10D7C00043455054207769746820726561736F6EA9
:10D7D0002025780A00094661756C742065736361C1
:10D7E0006C6174696F6E20776974686F7574204618
:10D7F000535220696E666F0A00094861726446617F
:10D80000756C7420776974686F757420484653523C
:10D8100020696E666F205368616C6C206E6576655A
:10D8200072206F636375720A002A2A2A2A2A20440A
:10D8300065627567206D6F6E69746F7220657863BD
:10D84000657074696F6E202A2A2A2A2A002A2A2AD9
:10D850002A2A20257320256429202A2A2A2A2A00F8
:10D86000574553545F544F504449522F7A6570685E
:10D8700079722F617263682F61726D2F636F7265A9
:10D880002F636F727465785F6D2F6972715F6D6160
:10D890006E6167652E63007072696F203C3D2028C1
:10D8A0002831554C203C3C2028332929202D20317B
:10D8B000290009696E76616C6964207072696F7203
:10D8C00069747920256420666F722025642069724E
:10D8D00071212076616C756573206D75737420629B
:10D8E00065206C657373207468616E20256C750A01
:10D8F0000A006D7075004661696C656420746F2064
:10D90000616C6C6F63617465206E6577204D505556
:10D9100020726567696F6E2025750A005061727408
:10D920006974696F6E2025753A2073616E69747928
:10D9300020636865636B206661696C65642E0049CD
:10D940006E76616C696420756E6465726C79696E5F
:10D950006720726567696F6E20696E64657820253F
:10D960007500574553545F544F504449522F7A65C0
:10D97000706879722F617263682F61726D2F636FA7
:10D9800072652F6D70752F61726D5F6D70752E638E
:10D990000009436F6E6669677572696E6720257549
:10D9A00020737461746963204D50552072656769F6
:10D9B0006F6E73206661696C65640A0A00094D61C7
:10D9C000726B696E672025752061726561732066D0
:10D9D0006F722064796E616D696320726567696F2B
:10D9E0006E73206661696C65640A0A00095265718C
:10D9F0007565737420746F20636F6E6669677572E6
:10DA0000653A20257520726567696F6E73202873EB
:10DA10007570706F727465643A202575290A0A0062
:10DA20002128726567696F6E5B6964785D2E647426
:10DA30005F617474722026202831554C203C3C20B4
:10DA40002830292929000952414D5F4E4F43414357
:10DA5000484520776974682044545F4D454D5F43C5
:10DA60004143484541424C45206174747269627576
:10DA700074650A0A00094661696C656420746F2048
:10DA8000616C6C6F63617465204D505520726567E1
:10DA9000696F6E732066726F6D2044540A0A0046E7
:10DAA0004C4153485F30005352414D5F3000657820
:10DAB000697400574553545F544F504449522F7A6C
:10DAC00065706879722F6C69622F6C6962632F636D
:10DAD0006F6D6D6F6E2F736F757263652F737464E6
:10DAE0006C69622F6D616C6C6F632E63006C6F6389
:10DAF0006B5F726574203D3D203000574553545F85
:10DB0000544F504449522F7A65706879722F6C696E
:10DB1000622F6E65745F6275662F6275662E630094
:10DB20006275662D3E6672616773203D3D20282830
:10DB3000766F6964202A293029007265715F7369E4
:10DB40007A65203C3D2073697A65006275662D3EDA
:10DB5000726566000962756620257020646F7562C3
:10DB60006C6520667265650A0066726167006E65A5
:10DB7000745F62756600574553545F544F50444973
:10DB8000522F7A65706879722F6C69622F6E657496
:10DB90005F6275662F6275665F73696D706C652E66
:10DBA00063006275662D3E6C656E203D3D203055EC
:10DBB000006275662D3E6C656E203E3D206C656E84
:10DBC000006E65745F6275665F73696D706C655F2A
:10DBD00068656164726F6F6D2862756629203E3DCD
:10DBE000206C656E006E65745F6275665F73696D4B
:10DBF000706C655F7461696C726F6F6D28627566B9
:10DC000029203E3D206C656E006E65745F6275660E
:10DC10005F73696D706C6500574553545F544F5086
:10DC20004449522F7A65706879722F736F632F6E33
:10DC30006F726469632F6E726635332F736F632E54
:10DC40006300736F6300574553545F544F5044490A
:10DC5000522F6D6F64756C65732F68616C2F6E6FDA
:10DC6000726469632F6E7266782F68616C2F6E72B2
:10DC7000665F6770696F2E68006E72665F677069B5
:10DC80006F5F70696E5F70726573656E745F6368F5
:10DC900065636B282A705F70696E2900574553547D
:10DCA0005F544F504449522F7A65706879722F73D0
:10DCB0006F632F6E6F726469632F6E726635332FD8
:10DCC0006E726635335F6370756E65745F6D676D18
:10DCD000742E6300726574203E3D20300000000009
:10DCE0000121200B0A00000000000000FFFFFFFFE1
:10DCF000FFFF00000000000030313233343536378A
:10DD000038396162636465660062745F72706100D5
:10DD1000496E73756666696369656E74206E756DAC
:10DD2000626572206F6620617267756D656E7473CF
:10DD30000049676E6F72696E67206964656E746909
:10DD4000746965732073746F72656420696E2066F0
:10DD50006C61736800496E76616C6964206C656EF5
:10DD60006774682049442061646472657373206934
:10DD70006E2073746F726167650062742F25732F54
:10DD80002530327825303278253032782530327897
:10DD9000253032782530327825752F25730062744E
:10DDA0002F25732F25303278253032782530327880
:10DDB0002530327825303278253032782575007359
:10DDC000657474696E67735F7375627379735F6985
:10DDD0006E6974206661696C6564202865727220C2
:10DDE0002564290062742F2573004661696C65649F
:10DDF00020746F2073617665204944202865727213
:10DE00002025642900556E61626C6520746F207353
:10DE10006574757020616E206964656E74697479CB
:10DE200020616464726573730062740062745F736E
:10DE3000657474696E6773004254204C57205751C3
:10DE40000002FB349B5F8000008000100000000097
:10DE50000000574553545F544F504449522F7A6540
:10DE6000706879722F7375627379732F626C756540
:10DE7000746F6F74682F686F73742F6275662E638A
:10DE80000074797065203D3D2042545F4255465FE5
:10DE9000455654207C7C2074797065203D3D20429D
:10DEA000545F4255465F41434C5F494E207C7C2085
:10DEB00074797065203D3D2042545F4255465F496C
:10DEC000534F5F494E0009496E76616C6964206268
:10DED0007566666572207479706520726571756506
:10DEE000737465640A00574553545F544F50444956
:10DEF000522F7A65706879722F696E636C756465EC
:10DF00002F7A65706879722F626C7565746F6F74A3
:10DF1000682F6275662E68006D6574612D3E7061B4
:10DF200072656E740076696577006E65745F627500
:10DF3000665F68656164726F6F6D28706172656E8F
:10DF40007429203E2030002162745F6275665F682C
:10DF500061735F7669657728706172656E742900F8
:10DF600062745F627566006D616C666F726D656488
:10DF7000206164766572746973696E672064617488
:10DF800061202575202F2025750062745F646174FF
:10DF900061004461746120627566666572206F7607
:10DFA0006572666C6F7720286C696E6B207479706F
:10DFB00065203078253032782900556E61626C65B5
:10DFC00020746F206C6F6F6B20757020636F6E6EA6
:10DFD00020776974682068616E646C65202575001F
:10DFE0004572726F72207768696C65207570646124
:10DFF00074696E6720746865207363616E6E657204
:10E00000202825642900556E61626C6520746F209C
:10E010006C6F6F6B757020636F6E6E20666F722011
:10E0200068616E646C652025750048617264776173
:10E030007265206572726F722C20686172647761FC
:10E04000726520636F64653A20256400436F756CC8
:10E0500064206E6F74207375626D69742072785FCE
:10E06000776F726B3A20256400696E746572766111
:10E070006C206578636565647320746865207661DB
:10E080006C69642072616E67652025752075730068
:10E090006C6174656E63792065786365656473206F
:10E0A0007468652076616C69642072616E676520B2
:10E0B00030782530347800737570765F74696D65DB
:10E0C0006F75742065786365656473207468652076
:10E0D00076616C69642072616E67652030782530E6
:10E0E000347800556E61626C6520746F20616C6CD1
:10E0F0006F636174652062756666657200556E684F
:10E10000616E646C6564206576656E742030782578
:10E11000303278206C656E2025753A2025730054C6
:10E120006F6F20736D616C6C202825752062797487
:10E13000657329206576656E7420307825303278D5
:10E1400000496E76616C69642048434920657665B4
:10E150006E742073697A65202825752900496E76CA
:10E16000616C6964204C45206D657461206576653D
:10E170006E742073697A65202825752900574553E8
:10E18000545F544F504449522F7A65706879722F0A
:10E190007375627379732F626C7565746F6F7468D1
:10E1A0002F686F73742F6863695F636F72652E6386
:10E1B000006576745F666C61677320262028315590
:10E1C0004C203C3C202830292900496E76616C693E
:10E1D0006420627566207479706520257500496E2B
:10E1E00076616C6964204843492041434C2070614A
:10E1F000636B65742073697A652028257529004151
:10E20000434C2064617461206C656E677468206D96
:10E2100069736D617463682028257520213D202570
:10E22000752900556E61626C6520746F2066696E99
:10E230006420636F6E6E20666F722068616E646C1E
:10E24000652025750062745F6863695F6576745F39
:10E250006765745F666C616773286864722D3E65DC
:10E260007674292026202831554C203C3C2028312A
:10E27000292900556E6B6E6F776E2062756620746B
:10E2800079706520257500556E68616E646C6564F3
:10E290002076656E646F722D73706563696669635D
:10E2A000206576656E7420307825303278206C6574
:10E2B0006E2025753A202573004E6F20636F6D6DBB
:10E2C000616E642073656E7420666F7220636D6486
:10E2D00020636F6D706C65746520307825303478FC
:10E2E000004F70436F6465203078253034782063A8
:10E2F0006F6D706C6574656420696E7374656164BC
:10E30000206F6620657870656374656420307825B9
:10E31000303478002162756600657674206E756D04
:10E320005F68616E646C657320283D2575292074D3
:10E330006F6F206C617267652028257A75203E20FA
:10E34000257529004E6F20636F6E6E656374696F6B
:10E350006E20666F722068616E646C6520257500A2
:10E360007061636B65747320636F756E74206D6983
:10E37000736D617463680061746F6D69635F676575
:10E38000742826636F6E6E2D3E696E5F6C6C29007B
:10E390004661696C656420746F20736574207265D2
:10E3A000717569726564207365637572697479202B
:10E3B0006C6576656C004E6F206368616E676520E2
:10E3C000746F20656E6372797074696F6E207374F8
:10E3D0006174652028656E637279707420307825C9
:10E3E0003032782900756E6B6E6F776E005B305D32
:10E3F00000484349207472616E73706F72743A20E2
:10E40000257300495043004964656E746974792529
:10E41000733A202573004964656E746974795B25CD
:10E42000645D3A202573004843493A20766572734B
:10E43000696F6E20257320283078253032782920A6
:10E440007265766973696F6E203078253034782C68
:10E45000206D616E756661637475726572203078C7
:10E4600025303478004C4D503A2076657273696FD0
:10E470006E20257320283078253032782920737556
:10E480006276657220307825303478004E6F2049EE
:10E490004420616464726573732E20417070206D36
:10E4A0007573742063616C6C2073657474696E6736
:10E4B000735F6C6F61642829005A65706879720017
:10E4C0000925640A00556E61626C6520746F2073C3
:10E4D000656E6420746F20647269766572202865A9
:10E4E0007272202564290009556E61626C65207482
:10E4F0006F20616C6C6F6320666F7220486F73745D
:10E50000204E43500A0009556E61626C6520746F9D
:10E510002073656E6420486F7374204E435020282A
:10E52000657272202564290A00556E61626C65204F
:10E53000746F206C6F6F6B20757020636F6E6E2030
:10E540007769746820696E64657820307825303288
:10E5500078004E6F74207265706F7274696E6720F8
:10E560007061636B657420666F72206E6F6E2D63D1
:10E570006F6E6E656374656420636F6E6E00556EBA
:10E5800061626C6520746F20616C6C6F636174658F
:10E59000206E65772048434920636F6D6D616E641E
:10E5A0000009436F6E74726F6C6C657220756E72C9
:10E5B0006573706F6E736976652C20636F6D6D6126
:10E5C0006E64206F70636F64652030782530347816
:10E5D0002074696D656F7574207769746820657241
:10E5E000722025640A006F70636F6465203078259F
:10E5F000303478207374617475732030782530322C
:10E6000078202573004661696C656420746F207200
:10E6100065616420444C45206D61782064617461BB
:10E62000206C656E0074785F6F6374657473206529
:10E63000786365656473207468652076616C6964CD
:10E640002072616E67652025750074785F74696D4E
:10E6500065206578636565647320746865207661FC
:10E660006C69642072616E6765202575004E6F20AD
:10E6700070656E64696E672063656E7472616C208C
:10E68000636F6E6E656374696F6E00436F6E6E6567
:10E690006374696F6E206372656174696F6E207454
:10E6A000696D656F757420747269676765726564FA
:10E6B000004661696C656420746F207265737461D3
:10E6C000727420696E69746961746F7200556E6549
:10E6D0007870656374656420737461747573203039
:10E6E0007825303278202573006576742D3E73745A
:10E6F00061747573203D3D2030783030004E6F20BE
:10E7000070656E64696E6720636F6E6E20666F72EF
:10E71000207065657220257300436F6E74726F6C94
:10E720006C657220746F20686F737420666C6F77ED
:10E7300020636F6E74726F6C206E6F7420737570CF
:10E74000706F72746564004E6F6E2D4C452063616E
:10E750007061626C6520636F6E74726F6C6C657251
:10E7600020646574656374656421004E756D206F67
:10E770006620436F6E74726F6C6C657227732041F4
:10E78000434C207061636B65747320213D204143CD
:10E790004C2062745F636F6E6E5F747820636F6E7F
:10E7A00074657874732028257520213D20257529EE
:10E7B0000041434C2042522F454452206275666608
:10E7C000657273206E6F7420696E697469616C691B
:10E7D0007A65640056656E646F722048434920650F
:10E7E0007874656E73696F6E73206E6F74206176D6
:10E7F00061696C61626C6500485720506C61746699
:10E800006F726D3A202573202830782530347829AE
:10E810000048572056617269616E743A2025732052
:10E820002830782530347829004669726D77617216
:10E83000653A2025732028307825303278292056F3
:10E84000657273696F6E2025752E25752042756976
:10E850006C64202575004661696C656420746F20C6
:10E860007265616420737570706F72746564207670
:10E87000656E646F7220636F6D6D616E64730046C8
:10E8800061696C656420746F2072656164207375C2
:10E8900070706F727465642076656E646F72206646
:10E8A00065617475726573004843492064726976C6
:10E8B0006572206973206E6F7420726561647900DF
:10E8C00042542052582057510048434920647269ED
:10E8D000766572206F70656E206661696C65642074
:10E8E00028256429004F7574206F6620636F6D6D55
:10E8F000616E64206275666665727300556E657838
:10E9000070656374656420484F53545F4E554D5F86
:10E91000434F4D504C455445445F5041434B455443
:10E92000532C2073746174757320307825303278DD
:10E9300020257300556E636C656172656420706597
:10E940006E64696E672073656E745F636D640091B9
:10E95000FBFBF3F4FBFBFBFBEA00090909090102DD
:10E960000909090909090909090909070909090919
:10E97000090609090909090909090909090909090A
:10E98000090905312E306200312E3100312E32005E
:10E99000322E3000322E3100332E3000342E300033
:10E9A000342E3100342E3200352E3000352E310019
:10E9B000352E3200352E3300352E3400362E300001
:10E9C000362E3100362E3200362E33005374616EEF
:10E9D0006461726420426C7565746F6F7468206343
:10E9E0006F6E74726F6C6C65720056656E646F72D8
:10E9F00020737065636966696320636F6E74726FFC
:10EA00006C6C6572004669726D77617265206C6F1F
:10EA1000616465720052657363756520696D616735
:10EA200065007265736572766564006E52463531B5
:10EA300078006E5246353278006E52463533780093
:10EA40006E524635344878006E524635344C780064
:10EA5000496E74656C20436F72706F726174696F78
:10EA60006E004E6F726469632053656D69636F6EEB
:10EA7000647563746F72004E58502053656D6963FE
:10EA80006F6E647563746F72730045737072657333
:10EA90007369662053797374656D730062745F687F
:10EAA00063695F636F726500636D6420646973619D
:10EAB0006C6C6F77656400574553545F544F5044F6
:10EAC00049522F7A65706879722F73756273797302
:10EAD0002F626C7565746F6F74682F686F73742F15
:10EAE00069642E6300636F6E666C69637420213DF8
:10EAF000202828766F6964202A29302900636F6EE8
:10EB0000666C6963742D3E63616E646964617465EB
:10EB100020213D202828766F6964202A2930290089
:10EB20007265736964656E7420213D202828766FB4
:10EB30006964202A2930290028636F6E666C696336
:10EB4000742D3E63616E6469646174652D3E7374F7
:10EB500061746520262042545F4B4559535F4944F8
:10EB60005F414444454429203D3D203000466169D1
:10EB70006C656420746F2064697361626C652061E8
:10EB8000646472657373207265736F6C7574696FFA
:10EB90006E005265736F6C76696E67206C69737472
:10EBA0002073697A652065786365656465642E20E5
:10EBB000537769746368696E6720746F20686F7338
:10EBC000742E004661696C656420746F20636C6507
:10EBD0006172207265736F6C7574696F6E206C69F9
:10EBE0007374004661696C656420746F20616464AD
:10EBF0002049524B20746F20636F6E74726F6C6C7F
:10EC00006572005365742070726976616379206D56
:10EC10006F646520636F6D6D616E64206973206E33
:10EC20006F7420737570706F7274656400466169EB
:10EC30006C656420746F20736574207072697661EE
:10EC40006379206D6F64650062745F6465762E6C15
:10EC5000652E726C5F656E7472696573203E20303C
:10EC60000044697361626C696E67206164647265F7
:10EC70007373207265736F6C7574696F6E20666153
:10EC8000696C6564202865727220256429004661DC
:10EC9000696C656420746F2072656D6F76652049BC
:10ECA000524B2066726F6D20636F6E74726F6C6C66
:10ECB0006572004F6E6C792072616E646F6D2073A7
:10ECC0007461746963206964656E74697479206124
:10ECD00064647265737320737570706F72746564A9
:10ECE00000496E76616C696420696E70757420707D
:10ECF0006172616D6574657273004661696C65640B
:10ED000020746F2072656164207075626C69632085
:10ED10006164647265737300526561642053746149
:10ED20007469632041646472657373657320636FF3
:10ED30006D6D616E64206E6F7420617661696C61C7
:10ED4000626C65004661696C656420746F20726551
:10ED500061642073746174696320616464726573B3
:10ED6000736573004E6F207374617469632061640E
:10ED7000647265737365732073746F726564206960
:10ED80006E20636F6E74726F6C6C65720062745F7C
:10ED9000696400556E657870656374656420656E9E
:10EDA00064206F6620627566666572000305020066
:10EDB0000A574553545F544F504449522F7A657057
:10EDC0006879722F696E636C7564652F7A657068F7
:10EDD00079722F7379732F627974656F72646572BB
:10EDE0002E6800282870737263203C20706473744E
:10EDF000202626202870737263202B206C656E6796
:10EE0000746829203C3D207064737429207C7C2028
:10EE10002870737263203E2070647374202626204D
:10EE20002870647374202B206C656E6774682920C9
:10EE30003C3D207073726329290009536F7572631A
:10EE40006520616E642064657374696E6174696FB6
:10EE50006E2062756666657273206D757374206EC0
:10EE60006F74206F7665726C61700A007073615FF9
:10EE700063727970746F5F696E69742829206661A6
:10EE8000696C6564202564007073615F67656E65F9
:10EE9000726174655F72616E646F6D2829206661AE
:10EEA000696C6564202564004661696C6564207442
:10EEB0006F20696D706F727420414553206B6579C6
:10EEC0002025640041455320656E63727970746932
:10EED0006F6E206661696C65642025640046616917
:10EEE0006C656420746F2064657374726F7920415F
:10EEF0004553206B65792025640062745F686F73E9
:10EF0000745F63727970746F004661696C65642028
:10EF1000746F2067656E6572617465204543432098
:10EF20006B6579202564004661696C656420746FA7
:10EF3000206578706F727420454343207075626C51
:10EF40006963206B6579202564004661696C65649E
:10EF500020746F206578706F727420454343207071
:10EF6000726976617465206B65792025640046615D
:10EF7000696C656420746F2064657374726F7920A6
:10EF8000454343206B657920494420256400466150
:10EF9000696C656420746F20696D706F7274207481
:10EFA00068652070726976617465206B657920668A
:10EFB0006F72206B65792061677265656D656E742F
:10EFC00020256400526177206B6579206167726546
:10EFD000656D656E74206661696C656420256400EA
:10EFE0004661696C656420746F2064657374726F28
:10EFF0007920746865206B657920256400707361E1
:10F000005F696D706F72745F6B6579282920726516
:10F010007475726E656420737461747573202564F1
:10F02000004275737920706572666F726D696E67E4
:10F0300020616E6F746865722045434448206F708C
:10F0400065726174696F6E00E69D350E480103CCF0
:10F05000DBFDF4AC1191F4EFB9A5F9E9A7832C5EBF
:10F060002CBE97F2D203B0208BD28915D08E1C749F
:10F070002430ED8FC24563765C15525ABF9A3263D5
:10F080006DEB2A65499C80DC62745F6563630057A1
:10F090004553545F544F504449522F7A65706879F4
:10F0A000722F7375627379732F626C7565746F6FED
:10F0B00074682F686F73742F636F6E6E2E630063B6
:10F0C00062203C3D205F62745F636F6E6E5F6362BF
:10F0D0005F6C6973745F656E640074780069735F58
:10F0E00061636C5F636F6E6E28636F6E6E29006B79
:10F0F0005F63757272656E745F6765742829203D61
:10F100003D206B5F776F726B5F71756575655F74BE
:10F1100068726561645F6765742874785F6E6F7488
:10F120006966795F776F726B71756575655F676525
:10F1300074282929004661696C65642072656164E0
:10F140002072656D6F746520666561747572657394
:10F1500020282564290050485920307825303278FD
:10F16000206E6F7420737570706F727465640046E2
:10F1700061696C6564204C45205365742050485982
:10F180002028256429004661696C656420746F201D
:10F190007365742064617461206C656E2028256439
:10F1A000290009636F756C646E2774207375626D36
:10F1B00069742028657272202564290A00556E65DD
:10F1C00078706563746564206669727374204C326C
:10F1D000434150206672616D6500556E65787065BB
:10F1E00063746564204C3243415020636F6E7469D0
:10F1F0006E756174696F6E004E6F7420656E6F7509
:10F200006768206275666665722073706163652049
:10F21000666F72204C324341502064617461005526
:10F220006E65787065637465642041434C20666C3C
:10F230006167732028307825303278290041434CAB
:10F24000206C656E206D69736D617463682028257C
:10F2500075203E202575290009496E76616C696428
:10F2600020636F6E6E656374696F6E20726566658C
:10F2700072656E63650A006F6C64203E2030000981
:10F28000436F6E6E207265666572656E636520639E
:10F290006F756E74657220697320300A0021636F88
:10F2A0006E6E5F74785F69735F70656E64696E67B8
:10F2B000000974785F636F6D706C6574655F776F5C
:10F2C000726B2069732070656E64696E6720776861
:10F2D000656E20636F6E6E206973206465616C6C6F
:10F2E0006F63617465640A0028756E6B6E6F776E6C
:10F2F00029006E6F207472616E736974696F6E207D
:10F300002573004572726F72207768696C65207290
:10F31000656D6F76696E6720636F6E6E20757365BD
:10F32000722066726F6D207363616E6E6572202845
:10F3300025642900496E76616C6964202825752949
:10F34000206F6C6420737461746500636F6E6E204F
:10F350002570206661696C656420746F2065737424
:10F3600061626C6973682E205246206E6F69736506
:10F370003F006E6F2076616C696420282575292016
:10F380007374617465207761732073657400696EAE
:10F39000636F6D70617469626C652068616E646C26
:10F3A00065202575002828636F6E6E29202626208B
:10F3B000282875696E747074725F74292861636C93
:10F3C0005F636F6E6E732929203C3D202828756984
:10F3D0006E747074725F742928636F6E6E292920B1
:10F3E000262620282875696E747074725F74292827
:10F3F000636F6E6E2929203C20282875696E747011
:10F4000074725F742928262861636C5F636F6E6E67
:10F4100073295B282873697A655F7429282828690D
:10F420006E742973697A656F6628636861725B31EF
:10F43000202D202832202A202128215F5F62756933
:10F440006C74696E5F74797065735F636F6D706102
:10F450007469626C655F70285F5F747970656F6650
:10F460005F5F2861636C5F636F6E6E73292C205F32
:10F470005F747970656F665F5F28262861636C5FD3
:10F48000636F6E6E73295B305D292929295D292000
:10F490002D203129202B202873697A656F66286119
:10F4A000636C5F636F6E6E7329202F2073697A65BA
:10F4B0006F66282861636C5F636F6E6E73295B30C3
:10F4C0005D292929295D2929202626202828287513
:10F4D000696E747074725F742928636F6E6E292967
:10F4E000202D20282875696E747074725F74292825
:10F4F00061636C5F636F6E6E732929292025207309
:10F50000697A656F66282861636C5F636F6E6E73DE
:10F51000295B305D29203D3D2030290009496E7668
:10F52000616C69642062745F636F6E6E20706F69D6
:10F530006E7465720A00216B5F69735F696E5F6943
:10F54000737228290054696D656F7574206469733E
:10F550006361726465642E204E6F20626C6F636B12
:10F56000696E6720696E2073797377712E0009497F
:10F570006E76616C696420636F6E6E20747970655D
:10F580002025750A00746D7020213D20636F6E6E1A
:10F59000007072657620213D2026636F6E6E2D3ED1
:10F5A0005F636F6E6E5F726561647900094E6F20F4
:10F5B000636F6E74726F6C6C657220627566730A2D
:10F5C00000094E6F20545820636F6E746578740A7A
:10F5D0000030207C7C20286275662D3E7265662096
:10F5E0003D3D203129207C7C20286275662D3E72AD
:10F5F0006566203D3D203229002162745F62756698
:10F600005F6861735F76696577286F757473696485
:10F610006529006672616720213D202828766F6980
:10F6200064202A2930290009496E76616C696420BA
:10F63000636F6E6E656374696F6E20747970652098
:10F6400025750A00466174616C206572726F7220C4
:10F65000282564292E20446973636F6E6E65637478
:10F66000696E6720257000466F756E642076616C48
:10F67000696420636F6E6E656374696F6E20282500
:10F6800070292077697468206164647265737320DF
:10F69000257320696E2025732073746174652000C2
:10F6A0002A636F6E6E2073686F756C6420626520CC
:10F6B000756E7265666572656E63656420616E6401
:10F6C00020696E697469616C697A656420746F2061
:10F6D0004E554C4C004E6F20627566666572732005
:10F6E000746F2063616E63656C20636F6E6E65631B
:10F6F00074696F6E2C207265747279696E67206907
:10F700006E203130206D730053656E64204C4520AF
:10F71000706172616D2075706461746520666169E5
:10F720006C65642028657272202564290064697301
:10F73000636F6E6E656374656400646973636F6E96
:10F740006E6563742D636F6D706C657465007363B3
:10F75000616E2D6265666F72652D696E697469618F
:10F7600074696E6700696E6974696174696E672D8A
:10F7700066696C7465722D6C697374006164762DB2
:10F78000636F6E6E65637461626C65006164762D93
:10F790006469722D636F6E6E65637461626C65007F
:10F7A000646973636F6E6E656374696E670062741B
:10F7B0005F636F6E6E00574553545F544F5044491A
:10F7C000522F7A65706879722F7375627379732F0F
:10F7D000626C7565746F6F74682F686F73742F6CCB
:10F7E000326361702E630073203D3D20266C655F9F
:10F7F0006368616E2D3E5F7064755F7265616479E8
:10F8000000556E61626C6520746F20616C6C6F6373
:10F810006174652062756666657220666F72206F1E
:10F820007020307825303278004E6F206176616923
:10F830006C61626C65204C3243415020636F6E7482
:10F8400065787420666F7220636F6E6E202570007D
:10F85000457870656374696E6720757020746F20D9
:10F86000256420726566732C20676F742025640000
:10F87000636F6E6E2D3E7374617465203D3D204252
:10F88000545F434F4E4E5F434F4E4E4543544544A5
:10F8900000616C72656164792068617665207669C3
:10F8A0006577206F6E202570006669666F5F7064F3
:10F8B00075203D3D207064750028666368616E2D7B
:10F8C0003E636964203E3D20307830303031202660
:10F8D0002620666368616E2D3E636964203C3D208E
:10F8E000307830303366290009434944202575209B
:10F8F0006973206E6F7420696E2074686520666974
:10F90000786564206368616E6E656C2072616E67F5
:10F91000650A006368616E203D3D202828766F6986
:10F9200064202A29302900094669786564206368C3
:10F93000616E6E656C2077697468204349442025A8
:10F940007520616C72656164792065786973747380
:10F950000A00666368616E203C3D205F62745F6CE4
:10F96000326361705F66697865645F6368616E5F6A
:10F970006C6973745F656E64004C32434150206C57
:10F98000656E677468206D69736D617463682028A3
:10F99000257520213D2025752900496E76616C6909
:10F9A00064206964656E742076616C756520696E8B
:10F9B000204C324341502050445500496E76616CD2
:10F9C0006964204C4520636F6E6E20706172616DBA
:10F9D000207273702073697A652028257520213D77
:10F9E00020257A752900496E76616C6964204C4542
:10F9F00020636F6E6E207570646174652070617233
:10FA0000616D207265712073697A652028257520E3
:10FA1000213D20257A7529004E6F7420636F6E6E2C
:10FA200065637465640052656A656374696E672016
:10FA3000756E6B6E6F776E204C3243415020504490
:10FA40005520636F64652030782530327800546F1C
:10FA50006F20736D616C6C204C3243415020736990
:10FA6000676E616C696E672050445500546F6F205B
:10FA7000736D616C6C204C324341502050445520D2
:10FA800072656365697665640049676E6F72696E59
:10FA900067206461746120666F7220756E6B6E6F93
:10FAA000776E206368616E6E656C20494420307803
:10FAB000253034780062745F6C3263617000466197
:10FAC000696C656420746F207375626D6974206160
:10FAD00074745F74785F64657374726F795F776F45
:10FAE000726B3A20256400574553545F544F50447D
:10FAF00049522F7A65706879722F737562737973C2
:10FB00002F626C7565746F6F74682F686F73742FD4
:10FB10006174742E63006E65745F6275665F706FEA
:10FB20006F6C5F676574286275662D3E706F6F6CD1
:10FB30005F696429203D3D20266174745F706F6F9A
:10FB40006C00415454206368616E6E656C206E6F6A
:10FB50007420636F6E6E6563746564006275662DF4
:10FB60003E6C656E203E3D2073697A656F66287332
:10FB700074727563742062745F6174745F68647218
:10FB800029004572726F72207369676E696E672013
:10FB9000646174610052616E206F7574206F66201D
:10FBA00054582062756666657273206F7220636FA9
:10FBB0006E74657874732E00556E61626C65207486
:10FBC0006F20637265617465206572722072737054
:10FBD0002050445500415454204D545520657863BD
:10FBE00065656465642C206D61782025752C20770F
:10FBF000616E74656420257A7500556E61626C656E
:10FC000020746F2063726561746520636F6E66692E
:10FC1000726D2050445500556E61626C6520746FA2
:10FC200020637265617465207273702050445500C2
:10FC3000546F6F20736D616C6C204154542050449C
:10FC40005520726563656976656400556E68616EFE
:10FC5000646C65642041545420636F64652030787F
:10FC60002530327800496E76616C6964206C656E6F
:10FC700020257520666F7220636F646520307825BB
:10FC800030327800556E61626C6520746F2063724B
:10FC90006561746520555549443A2073697A652039
:10FCA000257500556E61626C6520746F2063726506
:10FCB00061746520555549443A2073697A65202559
:10FCC00064004E6F20617661696C61626C652041F1
:10FCD000545420636F6E7465787420666F7220636D
:10FCE0006F6E6E202570004E6F20617661696C61C9
:10FCF000626C6520415454206368616E6E656C20AF
:10FD0000666F7220636F6E6E20257000556E6162A3
:10FD10006C6520746F2066696E64204154542063C2
:10FD200068616E6E656C00476F7420657272202585
:10FD3000642C206E6F742063616C6C696E67204167
:10FD400054542063620009556E6B6E6F776E206F9E
:10FD5000702074797065203078253032580A00465A
:10FD600061696C656420746F2072652D7375626DB6
:10FD700069742025733A202564004E6F2041545445
:10FD8000206368616E6E656C20666F72204D5455FD
:10FD900020257A75004E6F2070656E64696E67204D
:10FDA000415454207265717565737400556E6162BB
:10FDB0006C6520746F206372656174652072657470
:10FDC00072792050445520282575290044697363B1
:10FDD0006F6E6E656374696E67206661696C6564D9
:10FDE00020286572722025642900415454205469EA
:10FDF0006D656F757420666F7220646576696365E2
:10FE00002025732E20446973636F6E6E6563746979
:10FE10006E672E2E2E00726571006174745F7478A7
:10FE20005F64657374726F795F776F726B5F68611F
:10FE30006E646C65720062745F61747400434D415E
:10FE40004320757064617465206661696C65642027
:10FE50002564004661696C656420746F2064656385
:10FE60006F64652076616C75652028657272202547
:10FE70007A6429004661696C656420746F2073613F
:10FE800076652044617461626173652048617368BE
:10FE900020286572722025642900574553545F5409
:10FEA0004F504449522F7A65706879722F7375628A
:10FEB0007379732F626C7565746F6F74682F686FD8
:10FEC00073742F676174742E6300656C20213D206C
:10FED0002828766F6964202A293029000943616E39
:10FEE00027742073617665204346202F20434343C7
:10FEF00020746F20666C6173680A006661696C65C6
:10FF00006420746F2073746F7265205343202865DA
:10FF100072722025642900756E61626C6520746FB1
:10FF200020736176652053433A206E6F20636667C5
:10FF3000206C65667400676174745F7375625F69D5
:10FF4000735F656D707479287375622900546F6FE3
:10FF5000206D616E7920436C69656E742043686121
:10FF6000726163746572697374696320436F6E664E
:10FF7000696775726174696F6E2E205365652043E1
:10FF80004F4E4649475F42545F53455454494E478C
:10FF9000535F4343435F53544F52455F4D41580AAB
:10FFA00000496E76616C6964206B657900666169F1
:10FFB0006C656420746F2064656C657465205343C0
:10FFC000202865727220256429004661696C656489
:10FFD00020746F20636C6561722053432025640098
:10FFE000556E61626C6520746F206465636F646533
:10FFF000206164647265737320257300496E7661B5
:020000023000CC
:100000006C6964206C6F63616C206964656E7469EF
:10001000747920256C7500556E61626C6520746F73
:1000200020726573746F72652053433A206E6F209F
:10003000636667206C656674004E6F207370616341
:100040006520746F2073746F72652043434320638F
:100050006667004E6F20737061636520746F207354
:10006000746F726520436C69656E7420537570708F
:100070006F727465642046656174757265730055AE
:100080006E61626C6520746F20726573746F726547
:100090002043463A206E6F20636667206C65667465
:1000A000004368616E67652D6177617265207374C6
:1000B00061747573206E6F7420666F756E6420694D
:1000C0006E2073657474696E67732C206465666155
:1000D000756C74696E6720706565722073746174E5
:1000E000757320746F206368616E67652D756E612E
:1000F000776172650052656164206261636B2062A2
:100100006164206368616E67652D61776172652047
:1001100076616C75653A20307825782C20646566A8
:1001200061756C74696E67207065657220737461A7
:1001300074757320746F206368616E67652D756ECA
:100140006177617265004661696C656420746F2037
:1001500073746F726520436C69656E7420466561C7
:100160007475726573202865727220256429007386
:1001700074617469635F737663203C3D205F6274D1
:100180005F676174745F736572766963655F7374CA
:10019000617469635F6C6973745F656E6400556E4A
:1001A00061626C6520746F20696D706F7274207469
:1001B0006865206B657920666F7220414553204346
:1001C0004D414320256400434D4143206F706572CB
:1001D0006174696F6E20696E6974206661696C650F
:1001E0006420256400434D41432066696E6973684D
:1001F000206661696C65642025640062742F636306
:1002000063004661696C656420746F2073746F725B
:1002100065204343437320286572722025642900BA
:1002200009696E76616C696420706172616D6574D4
:1002300065720A0A00617474720052656164206D0F
:100240006574686F64206E6F742073657400466116
:10025000696C656420746F207265616420617474D8
:100260007269627574652025702028657272202578
:100270007A642900496E76616C69642072656164F4
:10028000206C656E6774683A20257A6400094E6FA9
:10029000206D6F7265206174747269627574657324
:1002A0000A0A00706172616D730009696E76616C93
:1002B000696420706172616D65746572730A0A0009
:1002C000706172616D732D3E61747472207C7C204C
:1002D000706172616D732D3E757569640021617482
:1002E0006F6D69635F746573745F626974287363AB
:1002F0002D3E666C6167732C2053435F494E444921
:10030000434154455F50454E44494E4729000949F1
:100310006E64696361746520616C726561647920E3
:1003200070656E64696E670A004343432025702040
:100330006E6F74207772697461626C65005343203C
:10034000726573746F726520696E64696361746944
:100350006F6E206661696C656400706172616D73B7
:1003600020262620706172616D732D3E66756E6366
:100370000028706172616D732D3E73746172745FD9
:1003800068616E646C6520262620706172616D73F1
:100390002D3E656E645F68616E646C65290028702F
:1003A0006172616D732D3E73746172745F68616E0A
:1003B000646C65203C3D20706172616D732D3E65FB
:1003C0006E645F68616E646C652900556E6B6E6F5C
:1003D000776E205555494420747970652025750045
:1003E00050617273652065727200496E76616C6946
:1003F000642064617461206C656E20257500506115
:10040000727365206572722064617400506172734A
:10041000652065727220636570005061727365209B
:100420006572722063636300506172736520657248
:10043000722073636300506172736520657272206D
:1004400063706600496E76616C696420666F726DD8
:1004500061742025750042616420706565723A20E0
:1004600041545420726561642D62792D75756964FB
:10047000207273703A20696E76616C696420415411
:10048000545220504455206C656E20257500496EED
:1004900076616C69642068616E646C6500426164B9
:1004A00020706565723A2041545420726561642D54
:1004B00062792D75756964207273703A2048616E97
:1004C000646C6520307825303478206973206F752E
:1004D00074736964652072657175657374656420F1
:1004E00072616E6765203078253034782D3078253C
:1004F0003034782E2041626F7274696E67207265A5
:1005000061642E00706172616D732D3E68616E646E
:100510006C6500496E636F7272656374206C656E02
:100520006774682C2063616E63656C696E67207701
:100530007269746500496E636F7272656374206FCF
:100540006666736574206F72206461746120696EE1
:1005500020726573706F6E73652C2063616E6365C6
:100560006C696E6720777269746500706172616D85
:100570007320262620706172616D732D3E6E6F743C
:1005800069667900706172616D732D3E76616C757C
:100590006500706172616D732D3E6363635F6861B6
:1005A0006E646C65004661696C656420746F2075CB
:1005B0006E7375627363726962652028657272205A
:1005C00025642900496E76616C69642064617461F8
:1005D000206C656E202575203E20257500466169DA
:1005E0006C656420746F2073657420736563757225
:1005F00069747920666F7220626F6E646564207022
:10060000656572202825642900636F6E6E20257051
:1006100020706172616D7320257020726573756240
:10062000206661696C6564202865727220256429E2
:100630000062742F686173680062742F63660062E1
:10064000742F73630062745F6761747400556E6128
:10065000626C6520746F2066696E6420534D502073
:100660006368616E6E656C00556E6B6E6F776E20A1
:1006700070616972696E67206D6574686F642028A7
:10068000257529004661696C656420746F20737458
:1006900061727420656E6372797074696F6E004662
:1006A00061696C656420746F2067656E6572617442
:1006B000652044484B65790043616C63756C6174D7
:1006C00065204C544B206661696C65640043616C25
:1006D00063756C617465206C6F63616C2044484B7A
:1006E000657920636865636B206661696C65640089
:1006F00052656D6F7465206973207573696E67202C
:100700004465627567205075626C6963206B65791A
:1007100000526563656976656420696E76616C690F
:1007200064207075626C6963206B65790052656D39
:100730006F7465207075626C6963206B65792072D7
:10074000656A65637465640043616C63756C6174AC
:100750006520636F6E6669726D206661696C6564A1
:10076000004E6F206B65797320737061636520663E
:100770006F72202573004E6F20617661696C616233
:100780006C6520534D5020636F6E746578742066DD
:100790006F7220636F6E6E20257000556E61626C03
:1007A0006520746F20676574206B65797320666FB0
:1007B00072202573004E657720617574682072651C
:1007C00071756972656D656E74733A20307825783D
:1007D0002C20726570616972696E6700556E737561
:1007E00070706F72746564206175746820726571D1
:1007F000756972656D656E74733A20307825782C52
:1008000020726570616972696E6700574553545F65
:10081000544F504449522F7A65706879722F73751E
:10082000627379732F626C7565746F6F74682F686B
:100830006F73742F736D702E63005075626C6963F3
:10084000206B65792072652D67656E6572617469CC
:100850006F6E2072657175657374206661696C6571
:10086000642028256429006D757465785F6572724F
:10087000203D3D2030005075626C6963206B6579C6
:100880002067656E65726174696F6E2074696D654D
:100890006F75740054686520696E2D70726F677291
:1008A0006573732070616972696E67206861732077
:1008B0006265656E2064656C657465642100534DE6
:1008C0005020646F6573206E6F7420616C6C6F775D
:1008D00020612070616972696E67206661696C755C
:1008E0007265206174207468697320706F696E741A
:1008F0002E204B6E6F776E2069737375652E2044C2
:100900006973636F6E6E656374696E6720696E7379
:10091000746561642E005075626C6963206B657943
:10092000206E6F7420617661696C61626C65005441
:100930006F6F20736D616C6C20534D502050445587
:1009400020726563656976656400534D5020636F5E
:100950006D6D616E642028636F646520307825308A
:1009600032782920726563656976656420616674F2
:1009700065722074696D656F757400526563656991
:1009800076656420726573657276656420534D5098
:1009900020636F64652030782530327800556E68AA
:1009A000616E646C656420534D5020636F646520F4
:1009B00030782530327800556E65787065637465DF
:1009C0006420534D5020636F6465203078253032A9
:1009D0007800496E76616C6964206964656E74693B
:1009E0007479202573002128736D702D3E72656D1A
:1009F0006F74655F64697374202620307830322903
:100A0000005265667573696E67206E657720706148
:100A10006972696E672E20546865206F6C6420626D
:100A20006F6E64206D75737420626520756E7061E1
:100A3000697265642066697273742E002162745F46
:100A400069645F66696E645F636F6E666C69637428
:100A5000286E65775F626F6E642C203029007061AC
:100A60006972696E67206661696C656420287065CB
:100A7000657220726561736F6E2030782578290069
:100A8000534D502054696D656F75742028666C61F4
:100A900067733A30782530387820616C6C6F7765F1
:100AA000645F636D64733A307825303878290000CC
:100AB00005061F1F2918120308020305080A00086B
:100AC00001030401050405090607010106060800E3
:100AD0000001000100030100030202010002000006
:100AE000000000020301000362745F736D70005721
:100AF0004553545F544F504449522F7A657068797A
:100B0000722F7375627379732F626C7565746F6F72
:100B100074682F686F73742F6B6579732E63006B25
:100B200065797320213D202828766F6964202A2961
:100B30003029006164647220213D202828766F6985
:100B400064202A2930290066756E6320213D202803
:100B500028766F6964202A293029004661696C650E
:100B60006420746F20726561642076616C75652005
:100B70002865727220257A642900556E61626C6561
:100B800020746F2066696E642064656C65746564AA
:100B9000206B65797320666F72202573004661694A
:100BA0006C656420746F20616C6C6F636174652088
:100BB0006B65797320666F7220257300496E7661CC
:100BC0006C6964206B6579206C656E67746820259C
:100BD0007A6420213D20257A750044726F70706917
:100BE0006E67206B65797320666F722025732C20E9
:100BF0006E6F205343204C544B0053746F726564E6
:100C0000206B65797320666F7220257320646F20D6
:100C10006E6F74206D617463682063757272656EA7
:100C20007420636F6E66696720666C616773206FFE
:100C3000722076657273696F6E00546865206B650B
:100C4000797320666F722025732061726520646F4E
:100C5000776E67726164656420746F20756E61756C
:100C60007468656E7469636174656420617320746F
:100C7000686579206E6F206C6F6E676572206D6598
:100C800065742061757468656E7469636174696FF9
:100C90006E20726571756972656D656E747300465C
:100CA00061696C656420746F2073617665206B6583
:100CB00079732028657272202564290062742F6B75
:100CC0006579730062745F6B657973006C888391DA
:100CD000AAF5A53860370BDB5A6083BE62745F6388
:100CE000727970746F004661696C656420746F205E
:100CF000636F6D70757465204D414320256400005D
:100D0000070E091C1B1215383F363124232A2D46A5
:100D100061696C656420746F2073656E642028655A
:100D2000727220256429004E6F7420656E6F75679E
:100D3000682064617461202825752920666F7220FF
:100D40006576656E74206865616465722028257A11
:100D50007529004576656E74207061796C6F6164E9
:100D6000206C656E677468206973206E6F742063F1
:100D70006F72726563742028257520213D202575CA
:100D80002900436F756C646E277420616C6C6F630F
:100D900061746520612062756666657220616674A3
:100DA00065722077616974696E67203130207365E0
:100DB000636F6E64732E004E6F7420656E6F75677F
:100DC0006820737061636520696E20627566666570
:100DD0007220257A752F257A75004E6F7420656E06
:100DE0006F75676820646174612028257529206605
:100DF0006F722041434C206865616465722028252C
:100E00007A7529004E6F20617661696C61626C654C
:100E10002041434C20627566666572732100414330
:100E20004C207061796C6F6164206C656E677468CA
:100E3000206973206E6F7420636F72726563742013
:100E400028257520213D20257529004E6F742065C9
:100E50006E6F75676820646174612028257529208C
:100E6000666F722049534F2068656164657220285F
:100E7000257A7529004E6F20617661696C61626C1C
:100E8000652049534F206275666665727320282578
:100E90007A7529210049534F207061796C6F616424
:100EA000206C656E677468206973206E6F742063B0
:100EB0006F72726563742028257520213D20256C92
:100EC000752900556E6B6E6F776E2048434920740C
:100ED00079706520257500484349207472616E73EE
:100EE000706F7274207365747570206661696C65CB
:100EF0006420776974683A2025640A0049504320C9
:100F00007365727669636520696E7374616E63657B
:100F100020696E697469616C697A6174696F6E20A9
:100F20006661696C65643A2025640A0052656769E8
:100F300073746572696E6720656E64706F696E7434
:100F4000206661696C656420776974682025640097
:100F5000456E64706F696E742062696E64696E6755
:100F6000206661696C656420776974682025640077
:100F700044657265676973746572696E672048437A
:100F80004920656E64706F696E74206661696C6576
:100F90006420776974683A20256400436C6F736934
:100FA0006E672049504320736572766963652066D9
:100FB00061696C656420776974683A20256400482B
:100FC0004349207472616E73706F7274207465612E
:100FD00072646F776E206661696C656420776974EE
:100FE000683A2025640062745F6863695F697063B2
:100FF00030006E72665F62745F6863690062745F7E
:101000006863695F64726976657200574553545F1F
:10101000544F504449522F6D6F64756C65732F683F
:10102000616C2F6E6F726469632F6E7266782F68C1
:10103000616C2F6E72665F7370752E680021287068
:101040005F7265672D3E455854444F4D41494E5B94
:10105000646F6D61696E5F69645D2E5045524D200D
:10106000262028307831554C203C3C202838554CDF
:101070002929290062745F6863695F6E726635337F
:101080005F737570706F727400574553545F544F9F
:10109000504449522F7A65706879722F647269766C
:1010A0006572732F636C6F636B5F636F6E74726FC7
:1010B0006C2F636C6F636B5F636F6E74726F6C5FCA
:1010C0006E72662E630074797065203C20434C4F2D
:1010D000434B5F434F4E54524F4C5F4E52465F540A
:1010E0005950455F434F554E5400636C6F636B40DE
:1010F00035303030006866636C6B006C66636C6B17
:10110000006866636C6B3139326D006866636C6BC6
:10111000617564696F00636C6F636B5F636F6E749E
:10112000726F6C00574553545F544F504449522FCF
:101130006E72662F647269766572732F656E747253
:101140006F70792F656E74726F70795F6363337837
:10115000782E630064657620213D202828766F690B
:1011600064202A2930290062756666657220213D57
:10117000202828766F6964202A2930290063727933
:1011800070746F4035303834343030300063696EFD
:101190007374722025303278207472616E736665C4
:1011A0007220746F6F206C6F6E673A20257A75001D
:1011B000636C656172004A45444543206964205B65
:1011C00025303278202530327820253032785D2065
:1011D000657870656374205B253032782025303265
:1011E0007820253032785D00524453522066616980
:1011F0006C65643A202564005145202573206661A2
:10120000696C65643A2025640072656164206572CA
:10121000726F723A2061646472657373206F72201A
:1012200073697A6520657863656564732065787095
:1012300065637465642076616C7565732E416464C2
:10124000723A203078256C782073697A6520257A87
:1012500075007772697465206572726F723A2061E9
:10126000646472657373206F722073697A65206598
:101270007863656564732065787065637465642060
:1012800076616C7565732E416464723A20307825FE
:101290006C782073697A6520257A750065726173B0
:1012A00065206572726F723A20616464726573734F
:1012B000206F722073697A65206578636565647351
:1012C0002065787065637465642076616C756573FC
:1012D0002E416464723A203078256C782073697AE4
:1012E0006520257A7500756E737570706F72746500
:1012F00064206174203078256C782073697A6520C9
:10130000257A750077616974206572726F72206149
:1013100074203078256C782073697A6520257A7579
:10132000006572617365206572726F72206174204E
:101330003078256C782073697A6520257A750000ED
:101340000000016D78323572363433356640300036
:10135000717370695F6E6F7200696E76616C69643B
:1013600020616464726573733A2030782530386C7C
:10137000783A257A7500756E616C69676E656420D0
:10138000616464726573733A2030782530386C7804
:101390003A257A75006E6F7420776F72642D616CD8
:1013A00069676E65643A2030782530386C783A2564
:1013B0007A7500666C6173682D636F6E74726F6C02
:1013C0006C657240333930303000666C6173685F31
:1013D0006E726600574553545F544F504449522F24
:1013E0007A65706879722F696E636C7564652F7A9F
:1013F00065706879722F647269766572732F677091
:10140000696F2F6770696F5F7574696C732E680000
:1014100063616C6C6261636B00094E6F2063616C89
:101420006C6261636B210A0063616C6C6261636B67
:101430002D3E68616E646C657200094E6F206361B9
:101440006C6C6261636B2068616E646C6572210A0A
:1014500000574553545F544F504449522F7A65709A
:101460006879722F647269766572732F6770696F1D
:101470002F6770696F5F6E7266782E630063622DEE
:101480003E68616E646C6572006770696F403834E5
:1014900032383030006770696F4038343235303060
:1014A0000074785F6D61736B20746F6F2062696781
:1014B00020286F72204950435F434F4E465F4E5580
:1014C0004D20746F6F20736D616C6C290072785FB2
:1014D0006D61736B20746F6F2062696720286F7273
:1014E000204950435F434F4E465F4E554D20746F29
:1014F0006F20736D616C6C2900456E61626C696E62
:1015000067206368616E6E656C20776974686F75BB
:101510007420612072656769737465726564206305
:10152000616C6C6261636B0A0053656E64696E671F
:101530002064617461206E6F7420737570706F72B7
:10154000746564005258206576656E74206F6E2055
:10155000696C6C6567616C206368616E6E656C00B8
:101560005258206576656E74206F6E2064697361D1
:10157000626C6564206368616E6E656C006D626F9D
:1015800078403261303030006D626F785F6E726625
:10159000785F6970630000010203040506070B46CB
:1015A00061696C656420746F20616C6C6F63617439
:1015B0006520505049204368616E6E656C00574548
:1015C00053545F544F504449522F7A657068797272
:1015D0002F647269766572732F73657269616C2FFF
:1015E000756172745F6E7266785F75617274652E74
:1015F0006300095458206F6E6C7920554152544550
:1016000020696E7374616E63650A006E72665F7541
:10161000617274655F6576656E745F636865636B40
:101620002875617274652C204E52465F55415254A4
:10163000455F4556454E545F454E44525829007506
:10164000617274403830303000756172745F6E7250
:1016500066785F7561727465000000000101010029
:101660000001000000574553545F544F5044495205
:101670002F6D6F64756C65732F68616C2F6E6F7260
:101680006469632F6E7266782F68656C706572731B
:101690002F6E7266785F677070695F647070692E14
:1016A0006300705F6770706920213D202828766F85
:1016B0006964202A29302900574553545F544F50FC
:1016C0004449522F6D6F64756C65732F68616C2F80
:1016D0006E6F726469632F6E7266782F64726976BA
:1016E0006572732F7372632F6E7266785F636C6FAF
:1016F000636B2E63006D5F636C6F636B5F63622E61
:101700006D6F64756C655F696E697469616C697A27
:10171000656400574553545F544F504449522F6DF0
:101720006F64756C65732F68616C2F6E6F7264697E
:10173000632F6E7266782F647269766572732F7389
:1017400072632F6E7266785F636C6F636B5F68663F
:10175000636C6B2E6300574553545F544F5044499C
:10176000522F6D6F64756C65732F68616C2F6E6F8F
:10177000726469632F6E7266782F6472697665721F
:10178000732F7372632F6E7266785F636C6F636B17
:101790005F6866636C6B617564696F2E63005745A3
:1017A00053545F544F504449522F6D6F64756C65AC
:1017B000732F68616C2F6E6F726469632F6E72662F
:1017C000782F647269766572732F7372632F6E72ED
:1017D00066785F636C6F636B5F6866636C6B3139EF
:1017E000326D2E6300574553545F544F5044495255
:1017F0002F6D6F64756C65732F68616C2F6E6F72DF
:101800006469632F6E7266782F647269766572738D
:101810002F7372632F6E7266785F636C6F636B5F9A
:101820006C66636C6B2E6300574553545F544F5086
:101830004449522F6D6F64756C65732F68616C2F0E
:101840006E6F726469632F6E7266782F68616C2F99
:101850006E72665F6770696F74652E6800696E648A
:101860006578203C203800574553545F544F50440E
:1018700049522F6D6F64756C65732F68616C2F6EA4
:101880006F726469632F6E7266782F647269766511
:1018900072732F7372632F6E7266785F6770696FF1
:1018A00074652E6300705F696E7374616E636500AA
:1018B000705F6368616E6E656C0070696E5F686111
:1018C000735F7472696767657228705F696E73749D
:1018D000616E63652C2070696E2900696E745F65A6
:1018E0006E61626C65000020303030303030303056
:1018F0003030303030300001574553545F544F5032
:101900004449522F6D6F64756C65732F68616C2F3D
:101910006E6F726469632F6E7266782F6472697677
:101920006572732F7372632F6E7266785F6970636E
:101930002E6300705F636F6E66696720262620281D
:101940006D5F63622E7374617465203D3D204E525D
:1019500046585F4452565F53544154455F494E497F
:101960005449414C495A454429006D5F63622E73C6
:1019700074617465203D3D204E5246585F44525676
:101980005F53544154455F494E495449414C495A6B
:10199000454400574553545F544F504449522F6DAE
:1019A0006F64756C65732F68616C2F6E6F726469FC
:1019B000632F6E7266782F68616C2F6E72665F6936
:1019C00070632E6800696E646578203C20313600B3
:1019D000574553545F544F504449522F6D6F6475AF
:1019E0006C65732F68616C2F6E6F726469632F6E04
:1019F0007266782F647269766572732F7372632FC3
:101A00006E7266785F6E766D632E630062797465C0
:101A1000735F636F756E74203C3D202873697A652F
:101A20006F662875696E7433325F7429202D2062C9
:101A30007974655F7368696674290069735F76619C
:101A40006C69645F61646472657373286164647255
:101A50002C2030290069735F76616C69645F616472
:101A6000647265737328616464722C2031292026A6
:101A700026206E7266785F69735F776F72645F614C
:101A80006C69676E65642828766F696420636F6E81
:101A90007374202A29616464722900574553545F86
:101AA000544F504449522F6D6F64756C65732F68A5
:101AB000616C2F6E6F726469632F6E7266782F642B
:101AC0007269766572732F7372632F6E7266785FB8
:101AD000717370692E6300286D5F63622E73746189
:101AE000746520213D204E5246585F515350495F46
:101AF00053544154455F554E494E495449414C4910
:101B00005A4544292026262028705F62756666653E
:101B10007220213D202828766F6964202A293029E7
:101B20002900705F636F6E666967006D5F63622E88
:101B3000737461746520213D204E5246585F5153A5
:101B400050495F53544154455F554E494E4954499D
:101B5000414C495A454400705F636F6E6669672D5A
:101B60003E7769707761697400000000010001012F
:101B700001756E726567697374657265642025739B
:101B8000206275730A0067656E65726963006D6532
:101B900074616C3A20656D657267656E63793A2091
:101BA000006D6574616C3A20616C6572743A202036
:101BB000202020006D6574616C3A2063726974693D
:101BC00063616C3A2020006D6574616C3A20657227
:101BD000726F723A2020202020006D6574616C3A8B
:101BE000207761726E696E673A202020006D6574FF
:101BF000616C3A206E6F746963653A202020200082
:101C00006D6574616C3A20696E666F3A2020202001
:101C10002020006D6574616C3A2064656275673AD6
:101C200020202020200025733A2066726565696EA9
:101C300067206E6F6E2D656D707479207669727491
:101C400071756575650D0A00756E657870656374EC
:101C50006564206275666665722068656C642063E1
:101C60006F756E7465720D0A00574553545F544F7B
:101C7000504449522F6D6F64756C65732F6C6962A7
:101C80002F6F70656E2D616D702F6F70656E2D6199
:101C90006D702F6C69622F72706D73672F72706D2B
:101CA00073675F76697274696F2E63007374617411
:101CB0007573203D3D2073697A656F662872705F89
:101CC0006864722900737461747573203D3D20301F
:101CD00000737461747573203E3D2030007374612D
:101CE000747573203D3D206C656E0072785F76716F
:101CF0000074785F7671004E53005465726D696EA2
:101D0000616C00000000000000545452205245470E
:101D100047455300574553545F544F504449522F41
:101D20007A65706879722F6B65726E656C2F646569
:101D3000766963652E63007263203E3D202D283056
:101D400078666629202626207263203C2030000910
:101D500064657669636520257320696E69743A202D
:101D6000696E76616C6964206572726F72202825D5
:101D700064290A0048616C74696E67207379737412
:101D8000656D00556E6B6E6F776E206572726F7247
:101D9000003E3E3E205A455048595220464154414B
:101DA0004C204552524F522025643A202573206F13
:101DB0006E20435055202564004661756C74206484
:101DC0007572696E6720696E7465727275707420C1
:101DD00068616E646C696E670A0043757272656E45
:101DE00074207468726561643A2025702028257318
:101DF0002900574553545F544F504449522F7A6538
:101E0000706879722F6B65726E656C2F6661746194
:101E10006C2E6300726561736F6E20213D204B5FF5
:101E20004552525F4B45524E454C5F50414E4943DF
:101E30000009417474656D7074656420746F20725C
:101E400065636F7665722066726F6D2061206B65C9
:101E5000726E656C2070616E696320636F6E646979
:101E600074696F6E0A00435055206578636570741D
:101E7000696F6E00556E68616E646C656420696E92
:101E80007465727275707400537461636B206F7641
:101E90006572666C6F77004B65726E656C206F6F54
:101EA0007073004B65726E656C2070616E696300C3
:101EB000574553545F544F504449522F7A657068C8
:101EC00079722F6B65726E656C2F696E69742E6303
:101ED000007468726561645F64617461203C3D20D8
:101EE0005F5F7374617469635F7468726561645F76
:101EF000646174615F6C6973745F656E64006465CE
:101F000076203C3D205F6465766963655F6C69732C
:101F1000745F656E64006D61696E006F7300574594
:101F200053545F544F504449522F7A657068797208
:101F30002F6B65726E656C2F6B686561702E630028
:101F400021617263685F69735F696E5F697372288C
:101F500029207C7C20282874696D656F7574292E72
:101F60007469636B73203D3D202828286B5F74697A
:101F70006D656F75745F74297B307D29292E7469B6
:101F8000636B732900090A0068656170203C3D207D
:101F90005F6B5F686561705F6C6973745F656E64C9
:101FA00000574553545F544F504449522F7A65703F
:101FB0006879722F6B65726E656C2F6D656D5F73DE
:101FC0006C61622E6300736C6162203C3D205F6B2C
:101FD0005F6D656D5F736C61625F6C6973745F6583
:101FE0006E640028736C61622D3E667265655F6C7D
:101FF000697374203D3D202828766F6964202A2962
:10200000302920262620736C61622D3E696E666F32
:102010002E6E756D5F75736564203D3D20736C6138
:10202000622D3E696E666F2E6E756D5F626C6F63BA
:102030006B7329207C7C20736C61625F7074725FAB
:1020400069735F676F6F6428736C61622C20736CB7
:1020500061622D3E667265655F6C69737429000963
:10206000736C616220636F7272757074696F6E2039
:1020700064657465637465640A0009496E76616C11
:102080006964206D656D6F727920706F696E74651B
:10209000722070726F76696465640A005745535404
:1020A0005F544F504449522F7A65706879722F6B94
:1020B00065726E656C2F696E636C7564652F6B73EA
:1020C000636865642E680021617263685F6972717C
:1020D0005F756E6C6F636B6564286B65792900743E
:1020E00068726561642D3E626173652E70656E6411
:1020F00065645F6F6E00574553545F544F504449B9
:10210000522F7A65706879722F6B65726E656C2FCD
:1021100069646C652E63005F6B65726E656C2E631F
:102120007075735B305D2E63757272656E742D3ED3
:10213000626173652E7072696F203E3D20300057DA
:102140004553545F544F504449522F7A6570687913
:10215000722F6B65726E656C2F6D757465782E636A
:102160000021617263685F69735F696E5F69737292
:10217000282900096D7574657865732063616E6E3A
:102180006F74206265207573656420696E7369647D
:102190006520495352730A006D757465782D3E6C45
:1021A0006F636B5F636F756E74203E203055005710
:1021B0004553545F544F504449522F7A65706879A3
:1021C000722F6B65726E656C2F73656D2E630028C0
:1021D00028617263685F69735F696E5F69737228F3
:1021E00029203D3D203029207C7C20282874696DE1
:1021F000656F7574292E7469636B73203D3D2028CB
:1022000028286B5F74696D656F75745F74297B3006
:102210007D29292E7469636B73292900737973777B
:102220006F726B7100574553545F544F504449527D
:102230002F7A65706879722F6B65726E656C2F7777
:102240006F726B2E6300776F726B2D3E71756575C3
:102250006520213D202828766F6964202A293029AD
:1022600000776F726B2D3E68616E646C6572202121
:102270003D202828766F6964202A293029002166AC
:102280006C61675F746573742826776F726B2D3E7F
:10229000666C6167732C204B5F574F524B5F444510
:1022A0004C415941424C455F424954290073796E73
:1022B0006320213D202828766F6964202A2930294F
:1022C0000021666C61675F7465737428267175659B
:1022D00075652D3E666C6167732C204B5F574F52BE
:1022E0004B5F51554555455F535441525445445FEA
:1022F0004249542900717565756500737461636B9B
:102300000064776F726B20213D202828766F696406
:10231000202A29302900574553545F544F504449CF
:10232000522F7A65706879722F6B65726E656C2FAB
:102330007468726561642E630028282828707269A9
:102340006F2929203D3D203135202626207A5F69DE
:10235000735F69646C655F7468726561645F656E04
:102360007472792828656E747279292929207C7CF9
:10237000202828283135202D203129203E3D2028B5
:10238000282D3136292929202626202828707269EF
:102390006F2929203E3D2028282D31362929202645
:1023A000262028287072696F2929203C3D20283179
:1023B00035202D20312929290009696E76616C6943
:1023C00064207072696F7269747920282564293BD2
:1023D00020616C6C6F7765642072616E67653A206E
:1023E000256420746F2025640A00095468726561B1
:1023F0006473206D6179206E6F7420626520637252
:10240000656174656420696E20495352730A0057F0
:102410004553545F544F504449522F7A6570687940
:10242000722F6B65726E656C2F73636865642E63C3
:1024300000217A5F69735F69646C655F74687265B7
:1024400061645F6F626A6563742874687265616451
:1024500029002169735F7468726561645F64756DDA
:102460006D79287468726561642900574553545F1B
:10247000544F504449522F7A65706879722F6B65BA
:10248000726E656C2F696E636C7564652F6B746812
:10249000726561642E68005F6B65726E656C2E6399
:1024A0007075735B305D2E63757272656E7420217A
:1024B0003D202828766F6964202A29302900574555
:1024C00053545F544F504449522F7A657068797263
:1024D0002F6B65726E656C2F696E636C7564652F0A
:1024E0006B737761702E6800617263685F697271E7
:1024F0005F756E6C6F636B6564286B657929207CF2
:102500007C205F6B65726E656C2E637075735B30DB
:102510005D2E63757272656E742D3E626173652EF9
:102520007468726561645F73746174652026202825
:10253000282831554C203C3C202830292929207C52
:1025400020282831554C203C3C2028332929292992
:102550000009436F6E7465787420737769746368DB
:10256000696E67207768696C6520686F6C64696E56
:1025700067206C6F636B210A0073697A656F662848
:102580005F73636865645F7370696E6C6F636B29FA
:10259000203D3D2030207C7C206C6F636B20213DF2
:1025A00020265F73636865645F7370696E6C6F6328
:1025B0006B005F6B65726E656C2E637075735B305C
:1025C0005D2E63757272656E742D3E626173652E49
:1025D00073636865645F6C6F636B656420213D2085
:1025E0003155005F6B65726E656C2E637075735B41
:1025F000305D2E63757272656E742D3E6261736517
:102600002E73636865645F6C6F636B656420213D46
:1026100020305500217465726D696E617465000922
:1026200061626F72746564205F63757272656E7447
:10263000206261636B2066726F6D20646561640A5D
:102640000021657373656E7469616C000961626F66
:102650007274656420657373656E7469616C20744F
:1026600068726561642025700A00574553545F54B1
:102670004F504449522F7A65706879722F6B65729A
:102680006E656C2F74696D65736C6963696E672E16
:102690006300282874696D656F75742920262620CB
:1026A000282875696E747074725F742928736C6958
:1026B00063655F74696D656F7574732929203C3D8E
:1026C00020282875696E747074725F742928746983
:1026D0006D656F7574292920262620282875696E56
:1026E000747074725F74292874696D656F757429CC
:1026F00029203C20282875696E747074725F7429D3
:10270000282628736C6963655F74696D656F7574DD
:1027100073295B282873697A655F742928282869DA
:102720006E742973697A656F6628636861725B31BC
:10273000202D202832202A202128215F5F62756900
:102740006C74696E5F74797065735F636F6D7061CF
:102750007469626C655F70285F5F747970656F661D
:102760005F5F28736C6963655F74696D656F75740D
:1027700073292C205F5F747970656F665F5F282610
:1027800028736C6963655F74696D656F757473290F
:102790005B305D292929295D29202D203129202B15
:1027A000202873697A656F6628736C6963655F7446
:1027B000696D656F75747329202F2073697A656F51
:1027C000662828736C6963655F74696D656F7574DD
:1027D00073295B305D292929295D29292026262096
:1027E00028282875696E747074725F74292874695A
:1027F0006D656F75742929202D20282875696E74E0
:102800007074725F742928736C6963655F74696D95
:10281000656F75747329292920252073697A656F7E
:10282000662828736C6963655F74696D656F75747C
:1028300073295B305D29203D3D20302900574553E9
:10284000545F544F504449522F7A65706879722F03
:102850006B65726E656C2F74696D656F75742E6330
:1028600000217379735F646E6F64655F69735F6C79
:10287000696E6B65642826746F2D3E6E6F646529E2
:1028800000574553545F544F504449522F7A657056
:102890006879722F6B65726E656C2F706F6C6C2E21
:1028A000630009696E76616C6964206576656E7493
:1028B0002074797065202830782578290A0A006507
:1028C00076656E742D3E73656D20213D2028287637
:1028D0006F6964202A2930290009696E76616C6964
:1028E000642073656D6170686F72650A0A006576B1
:1028F000656E742D3E717565756520213D20282813
:10290000766F6964202A2930290009696E76616C26
:1029100069642071756575650A0A006576656E746F
:102920002D3E7369676E616C20213D202828766FEB
:102930006964202A2930290009696E76616C69640E
:1029400020706F6C6C207369676E616C0A0A006599
:1029500076656E742D3E6D73677120213D202828A9
:10296000766F6964202A2930290009696E76616CC6
:102970006964206D65737361676520717565756540
:102980000A0A006576656E742D3E706970652021B7
:102990003D202828766F6964202A2930290009699A
:1029A0006E76616C696420706970650A0A00096955
:1029B0006E76616C6964206576656E7420747970DA
:1029C000650A0A00574553545F544F504449522FEB
:1029D0007A65706879722F6B65726E656C2F6D65A4
:1029E0006D706F6F6C2E6300616C69676E203D3D8A
:1029F0002030207C7C20282875696E747074725F8A
:102A000074296D656D20262028616C69676E202D04
:102A100020312929203D3D203000096D6973616C0A
:102A200069676E6564206D656D6F727920617420D1
:102A300025702028616C69676E203D20257A7529F4
:102A40000A00141400001C2030401C2000001C2030
:102A500030400040286E756C6C29002A666C6F61EE
:042A6000742A0000D4
:102A6C00000000000000000000000000000000005A
:102A7C00000000000000000000000000000000004A
:102A8C00000000000000000000000000000000003A
:102A9C00000000000000000000000000000000002A
:102AAC00000000000000000000000000000000001A
:102ABC00000000000000000000000000000000000A
:102ACC0000000000000000000000000000000000FA
:102ADC0000000000000000000000000000000000EA
:102AEC0000000000000000000000000000000000DA
:102AFC0000000000000000000000000000000000CA
:102B0C0000000000000000000000000000000000B9
:102B1C0000000000000000000000000000000000A9
:102B2C00000000000000000089B30000000000005D
:102B3C000000000000000000000000000000000089
:102B4C000000000000000000000000000000000079
:102B5C000000000000000000000000000000000069
:102B6C000000000000000000000000000000000059
:102B7C000000000000000000000000000000000049
:102B8C000000000000000000000000000000000039
:102B9C000000000000000000000000000000000029
:102BAC000000000000000000000000000000000019
:102BBC000000000000000000000000000000000009
:102BCC0000000000000000000000000000000000F9
:102BDC00D897020000000000B11C00001D1C000072
:102BEC0000000000000000000000000000000000D9
:102BFC0000000000000000006D1C00000000000040
:102C0C00389F02000000000025180000FD1700008E
:102C1C00E917000009300200000000000000072046
:102C2C00000001008497020000000000849702005D
:102C3C000100000002000000000000000000000085
:102C4C0000020000873C02001CA0020000000000F3
:102C5C0054A002004D6C00000000000000000000B9
:102C6C0000000000F93F020000000000DD3F020000
:102C7C00E97600000000000000000000740B00204A
:102C8C003A000000600B00203A000000380B0020D6
:102C9C003A0000004C0B00203A000000880B00208A
:102CAC003A000000240B00203A000000C40B002066
:102CBC003A000000000000009745020000000000F0
:102CCC000000000024070020240700200000000062
:102CDC00000000000E00000000D0005000000000BA
:102CEC0000000000000000000000000000000000D8
:102CFC0000000000000000000000000000000000C8
:102D0C0000000000000000000000000000000000B7
:102D1C0000000000000000000000000000000000A7
:102D2C000000000000000000000000000000000097
:102D3C000000000000000000000000000000000087
:102D4C000000000000000000000000000000000077
:102D5C000000000000000000000000000000000067
:102D6C00000000000000000000000000F5990000C9
:102D7C00000000000000000000000000B1B60000E0
:102D8C0000000000000000000000000015A400007E
:102D9C0000000000000000000000000029C8000036
:102DAC00000000000000000000000000F5C600005C
:102DBC0000000000000000000000000099D300009B
:102DCC0000000000000000000000000069CC0000C2
:102DDC000000000000000000380800203808002027
:102DEC00000000000000000059EB000059FB00003F
:102DFC00C5FA00000000000000000000FDED00001E
:102E0C00895702004758020091E8000000000000BA
:102E1C0000000000D5F600000000000000000000DB
:102E2C0063620200000000000000000000000000CF
:102E3C00BAB9020000000200C6B9020000000A0084
:102E4C00D6B90200000020000000000000000000C5
:102E5C0000000000000000007D6002000000000087
:102E6C00EAB9020000000200F6B9020000000200FC
:102E7C00D0080020D0080020000000000000000056
:102E8C000E000000E4080020E4080020493901008D
:102E9C000000000000000000000000000000000026
:102EAC00F20F0300000000004B6C02000000000059
:102EBC001949010000000000D89702001C090020ED
:102ECC001C09002000000000010000002C0900205B
:102EDC002C090020BC97020038090020380900207A
:102EEC0001000000010000004809002048090020F2
:102EFC0050090020500900200000000001000000D3
:102F0C0060090020600900200000000000000000A3
:102F1C0000000000FFFF0000FFFF0000901D0020DC
:102F2C000000000000000000000000000090D00332
:102F3C00FF000000FF000000861B030000000000E3
:102F4C00998B010000000000000000000000000050
:102F5C000000000000000000000000000000000065
:102F6C000000000090020000C8090020C8090020E1
:102F7C00738702006F870200BD9402001DF50100EB
:102F8C0011F5010005F50100000000006DF50100D0
:102F9C002C0A0020240A00201C0A0020000000003B
:102FAC00140A00203DF7010089F60100BDF601006E
:102FBC0005F70100283600203A00003A2C36002094
:102FCC003A00003A303600203A00003A34360020FD
:102FDC003A00003A7C3B0020400A0020000A002006
:0D2FEC00F8090020F4090020F00900200180
:102FF90000000000000000000000000000000000C8
:0730090000000000000000C0
:1030100000000000000000000000000000000000B0
:1030200000000000000000000000000000000000A0
:103030000000000000000000000000000000000090
:103040000000000000000000000000000000000080
:04305000000000007C
:043054000000000078
:10305800AC0A0020AC0A002000000000D06D01205E
:103068000000000001000000300000000000000027
:10307800CC0A0020CC0A002000000000082401200F
:103088000000000001000000B8000000000000007F
:10309800EC0A0020EC0A002000000000006E01206D
:1030A80000000000030000001C00000000000000F9
:1030B80000000000003E0120001200000000000097
:0830C800000000000000000000
:1030D000240B0020240B0020000000000000000052
:1030E0000E000000380B0020380B0020000000000C
:1030F000000000000E0000004C0B00204C0B0020D4
:1031000000000000000000000E000000600B002026
:10311000600B002000000000000000000E00000016
:10312000740B0020740B0020000000000000000061
:103130000E000000880B0020880B0020000000001B
:10314000000000000E0000009C0B00209C0B0020E3
:1031500000000000000000000E000000B00B002086
:10316000B00B002000000000000000000E00000076
:10317000C40B0020C40B0020000000000000000071
:043180000E0000003D
:10318400D80B0020D80B0020000000000100000034
:10319400E80B0020E80B0020F00B0020F00B0020CF
:1031A4000000000001000000000C0020000C0020C2
:1031B400080C0020080C002000000000FFFFFFFFA7
:0831C400180C0020180C00207B
:1031CC000000000000000000000000002C0C00209B
:1031DC002C0C0020340C0020340C002000000000CB
:1031EC000000000000000000480C0020480C0020EB
:1031FC00500C0020500C00200000000000000000CB
:10320C0000000000640C0020640C00206C0C0020FA
:04321C006C0C002016
:10322000000000000000000000000000800C0020F2
:10323000800C0020880C0020880C0020000000007A
:103240000B000B00040000000948020024A102004A
:10325000B85E012000000000000000000000000037
:10326000B40C0020B40C0020BC0C0020BC0C0020CE
:103270000000000003000300100000000000000038
:10328000A0A20200D8690120000000000000000098
:1032900000000000E80C0020E80C0020F00C0020EA
:1032A000F00C0020000000000300030010000000EC
:1032B000C1E70000BCA30200586D0120000000001F
:1032C00000000000000000001C0D00201C0D00206C
:1032D000240D0020240D0020000000000300030046
:1032E000000000000000000038A10200786001200A
:1032F000000000000000000000000000500D002051
:10330000500D0020580D0020580D00200000000036
:103310000A000A00000000001948020010A1020083
:10332000C852012000000000000000000000000062
:10333000840D0020840D00208C0D00208C0D0020B9
:10334000000000000100010010000000F9CA0000A8
:103350008CA20200B0660120000000000000000006
:1033600000000000B80D0020B80D0020C00D0020A6
:10337000C00D0020000000000D000D000000000046
:103380000000000054A20200786501200000000047
:103390000000000000000000EC0D0020EC0D0020FB
:1033A000F40D0020F40D00200000000001000100D9
:1033B00000000000000000004CA10200C4610120D8
:0433C00015E015E01F
:04000003000083C5B1
:00000001FF
