:1000000060A701202D740000A927020019740000C8
:1000100019740000197400001974000019740000AC
:1000200000000000000000000000000089750000D2
:100030001974000000000000297500001974000008
:100040005177000051770000517700005177000090
:100050005177000051770000517700005177000080
:100060005177000051770000517700005177000070
:100070005177000051770000517700005177000060
:100080005177000051770000517700005177000050
:100090005177000051770000517700005177000040
:1000A0005177000051770000517700005177000030
:1000B0005177000051770000517700005177000020
:1000C0005177000051770000517700005177000010
:1000D0005177000051770000517700005177000000
:1000E00051770000517700005177000051770000F0
:1000F00051770000517700005177000051770000E0
:1001000051770000517700005177000051770000CF
:1001100051770000517700005177000051770000BF
:1001200051770000517700005177000051770000AF
:10013000517700005177000051770000517700009F
:10014000517700005177000051770000517700008F
:0401500051770000E3
:1001580080EA101404F0F01480EA0410604081EA88
:10016800111404F0F01481EA0411614082EA1214B7
:1001780004F0F01482EA0412624083EA131404F0D3
:10018800F01483EA0413634080EA102404F47F44E3
:1001980080EA0420604081EA112404F47F4481EA63
:1001A8000421614082EA122404F47F4482EA042292
:1001B800624083EA132404F47F4483EA04236340FF
:1001C80081EA500404F0553480EA4400614083EA2F
:1001D800520404F0553482EA4402634082EA9004EF
:1001E80004F0333480EA8400624083EA910404F026
:1001F800333481EA84016340704700BF82EA900487
:1002080004F0333480EA8400624083EA910404F005
:10021800333481EA8401634081EA500404F05534A0
:1002280080EA4400614083EA520404F0553482EACB
:100238004402634080EA102404F47F4480EA0420E6
:10024800604081EA112404F47F4481EA042161407A
:1002580082EA122404F47F4482EA0422624083EA98
:10026800132404F47F4483EA0423634080EA1014CF
:1002780004F0F01480EA0410604081EA111404F0DC
:10028800F01481EA0411614082EA121404F0F014B7
:1002980082EA0412624083EA131404F0F01483EA39
:1002A80004136340704700BF2DE9F14F94464FEAAD
:1002B800930B8A68CB6808684968FFF749FF0BF118
:1002C800060E33E083EA134480EA134582EA1347B3
:1002D80046BA96EA3444604000F00F1684EA0634C1
:1002E80020F00F1684EA161054BA94EA01067240F8
:1002F80002F00F1486EA043622F00F1486EA14126C
:100308004CBA6540694001F00F1485EA043521F0C4
:100318000F1485EA14115CBA67407B4003F00F1490
:1003280087EA043723F00F1487EA1413BCE8F000B7
:100338006040694072407B4000F0E03400F01035C6
:1003480000F00F3040EA540040EAC50080EA90040B
:1003580004F0332480EA8400604001F0E03401F0C6
:10036800103501F00F3141EA540141EAC50181EA33
:10037800910404F0332481EA8401614002F0E034FE
:1003880002F0103502F00F3242EA540242EAC50286
:1003980082EA920404F0332482EA8402624003F081
:1003A800E03403F0103503F00F3343EA540343EA13
:1003B800C50383EA930404F0332483EA8403634087
:1003C80081EA324787EA134581EA354690EA06040E
:1003D80084EA034B82EA1B4280EA044484EA054427
:1003E80083EA144A85EA14448BEA044B84EA3744C6
:1003F80081EA0B4181EA164104EA0A00454082EA93
:1004080004082BEA080041408AEA0B0602EA0600C3
:1004180084EA34438AEA3A4603EA060778404540C4
:10042800414088EA38478BEA3B4007EA000985EAF9
:10043800090583EA0709464006EA0906714085EA84
:10044800010005EA3546464006EA314181EA304175
:1004580081EA364606EA304686EA3546344008EAF6
:10046800010886EA01052A4086EA364003405A40D8
:1004780081EA31431F407C4080EA030709EA070903
:1004880088EA0908544088EA020806EA0A0601EAE6
:100498000B018AEA0B0215408AEA3A4210404540AD
:1004A8008BEA3B4003405E404240174079404D4054
:1004B8004E40E443F64386EA18435D4085EA05402A
:1004C80083EA134386EA034183EA384284EA114304
:1004D80083EA04435FEA3343BEF1010E3FF6F2AE0E
:1004E8001ED4BCE8F0006040694072407B4020BCEC
:1004F800FFF784FE28606960AA60EB60BDE8F08FB2
:100508002DE9E0414FF2F00280EA1031114080EA13
:100518000130484041088208C3084FF0000E4FE7F9
:1005280000F0113001F0113102F0113203F01133F3
:1005380040EA410040EA820040EAC3004FF2F0027C
:1005480080EA1031114080EA01304840BDE8E0817E
:100558002DE9F04F02F11C050646074600EB850819
:1005680051F8040B043A46F8040BF9D14FF0010C8A
:10057800FFF7C6FF5FEA302080EA0C001ECF41403B
:100588004A4053405C401EC62000464517D04FEAFB
:100598004C0C1CF4807F18BFACF1E50C2C2DE7D077
:1005A8003C2D06D1FFF7ACFF06CF41404A4006C6B6
:1005B800100006CF41404A4006C61000D8E736E989
:1005C8000F00FFF7C5FD043D86E80F00F7D1BDE831
:1005D800F08F00BF2DE9F14F03F11C0402EB840CEE
:1005E8004FEA930B8A68CB6808684968FFF7B0FD43
:1005F8003CE9F0006040694072407B400BF1060E18
:100608004EE083EA134480EA134582EA134746BA68
:1006180096EA3444604000F00F1684EA063420F06D
:100628000F1684EA161054BA94EA0106724002F0D2
:100638000F1486EA043622F00F1486EA14124CBA14
:100648006540694001F00F1485EA043521F00F1464
:1006580085EA14115CBA67407B4003F00F1487EAFF
:10066800043723F00F1487EA141344BA44404DBAF0
:100678004D4056BA56405FBA5F4087EA174886EA47
:10068800174B84EA17464FEA38488BEA1B4485EA39
:100698001B4788EA1B4580EA3440694072407B402A
:1006A80000F0703400F0803500F00F3040EA44006C
:1006B80040EAD50080EA900404F0332480EA8400FC
:1006C800604001F0703401F0803501F00F3141EAEB
:1006D800440141EAD50181EA910404F0332481EA16
:1006E8008401614002F0703402F0803502F00F326C
:1006F80042EA440242EAD50282EA920404F0332430
:1007080082EA8402624003F0703403F0803503F01B
:100718000F3343EA440343EAD50383EA930404F01E
:10072800332483EA84036340C943DB4381EA00043A
:1007380083EA044686EA020183EA014382EA3345F2
:1007480083EA14435C4084EA00077FEA040A8AEAE1
:10075800024A8AEA010B87EA11488AEA374A80EA9C
:10076800060181EA1A418AEA030A04EA0A004540B6
:1007780088EA040707EA0B0041408AEA0B0608EA00
:10078800060084EA34428AEA3A4602EA06035840F6
:100798004540414087EA37438BEA3B4003EA00097A
:1007A80085EA090582EA0309464006EA0906714016
:1007B80085EA010005EA3546464006EA314181EA04
:1007C800304181EA364606EA304686EA3546344004
:1007D8000F4086EA010508EA050886EA3640024025
:1007E80088EA020881EA314213405C4080EA020349
:1007F80009EA030987EA0907674088EA040806EA5C
:100808000A0601EA0B018AEA0B0425408AEA3A44FF
:10081800204045408BEA3B4B02EA0B02564084EAF3
:100828000B04234059406E40694087EA364080EA0D
:10083800384080EA060380EA104481EA134585EAD5
:10084800344585EA17427D4082EA354180EA054011
:100858003CE9F0006040694072407B40BEF1010E07
:100868003FF6CFAE20BCFFF7C9FC28606960AA60DC
:10087800EB60BDE8F08F00BFFFF76ABE2DE9F00717
:1008880091E8F807B2E802105B1854EB0C04B2E8E0
:1008980002104D4156EB0C06B2E802104F4158EBDE
:1008A8000C08B2E8021059EB01095AEB0C0A80E86F
:1008B800F80780410130BDE8F00770472DE9F007DF
:1008C80091E8F807B2E802105B1A74EB0C04B2E87E
:1008D80002108D4176EB0C06B2E802108F4178EBDE
:1008E8000C08B2E8021079EB01097AEB0C0A80E8EF
:1008F800F80780414042BDE8F00770472DE9F0074E
:10090800524290E87800B1E880071740DB1918EAEE
:10091800020854EB080419EA020955EB09051AEA1A
:10092800020A56EB0A0678C090E87800B1E880071A
:1009380017407B4118EA020854EB080419EA020937
:1009480055EB09051AEA020A56EB0A0678C08041F7
:100958000130BDE8F00770472DE9F007524290E8F2
:100968007800B1E880071740DB1B18EA020874EB2F
:10097800080419EA020975EB09051AEA020A76EB76
:100988000A0678C090E87800B1E880071740BB41B4
:1009980018EA020874EB080419EA020975EB09055C
:1009A8001AEA020A76EB0A0678C080414042BDE89E
:1009B800F00770472DE9F00152424FF0040890E823
:1009C800300091E8C000A31B1340E41AF618EB1B93
:1009D8001340ED1AFF1830C0C0C1B8F10108EED1BC
:1009E800BDE8F001704700BF00B592E8DC072DE9CB
:1009F800DC07B1E8805702B4A7FB02510A95A8FBAF
:100A0800020BE7FB6310E9FB62B00B91A8FB0351F3
:100A1800EAFB6201E7FB64B5E7FB6605E8FB6615E0
:100A2800CDF830B0A9FB03B6EAFB6316ECFB6356BE
:100A3800E8FB640BE9FB641BEAFB645BECFB646B9F
:100A48000D90ACFB0230059CEEFB6250E9FB646044
:100A5800EAFB64B0E7FB6431E8FB6451069CE8FB01
:100A68006461E9FB64B1EAFB64010E93A7FB0432FD
:100A7800079CE7FB6462E8FB64B2E9FB6402EAFBFB
:100A88006412049CE9FB6453EAFB6463089CE7FB7B
:100A980064B3E8FB6403E9FB6413EAFB64230F9582
:100AA8005DF8049B99E80006DDF80080A9FB08546E
:100AB800EAFB68B4DDF81080ECFB6804EEFB681410
:100AC800E9FB6824EAFB6834DDF80480EEFB68651E
:100AD800E9FB68B5EAFB6805DDF81480ECFB6815EE
:100AE800EEFB6825E9FB6835EAFB68450F96DDF8FB
:100AF8000880AEFB0876E9FB6806EAFB6816DDF8B5
:100B08001880ECFB6826EEFB6836E9FB6846EAFBD2
:100B18006856DDF80C80ECFB68B7EEFB6807E9FB6C
:100B28006817EAFB6827DDF81C80ECFB6837EEFBEA
:100B38006847E9FB6857EAFB686708B000BD00BF73
:100B48002DE9F14F87B0FFF74FFFDDF81C8008F162
:100B5800200888E8FF00FFBC87E87F08BDE8F08F21
:100B680000B591E89857A3FB03520195A3FB040134
:100B7800E3FB6420E3FB67100292A3FB0752E3FB4D
:100B88006802E4FB6415E3FB6805E3FB6925039150
:100B9800A4FB07B6E3FB6926E3FB6A56E4FB670B95
:100BA800E4FB682BE3FB6A5BE3FB6C6B0490A4FB40
:100BB8000810E4FB6950E3FB6C60E3FB6EB0E7FBF5
:100BC8006721E4FB6951E4FB6A61E3FB6EB1E4FB76
:100BD8006E010592A7FB0832E4FB6A62E4FB6CB283
:100BE800E4FB6E02E7FB6E12E7FB6853E7FB696301
:100BF800E4FB6CB3E7FB6C03E7FB6E13E8FB6E23C7
:100C08000695A7FB0954E7FB6AB4E7FB6C04E8FB0D
:100C18006C14E8FB6E24E9FB6E34E8FB6865E7FBBF
:100C28006AB5E8FB6A05E8FB6C15E9FB6C25E9FB8E
:100C38006E35EAFB6E450796A8FB0976E8FB6A065F
:100C4800E9FB6A16E9FB6C26EAFB6C36EAFB6E46A2
:100C5800ECFB6E56E8FB69B7E9FB6907E9FB6A1725
:100C6800EAFB6A27EAFB6C37ECFB6C47ECFB6E5738
:100C7800EEFB6E6700BD00BF2DE9F14F87B0FFF7AF
:100C88006FFFDDF81C8008F1200888E8FF00FFBC32
:100C980087E87F08BDE8F08F30B44FF0000310F804
:100CA800014B11F8015B013A84EA050443EA0403A5
:100CB800F5D1A3F101034FEAD37030BC704700BFF0
:100CC8004FF0000310F8012B013943EA0203F9D170
:100CD800A3F101034FEAD370704700BF30B411F895
:100CE800014B12F8015B6C4000F8014B013BF6D157
:100CF80030BC70472DE9F00791E8F807B2E8021018
:100D08005B1854EB0C04B2E802104D4156EB0C068C
:100D1800B2E802104F4158EB0C08B2E8021059EB48
:100D280001095AEB0C0A8941B3F1FF3374F1FF341E
:100D380075F1FF3576F1000677F1000778F10008C4
:100D480079F101097AF1FF3A51F100015B184C4140
:100D58004D4156F1000657F1000758F1000859EBCC
:100D6800D1795AEB010A80E8F807BDE8F007704727
:100D78002DE9F00791E8F807B2E802105B1A74EB66
:100D88000C04B2E802108D4176EB0C06B2E80210B2
:100D98008F4178EB0C08B2E8021079EB01097AEB85
:100DA8000C0A89415B184C414D4156F1000657F138
:100DB800000758F1000859EBD1795AEB010A80E88D
:100DC800F807BDE8F007704718EB040859EB050968
:100DD8005AEB060A5BEB070B5FF0000C4CF1000CBA
:100DE80018EB050859EB06095AEB070A5BEB070BEA
:100DF80050EB0C005FF0000C51EB0C0152EB0C02B5
:100E080063414CF1000CB8EB070879F100097AF15D
:100E1800000A7BEB040BA841B141A241B3416CF13C
:100E2800000CBBEB050BB041B941AA41BB416CF1C9
:100E3800000C4CF001068CF0020718EB060859EB81
:100E48006C095AEB6C0A7BEB6C0B70EB6C0471EB66
:100E58006C0572EB670653EB6C076CEB6C0C18EBCC
:100E68000C0059EB0C015AEB0C025BF1000354F136
:100E7800000455F1000556EBDC7657EB0C0770477C
:100E88002DE9F14F87B0FFF7AFFDDDF81080DDF8F1
:100E98001490DDF818A0FFF797FFBDE8000FFFF7E3
:100EA80093FF03B05DF8048B88E8FF00BDE8F08F7E
:100EB8002DE9F14F87B0FFF753FEDDF81080DDF81C
:100EC8001490DDF818A0FFF77FFFBDE8000FFFF7CB
:100ED8007BFF03B05DF8048B88E8FF00BDE8F08F66
:100EE80053B94AB9002908BF00281CBF4FF0FF3189
:100EF8004FF0FF3000F00CB8ADF1080C6DE904CEEE
:100F080000F022F8DDF804E0DDE9022304B07047C0
:100F1800704700BF10F8012B11F8013B012A28BFC8
:100F28009A42F7D0D01A7047034611F8012B03F8FC
:100F3800012B002AF9D17047034613F8012B002A28
:100F4800FBD1181A013870472DE9F04786468C46C0
:100F58000846089E154674461946002B40F0C18085
:100F68008542B2FA82F245D94AB1C2F1200300FAA9
:100F780002FC954094402EFA03F343EA0C0C4FEA26
:100F8800154EA8B2230CBCFBFEF80EFB18CC08FBD0
:100F980000F943EA0C43994528D9EB1808F1FF37C3
:100FA80004D2994502D9A8F102072B44A3EB0903FF
:100FB800A4B2B3FBFEFC0EFB1C330CFB00F044EAAE
:100FC8000344A04214D92C190CF1FF3304D2A042D7
:100FD80002D9ACF102032C44241A43EA07401EB19B
:100FE800D440002334607360BDE8F0874746DDE7EE
:100FF8006346F1E792BB431B01214FEA154EAFB29E
:10100800200CB3FBFEFC0EFB1C330CFB07F840EA7C
:101018000343984561D9EB180CF1FF3004D2984589
:1010280002D9ACF102002B44A3EB0803A4B2B3FB32
:10103800FEFC0EFB1C330CFB07F744EA0344A742F3
:101048004DD92C190CF1FF3304D2A74202D9ACF1C7
:1010580002032C44E41B43EA0040C0E7C2F120032A
:101068009540944020FA03F12EFA03F34FEA154E07
:101078009040AFB20343B1FBFEFC0EFB1C10190CF1
:101088000CFB07F841EA0041884522D969180CF1A0
:10109800FF3004D2884502D9ACF102002944A1EB03
:1010A80008019BB2B1FBFEFC0EFB1C110CFB07F701
:1010B80043EA01439F420ED9EB180CF1FF3104D2E9
:1010C8009F4202D9ACF102012B44DB1B41EA0041EB
:1010D80093E76046E3E76146F7E76046A4E76346BF
:1010E800B8E7834206D916B9002108467CE7C6E965
:1010F80000E0F9E7B3FA83F78FB9834201D3724569
:1011080008D8BEEB020460EB030301209C461EB91D
:10111800002169E73846FAE7C6E9004CF8E7C7F165
:10112800200CBB400EFA07F522FA0CF42EFA0CF14B
:10113800BA401C4320FA0CF3B8404FEA1449014363
:101148001FFA84FEB3FBF9F809FB18300B0C08FBF7
:101158000EFA43EA00439A4540D9E31808F1FF30F4
:1011680004D29A4502D9A8F102002344A3EB0A034A
:1011780089B2B3FBF9F809FB183308FB0EFE41EA04
:1011880003418E452CD9611808F1FF3304D28E45EE
:1011980002D9A8F10203214443EA0040A1EB0E0161
:1011A800A0FB02984145CE46434602D306D14D45A1
:1011B80004D20138B9EB020E68EB0403002EA7D065
:1011C800B5EB0E0261EB030101FA0CFC22FA07F3FE
:1011D800F9404CEA0303C6E9003199E74046C5E700
:1011E8004346D9E7000000000022F0B585B011465B
:1011F80040F6034002AF08F037FE0446002840F0EE
:10120800A58008F077FB214641F203003A1D08F05B
:101218002BFE0446002840F099807A684D4DD1682D
:1012280005F17803D1F80100D1F8051003C3104681
:1012380006F0D4FF214641F201003A1D08F014FEE1
:101248000446002840F082807868C3685A7885F898
:1012580070205A88A5F872201A7985F87120B3F899
:101268000720A5F87420B3F80530A5F8763006F005
:10127800B5FF214641F202003A1D08F0F5FD04468B
:10128800002863D1D7F804C005F18006DCF80C20EB
:10129800531C4132344618685968083303C49342D2
:1012A8002646F7D1604606F099FF0AF0B9F80446D9
:1012B80000284BD195F88A30990610D40221264A85
:1012C800264821F05DFC95F87C305A064AD4012165
:1012D800234A224821F054FC6FF0120436E04FF004
:1012E800FF304FF0FF3108F025FB0646002800F0DC
:1012F800428207210C3007F0B3F86FF00403037043
:101308000A23C0F802408471447004712246C370F5
:10131800314640F6334008F0A7FD0446B0B94FF017
:10132800FF304FF0FF3108F005FB0646002800F0BB
:10133800228201210C3021F0EDFA2246314640F696
:10134800314008F091FD04460028BCD020460C37F7
:10135800BD46F0BDC004002099AE020064760200CC
:10136800C7AE0200002142F203003A1D08F07CFDDE
:1013780004460028EAD17A68A94BD168D1F801005F
:10138800D1F8051003C3104606F028FF214642F2A3
:1013980002003A1D08F068FD04460028D6D17E6890
:1013A800F468B4F801309AB292B1E27882B1A5F843
:1013B8000431E378032B06D00322022100929948D6
:1013C800994A20F0FFFFE2789848114624F071FD11
:1013D800304606F003FF1F2395F87C60A5F82031FE
:1013E80016F0200619D14FF0FF304FF0FF3108F00A
:1013F800A1FA0446002800F0BE8102210C3007F053
:101408002FF80123214603704670324640F66D409E
:1014180008F02AFD0446002898D195F89C301B074F
:1014280012D5002142F21C003A1D08F01DFD0446A9
:1014380000288BD17868C368D3F80120D3F8053029
:10144800C5E9382306F0CAFE95F8D8309E0623D59C
:101458003846B91C08F0B0FD044600287FF476AF82
:101468004FF0FF304FF0FF3108F064FA06460028CD
:1014780000F0818104210C3006F0F2FF3B882246FF
:1014880003807B883146438042F2240008F0ECFC5C
:10149800044600287FF45AAF95F8D8305C0610D57A
:1014A800002142F22A003A1D08F0DEFC044600281A
:1014B8007FF44CAF7868C3685B7885F8223106F012
:1014C8008DFE4FF0FF304FF0FF3108F033FA04463D
:1014D800002800F0508108210C3006F0C1FF95F873
:1014E800D81040F2022311F0400F08BF0323024630
:1014F80088074CBF43F02C0043F00C008B0695F88E
:10150800D93048BF40F0400013F0090F18BF40F42D
:101518000060CE0748BF40F01000002121F05FFBBB
:101528002146002242F2010008F09EFC04460028F1
:101538007FF40CAF95F87C30B5F8041198065DD4AB
:10154800C9B941F205003A1D08F08EFC044600288E
:101558007FF4FCAEB5F804317C684BB9E368B3F8A6
:101568000120A5F804219A883048114624F0A1FCEE
:10157800204606F033FE4FF0FF304FF0FF3108F001
:10158800D9F90446002800F0F68008210C3006F04E
:1015980067FF95F8D8300246D90739D44FF0005183
:1015A800234821F01CFB2146002240F6014008F0A8
:1015B8005BFC044600287FF4C9AE01463A1D4FF68D
:1015C800014008F051FC002838D01A4A0221154879
:1015D80021F0D6FAEB79002B40F0BD8021F0C1FC58
:1015E800044600287FF4B2AE0BF0C0FB0446002886
:1015F8007FF4ACAE08F03CFB0446A7E60029BAD15C
:1016080001210D4A074821F0BBFA6FF004049DE65A
:1016180001A1D1E90001C4E7908800020080002000
:101628009805002064760200EBAE0200C805002091
:101638001088000254AF020031AF02007B686E468A
:10164800DC688AB0B4F80130042B96BF574A584971
:1016580052F8231002AAD3614FF40073554813843B
:10166800554BC2E9050142F8103F4FF41351534856
:1016780021F095FAB4F80120B546022AB4F80330EF
:1016880049D1052B47D84E4A52F823106E468AB0E6
:1016980002AAD3614FF400734A481384464BC2E947
:1016A800050142F8103F4FF41351444821F077FAEE
:1016B800B546637994F806C0032B98BF424AB4F83C
:1016C8000760D4F809006C468CB094BF52F8231018
:1016D800374902AAC2E9073C4FF40073DFF8ECE08F
:1016E80093853B4BC2E905E1C2E909604FF47351A8
:1016F80042F8103F314821F052FAA546786806F0C2
:101708006DFD00214FF602403A1D08F0ADFB04467E
:1017180018B1304A5AE72649B8E77868C368B3F879
:101728000130A5F8C13006F059FD95F8C1305A07C7
:101738007FF550AF21464FF603403A1D08F094FB61
:1017480008B1254A42E77868C3685B7885F8C030F5
:1017580006F044FD3EE72E78002E7FF43FAF95F863
:10176800C1309B061FD54FF0FF304FF0FF3108F016
:10177800E1F8044610B96FF06804E7E506210C307B
:1017880006F06EFED5F8013021460360134B324651
:101798009B8883804FF6064008F066FB04460028C5
:1017A8003FF41CAFD2E56FF08504CFE55C7C020006
:1017B800E8AB020078AF0200040000016476020082
:1017C800447C020091AF0200347C0200A9AF020001
:1017D80007000001D6AF0200FFAF0200C1040020DD
:1017E80030B50F4D89B003AC0FCD0FC42B68022262
:1017F800236001240B4B0C49009403A809F0C2FB99
:10180800034630B12146094A09481EF0DAFE09B0FC
:1018180030BD0321074A06481EF0D1FEF7E700BF96
:1018280010780200B8790200C0790200C084020072
:1018380034770200E584020010B5064A0648022102
:101848001EF0BDFEBDE8104040F267620023034869
:1018580017F04EBE0685020034770200580F0020AC
:1018680070B5012243688A401B6886681A42056978
:101878000ED10C4940F211430B4A0C481FF0E6FE0A
:101888000B481FF0E3FE40F2114107481FF0D5FE58
:101898002B6823EA02032B6033684FF4C022BDE8AB
:1018A80070401847608502002F8502009E8502005F
:1018B800BB85020008B5302019F01EFF38B100239F
:1018C8008385011DBDE8084003481EF08DBEBDE8B4
:1018D8000840FFF7B1BF00BFFC71020070B5037884
:1018E8008AB004460E4607AD032B20D8DFE803F084
:1018F80002191B1D11492846FFF716FB0595637849
:101908001E210493A37830460393E3780C4A02938C
:101918002379019363790093A3791EF04DFB0AB0F4
:1019280070BD0849E7E70849E5E70849E3E70A2100
:101938002846074A1EF040FBE0E700BFCD850200BD
:10194800EF850200D4850200DB850200E5850200F0
:1019580092CD0200F0B5144689B000AF0D4621F0D3
:1019680002FC3946FFF7BAFFACB96C468AB06A4642
:10197800144BD561C2E905374FF400731384124B39
:101988004FF41351114842F8103F1EF02AFEA546A5
:101998002437BD46F0BD6E468CB06B460C4AC3E991
:1019A8000754C3E905270B4A4FF462515A620A4AA1
:1019B80006489A621A46094B42F8103F1EF011FE7B
:1019C800B546E5E7128602000400000134770200FC
:1019D80030860200E4E90200000203050600000266
:1019E80090B589B000AF0C4621F0BDFB3946FFF732
:1019F80075FF8AB06A46094BD461C2E90537084BBE
:101A08004FF443511362074B07485362074B42F8A0
:101A1800103F1EF0E6FD2437BD4690BD57860200F4
:101A2800E4E9020000020204347702000500000223
:101A380090B589B000AF0C4621F095FB3946FFF709
:101A48004DFF8AB06A46094BD461C2E905374FF4A5
:101A580000731384064B4FF41351064842F8103FA5
:101A68001EF0BFFD2437BD4690BD00BF7D86020035
:101A7800040000013477020090B589B000AF0C462D
:101A880021F071FB3946FFF729FF8AB06A46094BF6
:101A9800D461C2E905374FF400731384064B4FF441
:101AA8001351064842F8103F1EF09BFD2437BD46EF
:101AB80090BD00BF9F860200040000013477020039
:101AC800B0B588B000AF0C4621F04DFB3946FFF7A2
:101AD80005FF6D468AB06A46124BD461C2E90537E4
:101AE800114B124C1362124B12485362124B4FF4B3
:101AF800435142F8103F1EF074FD2068AD4618B1FE
:101B08000AF002FA002323600C4C206830B10AF076
:101B1800FBF900230120236023F0E9F92037BD46B3
:101B2800B0BD00BFB4860200E4E902008C200020AA
:101B38000002020434770200050000029020002011
:101B4800B0B588B000AF0C4605460AF0B5F9124B9F
:101B58001860284621F007FB3946FFF7BFFE6D469F
:101B68008AB06A460D4BD461C2E905374FF4007359
:101B78000B4C13840B4B204642F8103F4FF4135183
:101B88001EF02FFD0321AD462046074A1EF017FD23
:101B98002037BD46B0BD00BF8C2000209F860200C4
:101BA8003477020004000001D7860200B0B588B07F
:101BB800044600AFB1B16C468AB06A46194B1A4860
:101BC800C2E90531194B4FF41151D36140F2013389
:101BD8001384174B42F8103F1EF003FDA54620372B
:101BE800BD46B0BD21F0BFFA3946FFF777FE6D4616
:101BF80088B06A460F4B4FF4E651C2E905374FF4F7
:101C0800007393830C4B084842F8103F1EF0E9FC20
:101C18002046AD460AF050F9084B1860012023F021
:101C280063F9DCE70687020034770200E4E9020082
:101C38000400000127870200030000019020002013
:101C480080B588B000AF21F08EFA3946FFF746FE1E
:101C580088B06A46084B4FF4E651C2E905374FF49D
:101C680000739383054B064842F8103F1EF0B9FCF9
:101C78002037BD4680BD00BF348702000300000145
:101C880034770200012310B503FA01F143680469AF
:101C98001B6819420ED10E4940F2A2630D4A0E4844
:101CA8001FF0D4FC0D481FF0D1FC40F2A261094896
:101CB8001FF0C3FC2368194218BF82F0010222B149
:101CC8008368DB68BDE81040184783681B69F9E73B
:101CD800608502002F8502009E850200BB850200F8
:101CE8000A46C1B20148FFF7CDBF00BFA871020084
:101CF8000A46C1B20148FFF7C5BF00BFC471020060
:101D080010B50B78052B00F29580DFE803F003800F
:101D18002C6172468B68002B00F08C804868002884
:101D280000F08880444A1368DBB1181F0023136051
:101D3800424A136024F05CFA00220023404816F05F
:101D480047FC002876D0828D011D3E481EF055FCC8
:101D580000286FD03C4A0221BDE810403B481EF0E5
:101D68002EBC0438E6E74A68CB68108D034438482F
:101D78009BB213850278002A5CD14A68134413F891
:101D8800013C0A2B01D00D2B54D1012303702D489F
:101D9800BDE8104083685B69184700242C4B30204D
:101DA8001C7019F0A9FC30B18485011DBDE81040F4
:101DB80024481EF019BC274A244802211EF0FFFBC4
:101DC800BDE8104040F267620023234817F090BB3B
:101DD800302019F091FC014648B100238385194849
:101DE8002822BDE81040836804311B691847194A46
:101DF800B1E74B68191F1B8D23B1BDE81040174888
:101E080024F03EB80846BDE8104024F0F1B90A4A6B
:101E180013680BB94B68136008488B6801680B445A
:101E2800116803600A8D0748D21A1944BDE81040AA
:101E38001EF0E3BB10BD00BF7420002070200020FE
:101E4800800C0020FC7102004A87020034770200EF
:101E5800903C002006850200580F0020640C0020EA
:101E68002DE9F0438DB04FF0FF324FF0FF33284893
:101E780016F0BEFC30220021684625F068F8254F90
:101E8800DFF89480DFF894904FF0FF334FF0FF3283
:101E9800384616F09DFBBDF82C40838DC4F128040C
:101EA8009C42054628BF1C4600261CB9284624F03B
:101EB8009FF9E9E7BDF82C00311D0430224629447A
:101EC800684425F01DF8BDF82C202644224492B21F
:101ED800272AADF82C2008D802F130036B4413F8F8
:101EE8002D3C0A2B01D00D2B0CD1002001A904F0A8
:101EF8003DFE20B14246022148461EF060FB002309
:101F0800ADF82C30AC8DA41B282C28BF2824CCE796
:101F1800040C0020640C002068870200347702005B
:101F2800014816F0E1BB00BF340C002008B5054895
:101F38000321054A1EF043FBBDE80840034816F09C
:101F4800F3BF00BF34770200908702007C20002096
:101F5800F8B51E4C0546206800AF002833D00D4068
:101F6800EA0716D521F02EF96E4688B023686A462E
:101F780017491848C2E9051303234FF4C65142F81C
:101F8800103F1EF02EFBB546206809F0BDFF002368
:101F98002360AB0717D5206821F01CF96D4688B07F
:101FA80023686A460C490B48C2E9051303234FF41A
:101FB800C65142F8103F1EF014FBAD46206809F0E8
:101FC800A3FF00232360BD46F8BD00BF8C2000207E
:101FD800D887020034770200EF8702002DE9F04F1E
:101FE80085B002AF1EF0EFFA504C81468B4619209F
:101FF8000121FFF77DFE21464D481EF07AFC06467A
:102008001EF0E1FA0546884619200021FFF770FE08
:102018004EB133460121474A47481EF0D2FA0C37E1
:10202800BD46BDE8F08F0321444A43481EF0C7FA75
:10203800EA4688B002AA424BB5EB0905536168EB42
:102048000B034FF0040BC2E906534FF4035142F857
:1020580010BF39481EF0C5FAD5461EF0B4FADFF8AD
:10206800E4907960804601211A20FFF741FE12238F
:10207800354A4946009435481EF04BFC38601EF03E
:10208800A2FA04460D461A203146FFF731FE3B6896
:102098003BBB03212E4A28481EF091FA88B002AAB9
:1020A8002C4BB4EB080453617B684FF4035165EB88
:1020B8000305C2E90645204842F810BF1EF091FA10
:1020C8000321D546D9F80030234A244C1A481EF07B
:1020D80078FA236843B90121214A17481EF06FFA9C
:1020E8009DE701211F4AF0E701210420FFF7F8FDD1
:1020F8001EF069FA1C4B2022C3E900010C49206834
:1021080004F034FD58B1002300900121174A0A4811
:1021180020F058F900210420FFF7E2FD7FE70021B5
:10212800A42018F0C9FA0321114AD6E7415B002020
:10213800815B0020078802003477020025880200AE
:102148003C88020078200020790A0020913C002079
:1021580059880200698802007F88020090200020C8
:10216800AF88020098880200980F0020CB880200F0
:10217800FF8802002DE9F04F00240646154691B06D
:1021880008AF1A228846381D21463C6024F0DFFE3D
:10219800304620F0E8FF3946FFF7A0FB052D37D180
:1021A8002A464046A64924F0DAFE064670B1A54EF6
:1021B800DFF89492A54227D0302019F09DFA824684
:1021C800002840F00E810221A04A4EE00321A04AD7
:1021D800A0481EF0F4F903219F4A9E481EF0EFF92B
:1021E80000220023CDE90356CDE90623CDE9016697
:1021F8004FF48032994B9A4900969A4817F08CFB15
:102208009949984823F0D0FE2437BD46BDE8F08FA1
:10221800062D6CD12A464046944924F0A0FE064675
:102228000028C4D101460420FFF75AFD1EF0CBF95F
:102238006C468F4A88B0D2E90032C01A61EB0201BD
:1022480022468C4BDFF83092C4E905300423E16163
:10225800804842F8103F4FF403511EF0C2F9D9F8F4
:102268000030A5462BB90121844A7A481EF0A7F907
:10227800CAE701210520FFF733FD814B3446D3F827
:1022880000801EF0A0F97F4BDFF8FCA1C3E9000134
:10229800DFF8F8B1A04502D87D4A0321E5E7A8EBAD
:1022A8000406F42E28BFF426D9F80000B2B20AEBCF
:1022B800040104F05BFC58B1012100902346754AE3
:1022C800644820F07FF800210520FFF709FD9BE70F
:1022D80034444FF480320023584616F089FA002817
:1022E800D8D001216C4A5B481EF069F9EBE7072D4D
:1022F8007FF45DAF2A464046684924F030FE064622
:10230800002849D101460520FFF7EAFC1EF05BF9D9
:102318006C465C4A88B0D2E90032C01A61EB02010F
:1023280022465F4BE161C4E9053004234FF40351B1
:1023380042F8103F47481EF054F9A5464E4C236812
:10234800002B90D001210620FFF7CAFC1EF03BF9B4
:10235800544B1222C3E900012068534904F006FCDB
:10236800044648B1012100903346504A394820F0CC
:1023780029F831460620A8E74FF480320023434865
:1023880016F036FA30B10121434A32481EF017F9E7
:102398002146EFE7464A80E746492A46404624F068
:1023A800DEFD014600287FF402AF0620FFF798FC07
:1023B8001EF009F96C463B4A88B0D2E90032C01ACF
:1023C80061EB020122463C4BE161C4E9053004237C
:1023D8004FF403511F4842F8103F1EF002F9A5467A
:1023E80012E72A1B272A8CBF272292B2031D828557
:1023F80008EB0401184624F083FDBAF82C200346A4
:102408001444A4B2A5420CD108EB050111F8011C33
:102418000D2906D10A200AEB020101320871AAF837
:102428002C2019463046BAF82C201EF0E6F8002871
:102438003FF4C0AE5146484623F022FDBAE600BF3D
:102448001F890200FC710200800C0020058B02002D
:10245800258902003477020059890200E51F00002F
:1024680000630020D80E00208E890200D38C020061
:10247800980F00209B89020090200020AF8802005E
:1024880078200020880F0020913C0020340C002088
:102498002A8A0200D3890200068A0200F68C02000A
:1024A800498A0200900F0020790A0020818A0200E0
:1024B800B28A0200188D0200CF8A0200F8B5864859
:1024C80023F070FC30B9854A012185481EF077F861
:1024D8001EF09BF8834823F065FC08B9824AF3E7AD
:1024E80019217D48FFF7BCF9034628B17F4A01212D
:1024F8007B481EF066F8EBE71A217748FFF7B0F93A
:10250800034608B17A4AF2E704217648FFF7A8F9AA
:10251800034608B1774AEAE705217248FFF7A0F9B0
:10252800034608B1744AE2E706216E48FFF798F9B6
:10253800044610B10346714AD9E701461920FFF74E
:10254800D7FB21461A20FFF7D3FB21460420FFF7CB
:10255800C7FB21460520FFF7C3FB21460620FFF7EE
:10256800BFFB0321664A5E481EF029F80321654A2D
:102578005B481EF024F80321634A59481EF01FF8EF
:102588000321624A56481EF01AF80321604A54484B
:102598001EF015F803215F4A51481EF010F85E48F6
:1025A80012F0FCFB034620B101215C4A4C481EF0A6
:1025B80008F812F0C1FB034620B10121584A4848E7
:1025C8001DF0FFFF574E304623F0ECFB00283FF488
:1025D8007FAF302019F090F8044600283FF478AF18
:1025E800002551498585514816F04AFEB3681B6895
:1025F80023B9204623F0FCFD4D4A65E72A463046BC
:102608004C4998470028F4D1302019F075F8054650
:1026180060B3031D18464849FEF786FC252201468B
:10262800AA8530461DF0E9FF074640B1204623F051
:10263800DFFD284623F0DCFD3B46404A57E730469D
:10264800211D1DF0D1FF034658B93D480AF054FB3F
:10265800034678B13B4A012121481DF0B2FF002012
:10266800F8BD0121384A1E481DF0ABFF204623F073
:10267800BFFD2DE735480AF059FB034608B1344A37
:10268800E9E707F0F9FD00287FF422AF0321314A7A
:1026980013481DF094FF304816F026F81FF06BFF22
:1026A8002E4804F057FA044610B103462C4AD2E7E4
:1026B8002C482D4916F010FB2A4816F035FC013439
:1026C80004F00101002012F0FBFB00214FF4004050
:1026D80017F0F2FFF3E700BFC4710200308B02006D
:1026E80034770200A87102004A8B0200648B020052
:1026F800978B0200CB8B0200028C0200388C020000
:102708006C8C02008B8C0200A48C0200B68C020038
:10271800DA8C0200FE8C0200591F0000208D020096
:102728003E8D0200FC710200BD180000580F002009
:10273800598D0200091D0000798D02009F8D02004D
:1027480054060020EF8D0200C88D020044060020C8
:10275800258E0200608E0200040C0020380600203E
:10276800768E02007C200020E91700002DE9F04F4A
:102778001546E7B008AC202206910DF1400A002169
:10278800064620461F46DDF8C0910DF1600824F08A
:10279800DEFB20220021504624F0D9FB2022002114
:1027A800404624F0D4FB494620461DF04EFF4946DA
:1027B80050461DF04AFF494640461DF046FF042199
:1027C80040461DF033FF294620A81DF059FF00257B
:1027D8000DF1B809002120461DF04BFF20AB53F83E
:1027E80025304FEA053B03EB0B01204607931DF00C
:1027F80042FF062120461DF019FF22463046394681
:102808001DF076FF032120461DF010FF0C220F4B10
:102818004846CDE900B2029306F110013A46CDE9E7
:10282800034A079B01351EF06BF90E2D06F1D00601
:1028380009F11009CED13B462A460698CDF800800A
:102848002EA91EF004F967B0BDE8F08FBD0602009E
:102858002DE9F0470C4605461E46BCB01746DDE993
:10286800449848220DF1640A002107A824F06FFB60
:102878002146504606951EF0E7F948460221CDF854
:1028880020A01DF0D3FE11A801211DF0CFFE314676
:1028980009A81DF0CDFE314611A81DF0C9FE06ABF2
:1028A800CDE90393084B0922029300232046CDE982
:1028B800003205F50C7143463A46CDF81C801EF0EF
:1028C8001FF93CB0BDE8F0878F0C02002DE9F04FEE
:1028D8000368BDB00A9343680B9383680C93C3687D
:1028E8000D9303690E9343690F9383691093C3692A
:1028F8001193036A1293436A1393836A1493C36A06
:102908001593036B1693436B1793836B1893C36BE1
:102918001993036C1A93436C1B93836C1C93C36CBD
:102928001D93036D1E93436D1F93836D2093C36D99
:102938002193036E2293436E2393836E2493C36E75
:102948002593036F2693436F2793836F2893C36F51
:102958002993D0F880302A93D0F884302B93D0F87C
:1029680088302C93D0F88C302D93D0F890302E935B
:10297800D0F894302F93D0F898303093D0F89C301A
:102988003193D0F8A0303293D0F8A4303393D0F8F4
:10299800A8303493D0F8AC303593D0F8B0303693B3
:1029A800D0F8B4303793D0F8B8303893D0F8BC307A
:1029B8003993D0F8C030D0F8C4603A93014B0093F3
:1029C80002E000BFF8780200149A0A9B1599534058
:1029D8000B9A82EA01051E9A53401F9A5540289A7D
:1029E8005340299A5540329A5340339A0893554098
:1029F8000C9B169A83EA02090D9B179A83EA020830
:102A0800209B189A89EA0309219B88EA03082A9BD4
:102A180089EA03092B9B88EA0308349B89EA03099E
:102A2800359B4FEA490B88EA03080E9B4BEAD87B93
:102A380083EA020C0F9B199A4FEA480A83EA0207B5
:102A4800229B239A8CEA030C57402C9B2D9A8CEAE4
:102A5800030C5740369B379A8CEA030C5740109B5F
:102A68001A9ADDF874E083EA0204119B1B9A4AEA79
:102A7800D97A83EA0201249A129B5440259A51403C
:102A88002E9A54402F9A5140389A5440399A5140BE
:102A98001C9A5A40139B83EA0E0E269B5A40279B8A
:102AA8008EEA030E309B5A40319B8EEA030E3A9B06
:102AB8008EEA060E5A408BEA020301938AEA0E0355
:102AC80002934FEA4C0B089B4BEAD77B4FEA470A25
:102AD8004AEADC7A8BEA030303938AEA05034FEA9E
:102AE800410A4AEAD47A04938AEA08034FEA4E086C
:102AF80048EAD278520042EADE72059382EA0C0371
:102B0800069388EA07030793089B6A0042EAD37290
:102B18005B0043EAD5736340089382EA01034FEAF6
:102B2800440B0A9A0993019B4BEAD17B8BEA090B68
:102B380083EA0209029B0B9A179983EA020A039B0C
:102B4800169A239C5A40049B150D4B4045EA0335C1
:102B58001B0D43EA0233229A05998BEA02024C4084
:102B68004FEA525848EAC428640D44EAC2242E9910
:102B7800069A2F9F5140079A7A404FEA425E4EEAE2
:102B8800D12E49053A9F41EAD221089A7A40099FF5
:102B98007E404FEA863C4CEA924C920342EA9642C7
:102BA800009ED6E900768AEA06060B9689EA0707A8
:102BB80028EA05067E400B9F0A9624EA030677401A
:102BC8002EEA04065E400B9721EA08076F40239619
:102BD80025EA09052CEA0E0623EA0A03744083EA6B
:102BE8000C0329EA0206229722EA01076A4071408B
:102BF8003B942E922AEA0C04109A2F93069B87EA9C
:102C08000807169184EA0E013A97179183EA0201A0
:102C1800079B119A1D9C53404FEA037C4CEA111CF8
:102C2800090741EA13111C9A089B2B9F5340099AE4
:102C38006240160546EA13361B051E9C43EA12330A
:102C4800019A82EA04051F9C029A62404FEAC20870
:102C580048EA5578ED002A9C45EA5275039A25EA18
:102C6800030A6240049C4FEAD24E7C404EEA443E3E
:102C7800E40C44EA4234369A379F8BEA0209059AF3
:102C88008AEA010A7A404FEAD90747EA4277D20826
:102C980042EA497228EA060989EA0C09CDF8A8A08F
:102CA8002EEA050A8AEA030ACDF8AC9024EA080954
:102CB80089EA0609CDF840A023EA010327EA0E0AAB
:102CC8008AEA050526EA0C067B40CDF8449022EAFC
:102CD80004091E951C9389EA080586EA02031F95D4
:102CE8001D932CEA0205039B0C9A21EA070883EA44
:102CF8000201049B0D9A88EA0E0E53404FEA430CDA
:102D08004CEAD17C6C40490041EAD371CDF8D8E057
:102D1800189B3794059A199C8BEA03036240960125
:102D280046EA93669B01249C43EA9263069A319F84
:102D380082EA0405259C079ADDF8CC9062404FEAA8
:102D4800426848EAD5186D0645EAD215309C089ABB
:102D580025EA030A5440099A8AEA010A7A404FEAA6
:102D6800022E4EEA146E2402329F44EA1264019A3B
:102D7800CDF860A07A40029F24EA050A87EA09098B
:102D88004FEA894747EA9237920442EA993228EA99
:102D9800060989EA0C098AEA030ACDF8649023EA4D
:102DA80001032EEA080989EA0609534026EA0C06B7
:102DB800CDF8C0A022EA040A8AEA0505CDF8C49035
:102DC800329327EA0E0986EA07030C95339389EABA
:102DD8000805089B21EA0208129A0D9583EA020168
:102DE800139A099B2CEA070553404FEAC36C4CEA37
:102DF800511CC90641EA531188EA0404019B149A3C
:102E0800249485EA0E045A402594029B159C160FBB
:102E1800634046EA03161B0F43EA0213039A209CF9
:102E28002D9F82EA0405219C049A62404FEA822879
:102E380048EA9558AD0245EA92552C9A25EA060AC1
:102E48008BEA0204059A8AEA010A7A404FEAC23EEE
:102E58004EEA544EE403389F44EA5244069ACDF8A9
:102E6800E0A082EA0709399F079A24EA050A7A400E
:102E78004FEA192747EA0267120A42EA096228EA72
:102E8800030989EA0C098AEA060ACDF8E4902EEAD1
:102E9800080989EA0309CDF850A023EA0C0327EAB8
:102EA800040A8AEA05055340CDF8549026EA01063B
:102EB80022EA0E092C95219389EA08050E9B21EA3E
:102EC800070886EA070188EA04042D9520912CEA70
:102ED80002050F99059A8BEA0303129485EA0E04FA
:102EE80013949D0882EA010445EA8475A40844EA1B
:102EF80083741A9A069B269E83EA0201079B1B9AF3
:102F0800279F5A404B0A43EAC253520A42EAC15227
:102F180008997140099E4FEA516C77404CEAC71CEA
:102F28007F0E47EAC1170199289EDDF8A4E0714099
:102F3800029E4FEAD15886EA0E0648EA4628F60D60
:102F4800DDF8D0E046EA41260399DDF8D49081EA1D
:102F58000E01DDF810E02CEA030A8EEA09094FEAAF
:102F6800890E4EEA917E890041EA99718AEA050A3A
:102F780027EA0209CDF898A089EA040928EA0C0A88
:102F8800CDF89C908AEA030A26EA070923EA050392
:102F980089EA02094B4022EA04020E9382EA0E03F0
:102FA800CDF8D0A02A9A21EA080ACDF8D4900F9338
:102FB8002EEA06090A9B8AEA0C0C89EA0707CDF86B
:102FC80068C01B9725EA010C24EA0E072B995A4082
:102FD8000B9B7E40299683EA01061899229B4A405A
:102FE80019998CEA080C4E403899CDF8A0C04A408F
:102FF80039994E4026994A4027994E40109983EABC
:1030080001091199239B83EA0108309B1E9989EADB
:103018000309319BDDF8CCE088EA0308149B89EAB0
:103028000309159B88EA0308349B89EA0309359B41
:103038004FEA490B88EA03083A9B4BEAD87B83EAB4
:10304800010C3B9B1F994FEA480A83EA01070C9B36
:103058000D998CEA030C4F402C9B2D998CEA030C9C
:103068004F401A9B1B998CEA030C4F40169B3699CC
:103078004AEAD97A83EA0105179B379983EA01045A
:1030880024991C9B4D4025994C4012994D40139909
:103098004C4028994D4029994C40329959401D9BE4
:1030A80083EA0E0E2E9B59402F9B8EEA030E209B1F
:1030B8005940219B8EEA030E0E9B59400F9B8EEAC6
:1030C800030E8BEA01034FEA4C0B01934BEAD77BC3
:1030D8008AEA0E034FEA470A02934AEADC7A8BEA45
:1030E800020303938AEA06034FEA440A4AEAD57AB6
:1030F80004938AEA08034FEA4E0848EAD17849005F
:1031080041EADE71059381EA0C03710041EAD2714C
:103118005200069342EAD67288EA0703079382EAC6
:103128000503089381EA0403019A09934FEA450BC2
:103138000A9B4BEAD47B8BEA090B83EA02090B9BB7
:10314800029A059C83EA020A109B039A079E83EA67
:103158000201119B049A0D0D5A400C9B45EA023559
:10316800120D42EA013283EA0B010D9B4FEA5158D6
:103178005C4048EAC428640D44EAC124129B0699BD
:10318800099F5940139B5E404FEA465E4EEAD12E96
:10319800490541EAD621089B0E9E5E4033460F9EA4
:1031A8007E404FEA863C4CEA934C9B0343EA9643A5
:1031B800009ED6E902768AEA06060B9689EA070790
:1031C80028EA05067E400B9F0A9624EA0206774005
:1031D8002EEA040656400B9721EA08076F400D9621
:1031E80025EA09052CEA0E06744022EA0A0229EAB1
:1031F80003060C9723EA01076B40129382EA0C033B
:103208007140069A0F9413932AEA0C04169B1091A6
:1032180084EA0E01119183EA0201079A179B099C1F
:1032280053404FEA037C4CEA111C090741EA131189
:10323800089A1C9B87EA080753401D9A0E9762401C
:10324800160546EA13361B0543EA1233019C189A01
:10325800049F82EA0405029C199A62404FEAC20858
:1032680048EA5578ED0045EA5275039C149A25EA18
:10327800030A6240159C4FEAD24E7C404EEA443E17
:10328800E40C44EA42341A9A8AEA010A82EA0B09EF
:103298001B9A059FCDF850A07A404FEAD90747EA14
:1032A8004277D20842EA497228EA060989EA0C09F3
:1032B8002EEA050A8AEA030ACDF8549024EA080996
:1032C80089EA0609CDF858A023EA010327EA0E0A7D
:1032D8008AEA050526EA0C067B40CDF85C9022EACE
:1032E800040918951C9389EA080586EA02031995CA
:1032F8001D932CEA0205229B039A21EA070883EA18
:103308000201049A239B6C4053404FEA430C4CEA59
:10331800D17C1F9A1B944900059C41EAD3711E9BDE
:10332800624083EA0B03960146EA93669B0143EAEF
:103338009263069C249A88EA0E0E82EA0405079C8A
:10334800259A099F62404FEA426848EAD5186D06F7
:1033580045EAD215089C209ACDF868E05440219A95
:10336800DDF808907A404FEA022E4EEA146E2402E5
:1033780044EA1264019F269A25EA030A7A40279FA5
:103388008AEA010A87EA09094FEA894747EA923730
:10339800920442EA993228EA060989EA0C09CDF82A
:1033A80078A024EA050ACDF87C908AEA030A2EEA76
:1033B800080923EA010389EA0609534026EA0C06AC
:1033C800CDF880A022EA040A8AEA0505CDF884909F
:1033D800269327EA0E0986EA07032295279389EAA6
:1033E80008052E9B21EA0208089A239583EA020120
:1033F800099A2F9B2CEA070553404FEAC36C4CEA05
:10340800511CC90641EA531188EA04042A9B019A0F
:10341800249485EA0E045A4025942B9B029C160F8F
:10342800634046EA03161B0F43EA0213039C309AD3
:10343800059F82EA0405049C319A62404FEA82287B
:1034480048EA9558AD0245EA92552C9A25EA060AAB
:1034580082EA0B042D9A8AEA010A7A404FEAC23EB0
:103468004EEA544EE40344EA5244069F289ACDF8A3
:10347800A0A082EA0709299A079F24EA050A7A4048
:103488004FEA192747EA0267120A42EA096228EA5C
:10349800030989EA0C098AEA060ACDF8A4902EEAFB
:1034A800080989EA0309CDF8A8A027EA040A8AEAE4
:1034B8000505CDF8AC9023EA0C0322EA0E09534027
:1034C8002C9526EA010689EA08052D9521EA0708C0
:1034D800319386EA07013A9B2CEA020530913B9A20
:1034E800059983EA0B034A404FEA930C4CEA827C25
:1034F800920842EA83720699369B88EA04042E945D
:1035080085EA0E044B402F943799079C5D0A81EA9F
:10351800040645EAC655760A46EAC3560899329B18
:10352800099C4B4033994FEA53684C4048EAC41809
:10353800640E44EAC3140199389B029F4B403999A1
:103548004FEAD35E79404EEA412EC90D41EA432144
:10355800039F349BDDF810907B40359F28EA050ACD
:1035680087EA09094FEA890747EA93779B0043EA04
:10357800997324EA060989EA02098AEA0C0ACDF84D
:10358800C8A0CDF8CC902EEA080A21EA04098AEAF4
:10359800050A89EA0609CDF8D0A0CDF8D49023EA27
:1035A8000E0A27EA01098AEA080889EA0404CDF81C
:1035B800D88037942CEA030822EA070425EA0C0588
:1035C8006B4088EA0E0E6140CDF8E0E039913A93FD
:1035D800009B26EA020610330093009A3C4B7E407B
:1035E80093427FF4F1A90A9B03600B9B43600C9BF9
:1035F80083600D9BC3600E9B03610F9B4361109B0F
:103608008361119BC361129B0362139B4362149BEA
:103618008362159BC362169B0363179B4363189BC6
:103628008363199BC3631A9B03641B9B43641C9BA2
:1036380083641D9BC3641E9B03651F9B4365209B7E
:103648008365219BC365229B0366239B4366249B5A
:103658008366259BC366269B0367279B4367289B36
:103668008367299BC3672A9BC0F8B8E0C0F88030FD
:103678002B9BC0F8BC10C0F884302C9BC0F8883055
:103688002D9BC0F88C302E9BC0F890302F9BC0F833
:103698009430309BC0F89830319BC0F89C30329BF6
:1036A800C0F8A030339BC0F8A430349BC0F8A830D1
:1036B800359BC0F8AC30369BC0F8B030379BC0F8AB
:1036C800B4303A9BC0E930363DB0BDE8F08F00BF5A
:1036D800B8790200F8B50F4600293BD006680122E8
:1036E80030461DF0A7FD0146044630461DF06AFD30
:1036F800C3070DD4AF23184A184919481DF0A6FF6F
:10370800394618481DF0A2FFAF2113481DF095FF58
:10371800214630461DF06CFD25182946002230460A
:103728001DF050FD2D1AAC420BD0B7230A4A0E49A2
:103738000B481DF08BFF39460C481DF087FFB72159
:10374800E3E7214630461DF059FD2146BDE8F84023
:103758001DF08EBEF8BD00BFDA8E0200FD8E02009D
:103768009E8502000E8F0200468F02006C8F0200B9
:103778002DE9F84306681446B5684A1EB5F5004FAA
:1037880034BF042308230A400F4610D0C1F10009B2
:1037980009EA01094B4502F1FF3128BF4B461142A6
:1037A8000CD11746DCB900252846BDE8F8839942B4
:1037B80013D82146BDE8F8431DF09CBE34494FF4A8
:1037C800A673344A34481DF041FF34481DF03EFFCB
:1037D8004FF4A6712F481DF030FF9146E2E7B5F58A
:1037E800004F2CBF08200420FB1AE10804F0070250
:1037F80001EBD301073203F007031344034401EB41
:10380800D301A94228BF294630461DF071FD8046E4
:103818000028C8D0B36809EBC005B3F5004F34BF22
:10382800042308231D4435447B1E1D44B5FBF7F5CE
:103838007D43A5EB0905294630461DF0FBFC2C44C9
:10384800073424F00704A41B804507464FEAE40424
:1038580008D20246414630461DF083FD41463046B7
:103868001DF0C4FD394630461DF0C2FC3844844280
:1038780008D23946304622461DF073FD21463046AF
:103888001DF0B4FD0122394630461DF0B7FC8BE728
:10389800A88F0200DA8E02009E850200C38F020004
:1038A800B2F5802F2DE9F04110D2042A28D84549D5
:1038B80040F21A23444A45481DF0C8FE44481DF00A
:1038C800C5FE40F21A2140481DF0B7FE0823D21A5F
:1038D800CC1D114424F0070421F00701091B172906
:1038E8004FEAD1060ED83B4940F22323364A3748DF
:1038F8001DF0ACFE36481DF0A9FE40F22321E2E798
:103908000423E4E70025046031462046A660E5600C
:103918001DF09AFCB6F5004F2CBF08230423421D66
:1039280092000833D11DDB0803EBD103B3424FEA01
:10393800D10739D801302946A2F1100204F110004C
:10394800B8BF2A4623F003FB3A46294620461DF015
:103958006DFC2B462A46294620461DF03EFCA6EB68
:1039680007082046294601221DF048FC42463946F0
:103978001DF05CFC3B462A46394620461DF02DFCCE
:10398800314620461DF052FC43462A463146204621
:103998001DF023FC3146204601221DF02FFC39463C
:1039A800BDE8F0411DF022BD0B494FF40E73064AE5
:1039B80006481DF04BFE06481DF048FE4FF40E71F8
:1039C80081E700BFE08F0200DA8E02009E850200C8
:1039D800019002001A900200439002002DE9F04F76
:1039E80097B000AF89460446D7F880B0FA623B62C8
:1039F80058B9A94940F29933A84AA9481DF026FEAA
:103A080040F29931A5481DF018FECBF3C00390F899
:103A180002A07B6141B9457800780AEB8000204418
:103A28004D4517D8A0EB0409E378FB61BAF1000F04
:103A380002D01BF0010F16D1FB6953BBFB6A1BB107
:103A4800494620463A6A98474D4628465C37BD465F
:103A5800BDE8F08F461C3046FDF76EFA0130304461
:103A680009F10109DCE7626823787A62FA6A990049
:103A7800B96104EB8301002A40F002810E464FF041
:103A880000084D4601EB0A094E454CD101EB0A06E8
:103A980010E01BF0020FD1D023789A00BA61626857
:103AA80004EB83017A62FA6A002A77D14D46904680
:103AB80001EB0A061BF0050F0CBF02230123FB6272
:103AC800FB6906EB430A0BF00203BB625645BCD008
:103AD80016F8021B16F8013C54F82390714B9945CF
:103AE80002D3714B994536D37B69002B40D0786A55
:103AF8001DF06FFD00283BD0E9468AB06A466B4B43
:103B080053617B6AC2E906314FF400731384684B32
:103B180042F8103F00234FF41251664802F04CFA65
:103B2800023DCD46D2E716F8013BF96254F823006E
:103B3800FDF702FAD7F88430F96A01304BB1D7F8AB
:103B4800883098453EBFD7F8843023F8180008F12C
:103B58000108054498E77B6923B1786A1DF039FDAF
:103B68000028C9D11BF0010F05D1FB6AED1AADE79A
:103B7800BB6A002BAAD04846FDF7DEF9D7F8843097
:103B880053B1D7F8883098453FBFD7F88420431CF5
:103B980022F8183008F10108054497E7BAF1000F38
:103BA80074D01BF0040674D0D046002607F14800F4
:103BB80052463B61B96223F0A3F9B96A3B6901EB4C
:103BC8000A02BA62FA69F9695200FA60BA6A02EB43
:103BD80041023A610BF00202BA60BA6A39698A4254
:103BE8006AD162781BF0020F18BF00217A6208BF01
:103BF8004FEA5801B2181BF0010FD2B240F0E5802D
:103C08001BF0040F14BF404600207B616270A07057
:103C1800E17020463A6AB969FB6A9847051EFFF6C3
:103C280014AF7B69414623707B6A3A6A6370FB690B
:103C380084F802A0E37007F14800FB6A9847B0F1E6
:103C48000008C0F2F680BB69A9EB0A01C91AFB6833
:103C58003A6AC91AD7E90A0398470028C0F2EB80E4
:103C68004FF0000BA84408EB000507F1380AB345EC
:103C7800C0F0AD8000213A6A0846FB6A9847E4E63E
:103C880056464FF0000807F1380091E75646D046EF
:103C980095E7B04693E700BF039102006E900200DB
:103CA8009E850200B4700200C0F402001E9102005A
:103CB80004000001BC760200BA6A12F8021B12F86E
:103CC800015CBA6254F825005C4A904202D35C4A0F
:103CD800904218D37A693AB1786A7B601DF079FC12
:103CE8007B6800287FF479AFBA68002A4CD00F2E81
:103CF80040D9544940F24D43534A54481DF0A6FC5C
:103D080040F24D417EE67A693AB1786A7B601DF0EF
:103D180060FC7B6800287FF460AF1BF0010F0BD0BC
:103D28000F2E27D9474940F24343474A47481DF0D9
:103D38008DFC40F2434165E61BF0040F3FF44DAFA4
:103D4800B8F10F0F09D9424940F246433E4A3F486D
:103D58001DF07CFC40F2464154E608F1280207F1C8
:103D6800300008F1010102EB000808F8105C5FFA66
:103D780081F832E706F1280207F13000711C1618A5
:103D880006F8205CCEB228E7B8F10F0F09D9304900
:103D98004FF48A632C4A2D481DF058FC4FF48A6171
:103DA80030E608F1280207F1300C08F101009444CC
:103DB80007F1580208F1020852FA80F00CF8101CBA
:103DC8005FFA88F800F8105C07E700201DE71BF889
:103DD8000A3054F8239087F83730D7F884302BB35B
:103DE800D7F888309B4521D2D7F8843033F81B8028
:103DF80001213A6AFB6A07F13700984700281ADB65
:103E08000544B8F1000F06D14846FDF795F800F1D2
:103E180001081FFA88F8414648463A6AFB6A9847FB
:103E2800002808DB05440BF1010B20E74FF00008E0
:103E3800DEE7454609E6054607E600BFB47002001E
:103E4800C0F40200C19102006E9002009E8502003B
:103E5800E0910200014B1B68184700BF6C06002068
:103E6800014B1860704700BF6C06002030B585B064
:103E780004460D4610220021684623F068F8022304
:103E88008DF80230044B2A462146684601931CF0FF
:103E980025F905B030BD00BF5D3E000080B5054680
:103EA8000E461746984616F099FC034623F0F4F898
:103EB800DFF83C90044649F800304246394630461F
:103EC800A8470C4B1B7873B90B4940F246330B4A91
:103ED8000B481DF0BBFB0B481DF0B8FB40F2463108
:103EE80006481DF0AAFB54F8090003F003FB00BFC5
:103EF80008000000FD5E00203C92020011920200C2
:103F08009E8502004F92020038B50D4604462022D5
:103F1800002123F01CF80022EB68E361AB68A36181
:103F28002B6823626B68A26263622A6923B1591EF7
:103F3800194208BF42F0010222610122002104F166
:103F48002C0021F0B6FF48B1054906482F23064A40
:103F58001DF07CFB2F2104481DF06FFB38BD00BF0E
:103F680068CC02009E850200719202002DE9F04F94
:103F7800002789B0CDE90123436A04468B4288466D
:103F8800BA460597079754D300F11406EFF3118545
:103F9800202383F31288BFF36F8F3046A94616F0AB
:103FA8009DFE58B988234D4A4D494E481DF04EFB99
:103FB80031464D481DF04AFB882163E0304616F033
:103FC800B1FE079A2AB1394620461DF029FC002384
:103FD800079306A920461DF046FB069983464145EE
:103FE80030D32268236A204613F8221003EB820A92
:103FF80021F0030103F82210216842461DF057FB07
:10400800E3682060984218D04FF0000B304616F055
:1040180073FE50B389F31188BFF36F8F059929B1E7
:10402800A2690AB12046904700230593BBF1000F0F
:10403800ACD1504609B0BDE8F08F236943F00803BE
:104048002361E1E718B120461DF04BFBDEE7DDE90F
:104058000132134339D0039121F0A0FF0399A0BB8B
:104068009DBB304616F048FE78B94FF49A731B4A48
:104078001E491C481DF0EAFA31461D481DF0E6FAB3
:104088004FF49A7115481DF0D8FA85F31188BFF3DB
:104098006F8F04F12C00DDE9012314F0A9FB83469E
:1040A800EFF31189202383F31288BFF36F8F304613
:1040B80016F014FE00283FF475AFBBFA8BFB3046B0
:1040C80016F030FE4FEA5B1BA0E7204607AB05AAB7
:1040D80027681DF025FB834698E700BF97920200EA
:1040E800C49202009E850200D9920200EF9202005B
:1040F800069302002DE9F0410446C36908460E46BE
:10410800984704F114050746EFF31188202383F339
:104118001288BFF36F8F284616F0E0FD68B9882330
:104128001A4A1B491B481DF091FA29461A481DF0E6
:104138008DFA882115481DF080FA284616F0F2FD00
:1041480033783A4643F001033370616820461DF026
:10415800AEFA606020461DF07EFB284616F0CCFDC6
:1041680068B94FF49A73094A0C490A481DF06EFA67
:1041780029460B481DF06AFA4FF49A71DAE788F37A
:104188001188BFF36F8FBDE8F08100BF97920200DE
:10419800C49202009E850200D9920200EF920200AA
:1041A800069302002DE9F0470446002700F11406A3
:1041B800EFF31188202383F31288BFF36F8F304603
:1041C80016F08CFD054668B988233A4A3A493B48B7
:1041D8001DF03CFA31463A481DF038FA8821354836
:1041E8001DF02BFA304616F09DFD2369A16813F0E7
:1041F800080F02D16368994200D9636A5B1A002BE1
:1042080041D0206A10F8213000EB810913F0030235
:104218003CD0022A04D150F821205FEA920A05D145
:10422800DA0720D44846E36998478246A16852468F
:1042380020461DF03CFA5146A06020461DF045FA84
:104248002F46304616F058FD10BB4FF49A73194AA2
:104258001C491A481DF0FAF931461B481DF0F6F9B9
:104268004FF49A71BBE743F0020300F82130E36989
:104278004846A56898472946024620461DF017FA81
:104288000025A060DDE71D46A946DAE71546FBE7ED
:1042980088F31188BFF36F8F002D89D137B1B9F139
:1042A800000F03D104F12C0014F01EFA4846BDE8B3
:1042B800F08700BF97920200C49202009E85020018
:1042C800D9920200EF920200069302002DE9F04114
:1042D8000446C36908460D46984704F11406074684
:1042E800EFF31188202383F31288BFF36F8F3046D2
:1042F80016F0F4FC68B98823274A284928481DF095
:10430800A5F9314627481DF0A1F9882122481DF05A
:1043180094F9304616F006FD2B786FF300032B70E6
:1043280023699B0705D5E268236A03EB82039D4254
:1043380022D12B786FF341032B70D4E902319942D3
:1043480004D13A4620461DF0B2F9A060394620460D
:104358001DF0BBF9304616F0CFFC90B94FF49A73B4
:104368000D4A11490E481DF071F931460F481DF0EC
:104378006DF94FF49A71C9E72B6867F39F032B60B7
:10438800E8E788F31188BFF36F8F04F12C00BDE8CC
:10439800F04114F0A9B900BF97920200C49202003C
:1043A8009E850200D9920200EF9202000693020055
:1043B80070B5044600F11405EFF31186202383F34A
:1043C8001288BFF36F8F284616F088FC68B98823D7
:1043D8001A4A1B491B481DF039F929461A481DF08D
:1043E80035F9882115481DF028F9284616F09AFC59
:1043F8002369A06813F0080F02D16368984213D9A3
:10440800646A241A284616F077FC78B94FF49A7330
:104418000A4A0E490B481DF019F929460C481DF0A7
:1044280015F94FF49A71DDE71C1AEBE786F311884A
:10443800BFF36F8F201E18BF012070BD9792020036
:10444800C49202009E850200D9920200EF920200F7
:10445800069302002DE9F84F0446A38B0846190776
:10446800154612D4022803F0070165D120461DF035
:1044780078FA88B10138042800F23781DFE810F0B3
:104488005C0035018200D400040101280CBF43F010
:10449800100143F02001A1831434204616F02CFCAF
:1044A800002840F09D819A494FF49A73994A9A4896
:1044B8001DF0CCF82146B1E003F00702501F012897
:1044C8001ED80020062A2768C4E9000014D13A46FD
:1044D80003E0E08B0130E0831268002AF9D123F071
:1044E800070343F002022046A2831DF03AFA90B374
:1044F80042F02002A2832EE023F007039AB2F2E7EB
:10450800042A33D123F007039AB22046A2831DF070
:1045180028FA10B142F02002A283A38B03F0070906
:10452800894540F0EC80A18BCA0640F1508121F00A
:104538001003A38301F00701D4F81880A38BB8F106
:10454800000FB9DA0022276823F00703C4E9002224
:1045580043F00103A383A38B03F00709894540F0C7
:10456800CF80002FDFD00026B24644E06B4940F2EE
:104578001B136B4A68481DF069F840F21B11684824
:104588001DF05BF849B167494FF4AB73644A624860
:104598001DF05CF84FF4AB71F1E723684BB9624941
:1045A80040F257135E4A5C481DF050F840F257112C
:1045B800E5E723691E684EB95C494FF4AD73584A64
:1045C80055481DF043F84FF4AD71D8E70F468846BB
:1045D8004FF00609A38B23F0070343F006039BB2B1
:1045E800A383A268002A40F08D80002F40F08D80C0
:1045F800002E98D0BA4643F0080304F1140B58462D
:10460800A38316F079FB002840F09A8040494FF4C4
:104618009A73404A40481DF019F8594644481DF01D
:1046280015F84FF49A71ADE0022909D0414940F2DA
:104638005D133B4A38481DF009F840F25D119EE7CA
:10464800E78B4FB13C494FF4AF73354A32481CF001
:10465800FDFF4FF4AF7192E723695E684EB93349A5
:1046680040F261132E4A2C481CF0F0FF40F2611111
:1046780085E7A38BB84623F0070343F004039BB2F6
:104688004FF00409A383ACE7012909D02B494FF463
:10469800B273234A20481CF0D9FF4FF4B2716EE779
:1046A80023684BB9204940F265131D4A1A481CF08B
:1046B800CDFF40F2651162E723699E684EB91B4938
:1046C8004FF4B473164A14481CF0C0FF4FF4B47189
:1046D80055E70027A38BB84623F0070343F00503EB
:1046E8009BB24FF00509A3837BE70C4940F26B139B
:1046F8000B4A09481CF0AAFF40F26B113FE700275C
:1047080000266EE74FF0010A75E7924673E700BF8F
:10471800EF920200979202009E850200AAE702002B
:10472800269302004B930200579302007A930200EB
:104738000693020091930200A7930200B693020029
:1047480085F31188BFF36F8FBAF1000F1CD177BBC7
:1047580016B120462549B047EFF31185202383F38E
:104768001288BFF36F8F584616F0B8FA38BB882303
:104778001F4A204920481CF069FF59461F481CF071
:1047880065FF88211A48FBE6A1680029DFD00D687B
:104798000029DCD043464A462046D1F804A0D04739
:1047A8001DB12B6829461D46F2E72B46FAE7394624
:1047B80043464A4620463F681DF0FFF8C7E758467B
:1047C80016F0B0FAA38B23F00803A383ABE68B069D
:1047D8007FF562AE21F02003A38301F0070145E6CF
:1047E80085F31188BFF36F8FBDE8F88F0948000083
:1047F80097920200C49202009E850200D99202009C
:10480800F8B504460D4600F11406EFF3118720238E
:1048180083F31288BFF36F8F304616F05FFA68B9DA
:1048280088230C4A0C490D481CF010FF31460C48EF
:104838001CF00CFF882107481CF0FFFE304616F0DC
:1048480071FAA5613A462046BDE8F8400121FFF714
:1048580001BE00BF97920200C49202009E8502002A
:10486800D99202002DE9F04704460F461DF095F84D
:10487800051E68DB04F11409EFF3118A202383F382
:104888001288BFF36F8F484616F028FA804660B941
:104898008823384A384939481CF0D8FE49463848F0
:1048A8001CF0D4FE8821334842E0484616F03AFA14
:1048B8004FF6FF72E38BA68B934206F0070645D0AE
:1048C800022E15D135460133E383484616F014FA13
:1048D800002841D14FF49A73264A2A4927481CF0E8
:1048E800B5FE494628481CF0B1FE4FF49A71DAE744
:1048F800062E13D8DFE806F0092D12120904090064
:104908006FF085054FF00008DFE700233B60636820
:1049180083B9C4E9007786B13546F3E71B491748E0
:104928004FF4E4731A4A1CF091FE4FF4E4711848EE
:104938001CF083FE1F606760EDE7524602212046A7
:10494800FFF788FD35462846BDE8F0876FF00A0571
:10495800D8E76FF00405D5E78AF31188BFF36F8FA6
:10496800B8F1000FEFD000233246394620461DF03B
:1049780024F8E8E797920200C49202009E8502009C
:10498800D9920200EF92020006930200B693020049
:1049980026930200F8B5054600F11406EFF31187D7
:1049A800202383F31288BFF36F8F304616F096F9F1
:1049B80060B98823254A264926481CF047FE314617
:1049C80025481CF043FE882120482BE0304616F08D
:1049D800A9F9AC8B04F00704022C17D0012C0CBFEA
:1049E8006FF004046FF08504304616F085F938BB83
:1049F8004FF49A73154A194916481CF027FE314698
:104A080017481CF023FE4FF49A71DDE7EB8B5BB976
:104A18001449104840F2EF13134A1CF017FE40F2F5
:104A2800EF1111481CF009FE013B9BB2EB83002BF0
:104A3800DAD13A4621462846FFF70CFD2046F8BD54
:104A480087F31188BFF36F8FF8E700BF97920200D2
:104A5800C49202009E850200D9920200EF920200E1
:104A680006930200CC9302002693020008B5426820
:104A7800034602F00302022A81600AD0032A4FF09B
:104A8800000103D0012A0AD1596006E0186859606C
:104A980008BD186800225A6058B90020F8E706498E
:104AA80006484523064A1CF0D1FD452104481CF060
:104AB800C4FD16F02BFDF0E7AAE702009E85020070
:104AC800DA9302002DE9F7430F4606460821C06A2B
:104AD8001DF01BF880463C68DFF84890241A3C60BB
:104AE80004EA0905AC4203D8002003B0BDE8F0830E
:104AF80008236A46214630461CF09DFF0028F4D161
:104B0800694630461DF00BF840B1BDF80230BDF8DB
:104B1800042005EA090513441D443C60A4EB08047D
:104B2800E0E700BF0000FFFF73B504464FF6FF72D1
:104B3800C06A08211CF0E9FF002563680F4EADF834
:104B480000208DF80620E268191833401344181A1B
:104B580060606846ADF80210ADF804501CF0CCFF58
:104B6800694620461DF09BF82046211D1CF09CFF3D
:104B7800284663683340A36002B070BD0000FFFFA1
:104B88002DE9F04704468AB000F11407384621F0B1
:104B980057F9A06A8368DB689847E06250B98D4A84
:104BA80001218D481CF08DFF6FF0150528460AB0CD
:104BB800BDE8F087A06A8368DB6898470368013B13
:104BC8001F2B01D9854AEBE7E368B3F5803F08D985
:104BD8004FF48032012100927F48814A1DF0F2FB98
:104BE800E2E7A06A216807AA1FF013FE08B17D4A10
:104BF800D6E7E5682DB1089BB5FBF3F203FB125528
:104C08000DB1794ACCE7238A012B01D8774AC7E747
:104C1800E36A029593F805904FF0FF334FF0FF32A7
:104C2800384613F04DFA0821E06A1CF06EFFA846DA
:104C38000646238A1FFA85FA534508D8238A43452E
:104C480023D1384613F00CFB6FF02C05AEE7E16872
:104C58002B04891B13FA81F14A4608232046029146
:104C68001CF0F7FE78B1204602A91CF01DFF08F1E0
:104C7800010808234A46204602991FFA88F81CF0C2
:104C8800E8FE0028DAD00135D3E79A450BD102991E
:104C980008234A462046891B1CF0DBFE18B920462B
:104CA80002A91CF001FF204602A9FFF70BFF0546E9
:104CB80018B1384613F0D4FA78E7029B4FEA134844
:104CC8004FEA08486360C4F80880D4E901139942A0
:104CD8000FD30823204603AA1CF0ADFE0546002882
:104CE800E7D103AB13F8012B91453DD10135082DD0
:104CF800F8D1636820461B0C1B0402A902931CF020
:104D0800D3FE4A462046E36802991CF0A2FE051E1F
:104D1800CFDB63687ED04FF6FF7906EB0308E368C4
:104D28001FFA88F29B1B9A42CDF8088038D30321DA
:104D38002F4A29481CF0C5FE204661681CF0C3FEB6
:104D480005460028B5D163682A4AE16813400B4438
:104D5800A3EB4603636013402046A3601CF0C7FF23
:104D68000546002D72D0A4E7204603A91CF0D7FE03
:104D7800626810B9921B6260A7E7BDF81050BDF8D1
:104D88000E10E06AC4F8088029441CF0BEFE4044B6
:104D98009042A060EED1002DECD06FF01C0580E0B1
:104DA80008234146204605AA1CF045FE0546002872
:104DB8007FF47FAF204605A91CF0B1FE38B1BDF8DD
:104DC80014304B4503D1BDF81830002B6FD0B044D8
:104DD800A5E700BF14940200E476020036940200AE
:104DE800539402007C94020094940200A894020058
:104DF8001A9502000000FFFF4A4620465B1A1CF085
:104E080028FE051EFFF655AF08D0E26AA3681268AF
:104E18001344A360D4E901318B42EDD86168E3689B
:104E280001EB46029A429CD1DFF8A880A26801EA09
:104E380008039A4295D020461CF045FE05460028F6
:104E48007FF437AF636803EA0803A360E368A288C6
:104E5800A3EB46039A4220D0384613F001FA012307
:104E6800E268A374238A032100921B481B4A1DF0A1
:104E7800A9FA63689AB200920321194A16481B0CD2
:104E88001DF0A0FAA3689AB200920321154A1248AD
:104E98001B0C1DF097FA002588E620461CF010FF31
:104EA8000546384613F0DCF9002DD8D07EE60E4AC8
:104EB800032109481CF005FE636820461B0C1B04EF
:104EC80002A902931CF0F0FD204602991CF0FBFD9C
:104ED80046E700BF0000FFFFE4760200CB94020023
:104EE800E2940200F4940200059502002DE9F04FC7
:104EF8001D46837C91B004460291009253B901216A
:104F0800634A64481CF0DDFD6FF00C06304611B0B2
:104F1800BDE8F08FC26A082110461CF0F6FD29464C
:104F2800019010461CF0F1FDE368019A0746A3EBD7
:104F38008203AB42C0F0A9801DB1009B002B00F09A
:104F4800A48063680593204606AA05A9DDF814A085
:104F58001CF022FE06460028D8D1BDF81830029A67
:104F6800934206D06268059B9A42ECD1002D36D157
:104F7800CCE7204606A91CF0D2FD0028F2D0BDF8E7
:104F88001A80BDF81C3045B39D4228D14FEA1A4A11
:104F98004FEA0A4AD044AA46E36ADDF800B01B6823
:104FA8005B4203F020030393DDF80C904146D145A2
:104FB80028BFD14620464B4608AA1CF03CFD0028D5
:104FC8004AD14A46584608A921F0C9FF38B9BAEB70
:104FD800090AC844CB44E7D198E7002B96D0002FA4
:104FE8003DD1B84604F1140A4FF0FF324FF0FF33B9
:104FF800504613F065F8238A9E4243D0A168626840
:1050080008EB01039A422FD3029B2046ADF82030CB
:10501800FF23009A8DF826302B46ADF82210ADF804
:1050280024501CF003FE29460746E06A1CF06DFD7B
:10503800A3680344A36057B908A81CF05DFD204687
:1050480008A91CF02CFE002814BF07462F4650461E
:1050580013F006F93E4659E7C1DC064656E7019BC0
:105068001F441FFA87F8BDE72046FFF75DFD074696
:105078000028ECD120461CF03AFE07460028E6D16D
:105088000136B8E76FF01B07E1E76FF015063DE75B
:1050980000940200E47602002DE9FF471E46837C57
:1050A80004460F469046BDF830904BB92C48012174
:1050B8002C4A1CF006FD6FF00C0004B0BDE8F08728
:1050C8000821C06A1CF021FDE368A3EB4003B3424A
:1050D80043D30025D4F804A0CDF804A04D4551468B
:1050E800DDF804A009D9636853451ED1BDF808301E
:1050F800BB421AD06FF00100DFE7204602AA01A9DF
:105108001CF04AFD0028D8D1BDF80830BB4206D1B2
:10511800204602A91CF003FD08B10135ADB2626852
:10512800019B9A42DAD15146E0E7BDF80C30002BDA
:10513800E0D0A945DED8BDF80A00090CB3424FEA11
:10514800014128BF33460144424620461CF073FC07
:105158000028B2D1BDF80C00AFE76FF01500ACE73E
:10516800E47602000094020010B530B90B480C49EF
:105178001CF095FE6FF0150010BD836833B9074821
:1051880008491CF08CFE6FF00400F5E71B6813B1AA
:10519800BDE8104018471846EEE700BFEC7602005D
:1051A800489502005995020010B530B90B480C49D2
:1051B8001CF075FE6FF0150010BD836833B9074801
:1051C80008491CF06CFE6FF00400F5E75B6813B14A
:1051D800BDE8104018471846EEE700BFEC7602001D
:1051E800489502005995020070B508B101B132B96D
:1051F8000B480C491CF053FE6FF0150070BD846815
:105208000CB1256935B9064807491CF048FE6FF00E
:105218000400F3E741F8040B2369BDE87040184720
:10522800EC760200779502005995020010B5044605
:1052380030B9104810491CF032FE6FF0150010BD4F
:10524800006830B90B480D491CF029FE6FF00100C9
:10525800F5E783680BB15B6933B9064808491CF068
:105268001EFE6FF00400EAE7616898470028E6D15F
:105278002060E4E7EC760200A3950200B4950200F2
:105288005995020070B51346044630B910481149C3
:105298001CF005FE6FF0150070BD006830B90C48B1
:1052A8000D491CF0FCFD6FF00100F5E782680AB1BA
:1052B800956835B9064809491CF0F1FD6FF00400FE
:1052C800EAE70A46AC466168BDE87040604700BF3F
:1052D800EC760200A3950200B495020059950200ED
:1052E800034A13680BB9526813600020704700BF67
:1052F8007006002030B50C460E4985B00291D0F8F2
:10530800D4110546CDE9003100F1F0014FF0FF332B
:10531800204611F07DFE50B9012384F86C30D5F891
:10532800D03123B1204605B0BDE83040184705B05C
:1053380030BD00BF9F1F020038B50C461146054618
:105348001CF02BFE034638B9284604491CF025FEFC
:1053580003460020236038BD0120FBE7E4E9020092
:105368002DE9F04F012381460569466889B005F5A6
:105378005D77D7E8EF2F002A03D1C7E8E13F00297E
:10538800F7D10CBF1A46002240F0B180B368B16A69
:1053980005F5F8781C1F10461CF086FE84426FD86D
:1053A800013A00F09E80B2FA82F24FF00044D440F5
:1053B80072682046073222F00302C5F83C22B16A1F
:1053C8001CF072FEC5F84002B36A404663430333DB
:1053D80023F0030302EB4302230103EB44030933E5
:1053E80023F0030303EBC403C5F834221A4408323C
:1053F800C5F830227368C5F83842C5F82C323D4BE1
:10540800C5E9AD63316800F0E5F90446002835D1F7
:10541800D9F810B0D9F804A0D9F800300BF53479D0
:10542800CDE9060005934846DAE90734012B08BFA1
:10543800103C13F00DFEDAF824002F4905AB01EB00
:1054480080214FF4806248460093234613F01AFEE9
:105458002A490BF5307013F03FFCDAE9050183683F
:105468005C684CB15B46264AA047044630B9DAE985
:10547800050183681B692BB96FF05704002129E0E7
:10548800013288E70122984704460028F6D11D4BCF
:105498002846C5F8D0311C4BC5F8D4311B4B0393B3
:1054A800D5F840320293D5F83C32CDE9008305F5B2
:1054B8001173B26AD5F8701300F054F90446002845
:1054C800DCD105F1F00011F049FE0028C5F8780399
:1054D8000ADB022138461CF094FD204609B0BDE8DD
:1054E800F08F6FF00B04C9E76FF01504C6E76FF093
:1054F8007704F2E7F51F020000630120DB1F0200BA
:10550800CF1F020019550000872102003B2002002E
:1055180013B5044640B100230122CDE90032074B00
:10552800D0E9091211F048FD236F1B6823B1606FA1
:1055380002B0BDE81040184702B010BDE4E902000F
:1055480013B504460846216901F55D71D1E8AF1F1E
:10555800022910D193B1A0B10121CDE90031134640
:10556800D0E9091211F028FD074B984208BF6FF0E7
:105578000B0002B010BD6FF00F00FAE76FF04C009F
:10558800F7E76FF00100F4E72EF8FFFF2DE9F34786
:1055980089461546066906F55D73D3E8AF3F022BC9
:1055A80064D1136823B96FF0150002B0BDE8F08725
:1055B8001B78002BF7D0D6F870A3BAF1000F36D1BC
:1055C80006F5EC774FF0FF324FF0FF33384612F014
:1055D80077FD30462A6801A9FFF7AEFE019C804698
:1055E8001CB938461CF00BFDDDE705F108032367FD
:1055F800AB6984F86CA06367646460B138461CF0DA
:10560800FEFC21463046A36E2A68FFF773FE002091
:10561800C9F80040C9E71F22296804F1480021F0B1
:10562800C0FC384684F867801CF0E9FCEFE7304698
:1056380010491CF0B2FC04460028B4D0002705F13C
:1056480008030367AB6980F86C70436740641F22E6
:105658002968483021F0A5FC22460121304684F80B
:10566800677000F061F80028D1D09CE76FF00F0058
:105678009BE700BFE4E9020010B50C46006900F59D
:105688005D73D3E8AF3F022B0FD189B10A4900F50A
:10569800307013F04FFC204620F089F97822002161
:1056A800204621F054FC002010BD6FF00F00FBE7EE
:1056B8006FF00100F8E700BF942000202DE9F04FBB
:1056C80005460E4690460027D0F8C4A085B0AAF536
:1056D800BE7421463046FBF71DFCE0B9114BA4F11E
:1056E800480B0293DAF810303246CDE90083294698
:1056F8004FF0FF335846AAF5E27911F089FC60B9FA
:105708007823012203FB079383F86C20DAF80C3026
:105718000BB158469847783417B105B0BDE8F08FFB
:105728000127D6E7B52102001FB5144690B18AB10A
:10573800012912D10A4B00F1F0010293D0F8D431BB
:10574800483201934FF0FF332046009311F060FC7C
:1057580004B010BD6FF01500FAE70020F8E700BFAD
:10576800B52102002DE9F04387B00E46DDE90E8130
:105778001446DDE910251F4630B329B3DFF850C0C1
:1057880000F1F009002D08BF65469EB9CDE9034434
:1057980000F5E2742046059620F0C1FA03ABCDE986
:1057A80000432A463B464146484611F093FE07B05F
:1057B800BDE8F083002241460E9248462A4607B0CB
:1057C800BDE8F04311F0DCBF6FF01500EFE700BF54
:1057D800C5560000F0B504462B4A87B004AB0E4608
:1057E80092E8030083E80300002C49D0184611F022
:1057F800E9FA0546B0B94FF0FF33E16C04F15407FC
:10580800A163CDE9010000933846236D04F1380205
:105818001FF07DFDA06C1CF0F8FCC4F8BC0020B99A
:105828006FF00B05284607B0F0BDA06C1CF0EDFC2E
:10583800C4F8C0000028F3D0236CD4F8BC10C4F816
:1058480090300423C4F89430C4F8AC300223E362E7
:105858000E4BB4F84820C4F88C10616C236204F134
:105868008C03C4F8A070A4F89820C4F8B870C4F8E1
:10587800A810A4F8B020C4F8A400A6612363D1E757
:105888006FF01505CEE700BF24780200007A020009
:1058980030B5002289B00F490F4820F03EFC0022A5
:1058A80000230024CDE906230E230C4DCDE9033453
:1058B8004FF400622846CDE90144094B0949009498
:1058C80014F02AF80849284620F06EFB204609B053
:1058D80030BD00BF3D5A0000A8170020201300204B
:1058E800795D000000670120D99502002DE9F04795
:1058F800044607464FF00109DFF8508014B93846CE
:10590800BDE8F08794FAA4F5B5FA85F509FA05F328
:105918002E0108EB05156FEA030A24EA03042B7B22
:10592800002BEBD058F806301B694BB94644736816
:1059380004222846196807EA0A071CF0C0FCDDE7BC
:10594800284698470028D9D1F0E700BF64770200BD
:105958002DE9F047DFF8BC902F4C8046A9EB0403F3
:105968008F2B0F460BD92D494FF4A6732C4A2D487F
:105978001BF06CFE4FF4A67129481BF05EFE2A4806
:105988001CF08FFC064678B300252846BDE8F08752
:10599800237B83B12368DB680BB120469847636893
:1059A80083F806A023681B69B3B9636804222046FC
:1059B80019681CF084FC013610344C4518D91B4971
:1059C8004FF4AC73164A17481BF040FE18481BF0FA
:1059D8003DFE4FF4AC71CFE7204698470028E4D04D
:1059E8000AFA06F31D43E6E705464FF0010AE4E725
:1059F800CED3B8F1000FC8D0002DC5D02846FFF788
:105A080075FF0546002FF7D000214FF4A47014F05D
:105A180053FEF1E774770200647702000E960200E5
:105A2800E19502009E850200D02000203E960200EB
:105A38005F960200014812F057BE00BF1C0C002000
:105A4800014B53F820007047407A020008B503461E
:105A580008462BB1044A136000F056FD002008BD2B
:105A68006FF01500FBE700BF9C06002010B5044C42
:105A7800237813B9034812F037FE0123237010BDB1
:105A8800A15B00201C0C002010B5044609481CF03E
:105A980008FC3CB1084BD3E8EF1F0139C3E8E21F0B
:105AA800002AF8D1054820F044FBBDE8104004481E
:105AB80012F01ABEC8200020CC200020A817002011
:105AC8001C0C002000200146034BD3E8EF0FC3E86D
:105AD800E21F002AF9D17047C820002070B5FFF7EF
:105AE800F1FF05460F4C104EB44219D90F494FF437
:105AF80003730F4A0F481BF0A9FD0F481BF0A6FDC2
:105B08004FF403710A481BF098FD63685B792BB169
:105B180023685B6813B12946204698471034E3E7A9
:105B2800F3D370BD64770200747702003E960200DA
:105B3800E19502009E8502005F96020010B5044CB4
:105B480004492046FEF7E0F9034B1C6010BD00BF76
:105B5800A40A00202C7A0200BC2000200023154A49
:105B680010B51370144A4FF400411360134A1448D7
:105B78001360FFF76BFFFFF7E1FF124B124918465E
:105B88008B4215D9114940F22713114A11481BF0CD
:105B98005DFD11481BF05AFD40F227110C481BF01F
:105BA8004CFD1A1A5C681211013222711033E7E7B2
:105BB800F7D310BDA25B0020C8200020CC20002015
:105BC800A722020064770200747702003E96020062
:105BD800E19502009E8502005F96020001460022C0
:105BE80000230148FEF7C2B9A40A00200148FEF7C5
:105BF800D9BA00BFA40A0020024B01461868FEF774
:105C080065BB00BFBC2000200148FEF7D1BB00BF28
:105C1800A40A002070B52F4B1878002859D0FFF738
:105C2800E5FF0546002844D12B4B2C4C1B68002B64
:105C380019DD20F02AFA4FF47A72A0FB020302FB66
:105C48000131C30B43EA4143D4E900209B1A40F2D7
:105C5800E9324FEAD13161EB0001934271F1000161
:105C680001D3FFF73BFFD4E9003213F57A7342F111
:105C78000002C4E90032BDE87040FFF7C5BF6368A1
:105C88005B7923B12368294620461B68984710345E
:105C9800B44211D912494FF40073124A12481BF04A
:105CA800D5FC12481BF0D2FC4FF400710D481BF0D4
:105CB800C4FC0F4C0F4EEBE7E1D32846FFF79CFFDF
:105CC8000D4BD3E8EF1F0139C3E8E21F002AABD020
:105CD800F7E770BDA15B0020C8200020A0170020B6
:105CE8003E960200E19502009E8502005F96020042
:105CF8006477020074770200CC20002070B5154D3F
:105D0800297829BB0120FFF723FE134C134EB44218
:105D180017D9134940F2C513124A13481BF096FCD1
:105D280012481BF093FC40F2C5110E481BF085FC8D
:105D380063685B791BB1236820469B6898471034D9
:105D4800E5E7F5D3FFF766FF0028FBD101232B70A9
:105D580070BD00BFA25B0020647702007477020068
:105D68003E960200E19502009E8502005F960200C1
:105D78002DE9F047384B394FFB1A1B090AD138492E
:105D880040F2A933374A38481BF060FC40F2A93189
:105D9800344819E000210846FFF7DAFD0446A8B1A7
:105DA80040F267684FF00009304B1B789BB93049C7
:105DB80040F246332F4A2C481BF048FC2E481BF073
:105DC80045FC40F246312B481BF037FC4FF0FF38BA
:105DD8004FF0FF39E8E721F05FF9284B284A1B58B4
:105DE800136033B1274B1B68092B02DD264812F0DC
:105DF8007BFC0025DFF890A044B12046FFF776FD34
:105E0800044618B94FF0FF384FF0FF39FFF702FF8B
:105E1800064628B935B942464B46504612F0E8FCCA
:105E28003546E9E70C4D08E0F5D22B689B691BB1B4
:105E380000222846114698471035BD42F4D9134927
:105E480040F29D33074A08481BF000FC10481BF03D
:105E5800FDFB40F29D319BE76477020074770200F6
:105E68007E960200E19502009E850200FD5E0020FC
:105E78003C920200119202004F92020008000000BA
:105E8800C4200020CC2000201C0C00203E960200DC
:105E98005F96020013B52C481CF003FA2B4B1B78B5
:105EA800002B35D0EFF31184202383F31288BFF33E
:105EB8006F8F274814F012FF68B98823254A2649AE
:105EC80026481BF0C3FB224925481BF0BFFB88214D
:105ED80020481BF0B2FB1E4814F024FFFFF79AFE7F
:105EE8001B4814F009FF68B94FF49A73194A1D4901
:105EF8001A481BF0ABFB16491B481BF0A7FB4FF4D5
:105F08009A71E5E784F31188BFF36F8F02B010BD73
:105F1800164B1B68002BF9D050B9002200231448F7
:105F2800CDE900234FF40042002315F029FAEDE7EC
:105F38000928EBD10E4820F0FCF80E4802B0BDE865
:105F4800104012F0D1BB00BFCC200020A25B002083
:105F5800C020002097920200C49202009E85020091
:105F6800D9920200EF92020006930200C42000209A
:105F7800A81700201C0C002010B5064B04461B680F
:105F880098472146A0600448FEF7B4F8BDE81040E1
:105F9800FFF780BF9C060020A40A0020044A054B96
:105FA8009B1AB1EBD30F34BF52F831000020704771
:105FB80024760200647702002DE9F04F8FB0C1F318
:105FC8004A2804AF0D469146B8607B600C0DB8F1C5
:105FD800000F68D000264FF0040B4FF00A0A07F1B3
:105FE8001403C7F80C80C7E907667E620193CDF8F1
:105FF80008B0CDF800A007F11C0332464846F968FE
:10600800FDF7ECFCB0F5006F03461CD36C468AB074
:10601800D9F8041004AB2C481A46C3E9050140F22C
:10602800FF71D9614FF400711984284B42F8103F71
:106038004FF4125133462648FFF7BEFFA5462C37CA
:10604800BD46BDE8F08FC0F30A0804F117001844F4
:1060580020F0070080083B60FFF7C0FD68F3532578
:10606800044640B33B6800F11001C7E9083607F160
:106078001403F961CDE900A3CDF808B04846154AE4
:10608800F96807F11C03FDF7A9FC002813DA124987
:1060980012484FF4A373124A1BF0D8FA4FF4A371B5
:1060A8000F481BF0CAFA04F1170020F00700800817
:1060B800FFF794FD044668F353252A4620467B687B
:1060C800B9681CF01CF9BAE7A796020004000001A1
:1060D800F4760200D9220200129702009E8502007F
:1060E800E6960200406820B1034BC01A40F3CF0087
:1060F80070474FF0FF307047247602000EB403B5A6
:1061080003AB53F8042B01460448019301F0CEFD7C
:1061180002B05DF804EB03B0704700BF45610000B2
:10612800CA0605D48B064CBF02490349FFF7E6BFF0
:10613800704700BFE3E902009C8D020038B54B6848
:1061480005461A68CB680C469A4202D108461CF0EC
:1061580053F96368D3E8EF2F511CC3E8E01F002808
:10616800F8D1A3689D5463681A68E3689A4209D90C
:10617800054906487223064A1BF068FA722104484A
:106188001BF05BFA002038BD4A9702009E8502008A
:106198001B9702002DE9F04F89B09B46149B9DF890
:1061A8004CA00693159B04460593169B0D469046F6
:1061B800179E0493BAF1000F00F0AD80BAF1040FF6
:1061C8000BD9A34940F24D23A24AA3481BF03EFA3B
:1061D80040F24D219F481BF030FA06F48073079374
:1061E8001CF06BF806F00209024600283FD0204652
:1061F8009A49FFF783FF0746B9F1000F08D016F058
:10620800440F36D12A4620469549FFF777FF0744C1
:1062180006F0010353B1934B204653F82A20924BC2
:106228009249002A08BF1A46FFF768FF06F48073F0
:10623800002B4AD006F00803002B64D1B8F1000FF8
:1062480067D0424620468A49FFF758FF0546069B15
:106258003D44002B6ED1049B002B40F08380F30754
:1062680000F1F08031462046FFF75AFFE4E0074688
:10627800C2E7804B18680028C9D07F4B4FF47A7961
:106288001B684FF03C0CB5FBF3F5B5FBF0F14FF490
:10629800616300FB115509FB05F5B1FBF3F2B5FB92
:1062A800F0FE03FB121100FB1E55B1FBFCF309FBCA
:1062B80005F5B5FBF0F50CFB131120460091CDE96F
:1062C80001E56E49FFF71AFFA1E706F00803EBB1F5
:1062D8006B4B204653F82A206A49FFF70FFF054603
:1062E800B8F1000F05D0424620466149FFF706FF86
:1062F8000544BBF1000FAAD05A4620466249FFF771
:10630800FDFE0544A3E74FF0000BE1E706F00805A2
:10631800E6E745469BE7BBF1010F069B06D1DBB9D3
:10632800049B002B00F0888000251BE0002BF7D091
:10633800564812E056482246069B56491BF018F963
:1063480000280CDA544940F2A723424A42481BF07D
:106358007DF940F2A7213DE74D485546EBE7049B00
:10636800002B65D0DFF83481DFF83491049F314683
:10637800102F204628BF10274FF0000BFFF7D0FE44
:106388005D4542DC059B494620461A78FFF7B6FE74
:106398004FF0010B1BF0070F03D141462046FFF7D2
:1063A800ADFE5F4538D9059B4946204613F80B20BA
:1063B800FFF7A4FE0BF1010BBBF1100FEAD14FF070
:1063C800000B20463749FFF799FE5A46059B2046A1
:1063D8009A5CA2F120015F2928BF2E223249FFF7DB
:1063E8008DFE0BF1010BBBF1100F1AD01BF0070F3C
:1063F80003D141462046FFF781FE5F455A46E5D85E
:1064080041462046FFF77AFEEBE741462046FFF774
:1064180075FE0BF1010BB3E720462449FFF76EFE2A
:10642800C8E7059B3B440593049BDB1B04939DD164
:10643800BAF1000F7FF413AF204609B0BDE8F04F62
:106448001BF0DABF2046084A0849FFF757FE09E75C
:106458007F9702001B9702009E8502008A97020020
:106468008E970200507A02007A97020027AC020049
:10647800B3970200D8200020D4200020979702006C
:10648800647A0200B7970200BD9702001B2402003D
:1064980045610000B57C0000C29702006EE602006C
:1064A800CB970200D1970200D39702006CE6020056
:1064B80042F20F7373B58B4228BF0B46056804463A
:1064C800052168460D4A19F077FD06466368284697
:1064D8000B225B680A491BF081FF636832466946F4
:1064E80028465B681BF07AFF63681B2228465B68B6
:1064F80004491BF073FF02B070BD00BF9C86020008
:10650800F2970200D697020000210123064A904222
:1065180006D8064A01B901231360054B1860704775
:10652800012140085B00F2E740420F00D420002020
:10653800D8200020F8B50D460446064F4618B44248
:1065480001D12846F8BD14F8011BBB680148DB6976
:106558009847F4E7FC71020010B543681C680948C5
:106568001FF020FC48B9084908489923084A1BF03D
:106578006DF8992106481BF060F823685B685C6039
:1065880010BD00BFFC7102005C9802009E850200ED
:106598001E980200014B036000207047AC7A02008D
:1065A80070B5104B0D461C68B4B10F4B1968002329
:1065B8008B4202DB6FF0010070BD224612F8106BAF
:1065C800864202D014460133F2E7E0681FF0EAFB86
:1065D80028B100202C60EFE76FF00C00ECE76FF0BB
:1065E8001200E9E7A8060020AC7A020010B543685B
:1065F80088B0029383680C46CDE9033200230A6809
:10660800C068CDE90623054901AA05931EF005F9DE
:10661800079808B9059B236008B010BD092502003A
:106628002DE9F0410C4B05461C680E4617467CB117
:1066380000F09AF963682046D3F8108032463B464A
:106648002946C047044600F099F92046BDE8F08184
:106658006FF00104F9E700BF082100200023036060
:10666800044B5A6812B9C3E90000704710605860BB
:10667800704700BF0C210020014B1860704700BF15
:1066880008210020002330B585B0CDE90233054646
:10669800019000F069F9094B1C6844B9284600F0DC
:1066A800EBF8044600F06AF9204605B030BD63688F
:1066B80020461B6801A998472468EEE70C210020B2
:1066C8001FB5CDE90101039200F04EF9074B1C6894
:1066D80024B900F053F9204604B010BD6368204681
:1066E8001B6801A998472468F2E700BF0C21002025
:1066F8000022024BC3E90022704700BF0C21002092
:106708000022024BC3E90022FFF7F2BF1421002048
:106718002DE9F74307460C4609B100230B60002614
:10672800254DDFF898904D4524D925499D23254AC4
:1067380025481AF08BFF25481AF088FF9D2121482B
:106748001AF07BFFD5F800803846414601AA1BF0B5
:1067580019FF50B116B954B92E4606E0002240463A
:1067680031681BF00FFF0028F5D11835DBE7019BD6
:106778002360F1E7E6D3164B1D68C5B155F8188CB0
:106788003846414601AA183D1BF0FCFE50B116B927
:1067980054B92E4606E00022404631681BF0F2FE4E
:1067A8000028F5D1AD69E8E7019B2360F1E73046A1
:1067B80003B0BDE8F08300BF7477020004780200DC
:1067C800C2980200909802009E8502005F9602001F
:1067D800142100202DE9F04784B002AFD7F82890A3
:1067E80004460D46164698467860B9F1000F07D062
:1067F800D9F8001031BBD9F804A0BAF1000F28D19C
:106808002046391DFFF784FF08B3D0F80C904346A3
:10681800324629467868C847C8B16D468AB002AA88
:10682800124BD061C2E905344FF400731384104B46
:1068380042F8103F00234FF411510E48FFF7BCFBFC
:10684800AD4604E03A1D1BF09DFE0028D3D1002080
:1068580007E0D9F80830324600932946434678685D
:10686800D0470837BD46BDE8F08700BFEA98020068
:1068780004000001447702002DE9F04780464FF0FC
:1068880000470026DFF8C490DFF8C4A03D46314C2D
:106898004C4530D930494FF48973304A30481AF0A2
:1068A800D5FE30481AF0D2FE4FF489712B481AF001
:1068B800C4FE2F46EAE7B8F1000F03D122694AB9AE
:1068C8001834E5E70022414620681BF05BFE0028EB
:1068D800F4D1F5E76368BB4205DDAF4209D09D42BC
:1068E800A8BF1D46ECE7EBD19047002E08BF06462F
:1068F800E6E71D46E4E7DED3DAF8004004B3183CC7
:10690800B8F1000F03D122694AB9A469F6E7002259
:10691800414620681BF036FE0028F4D1F5E763688D
:10692800BB4205DDBD4209D09D42A8BF1D46ECE72C
:10693800EBD19047002E08BF0646E6E71D46E4E780
:10694800AF42B6D13046BDE8F08700BF04780200F8
:106958001421002074770200C29802009098020067
:106968009E8502005F9602004FF0FF324FF0FF3322
:10697800014811F0A5BB00BFDC0B0020014811F055
:106988006FBC00BFDC0B002038B5094DFFF7ECFFEA
:106998002B783BB9FFF7B4FE00F06AF8044610B94B
:1069A80001232B700024FFF7E9FF204638BD00BF04
:1069B800A45B00202DE9F04706468946048FDFF8DE
:1069C800ACA0013498B0A4B200F10807651EADB2BE
:1069D800B5F5004F47D04A23294605AA38461BF08B
:1069E80057FA04F57F543F34A4B280462146012368
:1069F80038460DF10B021BF04BFAB8F1000F0146B7
:106A080010DC002810DC338FAB4209D132466B1EF4
:106A180022F8383F4FF4004102233846FEF766FA61
:106A28002C46D3E7002808DC294638461BF02CFA08
:106A3800214638461BF028FAE5E708F160030DEB1C
:106A480003080023524608F84C3C05A8CDF80090EE
:106A580003AB0397ADF81040FFF7BCFE0028DFD06A
:106A680018B0BDE8F0870020FAE700BFFD25020056
:106A78007FB50123694603200193FFF791FD044682
:106A880060BB032002AA01A91BF05CFD044610B1FB
:106A980010F10C0F22D10399B1F5803F23D20023C6
:106AA8001846009A9468084484421AD30133082B84
:106AB800F9D10E4D69612B8353682846AB60D368C2
:106AC800EB631BF02FFE044640B9094E28466E6062
:106AD800FFF7C4FD28466E60FFF7CEFD204604B0E0
:106AE80070BD9BB2E5E76FF02004F7E71C2100209A
:106AF800AC06002008B505481AF092FD04481AF0C3
:106B08008FFD04481AF08CFD002008BD0F99020083
:106B18004399020076990200034B9B681BB1481EFB
:106B280018BF0120184770475C21002010B51C468B
:106B3800034B11461B680BB122469847204610BDEF
:106B48005C210020024B5B6803B11847704700BF07
:106B58005C21002030B1044B02681A6042685A6018
:106B680082689A60002070475C21002070B50E464C
:106B78001546044686B000211822684620F0E7F939
:106B88000B490C4BCDE90116ADF80C5004932CB908
:106B98006946204609F004FA06B070BD0122204675
:106BA80008F024FF0028F3D16FF01500F4E700BFC8
:106BB800187B02004D6B0000014816F0D7BC00BFDF
:106BC800687B020038B5044618B90F4B0F485B685C
:106BD80098476168B1F5683F10D0B1F5680F0DD0DE
:106BE8000B4DA9420AD011F46861206807D001460C
:106BF800084811F085F900232360656038BD142228
:106C080020F0A5F9F9E700BF040A0020009A020065
:106C18002C5F5CA96826002008B560B34368B3F50B
:106C2800683F0ED0B3F5680F18D0144A934220D0AD
:106C380000684FF0FF324FF0FF3311F041FA58B1BE
:106C480015E001220368D3E8EF1F002903D1C3E848
:106C5800E02F0028F7D10AD1002008BD0368084AB0
:106C68001B7803F5807352F82330002BF4D00548C5
:106C7800F3E70548F1E76FF4E040EEE72C5F5CA925
:106C880000000350E98FFFFFEA8FFFFF08B520B32C
:106C98004368B3F5683F09D0B3F5680F13D0114ABC
:106CA80093421DD0006811F0DBFA14E0002203685B
:106CB800D3E8EF1F012903D1C3E8E02F0028F7D15B
:106CC80009D0094808BD00210368084A1B7803F564
:106CD800807342F823100020F4E76FF4E040F1E7F6
:106CE8000348EFE72C5F5CA9E98FFFFF0000035022
:106CF800EA8FFFFF10B5044618B91D4B1D485B68A5
:106D080098476368B3F5683F2FD0B3F5680F2CD068
:106D1800194A934219D1236803BB4FF0FF324FF051
:106D2800FF332146154811F05FF808B923681BB9ED
:106D38000F4B13485B68984714220021206820F005
:106D480006F94FF46863636008E0B3F5683F0DD84F
:106D58003A2B03D040F6BA629342DED120681FF086
:106D68006FF8636843F03A03636010BD054AF3E7C0
:106D7800040A0020009A02002C5F5CA96826002003
:106D8800269A02003A00003A08B506494023142220
:106D980005481FF03EF8BDE808400449044816F0CD
:106DA800A9BC00BF6821002068260020707B020073
:106DB800847B020008B50348034A0021121A1BF01D
:106DC800E7FC08BD580E0020005F0020074808B502
:106DD800074A0849121A1BF0DDFCBDE808400648BE
:106DE800064A0749121A1BF0D5BC00BFC004002090
:106DF800580E0020C8F40200B8040020C004002087
:106E0800C0F402002DE9F04706460C4600AF002901
:106E180036D0D1E90012E9468AB06D46A3684FF032
:106E2800050AA8461F48C5E90723C5E9050148F82A
:106E380010AF002342464FF421511B48FFF7BCF81E
:106E4800D4E90312CD466369AD461848C5E907235E
:106E5800C5E90501C5F810A0002342464FF42151A9
:106E68001148FFF7A9F8CD46E3690121104A0E48F9
:106E78001BF09EFAA36901210E4A0B481BF098FAF1
:106E8800012E07D1EFF305830B4A31460648103B24
:106E98001BF08EFA2146304610F01AFDBD46BDE8BB
:106EA800F08700BF539A02002C770200829A0200F2
:106EB800B19A0200C09A0200EE9A020030BFFFF7B2
:106EC800FDBF00BF2DE9F04105460B4EDFF82C80D1
:106ED800324606EB0807CC1B2046094920F010F87B
:106EE800A01942460021083C20F031F86C6707F1F0
:106EF8000800BDE8F08100BF0000000008000000A5
:106F080004780200054B5A699B689A421FBF044ADD
:106F1800536843F080535360704700BFAC2B002088
:106F280000ED00E070B5344C06460D463348344950
:106F38001BF03DFCA36AD9064DD5304831491BF0FA
:106F480036FC1120A36A1A0704D52C482E491BF0D9
:106F58002EFC1220284CA36A9B0712D52B492748E0
:106F68001BF025FC636BA26A110609D50121284A8A
:106F780022481BF01DFA1EB1A36A23F08003A36206
:106F880013201D4CA36ADA0704D51C4821491BF0BD
:106F98000EFC1420A36A9B0604D518481E491BF052
:106FA80006FC1520144B9A6AD60602D49A6A9407EE
:106FB80013D59B6AD90610D5184940F22D13184AE3
:106FC80018481AF043FB18481AF040FB40F22D11FC
:106FD80013481AF032FB1020B4E7074B9A6A92065E
:106FE80042BF5A6A22F400525A629A6A42F0FF0279
:106FF8009A6200232B7070BD00ED00E02C77020030
:10700800019B0200179B02004A9B02005D9B020045
:10701800759B02008B9B0200AA9B02000B9C02003E
:10702800D99B02009E850200559C020010B5244C95
:10703800244925481BF0BBFBA36A99013ED5224889
:1070480022491BF0B4FB1E20A36ADA0104D51E48AE
:107058001F491BF0ACFB1F20194CA36ADB0204D5A7
:1070680019481C491BF0A3FB0220A36A1C0304D582
:10707800154819491BF09BFB2120114CA36A5903A1
:1070880004D5114815491BF092FB2220A36A9A03E4
:1070980004D50D4812491BF08AFB2320084CA36A2B
:1070A800DB0304D508480F491BF081FB2420A36AA1
:1070B8006FEA03436FEA1343A36210BD1D20C3E7C1
:1070C80000ED00E0B99C02002C770200D19C020080
:1070D800E49C0200FE9C0200289D0200469D0200DE
:1070E8006B9D0200859D020070B5294C06460D4631
:1070F800284829491BF05BFBA36AD9043CD52548DD
:1071080026491BF054FB1720A36A1A0504D5214809
:1071180023491BF04CFB18201D4CA36A9B0512D574
:107128001C4820491BF043FBA36BA26A100409D535
:1071380001211D4A17481BF03BF91EB1A36A23F42D
:107148000043A3621920124CA36A590504D51148BB
:1071580016491BF02CFB1A20A36ADA050ED50D4838
:1071680013491BF024FB1B20094A936A43F47F430D
:10717800936200232B7070BD1620C5E7A36A9B0499
:10718800F2D504480B491BF012FB1C20ECE700BFAA
:1071980000ED00E02C770200B09D0200C69D0200C1
:1071A8004A9B0200D79D0200F09D0200059E020046
:1071B800209E0200AA9B0200F0B58BB0784B0446D3
:1071C8005868002600AFC0F3080386F31188BFF3A0
:1071D8006F8F02F07F45B5F17F4F07D102F00C05A4
:1071E800082D12D16F4970481BF0E1FA6F4940F23F
:1071F80014436F4A6F481AF029FA6F481AF026FAB2
:1072080040F214416A481AF018FA15074CBF0C46A8
:107218000126002CEAD00022FA71DA1E092A00F2AF
:107228009D80DFE802F0059396769B9B9B9B9B993C
:1072380062495D481BF0BBFA0023594DFB71EB6AAC
:107248009A0705D55E4958481BF0B1FA002329E092
:10725800EB6A002B01DA5B49F5E7EB6A5B0068D55E
:10726800594951481BF0A3FA6B69A26943F480732A
:107278006B61BFF34F8FBFF36F8F6B6932F8022CCE
:1072880023F480736B61BFF34F8FBFF36F8F4DF69D
:1072980002739A4227D1236801214C4A42481BF0C5
:1072A80087F82368FA79DAB907F1080504F1200CA0
:1072B8002A4620686168083403C264451546F7D138
:1072C8007A6A002E66D0C2F3080121B96FEA522209
:1072D8006FEA42227A62184607F10801FFF792FD29
:1072E8002C37BD46F0BDAB6ADBB22BB10120F91DCE
:1072F800FFF718FE0346D5E7AB6A13F47F4F04D0B7
:107308000120F91DFFF7F0FEF4E7AB6AB3F5803F03
:1073180002D3FFF78BFEEDE72D4940F2ED23244A17
:1073280024481AF093F92B481AF090F940F2ED210D
:1073380068E727494FF43C731D4A1E481AF086F93E
:1073480025481AF083F94FF43C715BE70020F91DDA
:10735800CEE70020F91DD5E7204974E7204A6D469D
:1073680010F4F87F8AB01F4918BF11466A46103BCF
:10737800D3614FF400731C4813841C4BC2E9050108
:1073880042F8103F00234FF411510748FEF714FE4E
:10739800AD465BE722F4FF7222F001029AE700BFD4
:1073A80000ED00E0669E02002C770200919E02002C
:1073B800D99B02009E850200A49E0200E29E020064
:1073C800F99E02001A9F0200289F0200479F0200B0
:1073D800AAE70200639F0200879F0200B79F02008E
:1073E8004D9E0200389E0200DB9F0200040000014F
:1073F800064B5A6942F010025A615A6942F4806297
:107408005A615A6922F008025A61704700ED00E09B
:10741800EFF30880EFF3098101B57246FFF7CCFE60
:1074280001BD00BF002080F31488BFF36F8F0020D8
:1074380080F30A8880F30B880F4880F308880DF0E2
:1074480077FD00200D490860BFF34F8F00F02CF83E
:10745800202080F311880A484FF40061401880F317
:107468000988EFF314800221084380F31488BFF3DE
:107478006F8F00F007F9000060A7012094ED00E08D
:10748800207E0120002318460649D1F89020C2F337
:107498000722934200DB7047C1F89830C1F8A0007A
:1074A8000133F6E700ED00E010B572B6002484F36E
:1074B8001388FFF7E7FF23464FF0FF300C4A03F12C
:1074C80020010133102B42F82100F8D100234FF09E
:1074D800FF30074A03F160010133102B42F8210005
:1074E800F8D162B6BFF34F8FBFF36F8F10BD00BFE7
:1074F80000E100E0084B9B6883420BD1EFF3058362
:1075080043B1064B5A6842F080525A605A6A22F4D4
:1075180000425A6213F068B9AC2B002000ED00E07D
:1075280014498A684FF030001044EFF3098C80E862
:10753800F01F202080F31288BFF36F8F0E4F4FF09B
:1075480000664A698A603E60506F0C4C2060906FFC
:107558000023936780F3118802F1300090E8F01F50
:107568008CF3098802F1000004B51BF028F9BDE886
:1075780004407047AC2B002004ED00E08826002072
:107588001EF0040F0CBFEFF30880EFF30980816948
:1075980011F8021C0229FFD001B572461BF0FCF855
:1075A80001BD00BF40B2002807DB01234109034A9F
:1075B80000F01F00834042F82130704700E100E0EE
:1075C80040B200280CDB01220649430900F01F00E5
:1075D8008240203341F82320BFF34F8FBFF36F8FD2
:1075E800704700BF00E100E0054B420953F8222034
:1075F800012300F01F0003FA00F01040704700BF9D
:1076080000E100E038B54B1C072B04460D460FD9A6
:107618006B23104A104911481AF018F829461048E7
:10762800072322461AF012F86B210A481AF005F8C7
:1076380040B20028ACBF00F160400A4A4FEA431349
:10764800DBB2ABBF00F5614000F00F0080F80033FB
:10765800135438BDEE9F020025A002009E8502004B
:1076680040A0020014ED00E0044B054A23F07F031C
:107678009360BFF34F8FBFF36F8F70470000000018
:1076880000ED00E008B5FFF7EFFF074AD2F88830B1
:1076980023F47003C2F88830FFF78CFBFFF796FBE2
:1076A80000F046F810F072FA00ED00E042F8203CD5
:1076B800009B0B4942F81C3C019B21F0010142F858
:1076C800183C029B42F8081C42F8143C4FF08073A7
:1076D80042F8043C0023203A02658367704700BFE4
:1076E800A53E000000B50D4B15469860426F0C4B47
:1076F8000E461A60436E83F30B882C4686F309887E
:107708000020044B98472046002100220023024C09
:1077180020470000D5270200A53E0000AC2B002022
:10772800882600201022014B1A61704700ED00E006
:10773800002320210348C2180133452B82F8001387
:10774800F9D1704700E100E008B5EFF30583064A78
:10775800103B02EBC30152F8330049688847BDE883
:107768000840FFF7CFBB00BFA47202001FB5094C49
:10777800094A23460121094800F012F9002303931E
:10778800074B0121E41A01A80193029400F02CF997
:1077980004B010BD0000072000000020947B020008
:1077A800580E002010B50C7A0B6804F01F0223F065
:1077B8001F031A43CB68640923F01F03054943EAF2
:1077C800440343F00103C1F89800C1F89C20C1F8B4
:1077D800A03010BD00ED00E010B50A4BD3F8903092
:1077E800C3F30723013B984208D901210346064AFF
:1077F80006481AF0DDFD6FF0150010BDFFF7D2FF47
:10780800FBE700BF00ED00E084A00200147702004F
:107818002DE9F04F8946144606464FF00008514DB1
:1078280085B0C84527DAD6F804A0BAF1000F44D0CD
:10783800BAF11F0F17D91AF01F0F14D1D6F800B0DC
:107848001BF01F0F0FD158461AF0FCFF07460AEB32
:107858000B0001381AF0F6FF874210D06FF01507B9
:10786800414A3B4601E04346404A012140481AF05C
:107878009FFD6FF01504204605B0BDE8F08F17F1A5
:10788800160FEDD0BC42EBDDC5F89870D5F89C100A
:10789800C5F89870D5F8A03021F01F0143F01F0BF0
:1078A800D6E900321A44994202F1FF3A1DD1D34574
:1078B80007D13146F8B21AF0CEFF08F101080C36AC
:1078C800AFE73146C5F89870D5F89C3022F01F0212
:1078D80003F01F031343C5F89C30E0B21AF0BBFF56
:1078E80010F1160FC5D0441CE7E7C5F89870D5F815
:1078F800A020013B23F01F0302F01F021343D345CE
:107908003146E0B2C5F8A030E8D01AF0A4FF10F173
:10791800160FAED0C5F89870D5F89C209DF80830A1
:107928000BF1FF3B62F304038DF80830D5F8A03063
:107938009DF808205B0863F347128DF80820D6E904
:1079480000321344009323F01F035B44A3EB0A03A4
:10795800013023F01F036946C0B20393FFF73CFFD1
:10796800BEE700BF00ED00E0CDA00200AAA0020023
:10797800147702000522044BC3F89420BFF34F8FFD
:10798800BFF36F8F704700BF00ED00E0BFF35F8F5C
:107998000022024BC3F89420704700BF00ED00E0BE
:1079A80038B50C4D0C462A78FFF732FF2870163090
:1079B8000FD14FF4C473084A0849094819F046FE24
:1079C8002146084819F042FE4FF4C471024819F0E4
:1079D80034FE38BDA55B0020F0A00200AAE7020033
:1079E8009E8502001FA102002DE9F74F314E8946FE
:1079F80005464FF00008B3462F4FC84502DB03B0D9
:107A0800BDE8F08FD5F804A0BAF1000F4CD0296872
:107A1800084601911AF016FF019904460AEB010085
:107A280001381AF00FFF84424FF01402234B15D08F
:107A380002FB08F36FF015024BF803204FF4CC73E8
:107A48001F4A2049204819F001FE49461F4819F0ED
:107A5800FDFD4FF4CC711A4819F0EFFD14F1160F23
:107A68003460EBD01978A142E8DD02FB08B0C7F812
:107A78009840C7F89840D7F89C4000F10801007B6F
:107A880064F304000871D7F8A0000C79400860F38B
:107A980047140C71D7F89C1021F01F017160D7F8BA
:107AA800A01021F01F01316108F1010814360C35CE
:107AB800A3E700BF8C26002000ED00E0A55B0020B6
:107AC800F0A00200AAE702009E8502004BA1020076
:107AD8002DE9F041694C6A4ED4F890303568C3F30B
:107AE80007239D4286B013D940F20123654A6649AF
:107AF800664819F0ABFDD4F8902029466448C2F3D3
:107B0800072219F0A3FD40F201215E4819F095FD06
:107B18000020FFF73BFF5F4BC4F8C03085421BD104
:107B28005D4C01A82570FEF735FD002506464FF08F
:107B380002085A4FAE4216D1002023784F49D1F897
:107B48009020C2F307229342C0F292800020FFF7F0
:107B580011FF06B0BDE8F081716801EB0011FFF775
:107B680021FE0130DAE7019A290102EB0513D3F867
:107B78000CC00CEA0700B0F5800F47D007D8B0F565
:107B8800801F17D0B0F5001F23D00135D2E7B0F120
:107B9800006F5CD0B0F1805FF7D158689B6852588D
:107BA800013B20F01F010B44CDE9020223F01F0323
:107BB80001220BE0586852589B68CDE90202212245
:107BC800013B20F01F010B4423F01F038DF8102008
:107BD80029E0586852589B68CDE902024122013BCE
:107BE80020F01F010B4423F01F031CF0010F8DF838
:107BF8001020059318D02A498323224A234819F0D4
:107C080025FD284819F022FD83217EE7586852583F
:107C18009B6820F01F01013BCDE902020B4423F0D1
:107C28001F038DF810800593207802A9FFF7D4FD73
:107C3800002819DA144940F22B23124A134819F084
:107C480005FD194819F002FD40F22B215DE758683F
:107C58009B685258013B20F01F010B44CDE90202FA
:107C680023F01F036122B1E72378013323708CE7E7
:107C7800C1F89830C1F8A000013360E700ED00E0DA
:107C8800A07B0200F0A00200AAE702009E85020085
:107C98007AA10200AAFF4400A55B00200000F0FFC3
:107CA800AEA10200D4A1020003A20200F0B587B081
:107CB80007460E4614460021102268461D461FF04E
:107CC80046F902238DF80230054B2A4621466846BC
:107CD800CDE90476019318F001FA07B0F0BD00BFB2
:107CE8009128020008B5024818F046F9FEE700BFDF
:107CF8003CA2020008B5024B1B689847002008BD4B
:107D0800A0260020034B044A1860937843F002032E
:107D180093707047A02600202807002008B5064960
:107D2800064821F00701C1F1005202F5E022FBF7F5
:107D3800B7FD002008BD00BFBBF50120A426002028
:107D480008B54FF0FF324FF0FF33074810F0B8F98D
:107D580048B1064906488D23064A19F077FC8D215B
:107D6800044819F06AFC08BD380700207BA202000D
:107D78009E85020041A20200014810F071BA00BFBE
:107D88003807002038B50546FFF7DAFF2A460821EC
:107D98000748FBF7EDFC044628B925B11FF07CF92C
:107DA8000C22044B1A50FFF7E7FF204638BD00BFEE
:107DB800A42600200C00000010B50446FFF7C0FF01
:107DC80021460348FBF786FCBDE81040FFF7D4BF07
:107DD800A426002070B541690446867A0A4D59B137
:107DE800437ADB0706D4342303FB0653DB6A1B689C
:107DF8009B689847002363613420214606FB0050A6
:107E0800BDE870401EF047B8B80C00203422024B81
:107E180002FB0030704700BFB80C00203421827A82
:107E2800064B01FB02331A6B93F82430801A1B337C
:107E380023F00303B0FBF3F0704700BFB80C002039
:107E480038B53424827A064B04FB0233DB6AD3E963
:107E580001240C601568FFF7E1FF04FB005038BDF2
:107E6800B80C002008B543684BB1074907485A23A6
:107E7800074A19F0EBFB5A21054819F0DEFB03828B
:107E88004369C36008BD00BFAEA202009E85020020
:107E980089A202002DE9FF470546684617461C4699
:107EA80003911EF0F4F8DDE9008955B95D4940F207
:107EB80001135D4A5D4819F0C9FB40F201115A48A7
:107EC80018E005F11C06EFF3118A202383F31288CA
:107ED800BFF36F8F304612F001FF68B98823544A08
:107EE8005449524819F0B2FB3146534819F0AEFBD9
:107EF80088214F4819F0A1FB304612F013FF6B8C14
:107F0800002B5CD02A8C9A4239D9002200232846BB
:107F180010F05EFB0446002831D0304612F0ECFE2B
:107F280068B94FF49A73424A4449404819F08EFBA5
:107F38003146434819F08AFB4FF49A71D9E78AF31E
:107F48001188BFF36F8F039D002D5BD042464B46CF
:107F580068461EF0C1F83421A27A3A4B204601FB4C
:107F68000233DB6A03A91B681E68DDE90023B047FA
:107F78006061002839D12046FFF72CFF30E06C8C77
:107F88003046631E6B8412F0B7FE0028C9D08AF30E
:107F98001188BFF36F8F95F824302A8C1B33121B7E
:107FA8002C6B23F0030302FB0344264B264AEB1AEF
:107FB8009B105343A37295F82430E372C3E730460D
:107FC80012F09AFE0028ACD08AF31188BFF36F8FA5
:107FD80023463A46284610F0FBFA04460028B2D158
:107FE8000024204604B0BDE8F087039B9D420AD9CF
:107FF80016494FF4AB730C4A0C4819F027FB4FF4A1
:10800800AB715CE76561012300212381039BE27A60
:108018006160638204F118001EF099FF2046FFF7A3
:1080280021FFDEE752C2020089A202009E850200FB
:1080380097920200C4920200D9920200EF920200C5
:1080480006930200B80C0020C54EECC4C8A202007A
:1080580070B50C46054658B9284940F29D13284A80
:10806800284819F0F3FA40F29D11254819F0E5FA6D
:1080780049B925494FF4CF73214A224819F0E6FA45
:108088004FF4CF71F1E7EFF31186202383F31288C1
:10809800BFF36F8F1D4812F021FE60B988231C4A78
:1080A8001C49184819F0D2FA18491B4819F0CEFA99
:1080B80088211748DAE7154812F034FE00232360B8
:1080C8006B689BB9C5E90044104812F015FE80B9E9
:1080D8004FF49A730E4A11490A4819F0B7FA0B4936
:1080E8000F4819F0B3FA4FF49A71E2E71C606C601C
:1080F800EAE786F31188BFF36F8F70BD5EB30200A5
:1081080089A202009E85020061AA0200B026002012
:1081180097920200C4920200D9920200EF920200E4
:108128000693020070B5044658B9234923484FF412
:10813800D573234A19F08AFA4FF4D571204819F0FB
:108148007CFAEFF31186202383F31288BFF36F8F35
:108158001C4812F0C3FD60B988231B4A1B49174805
:1081680019F074FA17491A4819F070FA8821164854
:10817800E5E7144812F0D6FD25682DB162682B6832
:108188009542236008BF63600E4812F0B5FD68B9D8
:108198004FF49A730C4A0F49084819F057FA0949DD
:1081A8000D4819F053FA4FF49A71E0E786F31188F5
:1081B800BFF36F8F284670BD5EB302009E85020034
:1081C80089A20200B026002097920200C492020001
:1081D800D9920200EF92020006930200F8B5054614
:1081E80098B13427184E2C46237A6D68CBB940F2E3
:1081F800C113164A1649174819F028FA2146164895
:1082080019F024FA40F2C11108E0144940F2BB13F6
:108218000E4A104819F01AFA40F2BB110B4819F02F
:108228000CFA013BDBB2237253B9E3606360A37AB3
:10823800204607FB03639B6A1BB19847002DD2D1E8
:10824800F8BDFFF7C7FDF9E7B80C002089A20200C6
:10825800D9A202009E850200E2A2020061AA0200E1
:1082680008B558B9074908484FF4F373074A19F095
:10827800EDF94FF4F371054819F0DFF9027A01328C
:10828800027208BD61AA02009E85020089A202004E
:1082980008B5034658B90849084840F23123084A46
:1082A80019F0D4F940F23121054819F0C6F91846F9
:1082B8005B68002BFBD108BD61AA02009E85020005
:1082C80089A2020070B50D46044658B90F494FF40B
:1082D8000F730F4A0F4819F0B9F94FF40F710C4892
:1082E80019F0ABF949B90C4940F23D23084A09484D
:1082F80019F0ACF940F23D21F1E746681EB1084695
:10830800FFF7C6FF4660656070BD00BF2DA702007D
:1083180089A202009E850200F7A2020038B5054630
:108328000C4659B90C490D484FF412730C4A19F010
:108338008DF94FF412710A4819F07FF920B9BDE898
:1083480038400846FFF78CBFFFF7A2FF2146FFF72A
:10835800B9FF284638BD00BFF7A202009E8502007B
:1083680089A2020008B548B90B492B230B4A0C48CF
:1083780019F06CF92B21094819F05FF983883BB192
:1083880008492C23054A064819F060F92C21F2E720
:1083980083680B44036008BD61AA020004A30200BD
:1083A8009E85020030A3020008B5034600689A685B
:1083B800821A91420BD90949094840F25513094AD2
:1083C80019F044F940F25511064819F036F99A881F
:1083D800401A11441860998008BD00BF4FA30200DD
:1083E8009E85020004A3020008B5828803468A42DB
:1083F8000BD20949094840F2C313094A19F026F972
:1084080040F2C311064819F018F9521A8280006820
:108418000844186008BD00BF3FA302009E85020003
:1084280004A3020008B503469A8800688A420BD262
:108438000849094840F2CF13084A19F007F940F2F1
:10844800CF11064819F0F9F8521A01449A801960B8
:1084580008BD00BF3FA302009E85020004A30200DE
:10846800F8B5858803680E4604465F191AF03EFA87
:10847800B04209D2064907483E23074A19F0E6F8F0
:108488003E21054819F0D9F83544A5803846F8BD8D
:1084980073A302009E85020004A30200054B03EBB0
:1084A8008000D0F8003223F0E04343F04053C0F896
:1084B8000032704700258450052370B5144D154EC1
:1084C8002C780134B4FBF3F303EB8303E41A1CF0B8
:1084D800FAFC114A137823B156F82430C01A072839
:1084E80014D94FF05023D3F8141141B10021C3F827
:1084F8001411D3F814312C700CB9012313702C7893
:108508001CF0E1FC46F82400012070BD0020FCE7C7
:10851800A75B0020B4260020A65B0020012208B536
:10852800114B1249C3F8002502230020C1F8D036A8
:10853800FFF7B4FF1046FFF7B1FFC1F80427C1F8F1
:108548000429C1F8002B00F0DDF858B108490948A2
:1085580040F23123084A19F079F840F231210648EF
:1085680019F06BF808BD00BF001000500040005023
:1085780068CC02009E850200A6A3020007B500226F
:10858800134B1449C3F8A821C3F8AC204FF48062F8
:10859800C3F8B8254FF400620F48C3F83C250DF125
:1085A80007021CF0FEFC00280BDA0C490C4840F2CC
:1085B8003B230C4A19F04AF840F23B21094819F0CC
:1085C8003CF89DF807000CF0BBFD03B05DF804FB18
:1085D80000A002502CA0025028A1025068CC020032
:1085E8009E850200A6A3020048B1054B054A1B68F8
:1085F800B3FBF2F35843044B43F0010318477047A9
:10860800A809002040420F00F0780200F8B50021C8
:108618004FF0FF354FF6FF77184C194EDFF864C05E
:10862800000714F8013B5A090DD0012A1DD016493C
:1086380016484FF47473164A19F008F84FF4747119
:10864800134818F0FAFF25FA03F2D207EFD532469D
:1086580002EB8303D3F80022013122F0E042024307
:108668000429C3F80022DCD1F8BD03F01F0327FA60
:1086780003F2D207DBD56246EAE700BF6FA4020027
:10868800002584500028845007A402009E8502001B
:10869800D4A302002DE9F041064601200D46FFF75C
:1086A800B5FF4FF47F03D3F83021D3F83431072ACC
:1086B80020D1023B032B02D8114AD35CD3B14FF02F
:1086C80050244FF0010800270520C4F81886C4F884
:1086D80014761CF031FC4046C4F814861CF02CFCBF
:1086E800C4F81476C4F8187630462B46BDE8F04135
:1086F800002118474FF050230022C3F81426F3E74F
:108708006BA402000149024819F06DB9D87B020038
:10871800C82600201FB518B3002301930393012333
:10872800694612480293FCF79DF8002809DA1049B7
:108738005A23104A104818F089FF5A210D4818F09A
:108748007CFF029B9B0707D009496223094A0A4814
:1087580018F07CFF6221F1E7039B05B05DF804FB8C
:108768000248FCF717F90028F7DAEDE7C8260020D9
:1087780062A402002AA402009E85020008B54FF0F8
:10878800FF323F230348C0E900230CF0B3FC00206C
:1087980008BD00BFE8260020F7B506460D4614467A
:1087A800194F38461DF0FEFA50B3AAB2BB681B68D1
:1087B80063B916495D23164A164818F047FF16484C
:1087C80018F044FF5D21124818F037FF314638464B
:1087D8009847002802DB002003B0F0BD002CFBD135
:1087E800AC42F8D22F1B042F28BF04271CF06BFBC8
:1087F8003A46019001A930191EF082FB3C44EFE78C
:108808006FF01200E8E700BFE0710200A7A40200C1
:1088180073A402009E850200C7A402000E4B4029E3
:1088280028BF402170B51D460C4C4618B04203F1D4
:10883800020304D1002305F81130074870BD0278FF
:108848001209A25C03F8022C10F8012B02F00F02A7
:10885800A25C03F8012CE9E7C65B002007A502002B
:1088680030B503788BB0044607AD032B21D8DFE879
:1088780003F0021A1C1E12492846F8F755FB059505
:1088880063781E210493A3780E4A0393E3780E4875
:1088980002932379019363790093A37917F08CFBF2
:1088A80009480BB030BD0949E6E70949E4E7094939
:1088B800E2E70A212846084A17F07EFBDFE700BFF7
:1088C800CD850200EF850200A85B0020D485020058
:1088D800DB850200E585020092CD02002DE9F34117
:1088E8000446174698461F4DD5E8AF3FDA071DD511
:1088F80038B901211C4A1D4819F051FD6FF00100DB
:1089080015E001A919F062FE1949024620461EF039
:1089180036FB0028F2D1D5E8AF3FC3F3C0061B07EA
:1089280008D50221134A114819F039FD002002B078
:10893800BDE8F081A5F1D404072221464046B84796
:1089480006280AD801210C4A084819F028FD45F8DC
:10895800D46CE671C4F80360E8E70723B0FBF3F0D2
:10896800E071E3E7940500201FA50200AC76020041
:10897800E285020040A5020064A502002DE9F0414D
:1089880088B0DDF838809C795D791E79DF7893F8B6
:1089980002C093F801E01B78B8F1000F0ED0CDE9C2
:1089A8000638CDE904CE1346CDE90267CDE9004586
:1089B800084A17F001FB08B0BDE8F081CDE905E3EE
:1089C800CDE9037C1346CDE90156034A009417F01C
:1089D800F3FAF0E789A50200ADA5020010B5FDF78E
:1089E800D3FF044628B101210346034A034819F07E
:1089F800DFFC204610BD00BFCEA50200AC76020009
:108A080070B504461E4615468CB0A2B129B10A4677
:108A180002A8042118F02CFF02A900912B46224637
:108A2800242103A8FFF7AAFF3146109A03A8FDF7EF
:108A3800F7FD0CB070BD03462421044A03A817F0C3
:108A4800BBFA0028F0DA6FF01500F2E7F3A5020090
:108A580007B50B4B0B48DA79C2EBC2020092002231
:108A68001146FFF7CDFF034638B10121064A0748F2
:108A780003B05DF804EB19F09BBC03B05DF804FB90
:108A8800C0040020E2850200F9A50200AC760200CD
:108A980030B5044615468DB092B129B10A4602A8F0
:108AA800042118F0E5FE02A900912B462246242154
:108AB80003A8FFF763FF03A819F060FD0DB030BDF0
:108AC80003462421044A03A817F076FA0028F2DAAC
:108AD8006FF01500F2E700BFF3A5020007B5009399
:108AE80013460A4601460348FFF78AFF03B05DF8BC
:108AF80004FB00BF86CA02000A4601460148FFF788
:108B0800C7BF00BF86CA020007B5009313460A46CE
:108B180001460348FFF774FF03B05DF804FB00BF8C
:108B280080CA020007B5009313460A460146034867
:108B3800FFF766FF03B05DF804FB00BFEDC8020055
:108B480007B500220346009103481146FFF758FF76
:108B580003B05DF804FB00BF78CA020008B50248FC
:108B680010F0E2F9002008BDDC070020F8B5194D27
:108B7800D5E8AF3F13F0010F2E4628D015F8CD3CAD
:108B8800A5F1D4078BB902F07BF8044630B1012176
:108B9800114A124819F003FC2046F8BDFB7923B9A5
:108BA80002F07EF804460028F1D1D5E8AF3F5A0715
:108BB80001D400F0ABFFD6E8EF3F23F40062C6E82B
:108BC800E12F0029F7D11B0501D5FFF7C7FF0024C6
:108BD800E2E700BF9405002014A60200AC7602006C
:108BE80007B5009313460A4601460348FFF708FFF6
:108BF80003B05DF804FB00BFB6D002000A46014688
:108C08000148FFF745BF00BFB6D0020030B50024C9
:108C18000A4D0B4B87B028460393CDE9044410F066
:108C280017FA03AB284600934FF4E1620A2305497B
:108C380010F028FA204607B030BD00BFE01700202A
:108C480047A60200006F01200146014810F044BB0E
:108C5800E0170020014601481DF090B9E0170020F8
:108C6800037830B5012B13D0022B27D07BB90A46E5
:108C7800184B03F1100453F8045BA34242F8045B59
:108C8800F9D11B78137043884B731B0A8B7330BD63
:108C98000A46104B03F1100453F8045BA34242F850
:108CA800045BF9D11B7813704368C3F307224B7335
:108CB8001B0CCB731B0A8A730B74E8E700F11003D3
:108CC80050F8042B984241F8042BF9D103780B7023
:108CD800DDE700BF50A6020070B504461DF05EF93E
:108CE8000A4D18B1D5E8AF3F63B970BD11F0C0FAAD
:108CF800D5E8AF3F1BB9BDE8704011F02BBB20464B
:108D08009847F8E72046BDE870401847F02600204D
:108D180038B50446022C1046194610D0082C16D037
:108D2800202C14D01D497A231D4A1E4818F08EFCA9
:108D38001D4818F08BFC7A21194818F07EFC1B4856
:108D480019F0AEFD054600BB0025284638BD024691
:108D58000B46174819F0A4FD05460028F4D0082C46
:108D68001AD00CD8012C11D0042C15D011490D485B
:108D78005223114A18F06AFC52210F48DDE7102CE3
:108D880001D0202CF2D1052400E00424214605F16D
:108D98000C0019F0BFFDD8E70224F7E790A60200FF
:108DA80061A602009E850200D5A60200880D00205B
:108DB800B80C0020AAE70200F5A602000F2810B59B
:108DC8000CD80D280CD90A4819F06AFD044618B1C8
:108DD80004210C3019F09EFD204610BD1328F2D056
:108DE80009B10448F0E70220BDE81040FFF790BF42
:108DF800240E0020540D002038B50B6805460C469B
:108E08004BB90E490E48FA230E4A18F01FFCFA21F6
:108E18000C4818F012FC4A68DA600B684A895A82D2
:108E28000868FFF7DBF92046102200211EF08FF8B2
:108E38002846BDE8384019F048BE00BF27A7020001
:108E48009E85020061A602002DE9F84305460C46FE
:108E58001F4616464AB92649D623264A264818F0F8
:108E6800F5FBD621234818F0E8FB38B92349D72366
:108E7800204A214818F0EAFBD721F3E701F10C0951
:108E8800484619F02FFD38B91D49DB23194A1A48FD
:108E980018F0DCFBDB21E5E7204619F03EFE8046B2
:108EA80038B11849DD23134A134818F0CFFBDD21E8
:108EB800D8E705F10C01484619F0F6FC484619F0C8
:108EC80011FD012310FA86F068826B72314648461C
:108ED8002E82FFF789FAE36828467B60638AC4F824
:108EE8000C807B81A4F812803C60BDE8F88300BF49
:108EF80044E7020061A602009E85020034A7020032
:108F080039A7020056A70200C36802211B78024A4B
:108F1800024819F042BE00BF7EA702006476020034
:108F280070B5C6683378B6F8014083B90F2120467A
:108F380003F050F9F378054650B90A4A118831B957
:108F48006FEA04506FEA10501080074A137070BD22
:108F58000373012103F056F82846BDE8704002F07B
:108F6800D3BF00BF703C0020475C002070B5C368C9
:108F78001D78BDB9B3F801600F21304603F02AF916
:108F8800044638B93346BDE870400121064A07480F
:108F980019F003BE294603F035F82046BDE87040B5
:108FA80002F0B2BF70BD00BFA6A70200647602003F
:108FB80010B5C3680121B3F80140204603F00AF94F
:108FC80038B92346BDE810400121044A044819F085
:108FD800E4BDBDE8104002F097BF00BFCCA7020077
:108FE8006476020010B5C36801211C88204603F08E
:108FF800F1F838B92346BDE810400121034A044876
:1090080019F0CBBDBDE8104002F07EBFCCA702002E
:1090180064760200012110B50C30FFF703FABDE8B1
:10902800104003780121024A024819F0B6BD00BF7A
:10903800F0A7020064760200014610B50848FFF761
:1090480007F8084908481CF099FF031E06DABDE82E
:1090580010400121054A064819F09FBD10BD00BF08
:109068000C060020FC0700202019002012A802008E
:109078006476020010B5002486B003AB00934FF469
:109088002C724FF0FF3305490548CDE90344059498
:109098000FF0F8FF204606B010BD00BF087601208B
:1090A8008018002010B5084C0146062294F86F007D
:1090B80003F038FD38B994F86F000522BDE8104078
:1090C800024903F02FBD10BDC0040020EDA402002A
:1090D8000121024A024819F053BD00BF2FA802001F
:1090E800647602000B46B0B50D8A00AF04462946E7
:1090F800D868FFF793FB8AB06A46094BC2E9075064
:10910800C2E9053440F202439384064B4FF43251CE
:10911800054842F8103F19F042FDBD46B0BD00BFFA
:1091280049A80200050000016476020070B5C56810
:109138000121B5F80160304603F04CF8044638B90F
:109148003346BDE8704001210B4A0C4819F025BD93
:109158002B783BB9D5F80330C0F89930D5F80730EB
:10916800C0F89D30201D4FF4803119F00BFD2046CA
:10917800BDE8704002F0C8BECCA7020064760200C9
:1091880037B50446084602EBC3039A4202D16FF092
:109198005E0010E0114611F8085BA54211D1038A60
:1091A8005178994209D908480121084A009419F0D0
:1091B80009F96FF0150003B030BD536898470020D7
:1091C800F9E70A46E1E700BF647602006BA80200EF
:1091D8002DE9F8430C4611F04BF8E168238A0A7828
:1091E800022A71D0042A0BD0134601213B4A3C487D
:1091F80019F0D3FC2046FEF7F1FF6FF015040AE0E2
:10920800022B0DD8374A3648012119F0C6FC2046F2
:10921800FEF7E4FF002411F09DF82046BDE8F8832E
:1092280048783E280AD1032B01D12F4AEBE7CB78A7
:10923800012B01D00A2B47D1032604E019F08EFC3C
:109248000646F0073ED504F10C05284619F04AFBFE
:10925800012107462846B4F81090FFF7C5F8022107
:109268002846FFF7DFF8804600783E2816D1E368E5
:109278001B78012B2CD00A2B2AD0022541F27B1314
:109288001A4A1B491B4818F0E1F9002383F3118897
:10929800BFF36F8F0323184602DF04E019F05EFC6A
:1092A800C1070546EAD5144A0623214698F8000066
:1092B80019F0ACFCAA070DD56369A4F8109013FA4D
:1092C80087F7E760B307A5D52046FFF7B5FEA1E706
:1092D8000325E8E72046FEF781FFF3E716A9020019
:1092E800647602008DA80200A9A80200C9A802009D
:1092F800FDA802009E850200707C020010B50121C5
:1093080004460C30FFF78EF82146BDE810400223D2
:10931800014A007819F07ABCA07C020073B53E4877
:10932800FEF700FF0446002873D000F10C0528461C
:1093380019F0C8FA0228034603D0042847D0374A50
:1093480003E0238A032B05D8354A0121354819F053
:1093580024FC13E004212846FFF764F8FF23428821
:1093680006882376238AC6F30B009A42608309D0C5
:10937800012100922B482C4A19F024F82046FEF7C8
:109388002DFF12E00F2102F025FF054610B9638B6F
:10939800264ADAE702F044FF21462076320B2846B7
:1093A80002F010FD284602F0AFFD214BD3F84C31F6
:1093B8007BB3204920481CF0E1FD031E29DA012176
:1093C8001E4A184802B0BDE8704019F0E6BB2846AE
:1093D8000221FFF727F8054600783E2812D019F039
:1093E800BDFB10F002060DD140F6B243144A1549F0
:1093F800154818F02BF986F31188BFF36F8F0323F4
:10940800184602DF06232146104A287819F0FEFB89
:10941800B4E702B070BD00BF0C060020BFA902006F
:109428002AA90200647602004BA902006FA9020073
:10943800C0040020FC0700202019002012A8020008
:10944800C9A8020091A902009E850200B07C020012
:1094580010B5012104460C30FEF7E4FF2146BDE8B3
:1094680010400823014A007819F0D0BBE07C0200C4
:10947800F8B50121044600AF0C30FEF7D3FF06789B
:10948800002321463046104AFFF77AFE5F3018D194
:10949800258AE0682946FFF7C1F96C468AB06A4612
:1094A8000A4BC2E90750C2E9053640F202439384E9
:1094B800074B4FF43251074842F8103F19F06FFB41
:1094C800A546BD46F8BD00BF207D0200D3A9020015
:1094D80005000001647602002DE9F34700230746E2
:1094E80088461646DFF81491D9E8EF4FC9E8E23FFD
:1094F800002AF9D144B93B460121414A414802B00A
:10950800BDE8F04719F049BB2046FEF787FC4FF04D
:109518000C0A3D4D0AFB00504388BB4220D0204630
:10952800FEF77CFC0AFB0050438801210093374A70
:109538003B46344818F046FFD9E8EF3FC9E8E24F08
:10954800002AF9D1002B56D03149324840F606237B
:10955800314A18F07BF840F606212F4818F06DF8CC
:10956800A64208D02046FEF77DFC328AF16804F155
:109578000C0019F0C3F92046FEF750FC0C2606FB38
:1095880000504368ABB1B8F1000F12D12046FEF786
:1095980045FC012106FB00504268D2E90003127A1B
:1095A80003F01F06B1405B09FAB100EB830019F024
:1095B800E9FA2046FEF732FC0C2606FB00508368C9
:1095C8006BB12046FEF72AFC704305F80080204660
:1095D800FEF724FC06FB0055A8680FF085F8204626
:1095E80002B0BDE8F047FEF7F9BDC94300EB8300C0
:1095F80019F0D8FADDE702B0BDE8F08708060020C8
:1096080005AA020064760200F42600202DAA0200B2
:1096180060AA02009E850200C9A8020073B5C56849
:109628000121B5F80160304602F0D4FD044640B986
:10963800334601213B4A3C4802B0BDE8704019F06E
:10964800ACBA2B78061D1A2B19D1C378012B50D12F
:109658004FF48041304619F095FA42040FD4D4F8FB
:109668008C3069460093D4F894302046019303F077
:109678002DFE204602B0BDE8704002F045BC2B78B4
:10968800BBBB40F2E242B5F8033028495343C4F863
:109698008830B5F80520A4F89020B5F80720A4F87C
:1096A8009220A3F5EA520C3A8A4204D90221204AB0
:1096B8001D4819F072FAB4F89030B3F5FA7F04D364
:1096C80002211C4A184819F068FA40F67641B4F8A5
:1096D8009230A3F10A0292B28A4204D90221164AB0
:1096E800114819F05AFA6FF48051304619F05AFAB5
:1096F80014E0D6E8AF3FDB04F5D52B78202BF2D168
:1097080094F89830002BEED0013B84F898304FF451
:109718002032002304F140000FF062FE204603F0DF
:1097280043F8A6E7CCA702006476020095F03C0057
:1097380065AA02008CAA0200B3AA0200B0B53C28B0
:10974800044600AF1AD101F019FC6FF48071103093
:1097580019F028FA0020FFF7A5FC054630B90121C9
:10976800114A124819F00CFABD46B0BD0473002125
:1097780002F048FC284602F0C7FBF5E76D468AB0C0
:109788006A460B4B4FF41251C2E90530094B0748A2
:10979800D36140F201331384074B42F8103F19F0AC
:1097A800FEF9AD46E0E700BFDFAA020064760200DA
:1097B80000AB0200E4E90200040000012DE9F04FCB
:1097C80083B00123D0F80C80018A98F8004000AFDC
:1097D80003EB84038B4277D96D468AB06A46C2E9A7
:1097E800073105233B484FF42151C2E905043A48A3
:1097F80042F8103F19F0D3F9AD460C37BD46BDE825
:10980800F08F4B465A460121334819F0C6F9013505
:1098180098F800309D42F0DA08EB8503B3F8019020
:109828000F214846B3F8036002F0D4FC0446002830
:10983800E7D000F1C0091EB9204602F065FBE6E753
:10984800636983B90121254A234819F099F9244904
:1098580040F29F23234A244817F0F8FE40F29F2144
:10986800204817F0EAFEA1691A688B422046626117
:1098780008BFA2617B6002F031FA0EF035FF7B6809
:10988800C3F800A0226A82B9C4E90733D9E8AF3F18
:10989800013EB6B263B915494FF42A73114A12480A
:1098A80017F0D4FE4FF42A71DAE713602362EDE76C
:1098B800D9E8EF3F013BC9E8E23F002AF8D100218F
:1098C800204602F017FAB6E70025DFF824B0AA46CA
:1098D8009EE700BF1CAB02006476020063AB020087
:1098E800AAE70200C9A802009E8502007AAB02001E
:1098F80047AB0200054BD3E8AF2F02F00B02D3E8C9
:10990800EF1FC3E8E02F0028F9D170479405002025
:1099180010B5C1E900239DF808300C460B72FEF71C
:109928007DFA0C22024B02FB00335C6010BD00BFC5
:10993800F4260020F8B502460B46104818F0B0FF90
:109948000446C0B104210C30FEF70CFD2046FEF79A
:1099580065FA0C2700260A4D07FB00504680204672
:10996800FEF75CFA07FB005086602046FEF756FAC1
:1099780007FB00556E602046F8BD00BFF00D0020C3
:10998800F426002029289ABF014B185C092070474B
:10999800D9B0020070B5C3680F21B3F801601D7813
:1099A800304602F017FC044638B93346BDE870402B
:1099B8000121174A174819F0F0B865B12846FFF792
:1099C800E1FF29460246204602F0EEFF2046BDE8A8
:1099D800704002F099BA8678012EEFD107F0D4FED4
:1099E800204619F0A3F80028E8D10520FFF7CAFFA0
:1099F80005210246204602F0D7FF3146064A0548AF
:109A080019F0BEF80521204602F092FCDEE700BFFF
:109A1800A6A702006476020093AB02002DE9F0418C
:109A2800C6680F21B6F801703578384602F0D2FBC7
:109A3800044638B93B46BDE8F04101211F4A204899
:109A480019F0ABB845B12846FFF79CFF29460246F6
:109A5800204602F0A9FF08E0F278C37A934209D1C0
:109A68000221184A164819F098F82046BDE8F04136
:109A780002F04ABA8378C272012B05D00020FFF7A2
:109A880081FF00210246E3E70AB107F07DFE204688
:109A980019F04CF80028F1D10520FFF773FF0521D4
:109AA8000246204602F080FF0121074A044819F0C7
:109AB80067F80521204602F03BFCD6E7A6A702007E
:109AC80064760200B9AB020093AB020010B50446FD
:109AD80092B04822684606491DF012FA112C9DBF23
:109AE80012AB03EB840454F8480C024812B010BDC2
:109AF8002C780200E8AB0200034B0146D3F8700152
:109B080082689268104700BFC00400202DE9F84F12
:109B1800042100AF454819F035F86D4688B06A460B
:109B2800434B4FF4E6515361424B434893614FF422
:109B380000739383414B424C42F8103F19F02FF8C1
:109B4800AD46E2793F4B404E2046012A88BF1E466B
:109B5800FEF786FE8AB06A463C4BD061C2E90536FC
:109B68003B4B4FF4235113623A4B334842F8103FB2
:109B780019F015F8A346AD460125374EDFF8DC800D
:109B8800DFF8B490E3790BF1070B9D4238DB94F8CA
:109B980070506E462846FFF799FF8CB06A46B4F8B5
:109BA8007210B4F87630C2E907514FF40075536269
:109BB800DFF8ACC02B4BC2E905C015854FF45351F3
:109BC80042F8103F1C4818F0EAFFB54694F8716057
:109BD8003046FFF77BFF8AB06A46B4F874302249F2
:109BE800C2E90763214BC2E9051095844FF433514C
:109BF800114842F8103F18F0D2FFBD46BDE8F88F73
:109C08005846FEF72DFEEA468AB06A4640F201330E
:109C1800C2E90565D06113844FF41351484642F8F0
:109C2800108F18F0BCFF0135D546ABE7940500202E
:109C3800F4AB020006AC02006476020003000001E7
:109C4800C0040020F0AB0200E4E902000AAC020004
:109C5800000201030400000219AC02000400000124
:109C68002AAC02000600000168AC020005000001F1
:109C780008B50848C37933B90321074A074818F0DB
:109C88007FFF002008BD0821D43018F07BFFFFF7C4
:109C98003DFFF6E7C00400208FAC020064760200A6
:109CA80000487047B68E020010B50B490B481CF0EF
:109CB80065F9041E0FDA41F26A43094A09490A485C
:109CC80017F0C4FC2146094817F0C0FC41F26A416C
:109CD800034817F0B2FC10BDEC07002080180020E4
:109CE800C9A80200C29702009E850200BCAC02000F
:109CF80070B505460C4659B94FF0FF304FF0FF31AB
:109D0800FFF718FE044618B96FF06805284670BDBD
:109D18002046FEF783F80C22184BA61802FB0033E6
:109D280030465D8018F0DEFD03280BD9032130464C
:109D3800FEF73AFB0580238A0121033B83703046F6
:109D480018F0B9FD40F635439D420FD12046FFF784
:109D5800D3FE05460028D9D003460121084A094800
:109D680018F01BFF2046FEF739FACFE721460648D0
:109D78001CF086F80025FFF797FFC7E7F4260020B8
:109D8800C1AC020064760200140600202DE9F041FF
:109D98000446458B077E807AFEF738F861690646E7
:109DA80049B1637ADA0704D4C36A20461B689B6802
:109DB800984700236361214630461CF06CF8254B18
:109DC80093F88A309B0642D5384602F0C7FF04460E
:109DD80038B93B46BDE8F04102211F4A1F4818F038
:109DE800DCBE437B073B012B09D91C4802211C4AD6
:109DF80018F0C6FE2046BDE8F04102F085B802F032
:109E080083F84FF0FF304FF0FF31FFF793FD044622
:109E180030B9BDE8F0410121124A104818F0B0BE2F
:109E280000F10C0701213846FEF71AFB0126042130
:109E380006703846FEF714FB002305808670C37051
:109E48002146BDE8F04140F63540FFF751BFBDE877
:109E5800F08100BFC004002025AD02006476020036
:109E68004EAD02007AAD02002DE9F04786B080467B
:109E780091460C4600AF71B94FF0FF304FF0FF31FB
:109E8800FFF758FD0446C0B96FF068052846183733
:109E9800BD46BDE8F087887AFDF7B8FF3A4B8342A4
:109EA8000BD03A493A484FF4E3733A4A17F0CEFBDD
:109EB8004FF4E371374817F0C0FB01220021384600
:109EC8001BF0F7FF2046FDF7A9FF0C23DFF8C8A019
:109ED80003FB00A087602046FEF7C2F90146404612
:109EE800FFF706FF054618B12046FEF777F9CDE7DC
:109EF8004FF4A022002338460EF07AFC064690B1B3
:109F08004FF4FD73234A2549214817F09FFB324639
:109F18004146234817F09AFB85F31188BFF36F8FEA
:109F28000323184602DF2046FDF778FF0C23584329
:109F38001AF80060F6B16D468AB06A46194BD661C8
:109F4800C2E90538184B4FF43251136240F202430C
:109F58009384164B164842F8103F093E18F01FFE2E
:109F68002046AD46F6B2FEF739F9092E08D8114B4E
:109F78009D578BE7B9F1000FB6D0C9F8004085E7C7
:109F88006FF0040582E700BFF00D0020AAE7020089
:109F98009E850200C9A80200F426002068CC0200B1
:109FA8009DAD0200E2AD0200E4E9020005000001F7
:109FB80064760200CFB0020073B506460D4642F241
:109FC8002F00002101AAFFF74FFF044638B10121F5
:109FD800144A154818F0D4FD204602B070BD019807
:109FE800C368B3F801203280B3F803302B80FEF742
:109FF800F5F83388A3F11B02E02A04D902210B4AA1
:10A00800094818F0CAFD44F248112B88A3F5A47238
:10A0180092B28A42E0D90221054A034818F0BDFDF0
:10A02800DAE700BF01AE02006476020021AE02004A
:10A0380046AE02002DE9F04784B00478054600AF2B
:10A048005CB15F495F4840F299535F4A17F0FEFAE6
:10A0580040F299515C4817F0F0FA5C4BB0F8019067
:10A06800198849F47042914205BF1C80584BA0469C
:10A0780093F8008000F088FCEB782E1D012B08BFB8
:10A08800544B304608BF93F86F4018F01AFD31461C
:10A0980068B34FF0010A07F1080018F007FDD5F87A
:10A0A8001130C7F80130B5F81530A7F80530EB784E
:10A0B800012B2FD03046FEF7D3FB6C4688B06A469A
:10A0C800454B4FF4E251C2E905304FF400739383D6
:10A0D800424B434842F8103F18F061FD1321A54652
:10A0E800484618F0CFFD1037BD46BDE8F08720463A
:10A0F80018F0F8FE0346006895F804A0B8609A883E
:10A108009B796868BA81BB73B288B3793860BA80C2
:10A11800BB71CCE707F10800FEF7C4FF044600282E
:10A12800C8D00346B5F8012023F8702BBA7BB8686D
:10A13800B98920679A7140F2E2429980B5F81730E0
:10A1480053430022C4F88830B5F81930A4F8903089
:10A15800B5F81B30A4F89230EB782273012BE3702A
:10A168001AD187F800A0BA88BB793868A4F87B2090
:10A1780084F87D30C4F8770000F000FF237A154991
:10A18800C3EBC3035A18CB58C4F87E309388A4F89D
:10A198008230937984F884300721204601F032FF19
:10A1A800B8F1000F05D00121204684F80C8001F099
:10A1B80029FF204602F0ACF8204601F0A5FE92E700
:10A1C80069AE02009E850200C9A80200703C00200A
:10A1D800475C0020C00400207DAE0200030000019F
:10A1E8006476020000B5C36889B0187820B109B058
:10A1F8005DF804EBFFF7A2BAB3F801208DF8000070
:10A20800ADF80120DA788DF80320B3F80B20ADF80B
:10A218001720B3F80D20ADF81920B3F80F20ADF8CA
:10A228001B205A7C8DF81D20586801901A899B7A4A
:10A23800ADF808208DF80A30084B68461A689B88E4
:10A24800CDF80B20ADF80F30CDF81120ADF8153052
:10A25800FFF7F0FE09B05DF804FB00BF01A502009E
:10A2680010B5F6F7C1FF034B1B6813B1BDE81040EA
:10A27800184710BD9027002073B52D4D0646D5F818
:10A2880070011BF08FFD48B901212A4A2A4818F0AD
:10A2980077FC6FF01204204602B070BD6FF0020127
:10A2A80005F1D40018F07EFC012118F06BFCC307FF
:10A2B8003AD4FEF793FB04460028ECD11F4B1E60EE
:10A2C800012205F5987011461BF0F3FD05F5AA70FB
:10A2D8001BF0C9FD1A480EF0BBFE6FF007034FF4E0
:10A2E80096621849164800940EF0CCFE1649144898
:10A2F8001BF05AFED5F87001144983681B6898470B
:10A30800044630B103460121114A0B4818F045FCB8
:10A31800C1E726B902B0BDE87040F6F765BF05F1A0
:10A32800C4000EF001FEB6E76FF07704B3E700BF94
:10A33800C004002028B002006476020090270020A4
:10A3480020190020B878012040B00200D9910000FF
:10A3580049B00200F0B5C56801212F8887B0BCB2AA
:10A36800204601F037FF064640B923460121274A17
:10A37800274807B0BDE8F04018F00FBC02ACD5F88C
:10A388000220D5F806300194698900911AF002F884
:10A3980048B34FF0FF304FF0FF31FFF7CBFA0546D7
:10A3A80048B901211B4A1A4818F0EAFB304601F067
:10A3B800ABFD07B0F0BD12210C30FEF751F8034693
:10A3C800224623F8027B06AF144603CCBC42186031
:10A3D8005960224603F10803F6D1294642F21A00D1
:10A3E800FFF786FCE2E74FF0FF304FF0FF31FFF751
:10A3F800A1FA04460028D4D002210C30FEF730F828
:10A408002146078042F21B00EAE700BFCCA7020002
:10A418006476020065B0020073B5C368D9789A788B
:10A428001E8842EA0122ADF8002059791A79B4B29F
:10A4380042EA0122ADF80220D9799A79204642EA07
:10A448000122ADF804201A7A5B7A012142EA03233B
:10A45800ADF8063001F0BEFE054658B901211D4889
:10A4680023461D4A18F099FB0221204618F068FC83
:10A4780002B070BD694602F0FBF938B91E212046CA
:10A4880018F05EFC284601F03FFDF1E74FF0FF3081
:10A498004FF0FF31FFF74EFA04460028F2D00E21A4
:10A4A8000C30FDF7DDFF00230680C0F80A30BDF848
:10A4B800003021464380BDF802308380BDF8043067
:10A4C800C380BDF80630038142F22000FFF710FC7C
:10A4D800D8E700BF64760200CCA7020038B5042193
:10A4E80004460C30FDF79EFF034640885D7818B19E
:10A4F80022461978FEF7F0FF35B104480EF0F4F85B
:10A50800BDE83840FFF7D0BB38BD00BFF0050020DC
:10A51800B0B50446032100AF0C30FDF783FFE368B4
:10A528000578197840F63543B0F80100984215D1FE
:10A538006C468AB06A460F4B0F48C2E905310F4B8B
:10A548004FF41251D36140F2013313840C4B42F89B
:10A55800103F18F024FBA546BD46B0BD10B12246F9
:10A56800FEF7BAFF002DF7D006480EF0BDF8FFF74A
:10A578009BFBF1E77CB0020064760200E4E902008C
:10A5880004000001F005002038B50FF071FE2F4DD2
:10A59800D5F85431002B56D00022002305F59870C9
:10A5A8000EF026F900284ED10022002305F5AA70E6
:10A5B8000EF00EF8044668B940F6C243244A25490D
:10A5C800254817F043F884F31188BFF36F8F0323EE
:10A5D800184602DFD5F848315BB101211F4A2048EF
:10A5E80018F0CEFAD5F84801FDF7F8FD0023C5F8B4
:10A5F80048312046FDF734FEC5F848012046FFF7EC
:10A608007BFA0346C8B10121164A154818F0C5FA65
:10A6180015480EF069F82046FDF700FC0C22134B94
:10A6280002FB0033588818B122461F21FEF754FF59
:10A638002046FDF7D3FDFFF737FBFFF735FBBDE8F5
:10A6480038400FF087BE01F0AFFEF8E7C0040020E5
:10A65800C9A8020061AA02009E850200B4B00200E7
:10A6680064760200C1AC0200F0050020F426002048
:10A67800F8B506460024094DEF79E3B29F4202D8A7
:10A688006FF0010007E02946304618F075FB0735E2
:10A69800631C08B12046F8BD1C46EEE7C004002044
:10A6A80037B504460D46B9B12846164918F064FB7B
:10A6B80090B929461448C4EBC404204418F066FB3A
:10A6C800124818F06AFB430703D5FEF747FA18F05B
:10A6D8008FF9002003B030BD684618F0D9F900287A
:10A6E800F8D16846FFF7C4FF0028F5DA064BC4EB3B
:10A6F800C4006946184418F049FB002DE0D0014613
:10A708002846DBE7F4A40200C004002094050020DA
:10A7180070B51A4E0622314605461CF020FC38B3A7
:10A728004FF0FF304FF0FF31FFF704F9044608B34C
:10A73800062229460C3018F0E1F82146002242F2A0
:10A748000500FFF791FB044648B110F10D0F04D145
:10A7580002210B4A0B4818F017FB204670BD334600
:10A768002A6843F86929AA88B280012283F86820F8
:10A778000024F2E76FF06804EFE700BF2905002026
:10A7880028B202008476020038B505460C4659B94D
:10A79800204940F2DE33204A204816F057FF40F2A5
:10A7A800DE311D4816F049FF086848B91C4940F2D7
:10A7B800DF33194A194816F049FF40F2DF31F0E754
:10A7C8004DB918494FF47873134A144816F03EFFF0
:10A7D8004FF47871E5E7037A5A0709D5124940F230
:10A7E800E2330D4A0D4816F031FF40F2E231D8E766
:10A7F8004B686BB90B7A13B92B7A5B0708D52A78A3
:10A8080003789A4204D0294618F033FB00B16560FA
:10A8180038BD00BF65B2020037B202009E85020053
:10A828007DB20200A0B20200B8B20200064BD3E823
:10A83800EFCF4CF4806CC3E8E2CF002AF7D1037A5B
:10A8480019430172704700BF94050020F7B5002135
:10A8580004460222084602F065F9064648B1204639
:10A868000121FFF7E3FF304603B0BDE8F04001F0F7
:10A878004BBB3B4D01463B4800F07AFB95F8233132
:10A888007BB1304618F0C9FA58B10221364A374828
:10A8980018F07AFA0021364803B0BDE8F04000F01D
:10A8A80067BB95F8232195F822319A4218D10221E5
:10A8B800304A2E4818F068FA002242F22900114660
:10A8C800FFF7D2FA10B101212B4AE0E795F82331BE
:10A8D800013385F82331237A43F004032372D9E73F
:10A8E8002246671C394612F82E0B18F059FA06460C
:10A8F80010B1224A01210EE095F82331013385F881
:10A908002331237A43F00403237295F8A7305B07B9
:10A9180008D402211A4A154818F036FA012018F00E
:10A928007CFAB7E73946684618F030FA01234FF049
:10A93800FF304FF0FF318DF80730FEF7FBFF04467C
:10A9480060B1082269460C3017F0D8FF324621461C
:10A9580042F24E00FFF788FA0028DFD0094AC9E71B
:10A96800C0040020BD2E0200EDB202008476020071
:10A97800552E020012B3020043B3020063B3020073
:10A9880083B30200ADB30200084BD3E8EF2F22F4E3
:10A998008061C3E8E01F0028F7D1530504D50022E1
:10A9A8000220034907F00AB8704700BF9405002049
:10A9B8004B2F02001FB500230190CDE9023302207E
:10A9C8008DF80C1001AA034906F0F8FF029805B0AB
:10A9D8005DF804FB91A70000034610B470B10A4962
:10A9E80091F8224191F823210CB1944208D2013206
:10A9F80081F823211A7A42F004021A7210BC7047B7
:10AA080010BCFFF723BF00BFC00400202DE9F041B0
:10AA1800044660B3424D95F8222195F8233192B14E
:10AA2800013293421CDC00210222084602F07AF827
:10AA38000646F0B120460221FFF7F8FE3046BDE891
:10AA4800F04101F061BA5BB93649374840F2E64354
:10AA5800364A16F0FBFD40F2E641344816F0EDFDAB
:10AA6800013B85F82331237A23F004032372BDE8E0
:10AA7800F08101462E4800F07BFA304618F0CDF9F7
:10AA8800064688B1012103462A4A2B4817F090FC54
:10AA980095F8233113B1012018F0BFF9BDE8F04152
:10AAA8000021264800F064BA95F8233195F8222150
:10AAB8009A420CD2013B85F82331237A024623F0CF
:10AAC800040302201E49237206F078FFE0E74FF0E6
:10AAD800FF304FF0FF31FEF72DFF04F10108074664
:10AAE80068B107210C30FDF7BBFC414618F04EF960
:10AAF8003246394642F22800FFF7B6F928B101215B
:10AB0800104A0D4818F040F9C2E795F82331013B87
:10AB180085F82331237A23F004032372B8E700BFB2
:10AB2800C0040020C8B302009E85020037B20200AC
:10AB3800BD2E0200E1B3020084760200552E020009
:10AB48000D2E02000EB4020070B5044611BB20B3EE
:10AB5800254918F011F900BB2046FFF789FD0028A8
:10AB68003BDA237853B92148C279002A35D12146E6
:10AB780018F00CF90123C371104670BD012B04D1E4
:10AB8800A37903F0C003C02B07D00121184A194844
:10AB980018F0FAF86FF01500EFE7144DEB79012B78
:10ABA8001ED005F1D40018F0F8F8C30707D4002C1C
:10ABB800F0D020460C4918F0DFF80028EAD1EE79E9
:10ABC8002146731C3046EB71FFF76AFD08B9304621
:10ABD800D3E7EB79013BEB71CFE76FF07700CCE778
:10ABE8006FF00B00C9E700BFF4A40200C004002006
:10ABF80033B40200847602002DE9F341044640B9DB
:10AC08001A4A02211A4818F0BFF8002002B0BDE81D
:10AC1800F081002141F2090001AAFFF725F9054654
:10AC280008B1144AEDE7019E0622D6F80C801249B5
:10AC380008F1010738461CF092F928B10622384677
:10AC48000E491CF08CF918B93046FDF7C7FADCE755
:10AC5800D8F801303046C4F80130BB882570A4F814
:10AC68000530FDF7BBFA0120D0E700BF61B4020050
:10AC7800847602007AB4020001A50200FBA4020057
:10AC880007B56846FFF7B8FF044BD87118B1694695
:10AC98000020FFF705FD03B05DF804FBC0040020A9
:10ACA800F0B5304D89B0EC79002C53D195F8C260DD
:10ACB80016F0010610D12C4A02212C4818F064F82D
:10ACC800EC71162600240127EB79E0B298422CD3C8
:10ACD800002B3FD000203BE06A4621464FF6094052
:10ACE800FFF7C2F808B1224AE6E7DDF800C0DCF851
:10ACF8000C104B7823B96046FDF770FA1D4ADBE764
:10AD08008B1C02AA01F11204174618685968083307
:10AD180003C7A3423A46F7D11868344638609B887F
:10AD28006046BB80FDF75AFACAE708AB06FB00335A
:10AD380053F8182C33F8143C6946CDF80120ADF8C7
:10AD480005308DF80070FFF7ABFC01340028BBD04C
:10AD580009B0F0BD0021084609B0BDE8F040FFF792
:10AD6800F3BE00BFC004002098B40200847602003D
:10AD7800C4B40200E4B402002DE9F0410D461746C0
:10AD88001C46064650B14BB10A03037811D56D072E
:10AD980008D501212D4A2E4817F0F6FF6FF015004F
:10ADA800BDE8F08118F0B2F80028F9D1012323702A
:10ADB800F6E7A9072ED027480FB1AA0608D4C3EB97
:10ADC800C302825C012A13D002B922700020E7E78F
:10ADD80090F8D820510635D5C3EBC302825C012A0E
:10ADE80006D002B92270237843F002032370EDE7FE
:10ADF8004FF00108072111FB03810144304618F088
:10AE08007DF80028CCD184F80080002FDED0AB0676
:10AE1800DCD5E8E76A0712D50E49C3EBC3028E5C9E
:10AE2800012E09D1072212FB0363194418F066F8B2
:10AE38000028B5D12670EAE7002EE8D1FAE718F025
:10AE480065F8B3E76FF08500AAE700BF0DB502000B
:10AE580084760200C00400202DE9F74F8A4601904D
:10AE68004FF0FF314FF0FF30FEF764FD0446002835
:10AE78004ED020210C30FDF7F3FA4FF00009804640
:10AE88004D46202200211CF062F8DAF8007008F123
:10AE9800010BDAF80420914509D3002221460198D4
:10AEA80088F8005003B0BDE8F04FFEF7DDBF7A78B0
:10AEB800A81C81181F2997F800C015D9BCF1090FE3
:10AEC800C0F11F0201D1002A0CDC0121124A1348EB
:10AED80017F065FA2046FDF781F96FF0150003B009
:10AEE800BDE8F08F4FF0080CD6B2711C0BF80510B6
:10AEF800691CC9B20BF801C0023679685BFA80F0A8
:10AF08002E441BF0FDFFF5B209F101090837C0E72F
:10AF18006FF06800E3E700BF32B502002476020054
:10AF2800F7B5CDE90001694642F2080016461D460C
:10AF38009DF82070FFF790FF044648B95FB90B4BA6
:10AF4800D3E8EF1F41F00401C3E8E21F002AF7D15C
:10AF5800204603B0F0BD694642F20900CDE900651C
:10AF6800FFF77AFF0028EAD00446F1E7E80400205A
:10AF780003460148184700BFD8040020004870471E
:10AF8800D80400202DE9F04FD0F810A089B0BAF10C
:10AF980000050446A84818BF0125CDE9021217F09C
:10AFA800E2FF4607994640F19B81666870050DD51A
:10AFB8006FF01505002240F20110029B039991429F
:10AFC80040F09781284609B0BDE8F08FD4F810808A
:10AFD800B8F1000F01D0B107EAD0984F2078FB797B
:10AFE8008342E5D9C0EBC0000722954938441BF0DD
:10AFF800B6FF0028DCD0B20706D197F87030082BCE
:10B0080002D8A3689F2BD3D916F0300F6AD0B8F1B5
:10B01800000FCDD0F3066AD406F46036B6F5603F6B
:10B02800C6D0204617F089FF80460028C0D0854842
:10B0380017F099FF10F4807F824E40F0548106F19A
:10B04800AC0017F090FF10F4806F06F1AC0B01D044
:10B05800FFF79AFC0023CDE90533CDF81B30A36830
:10B068006268ADF81030E36812F4004FADF81230A2
:10B078000CBF07230623D10348BF03F0050392033F
:10B0880048BF03F0FB038DF81D30DBE8EF3F23F4E6
:10B098008073CBE8E23F002AF7D123782A463B7633
:10B0A80087F86F30616868480DF11503FFF764FE93
:10B0B800054600287FF47EAF644BBAF1000F22D01A
:10B0C800226911684BF8B31C9188998092799A711A
:10B0D8006368980752D19A0502D4B9F1000F61D07C
:10B0E80002231CE0F00602D4B8F1000F94D1D4E991
:10B0F80002239A423FF65CAF1F2A7FF659AFB3F599
:10B10800804F89D954E74E4A11684BF8B31C91888F
:10B11800927999809A7163689907DCD053468DF8C3
:10B1280014304FF0FF304FF0FF31FEF703FC0546B7
:10B13800002800F0DB800F2204A90C3017F0DEFB9A
:10B148002946002242F20600FEF78EFE0546002838
:10B158007FF430AFBAF1000F28D063689B0731D174
:10B168000121394817F002FF0746002879D001214C
:10B17800374A384817F013F93D461BE713F0100F0C
:10B188000CBF012304238DF8143023691A68CDF805
:10B1980016209A88ADF81A209B798DF81C304FF04C
:10B1A8000008BEE703238DF81430F8E74A46DDE9C6
:10B1B8000201129BCDF80080FFF7B2FE0028CCD028
:10B1C8000546F7E697F8189007221D491F4887F8A3
:10B1D8006F901BF0C4FEF8B948461F4901F024FCE3
:10B1E800074610B96FF00B05E4E6052100F00AFFE9
:10B1F8000121154817F0BAFE814678B3144A012197
:10B20800144817F0CCF80021384600F0FBFE384609
:10B2180000F07AFE4D46CDE648460C4901F04AFC5E
:10B2280000287FF4C5AE387E084901F0FDFB0746CB
:10B238000028D7D00621D9E794050020C0040020B3
:10B24800F4A40200E8040020D8040020E10400204F
:10B258004BB5020024760200EDA40200384600F047
:10B2680053FE63689F071FD0D6E8EF3F43F400738F
:10B27800C6E8E23F002AF7D1B8F1000F1DD0D6E8A2
:10B28800EF3F43F48063C6E8E23F002AF7D16368E2
:10B2980058071BD5D6E8EF3F43F48053C6E8E23F92
:10B2A800002A3FF487AEF5E7D6E8EF3F23F40073B2
:10B2B800C6E8E23F002ADFD0F6E7D6E8EF3F23F4FE
:10B2C8008063C6E8E23F002AE1D0F6E7D6E8EF3F20
:10B2D80023F48053C6E8E23F002A3FF46BAEF5E75B
:10B2E8006FF00A0566E66FF0770563E66FF06805AC
:10B2F80060E61988814204D1596811B10978C907F3
:10B3080002D40132083359E6054906480DF0B8FF62
:10B318004FF47022002303480EF0EAF852E600BF0B
:10B32800ADB30000F004002010B5184817F046FE31
:10B33800174817F018FE0346DA05C0F3002023D596
:10B34800134817F010FE830515D512490722124835
:10B358001BF005FE03461149087E93B905221049E2
:10B3680001F0E0FB044630B10021017300F04AFE11
:10B37800204600F0C9FDBDE810400021034817F041
:10B38800F5BD06222131EBE710BD00BFD80400202F
:10B39800E8040020F4A40200E1040020C004002016
:10B3A800EDA4020010B5FFF7BFFF034630B1BDE8BA
:10B3B80010400221024A034816F0FABF10BD00BF30
:10B3C80066B5020024760200884208B501F1100330
:10B3D80010D9984213D20E4940F2B3230D4A0E48B1
:10B3E80016F034F90D4816F031F940F2B321094846
:10B3F80016F023F9EFD000F110029142EAE7013884
:10B4080013F8012D8B4200F8012FF9D108BD00BFB8
:10B41800BEB502008CB502009E85020015B602007A
:10B4280008B511F057F838B101210346034A04481A
:10B4380016F0BEFF6FF0040008BD00BF47B602005B
:10B448007C76020008B510F047FF38B101210346A9
:10B45800034A044816F0ACFF6FF0040008BD00BFB3
:10B4680063B602007C76020070B592B006460D46BF
:10B47800144600211C220BA81BF069FD002304932D
:10B48800F6B1EDB1E4B1314607A8FFF79DFF294BAE
:10B4980006A80B934FF48073069317F092FD069B52
:10B4A800254E0D93102204AB07A90BA80E9610F099
:10B4B8005DFE034640B10121204A214816F078FF7D
:10B4C8006FF0150012B070BD294607A8FFF77CFF82
:10B4D80005AB029310233146CDE90043049807AA2F
:10B4E80010F00CFF034650B9049810F0FDFD98B118
:10B4F80001210346134A124816F05AFF09E0104882
:10B508000121114A16F054FF049810F0EDFD0028AF
:10B51800EED16FF00400D5E7631E04F11002073482
:10B5280013F8011F12F8015DA3421D701170F7D1C5
:10B53800C8E700BF002480000044400483B602002E
:10B548007C760200B8B602009FB60200884208B5B1
:10B5580001F1200310D9984213D20E4940F2B323C7
:10B568000D4A0E4816F072F80D4816F06FF840F2C2
:10B57800B321094816F061F8EFD000F1200291429A
:10B58800EAE7013813F8012D8B4200F8012FF9D1B1
:10B5980008BD00BFBEB502008CB502009E85020042
:10B5A80015B6020070B53D4B9AB01822002103A8C9
:10B5B80002931BF0CCFC44F2010309A8099317F08D
:10B5C8000DFD099B69460493354B02A805931BF0B2
:10B5D800F4F8034610B3334A0121334816F0E8FE65
:10B5E8001F25324BD3E8EF1F21F00101C3E8E21F0A
:10B5F800002AF7D12E4E0EF03BFE3468002C46D0C0
:10B60800002D2C4D18BF0025043C23680BB128469B
:10B6180098476468002C3AD0043CF6E701AB412215
:10B62800009809A91AF09BFF034608B1224AD3E7FC
:10B63800224A0DF125030DF1650153F8040B8B42E5
:10B6480042F8040BF9D101AB20221D4900981AF0E9
:10B6580034FF034608B11B4ABEE7009810F044FDCA
:10B66800054610B1184A0346B6E714491148FFF7D2
:10B678006DFF16491648FFF769FF164BD3E8EF1F11
:10B6880041F01001C3E8E21F002AAAD0F6E7002320
:10B69800C6E900330EF05EFE1AB070BD12710001EB
:10B6A80000000209E4B60200547602009427002044
:10B6B8009C270020A85C002002B70200685C0020DC
:10B6C800485C002025B7020049B70200885C0020CA
:10B6D800C85C002094050020042330B5A7B03D22A3
:10B6E800002116A815931BF032FC304B18220021BC
:10B6F80007A806931BF02BFC44F201030DA80D9339
:10B7080017F06CFC0D9B20220893294B29490993BB
:10B7180006A804AB10F02AFD0346E0B1264A012131
:10B72800264816F045FE6FF004040EF0A1FD244BE8
:10B738001D6865B100201860224BD3E8EF1F21F087
:10B748000201C3E8E21F002AF7D144B3A8470EF06C
:10B7580001FE27B030BD1C4B0DF15502194603F10F
:10B76800400053F8044B834242F8044BF9D105AB2F
:10B77800029320230E48CDE9001315AA412304990A
:10B788001AF0CDFF034608B1104AC8E7049810F034
:10B79800ABFC04460028C8D00D4A0346BFE70DA8F5
:10B7A8000949FFF7D3FE0DA8D0E700BF12710001C9
:10B7B80000000209485C002069B7020054760200C4
:10B7C8009827002094270020685C00209FB702007B
:10B7D800BBB70200402208B503491BF0C0FBB0FA12
:10B7E80080F0400908BD00BF23B8020010B51D4B0A
:10B7F8009AB018220446002103A802931BF0A7FB65
:10B808004FF4804309A8099317F0E8FB099B2146E8
:10B818000493154B0DF12500059304238DF824306E
:10B82800FFF794FE04F120010DF14500FFF78EFEAD
:10B83800412201AB09A902A810F098FC044602A80D
:10B848001BF033F82CB9019810F04EFC01201AB007
:10B8580010BD064823460121054A16F0A9FD00201F
:10B86800F5E700BF1241000100000209547602000A
:10B87800D8B7020010B5002834D01D4A136823B188
:10B88800043B984231D05B68F9E71A4BD3E8AF1F05
:10B89800890707D518480221184A16F080FD6FF06D
:10B8A8000F0010BD1468011D44605068116000B994
:10B8B8005160D3E8EF2F42F00101C3E8E01F0028F0
:10B8C800F7D1D30701D50020EBE70D4BD3E8EF1FE5
:10B8D80021F01001C3E8E21F002AF7D10948FDF75B
:10B8E800B9F9F0E76FF01500DBE76FF07700D8E7FC
:10B8F8009C2700209427002054760200FCB7020001
:10B90800940500201C080020044BD3E8AF3F13F037
:10B91800100F034808BF0020704700BF940500209F
:10B92800A85C002070B50546194803688B4228D0EA
:10B93800184BD3E8AF3FDA0626D5036813B16FF08A
:10B948000F0070BD144AD2E8AF3FDB07F7D4D2E846
:10B95800EF3F43F00204C2E8E64F002EF7D113F0A0
:10B968000204ECD1016029460C48FFF7EFFD0C48B2
:10B9780005F12001FFF7EAFD0A48FDF76BF92046BB
:10B98800DFE76FF07700DCE76FF07C00D9E700BFF6
:10B99800982700209405002094270020685C002048
:10B9A800885C00200C08002010B50446FCF736FA25
:10B9B800044901EB00112046FDF71EFABDE81040CE
:10B9C800FEF772B9A427002070B50546134B1C6812
:10B9D80044B154F81C3C1C3C13B12846297B9847B9
:10B9E800E469F5E70E4C0F4EB44215D90E4940F202
:10B9F800B5730E4A0E4815F029FE0E4815F026FEBE
:10BA080040F2B571094815F018FE236813B12846AD
:10BA1800297B98472034E7E7F7D370BDD827002063
:10BA2800CC7502000C7602009AB802006AB80200CF
:10BA38009E8502005F96020008B50B4B1B7873B910
:10BA48000A4940F246330A4A0A4815F0FFFD0A48F7
:10BA580015F0FCFD40F24631054815F0EEFD1BF0EF
:10BA68001BFB064B185808BDFD5E00203C920200E7
:10BA7800119202009E8502004F9202000800000009
:10BA880070B5044649B90E490E484E230E4A15F0C2
:10BA9800DDFD4E210C4815F0D0FD0022D1E90156FC
:10BAA8000A48C1E901221AF0EBF93DB131462046B6
:10BAB8002B46BDE870406FF06D02184770BD00BF9F
:10BAC800B5B802009E8502006AB802009C0C0020EE
:10BAD80010B50C46817801290BD00C490C4840F26E
:10BAE800F2330C4A15F0B2FD40F2F231094815F074
:10BAF800A4FDA16904F118001160E26900211A602F
:10BB0800E27ABDE810401BF022BA00BFB8B80200C4
:10BB18009E8502006AB8020037B5051D04464FF439
:10BB28008061284617F079FA40053CD4D5E8AF3F44
:10BB3800D90326D5E37823B902211C4A1C4817F0FB
:10BB48006AFA637B072B2ED11A4B93F8D8309B06E1
:10BB580029D517F069F830B30DF1060101A8FEF7F1
:10BB68002BFA00BB2046BDF80620BDF8041017F0DC
:10BB7800C8F80346B8B101210F4A0D4817F04BFA2F
:10BB880011E00C4B93F8D8301A07D3D5204617F09C
:10BB98009DF8034620B10121084A054817F03BFAF1
:10BBA800637B072BC6D003B030BD00BFEBB80200E3
:10BBB8003C760200C004002004B90200CAB80200A2
:10BBC80070B505460022002316480CF011FE38BB5C
:10BBD800154B1C6834B154F8143C1C3C03B198470D
:10BBE800E469F7E7114C124EB44213D9114940F2F7
:10BBF8007B63114A114815F029FD114815F026FDFF
:10BC080040F27B610C4815F018FDA36803B1984712
:10BC18002034E9E7F9D32846BDE870400DF084B92F
:10BC280070BD00BF4C0C0020D8270020CC75020046
:10BC38000C7602009AB802006AB802009E850200DB
:10BC48005F9602002DE9F8430446FFF7F5FE1E4B08
:10BC5800D3F88030834211D120270025DFF86C808B
:10BC6800EFF3118387F31288BFF36F8FE16989B906
:10BC780083F31188BFF36F8FBDE8F8831449154823
:10BC880040F22713144A15F0E1FC40F2271112483C
:10BC980015F0D3FC206A0A68814208BF2262E2617B
:10BCA80083F31188BFF36F8FD1E901694046C1E979
:10BCB80001551AF0E5F81EB1002249462046B04762
:10BCC800FDF7F2FFCCE700BF301F00209C0C0020DE
:10BCD80020B902009E8502006AB802000448B0F844
:10BCE800043100F58470002B08BF0020704700BFA6
:10BCF800C004002070B58AB004460E46FFF79CFECB
:10BD0800144BD3F88020824205D120460AB0BDE802
:10BD18007040FFF797BF2434214618461AF02EF9D1
:10BD2800051E0FDA40F25F130B4A0C490C4815F058
:10BD38008DFC29460B4815F089FC40F25F11064836
:10BD480015F07BFC1EB1694620460DF0F3F80AB0E9
:10BD580070BD00BF301F00206AB80200C297020001
:10BD68009E85020066B9020038B5002204468A4260
:10BD780002D10024204638BD012004F1C803D3E8CD
:10BD8800EF5F002D04D1C3E8EC0FBCF1000FF6D132
:10BD980002D0D0340244EAE7002CEAD0C8220021BD
:10BDA80020461BF0D4F804F1400004490DF068FA6D
:10BDB800034904F124000CF08FFFDBE7D9CB000026
:10BDC80045300200F7B516460D4601210446FFF737
:10BDD80091FF012E23D0022E50D123693BB1304868
:10BDE8000121304A16F0DBFA204617F045F92561A3
:10BDF80021690B8A012B51D9CA681288043292B280
:10BE080093424BD341D9012100922548264A16F086
:10BE1800D9FA204603B0BDE8F04017F02DB92069E3
:10BE280040B9224A31461E4816F0B9FA204617F0A2
:10BE380023F901E02F8A2FB9284603B0BDE8F04066
:10BE4800FCF7CCB90C3016F051FD87420CD9184AD2
:10BE58003146134816F0A3FA00222046216901F062
:10BE680009FA00232361E7E720692A8AE9680C3088
:10BE780016F044FD2846FCF7B1F9B9E7334601212D
:10BE88000C4A074817F0C7F8D0E7002301222046DC
:10BE9800236103B0BDE8F04001F0ECB903B0F0BD98
:10BEA8003C76020081B9020001BA02009EB9020084
:10BEB800BCB90200E3B9020010B580B100F1C802B4
:10BEC800D2E8AF3FBBB1591CD2E8EF4F9C4204D136
:10BED800C2E8EC1FBCF1000FF6D1F1D110BD074943
:10BEE800074840F2BA53074A15F0B0FB40F2BA517E
:10BEF800044815F0A2FB1846F0E700BF1FBD02007A
:10BF08009E8502006AB8020010B5044670B921493E
:10BF180040F2E253204A214815F098FB204815F0DA
:10BF280095FB40F2E2511C4815F087FB24300CF0D9
:10BF380049FFC834D4E8EF3F5A1EC4E8E12F00296E
:10BF4800F8D1002B0CDC174940F2F353124A13487E
:10BF580015F07CFB144815F079FB40F2F351E2E749
:10BF6800012B15D160B1114940F2FC530A4A0B4824
:10BF780015F06CFB0E4815F069FB40F2FC51D2E756
:10BF88000C480CF0B1FBBDE810400B480CF0CCBFDE
:10BF980010BD00BF1FBD02006AB802009E850200E6
:10BFA8001CBA02003BBA020043BA020061BA02009E
:10BFB80075BA02004C0C00203C08002010B504465D
:10BFC800FFF77AFF0EF054F90C4B04F1BC01D3F8DB
:10BFD80024312BB90A4817F00EF80EF0BBF906E029
:10BFE800994208D10EF0B6F92046FFF78DFFBDE85B
:10BFF8001040FDF759BE1B68EBE700BFC0040020E6
:10C00800E4050020F8B5467B04468E420D4600AF95
:10C018001BD1082E98BF554B6C4688B094BF53F877
:10C028002630534B6A465349C2E905134FF400734F
:10C038009383514B42F8103F00234FF4E4514F488B
:10C04800F9F7BAFFA546BD46F8BD41730EB9FFF72B
:10C0580033FF637B082B00F2868001A252F823F09D
:10C06800BFC0000015C100004FC000004FC0000055
:10C078004FC000004FC000004FC000008DC000003E
:10C088004FC0000000213E480FF040FA0023C4E9E9
:10C098000D33E378012BD6D1A3784FF42032012B4E
:10C0A80008BF032304F1400008BF84F89830002338
:10C0B8000DF096F9C7E7082EC5D8DFE806F0200589
:10C0C800171C1C1C1720200004F1400528460DF001
:10C0D80015FA01212046FFF70DFE204616F0CCFF89
:10C0E8000022002328460DF003FAACE7237B13B1A6
:10C0F8002046FFF769FC2046FFF706FFA3E72B461B
:10C10800204A02211D4816F086FF9CE7237B3E2B20
:10C118000FD16D4688B06A461B4BC2E9053403232C
:10C1280042F8103F00234FF4C4511448F9F744FF74
:10C13800AD46164D05F58476616911B9FDF7B4FD74
:10C1480081E7A2690B68914208BFA3612046636139
:10C15800FFF796FCB5F80431002B14BF30460020D9
:10C168000CF0C2FAE8E72B46094ACAE7347D020018
:10C17800ACBA0200B6BA0200030000013C76020025
:10C188004C080020C7BA0200DEBA0200C004002032
:10C1980005BB0200F8B5074609480D461646FFF7E5
:10C1A8008BFE044650B183781F4203D1BDE8F840A6
:10C1B800FFF7AABE3146A8472046F7E7F8BD00BFFB
:10C1C800C0190020002201200149FFF7E3BF00BF8A
:10C1D8003930020070B505460E480E46FFF76CFE72
:10C1E8000446A0B1437B012B02D0073B012B0CD89E
:10C1F8002388AB4208D1A3781E4209D12B460221DD
:10C20800054A064816F007FF2046FFF77DFE002482
:10C21800204670BDC019002021BB02003C760200F8
:10C2280008B5114B98420AD303F1D002904206D2C6
:10C23800D022C01AB0FBF2F302FB130373B10B490F
:10C2480040F21A630A4A0B4815F000FA0A4815F03A
:10C25800FDF940F21A61064815F0EFF9074B001195
:10C268005843C0B208BD00BFC019002038BB020047
:10C278006AB802009E850200AFBC0200C54EECC43D
:10C288002DE9F84305460F4616461C469046994642
:10C2980019F084FE58B11749174840F23663174A17
:10C2A80015F0D4F940F23661144815F0C6F9344354
:10C2B8000BD0FFF7C1FB124BD3F88030834207D174
:10C2C8000221104A104816F06AF84FF00008C146DB
:10C2D8000E4942464B46002D14BF2846084616F024
:10C2E800DFFA044618B1791D0C30FCF73BF82046FC
:10C2F800BDE8F883C9BC02009E8502006AB8020046
:10C30800301F0020D8BC02003C760200EC0C002054
:10C3180010B5044605480CF007FE204600F0B2FEB2
:10C328002046BDE81040FFF74FBB00BF2C08002097
:10C3380010B5437B0446023B062B29D8DFE803F0FF
:10C348000B042828281E0900017300212046FFF746
:10C3580059FE002010BD8378012BFAD040F29F735C
:10C368000D4A0E490E4815F071F9A1780D4815F0DF
:10C378006DF940F29F71084815F05FF9008816F0D2
:10C3880081FC0028E6D1637B072BE2D10821DDE799
:10C398006FF07F00DEE700BF6AB80200AAE702007C
:10C3A8009E85020001BD02002DE9F04F002387B0F1
:10C3B80000AFFB607B619D4B5A8C3AB19C4DD5F820
:10C3C80024413CB91C37BD46BDE8F08F1B68002BE3
:10C3D800F4D1F7E754F8BC3903B1BC3B00269549C2
:10C3E80013E01346B5F80421002A00F0CB81D5F8F4
:10C3F8001021C2B904F1BC06002BE3D0D3F8BC204D
:10C408001C46002AEDD0A2F1BC039C42EAD18A491D
:10C4180040F2BD33894A8A4815F018F940F2BD3117
:10C42800864815F00AF90A68002AE3D0D4F8A8204B
:10C43800002ADFD0D4F8AC20002ADBD0D4F8B02012
:10C44800002AD7D0637B072B41D12046904700288C
:10C458003DD004F1C003D3E8AF3F022B37DC2046C0
:10C46800FFF72AFD04460028ACD0637B072B40F079
:10C4780086812046D4F8A830B5F8041107F11002D7
:10C4880098478046002800F06881B5F804213B6988
:10C498009A4208D30146D4F8AC60204607F1140349
:10C4A80007F10C02B0473B69D7F80CA07B60B8F8DD
:10C4B8001030D7F81490002B3BD1624940F29123F9
:10C4C8005E4A5F4815F0C2F840F29121A8E704F1EE
:10C4D800BC03B34209D15C4940F2DA33574A5848A1
:10C4E80015F0B4F840F2DA319AE7D4F8BC20C6B9AE
:10C4F800D5F82811C5F824218B4201D1C5F8282187
:10C5080000232046C4F8BC30D4F8B030984700283F
:10C51800ABD0637B072B40F032812046FFF74EFDFE
:10C52800A3E73260D5F82821934208BFC5F82861EF
:10C53800E6E7404616F0F1FA48B142494FF426734F
:10C548003E4A3F4815F082F84FF4267168E7B5F87F
:10C5580004313E48002B08BF0020002200230CF0C5
:10C5680047F960B137494FF42A73344A344815F013
:10C578006DF8374815F06AF84FF42A7150E7002231
:10C5880000232C480CF024F8064660B92D4940F2E7
:10C59800B3232A4A2A4815F059F82E4815F056F8B8
:10C5A80040F2B3213CE7C0E901A97B68B5F804B1C2
:10C5B8005B4598F8083098BFB7F804B0013B012BE9
:10C5C80009D9254940F2D3231C4A1D4815F03EF8E5
:10C5D80040F2D32124E7404616F09FFA814638B14D
:10C5E8001E49AD23154A164815F030F8AD2117E756
:10C5F8000146002200230D48FBF74CFC824658B147
:10C60800FBF70CFC164B414603EB00135A46504609
:10C61800FCF71AFC804638BB12494FF43773074AB7
:10C62800074815F013F84FF43771F9E6BC0D0020F0
:10C63800C00400209C0C002018BD02006AB802004B
:10C648009E850200AAE7020024BD0200C80500205A
:10C658003FBD020054BD020064BD02008CBD020053
:10C66800A4270020A6BD02007B68B5F8042194F831
:10C67800C4B093428CBF4FF001090BF1020384F858
:10C68800C49098BF5FFA83FB04F1C009D9E8EF2F83
:10C698000132C9E8E12F0029F8D104F11403314629
:10C6A80018467B6016F0A7FC94F802A0BAF1010FB7
:10C6B80057D108F10C02042110467A60FBF774FE8A
:10C6C80021880BF0FD0341EA03330380B8F81030EA
:10C6D8007A68043B43800221104616F0ECF8404685
:10C6E800FDF70AFA00284AD07860D9E8EF2F013A16
:10C6F800C9E8E12F0029F8D1314604F1140016F0F9
:10C70800A0FC7B685146204A204816F084FC40462D
:10C71800FBF764FD20463146FFF7B2F9B5F804315E
:10C728001B48002B08BF00200BF0DEFF6D4688B0C9
:10C738006A46184B53616FF00403C2E906340423B8
:10C7480042F8103F4FF4015110480023F9F734FC28
:10C758001321AD462046FFF7EBFD2046FFF7D4FB3B
:10C7680030E64FF440730C4A0C490D4814F06EFF44
:10C77800A1780C4814F06AFF4FF4407150E6FDF7B9
:10C7880093FAEAE79368FFDEC1AC02003C76020048
:10C79800C8050020D7BD02006AB80200AAE7020057
:10C7A8009E850200BABD020040F2E2432DE9F04145
:10C7B800D0F888600446B6FBF3F6031DB6B2D3E89A
:10C7C800AF2F920413D5B0F88C20B2420FD8B0F82E
:10C7D8008E20B2420BD3D0E92412914207D1D3E87C
:10C7E800EF1F21F40051C3E8E21F002AF7D1194BCB
:10C7F8001D6865B155F80C7C1C3D37B131462046A3
:10C80800B4F89230B4F89020B847ED69F1E7124DCA
:10C81800DFF84880454519D9114940F2FB73114AA0
:10C82800114814F013FF114814F010FF40F2FB7187
:10C838000C4814F002FF2F6937B131462046B4F88E
:10C848009230B4F89020B8472035E3E7F3D3BDE839
:10C85800F08100BFD8270020CC7502000C760200BA
:10C868009AB802006AB802009E8502005F9602002C
:10C878002DE9F041074608460D4616F0D7F9064659
:10C8880018B900263046BDE8F0811C4B1C6884B1FD
:10C8980054F8103C1C3C0BB9E469F8E729463846C3
:10C8A80098470028EDD0284616F0C0F90028F3D1A3
:10C8B800E7E7134CDFF84C80444518D9124940F695
:10C8C8003C03124A124814F0C1FE124814F0BEFE8E
:10C8D80040F63C010D4814F0B0FE2946384698470A
:10C8E8000028CED0284616F0A1F920B9C9E7C9D248
:10C8F800E368002BF1D12034DEE700BFD827002001
:10C90800CC7502000C7602009AB802006AB80200E0
:10C918009E8502005F9602002DE9F041C378044627
:10C928008BB900F17E06194B1D687DB11C3D04F1E1
:10C9380070076B691BB13A46314620469847ED6946
:10C9480025B11C3DF5E700F17706ECE7104D114FD6
:10C9580004F17008BD4216D90F4940F6C4130F4AB6
:10C968000F4814F073FE0F4814F070FE40F6C4111F
:10C978000A4814F062FE6B691BB1424631462046F4
:10C9880098472035E6E7F6D3BDE8F081D8270020A0
:10C99800CC7502000C7602009AB802006AB8020050
:10C9A8009E8502005F960200F8B5437A05468372B9
:10C9B800164616F095FC154B1C684CB154F8043C0F
:10C9C8001C3C1BB132462846697A9847E469F4E76B
:10C9D8000F4C104FBC4216D90F494FF422630F4A2F
:10C9E8000F4814F033FE0F4814F030FE4FF4226164
:10C9F8000A4814F022FEA3691BB132462846697A18
:10CA080098472034E6E7F6D3F8BD00BFD8270020C2
:10CA1800CC7502000C7602009AB802006AB80200CF
:10CA28009E8502005F96020038B505460C460F4801
:10CA38000121FFF799F9C0B1057223680367A3883C
:10CA4800A0F87430A37980F876300123437283729A
:10CA58008370074BC0F8A830064BC0F8AC30064BC3
:10CA6800C0F8B030054BC0F88C3038BDC019002074
:10CA780039CF0000D9BA000013300200180028008E
:10CA880070B505460A480E46FFF716FA044620B167
:10CA98008378012B04D0FFF737FA0024204670BDB5
:10CAA8003246294616F03FFB0028F7D12046F2E728
:10CAB800C0190020B0B500AF0D46FFF7E1FF0446EE
:10CAC80010B32846FBF7CCFE637B6D46082B98BF56
:10CAD8000E4A8AB094BF52F823300D4B6A46C2E919
:10CAE80007030C4B0C4953620C4BC2E9051442F87E
:10CAF800103F00234FF442510948F9F75DFA2046E8
:10CB0800AD46FFF701FA0120BD46B0BD347D0200F5
:10CB1800ACBA020001030204FABD020005000002DB
:10CB28003C760200F8B505460E480E461746FFF754
:10CB3800C3F9044620B18378012B03D0FFF7E4F949
:10CB480000240DE036B13246294616F0ECFA08B951
:10CB58002046F3E7637BBB42FAD1237AAB42F7D195
:10CB68002046F8BDC019002038B5044608460D46D1
:10CB780016F05CF838B3154B93F8D830990707D4FA
:10CB8800E37873B129462046BDE8384000F09EBBE3
:10CB980094F899309A07F3D5231DD3E8AF3F5B0487
:10CBA800EED42946204616F0E4FA58B92B88A4F8A2
:10CBB8008C306B88A4F88E30AB88A4F89430EB885E
:10CBC800A4F8963038BD6FF01500FBE7C0040020CC
:10CBD800F7B510F8333C0446A0F140068BBB30464D
:10CBE80016F021FB394B1D684DB155F8183C1C3D1A
:10CBF8001BB1304614F8341C9847ED69F4E7344DFE
:10CC0800344FBD4216D9344940F2C473334A3448CC
:10CC180014F01CFD334814F019FD40F2C4712F487C
:10CC280014F00BFD6B681BB1304614F8341C9847A0
:10CC38002035E6E7F6D3304603B0BDE8F040FFF70D
:10CC480063B910F83E3C012B3ED1A0F13C05D5E874
:10CC5800EF3F23F40052C5E8E12F0029F7D19904EA
:10CC68001FD5E36C69460093636D30460193FFF767
:10CC78007BFF034678B9D5E8EF3F23F48053C5E836
:10CC8800E23F002AF7D14FF40061284603B0BDE81F
:10CC9800F04016F0C2B9144A0221144816F0BBF944
:10CCA800F1E74FF42813124A69463046CDE90023CC
:10CCB800FFF75AFF034628B94FF48051284616F06B
:10CCC800ACF9E0E70B4AE7E703B0F0BDD82700204E
:10CCD800CC7502000C7602009AB802006AB802000D
:10CCE8009E8502005F96020033BE02003C76020079
:10CCF8001800280058BE02000B4B58B11A6862B9D8
:10CD080002693AB902685AB942684AB982683AB9B6
:10CD180042692AB91860002070476FF077007047A1
:10CD28006FF01500704700BFE827002008B568B10C
:10CD3800094B00F10C011A6822B9074816F05BF993
:10CD4800104608BD914204D01268F5E76FF015004F
:10CD5800F7E76FF07700F4E7E027002010B9024802
:10CD6800FFF7AAB800207047C019002010B50C487A
:10CD780019F079F80B490A4819F082F80A49084865
:10CD880019F07EF80949064819F07AF816F0ACFE51
:10CD980004F0A0FD044608B916F00AFB204610BDB1
:10CDA8009C0C0020B4270020C0270020CC2700209E
:10CDB80010B50268D2F8B4305BB90D490D4840F29D
:10CDC800F1230D4A14F042FC40F2F1210A4814F014
:10CDD80034FCD2F8B8401968A34200F14C0008BFEF
:10CDE800C2F8B8108342C2F8B410E6D110BD00BF33
:10CDF8003CBF02009E8502000BBF020008B5034637
:10CE08000121034A034815F0D3FA002008BD00BFEA
:10CE180056BF02009476020080B500AF88B06A461B
:10CE2800074BC2E90530032342F8103F00234FF4B3
:10CE3800C2510448F9F7C0F86FF00B00BD4680BD39
:10CE48007EBF020094760200044B1A680AB1FFF70D
:10CE5800E3BF0348586010460B607047EC2700207A
:10CE6800807D020070B5044652EA030007D1002213
:10CE780013462046BDE870400431FFF701BA0E485A
:10CE8800007870B90D4940F246330D4A0D4814F048
:10CE9800DDFB0D4814F0DAFB40F24631084814F087
:10CEA800CCFB1AF0F9F8094D094ED5F880503058E6
:10CEB8008542DED1DBE700BFFD5E00203C92020028
:10CEC800119202009E8502004F920200301F00203E
:10CED8000800000073B5054618462B680BB35B7B4A
:10CEE800072B1ED1002A14BF022301230E7A9E426B
:10CEF80009DD01210C4A0D48009615F063FA6FF020
:10CF0800150002B070BDCB7A072BF8D9C8618A61C9
:10CF180005F1300018F0B4FF284616F064F9002037
:10CF2800EFE76FF07F00ECE7A5BF02009476020000
:10CF38002DE9F04780460E469146D0F8B44000AF40
:10CF48004CB14C3C236B6BB104F1300A504618F0DD
:10CF5800ACFF054658B9FCF7A7FE00252846BD4694
:10CF6800BDE8F0872046FFF723FFE46CE8E798F870
:10CF78000D30072B0BD03C4940F2D7333B4A3C4895
:10CF880014F064FB40F2D731384814F056FB15F022
:10CF9800C4FD80B16C4688B06A46364BC2E9053597
:10CFA800032342F8103F00234FF4C2513248F9F7E7
:10CFB80003F8A546D1E72846FBF752F9236D054645
:10CFC800B3B9A38CB0F81080403B9BB23F2B03D879
:10CFD800238D984528BF9846042105F10C00FBF7DE
:10CFE800E3F9A0F80080A38C438008F104032365CB
:10CFF800236D2A8AB3420ED8934215D0A38C403BA6
:10D008009BB23F2B2CD92046FFF7D2FE236B13B1DE
:10D01800204616F0E8F8236D9E422CBF00269E1B82
:10D02800C9F80030266599E70022002350460BF026
:10D03800CFFA854209D0114940F209430B4A0C48FE
:10D0480014F004FB40F209419EE7FBF7C7F8A38CF4
:10D05800A3F140023F2AD6D8094AAA61EB61D2E778
:10D0680000221346F9E700BFC5BF02000BBF02004C
:10D078009E850200E6BF020094760200FEBF020011
:10D088006B3302002DE9F34104464FF000083D4D93
:10D098003D4FBD4271D93D4940F2A7133C4A3D4836
:10D0A80014F0D4FA3C4814F0D1FA40F2A71110E079
:10D0B80029884B1E3E2B0FD94FF4D573344A374974
:10D0C800344814F0C3FA2988354814F0BFFA4FF4ED
:10D0D800D5712F4814F0B1FA204616F039F90646F2
:10D0E800019068B14FF4D773294A2E49294814F0A2
:10D0F800ADFA29882C4814F0A9FA4FF4D771E8E75B
:10D1080020466B6801A99847002831DB019B2A88D3
:10D118009A829A8403F11002D2E8EF1FC2E8E06F06
:10D128000028F9D1DE641E659E60A16B03F1080238
:10D1380001BBC4E90D221C60C3F80C8003F1300068
:10D1480018F091FE019843681B6803B19847019B4A
:10D158001033D3E8EF1F41F00101C3E8E21F002AB2
:10D16800F7D101984368DB6913B100F110019847C2
:10D1780008358EE70A60A263DDE799D302B0BDE8FF
:10D18800F08100BFB4750200CC750200A7C0020090
:10D198000BBF02009E8502005F9602000EC00200CF
:10D1A8003DC0020068C002007CC0020073B50D4695
:10D1B8000646042105F10C00FBF734F92B8A428856
:10D1C80004469A4207D000921C4A01211C4815F0D7
:10D1D800F9F802B070BD43783BB90121194A1848E3
:10D1E80002B0BDE8704015F0DAB80378012BF0D032
:10D1F800132B06D1022AECD0022300931346124ABD
:10D20800E3E70221114A0E4815F0D2F861780222AC
:10D218000120356816F081F804460028D9D002218B
:10D228000C30FBF71DF90023214603704370284694
:10D2380002B0BDE8704016F0A1B800BFCEC0020031
:10D2480094760200EFC0020010C102003BC1020048
:10D2580008B50B8A032B06D80121044A044815F0A7
:10D268009EF8002008BDFFF7A1FFFAE763C102009E
:10D278009476020038B50B8A0546032B0C4609D86C
:10D2880001210F4A0F4815F08AF82046BDE83840BA
:10D29800FAF7A4BF042104F10C00FBF7C3F8418896
:10D2A800284616F07CF830B9074A0B460548022193
:10D2B80015F07EF8E9E7436821465B699847E4E79B
:10D2C80081C10200947602009EC1020070B5124B23
:10D2D8000C46197805460131C9B2012938BF012128
:10D2E80008221220197016F018F8064688B108218D
:10D2F8000C30FBF7B5F822883146028062884280FC
:10D30800A2888280E288C2802846BDE8704016F074
:10D3180035B86FF00B0070BDE85C002023281FD8DB
:10D328001A2804D8431E182B0ED906207047A0F1DE
:10D338001B03082B1ED8DFE803F0051D1B231D194E
:10D34800251D05000320704701230F4A83401A401A
:10D35800C2B90E4A1A40002A14BF0120062070479D
:10D3680000F07F03522B05D1002070470120704741
:10D378000520704710F0400F0CBF062000207047B2
:10D388000420704702207047AAAA8A025455450112
:10D3980038B50446EFF31185202383F31288BFF3D1
:10D3A8006F8F24480DF09AFC68B98823224A2349D4
:10D3B800234814F04BF91F49224814F047F98821F3
:10D3C8001D4814F03AF91B480DF0ACFC002323600B
:10D3D8001D4B5A689AB9C3E9004416480DF08CFCF5
:10D3E80080B94FF49A73144A1849154814F02EF965
:10D3F8001049174814F02AF94FF49A71E0E71460BD
:10D408005C60EAE785F31188BFF36F8F11480BF072
:10D418008BFD031E0CDA01210F4A104814F0C8FFD7
:10D42800002383F31188BFF36F8F0323184602DFAD
:10D4380038BD00BF4828002097920200C49202001D
:10D448009E850200D992020040280020EF92020037
:10D458000693020084080020D3C102002C76020043
:10D46800011F01480AF04CBD0C0B002008B50B4BFE
:10D478001B7873B90A4940F246330A4A0A4814F03D
:10D48800E5F80A4814F0E2F840F24631054814F08D
:10D49800D4F819F001FE064B185808BDFD5E0020AF
:10D4A8003C920200119202009E8502004F920200F7
:10D4B8000800000010B50446807AFAF7A7FC0B4B69
:10D4C80083420BD00A490B484FF4B5730A4A14F04B
:10D4D800BDF84FF4B571084814F0AFF82046FAF7D4
:10D4E8009DFC1822054B02FB003010BD200D0020CA
:10D4F8002BC202009E850200FCC102004C280020BD
:10D508002DE9F047074608460C46FFF7D3FFE368C6
:10D518000646D0F8089007F15802D2E8AF2FD20794
:10D5280009D40121284A294815F065FF6FF015052F
:10D538002846BDE8F087228A5AB9254925484FF47C
:10D54800DB73254A14F082F84FF4DB71224814F09B
:10D5580074F8E26812780271002202601B78D22BFC
:10D568000FD13B682146186816F086FF054640B182
:10D5780001211A4A154815F03EFF2046FAF72EFEFB
:10D58800D6E704F10C0015F0ADF90023B4F810A0AB
:10D5980080461A462146B760381DFFF79BFC0546B2
:10D5A8000028C5D010F1690F04D101210C4A0748A1
:10D5B80015F021FF6369A4F810A013FA88F3E3605B
:10D5C800C6F808903560B3E757C202002C7602000F
:10D5D80071C202009E850200FCC1020097C20200CF
:10D5E800AAC202000121024A024815F004BF00BF86
:10D5F800CDC202002C76020010B5044600F1540397
:10D60800D3E8EF1F41F00101C3E8E21F002AF7D178
:10D61800201F15F092FF04F17C0004490BF030FE46
:10D628002068BDE8104002F0E5BD00BF75E70000C6
:10D6380070B503788AB004460E4607AD032B20D890
:10D64800DFE803F002191B1D11492846F3F76CFCAB
:10D65800059563781E210493A37830460393E378F5
:10D668000C4A02932379019363790093A37912F00A
:10D67800A3FC0AB070BD0849E7E70849E5E708498F
:10D68800E3E70A212846074A12F096FCE0E700BFC4
:10D69800CD850200EF850200D4850200DB850200FB
:10D6A800E585020092CD02002DE9FF414FF0000808
:10D6B8004FF4205305460E46006802A91446176821
:10D6C8008DF80880ADF80A3015F094F9A0B142F64B
:10D6D8000103286803A98DF80C80ADF80E3015F009
:10D6E80089F948B123691BB15A88B24200D25E80D9
:10D6F800012004B0BDE8F0816168286815F07AF966
:10D7080010B100232361F3E7E368A0681A786AB1CF
:10D71800B7F81AC0798D038A8C4594BFC3EB0C0304
:10D72800C3EB0103934201DA0020E2E704210C3045
:10D73800FAF796FE20610680236929465E80074B2A
:10D748000194009338460023A26815F08FFF002843
:10D75800EADB2069003818BF0120CAE7A9350200B2
:10D7680073B50E46438D418B01328B4228BF0B4661
:10D778009A42054609D9022100921A481A4A14F019
:10D7880021FE0024204602B070BD3046FFF7C6FDDA
:10D79800022810D004280ED0FFF768FE134BD3F8E8
:10D7A800803083421BD0124B1B681A1A18BF4FF0E7
:10D7B800FF32134602E04FF47022002300210D4887
:10D7C800FFF750FB04460028DCD0FFF773FE012169
:10D7D800856004F10C00FAF743FE0670D2E70022D8
:10D7E800E7E700BF2C760200EAC20200301F0020E3
:10D7F80094280020200D0020F0B51D4603680E4631
:10D808000039044618BF012187B01868174616F07A
:10D8180059FC40B904F1580015F0E8FF002846D03B
:10D82800002007B0F0BD002D43D018220021684623
:10D8380019F08DFB6FB1002239462046FFF790FFA3
:10D84800019030B91C4801211C4A15F0D4FD112063
:10D85800E7E7236829461B68284600930023ADF8AC
:10D8680012300C9B164A0393BDF834308DF80860CB
:10D87800ADF8103001238DF814306B4615F0F6FD25
:10D888009DF8143063B1002FCAD00198FAF7A6FCAE
:10D898002A46314620469DF8143015F0B2FFBFE7FE
:10D8A80001990029BCD0204615F0B9FEB8E712202E
:10D8B800B7E70120B5E700BF2C7602000FC30200CE
:10D8C800033402002DE9F3471768054689460068C6
:10D8D80051681446D7F804A015F08CF88046002843
:10D8E8004BD195222946504616F07AFB06462075FC
:10D8F80040B1E3681B780BB184F81480002002B0B3
:10D90800BDE8F0872946504616F016FC10B90823E2
:10D918002375F3E7A0682675FAF7BAFC02210C30E4
:10D92800FAF79EFD164B2061A0F800900093019431
:10D93800334629463846A26815F098FE002807DACB
:10D9480010F1FF0F32BF0E204042C0B22075D5E75C
:10D958002369002BD2D0A06815F035FD7B8D7A8B1A
:10D968009A4294BFC0EB0200C0EB0300E3681B7847
:10D97800984294BF00200120C1E70120BFE700BF03
:10D98800DF330200F7B50B8A04460D4607683BB93A
:10D998000121284A284815F02EFD002003B0F0BDCB
:10D9A800012105F10C00FAF73DFD7B7B0646072BAC
:10D9B800F3D154F8043C002BEFD0002203781F4821
:10D9C800043C10F8327000EBC2019F420FD12A8A42
:10D9D80048788F78904220D9012100931648134641
:10D9E800174A14F0EFFC012FD7D104231EE00132AF
:10D9F8000C2AE6D102211048124A14F0D9FC3178D9
:10DA08000846FFF78BFC0028C7D00528C5D0062399
:10DA18000022204615F0F5FEBFE74B682046294650
:10DA28009847012F0346B8D10028B6D00022317894
:10DA3800EFE700BF28C302002C760200A87D020091
:10DA48005DC3020043C302002DE9F04F42F6010313
:10DA5800002591B0166880460F4600680BA9D6F8D5
:10DA6800049014468DF82C50ADF82E3014F0C2FFF7
:10DA7800002870D04FF42053D8F800000BA98DF877
:10DA88002C50ADF82E3014F0B5FF38B1A3681BB197
:10DA98005A88BA4200D25F8001200EE061680846C9
:10DAA80015F091FC728D738B9A4294BFC0EB020003
:10DAB800C0EB0300032803D8002011B0BDE8F08FA5
:10DAC8000846FAF7E5FB0546606815F07CFC728BA2
:10DAD800738D05F10C0B9A4294BFC0EB020AC0EBA0
:10DAE800030A584614F002FF824537D2606815F0E1
:10DAF8006AFC728D738B9A4294BFC0EB0200C0EB34
:10DB0800030070B96368987AFAF780F90022002355
:10DB180014F0C6FE05460028CED001466068FAF724
:10DB2800FDFB00230093D8F80460102341464846C3
:10DB380002AAB047061E0EDB227CE068B2422BD058
:10DB480001460BA814F084FF60B9237C144A022113
:10DB5800144814F02DFC0023A3609DE7584614F0E8
:10DB6800C5FECEE7F2B202A906A814F071FF10B9FB
:10DB78000D4A3346EBE706A90BA814F03BFF002833
:10DB8800E9D100230421637405F10C00FAF768FC5D
:10DB9800A0600780A3687EE702A919F0E0F9EEE724
:10DBA8007CC302002C7602009BC30200F8B54FF438
:10DBB8007022074600230F480D4614F071FE0446F4
:10DBC80038B901212B460C4A0C4814F0F1FB2046C9
:10DBD800F8BD00F10C0609213046FAF7C3FB2046D0
:10DBE800FFF768FC012187603046FAF739FC0570B9
:10DBF800EDE700BF200D002056BF02002C76020082
:10DC08002DE9F0410E8A0446043EF6B2022E08467B
:10DC18008CB001D0102E64D104210C30FAF702FC2C
:10DC28000DF1080805884788011D3246404614F062
:10DC38000FFF002857D09DB3002687B3AF422FD3DC
:10DC48004FF42053404601A98DF80460ADF8063022
:10DC580014F0D0FE40BB1422002107A819F077F970
:10DC680011212046FFF7A2FF0990002837D0012193
:10DC78000C30CDE90748FAF7F3FB00230A90394640
:10DC880003701A4A0B93284607AB15F0EFFB0A9B63
:10DC98001B78FBB90998FAF7A1FA0A2301E03D4677
:10DCA80001232A4610210EE042F60103404607A947
:10DCB8008DF81C60ADF81E3014F09CFE0028CAD008
:10DCC80010232A461946204615F09BFD00200CB06B
:10DCD800BDE8F0812046099915F0A1FCF6E711206E
:10DCE800F5E70420F3E70E20F1E700BFB1D6000006
:10DCF8002DE9F043036804460D4685B001211868F4
:10DD080016F0E0F940B904F1580015F06FFDB0BB0A
:10DD1800122005B0BDE8F08310220021684619F0F2
:10DD280016F921212046FFF741FF029048B34FF032
:10DD38000108DFF85490009405F10C072B8A012B99
:10DD480004D82046029915F06AFC18E0384614F009
:10DD5800C1FD6B464A46014606468DF80C8015F013
:10DD680085FB9DF80C30002BE8D00298FAF736FABC
:10DD78003246202120469DF80C3015F042FD002047
:10DD8800C7E71120C5E700BFF93802002DE9F043C5
:10DD9800036804460D4685B00121186816F092F90B
:10DDA80040B904F1580015F021FDB0BB122005B0B0
:10DDB800BDE8F08310220021684619F0C8F80F2149
:10DDC8002046FFF7F3FE029048B34FF00108DFF852
:10DDD8005490009405F10C072B8A012B04D8204697
:10DDE800029915F01CFC18E0384614F073FD6B46D8
:10DDF8004A46014606468DF80C8015F037FB9DF81B
:10DE08000C30002BE8D00298FAF7E8F932460E21D8
:10DE180020469DF80C3015F0F4FC0020C7E71120CF
:10DE2800C5E700BF99380200F0B51D4603680446EF
:10DE38000E4685B001211868174616F043F938B91F
:10DE480004F1580015F0D2FC48BB122005B0F0BD13
:10DE580065B310220021684619F079F83946204642
:10DE6800FFF7A4FE029018B3BDF828302946ADF894
:10DE78000430012328468DF80C300E4A6B46009476
:10DE880015F0F4FA9DF80C305BB10298FAF7A6F990
:10DE98002A46314620469DF80C3015F0B2FC002089
:10DEA800D4E72046029915F0BAFBF8E70120CDE740
:10DEB8001120CBE7993802002DE9F0410E8A04467B
:10DEC800043EF6B2022E08468CB001D0102E76D150
:10DED80004210C30FAF7A6FA0DF1040805884788E2
:10DEE800011D3246404614F0B3FD002869D085B3C1
:10DEF80077B3BD422DD80121606816F0E3F80646D5
:10DF080078BB42F602038DF8000069464046ADF83A
:10DF1800023014F06FFD20B342F60303404606A911
:10DF28008DF81860ADF81A3014F064FDC8B1012DF1
:10DF380003D14FF6FF739F4213D004F1580015F038
:10DF480055FC002814BF002012200CB0BDE8F08159
:10DF58003D4601232A460821204615F052FC0020A0
:10DF6800F3E7182200210DEB020018F0F0FF092159
:10DF78002046FFF71BFE0890F8B101210C30CDE9CF
:10DF88000648FAF76DFA0023099003700A23394608
:10DF98008DF82C30284606AB0B4A15F067FA9DF829
:10DFA8002C302BB10898FAF719F99DF82C30D1E7E5
:10DFB8002046089915F033FBD1E71120C5E7042066
:10DFC800C3E70E20C1E700BFCDD800002DE9F0431C
:10DFD8000F460446062187B007F10C00FAF722FA2B
:10DFE8000588B0F802808288D7F80C90C5B1002364
:10DFF800B8F1000F13D0454512D88DF800308DF8D0
:10E0080004304FF42053684601A9ADF80220ADF85A
:10E01800063014F0EFFC064660B10A2301E04546DD
:10E0280001232A460621204615F0EBFB002007B005
:10E03800BDE8F0830146142201A83F7C18F087FF51
:10E0480007212046FFF7B2FD0290D8B10A234146C6
:10E058008DF81530284601AB0B4ACDE903690194C8
:10E068008DF8147015F002FA9DF815302BB102984E
:10E07800FAF7B4F89DF81530D3E72046029915F061
:10E08800CEFAD3E71120D2E751DA00007FB5CB688A
:10E0980004461D885E8885B176B1B5420DD8102238
:10E0A8000021684618F053FF05212046FFF77EFD42
:10E0B800019058B9112007E0354601232A4604216A
:10E0C800204615F09EFB002004B070BD6B4631461B
:10E0D8002846084A009415F0C9F9029B23B901980B
:10E0E800FAF77CF80A23E9E72046019915F097FA30
:10E0F800E9E700BF8B3402002DE9F04182B000AFA0
:10E10800044688460022002339463A4809F06CFE46
:10E118000546B0B16D4688B06A46374BC2E905344A
:10E12800032342F8103F00234FF4C2513348F7F756
:10E1380043FFAD466FF00B0630460837BD46BDE8D5
:10E14800F081FFF793F93E682D4B2C221860294681
:10E15800301D18F0FCFE34603C6800220023C4E93E
:10E168000155C4E90A552748391D7D6009F03CFE70
:10E17800064688B123686C4688B06A462249C2E9D7
:10E188000513032342F8103F4FF4C4512B461B4894
:10E19800F7F712FFA546CDE77B680146B822184677
:10E1A80018F0D5FE194A8260603017F05CFE7B6873
:10E1B8005833D3E8EF2FC3E8E16F0029F9D17B6822
:10E1C8001C60A36A7D681BB904F10C0017F04BFEB4
:10E1D800A26A05F1B003C5F8B020E26AA36202B9E9
:10E1E800E36217227B685A855A830433C8F80030E3
:10E1F800A2E700BFEC0A0020BAC302002C76020096
:10E20800942800200C0B0020DFC302005C080020CB
:10E2180008B5437B072B06D002210C4A0C4815F0A1
:10E22800EAF8002008BD042115F0B9F810B9094A28
:10E238000121F3E700F15403D3E8AF3FDB0701D432
:10E24800054AF5E750F8040CECE700BF04C40200E7
:10E258002C76020012C4020057C202002DE9F04FCA
:10E2680085B000AFB860EFF31188202383F31288DC
:10E27800BFF36F8F6F480CF031FD68B988236E4A81
:10E288006E496F4813F0E2F96A496E4813F0DEF9F7
:10E298008821694813F0D1F96B4D66480CF042FDAE
:10E2A800284615F086F8044662482E680CF024FDCE
:10E2B80068B94FF49A73604A6449614813F0C6F923
:10E2C8005C49634813F0C2F94FF49A71E1E788F3A7
:10E2D8001188BFF36F8F002C5BD02046FFF7EAF858
:10E2E80003690021D0E902581822FB60D0F800A089
:10E2F80090F80490B0F806B018F029FEA07AF9F763
:10E3080085FD6169034659B1627AD00706D4DA6A95
:10E31800204612687B60926890477B6800226261A1
:10E328002146184617F0B7FDB9F1000F0DD065B1B9
:10E338002B6853B11B6843B1BAF1000F2DD00121EE
:10E348005346444A444814F033F816B30020B968D9
:10E3580017F014FE00281CDA6C468AB06A463F4B58
:10E3680053613F4BC2E906304FF4007313843D4BB1
:10E3780042F8103F00234FF411513748F7F71CFEBD
:10E388000023A54683F31188BFF36F8F0323184634
:10E3980002DF1437BD46BDE8F08F4846FEF7BEFFE2
:10E3A8000446281D15F023FB052C34D80123A3406F
:10E3B80013F01409C9D113F0090F05F1580217D148
:10E3C80013F0220F27D0D2E8AF3FDA0705D4012196
:10E3D800254A214815F00FF8B7E7EB6D002BB4D0AC
:10E3E8004FF47022002305F180000BF081F8ACE7B0
:10E3F8002B681C68D2E8AF3FDB07E8D5B8F1000FFF
:10E40800A3D01FFA89F35B459FD22046F968C0471D
:10E4180009F10109F5E74FF44673144A144908480D
:10E4280013F014F92146134813F010F94FF446710C
:10E438000E482FE74828002097920200C492020055
:10E448009E850200D992020040280020EF92020027
:10E45800069302002DC402002C76020065C4020057
:10E4680020C502000400000157C20200FCC10200DE
:10E47800AAE702004CC40200F8B50F461646FFF79B
:10E48800C7FEB0B1846A20461CB150F8B04904B147
:10E49800B03C731C194638B1428D458BAA4228BF3F
:10E4A8002A469A4207D264B902210A4A0A4813F056
:10E4B8007FFF0020F8BD32463946BDE8F840FFF737
:10E4C8004FB9D4F8B05005B1B03D20460B462C46A4
:10E4D800E2E700BF80C402002C760200002337B5B3
:10E4E800054601930C46FEF7C1FF0F4B1B6883429C
:10E4F80004D00E4BD3F88030834201D100252C463E
:10E5080001A92A4623460A4809F06EFC014640B98B
:10E51800019B1C22184618F01AFD0346184603B042
:10E5280030BD0023FAE700BF94280020301F0020E8
:10E538002C0B002010B50446806818B1F9F74EFE80
:10E548000023A3602146BDE81040014809F0D8BC6B
:10E558002C0B00202DE9F347044680300E46174661
:10E568001D460AF0CBFFE06D58B918480221184A39
:10E5780014F041FF204600F0D9F8002002B0BDE8B1
:10E58800F087144B4FF00008984205D12068C4F872
:10E598005C8015F05DFAF0E7D0F80490C0F80480CC
:10E5A800E06DD0F818A0FFF7C5FF2068C4F85C80BC
:10E5B80015F04EFAB9F1000FDFD02068CDF800A0B1
:10E5C8003B46324629460068C847D6E72C76020003
:10E5D8009BC402009828002070B5054650F8043CFA
:10E5E800044655F80469002B3AD039B1836D002BE5
:10E5F80036D01B7CDA0733D505231BE0304601F003
:10E6080061FE737A012B2BD0A46D4CB3237CDB07FE
:10E6180026D5E368002BEFD028466269617CFFF7B6
:10E628009FF8064668B9637C01210E4A0E4813F02C
:10E63800BFFE0E2300222846BDE870401146FFF7B2
:10E6480089BFE368D4E90512984718B13046F9F74D
:10E65800C5FDEEE731462846FEF752FF0028F5D102
:10E6680070BD00BFB2C402002C760200F7B550F8A6
:10E67800044C0546002C55D000F1AC0104F12800EB
:10E6880015F09BF82E1F05F15C0700220023384681
:10E6980009F09EFF024658BBAB6D2BB101466FF0E7
:10E6A80067033046FFF756FF002345F8043C05F1A1
:10E6B8005403D3E8EF1F21F00101C3E8E21F002A49
:10E6C800F7D1A36A73BB04F10C060022002330467D
:10E6D80009F07EFF78B9666886B921461248266037
:10E6E80009F00EFC286803B0BDE8F04001F002BE56
:10E6F800F9F774FDC9E7F9F771FDE6E7A268336831
:10E708009642636008BFA36077683FB1B3696FF052
:10E7180067010093002320681A46B8473046FFF780
:10E7280009FFD8E703B0F0BDEC0A002030B5054674
:10E73800044655F8043B89B0186814F014FD69467E
:10E74800FEF776FF2846FFF791FF13216068FDF773
:10E75800EFFD034620B10121024A034813F028FEC9
:10E7680009B030BDD2C402002C760200B0B588B022
:10E77800044654F8803D00AF186814F0F4FC39469C
:10E78800FEF756FF6D4688B06A460B4BC2E905375F
:10E798004FF400739383094B42F8103F00234FF462
:10E7A800E2510748F7F708FC2046AD46FFF7BEFFE1
:10E7B8002037BD46B0BD00BFF0C402000300000111
:10E7C8002C76020070B50E4658B9214940F6CE7332
:10E7D800204A214812F03AFF40F6CE711D4812F047
:10E7E8002CFF49B91D4940F6CF731A4A1A4812F04E
:10E7F8002DFF40F6CF71F1E7FFF70AFD044628B96F
:10E808003046F9F7EBFC6FF07F0070BD00F10C05A6
:10E818002846314617F034FBA06A38B150F8B049A1
:10E8280004B1B03C294614F008FF20B90020ECE7F9
:10E838001C466FF00100002CF8D0D4F8B03023B992
:10E848000230F5D020461C46ECE7B03BF8E700BFA5
:10E858001FBD0200FCC102009E85020061AA0200E1
:10E8680038B50C46054658B9184940F6E373184AB6
:10E87800184812F0EBFE40F6E371154812F0DDFE81
:10E8880049B9154940F6E473114A124812F0DEFE00
:10E8980040F6E471F1E70BF0EBFC2846FFF7B8FC13
:10E8A80020B90BF057FD6FF07F0038BD00232360BF
:10E8B80083683BB9C0E9014415F0CAF80BF04AFD7A
:10E8C8000020F2E71C608460F6E700BF1FBD02006D
:10E8D800FCC102009E8502001CC5020008B517F0A5
:10E8E800C6FE38B1034601210348044A15F051F920
:10E8F8006FF0040008BD00BF5C76020043C502004B
:10E9080010B51846144607491022A047041E07DA16
:10E9180023460121044A054815F03BF9204610BD5D
:10E928000024FBE7E81A002059C502005C760200C3
:10E9380070B50D4C064623780D46834204D128460F
:10E94800611C15F07BF958B9237CB3420AD12846DB
:10E95800064915F073F910B1012004EB001070BDE1
:10E968000020FAE70020FAE7CC280020DD28002064
:10E9780070B50D4C064623780D46834204D12846CF
:10E98800611C15F05BF958B9237BB3420AD12846BC
:10E99800064915F053F90028054808BF002070BD46
:10E9A8002046FCE70020FAE7901A00209D1A002074
:10E9B8009C1A002070B50D4C054623780E468342FC
:10E9C80003D1601C15F03AF960B9237BAB420BD137
:10E9D8003146074815F032F918B101200C2303FB22
:10E9E800004070BD0020F9E70020FAE7763C0020DF
:10E9F800833C002070B5204B144682689A420FD1A0
:10EA0800A568C66875B922793046216815F01EF9DF
:10EA1800024628B11949013015F03DF915701581E4
:10EA2800012070BDE0680028FBD02B888B420AD0FB
:10EA3800F6D2E068A36801380433E060003818BFF4
:10EA48000120A360EDE7256822792946304615F0B4
:10EA5800FDF8024660B93046084915F0F7F8024655
:10EA68000028E6D02946013015F015F923791370EE
:10EA7800A3685B881381DCE709F00000F4A40200B6
:10EA8800102110B50648FAF75BF8034630B1BDE827
:10EA980010400121034A044815F07BB810BD00BF9F
:10EAA800D81A00207AC502005C76020070B50646C6
:10EAB800134D40B12A4615F8011C6C1E14F033FBA7
:10EAC80098B120460CE028460E4915F0B7F840B931
:10EAD8000C4905F1100015F0B1F820B105F10F004F
:10EAE80070BD681EFCE70020FAE73046217C04F17F
:10EAF800110214F018FB0028F5D004F11000EFE71C
:10EB0800CD280020F4A4020010B54A1C0C4638B1E8
:10EB1800097814F008FB08B1204610BD0020FCE776
:10EB28001046024915F08AF8F5E700BFF4A4020080
:10EB38002DE9F04106460F46904614F09AF83946FA
:10EB480004463046FFF714FF0546B4B3A8B91C487D
:10EB580015F0A8F81B4A0446F0B102F1140015F0AC
:10EB6800A1F8D8B9012402F10C050C235C43601C00
:10EB78003946104415F08FF81655012105F10800A3
:10EB880001FA08F115F071F8BDE8F0414FF40042C0
:10EB980000230D480AF0ACBC1546E6E70B4940F2E5
:10EBA800C6530B4A0B4812F051FD0B4812F04EFDAC
:10EBB80040F2C651064812F040FDBDE8F08100BFA2
:10EBC800981A0020901A0020A81A0020D0C5020028
:10EBD800A0C502009E850200E2C502000246014669
:10EBE80010B5042311F8010B0832F9F777FF034633
:10EBF80030B1BDE810400121024A034814F0C9BFF2
:10EC080010BD00BF01C602005C7602002DE9F0418C
:10EC180080460F4616461D46FFF7CCFE044680B9CF
:10EC28001549FFF7C7FE044630B9BDE8F041012198
:10EC3800124A134815F039B8394600F8018B15F017
:10EC48002AF8228963896AB973B9268165812146C0
:10EC580011F8010B14F00DF840B12046BDE8F04161
:10EC6800FFF7BCBF964203D39D42EFD8BDE8F081C1
:10EC78009D422681EBD9E9E7F4A402001DC60200F3
:10EC88005C76020008B50121024A034815F00DF828
:10EC9800002008BD3CC602005C76020038B5144668
:10ECA8000E4B82680D469A4215D122792168C068B8
:10ECB80014F0CCFF78B1D4F8C8302F2B03D9BDE8B5
:10ECC8003840FFF7DFBF04EB830215810189013368
:10ECD8005181C4F8C830012038BD00BF09F00000D8
:10ECE80008B50121034A044814F0DFFF6FF015004E
:10ECF80008BD00BF90C602005C7602001FB5194629
:10ED08004FF428131046064ACDE902230823BDF81C
:10ED1800182000936B4414F0E2FF05B05DF804FB83
:10ED28001800280038B51546084B82689A420AD15F
:10ED3800C46829680134204614F080FF18B12046C1
:10ED4800696814F0A8FF012038BD00BF09F0000071
:10ED580008B513468168074A914209D11A7919689A
:10ED6800C06814F073FF18B1002303604360038187
:10ED7800012008BD09F000004FF4A47200230148E7
:10ED88000AF0B6BB701B002008B50421084814F02F
:10ED98006CFF6FF00201064814F072FF044814F08B
:10EDA80081FFC30701D5FFF7E7FF002008BD00BFBB
:10EDB800A01B0020024608B50749013014F06BFF7C
:10EDC80000230C3202F8043CD2E8EF1FC2E8E03F0F
:10EDD8000028F9D108BD00BFF4A4020010B5FFF760
:10EDE800E9FD044678B1014611F8010BF9F784FEF4
:10EDF800034620B10121054A054814F0CAFE002344
:10EE080023606360A360002010BD00BF9CC60200A1
:10EE18005C76020070B500F1700605463146007A4E
:10EE280013F027FF04463146287A54B1FFF7D6FF7E
:10EE3800034660B1BDE870400121054A054814F059
:10EE4800A8BEFFF7B7FD10B104604460846070BDD0
:10EE5800B9C602005C7602002DE9F04385B00E4683
:10EE680090469946044600AF58B90121344A3548BE
:10EE780014F01BFF6FF0150528461437BD46BDE892
:10EE8800F08307F1080113F08FFD054698B16D4630
:10EE980088B06A462C4BC2E905344FF4007393835B
:10EEA8002A4B42F8103F00234FF4E2512548F7F768
:10EEB80083F8AD46DEE72046391D13F087FB7868F6
:10EEC80058B10A22294611F0A3F8034628B10121B6
:10EED8001F4A1C4814F05DFECCE7002007F108012A
:10EEE800FFF768FD044620BB002EC5D01949FFF77F
:10EEF80061FD044638B90121174A124814F0D5FEBD
:10EF08006FF00B05B8E7002307F1080100F8013B93
:10EF180014F0C1FE04F1080104224846C047041E4B
:10EF2800AADA234601210D4A064814F032FE254686
:10EF3800A2E7002EEED10660466086609CE700BF1F
:10EF48001FA502005C760200CFC602000300000184
:10EF5800EBC60200F4A4020006C7020059C502006D
:10EF68002DE9F041234B1546826807469A4202D1A3
:10EF7800C468638933BB0120BDE8F081FCF7C4FF96
:10EF88000021E3686181002BF5D038469847F2E705
:10EF980005F170084146287A13F06BFE68B9164BE4
:10EFA8009C4202D12846FFF735FF3046134914F03A
:10EFB80072FE002323702381E2E74146304614F0B5
:10EFC8006AFEDDE72389002BDAD0264616F8011BF6
:10EFD8002846324614F0A7F80028D9D131462078BF
:10EFE800FDF74EFD0028CBD0437B072BC6D1FCF79D
:10EFF8008BFFC0E709F00000BC080020F4A4020061
:10F008002DE9F0471F46BDF8203006468846D1F85E
:10F018000C90002B4ED17B1E012B4ED8012F494658
:10F02800157818BF1588FFF76FFD0446B8B915B9EC
:10F038003846BDE8F0874946FFF766FD044638B90B
:10F048001F4802211F4A14F030FE6FF01000F0E74D
:10F0580006F17001013014F01EFE337A2370D9F8DE
:10F068001030DBB9B4F808A02581B9F80A30AB42F2
:10F0780003D04946404614F01AFEAA4505D000229E
:10F08800307A06F17001FFF753FD002DD0D10E49FB
:10F09800601C14F000FE25702581C9E72A46414608
:10F0A800304698470028C4DB01380128DAD96FF0C8
:10F0B8000D00BEE76FF00600BBE76FF00C00B8E785
:10F0C8005C76020028C70200F4A4020008B50121FA
:10F0D800114814F0CAFD10F0010F104B0AD1104A64
:10F0E8009A610D4814F0DEFD830713D4BDE808408B
:10F0F800FFF742BE1A8B588B012A4FF6FF7205D8CC
:10F10800904207D04FF6FF725A83EAE7904219837C
:10F11800E7D0F7E708BD00BFA01B0020501B002068
:10F128000100FFFF2DE9F0411F46BDF818300646E3
:10F13800012B904635D83B44012B3D4634DCFFF784
:10F14800B5FC044668B9FFF7B1FC044648B902218A
:10F15800184A194814F0A9FD6FF010052846BDE8B3
:10F16800F08197B10023217A98F8002021FA03F062
:10F17800C70703D522FA03F0C00718D50133032BBC
:10F18800F4D102F007021143217206F17001601CEC
:10F1980014F081FD337A01212046237014F04BFED0
:10F1A800DCE76FF00605D9E76FF00C05D6E76FF0DE
:10F1B8001205D3E742C702005C76020010B56FF073
:10F1C800020104460E4814F05BFD0D4814F06AFD78
:10F1D800C20704D5002200230A480AF089F920460C
:10F1E80014F089FC58B12046FFF760FC38B1037A67
:10F1F800DB0704D5BDE81040012114F01CBE10BD8A
:10F20800A01B0020701B00202DE9F04385B0894623
:10F2180016469846044600AF58B90121414A42486B
:10F2280014F043FD6FF0150528461437BD46BDE8B8
:10F23800F08307F1080113F0B7FB054698B16D4656
:10F2480088B06A46394BC2E905344FF4007393839A
:10F25800374B42F8103F00234FF4E2513248F6F79B
:10F26800ABFEAD46DEE72046391D13F0AFF97868EE
:10F2780058B10A22294610F0CBFE034628B10121D5
:10F288002C4A294814F085FCCCE7002007F1080136
:10F29800FFF74EFB044690B9FFF708FC044638B95F
:10F2A8000121254A204814F000FD6FF00B05BBE74B
:10F2B800002307F1080100F8013B14F0ECFCB9F158
:10F2C800000F2AD0022239464046B047061E07DA08
:10F2D80033460121194A144814F05BFC3546A3E76C
:10F2E8003B78022E237209D00221154A0E4814F0E9
:10F2F800DCFC0021204614F09EFD95E77B78012B6D
:10F3080005D931460F4A084814F043FCF1E7204676
:10F3180003F0010114F07FFD86E72046FFF74AFD60
:10F3280082E700BF1FA502005C760200CFC602007C
:10F3380003000001EBC602006EC7020059C50200B7
:10F3480090C70200E4C7020037B504460D46FFF730
:10F35800EFFA0246C0B1037A0C308DF8043014F08D
:10F36800A1FC022300F001008DF8050001AA29463E
:10F378002046F9F7C9FB034620B10121034A044896
:10F3880014F007FC03B030BD0346F0E735C80200AF
:10F398005C76020010B5104C1049204614F04EFC63
:10F3A800014638B9601E14F036FD214614F8010CE8
:10F3B800FFF7CAFF09490A4814F040FC014650B952
:10F3C800084814F028FDBDE81040074B187C03F1ED
:10F3D8001101FFF7B9BF10BDCD280020F4A4020029
:10F3E800DD280020DC280020CC280020012110B5D1
:10F3F800234814F03AFCC30740D40221204814F0F3
:10F4080034FC08401FD11F491F4A0B881F4CA242D9
:10F4180016D900B10B801E4940F207631D4A1E48E9
:10F4280012F014F91D4812F011F940F20761194859
:10F4380012F003F95068083203449BB20120E6E752
:10F44800F8D300B10B801649164809F019FF4FF49C
:10F45800A47200231348F9F7F7FB1349134809F07E
:10F468000FFF0221124814F000FC1248124909F05B
:10F4780007FFBDE810401148FDF758BC10BD00BF9C
:10F48800EC2800208E3C00200C7602002476020036
:10F4980065C80200A0C502009E8502005F960200B2
:10F4A800393F0200F81A0020F1FD0000701B00200F
:10F4B800A01B0020A81A0020C93F020094080020C1
:10F4C80003462DE9F04198B3008A88BB01244FF028
:10F4D800140C1949DFF864E0714528D9184940F23D
:10F4E8008373184A184812F0B1F8184812F0AEF8A9
:10F4F80040F28371134812F0A0F8D1E90076BB42BC
:10F5080004D30CFB0672143A93420ED93444A2B2C7
:10F5180014460831E0E70CFB057843450AD001356D
:10F528006219B54292B2F6D1F2E70025F8E7E4D3C2
:10F53800BDE8F0811046FBE70C7602002476020055
:10F548005EC80200A0C502009E8502005F96020008
:10F558002DE9F74F99464FF6FF73BDF8305007462F
:10F56800002D08BF1D462B4B90461B8800918342F7
:10F5780032D203B0BDE8F08F40468958019313F0AA
:10F5880039FA019B90B101340AF1010AA4B27368F7
:10F5980053452CD9009B31689C42EAD8BC42F2D32F
:10F5A8000BFB0AF28B18B8F1000FE5D1B9F1000F87
:10F5B8000BD1013D1846ADB221460E9A0D9B9847D6
:10F5C800002DD6D00028DED1D3E7DA689145DAD10C
:10F5D800EFE74FF0000ADAE701244FF0140B0E4E64
:10F5E80006E0C6D273682344BB42F2D29CB2083606
:10F5F8000A4B9E42F5D90A4940F64B03094A0A4884
:10F6080012F024F8094812F021F840F64B01054899
:10F6180012F013F88E3C00200C76020024760200CB
:10F628005EC80200A0C502009E8502005F96020027
:10F638001822002110B5E4B00DEB0200CDE901114C
:10F64800CDE9031117F083FC4FF41053ADF81430D3
:10F658008023ADF816304FF48063234C1022CDE997
:10F66800073401A962AB05A80CF080FD034630B150
:10F678001E4A01211E4814F08CFA64B010BD0146E0
:10F688004FF4AC720CA817F062FC224662990CA8E1
:10F6980016F0EAFF034608B1164AEAE74FF6FF718B
:10F6A8000120154A0CAB14F038FC1022134905ABA5
:10F6B8000CA816F0F0FF044662980CF015FD14B182
:10F6C80023460F4AD5E721460C4B03F11002187860
:10F6D80012F8014D0131082903F8014B1070F6D1D9
:10F6E800084814F0C2FAC8E70002C0038DC8020037
:10F6F8005C760200B6C802009F3B0200D81A0020C0
:10F70800D4C80200A01B00202DE9F0411849044686
:10F71800A1F1300015461E46BDF8187009F04AFFE1
:10F72800144814F0BFFA010705D4FFF781FFFFF76B
:10F7380031FEFFF7A5F92046FFF7B8F968B1037A5B
:10F74800DA070AD500F10C04204614F0ABFAC30717
:10F7580003D40221204614F088FA10233A4606936F
:10F7680031462846BDE8F041034B14F0B8BA00BF53
:10F77800281B0020A01B0020D81A002010B51A480A
:10F7880014F090FAC0F3C00080F0010408B9FFF744
:10F798004FFF154814F086FA0346134814F082FA0E
:10F7A800DA061FD5830606D5E4B1FFF7F3FDBDE8F9
:10F7B8001040FFF765B920210B4814F056FA1022C3
:10F7C8000A49881817F0CBFB48B9094809F096FE92
:10F7D800BDE810406FF00101034814F051BAFFF77B
:10F7E80075FCE2E710BD00BFA01B0020D81A00205E
:10F7F800701B002008B51021034814F036FAFFF7F3
:10F80800BDFF002008BD00BFA01B00202DE9F04F60
:10F81800B9B000AF0C46904637493A46D7F80801C8
:10F82800994612F0AFFE38B9FFF75AFA054628464E
:10F83800E437BD46BDE8F08F3E68391D304612F00A
:10F84800C5FE3EB901212D4A2D4814F02EFA6FF05D
:10F8580015043EE07868F8B94FF0000B07F1080A84
:10F868005146304687F814B013F09EF8054600B3A9
:10F878006C4688B06A46234BC2E905364FF40073DC
:10F888009383214B42F8103F4FF4E2515B461C48EA
:10F89800F6F792FBA546DAE70A22002110F0B8FB3A
:10F8A80003460028D8D00121184A154814F071F9E8
:10F8B800CDE7C7F810A0E4B1C022484607F12001FF
:10F8C800C047041E07DA23460121114A0C4814F0E8
:10F8D80060F92546ABE7A40807F12003C7E9063419
:10F8E8004FF6FF7101200B4A07F1100314F015FBC6
:10F8F8009DE72346F2E700BFEAC802001FA5020001
:10F908005C760200CFC6020003000001EBC60200CD
:10F9180059C50200FDE90000002330B5B5B00191DA
:10F928008DF808003393044601AB0D4601204FF6CD
:10F93800FF710B4A14F0F1FA339B73B19B0003AAD1
:10F9480029462046F9F7EEF8034620B10121054A79
:10F95800054814F01EF935B030BD1A46F0E700BF6F
:10F96800A5EC0000F1C802005C7602002DE9F34125
:10F9780000F17008CDE9001204460F46007A4146AE
:10F98800164613F076F905466B464FF6FF710120CF
:10F998000C4A14F0C2FA1DB14146207AFFF7BCFFA9
:10F9A8003946207AFEF7C4FF40B13146013014F0E1
:10F9B80072F91DB14146207AFFF7C6FC02B0BDE8D6
:10F9C800F08100BF2DED0000002307B50193FFF77C
:10F9D80077FD411C89B20846034A01AB14F09DFA31
:10F9E800019803B05DF804FB5B3B02002DE9F0438E
:10F9F80087B00C461646804602AF70B9734940F688
:10FA0800AA53734A734811F021FE734811F01EFE81
:10FA180040F6AA516E4811F010FE61B96F4940F6E0
:10FA2800AB536B4A6B4811F011FE6B4811F00EFE98
:10FA380040F6AB51EEE7437B072B40F0C280002332
:10FA48003B7342F603032068FB8107F10C0112F0B7
:10FA5800D1FF0546002843D1D4F80490B9F1000F2E
:10FA680005D101215E4A5F4814F01FF9A9E001237E
:10FA78002146009007F10802C847031E11DA6E46B6
:10FA880088B002AAD36104235749C2E9051442F891
:10FA9800103F4FF401512B465248F6F78DFAB54600
:10FAA8008FE0012B05D00121504A4E4814F071F81F
:10FAB80087E03B7A13F0300F00F083802046FFF791
:10FAC80083FF044660B9454940F6C953404A414856
:10FAD80011F0BCFD464811F0B9FD40F6C95199E74F
:10FAE800002320683B7342F6021307F10C01FB81E7
:10FAF80012F080FF88B12046FFF766FF044660B920
:10FB0800364940F6CF53324A324811F09FFD384803
:10FB180011F09CFD40F6CF517CE7002542F6021912
:10FB2800206839463D70A7F8029012F063FF10BBB9
:10FB3800002320683B7342F6021307F10C01FB8196
:10FB480012F058FF054600283BD1D4F80490B9F1CB
:10FB5800000F86D0022300902146404607F10C0290
:10FB6800C847031E8BDB022B9DD1BB891E4214BFE5
:10FB78000120002026E042F603032068391D3D716C
:10FB8800FB8012F037FF0028D2D04FF420532068B2
:10FB980007F108013D727B8112F02CFF0028C7D0C5
:10FBA80042F60103206807F10C013D73FB8112F056
:10FBB80021FF0028BCD02046FFF706FF0446002896
:10FBC800AED100201437BD46BDE8F0831FBD02004A
:10FBD800A0C502009E8502000FC9020024C90200C8
:10FBE80029C902005C7602003DC9020063C902000F
:10FBF8007CC902002DE9F8431546894694226968B4
:10FC0800064614F0EDF98046002842D1022230461B
:10FC18006968FFF7EBFE00283ED04FF47020002102
:10FC2800AF8AFEF75BFC0237044680B11D211C4BEE
:10FC380047613A464174C0F80C804360856130469C
:10FC4800FEF71AFC074638B92046FEF773FC6FF03A
:10FC58000B052846BDE8F88301234246414613F0C8
:10FC68006CFFA98A07F10C000231F8F7F9FB20F8BC
:10FC7800029BAA8A296917F043F921463046A760F2
:10FC8800FEF7EEFD05460028E3D02046FEF752FCBD
:10FC9800DFE74FF0FF35DCE76FF01505D9E700BF68
:10FCA800613B020030B505460C468BB071B9464938
:10FCB80040F64F43454A464811F0C8FC454811F004
:10FCC800C5FC40F64F41414811F0B7FC4B6873B989
:10FCD8000B6863B940494FF445633C4A3C4811F00E
:10FCE800B5FC3C4811F0B2FC4FF44561EBE73B48EA
:10FCF80013F0D8FF420761D515B16B7B072B60D194
:10FD080060680590FFF7DCFB2268ADF818003AB38D
:10FD180005A90291324900230191012100914FF672
:10FD2800FF710593FFF714FC059B1BB96FF00100E9
:10FD38000BB030BD6360059B04A9186800238DF8DB
:10FD4800103042F60303ADF8123012F053FE70B9CA
:10FD58000598C3689B799B0605D46FF01500E7E703
:10FD68000028E8D1E2E714F091F8ADF81800BDF8E2
:10FD780018003DB10123014622462846A375FFF726
:10FD880039FFD5E76FF07F0307930223ADF82030E2
:10FD980042F60213ADF8123005ABA5750293114B6C
:10FDA8004FF6FF710193012304AA00932B4609948F
:10FDB8008DF81050FFF7CCFB0798B9E76FF00A00F1
:10FDC800B6E76FF07F00B3E792C90200A0C5020052
:10FDD8009E85020099C90200AFC90200940500205F
:10FDE8008F3B0200E5000100F7B500F1300504463D
:10FDF800A0F12007284613F055FF8307C0F34006FB
:10FE08000ED5194940F25653184A194811F01EFCEC
:10FE1800184811F01BFC40F25651144811F00DFC23
:10FE280054F8083C6FF001012846019313F028FFAD
:10FE3800114B394644F81C3C104B304644F8183CEA
:10FE480001AB44F8103C042324F8086C24F8066C31
:10FE580024F80C3CFFF726FF18B90221284613F0B6
:10FE680004FF03B0F0BD00BFCCC90200A0C502006A
:10FE78009E850200FDC90200447E0200C5F1000013
:10FE88002DE9F843904614683C4B826805469A422F
:10FE980000AF20D1C6683389721CE3B1204631789F
:10FEA80013F041F9B8B14FF495722946204614F081
:10FEB80097F830B3032812D16C4688B06A46304BA5
:10FEC800C2E9053542F8100F00234FF4C4512D48FC
:10FED800F6F772F8A5460120BD46BDE8F883052867
:10FEE80020460CBF4FF003094FF0020913F015F933
:10FEF800814506D998F804304B45ECD288F804902F
:10FF0800E9E73146284613F0D2FE1F4B9E42E2D164
:10FF1800207A04F17001FEF74DFD05460028DAD07D
:10FF2800038913B94389002BD5D02046FCF778F90B
:10FF38002B89164A698922F8203002EB8003598000
:10FF480018231349134D03FB001300B202EB800280
:10FF58001A61042200EB40005D600F4D01EBC00107
:10FF680020469D609A82FFF79DFE0028B3D00121AC
:10FF78000A4A044813F099FEADE700BF09F00000F3
:10FF880018CA02005C760200BC080020723C0020FF
:10FF9800B4280020447E02005B3E02002CCA020006
:10FFA80030B505460C468BB071B9444940F66E33FE
:10FFB800434A444811F04AFB434811F047FB40F6D6
:10FFC8006E313F4811F039FB4B6873B90B6863B960
:10FFD8003E4940F66F333A4A3A4811F037FB3A48FF
:10FFE80011F034FB40F66F31EBE7394813F05AFE55
:08FFF80042075DD515B16B7BDA
:020000021000EC
:10000000072B5CD160680590FFF75EFA2268ADF8B7
:1000100018003AB305A9029130490023019101214A
:1000200000914FF6FF710593FFF796FA059B1BB9F8
:100030006FF001000BB030BD6360059B04A9186828
:1000400000238DF8103042F60303ADF8123012F0A1
:10005000D5FC70B90598C3689B79DB0605D46FF0B1
:100060001500E7E70028E8D1E2E713F013FFADF849
:100070001800BDF818002DB101462246284613F09D
:10008000EEFFD7E76FF07F0342F6021207930123DA
:10009000ADF8122005AA0292114AADF82030CDE940
:1000A00000324FF6FF712B4604AA09948DF81050C8
:1000B000FFF752FA0798BDE76FF00A00BAE76FF052
:1000C0007F00B7E792C90200A0C502009E8502002A
:1000D00099C90200AFC90200940500208F3B0200BD
:1000E000E50001002DE9F8431446404B82680746BD
:1000F0009A4203D001273846BDE8F883C6683C4BD6
:100100009E4210D03289A389711C9A42F2D1307874
:10011000FCF7BAFC05460028ECD0437B072B26D021
:10012000FBF7F6FEE6E74FF00008324DDFF8C89027
:100130004946284613F086FD78B90722294615F866
:10014000010CFCF7F3FC78B9236929461A6915F804
:10015000010C53881288FEF75DFD0C35B8F1000FD5
:10016000D0D14FF00108E3E7FBF7D2FEF5E7736962
:1001700023B13946984708B92846D1E73946942231
:10018000284613F031FF07460028F5D1A389022B3A
:1001900014D1338913F0020604D12846FBF7B8FEC8
:1001A000A660A7E728462269A188FFF727FD064633
:1001B000A8B92269937D01339375EEE7012B04D032
:1001C0002846FBF7A5FEA76094E7338913F00106E4
:1001D000E3D028462269A18813F041FF064628464D
:1001E000FBF796FE002EA66085DB83E709F0000092
:1001F000BC080020773C0020F4A40200012370B565
:1002000000F170058EB0044603902946007A8DF8FF
:10021000103012F032FD90B1227A52B302AE0421B6
:10022000304611F029FB00962421134A05A82B46DD
:10023000F8F7A8FB05AA10461049F6F745FA4FF65D
:10024000FF7101200E4A03AB13F06BFE204612F043
:1002500068FF9DF81010884209D2204612F030FF46
:10026000034620B10221074A074813F096FC0EB05E
:1002700070BD0092D8E700BFEDC8020015F800007D
:1002800089FE000049CA02005C760200F8B50E4BF8
:1002900005461B680E461746A3B11C6804B1043C12
:1002A00053F8043C1BB13A463146284698474CB1B6
:1002B000234664681B681CB1043C002BF3D1F7E7AC
:1002C000002BF0D1F8BD00BFF028002013B5044684
:1002D000009001204FF6FF716B46074A8DF804002D
:1002E00013F01FFE0021204613F0F0FE08B9FEF7C0
:1002F000F1FE02B010BD00BF89FE000073B50446D8
:1003000003464FF6FF710120184A04F1700613F0FE
:1003100008FE3146207A13F021FE3146207A12F091
:10032000ACFC50B1237A4FF6FF718DF804300120F8
:100330006B460F4A009613F0F4FD2046FEF7BAFB19
:10034000054688B13146207A12F097FC28B9284634
:1003500002B0BDE87040FEF731BD3146681C02B006
:10036000BDE8704013F09BBC02B070BD69EF0000A7
:1003700059ED000008B5054B0146184613F0E8FE9C
:10038000043B002814BF1846002008BDAC1B002009
:10039000084B00F5B8701A68074BD0E8EF1F994278
:1003A00004D1C0E8EC2FBCF1000FF6D1D0E8AF0FBC
:1003B000704700BFE8270020A81B002008B5FFF702
:1003C000E7FF0346C8B1D0E9001221B9002A0CBFEB
:1003D0000320022010E032B1836813B9094B1B7867
:1003E00033B9042008E00749087828B19B6833B97D
:1003F000003A18BF0122500008BD0320FCE701208D
:10040000FAE700BFE95C002008B50121024A034871
:1004100013F09CFE002008BD91CA0200B4760200D1
:100420000221024A024813F091BE00BFACCA02008A
:10043000B4760200002370B51A460446EC300D462F
:10044000FCF74CFD58B1693004D10121084A094834
:1004500013F07CFE2846BDE87040F7F7C3BE04F5F4
:10046000A0704FF47022BDE87040002309F044B83A
:10047000AAC20200B476020038B50446051D082160
:10048000284613F0BAFE084904F15700FBF74EFA6C
:1004900048B10821284613F096FE04480121044A79
:1004A00013F054FE082038BDE7440200B476020081
:1004B000C5CA020038B50546EC22002116F04BFDF6
:1004C000102105F12700FAF7C1FF044648B90521BC
:1004D000284613F092FEFBF71BFA034B18602046E8
:1004E00038BD0824FBE700BFF828002070B504469B
:1004F0000E4686B0FFF74CFF04F137021146F36851
:10050000054603F1100053F8046B834241F8046B75
:10051000F9D1237A052B00F29580DFE803F0172349
:100520002303936A02AB4B490093096804F1270344
:1005300004F1570001F08EFD58BB0A21201D13F075
:100540005CFEAB680299D4F8EC00984720460D2178
:1005500013F053FE201D102113F04FFE204613F020
:100560007BFE20E094F8DC10D4F8D83002ADCB400C
:10057000384903F001030095096843F0800304F152
:10058000570014F038F830B10121334A334813F0E2
:10059000DDFD082007E01022294604F1170016F0BF
:1005A000E2FC10B1042006B070BD0321204613F018
:1005B00024FE13F051FE0028F5D194F8DC3001330D
:1005C000DBB2142B84F8DC3009D10D21204613F066
:1005D00014FE1021201D13F010FE0020E3E710216F
:1005E00004F12700FAF732FF003818BF0120C000DD
:1005F000D9E7102104F12700FAF728FF0028C8D115
:1006000035B3EB6823B3164BE27A1B88D207ADF8FB
:100610000830A37C03F0010312D4002B14BF012384
:1006200003238DF809300023201DC4E938330C2141
:1006300013F0E3FDEB68D4F8EC0002A99847CCE78F
:100640005B00EEE70121074A044813F0C7FDA0E76D
:100650000220A8E7F8280020DECA0200B4760200D3
:10066000B0780200F7CA02002DE9F047044690B0C6
:100670000CAD10220021284616F06DFC237A052BC4
:1006800034D8DFE803F0060303063323D4F8D83068
:100690000C93D4F8EC3004F1470204F1C707CDE91C
:1006A000017204F1370803F17E0204F12709009278
:1006B00041464A46773304F1970001F063FCF0B1FC
:1006C000454A0121454813F041FD14E0D4F8E430D7
:1006D000002BDED02E4603F1100732461868596809
:1006E000083303C2BB421646F7D1D2E701213C4A88
:1006F0003A4813F073FD082010B0BDE8F087D4F835
:10070000EC3008AE03F177027E33019304F111035C
:100710000292009342462B4649463846039613F010
:100720008FFF08B12F4ACCE7237A052B0ED1D4F8DE
:10073000E01011B30B46AC4601F1100E624618688A
:100740005968083303C273459446F7D1D4F8EC30A6
:100750000DF1100A03F17E027733019304F10A03CD
:10076000029200934A462B4641463846CDF80CA0EB
:1007700013F066FF30B11C4AA3E71022284616F09A
:10078000EAFBE3E71022514604F1B70016F0EBFB59
:10079000F8B90D21204613F040FD07460028AAD0E5
:1007A00010210C30F7F760FE32460346164603CEA2
:1007B000AE4218605960324603F10803F6D139465B
:1007C0002046FFF737FE201D012113F016FD002003
:1007D00092E70B2090E700BF13CB0200B476020033
:1007E000F7CA020028CB02004BCB020073B5047A93
:1007F0000546022C23D844B190F8DC30D0F8D8401C
:10080000DC4004F0010444F080040321284613F086
:1008100004FD0646D8B110210C30F7F725FE0090F4
:1008200012482346006805F1270205F1570113F02D
:10083000E2FE044680B13046F7F7D4FC07E0032C13
:1008400008D0234601210A4A0A4813F0C7FC0820B1
:1008500002B070BD0024D8E731462846FFF7EAFD14
:10086000281D214613F0AFFC2046F1E7F8280020B0
:10087000F7CA0200B476020070B5061DCD680446C2
:100880000B21304613F09FFC2B4604F1170205F1B3
:10089000100153F8040B8B4242F8040BF9D1237A70
:1008A000012B09D0022B13D12046042113F0A5FC03
:1008B000BDE87040FFF79ABF0A21304613F048FCAC
:1008C0000028F1D03046002113F097FC002070BDC5
:1008D00003480121034A13F081FC0820F7E700BF19
:1008E000B4760200F7CA0200F7B50446FFF750FDE0
:1008F000251D06460E21284613F02AFC70B94E4BE2
:100900002022196804F1570016F02DFB30B902219E
:100910004A4A4B4813F01AFC082033E00C212046C9
:1009200013F07BFC07460028F6D040210C30F7F787
:100930009BFD414B02461B68014603F1200053F822
:1009400004CB834241F804CBF9D1203203F12001DA
:1009500053F8040B8B4242F8040BF9D13946204678
:10096000FFF768FD237A052B5DD8DFE803F0033C31
:100970000D035C590421204613F03FFCFFF736FFBE
:1009800000283FD003B0F0BD2046D4F8EC70FFF74C
:10099000FFFC04214FF0FF3306460DEB01000193ED
:1009A000FAF754FD0028B7D1019B264A84F8DC00F1
:1009B000B3FBF2F102FB11330193C4F8D83056B106
:1009C000336843B10B21284613F017FC38463368CF
:1009D000D4F8D81098470321204613F00EFC0E21BE
:1009E00013F00BFC0EE02046032113F006FC0E2151
:1009F00013F003FC28460A2113F0FFFB7368D4F8B8
:100A0000EC0098472846072113F0F7FB0820FFF772
:100A1000B1FC70B9204603B0BDE8F040FFF72CBD33
:100A200004212046DCE70121074A054813F0D6FBE4
:100A300072E70020A6E700BFF82800206FCB020075
:100A4000B476020040420F00F7CA020070B50446B7
:100A50000E4604F15705FFF79BFC2A46F36803F1A5
:100A6000200153F8040B8B4242F8040BF9D104F136
:100A7000770203F1200153F8040B8B4242F8040B78
:100A8000F9D12846FAF7AAFE00B303211C4A1D48F3
:100A900013F05CFB0E21201D13F0AFFBD4F8EC50DB
:100AA000D5F8A43033B9287A05F1700100F074FF4D
:100AB000C5F8A400D5F8A4309BB15A8A02F02402EC
:100AC0007AB15B7C9B070CD4032070BD2846FAF7F3
:100AD00091FE30B90B4802210B4A13F037FB0B2073
:100AE000F3E70A4B1D682DB9201D062113F085FB85
:100AF0002846EAE72046BDE87040FFF7F5BE00BF94
:100B00008ACB0200B4760200ABCB0200F8280020AA
:100B100038B504460D49A0F1EC05543008F0B4FB9B
:100B2000284613F0FCFB0A4A04F18403D3E8EF1FC4
:100B3000C3E8E02F0028F9D14FF0FF338834D4E820
:100B4000EF2FC4E8E13F0029F9D138BD5517010066
:100B5000A81B002080B500AF88B06A46074BC2E9E9
:100B60000530032342F8103F00234FF4C2510448DC
:100B7000F5F726FA6FF00B00BD4680BDC7CB02002B
:100B8000B4760200054BD3F8EC200AB1FFF7E2BFC0
:100B90000348EC33586010460B607047A81B0020D8
:100BA000487F02002DE9F0410B46064600AF0D21BB
:100BB000043013F0CDFA78B3DD68D6F8EC300220BB
:100BC00003F170084246197A00F0E4FF0446C8B900
:100BD0004046F7F749FE6D4688B06A46114BC2E9B8
:100BE00005304FF4007393830F4B42F8103F0F48CA
:100BF00023464FF4E251F5F7E3F90820AD46BD4630
:100C0000BDE8F0812B462E3405F1100253F8041B89
:100C1000934244F8041BF9D13046092113F0EDFA50
:100C20000020ECE7ECCB020003000001B4760200E8
:100C300038B5134B05461B78E3B101F00F04284685
:100C4000FFF7BCFB0F4B03281B780CBF04F00B0411
:100C500044F0040405F5BA70D0E8EF2F013203D157
:100C6000C0E8E13F0029F7D1D0E8AF3F2BB144F015
:100C7000010038BD01F00704E1E704F0FE00F8E7E9
:100C8000E95C00208C0A0020F8B50D460446D0F837
:100C9000EC60FFF77DFBEF68FB78102B01D006209E
:100CA000F8BDD6F8A4305BB1251D0F21284613F0FE
:100CB0004FFA80B92046FFF7FDFB60B1C0B2EFE705
:100CC000307A06F1700100F067FEC6F8A400002833
:100CD000EAD10820E4E7012363723B682046C4F8A8
:100CE0000A30BB88E38102232374B978FFF7A0FFA1
:100CF000E0742046FFF762FB1023607423753B7994
:100D000003F0030363757B7903F00103A375E37CB0
:100D10001A070CD5BB781B0709D50521284613F007
:100D20006CFA637D03F0020363750023A37505214C
:100D3000284613F00DFA002843D04C4B1B78A374BF
:100D4000E37C980606D5BB78990603D5142128467E
:100D500013F053FAE37CDA0735D5BB78DB0732D5DD
:100D60000D21284613F049FAA37D032184F8E830C9
:100D7000637D284684F8E93013F03FFA237BE17C59
:100D80003F7803EA0102100704D5E27AA07C02430F
:100D9000D2071CD4042F1CD80B4313F0040307D034
:100DA0002046FFF70BFB324B07EB87073B441B5CEE
:100DB00023722046D6F8A41013F0D0F958B90320B6
:100DC0006EE72C4BBAE700236375A375CCE70523C8
:100DD000EEE70023ECE7D4F8EC309B7A032B36D017
:100DE00024D8013B012B3FF674AF0521284613F0B0
:100DF000AFF90028E3D00C21204613F0FEF90221C0
:100E000013F00BFA054600283FF463AF06210C30BF
:100E1000F7F72AFBD4F8113029460360B4F81530EF
:100E200083802046FFF706FB002039E7042B7FF480
:100E300050AF237D627B934228BF1346102B7FF473
:100E40002EAF0521284613F083F90028B7D0237A66
:100E5000002BB4D00521284613F07AF90028C4D11C
:100E6000237A013B012BC0D8A9E700BFEB5C00202F
:100E7000C6CE0200EA5C00202DE9F041C6780446A7
:100E8000012E04D06FF015042046BDE8F08113F068
:100E9000A7F90546002800F0AB80071D042138465D
:100EA00013F056F9002840F0A6800321384613F0CD
:100EB0004FF910B16FF00F04E6E73146384613F0F2
:100EC00047F90028F6D12846FFF762FAD5F8EC304A
:100ED00006469B7A032B42D032D8013B012B48D9DE
:100EE0000F21201D13F034F90028CBD1D4F8A43001
:100EF00083B904F1700632462020217A00F08CFD7F
:100F0000C4F8A40030B932460420217A00F084FDF0
:100F1000C4F8A400D4F8A430002BB3D05A8A12F03D
:100F2000240FAFD0A17A022923D9587CC007A9D5B4
:100F300003291ED09206A5D51B7C102BA2D118E048
:100F4000042BCDD12846FFF739FA032804D1002E0F
:100F5000C6D0F368002BC3D0284B1B7807E0284687
:100F6000FFF72CFA032804D1002EB9D0F368002B28
:100F7000B6D0D4F8A4303BB12846FFF79BFA04461C
:100F800070B16FF068047FE7207A04F1700100F01F
:100F900003FDC4F8A4000028EED16FF00B0473E742
:100FA0000B21284613F039F906460028E9D0012123
:100FB0000C30F7F759FA092180462846FFF738FE2A
:100FC0002346224688F80000314605F1EC00FBF785
:100FD00085FF044618B13046F7F704F954E7384660
:100FE0000F2113F00AF90121284613F006F94BE707
:100FF0006FF07F0448E76FF0040445E7E95C0020E8
:10100000F8B5D0F8EC400646D4F8A430051D002B06
:1010100033D10221404A414813F098F80721404B50
:101020005F5CD4F8A4304BB11B7C002B5DD1D4F8AD
:10103000A40000F0D3FD0023C4F8A4300221284608
:1010400013F086F848B9072F94BF364B1F213A4654
:10105000204698BFD95DFBF7ABFC0321284613F06F
:1010600077F868B3304B1B6853B31D6805B10C3D6E
:1010700053F8083C002B41D143E081BB0D212846A9
:1010800013F066F8074620B1D4F8A40008B100F0C8
:1010900023FF254B1B689BB11D6805B10C3D53F820
:1010A0000C3C13B13946204698474DB12B46ED68AC
:1010B0001B681DB10C3D002BF4D1F7E7002BF1D1DB
:1010C000304613F02CF9637B072B24D1627AA37A84
:1010D0009A4220D02046BDE8F840FFF7CDBE013946
:1010E000C9B20E299BD909279BE70221284613F094
:1010F0002FF800289BD1A1E70C3D23B139462046AB
:101100009847002DDCD02B46ED685B68002DF3D1AD
:10111000002BF3D1D4E7F8BD8FCC0200B4760200E7
:10112000B7CE0200A6CE0200E0270020F8B5031DCE
:1011300006460F461846022113F00AF8044620B16D
:10114000B6F8E840B4FA84F464090321184612F0B2
:10115000FFFF80B139463046FFF752FFC4B102218C
:1011600019481A4A12F0F2FF0521D6F8EC00FBF7F5
:10117000E3F80020F8BD0121184612F0E9FF00282D
:10118000E8D10F21184612F0E3FF0028E2D1E5E78D
:101190000521304613F041F8054688B101210C3095
:1011A000F7F762F9234607702246294606F1EC005C
:1011B000FBF794FE0028DCD02846F7F713F8D8E7B1
:1011C0006FF06800D6E700BFB4760200B9CC020029
:1011D0001E4B10B5044618604FF0FF324FF0FF333E
:1011E0001B4806F071FF58B11A4941F23C331A4AC4
:1011F0001A4810F02FFA41F23C31174810F021FA4A
:10120000174808F093FA124807F02EF848B1114930
:1012100041F24133104A114810F01CFA41F24131B9
:10122000EBE774B10F4B1C1FD3E8AF3F5B0607D54C
:101230002046FFF759FB014610B12046FFF776FF25
:1012400010BDBDE81040FFF7EBB800BFF828002044
:10125000EC08002068CC020006CC02009E8502004B
:1012600000090020AC1B002010B512F0B9FF0446A5
:1012700010B96FF0150010BD0A21043013F03DF8CD
:101280000028F6D0237A062B11D8DFE803F00E04ED
:10129000040A100C0C0001212046BDE81040FFF7A5
:1012A00045BF0421F8E70221F6E70821F4E70348E7
:1012B0000121034A12F092FF0020DCE7B47602001D
:1012C000F7CA02002DE9F3410B8A04460E4643B9E2
:1012D00001212D4A2D4812F039FF002002B0BDE84F
:1012E000F081012106F10C00F7F7A0F8A4F1EC055C
:1012F000E83C07460421204612F02AFF3B7828B13B
:10130000234A0221214812F069FFE6E70E2B01D99A
:10131000204AF6E7DFF8808058F833204AB90221E6
:101320001E4A1A4812F05AFF07212846FFF7FEFE10
:10133000D3E71946284612F0E0FF3B7860B9022156
:101340001248174A12F04AFF0321204612F000FF0C
:101350000028C2D00821E8E708EBC301328A0979E6
:10136000914208D001210093084813460D4A11F01C
:101370002DF80A21D9E73146284658F833309847E6
:1013800001460028A9D0D0E711CD0200B4760200B2
:101390002CCD02005DCD0200707F02007FCD0200E7
:1013A00099CD02005DC302002DE9F04784B090F8AA
:1013B000E930D1F80C8023F0020380F8E930D0F84E
:1013C000EC6098F80030054600AF06F17009BBB339
:1013D00098F8063003F0C003C02B31D04046F7F731
:1013E00043FA6E4688B06C464FF4007A25466C4B43
:1013F000DFF8B081C4E90530A4F81CA045F8108FCF
:1014000000232A464FF4E2516748F4F7D9FD4846D5
:10141000B546F7F729FAA546644BA4F81CA0C4E921
:101420000530C4F81080604800232A464FF4E2518A
:10143000F4F7C6FD0A20B5461037BD46BDE8F08773
:1014400007224146484615F08EFD68B14146307A84
:1014500000F062FB044638B10146284612F07EFED9
:1014600030B3204600F0BAFB0D21281D12F070FEAB
:10147000002800F083804A460220317A00F08AFB7F
:101480000446B8B94846F7F7EFF96D4688B06A46A2
:10149000474BC2E905304FF400739383414B42F848
:1014A000103F4FF4E25123463F48F4F789FDAD4623
:1014B0000820C1E7F378002B40D106F17E031878AD
:1014C00001282AD19A7902F0C002402A25D1D3F806
:1014D0000120C4F83E20B3F80530A4F8423096F855
:1014E0007030D3B196F8763003F0C003C02B14D01F
:1014F00030493A1DC7E90198FC60FAF74FFED8F869
:1015000000303046C4F80130B8F80430A4F8053093
:1015100098F80630E371FBF703FA95F8E91011F03B
:1015200002010ED0244941F22903244A244810F034
:1015300091F841F22901214810F083F806F1770370
:10154000BDE72046F9F73AFA014630B116480221C4
:101550001C4A12F0FBFD03206EE72046F9F72EFA35
:1015600048B1194941F24D03144A154810F072F878
:1015700041F24D01DFE72046F9F732FA95F8E930FC
:101580005B0703D50A21284612F037FEB5F8E810AC
:1015900009B1002050E72846FFF732FDF9E700BF08
:1015A000B4CD020003000001B47602006FCE020049
:1015B000ECCB020055430200C8CD020006CC02006D
:1015C0009E850200E3CD02001ECE02002DE9F0410F
:1015D0000E460446D0F8EC80FEF7DAFEF6680121EC
:1015E000054633780F48104A271D12F0F7FD0A21EF
:1015F000384612F082FE38B16DB920463178FFF7D7
:10160000FFFC0020BDE8F0810B21384612F075FE8A
:101610000028F1D1F1E72B69002BEED04046984726
:10162000EBE700BFB476020040CE02002DE9F8439C
:101630000546A0F1E8060446884600AF0121304681
:1016400055F8EC9912F059FE38B3B8F1000F19D0E3
:101650000321304612F07CFDF8B14046F8F796F9C8
:101660000138C0B208288CBF0024364B4FF002016D
:1016700098BF1C5C304612F0C0FD21462846FFF79B
:10168000BFFC0AE099F80B303BB10321304612F061
:101690005FFD28B9284612F042FEBD46BDE8F8833A
:1016A0000521304612F054FDB8B114F8043C1B0774
:1016B00007D514F8033C180703D51121304612F062
:1016C0009CFD14F8043C23F0080304F8043C14F8CF
:1016D000033C23F0080304F8033C14F8033CD90747
:1016E00010D50621284612F088FD3046022112F05E
:1016F00084FD2068D0F8A46066B134F8041C002989
:10170000CBD1BBE79A0701D50821EBE75B07ECD506
:101710000A21E7E77030F7F7A7F86C4688B06A4609
:10172000094BC2E905304FF400739383074B42F82D
:10173000103F4FF4E25133460548F4F741FCA5460B
:10174000ABE700BFAECE020062CE02000300000194
:10175000B476020037B5A0F5A075A0F59E74D4E864
:10176000AF3FD5E8AF2F012100920748074A10F09C
:101770002DFE28460821FFF743FC0421204603B034
:10178000BDE8304012F039BDB476020077CE0200D9
:101790002DE9F84300AF044612F022FD054670B370
:1017A000061D0321304612F0D3FC40B3D4F8A40048
:1017B00008B100F013FA04F170094946207A00F0EC
:1017C000EBF88046C4F8A400E0B94846F7F74CF8B7
:1017D0006C4688B06A463E4BC2E905304FF4007350
:1017E00093833C4B42F8103F4FF4E2513A48434652
:1017F000F4F7E6FB0821A5462846FFF797FCBD460F
:10180000BDE8F8830E21304612F0A2FC28B1D4F8CE
:10181000A420537C43F0020353742B7A032B11D87A
:1018200023B10521304612F093FCA0B9D4F8A420CE
:10183000537C23F020035374D4F8A420537C23F06A
:1018400001030DE0053B012BF0D8D4F8A420537C14
:1018500043F020035374D4F8A420537C43F00103D5
:1018600053742B7D697BD4F8A4208B4228BF0B4690
:1018700030461374052112F06BFCD4F8A4305A7C66
:1018800010B342F010020D2130465A7412F060FC81
:101890000028B4D02021D4F8A40000F063F9D4F8D3
:1018A000A43005F147021E33573552F8041BAA42F3
:1018B00043F8041BF9D10023D4F8A42053619361A9
:1018C000D4F8A42093839AE722F010025A7496E782
:1018D000ECCB020003000001B4760200012208B53F
:1018E000034B04481A70F9F7C9FF002008BD00BF78
:1018F000E95C00200809002008B558B90A490B48DE
:1019000040F24A230A4A0FF0A5FE40F24A21084855
:101910000FF097FE437C5B0604D4BDE8084001212C
:10192000F8F788BF08BD00BF16CF02009E850200F1
:10193000E6CE02002DE9F041144D06462F4617F879
:10194000013B0C4683424FF0010804D10722384680
:1019500015F009FBA0B1B8F1000F05D007223846F9
:101960000B4915F000FB70B92E702268094BC5F8C1
:101970000120A2889A80A2799A7140F21123EB602B
:101980000248BDE8F0810020FBE700BFFC280020F2
:10199000F4A40200FD28002008B549B9064907480B
:1019A0007123074A0FF056FE712105480FF049FEDA
:1019B000BDE80840FFF7BEBF2ACF02009E850200A7
:1019C000E6CE02000B4610B51146044663B909493C
:1019D0000948CD23094A0FF03DFECD2107480FF0FD
:1019E00030FEBDE8104018470548428A2242F8D12F
:1019F00010BD00BF3ECF02009E850200E6CE020071
:101A0000FC28002008B5002202200249FFF7DAFF77
:101A1000002008BDF9180100F8B50E46054611462C
:101A20004AB10F4C00272046638A10F8012B2B4047
:101A30000BD11846F8BD0B490B48DA230B4A0FF0BF
:101A400009FEDA2109480FF0FCFD964203D1072276
:101A500015F089FA08B13846ECE72046EAE700BFFE
:101A6000FC2800202ACF02009E850200E6CE02005C
:101A7000F8B506460C4659B92149224840F20313ED
:101A8000214A0FF0E7FD40F203111F480FF0D9FD86
:101A90000B78012B01D00020F8BD8B7903F0C00337
:101AA000402BF8D1194D002329466F8A11F83E2B9F
:101AB000BF0704F1010006D5B24204D1062215F099
:101AC00052FAD0B100236A8A297802F00202002B70
:101AD000E1D1002ADFD0B142DDD1671C39460C4884
:101AE00010F03DFF01230028EDD0D4F80130C5F8F7
:101AF0003E30B4F80520074B9A800448CCE700BF7D
:101B00002ACF02009E850200E6CE0200FC280020BB
:101B10002A2900203A29002010B529B10D4C23783C
:101B200083420DD0002010BD0B490C484FF49A732E
:101B30000B4A0FF08FFD4FF49A7109480FF081FDA9
:101B40000722601C15F00FFA00280CBF2046002069
:101B5000E9E700BFFC2800202ACF02009E85020092
:101B6000E6CE020008B558B9074908484FF4A273F9
:101B7000074A0FF06FFD4FF4A27105480FF061FDA9
:101B8000438A1943418208BD16CF02009E85020098
:101B9000E6CE0200F8B506460F4615464AB90C498E
:101BA0000C48EC230C4A0FF055FDEC210A480FF0CD
:101BB00048FDFFF731FF044640B929463846FFF794
:101BC000EBFE044610B13146FFF7CCFF2046F8BDCE
:101BD0002ACF02009E850200E6CE020010B5044620
:101BE00058B90E490E484FF4AA730E4A0FF032FD51
:101BF0004FF4AA710B480FF024FD037A5B0701D55F
:101C0000F8F708FF214611F8010BF6F7FBFF204615
:101C1000BDE810404422002115F09DB916CF020006
:101C20009E850200E6CE02002DE9F04194B01546F3
:101C3000044602AF38B901219B4A9C4810F0B3FB1F
:101C40006FF0150642E03822184607F11001A84748
:101C5000051E06DA2B46964A0121944810F0ACFB8B
:101C6000EEE7204607F1080110F0A2FE064698B103
:101C70006D4688B002AA8F4BC2E905344FF4007359
:101C800093838D4B42F8103F00234FF4E251874875
:101C9000F4F796F9AD46D3E72046391D10F09AFCCB
:101CA000786838B10A2231460EF0B6F9034608B119
:101CB000824AD1E73DBB29463F2007F10802FFF7E2
:101CC000ABFE40B14422294615F045F9304648376D
:101CD000BD46BDE8F08107F10800F6F7C5FD6C468A
:101CE00088B002AA764BC2E905304FF400739383A3
:101CF000714B42F8103F4FF4E4512B466B48F4F718
:101D00005FF9A546E2E7002007F10801FFF712FEA0
:101D10000446C8B907F10800F6F7A6FD6D4688B07D
:101D200002AA684BC2E905304FF400739383624BFB
:101D300042F8103F4FF4E25123465C48F4F740F973
:101D40006FF00B06AD46C1E7382D3B7C4CD0102B15
:101D50003ED8342D3CD140F2112307F11005C36069
:101D600007F1400C00F110032A4603CA62451860CF
:101D70005960154603F10803F6D110681860E27B3C
:101D8000B4F80D3043EA0243022B74D1637CDA07C6
:101D90009CD513F0300599D107F10800F6F764FDE2
:101DA000E84688B002AA484BC2E905304FF40073F8
:101DB0009383414B42F8103F4FF4E4512B463B488C
:101DC000F4F7FEF8637CC54623F0010363747DE7F6
:101DD0003823012100933D4A2B46344810F0F6FA8F
:101DE0002046FFF7FBFE2BE7102B32D840F21123E1
:101DF00007F11005C36007F1400C00F110032A46FB
:101E000003CA624518605960154603F10803F6D10C
:101E100010681860638A03F0220213F020056282C2
:101E2000ADD107F10800F6F71FFD6E4688B002AA93
:101E3000274BC2E905304FF4007393831E4B42F8E1
:101E4000103F4FF4E4512B461848F4F7B9F8B54663
:101E5000C6E707F1100300F10C0507F1480C1A461C
:101E600003CA624528606960134605F10805F6D18A
:101E7000237B112B83D007F10800F6F7F5FC6D46A4
:101E800088B002AA134BC2E905304FF40073938364
:101E9000094B42F8103F00234FF4E2510348F4F796
:101EA0008FF8AD469CE700BF1FA502008C760200AC
:101EB00052CF0200CFC6020003000001EBC60200B1
:101EC00071CF020094CF020031D00200B3CF0200E4
:101ED000D1CF0200F1CF0200024610B558B90E4929
:101EE0000E4840F289130E4A0FF0B4FB40F28911FC
:101EF0000B480FF0A6FB0146382311F8010B0C32FA
:101F0000F6F772FE044628B101210346054A064849
:101F100010F052FA204610BD16CF02009E85020036
:101F2000E6CE020096D002008C760200884210B500
:101F300000EB020311D98C18A04211D20D4940F2D6
:101F4000B3230D4A0D480FF085FB0D480FF082FBBF
:101F500040F2B32108480FF074FBEFD09942ECE750
:101F6000013A114411F8012900F8012B8342F9D1FB
:101F700010BD00BFBEB502008CB502009E850200F8
:101F800015B602002DE9F0479AB01646DDE9239711
:101F90000CAA84468A4690461D462C4B03F1300E0F
:101FA000144618685968083303C473452246F7D1AC
:101FB00018681B79614620602371202204A8FFF76E
:101FC000B5FF6B462022224804A900F071F80446B0
:101FD000C0BB102251460DF13500FFF7A7FF1022BC
:101FE00031460DF14500FFF7A1FF294611F8013BED
:101FF00006220DF156008DF85530FFF797FF229914
:10200000062211F8013B0DF15D008DF85C30FFF701
:102010008DFF4B4635224146684600F049F804469C
:1020200080B9484612F0D9FA012335228DF83030B4
:1020300041463B46684600F03BF8044610B9384636
:1020400012F0CBFA20461AB0BDE8F087B278020051
:10205000C3D0020070B50E461D46144698B0014626
:10206000202204A8FFF762FF202231460CA8FFF7C8
:102070005DFF1022294614A8FFF758FF10222146C1
:102080006846FFF753FF6B465022184604A900F03C
:102090000FF840B9039B054A1BBAB3FBF2F102FBF0
:1020A00011331C9A136018B070BD00BF40420F007E
:1020B0002DE9F0418EB007460C4615460021182246
:1020C00008A81E4614F047FF4FF41053ADF81C301B
:1020D0008023ADF81E304FF44063DFF854801022A7
:1020E000CDE90938394605AB07A80AF043F803469D
:1020F00048B1104A1048012110F05EF96FF0040059
:102100000EB0BDE8F08106AB029310232246414693
:10211000CDE9006305982B4614F0F8FA04460598BB
:1021200009F0E6FF2043EBD0044A2346E2E700BF74
:102130000002C00383B6020044760200DDD0020034
:1021400010B5094C0A44914200D110BD11F8013B71
:1021500058400309E35C0001C0B243401809205C09
:102160001B01DBB25840EEE7F6D00200F8B50426BA
:102170000D460769374438462A8AE968F3F786F836
:1021800010F10C0F04460BD14B2013F00BFE013E57
:10219000F1D122460649074812F0A6FA2046F8BDBA
:1021A0000028F6DB2846F6F71DF80024F6E700BF06
:1021B00006D102006C7602002DE9F04F1746D2F8E6
:1021C000109002780546042A884687B001F1FF3353
:1021D0000BD0052A00F09580022A40F0D480032B12
:1021E00061D8042200926B4A04E0012B09D8022234
:1021F0000092694A0121694810F0E8F807B0BDE88B
:10220000F08F43783E2B30D1C678B31E5E425E41DC
:10221000B5F80120A8F10303B3EB122FADF8142099
:102220004FEA122826D116B300230024CDE9023448
:10223000DFF86CB1DFF864A13146DDE902239DF8D7
:102240001400F6F7BFFD0446C0B100F10C060222EF
:1022500005A9304610F056FB304610F04BFB804588
:1022600014D9434600904F4A37E00026D0E74FF498
:10227000A023DAE74C4ACDF80080BBE7002EBDD1A1
:1022800002215A46504610F08EF8D5E742463046B5
:10229000E91C10F037FB21463846D9F8003007B06A
:1022A000BDE8F04F1847002200230820F6F734FD60
:1022B0000446D0B1D5F80130A8F1050600F10C08AC
:1022C0000422404605A9059310F01CFBBDF816300A
:1022D0009E4250D000933346344A01212F4810F0DB
:1022E00075F82046F5F77EFF88E70121304A2B4834
:1022F00007B0BDE8F04F10F056B832464046691DB1
:10230000C7E7032B03D8042200922A4A72E700226F
:1023100000232020F6F700FDDFF89CA00446C0B1A2
:10232000D5F80130A8F1050600F10C08042240465A
:1023300005A9059310F0E6FA0023CAF80030BDF8AD
:102340001630C3F30D039E4215D01C4A009333464A
:10235000C3E76421DAF80020B2FBF1F301FB132399
:102360001BB917490D4812F0BFF9DAF800300133F4
:10237000CAF8003042E7404610F0BCFA8642BCD9A9
:10238000334600906FE70F49044807B0BDE8F04FAF
:1023900012F0AAB9D1D102001ED102006C7602005F
:1023A00079D10200AED102004AD1020015D202005A
:1023B000FBD1020042D20200402900208CD2020050
:1023C0006CD20200BAD2020070B5056900200E4638
:1023D00000F060F8044630B102461549154812F085
:1023E00083F9204670BD286CF2F7C2FE044628B17E
:1023F00010F1780F02D002460F49EFE7286C05F183
:102400000C02291DF2F7F4FE044610B102460B49F6
:10241000E4E74FF48032002305F1280006F0ECF9E0
:10242000044610B102460649D8E72E60D9E700BF3E
:10243000CED202006C760200F3D2020023D3020057
:1024400047D3020038B50569281DF2F7F3FE0446AC
:1024500030B102460B490C4812F046F9204638BD0F
:10246000286CF2F7A5FE044610B102460749F2E7D0
:1024700012F03FF9044610B102460549EBE7286027
:10248000ECE700BF67D302006C76020092D3020033
:10249000B6D3020010B50D4BD3F8404414F4807449
:1024A0000BD00B490B4840F286430B4A0FF0D2F891
:1024B00040F2864108480FF0C4F810220120C3F80A
:1024C0004024F6F72BF9204610BD00BF0030005025
:1024D00034D402009E85020002D4020037B54023A6
:1024E0000C460A490093411A491105462346084AF9
:1024F000084812F004F9011E05DA2846234603B005
:10250000BDE83040184703B030BD00BF5829002057
:102510006B4702008C71020010B5EFF31184202389
:1025200083F31288BFF36F8F074A136823F0020109
:10253000DB07116002D4012002F0B6FE84F311889B
:10254000BFF36F8F10BD00BF082A0020C9B2032956
:1025500008B509D909490A487E230A4A0FF07AF8D2
:102560007E2108480FF06DF80C22036901FB02334D
:10257000D3F8880000F0070008BD00BFBDD40200FA
:102580009E85020080D4020070B5C9B20329036998
:102590000BD9194919484FF4E873194A0FF05AF842
:1025A0004FF4E87116480FF04CF8EFF31185202432
:1025B00084F31288BFF36F8F0C2606FB0134D4F826
:1025C000884014F0C00408D0A24206D085F31188D8
:1025D000BFF36F8F4FF0FF3070BD012271430B448A
:1025E000C3F8882085F31188BFF36F8F43680B44CD
:1025F0005B6898470020EFE7BDD402009E8502008B
:1026000080D4020070B50D4606490446411A4911AE
:1026100040220548FFF7B8FF2B4601462046BDE89B
:1026200070401847582900208C7102002DE9F047AE
:102630000022012107460520F4F7E8FF124802F0C6
:10264000A3FD0446D0B902F0D3FD25464FF00C0A95
:102650004FF00108DFF834903E69494606EB45101B
:102660000FF0C5F9031E0CDB0AFB05660135042DCE
:10267000C6F88880F0D12046BDE8F0876FF00404EA
:10268000F9E71C46F7E700BF21270100E87F0200B9
:102690007FB500220123CDE9022304ABCDE9043349
:1026A000094A6B46CDF800D0CDF804D012F056F8A8
:1026B000002805DB4FF480420023684606F09CF8B2
:1026C00007B05DF804FB00BF8F4702000C22124BDD
:1026D000014602FB0033002030B4D3E92052C3F896
:1026E0008000EFF31180202484F31288BFF36F8FF2
:1026F000D3F8884004F0C00444F00204C3F88840D2
:1027000080F31188BFF36F8F1DB12B4630BC034897
:10271000184730BC704700BF582900208C71020058
:1027200008B5092822D8DFE800F00513212121216E
:102730002115110F134BD3F8880010F007001FD19B
:10274000BDE80840FFF7C2BF0220F9E70320F7E722
:102750000120F5E70C4940F2FA230C4A0C480EF030
:1027600079FF40F2FA2109480EF06BFF06494FF459
:102770004173064A06480EF06DFF4FF44171F2E7CF
:1027800008BD00BF58290020AAE7020080D402003B
:102790009E85020010B4EFF31182202383F3128888
:1027A000BFF36F8F1848016841F002040460C80746
:1027B00007D482F31188BFF36F8F012010BC02F0A1
:1027C00039BD4FF05021D1F80C04D1F80C14C907D1
:1027D000EFD5EFF3118083F31288BFF36F8F0B49AE
:1027E000D1F8883003F0C00343F00203C1F8883009
:1027F00080F31188BFF36F8F82F31188BFF36F8F5F
:10280000002010BCFFF762BF082A002058290020D2
:102810002DE9F041012206464349D1E8EF3FC1E8E6
:10282000E02F0028F9D1A3B9404941484B60CB6063
:102830008A60F2F71BF800280BDA3E4940F2A32326
:102840003D4A3E480EF006FF40F2A3213A480EF002
:10285000F8FE76B3731E012B5BD8012E07D14FF023
:102860005023D3F81C3403F00303022B21D013F0C0
:1028700099FB0546F8B9324B1B78E3B14FF0502372
:1028800002220746C3F808234FF05024DFF8B48033
:10289000D4F81824D4F81834D20315D503F0030360
:1028A000022B01D0012E0FD16DB387F31188BFF336
:1028B0006F8FBDE8F081EFF31187202383F3128837
:1028C000BFF36F8F0125DFE7C5B138460FF0A2FFD8
:1028D000D4F81835DBB2012BDAD1D4F80421002A60
:1028E000D6D00022C4F80421D4F804210222C4F86E
:1028F00018252022C8F88021A360C9E700212120E3
:1029000007F0DEFEE4E74FF050230222C3F8042371
:10291000CFE70D4940F2B523074A08480EF09AFE6A
:1029200040F2B52192E700BF54290020442900203D
:1029300078290020C297020080D402009E85020000
:10294000FD5E002000E100E0AAE7020008B50748AC
:1029500013F02CFA38B10648F5F7D8F90448F1F726
:1029600083FA002008BD6FF01200FBE7FC71020043
:10297000752901000A2838B50446074D04D1AB6813
:102980000D212846DB699847AB680348DB69E1B253
:102990009847204638BD00BFFC710200F7B50F46CE
:1029A000164648B918491823184A19480EF052FE1D
:1029B000182116480EF045FEE9B916491923134AA5
:1029C00013480EF047FE1921F3E7331BB3F5806F70
:1029D00038BF1D4600202A4601AB39190AF002FE15
:1029E00068B9019BAB420AD12C44A642EDD809D06C
:1029F000162003B0F0BD4FF480650024F5E76FF0BA
:102A00001500F6E70020F4E74BD502001BD50200C5
:102A10009E8502005ED502004FF47F03D3F830217B
:102A2000D3F83431072A05D1023B032B04D8034ADB
:102A3000D05C7047002070470120704736D70200F5
:102A4000024B0B6001231360704700BF98800200A7
:102A5000004870472C8002000268154BFF2A08BF0F
:102A60004FF0FF32C3F824254268FF2A08BF4FF019
:102A7000FF32C3F828258268FF2A08BF4FF0FF32D3
:102A8000C3F83025C268FF2A08BF4FF0FF32C3F8F1
:102A900034250269FF2A08BF4FF0FF32C3F83825FA
:102AA0004269FF2A08BF4FF0FF32C3F83C25704748
:102AB00000B0025030B50D46416885B069B1D1E92A
:102AC00000138468B4B1D4E90024A4B19BB19C4242
:102AD00005D06FF0150005B030BD0B46F1E75C1C6A
:102AE000092C03780AD902210D4A0E4800940FF0F0
:102AF0006DFCEEE7224601331C44F1E78DF8083007
:102B000040F20113ADF80A30002302A88DF8094005
:102B10008DF80C308DF80D5003F034FFDBE700BF6B
:102B200084D502003C7702002DE9F04F91B0436854
:102B300000AF5E6B05460021304607F1280211F018
:102B4000A9FF041E76DBBB6A32681979186800F0A9
:102B5000BFFE041E6EDB002201212B20F4F756FD80
:102B6000286911F0C9FED5F804902A6948467A49C7
:102B700003F0DEFE041E55DB784E07F128040FCE6D
:102B80000FC496E80300002307F1040A7B60CAE93A
:102B90000133AB2384E803003B71714B07F128003C
:102BA000D3F8242507F11006D2B23A61D3F82825CC
:102BB000D2B27A61D3F83025D2B2BA61D3F83425D3
:102BC000D2B2FA61D3F83825D2B23A62D3F83C35A2
:102BD000DBB27B62FFF740FF012003F053FF80462A
:102BE0003046FFF739FFB8F1000F28D14146504673
:102BF000FFF760FF041E15DB232013F0D3F84FF01E
:102C0000030B9F23C7E90A884146C7F810A0C7F8FD
:102C100014B087F828303E6307F12800FFF74AFF19
:102C2000041E0FDA284611F028FE03F071FF08B1E8
:102C300003F04CFF20464437BD46BDE8F08F6FF0EF
:102C40000404EFE75A46514609F1300014F08BF9BD
:102C5000044618B36C468CB06A4697F804E097F8BF
:102C600005C0BE7999F8300099F8311099F83230E2
:102C7000D3620823DFF8EC90C2E907C6C2E9059EDB
:102C8000C2E9090142F8103F44F240014346364888
:102C9000F3F796F9A5466FF01204C3E76A68537F0D
:102CA000023B012B17D992F81C90A9F10209B9F146
:102CB000020F8CBF4FF000094FF0010911F051FED7
:102CC000B0F100080ADA01214346284A26480FF0ED
:102CD00073FB4446A6E74FF00109EFE75FFA88F27D
:102CE000C8F38018C1459DD00023012182F0400225
:102CF000BB623F6179613B6387F82810FE6207F190
:102D000028003B803A70FFF7D5FE041E07D111F072
:102D100028FE041E04DB14F00104F8D182E781DAF6
:102D2000134A144B6E468AB0B9F1000F18BF134610
:102D30006A461149D461C2E905134FF40073138444
:102D40000E4B42F8103F00234FF411510648F3F7A1
:102D500037F9B54666E700BFAB4802007478020059
:102D600000B00250ADD502003C770200DFD5020072
:102D70001DBB0200A7D50200EFD502000400000130
:102D80002DE9F04F82460E461C46904687B072B140
:102D90007BB10029426803DBD26A0B4493420CD911
:102DA000012133463D4A3E4800940FF00FFB6FF07F
:102DB0001504204607B0BDE8F08F754205F0030505
:102DC00011F0B4FDA54228BF2546D8F1000303F059
:102DD000030308F0030758BF5F427F4207F0030771
:102DE000A74228BF2746631BE41B24F0030423F0FB
:102DF0000309A145C8BFA14603F0030BC8BFA3EB5D
:102E0000040BB9F1000F17D008EB07034946184629
:102E10007219039312F07CFA04460146DAF81000A6
:102E200011F049FDA4BBBD4206D0039B4A4619469A
:102E300008EB050014F075F89DB1C5F104070421F5
:102E4000F21B04A812F064FA04460146DAF81000F6
:102E500011F031FDE4B904AB2A464046D91914F00B
:102E600053F8BBF1000F17D0721908214A4404A887
:102E700012F04EFA04460146DAF8100011F01BFD7C
:102E800034B909EB05005A4604A9404414F03CF853
:102E9000504611F019FD8CE75C46F9E700D60200B8
:102EA0003C7702002DE9F0430F4606461D4690464A
:102EB000416885B02AB96FF01504204605B0BDE819
:102EC000F083002BF7D0042B01D9AB07F3D117F017
:102ED0000304F0D1002F03DBCA6A7B19934207D9A0
:102EE00001213B46314A324800950FF06FFAE2E784
:102EF000304611F01BFD204611F04EFD044630B166
:102F0000012011F049FD304611F0DEFCD5E7032D1C
:102F10001BD804213A4603A812F0FAF904460146E8
:102F2000306911F0C8FC002CEAD12A46414603A8BA
:102F300013F0EAFF3A46042103A812F0E6F904462A
:102F40000146306911F0B7FC21E008F06043B3F1AD
:102F5000005F02D118F0030F24D0042DA94628BF2A
:102F60004FF0040941464A4603A813F0CDFF4946F5
:102F70003A4603A812F0C9F904460146306911F037
:102F80009AFC24B9B5EB0905C8444F44E5D10120AA
:102F900011F002FD0546304611F096FC002C08BFEA
:102FA0002C468AE73A4629464046C6E749D60200FB
:102FB0003C7702002DE9F7430B460E4607461546BF
:102FC000D0F804C0C1F30B012AB96FF015042046F4
:102FD00003B0BDE8F083C2F30B0252EA0104F4D15E
:102FE000002B04DBDCF82C105A198A4206D9012187
:102FF000364A374800950FF0E9F9E6E711F096FCFC
:103000002046D7F8048011F0C7FC0446002858D1A8
:10301000D8F82C30AB421ED103F0E4FDA94604469B
:103020002146386911F047FC002C3CD14E44A5EBF9
:10303000090500214FF4A47007F042FB11F091FC48
:10304000041E34DBE307F4D4002DE1D1012011F09C
:10305000A3FC044635E0B5F5803F09D3B3B253B9BC
:103060003146012003F05EFD4FF480390446D7E776
:10307000B5F5805F09D3C6F30B0030B9314603F0D4
:1030800051FD4FF480590446CAE701213346114AE5
:103090000F4800950FF09AF96FF01501386911F09B
:1030A0000AFC6FF015040C4A3346009502E03346E3
:1030B0000A4A0095064801210FF088F9012011F015
:1030C0006BFC384611F000FC81E700BF93D602008C
:1030D0003C770200DDD6020018D70200FBD60200C2
:1030E000024B0B6001231360704700BF0C2A0020C5
:1030F00000487047A080020007B50346054A0091CA
:10310000054801210FF062F96FF0150003B05DF87A
:1031100004FB00BF50D70200DC76020010B501228C
:103120000648114612F0C9FE12F0ECF8044C20607B
:1031300012F0E5F86060002010BD00BF142A0020E6
:103140000C2A0020F7B50E46144612F0D8F8214696
:103150000546304611F03EFC374660B3B6FBF5F34A
:1031600005FB136323B9B4FBF5F305FB13434BB124
:103170003346134A0094134801210FF027F96FF0EA
:10318000150002E0A54202D9002003B0F0BD4FF0C7
:10319000FF324FF0FF330C4805F02EFB12F0AFF872
:1031A0000546384603F0A2F8641B2F44F9D10648BF
:1031B00005F09EFAE8E7054A33460094DBE700BFD6
:1031C0006DD70200DC760200142A002050D70200DE
:1031D000F7B50E461946304617461C4611F0FAFB65
:1031E00050B93346174A0094174801210FF0EEF802
:1031F0006FF0150003B0F0BD46EA040515F00305B5
:1032000003D0124A33460094EEE7A4B14FF0FF32E8
:103210004FF0FF330E4805F0EFFA24F00304A54207
:1032200005EB060009D10B4AD2F80034DB07FBD5C9
:10323000074805F05DFA0020DCE7795903F084F8CF
:103240000435ECE750D70200DC7602008CD7020090
:10325000142A00200090035010B5036961B9204979
:103260004F23204A20480EF0F5F920480EF0F2F9DD
:103270004F211C480EF0E5F9486850B91C4950230D
:10328000184A19480EF0E6F91A480EF0E3F95021F1
:10329000EFE75868F8B1884219D19C680868A142E4
:1032A000586000D19860002008602AB15A680A600E
:1032B0009A68596002B99960002010E0814206D1F5
:1032C0000868206098688142EDD19C60EBE7044675
:1032D00000680028F2D1002AE8D16FF0150010BD77
:1032E000708D0200CBD702009E85020007D8020035
:1032F00016D8020028D8020008B50368024659090A
:1033000014D0012906D14FF6FF7103F01F03D940F5
:10331000C80712D40A490B484FF474730A4A0EF0D6
:1033200099F94FF4747108480EF08BF94FF0FF31A2
:10333000D940C907EED5054800E00548136008BD2F
:1033400007A402009E850200D4A302000025845039
:103350000028845070B5446801F01F05207C86B0B9
:1033600045EA4015A068002871D0B2F5001F04D1CD
:10337000294602F0C5FD00204DE06068667CB2F58C
:10338000800F46624FF0000601A80196466031D1D9
:10339000B3F1007F14BF052304238DF8043000230C
:1033A000CDE904030393E368CB40D90735D4B2F1E8
:1033B000A07F32D168460095FFF79EFF009B8033C7
:1033C00050F82330DB0728D46A462946A06802F06B
:1033D00021FC163019D0CDF808D02946A06803AAE0
:1033E00002F0B0FA002816DB01222946A06802F09C
:1033F00005FDC0E7B3F1C06F05D0B3F1007F14BF86
:1034000001230223C9E70323C7E76946A06802F046
:10341000D1FC0028DFDA06B070BD6A462946A068F4
:1034200002F0F8FB0028D8D19DF80010A06802F047
:10343000A1FC0028D1D00749074840F2F113074A00
:103440000EF008F940F2F11104480EF0FAF86FF0AE
:103450008500E0E768CC02009E8502003FD80200AC
:103460002DE9F043466840F20635337CD00601F082
:103470001F0747EA431748BF032302EA050558BF61
:10348000C2F3401387B0B5F5837F14468DF803303F
:1034900044D00DD8062D16D005D8A5B1022D3FD0A9
:1034A0006FF0150037E0B5F5807FF9D101250AE00E
:1034B00040F20222954235D0B5F5407F34D0B5F5C3
:1034C000007FEDD102250123220303FA01F12DD55E
:1034D00073689960B06870BB03A80397FFF70CFF8F
:1034E000039B00EB830084F48033C3F30043C4F3F5
:1034F0004044D0F8002244EA43049DF8033022F40B
:10350000706244EA830422F00F0244EA0523134365
:10351000C0F80032002007B0BDE8F0830725D2E7ED
:103520000425D0E70525CEE70325CCE7630344BF98
:103530007368D960CEE739460DF1020202F06AFBEA
:1035400014F4403F804617D13946B06802F0FAFBC8
:10355000B8F1000FDED19DF80210B06802F00AFC4D
:103560000028D7D01E491F48FC231F4A0EF072F8CE
:10357000FC211D480EF065F84FF0000901ABCDE9C4
:103580000199CDE90439CDF80C903946B06803AA09
:1035900002F0D8F94845BDDB14F4003314D09DF88F
:1035A000033084F48034C4F300448DF80E308DF879
:1035B0000C508DF80D404B463946B06803AA02F016
:1035C00087FA0028C4DAA5E7CDE904330DF1030337
:1035D00003933946B06803AA02F0B4F9F1E700BFDB
:1035E00068CC02009E8502003FD8020042090346D3
:1035F00070B502D0012A1ED070BD144E32695168D8
:103600000029F9D0012503F01F030C689D40002913
:10361000F2D08A682A4012D04B6873B90C497423DF
:103620000C4A0D480EF016F80C480EF013F87421F1
:1036300008480EF006F80A4EE0E7304698471CB1FD
:10364000236821461C46E2E72346FAE7C4710200DC
:103650006BD80200CBD702009E85020028D802005A
:10366000A871020038B54568A86890B102F050FB17
:10367000014670B9A86802F001FB044658B9024639
:103680000649A86802F0AEFA224605210D20F3F79C
:10369000BDFF002038BD6FF00400FBE7ED350100F1
:1036A00010B504460269A2B0C2F880001F4900208C
:1036B00002F038FD002201212A20F3F7A7FF6468F9
:1036C0008422002101A813F046FC6368B3F5803F13
:1036D00004D30221164A17480EF065FE2368B3F59D
:1036E000803F04D30221144A12480EF05CFE0023EE
:1036F0000120219301AA61680432D940C90744BF5F
:1037000000FA03F142F8041C2168D940C90748BFF8
:1037100000FA03F103F1010348BFD163102BEAD192
:1037200001A802F025FD002022B010BD15380100CF
:103730008FD802000C770200BBD8020038B50F29E1
:103740000C4605693CD843681B68CB40DB0737D57E
:10375000D5F88430CB4003F001031AB9EBB96FF010
:1037600077002CE0002BFAD155F8213023B9022143
:10377000154A16480EF017FED5F8843013B92A20E2
:10378000F3F714FF0122D5F88430A2401343C5F8A3
:103790008430E0B202F024FD0AE0C8B202F03EFD3F
:1037A0000122D5F88430A24023EA0203C5F8843010
:1037B000D5F8843013B92A20F3F706FF002038BD6E
:1037C0006FF01500FBE700BFE7D802000C7702009E
:1037D00038B505460C4622B102210C4A0C480EF0C1
:1037E000E2FD0F2C0ED86B685B68E340DB0709D560
:1037F00001230020A400E4B204F1A04404F528341D
:10380000236038BD6FF01500FBE700BF17D9020039
:103810000C77020070B5D1F880600F2804460D4681
:10382000736803D81B68C340DA0704D402210E4A28
:103830000E480EF0B8FDD5F88430E340DB0704D421
:1038400002210B4A09480EF0AEFD05EB840255F843
:1038500024503DB121463046AC46BDE870400023BF
:10386000126C604770BD00BF32D902000C770200B5
:103870004ED9020008B503680246590914D001293F
:1038800006D14FF6FF7103F01F03D940C80712D4C9
:103890000A490B484FF474730A4A0DF0DBFE4FF4EB
:1038A000747108480DF0CDFE4FF0FF31D940C907C3
:1038B000EED5054800E00548136008BD07A40200E6
:1038C0009E850200D4A30200002584500028845065
:1038D0002DE9F04F1546824640F2FF19DFF8B8B1E6
:1038E00085B000EB8108D04503D1002005B0BDE8CC
:1038F000F08FDAF80030C3F3C3210829C3F30804BA
:1039000000F2C380654A4C45575C4FEA136311D0FF
:10391000222B1DD94E2B40F0BB80C5F81445012643
:1039200003A80394FFF7A6FF039B06FA03F3836043
:10393000334654E0222B09D94E2B40F0A9804FF09A
:10394000FF33C5F814350AF1040ACCE74FF0FF3411
:10395000222B00F29D80DFE803F012171E3621278C
:10396000369B9B9B9B39669B9B9B9B9B9B9B9B9BA3
:103970006E797C7F9B9B9B82898C8F929500C5F88A
:103980000C45631CCBD1DEE7C5F81445631CDAD0C7
:103990000026002323E0C5F80845F2E7611CC5F8BE
:1039A0000845D0D0002604E0621CC5F80C45CAD0FA
:1039B000012603A80394FFF75DFF0123039903FA8F
:1039C00001F1C1600BE0C5F81045DFE7C5F8084517
:1039D000002FDBD1661CB6D0002606273346DAF866
:1039E0000010039401F40040002818BF002303A82E
:1039F00018BF012601910093FFF73CFF039C01993A
:103A000000EB8400D0F80042009BC1F341213F024B
:103A100047EA81073B4304EA0B04234343EA460396
:103A2000C0F800328FE7C5F80C45002FD2D0601CDB
:103A300089D000267CE7C5F86045611CDAF80030C3
:103A400081D0C3F30043002BB2D068E7C5F86445CA
:103A5000F3E7C5F86845F0E7C5F86C45EDE7C5F84C
:103A60002445621C3FF46FAF012692E7C5F8284554
:103A700087E7C5F83045F4E7C5F83445F1E7C5F800
:103A80003845EEE7C5F83C457BE76FF015002DE7BC
:103A90006FF085002AE700BFF0F0FCFF84D9020038
:103AA00070B5036986B0456804461422002101A858
:103AB0001E6813F050FA05238DF80430002386F8B1
:103AC000633063680D4A1B68C3F808236B689B0763
:103AD0000ED5EFF31185202383F31288BFF36F8F88
:103AE0000221204611F0FBF885F31188BFF36F8F98
:103AF000204601A910F0E8FF06B070BD14020A00CC
:103B00002DE9F8430546002201210820F3F77EFD48
:103B10000820F3F74BFD6C680121E06811F0D0F844
:103B20006B6819682369C1F82435A27D637D207D07
:103B30001343228B02431343C1F86C352C69206870
:103B400078B100223549083012F0EBFA2368DD63C2
:103B5000206800223249683012F0E3FA2368C3F883
:103B60009C506F68D7E9004313F001033CD04FF03D
:103B70000008D5F8109004F10C01C4F8A08109F1F7
:103B80000C02C4F88C8004F5907011F00EFA061E39
:103B900007DA0121234A24480EF005FC3046BDE82F
:103BA000F88399F80C0001F0CFFA0823C4F8003527
:103BB0007B6AC4F844350123C4F84885A360D4F86F
:103BC0005831002BFBD00023C4F800356B685968CE
:103BD00011F0020106D1D8681C6811F071F80823B1
:103BE000C4F800350026D9E70822C4F800257A6A0F
:103BF000C4F84425C4F848350123A360D4F8203123
:103C0000002BFBD00023C4F82031D4F8203101234D
:103C1000E3604FF48073C4F80433D0E74D4E0200E4
:103C2000C94E02008DD902005C7702002DE9F843ED
:103C300004468846466812F0B5F988B3216963687E
:103C40004FF020091D68EFF3118789F31288BFF345
:103C50006F8F606811F024F8002839D00B6853B1D9
:103C6000D3F8A4203AB1D3F8B420002A03DAD5F867
:103C70004C25C3F8B420736A012283F800802046E3
:103C8000716A11F052F873689B0744BF4FF48003C8
:103C9000C5F8043387F31188BFF36F8FBDE8F8834D
:103CA000164B1A7863680AB92169C9E74FF02009F1
:103CB0001D686427606810F0F3FF70B9012011F0EF
:103CC0003FF9013FF6D10021212006F0F9FCF0E791
:103CD00087F31188BFF36F8FB5E7EFF311810F46BC
:103CE00089F31288BFF36F8F606810F0D9FF002846
:103CF000C1D181F31188BFF36F8FE4E7FD5E00202F
:103D00002DE9F04F9946D0F804A0036985B01C68EE
:103D100002939AF80830064688461746DAF80050AB
:103D200073B1554940F2FB63544A55480DF092FC7B
:103D300054480DF08FFC40F2FB6150480DF081FCBF
:103D400094F86330002B40F0948094F8643003F0D2
:103D5000FF01002B40F08D80B9F1FF3F69D0B9F130
:103D6000040F66DD4FF0050C4FF4004099FBFCFC9E
:103D7000DFF814E10023CCFB00E1444A7046EDF784
:103D8000B3F84FF0000BC4E91601C4E91087C4E989
:103D900012BBC4F850B0DAF80420920750D5EFF304
:103DA00011822021039281F31288BFF36F8F0221C9
:103DB000304610F0A9FF039A82F31188BFF36F8F8A
:103DC000DAF8042093073BD594F86160C6B3BE428D
:103DD00028BF3E4640463246DAF8201013F094F8E9
:103DE000BF1B29D194F86120921BD2B284F86120C4
:103DF000DAF82000811913F094F8029B03F1080B04
:103E0000DBE8EF3F43F00403CBE8E23F002AF7D1C1
:103E100045F30735002D08DB01226B091C4905F02D
:103E20001F05AA40403341F82320002005B0BDE81B
:103E3000F08F00200146A4E7B9F1FF3F0CD1B04458
:103E4000144BC5F83485C5F83875C5F8043301231B
:103E500084F863302B60E8E7C5F808B1D5F808317D
:103E6000D4E91623CDE9002304F1080007F08CFA09
:103E7000E5E76FF00F00D9E7AAE70200ACD902002E
:103E80009E850200E0D902003F420F0040420F0031
:103E900000E100E010020A002DE9F04F4368D0F87D
:103EA00010B01D680446D5F804934FF400324B4619
:103EB0004FF4A27128468DB0DBF8007010F0E4FEDC
:103EC000064608B197F862604B4610224FF488719D
:103ED000284610F0D9FE4B4604224FF4847103901B
:103EE000284610F0D1FE4B464FF400224FF4A67145
:103EF0000490284610F0C8FE4B4680464FF40072EE
:103F00004FF49271284610F0BFFE38B36368142254
:103F10001B68002107A8D3F880A4059313F01BF8B1
:103F200006221AF0010F059B8DF81C2040F0DB8063
:103F30001AF0020F40F0D9801AF0040F40F0D78039
:103F40000AF0080220468DF8202007A9C3F880A4B3
:103F500010F0BAFD0021204610F039FE049B93B109
:103F6000002123696268D2F800A01A6882F8601004
:103F70001868D0E91623CDE90023083007F004FAC9
:103F80000423CAF80833039B002B00F0B280FB6CBB
:103F9000002B40F0ED80B8F1000F40F0B28000221D
:103FA0002046114610F0FAFE06B34FF0000887F8DD
:103FB00062802369D4F804A01E68316C21B12046C8
:103FC00010F089FDC6F8408096F86430002B00F0B0
:103FD000DA80002386F864300022636820461B687C
:103FE000C3F80821D3F80831FFF75AFD19F4807F90
:103FF00019D0D5F82031B3B163681B68EFF3118293
:10400000202181F31288BFF36F8FD3F8201131B1D3
:104010000021C3F82011D3F820110121D96082F3C7
:104020001188BFF36F8F19F4800F3ED0D5F8583147
:10403000002B3AD063682569D3F80080EFF311892B
:10404000202282F31288BFF36F8F2A685B68D2F850
:10405000B4100029ACBFD2F8B460D8F84C659A0708
:1040600007D54FF4800301212046C8F8083310F02B
:1040700036FE89F31188BFF36F8F2B68D3F8A02029
:104080009AB193F8B810002900F0A180EFF31186DF
:10409000202383F31288BFF36F8F2946204610F048
:1040A0005DFE86F31188BFF36F8F0BF10803D3E831
:1040B000EF2F22F00401C3E8E01F0028F7D15307D7
:1040C00040F1C3802046796C10F019FD2046396C10
:1040D00010F001FD00232046C7E910330DB0BDE804
:1040E000F04FFFF7DDBC01222CE702222AE7042271
:1040F00028E7B8F1000F3FF457AFFB6CEBB94FF076
:1041000000081422002107A812F025FF03238DF8D0
:104110001C30236920461A6807A9D2E916321343D6
:104120001FBF042263681B68C3F8042310F0CCFC93
:10413000B8F1000F7FF433AF36E7D5F810315BB933
:104140004349444840F6B813434A0DF083FA40F619
:10415000B81141480DF075FA039B0121C5F81031E3
:10416000204606F00102D5F8103110F017FEC6E720
:104170004146204606F0010210F010FEB8F1000F93
:104180003FF412AFBBE7DAF8043099077FF524AFAC
:1041900062681368126AC3F834250522C3F838250B
:1041A0000122DA62D3F81021002AFBD00021C3F8E3
:1041B0001011D3F81021D3F84C212AB1C3F84C11B7
:1041C000D3F84C21D3F83C2586F8612004E7D3F8D6
:1041D000A8108A4211D0D3F8AC10D3F8B020B14265
:1041E000324430D12046C3F8B02010F02EFD002814
:1041F0007FF44CAF2B68D3F8B0602868683011F0BA
:104200009CFF1422002107A812F0A5FE2B6820466F
:10421000D3F8A03007A9CDE908362B68D3F8A4302D
:104220009E421CBF01238DF81C304FF48003C8F858
:10423000083300232A68C2F8A0302A68C2F8A430E4
:1042400010F042FC31E71646D7E70DB0BDE8F08F1D
:10425000F9D902009E850200ACD90200F7B50646E6
:104260001C460569EFF31187202383F31288BFF3FF
:104270006F8F2B68D3F8A4C0BCF1000F07D087F371
:104280001188BFF36F8F6FF00F0003B0F0BDC3F85C
:10429000A4202B68C3F8A01001F06043B3F1005FC5
:1042A0002B6814D1C3F8A8102B68C3F8AC2029469A
:1042B000304610F053FD87F31188BFF36F8F73689A
:1042C0001B7D012B01D1631C06D10020DDE7C3F863
:1042D000B0C010F0BAFCEAE74FF4004600210A48EB
:1042E00024EAE4740023C4FB0601084AECF7FCFD51
:1042F0002D6802460B46683500200021CDE90001FB
:10430000284607F041F8E0E73F420F0040420F0027
:1043100070B40E4922F07F46D1E90034D01AC31898
:1043200044F10004C1E90034A6F50013B3F5400FD1
:1043300009D2074B1B681A0A1B069C19054B42F150
:104340000005C3E9004570BC06F060BEF01D00200A
:10435000D42A0020F81D00200D4B1868010A000621
:10436000BFF35F8F0B4BD3F80435181841F10001F0
:10437000B3F5801F0AD2084BD3E90023904271EBBA
:10438000030303D210F1807041F10001704700BFB8
:10439000D42A002000500150F81D00202DE9F743D9
:1043A0002E4BD3F8042390070BD5D3F8042142B148
:1043B0000022C3F804212A4AD3F8043113680133D8
:1043C0001360264AD2F80433D90326D5254BD3E807
:1043D000EF1F21F00100C3E8E40F002CF7D1CB0759
:1043E00002D4D2F84031C3B100251C4CC4F840516E
:1043F000D4F84031FFF7B0FFEFF31182202383F3AD
:104400001288BFF36F8F184BD3E90267B042B941EE
:1044100006D282F31188BFF36F8F03B0BDE8F0833B
:104420004FF0FF38D3E900104FF0FF391D60C3E9AA
:1044300002894FF48033C4F84833C4F84051D4F8AB
:10444000403182F31188BFF36F8F0029E5D00090CF
:1044500032463B4628468847DFE700BF0050015000
:10446000D42A0020CC2A0020E01D00202DE9F84F9E
:1044700004460D46434FD7E8EF8F28F00103C7E805
:10448000E23F002AF7D14FF480393F4EC6F8089337
:10449000BFF35F8FBFF36F8FFFF75EFFA04271EB3B
:1044A000050308F0010840D2384B201A65EB0101E2
:1044B000984271F1000148D2354BD3E902239D4265
:1044C00008BF94423AD04FF0000C24F07F4083465E
:1044D00003216FF0020EC6F84893C6F840C1D6F823
:1044E0004031DFF8B0A02BF07F43C6F84035C6F866
:1044F0004493D6F80425AEEB02035B4423F07F43DC
:1045000053451BD9D6F840315BB1D6F80425131AB0
:1045100023F07F43B3F5000F10D9C6F840C1D6F899
:10452000403101EB020B0131DDE71B4BD3E8EF1FFC
:1045300041F00101C3E8E21F002AF7D1144B174AEA
:10454000C3E902451A6000225A60B8F1000F16D084
:10455000D7E8EF3F43F00103C7E8E23F002AF7D175
:104560004FF48032084BC3F804230B4BD3E8AF3F22
:10457000DB0742BF4FF40012094BC3F80021BDE82E
:10458000F88F00BFD02A00200050015001008000A9
:10459000E01D0020FDFF7F00CC2A00201143010018
:1045A00000E100E070B54FF0FF3000254FF0FF3123
:1045B000164C174B0226C4F80833C4F84833154B81
:1045C000C4F80855C3E902014FF480334FF40012D8
:1045D000C4F80433104B0121C4F804631520C3F858
:1045E00080212A46F3F712F81520F2F7DFFF0123A6
:1045F0000A4AA3600021236009481360FFF736FFD1
:104600003046FEF705F9284670BD00BF0050015046
:1046100003000F00E01D002000E100E0D02A002090
:10462000FFFF7F00431C10B50F4C05D08442A8BF8C
:104630000446012CB8BF0124FFF78EFE0B4AD2E9D5
:104640000031C01AB0F5000F074A0AD22044904248
:1046500028BF1046BDE81040C01841F10001FFF727
:1046600005BF1046F6E700BFFFFF7F00F01D0020EA
:1046700008B5FFF771FE024B1B68C01A08BD00BFEA
:10468000F01D00202DE9F04112F0FC6F1346D0E937
:10469000014706690ED042494FF47D73414A4248B2
:1046A0000CF0D8FF41480CF0D5FF4FF47D713D4828
:1046B0000CF0C7FF02F03002302A0CD13C4940F226
:1046C000F733384A38480CF0C5FF3A480CF0C2FFBF
:1046D00040F2F731EBE7384A384D1A40AA420CD184
:1046E000374940F2FB332F4A2F480CF0B3FF3548CF
:1046F0000CF0B0FF40F2FB31D9E703F00602042AC8
:1047000009D1314940F2FE33264A27480CF0A2FF76
:1047100040F2FE31CBE713F4402216D09D030CD4B7
:104720002A4940F201431F4A1F480CF093FF2848D2
:104730000CF090FF40F20141B9E7B2F5402F18D0DC
:10474000244A9A4301D183F44023012524688D40F3
:10475000254223F4801219D11F4940F21143114A16
:1047600011480CF077FF1D480CF074FF40F2114126
:104770009DE71B4940F205430A4A0B480CF06AFFCB
:1047800018480CF067FF40F2054190E73468DB07FA
:104790004CBF2C43AC4334603B68BDE8F041184744
:1047A00047DA02002F8502009E850200B6DA020079
:1047B000DADA020013DB020002000300020001004B
:1047C00050DB02009DDB0200ECDB02001FDC02007C
:1047D0006EDC02000100100060850200BB85020053
:1047E000A9DC0200F6DC020070B5836846689C69AB
:1047F0000569002C66D002F4C003B3F5C00F0ED1DA
:1048000032494FF46373324A32480CF023FF324886
:104810000CF020FF4FF463712D480CF012FF63B9C8
:104820002E494FF464732A4A2A480CF013FF2C488F
:104830000CF010FF4FF46471EEE702F0E863B3F19F
:10484000C86F0CD1274940F29333214A21480CF01C
:1048500001FF25480CF0FEFE40F29331DCE702F048
:10486000C863B3F5800F0CD120494FF46873184A20
:1048700018480CF0EFFE1E480CF0ECFE4FF4687187
:10488000CAE7012336688B4033420CD1194940F204
:10489000A5330F4A0F480CF0DDFE17480CF0DAFE86
:1048A00040F2A531B8E7160204D52D682B4218BF97
:1048B00082F0C062114BA446BDE87040134002F084
:1048C000B07260476FF0570070BD00BF22DD02007C
:1048D0002F8502009E8502006FDD02009BDD020035
:1048E000CBDD0200F6DD020089DE0200DDDE020023
:1048F00044DF020060850200BB8502004000000624
:10490000012310B503FA01F1436804691B681942D9
:104910000ED10E4940F2A2630D4A0E480CF09AFEE9
:104920000D480CF097FE40F2A26109480CF089FE98
:104930002368194203D022B183681B6903E0002A6F
:10494000FAD08368DB68BDE8104018476085020034
:104950002F8502009E850200BB8502002DE9F843E9
:1049600007460026164DDFF85C80DFF85C9028686B
:10497000CFB140451AD0484514BF4FF0E8634FF01F
:104980009863EA88297902F040021A43FFF72CFF66
:10499000044670B1012103460C4A0D480DF00CFD90
:1049A0002046BDE8F8834FF40013EAE74FF0986320
:1049B000E7E70136042E05F10805D8D1F0E700BF7E
:1049C00040810200C4710200A871020089DF020068
:1049D000CC76020008B50349034810F07CFA6FF06A
:1049E000150008BDA9DF0200CC76020070B50446B0
:1049F000EFF31186202383F31288BFF36F8F2348D0
:104A000006F070F968B98823214A224922480CF03F
:104A100021FE1E4921480CF01DFE88211C480CF087
:104A200010FE1F4D194806F081F92B78BBB91D4BBC
:104A30009C4202D01C4B9C420AD10020FFF78EFF03
:104A400018B11A491A4810F046FA0022194B1A7088
:104A5000012321222B701848002304F04DFD0B4840
:104A600006F04EF968B94FF49A73094A13490A4897
:104A70000CF0F0FD054912480CF0ECFD4FF49A7172
:104A8000CCE786F31188BFF36F8F70BDFC2A00203E
:104A900097920200C49202009E850200D992020001
:104AA000FC5C0020C4710200A8710200C4DF020097
:104AB000CC760200FB5C0020001E0020EF9202007A
:104AC0000693020008B50349034810F004FA0020D9
:104AD00008BD00BFE0DF0200CC7602002DE9F743FD
:104AE00000244FF0010825461C4E30683779436892
:104AF00008FA07F71B681F420ED1194940F24963B3
:104B0000184A19480CF0A6FD18480CF0A3FD40F215
:104B1000496114480CF095FDD0F81090836801A904
:104B20005B68984700280CD012DB08FA05F31C4399
:104B30000135042D06F10806D7D1204603B0BDE8A3
:104B4000F083D9F80020019B53403B42F0D0ECE7C2
:104B500003B0BDE8F043FFF7B5BF00BF40810200DE
:104B6000608502002F8502009E850200BB85020041
:104B70002DE9F041074688460025104E27FA05F238
:104B800012F0010210D128FA05F3DB070ED53179B6
:104B90003068FFF7B5FE044640B10949094810F0F6
:104BA0009AF92046BDE8F0810122F0E70135042D95
:104BB00006F10806E2D10024F3E700BF20810200DD
:104BC000F5DF0200CC7602002DE9F041494F3B7839
:104BD00053B10020FFF7C2FE28B147494748BDE85E
:104BE000F04110F078B93870FFF778FF0446444B75
:104BF000D3E8EF2FC3E8E14F0029F9D1414BDFF8AB
:104C000008811A7842BBD8F80060A64219D03F4B01
:104C100066401B680BB1314698474FF0FF334FF0A9
:104C2000FF323B4803F050FA3A4B1D6835B1043D62
:104C30002B683146204698476D68F7E7344803F003
:104C400013FBC8F8004054B1BDE8F0414FF4A47222
:104C50000023314804F050BC00221A70F1E7EFF352
:104C60001186202383F31288BFF36F8F2B4806F041
:104C700039F868B988232A4A2A492B480CF0EAFCFB
:104C800026492A480CF0E6FC882125480CF0D9FC7E
:104C9000224806F04BF8264B1D78012D17D01F48EF
:104CA00006F02EF868B94FF49A731D4A21491E4840
:104CB0000CF0D0FC194920480CF0CCFC4FF49A7150
:104CC000E3E786F31188BFF36F8FBDE8F0812846D4
:104CD0001C70FFF743FE044610483D7006F010F8C4
:104CE0000028E0D086F31188BFF36F8F002CECD042
:104CF000124973E7FB5C00200BE00200CC76020057
:104D00000C2B00208D0A0020DC2A0020102B002014
:104D1000E02A0020F42A0020001E0020FC2A0020A7
:104D200097920200C49202009E850200D99202006E
:104D3000FC5C0020EF9202000693020024E00200D7
:104D400070B500260C4CE2882068217942F40032CC
:104D5000FFF798FC054648B90136042E04F1080413
:104D6000F1D1BDE870400F21FFF702BF03490448AD
:104D700010F0B1F8284670BD208102003CE002002E
:104D8000CC760200054BD3E8AF3F00B10360044886
:104D900011B102685A400A60036070470C2B002072
:104DA000D82A00202DE9F8433A4B18603A4D3B4889
:104DB00011F04AF82E464FF000082F46F28830686E
:104DC00012F0010F14BF1023202331791A4342F44B
:104DD0008032FFF757FC044630B13149314810F0BA
:104DE0007AF82046BDE8F88308F10108B8F1040F0D
:104DF00006F10806E2D1064680464FF00109EA882E
:104E0000286802F04002297942F40012FFF7ECFC16
:104E1000044608B12449E1E72B7908F1010809FAB1
:104E200003F3B8F1040F46EA030605F10805E6D1DD
:104E30000546DFF878801E4BC8E9013657F8350083
:104E40008368DB6933B1012241469847044620B1AB
:104E50001849C3E76FF05704FAE70135042DEDD187
:104E60001549164804F010FA0122154B13481A7020
:104E70000023002204F0B8FA21462046FFF782FF03
:104E8000FFF72CFE0F4BD3E8EF2FC3E8E10F00290B
:104E9000A7D0F8E7102B002040810200E02A002074
:104EA00056E00200CC76020073E00200002B0020E6
:104EB000ED4901008EE00200C94B0100001E0020F8
:104EC000FC5C00200C2B002003280A4610B503D9F7
:104ED000BDE81040FFF77EBD074B03EBC001097929
:104EE00053F83000FFF70CFD044618B1034904489D
:104EF0000FF0F1FF204610BD20810200F5DF020017
:104F0000CC7602004FF40071014806F077BD00BF77
:104F1000FD5C00204FF47F03D3F83021D3F8343107
:104F2000072A05D1023B032B02D8024AD05C704706
:104F300000207047BEE0020008B5FFF7EBFF58B154
:104F4000644BD3F8202A3AB90D21C3F8201A012165
:104F5000C3F81C19C3F81C290022D30003F57F03F2
:104F6000D3F80013013107D0D3F800130132D3F87E
:104F70000433202A0B60F0D1FFF7CCFF002840F06B
:104F8000A080FFF7C7FF40B1534B544AC3F8302508
:104F90004FF050230122C3F858254FF47F03D3F874
:104FA0003021D3F83431072A09D1023B032B06D82C
:104FB0004B4AD35C1BB100224A4BC3F84C25FFF788
:104FC000A9FF50B14FF05023D3F80024D10742BFBE
:104FD0000022C3F81421C3F818214FF47F03D3F83B
:104FE0003021D3F83431072A09D14FF05023D3F8B8
:104FF0000024D20744BF6FF00102C3F80024FFF77A
:1050000089FF18B16522334BC3F80C274FF47F0397
:10501000D3F83021D3F83431072A16D1314BD3F8E5
:105020002034002B11DA4FF050230322C3F8182547
:1050300001229A60D3F80421002AFBD00022C3F891
:1050400004210122DA60C3F818254FF47F03D3F856
:105050003021D3F83431072A23D1023B032B02D865
:10506000214AD35CEBB17E221A4B1B49C3F80C27B3
:10507000C3F83C297F231D4AC2F818310023C1F828
:10508000043EC1F8083E01F54821C1F81031C2F8CC
:105090002431C2F82C3102F5FF1202F58052C2F819
:1050A000A032134AD2F88C3043F44063C2F88C30FB
:1050B000104A114B1168C3F84415D269C3F84C2546
:1050C00008BD2922034BC3F80C270322C3F83C2751
:1050D00057E700BF00400050009003504400EFBE6F
:1050E000BAE0020000200350B6E0020000200050A9
:1050F00000ED00E00080FF0000600050014B1860F0
:10510000704700BF142B002010B50B4B14461868D5
:1051100058B90A490A4840F2F3130A4A0CF09AFABD
:1051200040F2F31107480CF08CFA0FF00BFF002847
:10513000A4BF2070002010BD142B0020FFE002004F
:105140009E850200C2E002000123024A8340C2F8A9
:105150000435704700700150014B00201B68184750
:10516000182B0020014B1B68184700BF182B00208C
:10517000014B09201B681847182B0020014B082001
:105180001B681847182B002010B5144C237913BB4B
:1051900001232371124B0028206018BF184600F02D
:1051A000BDF8D0B923680F48002B08BF184600F09F
:1051B00097F990B923680C48002B08BF184600F0F7
:1051C00003FA50B923680948002B08BF1846BDE808
:1051D000104000F015B96FF0770010BD182B0020BB
:1051E0005951010071510100655101007D510100CB
:1051F00008B50C4B1A794AB90B490C48B1230C4A33
:105200000CF028FAB1210A480CF01BFA1B6843B1D4
:105210000520F2F7EDF920B9BDE808400520F2F7C6
:10522000C5B908BD182B002052E102009E8502007E
:1052300015E1020008B5174B1B795BB9164940F21E
:105240000513164A16480CF005FA40F205111348EA
:105250000CF0F7F9032813D8DFE800F002060A0E75
:10526000BDE8084000F0C2B9BDE8084000F068B8E9
:10527000BDE8084000F046B9BDE8084000F0CEB8EF
:1052800008494FF49273054A05480CF0E3F94FF4CE
:105290009271DCE7182B002052E1020015E10200B8
:1052A0009E850200AAE7020008B5174B1B795BB97F
:1052B000164940F22B13164A16480CF0CBF940F26F
:1052C0002B1113480CF0BDF9032813D8DFE800F0C8
:1052D00006020A0EBDE8084000F060B8BDE80840CC
:1052E00000F0D8B9BDE8084000F03CB9BDE808407E
:1052F00000F0C4B808494FF4A573054A05480CF0FE
:10530000A9F94FF4A571DCE7182B002052E1020047
:1053100015E102009E850200AAE70200074B024643
:10532000187938B91A6001221A714FF05023C3F866
:10533000142570476FF07700704700BF202B0020C6
:1053400008B512490B794BB9114912487723124A13
:105350000CF080F9772110480CF073F94FF05023CE
:105360000022C3F80021D3F8002101221A60096845
:1053700011B1C3F8042308BDD3F80021002AFBD0E3
:105380000022C3F80021D3F80031F4E7202B0020DD
:1053900052E102009E85020070E1020008B5084B50
:1053A0001B794BB9074908488923084A0CF052F980
:1053B000892106480CF045F9BDE808400FF01FBEF2
:1053C000202B002052E102009E85020070E10200C5
:1053D0004FF05023D3F80423D2070DD5D3F8002182
:1053E00052B10022C3F80021D3F800210122C3F8F2
:1053F0000823024B1B681847704700BF202B002072
:10540000054B0246187918B91A6001221A717047C3
:105410006FF07700704700BF282B002008B5134AB3
:1054200013794BB9124913486123134A0CF012F94E
:10543000612111480CF005F94FF050230021C3F809
:105440002011D3F8201101219961126822B14FF483
:105450008072C3F8042308BDD3F82021002AFBD0B2
:105460000022C3F82021D3F82031F4E7282B0020B4
:1054700052E102009E850200B3E1020008B5084B2C
:105480001B794BB9074908487323084A0CF0E2F826
:10549000732106480CF0D5F8BDE808400FF0CBBDED
:1054A000282B002052E102009E850200B3E1020099
:1054B0004FF05023D3F80423D2050ED5D3F8202182
:1054C0005AB10022C3F82021D3F820214FF4807272
:1054D000C3F80823014B1B6818477047282B00208E
:1054E000074B0246187938B91A6001221A714FF039
:1054F0005023C3F8802570476FF07700704700BFD6
:10550000302B002008B5134A13794BB912491348C0
:105510006723134A0CF09EF8672111480CF091F8AC
:105520004FF050230021C3F82411D3F82411012196
:105530001962126822B14FF40072C3F8042308BD47
:10554000D3F82421002AFBD00022C3F82421D3F869
:105550002431F4E7302B002052E102009E85020046
:10556000FBE1020008B5084B1B794BB90749084815
:105570007923084A0CF06EF8792106480CF061F89E
:10558000BDE808400FF071BD302B002052E1020051
:105590009E850200FBE102004FF05023D3F8042364
:1055A00092050ED5D3F824215AB10022C3F8242144
:1055B000D3F824214FF40072C3F80823014B1B6871
:1055C00018477047302B0020074B0246187938B92E
:1055D0001A6001221A714FF05023C3F81825704742
:1055E0006FF07700704700BF382B002010B5254CB6
:1055F00023794BB924492548E523254A0CF02AF89C
:10560000E52123480CF01DF84FF05023D3F818146F
:10561000D3F81824C9031AD502F00302022A04D0D1
:10562000012A01D00FF03BFD01224FF05023C3F8B7
:1056300018250022C3F80421D3F8042101229A601E
:1056400022688AB9D3F80421002AFBD014E0D3F8E9
:105650001424D207E8D5D3F81C2402F00302013A3F
:10566000012ADFD822681AB10222C3F8042310BD30
:10567000D3F80421002AFBD00022C3F80421D3F878
:105680000431F4E7382B002052E102009E8502002D
:1056900042E2020008B5094B1B795BB90849094889
:1056A0004FF49173084A0BF0D5FF4FF491710648FF
:1056B0000BF0C7FFBDE808400FF0F1BC382B00200D
:1056C00052E102009E85020042E20200F8B54FF06E
:1056D000502301250026D3F804431E4F04F0820412
:1056E00004B9F8BDB4FA84F0C0F11F00830003F5DB
:1056F00080739BB203F15023196805FA00F224EA83
:1057000002040029ECD01E601B684FF050230128D2
:10571000C3F8082311D1D3F81824D3F8182402F0C1
:105720000302012A02D03B689847D9E70221C3F857
:105730001815C3F804139A60D2E7074907484FF4D5
:10574000F573074A0BF086FF4FF4F57104480BF030
:1057500078FF00BF382B0020AAE702009E850200D8
:1057600042E20200034A4309D35C00F01F001844E0
:10577000C0B2704743E3020010B504460846FFF785
:10578000F1FF00B204EB4000838ADA051CD5C3F3B5
:10579000432123F4F853838204F1120204F17200CE
:1057A00032F8023F13F4807F03D0C3F343239942BE
:1057B0000AD09042F4D1002204EBC1035A6004F1F4
:1057C00078000FF0D9FB00B910BD064906484FF428
:1057D000DB73064A0BF03EFF4FF4DB7103480BF01E
:1057E00030FF00BF68CC02009E850200C4E20200C8
:1057F00008B50268014610460FF06AFC58B9104916
:105800004FF474730F4A10480BF024FF4FF4747177
:105810000C480BF016FF02F01F0352090B600BD06F
:10582000012A0BD0094940F2D933064A06480BF049
:1058300011FF40F2D931EBE7054808BD0548FCE708
:1058400007A40200D4A302009E850200AAE702007A
:105850000025845000288450072808B50BD9084932
:10586000084840F2A733084A0BF0F4FE40F2A73193
:1058700005480BF0E6FE800000F5807008BD00BF13
:10588000BAE202009E85020085E20200034611F0A2
:10589000010010B5CCB20BD1A207C4F340000DD566
:1058A000074A106A58601062003818BF012005E0EE
:1058B00004490A6A1A600A62002AEDD010BD00BFCE
:1058C0000028845000258450F7B504460846FFF7A9
:1058D00049FF06B204EB4606B38A0D46DB072BD51B
:1058E00020460FF0E6FC294620460FF003FC58B195
:1058F00020460FF02DFC0022276800B207EB800342
:10590000C3F81025C3F81025204600242946FFF7C8
:1059100033FFB48201A80195FFF76AFF019B00EBFA
:105920008300D0F80022064B134043F00203C0F876
:105930000032204603B0F0BD6FF01500FAE700BF5B
:10594000F0F0FCFF2DE9F0430E461746044685B003
:1059500058B95C495C4840F25E435C4A0BF07AFE01
:1059600040F25E4159480BF06CFE0846FFF7FAFE24
:10597000D7F800800546B8F1000F1AD020460FF086
:10598000DCFB28BB4346CDE900008DF80E008DF806
:105990000F000DF10F0230460DF10E010FF001FC6A
:1059A0002AB204EB4202938A23F0020343F001037C
:1059B00093827B68002B34D03146204693F80080D8
:1059C000D3F804900FF0AEFB28B1B9F1000F1FD04F
:1059D0006FF0150028E028B204EB4000838A23F41E
:1059E000604323F020038382B9F1000F10D0B8F197
:1059F000030FEDD87B6821685B6893F800C001EB6A
:105A00008C01B8F1000F12D1C1F81085C1F81085D2
:105A10002AB204EB4202938A23F01C0343EA880370
:105A20009382BB684BBB002005B0BDE8F083D1F882
:105A3000102522F00302C1F81025226802EB8C0326
:105A4000D3F8102522F44F3222F44072C3F8102507
:105A50003202D3F8101502F47C5242EA08420A439B
:105A6000C3F8102504EB4C03A3F87C60838A43EA57
:105A70004C3343F020038382CAE73146D3E90078F0
:105A80002046FFF779FE002FCDD063689F4206D0F5
:105A900004F178000FF056FA002804DAC4E7A3688E
:105AA0009845F5D1002004EBC003C3E901782DB27D
:105AB00004EB4505AB8AC0B243EA402343F480734C
:105AC000AB82B0E702E302009E850200C4E202005E
:105AD0002DE9FF410C4617461E46054658B93E497A
:105AE0003E484FF48D633E4A0BF0B4FD4FF48D6198
:105AF0003B480BF0A6FD0846FFF734FE804627B36F
:105B000028460FF00FFB18B928460FF0F3FA18BB20
:105B1000214628460FF0F9FA10B17B78012B1BD0F3
:105B200001238DF80F3000237A1CCDE90073204645
:105B3000BB1C0DF10F010FF034FB0FFA88F305EBDE
:105B400043039A8A42F003029A82002E41D02146F2
:105B500028460FF0E7FA20B96FF0150004B0BDE851
:105B6000F081002237782B684FEA870C03EB87031C
:105B7000C3F81025C3F810250FFA88F205EB42028E
:105B8000938A23F4604323F020039382707800B358
:105B90002968B6786144D1F81035000423F49913CC
:105BA00023F4F853C1F81035230200F4403003F415
:105BB0007C5303433005D1F8105500F480100343A3
:105BC0002B43C1F81035938A43EA473343F020034F
:105BD00093820020C2E700BF02E302009E8502001C
:105BE000C4E2020008B558B90749084840F27143B9
:105BF000074A0BF02FFD40F2714105480BF021FDE3
:105C0000C0E9031208BD00BF02E302009E85020046
:105C1000C4E2020070B51546044658B9134940F273
:105C20007A43134A13480BF015FD40F27A411048AD
:105C30000BF007FD4AB9104940F223330C4A0D48D6
:105C40000BF008FD40F22331F1E70FF053FA48B1B1
:105C50000846FFF787FD04EB40040020A38A5B0B96
:105C60002B7070BD6FF01500FBE700BF02E3020070
:105C7000C4E202009E8502000DE302002DE9F0411E
:105C8000044658B91E491F484FF491631E4A0BF051
:105C9000E1FC4FF491611C480BF0D3FC90F88C5060
:105CA00090F88D7045BBA84660222946143011F04B
:105CB00052F9164B266853F83770AF420FD10025C2
:105CC00046F30730C6F87C51D6F87C31F1F76EFC0C
:105CD0000123284684F88C30A367BDE8F081E8B240
:105CE000FFF7BAFDA0F580739B081F2B04BF46F891
:105CF000008033580135E0E76FF07700EDE700BF33
:105D000002E302009E850200C4E2020060810200FC
:105D100008B558B90849094840F28F43084A0BF0C2
:105D200099FC40F28F4106480BF08BFC90F88C00F8
:105D3000003818BF012008BD02E302009E85020062
:105D4000C4E2020008B558B90749084840F29D432B
:105D5000074A0BF07FFC40F29D4105480BF071FCB7
:105D6000BDE80840FFF7B0BD02E302009E850200D7
:105D7000C4E2020008B558B90A490B4840F2A443EE
:105D80000A4A0BF067FC40F2A44108480BF059FCAA
:105D9000074B90F88D0003EB8000BDE808400FF042
:105DA000EBB800BF02E302009E850200C4E20200DD
:105DB000AC09002010B50C4658B90C490C4840F20B
:105DC000AB430C4A0BF046FC40F2AB4109480BF0E8
:105DD00038FC094B90F88D0003EB80000FF0B2F80F
:105DE0000028A4BF2070002010BD00BF02E3020005
:105DF0009E850200C4E20200AC0900202DE9F341B7
:105E00000D461646044658B938494FF4A563384A3A
:105E100038480BF01FFC4FF4A56135480BF011FC1E
:105E20000FF073F948B9344940F23543304A3148EC
:105E30000BF010FC40F23541EFE720460FF05AF925
:105E4000276800B320460FF06DF98046D8B9204688
:105E50000FF07EF90546FFF7FFFC47F800803B583E
:105E600023682AB203EB8203D3F8102542F0010223
:105E7000C3F8102526B101232268AB40C2F80433D1
:105E800002B0BDE8F081D7F80433002BA4BF4FF077
:105E90000043C7F804334EB9184940F24F43144A3F
:105EA00014480BF0D7FB40F24F41B6E72846FFF706
:105EB00059FC04EB4004A38AC3F38203042B11D0E2
:105EC000052B11D001A80195FFF792FC019B0169F8
:105ED000D94001F001010231284602B0BDE8F0418D
:105EE0000FF0ACB90321F7E70221F5E702E3020066
:105EF000C4E202009E85020017E3020038E30200BC
:105F000008B558B90749084840F22F53074A0BF023
:105F1000A1FB40F22F5105480BF093FBBDE8084070
:105F20000FF0C7B902E302009E850200C4E202003E
:105F30002DE9F04F07468BB058B97449744840F2C8
:105F40005C63744A0BF086FB40F25C6171480BF0B5
:105F500078FB814659F804BB90F88D40DBF80413B8
:105F60006D4BC9B2584653F8342041F000410FF050
:105F700074F9051E36DA0023CDE90833664B08A80C
:105F800003EBC4035B6819460193FFF77FFC04230E
:105F900003EBC4030393614B0DF1200A029300232A
:105FA000029A009312F8013B5B490292039A02EBBA
:105FB000D3028A5C03F0070322FA03F3DA0719D449
:105FC000009B0AF1040A9BB14FF0004100225846A1
:105FD0000FF043F9019908A8FFF758FC0028DAD11F
:105FE00025F000450124002D7AD10BB0BDE8F08FDB
:105FF0000123D5E7009B4A4A13440493DAF80010C2
:106000000029DDD091FAA1F1B1FA81F1049B1C784D
:1060100041EA44142046FFF7A5FB07EB4000B0F827
:106020001480C8084FEA9803059301231AF800204A
:1060300001F0070103FA01F122EA01020AF8002047
:1060400007A80794FFF7D4FB079A059B803250F806
:106050002220C8F382065B07B046C2F3014223D573
:1060600021464846D6B242460FF07CF807A807946E
:10607000FFF7BEFB079B803350F82330C3F3014387
:106080009E4207D1002120460FF0D8F83146204625
:106090000FF0D4F807A80794FFF7AAFB0122079B8B
:1060A00002FA03F30362A9E7022A0DD10321204675
:1060B0000FF0C4F806F00503012BEBD14246214650
:1060C00048460FF04FF8E5E70221204605920FF011
:1060D000B5F8032EF2D0059A032ADBD1022EECE7A5
:1060E00095FAA5F3B3FA83F304FA03F225EA02055D
:1060F00003F5A2725BF8222007EB43034846B3F88E
:106100007C10C2F301420FF02DF86CE702E30200AD
:106110009E850200C4E202006081020053E3020097
:1061200053E30200F8B517460E4649B90C490D482D
:1061300034230D4A0BF08EFA34210B480BF081FA10
:106140000A4D2C7944B92A20F1F730FA0123204670
:106150002B712E60AF60F8BD6FF07700FBE700BFDA
:106160006FD802009E85020055E30200402B0020FC
:1061700038B518B1154B1B79012B09D014491548B6
:106180004723154A0BF066FA472113480BF059FADA
:106190000023124A50F8234003F5A2710133102B5B
:1061A00042F82140F6D100230C4A00F13C0103F5EE
:1061B000B27451F8045F0133102B42F82450F6D129
:1061C000D0F88030C2F8043338BD00BF402B002027
:1061D00090E302009E85020055E3020000A00250F9
:1061E00008B5094B1B79012B09D0084908487623CB
:1061F000084A0BF02FFA762106480BF022FA064ADD
:106200008340C2F8043308BD402B0020C7E30200DE
:106210009E85020055E3020000A0025008B5094B1C
:106220001B79012B09D0084908487E23084A0BF046
:1062300011FA7E2106480BF004FA064A8340C2F8A0
:10624000083308BD402B0020C7E302009E850200F2
:1062500055E3020000A00250F8B501260027124BBA
:10626000124DD3F80C4304B9F8BD94FAA4F0B0FA77
:1062700080F006FA00F30F2824EA03040BDD0C4932
:106280000C4840F217230C4A0BF0E4F940F21721B6
:1062900009480BF0D6F9094B82009F502B68002B60
:1062A000E1D0A9689847DEE700A00250402B00200B
:1062B00022E402009E850200F0E3020000A10250E9
:1062C0000022034BC3F88425C3F80425704700BFA0
:1062D00000900350044AD2F80834DB07FBD5016074
:1062E000BFF35F8F704700BF00900350B0F5801F71
:1062F00008B505D2C0F30B0363B16FF00C0019E0D1
:106300000D490E48D2230E4A0BF0A4F9D2210C48B5
:106310000BF097F902220B4BC3F88425C3F8042530
:106320004FF0FF320260D3F80024D207FBD5FFF70D
:10633000C7FF002008BD00BF98E402009E85020050
:106340002DE4020000900350B0F5801F08B506D37D
:1063500000F17F4303F50043B3F5805F01D283076B
:106360000BD00C490C4840F27D130C4A0BF072F92B
:1063700040F27D1109480BF064F90122084BC3F883
:106380008425C3F80425FFF7A5FFBDE80840FFF703
:1063900097BF00BFB2E402009E8502002DE4020018
:1063A0000090035000220121054B83F83820054B53
:1063B000C3F808131961C3F80025C3F8002170471A
:1063C0004C2B002000B002504FF47F03D3F8302153
:1063D000D3F83431072A13D1023B032B02D80A4ADF
:1063E000D05C80B14FF05023D3F8B825920709D183
:1063F000D3F8580500F00300013818BF012070479A
:106400000020704701207047C6E5020070B5114DAD
:106410006C6BA4B14FF47A735C430A23B4FBF3F4BE
:106420000D4ED6F800316BB995F8393053B90A20C2
:106430000EF086FD013CF4D16FF0730070BD4CF29C
:106440005034EDE795F8393003F0FF00002BF5D01C
:10645000F2E700BF4C2B002000B0025010B5002224
:106460000124074BC3F80045C3F800211C6028B184
:10647000FFF7CCFF18B9034B83F83840002010BD5C
:1064800000B002504C2B00202DE9F041404C8046DA
:1064900094F8305016461F4605B148B93D493E486C
:1064A00076233E4A0BF0D6F876213C480BF0C9F82B
:1064B000FFF78AFF002862D108F06043B3F1005F64
:1064C00060D118F0030F5DD1012D05D0BD425CD124
:1064D00094F83830002B58D00023314A022F0BBFDC
:1064E000C2F81065C2F80465C2F81485C2F80885C0
:1064F0000CBFC2F81815C2F80C1584F8393023689F
:106500000CBF08250425C3B994F838306BB10022BC
:10651000234B05F1A045C3F80021012305F52C35D7
:106520002B60BDE8F041FFF771BF0120FFF796FF38
:1065300010F1740FEBD1BDE8F081A3682BB1C4F862
:106540000C806161E6610020F5E7154AC4F8088017
:106550002161A66184F83070C2F800310123C2F8CD
:10656000043394F8382002F0FF0012B9FFF776FFE9
:10657000E9E705F1A04505F52C352B60E3E74FF081
:10658000FF30D8E76FF00C00D5E76FF00F00D2E7CF
:106590004C2B002034E502009E850200F8E4020046
:1065A00000B00250084B9A685A621A699A629A6956
:1065B000DA62DA689A6032B15A691A61DA699A6104
:1065C0000022DA60704770474C2B002008B5430961
:1065D0000DD0012B1ED0144914484FF47473144A83
:1065E0000BF038F84FF4747111480BF02AF84FF0A3
:1065F000FF33C340DA07EED50E4A02EB8002D2F831
:1066000000020D4B034043EA012343F00203C2F8AA
:10661000003208BD4FF6FF7300F01F00C340DB07D8
:10662000D9D5064AE9E700BF07A402009E8502000B
:10663000D4A3020000258450F0F0FCFF0028845011
:1066400010B50E4B0238D3F83C26D3F8383607285D
:1066500013D8DFE800F0110F0D0B0A080604100E26
:10666000C871100C8871100A48710A711A0ECA702C
:106670001A0C8A701A0A4A700B7010BD00B00250D2
:10668000023807281FD8DFE800F029272511232129
:106690001F04CB791B068A7943EA02434A7943EA0D
:1066A00002230A7913430E4AC2F83C36CB781B0604
:1066B0008A7843EA02434A7843EA02230A7813437A
:1066C000074AC2F8383670470023E4E70023E5E7BD
:1066D0000023E6E70023EBE70023ECE70023EDE7E8
:1066E00000B002500268154BFF2A08BF4FF0FF327E
:1066F000C3F824254268FF2A08BF4FF0FF32C3F8D1
:1067000028258268FF2A08BF4FF0FF32C3F83025E2
:10671000C268FF2A08BF4FF0FF32C3F83425026970
:10672000FF2A08BF4FF0FF32C3F838254269FF2A1D
:1067300008BF4FF0FF32C3F83C25704700B002504D
:1067400030B5194D8DB006AC0FCD0FC495E80300E0
:1067500084E80300154906A8D1F82435DBB200937C
:10676000D1F82835DBB20193D1F83035DBB2029392
:10677000D1F83435DBB20393D1F83835DBB204936A
:10678000D1F83C35DBB20593FFF7ACFF0023C1F82D
:10679000003101230B60D1F80031002BFBD068469B
:1067A000FFF7A0FF0DB030BD8C78020000B00250A2
:1067B00070B590F8293004461BB190F82A20002AC1
:1067C00047D16068FF2800F0A980A168FF2900F088
:1067D000A580E268FF2A00F0A18025690E2D40F017
:1067E0009D80112840F09A80122940F097800D2A50
:1067F00040F094806269FF2A02D00F2A40F08E8018
:10680000A269FF2A02D0102A40F08880DBB9032158
:106810001120FFF7DBFE0321A068FFF7D7FE03215D
:10682000E068FFF7D3FE20690321FFF7CFFE606920
:10683000FF2802D00321FFF7C9FEA069FF2802D07C
:106840000321FFF7C3FE94F82A3013B9201DFFF788
:1068500049FF636A334D344E6B6394F8293085F8F1
:106860003A304FF47F03D3F83021D3F83431072A7C
:1068700004D10123C6F80833FFF762FF2368C6F886
:106880004035A37F617F227F9B0143EAC10313430D
:10689000E27F43EAC213C6F844354FF47F03D3F8CE
:1068A0003021D3F83431072A13D1023B032B02D80D
:1068B0001E4AD35C6BB11C4A94F82310D2F84435BD
:1068C00019BB43F44033C2F844354FF4C063C2F8F7
:1068D0004036154994F82030D1F8002622F07F4246
:1068E00022F0FF02134394F8212043EA026394F854
:1068F000222043EA426394F8232043EA0273C1F85A
:1069000000362B6833B9002070BD23F4003343F404
:106910008033D8E72B20F0F749FEF4E76FF015003D
:10692000F2E700BF4C2B002000B00250CAE5020085
:1069300010B558B90F4910484FF4D3730F4A0AF0F5
:1069400089FE4FF4D3710D480AF07BFE0C4C94F88D
:10695000303063B9C4E90012FFF72AFF30B90123D0
:10696000C4E9020084F8303084F8380010BD6FF0BC
:106970007700FBE77FE502009E850200F8E4020055
:106980004C2B00202DE9F041DFF8E0800F4698F80D
:1069900030100646144659B935494FF4F873354A54
:1069A00035480AF057FE4FF4F87132480AF049FEB4
:1069B000FFF70AFD002852D1012953D198F8383049
:1069C000002B39D001232D4DC5F808334FF47F0338
:1069D000D3F83021D3F83431072A01D1FFF7B0FEC4
:1069E0001FB139467078FFF74BFE002788F83970E1
:1069F000C5F80071B37872781B0343EA022332783A
:106A00001343F27843EA4233327943EA82337279AC
:106A100043EAC233C5F83436FFF7F8FC743014D1BA
:106A2000337973B9164940F22223124A12480AF008
:106A300011FE40F22221B8E70846FFF70FFD74303F
:106A4000C0D16FF07300BDE8F081C5F800710CB9DA
:106A50000020F8E721467078FFF7F2FDF8E74FF0E5
:106A6000FF30F0E76FF00F00EDE700BF4C2B002088
:106A700088E50200F8E402009E85020000B00250A2
:106A8000B4E5020008B50D4B93F830205AB90C4913
:106A90000C4840F2E7230C4A0AF0DCFD40F2E72103
:106AA00009480AF0CEFD93F838301BB9BDE808401C
:106AB000FFF7D4BC6FF0770008BD00BF4C2B00205F
:106AC00088E502009E850200F8E4020008B50C4B40
:106AD00093F830305BB90B490B4840F2F3230B4A73
:106AE0000AF0B8FD40F2F32108480AF0AAFD012B94
:106AF00003D1FFF757FC002008BD6FF00F00FBE744
:106B00004C2B002088E502009E850200F8E402007C
:106B1000034B93F83000003818BF0120704700BFC6
:106B20004C2B002070B52A4C064694F830505DB9C5
:106B3000284929484FF44773284A0AF08BFD4FF43F
:106B4000477126480AF07DFDFFF73EFCB8BB11F007
:106B5000030237D12368B3B1012D36D1204BC3F8DE
:106B60001C150421C3F8206584F8392084F83010FE
:106B7000C3F80021C3F8045394F83820EAB9FFF7AA
:106B80006DFC002018E0164DC5F81C15C5F82065F1
:106B900084F8393094F8383043B10023C5F8003117
:106BA0000123EB60BDE87040FFF730BC0120FFF728
:106BB00055FC10F1740FF0D170BDDD60E1E74FF0CE
:106BC000FF30F9E76FF00C00F6E76FF00F00F3E726
:106BD0004C2B002088E502009E850200F8E40200AC
:106BE00000B0025008B50B4B93F830305BB90A493E
:106BF0000A4840F24F330A4A0AF02CFD40F24F3166
:106C000007480AF01EFD0021BDE808400220FFF7FA
:106C100089BF00BF4C2B002088E502009E85020042
:106C2000F8E4020010B5224BD3F8002192B1002203
:106C3000204CC3F8002194F8381094F8302071B932
:106C40000121032A84F8381005D0042A05D0022A2D
:106C500000D1996010BD5960FCE7D960FAE7032ABA
:106C600019D0042A19D0022A04D1012384F8203033
:106C7000FFF798FCA36813B9012384F8303094F827
:106C8000393003F0FF0013B9D4E9003198470023ED
:106C900084F82030DEE70223E8E7032284F820208E
:106CA000D3F81C256262D3F8203584F82830E1E758
:106CB00000B002504C2B00202DE9F0410E46174643
:106CC0000C4D55F81C4FAC4203D16FF01200BDE8DB
:106CD000F081314654F8440CA4F14408EAF71EF957
:106CE00030B9C7F800804046BDE8F0410EF0E3BB84
:106CF0002468E8E7882B002010B5D0E909124A6023
:106D0000416A00F124031160C0E909334368044675
:106D100003B19847054A936833B11279062A03D91B
:106D20000720226802499847002010BD882B0020C8
:106D3000CEE502002DE9F04107460D460B4E56F810
:106D40000C4FB44202D16FF001000AE0394654F80A
:106D5000240CA4F12408EAF7E1F820B91DB1C5F824
:106D60000080BDE8F0812468EBE700BF882B00209D
:106D700038B5044600B30068F0B10378E3B10021F0
:106D8000FFF7D8FFD8B104F11C03C4E907330D4B5A
:106D900004F12402196903F10C00A16260621A6116
:106DA0000A609D6835B11B79062B03D9072022683C
:106DB0000549A847002038BD6FF01500FBE76FF0CC
:106DC0001000F8E7882B0020D0E5020038B5114C00
:106DD0000546216819B100200131216038BD242207
:106DE000204610F0B8F82B682846A3602B79237151
:106DF00004F10C03C4E9033304F11403C4E90533BB
:106E000004F11C03C4E9073300F018F80028E5D1A9
:106E10002168E0E7882B002038B5074D2C68013C3D
:106E20002C6044B900F012F821462846BDE83840ED
:106E3000242210F090B838BD882B002008B50248F5
:106E4000FFF796FF002008BDB40900200148FFF7B6
:106E500053BF00BFB40900200EB4431E062B33B548
:106E600088BF0020094B05AC54F8045B53F8201090
:106E700007480AF0D9FB214628460194ECF7FAFFAF
:106E800002B0BDE8304003B0704700BF708102001F
:106E900027AC02002DE9F04F87B017469B46044609
:106EA000DDF840A000284BD0056A35B12D6825B12A
:106EB000AC4607B0BDE8F04F6047E36A9F4242D856
:106EC0000026BE4203D1002007B0BDE8F08F182392
:106ED00003FB06F8D4F83090A26909EB08052B1DD6
:106EE0000593CAB9686969680368B5F80CC0C91A1E
:106EF000AB680CF1030E5D1E05EB0C155B4205EB58
:106F00004E051D4005EBCC0385680633A94228BF1A
:106F10004FF0FF310EF09CFA59F8083020460293EA
:106F2000236AB1B29B6A01935AF8263000935BF84A
:106F30002620059B0EF004FB0028C5D10136C0E7D2
:106F40006FF01500C0E70148BEE700BF40F4FFFF47
:106F500010B5044690B1028D43899A4209D0084A7F
:106F6000936833B11279032A03D942680549042092
:106F700098472046BDE810400FF03EB910BD00BF55
:106F8000882B002083E6020030B544898C4212D958
:106F9000436A013C5D882C4003EBC40359609A604E
:106FA000BFF35B8F426A538801335380438D0133B3
:106FB0004385002030BD0148FCE700BF41F4FFFFDE
:106FC00070B4039E144660B1006A50B14BB10134F5
:106FD00007D0002E05DBD0F8844014B1A44670BC65
:106FE0006047014870BC70472DF8FFFF70B4039EE6
:106FF000144660B1006A50B14BB1013407D0002E85
:1070000005DBD0F8944014B1A44670BC6047014839
:1070100070BC70472DF8FFFF2DE9FF47DDF8348085
:107020000E4691469A460546002876D0002974D02F
:10703000B8F1000F71D001F1640738460EF0EBFB98
:10704000BAF1FF3F49D1346E06F1500204F18000DD
:10705000844204F01F0C07D2C4F3411152F82110EE
:1070600021FA0CF1C90736D4012104F07F0460092C
:1070700052F8203004F5806A01FA0CF104F2014460
:107080000B4304F07F0442F8203034666B6C4A46B0
:1070900003930E9B2946CDE901830C9B3046009358
:1070A00053460EF067FC384601F022FB2C7874B191
:1070B00096F8A4405CB1AB6A013330D10021284678
:1070C0000EF0E8FB044610B128460EF0B9FB20464E
:1070D00004B0BDE8F0870134BAE7BAF5806FD5D3C4
:1070E000AAF580637F2B06F150010FD8580951F89B
:1070F000204003F01F0324FA03F2D2070BD401222D
:1071000002FA03F3234341F82030BFE7054C384629
:1071100001F0EEFADBE7044CF9E7024CD7E7002474
:10712000D5E700BF2DF8FFFF29F8FFFF08B58368FA
:107130001A0C0AD1094A93682BB11279022A02D992
:10714000032007499847002008BDA3F580338360DA
:107150001B0C0CBF01200020F6E700BF882B00208D
:10716000A5E6020038B50446E0B100F16405284602
:107170000EF051FCD4F8B4309B6953B9D4F8A84050
:10718000103C002C00DC084C28460EF042FC204647
:1071900038BD012BF7D1D4F8BC000EF024FBA0F1D0
:1071A0001004EEE7014CF2E72EF8FFFF2DF8FFFF89
:1071B00038B50446E0B100F1640528460EF02BFC1A
:1071C000D4F8B4309B6953B9D4F8AC40103C002CCF
:1071D00000DC084C28460EF01CFC204638BD012B74
:1071E000F7D1D4F8B8000EF0FEFAA0F11004EEE7E3
:1071F000014CF2E72EF8FFFF2DF8FFFF2DE9F041DB
:10720000A3F1100853F8087C002388B00693ADF86A
:107210001E301023CDE904120E9D0446D0F8C000A4
:10722000ADF81C5001688668A8EB0101B14228BF87
:107230004FF0FF310DEB03020EF0D0F81028BFB273
:107240000BD024494FF4DF73234A24480AF002FA92
:107250004FF4DF7120480AF0F4F904F16406304677
:107260000EF0D9FBD4F8B4309B69D3B9D4F8A82078
:10727000D4F8B430D4F8BC009B69CBB9CDE9028214
:10728000CDF80080012202A90EF087F9B0B11449AF
:1072900040F2C913104A11480AF0DCF940F2C91152
:1072A000D8E73946D4F8BC000EF00DFA0246DFE705
:1072B000012B03D13946FFF767FEE7E7D4F8BC009E
:1072C0000EF05AFA30460EF0A4FB284608B0BDE88E
:1072D000F08100BF09E70200C6E602009E850200B9
:1072E00022E70200F0B504468E680D46B6B231467C
:1072F000D0F8B80085B00EF0E6F9D4F8B4300746FF
:107300009A699AB90095CDE902500123D4F8B800E2
:1073100002A90EF042F948B10F497D230F4A1048E7
:107320000AF098F97D210D480AF08BF9D4F8B430B1
:107330009B69012B0ED13A463146D4F8B800FFF7CD
:1073400023FE38B104498323044A05480AF082F930
:107350008321E8E705B0F0BD80A20200C6E6020086
:107360009E8502002DE9FF4103689E6A06F16408CC
:1073700040460EF050FBD6F8B4309B693BB1012B70
:1073800012D040460EF045FB04B0BDE8F081D6F8BF
:10739000B8000DF10A0203A90EF05BF9D6F8B4307B
:1073A00004469B69012B07D1D6F8B80003AA0DF15A
:1073B0000A010EF093F90446002CE2D0BDF80A3021
:1073C00000216268A36030464FF0FF330EF098FA58
:1073D00005460EF026FAA368404603F58033A36005
:1073E0000EF017FBE5B1AB6A696C013308BF236887
:1073F000284608BFAB622368A28900916F6B04F135
:107400001001B84700280BDA1049114840F25A23FE
:10741000104A0AF01FF940F25A210E480AF011F9F9
:1074200040460EF0F8FA28460EF000FA2046FFF724
:107430007DFE38B130462146FFF754FFD6F8B8003C
:107440000EF09AF940460EF0E4FA91E72EE70200BA
:107450009E850200C6E602002DE9F04385B00F4686
:10746000904603A90D9A064699460EF0B5FB0446D0
:1074700050B30C9D039BD6F8C0009D42A8BF1D468B
:107480000168D0F808C0611A614528BF4FF0FF318C
:107490002B464A460DF0A2FF85420BD00B490C4803
:1074A0004FF405730B4A0AF0D5F84FF405710948FB
:1074B0000AF0C7F823464246394630460095FFF7A2
:1074C0009DFE05B0BDE8F0830348FAE73AE7020005
:1074D0009E850200C6E602002EF8FFFF2DE9F04768
:1074E0008AB00D46DDE9129716469846044620B943
:1074F000954E30460AB0BDE8F0870029F8D0002B41
:10750000F6D00021A822C0F8D0100FF024FD0122EF
:1075100004F1640011460EF0D0FC8C4BC4F8B4505A
:10752000E667AC62C4F88430894BC4F88830894B74
:10753000C4F88C30884BC4F89030884BC4F8943031
:10754000874BC4F89830874BC4F89C30864BC4F8FE
:10755000A030AB693BB9002FCAD097E8070004F10F
:10756000A80383E80700AB69012B04D02B6A03BB97
:107570006FF00506BDE7D4F8B400002800F0E08005
:10758000036A002BF4D09B68002BF1D09847420689
:107590000CD50021D4F8B4000EF02BFA06460028D2
:1075A000A7D10021212003F08BF8E4E74307F8D5A9
:1075B000DCE71B69002BDBD028469847AB69012B21
:1075C00004BF0023286100F0010008BF6B6184F84C
:1075D000A400AB69DBB93B7A002B00F0838009F192
:1075E0000C03C4F8C430B9F1000F81D0D9F80820D9
:1075F000002A00F0A3809B68002B00F09F805B4B6B
:1076000004935B4B05935B4B06935B4B0793AB6912
:10761000012B07D1564B0493544B0593564B0693BD
:10762000544B0793002104F1C803C4E9323306AB7D
:10763000C4F8C080022200932846019104ABFFF7F2
:1076400029FC064600287FF454AFAB693BB92B6B8D
:107650001B68C4F8B8302B6B9B69C4F8BC30AB69AD
:10766000012B07D12B6B9B69C4F8B8302B6B1B68BF
:10767000C4F8BC30D4F8BC000EF050F82B6B1B687B
:10768000C3F82C802B6B9B69C3F82C80D5F818A00D
:10769000BAF1000F07D1D4F8AC300993D4F8B83060
:1076A0005B89534520D894F8A430C4E9004463B101
:1076B00000230293314B204601933523304A039433
:1076C000009304F108010EF055F9AB69002B7FF42B
:1076D00010AF042128460EF08CF9074600283FF42D
:1076E00008AF26E04B467CE74846D4F8AC100EF0D5
:1076F00064FA0746E0B1D8F800100890411AD8F8AB
:1077000008000022814228BF4FF0FF31D4F8AC308E
:1077100040460DF09DFE009701230022D4F8B800EA
:1077200008A90DF03AFF074618B90AF1010AB5E7B2
:10773000144F28460EF056F93E46DAE6114ED8E6CA
:107740006FF01506D5E600BF2DF8FFFF5974010054
:107750006B5A0200875B0200D95B0200FD710100D9
:10776000235A0200B17101006571010048E702006F
:107770004EE7020065730100115A02008F5A0200A1
:1077800054E702002EF8FFFFF0B505460E461746F7
:1077900087B0074A03AC07CA84E807000C9A314651
:1077A000009228463A460194FFF798FE07B0F0BDD4
:1077B000A478020008B5144BA822002118460FF047
:1077C000CAFB0322114902614261114A8161C2610F
:1077D0004FF480620262002282624262C2620166EB
:1077E0000C4903464166102181660267C266426702
:1077F000BFF35F8F084911F8010D98540132102A28
:10780000F9D1BFF35F8F08BD1004002057E70200D5
:10781000100000200000002070E7020010B4BFF349
:107820005F8F00230A4A0B49C85C12F8014D84425D
:1078300009D10133102BF7D10023BFF35F8F23B1A0
:1078400010BCFFF7B7BF0123F7E710BC704700BFBC
:1078500070E702001004002038B5436905463BB9C3
:107860000024EA686042537843F00103537038BD46
:10787000984704460028F3D000F1FF03FE2B0ED9F1
:107880002123094A09490A4809F0E4FE2968094800
:10789000224609F0DFFE2121034809F0D2FEEB6801
:1078A00044421C70DDE700BF71E7020094E702006C
:1078B0009E850200ACE7020010B50446EEF722FAFE
:1078C00003480121034A0AF06EFD20460EF079FAC2
:1078D0002C770200D1E702002DE9F84304460D465B
:1078E00000AFEFF31188202383F31288BFF36F8F6B
:1078F0000428314A98BF314BE9468AB09668117C1A
:1079000098BF53F820306A4688BF2D4BC2E9073133
:1079100040F201332B4893842B4BC2E9050442F813
:10792000103F00234FF431512848EEF749FBCD4674
:1079300045B1EB69C3F3080323B10121244A23486D
:107940000AF031FD2EB130460EF035FB08B1037858
:1079500003B92048E9468AB06A461F4BD061C2E9A4
:10796000053640F2013313841C4B42F8103F0023CC
:107970004FF411511548EEF723FB2946CD4620461A
:10798000FFF79AFF042C0CD115498723154A164896
:1079900009F060FE154809F05DFE8721114809F0E5
:1079A00050FE88F31188BFF36F8F3046EFF7A6FDC6
:1079B000BD46BDE8F88300BFAC2B002090810200DB
:1079C000E0E70200EEE70200050000012C7702006C
:1079D00016E80200E8AB020037E8020004000001EC
:1079E00071E802004FE802009E8502008EE8020066
:1079F00038B50A4B53F82040013053F82050A542C7
:107A000000D838BD606830B1037EDB0701D4FFF7D2
:107A100023FF0834F3E723689847FAE7A4810200BC
:107A2000012270B5384B032086B01A70FFF7E0FFD3
:107A3000F0F7A8FD0EF0E7FB0420FFF7D9FF334C69
:107A4000334DAC42264628D932494423324A334882
:107A500009F000FE324809F0FDFD44212E4809F0EE
:107A6000F0FD54F80C3C059354F8103C049354F882
:107A7000143C039354F8183C029354F81C3C0193B3
:107A800054F8203C009354E90A2354E90C0101F016
:107A9000E3FE54F8303C5E65D3E7AE4204F13004B7
:107AA000DFD302F0E9FB194C1E4EAC421FD9194935
:107AB0006823194A194809F0CDFD194809F0CAFD93
:107AC0006821CBE7D4E90A23B3F1FF3F08BFB2F145
:107AD000FF3F05D052EA0301206803D102F02AFEDD
:107AE0003034E2E73146183003F056F9F8E7E9D3CD
:107AF00002F034FCEAF7E6FC0B4A137B23F00103A7
:107B0000137306B070BD00BFFD5E0020D07402008C
:107B1000007502002EE902000DE902009E850200B8
:107B20005F9602001B600200B01E002000230122AD
:107B300070B586B0CDE904230F220193CDE902325E
:107B400014234FF4A0720E4D0E4E03FB00550E4948
:107B500006EBC016044602FB00110C4B30460095A4
:107B600001F07AFE737B2C7423F004037373084BCB
:107B7000013403EBC423EE606B6006B070BD00BF40
:107B8000AC2B0020301E00202086012081800100C7
:107B9000207E01207FB50020FFF72AFF344B03F53C
:107BA000006282F3088883F30A88E023314C84F86A
:107BB00022300023E37723766376A37684F820309F
:107BC000626A42F4E022626284F82330EFF714FC28
:107BD000EFF7ACFD4FF0FF33A362E362EFF77CFFFA
:107BE000EFF7C8FDEDF7BEFF234801F0DFFE234BA2
:107BF000234A93420ED92349CC23234A234809F030
:107C000029FD234809F026FDCC211F4809F019FD64
:107C10001C33EEE7FCD3F0F785FC0120FFF7E8FE0C
:107C200002201C4CFFF7E4FE02F028FC1A4B002552
:107C30005C611A4B4FF40052059301231849CDE9BA
:107C400003532046174BCDE90155009501F004FE82
:107C50000646637B204623F00403637302F010F8AA
:107C60002846FFF763FF314620460E4AEFF73EFDF8
:107C7000207E012000ED00E0D01F00208C7102006A
:107C8000A47202005BE902000DE902009E85020079
:107C90005F960200B01E0020AC2B002073E90200AA
:107CA00060870120217A010038B50D4C0D4DAC42A2
:107CB00013D90D4925230D4A0D4809F0CBFC0D4879
:107CC00009F0C8FC2521094809F0BBFC2046D4E98D
:107CD00001120EF07EF81834E9E7F7D3002038BD22
:107CE0004C0B0020640B0020E5E902007BE9020058
:107CF0009E8502005F960200F8B505460E4600F12B
:107D00001404EFF31187202383F31288BFF36F8FDE
:107D1000204602F0E7FF68B988231B4A1B491C482C
:107D200009F098FC21461B4809F094FC882116486C
:107D300009F087FC204602F0F9FF28463146EBF7B0
:107D4000CDFC05F10C000EF076F928B1394620463D
:107D5000BDE8F84002F036BA204602F0D1FF68B91B
:107D60004FF49A73084A0C49094809F073FC2146FC
:107D70000A4809F06FFC4FF49A71D8E787F311882D
:107D8000BFF36F8FF8BD00BF97920200C49202004C
:107D90009E850200D9920200EF9202000693020033
:107DA000002038B50C4C0D4DAC4213D90C4995232D
:107DB0000C4A0D4809F04EFC0C4809F04BFC95218B
:107DC000084809F03EFC20460EF00DF8002802DBC2
:107DD0002034E9E7F7D338BDEC0A00204C0B002033
:107DE00023EA0200FEE902009E8502005F9602007F
:107DF0002DE9F74305460F4691461C4600F108065B
:107E0000EFF31188202383F31288BFF36F8F30467E
:107E100002F068FF60B98823314A3249324809F0DC
:107E200019FC3146314809F015FC88212C4826E020
:107E3000304602F07BFF2B691BB33B601C68EB698B
:107E40002C610133EB6114B96A6993421FD0EB686E
:107E5000E41A09D4D5E905235A43A24204D9B4FB54
:107E6000F3F203FB124494B12149EA23214A1E484C
:107E700009F0F0FB204809F0EDFBEA211D4809F06C
:107E8000E0FB59EA040214D16FF00B043B6030466A
:107E900002F036FFF0B94FF49A73114A17491248AD
:107EA00009F0D8FB3146164809F0D4FB4FF49A711B
:107EB000BCE7CDE900942A464146304601F0C2FFB6
:107EC000044618B90F4B9B681B693B60204603B002
:107ED000BDE8F08388F31188BFF36F8FF6E700BF2A
:107EE00097920200C49202009E850200D99202007D
:107EF00040EA0200FEE90200BCEA0200EF92020042
:107F000006930200AC2B00202DE9F843C368054618
:107F1000CB1A0E4623D4D0E90512514399421ED9FB
:107F2000B3FBF2F102FB1133CBB900F10807EFF319
:107F30001189202484F31288BFF36F8F384602F032
:107F4000D1FED8B98823414A4149424809F082FB11
:107F50003946414809F07EFB88213C480CE03F4906
:107F60004FF489733E4A3B4809F074FB3D4809F0E1
:107F700071FB4FF489713A4809F063FB384602F00F
:107F8000D5FED5F81080B8F1000F40D1EFF3118382
:107F900084F31288BFF36F8F83F31188BFF36F8F61
:107FA0005BB93149A623314A2A4809F053FB3048CE
:107FB00009F050FBA6212D48DEE72C68A54226D00B
:107FC0002CB3A3683BB92B498F23284A214809F0D9
:107FD00041FB8F21EFE7D4E9003213605A60637BE5
:107FE000C4E9008823F002036373C4F8088004F135
:107FF000180002F0ADFF2046C4F87C80266101F035
:108000003FFE49463846BDE8F84302F0DBB82B692D
:1080100038463360EB692E61013BEB6102F070FE84
:1080200068B94FF49A73094A13490A4809F012FBD8
:108030003946124809F00EFB4FF49A718DE789F327
:108040001188BFF36F8FBDE8F88300BF97920200DD
:10805000C49202009E850200D9920200AAE70200A3
:10806000FEE90200D7EA020024EB0200F9EA02006E
:10807000E2E902003CEB0200EF92020006930200EC
:1080800008B50D4B9B6893F90E30002B09DB2024BB
:10809000EFF3118384F31288BFF36F8F0AF0A1FB13
:1080A000F6E7064906481C23064A09F0D3FA1C21C4
:1080B000044809F0C6FA00BFAC2B002074EB0200A4
:1080C0009E85020053EB02002DE9F341044617465A
:1080D0001E46EFF3058565B158496F23584A594844
:1080E00009F0B8FA584809F0B5FA6F21544809F078
:1080F000A8FAEFF31188202383F31288BFF36F8F60
:10810000524802F0EFFD60B98823514A51494D4869
:1081100009F0A0FA4D49504809F09CFA88214C48D2
:10812000E5E74A4802F002FEE3684C4A9BB1A068CA
:108130009168884229D057EA06032ED1434802F0BD
:10814000DFFDA0B188F31188BFF36F8F6FF00F00D0
:1081500002B0BDE8F081916891F90E100133E3603F
:1081600093683A482161A36002F0CAFD78B94FF4E0
:108170009A73374A3A49334809F06CFA3349394817
:1081800009F068FA4FF49A71C9E72169E6E788F3C4
:108190001188BFF36F8F0020DAE791F90E1090F984
:1081A0000E306FF07E029942A8BF19469142B8BFC7
:1081B00011468B4202DD0DF03FFE05462246414648
:1081C000CDE90076214801F03DFE0028E3D0EFF331
:1081D0001186202383F31288BFF36F8F1B4802F0B0
:1081E00081FD002890D0194802F0A0FDA068C0B120
:1081F000236821699C420AD04BB193F90E30994211
:10820000A8BF19466FF07E039942B8BF19460DF01A
:1082100013FE30B131460D4801F0D4FF6FF00A0073
:1082200096E7002DF6D1094802F06AFD00289ED09D
:1082300086F31188BFF36F8FF0E700BFBEEB02003B
:108240009CEB02009E850200D0EB0200CC2B0020AC
:1082500097920200C4920200D9920200AC2B002037
:10826000EF92020006930200F8B50546EFF305838E
:1082700063B15449D723544A544809F0EBF95448A0
:1082800009F0E8F9D721504809F0DBF98368002BA1
:1082900000F092804F4A9268934240F09080C36809
:1082A0003BB94D49EF23484A484809F0D3F9EF213B
:1082B000E9E7012B03D0013BC3600020F8BDEFF3D9
:1082C0001187202484F31288BFF36F8F434802F094
:1082D00009FD60B98823424A42493C4809F0BAF98D
:1082E0003E49414809F0B6F988213D48CCE73B4872
:1082F00002F01CFD2969A8680DF09EFDEFF31183C3
:1083000084F31288BFF36F8F83F31188BFF36F8FED
:108310005BB93649A623364A2C4809F09BF9354803
:1083200009F098F9A6213248AEE72C68AC4215D185
:1083300000232A48C5E9023302F0E2FC002836D1C6
:108340004FF49A73264A2C49204809F083F92349AF
:108350002A4809F07FF94FF49A71C6E7002CE7D05C
:10836000A3683BB926498F23214A184809F072F9BE
:108370008F21D8E70026D4E9003213605A60637B6E
:10838000C4E9006623F002036373A66004F11800D9
:1083900002F0DEFDAC6094F90E3020462B61E667FA
:1083A00001F06EFC39460D4801F00CFF85E787F3BC
:1083B0001188BFF36F8F80E76FF015007EE74FF0F5
:1083C000FF307BE7BEEB02009CEB02009E850200C3
:1083D000D0EB0200AC2B0020F5EB0200CC2B0020F0
:1083E00097920200C4920200D992020024EB02008C
:1083F000F9EA0200E2E90200EF92020006930200AD
:108400003CEB020008B583684BB90B490B488F233E
:108410000B4A09F01FF98F21094809F012F9D0E938
:10842000003213605A600023427BC0E9003322F01F
:1084300002024273836008BD3CEB02009E8502008D
:10844000F9EA02002DE9F04704460F4691469A46A4
:108450009DF8208000F10805EFF31186202383F3B7
:108460001288BFF36F8F284602F03CFC60B9882366
:10847000504A5149514809F0EDF82946504809F051
:10848000E9F888214B481DE0284602F04FFCB8F17E
:10849000000F00D06768EFF31183202282F3128867
:1084A000BFF36F8F83F31188BFF36F8F63B94549B3
:1084B000A623454A414809F0CDF8444809F0CAF8D6
:1084C000A621414809F0BDF8234653F80C8F984582
:1084D00019D0B8F1000F16D04046FFF793FF08F10E
:1084E000180002F035FD00234046C8F87C30C8F87B
:1084F000109001F0C5FB3146284601F063FE0024D0
:108500002046BDE8F087BAF1000F14D0082003F030
:1085100007F9002846D00122C0F8049002600168E3
:1085200001F003015FB922680A43026062682060BB
:108530006AB960600BE04846C9F800A0EFE73A6806
:10854000032A24D801606168D9B9C4E9000004F1A4
:108550001400042102F086FF04460028CBD12846EF
:1085600002F0CEFB08BB4FF49A73124A1849134825
:1085700009F070F82946174809F06CF84FF49A7121
:1085800080E70A6802F0030202430A60D1E722F0A2
:1085900003020A4302603A6802F0030240EA02035F
:1085A0003B60D4E76FF00B04D9E786F31188BFF383
:1085B0006F8FA5E797920200C49202009E85020089
:1085C000D992020024EB0200F9EA0200E2E902007B
:1085D000EF920200069302002DE9F743064690460B
:1085E0001F4600F10805EFF31189202383F3128859
:1085F000BFF36F8F284602F075FB68B98823254AC0
:108600002549264809F026F82946254809F022F888
:108610008821204809F015F8284602F087FB3468C5
:10862000FCB12368726823F00303944220464FF0A4
:108630000101336008BF73600DF00DFC044628464D
:1086400002F05EFBE8B94FF49A73124A15491348D9
:1086500009F000F82946144808F0FCFF4FF49A711D
:10866000D7E758EA0703EAD049462846CDE900870C
:1086700006F10C0201F0E6FB38B90C4B9B681C6953
:1086800003E089F31188BFF36F8F204603B0BDE884
:10869000F08300BF97920200C49202009E85020000
:1086A000D9920200EF92020006930200AC2B002048
:1086B00008B583684BB90B490B488F230B4A08F068
:1086C000C9FF8F21094808F0BCFFD0E900321360D0
:1086D0005A600023427BC0E9003322F00202427359
:1086E000836008BD3CEB02009E850200F9EA0200AF
:1086F00070B50446EFF31186202585F31288BFF389
:108700006F8F334802F0EEFA60B98823314A32495C
:10871000324808F09FFF2E49314808F09BFF88211E
:108720002C4818E02A4802F001FBEFF3118385F38F
:108730001288BFF36F8F83F31188BFF36F8F63B914
:108740002849A623284A254808F084FF274808F02E
:1087500081FFA621244808F074FF2568AC4212D09E
:108760008DB12846FFF7A4FF05F1180002F0F0FBD9
:1087700000232846EB6701F083FA3146BDE87040DC
:10878000134801F01FBDD4E902329A4218BF0133E9
:108790000221A36004F1100002F064FE0028ECD175
:1087A0000B4802F0ADFA68B94FF49A73094A1049C0
:1087B0000A4808F04FFF06490E4808F04BFF4FF4F7
:1087C0009A71ADE786F31188BFF36F8F70BD00BF5C
:1087D000D02B002097920200C49202009E850200D6
:1087E000D992020024EB0200F9EA0200E2E9020059
:1087F000EF92020006930200F7B5044616461D46A6
:10880000EFF305837BB152EA05030CD02D49882391
:108810002D4A2E4808F01EFF2D4808F01BFF882126
:10882000294808F00EFFEFF31187202383F3128805
:10883000BFF36F8F274802F055FA60B98823264AA4
:108840002649224808F006FF2249254808F002FF81
:1088500088212148E5E71F4802F068FAA368D3B1F0
:10886000013B1C48A36002F04BFA68B94FF49A73BD
:10887000194A1C49154808F0EDFE16491A4808F037
:10888000E9FE4FF49A71E4E787F31188BFF36F8F25
:10889000002003B0F0BD56EA05030BD10D4802F0ED
:1088A0002FFA0028E2D087F31188BFF36F8F6FF0A3
:1088B0000F00EEE722463946CDE90065054801F094
:1088C000C1FAE6E72CEC02000CEC02009E850200E7
:1088D000E2E90200D02B002097920200C49202002D
:1088E000D9920200EF9202000693020007B5074BEF
:1088F0004FF48052009306494FF0FF33054800F0D3
:10890000C5FB002003B05DF804FB00BFBC81020082
:1089100060A70120301F00202DE9F0430446764E69
:10892000764F85B0EFF31188202383F31288BFF3CD
:108930006F8F304602F0D6F968B98823704A7149C2
:10894000714808F087FE6C49704808F083FE882162
:108950006B4808F076FE304602F0E8F9D4F884500F
:10896000F5B9022104F19C000DF0B7FA002840D0BF
:1089700004F1940500220121284602F06DF8002838
:10898000F8D100234FF0FF3202934FF0FF334146FE
:10899000CDE90023304604F18C0202F0BBF8C1E7B8
:1089A000D4F888202B68954208BFC4F88830C4F8F2
:1089B0008430D4F89C30304643F00203C4F89C3035
:1089C000EB68D5F8049023F0040343F00103EB6057
:1089D00002F096F9F8B94FF49A73494A4C494A485B
:1089E00008F038FE44494B4808F034FE4FF49A71C1
:1089F000AEE7D4F89C30DD06C3D5C4F89C003E48F1
:108A000002F07EF90028E6D088F31188BFF36F8F5B
:108A100005B0BDE8F08388F31188BFF36F8FB9F11B
:108A2000000F0AD13C4938484FF438733B4A08F0EC
:108A300011FE4FF4387139488BE72846C847EFF3E9
:108A40001188202383F31288BFF36F8F304602F022
:108A500049F900283FF471AF304602F067F9EB683E
:108A6000D90623F0010231D4EA60EB689A0716D5E3
:108A7000386823F00203EB6088B10021036870B10D
:108A80004268954230D1036841BB7A683B608242BC
:108A900000D17B60002340F8083BFFF729FED4F8A3
:108AA0009C30304623F00203C4F89C30C3F3002509
:108AB00002F026F900288ED088F31188BFF36F8F5B
:108AC000002D7FF42FAF01F0E1FC2BE723F0110321
:108AD000EB6005F11000FFF70BFEC6E70B607B684B
:108AE000834208BF7960D5E723B11A68014618466A
:108AF0001346C4E71A46F9E7DC2B0020D42B0020EC
:108B000097920200C49202009E850200D992020050
:108B1000EF92020006930200C4EC020082EC020015
:108B200070B5C3680546C3F340069B070C460DD5D8
:108B30000122002104F108000DF0BFF90023236099
:108B4000054B65605A681AB9C3E90044304670BDE8
:108B500014605C60FAE700BFD42B0020F8B5C3684E
:108B600004469A070F46C3F340063BD45B0727D45D
:108B70000B680BB983680B60E368DD0723D5A36836
:108B80005BB92949294840F25713294A08F062FD88
:108B900040F25711264808F054FD02263B603D681C
:108BA000002D3ED0234B9A68D5F880309A420CD0E5
:108BB000D5F89C30D807C3F3800216D46FF01206A4
:108BC00000233B6027E00126E9E70DF0EBF9D5F83B
:108BD0009C300028EED1D907C3F3C002EED552B1C4
:108BE0005B0708D46FF00F06EAE7002AFAD1C3F357
:108BF000C003002BF6D100232360D5F8883063B979
:108C0000C5E9214428460DF083F9E36843F00403E5
:108C1000E3603B68A3603046F8BD1C60C5F888403F
:108C2000F0E76FF01506CBE7A3EC02009E8502008B
:108C300082EC0200AC2B002073B50446EFF31185E3
:108C4000202383F31288BFF36F8F1E4802F04AF887
:108C500068B988231C4A1D491D4808F0FBFC1949C6
:108C60001C4808F0F7FC8821174808F0EAFC154872
:108C700002F05CF800230321201F0193A4F11006E9
:108C80000DF02BF928B1A369304601A90193FFF734
:108C900065FF0C4802F034F868B94FF49A730A4A39
:108CA0000D490B4808F0D6FC06490C4808F0D2FCE8
:108CB0004FF49A71D8E785F31188BFF36F8F02B034
:108CC00070BD00BFDC2B002097920200C49202000E
:108CD0009E850200D9920200EF92020006930200E4
:108CE00038B50D46044648B90C499C230C4A0D483A
:108CF00008F0B0FC9C210A4808F0A3FC39B90A49E5
:108D00009D23074A074808F0A5FC9D21F3E71022A0
:108D100000210EF020F9656038BD00BF5FED020054
:108D200082EC02009E850200C4EC0200F8B5C36824
:108D3000064603F00503002B0C4614BF012700274D
:108D400029D085685DB91D491D4840F2C1131D4AEF
:108D500008F080FC40F2C1111A4808F072FC0122B0
:108D6000002104F110000DF0A8F820461649FFF785
:108D7000B7FFE36843F01003E360F3685B0712D5C5
:108D8000336823606BB9D5F8883033B9C5E921441D
:108D900028460DF0BDF83846F8BD1C60C5F888407F
:108DA000F6E73460F4E7D5F884302360D5F88830EE
:108DB000C5F88440002BEBD1F0E700BFA9EC02001E
:108DC0009E85020082EC0200F15E020038B5044686
:108DD000EFF31185202383F31288BFF36F8F1848B8
:108DE00001F080FF68B98823164A1749174808F030
:108DF00031FC1349164808F02DFC8821114808F071
:108E000020FC0F4801F092FFE4680D4804F01F04B5
:108E100001F076FF68B94FF49A730A4A0D490B487E
:108E200008F018FC06490C4808F014FC4FF49A713D
:108E3000E4E785F31188BFF36F8F204638BD00BF8C
:108E4000DC2B002097920200C49202009E85020053
:108E5000D9920200EF9202000693020037B50C4649
:108E6000019059B9284940F27D13284A284808F052
:108E7000F1FB40F27D11254808F0E3FB4B684BB94C
:108E800024494FF4BF73214A214808F0E3FB4FF413
:108E9000BF71F0E7EFF31185202383F31288BFF34E
:108EA0006F8F1D4801F01EFF60B988231B4A1C49C3
:108EB000174808F0CFFB18491A4808F0CBFB882167
:108EC0001648D9E7144801F031FF204601A9FFF701
:108ED00045FE0446104801F013FF68B94FF49A7339
:108EE0000E4A11490A4808F0B5FB0B490F4808F033
:108EF000B1FB4FF49A71E3E785F31188BFF36F8FED
:108F0000204603B030BD00BF5FED020082EC0200DE
:108F10009E850200BEEC0200DC2B0020979202002E
:108F2000C4920200D9920200EF920200069302005E
:108F3000014601480DF026B8301F002070B50C46E0
:108F4000054658B9384940F2CD13384A384808F038
:108F500081FB40F2CD11354808F073FBC368DB0597
:108F600009D534494FF4E773304A314808F072FBB1
:108F70004FF4E771EFE70DF015F848B12E4940F2D4
:108F8000CF132A4A2A4808F065FB40F2CF11E2E7E6
:108F90004CB92A494FF4E873244A254808F05AFB93
:108FA0004FF4E871D7E7EFF31186202383F312889B
:108FB000BFF36F8F224801F095FE60B98823214AE4
:108FC00021491B4808F046FB1D49204808F042FB98
:108FD00088211C48C0E71A4801F0A8FE284621460F
:108FE000FFF7A4FE0546164801F08AFE68B94FF463
:108FF0009A73144A16490E4808F02CFB104915487C
:1090000008F028FB4FF49A71E3E786F31188BFF369
:109010006F8F3DB14FF0FF324FF0FF3304F110007E
:10902000FFF7EAFB284670BD5FED020082EC02000C
:109030009E850200DBEC0200C9BC02000AED0200C2
:10904000DC2B002097920200C4920200D992020009
:10905000EF9202000693020008B558B90849094882
:1090600040F20533084A08F0F5FA40F205310648A7
:1090700008F0E7FAA02200210DF06DFF08BD00BF47
:10908000A9EC02009E85020082EC0200F0B589B0D6
:1090900004460E9D58B92F4940F232332E4A2F48CC
:1090A00008F0D8FA40F232312B4808F0CAFA49B930
:1090B0002B4940F23333284A284808F0CBFA40F2D3
:1090C0003331F1E7D0F89C0010F0010009D02549B8
:1090D0004FF44D73204A214808F0BCFA4FF44D710B
:1090E000E2E7C4E9210004F18C00C4E9230004F1A3
:1090F0009400C4E9250055B32879002840F20110F6
:1091000008BF0120C4F89C0000204FF0FF364FF04C
:10911000FF37CDE90330CDE90100CDE906672046F0
:10912000114B009400F0FCFB55B1296811B12046A9
:109130000CF03EFF6B791BB1237B43F001032373DB
:10914000204601F0F7FAC4F8804009B0F0BD0120D4
:10915000D8E700BF52ED020082EC02009E850200BB
:1091600058ED02001EED0200198901007FB50D4681
:10917000044658B93A4940F265333A4A3A4808F049
:1091800069FA40F26531374808F05BFA0CF00AFFE3
:1091900048B1364940F26633324A334808F05AFA49
:1091A00040F26631EFE7EFF31186202383F3128854
:1091B000BFF36F8F2E4801F095FD60B988232D4ACB
:1091C0002D49294808F046FA29492C4808F042FA66
:1091D00088212848D8E7264801F0A8FDD4F89C301B
:1091E00013F0060F1DD1B5B143F00C03C4F89C3049
:1091F00020460CF08DFE00234FF0FF3202934FF01B
:10920000FF333146CDE90023194804F1940201F0FF
:1092100081FC04B070BDD4F884504DB143F0040318
:10922000E4E743F00402C4F89C20002DE0D0DBE723
:109230000F4801F065FD68B94FF49A730D4A104963
:10924000094808F007FA0A490E4808F003FA4FF4F3
:109250009A71BEE786F31188BFF36F8F2846D8E76F
:1092600052ED020082EC02009E850200C9BC0200A1
:10927000DC2B002097920200C4920200D9920200D7
:10928000EF9202000693020038B50D46044658B925
:109290000F494FF478730F4A0F4808F0DBF94FF489
:1092A00078710C4808F0CDF949B90C4940F2E13326
:1092B000084A094808F0CEF940F2E131F1E73022DE
:1092C00000210DF048FE4FF480736560E36038BD07
:1092D0005EED020082EC02009E850200C4EC0200FA
:1092E000F7B50C4616461D46019058B9334940F271
:1092F0005743334A334808F0ADF940F257413048FC
:1093000008F09FF949B930494FF48B632C4A2D4836
:1093100008F0A0F94FF48B61F1E7EFF311872023F8
:1093200083F31288BFF36F8F284801F0DBFC60B92C
:109330008823274A2749234808F08CF923492648DF
:1093400008F088F988212248DAE7204801F0EEFC8D
:10935000E36813F01E0F27D155EA060216D1204606
:1093600001A9FFF7FBFB0446184801F0C9FCE8B966
:109370004FF49A73164A1949124808F06BF91349C9
:10938000174808F067F94FF49A71DCE743F00803D7
:10939000E360019B04F11000A36232462B461149A1
:1093A00001F0FAFC0124DFE70024DDE787F31188F0
:1093B000BFF36F8F204603B0F0BD00BFA9EC0200E1
:1093C00082EC02009E8502005EED0200DC2B002094
:1093D00097920200C4920200D9920200EF9202001A
:1093E00006930200398C010001460148FFF778BF5F
:1093F000301F0020F7B50C4616461D46019058B99F
:10940000324940F27A43324A324808F023F940F2B6
:109410007A412F4808F015F949B92F4940F27B43AA
:109420002B4A2C4808F016F940F27B41F1E7EFF3A4
:109430001187202383F31288BFF36F8F274801F031
:1094400051FC60B98823264A2649224808F002F9CF
:109450002249254808F0FEF888212148DAE71F480C
:1094600001F064FC20460CF044FD55EA060316D1D9
:10947000204601A9FFF772FB0446184801F040FCA2
:10948000E0B94FF49A73164A1849124808F0E2F806
:109490001249174808F0DEF84FF49A71DDE7E368E7
:1094A00004F1100043F00803E360019B3246A3621D
:1094B00010492B4601F070FC0124DEE787F3118888
:1094C000BFF36F8F204603B0F0BD00BFA9EC0200D0
:1094D00082EC02009E8502005EED0200DC2B002083
:1094E00097920200C4920200D9920200EF92020009
:1094F00006930200398C010001460148FFF77ABF4C
:10950000301F002038B5044658B92349234840F29B
:109510009C43234A08F09EF840F29C41204808F002
:1095200090F8EFF31185202383F31288BFF36F8F38
:109530001C4801F0D7FB60B988231B4A1B49174818
:1095400008F088F817491A4808F084F88821164866
:10955000E5E7144801F0EAFB20460CF0CAFC20467F
:109560000CF0DDFC04460F4801F0CAFB68B94FF46B
:109570009A730D4A0F49094808F06CF809490E48DA
:1095800008F068F84FF49A71E1E785F31188BFF3AA
:109590006F8F204638BD00BF5EED02009E85020041
:1095A00082EC0200DC2B002097920200C4920200A1
:1095B000D9920200EF92020006930200F8B50D4620
:1095C000044658B93E4940F2AD433E4A3E4808F091
:1095D00041F840F2AD413B4808F033F849B93B4906
:1095E00040F2AE43374A384808F034F840F2AE4112
:1095F000F1E70CF0D7FC48B1354940F2AF43314AAE
:10960000314808F027F840F2AF41E4E7EFF3118664
:10961000202383F31288BFF36F8F2E4801F062FB83
:1096200060B988232C4A2D49274808F013F82949A6
:109630002B4808F00FF888212748CDE7254801F08E
:1096400075FBE36803F01F03002B14BF01270027FD
:1096500017D1204801F054FB68B94FF49A731E4AA1
:109660002049194807F0F6FF1A491F4807F0F2FF92
:109670004FF49A71E0E786F31188BFF36F8F384695
:10968000F8BD20460CF035FC20460CF048FC204686
:109690002946FFF745FA04460E4801F031FB002841
:1096A000DBD086F31188BFF36F8F002CE7D04FF02B
:1096B000FF324FF0FF3305F10800FFF79DF8DEE7BA
:1096C0005EED020082EC02009E8502000AED0200BF
:1096D000C9BC0200DC2B002097920200C492020059
:1096E000D9920200EF9202000693020008B5836847
:1096F0004BB90B490B488F230B4A07F0ABFF8F2167
:10970000094807F09EFFD0E9003213605A60002339
:10971000427BC0E9003322F002024273836008BD3D
:109720003CEB02009E850200F9EA02002DE9F843B5
:109730000546EFF31188202787F31288BFF36F8F58
:109740003B4801F0CFFA60B988233A4A3A493B488E
:1097500007F080FF36493A4807F07CFF88213548FA
:1097600018E0334801F0E2FAEFF3118387F312882F
:10977000BFF36F8F83F31188BFF36F8F63B93149E4
:10978000A623314A2D4807F065FF304807F062FFF5
:10979000A6212D4807F055FF2C68A54234D09CB374
:1097A00000262046FFF7A2FF04F1180001F0D0FBCD
:1097B000B1462046C4F87C9000F062FA0136EFF31F
:1097C000118387F31288BFF36F8F83F31188BFF380
:1097D0006F8F002BD3D02C68A54210D07CB12046CF
:1097E000FFF784FF04F1180001F0B2FBE1E788F312
:1097F0001188BFF36F8F00263046BDE8F8834146DD
:109800000B4800F0DFFCF7E7094801F079FA00287F
:10981000EDD14FF49A73074A0D49084807F01AFF33
:1098200003490C4807F016FF4FF49A7197E700BF01
:10983000E02B002097920200C49202009E85020055
:10984000D992020024EB0200F9EA0200E2E90200E8
:10985000EF920200069302002DE9F04385B00F9DC0
:1098600004460F2D0E46984637D1274B984538D1E0
:1098700004F15803C4E91633109B00272373042313
:109880000732A57322F0070506EB05094946637305
:109890002046C4E90677A760E773EDF717FB0E9B38
:1098A000073020F00700E066C4E9196502930D9BBC
:1098B000A9EB000901930C9B4A46009331464346AD
:1098C0002046EDF7F7FE114B67659B6803B11B6FF0
:1098D0004846236705B0BDE8F08305F110031E2B51
:1098E000C6D940F24B230A4A0A490B4807F0B2FE98
:1098F00029460A486FF00F030E2207F0ABFE40F234
:109900004B21034807F09DFE81800100AC2B002015
:1099100073ED020096ED02009E85020016EE020035
:10992000F0B587B00446DDE91276EFF3058575B131
:10993000194940F21A33194A194807F08BFE1948A1
:1099400007F088FE40F21A31144807F07AFE0595B8
:10995000109D04950F9D03950E9D02950D9D0195FB
:109960000C9D0095FFF778FFB6F1FF3F08BFB7F1F8
:10997000FF3F05D056EA070305D1204600F0DAFE86
:10998000204607B0F0BD3A46334604F118000649B8
:1099900001F002FAF4E700BFBEEB020073ED020033
:1099A0009E85020047EE02001B60020040F2011398
:1099B0008381002310B50446C0E9193301F0AAFEE3
:1099C000014B9C6010BD00BFAC2B002070B590F91E
:1099D0000D20437B002A5ADBDC0658D12D4A43F088
:1099E00080039042437309D12B4952232B4A2C48C0
:1099F00007F030FE5221294807F023FED90707D58A
:109A000028495323254A264807F024FE5321F2E72C
:109A1000254C224652F8183FE169934207D1C0E92C
:109A200000210860E06111E09942F8D01B68002B2A
:109A3000F5D090F90E5093F90E60B542F4D0AE42D5
:109A4000F2DD5968C0E9003108605860A5699542A7
:109A500000D005B9E568A3685BB91449EA23144A44
:109A60000F4807F0F7FD134807F0F4FDEA2110480E
:109A7000C2E75A7BD20604D1DA897F2A01D9AA69C2
:109A800032B1AB4202D0284601F0A4F8656170BD46
:109A90006361FCE7301E00208EEE02006CEE0200D7
:109AA0009E850200AFEE0200AC2B0020F4EE020017
:109AB000C8EE0200E2E9020038B590F90D20014637
:109AC000002A437B1BDA224A03F07F039042437350
:109AD00009D120495A23204A204807F0BBFD5A21CA
:109AE0001D4807F0AEFDDC0707D51D495B231A4A68
:109AF0001A4807F0AFFD5B21F2E70CF05EFA194D52
:109B00002A4652F8184FAB68944200D004B9EC686A
:109B10008B4214D05BB91449EA23144A0F4807F06A
:109B200099FD134807F096FDEA211048D9E75A7BC2
:109B3000D20604D1DA897F2A01D9A2692AB1A342C7
:109B400002D0204601F046F823466B6138BD00BFC5
:109B5000301E00208EEE02006CEE02009E85020098
:109B6000AFEE0200AC2B0020F4EE0200C8EE0200C3
:109B7000E2E9020008B583684BB9094909488F2317
:109B8000094A07F067FD8F21074807F05AFD0CF0DE
:109B900014FA437B23F0020343730023836008BD60
:109BA0003CEB02009E850200F9EA020008B5124A69
:109BB000936880B1597B11F0090F0CD10F49D22362
:109BC0000F4A104807F046FD0F4807F043FDD22129
:109BD0000B4807F036FD6FF00A01D9670B4998670B
:109BE0004B6843F080534B60002383F31188BFF32D
:109BF0006F8F9368D86F08BDAC2B002045EF020033
:109C00001BEF02009E850200AEEF020000ED00E0B7
:109C100038B5194CA168E0690B68814214BF1A4637
:109C2000002249680B605960A368E1692AB9134AA8
:109C3000C3E900210B60E3610CE093F90E0092F997
:109C40000E50A84214D0854212DD5168C3E90021AC
:109C50000B605360A569094B9D4200D005B9E568CA
:109C6000A3689D4202D0284600F0B4FF656138BD6C
:109C70009142DCD01268D9E7AC2B0020C42B002025
:109C800038B50446EFF31185202383F31288BFF320
:109C90006F8F174801F026F868B98823154A1649CE
:109CA000164807F0D7FC1249154807F0D3FC882165
:109CB000104807F0C6FC0E4801F038F82046FFF7C0
:109CC00085FE0B4801F01CF868B94FF49A73094AF5
:109CD0000C490A4807F0BEFC05490B4807F0BAFCDE
:109CE0004FF49A71E4E785F31188BFF36F8F38BDA5
:109CF000E42B002097920200C49202009E8502008D
:109D0000D9920200EF9202000693020038B5044691
:109D1000EFF31185202383F31288BFF36F8F184868
:109D200000F0E0FF68B98823164A1749174807F082
:109D300091FC1349164807F08DFC8821114807F063
:109D400080FC0F4800F0F2FFA36813B12046FFF734
:109D500011FF0B4800F0D4FF68B94FF49A73094A19
:109D60000C490A4807F076FC05490B4807F072FCDD
:109D70004FF49A71E2E785F31188BFF36F8F38BD16
:109D8000E42B002097920200C49202009E850200FC
:109D9000D9920200EF9202000693020038B5044601
:109DA000EFF31185202383F31288BFF36F8F1E48D2
:109DB00000F098FF68B988231C4A1D491D4807F028
:109DC00049FC19491C4807F045FC8821174807F051
:109DD00038FC154800F0AAFF637B13F0280F0BD165
:109DE000A36813B12046FFF7C5FE637B204623F02E
:109DF00004036373FFF7EAFD0B4800F081FF68B9C5
:109E00004FF49A73094A0D490A4807F023FC0649A2
:109E10000B4807F01FFC4FF49A71D7E785F31188C0
:109E2000BFF36F8F38BD00BFE42B00209792020074
:109E3000C49202009E850200D9920200EF920200B5
:109E4000069302002DE9F047DFF8D4A0354D174600
:109E5000DDE90898DAF80820334BA84204460E469C
:109E60001A600BD13149324840F29E23314A07F043
:109E7000F1FB40F29E212F4807F0E3FBEFF3118343
:109E8000202383F31288BFF36F8F284600F02AFF48
:109E900060B98823284A2949254807F0DBFB294671
:109EA000274807F0D7FB88212348E5E7284600F03C
:109EB0003DFFDAF80850394628460CF086F8B8F12C
:109EC000FF3F08BFB9F1FF3F06D04A4643461D4950
:109ED00005F1180000F060FF204600F011FF68B99E
:109EE00019494FF4B773144A114807F0B3FB2146E0
:109EF000164807F0AFFB4FF4B771D5E7094800F0FB
:109F0000FFFE40B910494FF4B7730B4A084807F0F9
:109F1000A1FB0449ECE73046BDE8F047FFF746BE39
:109F2000AC2B0020E42B0020E82B0020D6EF020011
:109F30009E8502006CEE020097920200C49202001D
:109F4000D99202001B600200EF9202000693020009
:109F500070B50546EFF31186202383F31288BFF313
:109F60006F8F1B4800F0BEFE68B98823194A1A4952
:109F70001A4807F06FFB1649194807F06BFB882158
:109F8000144807F05EFB124800F0D0FE2C68A54292
:109F900015D014B12046FFF7EDFD0D4800F0B0FEDE
:109FA00078B94FF49A730B4A0E490C4807F052FBEC
:109FB00007490D4807F04EFB4FF49A71E0E7002483
:109FC000EBE786F31188BFF36F8F204670BD00BFAB
:109FD000E42B002097920200C49202009E850200AA
:109FE000D9920200EF920200069302002DE9F0419F
:109FF00004460D46EFF31187202383F31288BFF345
:10A000006F8F624800F06EFE60B98823604A614934
:10A01000614807F01FFB5D49604807F01BFB882182
:10A020005B4818E0594800F081FE637B03F01F0293
:10A03000002A0CBF0126002671D1594A03F07F0384
:10A040009442637309D157495A23574A524807F03B
:10A0500001FB5A21544807F0F4FAD90707D55349B0
:10A060005B23514A4C4807F0F5FA5B21F2E72046A2
:10A070000BF0A3FF637B6DB243F08003DA07A57397
:10A08000637307D549495323474A434807F0E2FA27
:10A090005321DFE7DFF81881424652F8183F934218
:10A0A0003AD1D8F81C10C4E900210C60C8F81C4053
:10A0B0000FE09942F7D01B68002BF4D093F90E0003
:10A0C0008542F6D0A842F4DD5968C4E900310C603D
:10A0D0005C60D8F81840944200D00CB9D8F80C4015
:10A0E000D8F808309C4202D0204600F073FDC8F832
:10A0F0001440264800F004FE00283FD14FF49A7324
:10A10000234A2C49244807F0A5FA20492A4807F099
:10A11000A1FA4FF49A7183E7D8F81C10CCE79B079B
:10A120002AD5A16841B925491B488F23244A07F045
:10A1300091FA8F2122488EE720466DB20BF03DFF49
:10A14000A5730B68994209D14B68C4E900131C60E0
:10A150004C60CEE74A689342F6D01B68002BF3D0E0
:10A1600093F90E209542F5D0AA42F3DD5A68C4E96E
:10A17000003214605C60BCE7A573BAE787F311880E
:10A18000BFF36F8F3046BDE8F08100BFE42B0020A5
:10A1900097920200C49202009E850200D9920200AA
:10A1A000301E00208EEE02006CEE0200AFEE0200C8
:10A1B000AC2B0020EF920200069302003CEB020061
:10A1C000F9EA020070B504460D46F9B9EFF30586C9
:10A1D000E6B91A4B5A699B689A4217D000F090FD75
:10A1E00078B94FF4B773164A1649174807F032FA90
:10A1F0002146164807F02EFA4FF4B771104807F0C1
:10A2000020FA3046BDE87040FFF7D0BC204600F091
:10A2100077FD68B94FF49A73094A0A490A4807F06A
:10A2200019FA2146094807F015FA4FF49A71E5E743
:10A2300085F31188BFF36F8F70BD00BFAC2B00207A
:10A2400097920200EF9202009E85020006930200A0
:10A25000034648B9EFF3058232B9064A516992685C
:10A26000914201D0FFF7A2BC83F31188BFF36F8F37
:10A27000704700BFAC2B002010B5EFF311842023F2
:10A2800083F31288BFF36F8F284800F02BFD60B96D
:10A290008823274A2749284807F0DCF9234927481B
:10A2A00007F0D8F98821224812E0204800F03EFD4E
:10A2B000EFF3058373B1224940F23B33214A1E4834
:10A2C00007F0C8F9204807F0C5F940F23B311D48B6
:10A2D00007F0B7F91D4B9A68D37B012B0CD11C49B1
:10A2E0004FF44F73174A144807F0B4F9164807F0B3
:10A2F000B1F94FF44F71EAE7013BD3730B4800F01B
:10A30000FFFC68B94FF49A73094A12490A4807F0EA
:10A31000A1F90649104807F09DF94FF49A71C2E778
:10A3200084F31188BFF36F8F10BD00BFE42B0020B2
:10A3300097920200C49202009E850200D992020008
:10A34000BEEB02006CEE0200E2E90200AC2B002042
:10A350000FF00200EF9202000693020070B5EFF3D7
:10A360001186202383F31288BFF36F8F374800F0E4
:10A37000B9FC60B98823364A3649374807F06AF98C
:10A380003249364807F066F98821314813E0344DE8
:10A390002E4800F0CBFCAB68DA7B72B9314940F251
:10A3A0004733314A2C4807F055F9304807F052F945
:10A3B00040F247312C4807F044F9EFF3058161B1D1
:10A3C0002B494FF45273284A234807F043F9274892
:10A3D00007F040F94FF45271ECE70132DA732A4684
:10A3E00052F8184F944200D004B9EC685A7BD20658
:10A3F00004D1DA897F2A01D9A2692AB1A34202D005
:10A40000204600F0E7FB234610486B6100F078FC23
:10A4100068B94FF49A730E4A16490F4807F01AF9B3
:10A420000A49154807F016F94FF49A71ADE786F31B
:10A430001188BFF36F8FEFF31180202383F312880D
:10A44000BFF36F8FBDE87040FFF702BFE42B002021
:10A4500097920200C49202009E850200D9920200E7
:10A46000AC2B002040F002006CEE0200E2E902009A
:10A47000BEEB0200EF92020006930200024B03F1D2
:10A480001802C3E906227047AC2B002070B5EFF329
:10A49000058373B139494FF48E63394A394807F05F
:10A4A000D9F8394807F0D6F84FF48E61344807F0F0
:10A4B000C8F8EFF31186202383F31288BFF36F8F60
:10A4C000324800F00FFC60B98823314A31492D48E9
:10A4D00007F0C0F82D49304807F0BCF888212C4817
:10A4E000E5E72E4C294800F021FCA168E0690B68E3
:10A4F000814214BF1A46002249680B605960A36864
:10A50000E1692AB9264AC3E900210B60E3610CE046
:10A5100093F90E0092F90E50A84225D0854223DD12
:10A520005168C3E900210B605360A5691C4B9D4233
:10A5300000D005B9E568A3689D4202D0284600F026
:10A5400049FB1248656100F0DBFB88B94FF4B77333
:10A550000F4A14490B4807F07DF80C49124807F0E0
:10A5600079F84FF4B771BAE78A42CBD01268C8E7DE
:10A570003046BDE87040FFF719BB00BFBEEB0200DC
:10A580006CEE02009E850200E2E90200E42B00204E
:10A5900097920200C4920200D9920200AC2B0020D4
:10A5A000C42B0020EF920200069302002DE9F04137
:10A5B00006460C46EFF3058777B134494FF49163B3
:10A5C000334A344807F046F8334807F043F84FF46D
:10A5D00091612F4807F035F850EA010304D1FFF7E5
:10A5E00055FF0020BDE8F081EFF31188202383F3AD
:10A5F0001288BFF36F8F294800F074FB60B988237D
:10A60000274A2849234807F025F82449264807F017
:10A6100021F888212248DDE7244D204800F086FB00
:10A62000A868234B1860FFF747FAA868234632460C
:10A630002049183000F0B0FBAA680446537B174845
:10A6400043F00403537300F05BFB68B94FF4B77336
:10A65000134A19490F4806F0FDFF1049174806F044
:10A66000F9FF4FF4B771D5E74046FFF79FFAAB68A3
:10A67000D3E90A23B3F1004F08BFBA42B1D10BF0BE
:10A6800004FD201A20EAE070ACE700BFBEEB020038
:10A690006CEE02009E850200E2E90200E42B00203D
:10A6A00097920200C4920200D9920200AC2B0020C3
:10A6B000E82B00201B600200EF92020006930200CC
:10A6C00070B505460E46EFF3058474B1154940F2A6
:10A6D000B243154A154806F0BDFF154806F0BAFF0B
:10A6E00040F2B241104806F0ACFFFFF75FFFB6F151
:10A6F000FF3F08BFB5F1FF3F0246284611D04FF497
:10A700007A7147F6FF73C2FB0134D80B40EA44402C
:10A71000B0F1004F4FEAD43474F1000428BF6FF059
:10A72000004070BDBEEB02006CEE02009E85020090
:10A73000E2E9020038B50446EFF31185202383F3E4
:10A740001288BFF36F8F204800F0CCFA68B98823D5
:10A750001E4A1F491F4806F07DFF1B491E4806F090
:10A7600079FF8821194806F06CFF174800F0DEFADF
:10A77000637B5B0710D504F1180000F0E9FB637BF5
:10A78000204623F004036373FFF720F92946BDE850
:10A7900038400D48FFF716BD0B4800F0B1FA68B914
:10A7A0004FF49A73094A0D490A4806F053FF0649C7
:10A7B0000B4806F04FFF4FF49A71D3E785F31188E9
:10A7C000BFF36F8F38BD00BFE42B002097920200CB
:10A7D000C49202009E850200D9920200EF9202000C
:10A7E00006930200014B9868704700BFAC2B002015
:10A7F0002DE9F8430446077BEFF31185202383F30B
:10A800001288BFF36F8F824800F06CFA68B9882312
:10A81000804A8149814806F01DFF7D49804806F045
:10A8200019FF88217B4806F00CFF794800F07EFA7A
:10A83000637B180717D5764800F062FA68B94FF4C1
:10A840009A73744A7749754806F004FF7049764850
:10A8500006F000FF4FF49A71E4E785F31188BFF327
:10A860006F8FBDE8F883D90943F0080240F0838078
:10A870006273A36813B12046FFF77CF904F1180056
:10A8800000F066FBA66D04F15808B04511D04FF0FA
:10A89000000976B13046FFF76DF906F1180000F0B7
:10A8A00057FB3046C6F87C90FFF790F8A66DB04590
:10A8B000EFD1DFF87881D8F808309C427AD1EFF3F5
:10A8C0000589B9F1000918BF4FF00109D8F81860DF
:10A8D000574A964200D00EB9D8F80C60B34202D065
:10A8E000304600F077F92046C8F8146007F06FFF93
:10A8F000B9F1000F02D04F48FFF758F8D8F80830E8
:10A900009C426AD1EFF30586002E66D1237BDA07DD
:10A910001FD53F4800F0F4F9002890D085F3118846
:10A92000BFF36F8F86F31188BFF36F8F0423184630
:10A9300002DFEFF31185202383F31288BFF36F8FBB
:10A94000334800F0CFF900283FF461AF304800F001
:10A95000EDF92F4800F0D4F978BB4FF4B7732D4AC6
:10A9600030492E4806F076FE29492F4806F072FE3F
:10A970004FF4B77156E7304A03F07F0343F0080302
:10A980009442637308D12D495A232D4A234806F077
:10A9900061FE5A212A4846E7D90707D529495B2392
:10A9A000274A1E4806F056FE5B21F3E720460BF0CF
:10A9B00004FB5EE74FF0000988E72846FFF7F6F84A
:10A9C00021494FF4EE731E4A144806F043FE1F4817
:10A9D00006F040FE4FF4EE71DCE70D4800F090F910
:10A9E00000283FF42CAF85F31188BFF36F8FFB076E
:10A9F0007FF537AF40F28E53114A1549074806F0EC
:10AA000029FE2146134806F025FE40F28E51C1E78B
:10AA1000E42B002097920200C49202009E8502005F
:10AA2000D9920200EF92020006930200AC2B0020A4
:10AA3000C42B0020D01F0020301E00208EEE02000C
:10AA40006CEE0200AFEE020071F002007CF002003A
:10AA50009EF00200A9F002002DE9F8430646884660
:10AA60001746EFF31189202383F31288BFF36F8F0A
:10AA7000214800F037F9054668B988231F4A204964
:10AA8000204806F0E7FD1C491F4806F0E3FD882139
:10AA90001A4806F0D6FD184800F048F93468A64276
:10AAA0001FD004B32046C4F87C802761FFF762F80A
:10AAB00004F1180000F04CFA2046FEF787FF0E481C
:10AAC00000F01EF988B94FF49A730C4A0F490D48EB
:10AAD00006F0C0FD08490E4806F0BCFD4FF49A711F
:10AAE000D6E70025EBE72546E9E789F31188BFF3B0
:10AAF0006F8F2846BDE8F883E42B00209792020070
:10AB0000C49202009E850200D9920200EF920200D8
:10AB100006930200D3B5DDE90667089CCDE900671E
:10AB2000FFF790F91CB1034B9B681B69236002B0CF
:10AB3000D0BD00BFAC2B0020427B034612F01F02A9
:10AB400010D10A4988420DD00949086868B1D989ED
:10AB50007F2909D893F90E20064B1B689A42B8BF8B
:10AB6000002070470020704710467047301E0020BC
:10AB7000E0090020EC2B002008B568B10F4B98428B
:10AB80000AD303F11802904206D21822C01AB0FB71
:10AB9000F2F302FB13034BB109490A483F230A4A67
:10ABA00006F058FD3F21084806F04BFD0122074BF7
:10ABB000C0105843064B1A5408BD00BF5020002057
:10ABC000EFF002009E850200C7F00200ABAAAAAA1D
:10ABD000FE5E002070B50D4B0D4D1E7CFFF7ACFFE7
:10ABE00006EB460305EBC3050446284600F0B0F922
:10ABF0000022084B9A553CB1621E2846BDE87040C1
:10AC00000549D31700F0C8B870BD00BFAC2B0020B9
:10AC100050200020FE5E002079AB010038B5EFF334
:10AC20001185202383F31288BFF36F8F234800F030
:10AC300059F868B98823224A2249234806F00AFDB8
:10AC40001E49224806F006FD88211D4806F0F9FC41
:10AC50001A4800F06BF81E4B1E4A9C681068A04210
:10AC600013D1FFF7B7FF154800F04AF800BB4FF4C7
:10AC70009A73134A1849144806F0ECFC0F49174818
:10AC800006F0E8FC4FF49A71DFE700211B7C1160AD
:10AC9000134AD35C002BE6D02046FFF74DFF002877
:10ACA000E1D0637BDB0601D1FEF7B2FF2046D8E797
:10ACB00085F31188BFF36F8F38BD00BFE42B0020F0
:10ACC00097920200C49202009E850200D99202006F
:10ACD000AC2B0020E82B0020EF920200069302002C
:10ACE000FE5E0020006838B1044B00F003001B7CBE
:10ACF000C01A18BF0120704701207047AC2B0020FC
:10AD0000002302680360EFF30581074B19B19968CE
:10AD1000497BC90706D4197C98680843831A5842AE
:10AD20005841704701207047AC2B0020024B1A7C21
:10AD30009B68134303607047AC2B0020024B1868DC
:10AD4000984208BF00207047E4090020034B1B68AD
:10AD50000BB9F9F78DBC0020704700BFF02B002025
:10AD600030B570B10B4B5B6898420AD0036843B1B1
:10AD7000D3E90421D0E90445121941EB0501C3E9E7
:10AD80000421D0E9003213605A600023C0E9003387
:10AD900030BD00BFE4090020B3F1FF3F08BFB2F1AE
:10ADA000FF3F2DE9F84F04469B4615461F4600F02D
:10ADB000B280D0F80090B9F1000F0CD05749702341
:10ADC000574A584806F046FC574806F043FC7021A5
:10ADD000534806F036FC8160EFF31188202383F39B
:10ADE0001288BFF36F8F5148FFF77CFF824660B92E
:10ADF00088234F4A4F494B4806F02CFC4B494E489C
:10AE000006F028FC88214A48E3E74848FFF78EFF10
:10AE1000BBF1000F494A1FDBFFF798FF06460135DB
:10AE20004BF1000B454A2D184BEBE073D2E90017AC
:10AE3000C4E904536D1843EB0707FFF77FFF034690
:10AE4000DFF8FCE0DEF80490EBB9C4E900E9C9F8EA
:10AE50000040CEF8044028E06FF00103D2E9001270
:10AE60005B1A4FF0FF3161EB02025B1B62EB0B02DE
:10AE7000012B72F10001BCBF01234A464FF0000ACA
:10AE8000C4E90432D9E7D3E9041CD4E904208A4296
:10AE900070EB0C0B2EDA891A5A686CEB0000C3E9D0
:10AEA0000410C4E9003214605C60FFF747FF84427D
:10AEB0000ED1244B1B685BB9BAF1000F02D1FFF72A
:10AEC00045FF064630460BF0C9F80021F9F7AAFB0A
:10AED0001648FFF715FFB0B94FF49A73144A1A4990
:10AEE000104806F0B7FB1149184806F0B3FB4FF4C1
:10AEF0009A7188E7521A60EB0C009945C4E9042066
:10AF0000A3D01B68A0E788F31188BFF36F8F284692
:10AF10003946BDE8F88F00252F46F8E7BEF202005B
:10AF20009AF202009E850200E2E90200F42B002062
:10AF300097920200C4920200D99202006820002079
:10AF4000E4090020F02B0020EF920200069302009B
:10AF500070B50446EFF31186202383F31288BFF304
:10AF60006F8F2348FFF7BEFE68B98823214A224924
:10AF7000224806F06FFB1E49214806F06BFB882132
:10AF80001C4806F05EFB1A48FFF7D0FE236833B377
:10AF9000FFF7D4FE05462046FFF7E2FE00224FF001
:10AFA0000043A542C4E9042306D1FFF7CFFE0BF00E
:10AFB00055F80021F9F736FB00240D48FFF7A0FEF5
:10AFC00080B94FF49A730B4A0E490C4806F042FBC5
:10AFD00007490D4806F03EFB4FF49A71D0E76FF039
:10AFE0001504EAE786F31188BFF36F8F204670BD22
:10AFF000F42B002097920200C49202009E8502006A
:10B00000D9920200EF920200069302002DE9F04768
:10B010000446EFF31188202383F31288BFF36F8F68
:10B020004348FFF75FFE68B98823424A42494348D4
:10B0300006F010FB3E49424806F00CFB88213D48D3
:10B0400006F0FFFADFF8FC903948FFF76FFEC9F809
:10B050000040FFF773FE002604460027DFF8E8A053
:10B06000D9F80030DAE900C0D91754B1D4E9045254
:10B07000AB4271EB020E1FDAED1A62EB0102C4E97A
:10B080000452002413EB0C0340EB01012046CAE9F3
:10B090000031C9F800400AF0E1FF2146F9F7C2FA91
:10B0A0002348FFF72DFEB0B188F31188BFF36F8FEF
:10B0B000BDE8F047FFF7B2BD15EB0C0340EBE570C0
:10B0C000CAE90030C4E904672046FFF749FE184882
:10B0D000FFF716FE68B94FF49A73164A1B491748D2
:10B0E00006F0B8FA12491A4806F0B4FA4FF49A7109
:10B0F000A5E788F31188BFF36F8F2046A3689847B0
:10B10000EFF31188202383F31288BFF36F8F084871
:10B11000FFF7E8FD002887D00548FFF707FED9F8BC
:10B1200000305B1BC9F80030FFF708FE044697E7C4
:10B13000F42B002097920200C49202009E85020028
:10B14000D9920200F02B002068200020EF9202002C
:10B150000693020070B5EFF31186202383F3128863
:10B16000BFF36F8F1A48FFF7BDFD68B98823194AEE
:10B1700019491A4806F06EFA1549194806F06AFA94
:10B180008821144806F05DFA1148FFF7CFFDFFF75C
:10B19000DDFD144AD2E90045041945EBE0750C4881
:10B1A000FFF7AEFD68B94FF49A730A4A0E490B488F
:10B1B00006F050FA06490D4806F04CFA4FF49A7121
:10B1C000DFE786F31188BFF36F8F2046294670BDF5
:10B1D000F42B002097920200C49202009E85020088
:10B1E000D992020068200020EF920200069302002C
:10B1F000F8B50646EFF31187202383F31288BFF3D7
:10B200006F8F5948FFF76EFD68B98823574A584930
:10B21000584806F01FFA5449574806F01BFA88218F
:10B22000524806F00EFA5048FFF780FD32689AB196
:10B230004D48FFF765FD002840F090804FF49A7369
:10B240004A4A4E494B4806F005FA47494C4806F031
:10B2500001FA4FF49A71E3E7D6E90A54691C44F104
:10B260000003022973F1000334D3013D44F1FF349C
:10B27000002CBCBF15462C460AF00BFF013041F1F3
:10B280000001401944EB0101012871F100015CDB70
:10B290000AF0FFFE6FF00203013041F10001401996
:10B2A00044EB010183426FF000438B4152DB0AF013
:10B2B000F0FE013041F100016FF00102401944EB52
:10B2C00001034FF0FF31121A61EB030330462D49A1
:10B2D000FFF762FD336B01333363336ADBB122481E
:10B2E000FFF70EFD0028A9D087F31188BFF36F8FF9
:10B2F0003046336A9847EFF31187202383F312888F
:10B30000BFF36F8F1848FFF7EDFC00283FF47DAFC7
:10B310001548FFF70BFD304650F8184F844287D090
:10B32000002C85D02046FEF7F1FC00230E48E36791
:10B33000FFF7E6FC002881D087F31188BFF36F8FF9
:10B340002046BDE8F840FEF79BBC6FF001024FF0CD
:10B35000FF33BBE700224FF00043B7E787F31188C4
:10B36000BFF36F8FF8BD00BFF82B0020979202004B
:10B37000C49202009E850200D9920200EF92020060
:10B3800006930200F1B101002DE9F8430646144688
:10B390001D4691469846EFF31187202383F31288C8
:10B3A000BFF36F8F2748FFF79DFC68B98823264AB3
:10B3B0002649274806F04EF92249264806F04AF960
:10B3C0008821214806F03DF91E48FFF7AFFCB5F192
:10B3D000FF3F08BFB4F1FF3F11D11A48FFF790FCBF
:10B3E00050BB4FF49A73184A1B49194806F032F9BA
:10B3F00014491A4806F02EF94FF49A71E1E7002D2E
:10B400000ADB012C75F100032246BCBF0122002596
:10B4100012F1FF3945F1FF383046FFF799FDDDE9BC
:10B420000823C6E90A2300234A46336330464346CD
:10B430000B49FFF7B1FCD0E787F31188BFF36F8F9B
:10B44000BDE8F883F82B002097920200C492020016
:10B450009E850200D9920200EF920200069302003C
:10B46000F1B10100F8B505460E46EFF31187202330
:10B4700083F31288BFF36F8F1F48FFF733FC68B95F
:10B4800088231E4A1E491F4806F0E4F81A491E4840
:10B4900006F0E0F88821194806F0D3F81648FFF7BF
:10B4A00045FC2C68A5421CD0D4E9003213605A60D8
:10B4B000002331462046C4E900330AF05AFE0E4804
:10B4C000FFF71EFC78B94FF49A730C4A0F490D48E8
:10B4D00006F0C0F808490E4806F0BCF84FF49A711F
:10B4E000D9E70024EBE787F31188BFF36F8F201EA5
:10B4F00018BF0120F8BD00BFFC2B0020979202006E
:10B50000C49202009E850200D9920200EF920200CE
:10B510000693020070B504460D46EFF31186202312
:10B5200083F31288BFF36F8F2148FFF7DBFB68B905
:10B530008823204A2049214806F08CF81C492048DD
:10B5400006F088F888211B4806F07BF81848FFF7BA
:10B55000EDFB01212068E5608442A16011D114480F
:10B56000FFF7CEFBE8B94FF49A73124A1549134816
:10B5700006F070F80E49144806F06CF84FF49A7112
:10B58000E1E7D0E9003213605A600023C0E90033DC
:10B590000AF0EFFD314604460548FEF713FE20464B
:10B5A00070BD86F31188BFF36F8F0024F7E700BFEB
:10B5B000FC2B002097920200C49202009E8502009C
:10B5C000D9920200EF920200069302002DE9F84F93
:10B5D0004F1E0F4206460D469A460BD02F491723A1
:10B5E0002F4A304806F036F82F4806F033F8172176
:10B5F0002B481CE0141D4DD241F0040B00F114083F
:10B60000EFF31189202383F31288BFF36F8F404635
:10B61000FFF768FB68B98823244A2549214806F0CA
:10B6200019F84146234806F015F888211F4806F00E
:10B6300008F84046FFF77AFB224659463046D04785
:10B6400004464046FFF75CFB68B94FF49A73174A0B
:10B650001949144805F0FEFF4146184805F0FAFF65
:10B660004FF49A71E2E789F31188BFF36F8F8CB1C1
:10B6700044F8046B7DB13C420DD03423084A104994
:10B68000084805F0E7FF21462A460E4805F0E2FF8C
:10B690003421ADE700242046BDE8F88FA88F0200D2
:10B6A00021F402009E850200C38F020097920200DF
:10B6B000C4920200D9920200EF92020006930200A7
:10B6C00045F4020077F402002DE9F04105460E46EC
:10B6D00017460AF067FC28B9074B9B681C6F14B922
:10B6E000BDE8F081054C3B46324629462046BDE880
:10B6F000F041FFF76BBF00BFAC2B00204C0B0020CC
:10B7000002460021014B0248FFF760BF731502009B
:10B710004C0B0020014B0367704700BF4C0B00200F
:10B720000146024A0020FFF7CFBF00BF7315020099
:10B7300001680E4A0346914215D1C169A2F1102257
:10B74000A2F1EF1291420ED18268012A0BD8C26891
:10B7500012B101698A4206D0586928B19B691B1A47
:10B760005842584170470120704700BF55AA00FF5A
:10B7700070B50D4B9E68A6B13046FFF7D9FF044661
:10B7800078B9F3686BB935690DB9204670BD2846A4
:10B79000FFF7CEFF28B9EB68B34202D12E462D69E0
:10B7A000F2E70124F1E700BF002C00202DE9F04171
:10B7B000444B454C05461B6820468846984718B1BF
:10B7C00000242046BDE8F081A4F1140754F8144C7D
:10B7D000FB68DCB1BC68CCB1002D66D0B8F1000FBD
:10B7E00065D008FB05F6B6FBF5F5A84561D1311D1E
:10B7F0005FD8B20711D026F0030204321C4603E0E2
:10B800006168914257D2A469002CF9D12F4B2E4880
:10B810001B6898470028D4D0D2E73246EEE7891A51
:10B82000232904F120051CD80123A360D4E90523B2
:10B83000AAB19361A3690BB162695A610023C4E99B
:10B8400005333B69DB0703D5FFF792FF002835D1AD
:10B850003246002128462C460BF07DFBD6E7FB60E4
:10B86000E8E702F1200C04EB0C032039C3E90110D6
:10B87000DC6021691648196144F80C00A0F1102021
:10B88000A0F1EF10D86101B1CB6061695961A06985
:10B89000986141B18B61996901B14B6101212361CB
:10B8A000C4E90121CAE7FB60F5E72C46AEE7444650
:10B8B000ACE70446AAE7A0680028B0D0012004F055
:10B8C00051FB00BFFC090020142C0020F8090020C7
:10B8D00055AA00FF70B5464B464C05461B682046EE
:10B8E0009847002840F08280002D43D054F8143C43
:10B8F000A4F11406002B3DD0B268002A3AD09D4234
:10B9000003D3726813449D4202D3012004F02AFB42
:10B91000A5F120042046FFF70BFF0028F5D155F8CC
:10B92000183C012BF1D155F8143C45F8180C3BB3E9
:10B930009A682ABB55F81C2C02F120015A680A4467
:10B940005A6055E905321A6155F8145C2B6903B148
:10B95000DD602022002120460BF0FDFA286910B19D
:10B960008368002B2ED033699B0703D5FFF700FFB8
:10B970000028CAD1BDE870401F4B1E481B681847FD
:10B9800055F8100C00282AD0836843BB42686368CE
:10B9900013442033636003692361D4E905239AB912
:10B9A000CBB9436963618269A261B3B19C61A36948
:10B9B00003B15C61236903B1DC60202200210BF03C
:10B9C000CAFAD0E72C46E1E79361A369002BE8D0DF
:10B9D00062695A61E5E7F360F7E7F460E7E7F36867
:10B9E00045F8083C03B15C61F460BCE770BD00BF82
:10B9F000FC090020142C0020F809002038B50C4662
:10BA00001C220021054615480BF0A5FA144B1548D9
:10BA10001B6898471449154800F038F8232C1CD9A6
:10BA200015F003031FBF043CE418C3F10403ED1831
:10BA30002246002128460BF08EFA084B0C49C3E938
:10BA40000054203C9D606C609A6811609A68A1F176
:10BA50001021A1F1EF11D161DA6038BD002C002076
:10BA6000000A0020142C0020D5B80100ADB7010059
:10BA700055AA00FF014B1B68184700BFF0090020C2
:10BA8000014B1B68184700BFEC090020024B1860EF
:10BA9000024B002019607047F0090020EC090020DB
:10BAA00010B50A46044619B1024B00211B6898479D
:10BAB00010BD00BFF4090020F8B50D4E0D4C0E4D21
:10BAC00033680E48984767782B680C489847336866
:10BAD0000B489847022F08D12478E31F5C425C4151
:10BAE0002B68074898472046F8BD0024F8E700BFB8
:10BAF000FC0900201C2C0020F8090020F006002082
:10BB0000F80600200E4B0340B3F1607F06D1B1F57B
:10BB1000885F14BF6FF0860000207047B3F1707F1C
:10BB20000BD101F4E043B3F5005F06D111F4E06FEF
:10BB30000CBF6FF08600002070476FF086007047E2
:10BB40000000C07F8A42F8B506460D4600F0188115
:10BB500001F0FE41B1F1C06F6BD18D4C22F48751E1
:10BB600021F01F01A14222F0FF0015D0894988422F
:10BB70002CD022F4FF7121F00101B1F1062F2CD05D
:10BB800004F5C064A04207D004F57454A14203D068
:10BB9000A4F58444A1421DD1D1B221BB8BB122F4C2
:10BBA000FF7323F00103B3F1062F06D07A4922F484
:10BBB000FF6323F007038B4203D122F4807225F444
:10BBC0008075954214BF00200120F8BDD1B251B953
:10BBD000824208D0002BE9D1F3E7D1B219B9B2F112
:10BBE000062F40F0D1806B4E25F4FF7121F001014A
:10BBF000B14225F0FF0411D006F58856B4420DD0AD
:10BC0000664F25F47F7626F00306BE4206D0644ECA
:10BC1000B44203D006F57456B142BFD115F0FF010E
:10BC2000BCD0604E41F00071B14204BF02462546CF
:10BC3000B4E7B1F1A06F17D102F0FE43B3F1A06FEA
:10BC400040F08C8082EA050333F47E1340F0868056
:10BC50002E0440F18380C5F30540C2F305429042B3
:10BC60008CBF00200120B0E74F4B9D4209D1A3F5C6
:10BC700000439A4200F084804C4B22F47E1098429C
:10BC8000A0E7B1F1407F69D102F0FE43B3F1407FFC
:10BC900064D182EA050030F47E145FD13146284633
:10BCA000FFF730FF00286DD1414B12F47C1103EAFD
:10BCB000020318D0B3F1607FC2F305413DD13D4886
:10BCC000D3B243F0007383423DD003F17E43043B83
:10BCD000112B01D83848C45C15F47C1FC5F305430B
:10BCE00033D18C426EE7B3F1607F0DD13148D3B2CE
:10BCF00043F0007383421ED003F17E43043B112BBB
:10BD0000DDD82E49C95CDAE7B3F1707F19D106F4AA
:10BD1000E043B3F5005F03D10121C6F3022399404C
:10BD200006F4E043B3F5005FD6D10120C6F3022646
:10BD300000FA06F4D0E71021C1E7B3F1707FCBD150
:10BD4000EEE70024C8E71024C6E712F47C1F01D1F7
:10BD5000A34215D02C0401D58B4281E725F0004386
:10BD600023F47F03B3F1106F0CD102F0FE43B3F163
:10BD7000106F07D11248104040F01060A84221E730
:10BD8000012022E7002020E7002B7FF416AF18E700
:10BD90000003000600020006004000060004000642
:10BDA00000090006FF0000020093C00400014005E6
:10BDB0000000C07F030000029FF402009FF4020015
:10BDC0000000FFF62DE9F047884692461C4600F039
:10BDD000C7FC064600283CD1D8F80070B7F80090A0
:10BDE00009F4E043B3F5804FBB6808BF2AF0010AAD
:10BDF0003AEA030325D164B3BAF5006F2CD0AAF553
:10BE00000052D2F1000A4AEB020A2A4B24F0FF0248
:10BE10009A4224D114F0FF0504D0274B45F0007559
:10BE20009D423BD0534622464846F968FFF78AFEBA
:10BE3000054670B95346224648463969FFF782FEE7
:10BE4000A8BB6FF0840600233846C8F8003000F025
:10BE5000BBFC3046BDE8F0874FF0010AD5E7174B31
:10BE60009A42D7D0A3F588539A42D3D024F4FF73D3
:10BE700023F00103B3F1062FCCD011498A42C9D077
:10BE8000104A9342C6D0A2F584429342C2D004F035
:10BE9000FE43B3F1407F04D12304C3D56FF086067F
:10BEA000D1E7B3F1A06FF7D0034B9C42B9E72E4620
:10BEB000CFE700BF00030006FF00000200130006EA
:10BEC000000900060046000670B5114B05461B68C8
:10BED00010480E469847044618B16FF08F0420466C
:10BEE00070BD6B6933602B7F012B04BF02232B775E
:10BEF000094B18BF30601B68064818BF6FF09604E6
:10BF000098470028EBD0002CE7D06FF09604E6E7C6
:10BF1000FC09002000070020F809002038B500F0D7
:10BF2000FE43B3F1407F04460D4602D06FF0860019
:10BF300038BDFFF7E7FD0028FAD114F47C1F12D0BA
:10BF4000C4F30543032B137022D9284A2240B2F1CF
:10BF5000607F3DD1264AE4B244F0007494422BD174
:10BF6000102BE5D9E2E7214B2340B3F1607F15D1D7
:10BF70001F49E3B243F000738B4202D110231370C8
:10BF8000D6E703F17E43043B112B04D90023137041
:10BF90006FF08500CCE71749CB5CD3E7B3F1707F36
:10BFA000F4D101F4E043B3F5005FEFD10123C1F315
:10BFB00002218B40DBB2C5E704F17E44043C112C26
:10BFC000B4D80D4A125D9342B0D8142BB0D9DFE734
:10BFD000B2F1707FAAD105F4E042B2F5005FA5D1BD
:10BFE0000122C5F30225AA40EDE700BF0000C07F93
:10BFF000030000029FF402009FF4020000232DE9D9
:10C00000F34113604768D0F8148004460E46384662
:10C0100011460AF078FC054688B938460AF075FCE6
:10C02000054660B9FFB277B9B8F1000F05D1A36832
:10C0300023F0031323F47F4363B16FF08605284692
:10C0400002B0BDE8F081012160690AF036FC0028E9
:10C05000EDD1F2E74FF6F87362889A4227D8154B74
:10C0600015481B682779984710B16FF08F05E6E7F0
:10C0700007B901A8314600F02BFB104B05461B68A1
:10C080000D48984710B1002DD9D1EEE7002DD6D13B
:10C090000FCCD6F800C066460FC694E8070086E8C5
:10C0A0000700002FCBD1019BCCF81430C7E76FF00D
:10C0B0008505C4E7FC09002000070020F8090020DE
:10C0C00010B5044660B1074B07481B6898472046E7
:10C0D0000AF0C6F9BDE81040044B03481B68184736
:10C0E00010BD00BFFC09002000070020F809002057
:10C0F00037B50446C0B101A900F032FB044698B937
:10C10000194B1A481B689847194DF0B90198037FDD
:10C11000032B11D10AF0E2FB2B6804461348984721
:10C1200028B10CB96FF08F04204603B030BD002C4D
:10C1300008BF6FF08704F7E7022B12D103230377C0
:10C140000379FF2B08BF6FF0840401980AF0C6FB47
:10C150002B68002818BF0446044898470028E3D0FD
:10C16000DFE76FF09604F0E7FC09002000070020ED
:10C17000F80900202DE9F04116461F46002288B03C
:10C18000038805468846CDE9042207963A60002ECA
:10C1900062D0B6F1005F80F09E8023F0FF03B3F51C
:10C1A000E24F02D0B3F5824F22D128460AF039F887
:10C1B0000446002840F08380EB686BB16A885AB16E
:10C1C0002B8803F44F41B1F5824F05D1DBB2222B0E
:10C1D00037D02DD8122B39D04246002308EB060168
:10C1E00012F8010B914243EA0003F9D1002B33D03E
:10C1F000284605AA04A9FFF701FF0446A0B9049B3D
:10C200009B6A63B3049B41465A882846069206AA55
:10C21000029203F1280201929A6A00925B6A324606
:10C220000AF0A5FB044678B30498FFF749FF46E0FF
:10C23000273BDBB21B2BCFD8284921FA03F3DB07BE
:10C24000CAD50732B6EBD20FC6D205E040F20923B9
:10C250009A42F6D1402EBFD86FF086042FE06B686B
:10C260001B0A07D1079904980AF0BAF80446002877
:10C27000C8D0D9E732464146284607AB0AF04FFB03
:10C2800004460028EED0CFE70499069B4A88D2B92D
:10C290004B804FF6F873069A04989A4218D82B8868
:10C2A00013B102889A4210D16B8813B142889A4226
:10C2B0000BD13946FFF708FE04460028B4D12046CA
:10C2C00008B0BDE8F0819A42E3D06FF08604ABE796
:10C2D0006FF08504A8E76FF08504F0E70102000C19
:10C2E00038B504460D46FFF7E7FB30B12A46214634
:10C2F000BDE8384002480AF0F7BB6FF0880038BD4F
:10C30000202C00202DE9F04F9B460023924601F09F
:10C31000FE428FB0B2F1806F0E46DDE91878DDF88D
:10C320006890099306D0184600F04EFA6FF0860523
:10C33000002479E00B464FF4807209A9FFF742FD13
:10C340000546099815B100F03FFAF1E7038803F4B8
:10C35000E042B2F5005F1DD113F4E06FC3F3022198
:10C3600018D0364C26F48072A2420AD004F500742C
:10C37000A64206D0324CA64203D0A4F53F44A242C6
:10C3800008D101248C40102C0CD900F01DFA6FF05C
:10C390008305CDE742F2040293420AD1294B9E4223
:10C3A0000ED10C24A04510D200F00EFA6FF08905D2
:10C3B000BEE742F20702934202D1224B9E42E4D0F2
:10C3C000214B9E4209D10D24ECE721460AA8FFF734
:10C3D00087FF054610B10998B5E700240998D0E910
:10C3E00009123FB33D19A8EB04030DF12808CDE96C
:10C3F0000453CDE902AB3346CDF818900194CDF843
:10C4000000800AF00AFB0646099800F0DDF90546AF
:10C4100096B900288CD124B12246414638460AF00C
:10C4200073FDD9F800301C442846C9F800400FB00D
:10C43000BDE8F08F3D46D6E7354679E70010C004E9
:10C4400000FF4004000180040013C00470B51D4EBD
:10C450001D4C33681D4898472378590744BF23F083
:10C460000403237023789A0705D500F017F9237881
:10C4700023F002032370164D14482B689847336845
:10C4800014489847637813B113480AF03EFB002321
:10C49000042111486370FFF703FB2B680D48984790
:10C4A00033680A4898472378DB0705D50AF036FA3F
:10C4B000237823F0010323702B680448BDE8704003
:10C4C000184700BFFC0900201C2C0020F8060020A3
:10C4D000F8090020F0060020202C00202DE9F04172
:10C4E000FFF7EAFA18B100242046BDE8F081364F84
:10C4F00036483B689847044620B16FF08F04FFF739
:10C50000A5FFF1E7324D2B78D80706D40AF004FADC
:10C5100004462B7843F001032B702E4E2B483368D2
:10C52000984710B1002CE8D0E9E7002CE7D13B6830
:10C530002648984704460028DFD12B78990706D46F
:10C5400000F0A4F804462B7843F002032B70336804
:10C550001E4898470028E5D1002CD0D13B681B48E5
:10C5600098470028C9D13368184895F80080984743
:10C570000028C2D13B681848984704460028BCD11F
:10C580006B7843B918F0010F05D014480AF0AAFAE5
:10C59000022304466B7033680F4898470028C1D1C6
:10C5A000002CACD13B68094898470028A5D12B78CE
:10C5B00006485A075CBF43F004032B703368984762
:10C5C000002890D099E700BFFC090020F806002061
:10C5D0001C2C0020F8090020F0060020202C002050
:10C5E00038B5074C074B20461B689847064B20463A
:10C5F00093F88055054B1B689847284638BD00BF07
:10C60000F8060020FC090020242C0020F809002056
:10C6100000F140421F2A38B504460D460CD82C21A3
:10C62000194B01FB02331A7F022A02D15A69824256
:10C6300018D06FF08B001FE001210AF03EF9E0B145
:10C64000114A00201346117F022902D15169A142EB
:10C6500005D00130202802F12C02F4D1E9E72C2288
:10C6600002FB00331A7F022A0AD11A6A511C07D032
:10C67000002001321A622B6038BD6FF08700FBE7A3
:10C680006FF09600F8E700BF242C00200122024B37
:10C69000002083F880257047242C00202DE9F041EC
:10C6A0000A4C002526464FF0010803272046C4F80F
:10C6B00020802777013509F0D3FE202D04F12C04CA
:10C6C000F4D1002386F88035BDE8F081242C0020C9
:10C6D000F8B506460F46FFF783FF002835D0002443
:10C6E0001D4B22461D46197FF9B13CB9022905D1DF
:10C6F000196A19B91979002918BF1C460132202A74
:10C7000003F12C03EFD114B96FF08C000BE0237F01
:10C71000022B04D1236A5A1C1CBF0133236220461A
:10C7200009F09EFE10B100240DE01C46237F7BB96A
:10C730000123237736B1094B651BAD105D4305F12D
:10C740008045356000203C60F8BD6FF08800EAE766
:10C750006FF09600E7E700BF242C0020A38B2EBAD1
:10C76000002370B50B6004460D46FFF739FF08B390
:10C77000124B13481B689847064618B16FF08F0498
:10C78000204670BD20462946FFF742FF10F18C0F6E
:10C7900004460C4B07D01B68094898470028EFD087
:10C7A000002CEDD1EAE72E601B68054898476FF032
:10C7B0008704E5E76FF08804E2E700BFFC0900208A
:10C7C00000070020F809002010B50B4B04461B6839
:10C7D0000A48984718B16FF08F04204610BD2046D4
:10C7E0000AF07CF8064B04461B680448984700286A
:10C7F000F3D0002CF1D1EEE7FC0900200007002067
:10C80000F809002070B40A4EDCB2456844F00074A8
:10C81000B4424FEA152503D035B970BC00F0A4B876
:10C820006FF0850070BC70476FF08600FAE700BFBC
:10C8300005000002F7B5089E0D4FF5B2044645F01D
:10C8400000754868BD424FEA10200AD060B90096D2
:10C8500004F1080000F054F808B91C23236003B069
:10C86000F0BD6FF08500FAE76FF08600F7E700BFD4
:10C8700005000002F7B5089E0D4FF5B2044645F0DD
:10C8800000754868BD424FEA10200AD060B9009692
:10C8900004F108000AF037FA08B91C23236003B03A
:10C8A000F0BD6FF08500FAE76FF08600F7E700BF94
:10C8B000050000027FB50024C0F848410F4C054632
:10C8C00000940AF0B5F8044698B9102203AB05F5B8
:10C8D0009C76019328463346009205F594710AF040
:10C8E000BAF8044628B930460AF03BF9204604B0AD
:10C8F00070BD28460AF0BBF8F8E700BF00444004CA
:10C900002DE9F0411E46069B1746154A23F47E1377
:10C91000934204460D461BD10B88B3F5105F17D127
:10C92000A6F11002102A17D80E4BD340DB0713D5FF
:10C930004FF4A67200210AF00EFB022384F84C315A
:10C940003A46334629462046BDE8F041FFF7B2BFDC
:10C950006FF08500BDE8F0816FF08600FAE700BF58
:10C960000002C003010101002DE9F04323F47E160B
:10C97000124BDDF82C909E42DDE9077CDDE909E8E9
:10C9800015D10388B3F5105F11D1A2F11004102C5A
:10C9900011D80B4D25FA04F4E3070CD53B46CDE93D
:10C9A0000989CDE907CEBDE8F0430AF083B96FF0FD
:10C9B0008500BDE8F0836FF08600FAE70002C0034F
:10C9C0000101010073B50C4611461A46238805463D
:10C9D000B3F5105F069E19D1A2F11004102C12D8E5
:10C9E0000C4BE340DB070ED50B4B9E420ED10024CF
:10C9F0002346009400F0A4F8204685F81C41C5F8B1
:10CA0000186102B070BD6FF08600FAE76FF0850024
:10CA1000F7E700BF01010100004440042DE9F041A7
:10CA200016461F46D0F818210E4B05469A428846F6
:10CA300011D1314600F0A4F8069B044698420DD867
:10CA4000334628464246394600F0A8F80020079BA6
:10CA50001C60BDE8F0816FF08500FAE76FF0890097
:10CA6000F7E700BF0044400470B50088C8B0B0F5D7
:10CA7000105F4D9E4F9D22D1A2F11000102821D8A9
:10CA8000134C24FA00F0C0071CD51248834216D17B
:10CA900005F00F00064315D1519B9D4215D8529BBE
:10CAA00003A81D603346009600F04AF803A82B4601
:10CAB0004E9A509900F072F8304648B070BD6FF051
:10CAC0008500FAE76FF08600F7E76FF08900F4E77A
:10CAD000010101000044400470B5184E049CB342AB
:10CAE000458802D06FF0850070BDEE1DB2EBD60F09
:10CAF0004FEAD60302D06FF08600F5E7079A93421B
:10CB000018D8089A136047F2121200889042E9D1AF
:10CB1000059A5B0001339342EDD12378042BEAD1CF
:10CB2000B5F5807FDED10698621C00F067F9002819
:10CB3000DAD0E0E76FF08900D6E700BF0000020915
:10CB4000F8B5069F04461D4661B11646AFB9E3F736
:10CB500003FD002384F8116184F8127184F8103108
:10CB600084F8133145B11022294604F1F0000AF08F
:10CB7000CBF9012384F81331F8BDE3F781FEE8E730
:10CB800051B190F8103190F812210B4402F00102DB
:10CB90009B1A23F00F007047084670472DE9F04FAD
:10CBA0001E4690F8123187B090F810910093002E35
:10CBB00052D0924603F00108C9F1100208EB0203BB
:10CBC000B342044600F5807700F2C3800D46002A88
:10CBD00040F0B280009B002B69D194F8133104F12E
:10CBE000F009C846002B40F0C0802246394648462E
:10CBF00094F81131E3F75CFB0F2E40F2CD80D04664
:10CC0000A6F1100323F00F031033019305EB030B80
:10CC100094F813311BB3102341464A4638469844D2
:10CC2000E4F760F81022494628460AF06DF91035FD
:10CC300022463946484694F81131E3F739FB5D4501
:10CC4000E6D116F00F0623D184F81061C8461022F1
:10CC5000414658460AF058F907B0BDE8F08F414602
:10CC6000102238460AF050F91022494628460AF0A8
:10CC70004BF9103522463946484694F81131E3F70E
:10CC800017FBAB4508F11008C2D116F00F06DBD038
:10CC9000019B9A445146384632460AF035F9009BCA
:10CCA00084F81061002B7DD00DF10808CFE794F8CF
:10CCB00011312246394602A8E3F790FC94F813316B
:10CCC000002B5BD1B8F1000F0CBF4FF010094FF0F3
:10CCD00011094E4529D304F1F00801E04E4524D353
:10CCE00010225146384692440AF00EF91022284686
:10CCF00002A90AF009F994F811312246394602A82E
:10CD0000E3F76CFC94F81331103E1035002BE5D09E
:10CD100002A9084642461023E3F7E4FF10223946F1
:10CD200040460AF0F1F84E45DAD22EBBAB460DF183
:10CD3000080884F810618AE7514607EB090092441D
:10CD40000AF0E2F8009B103E4E44002B3FF445AF42
:10CD5000ADE707EB0900514632460AF0D5F8B14479
:10CD600084F8109107B0BDE8F08F10234A46394689
:10CD70003846E3F7B7FF38E7AB468BE702A904F183
:10CD8000F0094A4608461023E3F7ACFF4846102254
:10CD900039460AF0B9F895E7002EEDD1AB4684F894
:10CDA000106154E704F1F00950E700BF00B589B005
:10CDB0000146684600F03EF809B05DF804FB00BF8C
:10CDC00000B591B00146684600F06CF911B05DF80D
:10CDD00004FB00BF30B599B00546684600F02AF85C
:10CDE0006946044608A800F055FA034608A92846F3
:10CDF0001C4300F08BF9204619B030BD70B598B0D7
:10CE000005466846164600F015F83146044608A85F
:10CE100000F048F9034608A96A4608461C4300F09A
:10CE200083F9034608A928461C4300F06DF9204603
:10CE300018B070BD38B50B68124D1BBAC3614B6892
:10CE40002A461BBA83618B6804461BBA4361CB68D0
:10CE50001BBA03610B691BBAC3604B691BBA8360C1
:10CE60008B691BBA4360CB6901461BBA0360E3F7C9
:10CE700029FD034620461C4629461A46E3F742FD93
:10CE8000601E38BDC88102002DE9F04106460C46FF
:10CE9000904688B0684602F1200106F12007E4F7C9
:10CEA0000BF86A4669466846E3F728FF6946384644
:10CEB000E4F702F83A463946384604F12005E3F72C
:10CEC0001DFF6A4669466846E3F718FF4146284653
:10CED000E3F7F2FF6A4641463046E3F7D5FF2A46BC
:10CEE00029466846E3F70AFF2A4669466846E3F79B
:10CEF00005FF69466846114AE3F700FF6946204688
:10CF0000E3F7DAFF324621462046E3F735FF3246A3
:10CF100021462046E3F730FF224631462846E3F714
:10CF20002BFF6A4629462846E3F7AEFF3A462946D4
:10CF30002846E3F721FF08B0BDE8F081A88202008F
:10CF4000F0B504460D4699B02A4668462146E3F7F7
:10CF500013FF69466846E3F7AFFF6A46214608A813
:10CF600005F1200604F12007E3F78EFF6A46294603
:10CF70006846E3F789FF3246394610A8E3F7BEFE5C
:10CF8000324639463046E3F7F7FE31462846E3F7A6
:10CF900093FF6A46204608A9E3F7B0FE22462946D9
:10CFA0002846E3F7E9FE6A46684608A9E3F7E4FE87
:10CFB0006A4639463846E3F767FF2A46684608A9B5
:10CFC000E3F7DAFE6A4631463046E3F75DFF3A465C
:10CFD00031463046E3F7D0FE684610A9E3F76CFF10
:10CFE000224669462046E3F7C7FE08A922460846BE
:10CFF000E3F7C2FE10A9084608AAE3F745FF3A4640
:10D00000384610A9E3F7B8FE19B0F0BD2DE9F0419C
:10D0100005460C46904688B00A4668462946E3F71E
:10D02000ABFE69466846E3F747FF6A46294628464D
:10D0300004F12006E3F728FF05F120076A462146A0
:10D040006846E3F721FF324639463046E3F794FE5F
:10D0500031462046E3F730FF2A4621462046E3F7D3
:10D060008BFE6A4621462046E3F786FE6A4629463D
:10D070004046E3F781FE424639463846E3F704FF6F
:10D08000224629466846E3F777FE6A46314630462F
:10D09000E3F7FAFE3A4631463046E3F76DFE08B054
:10D0A000BDE8F08170B504460D4690B004F120064D
:10D0B00000F014F9304605F1200100F00FF9214687
:10D0C00008A8E3F7F9FE08A908460D4AE3F716FE9B
:10D0D00008A922460846E3F7D7FE08A90846094AE8
:10D0E000E3F70CFE31466846E3F7E6FE2022694688
:10D0F0000DEB0200E3F7D4FD013810B070BD00BFA6
:10D10000A88202008882020000F002B938B5054604
:10D110000C4600F0FDF805F1200004F12001BDE807
:10D12000384000F0F5B800BF13462DE9F047B8B01D
:10D130008946544A1946804610A8E3F7C3FB524972
:10D14000024610A8E3F7DEFB0746179E4D4907EAA3
:10D15000D676C6F1010210A8E3F7D4FB179C4A4625
:10D16000E44328A918A8FFF78FFEE40F20A908467A
:10D17000C4F101024FF0FE0AC7F1010700F090F878
:10D1800025466A4618A928A8FFF740FF4FEA6A1308
:10D1900038AA02EB830353F8A04C0AF01F03DC40CB
:10D1A00004F0010465402A4628A918A8E3F706FC04
:10D1B0002A4630A920A8E3F701FC0AF1FF3A28A982
:10D1C00018A8FFF7BDFEBAF1FF3FD9D1C4F10102A3
:10D1D00020A908A800F064F866406A4618A928A8A3
:10D1E000FFF714FF324628A918A8E3F7E7FB3246F9
:10D1F00030A920A8E3F7E2FB08A96A460846E3F74E
:10D2000043FE08A9084600F09DF808A908F120048B
:10D21000084609F12002E3F737FE204620A908AAB4
:10D22000E3F732FE08AA684618A9E3F72DFE69461F
:10D230006846E3F741FE18AA694608A8E3F724FE0A
:10D2400021466846E3F738FE08AA69461046E3F728
:10D2500093FD68460D4A08A9E3F78EFD204620217C
:10D26000E3F732FD024608A9684654423C43E3F71F
:10D27000A5FB40466946064AE3F706FE204638B05D
:10D28000BDE8F0870882020028820200888202003E
:10D29000E88102000A460149FFF746BF48820200C2
:10D2A00070B588B004460D46164600212022684617
:10D2B00009F051FE0023294620222046009309F060
:10D2C00023FE2A4669466846E3F756FD324669461C
:10D2D0002046E3F773FB08B070BD00BF0B681BBAB4
:10D2E000C3614B681BBA83618B681BBA4361CB680F
:10D2F0001BBA03610B691BBAC3604B691BBA83601D
:10D300008B691BBA4360CB691BBA0360704700BFCF
:10D31000CB691BBA03608B691BBA43604B691BBAAC
:10D3200083600B691BBAC360CB681BBA03618B684F
:10D330001BBA43614B681BBA83610B681BBAC3619C
:10D34000704700BF70B50D46052498B0064610A87A
:10D35000E3F7B2FD2A46684610A9E3F795FD694652
:10D3600010A8E3F7A9FD10A90846E3F7A5FD6A4652
:10D3700010A908A8E3F788FD08A910A8E3F79CFD09
:10D3800010A90846E3F798FD10A90846E3F794FDB5
:10D3900010A90846E3F790FD10A908AA0846E3F78C
:10D3A00073FD10A90846E3F787FD10A90846E3F7C7
:10D3B00083FD10A96A4608A8E3F766FD08A910A82E
:10D3C000E3F77AFD10A90846E3F776FD013C10A9C2
:10D3D000F5D1084608AAE3F757FD052410A9084629
:10D3E000E3F76AFD10A90846E3F766FD013CF5D1B5
:10D3F00010A908AA0846E3F747FD10A908A8E3F713
:10D400005BFD08A90846E3F757FD08A96A46684688
:10D41000E3F73AFD1024694610A8E3F74DFD10A983
:10D420000846E3F749FD013C10A9F5D12A46084614
:10D43000E3F72AFD402410A90846E3F73DFD10A9B3
:10D440000846E3F739FD013CF5D110A96A460846C4
:10D45000E3F71AFD102410A90846E3F72DFD10A9E3
:10D460000846E3F729FD013CF5D110A96A460846B4
:10D47000E3F70AFD102410A90846E3F71DFD10A9E3
:10D480000846E3F719FD013CF5D110A9084608AAA2
:10D49000E3F7FAFC2A46304610A9E3F7F5FC18B08A
:10D4A00070BD00BF014B1B68184700BF200A002059
:10D4B000014B9B68184700BF200A0020014BDB6826
:10D4C000184700BF200A002010B50C4C236813B188
:10D4D0000B4B1B682BB900F05FFE30B90122084BE3
:10D4E0001A6001232360002010BD0138072801D9EC
:10D4F000044810BD044B53F8200010BDAC3100208F
:10D50000A8310020FE8FFFFFC8820200BFF34F8FBB
:10D510000549064BCA6802F4E0621343CB60BFF3CF
:10D520004F8F00BFFDE700BF00ED00E00400FA05EB
:10D5300030B44FF0FE3200250B4B0C4C0C494968BF
:10D54000C3F80024C3F80424C3F80824C3F80C2447
:10D55000C3F81024C3F81424C3F81824C3F81C24F7
:10D56000C4F8005530BC0847005084500040845037
:10D57000040A0020024BD0E90012C3E900127047F0
:10D58000040A0020144B2DE9F043002814BF044680
:10D590001C46124F236883B0BB4219D016460D4675
:10D5A00020464FF4E07104F1040900F0EDF804F5B1
:10D5B0008E78484600F0D0FC404600F0F3FA2B4647
:10D5C0004A4640460649009600F002FB08B927602B
:10D5D000002003B0BDE8F083B0310020A5BCC95ADB
:10D5E000DDDF010070B50D4C1D46002814BF064656
:10D5F00026460B4B306882B098420DD106F58E70EE
:10D60000002633460096144600F032FB002818BF6F
:10D6100034462C6002B070BD0248FBE7B0310020F8
:10D62000A5BCC95AE88FFFFF10B5044650B1636826
:10D6300013F0685F05D0064A934202D0002362606F
:10D64000236010BD034B04485B689847EFE700BFB9
:10D650002C5F5CA9040A0020E8820200C8B143687C
:10D660000D4A934213D013F0685F0ED0012350E8A7
:10D67000002F194640E8001C9CF0000FF7D1012A4A
:10D68000F5D0BFF35F8F002070470448704704480F
:10D6900070476FF4E04070472C5F5CA9E98FFFFF93
:10D6A000EA8FFFFF034680B1426809498A420AD0E7
:10D6B00012F0685F05D0BFF35F8F002210461A603A
:10D6C000704704487047044870476FF4E040704763
:10D6D0002C5F5CA9E98FFFFFEA8FFFFF10B50446BE
:10D6E00020B10023034A2360626010BD0248FFF7A7
:10D6F0001FFFF6E73A00003A1083020070B5194C9C
:10D70000D0F804C00668C4F804C0D0F808C0C068E7
:10D71000C4F808C0E06026600868134B134D186019
:10D720004868D5F818215860886812F0685F9860DA
:10D73000C8680969D860196112D000230C4A05F540
:10D740008A70C5F81431C5F8B831C5F81821C5F884
:10D75000BC21B047236805F5DC70BDE87040184770
:10D7600070BD00BF200A00200C0A0020B03100204C
:10D770002C5F5CA938B131B100220144034601306D
:10D7800081421A70FAD1704738B131B10022014498
:10D790000346013088421A70FAD170472DE9F04FE4
:10D7A000B2F5C07FBDB000F2DA800C46DFF8B4916C
:10D7B000154600214FF4D07282460DF17C08484690
:10D7C00009F0C9FB404601F047F930232146002407
:10D7D00009F118062A4689F8173030466BBAA9F8BD
:10D7E0001230A9F8104009F08FFB802223467255B1
:10D7F0000DF12B0101F8013F0133202BFAD14FF439
:10D80000807240460BA901F03DF98346002840F0A4
:10D81000A38005F1190313AD2F4607AE0293CDF88F
:10D820000CA00196049510220021019809F093FBA9
:10D83000DFF834A1DDF808B005970A9B5AF8044CCC
:10D84000089F099A07995AF8100C5AF80C6C5AF864
:10D85000085C5C40019B7E40554081EA00071A4607
:10D8600001214046CDE90776CDE9095401F02CF9B4
:10D87000BBF1100F94BFABEB0B0BABF1100B0AF12C
:10D88000100A002847D1BBF1000FD6D1059F102206
:10D890003846019909F038FB99F803301037013305
:10D8A000474589F80330BED1049D4FF48072294664
:10D8B0004046DDF80CA0019E01F0E4F8834678BBF9
:10D8C00054460AF130071BAB1A460121404601F0CD
:10D8D000FBF8834620BB102220461BA9144409F004
:10D8E00013FBA742EFD1404601F0C6F84FF4D071C8
:10D8F0001C48FFF749FF28463021FFF745FF0BA8DA
:10D900002021FFF741FF30461021FFF73DFF584629
:10D910003DB0BDE8F08F8346DDF80CA0019E049D6C
:10D92000404601F0A9F84FF4D0710E48FFF72CFFE4
:10D9300028463021FFF728FF20210BA8FFF724FFFE
:10D9400010213046FFF720FF30215046FFF71CFF23
:10D9500058463DB0BDE8F08F13AD07AEE0E76FF07D
:10D96000370BF5E780330020903300202DE9F0419C
:10D970008CB004460D463022002168466F4609F0FF
:10D98000EAFA04F12006E27B0132D2B2E273002A05
:10D990004DD1A27B0132D2B2A273002A47D1637B60
:10D9A0000133DBB26373002B41D1237B0133DBB244
:10D9B0002373002B3BD1E37A0133DBB2E372002BFC
:10D9C00035D1A37A0133DBB2A372002B2FD1637A56
:10D9D0000133DBB2637253BB237A0133DBB22372B0
:10D9E0002BBBE3790133DBB2E37103BBA3790133D2
:10D9F000DBB2A371DBB963790133DBB26371B3B915
:10DA000023790133DBB223718BB9E3780133DBB2C5
:10DA1000E37063B9A3780133DBB2A3703BB96378D9
:10DA20000133DBB2637013B92378013323703B46B3
:10DA300022460121304601F047F88046002841D1B6
:10DA400010370CAB9F429ED1029AAB6803995340AA
:10DA500002933046EE68D5F820804E400396049934
:10DA60002E69D5F828C04E4004966E6905990B9F23
:10DA70004E4005960699AE69009B4E400696EE69AB
:10DA800007994FF480724E400796089ED5F824E01F
:10DA900088EA0608099E8EEA060E0A9E8CEA0601AE
:10DAA000EE6A7E402F687B4000936B68019D6B405F
:10DAB0000193CDE9088ECDE90A16694600F0E2FF30
:10DAC000804638B168463021FFF75EFE40460CB014
:10DAD000BDE8F0811022204608A909F015FAF1E707
:10DAE0002DE9F8431D468369B3F5C07F52D8164629
:10DAF000C3F5C072AA424DD3C5F5C072D31AB34262
:10DB000048D30446DFF898904FF4C0720F46484659
:10DB1000002109F020FA4946D4F89430A269D4F8DB
:10DB200098009847002838D1D4F818803DB1D4E93E
:10DB300025302A4609EB0801984770BBA84407B175
:10DB4000C6B9174942460846FFF728FE054638B1D0
:10DB50004FF4C0711248FFF717FE2846BDE8F8835E
:10DB600020460F49FFF702FF05460028F0D10123A8
:10DB70002361EDE73946324609EB080009F0C4F9A4
:10DB80000749B04442460846FFF708FE054600280C
:10DB9000DED1E5E76FF03705DFE76FF03305DCE74F
:10DBA0002035002010B5A4220021044609F0D3F945
:10DBB0004FF0FF314FF6F072044B2161E26104F146
:10DBC0009C001B68BDE81040184700BF000A0020F9
:10DBD0002DE9F047054688B00F4616460021202261
:10DBE0006846984609F0B7F91F4B05F19C0948466D
:10DBF0001B689847044618B1204608B0BDE8F08776
:10DC000005F1200A504600F027FFAA69C5E92576EC
:10DC1000F2B920232E69AB61002E22DB6946504603
:10DC20004FF4807200F02EFF044630B9334641466F
:10DC30002846109AFFF754FF04460C4B48461B68D1
:10DC40009847002818BF0446204608B0BDE8F08772
:10DC50002E69002EE2DA2F2A96BF01322646560898
:10DC6000DCE71026DAE700BFFC090020F8090020F5
:10DC70002DE9F04FB2F5806F91B01A9F00F2E3806A
:10DC8000B7F5807F00F2DC80044615460E46302250
:10DC9000002104A8984609F05EF96C4B04F19C0938
:10DCA00048461B6898478346002840F092802269C6
:10DCB000E3699A4200F391806369002B40F08D8004
:10DCC000002F40F0A980DFF888A16F46002D00F0FA
:10DCD00098806F4604F120080EE0102DAB4628BF57
:10DCE0004FF0100B304639465A4609F00DF9B5EBA6
:10DCF0000B055E4400F08580E37B0133DBB2E37308
:10DD0000002B4DD1A37B0133DBB2A373002B47D192
:10DD1000637B0133DBB26373002B41D1237B01337F
:10DD2000DBB22373002B3BD1E37A0133DBB2E37226
:10DD3000002B35D1A37A0133DBB2A372002B2FD194
:10DD4000637A0133DBB2637253BB237A0133DBB2F4
:10DD500023722BBBE3790133DBB2E37103BBA379FD
:10DD60000133DBB2A371DBB963790133DBB26371D9
:10DD7000B3B923790133DBB223718BB9E378013373
:10DD8000DBB2E37063B9A3780133DBB2A3703BB9B4
:10DD900063780133DBB2637013B9237801332370E6
:10DDA0003B4622460121404600F08EFE8346002875
:10DDB00093D0DAF80030484698470346302104A84B
:10DDC000002B18BF9B46FFF7DFFC10213846FFF7FA
:10DDD000DBFC584611B0BDE8F08F3A4641460023BF
:10DDE0002046FFF77DFEDFF868A000283FF46DAF06
:10DDF0004846DAF800309847834600283FF465AF7C
:10DE0000E7E7204604A9FFF7B1FD83460028D0D1FB
:10DE1000236901332361CCE73A46414604A8FFF762
:10DE2000BDFC834618B16F46DFF824A0C1E7204649
:10DE300004A9FFF79BFD834600283FF444AFF2E7B7
:10DE40006FF0370BC5E76FF0350BC2E7FC09002018
:10DE5000F80900202DE9F043202B1D460646884690
:10DE600091468BB026D8DBB202AF8DF80480B04665
:10DE700058F8041B8DF8053021B9404600F066FEC5
:10DE8000044640B9012302224046336001A900F054
:10DE900071FE044638B138462021FFF775FC204654
:10DEA0000BB0BDE8F0832A464946404600F062FECA
:10DEB0000446F0E702AF1946104600233A4600F048
:10DEC000DFFF04460028E6D12023B9461D46CCE7F3
:10DED0002DE9F041D0F8F830A6B0002BD8BF02AE43
:10DEE00031DD05460027D0F80C4102AEA4F101084F
:10DEF0009022D5F8FC403146D0F8000101AB0197E3
:10DF0000B8FA88F8A0474FEA5818044620B9019B90
:10DF100053B9B8F1000F16D030469021FFF734FC0A
:10DF2000204626B0BDE8F081014632462846FFF77C
:10DF300091FF58B9D5F80431019A1344C5F804315A
:10DF4000B8F1000FE8D16FF03C04E5E70446204645
:10DF500026B0BDE8F08100BF70B50025044614224C
:10DF600004F588762946C0F8F850FC3008F0F3FF35
:10DF700008222946304608F0EEFF144B30461B6855
:10DF80009847204640F8045B00F0C6FD104B304631
:10DF90001B689847C8B9D4F8F830AB420FDC03EBE4
:10DFA000830204EB82022021C2F800010120C2E9B1
:10DFB000421008490133C2F8FC10C4F8F830064B8F
:10DFC0003046BDE870401B68184770BD000A00204D
:10DFD000FC09002055E90100F80900202DE9F0476F
:10DFE000202A88B07AD83F4B00F5887904461B6810
:10DFF00048461746884698470546F8B940F2011644
:10E00000D4F8F830002B65D02046FFF761FF0546B5
:10E0100038B9D4F8F830002B14DC013EF2D16FF09F
:10E020003B056E4620213046FFF7AEFB2E4B48469F
:10E030001B689847002818BF6FF01D05284608B0D8
:10E04000BDE8F087D4E94132934203D3D4F80C21E0
:10E05000012A02D0013ED7D1E1E71F2BFAD96E4643
:10E0600001462022304604F1040A08F074FF3146CC
:10E07000504600F0A9FD05460028D3D1504600F0D7
:10E080005FFD504600F048FD2946504600F05EFD19
:10E0900005460028C6D150462022314600F06AFDD0
:10E0A00005460028BED1034632462021304600F006
:10E0B000E7FE05460028B5D1D4F8F8303A46002BE3
:10E0C000C8BF002340463146C8BFC4F8043108F039
:10E0D0001BFFA7E76FF03F056E46A3E76FF03B0518
:10E0E000ACE700BFFC090020F8090020002130B592
:10E0F0008DB0282202A8019108F02DFF02A800F09F
:10E10000E7FE044610B120460DB030BD1B4D4FF068
:10E11000FF31286800F034F960BB194BD3F8340E96
:10E1200010F0010017D100F05BF9F8B9154A02A907
:10E1300001A800F001FC0446012000F051F988B963
:10E14000286800F025F90028DDD00F48FFF7F0F926
:10E1500020460DB030BD2868052400F019F90028CC
:10E16000D1D0F2E70948FFF7E3F9E9E70848FFF7FC
:10E17000DFF9DBE70748FFF7DBF9CEE7540A0020B9
:10E1800000608450A03600208C8302006C83020063
:10E190004C8302003483020030B583B000F036F8BF
:10E1A00078B900F055F890B9144BC3F80C0AFFF792
:10E1B0009DFF0446F8B9124D2B6863B1204603B0A9
:10E1C00030BD032400F072F8204603B030BD0424B3
:10E1D000204603B030BD02460146FFF7D3F950B9DF
:10E1E0006822084901ABFFF7FDF920B92046064B2C
:10E1F0002B6003B030BD0524E0E700BF0050845021
:10E20000C0380020C43800205AEA5A5A002070470B
:10E21000430504D54FF0FF32034BC3F80821024BEE
:10E22000C3F8080A704700BF00508450014BC3F880
:10E23000040A70470050845008B100F071B84FF4E0
:10E240007500704708B100F04FB84FF47500704783
:10E2500010B5114800F080F800B110BD0F4800F073
:10E260007BF80028F9D10E4C204600F075F8002804
:10E27000F3D10C4B0C481C6000F06EF801460028EE
:10E28000EBD100F02DF8044608B1204610BD00F097
:10E2900089F82046FAE700BF640A0020600A0020DF
:10E2A0005C0A0020540A0020580A002008B50848DB
:10E2B00000F05CF8074800F059F8074800F056F8FD
:10E2C000064800F053F8BDE8084000F00BB800BF66
:10E2D000640A0020600A00205C0A0020580A00201E
:10E2E00000207047704700BF10B402460B4C01E09D
:10E2F000134207D1D4F8003A13F48070F8D001200B
:10E3000042F4807229B1054BD3F804410C60C3F884
:10E310000841024BC3F8082A10BC704700508450D3
:10E320000246084901E01A4207D1D1F8003A13F435
:10E330008070F8D0012042F48072024BC3F8082AA2
:10E34000704700BF0050845008F0EBBD08F003BEDA
:10E350000A46002108F0FFBD08B5034B02681B68A0
:10E3600010689847002008BD200A002008B5034B1C
:10E3700002685B6810689847002008BD200A0020EA
:10E38000024B02689B681068184700BF200A0020F3
:10E3900008B5034B0268DB6810689847002008BD89
:10E3A000200A002070B5094C094D2069AB689847D8
:10E3B00018B1084B08485B6898470021074AEB688A
:10E3C00011602069BDE87040184700BF0C0A0020AA
:10E3D000200A0020040A0020A48302002C39002017
:10E3E000F8B51A4D1A4E0446B26828699047E8B944
:10E3F000184F3B684CB1A3B1012B19D0013B3B60D6
:10E400002869F36898470020F8BD43B90121124AF2
:10E41000C2F800151149D1F81029002AFBD10133A7
:10E420003B60F368286998470020F8BD0C48F8BDA8
:10E430000A4AD2F81039002BFBD1074A6FF07E4010
:10E44000C2F80035FFF7F2FE3B68D7E70C0A002060
:10E45000200A00202C3900200040845000508450B5
:10E46000E98FFFFF2DE9F041002873D00C46002909
:10E4700070D01D46002B6DD007461AB10122002333
:10E480002A6003602B68002B5FD02946204600F0ED
:10E49000D9FD804600285AD12146286800F0B8FDF1
:10E4A0008046002853D12868082867D0042867D000
:10E4B000A0F10200B0FA80F040090121314EC6F807
:10E4C000C411C6F84011C6F8C411636AC6F83031E9
:10E4D000D6F830219342F6D10023C6F82C314FF004
:10E4E000FF33C6F808316FF01B03C6F80031C6F8D9
:10E4F0000C01D6F8040A40F48060FFF797FE0A2367
:10E50000C6F83831069B012B29D023691E4AA2FB8D
:10E5100003231B09626A404602FB03F303EB430338
:10E52000184ADB039B09C2F8D8310123C2F82C3109
:10E530003B682A6823F07F4343EA02633B602A6812
:10E5400043EA02233B60BDE8F081DFF840804046AB
:10E55000BDE8F081DFF838804046BDE8F0814FF437
:10E560007F03D3F80C2C013206D0D3F80C3C064ABA
:10E57000A2FB03231B09CDE71623CBE703209CE76F
:10E5800002209AE700508450ABAAAAAA310CF100ED
:10E59000350CF10058B34B1EB3F5047F27D230B5CC
:10E5A0004FF0000ECD00744671464B0901F01F0C70
:10E5B00050F82330BCF11F0F23FA0CF306D003F000
:10E5C000010319B901211C468E46EEE79C4201F178
:10E5D000010106D01C464FF0010EA942E5D10020F2
:10E5E00030BD0EF1010E9645F7D1024830BD01480D
:10E5F000704700BF360CF100C0B32DE9F0434C1E4C
:10E60000B4F5047F1DD2E3B1DAB100252E46A84649
:10E610002C46CF0003F1FF394FEA541C04F01F0EC3
:10E6200050F82C10BEF11F0F21FA0EFC0CD00CF08C
:10E63000010C4CB90126E04634463546ECE79642DB
:10E6400016D90C48BDE8F083AB420BD0C44508BFD7
:10E650000136A945F3D001350134BC42DCD100209C
:10E66000BDE8F0830125E0462E46F5E701487047F6
:10E670001D46F1E7370CF1002DE9F04F8FB08246CF
:10E68000DDE919460D46002E6ED1096904911C6022
:10E69000002318990B60002A00F02881994B6A6AC0
:10E6A000D3F83811D3F830319A4269D10A2967D1A9
:10E6B0009AF80330069304F1080305930423049A9F
:10E6C0000393914B8F4CA3FB023B4FEA9B0B0BEB4D
:10E6D0004B0BA2EB4B0B189B049E1E60002E00F010
:10E6E000E580002700F0BEFC0797BAF1000F00F0AC
:10E6F000D0804FF00109DDF81480002D00F0C980B2
:10E70000069B002B3ED0284606A900F09BFC002863
:10E710003AD07E4B984220D0069B082B00F0E08038
:10E7200000225B000693294606AB50460092FFF795
:10E7300099FE774B984200F0CF8070B9DAF800204C
:10E74000130A03F47F03134323F07F43CAF8003016
:10E75000039B013B0393BED10020039000F082FC99
:10E7600003980FB0BDE8F08F4FF47F01D1F80C0C87
:10E7700001300CBF4FF40471D1F80C1C049186E7F2
:10E780006448EAE76248C4E72946069800F040FC7E
:10E790000028BED1069B082B00F0A480042B00F0BB
:10E7A000A380A3F10203B3FA83F35B09C4F8C49115
:10E7B000C4F84091C4F8C4916A6AC4F83021D4F80E
:10E7C00030118A42F6D10022C4F82C214FF0FF32DA
:10E7D000C4F808216FF01B02C4F80021C4F80C3102
:10E7E000D4F8040A40F48060FFF720FD0A23C4F83F
:10E7F00038312B69444AA2FB0313696A1B0901FBE8
:10E8000003F303EB4303DB039B09C4F8D831C4F8DB
:10E810002C910698DAF8003023F07F41030243EA96
:10E8200000630B43CAF8003007A800F0E1FB079B28
:10E83000354A03F01A0303437FF46EAFA2FB06329E
:10E84000D4F81431B7EB920F0893D4F81831099328
:10E85000D4F81C310A93D4F820310B93D4F8243126
:10E860000C93D4F828310D9302D1BBF1000F12D1D3
:10E870004046182208A9183EFFF766FD08F118085F
:10E8800001379EB100F0EEFB00230793002D7FF4CB
:10E8900037AF21483DE740465A4608A9A6EB0B068C
:10E8A000FFF752FDD8440137002EEBD1049F059E9F
:10E8B0006A6939463046FFF76DFEAA6940B94FF4E0
:10E8C000806339463046FFF797FE00283FF444AF97
:10E8D0000023189A13601CE72B6A002B3FF43DAF0E
:10E8E0000E483AE7032361E702235FE70122294646
:10E8F0005046009606ABFFF7B5FD00283FF4DBAEAF
:10E900002BE700BF00508450ABAAAAAA020CF1006A
:10E91000310CF100300CF100350CF100320CF1003B
:10E9200010B4DDE9013401940024DDF80CC0CDE918
:10E9300002C410BCFFF7A0BE30B51546012487B055
:10E9400005AB00930022CDE9015404ABFFF794FE20
:10E9500007B030BDF0B587B0002967D01E46002B48
:10E9600064D01446002A61D0324F0D4638684FF00B
:10E97000FF31FFF705FD00283DD12F4BD3F8340EB2
:10E9800010F0010015D04FF0FF354FF408712B48FF
:10E99000FEF7F0FE04212A48FEF7ECFE2948282164
:10E9A000FEF7E8FE3868FFF7F3FC40BB284607B0E7
:10E9B000F0BDFFF715FD002834D1224800F088FA99
:10E9C00070B91E4A0346029205AA019204AA039056
:10E9D00000921C4902461A48FFF7A2FF0346A0B165
:10E9E0004FF0FF350120FFF7FBFC0028CDD0164883
:10E9F000FEF79EFDC9E71548FEF79AFDBDE71448EE
:10EA0000FEF796FD284607B0F0BD28461D46059B3B
:10EA100022469C4228BF1A46049932600831FFF70B
:10EA200093FCDFE70B48FEF783FDC6E74FF0FF35A9
:10EA3000BCE700BF540A0020006084505C3900200D
:10EA400030390020343900206C8302003483020006
:10EA5000C48302004C83020010B5044630B100228A
:10EA600001236265A265E365236610BD0148FEF7D8
:10EA70005FFDF4E7DC83020018B174220021FFF788
:10EA800065BC7047C8B1D9B108B50023C02A8363FB
:10EA900080F83C300FD0B2F5807F04D0802A03D0BC
:10EAA0006FF01F0008BD02230363D2081030FFF788
:10EAB0004BFC002008BD0123F6E76FF021007047F2
:10EAC0006FF01F00704700BF70B5044686B0F8B104
:10EAD0001046EAB1E3B101291AD8A26B16D0012A77
:10EAE00016D1102500210DEB0506019602AA6163DF
:10EAF0002946009500F0C8FA50B92B463246204608
:10EB000002A900F073FD18B906B070BD002AE8D064
:10EB10006FF02100F8E700BF10B5044628B1204689
:10EB2000BDE81040F421FFF713BC0448FEF700FDD8
:10EB30002046BDE81040F421FFF70ABCF083020034
:10EB400010B1F421FEF716BE704700BF08B521B121
:10EB5000012908D06FF0360008BD012100F058F8F7
:10EB60000028F7D108BD022100F052F80028F9D0A2
:10EB7000F0E700BF30B505468818B0F5801F0B469A
:10EB80001446A1B001D8802A0CD9B3F5801F17D93B
:10EB900022461946284600F07DF8044684B92046EE
:10EBA00021B030BD6846FFF7CFFB224669462846B4
:10EBB00000F070F8802104466846FFF7C9FBEDE7D6
:10EBC0006FF03604EBE700BF70B5E8B10E46D9B17F
:10EBD000044600F031F80546B0B92368012B0BD08C
:10EBE000022B01D0284670BD1C22304604F10801DA
:10EBF000FFF7AAFB284670BD2022304604F1080129
:10EC0000FFF7A2FB284670BD6FF03605EAE700BFAC
:10EC100078B138B50D46F0210446FFF799FB402343
:10EC200020462560E36500F061FA003818BF012036
:10EC300038BD0120704700BFF0B5056EA5B0044691
:10EC400004AEE5B9002301270193304667602946E9
:10EC500002AA009300F018FA10B1012025B0F0BD0F
:10EC60002A46204602A900F069FA0028F5D120467C
:10EC700000F06CFB0028F0D1206625B0F0BD802D9F
:10EC80002A46304628BF802204F16401FFF75CFB6E
:10EC9000256ED7E7002800F0AE802DE9F04F14462E
:10ECA000A5B0002A3DD00F46002949D0B2F5803FDB
:10ECB0000546006E20D34FF6FF7805F1640AEB6D30
:10ECC0001A1AB2FBF3F103FB1122002A65D1834229
:10ECD000B9464FF6FF7672D0B6FBF3FB03FB0BFB96
:10ECE000BBF1000F30D1002E45D1A4F57F44FF3C8D
:10ECF000B4F5803F4744E2D2EA6D161AB6FBF2F350
:10ED000002FB1366A64228BF2646002E75D182421A
:10ED100000F08D80B4FBF2F602FB06F62EB9002C53
:10ED200079D1002025B0BDE8F08F00233146384668
:10ED3000CDE9003302AA00F0A7F9002800F0958081
:10ED4000012025B0BDE8F08F002359464846CDE9A3
:10ED5000003302AA00F098F90028F1D15A4628465B
:10ED600002A900F0EBF90028EAD1A6EB0B06286E09
:10ED7000D944002EB9D019304946324605EB8000FF
:10ED8000FFF7E2FAA4F57F44286EFF3C3044B4F567
:10ED9000803F4744286692D2AEE7424528BF4246AC
:10EDA000164639465044FFF7CFFA286EEB6D3044D3
:10EDB000834207EB06092866A8EB06068CD1802B58
:10EDC00028BF802351461A4604A8FFF7BDFA002346
:10EDD000E96D02AACDE9003304A800F055F9002836
:10EDE000AED12846EA6D02A900F0A8F90028A7D103
:10EDF000EB6D286670E70120704705F16403394622
:10EE000032461844FFF7A0FA286EEA6D3044A41B7E
:10EE1000374428667BE72B6E2246193305EB8300C7
:10EE20003946FFF791FA2B6E23442B6679E7802A47
:10EE300028BF802205F1640104A8FFF785FA0023AA
:10EE4000E96D04A8CDE9003302AA00F01DF90028FD
:10EE50007FF476AF2846EA6D02A900F06FF900282A
:10EE60007FF46EAFEA6D286654E73246284602A961
:10EE700000F064F900287FF463AF3744A41B4EE729
:10EE8000F8B51C460546114816460F46FFF744FEE6
:10EE900021460E48FFF75AFE044620B10B48FFF703
:10EEA0004FFE2046F8BD3A4629460848FFF762FE65
:10EEB00004460028F2D131460448FFF785FE044697
:10EEC0000248FFF73DFE2046F8BD00BF7C3B002016
:10EED0001C2370B582B001A90546019300F032F8F9
:10EEE000044638B9019B1C2B07D0144C1C21284622
:10EEF000FFF72EFA204602B070BDD5E90112131EAD
:10EF000018BF0123003918BF0121012628689B0082
:10EF1000EA6843EA4103002818BF43F00103EE61A9
:10EF20002AB9C5E90834002BE4D1054CDEE72046B8
:10EF300043F00803C5E9083402B070BD370CF00097
:10EF40000E0CF000034618B111B10A681C2A01D05A
:10EF5000012070474FF47F02D2F8101C01310CBF22
:10EF600040F2DC51D2F8101C4FF47F020160D2F85D
:10EF7000141C01310CBF40F2DC51D2F8141C4FF4C8
:10EF80007F024160D2F8181C01310CBF40F63401F9
:10EF9000D2F8181C4FF47F028160D2F81C1C01319A
:10EFA0000CBF40F63401D2F81C1C4FF47F02C16044
:10EFB000D2F8001C01310CBF9021D2F8001C4FF494
:10EFC0007F020161D2F8041C01310CBF5121D2F83B
:10EFD000041C4FF47F024161D2F8081C002001316B
:10EFE0000CBF40F23732D2F8082C9A61704700BF4C
:10EFF000014608B54FF48060FFF724F90022034B67
:10F00000C3F8C821C3F82C2108BD00BF00508450AC
:10F010000138072805D8DFE800F0100E040A0404C0
:10F02000040607487047CB6800204B6270478B6826
:10F0300000204B6270474B68F6E70B68F4E700BFAF
:10F04000310CF1000B6802E0082B0B6006D8026A55
:10F0500013424FEA4303F7D000207047004870473F
:10F06000310CF100002310B5064C4FF48060C4F859
:10F070002C31C4F8C431FFF7CBF84FF0FF33C4F89C
:10F08000083110BD005084502DE9F041002482B0B9
:10F0900015461E4601220DF107030746DDF82480C0
:10F0A0008DF8074000F05AFFD0B99DF807300446AC
:10F0B0002F602B71B8F1000F0ED04EB102460899A7
:10F0C00030460DF1070300F049FF48B99DF80730BD
:10F0D000C8F8006088F80430204602B0BDE8F0812E
:10F0E0004FF47504204602B0BDE8F081D8B108B5F0
:10F0F0000368012B04D0022B0FD043B10B4808BD8D
:10F1000020220B490830FFF71FF9002008BD142208
:10F1100008490830FFF718F9F7E7202206490830B8
:10F12000FFF712F9F1E74FF4730070470100F300A5
:10F130000084020040840200208402002DE9F04790
:10F14000002900F0EB800446002800F0EB80036803
:10F1500088469146002B00F0B580013B012B00F260
:10F16000C9804FF0FF3171484FF0020AFFF708F9EC
:10F17000002840F0B1800020FFF732F90746002850
:10F1800040F0B4806A4DD5F81069002EFBD14FF0E5
:10F19000FF30FFF73DF8D5F8040A20F40060FFF7D0
:10F1A00045F801230722C5F81838C5F82038C5F8F6
:10F1B0000029C5F8C437C5F8A466A36CC5F8CC37D8
:10F1C000E36CC5F8D037C5F8C0A723685BB1013B35
:10F1D000012B18D8636AC5F85C36236AC5F858361F
:10F1E000E369C5F85436A269514BC3F850266269E9
:10F1F000C3F84C262269C3F84826E268C3F84426BF
:10F20000A268C3F84026B9F1000F56D063684FF4E6
:10F210000060012B04BF464AC2F8843698F80430D7
:10F22000D8F80010424A5B0003F00203C2F80C3B1E
:10F23000C2F8281CC2F82C9CFEF7FEFF0746236884
:10F2400063B1013B012B19D8394BD3F85C266262BC
:10F25000D3F858262262D3F85436E361344BD3F8FE
:10F260005026A261D3F84C266261D3F84826226169
:10F27000D3F84426E260D3F84036A360002201218F
:10F280002B4BD3F8CC07A064D3F8D007E064C3F8C5
:10F29000C417C3F88426C3F8C827C3F81828C3F8CE
:10F2A0002028AFBB0120FFF79BF868BB1F48FFF782
:10F2B0006FF818BB3846BDE8F08704221C4BC3F832
:10F2C000C827BCE74FF0FF3118484FF0010AFFF79D
:10F2D00057F800283FF44FAF1648FEF729F90020F1
:10F2E000FFF77EF8074600283FF44CAF1248FEF7C0
:10F2F0001FF947E7114F3846BDE8F0871048FEF781
:10F3000017F93846BDE8F0870E48FEF711F9CDE74A
:10F31000102104F10800FFF71BF8C3E70A4F384635
:10F32000BDE8F0874FF47307C4E700BF640A00200C
:10F3300000508450348302004C8302000100F3002B
:10F340008C8302006C8302000300F300A0B3034629
:10F3500070B4D0E90240D3E9041226BA05BA0CBA57
:10F3600010BAC3E90440D3E90612986A09BAC3E99E
:10F37000026512BA996100BAD3E9084125BA0CBAFC
:10F38000C3E90725D3E90B12C3E9094009BAD86BD1
:10F3900012BAD962D3E90D4125BAC3E90C250CBADA
:10F3A00000BAD3E9101209BA12BAC3E90E401964BF
:10F3B00000205A6470BC70474FF47300704700BF60
:10F3C00070B500284DD0436B0446032B3CDD063B53
:10F3D000012B3BD8A36B012B3BD8E36D012B3DD810
:10F3E000236E012B41D8224ED6F81059002DFBD1A7
:10F3F0004FF0FF30FEF70CFFD6F8040A20F400604F
:10F40000FEF714FF0123C6F80039C6F8BC54636B3D
:10F4100023F00402032A18BFA16B226B0CBF2946FC
:10F4200001F00101022A17D89B0003F01C0343EAF4
:10F4300002330F4A0B43C2F8C034636B072B06D16B
:10F440000123C2F87C3402E0002BC3DA094D2846C0
:10F4500070BD094D284670BD084DF8E7084D284697
:10F4600070BD4FF47105284670BD064DEFE700BF33
:10F47000005084500100F1000200F1000600F1008C
:10F480000300F1000400F10000287DD038B590F8A9
:10F490003C300446002B55D0022B23D03C483D4D38
:10F4A0002A683D4B1268C3F800242A685268C3F8E2
:10F4B00004242A689268C3F808242A68D268C3F82A
:10F4C0000C242A681269C3F810242A685269C3F808
:10F4D00014242A689269C3F818242A68D269C3F8E8
:10F4E0001C2438BD016B006C00F032FB294D002854
:10F4F000D6D12A68284B1268C3F800242A685268BB
:10F50000C3F804242A689268C3F808242A68D268D9
:10F51000C3F80C242A681269C3F810242A685269B7
:10F52000C3F814242A689269C3F818242A68D26997
:10F53000C3F81C24216B206C00F020FB0028AFD105
:10F54000002038BD0269144BC3F800244269C3F897
:10F5500004248269C3F80824C269C3F80C24026B2E
:10F56000013A012AECD8026AC3F81024426AC3F8AF
:10F570001424026B022AE3D1826AC3F81824C26AF7
:10F580000020C3F81C24DCE74FF47100704700BF73
:10F590000900F100500A002000508450114A124B1B
:10F5A00011680968C3F8001411684968C3F80414A5
:10F5B00011688968C3F808141168C968C3F80C1485
:10F5C00011680969C3F8101411684969C3F8141463
:10F5D00011688969C3F818141268D269C3F81C2429
:10F5E000704700BF500A0020005084502DE9F04FB2
:10F5F00085B0002958D01746002A55D00446002867
:10F6000000F0DC809846C36D0E46002B42D1B8F561
:10F61000805F44D294F83C30042B00F0C7804FF058
:10F62000000A4FF0FF31B548FEF7AAFE002840F06F
:10F63000B9800020FEF7D4FE002840F0AF804FF0E4
:10F640000109DFF8BCB22046CBF81098CBF820981F
:10F65000FFF7B6FE054620B92046FFF715FF054621
:10F6600038B3BAF1000F40F085800022A44B01208E
:10F67000C3F81028C3F82028FEF7B2FE002840F097
:10F6800089809E48FEF784FE00287CD1284605B07C
:10F69000BDE8F08F012BBDD1B8F5803FBAD3994DAD
:10F6A000284605B0BDE8F08F974D284605B0BDE867
:10F6B000F08F636B072B00F2CA8009FA03F919F087
:10F6C0008A0F40F0D38019F0440F40F0C28019F047
:10F6D000010F00F0BC8033793A795B0002F001023F
:10F6E00003F002031343864A31683868C2F80C3BC2
:10F6F000636B23F00403032B0AD0236E012B0BBF93
:10F70000C2F8280DC2F8300DC2F82C8DC2F8348D25
:10F71000E36D4FF40060012B794B0BBFC3F8281C3D
:10F72000C3F8301CC3F82C8CC3F8348CFEF784FD6E
:10F730000546002895D1626B072A15D8012393400E
:10F7400013F08A0F40F09F8013F0440F0CD06C4BE5
:10F75000D3F860242260D3F864246260D3F868246C
:10F76000A260D3F86C34E3600123A365BAF1000F03
:10F770003FF47BAF0423202104F1100084F83C30D7
:10F78000FEF7E6FD71E76148FDF7D2FE284605B0B9
:10F79000BDE8F08F5E48FDF7CBFE72E75D48FDF7F0
:10F7A000C7FE4CE75C48FDF7C3FE42E7216B206CC7
:10F7B00000F0B8F928B14FF0010A32E74FF47105B3
:10F7C00064E7DFF858914E4DD9F800301B68C5F852
:10F7D0000034D9F800305B68C5F80434D9F800303B
:10F7E0009B68C5F80834D9F80030DB68C5F80C34DC
:10F7F000D9F800301B69C5F81034D9F800305B69BE
:10F80000C5F81434D9F800309B69C5F81834D9F814
:10F810000030DB69C5F81C34216B0229CBD8236D7D
:10F820004FEAC10A0193E36C0AF1100A04F1100BCC
:10F830000093CDF80CA0CDF808B0206CD4E91123CA
:10F8400000F09CFA68BB002384F83C30B3E7344DE9
:10F8500007E72368CBF860346368CBF86434A368A7
:10F86000CBF86834E368CBF86C3434E72368CBF822
:10F8700040346368CBF84434A368CBF84834E36879
:10F88000CBF84C3427E71E4BD3F840242260D3F842
:10F8900044246260D3F84824A260D3F84C34E36077
:10F8A00062E7D9F8003051461B685846C5F8003465
:10F8B000D9F800305B68C5F80434D9F800309B688B
:10F8C000C5F80834D9F80030DB68C5F80C34D9F82D
:10F8D00000301B69C5F81034D9F800305B69C5F8F1
:10F8E0001434D9F800309B69C5F81834D9F80030C1
:10F8F000DB69C5F81C34FEF72BFDA4E7640A002081
:10F90000005084500500F1000B00F1008C830200D0
:10F910006C8302004C83020034830200500A0020F2
:10F920000100F1002DE9F04701B3FAB104460028C7
:10F9300054D01D46436B0E46072B1BD05DB9032BDD
:10F9400010D1836D73B945668566C5660567102558
:10F9500000F164030B602B4631462046BDE8F047BA
:10F96000FFF744BE2F463846BDE8F087644F38465F
:10F97000BDE8F087C36DA3BBB5F5805F36D20DB986
:10F98000A36D9BBB4FF0FF315E48FEF7F9FC0028EA
:10F990004CD10020FEF724FD002843D14FF0010890
:10F9A000DFF864912046C9F81088C9F82088FFF76D
:10F9B00007FD0746E0B10022534B0120C3F8102891
:10F9C000C3F82028FEF70CFD40BB4E48FEF7E0FCD4
:10F9D0000028C8D04D48FDF7ABFDC4E74FF47107D0
:10F9E000C1E7012BCBD1B5F5803FC8D3484FBAE76B
:10F9F0002046FFF749FD07460028DCD1636B072B43
:10FA00000AD808FA03F818F08A0F13D118F0440F37
:10FA10005AD118F0010F19D13E4FCCE73E48FDF7FF
:10FA200087FDD2E73D48FDF783FDB7E73C48FDF78A
:10FA30007FFDAEE72368C9F840346368C9F84434F1
:10FA4000A368C9F84834E368C9F84C3401212E4A48
:10FA5000C2F87C14C2F8BC54337930688B4003F090
:10FA60000203C2F80C3BE5B9A36D0BB9C2F824152B
:10FA7000626B072A9FD80123934013F08A0F30D17D
:10FA800013F0440F97D0204BD3F860242260D3F8B2
:10FA900064246260D3F86824A260D3F86C34E36015
:10FAA00089E7E36D012B0BBFC2F8280CC2F8300CBC
:10FAB000C2F82C5CC2F8345C4FF40060FEF7BCFB6B
:10FAC0000028D5D0074676E72368C9F86034636814
:10FAD000C9F86434A368C9F86834E368C9F86C34B9
:10FAE000B4E7094BD3F840242260D3F84424626081
:10FAF000D3F84824A260D3F84C34E3605BE700BF3E
:10FB00000B00F100640A0020005084508C83020036
:10FB10000500F1000100F1006C8302004C8302003B
:10FB2000348302007F2809D851B10139022909D84C
:10FB300005497F280CBF08460020704702487047DF
:10FB400008467047014870470100F7000300F700BE
:10FB50007F2809D851B10139022909D805497F28E0
:10FB60000CBF08460020704702487047084670479F
:10FB7000014870470100F7000300F7000129F0B4C5
:10FB800007D0022900F0898000295AD07248F0BCC1
:10FB900070470022714C724B4FEAC00CC4F800153C
:10FBA000451C0CF57F04C3F8082104F50444C3F890
:10FBB0000021C3F80421C3F800556A4E2468B442FA
:10FBC00040F0B380196002E0002940F0B580D3F81E
:10FBD0000021D3F80841D3F804112243F4D0002CBB
:10FBE00040F0B180002940F0A78001245B4AC3F8AF
:10FBF00000150230C2F800455B4AC3F80811C3F88B
:10FC00000011C3F80411C3F8000552F80C00574A5C
:10FC1000904240F08E80524A1C6002E0002840F082
:10FC20008B80D2F80031D2F80811D2F804010B43CE
:10FC3000F4D0002940F08C8000287DD1C2F8000566
:10FC400028E00124464BC200444E204402F57F02C6
:10FC5000C6F8004502F50442C3F80811C3F80011C4
:10FC6000C3F80411C3F800053E4D1268AA4260D1E2
:10FC70001C6001E000285FD1D3F80021D3F80811FF
:10FC8000D3F804010A43F5D000295CD1002853D1F0
:10FC9000C3F800050020F0BC704701250022304B5E
:10FCA0002E4F4FEAC00C44190CF57F01C7F80055E0
:10FCB00001F50441C3F80821C3F80021C3F8042169
:10FCC000C3F80045274E0968B1422ED11D6000E0FF
:10FCD00091BBD3F80021D3F80841D3F80411224393
:10FCE000F6D084BB41BB01241C4AC3F80015023086
:10FCF000C2F800451C4AC3F80811C3F80011C3F844
:10FD00000411C3F8000552F80C00184A904210D1B3
:10FD1000134A1C6000E078B9D2F80031D2F808111B
:10FD2000D2F804010B43F6D083E7C3F8002510484E
:10FD30002DE7C3F80015FAE70022094B0D48C3F878
:10FD40000025F0BC70470022C3F800250A481EE7D2
:10FD50000023C2F80035F9E70C00F10000408450A0
:10FD600000900350005484500884FF0010548450C5
:10FD70000600F7000200F7000100F7002DE9F04748
:10FD80000024CCB0824689461646214674220EA82D
:10FD90001F46579DDDF8588107F0DDF88022214687
:10FDA0002CA82B9407F0D7F88423B5F57F6FCDE905
:10FDB0000A440D940C94059364D8FFF7EFFB05AB50
:10FDC00030462BAE01933946DDE954230295009667
:10FDD00000F064F8002850D1022307228DF8133078
:10FDE0009DF813301B928DF87430002201230124FA
:10FDF00010211C900EA8CDE92423CDF86890CDF8F1
:10FE000078A02694FEF7A4FA10220DF120090092A2
:10FE1000304605990AABCDF8049006AAFFF734F9ED
:10FE2000074688B11EE0102D2E4628BF10260EA9C9
:10FE30003246FEF789FA10210EA8FEF789FA01343E
:10FE4000AD1B3744E4B222D0059B4A4606A90EA852
:10FE50008DF8AC40FFF766FD034608EB0700002B6A
:10FE6000E1D01F460EA874220021FEF76FFAFFF7BB
:10FE700095FB38464CB0BDE8F087064F38464CB08D
:10FE8000BDE8F087044F38464CB0BDE8F0872F46F8
:10FE9000E8E700BF0E00F1000F00F1002DE9F0418E
:10FEA000002482B00A9D0194B5F57F6F40D8ED0023
:10FEB000B5F5807F1E4634BF0323042301F1FF3CC8
:10FEC000BCF13F0F0C46009332D888B3174666BB8F
:10FED000089A6AB3099A116851B3A2191344994256
:10FEE00026D3089B01462246581CFEF72DFA089B94
:10FEF00004F102081C440023637026BB089BFF2DFD
:10FF0000009503EB080017D92B029BB243EA152397
:10FF1000022201A90193FEF717FA08F1020300205B
:10FF2000099A136002B0BDE8F0810AB1402ECFD922
:10FF3000094802B0BDE8F08101226946FEF704FAE3
:10FF400008F10103EBE7089B324603EB0800394652
:10FF5000FEF7FAF9B044D1E70600008000201870DF
:10FF6000704700BF08B5054B044613B10021AFF33D
:10FF7000008000F011FB2046E7F7B8FE000000000B
:10FF8000F8B50E4B06461D68AB789B0712D56F6817
:10FF900016F8014B29462CB90A20B847002805DB82
:10FFA000204609E02046B8470028F1DAAB7843F054
:10FFB0000403AB704FF0FF30F8BD00BFC87B0200F8
:10FFC0000CB430B589B005460C461C22002101A8AE
:10FFD00006F0C1FF022305958DF806300D4B029304
:10FFE00023462CB1B4F1004F28BF4FF00043013B32
:10FFF0001D440DAA0C9901A80695009200F072F814
:020000022000DC
:1000000014B1059B00221A7009B0BDE8304002B05F
:10001000704700BF8F700200242AF0B5044601D853
:10002000012A40D12E4B162207F03AF81A5001B19E
:100030000C600020F0BD2F463D4615F8010B20282E
:10004000F9D0A0F109060346042EF4D92B282CD0B0
:100050002D282CD10126BD1C7B78302B2DD1287862
:1000600040F02000782824D132F0100021D16B78A4
:100070002C46102202350020392B82BF03F1FF33BA
:1000800043F02003263B303B9A421AD9A0FB0204DE
:100090000CB9C01801D346F002062F462C4617F8BB
:1000A000013B3D46E8E70746C6E70026D3E70026C2
:1000B000D3E7002A08BF0822DDE7002A08BF0A228A
:1000C000D9E701B10C60F20748BF4042B307B1D590
:1000D000034B222206F0E4FF1A504FF0FF30A9E74D
:1000E0000C0000002DE9F04F43688DB015468046A6
:1000F000029383789A0740F10D8100240E78002E38
:1001000000F00A81252E0BD04B1C0393013441468D
:100110003046029B98470028C0F2F6800399EDE72D
:100120004E788B1C252E0393F0D00027B946BB4692
:10013000BBF11F0F38D8A6F12003102B0AD8DFE837
:1001400003F02A0909300909092109090928092D9B
:1001500009091F00A6F13003092B33D92A2E37D104
:100160001BF0400F55F8043B40F08280002BA7BFE6
:100170004BF0200B9946C3F100094BF0280B01E02E
:100180004BF0010B039B13F8016B0393002ECFD1AF
:1001900030E04BF0020B4BF0040BF3E74BF0080B95
:1001A000F0E74BF0100BEDE7BBF17F0F19D8A6F18C
:1001B0003003092BD2D81BF0400F03D00A2101FBDA
:1001C0000737DFE70A214BF0200B01FB0939D9E79C
:1001D0002E2E06D11BF0400F40F09E804BF0400BBE
:1001E000D0E76C2E31D02BD8682E36D06A2E3CD07A
:1001F0004C2E3AD0002F46F02003B8BF2BF040021F
:10020000A3F16501BCBF00271FFA82FB022901D9B7
:10021000612B2FD107350727DFF8ACA225F00705A2
:1002200008351BF0080F66D00AEB070B56465E45F3
:1002300063D1A4EB0A0AA9EB070906EB0A026FE1F6
:10024000742E9FD07A2E9DD0D4E71BF0800F18BF5C
:100250004BF4007B4BF0800B94E71BF4807F18BFBE
:100260004BF4007B4BF4807B8CE74BF4207B89E7DD
:100270001F4687E7A6F16301122900F2F080DFE84C
:1002800011F013004F00EE00EE00EE00EE004F0004
:10029000EE00EE00EE00EE00EE00FE00E900EE00E3
:1002A000EE001B00EE00AF0055F8043B01270DF1F6
:1002B000180A8DF81830B4E755F804AB834BBAF13F
:1002C000000F08BF9A461BF0400F504614BF394636
:1002D0004FF0FF3106F079FE0746A2E741462020A5
:1002E000029B984700280FDB013EB742F6D34C44EF
:1002F000B146A41B98E74E46F7E7414616F8010BB6
:10030000029B9847002892DA98F8023043F00403E1
:1003100088F802304FF0FF3420460DB0BDE8F08F72
:100320001BF0800F34D01BF4007F2CD0073525F054
:100330000705AA4669685AF8080B2BF01005002932
:10034000ADB237DA404245F4806561EB41010DF111
:10035000180B0A235A4606F044FEA0EB0B03019348
:100360006B0662D5019B25F001019F4289B240F3E3
:10037000A180002E00F0998015F0100240F09C80C2
:10038000BB460D4623E0AA465AF8040BC117D4E732
:10039000AA461BF4807F5AF8041B01D10846F5E7F2
:1003A0001BF4007F19BF48B241F3C01108B241F3FA
:1003B000C031C2E750EA0103C9D11BF0400FC6D0DB
:1003C000002FC4D12BF01102BB46019795B240F229
:1003D000064115EA01021CBF0BF1010B00222CE0C3
:1003E0002BF010020A231FFA82FB1BF0800C49D06D
:1003F0001BF4007115BF0735AA4625F007055AF80A
:10040000040B1EBFAA4669685AF8080B50EA01059A
:1004100045D12BF016051BF0400FADB242D0002F96
:1004200040D12BF01702019795B215F0100248D079
:10043000019B002E42D103F1010B29075AD4EB078F
:1004400006D5D9456FDDA9EB0B030199CB465F18A3
:100450005B4649E04BF0100B10237826C5E7782B5C
:1004600004D1C6F1780343F01003BEE741462520CE
:10047000029B98470028FFF647AF023447E608235F
:100480000026B2E7AA461BF480715AF8040BBDD0CF
:100490001BF400711ABFC0B2614680B2B6E72BF000
:1004A000060295B20DF1180B54E725F01105BB4675
:1004B000ADB28CE70D46B8E73B460D4603F1020BA3
:1004C000BBE7DDF804B082E7B8F40200B1F4020043
:1004D000CDE9043241462020029B98470028FFF6D0
:1004E00013AF049B059A01339945F1DCA4EB0B0192
:1004F0009B46CC180AB341463020029B98470028FF
:10050000FFF602AF8EB901342744391B019B994293
:1005100024DC1D4655BB019AA9EB0B095546224424
:100520001446914433E0019F92E70234414630463D
:10053000029B98470028E7DAE6E640F206410D42C2
:10054000E2D015F0020F04F10104414614BF2B2044
:10055000202015F4806F18BF2D20E9E74146302098
:10056000029B013498470028CFDACDE606AB013D67
:100570004146585D029B98470028CBDAC4E64146C5
:100580002020029B013498470028FFF6BDAEA9EB5E
:100590000403002BF3DCC1E538B5074D074C641BA1
:1005A000A41024B9064B0BB1AFF3008038BD013C59
:1005B00055F824309847F4E70000000000000000E0
:1005C00000000000704701F0EEBE01F0F5BE08B576
:1005D00005F05FFD4FF47A72A0FB020302FB0131CC
:1005E000C00B40EA4140C90B08BD0023E5F7E8BC59
:1005F00010B483682822DC684CF25033A44610BC47
:10060000604710B483685C684FF0FF33A44610BCA9
:10061000604700210F2008B504F061FC00214FF471
:100620000040FAF74DF8F9E7C17070470821084417
:1006300000F03EBAC174704701F1100351F8042B69
:10064000994240F8042BF9D170470B0A8375C175A4
:1006500070470B46024630B501F1100453F8045BB5
:10066000A34242F8045BF9D18B7D8375CB7DC375C2
:1006700030BDC1767047C1777047C17670471C3076
:1006800000F020BA70477047002270B51646043853
:10069000002440F8046FA518EB08CB5C05F00705B3
:1006A0002B4103F001030568A34001345D400C2C8D
:1006B0000560F0D10C32A82AEAD170BD73B51C4692
:1006C00005460E4618461146FFF7D9FF204606217B
:1006D000FFF7B0FF22463146284600F00DF82046CD
:1006E0000321FFF7A7FF334601222946284600943D
:1006F00000F0B1F902B070BDF0B591B005460C46FE
:100700006F4601F110033E4620686168083403C655
:100710009C423746F7D104AE02F1200734461068F8
:100720005168083203C4BA422646F7D10CAC03F133
:100730001006224618685968083303C2B3421446AB
:10074000F7D140236A461021284600F01AFD11B067
:10075000F0BDF7B50F4616461D46044601A800F049
:10076000D4FC394601A8102200F0DDFC314601A876
:10077000102200F0D8FC2946089A01A800F0D3FC0A
:1007800001A800F0D6FC1021204601AA00F0D6FCFA
:1007900001A800F0D7FC03B0F0BDF0B51D4604463B
:1007A0008BB001A80E46174600F0AFFC2946102278
:1007B00001A800F0B8FC2022109901A800F0B3FCB9
:1007C000DDE9111201A800F0AEFC01A800F0B1FCB7
:1007D00001AA1E2102A800F0B1FC01A800F0B2FCA1
:1007E000234602AD06AA2C4603CC944218605960F9
:1007F000254603F10803F6D1206807211860227905
:100800000DF11D001A7100F065F9C1F31501C6E97B
:10081000000109A8022100F05DF9C0F3080038606A
:100820000BB0F0BDF0B52027ADF5437D02AE044618
:100830000D463A460021304606F08DFB3A4600212F
:100840000AA806F088FB30460621FFF7EDFE0AA84D
:100850000621FFF7E9FE4FF0FF332A46CDE900639A
:1008600021460AAB12A8E1F7F7FF0DF5437DF0BD75
:10087000F0B50C46034689B002F1300052F8045B33
:10088000824241F8045BF9D1194604F1200204F1D7
:10089000300552F8040BAA4241F8040BF9D16A461C
:1008A000174603F110069446186859680833ACE8F7
:1008B0000300B3426246F6D123460DF1100C04F159
:1008C000100E624618685968083303C2734594468F
:1008D000F7D13846FFF7D6FE39462846FFF7A2FF84
:1008E0003846FFF7D0FE403455F8043BA54246F8A1
:1008F000043BF9D1002009B0F0BD30B504460D46E7
:100900008DB03021684600F05FFC6A4629462046DB
:10091000FFF7AEFF00200DB030BD2DE9F04FAFB0B6
:100920001EAD389F04468946904600212022284665
:1009300026AE9A4606F00FFB20220021304606F034
:100940000AFB3B460DF1680C07F1100B6246186874
:100950005968083303C25B459446F7D107F120027A
:1009600007F1300317460DF1580CE6461068516840
:100970000832AEE803009A42F446F6D116A8FFF713
:1009800081FE00212846FFF755FE02213046FFF781
:1009900051FE102108A800F017FC16AB204659465E
:1009A000CDE900A308AA4346FFF7D3FE16AB06A97C
:1009B000CDE902A3CDE90078234605AA10A8FFF7E8
:1009C000ECFEDDE906232846FFF730FE28460599B0
:1009D000FFF73BFE04F11000009516AB10AA0CA91E
:1009E000E1F7C8FE002704F5376439463046FFF7C3
:1009F0001BFEDDE906233046FFF718FE3146284688
:100A0000FFF71AFE28460599FFF71FFE059B2046B3
:100A1000CDE9006316AA2B460CA9E1F71DFFDDE91D
:100A200006320137C3F308015B0A43EAC253072FBA
:100A30004FEA5222CDE9063204F530740591D4D143
:100A400016A8FFF720FE41F6B0630020C9F8003079
:100A50002FB0BDE8F08FF8B50446684603321601A2
:100A6000A0EB021200AF95461A466D466B4602F1A6
:100A7000100052F804CB824243F804CBF9D1BA6992
:100A800005F1100302F1200052F804CB824243F832
:100A900004CBF9D1A6F1300205F1300006F034FAAA
:100AA00033462A461021204600F06BFBBD46F8BDB8
:100AB0000139002900DA70474254120A42EA0362FF
:100AC0001B0AF5E70B0E03700B0C43700B0A8370C7
:100AD000C1707047431802460020F0B5CC000146B3
:100AE0009A42A4F1080400D1F0BD12F8016BA4F100
:100AF0002005C4F1200706FA05F526FA07F73D435D
:100B0000A64030432943EBE72DE9F04F91B002AF07
:100B10007B606B467A617A6E0024A3EB02139D46DC
:100B20000123C7E902109340013B02AE3B613A6EDC
:100B3000BD6E3B6F7969A21807F12800A847B1463E
:100B4000A0460025D7F804A0D7F860B07B6E9D4280
:100B500011D1FA6807F1280407F13805234603CBC1
:100B6000AB42106051601C4602F10802F6D13C37DE
:100B7000BD46BDE8F08F88EA0A02012A4FEA051354
:100B800011D1BA6807F1280E02EB030C724603CAB2
:100B9000CCF8041007F138018A42CCF800009646E0
:100BA0000CF1080CF2D118F0010F02D13A6994420D
:100BB00029D301352946F86E4FEA5B0B4FEA5808F6
:100BC000FFF75BFDF86E08EB0B01FFF758FD4B4696
:100BD00007F1180C09F1100E6246186859680833BD
:100BE00003C273459446F7D1FB6E022200937B69E2
:100BF00007F1180107F12800FFF72DFF4FEA5A0A05
:100C000009F11009A2E707F12805334407F1380C70
:100C10002A4603CA624518605960154603F1080365
:100C2000F6D1013483E7002370B51E461C4600EB65
:100C30008101814200D170BD13B90823165D0134D2
:100C4000043B46FA03F505F00F0540F8045BF0E7B6
:100C500037B504460A462021FFF7E5FF002204F1DC
:100C60008005231F7C3453F8041FC1F10F01A342F8
:100C70000A44F8D1002301A802211201FFF718FF4E
:100C80000321284601AAFFF7CEFF03B030BD2DE9AE
:100C9000F04F144603F10C0503F12C0B1E465B6864
:100CA000ADF5137DB3EB020A04900F4628461146BA
:100CB00018BF4FF0FF3AFFF7C8FC21465846FFF730
:100CC000C4FC00244FF000082301029306AB03EBA1
:100CD0000419B368214653F8243028464AEA03032E
:100CE0000393FFF7C6FC00212846FFF7C4FC05214B
:100CF0002846FFF79FFC2A4639464846FFF7FCFC8A
:100D000000212846FFF796FC09F110030593039B89
:100D100098450DD1CC463368029A1344624603CA03
:100D200018605960059994468A4203F10803F5D189
:100D3000B8F10F0F0DD041462846FFF79CFC3B460B
:100D40000122494648460095FFF785FE08F1010853
:100D5000DDE70134232CB5D13B4622460498CDF87B
:100D600000B006A9FFF777FE0DF5137DBDE8F08F03
:100D70002DE9F84F06460D4610461F464FEAD308A8
:100D80000DB9BDE8F88FE1F7A5FD0023A0F1080239
:100D9000002452F808BF06EBC309D2F804A0C4F13E
:100DA000200EA4F1200C2BFA04F10AFA0EFE41EAFF
:100DB0000E012AFA0CFC083441EA0C01402C09F817
:100DC000011BECD101339845E2D83E44013DD7E701
:100DD000C82210B50021044606F0BDF80022002309
:100DE000C4E9322310BD2DE9F0470D4690469946DF
:100DF00000260027D0E9322319EB020243F1000359
:100E0000AA4273F1000340D200221546D0E93231E4
:100E100091453CD819EB030341F10001C0E932319F
:100E2000BDE8F0870C1943F100034FEAD40C04F03D
:100E300007044CEA437CE40018F80130A4F1200ACE
:100E4000C4F1200223FA02F200EBCC0E03FA0AFAF4
:100E50004AEA020A03FA04F450F83C20DEF80430AF
:100E6000624083EA0A0340F83C200131CEF80430A6
:100E7000D0E932432A1B8A42D4D8641BC0E93267C6
:100E8000A1449044E1F726FDB4E70021F0E7D31830
:100E90004FEAD30403F0070318F8026045EB0101A1
:100EA000DB0044EA4174C3F1200CA3F1200126FACF
:100EB0000CFC00EBC40706FA01F141EA0C0106FA4A
:100EC00003FC50F834607B6886EA0C064B40013224
:100ED00040F8346045F100057B6097E7F0B5D0E954
:100EE0003235DC0803F00703DB0044EA4574C3F144
:100EF0002006A3F1200522FA06F600EBC40702FA49
:100F000005F535439A4050F834607B680139564006
:100F10006B4021F0070140F8346001447B604B686E
:100F2000002203F100434B600023C0E93223F0BDEF
:100F30002DE9F8430026984617463346D7E9324252
:100F4000B142054603D9A64273EB020C0BD3A41B96
:100F5000A1EB060962EB0302C7E93242B9F1000FC7
:100F600027D1BDE8F883B8EB040462EB4202A41970
:100F700043EB02024FEAD40C4CEA427C07EBCC0E66
:100F800004F0070457F83C20DEF804E0E500C5F162
:100F9000200CA5F12004EA400EFA0CFC42EA0C02F7
:100FA0002EFA04F42243013600F8012B43F100032A
:100FB000C4E73846E1F78EFC002424F00701E3087B
:100FC000394404F007024E68D20057F83330C2F1BA
:100FD0002000A2F12001D34006FA00F0034326FAD4
:100FE00001F10B432B550134A14501D0A045E4D1BB
:100FF0002544A9EB04090022A8EB0404ACE72DE981
:10100000F04F0C46B5B017460021C8221D4601908E
:1010100005F0A1FF019B4FEAD408A3F10806A54201
:1010200044D22246002102A805F095FF2A463946FF
:1010300002A805F069FF05F1D0030DEB03059DF84B
:10104000F83002AA05F8C83C04F1CF030DEB030405
:1010500014F8C83C63F07F0304F8C83C0024002364
:1010600096461F461D461EF8010BA3F12001C3F151
:10107000200C00FA01F120FA0CFC9840083341EAF8
:101080000C01402B47EA000745EA0105EBD156F871
:10109000081F0134736879406B40A045C6E900130E
:1010A00002F10802DBD835B0BDE8F08F32464FF0D0
:1010B000000C002399469E4607EBCC0B1BF8010B56
:1010C000A3F1200AC3F1200100FA0AFA20FA01F183
:1010D000984008334AEA0101402B40EA090941EAF5
:1010E0000E0EEBD152F8081F0CF1010C536881EA87
:1010F000090183EA0E03E045C2E90013D9D801983B
:10110000E1F7E8FB2D1B274489E710B50446D02002
:10111000E6F73CFE206010B96F20FEF723FFBDE824
:101120001040FFF755BE134600680A468821FFF7B6
:101130005ABE1F2288210068FFF7D0BE882312689C
:10114000FFF7F6BE0068E6F73BBEF7B50746C820D6
:101150000D461646E6F71AFE386010B96F20FEF706
:1011600001FF1F232A46009388213346FFF747FFDC
:1011700003B0F0BD88231268FFF7FABD0068E6F7F8
:101180001FBEF0B50C468827B4FBF7F50646A5B0A0
:10119000114601A81A46FFF7D8FF29467D4330467D
:1011A00001AAFFF7E7FF641B09D0012101AA02A8E9
:1011B000FFF7E0FF224602A9701905F0A5FE01A87D
:1011C000FFF7DCFF25B0F0BD01F0C0BB836800EB8A
:1011D000C101B3F5004F2CBF51F8220031F81200C5
:1011E000704700EBC1018068B0F5004F2CBF41F89B
:1011F000223021F812307047012208B5FFF7E6FFD0
:10120000D04008BD836800EBC101B3F5004F08D39F
:101210004B681AB143F001034B60704723F00103A0
:10122000FAE74B881AB143F001034B80704723F073
:101230000103FAE753000122FFF7D3BF8368B3F538
:10124000004F34BF04230823C91A081AC008704786
:101250008368481CB3F5004F34BF042308230833C8
:10126000A0EBD300B0FA80F0C0F11F0070472DE969
:10127000F041174603220E460446FFF7A7FF8642B9
:10128000054607F104080AD10122E368BA4023EABF
:101290000203E360002344F82830BDE8F0813146C2
:1012A00002222046FFF792FF06462B460146032204
:1012B000204644F82850FFF794FF3346294620463D
:1012C000BDE8F0410222FFF78CBF70B50D4686687D
:1012D0000446FFF791FFB6F5004F014601D3012800
:1012E00009D02046FFF7B4FF294602462046BDE854
:1012F0007040FFF7BCBF70BD2DE9F0470546FFF712
:10130000A7FF05EB800ADAF8109088460646B9F187
:10131000000F1BD00327DAF8104028462146FFF7BC
:101320006BFF404507D3324621462846FFF79FFF13
:101330002046BDE8F087032221462846FFF746FFF6
:10134000013FCAF8100001D08145E4D14FF0FF34CD
:10135000EB680136B4401C40EAD094FAA4F2B2FA29
:1013600082F2131D55F82340DEE72DE9F0411446C3
:101370000E460546FFF740FFA4EB0608371B07445F
:10138000424631462846FFF755FF3A462146284651
:10139000FFF750FF4346002221462846FFF721FF72
:1013A00021462846FFF728FF3B4621180022284601
:1013B000BDE8F041FFF715BF2DE9F04116460446A0
:1013C0000F46FFF719FF314605462046FFF714FF89
:1013D00005442A4639462046FFF72CFF3146204671
:1013E000FFF70AFF2B46311800222046BDE8F041E6
:1013F000FFF7F7BE2DE9F0410D4686680446FFF77A
:10140000FBFEB6F5004F014601D3012832D020463D
:10141000FFF71EFF04EB80010E6996B90122E36815
:1014200082401343E36002220D612B462946204689
:10143000FFF7D7FE032229462046BDE8F041FFF71B
:10144000D0BE022231462046FFF7C0FE07460346C3
:1014500029462046FFF7C5FE03223346294620468B
:10146000FFF7BFFE39462B462046FFF7BAFE0222A1
:101470003146E1E7BDE8F081F8B50C460546FFF7D7
:10148000BBFE2618012231462846FFF79FFEC30700
:101490000CD431462846FFF718FF21462846FFF7AF
:1014A000ABFE214622182846FFF786FF0022214680
:1014B0002846FFF78BFE271A012239462846FFF7F8
:1014C00085FE10EA020613D139462846FFF7FDFED5
:1014D000214632462846FFF779FE2246211A284641
:1014E000FFF76AFF214632462846FFF76FFE241AAF
:1014F00021462846BDE8F840FFF77CBF70B5056877
:1015000009B9002070BDAB6801F00704B3F5004FC6
:101510002CBF0822042207341444E40804EBD1044D
:101520009C4228BF1C4628462146FFF7E5FE06469A
:101530000028E6D001462846FFF75EFEA04209D902
:101540003444314628462246FFF70FFF21462846FD
:10155000FFF750FF284601223146FFF753FEAB68E4
:10156000B3F5004F34BF0423082303EBC60318442C
:10157000C8E71146FFF7C2BF2DE9F04706460D4602
:10158000174698462BB34FF0000A98F8004093F89E
:101590000190DB78A40004EB430498F802301C446B
:1015A0004444CA4509D339463046AC46D8F80420ED
:1015B00008F10803BDE8F047604714F8013B0AF161
:1015C000010A204648F82340DFF7BAFC0130044402
:1015D000E7E76FF01500BDE8F08770B5002502461B
:1015E0002846144614F8013B0BB9184609E098B197
:1015F0008D4207D1702B04D0A3F140023A2A0BD8B8
:10160000002070BDA3F140063A2E05D8537801356D
:10161000941C002BE9D00020252B224608BF80F027
:101620000100DEE7002070470FB407B504A951F8A8
:10163000040B0191E2F71EFC03B05DF804EB04B06B
:101640007047002383F31188BFF36F8F042318467C
:1016500002DF70470FB407B504A951F8040B0191DC
:10166000E2F708FC03B05DF804EB04B0704710B576
:101670000369024613F0080009D11368D4689C423C
:101680009BBF0120526AE31AD31A0B6010BD0023DE
:101690001846FAE713B501A90446FFF7E8FF20B1A1
:1016A000019BE268013B13440193606A019BC01AED
:1016B000013802B010BD10B5044650182269636AA3
:1016C000D20702D5013B184010BD984228BFC01A6E
:1016D000FAE710B504460A46C168FFF7ECFF236934
:1016E000E06023F00803236110BD38B50D46026A9F
:1016F0008B00016843F00203044642F82130016880
:101700002A46FFF7D8FFE3686168984208BF23695B
:10171000206008BF43F008032A46204608BF236123
:10172000FFF7C9FF606038BD2DE9F74FC768066A4B
:101730009B4606EB8703009316F82730044603F018
:101740000303022B884691464FF000030BD0136031
:10175000CBF8003023699B0713D44FF0000A5046A2
:1017600003B0BDE8F08F56F8271013608908CBF856
:101770000030EFD0FFF7ADFFE368A3604FF0010A40
:10178000EDE7E36906EB8700984716F82720054642
:1017900012F0010AE1D012F002021FD0B8F1000FDE
:1017A00003D041462046FFF7A0FF61682A46204645
:1017B000FFF781FFD4E902219142606006D12A46F9
:1017C0002046FFF778FF4FF0000AA060A268226071
:1017D000E260226942F008022261C0E70146204629
:1017E0000192FFF776FFE368A360B8F1000F04D021
:1017F0002168236A019A43F8212005EB0802CBF8FF
:10180000002021682046FFF756FF2369206043F03F
:101810000803236116F827306FF3000306F827301A
:10182000009BC9F80030A9E770B504461546FFF7DC
:1018300042FF2368834205D12369216023F0080316
:10184000236170BD226AAB0043F0020342F82130ED
:1018500061682A462046FFF72EFF6060F1E738B541
:10186000036904465B0706D5856AFFF713FF8542C7
:101870002CBFA562A06238BDF0B5642305460426DE
:1018800000200A2769B9F0BD9A42B2FBF3F40CD2EA
:10189000012B0AD048B903FB14220A24B3FBF4F34A
:1018A000D2B2013EF0D12E70EDE7303405F8014B95
:1018B000B2FBF3F403FB1422B3FBF7F3013901305D
:1018C000C9B2C0B2D2B2DBB2DCE7A0F13003DBB206
:1018D000092B02D800200B707047A0F16103052B83
:1018E00002D85738C3B2F5E7A0F14103052B01D860
:1018F0003738F7E76FF015007047F7B5054601F088
:10190000010000EB51069E424FEA510703D9002621
:10191000304603B0F0BD58B128780DF10701FFF74C
:10192000D4FF0028F3DB9DF80730013502F8013BB6
:1019300001351744BA42EBD015F8010C0DF107013F
:10194000FFF7C3FF0028E2DB9DF807402401E4B263
:10195000147015F8020BFFF7B8FF0028D7DB9DF8CD
:1019600007301C4402F8014BE4E7838B13F00703B4
:1019700005D10368002B0CBF002003207047022B09
:1019800005D1C08BB0FA80F0400980007047012B70
:1019900005D10368002B0CBF0020052070470020F4
:1019A000704710B50C4600B111B96FF0150010BDAD
:1019B000081D00F02FF80028F9D1A368032BF6D9F1
:1019C000F3E72DE9F0410D4607461946281D9046DC
:1019D0001E46E3F74FF8044638B1334642462946DF
:1019E0003846A446BDE8F0416047BDE8F08138B50F
:1019F0000C46054658B151B10B6843B14B6833B141
:101A00002022002105F0A7FA00202C6138BD6FF0DC
:101A10001500FBE7034640B1426802F00302022AC8
:101A200006D0032A04D0012A05D06FF015007047B4
:101A30001A68002AF9D0002098607047704770B487
:101A4000C66804680D0C06FB0544806A14FA81F12F
:101A500084682468A44670BC60472DE9F0430646BC
:101A6000884617461C46C36A89B01D686D4205F05A
:101A700020051CB9204609B0BDE8F083AC42A14660
:101A800028BFA9466A464B4641463046FFF7D7FF76
:101A90000028F0D16B46484502D1241A8044E8E77B
:101AA00013F8012BBA4201D10130F4E70120E2E73B
:101AB0000B6803F580330B60008A1A0CB0EB134FF0
:101AC00004BFA3EB02430B60704700F06CBC38B559
:101AD000C26803680D0C090C044602FB0131806AE0
:101AE0002D0400F044FE50B9E26A29462046E3681E
:101AF0005279FFF7B2FF002818BF6FF0050038BD1C
:101B0000014610B507220446FF20F0F719FBE071EB
:101B100010BD0368012B81BFC91801F1FF315B4281
:101B20001940084670472DE9F0410C46054608214A
:101B3000C06AFFF7EEFF072207462146FF206688AE
:101B4000B4F80480F0F7FCFAE379834208D1E8683E
:101B50004644C01BB04294BF00200120BDE8F08184
:101B60000020FBE738B505460C46FFF7DCFFA0B1C7
:101B7000A08898B94FF6FF7322889A420DD10821A8
:101B8000E86AFFF7C6FF6288EB689B1AB3FBF0F2C6
:101B900002FB1030B0FA80F0400938BD0020FCE7AD
:101BA000F7B504460D46C06A0821FFF7B2FF0823C7
:101BB000074629682046FFF742FF0646002836D12F
:101BC0002B683B442B60E26899B2D21B91422ED124
:101BD0001A0C09BF228AA3F5803102F1FF3203EB10
:101BE0000241204608236A462960FFF728FFE8B92A
:101BF000E36A5A796B4613F8011B8A420CD1013013
:101C00000828F8D1636805E02B68BDF802201B0C9A
:101C10001B0413442B600AE069462046FFF7A2FF2D
:101C20000028F1D129462046E2F750FF064630460B
:101C300003B0F0BD2DE9F043074690461C4689B03D
:101C40001BB9002009B0BDE8F083FD683B68080CB3
:101C500005FB003313FA81F6FB6A1D686D422540CF
:101C60000CD0B86A83683146D3F804902B46C84735
:101C70000028E7D1641BE4D02E44A8442246414604
:101C8000684605F041F9FD6A0DEB04002A686979A0
:101C9000121B05F060F9B86A2B68826831465468F7
:101CA0006A46A047CEE710B50A46082341680446B5
:101CB000FFF7C0FF08210246E06AFFF72AFF6368CA
:101CC0001B1A6360104610BD4FF6FF7313B5002258
:101CD0000446ADF800308DF8063083686846ADF8EC
:101CE0000420ADF80230FFF70BFF69462046FFF7EE
:101CF000DAFF02B010BD2DE9F04F082195B004467F
:101D0000C06AFFF706FF0546636820461B0C1B04EC
:101D100003A90393FFF7CCFEDDF80CB0E66806AA32
:101D20005E44761B0823314620460496FFF787FE63
:101D3000021EC0F2A980E36A06AA5979002312F8AC
:101D4000010B814240F08F800133082BF7D1A3684B
:101D500062682B449A427ED259462046FFF7B7FE6E
:101D6000024691E0BDF81A30360C36041E44049643
:101D700008AA204604A9DDF810A0FFF711FF0246CB
:101D8000002840F08180204608A9FFF7CCFE18B952
:101D9000019B9A45ECD1DAE7636805930AAA2046CD
:101DA00005A9059EFFF7FCFE024600286CD1BDF890
:101DB0002820BDF820309A4227D06268059B9A42BD
:101DC000ECD15645E4D1BDF82430002BE0D0BDF86D
:101DD00022704FEA1A431B041F44A36808A8ADF8F9
:101DE0002230FFF78DFEE36ABDF824901E6876422C
:101DF00006F02006B9F1000F0ED1204608A9FFF722
:101E000052FF02460028C3D03EE020460AA9FFF751
:101E10008AFE0028D1D0D4E74E45B04628BFC84638
:101E20000CAA434639462046FFF709FE024658BB36
:101E30004346A1680CAA2046FFF7FCFE4146024635
:101E4000E06AFFF766FEA3680344A360E2B9A9EB6A
:101E500008094744CEE72046FFF736FF0246002830
:101E60003FF47AAF10E0731B204606A90193FFF7F9
:101E700079FE00287FF476AF204604A9E2F726FE1B
:101E8000024600283FF474AF104615B0BDE8F08F4D
:101E900000231A46E3F72EB813B500240094E3F7A5
:101EA000FFF802B010BD0A46012100F07CBA0369B8
:101EB000D3F8780370476FF085007047084608B57F
:101EC000114618B103F009FD002008BD6FF00100B4
:101ED000FBE7084608B5114618B103F0F5FC0020F1
:101EE00008BD6FF00100FBE713B504460846216901
:101EF00001F55D71D1E8AF1F022909D15BB168B16D
:101F000000931346D0E90912F5F770F802B010BD3E
:101F10006FF00F00FAE76FF04C00F7E76FF0010089
:101F2000F4E72DE9F8431C46DDE9085316469846C8
:101F30000F46006939B34AB344B36A1C43F1000346
:101F4000022A73F1000324D2226842B1D0F8783318
:101F50009A4204D96FF00B002360BDE8F88305EACC
:101F6000080909F101035A425A412146384603F053
:101F7000BDFC88B9B8F1FF3F08BFB5F1FF3FF0D015
:101F80006FF06800E9E76FF00100E6E76FF0150019
:101F9000E3E76FF08500E0E730600020DDE703F065
:101FA0000ABD38B50D46044600F148012846DEF763
:101FB000B5FF30B1284604F1C001DEF7AFFF20B90C
:101FC0000120782303FB004038BD0020FCE702F528
:101FD000307102F5347003F0D5BFD0F8B030A0F501
:101FE0003070003B18BF012300EB8300D0F8AC0237
:101FF00003F00BBCC86828B1096983681B680BB182
:10200000002218477047F6F72FB9D0E8EF3FC0E835
:10201000E21F002AF9D1704710B5436804691B68B4
:10202000C4F8703304F5EC7003F00EFF002104F5E2
:102030005D70FFF7EAFF084610BD2DE9F74317462C
:102040000D4691B30B7883B3D0F8C440A4F5E27980
:1020500014344FF0FF324FF0FF332046F6F734F8D8
:102060002A46484601A9E3F76BF9019E80462EB93E
:10207000204603B0BDE8F043FFF7C5BF58B1204686
:10208000FFF7C1FF3B462A463146484603B0BDE84C
:10209000F043E3F733B91F22294606F1480004F064
:1020A00084FF86F86780B766E2E703B0BDE8F08397
:1020B000030103EB4003093323F0030303EBC003E5
:1020C00048430330083320F00300184440007047B1
:1020D0002DE9F84306464FF001080569D0F8049051
:1020E00005F55D77D7E8EF3F022B03D1C7E8E28F14
:1020F000002AF7D141D195F86C30002B40D195F8EA
:10210000E430002B3CD12846D5F8701300F054F889
:10211000044680BB73683669D3E9050183681B698F
:102120003BB322469847044628BB414606F5347027
:10213000F7F71CF8D6F8500305F5F876E5F7DEF961
:102140003046D9F8001000F072F8044698B90146FC
:10215000D022304604F0FFFE21464FF4F6722846A6
:1021600004F0F9FE21463846FFF74FFF2046BDE850
:10217000F8836FF057040221F5E76FF07704F5E775
:102180006FF00F04F2E710B50846029B114652B9F2
:1021900093F86C202AB90122184683F86C20E3F7E3
:1021A000BBF9002010BD1A6F9468002CF9D05A6F4B
:1021B000A047F6E703F0FFBB38B50D46044660B113
:1021C000F03003F0B7FD0DB1002038BDC4F8C451A4
:1021D000C4F8C851C4F8CC51F6E76FF01500F4E725
:1021E0000268D2F8C83013B1D2F8C410184770474B
:1021F000704783690BB9C36B197070470120704732
:102200008369012B03D1C36B1878C0B270470420D7
:10221000704738B5C41DE4002046F9F771FA054649
:1022200018B12246002104F096FE284638BD38B584
:1022300004463822002104F08EFE1822002104F109
:10224000A40004F088FE1822002104F18C0004F0A0
:1022500082FED4F8C000F4F77BFED4F8BC00F4F79B
:1022600077FED4F8803004F154050BB12846984726
:1022700038220021284604F06EFEF4F7CDFD002040
:1022800038BD03785B075FBF03684288C3F34A2306
:1022900003EB12105DBF173020F00700800800200C
:1022A00070470020704702F012BE0346D3E8EF0FDC
:1022B000421CC3E8E12F0029F8D170470120E3F761
:1022C000E7BB002070474368DA7101224368196058
:1022D00043685A71E3F7CEBB70B515460C4669B139
:1022E000D2E901369B1B99420AD813680A46014677
:1022F000981904F009FEAB682344AB60204670BD1A
:102300006FF01B00FBE770B50E46154619460446F4
:1023100018B9BDE87040E3F7BBBB33B1C2F34A2341
:102320001030120D184404F0EFFDC4E900562046A9
:10233000BDE87040E3F724BE2DE9F3415F1C4FEA8E
:102340008708064608F1170020F0070080080C46B1
:102350001546E3F747FC00238DF80470ADF805300F
:102360008DF8073068B10346019AA8F1040143F8DB
:10237000102F2A46294452F8045B8A4243F8045F2E
:10238000F9D100233146A20102F4E07242EA482268
:1023900022F07F4222F4700222F03F0202B0BDE838
:1023A000F041FFF7B0BF07B50123019201AAFFF783
:1023B000C3FF03B05DF804FB07B5CDE9002302239A
:1023C0006A46FFF7B9FF03B05DF804FB1FB5CDE91E
:1023D0000123069B01AA03930323FFF7ADFF05B07A
:1023E0005DF804FBF8B506460D4614461F4604B9D1
:1023F000F8BD214628463A46B047241A0544F6E778
:1024000010B542680446D2E9002381680068FFF7EE
:10241000E9FF002263681A6010BD0A2838B5044637
:102420000D4602D10D20E3F78DFE29462046E3F745
:1024300089FE002038BD2DE9F043054687B00846E7
:102440000E8891F800900C46D1F808801746E3F703
:102450004DFE011EC6F38216C9F3C2091EDB4846B3
:10246000E3F7A0FD0346214651F8102B6088C2F324
:102470004A22002A01EB020408BF00210022C0F317
:102480000B10CDE90407CDE9021428464146019618
:102490000092E3F783FE07B0BDE8F0830023E2E794
:1024A000436800201B685B689961704701212DE932
:1024B000F04143681B685A6811771D682F68D5E999
:1024C0000136D3E900481CB96B681C60BDE8F08197
:1024D000214630464246B847241A0644F3E743688B
:1024E0001B681868E3F7E8BF70B543680C461D68C1
:1024F0006B689869E3F7A8FA214603460F2228681B
:10250000BDE870401847704770B54C680368A34237
:1025100001D2012070BD8A682244934201D3002079
:10252000F8E74E69D1E90325B54203D36FF00B03F9
:102530008B61F4E71B1B42F835304368086902EBF6
:10254000C00253600B6901330B61E2E737B50C46FB
:10255000C0B201A91546E4F727F800280CDB019862
:1025600050B121462A46E4F745F804460198FFF7A2
:10257000CAFF204603B030BD6FF01504F9E7002014
:10258000E4F784B800221146E4F74EB8034610B5CC
:1025900008460AB10021116053B1D0B1411E11F8B3
:1025A000010F80B113F8014BA04201D13D28F6D1B3
:1025B00000200EE0013313600AE03D2808D0B0FA95
:1025C00080F0400905E018782F28F6D1002AF1D1D3
:1025D000012010BD10B509B100230B6058B10346AE
:1025E0001A781C4601332AB13D2A03D02F2AF7D18D
:1025F00001B10B60201A10BD0830704710B51346AA
:1026000014460A4681880068FFF746FCA042A8BF2E
:10261000204610BD2DE9F04F97B004469A468946F2
:10262000019200297CD0DAB1BAFA8AF67609258FB0
:1026300004F1080B0135ADB2A8466F1EBFB2B7F565
:10264000004F26D04A233946584603AAFFF724FCF8
:10265000002807DA10F1020F08BFB8463D46ECE744
:102660000126E4E700F158030DEB0300002303A962
:1026700000F84C3C4846DEF751FC0028EED126B36A
:1026800039465846FFF704FC002805DA17B0BDE8C4
:10269000F08FBEB30020F9E705F57F513F31584672
:1026A00089B2FFF7F5FB0028F0DB238FBB42F1D1A5
:1026B0002246013B22F8383F4FF40041022358469E
:1026C000E2F718FC00EAE070E0E7B846B8F5404FE2
:1026D00029D0238F04F10805434515D308F580411F
:1026E00053462846019A89B2E2F704FC0028CDDB64
:1026F000002ECFD04846DEF723FC4A46034641462B
:102700002846DDE70126E1E7224602234FF4004197
:10271000284622F8388FE2F7EDFB0028DEDAB5E72D
:102720006FF01500B2E76FF00B00AFE773B5C36B46
:1027300004460363C3B100F108063046E2F724FA09
:10274000054670B902234FF4004130460DF10602F0
:10275000FFF7A2FB0028B4BF4FF40043BDF80630DA
:102760002387284602B070BD6FF01205F9E72DE906
:10277000F04187680446FB680D4616469847BB68DB
:102780002BB1324629462046BDE8F04118476FF08C
:102790005700BDE8F081FEE704F0DDBB04F0B4BBF8
:1027A00001460068E4F732BB08B5E4F78BFBBDE8EF
:1027B0000840E4F7ABBB0A460121FFF7F4BD002156
:1027C0000120E4F723BB436E83F30B8870476FF05F
:1027D0008500704761B662B680F31188BFF36F8FD2
:1027E000704708B572B6002383F31188BFF36F8F6B
:1027F000E5F766FE50B1BFF34F8F30BF00BF00BF9B
:1028000000BF00BF00BF00BF00BF00BF62B6BFF384
:102810006F8F08BD10B5044672B6002383F311888C
:10282000BFF36F8FE5F74CFE50B1BFF34F8F20BF62
:1028300000BF00BF00BF00BF00BF00BF00BF00BFA0
:1028400084F31188BFF36F8F62B610BD40E800F3C8
:1028500013F4803FD8B208BF6FF01500704730B551
:102860000C684B6885B00A894D890094013B24F0BF
:102870001F04234402F01F0242EA451223F01F0303
:1028800069468DF808200393E4F7AAFF05B030BD30
:1028900008B5D1E904319847002008BD08B5E5F72F
:1028A0002DFA002008BD7047C16A8968E5F7F6BABD
:1028B00003680B6043684B6083688B60704710B59A
:1028C0000C460121E5F774FD047010BD10B50368D6
:1028D00001211C78E5F78CFD204610BD10B503687A
:1028E00002211C88E5F784FD204610BD026880683F
:1028F000101A70478388C2888168D21A03685B1AED
:10290000D01A704738B50D4614461146E5F7ACFDB0
:1029100022462946BDE8384004F0F6BA10B50C4608
:102920000121E5F7A1FD047010BD4FF050230122F5
:1029300070B50C460546C3F814260020E5F76AFE7C
:1029400028462346BDE8704000211847012208B5FB
:10295000E5F726FF002818BF6FF0040008BD30B56A
:102960000546B1F8032087B04B79ADF808200C4636
:102970000D2200210DF10B008DF80A3004F0EBFA66
:1029800002AA11462846E8F773FD10B1002007B0EF
:1029900030BD029B0322ADF8043020461B0C01A978
:1029A0008DF8063004F0DFFAB0FA80F04009EEE767
:1029B00070B50D4600210446FFF70CFE0D2818D116
:1029C000237B302B13D0312B13D1012305F8063B89
:1029D00004F10C062A462046012302210234FEF7A8
:1029E0008CFFB44205F1FF35F4D1002070BD002307
:1029F000ECE76FF01500F9E70020704710B50C46C2
:102A0000017822788AB08A420FD06946E6F72CF91D
:102A1000204605A9E6F728F910220DF115010DF160
:102A2000010004F0A0FA0AB010BD012A06D0022A63
:102A300007D072B940886388C01AF4E740686368B9
:102A4000FAE71022611C01300AB0BDE8104004F022
:102A50008ABA6FF01500E6E7042A0AD0102A0DD0D2
:102A6000022A4FF0000315D103700B884380012028
:102A70007047012303700B684360F8E7022300F8F6
:102A8000013B01F1100351F8042B994240F8042B4B
:102A9000F9D1ECE718467047012310B5062104462A
:102AA00000F8013BE8F7D2FC18B9A37963F03F03C3
:102AB000A37110BD0B6803608B8883808B79837151
:102AC000037823F00203037070470078C0F34000DE
:102AD000704738B50446807AE5F79CF96169054688
:102AE00049B1637ADB0704D4C36A20461B689B683C
:102AF00098470023636121462846BDE8384003F02B
:102B0000CEB908B5E7F746F9BDE808400820E6F772
:102B1000E7B808B5FFF7DDFFBDE808400220E6F79B
:102B2000DFB8438A23B9C068B0FA80F04009704723
:102B300000207047D0F8A43083B15A7CD1070DD55E
:102B4000D2060DD51B7C102B14BF03230423437224
:102B5000807A98428CBF0020012070470223F6E75C
:102B60000323F4E70F2807D80D280BD8052808BF42
:102B7000032018BF02207047132803D01A2808BF6B
:102B80000120F6E701207047FFF70DBC034610B5A2
:102B9000D3E8EF0F40EA0102C3E8E42F002CF7D19D
:102BA00010BDFFF709BC0023E3F70ABAD0E8EF3FF6
:102BB0000B40C0E8E23F002AF8D1704710B5E8F7B3
:102BC000E1F904466FF480711030FFF7EFFF204603
:102BD000BDE8104000F0F6B9C368DB78012B01D1E5
:102BE000FFF7ECBF7047C0F307235370002310704A
:102BF000000ED070C1F30720090E9370137150714D
:102C00009371D1717047C368DB78012B01D1FFF755
:102C1000D5BF704738B504460D46E6F7B5FA5F30C4
:102C200005D129462046BDE83840E6F75FBA38BDF1
:102C30000120704710B503884288934219D8052BAC
:102C400017D9B2F5486F14D88388B3F5FA7F10D23C
:102C500040F67644C088A0F10A0189B2A14208D8A2
:102C600001339BB25343B3EB800F34BF01200020EC
:102C700010BD0020FCE70020704708B5EEF74CFFC0
:102C800018B1408A003818BF012008BD70B506464B
:102C90000D464FF0FF304FF0FF31E6F74FFE044690
:102CA00068B103210C30E5F7DFFB06808570214613
:102CB000BDE87040002240F20640E7F7D9B86FF057
:102CC000680070BDC368187808B1E6F73BBD1846C8
:102CD000E7F7B4B938B54FF0FF3105464FF0FF3094
:102CE000E6F72CFE044668B102210C30E5F7BCFB88
:102CF0002B88214603800022BDE8384042F21600AE
:102D0000E7F7B6B86FF0680038BDF8B507460E466D
:102D10004FF0FF304FF0FF311546E6F70FFE044647
:102D200078B106210C30E5F79FFB3B884680038095
:102D300085802146BDE8F840002242F22200E7F7F4
:102D400097B86FF06800F8BD70B506460D464FF0B5
:102D5000FF304FF0FF31E6F7F1FD044618B9BDE84A
:102D60007040E6F7B9B903210C30E5F77DFB06802A
:102D700085702146BDE8704042F22100E6F7BCBFF5
:102D8000072208B504F0EFF8B0FA80F0400908BD5A
:102D9000FFF709BB0B6803608B8883808B79837195
:102DA0007047D0E8AF0F7047F8B50F46144638BBF0
:102DB0004FF0FF304FF0FF31E6F7C0FD054610B38E
:102DC00027210C30E5F750FB224606463946FFF72F
:102DD000E1FFC31D04F1100152F8040B8A4243F8CD
:102DE000040BF9D11022002106F1170004F0B3F80A
:102DF0002946BDE8F840002242F22700E7F738B83C
:102E00006FF01500F8BD6FF06800FBE7037A02462B
:102E10005B0705D501462E3211F8010BFFF7C4BF41
:102E2000704738B54FF0FF3105464FF0FF30E6F7F9
:102E300085FD044658B129460C30FFF76FFD214649
:102E4000BDE83840002242F22D00E7F711B86FF0DC
:102E5000680038BD10B400F11003D3E8EF2F22F45E
:102E60000051C3E8E41F002CF7D1930403D50121DE
:102E700010BC00F0A5B810BC704770B5044686B011
:102E80000E4601300131FFF77BFF2E341622002160
:102E90000546684604F05FF810226946204604F0B3
:102EA00062F840B11022204606F12E0104F05BF8D2
:102EB000002808BF0125284606B070BD00F11002A9
:102EC00008B503461046FFF76CFFC1050DD5D2E8E3
:102ED000EF0F40F40050C2E8E10F0029F7D1184687
:102EE000BDE80840002100F06BB808BD10B50C46E5
:102EF00030B919B1EEF7BCFD00B1441C204610BD3D
:102F00000024FBE718B111B10846E7F705BC6FF0E4
:102F10001500704713B5044680B106216846E8F7EE
:102F200095FA48B99DF80530694603F03F032046FD
:102F30008DF80530FFF7E6FF02B010BD6FF0150009
:102F4000FAE7003818BF01207047037AD90704D583
:102F500023F001030372E7F743BD990704D523F07B
:102F600002030372E7F756BD704700207047D0E8B0
:102F7000AF0F704770B506460D464FF0FF304FF06B
:102F8000FF3186B0E6F7DAFC0446B0B10C3095B1FB
:102F90000121FFF7C3FC204606F1100203A9082314
:102FA0000095E6F7B9FC0022214642F20A00E6F756
:102FB0005FFF06B070BD2946EBE76FF06800F8E7E9
:102FC000FFF7D8BF1830F6F79DBA0368D90444BF9D
:102FD00043F48063036003689A0444BF43F40063CE
:102FE000036070470368D90444BF43F480630360FF
:102FF00003689A0444BF43F40063036070470023EE
:103000000B60436813B9C0E9001170471960416053
:103010007047D0F8B400003818BF01207047FFF7A0
:10302000CBB9034610B5D3E8EF0F40EA0102C3E87D
:10303000E42F002CF7D110BD437B072B01D1E8F71B
:103040006FBD70472438E8F701BE002203680BB952
:10305000184670478B4210D10B6842B94268036032
:10306000914200D14360002301200B607047136040
:103070004368994208BF4260F5E71A461B68E6E7D5
:1030800010B50446006918B1E5F7ACF800232361D8
:1030900010BD10B50446D0F8A40028B9207A04F178
:1030A0007001EEF739FD38B1E278438A2AB913F09E
:1030B000210F14BF0120002010BD13F0240FF8E7EA
:1030C00038B583780446012B25D1437B072B25D1C6
:1030D0000B0601F07F050BD54FF400410430FFF7DC
:1030E000A0FF2046A572EDF7C7FE88B9002038BDC5
:1030F000437AAB42FAD2837AAB42F7D2031DD3E8CC
:10310000EF1F21F40041C3E8E21F002AE9D0F6E7EF
:10311000637AA372EBE76FF01500E8E76FF07F00CA
:10312000E5E78378012B0CBF407A0020704738B563
:10313000037A04468B42154615D100F1700107222F
:10314000284603F010FF80B1E378072243B904F169
:103150007E01284603F007FFB0FA80F0400938BD31
:1031600004F17701F5E70020F9E70120F7E783781C
:10317000012B0CBF703000207047F8B507460D4694
:103180004FF0FF304FF0FF31E6F7D8FB0646D0B1E5
:103190000E210C30E5F768F904460E22002103F0F9
:1031A000DAFE3B88314623802B88002263806B88BF
:1031B00042F21300A380AB88E380EB882381BDE853
:1031C000F840E6F755BE6FF06800F8BD8378012B34
:1031D00001D101F058B96FF0150070478378012BC9
:1031E00001D1EEF741B86FF015007047704710B588
:1031F0000446F7F741F8234653F84C2BD2F8B410A5
:1032000061B9E164D2F8B81061B9C2E92D33F7F7BA
:10321000A5F82068BDE81040E8F7D4BE8B42F6D090
:103220000968EDE70B60C2F8B830F0E770472DE9A8
:10323000F843446B002C55D054F8085905B1083DAB
:10324000002701E02C461D46D4E900682EB3F7F7AD
:1032500013F80022D6F8B43004F14C0163B199425E
:1032600032D1E36C42BBD6F8B820C6F8B4309142F4
:1032700001D1C6F8B830E764F7F770F804F1300907
:10328000002200234846F5F7A7F90646F8B9D8F812
:1032900004300BB1204698472760E3680BB1204605
:1032A0009847D8F820300BB120469847D5B1AB6885
:1032B000002BC7D0083BC5E71360D6F8B830994259
:1032C00008BFC6F8B820D6E71A461B68C6E7B36938
:1032D00023B16FF06D02F169206898473046E4F73A
:1032E00081FFCDE7BDE8F88338B5436B0D46BBB130
:1032F000184650F8084904B1083C53F8043C9B6850
:103300000BB1294698475CB12046A468436824B1B4
:103310009B68083C002BF4D1F6E79B68002BF0D1AA
:1033200038BDF8B50F4600210546164600234FF478
:1033300080320846E9F79AFD044620B92846BDE8E0
:10334000F840E9F75FBD04210C30E5F78DF8057012
:10335000477046802046F8BD406B28B1838B083803
:103360008B4201D08068F8E7704710B54AB989B23E
:10337000FFF7F2FF28B143689B6913B1BDE8104025
:10338000184710BD38B50D460521FFF7E5FF0023AE
:1033900029461A46E9F7A2FD044610B12846E4F78B
:1033A00021FF204638BD406B28B1838908388B4205
:1033B00001D08068F8E7704770470346006828B17D
:1033C0005968026888421A6008BF5A60704703460D
:1033D000002003B970471A8A5B681044F9E710B5FA
:1033E000D4680231237813B92170012010BD8B42BB
:1033F000FBD0038A023B038200201061F6E7FEF750
:10340000D2BF73B51446014605464FF49572206845
:1034100000F0EAFD207530B92946206800F092FEE0
:1034200020B908232375002002B070BD237AB3B100
:10343000A3F11802534253419B000193638A29462A
:103440000093AE68238AE2682068B047002808DB52
:10345000238A98420CD1002301202375E4E702233C
:10346000EBE710F1FF0F03D34042C0B22075DAE75B
:103470000E20FBE71FB5CDE9012300231A46009378
:10348000ECF76AF805B05DF804FBF8B593680546FB
:103490000F461446166863B9506801210C30E4F7F2
:1034A000E3FFA0602B681B78002B14BF02230123CD
:1034B0000370A3681B78012B03D0022B1FD00020C0
:1034C0001CE02B681B78002BF9D1606804210C30BC
:1034D000E4F7CAFFE06007802A68E36852885A80F0
:1034E0006168728D738B088A9A4294BFC0EB0200A8
:1034F000C0EB0300042894BF00200120F8BD2B6816
:103500001B78022BDBD1606812210C30E4F7ACFF92
:10351000E06007802B68E268591C0232113351F8D1
:10352000040B994242F8040BF9D16168728D738BD8
:10353000088A9A4294BFC0EB0200C0EB0300122835
:10354000D9E770B40568AA6A52B3136803B1B03BF7
:10355000A2F1B0040022114600E0B03B844207D043
:10356000668D648BB14238BF3146A24238BF2246D5
:103570001C462BB1D3F8B030002BEED18442EFD1F2
:10358000438D408B8B4201D890420BD9824238BF89
:1035900002469942286838BF194670BCECF776BEDF
:1035A0001146EDE770BC7047D0680431037813B959
:1035B0000170012070478B42FBD0002091680B8A7C
:1035C000043B0B82106170472DE9F0410446886886
:1035D000FFF7FDFE638D628B0D46934228BF1346B5
:1035E00083421DD30027E165D1F808808F60F6F78C
:1035F00043FE41462046E9F787FF064638B1C5F845
:103600000880E765F6F7AAFE3046BDE8F081618DD7
:10361000638B2846994228BF194600F090FDF1E7D8
:103620006FF07906F0E738B504460D46E9F76CFF10
:1036300030B1294604F16000BDE8384002F024BCF6
:1036400038BD70B504460E46002200230846F4F744
:10365000C3FF054658B101462046E9F755FF044629
:1036600018B12946304602F01AFC204670BD6FF0B2
:103670000104FAE72DE9F04F044685B01046904664
:103680009946FFF7A4FE638B628D8B46934228BF59
:103690001346834240F29380636840460393E4F705
:1036A000FBFD4FF0000A06464046FFF790FE628B96
:1036B000638D06F10C079A4294BFC0EB0205C0EB84
:1036C00003053846FFF716F9854217D24046FFF743
:1036D0007EFE628B638D9A4294BFC0EB0205C0EB05
:1036E00003058DBB98F80A00E4F794FB0022002341
:1036F000FFF7DAF8064630B9574636E03846FFF7A6
:10370000F9F80546EDE701464046E4F70BFE404672
:10371000FFF75DFE628D638B06F10C079A4294BF42
:10372000C0EB0205C0EB03053846FFF7E3F885421E
:103730001FD24046FFF74BFE628D638B9A4294BFC7
:10374000C0EB0205C0EB0305F168328ACDF80090AA
:10375000DBF804700A4403985946ABB2B847071E19
:103760000CDABAF1000F18BF5746384605B0BDE86D
:10377000F08F3846FFF7BEF80546E5E70E9BB3B974
:10378000394606F10C00E4F76FFE4046FFF71FFED6
:10379000638D628BB944934228BF13468342BA4477
:1037A0001FFA89F9A8D9AF423FF47EAFA4E73946A2
:1037B00030460F9A0E9B98470028E1D19CE70027DE
:1037C000D3E70022036803B970478B420FD10B681F
:1037D0003AB942680360914200D1436000230B6014
:1037E000704713604368994208BF4260F6E71A4683
:1037F0001B68E8E7D0E8EF3F43F00802C0E8E12F9C
:103800000029F7D1C3F3C00070472DE9F041064607
:1038100090461F460D46B9B104220121E9F7A4FFE5
:10382000044618B9BDE8F041E9F7E0BE04210C30C8
:10383000E4F71AFE0570A0F80180C77021463046F3
:10384000BDE8F041FFF7EFBEBDE8F08137B50C46AB
:10385000054601F10C00FFF741F8228A0346019268
:10386000E2681221009228461322E9F7C9FF03B04B
:1038700030BD37B50C46054601F10C00FFF72EF8B8
:10388000228A03460192E2682846009200221146ED
:10389000E9F7B6FF03B030BD00232DE9F341176807
:1038A0001446D7F804800146137306469522404615
:1038B00000F09AFB0546207330B93146404600F0CF
:1038C0003FFC28B908232373002002B0BDE8F08133
:1038D000CDE9005531463846A388A268FFF7CAFEF5
:1038E000002807DA10F1FF0F32BF0E204042C0B2AD
:1038F0002073E9E70120E8E700232DE9F341176889
:103900001446D7F8048001461373064695224046B4
:1039100000F06AFB0546207330B93146404600F09E
:103920000FFC28B908232373002002B0BDE8F08102
:10393000A068798D7A8B038A914294BFC3EB01030F
:10394000C3EB0203012BEFDD02210C30E4F78CFD09
:10395000CDE900558046A38831463846A268FFF776
:1039600089FE031E06DA13F1FF0F2ABF5B420E2306
:10397000DBB2D8E70120A8F80030D6E707B5CA685F
:103980000C211388528800920D22EAF751FA03B0F5
:103990005DF804FB07B50022CB680A211B88009262
:1039A0000B22EAF745FA03B05DF804FBF8B5CB68E3
:1039B00005461F88BBB2162B19D90321EAF7FAF87E
:1039C0000646B0B102210C30E4F74EFD00246FF042
:1039D00008033146037044702846FFF724FEF7239E
:1039E00028466B836F85FFF7ACFD2046F8BD0420A9
:1039F000FCE70E20FAE7F8B5054650F8044C071F1F
:103A000000F15403D3E8EF1F21F00401C3E8E21FE3
:103A1000002AF7D1FCB1AB6D83B9636873B1201D87
:103A2000FFF7CBFC064601463846FFF7CDFD90B1C7
:103A300063683360A368666003B9A660384605F121
:103A40005C01FFF7FEFD30B1384604F10C01BDE822
:103A5000F840FFF7F6BDF8BD2DE9F041846A07464E
:103A600034B354F8B06906B1B03E002307F104083E
:103A70001D4601E034461646E26D92B905B983B998
:103A80004046FFF79AFC054650B101462046FFF735
:103A90009BFD68B17B682B60BB687D6003B9BD602E
:103AA00023462EB1D6F8B020002AE3D0B03AE1E7A1
:103AB000BDE8F08138B50546D1E8AF3FDB0716D544
:103AC00050F8040C98B1AB6D8BB90430FFF775FC5E
:103AD000044660B10146281FFFF776FD38B155F85E
:103AE000043C5A6822609A685C6002B99C6038BDE8
:103AF000EBF780BC0A8A0023C968EAF72FBD0120D2
:103B0000704708B5EAF788FB78B1836A6BB1B03BC0
:103B100003F15802D2E8EF0F20F00800C2E8E10FED
:103B20000029F7D1D3F8B030F0E708BD08B504217B
:103B3000FFF739FC20B15430D0E8AF0FC0F3C0001C
:103B400008BD70B51C460E461546E9F7B7FC0123C3
:103B5000C0E90365C380047570BD10600020704724
:103B600010B5029CA36833B1B1F5807F28BF0E2148
:103B7000CAB221469847A37DE268013BDBB2A37538
:103B800022B11BB92046BDE81040104710BD10609F
:103B900091800020704700207047FEF70DBCF0B503
:103BA000076806463D78144689B0E5B97B88B3F5C9
:103BB000245F04D011D8A3F52053032B13D8ADF8FC
:103BC0000A10022220460DF10A01EAF78BFE70B1BD
:103BD0006FF01502C4F85C2106E003F55643FF338D
:103BE0009BB2042B1DD90125284609B0F0BD7B8866
:103BF000022220460DF10A01ADF80A30EAF772FE02
:103C00000028E5D1009003AA132331467768B8470E
:103C1000021EDFDB03A92046EAF764FE0028E2D09B
:103C2000D6E7ADF80A10022220460DF10A01EAF7A4
:103C300059FE0028CCD17B880222ADF80A300DF164
:103C40000A01E8E7072208B503F08DF9B0FA80F021
:103C5000400908BD10B503780446934207D10130EE
:103C6000FFF7F0FF002814BF2046002010BD002001
:103C7000FCE7034610B5D3E8EF0F40EA0102C3E8C2
:103C8000E42F002CF7D110BD034610B5D3E8EF0F99
:103C900000EA0102C3E8E42F002CF7D110BD0B6845
:103CA00003608B8883808B7983717047D0E8AF0F76
:103CB0007047FEF778BB70B50D46064611F8010B4C
:103CC000E8F7E2FE044610B12C89E8F721F96B8988
:103CD000A34207D0EB686C8123B121463046BDE892
:103CE0007040184770BD38B5BDF810401546A24267
:103CF0000CD84CB16BB1A21A8A42A8BF0A4694B242
:103D00002246591903F000F9204638BD6FF006002D
:103D1000FBE76FF00D00F8E730B585B0C9681446D1
:103D20001D46EAF7F5FE00B100890223ADF80E004A
:103D3000009329462046BDF820200DF10E03FFF721
:103D4000D2FF05B030BD1FB50C461946E3681046DA
:103D50001C78BDF818203CB110240133069404B03F
:103D6000BDE81040FFF7BFBF5B88ADF80E300223FF
:103D700000930DF10E03FFF7B6FF04B010BD30B590
:103D80001D46002385B014468DF80C30EAF792FEEC
:103D900010B1037A8DF80C30012329460093204698
:103DA000BDF8202003ABFFF79EFF05B030BD2DE925
:103DB000F04114461D46BDF81870E5F775FF06463C
:103DC000DDF7BEF880B2069033463A4629462046D3
:103DD000BDE8F041FFF787BF30B585B014461D46FA
:103DE000FEF749FF0223ADF80E0000932946204656
:103DF000BDF820200DF10E03FFF775FF05B030BDB3
:103E0000022A10B508D1002300F170011A46007A89
:103E1000EAF700FF022010BDEBF700F8FAE708B55B
:103E20000C3029B10121FFF724FFC043084008BD31
:103E30006FF00101FFF728FF00F00100F7E710B570
:103E40000446FFF7ECFF38B12146BDE810400122DF
:103E500011F8010BEAF770BE10BD38B504461546DF
:103E6000FFF74DFE48B12046EAF724FE28B1037A59
:103E7000DB0702D50121FFF7E2FF55B9207A04F1F3
:103E80007001EAF79BFD20B18560BDE83840EAF794
:103E9000A9BE38BD13B5044610B9002002B010BD4C
:103EA00000238DF8043042F60303006801A9ADF841
:103EB0000630FEF7A3FD0028EFD1E36898880028BC
:103EC000ECD12046EBF700FB013080B2E6E770B59D
:103ED000CC681E46A37988B008468DF80C3015468C
:103EE000FFF7D8FFADF80D00246823786BB963881D
:103EF000ADF80F300523009331462846BDF8302039
:103F000003ABFFF7F0FE08B070BD631C0DF10F02AC
:103F1000113453F8041BA34242F8041BF9D11323B4
:103F2000E9E71FB5CDE9012300231A460093EBF71B
:103F300013FB05B05DF804FBEBF724BC38B5044671
:103F400059B100F170052946007AEBF7E9FC2946E2
:103F5000207ABDE83840EBF7FBB938BDF8B5064626
:103F60000F46EAF709FD394604463046FEF785FE5E
:103F700048B344B304F108056FF001012846FFF788
:103F800083FEC20703D539463046EBF7C9FC6FF014
:103F900002012846FFF778FE830703D539463046ED
:103FA000EBF7D6F92846FFF781FE60B9234603F800
:103FB000010BC4F80100C3F80300D5E8EF3FC5E8E2
:103FC000E20F002AF9D1F8BD10B50446A0F117019F
:103FD00010F8180CFFF7C2FF14F80C0CA4F10B0139
:103FE000BDE81040FFF7BABF38B54C8AD307054685
:103FF000C4F30E0404D514F0950F2AD04B6843B3D4
:10400000900704D514F4957F25D08B681BB314401A
:1040100014F4DE7F0DD0EB7A2BB92846FFF739F880
:10402000D8B9052038BD14F0300F04D114F4C07F86
:1040300007D10020F6E72846FFF773F80228F5D8E5
:10404000EFE7D5F8A430002BEBD05B7CDB06E8D59E
:10405000EFE70220E6E70320E4E70F20E2E7F8B508
:1040600014460F46942261680646FFF7BDFF20BB49
:10407000012230466168EBF7BDFC08B3A2891B2121
:1040800030460232EAF7FCF90546E0B1A1890C306E
:104090000231E4F7E9F920F8027BA289A16802F075
:1040A00033FFD4E9041228460123FFF74AFD2946CD
:1040B0003046BDE8F840EAF789BB4FF0FF30F8BD65
:1040C0006FF01500FBE76FF00B00F8E72DE9F0410A
:1040D00005468846EAF7EEFC0446E0B1037ADB07C2
:1040E00019D500F10C073846FFF7E0FD10F0010686
:1040F00011D1B8F1000F0FD06FF002013846FFF771
:10410000C3FD10F0020F284609D0FFF7FAFC012189
:104110002046FFF794FE01263046BDE8F081FFF708
:10412000EEFC0028F8D02846FFF700FD0028F3D069
:104130006FF002013846FFF7A7FD2846E5E7704714
:10414000012070470120704707207047FEF72BB908
:10415000D0E8AF0F084100F00100704738B50A46BB
:10416000034609B9012038BD488A10F0240FF9D060
:10417000197D5D7B147CA94228BF29468C4201D958
:104180000020F0E7840608D4507C197AC0070BD4CD
:10419000187A003818BF0120E5E70521181DFFF740
:1041A000D7FF0028F0D1EBE70029E9D00521181D41
:1041B000FFF7CEFF18B9197A01390129E0D9527CED
:1041C000D207CFD4E4E701238B40DB43D0E8EF2FC5
:1041D0001A40C0E8E12F0029F8D17047FEF7ECB88B
:1041E00008B50621FFF7DFF818B9BDE80840ECF77D
:1041F0000BB9EC3808BD0720704701238B40D0E88D
:10420000EF2F1A43C0E8E12F0029F8D1704708B515
:104210000E21FFF7F2FF002008BD70B5051D0E4608
:1042200028460421FFF794FF68B1002200210023F3
:104230000846E8F71BFE044640B904212846FFF76C
:10424000DCFF204670BD4FF47022EFE701210C30F7
:10425000E4F70AF90670F4E738B504210446FFF7DD
:10426000DCFF054698B110210C30E4F7FDF804F1AD
:10427000270304F1370253F8041B934240F8041B50
:10428000F9D120462946ECF7D5F8002038BD0820A2
:10429000FCE770B5D0F8EC300446DB78012B19D17F
:1042A000CD68061D10213046FFF78DFF2B4604F127
:1042B000B70205F1100153F8040B8B4242F8040BCE
:1042C000F9D107213046FFF743FF28B109213046D5
:1042D000FFF793FF002070BD0A213046FFF738FF3B
:1042E0000028F3D12046BDE87040ECF7BDB90720A7
:1042F00070470720704707207047012303FA01F138
:10430000CA4330B5D0E8EF3F03EA0204C0E8E54F06
:10431000002DF7D1194214BF0120002030BD38B55F
:1043200004460025031DD3E8EF2FC3E8E15F002911
:10433000F9D104F5A070F5F7E5F82572D4E8EF3F60
:10434000C4E8E25F002AF9D12046BDE838400121E7
:10435000FFF753BF70B500F1700605460C46072203
:104360003046096802F0FFFDB8B963681A682A6729
:104370009A88A5F874209B7985F87630D5F8A43012
:104380005BB1A268934208D062681168C3F801105B
:104390009188A3F805109279DA7170BD2DE9F84F74
:1043A000DDF82C80044692461F46BDF82890FFF7A2
:1043B00017FF054600285AD0061DB9F1000F27D176
:1043C0005AEA070324D103213046FFF7C1FED0B3D8
:1043D00001213046FFF7BCFEA8B32C7D6B7B05F1B5
:1043E00047019C4228BF1C462246404602F08CFDF5
:1043F0000F2C06D80021C4F1100208EB040002F0D3
:10440000AAFD30460121FFF7F8FE0120BDE8F88F34
:10441000D4F8A430F3B904F1700B5A462020217A65
:10442000EDF7FAFAC4F8A40030B95A460120217A0F
:10443000EDF7F2FAC4F8A400B9F1000F0AD15AEA74
:10444000070704D006E0D4F8A430002BE3D0D4F85A
:10445000A41071B90F213046FFF77AFE20B1022275
:1044600006212046E8F7A4FA2846FFF758FF002067
:10447000CCE74B8A9B06EDD50C7C1E312246B4E777
:104480006FF08500704738B5FFF7AAFE044610B9F3
:104490006FF0150038BD051D0A212846FFF72DFFD6
:1044A0000028F5D007212846FFF752FE28B1092140
:1044B0002846FFF7A2FE0020ECE710212846FFF770
:1044C00047FE09210028F3D12846FFF741FE0028C6
:1044D000F1D02046ECF7C8F801460028EBD0204682
:1044E000ECF724FEE7E770B504460820EBF742FF3F
:1044F0000546E0B1061D08213046FFF764FEBCB357
:104500000721FFF760FE234605F1970204F1200121
:1045100053F8040B8B4242F8040BF9D10A213046C0
:10452000FFF716FE70B109213046FFF766FE07203F
:10453000EBF720FF0446E8B1EBF79EFF0146C8B158
:10454000204612E010213046FFF702FE0921002824
:10455000EAD13046FFF7FCFD0028E8D02846ECF70A
:1045600083F801460028E2D02846ECF7DFFDDEE7BD
:104570000B21F9E770BD70B50446A0F1EC0650F8C8
:10458000543BE83CD3F8A450F4F7BCFF0321204689
:10459000FFF7DEFDA0B108213046ECF731FD3DB15B
:1045A0006B8A13B16B7C9B0702D52846EDF716FB8F
:1045B0003046BDE870404FF4BC72002102F0CBBC25
:1045C00001212046FFF7C4FD0028E4D10F21204639
:1045D000FFF7BEFD0028DED1E1E710B5431E00F174
:1045E0001002073013F8011F12F8014D83421C70AE
:1045F0001170F7D110BDF0B50E4614461D4697B0A8
:104600000146202205A81C9FEDF790FC2022314690
:104610000DA8EDF78BFC2146102201A88DF854500F
:10462000EDF784FC3B46412205A901A8EDF740FDCA
:10463000044610B93846FFF7D0FF204617B0F0BD4A
:104640002DE9F04316461D4697B00446DDE91F9854
:10465000102205A8219FEDF769FC1022314609A818
:10466000EDF764FC102229460DA8EDF75FFC03224C
:104670001E9911A8EDF75AFC494611F8013BD9F8EB
:1046800001008DF847308B880622129012A8ADF8F1
:104690004C30EDF74BFC414611F8013B06228DF8FA
:1046A0004E30D8F801300DF14F00CDF84F308B88E7
:1046B000ADF85330EDF73AFC2146102201A8EDF792
:1046C00035FC3B46412205A901A8EDF7F1FC044663
:1046D00010B93846FFF781FF204617B0BDE8F083D8
:1046E00000692830F4F704B813460A460121FDF7A3
:1046F00063BE08B50020E4F711F8002008BDF8B546
:10470000069F0469C9B2EFF31186202585F312884C
:10471000BFF36F8F0C2569430C44D4F8885005F023
:10472000070CBCF1010F0CD1C4F8887086F3118816
:10473000BFF36F8FC4E9202343685B58984700207C
:10474000F8BD05F0C005AF4286F31188BFF36F8F47
:104750000CBF6FF077004FF0FF30F1E713B5802406
:104760000094FFF7CCFF02B010BD0069CBB200EBA4
:104770004310002110470320F0F75CBD0220F0F742
:1047800059BD0320F0F790BD0220F0F78DBD104613
:10479000F3F7AEBFF0F77EBFF0F728BF8022EDF74A
:1047A000F3BE002208B511461046F8F7EBFE0028CC
:1047B00018BF6FF0150008BDF7B51C46002316465C
:1047C00082682360A3600D465369694601AA984731
:1047D000019B5A1E01921BB96FF0150003B0F0BD8A
:1047E0000098A26847682168676085B9B31AD0F855
:1047F00000C0634528BF634603FB07111A442160CC
:10480000A26002689A4206D808300090E0E76B1A6E
:10481000B3FBF7F3EBE70020E0E713460022FFF7D6
:10482000CBBF2DE9F0470024836886B088469146C7
:104830005B6902AA01A99847A2462546029BAB42A2
:1048400002D806B0BDE8F0870026019F07EBC50738
:104850007B6804933A680AEB0603B24202D89A4690
:104860000135EBE749460394059303A8C0470028A8
:10487000E7D0049B01361C44ECE74FF050210223A3
:1048800010B5C1F8B8350469EEF7C6F828B194F848
:10489000383003F00303C1F8583510BD4FF400025F
:1048A00000230020C1E90023704718B901F1180066
:1048B000F3F71EBF704731B94FF0FF324FF0FF33AF
:1048C0001830F3F799BF704738B50446026902F112
:1048D0003003D3E8EF5F013DC3E8E15F0029F8D181
:1048E000536B23B9FFF7C9FF0DB9F2F7EFF8206951
:1048F000BDE83840F3F7FCBE08B50146EEF78CF88A
:1049000050B14FF05022D2F8583503F0030381F82C
:1049100038300123C2F858354FF050230022C3F835
:10492000B8250720BDE8084001F03CBA38B5044678
:10493000056905F13003D3E8EF1F0131C3E8E21F39
:10494000002AF8D120694FF0FF334FF0FF32F3F720
:1049500053FF6B6B23B92069BDE83840FFF7CCBF2C
:1049600038BD7FB5FF238DF803300DF1030300211F
:1049700001930123CDE90231052303A88DF80C3002
:1049800001AB04910593EEF795F80028A8BF9DF8B8
:10499000030007B05DF804FB1FB5002188420CBF7F
:1049A0000623042301A8CDE9011103918DF80430F9
:1049B000EEF780F8002818BF6FF0040005B05DF82E
:1049C00004FB10B50C4600F097FC0023C4E900037B
:1049D000184610BD38B505460C4600F08DFC002D7C
:1049E00007DBA84205D9401B84428CBF0020012070
:1049F00038BD0020FCE770B50D461946284616461E
:104A00001C46FFF7E7FF28B921462846BDE870405D
:104A1000EEF772BB24B122462946304602F074FA02
:104A2000002070BD436800205B681B690B60704705
:104A3000436802EA01005B6821EA020198600020F5
:104A4000D9607047436800205B689960704743688D
:104A500000205B68D960704743685A68536821EA50
:104A600003000B4090600020D3607047F1F760BAFC
:104A700010B500690F299FBF00EB810440F8212089
:104A80002364002088BF6FF0150010BD0020704720
:104A90001020704730B543681360057A446804EB12
:104AA000C504A34202D36FF0010030BD5C798C4293
:104AB00001D00833F0E70020F7E743681B68D3F81C
:104AC0008004C3F88004704703691A6813680BB147
:104AD00052681847704730B587B004460D46142217
:104AE000002101A802F037FA042320460DEB030150
:104AF0008DF804300295FFF7E7FF07B030BD70B5C1
:104B000086B0066904460D461422002101A802F071
:104B100022FA02238DF80430336820461B6C01A969
:104B2000029333689B6CCDE90335FFF7CDFF06B0E8
:104B300070BD30B503691C6843681B68EFF31185CD
:104B4000202080F31288BFF36F8F206CA8B1E06C37
:104B5000B0B90020C4E91312042AC3F83415C3F80D
:104B6000382582BFD3F8002242F02002C3F8002289
:104B700085F31188BFF36F8F30BD6FF00C00F7E73E
:104B80006FF00F00F4E70369186820B101601B683B
:104B900000205A6070476FF08500704710B542687A
:104BA00000691368006860B9D3F8104164B1926A73
:104BB00012780A70C3F81001D3F8102101221A608C
:104BC00010BD6FF08500FBE74FF0FF30F8E7F8B558
:104BD000036904461D6843680F461E6805F1080016
:104BE00001F0ABFAEFF31182202383F31288BFF3B5
:104BF0006F8FEB6C53B1D6F8003223F02003C6F868
:104C000000320023C6F84C31D6F84C31002385F829
:104C1000633017B1012385F86430236919680123D3
:104C200081F86230616809684B6082F31188BFF3D4
:104C30006F8F0020F8BD03691B681B6C13B1012145
:104C4000FFF7C5BF6FF00D00704710B50369196815
:104C5000D1F8A420D1F8B040121B13D0082A28BFE5
:104C600008224068C1F8AC201968C069C1F8A800E2
:104C70001B68D3F8A010D3F8B030194402F044F9FF
:104C8000012010BD1046FCE710B5044612EA0300EF
:104C900005D0605818B1002301206350635810BD3F
:104CA00002680346D2F8580140B95B68DB0706D4B6
:104CB000D2F82001003818BF01207047012070474A
:104CC00013B501AA0446FFF7E5FE002805DB019BAA
:104CD000226819791868EEF7FBFD02B010BD10B418
:104CE00002694468936823EA0101916011F00301AD
:104CF00008D143681B68C3F80015E068012110BCA7
:104D0000FFF7DEBF10BC704710B502699368194306
:104D1000916013F0030107D14368D8681C68FFF75E
:104D2000CFFF0823C4F8003510BD10B543681C68D8
:104D3000C4F84415C4F848250022C4F82021D4F84A
:104D40002011C4F858215B68D4F858219B0702D57C
:104D50000121FFF7D9FF0123A36010BD10B5044660
:104D60004068FFF79DFF0B6848B9012283F8B8201F
:104D70004FF4800263681B68C3F8042310BD00224F
:104D800083F8B8204FF0FF320B682046C3F8B420F8
:104D90000B68D3E92A12FFF7C8FFE9E72DE9F843CA
:104DA00017460022036988461C68436805461E684A
:104DB00094F86130D6F83C1584F86120A26C9B1AF7
:104DC0001944002901DDFFF79AFE2846216CFFF700
:104DD00082FEE36C2364236D63640023C4E9133310
:104DE000A36494F86330F3B1EFF31189202383F3C4
:104DF0001288BFF36F8F236CBBB1D6F8003223F05B
:104E00002003C6F80032B8F1000F08D13FB90123E2
:104E10003360C6F84471D6F8443184F8627089F37F
:104E20001188BFF36F8FBDE8F883D4E916321343BE
:104E300003D004F1080001F080F92B691A680123FE
:104E400082F862306A6812685360E8E710B5446B14
:104E5000636822691B681268D3F8081139B1002110
:104E6000C3F80811D3F8083182F8601010BD92F829
:104E700060300133DBB2042B82F86030F6D101F0F0
:104E80005CF923691A68D36CB3FA83F35B0982F87F
:104E90006230012263681B685A60E7E738B54268F0
:104EA000036915681A68D2F8A01051B1002482F87D
:104EB000B8401868683001F040F901232046EB60E3
:104EC00038BD6FF00D00FBE7406BFFF7E7BF08B59B
:104ED000EFF742FA08BD0A460121FDF764BA40EA3D
:104EE00001030F2B01D8EFF743BE6FF01500704799
:104EF0000121EFF7E9BF0021EFF7E6BF08B5F0F7B2
:104F000001F8002008BD08B5F7F7E8FA48B100231A
:104F100083F31188BFF36F8F0423184602DF6FF00D
:104F2000040008BDF8F7D0BA08B5E1F749FEE1F78B
:104F30002FFFBDE80840F8F7C7BA0346002018471E
:104F400000F030BF024610B5116891B1B1FA81F39B
:104F5000C3F11F000123834021EA0303D2E8EF4F8E
:104F60008C4204D1C2E8EC3FBCF1000FF6D1EBD18A
:104F700010BD6FF00B00FBE710B50368CB40DB07FB
:104F800010D401238B40026843EA0201D0E8EF4FBE
:104F9000944204D1C0E8EC1FBCF1000FF6D1F2D16D
:104FA000002010BD6FF01500FBE770B5D0F8803021
:104FB0000646002B0C46154613DBD1F88030002B3B
:104FC0000FDB00210846F0F79FF848B92B7843F033
:104FD0000043C6F880302B7843F00043C4F880309B
:104FE00070BD6FF01500FBE708B5F0F7F1F9F0F7C9
:104FF0006DFBF0F7D1FABDE80840F0F759BA38B5C3
:105000004FF050240123C4F808336360002342F2B8
:105010001075C4F80031D4F80031D4F80C24D4F859
:105020000C34D20306D5DB0704D50120FFF788FF37
:10503000013DF2D138BD38B54FF050244FF48073A4
:10504000C4F808330123E361002342F21075C4F869
:105050002031D4F82031D4F85434DB0304D50120B6
:10506000FFF76EFF013DF6D138BD38B54FF0502443
:105070004FF40073C4F8083301236362002342F243
:105080001075C4F82431D4F82431D4F85C34DB032F
:1050900004D50120FFF754FF013DF6D138BD38B5E6
:1050A0004FF050240223C4F808330123E3600023A7
:1050B00042F21075C4F80431D4F80431D4F818342D
:1050C000DB0304D50120FFF73BFF013DF6D138BDDE
:1050D00043090AD0012B0BD14FF6FF7300F01F00DC
:1050E00023FA00F000F0010070474FF0FF33F5E7BE
:1050F0000020704710B504460846F0F733FB04EB78
:105100004004A08AC0F3401010BD10B50446084604
:10511000F0F728FB04EB4004A08A10F01C0018BF35
:10512000012010BD10B504460846F0F71BFB04EB48
:105130004004A08AC0F3400010BD10B50446FFF73C
:10514000F1FF10B12046FFF7D5FF00F0010010BDC0
:1051500010B504460846F0F705FB04EB4004A08AAE
:10516000400B10BD70B5044608461646F0F7FAFA33
:10517000083034F810300D46DA0509D5C3F343235F
:1051800004EBC3023146284654F83330526898473E
:10519000A3682BB131462846E268BDE87040184745
:1051A00070BD2DE9F3411746DDE90858019001A8CB
:1051B0000C461E46F0F71CFB019B391E18BF01214F
:1051C00000EB8300231E18BF0123002E43EA410396
:1051D00014BF0C210021002D43EA010314BF4FF43A
:1051E00070610021B8F1000F43EA010314BF4FF4CE
:1051F00040310021D0F800220B4322EA030304B11E
:1052000024780FB13F787F001C430EB13678B6008A
:105210003C438DB1297809023443B8F1000F03D023
:1052200098F800804FEA0848214341EA0801C0F895
:10523000001202B0BDE8F0812946EDE71FB50DF17F
:105240000F03019300238DF80F101A46194600939F
:10525000FFF7A7FF05B05DF804FB2DE9F047002537
:105260000446884617462E464FF00109AA46BE421C
:105270000CD1D4F87C3133B10023C4F87C31D4F89C
:105280007C3145F000452846BDE8F087F0B2F0F7E4
:10529000E3FAA0F580739B0809FA03F318EA030FF9
:1052A00005D022581AB144F800A022581D430136F7
:1052B000DDE738B504460D46FFF71CFFB0B12046C8
:1052C000FFF730FF90B92046FFF742FF0123226825
:1052D0008340C2F80833236800B203EB8003D3F89D
:1052E000102522F00302C3F8102538BD2846BDE87A
:1052F00038400021FFF7A2BF4FF4801070474FF4F1
:10530000805070474FF4807070470223F1F7BCB8AB
:105310000323F1F7B9B82DE9F04389B0109E044694
:10532000894690460021202268461F46129D01F0C2
:1053300012FE1F2E97BF01234FF0FF33B34003F13E
:10534000FF332361119BC4E90098C4E902766361CD
:10535000183445B10FCD0FC495E80F0084E80F0055
:1053600009B0BDE8F0836D46F4E773B50468661CC8
:1053700031D08568A9422ED264182CD05E18AE4276
:1053800088BF6B1A056A35B100930523A847034609
:10539000184602B070BDBFF35B8F1946A41A1019EE
:1053A00019B140EA0205AD070AD103290DDC013825
:1053B00011448A42ECD010F8014F02F8014BF8E793
:1053C0000078013902F8010BE9E750F8044B043981
:1053D00042F8044BE9E76FF02103D9E773B504689D
:1053E000651C32D08568A9422FD264182DD05E1872
:1053F000AE4288BF6B1A456ACDB100930523A8471A
:1054000002B070BD12F8015B013905701546A01895
:1054100019B140EA0206B607F4D103290ADC013DBE
:10542000014488420CD1BFF35B8F1846E8E7194668
:10543000A41AEBE755F8042B043940F8042BECE7E9
:1054400015F8012F00F8012BEBE76FF02100D7E7EB
:1054500073B51C46036815465A1C29D082689142D0
:1054600026D25B1824D066189642866A88BF541AE2
:1054700036B105232A460094B047204602B070BDDD
:10548000184622464AB9294601F065FDBFF35B8FF5
:10549000F3E700F8015B013AF4E78307F9D14FF035
:1054A00001336B43032AEEDD40F8043B043AF9E78D
:1054B0006FF02100E2E70020704710B4046B024651
:1054C0000B4684B9C1681F2998BF23FA01F44168CB
:1054D00061B18068834209D21069184051F82430C4
:1054E000184410BC7047234610BC18474FF0FF30DB
:1054F000F7E770B5436B05460E46E3B90469621CD5
:1055000009BF43680C401C680C1B21462846FFF766
:10551000D4FF864207D02B6901331C44AB689C4200
:10552000F3D34FF0FF342868431C07D0AB68A34285
:1055300004D9204470BD98470446F4E70020F9E7F9
:1055400030B5059CC4E90002039A21811989E26003
:10555000049A618121856261D3E9002502EB011380
:10556000C4E906128A1C236203EB42036A1C13443B
:105570006D422B406362836953B90139E2698B4202
:1055800002EB031206DB002393736FF07F03D373E8
:10559000002030BD0133D381F0E72DE9F04FB0F8A2
:1055A00030A004465546002685B002EB030891461C
:1055B0000E9A00EBCA031FFA88FB9A63A3F83CB06B
:1055C00008F1FF32C3690F1D0192B0451ADC238D2B
:1055D0002586A3EB0B032385236A61895A88013949
:1055E0000A4003EB4203A3F804A0BFF35B8F002043
:1055F000226A538801335380638D0133638505B07C
:10560000BDE8F08FE06A2A0157F8041C03EB05158A
:10561000029303680392C91A83680837994228BF26
:105620004FF0FF31FFF749FFDDE9023298500022C9
:105630006A6057F8082CAA60019A9642ACBF002213
:105640000122B145D8BF42F00202AA810136ED899C
:10565000BBE7F0B550B3456A448E6B88A34230D0A7
:10566000631C43864389BFF35B8F013B1C4005EB02
:10567000C4056B689EB209B1AD680D60D0F81CC05E
:105680009BB20CEB031100EBC3039D8F078D2F44DE
:10569000013D07859D878D896F070ED5058ECD81CC
:1056A00000210686986B996302B11480F0BD9D8F2E
:1056B000C989013D0CEB01119D878D89ED07F6D459
:1056C000ECE70020F2E7C36903EB01139868704729
:1056D000C36909015958C06AFFF70BBF70B5BFF322
:1056E0005B8F0D46016A1646838E4A8804469A42AD
:1056F00012D05A1C82864289013A134001EB4301C1
:105700008988298089B2FFF7E3FF2A88E36903EBE0
:1057100002139B68336070BD0020FCE710B502687F
:1057200093691269920017D543B9438E026A816961
:105730004489013B1B1B02EB4102938003689B6978
:10574000012B08D1838E426A81694089013B1B1A73
:1057500002EBC102938010BD23B9026A138843F0A3
:105760000103138003689B69012B01BF426A138800
:1057700043F001031380EEE710B5BFF35B8F0368BE
:1057800004461A699B6912F0005F1AD07BB9036A5C
:10579000426A5B888169013B02EBC10292889B1AD5
:1057A000628D9BB29A4214D80023638510BD012BF1
:1057B000FAD1436A026A5B888169013B02EB4102CC
:1057C000ECE763B9436A1B88DB4303F00103002B5A
:1057D000EAD06369002BE7D020469847E4E7012B25
:1057E000E2D1036AEFE7036A828E598891420AD0B8
:1057F000418901390A4003EB42039A88C36903EBEC
:1058000002139868704700207047BFF35B8FC3682E
:1058100003B1184770474FF0FF324FF0FF33F2F7F4
:10582000EBBF10B1C36A0133C362704738B1C26ABB
:10583000013AC2621AB9026B02B1104702627047A4
:1058400070B50446056A05F164063046FFF7E3FFCC
:10585000636AA3F580637F2B0BD801225909503569
:1058600003F01F039A4055F8213023EA020345F85C
:105870002130D4E90F124A60E16B04F13C0311605E
:105880002046C4E90F33FFF7D1FF3046BDE8704032
:10589000F2F72EBF10B5436A8CB00A93202304465A
:1058A00002460B9102A8194600F058FA282301225B
:1058B000CDE9003220463522616A02ABF1F780FB68
:1058C00000EAE0700CB010BD30B1006A20B119B12F
:1058D000D0F8883003B11847704730B1006A20B162
:1058E00019B1D0F88C3003B11847704730B1006A55
:1058F00020B119B1D0F8903003B11847002070479B
:105900002DE9F84306468846174699460468A6429C
:1059100001D1002520E07A1CA4F13C0502D06B6A7D
:10592000BB4219D0B8F1000F22D0202241462846B0
:1059300001F029FBE0B9B9F1FF3F02D0AB6A4B455A
:105940000AD07B1C0BD02468B442E2D054F8183C37
:10595000A4F13C059F42E8D12846BDE8F883AB6A34
:105960000133F9D02468B442D3D0A4F13C05D9E77F
:105970002468CCE770B505460C461E46CAB1202304
:105980002046194600F0EAF90123E362049B6662AF
:10599000A362059B25626363069BA363079B636405
:1059A0006A6804F13C03C4E90F526B60226C136017
:1059B00070BD0A70E8E710B5044690B1036A83B180
:1059C00002784AB193F8A43033B1436AB3F5806FDB
:1059D00002D30121FFF75EFF2046BDE81040FFF72C
:1059E0002FBF10BD20B1036A13B15B6803B1184724
:1059F000704708B530B1036A3BB1DB682BB19847FB
:105A0000002008BD6FF01500FBE76FF00500F8E718
:105A10007047F2F76DBE4FF0FF324FF0FF33F2F7F1
:105A2000EBBEF8B50C4600F164070546A4F110067C
:105A30003846FFF7F0FF3046F1F778FB80B154F8B5
:105A4000083C24F8083CD5F8CC3044F80C3C05F16F
:105A5000C80344F8103CC5F8CC6054F80C3C1E60F8
:105A60003846FFF7D6FF0020F8BD38B50D4600F1E7
:105A700064042046FFF7CFFF55F8083C204603F5A5
:105A8000803345F8083CBDE83840FFF7C2BF2DE938
:105A9000F04188B00E9C282A8846D4F8C0006ED108
:105AA00001688568A8EB0101A94228BF4FF0FF31CA
:105AB00020236A46FFF759FC04F16406D8F82070E9
:105AC0003046FFF7A8FF3B464FF0FF3269462046BD
:105AD000FFF716FFD8F824300546E0B1D0F8308043
:105AE00003F00103B8F1000F02D0DBB9AF6230E080
:105AF000002BFBD04FF0FF3383623046FFF789FF66
:105B0000AB6B83BBD4F88030002B38D03A46694663
:105B10002046984733E0DB071FD43046FFF779FF74
:105B2000E36FF1E74FF0FF338362FFF77AFE304611
:105B3000FFF76FFFAB6BA3B9D4F880301BB13A46C7
:105B40006946204698473046FFF765FF2846FFF72D
:105B50006DFE3046FFF75DFF11E03046FFF759FF5D
:105B6000D0E74FF0010828469847D4F880301BB1A1
:105B70003A46694620469847B8F1000FE3D1002025
:105B800008B0BDE8F08170B500F16406A1F1100520
:105B900004463046FFF73FFF2846F1F7C7FA38B111
:105BA00020462946F1F79EFBD4F8B800FFF7E4FD44
:105BB0003046BDE87040FFF72CBF10B548B149B181
:105BC00043688B4206D382680468D21A5B1A43602A
:105BD000A01810BD0020FCE72DE9F3470546D0F8DA
:105BE000B4000E46904618B9002002B0BDE8F08718
:105BF000036A002BF8D09B68002BF5D09847430729
:105C0000F2D543F69823B8F1000F18BF984605F176
:105C1000640705F1C8093846FFF7FDFED5F8C8400E
:105C20004C452BD054B3D4E90023536022681A604A
:105C3000C4E90044D5F8B43021899B69ADF8061059
:105C40007BB1012B14D03846FFF7E3FEBDF80630D8
:105C500004F1100003F58033A3603368103B336018
:105C6000C3E7D5F8A8303360D5F8B4309B69E8E7CE
:105C7000D5F8BC00FFF727FD3060E4E7D5F8B43075
:105C8000D3F818A0BAF1000F36D13146D5F8BC00D0
:105C90000DF10602FFF7DDFC04460028D3D1D5F84C
:105CA000BC301B8DB3B93846FFF7B3FEB8F1000F17
:105CB0009AD0D5E92D32182112891B6B01FB0233D2
:105CC000D5F8D02022BB21200021F4F7F9FC08F1FF
:105CD000FF38A0E7D5F8A810D5F8C400FFF76DFF8E
:105CE0000446D5F8A830ADF806A033603846FFF773
:105CF00090FE002CDAD0A9E7BAF1010FD3D13246D9
:105D0000D5F8BC000DF10601FFF7E8FC0446EDE70D
:105D10001969284690476FF4FB639842D3D0002856
:105D20003FF479AF60E720B119B112B1C0E90122A7
:105D30000160704738B5044618B938BD3C38FFF7E4
:105D40003AFE20688442F9D10025D4F8B400C4E9B1
:105D50002E55FFF747FEC4F8B450EEE770B5054680
:105D60001C4699B18B4228BF0C46661C013E05D0EB
:105D700012F8013B00F8013B002BF7D1A14207D9F3
:105D8000091B8A19002101F0E6F8A11B084670BD25
:105D900000230D4405F8013CF7E708B5F1F73EFD97
:105DA000002008BD08B1E2F723BC704740B1C368CA
:105DB000587810F001001EBF1878B0FA80F0400942
:105DC0007047EFF31183202383F31288BFF36F8FA3
:105DD000FEE710B400F10C04C0E903440024446160
:105DE00010BCDDF761BD8169C26842EA010313F0AE
:105DF00003030FD103614369013B03FB0122002B25
:105E000001DA002070470169013B1160816902617C
:105E1000521AF4E76FF01500704710B5C0E905326B
:105E20000023C160C36183600446FFF7DCFF0028E4
:105E3000A8BFC4E9004410BD90F90E308B4201D0D8
:105E4000F4F7D4B80020704703460020C3E90033BC
:105E5000C3E90200704710B5044630B102689307E9
:105E600003D0446809B100F0C7F9204610BD0023F3
:105E7000C0E90033836000F10C03C0E9033300F193
:105E80001403C0E905337047012307B500930023CD
:105E90000A461946F2F7D6FA03B05DF804FB002370
:105EA00007B50A4600931946F2F7CCFA03B05DF83D
:105EB00004FB00210068FFF7CEBF5AB18A4209D324
:105EC00000F11003C0E90212C0E90000C0E9043388
:105ED000002070476FF015007047012302688B4067
:105EE00022EA0303036022FA01F000F00100704788
:105EF000704710B5032104460C30FFF7EEFF30B1B8
:105F000004F11000F5F724F8B0FA80F0400910BD54
:105F100020B100228C301146F4F79EBD704770B559
:105F2000C3680446C3F340069B0716D48568022164
:105F30000C30FFF7D2FF80B1D5F884206AB19442CB
:105F40001DD122689EB9D5F88830C5F884209C42BE
:105F500001D1C5F8882000232360E36813F01F00F7
:105F60001EBF43F00203E36040F0020070BD3260E8
:105F7000D5F88820944208BFC5F88860EBE716463C
:105F80001268DBE710B5F2F769FF041E08DDEFF3D6
:105F90001180202383F31288BFF36F8FF4F758F931
:105FA000204610BDEFF30580003818BF0120704770
:105FB0006FF05700704700207047D0E9003213603F
:105FC0005A600023C0E90033704738B504460D46D7
:105FD000F3F772FD637B43F002036373E5B1A560E1
:105FE0002B689D4209D16B68C4E900531C606C604A
:105FF00012E06A689A42F6D01B68002BF3D094F93D
:106000000E2093F90E108A42F3D09142F1DD5A68C6
:10601000C4E9003214605C6038BD01211838F3F720
:10602000BDBE10B50446F3F771FE04F11800BDE8DB
:106030001040F4F78DBF38B5054604680020AC4227
:1060400000D138BD002CFCD02046FFF7EAFF2046E7
:10605000F3F716FE2C680120A542F1E708B50246C9
:10606000F4F76CFE70B1D0E904319B1A61EBE27277
:10607000B3F1004F72F1000104DA002AACBF1846F8
:10608000002008BD6FF00040FBE708B5F5F762F8A7
:1060900008BDF5F75FB8B3F1FF3F08BFB2F1FF3FAE
:1060A00070B506461D46144614D01A4316D0002B70
:1060B00008DBF5F74FF8041941EB0501C6E900418B
:1060C000304670BD6FF001031C1B4FF0FF3363EBD4
:1060D0000501F3E74FF0FF342146EFE70024FBE72B
:1060E000B3F1FF3F08BFB2F1FF3FF8B507461646D0
:1060F0001C4610D054EA020311D0F5F72BF8B04239
:106100000A46A14103460AD2F31A64EB0204C7E926
:1061100000343846F8BD4FF0FF331C46F7E7002344
:10612000FBE70023C0E9081200F11802C0E90622CB
:10613000C0E9003303634363704710B50446F4F7C6
:1061400007FFA8B9636A0BB12046984704F118000D
:10615000F3F7FEFE60B1F3F793FDEFF31180202318
:1061600083F31288BFF36F8FBDE81040F4F770B867
:1061700010BD2DE9F041846805460E46D4B1637820
:10618000012B22D114F8533C9A0711D5A4F16007D2
:106190003846FFF746FF082E0CBF6FF003030023BD
:1061A000E36114F8533CDB0602D13846F3F768FD8F
:1061B000002323700020EB68A860C3F386321643E7
:1061C00066F39433EB60BDE8F081022BF0D12378C5
:1061D000002BEDD054F8048CB8F1000FE8D004F196
:1061E0001400F4F7B5FE0023A4F114073946404625
:1061F000E362F2F733FEDBE720B1011F50F8040C35
:10620000F1F77ABD7047704700207047704710B5AE
:10621000044608B1F5F744FC2046BDE81040F5F708
:106220002FBC0346C068E0B15888D0B11B8803F486
:106230004F42B2F5824F09D1DBB2272B2AD008D8C2
:10624000172B0FD0222B34D0122B16D06FF08500D5
:106250007047302B2FD0413B012BF7D8FF2839D185
:1062600000207047C028FBD0E128F9D0B0F5807F2E
:106270000CBF00206FF08600704720F02003C02B79
:10628000EED020F08003B3F5807FE9D040F20923FF
:106290009842EDE7E928E3D0EF28E1D040F21B1364
:1062A0009842DDD040F299139842D9D040F23B2376
:1062B000EEE7E928F1E720F02003C02BD0D020F052
:1062C0004003B3F5807FCBD0B0F5C07FC8D0B0F528
:1062D000007FCDE7B0F5E07FCAE73AB1002918BFEB
:1062E00000232121D21A184400F035BE70472DE951
:1062F000F04F9B46002389B08DF81B30159B9146CB
:10630000DDE912A7002B0D460B460CBF4FF40062CF
:106310004FF4806207A9DDF85080F5F753FD04467D
:10632000D0B9079E284631880DF11B02F5F7F6FD1E
:10633000044688B99DF81B30BB421FD8CDE903380D
:10634000CDE901BACDF800902B46D6E909123046C6
:10635000F6F758FA044608B1C8F800703A462146E4
:106360005046D8F80030FFF7B8FF0798F6F72CFA38
:10637000002C18BF204609B0BDE8F08F6FF08904EB
:10638000EAE741F2062398421AD8B0F5905F09D2A5
:1063900041F2010398420CD0B0F5885F09D06FF04C
:1063A000850070476923A0F5905080B2C340DB0799
:1063B000F5D511F0070F0CBF00206FF08600704775
:1063C000B0F5105FEBD121F04003802B06D0B1F582
:1063D000807F0CBF00206FF0860070470020704760
:1063E00070B5446A05460E463CB90120F5F742FBFC
:1063F000686228B12046AE6270BD6FF08A00FBE78C
:106400006FF08C00F8E7F8B51E460F461546038876
:10641000C2B103F4E043B3F5805F02D0B3F5005F8F
:1064200010D1089BE90019600088FFF7AAFF044615
:1064300030B92A463946304600F066FD079B1D609C
:106440002046F8BD6FF08504FAE710B50446406AAF
:1064500010B1A16AFFF7DBFE0020C4E9090010BDFE
:1064600038B50546FFF7F1FF2B7F0446012B0ED010
:10647000023B012B0ED82B6A012B18BF6FF096043C
:106480002C220021284600F066FD204638BD2B6AEC
:10649000002BF2E76FF09604F2E738B5049D14463E
:1064A000AA420BD8184600F02FFD00212A1B2044D9
:1064B00000F051FD0020059B1C6038BD6FF0890085
:1064C000FBE77FB50E461D461446BAB100230122F4
:1064D0002B6003A9F5F776FC70B9CDE90045039868
:1064E0003346D0E9091200F06BFA04460398F6F738
:1064F0006BF9002C18BF204604B070BD6FF0890006
:10650000FAE770B50488154604F4E042B2F5804F0E
:10651000049E22D144F2010224F4405090420DD056
:1065200004F44F44B4F5824F08D0B4F5844F05D03D
:10653000B4F5884F02D0B4F58E4F0ED1B5420FD8C6
:1065400018462A4600F0E0FC0021721B284400F0A7
:1065500002FD0020059B1D6070BD6FF08500FBE70C
:106560006FF08900F8E7F0B50F461E46154685B076
:106570000AB3002303A91A463360F5F723FC044647
:1065800038B9039803885B0406D4F6F71DF96FF059
:106590008604204605B0F0BDCDE900563B46D0E963
:1065A000091200F018FA04460398F6F70DF9002CCA
:1065B00008BF0446EDE76FF08904EAE710B5036809
:1065C000044653B100F07BFA00232360A38823F430
:1065D000FF7323F00103A38010BD1846FCE72DE9EB
:1065E000FF41984600230C46016805461746039371
:1065F000A9BB4FF4A872083000F0ADFCB8F1000F51
:1066000020463B4614BF4FF480624FF4006203A95A
:10661000F5F7D8FB044620BB039E384631882A1D77
:10662000F5F77CFC0446E0B96B79314668F300036A
:106630006B7100972846D6E90923B8F1000F0BD0FB
:10664000F6F7F8F8044660B90398F6F7BDF8044683
:10665000204604B0BDE8F081F6F70CF9F2E76FF0E0
:1066600088042846FFF7AAFF0398F6F7ADF8EFE78E
:106670000123FFF7B4BF38B50468054664B112B909
:106680000024204638BD00F005FA04460028F7D063
:106690002846FFF793FFF4E76FF08804F1E72DE950
:1066A000F0411746026805460E46984682B1427987
:1066B000D2070DD502795AB1BA4216D800F0F3F9D3
:1066C000044638B9A6B92846BDE8F041FFF776BFC1
:1066D0006FF088040023C8F800702B7146B9284673
:1066E000FFF76CFF2046BDE8F0816FF08904F1E709
:1066F00021463A463046D8F80030FFF7EEFD2846EE
:10670000FFF75CFF002C08BF0446EBE71FB5012430
:106710000394089C0294079C0194069C0094FFF744
:10672000E6FD04B010BD2DE9F04705469A4600236A
:1067300088B0079325F0004323F47F03B3F1106F73
:106740000846DDE910961746DDF848801CD12B4637
:106750004FF4804207A9F5F735FB0446B0B9CDE9FF
:106760000368CDE901A9079800972B46D0E90912E3
:1067700000F0ADF9044648B90798F6F725F8044645
:10678000204608B0BDE8F0876FF0860431464846E1
:10679000F5F7A6FD0798C8F80060F6F715F8EFE7DB
:1067A00003461B88084603F4E043B3F5805F1146B7
:1067B00002D0B3F5005F01D1F5F792BD6FF085000F
:1067C00070477FB5002203880A60CDE90122428824
:1067D00006460D46002A69D0028802F4E042B2F56E
:1067E000804F63D023F0FF03B3F5E24F02D0B3F53F
:1067F000824F04D13046FFF714FD0446D8B9304625
:1068000002AA01A9F5F7FAFB0446002843D1019B2F
:106810009B6A9BB10199304601F12803D1E9091225
:1068200000F087F80446002839D129460198F5F789
:106830004BFB044678BB204604B070BD73681B0A4E
:1068400022D13088718800F4E043B3F5805F15D021
:10685000B3F5005F12D020F0FF03B3F5E24F22D171
:10686000C0B242280ED10831C9080391039901989A
:10687000FFF7B6FD04460028CCD00CE0FFF781FD01
:10688000044640B90731EFE7304603A900F04CF861
:1068900004460028EAD00198F5F712FCCBE70198EE
:1068A000FFF7D3FDF7E76FF08504F4E76FF0860498
:1068B000C1E71C22002100F04EBB03466FF04042AE
:1068C0000846591E914207D338B103F14043934221
:1068D0008CBF00200120704701207047034668B13B
:1068E000017F8A1E012A0BD80329026A03D1012ADB
:1068F00001D1FFF7B5BD1AB1013A1A620020704705
:106900006FF09600704700207047C0B2002814BF97
:106910006FF085000020704700207047704700220C
:106920006FF086001A60704700236FF086000B60DE
:1069300070472DE9F041476804463F0A0D46164668
:10694000984611D107887F0407D44346324629462A
:106950002046BDE8F041FFF723BF00F0F4F810F146
:10696000860FF2D0BDE8F0816FF08600FAE72DE9DE
:10697000F04F476885B03F0A0446DDE90E9A0D46A0
:1069800016469846DDF840B015D1CDE901ABCDF8FB
:10699000009000F0CAF810F1860F0ED1434632463F
:1069A00029462046CDE90FABCDF8389005B0BDE8BB
:1069B000F04FFFF728BD6FF0860005B0BDE8F08FFF
:1069C00010B44468240A02D110BCFFF766BD6FF012
:1069D000860010BC70472DE9F34747680446DDE99F
:1069E0000A9A3F0A0D461646984611D1CDE9009AFB
:1069F00000F08DF810F1860F0CD14346324629463F
:106A00002046CDE90A9A02B0BDE8F047FFF779BD0C
:106A10006FF0860002B0BDE8F08710B44468240A25
:106A200002D110BCF6F720B86FF0860010BC70479A
:106A300013B504464868000A0AD10498009004F18E
:106A40000800F5F7BFFF08B91C23236002B010BD92
:106A50006FF08600FAE710B404681C2C03D110BC58
:106A60000830F5F7DBBF6FF0860010BC704738B513
:106A700003681C2B0CD100F10804204600F06AF9D1
:106A80004FF4907105462046F5F70AF8284638BDC0
:106A90000025FBE703681C2B02D1083000F035B954
:106AA0006FF08600704710B404681C2C03D110BC32
:106AB000083000F033B96FF0860010BC70470368EF
:106AC0001C2B02D1083000F035B90020704710B4FB
:106AD0004468240A02D110BC00F044B96FF086006B
:106AE00010BC70470020704713B5002001AB14465E
:106AF000F6F778FD30B9019BA34218BF6FF0930001
:106B000002B010BD6FF09200FAE70020704710B499
:106B1000048804F44F44B4F5824F02D110BC00F055
:106B200046B96FF0850010BC704710B4048804F4B7
:106B30004F44B4F5824F02D110BC00F068B96FF039
:106B4000850010BC704710B4048824F0FF04B4F52D
:106B5000E24F02D110BC00F0ADB96FF0850010BC5F
:106B60007047024612F8103BDB0903EBC303C3EB8B
:106B7000031312F8011D83EA4103904213704FEA98
:106B80001323F6D170472DE9FF4705468846144682
:106B900022B3D0F8486100F5947786B94FF0100918
:106BA000A0440DF10C0A102CA8EB040237D82346A0
:106BB0003946384600F0EEF8C5F848410EE0C6F117
:106BC00010094A450FD8B91913460846424600F045
:106BD000E1F8D5F848312344C5F84831002630465D
:106BE00004B0BDE8F087B9F1000F08D0B9194246EA
:106BF0004B46084600F0CEF8103EC84434441022FC
:106C000003AB019339463B4628460092FFF723FF2A
:106C100006460028C2D02846FFF729FFDFE71023E9
:106C20003946384600F0B6F83B4610223946284629
:106C3000CDE9009AFFF70FFF06460028EBD1103C84
:106C4000B1E72DE9F0439846D0F848311746102BAC
:106C50000446894685B000F59C7200F594751CD1F8
:106C60002946284600F096F8102203AB01932946E6
:106C70002B4620460092FFF7EEFE064630B93A4614
:106C80002946484600F040F9C8F800702046FFF752
:106C9000EEFE304605B0BDE8F083C618104696F803
:106CA000283183F0800386F82831FFF75AFF10233C
:106CB0000246D5E7F0B504460E461746D5B04FF468
:106CC000A672002101A81D4600F045F921463B4669
:106CD000324601A8F5F7EEFD044680B929465A9AD6
:106CE00001A8FFF750FF044648B9DDE95C235B9932
:106CF00001A8FFF7A6FF0446204655B0F0BD01A845
:106D0000FFF7B5FEF8E7F5F7FBBD90F84C31022B25
:106D100001D1FFF738BF6FF08800704710B490F8CA
:106D20004C41022C02D110BCFFF78BBF6FF08800E2
:106D300010BC704710B590F84C310446022B07D1B7
:106D4000FFF795FE4FF4A8720021204600F003F9EA
:106D5000002010BD08B54FF49072002100F0FBF840
:106D6000002008BD10B4048804F44F44B4F5824FE9
:106D700002D110BCF5F7B0BE6FF0850010BC7047B3
:106D800003460144002013F8012B8B4240EA020025
:106D9000F9D1704730B50B4411F8014B12F8015B83
:106DA000994284EA050400F8014BF5D130BDF8B5ED
:106DB00005466F882D881846DDE9063605F4E04C57
:106DC000BCF5804F144606D19A421DD800F09CF8BD
:106DD00034600020F8BD47F21212954202D06FF0E5
:106DE0008500F7E7640001349C420DD80423B7F511
:106DF000807F34600370F2D10130F5F7EBFF00289B
:106E0000E7D06FF08600E5E76FF08900E2E72DE953
:106E1000F0410E4644F212111F46038815468B427C
:106E2000DDF8208042882ED047F212118B423BD1F0
:106E300002B9EA00B2F5807F36D1202D03D06FF081
:106E40008600BDE8F08129463046FFF799FF00280B
:106E5000F5D03046F5F7AAFF0028F0D1D8F8004069
:106E600034F48074EBD1069B9D4220D82A463146EB
:106E7000384600F049F8079B20461D604FF48073A8
:106E8000C8F80030DDE71AB9EB07D8D56A08D20098
:106E9000B2F5807F08D1412DD1D13378042BCED1EA
:106EA000701CF5F78DFFD7E76FF08500C9E76FF02D
:106EB0008900C6E7F8B51E4647F212130D4647880B
:106EC0000188FC1D99424FEAD40402D06FF085007E
:106ED000F8BD944215D821462846F5F701FA002856
:106EE000F6D121462846FFF74BFF0028F3D0B7F52F
:106EF000807FEBD12846F5F759FF0028EBD13460AD
:106F0000E6E76FF08900E3E70A44431E914200D1AF
:106F1000704710B511F8014B914203F8014FF9D1B8
:106F200010BD884210B501EB020402D98442234609
:106F300007D8431EA14208D011F8012B03F8012FF6
:106F4000F8E7024401468A4200D110BD13F8014D12
:106F500002F8014DF7E702440346934200D170471F
:106F600003F8011BF9E70139024410B5904201D141
:106F7000002005E0037811F8014FA34201D0181B4F
:106F800010BD0130F2E710B56AB10139841810F86C
:106F9000012B11F8013F9A4203D1A04201D0002AEF
:106FA000F5D1D01A10BD1046FCE710B501390446E2
:106FB00032B111F8013F013A00F8013B002BF7D143
:106FC0000021FFF7C8FF204610BD0246014410B55E
:106FD0008A42134603D01C780132002CF8D1181ACB
:106FE00010BDF0B5C3F13707044603F01F03104688
:106FF000FFB2082BE6B232D0102B3DD06508A408B2
:1070000045EAC17544EA81748A082D1942EB5102A0
:10701000290941EA02716D1842EB1212290A41EA6C
:1070200002616D1842EB1222290C41EA02416D18EF
:1070300042EB1242AD1842F10002EC0844EA4274FD
:10704000D10804EB8402A6EB4205EDB2092D0CD960
:107050000134A5F10A0541F10001EDB212E0E408A6
:1070600006F0070544EA4174C908303554EA0102C4
:1070700000F8015BBDD1F0BD240906F00F0544EA1C
:1070800001740909092D84BFED19EDB2EDE7D1E9CD
:10709000043293421EBF5A1C0A61187070470000E8
:0C70A000014800687047000088260020AE
:0870AC00709EFD7F0100000051
:1070B4008587000000000000E95200000000000085
:1070C400000000008C7102009B5D020000000000C3
:1070D400A97C010000000000A17D01000000000067
:1070E40000000000C471020000000000A87102004A
:1070F400254F02000000000000000000E0710200C3
:1071040000000000FC7102004D2901000000000095
:10711400A54501000000000099580000000000008F
:10712400257D00000000000000000000187202002D
:10713400294F020000000000ED880100000000005B
:1071440000000000347202000000000050720200CF
:10715400000000006C72020000000000887202004F
:10716400158C000000000000FD4E0200000000002D
:10717400074F0200000000007D90000000000000A6
:08718400FD6A0000000000009C
:10718C00E1D40200F47F020074750200940A00201E
:10719C00582900202D2601000000000077D802009D
:1071AC00A8800200307502009C0A00202C2A0020C6
:1071BC00653601000000000083D80200BC8002008C
:1071CC00307502009E0A0020382A00206536010026
:1071DC000000000074D502000000000024800200B2
:1071EC00960A002000000000A347020000000000E7
:1071FC002DDA0200D080020090750200A20A002055
:10720C0098090020013B0100000000006BD902002E
:10721C009009002054750200A00A0020442A002086
:10722C00A1360100000000003AD7020034800200B1
:10723C0018750200980A002054090020292B01001F
:10724C0000000000E4D3020070060020D079020098
:10725C00900A0020A00F002019200200000000005E
:10726C00DDD302000000000068750200920A0020C5
:10727C00100900200000000000000000AAD7020046
:10728C0000000000007502009A0A002000000000B7
:08729C001D310100000000009B
:1072A40000000000BF27020000000000BF2702000A
:1072B40000000000BF27020000000000BF270200FA
:1072C40000000000BF270200E94F02003B4F02000C
:1072D40000000000BF27020000000000BF270200DA
:1072E400FC710200993E010000000000BF2702006B
:1072F40000000000BF27020000000000BF270200BA
:1073040000000000BF2702004C0700206D4A020065
:1073140000000000BF27020000000000BF27020099
:1073240000000000BF27020000000000BF27020089
:1073340000000000BF27020000000000BF27020079
:1073440000000000BF270200000000009D43010070
:1073540000000000BF27020000000000BF27020059
:1073640000000000BF27020000000000BF27020049
:1073740000000000BF27020000000000BF27020039
:1073840000000000BF27020000000000BF27020029
:1073940000000000BF27020000000000BF27020019
:1073A40000000000BF27020000000000BF27020009
:1073B40000000000BF27020000000000BF270200F9
:1073C40000000000BF27020000000000BF270200E9
:1073D40000000000BF27020000000000BF270200D9
:1073E40000000000BF27020000000000BF270200C9
:1073F400596201003B4F0200256C01003B4F020023
:1074040000000000BF27020000000000BF270200A8
:1074140000000000BF27020000000000BF27020098
:1074240000000000BF27020000000000BF27020088
:1074340000000000BF27020000000000BF27020078
:1074440000000000BF27020000000000BF27020068
:1074540000000000BF27020000000000BF27020058
:1074640000000000BF27020000000000BF27020048
:1074740000000000BF27020000000000BF27020038
:1074840000000000BF27020000000000BF27020028
:1074940000000000BF27020000000000BF27020018
:1074A40000000000BF27020000000000BF27020008
:1074B40000000000BF27020000000000BF270200F8
:0874C40000000000BF270200D8
:1074D000580E0020005F002000040000691E00001C
:1074E0000000000000000000000000000700000095
:1074F00000000000A28E020000000000000000005A
:10750000F7490200D131010045310100F13001009D
:10751000C3490200E1300100812D0100A52E0100C8
:10752000B52F0100512A01009D480200412A0100A7
:1075300061340100254A0200314A0200454A020036
:107540004F4A0200594A02005533010059320100E6
:047550000000000037
:10755400D1370100714A02008D4A0200914A0200AB
:047564003D370100AE
:0C756800C9230100452401006D21010031
:10757400912601009D4702005D47020000000000C3
:0C7584004D250100000000000000000088
:10759000874B02005D4201009D4E0200013D01004B
:1075A000334B0200374C02009D4B02002D3C010082
:0475B000BB4A0200D0
:1075B4000500000051CE000006000000850B01000C
:0875C4000400000001E10000D9
:1075CC00B51B0000C91A0000351F000000000000A8
:1075DC0000000000000000005D1900000000000029
:1075EC00000000000000000000000000000000008F
:1075FC000000000075F90000000000000000000011
:10760C001C7E020008000000BC7E02000700000087
:08761C00F07A020006000000F4
:1076240085B50200030000003CC502000300000011
:107634006FA702000300000003BF02000300000064
:10764400D3D002000300000076A70200030000006C
:1076540063B802000300000089CA020003000000AE
:107664001CB2020003000000F4D302000300000077
:107674006BD4020003000000D5B602000300000032
:107684002CB5020003000000BBD002000300000080
:10769400CAC1020003000000F999020003000000BF
:1076A40018A50200030000003BA60200030000002E
:1076B400DFCE02000300000000920200030000007D
:1076C4000DD5020003000000A2E002000300000048
:1076D4005EA5020003000000C1D702000300000001
:1076E4004195020003000000CD9502000300000054
:1076F4009A960200030000009E9602000300000018
:10770400879802000300000076D9020003000000FD
:1077140080A0020003000000FCA20200030000009D
:1077240097A302000300000078E9020003000000B0
:10773400CA8E02000300000047D7020003000000C5
:107744003EA6020003000000D0A3020003000000D4
:107754001B9302000300000037DA0200030000005C
:10776400907A0200A0060020769802000100000032
:1077740038A602000000000000000000E5880000B8
:10778400758B000000000000EAC802000100000040
:1077940000000000973B0200000000000000000011
:1077A4007DCA0200010000000000000011F2000088
:1077B400000000000000000075CA02000100000083
:1077C4000000000009E90000FDF7000000000000CF
:1077D400B3D002000100000000000000291C0100D9
:1077E400051A01000000000083CA02000100000025
:1077F4000000000061EE000091ED000000000000B8
:107810000000000003000000A0000000F0000000D5
:1078200000000000596E01000600000003B10200D4
:1078300008B102000CB1020010B1020014B1020044
:1078400018B102001CB1020020B1020024B10200F4
:1078500028B102002CB1020030B1020034B10200A4
:1078600038B102003CB1020040B1020044B1020054
:1078700048B10200FF000000FF000000FF00000010
:10788000FF000000FF000000FF000000FF000000FC
:10789000FF000000FF000000FF000000FF000000EC
:1078A000FF000000000200000002000000000000D5
:1078B00001030062746C650000000000000000001D
:1078C00000000000000000000000000000000000B8
:1078D00000000000000000000000000000000000A8
:1078E0000000000000010000000000000000000097
:1078F0000338FDD8704700000100000000000000C0
:1079000082800000000000008A80000000000080EB
:1079100000800080000000808B80000000000000DC
:1079200001000080000000008180008000000080D5
:1079300009800000000000808A00000000000000B4
:1079400088000000000000000980008000000000A6
:107950000A000080000000008B8000800000000012
:107960008B00000000000080898000000000008083
:107970000380000000000080028000000000008002
:1079800080000000000000800A800000000000006D
:107990000A000080000000808180008000000080DC
:1079A00080800000000000800100008000000000D6
:1079B000088000800000008007100000680A002096
:1079C00001010000780A002009130000B68E0200B1
:1079D00069530000D120020049550000000000005A
:1079E0009555000081560000AF1E0200231F0200C3
:1079F000B71E0200E91E0200D31E0200BD1E0200D7
:107A0000000000000000000001220200F32102003B
:107A1000FD210200F1210200000000000000000032
:107A20000000000000000000E1210200A01300207F
:107A300000010000BD2202008322020002000000BB
:107A400037240200000000000000000000000000D9
:107A500000000000FE9702000698020000000000EF
:107A600000000000000000000E98020012980200C2
:107A7000169802001A980200807A0200DC2000208A
:107A80003D650000FC200020A35B002001000000F9
:107A9000E9240200DF240200AD2402006165000039
:107AA00000000000A124020000000000040000000B
:107AB00000000000000000000000010088720200C9
:107AC0000100000000000100004007008872020071
:107AD0000200000000400800004007008872020019
:107AE0000300000000800F00008000008872020088
:107AF00060840200473D020000000000E899020097
:107B0000000001005C840200CF3E02000000000083
:107B1000E806002000000100C699020000000000F5
:107B20000000000000000000000001005884020076
:107B3000193D020009F00000D006002000000300FB
:107B400054840200CF3E020000000000C80600205E
:107B500000000100A499020000000000356B000045
:107B60000000000000000300000000009727020052
:107B70002007002018070020100700200000000048
:107B800008070020FD6C0000CD6B0000216C000098
:107B9000956C0000C00400200000000006000100F9
:107BA00002000000A87B0200000000002DA20200DD
:107BB00002000000E0FF0F000000002035A20200DC
:107BC00021000000E0FF062028070020497E000079
:107BD00000000000A72802009D8600002B2902005B
:107BE00000000000CC7B0200F47B02004700000094
:107BF0000000000060D70120CC7B0200087C02005E
:107C0000000100000000000018DB0120CC7B020016
:107C10001C7C02002E000000000000004CE7012048
:107C2000CC7B0200307C020002010000000000005A
:107C300020E801204CB102006AB1020085B10200C7
:107C400095B10200A2B10200ABB10200B2B10200D4
:107C5000B9B10200C0B10200C8B10200A2B1020075
:107C6000D0B10200E2B10200F7B102000AB2020094
:107C70000E03000019A500000F040000E5A4000099
:107C80001A010000118F000005040000298F000078
:107C900013010000C59700003E010000059300009D
:107CA00001120000072C02000A1E0000D92B02005E
:107CB000FF010000799400003E010000599400008B
:107CC00005040000758F000008040000259A0000DC
:107CD000300300009D990000100100001D9000007D
:107CE00001120000EDA100000A1E0000C52C0200D8
:107CF0000309000025960000040B000035910000E8
:107D0000060A000021A40000070A0000ED8F000011
:107D10000C050000B98F0000050C00005DA30000F9
:107D2000CC7B0200307D0200470000000000000014
:107D30003CE9012082BE02008FBE0200AFBE0200FD
:107D4000A3BE0200BABE0200D1BE0200E1BE020024
:107D500008C40200F5BE0200CC7B0200687D020070
:107D6000000000000000000010EE0120CC7B0200AB
:107D70007C7D0200000100000000000038EE0120C0
:107D8000ED3102002D320200000000000000000072
:107D90000000000059D200000000000000000000B8
:107DA000000000000000000002020100AD390200E6
:107DB0000404010095E0000006060100D5DF000084
:107DC00008040100C1DE00000A020100953902002A
:107DD0000C0401007D3902000E04010095DD000055
:107DE00020040100F9DC00001004010009DC00009F
:107DF000120201004D3802001E000400F53A020094
:107E00005202000073380200CC7B0200187E020090
:107E10000201000000000000B0F101209084020087
:107E2000473D0200000000008C84020000000100B9
:107E300088840200CF3E020000000000B408002049
:107E4000000001008084020000000000000000002B
:107E500000000000000000007C840200193D0200C8
:107E600009F00000BC080020000003007884020034
:107E7000CF3E020000000000AC080020000001001E
:107E8000708402007F3D02002DF100000000000020
:107E9000000003006C840200CF3E020000000000DE
:107EA000A4080020000001006484020011F7000013
:107EB000000000000000000000000100BC8402007F
:107EC000473D020000000000B884020000000100ED
:107ED000B4840200CF3E020000000000E40800204D
:107EE00000000100AC840200AF3D02000000000071
:107EF0000000000000000100A8840200CF3E020044
:107F000000000000DC08002000000100A084020046
:107F1000D93D020000000000000000000000010048
:107F20009C840200CF3E020000000000D408002024
:107F3000000001009484020005ED00000000000034
:107F40000000000000000100110B01007745020055
:107F50002D1601000000000000000000C512010005
:107F60000000000000000000000000000000000011
:107F70000000000000000000890C01000600000065
:107F8000F342020006000000790801001000000022
:107F9000ED04010010000000CD15010001000000FB
:107FA0004941020010000000EF4202000A000000F8
:107FB000A50B010010000000A9130100070000003C
:107FC000F742020010000000F7410200010000002B
:107FD0004D0A010040000000934202001000000022
:107FE0000F42020001000000DD240100052601000F
:107FF000000000009527010019250100ECD40200C3
:108000009947020095470200F2D402007D47020022
:1080100089470200F8D40200774702008347020034
:1080200002D502009D2901000000000004000000AC
:1080300000FF000000000000000000000000000041
:108040000000000000000000000000000000000030
:10805000040300000000000BF40100000001010017
:1080600000008000C22817006C80020000B002509F
:1080700078800200010000008080020006000000FD
:108080001118001D0D18001F0E1800200F180021D8
:10809000101800221218001E000800000010000036
:1080A0000400000000FF0000FFFF000000288450D3
:1080B0004C0700200000000001000000FFFFFFFF50
:1080C000002584504C070020000000000000000044
:1080D000008000500300000000000000FC8002004F
:1080E0000000D6010000000000000000F35C00204A
:1080F000EE5C0020ED5C0020EC5C00200080005075
:10810000088102000100000010810200040000004C
:1081100014000000130000021606000115060003FB
:10812000C47102001C000100C47102001D000100A6
:10813000C47102001E000100C47102001F00010092
:10814000C471020017001100C47102001800110070
:10815000C471020008001100C4710200090011007E
:1081600008000000030000000800000003000000F9
:10817000EBE50200FEE5020011E6020024E6020043
:1081800037E602004AE602005DE6020070E6020001
:10819000C3E80200D1E80200E5E80200F4E80200CA
:1081A00000E90200B4700200BC7002001471020009
:1081B0001C710200847102008C71020079EC0200D3
:1081C0000001000088130000512563FCC2CAB9F306
:1081D000849E17A7ADFAE6BCFFFFFFFFFFFFFFFF7E
:1081E00000000000FFFFFFFFAAAAAAAAAAAAAAAA43
:1081F000AAAAAAAA555555555555555555555555DB
:108200000000000055555555522563FCC2CAB9F30C
:10821000849E17A7ADFAE6BCFFFFFFFFFFFFFFFF3D
:1082200000000000FFFFFFFF512563FCC2CAB9F345
:10823000849E17A7ADFAE6BCFFFFFFFFFFFFFFFF1D
:1082400000000000FFFFFFFF96C298D84539A1F457
:10825000A033EB2D817D0377F240A463E5E6BCF803
:1082600047422CE1F2D1176BF551BF376840B6CBCE
:10827000CE5E316B5733CE2B169E0F7C4AEBE78ECA
:108280009B7F1AFEE242E34F4B60D2273E3CCE3B3F
:10829000F6B053CCB0061D65BC86987655BDEBB3E1
:1082A000E7933AAAD835C65AFCFFFFFFFFFFFFFF4E
:1082B000FFFFFFFF000000000000000000000000C2
:1082C00001000000FFFFFFFFFF8FFFFFFF8FFFFF99
:1082D000FE8FFFFFFE8FFFFFFD8FFFFFFC8FFFFF75
:1082E000FC8FFFFFFB8FFFFF6D757465785F667213
:1082F00065652063616C6C65642077697468204EE5
:10830000554C4C20706172616D657465720000009F
:1083100043616E277420696E697469616C697A655E
:10832000206D757465782C20776173204E554C4C08
:108330000D0A00004661696C20746F2061637175DD
:10834000697265206D757465780A00004661696C14
:1083500020746F20696E63726561736520504D20D3
:10836000636F756E7465720A000000004661696C87
:1083700020746F20646563726561736520504D20C1
:10838000636F756E7465720A000000004661696C67
:1083900020746F2072656C65617365206D757465FE
:1083A000780A0000436F756C64206E6F74206C6FE8
:1083B000636B20706F7765722073617665206D75D1
:1083C000746578004661696C20746F20756E6C6FFF
:1083D000636B206D757465780A0000006374782003
:1083E00063616E6E6F74206265204E554C4C0000C8
:1083F0000A637478206973204E554C4C0A000000C3
:1084000067E6096A85AE67BB72F36E3C3AF54FA525
:108410007F520E518C68059BABD9831F19CDE05B51
:10842000D89E05C107D57C3617DD703039590EF757
:10843000310BC0FF11155868A78FF964A44FFABE1D
:108440000123456789ABCDEFFEDCBA987654321034
:10845000F0E1D2C300000328000002290000032835
:108460000000002800002A2B00002A2B000003280F
:108470000000292B0000292B0000032800000229FE
:108480000000052A0000052A00000328000001184A
:10849000000000280000042A0000042A000003282D
:1084A0000000012A0000012A000003280000002A21
:1084B0000000002A00000328000000180000002827
:1084C0004164766572746973696E67206661696C70
:1084D000656420746F2073746172742028657272F1
:1084E00020256429004164766572746973696E673A
:1084F000207375636365737366756C6C7920737430
:108500006172746564004E6F742061626C652074E2
:108510006F20616C6C6F636174652055415254200B
:108520007265636569766520627566666572005777
:108530004553545F544F504449522F7A65706879BF
:10854000722F696E636C7564652F7A6570687972D5
:108550002F647269766572732F6770696F2E680079
:10856000286366672D3E706F72745F70696E5F6D11
:1085700061736B202620286770696F5F706F72745B
:108580005F70696E735F74292831554C203C3C2024
:108590002870696E29292920213D2030550041533A
:1085A00053455254494F4E204641494C205B257358
:1085B0005D20402025733A25640A0009556E7375C5
:1085C00070706F727465642070696E0A00707562F5
:1085D0006C69630072616E646F6D007075626C69C6
:1085E000632D69640072616E646F6D2D696400258E
:1085F0003032583A253032583A253032583A253000
:1086000032583A253032583A2530325820282573CE
:1086100029005365637572697479206368616E67B8
:1086200065643A202573206C6576656C202575009D
:108630005365637572697479206661696C65643A23
:10864000202573206C6576656C2025752065727217
:108650002025642025730050616972696E67206669
:1086600061696C656420636F6E6E3A2025732C20FF
:10867000726561736F6E20256420257300506169F7
:1086800072696E6720636F6D706C657465643A2003
:1086900025732C20626F6E6465643A202564005057
:1086A0006173736B657920666F722025733A20259C
:1086B00030367500446973636F6E6E65637465640C
:1086C0003A2025732C20726561736F6E20307825F7
:1086D00030327820257300507265737320427574B0
:1086E000746F6E203120746F20636F6E6669726DD7
:1086F0002C20427574746F6E203220746F20726566
:108700006A6563742E00436F6E6E656374696F6E85
:10871000206661696C65642C206572722030782552
:1087200030327820257300436F6E6E656374656424
:108730002025730050616972696E672063616E6302
:10874000656C6C65643A202573004661696C6564EC
:1087500020746F2073656E642064617461206F768D
:1087600065722055415254004661696C65642074FD
:108770006F2073656E642064617461206F7665722A
:1087800020424C4520636F6E6E656374696F6E00A6
:10879000436F6E6E656374696F6E206F626A6563A6
:1087A0007420617661696C61626C652066726F6DC0
:1087B0002070726576696F757320636F6E6E2E2000
:1087C000446973636F6E6E65637420697320636FB1
:1087D0006D706C65746521004E756D6572696320FE
:1087E0004D617463682C20636F6E6E202570004E9F
:1087F000756D657269632052656A6563742C2063C8
:108800006F6E6E202570006B65792067656E6572EE
:108810006174696F6E204641494C45442C20726555
:10882000743D2564006B65792067656E65726174BF
:10883000696F6E2053554343455353004B65792070
:1088400067656E65726174696F6E2074696D653AF3
:1088500020256C6C64206D73007369676E696E67A8
:108860002053554343455353005369676E696E6700
:108870002074696D653A20256C6C64206D7300531B
:1088800069676E61747572652073697A653A20252F
:1088900064206279746573007369676E696E67201E
:1088A0004641494C45442C207265743D2564004E78
:1088B0006F20424C4520636F6E6E656374696F6E06
:1088C00020617661696C61626C65005075626C69EB
:1088D00063206B6579207472616E736D697373695F
:1088E0006F6E206661696C6564206174206F6666D6
:1088F0007365742025642C207265743D25640050D6
:1089000075626C6963206B6579207472616E736D3A
:10891000697373696F6E2053554343455353005336
:1089200054415254003D3D3D3D3D3D3D3D3D3D3D6D
:108930003D3D3D3D3D3D3D3D3D3D3D3D3D3D3D3D67
:108940003D3D3D3D3D3D3D3D3D3D3D3D3D3D3D3D57
:108950003D3D3D3D3D3D3D3D00526563656976656C
:1089600064205354415254207472696767657220C1
:10897000E2809420626567696E6E696E672050516F
:1089800043206B657967656E2F7369676E006D6C48
:108990006473615F6B657967656E00504B5F41433F
:1089A0004B20726563656976656420E2809420548B
:1089B0006F74616C207075626C6963206B657920DF
:1089C00073656E642074696D653A20256C6C642053
:1089D0006D73005369676E6174757265207472619E
:1089E0006E736D697373696F6E206661696C65641F
:1089F000206174206F66667365742025642C207274
:108A000065743D25640054696D656F7574207761E8
:108A10006974696E6720666F7220424C4520545815
:108A200020636F6D706C657465005369676E617467
:108A3000757265207472616E736D697373696F6EA0
:108A40002053554343455353005349475F41434BDC
:108A500020726563656976656420E2809420546FB6
:108A600074616C207369676E6174757265207365DB
:108A70006E642074696D653A20256C6C64206D739A
:108A8000004D657373616765207472616E736D6903
:108A90007373696F6E206661696C65642061742010
:108AA0006F66667365742025642C207265743D259D
:108AB00064004D657373616765207472616E736DD8
:108AC000697373696F6E2053554343455353004D8B
:108AD00053475F41434B2072656365697665642047
:108AE000E2809420546F74616C206D6573736167CC
:108AF000652073656E642074696D653A20256C6C21
:108B000064206D73004E6F742061626C6520746F19
:108B100020616C6C6F636174652055415254207301
:108B2000656E6420646174612062756666657200BA
:108B30004750494F3020646576696365206973202A
:108B40006E6F74207265616479004750494F31201F
:108B5000646576696365206973206E6F7420726541
:108B6000616479004661696C656420746F20636F8D
:108B70006E6669677572652050302E323520286B1D
:108B8000657967656E2074726967676572292C2044
:108B90006572723D2564004661696C656420746F7E
:108BA00020636F6E6669677572652050302E3236AD
:108BB00020287369676E696E6720747269676765DC
:108BC00072292C206572723D2564004661696C65CE
:108BD0006420746F20636F6E6669677572652050DC
:108BE000312E303420287075626C69632D6B657985
:108BF0002074726967676572292C206572723D2541
:108C000064004661696C656420746F20636F6E66F2
:108C100069677572652050312E3035202873696779
:108C20006E61747572652074726967676572292C4C
:108C3000206572723D2564004661696C656420742C
:108C40006F20636F6E6669677572652050312E30D4
:108C50003620286D65737361676520747269676774
:108C60006572292C206572723D25640050504B328C
:108C70002074726967676572204750494F7320639B
:108C80006F6E666967757265643A00202050302EF9
:108C90003235203D206B65792067656E65726174A1
:108CA000696F6E00202050302E3236203D207369CF
:108CB000676E696E6700202050312E3034203D20D1
:108CC0007075626C6963206B65792073656E6420D2
:108CD0002D3E20504B5F41434B00202050312E3021
:108CE00035203D207369676E617475726520736508
:108CF0006E64202D3E205349475F41434B002020A6
:108D000050312E3036203D206D65737361676520CC
:108D100073656E64202D3E204D53475F41434B00E9
:108D200043616E6E6F7420696E697420627574742D
:108D30006F6E7320286572723A20256429004361A2
:108D40006E6E6F7420696E6974204C4544732028E0
:108D50006572723A202564290043616E6E6F74203B
:108D6000696E697469616C697A6520554152542055
:108D700063616C6C6261636B005374617274696EE1
:108D800067204E6F726469632055415254207365A9
:108D900072766963652073616D706C650D0A0043BE
:108DA000616E6E6F7420646973706C617920776591
:108DB0006C636F6D65206D657373616765202865F1
:108DC00072723A202564290043616E6E6F742065CB
:108DD0006E61626C65207561727420726563657086
:108DE00074696F6E20286572723A202564290046E6
:108DF00061696C656420746F20726567697374655E
:108E00007220617574686F72697A6174696F6E201F
:108E100063616C6C6261636B732E20286572723AB9
:108E200020256429004661696C656420746F207296
:108E30006567697374657220617574686F72697AA9
:108E40006174696F6E20696E666F2063616C6C621D
:108E500061636B732E20286572723A2025642900A5
:108E6000426C7565746F6F746820696E69746961AE
:108E70006C697A6564004661696C656420746F2072
:108E8000696E697469616C697A6520554152542034
:108E90007365727669636520286572723A2025646D
:108EA0002900626C655F77726974655F74687265CA
:108EB00061645F6964004E6F726469635F5541521B
:108EC000545F536572766963650070657269706896
:108ED0006572616C5F7561727400574553545F54DD
:108EE0004F504449522F7A65706879722F6C6962CD
:108EF0002F686561702F686561702E630063687507
:108F00006E6B5F7573656428682C20632900097592
:108F10006E65787065637465642068656170207340
:108F2000746174652028646F75626C652D66726566
:108F3000653F2920666F72206D656D6F72792061C3
:108F4000742025700A006C6566745F6368756E6BCB
:108F500028682C2072696768745F6368756E6B2877
:108F6000682C20632929203D3D20630009636F722E
:108F7000727570746564206865617020626F756ECB
:108F800064732028627566666572206F7665726606
:108F90006C6F773F2920666F72206D656D6F7279F7
:108FA0002061742025700A0028616C69676E202694
:108FB0002028616C69676E202D20312929203D3DD4
:108FC00020300009616C69676E206D7573742062D2
:108FD00065206120706F776572206F6620320A000D
:108FE0006279746573203E20686561705F666F6F9B
:108FF0007465725F62797465732862797465732928
:109000000009686561702073697A6520697320744E
:109010006F6F20736D616C6C0A00686561705F73BF
:109020007A203E206368756E6B737A2873697A655F
:109030006F6628737472756374207A5F68656170F7
:109040002929006368756E6B305F73697A65202B20
:10905000206D696E5F6368756E6B5F73697A6528F2
:109060006829203C3D20686561705F737A00574530
:1090700053545F544F504449522F7A657068797247
:109080002F6C69622F6F732F63627072696E7466E2
:109090005F7061636B616765642E6300095374726E
:1090A000696E67207769746820746F6F206D616ED8
:1090B0007920617267756D656E74730A0009737447
:1090C000725F7074725F706F735B5D20746F6F207E
:1090D000736D616C6C0A0009756E657870656374F8
:1090E00065642073697A652025750A0009746F6FBD
:1090F000206D616E7920666F726D61742061726798
:10910000730A00696E5F7061636B6167656420213B
:109110003D202828766F6964202A29302900287587
:109120006E7369676E6564292063686172202A2006
:109130007573656420666F722025257020617267E3
:10914000756D656E742E2049742773207265636F88
:109150006D6D656E64656420746F20636173742047
:10916000697420746F20766F6964202A20626563B9
:1091700061757365206974206D6179206361757311
:1091800065206D69736265686176696F7220696ECA
:10919000206365727461696E20636F6E66696775BE
:1091A000726174696F6E732E20537472696E673AC0
:1091B0002225732220617267756D656E743A25648D
:1091C00000736370795F636E74203C2073697A6505
:1091D0006F66286370795F7374725F706F732900B4
:1091E0006B6565705F636E74203C2073697A656F90
:1091F00066286B6565705F7374725F706F732900AA
:1092000063627072696E74665F7061636B616765DB
:1092100000574553545F544F504449522F7A65705C
:109220006879722F696E636C7564652F7A657068F2
:1092300079722F6B65726E656C2E6800216B5F69A9
:10924000735F7072655F6B65726E656C28290009CB
:109250006B5F63757272656E745F676574206361BE
:109260006C6C6564207072652D6B65726E656C0A3E
:1092700000574553545F544F504449522F7A6570FC
:109280006879722F6C69622F6F732F6D7073635FD3
:10929000706275662E6300574553545F544F5044B7
:1092A00049522F7A65706879722F696E636C7564A4
:1092B000652F7A65706879722F7370696E6C6F6351
:1092C0006B2E68007A5F7370696E5F6C6F636B5FA3
:1092D00076616C6964286C290009496E76616C6955
:1092E00064207370696E6C6F636B2025700A007A5E
:1092F0005F7370696E5F756E6C6F636B5F76616CC8
:109300006964286C2900094E6F74206D7920737090
:10931000696E6C6F636B2025700A007379735F67E9
:1093200065746F707400574553545F544F504449EF
:10933000522F7A65706879722F6C69622F75746923
:109340006C732F6F6E6F66662E6300737461746545
:10935000203D3D20305500217379735F736C697334
:10936000745F69735F656D70747928266D67722DFF
:109370003E636C69656E747329007472616E736903
:109380007420213D202828766F6964202A293029FD
:10939000007374617465203D3D202831554C203C9C
:1093A0003C2028312929006D67722D3E7265667355
:1093B000203D3D2030007374617465203D3D2028C0
:1093C00031554C203C3C2028302929006D67722DF6
:1093D0003E72656673203E203000574553545F54FB
:1093E0004F504449522F7A65706879722F6C6962C8
:1093F0002F7574696C732F6E6F746966792E6300B4
:109400004E5653206E6F7420696E697469616C6981
:109410007A656400436F756C64206E6F74206F62B0
:109420007461696E20666C61736820706172616D31
:10943000657465727300556E737570706F727465C4
:109440006420777269746520626C6F636B20736946
:109450007A6500536563746F722073697A6520259D
:109460007520746F6F206C617267652C206D617858
:10947000696D756D20697320257A7500556E61627E
:109480006C6520746F206765742070616765206962
:109490006E666F00496E76616C69642073656374F3
:1094A0006F722073697A6500436F6E6669677572C3
:1094B0006174696F6E206572726F72202D20736502
:1094C00063746F7220636F756E740025642053653A
:1094D00063746F7273206F662025642062797465EF
:1094E0007300616C6C6F63207772613A2025642C85
:1094F0002025780064617461207772613A202564C8
:109500002C20257800474320446F6E65206D6172E2
:109510006B657220666F756E64004E6F2047432046
:10952000446F6E65206D61726B657220666F756E3B
:10953000643A2072657374617274696E6720676340
:109540000066735F6E767300496E76616C696420A5
:10955000696E7374616E636500496E76616C6964EF
:10956000206261636B656E6420636F6E6669677508
:10957000726174696F6E00496E76616C696420690E
:109580006E7374616E63652C20656E64706F696EB6
:1095900074206F7220636F6E66696775726174699B
:1095A0006F6E00496E76616C696420656E64706FE1
:1095B000696E7400456E64706F696E74206E6F74AE
:1095C00020726567697374657265640A0069706307
:1095D0005F73657276696365006C6F6767696E6754
:1095E00000574553545F544F504449522F7A657089
:1095F0006879722F7375627379732F6C6F676769FF
:109600006E672F6C6F675F636F72652E63006C6FA0
:10961000675F6261636B656E645F636F756E745FD5
:109620006765742829203C2028283332202F2033D6
:109630005529202D202831202B2030292900626136
:10964000636B656E64203C3D205F6C6F675F626199
:10965000636B656E645F6C6973745F656E6400094B
:10966000756E6578706563746564206C69737420C9
:10967000656E64206C6F636174696F6E0A006C6F55
:10968000675F6261636B656E645F636F756E745F65
:109690006765742829203E2030006C6F67006C6F6E
:1096A000675F6D676D74004D657373616765202832
:1096B00022257322292064726F70706564206265B0
:1096C000636175736520697420657863656564738B
:1096D0002073697A65206C696D69746174696F6E55
:1096E000202825752900574553545F544F5044494D
:1096F000522F7A65706879722F7375627379732F40
:109700006C6F6767696E672F6C6F675F6D73672E2D
:1097100063006C656E203E3D203000574553545F1A
:10972000544F504449522F7A65706879722F73757F
:10973000627379732F6C6F6767696E672F6C6F67E1
:109740005F6F75747075742E63006F75745F6374EA
:10975000782D3E636F6E74726F6C5F626C6F636BBB
:109760002D3E6F6666736574203C3D206F75745F97
:109770006374782D3E73697A65001B5B306D006CF5
:109780006576656C203C3D203400257320005B2508
:1097900030386C755D20005B253032753A253032EB
:1097A000753A253032752E253033752C25303375BA
:1097B0005D200025732F003C25733E200025733A61
:1097C0002000657272203E3D203000253032782026
:1097D000007C00256300206D6573736167657320ED
:1097E00064726F70706564202D2D2D0D0A1B5B3027
:1097F0006D001B5B313B33316D2D2D2D20001B5B2C
:10980000313B33316D001B5B313B33336D0065728F
:10981000720077726E00696E660064626700574579
:1098200053545F544F504449522F7A65706879728F
:109830002F7375627379732F6C6F6767696E672F0B
:109840006261636B656E64732F6C6F675F626163E7
:109850006B656E645F756172742E63006465766912
:1098600063655F69735F726561647928756172749D
:109870005F64657629006C6F675F6261636B656E1C
:10988000645F75617274006C6F675F7561727400FC
:10989000574553545F544F504449522F7A6570686E
:1098A00079722F7375627379732F73657474696E2F
:1098B00067732F7372632F73657474696E67732E89
:1098C00063006368203C3D205F73657474696E6754
:1098D000735F68616E646C65725F737461746963F1
:1098E0005F6C6973745F656E64007365742D766177
:1098F0006C7565206661696C7572652E206B657983
:109900003A202573206572726F7228256429002A17
:109910002A2A20426F6F74696E67204D792041704A
:10992000706C69636174696F6E2076332E332E33E9
:109930002D393965306433333865346265202A2A1D
:109940002A0A002A2A2A205573696E67206E524619
:1099500020436F6E6E6563742053444B2076332E24
:10996000332E332D663738656565353534343438F4
:10997000202A2A2A0A002A2A2A205573696E67207B
:109980005A6570687972204F532076342E332E3901
:10999000392D333765366332383537366565202AD9
:1099A0002A2A0A00029ECADC240EE5A9E093F3A34A
:1099B000B50200406E029ECADC240EE5A9E093F3D6
:1099C000A3B50200406E029ECADC240EE5A9E09316
:1099D000F3A3B50300406E029ECADC240EE5A9E0A5
:1099E00093F3A3B50300406E029ECADC240EE5A9E2
:1099F000E093F3A3B50100406E62745F6E7573006F
:109A00006D757465785F696E69742063616C6C65EF
:109A1000642077697468204E554C4C2070617261E7
:109A20006D6574657200436F756C64206E6F742091
:109A3000616C6C6F63617465206D7574657820620C
:109A400065666F726520696E697469616C697A69AF
:109A50006E670072302F61313A202030782530381F
:109A600078202072312F61323A202030782530382A
:109A700078202072322F61333A2020307825303818
:109A8000780072332F61343A2020307825303878CE
:109A9000207231322F69703A2020307825303878A2
:109AA000207231342F6C723A20203078253038788B
:109AB0000020787073723A20203078253038780092
:109AC0004661756C74696E6720696E737472756334
:109AD00074696F6E206164647265737320287231DB
:109AE000352F7063293A2030782530387800556E4C
:109AF00068616E646C6564204952516E3A20256439
:109B0000002A2A2A2A2A204D5055204641554C54D5
:109B1000202A2A2A2A2A002020537461636B696E46
:109B200067206572726F722028636F6E7465787437
:109B30002061726561206D69676874206265206EBE
:109B40006F742076616C696429002020556E7374EF
:109B500061636B696E67206572726F7200202044CA
:109B6000617461204163636573732056696F6C6132
:109B700074696F6E0020204D4D464152204164644F
:109B8000726573733A2030782578002020496E730F
:109B90007472756374696F6E2041636365737320BB
:109BA00056696F6C6174696F6E002020466C6F613E
:109BB00074696E672D706F696E74206C617A79209C
:109BC000737461746520707265736572766174690F
:109BD0006F6E206572726F7200574553545F544F19
:109BE000504449522F7A65706879722F61726368A8
:109BF0002F61726D2F636F72652F636F727465785A
:109C00005F6D2F6661756C742E63002128282853C0
:109C100043425F54797065202A29202828307845EE
:109C200030303045303030554C29202B20307830C2
:109C3000443030554C2920292D3E4346535220268E
:109C4000202831554C203C3C20283055202B2034F6
:109C5000552929290009537461636B696E67206F68
:109C60007220446174612041636365737320566997
:109C70006F6C6174696F6E206572726F72207769A4
:109C800074686F757420737461636B20677561729B
:109C9000642C20757365722D6D6F6465206F722062
:109CA0006E756C6C2D706F696E746572206465746E
:109CB000656374696F6E0A0A002A2A2A2A2A2055C7
:109CC00053414745204641554C54202A2A2A2A2AE6
:109CD0000020204469766973696F6E206279207A6A
:109CE00065726F002020556E616C69676E65642037
:109CF0006D656D6F727920616363657373002020F9
:109D0000537461636B206F766572666C6F77202881
:109D1000636F6E746578742061726561206E6F7414
:109D20002076616C6964290020204E6F20636F707B
:109D3000726F636573736F7220696E73747275638B
:109D400074696F6E73002020496C6C6567616C20CC
:109D50006C6F6164206F66204558435F52455455CF
:109D6000524E20696E746F205043002020496C6C65
:109D70006567616C20757365206F66207468652067
:109D800045505352002020417474656D70742074E6
:109D90006F206578656375746520756E64656669A6
:109DA0006E656420696E737472756374696F6E009A
:109DB0002A2A2A2A2A20425553204641554C54200B
:109DC0002A2A2A2A2A002020537461636B696E674D
:109DD000206572726F72002020507265636973652E
:109DE000206461746120627573206572726F720005
:109DF00020204246415220416464726573733A20C8
:109E000030782578002020496D707265636973652C
:109E1000206461746120627573206572726F7200D4
:109E20002020496E737472756374696F6E20627559
:109E300073206572726F7200526573657276656425
:109E400020457863657074696F6E202800537075C3
:109E500072696F757320696E7465727275707420A3
:109E6000284952512000535053454C20696E2074AC
:109E70006872656164206D6F646520646F6573202E
:109E80006E6F7420696E646963617465205053500D
:109E90000065736620213D202828766F6964202A9A
:109EA000293029000945534620636F756C64206E84
:109EB0006F742062652072657472696576656420CE
:109EC0007375636365737366756C6C792E20536864
:109ED000616C6C206E65766572206F636375722E9F
:109EE0000A002A2A2A2A2A2048415244204641555B
:109EF0004C54202A2A2A2A2A0020204275732066E0
:109F000061756C74206F6E20766563746F72207457
:109F100061626C6520726561640020204465627531
:109F200067206576656E740020204661756C74202C
:109F3000657363616C6174696F6E20287365652059
:109F400062656C6F772900415243485F455843452D
:109F50005054207769746820726561736F6E202594
:109F6000780A00094661756C7420657363616C61E1
:109F700074696F6E20776974686F757420465352E8
:109F800020696E666F0A0009486172644661756CEB
:109F90007420776974686F7574204846535220693D
:109FA0006E666F205368616C6C206E6576657220FA
:109FB0006F636375720A002A2A2A2A2A204465627E
:109FC0007567206D6F6E69746F7220657863657058
:109FD00074696F6E202A2A2A2A2A002A2A2A2A2A03
:109FE00020257320256429202A2A2A2A2A00574559
:109FF00053545F544F504449522F7A6570687972B8
:10A000002F617263682F61726D2F636F72652F63AA
:10A010006F727465785F6D2F6972715F6D616E61CB
:10A0200067652E63007072696F203C3D20282831DF
:10A03000554C203C3C2028332929202D2031290053
:10A0400009696E76616C6964207072696F726974F7
:10A050007920256420666F72202564206972712141
:10A060002076616C756573206D7573742062652050
:10A070006C657373207468616E20256C750A0A0024
:10A080006D7075004661696C656420746F20616C49
:10A090006C6F63617465206E6577204D505520723A
:10A0A0006567696F6E2025750A0050617274697466
:10A0B000696F6E2025753A2073616E69747920632B
:10A0C0006865636B206661696C65642E00496E7615
:10A0D000616C696420756E6465726C79696E672065
:10A0E000726567696F6E20696E64657820257500FA
:10A0F000574553545F544F504449522F7A65706806
:10A1000079722F617263682F61726D2F636F726550
:10A110002F6D70752F61726D5F6D70752E63000904
:10A12000436F6E6669677572696E67202575207367
:10A130007461746963204D505520726567696F6E54
:10A1400073206661696C65640A0A00094D61726B6F
:10A15000696E6720257520617265617320666F7274
:10A160002064796E616D696320726567696F6E73D3
:10A17000206661696C65640A0A000952657175653B
:10A18000737420746F20636F6E6669677572653AC9
:10A1900020257520726567696F6E7320287375704E
:10A1A000706F727465643A202575290A0A002128A7
:10A1B000726567696F6E5B6964785D2E64745F6158
:10A1C0007474722026202831554C203C3C202830C5
:10A1D000292929000952414D5F4E4F4341434845CB
:10A1E00020776974682044545F4D454D5F43414377
:10A1F000484541424C4520617474726962757465CA
:10A200000A0A00094661696C656420746F20616CFC
:10A210006C6F63617465204D505520726567696F7E
:10A220006E732066726F6D2044540A0A00464C41DA
:10A2300053485F30005352414D5F30006578697478
:10A2400000574553545F544F504449522F7A65701C
:10A250006879722F6C69622F6C6962632F636F6D0E
:10A260006D6F6E2F736F757263652F7374646C6995
:10A27000622F6D616C6C6F632E63006C6F636B5F3C
:10A28000726574203D3D203000574553545F544F54
:10A29000504449522F7A65706879722F6C69622F29
:10A2A0006E65745F6275662F6275662E63006275F7
:10A2B000662D3E6672616773203D3D202828766FCB
:10A2C0006964202A293029007265715F73697A6593
:10A2D000203C3D2073697A65006275662D3E72658B
:10A2E00066000962756620257020646F75626C6572
:10A2F00020667265650A0066726167006E65745F4C
:10A3000062756600574553545F544F504449522F6D
:10A310007A65706879722F6C69622F6E65745F62FE
:10A3200075662F6275665F73696D706C652E63006C
:10A330006275662D3E6C656E203D3D203055006295
:10A3400075662D3E6C656E203E3D206C656E006E20
:10A3500065745F6275665F73696D706C655F686573
:10A360006164726F6F6D2862756629203E3D206CB6
:10A37000656E006E65745F6275665F73696D706CA3
:10A38000655F7461696C726F6F6D286275662920F4
:10A390003E3D206C656E006E65745F6275665F732E
:10A3A000696D706C6500574553545F544F50444974
:10A3B000522F7A65706879722F736F632F6E6F7288
:10A3C0006469632F6E726635332F736F632E63007B
:10A3D000736F6300574553545F544F504449522F95
:10A3E0006D6F64756C65732F68616C2F6E6F72642E
:10A3F00069632F6E7266782F68616C2F6E72665F6C
:10A400006770696F2E68006E72665F6770696F5F54
:10A4100070696E5F70726573656E745F63686563A3
:10A420006B282A705F70696E2900574553545F543A
:10A430004F504449522F7A65706879722F736F6359
:10A440002F6E6F726469632F6E726635332F6E7272
:10A450006635335F6370756E65745F6D676D742EFE
:10A460006300726574203E3D203000000000012131
:10A47000200B0A574553545F544F504449522F7A8A
:10A4800065706879722F696E636C7564652F7A6583
:10A49000706879722F647269766572732F656E7455
:10A4A000726F70792E68006170692D3E6765745F08
:10A4B000656E74726F707920213D202828766F694F
:10A4C00064202A293029000943616C6C6261636B46
:10A4D00020706F696E7465722073686F756C64208C
:10A4E0006E6F74206265204E554C4C0A0000FFFFD1
:10A4F000FFFFFFFF00000000000000FFFFFFFFFF65
:10A50000FF00000000000030313233343536373878
:10A51000396162636465660062745F7270610049EC
:10A520006E73756666696369656E74206E756D62BB
:10A530006572206F6620617267756D656E74730059
:10A5400049676E6F72696E67206964656E746974BD
:10A550006965732073746F72656420696E20666C20
:10A5600061736800496E76616C6964206C656E6722
:10A570007468204944206164647265737320696E55
:10A580002073746F726167650062742F25732F25C5
:10A5900030327825303278253032782530327825BF
:10A5A0003032782530327825752F25730062742F6C
:10A5B00025732F25303278253032782530327825B2
:10A5C0003032782530327825303278257500736541
:10A5D0007474696E67735F7375627379735F696EA4
:10A5E0006974206661696C65642028657272202533
:10A5F00064290062742F2573004661696C656420CC
:10A60000746F20736176652049442028657272203A
:10A6100025642900556E61626C6520746F20736536
:10A6200074757020616E206964656E746974792038
:10A63000616464726573730062740062745F736551
:10A640007474696E6773004254204C572057510050
:10A6500002FB349B5F8000008000100000000000BF
:10A6600000574553545F544F504449522F7A6570F8
:10A670006879722F7375627379732F626C75657464
:10A680006F6F74682F686F73742F6275662E630026
:10A6900074797065203D3D2042545F4255465F45C8
:10A6A0005654207C7C2074797065203D3D204254B6
:10A6B0005F4255465F41434C5F494E207C7C20748D
:10A6C000797065203D3D2042545F4255465F4953B5
:10A6D0004F5F494E0009496E76616C69642062756E
:10A6E0006666657220747970652072657175657330
:10A6F0007465640A00574553545F544F504449529F
:10A700002F7A65706879722F696E636C7564652F36
:10A710007A65706879722F626C7565746F6F746892
:10A720002F6275662E68006D6574612D3E706172D2
:10A73000656E740076696577006E65745F62756634
:10A740005F68656164726F6F6D28706172656E74A9
:10A7500029203E2030002162745F6275665F686167
:10A76000735F7669657728706172656E742900621F
:10A77000745F6275660062745F6461746100446155
:10A78000746120627566666572206F766572666CAC
:10A790006F7720286C696E6B207479706520307833
:10A7A000253032782900556E61626C6520746F2007
:10A7B0006C6F6F6B20757020636F6E6E207769749D
:10A7C000682068616E646C6520257500556E616255
:10A7D0006C6520746F206C6F6F6B757020636F6E8B
:10A7E0006E20666F722068616E646C65202575004E
:10A7F0004861726477617265206572726F722C2095
:10A80000686172647761726520636F64653A2025C0
:10A810006400436F756C64206E6F74207375626D95
:10A8200069742072785F776F726B3A2025640055E7
:10A830006E61626C6520746F20616C6C6F63617413
:10A84000652062756666657200556E68616E646C3F
:10A850006564206576656E74203078253032782006
:10A860006C656E2025753A20257300546F6F207338
:10A870006D616C6C202825752062797465732920C0
:10A880006576656E742030782530327800496E76B2
:10A89000616C696420484349206576656E74207355
:10A8A000697A65202825752900496E76616C69648E
:10A8B000204C45206D657461206576656E7420734B
:10A8C000697A65202825752900574553545F544FF0
:10A8D000504449522F7A65706879722F737562738C
:10A8E00079732F626C7565746F6F74682F686F73FE
:10A8F000742F6863695F636F72652E630065767499
:10A900005F666C6167732026202831554C203C3CE3
:10A91000202830292900496E76616C6964206275AF
:10A9200066207479706520257500496E76616C69C2
:10A9300064204843492041434C207061636B657437
:10A940002073697A6520282575290041434C2064CD
:10A95000617461206C656E677468206D69736D61E8
:10A960007463682028257520213D20257529005510
:10A970006E61626C6520746F2066696E6420636F1F
:10A980006E6E20666F722068616E646C652025753E
:10A990000062745F6863695F6576745F6765745FA2
:10A9A000666C616773286864722D3E657674292031
:10A9B00026202831554C203C3C202831292900559F
:10A9C0006E6B6E6F776E206275662074797065208D
:10A9D000257500556E68616E646C65642076656EE1
:10A9E000646F722D7370656369666963206576654F
:10A9F0006E7420307825303278206C656E20257595
:10AA00003A202573004E6F20636F6D6D616E642078
:10AA100073656E7420666F7220636D6420636F6D62
:10AA2000706C65746520307825303478004F704341
:10AA30006F64652030782530347820636F6D706CDA
:10AA40006574656420696E7374656164206F662047
:10AA500065787065637465642030782530347800DB
:10AA60002162756600696E74657276616C20657826
:10AA70006365656473207468652076616C69642021
:10AA800072616E6765202575207573006C61746551
:10AA90006E637920657863656564732074686520EA
:10AAA00076616C69642072616E676520307825304C
:10AAB000347800737570765F74696D656F75742096
:10AAC00065786365656473207468652076616C6978
:10AAD000642072616E676520307825303478004ECE
:10AAE0006F2070656E64696E67207065726970684A
:10AAF0006572616C20636F6E6E656374696F6E0062
:10AB0000556E6578706563746564207374617475DF
:10AB100073203078253032782025730065767420D4
:10AB20006E756D5F68616E646C657320283D257578
:10AB30002920746F6F206C617267652028257A75F3
:10AB4000203E20257529004E6F20636F6E6E656371
:10AB500074696F6E20666F722068616E646C652028
:10AB60002575007061636B65747320636F756E7417
:10AB7000206D69736D617463680061746F6D6963E2
:10AB80005F6765742826636F6E6E2D3E696E5F6C1D
:10AB90006C29004661696C656420746F207365746C
:10ABA0002072657175697265642073656375726979
:10ABB0007479206C6576656C004E6F206368616EF9
:10ABC000676520746F20656E6372797074696F6E4B
:10ABD0002073746174652028656E637279707420C7
:10ABE0003078253032782900756E6B6E6F776E0085
:10ABF0005B305D00484349207472616E73706F7200
:10AC0000743A20257300495043004964656E7469A5
:10AC1000747925733A202573004964656E746974EC
:10AC2000795B25645D3A202573004843493A2076D4
:10AC3000657273696F6E2025732028307825303255
:10AC40007829207265766973696F6E2030782530B7
:10AC500034782C206D616E756661637475726572EF
:10AC600020307825303478004C4D503A207665728B
:10AC700073696F6E2025732028307825303278294B
:10AC80002073756276657220307825303478004EF6
:10AC90006F20494420616464726573732E20417093
:10ACA00070206D7573742063616C6C2073657474AF
:10ACB000696E67735F6C6F61642829000925640AF7
:10ACC00000556E61626C6520746F2073656E642040
:10ACD000746F20647269766572202865727220250F
:10ACE00064290009556E61626C6520746F20616C87
:10ACF0006C6F6320666F7220486F7374204E4350F0
:10AD00000A0009556E61626C6520746F2073656E70
:10AD10006420486F7374204E43502028657272205F
:10AD20002564290A00556E61626C6520746F206C81
:10AD30006F6F6B20757020636F6E6E20776974681B
:10AD400020696E64657820307825303278004E6F47
:10AD500074207265706F7274696E67207061636BC6
:10AD6000657420666F72206E6F6E2D636F6E6E65F8
:10AD70006374656420636F6E6E00556E61626C650E
:10AD800020746F20616C6C6F63617465206E6577F1
:10AD90002048434920636F6D6D616E640009436F05
:10ADA0006E74726F6C6C657220756E726573706F05
:10ADB0006E736976652C20636F6D6D616E64206FB4
:10ADC00070636F6465203078253034782074696D45
:10ADD000656F7574207769746820657272202564C8
:10ADE0000A006F70636F64652030782530347820F6
:10ADF0007374617475732030782530327820257330
:10AE0000004661696C656420746F2072656164201E
:10AE1000444C45206D61782064617461206C656EDE
:10AE20000074785F6F63746574732065786365651B
:10AE30006473207468652076616C69642072616E49
:10AE400067652025750074785F74696D6520657885
:10AE50006365656473207468652076616C6964203D
:10AE600072616E6765202575006576742D3E73747A
:10AE700061747573203D3D2030783030004E6F2076
:10AE800070656E64696E6720636F6E6E20666F72A8
:10AE9000207065657220257300436F6E74726F6C4D
:10AEA0006C657220746F20686F737420666C6F77A6
:10AEB00020636F6E74726F6C206E6F742073757088
:10AEC000706F72746564004E6F6E2D4C4520636127
:10AED0007061626C6520636F6E74726F6C6C65720A
:10AEE00020646574656374656421004E756D206F20
:10AEF0006620436F6E74726F6C6C657227732041AD
:10AF0000434C207061636B65747320213D20414385
:10AF10004C2062745F636F6E6E5F747820636F6E37
:10AF200074657874732028257520213D20257529A6
:10AF30000041434C2042522F4544522062756666C0
:10AF4000657273206E6F7420696E697469616C69D3
:10AF50007A65640056656E646F72204843492065C7
:10AF60007874656E73696F6E73206E6F742061768E
:10AF700061696C61626C6500485720506C61746651
:10AF80006F726D3A20257320283078253034782967
:10AF90000048572056617269616E743A202573200B
:10AFA0002830782530347829004669726D776172CF
:10AFB000653A2025732028307825303278292056AC
:10AFC000657273696F6E2025752E2575204275692F
:10AFD0006C64202575004661696C656420746F207F
:10AFE0007265616420737570706F72746564207629
:10AFF000656E646F7220636F6D6D616E6473004681
:10B0000061696C656420746F20726561642073757A
:10B0100070706F727465642076656E646F722066FE
:10B02000656174757265730048434920647269767E
:10B030006572206973206E6F742072656164790097
:10B0400042542052582057510048434920647269A5
:10B05000766572206F70656E206661696C6564202C
:10B0600028256429004F7574206F6620636F6D6D0D
:10B07000616E64206275666665727300556E6578F0
:10B0800070656374656420484F53545F4E554D5F3F
:10B09000434F4D504C455445445F5041434B4554FC
:10B0A000532C207374617475732030782530327896
:10B0B00020257300556E636C656172656420706550
:10B0C0006E64696E672073656E745F636D64009172
:10B0D000FBFBF3F4FBFBFBFBEA0009090909010296
:10B0E00009090909090909090909090709090909D2
:10B0F00009060909090909090909090909090909C3
:10B10000090905312E306200312E3100312E320016
:10B11000322E3000322E3100332E3000342E3000EB
:10B12000342E3100342E3200352E3000352E3100D1
:10B13000352E3200352E3300352E3400362E3000B9
:10B14000362E3100362E3200362E33005374616EA7
:10B150006461726420426C7565746F6F74682063FB
:10B160006F6E74726F6C6C65720056656E646F7290
:10B1700020737065636966696320636F6E74726FB4
:10B180006C6C6572004669726D77617265206C6FD8
:10B19000616465720052657363756520696D6167EE
:10B1A00065007265736572766564006E524635316E
:10B1B00078006E5246353278006E5246353378004C
:10B1C0006E524635344878006E524635344C78001D
:10B1D000496E74656C20436F72706F726174696F31
:10B1E0006E004E6F726469632053656D69636F6EA4
:10B1F000647563746F72004E58502053656D6963B7
:10B200006F6E647563746F727300457370726573EB
:10B210007369662053797374656D730062745F6837
:10B2200063695F636F726500636D64206469736155
:10B230006C6C6F77656400574553545F544F5044AE
:10B2400049522F7A65706879722F737562737973BA
:10B250002F626C7565746F6F74682F686F73742FCD
:10B2600069642E6300636F6E666C69637420213DB0
:10B27000202828766F6964202A29302900636F6EA0
:10B28000666C6963742D3E63616E646964617465A4
:10B2900020213D202828766F6964202A2930290042
:10B2A0007265736964656E7420213D202828766F6D
:10B2B0006964202A2930290028636F6E666C6963EF
:10B2C000742D3E63616E6469646174652D3E7374B0
:10B2D00061746520262042545F4B4559535F4944B1
:10B2E0005F414444454429203D3D2030004661698A
:10B2F0006C656420746F2064697361626C652061A1
:10B30000646472657373207265736F6C7574696FB2
:10B310006E005265736F6C76696E67206C6973742A
:10B320002073697A652065786365656465642E209D
:10B33000537769746368696E6720746F20686F73F0
:10B34000742E004661696C656420746F20636C65BF
:10B350006172207265736F6C7574696F6E206C69B1
:10B360007374004661696C656420746F2061646465
:10B370002049524B20746F20636F6E74726F6C6C37
:10B380006572005365742070726976616379206D0F
:10B390006F646520636F6D6D616E64206973206EEC
:10B3A0006F7420737570706F7274656400466169A4
:10B3B0006C656420746F20736574207072697661A7
:10B3C0006379206D6F64650062745F6465762E6CCE
:10B3D000652E726C5F656E7472696573203E2030F5
:10B3E0000044697361626C696E67206164647265B0
:10B3F0007373207265736F6C7574696F6E2066610C
:10B40000696C656420286572722025642900466194
:10B41000696C656420746F2072656D6F7665204974
:10B42000524B2066726F6D20636F6E74726F6C6C1E
:10B430006572004F6E6C792072616E646F6D20735F
:10B440007461746963206964656E746974792061DC
:10B4500064647265737320737570706F7274656461
:10B4600000496E76616C696420696E707574207035
:10B470006172616D6574657273004661696C6564C3
:10B4800020746F2072656164207075626C6963203E
:10B490006164647265737300526561642053746102
:10B4A0007469632041646472657373657320636FAC
:10B4B0006D6D616E64206E6F7420617661696C6180
:10B4C000626C65004661696C656420746F2072650A
:10B4D000616420737461746963206164647265736C
:10B4E000736573004E6F20737461746963206164C7
:10B4F000647265737365732073746F726564206919
:10B500006E20636F6E74726F6C6C65720043616E57
:10B5100027742073657420626F7468204944454E17
:10B52000544954592026204E5250410062745F699C
:10B530006400546F6F20626967206164766572747D
:10B540006973696E672064617461004661696C6546
:10B550006420746F20737461727420616476657204
:10B560007469736572004661696C656420746F204C
:10B5700073746F70206164766572746973696E6745
:10B580003A2025640062745F616476005745535425
:10B590005F544F504449522F7A65706879722F6911
:10B5A0006E636C7564652F7A65706879722F737934
:10B5B000732F627974656F726465722E6800282833
:10B5C00070737263203C20706473742026262028D8
:10B5D00070737263202B206C656E67746829203C41
:10B5E0003D207064737429207C7C20287073726302
:10B5F000203E2070647374202626202870647374A3
:10B60000202B206C656E67746829203C3D20707388
:10B61000726329290009536F7572636520616E6436
:10B620002064657374696E6174696F6E20627566FB
:10B6300066657273206D757374206E6F74206F76FB
:10B6400065726C61700A007073615F637279707407
:10B650006F5F696E69742829206661696C65642072
:10B660002564007073615F67656E65726174655F04
:10B6700072616E646F6D2829206661696C65642053
:10B680002564004661696C656420746F20696D7083
:10B690006F727420414553206B6579202564004109
:10B6A000455320656E6372797074696F6E206661B0
:10B6B000696C6564202564004661696C656420746A
:10B6C0006F2064657374726F7920414553206B65F8
:10B6D000792025640062745F686F73745F637279A8
:10B6E00070746F004661696C656420746F206765D3
:10B6F0006E657261746520454343206B6579202532
:10B7000064004661696C656420746F206578706FB1
:10B71000727420454343207075626C6963206B65C9
:10B7200079202564004661696C656420746F20652A
:10B7300078706F727420454343207072697661742B
:10B7400065206B6579202564004661696C6564201D
:10B75000746F2064657374726F7920454343206B66
:10B760006579204944202564004661696C65642040
:10B77000746F20696D706F727420746865207072C8
:10B780006976617465206B657920666F72206B65E0
:10B79000792061677265656D656E7420256400525D
:10B7A0006177206B65792061677265656D656E7480
:10B7B000206661696C6564202564004661696C657A
:10B7C0006420746F2064657374726F792074686587
:10B7D000206B6579202564007073615F696D706FFF
:10B7E00072745F6B657928292072657475726E6555
:10B7F00064207374617475732025640042757379D5
:10B8000020706572666F726D696E6720616E6F740D
:10B810006865722045434448206F706572617469A1
:10B820006F6E00E69D350E480103CCDBFDF4AC11D4
:10B8300091F4EFB9A5F9E9A7832C5E2CBE97F2D25B
:10B8400003B0208BD28915D08E1C742430ED8FC2AA
:10B850004563765C15525ABF9A32636DEB2A65498F
:10B860009C80DC62745F65636300574553545F548A
:10B870004F504449522F7A65706879722F73756200
:10B880007379732F626C7565746F6F74682F686F4E
:10B8900073742F636F6E6E2E63006362203C3D20D5
:10B8A0005F62745F636F6E6E5F63625F6C69737417
:10B8B0005F656E640074780069735F61636C5F63D9
:10B8C0006F6E6E28636F6E6E29004661696C6564E9
:10B8D00020726561642072656D6F746520666561B4
:10B8E00074757265732028256429005048592030EA
:10B8F0007825303278206E6F7420737570706F7297
:10B90000746564004661696C656420746F207365BA
:10B91000742064617461206C656E202825642900A0
:10B920006B5F63757272656E745F6765742829203A
:10B930003D3D206B5F776F726B5F71756575655FFD
:10B940007468726561645F6765742874785F6E6F90
:10B95000746966795F776F726B71756575655F671E
:10B9600065742829290009636F756C646E2774203B
:10B970007375626D69742028657272202564290AC6
:10B9800000556E65787065637465642066697273CE
:10B9900074204C32434150206672616D6500556ED3
:10B9A0006578706563746564204C32434150206350
:10B9B0006F6E74696E756174696F6E004E6F74207E
:10B9C000656E6F7567682062756666657220737054
:10B9D00061636520666F72204C3243415020646180
:10B9E000746100556E6578706563746564204143C9
:10B9F0004C20666C616773202830782530327829B6
:10BA00000041434C206C656E206D69736D617463F9
:10BA10006820282575203E202575290009496E7665
:10BA2000616C696420636F6E6E656374696F6E200C
:10BA30007265666572656E63650A006F6C64203EB0
:10BA400020300009436F6E6E207265666572656E08
:10BA5000636520636F756E74657220697320300AA8
:10BA60000021636F6E6E5F74785F69735F70656EDF
:10BA700064696E67000974785F636F6D706C6574DC
:10BA8000655F776F726B2069732070656E64696E95
:10BA900067207768656E20636F6E6E20697320641F
:10BAA00065616C6C6F63617465640A0028756E6B08
:10BAB0006E6F776E29006E6F207472616E73697499
:10BAC000696F6E20257300496E76616C6964202869
:10BAD000257529206F6C6420737461746500636F31
:10BAE0006E6E202570206661696C656420746F201D
:10BAF00065737461626C6973682E205246206E6FA4
:10BB00006973653F006E6F2076616C69642028253B
:10BB1000752920737461746520776173207365746F
:10BB200000696E636F6D70617469626C6520686135
:10BB30006E646C65202575002828636F6E6E292061
:10BB4000262620282875696E747074725F742928FF
:10BB500061636C5F636F6E6E732929203C3D202802
:10BB60002875696E747074725F742928636F6E6EC5
:10BB7000292920262620282875696E747074725F22
:10BB8000742928636F6E6E2929203C202828756946
:10BB90006E747074725F742928262861636C5F6309
:10BBA0006F6E6E73295B282873697A655F74292824
:10BBB0002828696E742973697A656F6628636861DD
:10BBC000725B31202D202832202A202128215F5F1E
:10BBD0006275696C74696E5F74797065735F636FA9
:10BBE0006D70617469626C655F70285F5F747970F5
:10BBF000656F665F5F2861636C5F636F6E6E73294C
:10BC00002C205F5F747970656F665F5F28262861FE
:10BC1000636C5F636F6E6E73295B305D2929292920
:10BC20005D29202D203129202B202873697A656F0A
:10BC3000662861636C5F636F6E6E7329202F2073BB
:10BC4000697A656F66282861636C5F636F6E6E73D7
:10BC5000295B305D292929295D29292026262028CC
:10BC6000282875696E747074725F742928636F6E0A
:10BC70006E2929202D20282875696E747074725FD2
:10BC800074292861636C5F636F6E6E7329292920A4
:10BC9000252073697A656F66282861636C5F636F1E
:10BCA0006E6E73295B305D29203D3D2030290009EF
:10BCB000496E76616C69642062745F636F6E6E209A
:10BCC000706F696E7465720A00216B5F69735F69DA
:10BCD0006E5F69737228290054696D656F757420F1
:10BCE0006469736361726465642E204E6F20626CB8
:10BCF0006F636B696E6720696E2073797377712E3D
:10BD00000009496E76616C696420636F6E6E207401
:10BD10007970652025750A00746D7020213D2063BF
:10BD20006F6E6E007072657620213D2026636F6E07
:10BD30006E2D3E5F636F6E6E5F72656164790009A0
:10BD40004E6F20636F6E74726F6C6C6572206275DB
:10BD500066730A00094E6F20545820636F6E746535
:10BD600078740A0030207C7C20286275662D3E7233
:10BD70006566203D3D203129207C7C202862756647
:10BD80002D3E726566203D3D203229002162745FA0
:10BD90006275665F6861735F76696577286F757431
:10BDA0007369646529006672616720213D20282837
:10BDB000766F6964202A2930290009496E76616C02
:10BDC000696420636F6E6E656374696F6E20747949
:10BDD00070652025750A00466174616C2065727279
:10BDE0006F7220282564292E20446973636F6E6E5C
:10BDF000656374696E6720257000466F756E6420F8
:10BE000076616C696420636F6E6E656374696F6ED2
:10BE10002028257029207769746820616464726520
:10BE2000737320257320696E2025732073746174E9
:10BE300065200053656E64204C4520706172616D11
:10BE400020757064617465206661696C6564202882
:10BE5000657272202564290053656E6420617574D3
:10BE60006F204C4520706172616D20757064617443
:10BE700065206661696C656420286572722025649E
:10BE80002900646973636F6E6E6563746564006432
:10BE90006973636F6E6E6563742D636F6D706C652F
:10BEA0007465007363616E2D6265666F72652D69DE
:10BEB0006E6974696174696E6700696E697469613D
:10BEC00074696E672D66696C7465722D6C69737424
:10BED000006164762D636F6E6E65637461626C657C
:10BEE000006164762D6469722D636F6E6E65637494
:10BEF00061626C6500646973636F6E6E656374691B
:10BF00006E670062745F636F6E6E00574553545FD7
:10BF1000544F504449522F7A65706879722F737567
:10BF2000627379732F626C7565746F6F74682F68B4
:10BF30006F73742F6C326361702E630073203D3D0C
:10BF400020266C655F6368616E2D3E5F7064755F6F
:10BF5000726561647900556E61626C6520746F2052
:10BF6000616C6C6F636174652062756666657220D2
:10BF7000666F72206F7020307825303278004E6FF7
:10BF800020617661696C61626C65204C324341507E
:10BF900020636F6E7465787420666F7220636F6EB5
:10BFA0006E20257000457870656374696E67207532
:10BFB0007020746F20256420726566732C20676F73
:10BFC0007420256400636F6E6E2D3E73746174651A
:10BFD000203D3D2042545F434F4E4E5F434F4E4EF7
:10BFE000454354454400616C726561647920686121
:10BFF00076652076696577206F6E2025700066690A
:10C00000666F5F706475203D3D2070647500286622
:10C010006368616E2D3E636964203E3D2030783058
:10C0200030303120262620666368616E2D3E6369BC
:10C0300064203C3D20307830303366290009434984
:10C0400044202575206973206E6F7420696E2074FA
:10C050006865206669786564206368616E6E656CEA
:10C060002072616E67650A006368616E203D3D2045
:10C070002828766F6964202A2930290009466978C2
:10C080006564206368616E6E656C207769746820F2
:10C0900043494420257520616C726561647920658F
:10C0A00078697374730A00666368616E203C3D2092
:10C0B0005F62745F6C326361705F66697865645F4C
:10C0C0006368616E5F6C6973745F656E64004C32A7
:10C0D000434150206C656E677468206D69736D61B3
:10C0E0007463682028257520213D20257529004985
:10C0F0006E76616C6964206964656E742076616C2B
:10C10000756520696E204C324341502050445500E3
:10C11000496E76616C6964204C4520636F6E6E20B9
:10C12000706172616D207273702073697A65202866
:10C13000257520213D20257A75290052656A6563A1
:10C1400074696E6720756E6B6E6F776E204C32432C
:10C1500041502050445520636F646520307825306D
:10C16000327800546F6F20736D616C6C204C3243D9
:10C170004150207369676E616C696E672050445549
:10C1800000546F6F20736D616C6C204C32434150D2
:10C19000205044552072656365697665640049677F
:10C1A0006E6F72696E67206461746120666F7220C1
:10C1B000756E6B6E6F776E206368616E6E656C2056
:10C1C0004944203078253034780062745F6C3263E3
:10C1D0006170004661696C656420746F20737562DC
:10C1E0006D6974206174745F74785F6465737472D0
:10C1F0006F795F776F726B3A20256400574553540F
:10C200005F544F504449522F7A65706879722F738A
:10C2100075627379732F626C7565746F6F74682FB4
:10C22000686F73742F6174742E63006E65745F623F
:10C2300075665F706F6F6C5F676574286275662DD9
:10C240003E706F6F6C5F696429203D3D20266174EC
:10C25000745F706F6F6C00415454206368616E6E40
:10C26000656C206E6F7420636F6E6E6563746564B9
:10C27000006275662D3E6C656E203E3D2073697AC6
:10C28000656F66287374727563742062745F61747D
:10C29000745F68647229004572726F7220736967F7
:10C2A0006E696E6720646174610052616E206F7503
:10C2B00074206F662054582062756666657273201C
:10C2C0006F7220636F6E74657874732E00556E61A3
:10C2D000626C6520746F206372656174652065729D
:10C2E00072207273702050445500415454204D54B4
:10C2F000552065786365656465642C206D617820E0
:10C3000025752C2077616E74656420257A7500553B
:10C310006E61626C6520746F206372656174652064
:10C320007273702050445500546F6F20736D616CB0
:10C330006C204154542050445520726563656976E1
:10C34000656400556E68616E646C65642041545488
:10C3500020636F64652030782530327800496E762E
:10C36000616C6964206C656E20257520666F722093
:10C37000636F64652030782530327800556E6162D5
:10C380006C6520746F206372656174652055554932
:10C39000443A2073697A6520257500556E61626C98
:10C3A0006520746F2063726561746520555549443A
:10C3B0003A2073697A65202564004E6F20617661AA
:10C3C000696C61626C652041545420636F6E7465C2
:10C3D000787420666F7220636F6E6E202570004E39
:10C3E0006F20617661696C61626C652041545420F4
:10C3F0006368616E6E656C20666F7220636F6E6E2F
:10C40000202570004E6F7420636F6E6E65637465D7
:10C410006400556E61626C6520746F2066696E649D
:10C4200020415454206368616E6E656C00476F74E0
:10C43000206572722025642C206E6F742063616CFD
:10C440006C696E67204154542063620009556E6B1D
:10C450006E6F776E206F702074797065203078254C
:10C460003032580A004661696C656420746F20722E
:10C47000652D7375626D69742025733A20256400FB
:10C480004E6F20415454206368616E6E656C206667
:10C490006F72204D545520257A75004E6F207065BF
:10C4A0006E64696E672041545420726571756573BE
:10C4B0007400556E61626C6520746F2063726561F3
:10C4C0007465207265747279205044552028257552
:10C4D0002900446973636F6E6E656374696E6720CB
:10C4E0006661696C65642028657272202564290084
:10C4F0004154542054696D656F757420666F7220C5
:10C500006465766963652025732E20446973636FC3
:10C510006E6E656374696E672E2E2E0072657100F3
:10C520006174745F74785F64657374726F795F7738
:10C530006F726B5F68616E646C65720062745F61DC
:10C54000747400434D4143207570646174652066C6
:10C5500061696C6564202564004661696C656420CE
:10C56000746F206465636F64652076616C75652007
:10C570002865727220257A6429004661696C6564B9
:10C5800020746F2073617665204461746162617309
:10C59000652048617368202865727220256429002F
:10C5A000574553545F544F504449522F7A65706831
:10C5B00079722F7375627379732F626C7565746FFE
:10C5C0006F74682F686F73742F676174742E6300C3
:10C5D000656C20213D202828766F6964202A293047
:10C5E00029000943616E27742073617665204346F4
:10C5F000202F2043434320746F20666C6173680AC8
:10C60000006661696C656420746F2073746F726575
:10C6100020534320286572722025642900756E61BD
:10C62000626C6520746F20736176652053433A20F5
:10C630006E6F20636667206C65667400546F6F20B0
:10C640006D616E7920436C69656E74204368617218
:10C650006163746572697374696320436F6E6669A0
:10C660006775726174696F6E2E2053656520434F44
:10C670004E4649475F42545F53455454494E4753D1
:10C680005F4343435F53544F52455F4D41580A0047
:10C69000496E76616C6964206B6579006661696CCE
:10C6A000656420746F2064656C6574652053432055
:10C6B0002865727220256429004661696C656420D2
:10C6C000746F20636C6561722053432025640055AC
:10C6D0006E61626C6520746F206465636F646520B1
:10C6E0006164647265737320257300496E76616CB2
:10C6F0006964206C6F63616C206964656E74697431
:10C700007920256C7500556E61626C6520746F2010
:10C71000726573746F72652053433A206E6F2063A5
:10C720006667206C656674004E6F20737061636588
:10C7300020746F2073746F726520434343206366D7
:10C7400067004E6F20737061636520746F2073748F
:10C750006F726520436C69656E7420537570706FDD
:10C760007274656420466561747572657300556EF8
:10C7700061626C6520746F20726573746F726520DE
:10C7800043463A206E6F20636667206C65667400CE
:10C790004368616E67652D617761726520737461AE
:10C7A000747573206E6F7420666F756E6420696E89
:10C7B0002073657474696E67732C20646566617597
:10C7C0006C74696E6720706565722073746174752E
:10C7D0007320746F206368616E67652D756E617775
:10C7E0006172650052656164206261636B20626101
:10C7F00064206368616E67652D617761726520767C
:10C80000616C75653A20307825782C206465666106
:10C81000756C74696E6720706565722073746174DD
:10C82000757320746F206368616E67652D756E6126
:10C8300077617265004661696C656420746F20736E
:10C84000746F726520436C69656E7420466561740F
:10C8500075726573202865727220256429007374CF
:10C86000617469635F737663203C3D205F62745F2F
:10C87000676174745F736572766963655F73746111
:10C880007469635F6C6973745F656E6400556E6193
:10C89000626C6520746F20696D706F7274207468AB
:10C8A00065206B657920666F722041455320434DAA
:10C8B000414320256400434D4143206F7065726100
:10C8C00074696F6E20696E6974206661696C656455
:10C8D00020256400434D41432066696E69736820DA
:10C8E0006661696C65642025640062742F6363630C
:10C8F000004661696C656420746F2073746F7265A3
:10C90000204343437320286572722025642900095F
:10C91000696E76616C696420706172616D657465C1
:10C92000720A0A00617474720052656164206D6558
:10C9300074686F64206E6F7420736574004661695B
:10C940006C656420746F2072656164206174747218
:10C950006962757465202570202865727220257AB9
:10C96000642900496E76616C696420726561642097
:10C970006C656E6774683A20257A6400094E6F20F2
:10C980006D6F726520617474726962757465730A83
:10C990000A00706172616D730009696E76616C697D
:10C9A0006420706172616D65746572730A0A00704B
:10C9B0006172616D732D3E61747472207C7C207095
:10C9C0006172616D732D3E75756964002161746FCC
:10C9D0006D69635F746573745F6269742873632D36
:10C9E0003E666C6167732C2053435F494E44494354
:10C9F0004154455F50454E44494E47290009496E10
:10CA000064696361746520616C726561647920702A
:10CA1000656E64696E670A00434343202570206E8B
:10CA20006F74207772697461626C65005343207281
:10CA30006573746F726520696E6469636174696F90
:10CA40006E206661696C6564004661696C6564208E
:10CA5000746F2073657420736563757269747920CF
:10CA6000666F7220626F6E64656420706565722007
:10CA7000282564290062742F686173680062742F2E
:10CA800063660062742F73630062745F676174741D
:10CA900000556E61626C6520746F2066696E64205B
:10CAA000534D50206368616E6E656C005075626C0A
:10CAB0006963206B6579206E6F7420617661696CA3
:10CAC00061626C65004661696C656420746F206703
:10CAD000656E65726174652044484B6579004361F9
:10CAE0006C63756C61746520636F6E6669726D202E
:10CAF0006661696C656400556E6B6E6F776E207051
:10CB0000616972696E67206D6574686F642028259D
:10CB100075290043616C63756C617465204C544BDE
:10CB2000206661696C65640043616C63756C617457
:10CB300065206C6F63616C2044484B6579206368A5
:10CB400065636B206661696C65640043616C637545
:10CB50006C6174652072656D6F74652044484B6527
:10CB60007920636865636B206661696C6564005257
:10CB7000656D6F7465207075626C6963206B657993
:10CB80002072656A65637465640052656D6F7465D3
:10CB9000206973207573696E67204465627567202C
:10CBA0005075626C6963206B6579005265636569D5
:10CBB00076656420696E76616C6964207075626C5C
:10CBC0006963206B6579004E6F20617661696C61E5
:10CBD000626C6520534D5020636F6E7465787420CD
:10CBE000666F7220636F6E6E20257000556E6162F5
:10CBF0006C6520746F20676574206B65797320669F
:10CC00006F7220257300574553545F544F50444969
:10CC1000522F7A65706879722F7375627379732FEA
:10CC2000626C7565746F6F74682F686F73742F739F
:10CC30006D702E63005075626C6963206B6579209E
:10CC400072652D67656E65726174696F6E207265BD
:10CC50007175657374206661696C6564202825644C
:10CC600029006D757465785F657272203D3D2030D6
:10CC7000005075626C6963206B65792067656E652D
:10CC8000726174696F6E2074696D656F757400549C
:10CC9000686520696E2D70726F677265737320709E
:10CCA000616972696E6720686173206265656E20D4
:10CCB00064656C657465642100534D5020646F6534
:10CCC00073206E6F7420616C6C6F772061207061CF
:10CCD0006972696E67206661696C7572652061743E
:10CCE000207468697320706F696E742E204B6E6FAC
:10CCF000776E2069737375652E20446973636F6E58
:10CD00006E656374696E6720696E73746561642E05
:10CD100000546F6F20736D616C6C20534D50205028
:10CD2000445520726563656976656400534D5020F3
:10CD3000636F6D6D616E642028636F646520307869
:10CD400025303278292072656365697665642061D3
:10CD5000667465722074696D656F757400526563E1
:10CD600065697665642072657365727665642053C3
:10CD70004D5020636F64652030782530327800553F
:10CD80006E68616E646C656420534D5020636F64FF
:10CD9000652030782530327800556E65787065638F
:10CDA00074656420534D5020636F6465203078258E
:10CDB00030327800496E76616C6964206964656E12
:10CDC00074697479202573002128736D702D3E726B
:10CDD000656D6F74655F64697374202620307830E8
:10CDE0003229005265667573696E67206E6577201B
:10CDF00070616972696E672E20546865206F6C647B
:10CE000020626F6E64206D75737420626520756E8C
:10CE10007061697265642066697273742E002162A4
:10CE2000745F69645F66696E645F636F6E666C6988
:10CE30006374286E65775F626F6E642C2030290002
:10CE400070616972696E67206661696C656420282B
:10CE50007065657220726561736F6E203078257819
:10CE600029004E6F206B65797320737061636520B4
:10CE7000666F7220257300534D502054696D656FA5
:10CE800075742028666C6167733A3078253038787D
:10CE900020616C6C6F7765645F636D64733A3078A2
:10CEA0002530387829000005061F1F2918120308AD
:10CEB000020305080A000801030401050405090628
:10CEC000070101060608000001000100030100033C
:10CED00002020100020000000000020301000362E0
:10CEE000745F736D7000574553545F544F504449FD
:10CEF000522F7A65706879722F7375627379732F08
:10CF0000626C7565746F6F74682F686F73742F6BC4
:10CF10006579732E63006B65797320213D20282885
:10CF2000766F6964202A29302900616464722021A7
:10CF30003D202828766F6964202A293029006675EB
:10CF40006E6320213D202828766F6964202A2930CD
:10CF500029004661696C656420746F2072656164A4
:10CF60002076616C7565202865727220257A6429A7
:10CF700000556E61626C6520746F2066696E642076
:10CF800064656C65746564206B65797320666F7287
:10CF9000202573004661696C656420746F20616CA4
:10CFA0006C6F63617465206B65797320666F7220A6
:10CFB000257300496E76616C6964206B6579206C1D
:10CFC000656E67746820257A6420213D20257A7576
:10CFD0000044726F7070696E67206B6579732066AC
:10CFE0006F722025732C206E6F205343204C544BBE
:10CFF0000053746F726564206B65797320666F727D
:10D0000020257320646F206E6F74206D61746368D7
:10D010002063757272656E7420636F6E6669672037
:10D02000666C616773206F722076657273696F6ECC
:10D0300000546865206B65797320666F72202573D4
:10D040002061726520646F776E6772616465642029
:10D05000746F20756E61757468656E746963617450
:10D0600065642061732074686579206E6F206C6F31
:10D070006E676572206D6565742061757468656E94
:10D080007469636174696F6E207265717569726528
:10D090006D656E7473004661696C656420746F2001
:10D0A00073617665206B657973202865727220251F
:10D0B00064290062742F6B6579730062745F6B651D
:10D0C0007973006C888391AAF5A53860370BDB5A19
:10D0D0006083BE62745F63727970746F00466169C9
:10D0E0006C656420746F20636F6D70757465204D7E
:10D0F00041432025640000070E091C1B1215383F10
:10D10000363124232A2D4661696C656420746F20B2
:10D1100073656E64202865727220256429004E6F45
:10D120007420656E6F7567682064617461202825BE
:10D13000752920666F72206576656E74206865615A
:10D140006465722028257A7529004576656E7420FD
:10D150007061796C6F6164206C656E6774682069BA
:10D1600073206E6F7420636F72726563742028255C
:10D170007520213D2025752900436F756C646E274D
:10D180007420616C6C6F63617465206120627566E8
:10D190006665722061667465722077616974696E74
:10D1A00067203130207365636F6E64732E004E6F9D
:10D1B0007420656E6F7567682073706163652069A0
:10D1C0006E2062756666657220257A752F257A75E0
:10D1D000004E6F7420656E6F7567682064617461BE
:10D1E000202825752920666F722041434C206865F0
:10D1F000616465722028257A7529004E6F2061765A
:10D2000061696C61626C652041434C2062756666A1
:10D21000657273210041434C207061796C6F6164C9
:10D22000206C656E677468206973206E6F7420636C
:10D230006F72726563742028257520213D20257545
:10D2400029004E6F7420656E6F7567682064617485
:10D2500061202825752920666F722049534F206868
:10D2600065616465722028257A7529004E6F2061FA
:10D270007661696C61626C652049534F2062756606
:10D28000666572732028257A7529210049534F203D
:10D290007061796C6F6164206C656E677468206979
:10D2A00073206E6F7420636F72726563742028251B
:10D2B0007520213D20256C752900556E6B6E6F77AA
:10D2C0006E204843492074797065202575004843D5
:10D2D00049207472616E73706F7274207365747517
:10D2E00070206661696C656420776974683A2025EE
:10D2F000640A00495043207365727669636520694A
:10D300006E7374616E636520696E697469616C69BE
:10D310007A6174696F6E206661696C65643A202574
:10D32000640A005265676973746572696E67206587
:10D330006E64706F696E74206661696C65642077D5
:10D3400069746820256400456E64706F696E74208E
:10D3500062696E64696E67206661696C65642077D6
:10D360006974682025640044657265676973746533
:10D3700072696E672048434920656E64706F696EFC
:10D3800074206661696C656420776974683A202549
:10D390006400436C6F73696E672049504320736566
:10D3A0007276696365206661696C6564207769746B
:10D3B000683A20256400484349207472616E737096
:10D3C0006F72742074656172646F776E2066616934
:10D3D0006C656420776974683A2025640062745F24
:10D3E0006863695F69706330006E72665F62745F64
:10D3F0006863690062745F6863695F647269766517
:10D400007200574553545F544F504449522F6D6F2B
:10D4100064756C65732F68616C2F6E6F72646963DD
:10D420002F6E7266782F68616C2F6E72665F7370F4
:10D43000752E68002128705F7265672D3E4558542F
:10D44000444F4D41494E5B646F6D61696E5F696425
:10D450005D2E5045524D20262028307831554C20E5
:10D460003C3C202838554C2929290062745F6863A8
:10D47000695F6E726635335F737570706F727400BA
:10D48000574553545F544F504449522F7A65706842
:10D4900079722F647269766572732F636C6F636B38
:10D4A0005F636F6E74726F6C2F636C6F636B5F631F
:10D4B0006F6E74726F6C5F6E72662E63007479703B
:10D4C00065203C20434C4F434B5F434F4E54524FDB
:10D4D0004C5F4E52465F545950455F434F554E5432
:10D4E00000636C6F636B4035303030006866636C8E
:10D4F0006B006C66636C6B006866636C6B31393211
:10D500006D006866636C6B617564696F00636C6F56
:10D51000636B5F636F6E74726F6C00574553545F3B
:10D52000544F504449522F6E72662F64726976656B
:10D5300072732F656E74726F70792F656E74726F6F
:10D5400070795F63633378782E6300646576202199
:10D550003D202828766F6964202A293029006275C9
:10D560006666657220213D202828766F6964202A2E
:10D570002930290063727970746F40353038343443
:10D580003030300063696E73747220253032782039
:10D590007472616E7366657220746F6F206C6F6E4B
:10D5A000673A20257A7500636C656172004A4544CC
:10D5B0004543206964205B2530327820253032785D
:10D5C00020253032785D20657870656374205B2596
:10D5D000303278202530327820253032785D005284
:10D5E000445352206661696C65643A202564005199
:10D5F00045202573206661696C65643A20256400C6
:10D6000072656164206572726F723A20616464723F
:10D61000657373206F722073697A6520657863651E
:10D620006564732065787065637465642076616CE9
:10D630007565732E416464723A203078256C7820C9
:10D6400073697A6520257A7500777269746520653B
:10D6500072726F723A2061646472657373206F72C4
:10D660002073697A652065786365656473206578E1
:10D670007065637465642076616C7565732E4164B2
:10D6800064723A203078256C782073697A65202599
:10D690007A75006572617365206572726F723A20E7
:10D6A00061646472657373206F722073697A652098
:10D6B0006578636565647320657870656374656417
:10D6C0002076616C7565732E416464723A203078FF
:10D6D000256C782073697A6520257A7500756E73DC
:10D6E0007570706F72746564206174203078256C79
:10D6F000782073697A6520257A75007761697420CE
:10D700006572726F72206174203078256C78207396
:10D71000697A6520257A7500657261736520657286
:10D72000726F72206174203078256C782073697A6A
:10D730006520257A7500000000016D78323572365B
:10D7400034333566403000717370695F6E6F7200FC
:10D75000696E76616C696420616464726573733AA2
:10D760002030782530386C783A257A7500756E61EE
:10D770006C69676E656420616464726573733A20D6
:10D7800030782530386C783A257A75006E6F7420C1
:10D79000776F72642D616C69676E65643A203078CA
:10D7A0002530386C783A257A7500666C6173682D7F
:10D7B000636F6E74726F6C6C6572403339303030E9
:10D7C00000666C6173685F6E726600574553545F04
:10D7D000544F504449522F7A65706879722F696EA0
:10D7E000636C7564652F7A65706879722F647269ED
:10D7F000766572732F6770696F2F6770696F5F75D9
:10D8000074696C732E6800094E6F2063616C6C62E2
:10D8100061636B210A0063616C6C6261636B2D3E16
:10D8200068616E646C657200094E6F2063616C6C98
:10D830006261636B2068616E646C6572210A0057D7
:10D840004553545F544F504449522F7A657068795C
:10D85000722F647269766572732F6770696F2F67B4
:10D8600070696F5F6E7266782E630063622D3E682A
:10D87000616E646C6572006770696F40383432386D
:10D880003030006770696F403834323530300074A2
:10D89000785F6D61736B20746F6F206269672028F9
:10D8A0006F72204950435F434F4E465F4E554D20A7
:10D8B000746F6F20736D616C6C290072785F6D619D
:10D8C000736B20746F6F2062696720286F72204924
:10D8D00050435F434F4E465F4E554D20746F6F204F
:10D8E000736D616C6C2900456E61626C696E6720B6
:10D8F0006368616E6E656C20776974686F757420FB
:10D900006120726567697374657265642063616C18
:10D910006C6261636B0A0053656E64696E672064B4
:10D92000617461206E6F7420737570706F727465AE
:10D9300064005258206576656E74206F6E20696CA5
:10D940006C6567616C206368616E6E656C0052582F
:10D95000206576656E74206F6E2064697361626CF9
:10D960006564206368616E6E656C006D626F7840FF
:10D970003261303030006D626F785F6E7266785F52
:10D980006970630000010203040506070B46616924
:10D990006C656420746F20616C6C6F6361746520CA
:10D9A000505049204368616E6E656C005745535472
:10D9B0005F544F504449522F7A65706879722F64D2
:10D9C0007269766572732F73657269616C2F756108
:10D9D00072745F6E7266785F75617274652E630033
:10D9E000095458206F6E6C79205541525445206976
:10D9F0006E7374616E63650A006E72665F75617244
:10DA000074655F6576656E745F636865636B2875C2
:10DA1000617274652C204E52465F55415254455FE9
:10DA20004556454E545F454E445258290075617223
:10DA300074403830303000756172745F6E72667891
:10DA40005F75617274650028666C616773202620BB
:10DA5000282831554C203C3C202832312929207C73
:10DA6000202831554C203C3C202832322929207C6A
:10DA7000202831554C203C3C202832332929207C59
:10DA8000202831554C203C3C202832342929207C48
:10DA9000202831554C203C3C202832352929207C37
:10DAA000202831554C203C3C202832362929292970
:10DAB000203D3D20300009496E74657272757074A6
:10DAC00020666C61677320617265206E6F742073CD
:10DAD0007570706F727465640A0028666C61677394
:10DAE000202620282831203C3C203429207C202856
:10DAF00031203C3C203529292920213D202828316E
:10DB0000203C3C203429207C202831203C3C2035FE
:10DB10002929000950756C6C20557020616E6420B5
:10DB200050756C6C20446F776E2073686F756C64F1
:10DB3000206E6F7420626520656E61626C65642082
:10DB400073696D756C74616E656F75736C790A00BD
:10DB5000212828666C6167732026202831554C20C7
:10DB60003C3C2028313629292920262620212866D8
:10DB70006C6167732026202831554C203C3C2028BE
:10DB800031372929292026262028666C61677320D1
:10DB900026202831203C3C20312929290009496EC2
:10DBA0007075742063616E6E6F7420626520656E9F
:10DBB00061626C656420666F7220274F70656E200D
:10DBC000447261696E272C20274F70656E20536F59
:10DBD0007572636527206D6F64657320776974685B
:10DBE0006F7574204F75747075740A0028666C61C7
:10DBF00067732026202831203C3C20312929202110
:10DC00003D2030207C7C2028666C616773202620B4
:10DC10002831203C3C20322929203D3D203000285D
:10DC2000666C616773202620282831554C203C3CC7
:10DC3000202831382929207C202831554C203C3C93
:10DC40002028313929292929203D3D2030207C7C7C
:10DC50002028666C6167732026202831554C203CB3
:10DC60003C2028313729292920213D203000094F27
:10DC70007574707574206E6565647320746F2062AE
:10DC80006520656E61626C656420746F206265203A
:10DC9000696E697469616C697A6564206C6F77205C
:10DCA0006F7220686967680A0028666C6167732074
:10DCB0002620282831554C203C3C20283138292961
:10DCC000207C202831554C203C3C20283139292902
:10DCD000292920213D20282831554C203C3C202852
:10DCE00031382929207C202831554C203C3C2028E3
:10DCF000313929292900094F7574707574206361C1
:10DD00006E6E6F7420626520696E697469616C69FA
:10DD10007A6564206C6F7720616E6420686967683B
:10DD20000A0028666C616773202620282831554C2C
:10DD3000203C3C202832312929207C202831554C98
:10DD4000203C3C202832322929292920213D202825
:10DD50002831554C203C3C202832312929207C2078
:10DD60002831554C203C3C202832322929290009F1
:10DD700043616E6E6F7420626F746820656E6162BD
:10DD80006C6520616E642064697361626C652069F2
:10DD90006E74657272757074730A0028666C6167C0
:10DDA00073202620282831554C203C3C2028323135
:10DDB0002929207C202831554C203C3C2028323217
:10DDC0002929292920213D20305500094D757374DA
:10DDD0002065697468657220656E61626C65206F8C
:10DDE000722064697361626C6520696E7465727219
:10DDF000757074730A002828666C6167732026208A
:10DE00002831554C203C3C20283232292929203DFC
:10DE10003D203029207C7C202828666C6167732097
:10DE200026202831554C203C3C20283234292929F1
:10DE300020213D203029207C7C202828666C6167C9
:10DE400073202620282831554C203C3C2028323590
:10DE50002929207C202831554C203C3C2028323672
:10DE60002929292920213D20282831554C203C3CB6
:10DE7000202832352929207C202831554C203C3C53
:10DE8000202832362929292900094F6E6C79206F04
:10DE90006E65206F66204750494F5F494E545F4C76
:10DEA0004F575F302C204750494F5F494E545F48D1
:10DEB0004947485F312063616E20626520656E616D
:10DEC000626C656420666F722061206C6576656C9B
:10DED00020696E746572727570742E0A0028286647
:10DEE0006C6167732026202831554C203C3C20284B
:10DEF0003232292929203D3D203029207C7C2028D0
:10DF000028666C616773202620282831554C203CF8
:10DF10003C202832352929207C202831554C203CB2
:10DF20003C202832362929292920213D203029204A
:10DF30007C7C2028666C6167732026203029202194
:10DF40003D203000094174206C65617374206F6E50
:10DF500065206F66204750494F5F494E545F4C4FD4
:10DF6000575F302C204750494F5F494E545F484916
:10DF700047485F312068617320746F2062652065B7
:10DF80006E61626C65642E0A004750494F20495209
:10DF90005120636F6E666967206661696C65642CE9
:10DFA000206572723A202564004C454420696E64F5
:10DFB0006578206F7574206F6620746865207261C3
:10DFC0006E6765004661696C6564206469736162AF
:10DFD0006C696E6720696E74657272757074730017
:10DFE00043616E6E6F742072656164206770696F43
:10DFF0002070696E0043616E6E6F74207772697471
:10E0000065204C4544206770696F0043616E6E6FF8
:10E01000742064697361626C652063616C6C626119
:10E02000636B730043616E6E6F7420656E61626C2A
:10E03000652063616C6C6261636B730043616E6E3B
:10E040006F7420636F6E666967757265204C454416
:10E05000206770696F0043616E6E6F7420636F6E2E
:10E0600066696775726520627574746F6E2067707B
:10E07000696F0043616E6E6F742064697361626CD6
:10E08000652063616C6C6261636B73282900436176
:10E090006E6E6F74206164642063616C6C62616396
:10E0A0006B00646B5F627574746F6E735F616E6436
:10E0B0005F6C656473000000000101010000010055
:10E0C0000000574553545F544F504449522F6D6FD1
:10E0D00064756C65732F68616C2F6E6F7264696311
:10E0E0002F6E7266782F68656C706572732F6E7212
:10E0F00066785F677070695F647070692E63007026
:10E100005F6770706920213D202828766F69642040
:10E110002A29302900574553545F544F50444952DF
:10E120002F6D6F64756C65732F68616C2F6E6F72E5
:10E130006469632F6E7266782F6472697665727394
:10E140002F7372632F6E7266785F636C6F636B2ED2
:10E1500063006D5F636C6F636B5F63622E6D6F64F2
:10E16000756C655F696E697469616C697A65640074
:10E17000574553545F544F504449522F6D6F647547
:10E180006C65732F68616C2F6E6F726469632F6E9C
:10E190007266782F647269766572732F7372632F5B
:10E1A0006E7266785F636C6F636B5F6866636C6BDF
:10E1B0002E6300574553545F544F504449522F6DBE
:10E1C0006F64756C65732F68616C2F6E6F72646914
:10E1D000632F6E7266782F647269766572732F731F
:10E1E00072632F6E7266785F636C6F636B5F6866D5
:10E1F000636C6B617564696F2E6300574553545FA0
:10E20000544F504449522F6D6F64756C65732F687D
:10E21000616C2F6E6F726469632F6E7266782F6403
:10E220007269766572732F7372632F6E7266785F90
:10E23000636C6F636B5F6866636C6B3139326D2E34
:10E240006300574553545F544F504449522F6D6FEC
:10E2500064756C65732F68616C2F6E6F726469638F
:10E260002F6E7266782F647269766572732F73727F
:10E27000632F6E7266785F636C6F636B5F6C66634F
:10E280006C6B2E6300574553545F544F50444952B2
:10E290002F6D6F64756C65732F68616C2F6E6F7274
:10E2A0006469632F6E7266782F68616C2F6E726678
:10E2B0005F6770696F74652E6800696E64657820A9
:10E2C0003C203800574553545F544F504449522F17
:10E2D0006D6F64756C65732F68616C2F6E6F7264FF
:10E2E00069632F6E7266782F647269766572732F18
:10E2F0007372632F6E7266785F6770696F74652ED4
:10E300006300705F696E7374616E636500705F6354
:10E3100068616E6E656C0070696E5F6861735F74D2
:10E3200072696767657228705F696E7374616E6386
:10E33000652C2070696E2900696E745F656E61627C
:10E340006C650000203030303030303030303030CC
:10E350003030300001574553545F544F50444952B8
:10E360002F6D6F64756C65732F68616C2F6E6F72A3
:10E370006469632F6E7266782F6472697665727352
:10E380002F7372632F6E7266785F6970632E6300FD
:10E39000705F636F6E66696720262620286D5F6355
:10E3A000622E7374617465203D3D204E5246585F65
:10E3B0004452565F53544154455F494E4954494174
:10E3C0004C495A454429006D5F63622E7374617431
:10E3D00065203D3D204E5246585F4452565F53548F
:10E3E0004154455F494E495449414C495A454400BE
:10E3F000574553545F544F504449522F6D6F6475C5
:10E400006C65732F68616C2F6E6F726469632F6E19
:10E410007266782F68616C2F6E72665F6970632E0A
:10E420006800696E646578203C203136005745539A
:10E43000545F544F504449522F6D6F64756C65732F
:10E440002F68616C2F6E6F726469632F6E726678CD
:10E450002F647269766572732F7372632F6E7266A2
:10E46000785F6E766D632E630062797465735F63A7
:10E470006F756E74203C3D202873697A656F66283D
:10E4800075696E7433325F7429202D20627974654A
:10E490005F7368696674290069735F76616C69648B
:10E4A0005F6164647265737328616464722C2030E8
:10E4B000290069735F76616C69645F616464726589
:10E4C000737328616464722C203129202626206E03
:10E4D0007266785F69735F776F72645F616C69679A
:10E4E0006E65642828766F696420636F6E7374208C
:10E4F0002A29616464722900574553545F544F5070
:10E500004449522F6D6F64756C65732F68616C2F71
:10E510006E6F726469632F6E7266782F64726976AB
:10E520006572732F7372632F6E7266785F7173708A
:10E53000692E6300286D5F63622E737461746520B9
:10E54000213D204E5246585F515350495F5354412C
:10E5500054455F554E494E495449414C495A4544EA
:10E56000292026262028705F627566666572202144
:10E570003D202828766F6964202A293029290070D7
:10E580005F636F6E666967006D5F63622E737461AF
:10E59000746520213D204E5246585F515350495FCB
:10E5A00053544154455F554E494E495449414C4995
:10E5B0005A454400705F636F6E6669672D3E7769E8
:10E5C0007077616974000000000100010101756E3F
:10E5D000726567697374657265642025732062755E
:10E5E000730A0067656E65726963006D6574616CBE
:10E5F0003A20656D657267656E63793A20006D65D6
:10E6000074616C3A20616C6572743A20202020207D
:10E61000006D6574616C3A20637269746963616C42
:10E620003A2020006D6574616C3A206572726F72D9
:10E630003A2020202020006D6574616C3A207761BB
:10E64000726E696E673A202020006D6574616C3AC5
:10E65000206E6F746963653A20202020006D657418
:10E66000616C3A20696E666F3A20202020202000DD
:10E670006D6574616C3A2064656275673A2020208C
:10E6800020200025733A2066726565696E67206EEA
:10E690006F6E2D656D707479207669727471756511
:10E6A00075650D0A00756E65787065637465642024
:10E6B0006275666665722068656C6420636F756E4E
:10E6C0007465720D0A00574553545F544F504449C6
:10E6D000522F6D6F64756C65732F6C69622F6F704C
:10E6E000656E2D616D702F6F70656E2D616D702F71
:10E6F0006C69622F72706D73672F72706D73675FD4
:10E7000076697274696F2E63007374617475732017
:10E710003D3D2073697A656F662872705F68647228
:10E720002900737461747573203D3D20300073744B
:10E7300061747573203E3D2030007374617475738D
:10E74000203D3D206C656E0072785F7671007478B4
:10E750005F7671004E53005465726D696E616C0096
:10E7600000000000000054545220524547474553D2
:10E7700000574553545F544F504449522F7A6570A7
:10E780006879722F6B65726E656C2F64657669634C
:10E79000652E63007263203E3D202D28307866662A
:10E7A00029202626207263203C20300009646576EB
:10E7B00069636520257320696E69743A20696E76F5
:10E7C000616C6964206572726F7220282564290A61
:10E7D0000048616C74696E672073797374656D00AD
:10E7E000556E6B6E6F776E206572726F72003E3E73
:10E7F0003E205A455048595220464154414C2045EC
:10E8000052524F522025643A202573206F6E2043C8
:10E810005055202564004661756C742064757269DA
:10E820006E6720696E746572727570742068616EAF
:10E83000646C696E670A0043757272656E74207449
:10E8400068726561643A2025702028257329005775
:10E850004553545F544F504449522F7A657068793C
:10E86000722F6B65726E656C2F666174616C2E63BE
:10E8700000726561736F6E20213D204B5F455252DF
:10E880005F4B45524E454C5F50414E494300094154
:10E890007474656D7074656420746F207265636F45
:10E8A0007665722066726F6D2061206B65726E6591
:10E8B0006C2070616E696320636F6E646974696F48
:10E8C0006E0A0043505520657863657074696F6EF9
:10E8D00000556E68616E646C656420696E74657263
:10E8E0007275707400537461636B206F7665726625
:10E8F0006C6F77004B65726E656C206F6F70730084
:10E900004B65726E656C2070616E6963005745538C
:10E91000545F544F504449522F7A65706879722F72
:10E920006B65726E656C2F696E69742E6300746816
:10E93000726561645F64617461203C3D205F5F7358
:10E9400074617469635F7468726561645F64617443
:10E95000615F6C6973745F656E6400646576203C0A
:10E960003D205F6465766963655F6C6973745F659C
:10E970006E64006D61696E006F7300574553545F9C
:10E98000544F504449522F7A65706879722F6B65E5
:10E99000726E656C2F6B686561702E630021617209
:10E9A00063685F69735F696E5F6973722829207C91
:10E9B0007C20282874696D656F7574292E746963CD
:10E9C0006B73203D3D202828286B5F74696D656F4F
:10E9D00075745F74297B307D29292E7469636B738C
:10E9E0002900090A0068656170203C3D205F6B5F6B
:10E9F000686561705F6C6973745F656E640057452C
:10EA000053545F544F504449522F7A65706879725D
:10EA10002F6B65726E656C2F6D656D5F736C6162D7
:10EA20002E6300736C6162203C3D205F6B5F6D65FF
:10EA30006D5F736C61625F6C6973745F656E6400B7
:10EA400028736C61622D3E667265655F6C697374D4
:10EA5000203D3D202828766F6964202A293029200E
:10EA6000262620736C61622D3E696E666F2E6E7570
:10EA70006D5F75736564203D3D20736C61622D3E52
:10EA8000696E666F2E6E756D5F626C6F636B732956
:10EA9000207C7C20736C61625F7074725F69735F4D
:10EAA000676F6F6428736C61622C20736C61622DD8
:10EAB0003E667265655F6C697374290009736C61E9
:10EAC0006220636F7272757074696F6E2064657412
:10EAD00065637465640A0009496E76616C69642037
:10EAE0006D656D6F727920706F696E7465722070DC
:10EAF000726F76696465640A00574553545F544FDA
:10EB0000504449522F7A65706879722F6B65726E26
:10EB1000656C2F696E636C7564652F6B73636865D4
:10EB2000642E680021617263685F6972715F756E3F
:10EB30006C6F636B6564286B657929007468726516
:10EB400061642D3E626173652E70656E6465645FFD
:10EB50006F6E00574553545F544F504449522F7ABB
:10EB600065706879722F6B65726E656C2F69646C65
:10EB7000652E63005F6B65726E656C2E63707573D6
:10EB80005B305D2E63757272656E742D3E626173CB
:10EB9000652E7072696F203E3D20300057455354FA
:10EBA0005F544F504449522F7A65706879722F6BC9
:10EBB00065726E656C2F6D757465782E63002161CA
:10EBC0007263685F69735F696E5F69737228290099
:10EBD000096D7574657865732063616E6E6F74205E
:10EBE0006265207573656420696E73696465204988
:10EBF0005352730A006D757465782D3E6C6F636BAC
:10EC00005F636F756E74203E203055005745535436
:10EC10005F544F504449522F7A65706879722F6B58
:10EC200065726E656C2F73656D2E630028286172A6
:10EC300063685F69735F696E5F6973722829203D3D
:10EC40003D203029207C7C20282874696D656F75F3
:10EC500074292E7469636B73203D3D202828286B2E
:10EC60005F74696D656F75745F74297B307D2929C8
:10EC70002E7469636B73292900737973776F726BD4
:10EC80007100574553545F544F504449522F7A6591
:10EC9000706879722F6B65726E656C2F776F726B0F
:10ECA0002E6300776F726B2D3E717565756520213F
:10ECB0003D202828766F6964202A29302900776F43
:10ECC000726B2D3E68616E646C657220213D202858
:10ECD00028766F6964202A2930290021666C6167D3
:10ECE0005F746573742826776F726B2D3E666C6156
:10ECF00067732C204B5F574F524B5F44454C415933
:10ED000041424C455F424954290073796E6320218A
:10ED10003D202828766F6964202A29302900216641
:10ED20006C61675F74657374282671756575652DF0
:10ED30003E666C6167732C204B5F574F524B5F519F
:10ED4000554555455F535441525445445F424954DB
:10ED50002900717565756500737461636B00647774
:10ED60006F726B20213D202828766F6964202A2944
:10ED7000302900574553545F544F504449522F7A1D
:10ED800065706879722F6B65726E656C2F7468722E
:10ED90006561642E6300282828287072696F29290C
:10EDA000203D3D203135202626207A5F69735F693A
:10EDB000646C655F7468726561645F656E747279B6
:10EDC0002828656E747279292929207C7C202828BE
:10EDD000283135202D203129203E3D2028282D3175
:10EDE000362929292026262028287072696F29298A
:10EDF000203E3D2028282D3136292920262620286E
:10EE0000287072696F2929203C3D20283135202D3A
:10EE100020312929290009696E76616C69642070A6
:10EE200072696F7269747920282564293B20616CAE
:10EE30006C6F7765642072616E67653A2025642087
:10EE4000746F2025640A0009546872656164732038
:10EE50006D6179206E6F74206265206372656174E4
:10EE6000656420696E20495352730A005745535414
:10EE70005F544F504449522F7A65706879722F6BF6
:10EE800065726E656C2F73636865642E6300217A0A
:10EE90005F69735F69646C655F7468726561645F04
:10EEA0006F626A6563742874687265616429002101
:10EEB00069735F7468726561645F64756D6D7928EC
:10EEC0007468726561642900574553545F544F500C
:10EED0004449522F7A65706879722F6B65726E653E
:10EEE0006C2F696E636C7564652F6B7468726561F5
:10EEF000642E68005F6B65726E656C2E637075734F
:10EF00005B305D2E63757272656E7420213D202822
:10EF100028766F6964202A29302900574553545FA9
:10EF2000544F504449522F7A65706879722F6B653F
:10EF3000726E656C2F696E636C7564652F6B737789
:10EF400061702E6800617263685F6972715F756ECF
:10EF50006C6F636B6564286B657929207C7C205F0E
:10EF60006B65726E656C2E637075735B305D2E63BE
:10EF7000757272656E742D3E626173652E7468726F
:10EF80006561645F737461746520262028282831C8
:10EF9000554C203C3C202830292929207C20282839
:10EFA00031554C203C3C202833292929290009438C
:10EFB0006F6E7465787420737769746368696E67BF
:10EFC000207768696C6520686F6C64696E67206C77
:10EFD0006F636B210A0073697A656F66285F7363DC
:10EFE0006865645F7370696E6C6F636B29203D3D6B
:10EFF0002030207C7C206C6F636B20213D20265FBD
:10F0000073636865645F7370696E6C6F636B005FD8
:10F010006B65726E656C2E637075735B305D2E630D
:10F02000757272656E742D3E626173652E736368CE
:10F0300065645F6C6F636B656420213D2031550012
:10F040005F6B65726E656C2E637075735B305D2EE1
:10F0500063757272656E742D3E626173652E7363A3
:10F060006865645F6C6F636B656420213D2030557B
:10F0700000217465726D696E617465000961626F6B
:10F0800072746564205F63757272656E742062616C
:10F09000636B2066726F6D20646561640A00216590
:10F0A0007373656E7469616C000961626F72746577
:10F0B0006420657373656E7469616C207468726531
:10F0C00061642025700A00574553545F544F5044E3
:10F0D00049522F7A65706879722F6B65726E656C14
:10F0E0002F74696D65736C6963696E672E630028A0
:10F0F0002874696D656F7574292026262028287567
:10F10000696E747074725F742928736C6963655FCB
:10F1100074696D656F7574732929203C3D2028281A
:10F1200075696E747074725F74292874696D656F87
:10F130007574292920262620282875696E74707414
:10F14000725F74292874696D656F75742929203C74
:10F1500020282875696E747074725F7429282628B7
:10F16000736C6963655F74696D656F757473295B32
:10F17000282873697A655F7429282828696E74299C
:10F1800073697A656F6628636861725B31202D2030
:10F190002832202A202128215F5F6275696C7469FA
:10F1A0006E5F74797065735F636F6D7061746962AF
:10F1B0006C655F70285F5F747970656F665F5F284C
:10F1C000736C6963655F74696D656F757473292C01
:10F1D000205F5F747970656F665F5F282628736CA7
:10F1E0006963655F74696D656F757473295B305D04
:10F1F000292929295D29202D203129202B20287318
:10F20000697A656F6628736C6963655F74696D659B
:10F210006F75747329202F2073697A656F662828AB
:10F22000736C6963655F74696D656F757473295B71
:10F23000305D292929295D292920262620282828EA
:10F2400075696E747074725F74292874696D656F66
:10F2500075742929202D20282875696E74707472A0
:10F260005F742928736C6963655F74696D656F7578
:10F27000747329292920252073697A656F662828E7
:10F28000736C6963655F74696D656F757473295B11
:10F29000305D29203D3D20302900574553545F54AF
:10F2A0004F504449522F7A65706879722F6B65729E
:10F2B0006E656C2F74696D656F75742E63002173B4
:10F2C00079735F646E6F64655F69735F6C696E6BA1
:10F2D00065642826746F2D3E6E6F6465290057455E
:10F2E00053545F544F504449522F7A657068797275
:10F2F0002F6B65726E656C2F706F6C6C2E630009DE
:10F30000696E76616C6964206576656E74207479C7
:10F310007065202830782578290A0A006576656EA0
:10F32000742D3E73656D20213D202828766F696419
:10F33000202A2930290009696E76616C696420737E
:10F34000656D6170686F72650A0A006576656E7436
:10F350002D3E717565756520213D202828766F69E1
:10F3600064202A2930290009696E76616C6964205D
:10F3700071756575650A0A006576656E742D3E7354
:10F3800069676E616C20213D202828766F696420B2
:10F390002A2930290009696E76616C696420706FD2
:10F3A0006C6C207369676E616C0A0A006576656E25
:10F3B000742D3E6D73677120213D202828766F697A
:10F3C00064202A2930290009696E76616C696420FD
:10F3D0006D6573736167652071756575650A0A00EF
:10F3E0006576656E742D3E7069706520213D20281C
:10F3F00028766F6964202A2930290009696E7661B0
:10F400006C696420706970650A0A0009696E76612A
:10F410006C6964206576656E7420747970650A0A7B
:10F4200000574553545F544F504449522F7A6570EA
:10F430006879722F6B65726E656C2F6D656D706F7C
:10F440006F6C2E6300616C69676E203D3D2030203B
:10F450007C7C20282875696E747074725F74296DC5
:10F46000656D20262028616C69676E202D2031296A
:10F4700029203D3D203000096D6973616C69676E1C
:10F480006564206D656D6F72792061742025702030
:10F4900028616C69676E203D20257A75290A001461
:10F4A0001400001C2030401C2000001C20304000B4
:10F4B00040286E756C6C29002A666C6F61742A0096
:10F4C8000000000000000000000000000000000034
:10F4D8000000000000000000000000000000000024
:10F4E8000000000000000000000000000000000014
:10F4F8000000000000000000000000000000000004
:10F5080000000000000000000000000000000000F3
:10F5180000000000000000000000000000000000E3
:10F5280000000000000000000000000000000000D3
:10F5380000000000000000000000000000000000C3
:10F5480000000000000000000000000000000000B3
:10F5580000000000000000000000000000000000A3
:10F568000000000000000000000000000000000093
:10F578000000000000000000000000000000000083
:10F58800000000000000000069A200000000000068
:10F598000000000000000000000000000000000063
:10F5A8000000000000000000000000000000000053
:10F5B8000000000000000000000000000000000043
:10F5C8000000000000000000000000000000000033
:10F5D8000000000000000000000000000000000023
:10F5E8000000000000000000000000000000000013
:10F5F8000000000000000000000000000000000003
:10F6080000000000000000000000000000000000F2
:10F6180000000000000000000000000000000000E2
:10F6280000000000000000000000000000000000D2
:10F638006C720200000000007D210000291F0000FC
:10F6480000000000391A0000E9190000000000005D
:10F6580000000000811A000000000000491B0000A3
:10F6680000000000491C00000000000025160200F0
:10F6780000000000000007200000010018720200CE
:10F6880000000000187202000100000002000000E3
:10F69800000000000000000000020000A322020099
:10F6A800787A020000000000B07A0200BD6900000C
:10F6B8000000000000000000000000001526020005
:10F6C80000000000F9250200B599020000000C00B6
:10F6D800000000000000000000000000216B000096
:10F6E8000000000000000000D79902000000100090
:10F6F800B40B00203A000000A00B00203A000000E4
:10F70800780B00203A0000008C0B00203A00000023
:10F71800C80B00203A000000640B00203A000000EB
:10F72800F00B00203A000000000000009D280200B5
:10F738000000000000000000380700203807002003
:10F7480000000000000000000E00000000D0005083
:10F7580000000000000000000000000000000000A1
:10F768000000000000000000000000000000000091
:10F778000000000000000000000000000000000081
:10F788000000000000000000000000000000000071
:10F798000000000000000000000000000000000061
:10F7A8000000000000000000000000000000000051
:10F7B8000000000000000000000000000000000041
:10F7C8000000000000000000000000000000000031
:10F7D8000000000000000000000000000000000021
:10F7E800598A00000000000000000000000000002E
:10F7F80091A50000000000000000000000000000CB
:10F808002593000000000000000000000000000038
:10F81800E1B6000000000000000000000000000049
:10F82800ADB500000000000000000000000000006E
:10F83800CDC1000000000000000000000000000032
:10F84800C9BB000000000000000000004C080020B8
:10F858004C080020000000000000000001D6000055
:10F8680075E60000E1E5000000000000000000006F
:10F878008DD90000F7390200B53A020069D40000BA
:10F88800000000000000000065E200000000000029
:10F89800000000003D3F02000000000000000000E2
:10F8A8000000000068840200000002007484020066
:10F8B80000000A008484020000002000000000000C
:10F8C800000000000000000000000000013E0200EF
:10F8D800000000009884020000000200A4840200D6
:10F8E80000000200B084020000000200EC080020C2
:10F8F800EC08002000000000000000000E000000DE
:10F908000009002000090020D111010000000000BA
:10F91800000000000000000000000000E9D3020021
:10F9280000000000E146020000000000B9210100CB
:10F93800000000006C72020038090020380900201D
:10F9480000000000010000004809002048090020CC
:10F9580050720200540900205409002001000000E0
:10F968000100000064090020640900206C090020DF
:10F978006C09002000000000010000007C09002044
:10F988007C090020000000000000000000000000CA
:10F99800FFFF0000FFFF0000201D00200000000006
:10F9A80000000000000000000090D003FF000000ED
:10F9B800FF000000E3E5020000000000B96C010050
:10F9C800000000000000000000000000000000002F
:10F9D800000000000000000000000000000000001F
:10F9E80090020000E4090020E40900200D620200F2
:10F9F80009620200576F0200BDD40100B1D40100B2
:10FA0800A5D40100000000000DD50100480A00201F
:10FA1800400A0020380A002000000000300A0020B8
:10FA2800DDD6010029D601005DD60100A5D601006A
:10FA3800703300203A00003A743300203A00003A4C
:10FA4800783300203A00003A7C3300203A00003A2C
:10FA5800C43800205C0A00201C0A0020140A002078
:10FA6800100A00200C0A00209ECADC240EE5A9E03A
:10FA780093F3A3B50100406E0668656C6C6F206651
:0EFA8800726F6D20626F6172645F6100010138
:10FA96000000000000000000000000000000000060
:06FAA6000000000000005A
:10FAAC00000000000000000000000000000000004A
:10FABC00000000000000000000000000000000003A
:10FACC00000000000000000000000000000000002A
:10FADC00000000000000000000000000000000001A
:04FAEC000000000016
:04FAF0000000000012
:10FAF400EC0A0020EC0A00200000000030F5012090
:10FB040000000000010000003000000000000000C0
:10FB14000C0B00200C0B002000000000687D01206D
:10FB24000000000001000000B80000000000000018
:10FB34002C0B00202C0B00200000000060F501209D
:10FB440000000000030000001C0000000000000092
:10FB54000000000060B70120002000000000000049
:08FB6400000000000000000099
:10FB6C00640B0020640B002000000000000000006B
:10FB7C000E000000780B0020780B00200000000025
:10FB8C00000000000E0000008C0B00208C0B0020ED
:10FB9C0000000000000000000E000000A00B002080
:10FBAC00A00B002000000000000000000E00000070
:10FBBC00B40B0020B40B002000000000000000007B
:10FBCC000E000000C80B0020C80B00200000000035
:10FBDC00000000000E000000DC0B0020DC0B0020FD
:10FBEC0000000000000000000E000000F00B0020E0
:10FBFC00F00B002000000000000000000E000000D0
:10FC0C00040C0020040C0020000000000100000087
:10FC1C00140C0020140C00201C0C00201C0C0020C8
:10FC2C0000000000010000002C0C00202C0C002017
:10FC3C00340C0020340C00200000000001000000F7
:10FC4C00440C0020440C00204C0C00204C0C0020D8
:10FC5C0000000000FFFFFFFF5C0C00205C0C00208C
:10FC6C00000000000000000000000000700C0020EC
:10FC7C00700C0020780C0020780C00200000000094
:10FC8C0000000000000000008C0C00208C0C0020F8
:10FC9C00940C0020940C00200000000000000000D8
:10FCAC0000000000A80C0020A80C0020B00C0020C4
:04FCBC00B00C002068
:10FCC000000000000000000000000000C40C002044
:10FCD000C40C0020CC0C0020CC0C00200000000044
:10FCE0000B000B0004000000032B0200F87B020055
:10FCF00018E60120000000000000000000000000E5
:10FD0000F80C0020F80C0020000D0020000D002051
:10FD100000000000030003001000000000000000CD
:10FD20006C7D020038F1012000000000000000009E
:10FD3000000000002C0D00202C0D0020340D0020B0
:10FD4000340D00200000000003000300100000003C
:10FD500099D30000087E0200B8F4012000000000E2
:10FD60000000000000000000600D0020600D002079
:10FD7000680D0020680D0020000000000300030053
:10FD800000000000000000000C7C0200D8E7012009
:10FD9000000000000000000000000000940D0020A2
:10FDA000940D00209C0D00209C0D00200000000000
:10FDB0000A000A0000000000132B0200E47B02008E
:10FDC00028DA012000000000000000000000000010
:10FDD000C80D0020C80D0020D00D0020D00D00203F
:10FDE000000000000100010010000000B1B9000097
:10FDF000587D020010EE012000000000000000000D
:10FE000000000000FC0D0020FC0D0020040E00206E
:10FE1000040E0020000000000D000D000000000096
:10FE200000000000207D0200D8EC0120000000004E
:10FE30000000000000000000300E0020300E002006
:10FE4000380E0020380E00200000000001000100E4
:10FE50000000000000000000207C020024E90120D6
:04FE600015E015E0B4
:040000030000742D58
:00000001FF
