:020000040800F2
:1000000000000320E19A0008897500089775000830
:100010009F750008A7750008AF7500080000000074
:10002000000000000000000000000000B77500089C
:10003000C575000800000000D3750008E1750008D0
:10004000359B0008359B0008359B0008ED750008BE
:10005000359B0008359B00087B76000889760008F0
:10006000359B0008359B00086D760008359B00081D
:10007000359B0008359B0008F9750008359B000882
:10008000359B0008359B0008359B0008359B000810
:10009000359B0008359B0008359B0008359B000800
:1000A000359B0008359B0008359B0008359B0008F0
:1000B000359B0008359B0008359B0008359B0008E0
:1000C000359B0008359B0008359B0008359B0008D0
:1000D0000D76000821760008359B0008359B000846
:1000E000359B0008359B0008359B0008359B0008B0
:1000F00035760008417600084D760008359B0008EB
:10010000359B0008359B0008359B0008359B00088F
:10011000359B0008359B0008359B0008359B00087F
:10012000359B0008359B000859760008359B000870
:0C013000359B0008359B0008359B00083B
:1001400010B5054C237833B9044B13B10448AFF311
:1001500000800123237010BD4C020020000000002D
:10016000E450010808B5034B1BB103490348AFF342
:10017000008008BD0000000050020020E45001088B
:1001800010F8012B11F8013B012A28BF9A42F7D041
:10019000D01A7047000000000000000000000000BE
:1001A00001F0FF01102A2BDB10F0070F08D010F828
:1001B000013B013A8B422DD010F0070F42B3F6D12C
:1001C000F0B441EA012141EA014122F007047FF045
:1001D00000070023F0E80256083C85EA010586EA9C
:1001E000010685FA47F5A3FA87F586FA47F6A5FAD8
:1001F00087F68EB9EED1F0BC01F0FF0102F00702E4
:1002000032B110F8013B013A83EA010313B1F8D18E
:100210000020704701387047002D06BF354603386F
:10022000073815F0010F07D1013015F4807F02BFA8
:10023000013015F4C03F0130F0BC0138704700BFF9
:10024000034613F8012B002AFBD1181A0138704716
:1002500081F0004102E000BF83F0004330B54FEA77
:1002600041044FEA430594EA050F08BF90EA020FE4
:100270001FBF54EA000C55EA020C7FEA645C7FEA77
:10028000655C00F0E2804FEA5454D4EB5555B8BF9A
:100290006D420CDD2C4480EA020281EA030382EA0B
:1002A000000083EA010180EA020281EA0303362D9D
:1002B00088BF30BD11F0004F4FEA01314FF4801C70
:1002C0004CEA113102D0404261EB410113F0004F82
:1002D0004FEA03334CEA133302D0524263EB430339
:1002E00094EA050F00F0A780A4F10104D5F1200ED7
:1002F0000DDB02FA0EFC22FA05F2801841F1000132
:1003000003FA0EF2801843FA05F359410EE0A5F105
:1003100020050EF1200E012A03FA0EFC28BF4CF036
:10032000020C43FA05F3C01851EBE37101F00045EC
:1003300007D54FF0000EDCF1000C7EEB00006EEBF9
:100340000101B1F5801F1BD3B1F5001F0CD3490883
:100350005FEA30004FEA3C0C04F101044FEA4452DA
:1003600012F5800F80F09A80BCF1004F08BF5FEA61
:10037000500C50F1000041EB045141EA050130BD41
:100380005FEA4C0C404141EB0101013C28BFB1F553
:10039000801FE9D291F0000F04BF01460020B1FA9E
:1003A00081F308BF2033A3F10B03B3F120020CDA71
:1003B0000C3208DD02F1140CC2F10C0201FA0CF04F
:1003C00021FA02F10CE002F11402D8BFC2F1200CB4
:1003D00001FA02F120FA0CFCDCBF41EA0C0190406A
:1003E000E41AA2BF01EB0451294330BD6FEA0404B3
:1003F0001F3C1CDA0C340EDC04F11404C4F120029E
:1004000020FA04F001FA02F340EA030021FA04F3AF
:1004100045EA030130BDC4F10C04C4F1200220FA06
:1004200002F001FA04F340EA0300294630BD21FA44
:1004300004F0294630BD94F0000F83F4801306BF0A
:1004400081F480110134013D4EE77FEA645C18BFFE
:100450007FEA655C29D094EA050F08BF90EA020F95
:1004600005D054EA000C04BF1946104630BD91EA8D
:10047000030F1EBF0021002030BD5FEA545C05D190
:100480004000494128BF41F0004130BD14F58004CF
:100490003CBF01F5801130BD01F0004545F0FE4143
:1004A00041F470014FF0000030BD7FEA645C1ABF78
:1004B000194610467FEA655C1CBF0B46024650EAAF
:1004C000013406BF52EA033591EA030F41F40021DB
:1004D00030BD00BF90F0000F04BF0021704730B561
:1004E0004FF4806404F132044FF000054FF0000136
:1004F00050E700BF90F0000F04BF0021704730B5F7
:100500004FF4806404F1320410F0004548BF4042CB
:100510004FF000013EE700BF42004FEAE2014FEA20
:1005200031014FEA02701FBF12F07F4393F07F4FFB
:1005300081F06051704732F07F4208BF704793F0FE
:100540007F4F04BF41F40021704730B54FF4607411
:1005500001F0004521F000411CE700BF50EA010214
:1005600008BF704730B54FF000050AE050EA0102BD
:1005700008BF704730B511F0004502D5404261EB2D
:1005800041014FF4806404F132045FEA915C3FF46E
:10059000D8AE4FF003025FEADC0C18BF03325FEA0B
:1005A000DC0C18BF033202EBDC02C2F1200300FABC
:1005B00003FC20FA02F001FA03FE40EA0E0021FAE1
:1005C00002F11444BDE600BF70B54FF0FF0C4CF4CF
:1005D000E06C1CEA11541DBF1CEA135594EA0C0F81
:1005E00095EA0C0F00F0DEF82C4481EA030621EABC
:1005F0004C5123EA4C5350EA013518BF52EA0335F7
:1006000041F4801143F4801338D0A0FB02CE4FF0A8
:100610000005E1FB02E506F00042E0FB03E54FF0D8
:100620000006E1FB03569CF0000F18BF4EF0010ED0
:10063000A4F1FF04B6F5007F64F5407404D25FEACC
:100640004E0E6D4146EB060642EAC62141EA55517F
:100650004FEAC52040EA5E504FEACE2EB4F1FD0CC1
:1006600088BFBCF5E06F1ED8BEF1004F08BF5FEA3F
:10067000500E50F1000041EB045170BD06F00046F1
:1006800046EA010140EA020081EA0301B4EB5C049E
:10069000C2BFD4EB0C0541EA045170BD41F4801196
:1006A0004FF0000E013C00F3AB8014F1360FDEBFBB
:1006B000002001F0004170BDC4F10004203C35DA97
:1006C0000C341BDC04F11404C4F1200500FA05F31A
:1006D00020FA04F001FA05F240EA020001F00042BB
:1006E00021F0004110EBD37021FA04F642EB060131
:1006F0005EEA430E08BF20EAD37070BDC4F10C045B
:10070000C4F1200500FA04F320FA05F001FA04F21E
:1007100040EA020001F0004110EBD37041F100010A
:100720005EEA430E08BF20EAD37070BDC4F1200515
:1007300000FA05F24EEA020E20FA04F301FA05F27D
:1007400043EA020321FA04F001F0004121FA04F225
:1007500020EA020000EBD3705EEA430E08BF20EAF5
:10076000D37070BD94F0000F0FD101F0004640002F
:1007700041EB010111F4801F08BF013CF7D041EAB1
:10078000060195F0000F18BF704703F000465200B5
:1007900043EB030313F4801F08BF013DF7D043EA86
:1007A0000603704794EA0C0F0CEA135518BF95EA3C
:1007B0000C0F0CD050EA410618BF52EA4306D1D1C3
:1007C00081EA030101F000414FF0000070BD50EAE2
:1007D000410606BF1046194652EA430619D094EA6C
:1007E0000C0F02D150EA013613D195EA0C0F05D156
:1007F00052EA03361CBF104619460AD181EA0301AA
:1008000001F0004141F0FE4141F470014FF0000061
:1008100070BD41F0FE4141F4780170BD70B54FF0FC
:10082000FF0C4CF4E06C1CEA11541DBF1CEA13557C
:1008300094EA0C0F95EA0C0F00F0A7F8A4EB05045E
:1008400081EA030E52EA03354FEA013100F0888055
:100850004FEA03334FF0805545EA131343EA12631E
:100860004FEA022245EA111545EA10654FEA0026D3
:100870000EF000419D4208BF964244F1FD0404F58C
:10088000407402D25B084FEA3202B61A65EB0305E8
:100890005B084FEA32024FF480104FF4002CB6EBA5
:1008A000020E75EB030E22BFB61A754640EA0C0025
:1008B0005B084FEA3202B6EB020E75EB030E22BF65
:1008C000B61A754640EA5C005B084FEA3202B6EBA6
:1008D000020E75EB030E22BFB61A754640EA9C0065
:1008E0005B084FEA3202B6EB020E75EB030E22BF35
:1008F000B61A754640EADC0055EA060E18D04FEAF3
:10090000051545EA16754FEA06164FEAC30343EA92
:1009100052734FEAC2025FEA1C1CC0D111F4801F5F
:100920000BD141EA00014FF000004FF0004CB6E758
:1009300011F4801F04BF01430020B4F1FD0C88BFF7
:10094000BCF5E06F3FF6AFAEB5EB030C04BFB6EB02
:10095000020C5FEA500C50F1000041EB045170BDF5
:100960000EF0004E4EEA113114EB5C04C2BFD4EB22
:100970000C0541EA045170BD41F480114FF0000EA6
:10098000013C90E645EA060E8DE60CEA135594EA22
:100990000C0F08BF95EA0C0F3FF43BAF94EA0C0F25
:1009A0000AD150EA01347FF434AF95EA0C0F7FF49A
:1009B00025AF104619462CE795EA0C0F06D152EAEE
:1009C00003353FF4FDAE1046194622E750EA4106D2
:1009D00018BF52EA43067FF4C5AE50EA41047FF4E3
:1009E0000DAF52EA43057FF4EBAE12E74FF0FF3C48
:1009F00006E000BF4FF0010C02E000BF4FF0010C19
:100A00004DF804CD4FEA410C7FEA6C5C4FEA430C91
:100A100018BF7FEA6C5C1BD001B050EA410C0CBFE0
:100A200052EA430C91EA030F02BF90EA020F002042
:100A3000704710F1000F91EA030F58BF994208BFA9
:100A400090422CBFD8176FEAE37040F00100704766
:100A50004FEA410C7FEA6C5C02D150EA013C07D1BD
:100A60004FEA430C7FEA6C5CD6D152EA033CD3D008
:100A70005DF8040B704700BF8446104662468C4602
:100A80001946634600E000BF01B5FFF7B7FF002835
:100A900048BF10F1000F01BD4DF808EDFFF7F4FF5E
:100AA0000CBF012000205DF808FB00BF4DF808EDE9
:100AB000FFF7EAFF34BF012000205DF808FB00BF0C
:100AC0004DF808EDFFF7E0FF94BF012000205DF82E
:100AD00008FB00BF4DF808EDFFF7CEFF94BF0120E3
:100AE00000205DF808FB00BF4DF808EDFFF7C4FFDC
:100AF00034BF012000205DF808FB00BF4FEA410C25
:100B00007FEA6C5C02D150EA013C0AD14FEA430C07
:100B10007FEA6C5C02D152EA033C02D14FF0000044
:100B200070474FF0010070474FEA410212F5001282
:100B300015D211D56FF47873B3EB625212D94FEA24
:100B4000C12343F0004343EA505311F0004F23FA0E
:100B500002F018BF404270474FF00000704750EA63
:100B6000013005D111F0004008BF6FF00040704720
:100B70004FF00000704700BF53B94AB9002908BFC1
:100B800000281CBF4FF0FF314FF0FF3000F088B954
:100B9000ADF1080C6DE904CE00F006F8DDF804E0D4
:100BA000DDE9022304B070472DE9F047089D0F46A8
:100BB00004468C46002B48D18A42164661D9B2FAC7
:100BC00082F34BB1C3F1200201FA03FC20FA02F2D6
:100BD0009E4042EA0C0C9C404FEA164EB7B2BCFB5A
:100BE000FEF1220C0EFB11CC42EA0C4201FB07F095
:100BF000904209D9B21801F1FF3C80F0EE8090429A
:100C000040F2EB8002393244121AA4B2B2FBFEF079
:100C10000EFB102244EA024400FB07F7A74209D961
:100C2000341900F1FF3280F0DA80A74240F2D78019
:100C30003444023840EA0140E41B00211DB1DC408D
:100C40000023C5E90043BDE8F0878B4206D90DB10A
:100C5000C5E9000100210846BDE8F087B3FA83F139
:100C6000002948D1BB4202D3824200F20781841A94
:100C700067EB030201209446002DE4D0C5E9004C47
:100C8000E1E7002A00F09280B2FA82F3002B40F0F4
:100C9000A8808A1A4FEA164E1FFA86FC0121200C02
:100CA000B2FBFEF70EFB172240EA02420CFB07F0F4
:100CB000904207D9B21807F1FF3802D2904200F2F1
:100CC000E2804746121AA4B2B2FBFEF00EFB1022DD
:100CD00044EA02440CFB00FCA44507D9341900F196
:100CE000FF3202D2A44500F2CB801046A4EB0C04E4
:100CF00040EA0740A2E7C1F120068B4022FA06FC39
:100D00004CEA030C07FA01F420FA06F3F7404FEA25
:100D10001C49234300FA01F81FFA8CFEB7FBF9F0D7
:100D20001C0C09FB107744EA074400FB0EF7A742AE
:100D300002FA01F20AD91CEB040400F1FF3A80F038
:100D40009B80A74240F2988002386444E41B9FB223
:100D5000B4FBF9F309FB134447EA044403FB0EFE1A
:100D6000A64509D91CEB040403F1FF3780F082800B
:100D7000A6457FD9023B644443EA0040A4EB0E043D
:100D8000A0FB02E7BC427346B94663D360D05DB1B5
:100D9000B8EB030264EB090404FA06F622FA01F345
:100DA0001E43CC40C5E9006400214CE762084808B6
:100DB00042EAC1710B0C43EA00438AB242EA0342A1
:100DC000B3FBF6F1E407B4463746B6461F23B0FB43
:100DD000F6F0D21B41EA004161E7614614E7104694
:100DE00028E7C3F1200120FA01F29E4027FA01F121
:100DF0009F403A434FEA164E1FFA86FCB1FBFEF7BE
:100E00000EFB1710110C41EA004107FB0CF8884556
:100E100004FA03F43AD9711807F1FF3001D288457A
:100E20001FD8A1EB0801B1FBFEF808FB0CF70EFB85
:100E3000181192B242EA0142BA422FD2B21808F116
:100E4000FF31C6D2BA42C4D2A8F102013244C0E78F
:100E5000F0459CD2BEEB020367EB0C070138B946A4
:100E600095E7A6EB08084144B81EB1FBFEF808FB65
:100E70000CF7DCE73B467FE7504667E70846FBE6B2
:100E80003444023832E7023F32441BE7A1EB080149
:100E90003846B1FBFEF808FB0CF7C8E7414698E777
:100EA000704700BF80B483B000AF786039607B6862
:100EB00003333A68D2B21A7000BF0C37BD465DF8F2
:100EC000047B704780B584B000AFF860C7E90023A9
:100ED000FB6803F10800D7E90023082106F0D9FCDC
:100EE00000BF1037BD4680BD80B483B000AF7860CE
:100EF00039607B6813333A68D2B21A7000BF0C377E
:100F0000BD465DF8047B704780B582B000AF786065
:100F1000396010223968786812F053FB00BF083737
:100F2000BD4680BD80B483B000AF786039603B6857
:100F30001A0A7B681633D2B21A707B6817333A6884
:100F4000D2B21A7000BF0C37BD465DF8047B704703
:100F500080B582B000AF7860396010223968786857
:100F600012F02FFB7B6816333A68927D1A707B680B
:100F700017333A68D27D1A7000BF0837BD4680BD6E
:100F800080B483B000AF786039607B681B333A6807
:100F9000D2B21A7000BF0C37BD465DF8047B7047B3
:100FA00080B483B000AF786039607B681F333A68E3
:100FB000D2B21A7000BF0C37BD465DF8047B704793
:100FC00080B483B000AF786039607B681B333A68C7
:100FD000D2B21A7000BF0C37BD465DF8047B704773
:100FE00080B582B000AF786039607B681C333968A7
:100FF000184606F077FC00BF0837BD4680BD0000EC
:1010000080B483B000AF7860064BD3F890200549D8
:101010007B681343C1F8903000BF0C37BD465DF8C4
:10102000047B70470008005880B485B000AF78603A
:101030004FF0B043DA6C4FF0B0417B681343CB64A0
:101040004FF0B043DA6C7B681340FB60FB6800BF75
:101050001437BD465DF8047B704780B485B000AF9F
:1010600078604FF0B043D3F84C214FF0B0417B682B
:101070001343C1F84C314FF0B043D3F84C217B6897
:101080001340FB60FB6800BF1437BD465DF8047B6E
:10109000704780B500AF08F04DFF08F051FF4FF4E6
:1010A0008030FFF7ADFF0FF07BFA00F021F800F081
:1010B000C1F800BF80BD0000B0B588B000AF0B4BD9
:1010C0003C1D1D460FCD0FC495E8070003C42280C8
:1010D0000234130C237010F0A9FE3B1D18460FF0CC
:1010E000D8FC00BF2037BD46B0BD00BF005101088D
:1010F00080B588B000AF3B1D00221A605A609A602C
:10110000DA601A610023BB8300237B8300233B83C7
:101110000023FB7736E0FB7F434ADB0013449B79D7
:10112000002B2CD0FB7F404A52F833303F4A934289
:101130001BD03E4A934221D8B3F1904F03D03C4A92
:10114000934209D01AE0FB7F374ADB0013449A88A8
:10115000BB8B1343BB8312E0FB7F334ADB0013449A
:101160009A887B8B13437B8309E0FB7F2E4ADB004D
:1011700013449A883B8B13433B8300E000BFFB7F03
:101180000133FB77FB7F252BC5D90023FB600123AF
:10119000BB6003233B61BB8B002B14D0BB8B7B60FC
:1011A0000120FFF741FF0120FFF757FF3B1D1946C4
:1011B0004FF0904009F0F8FBBB8B002219464FF02E
:1011C000904009F061FD7B8B002B12D07B8B7B6004
:1011D0000220FFF729FF0220FFF73FFF3B1D1946C2
:1011E000134809F0E1FB7B8B00221946104809F0F7
:1011F0004BFD3B8B002B13D03B8B7B600420FFF718
:1012000013FF0420FFF729FF3B1D1946074809F08B
:10121000CBFB3B8B00221946044809F035FD00BF8B
:1012200000BF2037BD4680BDE463010800080048C8
:101230000004004880B400AF00BFBD465DF8047BE9
:10124000704780B500AF05F01DFD00BF80BD80B5C3
:1012500084B000AFF8600B467A607B817A897B6846
:10126000F968002005F044FB00BF1037BD4680BD83
:1012700080B483B000AF7860074BD3F8803023F0A0
:10128000070205497B681343C1F8803000BF0C3763
:10129000BD465DF8047B70470004005880B483B0FD
:1012A00000AF7860064BD3F8902005497B68134364
:1012B000C1F8903000BF0C37BD465DF8047B704725
:1012C0000008005880B483B000AF78604FF0B0439E
:1012D0000A4AC3F89C204FF0B043D3F89C3023F463
:1012E0007C527B681B024FF0B0411343C1F89C3025
:1012F00000BF0C37BD465DF8047B7047FECAFECACE
:1013000080B483B000AF78604FF0B0439B6823F4A3
:1013100000424FF0B0417B6813438B6000BF0C3735
:10132000BD465DF8047B704780B400AF4FF0B0431A
:10133000D3F890304FF0B04243F48033C2F890308D
:1013400000BFBD465DF8047B704780B400AF4FF02E
:10135000B043D3F890304FF0B04223F48033C2F85A
:10136000903000BFBD465DF8047B704780B400AF8D
:101370004FF0B043D3F8943003F08063B3F1806F43
:1013800001D1012300E000231846BD465DF8047B2F
:10139000704780B400AF4FF0B043D3F8943003F0FF
:1013A0008053B3F1805F01D1012300E00023184690
:1013B000BD465DF8047B704780B485B000AF7860AF
:1013C0004FF0B0431A6D4FF0B0417B6813430B658B
:1013D0004FF0B0431A6D7B681340FB60FB6800BFA1
:1013E0001437BD465DF8047B7047000080B400AF41
:1013F000044B1B68C3F30B031846BD465DF8047B22
:10140000704700BF002004E080B400AF044B1B68AD
:101410001B0C9BB21846BD465DF8047B704700BFAD
:10142000002004E080B483B000AF786039607B684E
:101430005A683B681B041A437B685A6000BF0C372C
:10144000BD465DF8047B704780B483B000AF786020
:1014500039607B685A683B681A437B685A6000BFF2
:101460000C37BD465DF8047B704780B483B000AF95
:10147000786039607B685A693B681B041A437B6853
:101480005A6100BF0C37BD465DF8047B704780B4DD
:1014900083B000AF786039607B685A693B681A4353
:1014A0007B685A6100BF0C37BD465DF8047B70470E
:1014B00080B483B000AF786039607B683A689A6026
:1014C00000BF0C37BD465DF8047B704780B483B025
:1014D00000AF786039607B683A689A6100BF0C376A
:1014E000BD465DF8047B704780B400AF054B1B69B7
:1014F000044A23F00403136100BFBD465DF8047B7A
:10150000704700BF00ED00E080B483B000AF7860AA
:101510007B68FF225A6200BF0C37BD465DF8047B32
:10152000704780B483B000AF78607B68CA225A628B
:101530007B6853225A6200BF0C37BD465DF8047BBE
:10154000704780B483B000AF786039607B689B6877
:1015500023F007023B681A437B689A6000BF0C3790
:10156000BD465DF8047B704780B500AF044B4FF477
:1015700000421A6100F030F800F070F800BF80BD42
:101580000040005880B500AF00F07CF800F094F8FF
:101590000949002004F01CFFFFF77BFD0121012019
:1015A00010F0EAFC00F0EAF900F0F8F900F07AFA3D
:1015B00000F090F800BF80BD5C06002080B400AF52
:1015C00000BFBD465DF8047B704780B500AF50207A
:1015D000FFF764FE00BF80BD80B500AF00F004F8E7
:1015E00000F01AF800BF80BD80B500AFFFF7BEFE67
:1015F0000346002B0DD0FFF7CCFE0346002B08D18D
:1016000009F01CFC09F01AFCFFF78EFEFFF79DFEA7
:1016100000BF00BF80BD000080B500AF4FF4801058
:10162000FFF7CAFE3F210C48FFF742FF3F210A485F
:10163000FFF74CFF3F210848FFF7F4FE3F21064823
:10164000FFF713FF3F210448FFF7FEFE3F2102484A
:10165000FFF71DFF00BF80BD000C005880B582B0B1
:1016600000AF00200FF0D6F978607B68002B05D022
:101670007B689B791846FFF725FE00BF00BF08373F
:10168000BD4680BD80B500AFFFF798FFFFF79DFF17
:1016900000F002F800BF80BD80B500AF0548FFF73D
:1016A00040FF00210348FFF74CFF0248FFF72CFFE3
:1016B00000BF80BD0028004080B500AF4FF400405F
:1016C000FFF71EFE10F046FC0420FFF7D1FD00BF1F
:1016D00080BD000080B588B000AF10F0EDF9114A70
:1016E00000214FF4807010F043FE0F4B3B600F4B16
:1016F0007B603B4619460E480FF0A6FA0D4BBB60C7
:101700000D4BFB600D4B3B6140F23C537B6107F19D
:101710000803184610F016FB10F0C8F900BF203778
:10172000BD4680BD810C0108340703204117000825
:10173000591700084C09032040080320F801032032
:1017400080B483B000AF0346FB7100BF0C37BD46C9
:101750005DF8047B7047000080B588B000AF78600A
:101760007B685B680B33FB61FB691B889BB2A3F54D
:101770001243072B60D801A252F823F09D170008EE
:10178000DF170008ED1700083918000809180008CD
:1017900019180008211800083118000807F10C0377
:1017A00018460FF0A3F93B7B19467B7B1A46BB7B9F
:1017B000244811F019FD3B7C1946234811F014FD13
:1017C000BB7D1946FB7D1A463B7E204811F00CFD7F
:1017D0001F4811F009FD786800F070F82DE01D48F1
:1017E00011F002FD786800F043F826E01A4811F085
:1017F0006BFDFB6902331968FB6902335B681A46AB
:10180000164811F0F1FC18E0FB6902331B68194619
:10181000134811F0E9FC10E0124811F0E5FC0CE06F
:10182000FB6902331B6819460F4811F0DDFC04E028
:101830000E4811F0D9FC00E000BF00BF2037BD46C4
:1018400080BD00BF1C510108405101085C510108D6
:101850007451010894510108B85101080852010857
:10186000305201086C52010890520108CC52010814
:1018700080B584B000AF78607B685B680B33FB6039
:10188000FB680233BB60BB681B781946084811F03F
:10189000ABFCBB681B78002B03D1064811F014FD8C
:1018A00003E0054811F010FD00BF1037BD4680BDB4
:1018B000F0520108205301085C53010880B58AB03A
:1018C00000AF786007F1080300221A605A609A603E
:1018D000DA6000237B6200233B627B685B680B332A
:1018E000FB61FB690233BB61BB691B78002B28D10C
:1018F0001D4811F0E9FCFFF7DFFB0F233B727F234C
:10190000BB72FFF781FD7862796A184811F06CFCB0
:101910007B6A9BB2BB82FFF769FD3862396A144863
:1019200011F062FC3B6A9BB2FB8207F10803184688
:101930000FF0C6F806F0EAF90021012010F01CFBB8
:101940000EE0BB691B78012B06D10A4811F04CFC54
:101950007B6800221A7003E0074811F045FC00BFC5
:101960002837BD4680BD00BF94530108B05301081D
:10197000D4530108F45301082854010880B500AF7E
:10198000002008F0F1F8012008F0EEF8022008F03D
:10199000EBF8012008F022F900BF80BD80B500AF50
:1019A0000121002008F04EF90121012008F04AF938
:1019B0000121022008F046F900BF80BD80B584B047
:1019C00000AF786008F092FAB8607B68FB60FB6853
:1019D000B3F1FF3F0AD008F0A1FA03461A46FB68AC
:1019E0001344FB6002E0FFF77FFD30BF08F07EFA92
:1019F0000246BB68D31AFA689A42F4D800BF00BF07
:101A00001037BD4680BD80B500AF4FF0FF3010F0FD
:101A10002DFB00BF80BD80B400AF00BFBD465DF8A8
:101A2000047B704780B582B000AF786000214FF42E
:101A3000807010F0BFFC00BF0837BD4680BD80B588
:101A400082B000AF7860022010F020FD00BF0837A0
:101A5000BD4680BD80B582B000AF7860022010F036
:101A600035FD00BF0837BD4680BD80B582B000AFF0
:101A70000346FB80FB88102B06D0102B0DDC012BBE
:101A800005D0022B06D008E006F056FC06E006F072
:101A900063FC03E006F067FC00E000BF00BF08370E
:101AA000BD4680BD80B500AF034B01220349002035
:101AB00004F0FAFE00BF80BDC11A000870020020C9
:101AC00080B500AF154B1B88FF2B1ED8144B1B781D
:101AD0000D2B0FD11349144811F086FB00F028F8A4
:101AE0000E4B00221A804FF4807200210D4811F035
:101AF000D9FC0AE0094B1B885A1C91B2074A118095
:101B00001A46074B1978074B9954084B0122044990
:101B1000002004F0C9FE00BF80BD00BF7803002094
:101B200070020020780200205C540108C11A0008ED
:101B300080B500AF1C491D48FEF722FB0346002B71
:101B400009D11B4811F0C0FB1A4B1B4A1A601948F7
:101B500008F008FF26E019491448FEF711FB034678
:101B6000002B0AD1164811F0AFFB124B4FF0B052C8
:101B70001A60104808F0F6FE14E012490B48FEF710
:101B8000FFFA0346002B09D10F4811F09DFB094BCA
:101B90000E4A1A60074808F0E5FE03E003490C48C6
:101BA00011F022FB00BF80BD6C54010878020020B8
:101BB00070540108680200200400001678540108DF
:101BC0007C5401088454010888540108010000165F
:101BD0009054010880B483B000AF786000BF0C3728
:101BE000BD465DF8047B704780B483B000AF786079
:101BF00000BF0C37BD465DF8047B70472DE9F0034C
:101C000086B000AF78604FF000004FF00001C7E9E8
:101C100004010021F96022E07868F968014409783C
:101C2000C9B200200C460546F968C900A1F120069A
:101C3000C1F1200005FA01F304FA06F6334324FA51
:101C400000F0034304FA01F2D7E9040140EA020874
:101C500041EA0309C7E90489F9680131F960F968C3
:101C60000729D9D9D7E90423104619461837BD46A4
:101C7000BDE8F0037047F0B486B000AFF860C7E984
:101C8000002300237B6119E07B69D900D7E9002399
:101C9000C1F12006A1F1200022FA01F403FA06F6B0
:101CA000344323FA00F0044323FA01F5FA687B6910
:101CB0001344E2B21A707B6901337B617B69072BA5
:101CC000E2D900BF00BF1837BD46F0BC7047000026
:101CD0002DE9F00FADF6883D00AF07F68833A3F588
:101CE000F673186007F68833A3F5F6731B68D3E91B
:101CF000002307F67831C1E9002307F68833A3F5FE
:101D0000F6731B68D3E9022307F53761C1E90023A5
:101D100007F68833A3F5F6731B68D3E9042307F6A7
:101D20006831C1E9002307F68833A3F5F6731B6811
:101D3000D3E9062307F53661C1E9002307F68833A6
:101D4000A3F5F6731B68D3E9082307F65831C1E9F8
:101D5000002307F68833A3F5F6731B68D3E90A233B
:101D600007F53561C1E9002307F68833A3F5F6735B
:101D70001B68D3E90C2307F64831C1E9002307F6B5
:101D80008833A3F5F6731B68D3E90E2307F5346196
:101D9000C1E9002307F68833A3F5F6731B68D3E97E
:101DA000102307F63831C1E9002307F68833A3F57D
:101DB000F6731B68D3E9122307F53361C1E90023E9
:101DC00007F68833A3F5F6731B68D3E9142307F6E7
:101DD0002831C1E9002307F68833A3F5F6731B68A1
:101DE000D3E9162307F53261C1E9002307F68833EA
:101DF000A3F5F6731B68D3E9182307F61831C1E978
:101E0000002307F68833A3F5F6731B68D3E91A237A
:101E100007F53161C1E9002307F68833A3F5F673AE
:101E20001B68D3E91C2307F60831C1E9002307F634
:101E30008833A3F5F6731B68D3E91E2307F53061D9
:101E4000C1E9002307F68833A3F5F6731B68D3E9CD
:101E5000202307F6F821C1E9002307F68833A3F50C
:101E6000F6731B68D3E9222307F52F61C1E900232C
:101E700007F68833A3F5F6731B68D3E9242307F626
:101E8000E821C1E9002307F68833A3F5F6731B6840
:101E9000D3E9262307F52E61C1E9002307F688332D
:101EA000A3F5F6731B68D3E9282307F6D821C1E907
:101EB000002307F68833A3F5F6731B68D3E92A23BA
:101EC00007F52D61C1E9002307F68833A3F5F67302
:101ED0001B68D3E92C2307F6C821C1E9002307F6C4
:101EE0008833A3F5F6731B68D3E92E2307F52C611D
:101EF000C1E9002307F68833A3F5F6731B68D3E91D
:101F0000302307F6B821C1E900230023C7F8843B3A
:101F100002F0F7BD07F67833D3E9000107F5356322
:101F2000D3E9002380EA0206C7F890694B40C7F85E
:101F3000943907F62833D3E90023D7F89019514094
:101F4000C7F88819D7F894194B40C7F88C3907F5AA
:101F50003063D3E90023D7F888195140C7F88019B6
:101F6000D7F88C194B40C7F8843907F6D823D3E942
:101F70000023D7F880195140C7F84815D7F88419BD
:101F80004B40C7F84C3507F5A963D3E9002307F5A3
:101F90002B61C1E9002307F53763D3E9000107F698
:101FA0004833D3E9002380EA0206C7F878694B403A
:101FB000C7F87C3907F53263D3E90023D7F87819DD
:101FC0005140C7F87019D7F87C194B40C7F87439DD
:101FD00007F6F823D3E90023D7F870195140C7F862
:101FE0006819D7F874194B40C7F86C3907F52D6399
:101FF000D3E90023D7F868195140C7F84015D7F83E
:102000006C194B40C7F8443507F5A863D3E90023A2
:1020100007F6A821C1E9002307F66833D3E90001D8
:1020200007F53463D3E9002380EA0206C7F8606944
:102030004B40C7F8643907F61833D3E90023D7F8C3
:1020400060195140C7F85819D7F864194B40C7F8C0
:102050005C3907F52F63D3E90023D7F858195140AD
:10206000C7F85019D7F85C194B40C7F8543907F630
:10207000C823D3E90023D7F850195140C7F83815C1
:10208000D7F854194B40C7F83C3507F5A763D3E997
:10209000002307F52A61C1E9002307F53663D3E978
:1020A000000107F63833D3E9002380EA0206C7F8B7
:1020B00048694B40C7F84C3907F53163D3E9002331
:1020C000D7F848195140C7F84019D7F84C194B4078
:1020D000C7F8443907F6E823D3E90023D7F84019B5
:1020E0005140C7F83819D7F844194B40C7F83C3964
:1020F00007F52C63D3E90023D7F838195140C7F806
:102100003015D7F83C194B40C7F8343507F5A663AE
:10211000D3E9002307F69821C1E9002307F65833D5
:10212000D3E9000107F53363D3E9002380EA02060F
:10213000C7F830694B40C7F8343907F60833D3E99C
:102140000023D7F830195140C7F82819D7F83419A7
:102150004B40C7F82C3907F52E63D3E90023D7F895
:1021600028195140C7F82019D7F82C194B40C7F847
:10217000243907F6B823D3E90023D7F820195140B2
:10218000C7F82815D7F824194B40C7F82C3507F5A0
:10219000A563D3E9002307F52961C1E90023D7F836
:1021A000AC3ADA0FD7F8A83A5B001343C7F81839EE
:1021B000D7F8A83ADA0FD7F8AC3A5B001343C7F860
:1021C0001C3907F52963D3E90023D7F818195140C2
:1021D000C7F82015D7F81C194B40C7F8243507F568
:1021E000A463D3E9002307F68821C1E90023D7F8C7
:1021F000A43ADA0FD7F8A03A5B001343C7F81039B6
:10220000D7F8A03ADA0FD7F8A43A5B001343C7F81F
:10221000143907F52B63D3E90023D7F8101951407F
:10222000C7F81815D7F814194B40C7F81C3507F52F
:10223000A363D3E9002307F52861C1E90023D7F898
:102240009C3ADA0FD7F8983A5B001343C7F808397D
:10225000D7F8983ADA0FD7F89C3A5B001343C7F8DF
:102260000C3907F6A823D3E90023D7F80819514001
:10227000C7F81015D7F80C194B40C7F8143507F5F7
:10228000A263D3E9002307F67821C1E90023D7F838
:10229000943ADA0FD7F8903A5B001343C7F8003945
:1022A000D7F8903ADA0FD7F8943A5B001343C7F89F
:1022B000043907F52A63D3E90023D7F80019514000
:1022C000C7F80815D7F804194B40C7F80C3507F5BF
:1022D000A163D3E9002307F52761C1E90023D7F8FB
:1022E000B43ADA0FD7F8B03A5B001343C7F8F838BE
:1022F000D7F8B03ADA0FD7F8B43A5B001343C7F80F
:10230000FC3807F69823D3E90023D7F8F818514092
:10231000C7F80015D7F8FC184B40C7F8043507F587
:10232000A063D3E9002307F66821C1E9002307F67B
:102330007833D3E9000107F68823D3E9002380EA44
:102340000206C7F8F8644B40C7F8FC3407F59F63F2
:10235000D3E9002307F67831C1E9002307F6783383
:10236000D3E9002307F52B61C1E9002307F64833C1
:10237000D3E9000107F52863D3E9002380EA0206C8
:10238000C7F8F0644B40C7F8F43407F59E63D3E90F
:10239000002307F64831C1E90023D7F84C3B1A0364
:1023A000D7F8483B1B0D1343C7F8E834D7F8483B30
:1023B0001A03D7F84C3B1B0D1343C7F8EC3407F551
:1023C0009D63D3E9002307F6A821C1E9002307F69E
:1023D0001833D3E9000107F67823D3E9002380EA14
:1023E0000206C7F8E0644B40C7F8E43407F59C6385
:1023F000D3E9002307F61831C1E90023D7F81C3BC5
:10240000DA02D7F8183B5B0D1343C7F8D834D7F876
:10241000183BDA02D7F81C3B5B0D1343C7F8DC34DA
:1024200007F59B63D3E9002307F52A61C1E900237F
:1024300007F6E823D3E9000107F52763D3E9002372
:1024400080EA0206C7F8D0644B40C7F8D43407F5D9
:102450009A63D3E9002307F6E821C1E90023D7F8FE
:10246000EC3ADA0AD7F8E83A5B051343C7F8C83400
:10247000D7F8E83ADA0AD7F8EC3A5B051343C7F81D
:10248000CC3407F59963D3E9002307F69821C1E915
:10249000002307F6B823D3E9000107F66823D3E940
:1024A000002380EA0206C7F8C0644B40C7F8C43472
:1024B00007F59863D3E9002307F6B821C1E90023A3
:1024C000D7F8BC3A9A0CD7F8B83A9B031343C7F82D
:1024D000B834D7F8B83A9A0CD7F8BC3A9B031343F0
:1024E000C7F8BC3407F59763D3E9002307F52961E2
:1024F000C1E9002307F6A823D3E90023D143C7F895
:10250000F018DB43C7F8F43807F52A63D3E9002352
:10251000D7F8F0181140C7F8E818D7F8F4180B40AE
:10252000C7F8EC3807F52B63D3E90023D7F8E81890
:102530005140C7F8B014D7F8EC184B40C7F8B43482
:1025400007F59663D3E9002307F52661C1E9002367
:10255000FD4AD7F8843BDB001344D3E9000107F5BB
:102560002663D3E9002382EA0006C7F8A8644B403B
:10257000C7F8AC3407F59563D3E9002307F5266166
:10258000C1E9002307F52A63D3E90023D143C7F843
:10259000E018DB43C7F8E43807F69823D3E90023B3
:1025A000D7F8E0181140C7F8D818D7F8E4180B404E
:1025B000C7F8DC3807F6A823D3E90023D7F8D818E2
:1025C0005140C7F8A014D7F8DC184B40C7F8A43422
:1025D00007F59463D3E9002307F65821C1E90023E6
:1025E00007F69823D3E90023D143C7F8D018DB437B
:1025F000C7F8D43807F52963D3E90023D7F8D018F2
:102600001140C7F8C818D7F8D4180B40C7F8CC3811
:1026100007F52A63D3E90023D7F8C8185140C7F853
:102620009814D7F8CC184B40C7F89C3407F593633F
:10263000D3E9002307F52561C1E9002307F52963E4
:10264000D3E90023D143C7F8C018DB43C7F8C43827
:1026500007F52B63D3E90023D7F8C0181140C7F85A
:10266000B818D7F8C4180B40C7F8BC3807F6982339
:10267000D3E90023D7F8B8185140C7F89014D7F819
:10268000BC184B40C7F8943407F59263D3E9002394
:1026900007F64821C1E9002307F52B63D3E900239E
:1026A000D143C7F8B018DB43C7F8B43807F6A823FE
:1026B000D3E90023D7F8B0181140C7F8A818D7F805
:1026C000B4180B40C7F8AC3807F52963D3E90023E9
:1026D000D7F8A8185140C7F88814D7F8AC184B4061
:1026E000C7F88C3407F59163D3E9002307F524611B
:1026F000C1E9002307F53663D3E9000107F5276335
:10270000D3E9002380EA0206C7F880644B40C7F88B
:10271000843407F59063D3E9002307F53661C1E9F6
:102720000023D7F8643B1A09D7F8603B1B07134313
:10273000C7F87834D7F8603B1A09D7F8643B1B0711
:102740001343C7F87C3407F58F63D3E9002307F5FB
:102750002B61C1E9002307F53363D3E9000107F6D4
:102760006823D3E9002380EA0206C7F870644B406F
:10277000C7F8743407F58E63D3E9002307F5336196
:10278000C1E90023D7F8343B1A0BD7F8303B1B05BF
:102790001343C7F86834D7F8303B1A0BD7F8343BEB
:1027A0001B051343C7F86C3407F58D63D3E9002389
:1027B00007F6A821C1E9002307F62833D3E9000171
:1027C00007F68823D3E9002380EA0206C7F860648D
:1027D0004B40C7F8643407F58C63D3E9002307F650
:1027E0002831C1E90023D7F82C3B5A0FD7F8283BF2
:1027F000DB001343C7F85834D7F8283B5A0FD7F8F3
:102800002C3BDB001343C7F85C3407F58B63D3E93B
:10281000002307F52A61C1E9002307F6F823D3E96D
:10282000000107F52863D3E9002380EA0206C7F810
:1028300050644B40C7F8543407F58A63D3E900234A
:1028400007F6F821C1E90023D7F8FC3A5A03D7F874
:10285000F83ADB0C1343C7F84834D7F8F83A5A0370
:10286000D7F8FC3ADB0C1343C7F84C3407F58963FF
:10287000D3E9002307F69821C1E9002307F6C8230E
:10288000D3E9000107F67823D3E9002380EA0206A2
:10289000C7F840644B40C7F8443407F58863D3E970
:1028A000002307F6C821C1E90023D7F8CC3A5A071C
:1028B000D7F8C83ADB081343C7F83834D7F8C83A12
:1028C0005A07D7F8CC3ADB081343C7F83C3407F56E
:1028D0008763D3E9002307F52961C1E9002307F6DF
:1028E000A823D3E90023D143C7F8A018DB43C7F8D6
:1028F000A43807F52A63D3E90023D7F8A0181140BC
:10290000C7F89818D7F8A4180B40C7F89C3807F5F3
:102910002B63D3E90023D7F898185140C7F8301437
:10292000D7F89C184B40C7F8343407F58663D3E9D1
:10293000002307F63821C1E9002307F52A63D3E90C
:102940000023D14302E000BF18650108C7F89018C2
:10295000DB43C7F8943807F69823D3E90023D7F868
:1029600090181140C7F88818D7F894180B40C7F88A
:102970008C3807F6A823D3E90023D7F888185140EC
:10298000C7F82814D7F88C184B40C7F82C3407F533
:102990008563D3E9002307F52361C1E9002307F626
:1029A0009823D3E90023D143C7F88018DB43C7F845
:1029B000843807F52963D3E90023D7F8801811403C
:1029C000C7F87818D7F884180B40C7F87C3807F593
:1029D0002A63D3E90023D7F878185140C7F82014A8
:1029E000D7F87C184B40C7F8243407F58463D3E943
:1029F000002307F62821C1E9002307F52963D3E95D
:102A00000023D143C7F87018DB43C7F8743807F5C3
:102A10002B63D3E90023D7F870181140C7F8681862
:102A2000D7F874180B40C7F86C3807F69823D3E929
:102A30000023D7F868185140C7F81814D7F86C1855
:102A40004B40C7F81C3407F58363D3E9002307F52F
:102A50002261C1E9002307F52B63D3E90023D143A9
:102A6000C7F86018DB43C7F8643807F6A823D3E932
:102A70000023D7F860181140C7F85818D7F8641821
:102A80000B40C7F85C3807F52963D3E90023D7F872
:102A900058185140C7F81014D7F85C184B40C7F8C5
:102AA000143407F58263D3E9002307F61821C1E93E
:102AB000002307F53763D3E9000107F52863D3E95D
:102AC000002380EA0206C7F808644B40C7F80C34BC
:102AD00007F58163D3E9002307F53761C1E90023D6
:102AE000D7F8743BDA0FD7F8703B5B001343C7F895
:102AF0000034D7F8703BDA0FD7F8743B5B00134310
:102B0000C7F8043407F58063D3E9002307F52B6188
:102B1000C1E9002307F53463D3E9000107F6782300
:102B2000D3E9002380EA0206C7F8F8634B40C7F8F0
:102B3000FC33D7E9FE2307F53461C1E90023D7F858
:102B4000443B9A0ED7F8403B9B011343C7F8F03340
:102B5000D7F8403B9A0ED7F8443B9B011343C7F884
:102B6000F433D7E9FC2307F6A821C1E9002307F5D0
:102B70003163D3E9000107F52763D3E9002380EA35
:102B80000206C7F8E8634B40C7F8EC33D7E9FA23ED
:102B900007F53161C1E90023D7F8143BDA09D7F80A
:102BA000103B5B061343C7F8E033D7F8103BDA0954
:102BB000D7F8143B5B061343C7F8E433D7E9F8238F
:102BC00007F52A61C1E9002307F52E63D3E9000167
:102BD00007F66823D3E9002380EA0206C7F8D86322
:102BE0004B40C7F8DC33D7E9F62307F52E61C1E97E
:102BF0000023D7F8E43A1A0ED7F8E03A1B02134341
:102C0000C7F8D033D7F8E03A1A0ED7F8E43A1B02E7
:102C10001343C7F8D433D7E9F42307F69821C1E961
:102C2000002307F6D823D3E9000107F68823D3E968
:102C3000002380EA0206C7F8C8634B40C7F8CC33CC
:102C4000D7E9F22307F6D821C1E90023D7F8DC3A07
:102C50009A0BD7F8D83A9B041343C7F8C033D7F878
:102C6000D83A9A0BD7F8DC3A9B041343C7F8C4331D
:102C7000D7E9F02307F52961C1E9002307F6A82366
:102C8000D3E90023D143C7F85018DB43C7F85438C1
:102C900007F52A63D3E90023D7F850181140C7F885
:102CA0004818D7F854180B40C7F84C3807F52B6371
:102CB000D3E90023D7F848185140C7F8B813D7F81C
:102CC0004C184B40C7F8BC33D7E9EE2307F5216118
:102CD000C1E9002307F52A63D3E90023D143C7F8EC
:102CE0004018DB43C7F8443807F69823D3E900239C
:102CF000D7F840181140C7F83818D7F844180B40D7
:102D0000C7F83C3807F6A823D3E90023D7F83818CA
:102D10005140C7F8B013D7F83C184B40C7F8B4334C
:102D2000D7E9EC2307F60821C1E9002307F6982329
:102D3000D3E90023D143C7F83018DB43C7F8343850
:102D400007F52963D3E90023D7F830181140C7F8F5
:102D50002818D7F834180B40C7F82C3807F52A6321
:102D6000D3E90023D7F828185140C7F8A813D7F89B
:102D70002C184B40C7F8AC33D7E9EA2307F520619C
:102D8000C1E9002307F52963D3E90023D143C7F83C
:102D90002018DB43C7F8243807F52B63D3E9002359
:102DA000D7F820181140C7F81818D7F824180B4086
:102DB000C7F81C3807F69823D3E90023D7F818186A
:102DC0005140C7F8A013D7F81C184B40C7F8A433DC
:102DD000D7E9E82307F6F811C1E9002307F52B63CB
:102DE000D3E90023D143C7F81018DB43C7F81438E0
:102DF00007F6A823D3E90023D7F810181140C7F825
:102E00000818D7F814180B40C7F80C3807F52963D1
:102E1000D3E90023D7F808185140C7F89813D7F81A
:102E20000C184B40C7F89C33D7E9E62307F51F6120
:102E3000C1E9002307F65833D3E9000107F66823F8
:102E4000D3E9002380EA0206C7F890634B40C7F835
:102E50009433D7E9E42307F65831C1E90023D7F8C2
:102E60005C3B5A09D7F8583BDB061343C7F8883355
:102E7000D7F8583B5A09D7F85C3BDB061343C7F831
:102E80008C33D7E9E22307F52B61C1E9002307F56D
:102E90003563D3E9000107F68823D3E9002380EAEC
:102EA0000206C7F880634B40C7F88433D7E9E023B4
:102EB00007F53561C1E90023D7F8543B1A01D7F86B
:102EC000503B1B0F1343C7F87833D7F8503B1A0118
:102ED000D7F8543B1B0F1343C7F87C33D7E9DE23E5
:102EE00007F6A821C1E9002307F53263D3E9000101
:102EF00007F52863D3E9002380EA0206C7F8706368
:102F00004B40C7F87433D7E9DC2307F53261C1E9D8
:102F10000023D7F8243B9A0DD7F8203B9B0213439C
:102F2000C7F86833D7F8203B9A0DD7F8243B9B02AB
:102F30001343C7F86C33D7E9DA2307F52A61C1E9EF
:102F4000002307F52F63D3E9000107F67823D3E9BF
:102F5000002380EA0206C7F860634B40C7F8643379
:102F6000D7E9D82307F52F61C1E90023D7F8F43A50
:102F70005A0CD7F8F03ADB031343C7F85833D7F8A5
:102F8000F03A5A0CD7F8F43ADB031343C7F85C3332
:102F9000D7E9D62307F69821C1E9002307F52C636A
:102FA000D3E9000107F52763D3E9002380EA02068D
:102FB000C7F850634B40C7F85433D7E9D42307F51B
:102FC0002C61C1E90023D7F8C43A1A06D7F8C03AF1
:102FD0001B0A1343C7F84833D7F8C03A1A06D7F884
:102FE000C43A1B0A1343C7F84C33D7E9D22307F579
:102FF0002961C1E9002307F6A823D3E90023D143BF
:10300000C7F80018DB43C7F8043807F52A63D3E98B
:103010000023D7F800181140C7F8F817D7F804189C
:103020000B40C7F8FC3707F52B63D3E90023D7F82B
:10303000F8175140C7F84013D7F8FC174B40C7F8B2
:103040004433D7E9D02307F6E811C1E9002307F597
:103050002A63D3E90023D143C7F8F017DB43C7F84D
:10306000F43707F69823D3E90023D7F8F017114077
:10307000C7F8E817D7F8F4170B40C7F8EC3707F68E
:10308000A823D3E90023D7F8E8175140C7F838132D
:10309000D7F8EC174B40C7F83C33D7E9CE2307F5F8
:1030A0001E61C1E9002307F69823D3E90023D14329
:1030B000C7F8E017DB43C7F8E43707F52963D3E91E
:1030C0000023D7F8E0171140C7F8D817D7F8E4174E
:1030D0000B40C7F8DC3707F52A63D3E90023D7F89C
:1030E000D8175140C7F83013D7F8DC174B40C7F852
:1030F0003433D7E9CC2307F6D811C1E9002307F50B
:103100002963D3E90023D143C7F8D017DB43C7F8BD
:10311000D43707F52B63D3E90023D7F8D017114034
:10312000C7F8C817D7F8D4170B40C7F8CC3707F63D
:103130009823D3E90023D7F8C8175140C7F82813BC
:10314000D7F8CC174B40C7F82C33D7E9CA2307F57B
:103150001D61C1E9002307F52B63D3E90023D143A7
:10316000C7F8C017DB43C7F8C43707F6A823D3E96D
:103170000023D7F8C0171140C7F8B817D7F8C417FD
:103180000B40C7F8BC3707F52963D3E90023D7F80C
:10319000B8175140C7F82013D7F8BC174B40C7F8F1
:1031A0002433D7E9C82307F6C811C1E9002307F67D
:1031B0006833D3E9000107F67823D3E9002380EAD6
:1031C0000206C7F818634B40C7F81C33D7E9C6237B
:1031D00007F66831C1E90023D7F86C3B9A07D7F8A6
:1031E000683B9B081343C7F81033D7F8683B9A072E
:1031F000D7F86C3B9B081343C7F81433D7E9C423B3
:1032000007F52B61C1E9002307F63833D3E9000144
:1032100007F52763D3E9002380EA0206C7F80863AD
:103220004B40C7F80C33D7E9C22307F63831C1E960
:103230000023D7F83C3BDA05D7F8383B5B0A134349
:10324000C7F80033D7F8383BDA05D7F83C3B5B0AC0
:103250001343C7F80433D7E9C02307F6A821C1E90F
:10326000002307F60833D3E9000107F66823D3E902
:10327000002380EA0206C7F8F8624B40C7F8FC3228
:10328000D7E9BE2307F60831C1E90023D7F80C3B84
:10329000DA01D7F8083B5B0E1343C7F8F032D7F8D2
:1032A000083BDA01D7F80C3B5B0E1343C7F8F43246
:1032B000D7E9BC2307F52A61C1E9002307F530638C
:1032C000D3E9000107F68823D3E9002380EA020648
:1032D000C7F8E8624B40C7F8EC32D7E9BA2307F5E4
:1032E0003061C1E90023D7F8043B5A02D7F8003B0C
:1032F000DB0D1343C7F8E032D7F8003B5A02D7F88A
:10330000043BDB0D1343C7F8E432D7E9B82307F6D3
:103310009821C1E9002307F52D63D3E9000107F5E2
:103320002863D3E9002380EA0206C7F8D8624B403D
:10333000C7F8DC32D7E9B62307F52D61C1E90023D0
:10334000D7F8D43A9A0FD7F8D03A9B001343C7F86E
:10335000D032D7F8D03A9A0FD7F8D43A9B0013431B
:10336000C7F8D432D7E9B42307F52961C1E90023AE
:1033700007F6A823D3E90023D143C7F8B017DB43EE
:10338000C7F8B43707F52A63D3E90023D7F8B01795
:103390001140C7F8A817D7F8B4170B40C7F8AC37D7
:1033A00007F52B63D3E90023D7F8A8175140C7F8D6
:1033B000C812D7F8AC174B40C7F8CC32D7E9B223C4
:1033C00007F51C61C1E9002307F52A63D3E900234F
:1033D000D143C7F8A017DB43C7F8A43707F69823F3
:1033E000D3E90023D7F8A0171140C7F89817D7F8EA
:1033F000A4170B40C7F89C3707F6A823D3E900238E
:10340000D7F898175140C7F8C012D7F89C174B400F
:10341000C7F8C432D7E9B02307F6B811C1E90023D1
:1034200007F69823D3E90023D143C7F89017DB436D
:10343000C7F8943707F52963D3E90023D7F8901725
:103440001140C7F88817D7F894170B40C7F88C3786
:1034500007F52A63D3E90023D7F888175140C7F846
:10346000B812D7F88C174B40C7F8BC32D7E9AE2357
:1034700007F51B61C1E9002307F52963D3E90023A0
:10348000D143C7F88017DB43C7F8843707F52B63B0
:10349000D3E90023D7F880171140C7F87817D7F879
:1034A00084170B40C7F87C3707F69823D3E900232D
:1034B000D7F878175140C7F8B012D7F87C174B40AF
:1034C000C7F8B432D7E9AC2307F6A811C1E9002345
:1034D00007F52B63D3E90023D143C7F87017DB430B
:1034E000C7F8743707F6A823D3E90023D7F8701775
:1034F0001140C7F86817D7F874170B40C7F86C3736
:1035000007F52963D3E90023D7F868175140C7F8B6
:10351000A812D7F86C174B40C7F8AC32D7E9AA23EA
:1035200007F51A61C1E9002307F52663D3E9000115
:1035300007F63823D3E9002380EA0206C7F860675C
:103540004B40C7F8643707F52163D3E90023D7F868
:1035500060175140C7F85817D7F864174B40C7F8A1
:103560005C3707F6E813D3E90023D7F85817514022
:10357000C7F85017D7F85C174B40C7F8543707F512
:103580001C63D3E90023D7F850175140C7F8A012A5
:10359000D7F854174B40C7F8A432D7E9A82307F54A
:1035A0002B61C1E9002307F65823D3E9000107F591
:1035B0002363D3E9002380EA0206C7F848674B403B
:1035C000C7F84C3707F60823D3E90023D7F8481784
:1035D0005140C7F84017D7F84C174B40C7F844374D
:1035E00007F51E63D3E90023D7F840175140C7F809
:1035F0003817D7F844174B40C7F83C3707F6B813CD
:10360000D3E90023D7F838175140C7F89812D7F8F4
:103610003C174B40C7F89C32D7E9A62307F6A821F0
:10362000C1E9002307F52563D3E9000107F6282344
:10363000D3E9002380EA0206C7F830674B40C7F899
:10364000343707F52063D3E90023D7F8301751400A
:10365000C7F82817D7F834174B40C7F82C3707F6A8
:10366000D813D3E90023D7F828175140C7F82017FB
:10367000D7F82C174B40C7F8243707F51B63D3E95D
:103680000023D7F820175140C7F89012D7F8241715
:103690004B40C7F89432D7E9A42307F52A61C1E962
:1036A000002307F64823D3E9000107F52263D3E995
:1036B000002380EA0206C7F818674B40C7F81C379A
:1036C00007F6F813D3E90023D7F818175140C7F8C5
:1036D0001017D7F81C174B40C7F8143707F51D63B0
:1036E000D3E90023D7F810175140C7F80817D7F8C7
:1036F00014174B40C7F80C3707F6A813D3E900237B
:10370000D7F808175140C7F88812D7F80C174B4064
:10371000C7F88C32D7E9A22307F69821C1E9002324
:1037200007F52463D3E9000107F61823D3E9002342
:1037300080EA0206C7F800674B40C7F8043707F570
:103740001F63D3E90023D7F800175140C7F8F816D4
:10375000D7F804174B40C7F8FC3607F6C813D3E96F
:103760000023D7F8F8165140C7F8F016D7F8FC1622
:103770004B40C7F8F43607F51A63D3E90023D7F8AE
:10378000F0165140C7F88012D7F8F4164B40C7F82E
:103790008432D7E9A02307F52961C1E90023D7F8CE
:1037A000AC3ADA0FD7F8A83A5B001343C7F8E8360B
:1037B000D7F8A83ADA0FD7F8AC3A5B001343C7F84A
:1037C000EC3607F52963D3E90023D7F8E816514012
:1037D000C7F87812D7F8EC164B40C7F87C32D7E917
:1037E0009E2307F68821C1E90023D7F8A43ADA0F0F
:1037F000D7F8A03A5B001343C7F8E036D7F8A03AF1
:10380000DA0FD7F8A43A5B001343C7F8E43607F59C
:103810002B63D3E90023D7F8E0165140C7F87012A4
:10382000D7F8E4164B40C7F87432D7E99C2307F564
:103830002861C1E90023D7F89C3ADA0FD7F8983A03
:103840005B001343C7F8D836D7F8983ADA0FD7F8A1
:103850009C3A5B001343C7F8DC3607F6A823D3E98C
:103860000023D7F8D8165140C7F86812D7F8DC16ED
:103870004B40C7F86C32D7E99A2307F67821C1E9A3
:103880000023D7F8943ADA0FD7F8903A5B00134345
:10389000C7F8D036D7F8903ADA0FD7F8943A5B00E9
:1038A0001343C7F8D43607F52A63D3E90023D7F8C2
:1038B000D0165140C7F86012D7F8D4164B40C7F85D
:1038C0006432D7E9982307F52761C1E90023D7F8C7
:1038D000B43ADA0FD7F8B03A5B001343C7F8C836EA
:1038E000D7F8B03ADA0FD7F8B43A5B001343C7F809
:1038F000CC3607F69823D3E90023D7F8C8165140F1
:10390000C7F85812D7F8CC164B40C7F85C32D7E945
:10391000962307F66821C1E9002307F52663D3E95A
:10392000000107F68823D3E9002380EA0206C7F8DE
:1039300050624B40C7F85432D7E9942307F526610B
:10394000C1E9002307F52663D3E9002307F52B61BE
:10395000C1E9002307F52363D3E9000107F52863D4
:10396000D3E9002380EA0206C7F848624B40C7F853
:103970004C32D7E9922307F52361C1E9002307F60A
:103980008833A3F5AA7007F68833A3F5AC710368F2
:103990001A030B681B0D1343C7F840320B681A0358
:1039A00003681B0D1343C7F84432D7E9902307F689
:1039B000A821C1E9002307F52063D3E9000107F638
:1039C0007823D3E9002380EA0206C7F838624B4027
:1039D000C7F83C32D7E98E2307F52061C1E90023FF
:1039E00007F68833A3F5C27007F68833A3F5C471D0
:1039F0000368DA020B685B0D1343C7F830320B68BB
:103A0000DA0203685B0D1343C7F83432D7E98C231D
:103A100007F52A61C1E9002307F51D63D3E9000119
:103A200007F52763D3E9002380EA0206C7F8286276
:103A30004B40C7F82C32D7E98A2307F51D61C1E94D
:103A4000002307F68833A3F5DA7007F68833A3F569
:103A5000DC710368DA0A0B685B051343C7F8203290
:103A60000B68DA0A03685B051343C7F82432D7E909
:103A7000882307F69821C1E9002307F51A63D3E9E3
:103A8000000107F66823D3E9002380EA0206C7F89D
:103A900018624B40C7F81C32D7E9862307F51A6134
:103AA000C1E9002307F68833A3F5F27007F68833DF
:103AB000A3F5F47103689A0C0B689B031343C7F8D2
:103AC00010320B689A0C03689B031343C7F8143237
:103AD000D7E9842307F52961C1E9002307F6A82364
:103AE000D3E90023D143C7F8C016DB43C7F8C43677
:103AF00007F52A63D3E90023D7F8C0161140C7F8A9
:103B0000B816D7F8C4160B40C7F8BC3607F52B63B8
:103B1000D3E90023D7F8B8165140C7F80812D7F8F0
:103B2000BC164B40C7F80C32D7E9822307F6783130
:103B3000C1E90023D7F8843B0133F44ADB00134486
:103B4000D3E9000107F67833D3E9002382EA0006BF
:103B5000C7F800624B40C7F80432D7E9802307F664
:103B60007831C1E9002307F52A63D3E90023D14363
:103B7000C7F8B016DB43C7F8B43607F69823D3E985
:103B80000023D7F8B0161140C7F8A816D7F8B41616
:103B90000B40C7F8AC3607F6A823D3E90023D7F8C3
:103BA000A8165140C7F8F811D7F8AC164B40C7F823
:103BB000FC31D7E97E2307F53761C1E9002307F619
:103BC0009823D3E90023D143C7F8A016DB43C7F8F5
:103BD000A43607F52963D3E90023D7F8A0161140CE
:103BE000C7F89816D7F8A4160B40C7F89C3607F507
:103BF0002A63D3E90023D7F898165140C7F8F0118B
:103C0000D7F89C164B40C7F8F431D7E97C2307F668
:103C10006831C1E9002307F52963D3E90023D143C3
:103C2000C7F89016DB43C7F8943607F52B63D3E942
:103C30000023D7F890161140C7F88816D7F89416C5
:103C40000B40C7F88C3607F69823D3E90023D7F842
:103C500088165140C7F8E811D7F88C164B40C7F8C2
:103C6000EC31D7E97A2307F53661C1E9002307F57E
:103C70002B63D3E90023D143C7F88016DB43C7F891
:103C8000843607F6A823D3E90023D7F8801611401D
:103C9000C7F87816D7F884160B40C7F87C3607F5B6
:103CA0002963D3E90023D7F878165140C7F8E0110B
:103CB000D7F87C164B40C7F8E431D7E9782307F6EC
:103CC0005831C1E9002307F64823D3E9000107F57D
:103CD0002763D3E9002380EA0206C7F8D8614B4086
:103CE000C7F8DC31D7E9762307F64821C1E900237C
:103CF00007F68833A3F59E7007F68833A3F5A07105
:103D000003681A090B681B071343C7F8D0310B6807
:103D10001A0903681B071343C7F8D431D7E9742382
:103D200007F52B61C1E9002307F61823D3E9000149
:103D300007F66823D3E9002380EA0206C7F8C861C2
:103D40004B40C7F8CC31D7E9722307F61821C1E9F7
:103D5000002307F68833A3F5B67007F68833A3F57A
:103D6000B87103681A0B0B681B051343C7F8C03101
:103D70000B681A0B03681B051343C7F8C431D7E956
:103D8000702307F6A821C1E9002307F52163D3E9D1
:103D9000000107F68823D3E9002380EA0206C7F86A
:103DA000B8614B40C7F8BC31D7E96E2307F52161F4
:103DB000C1E9002307F68833A3F5BA7007F6883304
:103DC000A3F5BC7103685A0F0B68DB001343C7F8F7
:103DD000B0310B685A0F0368DB001343C7F8B431E6
:103DE000D7E96C2307F52A61C1E9002307F51E63B3
:103DF000D3E9000107F52863D3E9002380EA02062E
:103E0000C7F8A8614B40C7F8AC31D7E96A2307F57A
:103E10001E61C1E9002307F68833A3F5D27007F6C7
:103E20008833A3F5D47103685A030B68DB0C134382
:103E3000C7F8A0310B685A030368DB0C1343C7F8BB
:103E4000A431D7E9682307F69821C1E9002307F5D3
:103E50001B63D3E9000107F67823D3E9002380EA46
:103E60000206C7F898614B40C7F89C31D7E9662332
:103E700007F51B61C1E9002307F68833A3F5EA7053
:103E800007F68833A3F5EC7103685A070B68DB0863
:103E90001343C7F890310B685A070368DB081343D4
:103EA000C7F89431D7E9642307F52961C1E90023F4
:103EB00007F6A823D3E90023D143C7F87016DB43E4
:103EC000C7F8743607F52A63D3E90023D7F87016CC
:103ED0001140C7F86816D7F874160B40C7F86C364F
:103EE00007F52B63D3E90023D7F868165140C7F8CC
:103EF0008811D7F86C164B40C7F88C31D7E962238C
:103F000007F53561C1E9002302E000BF186501082B
:103F100007F52A63D3E90023D143C7F86016DB43D2
:103F2000C7F8643607F69823D3E90023D7F860165C
:103F30001140C7F85816D7F864160B40C7F85C361E
:103F400007F6A823D3E90023D7F858165140C7F83D
:103F50008011D7F85C164B40C7F88431D7E960234D
:103F600007F64831C1E9002307F69823D3E9002377
:103F7000D143C7F85016DB43C7F8543607F5296319
:103F8000D3E90023D7F850161140C7F84816D7F8E0
:103F900054160B40C7F84C3607F52A63D3E90023C3
:103FA000D7F848165140C7F87811D7F84C164B404F
:103FB000C7F87C31D7E95E2307F53461C1E90023F6
:103FC00007F52963D3E90023D143C7F84016DB4343
:103FD000C7F8443607F52B63D3E90023D7F840161A
:103FE0001140C7F83816D7F844160B40C7F83C36CE
:103FF00007F69823D3E90023D7F838165140C7F8BD
:104000007011D7F83C164B40C7F87431D7E95C23E0
:1040100007F63831C1E9002307F52B63D3E9002304
:10402000D143C7F83016DB43C7F8343607F6A82368
:10403000D3E90023D7F830161140C7F82816D7F86F
:1040400034160B40C7F82C3607F52963D3E9002353
:10405000D7F828165140C7F86811D7F82C164B40EE
:10406000C7F86C31D7E95A2307F53361C1E900235A
:1040700007F65823D3E9000107F52863D3E90023A5
:1040800080EA0206C7F860614B40C7F86431D7E99F
:10409000582307F65821C1E9002307F68833A3F512
:1040A000967007F68833A3F598710368DA0F0B68EA
:1040B0005B001343C7F858310B68DA0F03685B00E5
:1040C0001343C7F85C31D7E9562307F52B61C1E9E3
:1040D000002307F62823D3E9000107F67823D3E964
:1040E000002380EA0206C7F850614B40C7F85431FC
:1040F000D7E9542307F62821C1E9002307F68833BE
:10410000A3F5AE7007F68833A3F5B07103689A0E75
:104110000B689B011343C7F848310B689A0E03687C
:104120009B011343C7F84C31D7E9522307F6A82166
:10413000C1E9002307F6F813D3E9000107F5276367
:10414000D3E9002380EA0206C7F840614B40C7F874
:104150004431D7E9502307F6F811C1E9002307F6E7
:104160008833A3F5C67007F68833A3F5C8710368D2
:10417000DA090B685B061343C7F838310B68DA09B4
:1041800003685B061343C7F83C31D7E94E2307F5B4
:104190002A61C1E9002307F6C813D3E9000107F635
:1041A0006823D3E9002380EA0206C7F830614B4058
:1041B000C7F83431D7E94C2307F6C811C1E9002309
:1041C00007F68833A3F5DE7007F68833A3F5E071B0
:1041D00003681A0E0B681B021343C7F828310B68DB
:1041E0001A0E03681B021343C7F82C31D7E94A2380
:1041F00007F69821C1E9002307F51C63D3E9000104
:1042000007F68823D3E9002380EA0206C7F8206175
:104210004B40C7F82431D7E9482307F51C61C1E9B1
:10422000002307F68833A3F5E27007F68833A3F579
:10423000E47103689A0B0B689B041343C7F81831A9
:104240000B689A0B03689B041343C7F81C31D7E92A
:10425000462307F52961C1E9002307F6A823D3E91E
:104260000023D143C7F82016DB43C7F8243607F5EF
:104270002A63D3E90023D7F820161140C7F818168F
:10428000D7F824160B40C7F81C3607F52B63D3E983
:104290000023D7F818165140C7F81011D7F81C168C
:1042A0004B40C7F81431D7E9442307F62831C1E958
:1042B000002307F52A63D3E90023D143C7F810167A
:1042C000DB43C7F8143607F69823D3E90023D7F861
:1042D00010161140C7F80816D7F814160B40C7F887
:1042E0000C3607F6A823D3E90023D7F80816514067
:1042F000C7F80811D7F80C164B40C7F80C31D7E9AE
:10430000422307F53261C1E9002307F69823D3E978
:104310000023D143C7F80016DB43C7F8043607F57E
:104320002963D3E90023D7F800161140C7F8F81520
:10433000D7F804160B40C7F8FC3507F52A63D3E914
:104340000023D7F8F8155140C7F80011D7F8FC152D
:104350004B40C7F80431D7E9402307F61831C1E9CB
:10436000002307F52963D3E90023D143C7F8F015EB
:10437000DB43C7F8F43507F52B63D3E90023D7F8FF
:10438000F0151140C7F8E815D7F8F4150B40C7F839
:10439000EC3507F69823D3E90023D7F8E815514008
:1043A000C7F8F810D7F8EC154B40C7F8FC30D7E940
:1043B0003E2307F53161C1E9002307F52B63D3E9FB
:1043C0000023D143C7F8E015DB43C7F8E43507F60F
:1043D000A823D3E90023D7F8E0151140C7F8D81572
:1043E000D7F8E4150B40C7F8DC3507F52963D3E9A6
:1043F0000023D7F8D8155140C7F8F010D7F8DC15CE
:104400004B40C7F8F430D7E93C2307F60831C1E93F
:10441000002307F52463D3E9000107F66823D3E9F5
:10442000002380EA0206C7F8E8604B40C7F8EC308A
:10443000D7E93A2307F52461C1E9002307F6883359
:10444000A3F5A27007F68833A3F5A47103685A098F
:104450000B68DB061343C7F8E0300B685A090368A2
:10446000DB061343C7F8E430D7E9382307F52B619F
:10447000C1E9002307F63823D3E9000107F68823B2
:10448000D3E9002380EA0206C7F8D8604B40C7F89A
:10449000DC30D7E9362307F63821C1E9002307F6D7
:1044A0008833A3F5A67007F68833A3F5A8710368CF
:1044B0001A010B681B0F1343C7F8D0300B681A01A1
:1044C00003681B0F1343C7F8D430D7E9342307F62A
:1044D000A821C1E9002307F60823D3E9000107F565
:1044E0002863D3E9002380EA0206C7F8C8604B407E
:1044F000C7F8CC30D7E9322307F60821C1E90023F9
:1045000007F68833A3F5BE7007F68833A3F5C071AC
:1045100003689A0D0B689B021343C7F8C0300B6801
:104520009A0D03689B021343C7F8C430D7E93023C0
:1045300007F52A61C1E9002307F6D813D3E9000182
:1045400007F67823D3E9002380EA0206C7F8B860AB
:104550004B40C7F8BC30D7E92E2307F6D811C1E984
:10456000002307F68833A3F5D67007F68833A3F542
:10457000D87103685A0C0B68DB031343C7F8B030DB
:104580000B685A0C0368DB031343C7F8B430D7E950
:104590002C2307F69821C1E9002307F6A813D3E9D5
:1045A000000107F52763D3E9002380EA0206C7F874
:1045B000A8604B40C7F8AC30D7E92A2307F6A8110A
:1045C000C1E9002307F68833A3F5EE7007F68833B8
:1045D000A3F5F07103681A060B681B0A1343C7F8AA
:1045E000A0300B681A0603681B0A1343C7F8A430EF
:1045F000D7E9282307F52961C1E9002307F6A82395
:10460000D3E90023D143C7F8D015DB43C7F8D4352D
:1046100007F52A63D3E90023D7F8D0151140C7F86E
:10462000C815D7F8D4150B40C7F8CC3507F52B6360
:10463000D3E90023D7F8C8155140C7F89810D7F828
:10464000CC154B40C7F89C30D7E9262307F53061DD
:10465000C1E9002307F52A63D3E90023D143C7F852
:10466000C015DB43C7F8C43507F69823D3E9002308
:10467000D7F8C0151140C7F8B815D7F8C4150B40C6
:10468000C7F8BC3507F6A823D3E90023D7F8B81537
:104690005140C7F89010D7F8BC154B40C7F894307C
:1046A000D7E9242307F6F821C1E9002307F6982368
:1046B000D3E90023D143C7F8B015DB43C7F8B435BD
:1046C00007F52963D3E90023D7F8B0151140C7F8DF
:1046D000A815D7F8B4150B40C7F8AC3507F52A6311
:1046E000D3E90023D7F8A8155140C7F88810D7F8A8
:1046F000AC154B40C7F88C30D7E9222307F52F6162
:10470000C1E9002307F52963D3E90023D143C7F8A2
:10471000A015DB43C7F8A43507F52B63D3E90023C5
:10472000D7F8A0151140C7F89815D7F8A4150B4075
:10473000C7F89C3507F69823D3E90023D7F89815D6
:104740005140C7F88010D7F89C154B40C7F884300B
:10475000D7E9202307F6E821C1E9002307F52B63F9
:10476000D3E90023D143C7F89015DB43C7F894354C
:1047700007F6A823D3E90023D7F890151140C7F80E
:104780008815D7F894150B40C7F88C3507F52963C1
:10479000D3E90023D7F888155140B967D7F88C15AD
:1047A0004B40FB67D7E91E2307F52E61C1E90023C3
:1047B00007F52563D3E9000107F67823D3E9002341
:1047C00080EA02063E674B407B67D7E91C2307F56A
:1047D0002561C1E9002307F68833A3F59A7007F62F
:1047E0008833A3F59C7103689A070B689B081343F1
:1047F000BB660B689A0703689B081343FB66D7E9FF
:104800001A2307F52B61C1E9002307F52263D3E9D9
:10481000000107F52763D3E9002380EA02063E661C
:104820004B407B66D7E9182307F52261C1E90023D5
:1048300007F68833A3F5B27007F68833A3F5B47191
:104840000368DA050B685B0A1343BB650B68DA057E
:1048500003685B0A1343FB65D7E9162307F6A82113
:10486000C1E9002307F51F63D3E9000107F66823B8
:10487000D3E9002380EA02063E654B407B65D7E919
:10488000142307F51F61C1E9002307F68833A3F558
:10489000CA7007F68833A3F5CC710368DA010B6898
:1048A0005B0E1343BB640B68DA0103685B0E1343B2
:1048B000FB64D7E9122307F52A61C1E9002307F653
:1048C000E813D3E9000107F68823D3E9002380EA3F
:1048D00002063E644B407B64D7E9102307F6E811DB
:1048E000C1E9002307F68833A3F5CE7007F68833B5
:1048F000A3F5D07103685A020B68DB0D1343BB6349
:104900000B685A020368DB0D1343FB63D7E90E23E0
:1049100007F69821C1E9002307F6B813D3E900018F
:1049200007F52863D3E9002380EA02063E634B4083
:104930007B63D7E90C2307F6B811C1E9002307F61A
:104940008833A3F5E67007F68833A3F5E8710368AA
:104950009A0F0B689B001343BB620B689A0F0368A6
:104960009B001343FB62D7E90A2307F52961C1E9DC
:10497000002307F6A823D3E90023D143C7F8801505
:10498000DB43C7F8843507F52A63D3E90023D7F85A
:1049900080151140C7F87815D7F884150B40C7F873
:1049A0007C3507F52B63D3E90023D7F87815514000
:1049B0003962D7F87C154B407B62D7E9082307F6AC
:1049C000D821C1E9002307F52A63D3E90023D143A5
:1049D000C7F87015DB43C7F8743507F69823D3E999
:1049E0000023D7F870151140C7F86815D7F874156B
:1049F0000B40C7F86C3507F6A823D3E90023D7F896
:104A000068155140B961D7F86C154B40FB61D7E987
:104A1000062307F52D61C1E9002307F69823D3E9A2
:104A20000023D143C7F86015DB43C7F8643507F5A9
:104A30002963D3E90023D7F860151140C7F858154A
:104A4000D7F864150B40C7F85C3507F52A63D3E93E
:104A50000023D7F8581551403961D7F85C154B4001
:104A60007B61D7E9042307F6C821C1E9002307F5D4
:104A70002963D3E90023D143C7F85015DB43C7F8B6
:104A8000543507F52B63D3E90023D7F8501501EA15
:104A9000020AD7F8541501EA030B07F69823D3E965
:104AA000002382EA0A01B96083EA0B03FB60D7E9BD
:104AB000022307F52C61C1E9002307F52B63D3E935
:104AC00000236FEA02086FEA030907F6A823D3E977
:104AD000002308EA020409EA030507F52963D3E97C
:104AE000002382EA040139606B407B60D7E9002330
:104AF00007F6B821C1E90023D7F8843B0233C7F891
:104B0000843BD7F8843B172B7DF704AA07F688333C
:104B1000A3F5F673196807F67833D3E90023C1E9E2
:104B2000002307F68833A3F5F6731B6803F1080129
:104B300007F53763D3E90023C1E9002307F688337B
:104B4000A3F5F6731B6803F1100107F66833D3E988
:104B50000023C1E9002307F68833A3F5F6731B6829
:104B600003F1180107F53663D3E90023C1E90023F7
:104B700007F68833A3F5F6731B6803F1200107F6E7
:104B80005833D3E90023C1E9002307F68833A3F59E
:104B9000F6731B6803F1280107F53563D3E9002399
:104BA000C1E9002307F68833A3F5F6731B6803F108
:104BB000300107F64833D3E90023C1E9002307F6A3
:104BC0008833A3F5F6731B6803F1380107F53463E6
:104BD000D3E90023C1E9002307F68833A3F5F67370
:104BE0001B6803F1400107F63833D3E90023C1E91C
:104BF000002307F68833A3F5F6731B6803F1480119
:104C000007F53363D3E90023C1E9002307F68833AE
:104C1000A3F5F6731B6803F1500107F62833D3E9B7
:104C20000023C1E9002307F68833A3F5F6731B6858
:104C300003F1580107F53263D3E90023C1E90023EA
:104C400007F68833A3F5F6731B6803F1600107F6D6
:104C50001833D3E90023C1E9002307F68833A3F50D
:104C6000F6731B6803F1680107F53163D3E900238C
:104C7000C1E9002307F68833A3F5F6731B6803F137
:104C8000700107F60833D3E90023C1E9002307F6D2
:104C90008833A3F5F6731B6803F1780107F53063D9
:104CA000D3E90023C1E9002307F68833A3F5F6739F
:104CB0001B6803F1800107F6F823D3E90023C1E95B
:104CC000002307F68833A3F5F6731B6803F1880108
:104CD00007F52F63D3E90023C1E9002307F68833E2
:104CE000A3F5F6731B6803F1900107F6E823D3E9F7
:104CF0000023C1E9002307F68833A3F5F6731B6888
:104D000003F1980107F52E63D3E90023C1E90023DD
:104D100007F68833A3F5F6731B6803F1A00107F6C5
:104D2000D823D3E90023C1E9002307F68833A3F58C
:104D3000F6731B6803F1A80107F52D63D3E900237F
:104D4000C1E9002307F68833A3F5F6731B6803F166
:104D5000B00107F6C823D3E90023C1E9002307F611
:104D60008833A3F5F6731B6803F1B80107F52C63CC
:104D7000D3E90023C1E9002307F68833A3F5F673CE
:104D80001B6803F1C00107F6B823D3E90023C1E98A
:104D9000002300BF07F68837BD46BDE8F00F704717
:104DA0002DE9F04FB9B000AFF860B9607A603B60B0
:104DB0000023C7F8DC300FE0D7F8DC30DB00FA68FE
:104DC000D1184FF000024FF00003C1E90023D7F8DB
:104DD000DC300133C7F8DC30D7F8DC30182BEBD9E6
:104DE00033E00023C7F8DC301EE0D7F8DC30DB000E
:104DF0007A6813441846FCF701FFD7F8DC30DB0073
:104E0000FA681344D3E90023D7F8DC60F600FC68A5
:104E1000264480EA020881EA0309C6E90089D7F836
:104E2000DC300133C7F8DC30BB68DB08D7F8DC20A6
:104E30009A42DAD3F868FCF74BFF3A68BB68D31A9A
:104E40003B607A68BB6813447B603A68BB689A42EF
:104E5000C7D20023C7F8DC300BE007F11402D7F803
:104E6000DC30134400221A70D7F8DC300133C7F865
:104E7000DC30D7F8DC20BB689A42EED30023C7F8B9
:104E8000DC3010E07A68D7F8DC301344197807F189
:104E90001402D7F8DC3013440A461A70D7F8DC3015
:104EA0000133C7F8DC30D7F8DC203B689A42E9D3FD
:104EB00007F11402D7F8DC30134497F808211A7070
:104EC000BB68013BE0333B4413F8CC2CBB68013B8F
:104ED00062F07F02D2B2E0333B4403F8CC2C0023D3
:104EE000C7F8DC301FE0D7F8DC30DB0007F1140234
:104EF00013441846FCF782FED7F8DC30DB00FA6872
:104F00001344D3E90023D7F8DC60F600FC6826449C
:104F100080EA020A81EA030BC6E900ABD7F8DC306D
:104F20000133C7F8DC30BB68DB08D7F8DC209A42D5
:104F3000D9D300BF00BFE437BD46BDE8F08F80B5D0
:104F400086B000AFF860B9607A603B6021E07868B5
:104F5000FCF7BEFE00237B610FE07B69DB00FA6893
:104F6000D1187B69DB007A681344D3E90023084633
:104F7000FCF781FE7B6901337B613B68DB087A6962
:104F80009A42EAD3FA683B681344FB60BB68013B72
:104F9000BB60BB68002BDAD100BF00BF1837BD462D
:104FA00080BD80B485B000AF78600023FB600CE06A
:104FB000FB68DB007A68D1184FF000024FF0000365
:104FC000C1E90023FB680133FB60FB68182BEFD9B4
:104FD0007B6803F1C8014FF000024FF00003C1E904
:104FE000002300BF1437BD465DF8047B70472DE9F0
:104FF000B04FB0B000AFC7F8B400C7F8B010C7F8F2
:10500000AC20C7F8A830D2E00023C7F8BC3099E044
:10501000D7F8B430C833D3E90023D7F8BC10002048
:10502000C7F88010C7F88400D7E920894146511895
:10503000B96749464B41FB674FF000024FF0000350
:10504000D7E91E894146CA08494642EA41724946A3
:10505000CB081346DA00D7F8B4301344D3E90089FB
:10506000D7F8AC20D7F8BC3013441B78DBB2002251
:10507000C7F8A030C7F8A420D7F8B430C833D3E9B4
:105080000023D7F8BC100020C7F89010C7F8940090
:10509000D7F8901051183967D7F894104B417B67B7
:1050A0003B6F03F00703D900A1F12003C1F12002F7
:1050B000D7F8A40000FA01F5D7F8A00000FA03F32E
:1050C0001D43D7F8A03023FA02F21543D7F8A030D9
:1050D00003FA01F4D7F8B430C833D3E90023D7F882
:1050E000BC100020C7F88810C7F88C00D7F88810CB
:1050F0005118C7F89810D7F88C104B41C7F89C305E
:105100004FF000024FF00003D7F89810CA08D7F804
:105110009C1042EA4172D7F89C10CB081346DA0083
:10512000D7F8B430134488EA0402BA6689EA050263
:10513000FA66D7E91A12C3E90012D7F8BC30013376
:10514000C7F8BC30D7F8B430C833D3E90023D7F858
:10515000B0309A1AD7F8BC309342FFF459AFD7F861
:10516000B430C833D3E90023D7F8B030D21AD7F817
:10517000A8301344C7F8A830D7F8B430C833D3E9FF
:105180000023D7F8B0309A1AD7F8AC301344C7F8D8
:10519000AC30D7F8B43003F1C8014FF000024FF043
:1051A0000003C1E90023D7F8B400FCF791FDD7F85C
:1051B000A83000223B667A66D7F8B430C833D3E90A
:1051C0000023D7E9188941468918B965494641EB5A
:1051D0000303FB65D7F8B03000223B657A65D7E959
:1051E00016894346D7E91401024693424B460A46C4
:1051F0009341BFF409AF0023C7F8BC308EE0D7F865
:10520000B430C833D3E90023D7F8BC100020B96408
:10521000F864D7E9124521465118396429464B41B3
:105220007B644FF000024FF00003D7E910452146A0
:10523000CA08294642EA41722946CB081346DA00D9
:10524000D7F8B4301344D3E90045D7F8AC20D7F8E9
:10525000BC3013441B78DBB20022BB63FA63D7F87F
:10526000B430C833D3E90023D7F8BC100020396329
:105270007863D7E90C8941465118B96249464B41D8
:10528000FB62BB6A03F00703D900A1F12003C1F15F
:105290002002D7E90E89484600FA01FB404600FA91
:1052A00003F34BEA030B434623FA02F24BEA020BE9
:1052B000434603FA01FAD7F8B430C833D3E90023E0
:1052C000D7F8BC10002039627862D7E908894146D6
:1052D0005118B96149464B41FB614FF000024FF054
:1052E0000003D7E906894146CA08494642EA4172A5
:1052F0004946CB081346DA00D7F8B430134484EAA1
:105300000A023A6185EA0B027A61D7E90412C3E91D
:105310000012D7F8BC300133C7F8BC30D7F8BC2036
:10532000D7F8A8309A42FFF46AAFD7F8B430C83340
:10533000D3E90023D7F8A8100020B960F860D7F8A7
:10534000B410C831D7E90245204610183860284605
:1053500043EB00007860D7E90034C1E9003400BFB6
:10536000C037BD46BDE8B08F2DE9F00F8AB000AF61
:10537000786239621346FB777B6AC833D3E9000150
:105380004FF000024FF00003C20842EA4172CB081E
:105390001346DB007A6A1344D3E90001C7E9000130
:1053A000FB7F00229A4693467B6AC833D3E90023E9
:1053B000134603F00703DA00A2F12001C2F1200333
:1053C0000BFA02F50AFA01F10D432AFA03F31D4321
:1053D0000AFA02F47B6AC833D3E900014FF00002F5
:1053E0004FF00003C20842EA4172CB081346DB00CB
:1053F0007A6A1344D7E90001024662403A610A46DC
:105400006A407A61D7E90412C3E900123B6A013BA2
:10541000DB08DB007A6A1344D3E900453B6A013BB1
:1054200003F00703D9004FF080024FF00003A1F111
:105430002006C1F1200003FA01F902FA06F649EA52
:10544000060922FA00F049EA000902FA01F83B6A6B
:10545000013BDB08DB007A6A134484EA0802BA6085
:1054600085EA0902FA60D7E90212C3E900127B6AF1
:1054700003F1C8014FF000024FF00003C1E900231F
:1054800000BF2837BD46BDE8F00F70472DE9B04F8B
:105490009EB000AFF866B9667A663B6600237B670C
:1054A0006DE03B6E0022BB64FA647B6EC833D3E9C7
:1054B0000023D7E912452146891A3964294661EB50
:1054C00003037B647B6F0022BB63FA63D7E910455B
:1054D0002346D7E90E0102469B183B632B460A463A
:1054E00053417B634FF000024FF00003D7E90C45B6
:1054F0002146CA08294642EA41722946CB0813468A
:10550000DA007B6E1344D3E900453B6E0022BB6595
:10551000FA657B6EC833D3E90023B96D891A396502
:10552000F96D61EB03037B657B6F0022BB62FA625E
:105530003B6DD7E90A0102469B183B627B6D0A4628
:1055400053417B623B6A03F00703D900C1F120039A
:10555000A1F1200224FA01FA05FA03F34AEA030A48
:1055600025FA02F24AEA020A25FA01FBFA6E7B6F7B
:105570001A445FFA8AF313707B6F01337B677A6F8B
:10558000BB6E9A4210D27B6F0022BB61FA617B6EC8
:10559000C833D3E90023D7E906452146914229467D
:1055A00071EB0303FFF47DAFFA6E7B6F1344FB6670
:1055B000BA6E7B6FD31ABB667B6EC833D3E9002308
:1055C000796F002039617861796EC831D7E9044577
:1055D0002046101AB860284663EB0003FB60D7E949
:1055E0000234C1E9003445E0786EFCF771FB00231A
:1055F0007B6723E07B6FDB08DB007A6E1344D3E923
:105600000023796F01F00701C900C1F12004A1F165
:10561000200022FA01F803FA04F448EA040823FA05
:1056200000F048EA000823FA01F9FA6E7B6F134490
:105630005FFA88F21A707B6F01337B677A6FBB6EFB
:105640009A4203D27A6F3B6E9A42D3D3FA6E7B6F43
:105650001344FB66BA6E7B6FD31ABB663A6E7B6FE0
:10566000D21A7B6EC83300213A607960D7E9001204
:10567000C3E90012BB6E002BB6D100BF00BF783764
:10568000BD46BDE8B08F80B582B000AF7860D02055
:105690000CF0CCFF03461A467B681A607B681B68D7
:1056A000002B02D16F200CF0AFFF7B681B681846FF
:1056B000FFF777FC00BF0837BD4680BD80B584B0DA
:1056C00000AFF860B9607A60FB6818687B68BA68F8
:1056D0008821FFF78CFC00BF1037BD4680BD80B528
:1056E00082B000AF78607B681B681F228821184653
:1056F000FFF73AFE00BF0837BD4680BD80B584B0D5
:1057000000AFF860B9607A607B681A688823B9686E
:10571000F868FFF7BBFE00BF1037BD4680BD80B5FF
:1057200082B000AF78607B681B6818460CF086FF7B
:1057300000BF0837BD4680BD80B586B002AFF860B7
:10574000B9607A60C8200CF071FF03461A46FB6806
:105750001A60FB681B68002B02D16F200CF054FF0D
:10576000FB6818681F2300937B68BA688821FFF7DD
:1057700017FB00BF1037BD4680BD80B584B000AFB9
:10578000F860B9607A607B681A688823B968F8683D
:10579000FFF7D5FB00BF1037BD4680BD80B582B096
:1057A00000AF78607B681B6818460CF047FF00BFAD
:1057B0000837BD4680BD000080B5AAB000AFF860D4
:1057C000B9607A603B60BB682A4AA2FB0323DB090D
:1057D000C7F8A03007F114033A6879681846FFF754
:1057E000ABFF07F114031A46D7F8A010F868FFF7CB
:1057F000C4FFD7F8A02013461B011344DB001A4650
:10580000FB681344FB60D7F8A02013461B01134428
:10581000DB001A46BB689B1ABB60BB68002B20D01C
:1058200007F1140207F1180301211846FFF7A5FF3D
:105830000023C7F8A4300FE0FA68D7F8A430134467
:1058400007F11801D7F8A4200A4412781A70D7F883
:10585000A4300133C7F8A430D7F8A420BB689A421B
:10586000EAD307F114031846FFF798FF00BFA837E3
:10587000BD4680BDF1F0F0F080B586B002AFF860B3
:10588000B9607A603B603B6800937B680122B9682D
:10589000F86801F0ABFF00BF1037BD4680BD80B493
:1058A00087B000AF786039600023FB6000237B6124
:1058B00030E07B699B007A68134400221A60002361
:1058C0003B6121E07B699B007A6813441A68FB689E
:1058D000DB0839680B441B781946FB6803F00703A3
:1058E00041FA03F303F001013B6901FA03F318469F
:1058F0007B699B0079680B4442401A60FB68013366
:10590000FB603B6901333B613B690B2BDAD97B6957
:1059100001337B617B690D2BCBD900BF00BF1C37E6
:10592000BD465DF8047B704790B5E5B004AF07F560
:10593000C074A4F5BA74206007F5C070A0F5BC70FF
:10594000016007F5C071A1F5BE710A6007F5C0726C
:10595000A2F5C072136007F5C073A3F5A8731846CB
:1059600020231A4600210DF09DFD07F5C073A3F515
:10597000B873184620231A4600210DF093FD07F155
:105980003003D7F890111846FBF7E2FA07F110033D
:10599000D7F890111846FBF7DBFA07F13003032123
:1059A0001846FBF7A1FA07F1100304211846FBF78C
:1059B0009BFA07F5C073A3F5BE7307F5A0721968CB
:1059C0001046FFF76CFF0023C7F87C316BE0D7F877
:1059D0007C311B03C7F8783107F1300300211846EA
:1059E000FBF7EEFAD7F87C319B0003F5C0733B441C
:1059F00053F8402CD7F878311A4407F13003114698
:105A00001846FBF7EDFA07F1300307F5C072A2F56F
:105A1000C07207F5C071A1F5BC7107F150001268A2
:105A20000968FFF729FF07F5C073A3F5BC7307F5F5
:105A3000C072A2F5BC72126810321A60D7F87C31BD
:105A40001B0107F16002D018D7F87C319B0003F5E9
:105A5000C0733B4453F8402C07F1500107F1300369
:105A6000039307F5C073A3F5C0731B6802930C235F
:105A7000019307F5C073A3F5BC731B680093D7F8B7
:105A8000783101F092FF07F5C073A3F5BC7307F5F9
:105A9000C072A2F5BC721268C0321A60D7F87C31AD
:105AA0000133C7F87C31D7F87C310D2B8FD907F53E
:105AB000C073A3F5C07307F1600107F5C072A2F5CA
:105AC000BA7007F1100200921B680E22006801F004
:105AD0008DFE00BF07F5C277BD4690BDB0B58EB054
:105AE00000AFF860B9607A603B6007F114037B6334
:105AF00007F110031846FFF7C6FD07F11003102247
:105B000039681846FFF7DAFD07F110032022B96C57
:105B10001846FFF7D3FD07F110033A6DF96C1846EC
:105B2000FFF7CCFD07F110031846FFF7D8FD07F18A
:105B3000100207F114031E211846FFF7DFFD07F1DD
:105B400010031846FFF7EBFD1522796BF8680DF08E
:105B500038FD7B6B15337B630721786B01F0E3FE27
:105B600002460B46B968C1E90023BB68D3E90023AC
:105B70001446C3F31505BB68C3E900457B6B0733C7
:105B80007B630221786B01F0CEFE02460B467B68F8
:105B90001A607B681B68C3F308027B681A6000BF49
:105BA0003837BD46B0BD000080B483B000AF786028
:105BB000064BD3F8802005497B681343C1F8803039
:105BC00000BF0C37BD465DF8047B704700080058E5
:105BD00080B483B000AF7860054B1A6804497B68D5
:105BE00013430B6000BF0C37BD465DF8047B704764
:105BF0000008005880B483B000AF0D4B9B6A9BB285
:105C00007B600B4B9B6A9BB23B6005E03B687B6013
:105C1000074B9B6A9BB23B607A683B689A42F5D11E
:105C20003B6818460C37BD465DF8047B704700BFE3
:105C30000028004080B485B000AF03460A46FB71DF
:105C40001346BB71BA791D4913465B001344DB0050
:105C50000B4415331B78FB73FB7B062B09D0FA7BB7
:105C6000164913465B001344DB000B441433FA79E6
:105C70001A70FA79114913465B001344DB000B4498
:105C80001533FA7B1A70FA790C4913465B001344FA
:105C9000DB000B441433BA791A70BA7907491346FA
:105CA0005B001344DB000B441533FA791A7000BF14
:105CB0001437BD465DF8047B704700BF7C030020AD
:105CC00080B485B000AF03460A46FB711346BB7132
:105CD000294B1B78DBB2BA799A4232D0BA7927497C
:105CE00013465B001344DB000B4414331B78FB7337
:105CF000FA7B224913465B001344DB000B44153347
:105D0000FA791A70FA791D4913465B001344DB00D7
:105D10000B441533BA791A70FA79184913465B00A7
:105D20001344DB000B441433FA7B1A70BA7913491D
:105D300013465B001344DB000B441433FA791A70EA
:105D400014E0FA790D4913465B001344DB000B4461
:105D50001533BA791A70BA79084913465B001344AF
:105D6000DB000B441433FA791A7000BF1437BD46B8
:105D70005DF8047B704700BF0C0400207C0300200A
:105D800080B584B000AF0346FB714E4B1B78DBB28D
:105D9000062B18D14B4B1B78DAB24B4B1A70494A81
:105DA000FB791370FA79494913465B001344DB0011
:105DB0000B44153306221A70454B4FF0FF321A6020
:105DC0000023FB8178E000F009F90346FB81FA79B2
:105DD0003E4913465B001344DB000B44083319684B
:105DE000FB89FA791944394813465B001344DB00F8
:105DF000034408331960FA79344913465B001344AD
:105E0000DB000B4408331B68BB602E4B1B78DBB2F6
:105E100019462E4A0B465B000B44DB001344083343
:105E20001B68BA689A4237D3264B1B787B737A7B00
:105E3000264913465B001344DB000B4415331B78E3
:105E40003B7313E07A7B214913465B001344DB006C
:105E50000B4415331B787B737A7B1C4913465B001C
:105E60001344DB000B4415331B783B733B7B062B41
:105E70000BD03A7B154913465B001344DB000B44FF
:105E800008331B68BA689A42DCD27A7BFB791146E8
:105E90001846FFF7CFFE0FE00A4B1B78DAB2FB790A
:105EA00011461846FFF70CFF064B1B78DAB2064B7B
:105EB0001A70044AFB791370FB8918461037BD46E7
:105EC00080BD00BF0C0400200D0400207C030020D6
:105ED0001004002080B485B000AF03460A46FB7171
:105EE0001346BB71394B1B78DBB2FA799A4211D158
:105EF000364B1B78DAB2364B1A70FA7935491346AD
:105F00005B001344DB000B4415331B78DAB22F4BD4
:105F10001A703EE0FA792F4913465B001344DB0008
:105F20000B4414331B78FB73FA792A4913465B0040
:105F30001344DB000B4415331B78BB73F979FA7BF0
:105F400024480B465B000B44DB00034415331B78ED
:105F5000D8B2204913465B001344DB000B441533D1
:105F600002461A70BB7B062B13D0F979BA7B19480D
:105F70000B465B000B44DB00034414331B78D8B2A0
:105F8000144913465B001344DB000B4414330246F0
:105F90001A70FA790F4913465B001344DB000B4477
:105FA0000C3301221A70094B1B78DBB2062B07D188
:105FB000BB79002B04D1084B4FF0FF321A6000BFB1
:105FC00000BF1437BD465DF8047B70470C04002009
:105FD0000D0400207C0300201004002080B582B056
:105FE00000AF1A4B1B68B3F1FF3F26D0FFF702FE4C
:105FF0007860164B1B687A689A4205D8134B1A686A
:106000007B68D31A7B600AE0114B1B881A467B68B9
:10601000D31A3B600D4B1B683A6813447B600D4BF1
:106020001B781A467B6802FB03F37B600A4B1B78E4
:106030001A467B68D3407B6001E000237B607B686D
:106040009BB218460837BD4680BD00BF1004002033
:1060500018040020160400201504002080B582B02A
:1060600000AF0346FB80FB88002B08D1FFF7C2FD81
:106070000346214A1360032004F0E5F839E0FB8869
:10608000012B03D81D4B1B78012B02D0FB88013B51
:10609000FB8000BF1A4B1B68DB6803F00403002B76
:1060A000F8D0174B1B68DB68DAB2154B1B6862F43B
:1060B0009062DA60134B4FF40022DA60032004F0A0
:1060C000D0F8114B5B691B0C1B04FA880E49134373
:1060D0004B61FFF78FFD0346074A1360084B1B68AF
:1060E0009A68074B1B6842F480629A60AFF30080A5
:1060F00000BF0837BD4680BD1004002015040020F5
:106100005C060020000800580028004080B584B0DC
:1061100000AF454B9B6803F48063B3F5806F07D1F4
:1061200000BF424B1B68DB6803F00403002BF8D16F
:106130003E4B1B689A683D4B1B6822F480629A6054
:106140003B4B1B78FB73FA7B3A4913465B001344C5
:10615000DB000B4408331B68BB60FFF73FFF0346BF
:10616000FB80FB88BA689A4205D20023BB81324B80
:1061700001221A704DE0FB88304A128892B2134413
:106180001A46BB68934206D92C4B1B88BB812A4B0D
:1061900000221A703DE0BB689AB2FB88D31ABB811B
:1061A000254B01221A7034E0FA7B224913465B002A
:1061B0001344DB000B4408331A68FB889A420AD266
:1061C000FA7B1C4913465B001344DB000B44083385
:1061D00000221A6013E0FA7B164913465B00134451
:1061E000DB000B4408331968FB88FA7BC91A114895
:1061F00013465B001344DB00034408331960FA7B49
:106200000C4913465B001344DB000B4415331B7829
:10621000FB73FB7B062BC7D1BB891846FFF71EFF1C
:1062200000BF1037BD4680BD002800405C0600203E
:106230000C0400207C030020140400201A04002019
:1062400080B58AB000AFEFF310837B617B697B621E
:1062500072B600BF594B1B68CA225A62574B1B6863
:1062600053225A62554B1B689A68544B1B6822F4A0
:1062700080629A60524B1B7887F8233097F823206E
:10628000504913465B001344DB000B440C331B786E
:10629000DBB2022B6ED197F823204A4913465B00EC
:1062A0001344DB000B441B68FB6197F8232045492E
:1062B00013465B001344DB000B4410331B68BB61C7
:1062C000414B1B78DBB2002B4CD097F823203D4983
:1062D00013465B001344DB000B440D331B78DBB229
:1062E000012B24D197F8233001211846FFF7F2FD46
:1062F0007B6A3B613B6983F3108800BF97F82320DA
:10630000304913465B001344DB000B4404331A6826
:1063100097F823301146184600F032FA274B1B68D5
:10632000CA225A62254B1B6853225A6212E07B6ACA
:10633000FB60FB6883F3108800BF97F82330184692
:1063400000F09AF91D4B1B68CA225A621B4B1B684E
:1063500053225A6297F82330FA691946B86900F057
:1063600095FA22E0FFF7D2FE7B6ABB60BB6883F33D
:1063700010881AE000BF114B1B68DB6803F00403B0
:10638000002BF8D00D4B1B68DB68DAB20B4B1B6897
:1063900062F49062DA600D4B4FF40022DA607B6A9F
:1063A0007B607B6883F3108800BF044B1B68FF226F
:1063B0005A6200BF2837BD4680BD00BF5C06002082
:1063C0000C0400207C030020140400200008005866
:1063D00080B588B000AF03463960FB715E4B1B6827
:1063E000CA225A625C4B1B6853225A625B4B9B6801
:1063F0005A4A43F020039360584B9B68DBB203F08A
:106400000703DBB2C3F10403DAB2554B1A70534BE6
:106410001B6903F4FE034FF4FE023A613A6992FAF3
:10642000A2F2FA60FA687A617A69002A01D1202220
:1064300003E07A69B2FA82F2D2B2D340DBB201331E
:10644000DAB2484B1A70454B1B699BB2C3F30E037B
:106450009BB201339AB2444B1A80434B1B88013BD9
:10646000404A127802FB03F3A3F5A0733C4A12786A
:10647000D340BB61BB694FF6FE72934204D93B4BDC
:106480004FF6FF721A8003E0BB699AB2374B1A804D
:106490004FF40020FFF79CFB4FF40020FFF784FB34
:1064A000FB79002B3DD1324B01221A70314B4FF05A
:1064B000FF321A600023FB770CE0FA7F2E49134667
:1064C0005B001344DB000B440C3300221A70FB7F8B
:1064D0000133FB77FB7F052BEFD9284B06221A707F
:1064E0001D4B1B689A681C4B1B6822F480629A60E3
:1064F000194B1B68DB68DAB2174B1B6862F49062B9
:10650000DA601F4B4FF40022DA60032003F0A9FE8B
:10651000114B1B689A68104B1B6842F480429A60CA
:1065200009E00D4B1B68DB6803F48063002B02D08D
:10653000032003F088FE084B1B68FF225A620022EA
:106540000321032003F03DFE032003F054FE00BFAF
:106550002037BD4680BD00BF5C06002000280040FB
:106560001504002016040020180400201A0400203E
:1065700014040020100400207C0300200C040020E0
:106580000008005880B48BB000AFF860B9603B6081
:106590001346FB71002387F82630EFF31083FB616D
:1065A000FB693B6272B600BF04E097F82630013306
:1065B00087F8263097F82630052B0CD897F8262038
:1065C0002C4913465B001344DB000B440C331B784F
:1065D000DBB2002BE9D197F82630062B38D097F89C
:1065E0002620244913465B001344DB000B440C3384
:1065F00001221A703B6ABB61BB6983F3108800BF3C
:1066000097F826201B4913465B001344DB000B441C
:106610001033FA681A6097F82620164913465B0073
:106620001344DB000B440D33FA791A7097F82620D7
:10663000104913465B001344DB000B443A681A60B0
:10664000BB6897F826201A70002387F8273008E0E7
:106650003B6A7B617B6983F3108800BF012387F865
:10666000273097F8273018462C37BD465DF8047B55
:10667000704700BF7C03002080B586B000AF0346A2
:10668000FB71EFF31083FB60FB687B6172B600BFA8
:10669000032003F0BEFD344B1B68CA225A62324B02
:1066A0001B6853225A62FA79304913465B0013443F
:1066B000DB000B440C331B78DBB2022B42D1FB799D
:1066C00000211846FFF706FC294B1B78FB74FB7C66
:1066D000062B2FD1274B9B6803F48063B3F5806FA3
:1066E00007D100BF204B1B68DB6803F00403002BBD
:1066F000F8D11D4B1B689A681B4B1B6822F4806203
:106700009A6000BF184B1B68DB6803F00403002B82
:10671000F8D0154B1B68DB68DAB2134B1B6862F4C8
:106720009062DA60144B4FF40022DA60032003F029
:1067300098FD07E0114B1B78DBB2FA7C9A4201D03E
:10674000FFF7E4FC084B1B68FF225A62032003F0AA
:1067500052FD7B69BB60BB6883F3108800BF00BF3C
:106760001837BD4680BD00BF5C0600207C030020BA
:106770000C04002000280040000800580D040020F0
:1067800080B586B000AF03463960FB71FA793B49AA
:1067900013465B001344DB000B440C331B78DBB265
:1067A000022B03D1FB791846FFF766FFEFF3108346
:1067B000FB60FB687B6172B600BF032003F029FD1C
:1067C0002F4B1B68CA225A622D4B1B6853225A62F8
:1067D000FA792A4913465B001344DB000B440C335F
:1067E00002221A70FA79254913465B001344DB0034
:1067F0000B4408333A681A60FA79204913465B0063
:106800001344DB000B4404333A681A60FB791846E2
:10681000FFF7B6FA03467B821A4B1B787B741A4B40
:106820001B78DBB27A7C9A4202D0FFF76FFC13E050
:10683000FA79124913465B001344DB000B4408331A
:1068400019687B8AFA79C91A0C4813465B0013440D
:10685000DB00034408331960094B1B68FF225A62AE
:10686000032003F0C8FC7B69BB60BB6883F310881E
:1068700000BF00BF1837BD4680BD00BF7C030020AD
:106880005C0600200C0400200D04002080B584B0BC
:1068900000AFF8600B467A60FB727B68984700BFD8
:1068A0001037BD4680BD000080B584B000AFB96030
:1068B0007B600346FB731346BB81FB7B002B0CD133
:1068C000084A7B681360084B084A1A60BB891A465D
:1068D000B968054806F032FB00E000BF00BF103782
:1068E000BD4680BD1C040020F40400200038014097
:1068F00080B586B000AFB9607B600346FB7313467A
:10690000BB810023FB750023BB75FB7B002B0ED1E5
:10691000174A7B681360174B174A1A60BB891A46DF
:10692000B968144806F056FB0346FB7500E000BF4B
:10693000FB7D032B16D801A252F823F04D69000805
:1069400053690008596900085F6900080023BB7596
:1069500009E00123BB7506E00223BB7503E00323B6
:10696000BB7500E000BFBB7D18461837BD4680BD33
:1069700020040020F40400200038014080B582B0DB
:1069800000AF78607B681B681A46094B9A4207D1B2
:10699000084B1B68002B05D0064B1B68984701E08D
:1069A00000BF00E000BF00BF0837BD4680BD00BF8C
:1069B000003801401C04002080B582B000AF786030
:1069C0007B681B681A46094B9A4207D1084B1B6823
:1069D000002B05D0064B1B68984701E000BF00E084
:1069E00000BF00BF0837BD4680BD00BF0038014072
:1069F0002004002080B483B000AF78604FF0B04333
:106A0000D3F8903023F018024FF0B0417B68134365
:106A1000C1F8903000BF0C37BD465DF8047B70476D
:106A200080B485B000AF78604FF0B0439A6C4FF0FF
:106A3000B0417B6813438B644FF0B0439A6C7B6822
:106A40001340FB60FB6800BF1437BD465DF8047B54
:106A5000704780B485B000AF78604FF0B043DA6C17
:106A60004FF0B0417B681343CB644FF0B043DA6C16
:106A70007B681340FB60FB6800BF1437BD465DF8C0
:106A8000047B704780B500AF03F0C2F9FAF76CFDE4
:106A900000F01AF800F076F800F094F800F0B0F981
:106AA00000F090F900F05AF900F042F900F038F9DE
:106AB00000F09CF80BF090FAFAF7EBFAFAF762FDA7
:106AC000FAF7A1FFFCE7000080B59AB000AF07F12C
:106AD00020034822002118460CF0E4FC3B1D002254
:106AE0001A605A609A60DA601A615A619A6104F019
:106AF000A5F90020FFF77EFF214B1B6823F4C0633C
:106B00001F4A43F4007313601D4B1B6803F4C063FA
:106B10003B603B6847233B624FF480337B62012339
:106B2000BB624FF48073FB620123BB6440233B6371
:106B30000023FB6407F12003184604F013FD03460D
:106B4000002B01D000F08AF96F237B600223BB6029
:106B50000023FB6000233B6100237B610023BB61BA
:106B60000023FB613B1D0121184605F06FF8034629
:106B7000002B01D000F072F900BF6837BD4680BD20
:106B80000004005880B594B000AF3B46502200216D
:106B900018460CF087FC4FF440533B604FF48043A1
:106BA0007B640223BB641023FB643B46184605F05C
:106BB0008AFC0346002B01D000F050F900BF50378B
:106BC000BD4680BD80B500AF064B074A1A60054838
:106BD00004F0AEF80346002B01D000F03FF900BFEF
:106BE00080BD00BF24040020000C005880B500AF19
:106BF000224B234A1A60214B4FF4E1325A601F4B5B
:106C000000229A601D4B0022DA601C4B00221A61A0
:106C10001A4B0C225A61194B00229A61174B002221
:106C20001A62164B00225A62144B00229A62134BCE
:106C300000225A66114806F031F90346002B01D0B4
:106C400000F00CF900210D4808F091F90346002BE3
:106C500001D000F003F90021084808F0C6F9034606
:106C6000002B01D000F0FAF8044808F047F9034679
:106C7000002B01D000F0F2F800BF80BD60040020BE
:106C80000080004080B500AF234B244A1A60224B9D
:106C90004FF4E1325A60204B00229A601E4B0022D2
:106CA000DA601D4B00221A611B4B0C225A611A4BF1
:106CB00000229A61184B4FF40042DA61164B002211
:106CC0001A62154B00225A62134B00229A62124834
:106CD00006F0E4F80346002B01D000F0BFF80021D5
:106CE0000D4808F044F90346002B01D000F0B6F837
:106CF0000021094808F079F90346002B01D000F083
:106D0000ADF8054808F0FAF80346002B01D000F072
:106D1000A5F800BF80BD00BFF4040020003801408A
:106D200080B400AF00BFBD465DF8047B7047000033
:106D300080B500AF074B084A1A60064B00225A6024
:106D4000044805F047FE0346002B01D000F086F80A
:106D500000BF80BD480600200010005880B500AF7D
:106D6000164B174A1A60154B00225A60134B0F221C
:106D70009A60124B47F6FF72DA60104B00221A61DC
:106D80000E4B00229A610D4B0022DA610B4B002260
:106D90005A610A4805F053FE0346002B01D000F06B
:106DA0005DF800220021054805F056FF0346002B40
:106DB00001D000F053F800BF80BD00BF5C0600208A
:106DC0000028004080B500AF0420FFF729FE012015
:106DD000FFF726FE0220FFF723FE00220F210E20E0
:106DE00003F0EFF90E2003F006FA00220F213A20FB
:106DF00003F0E7F93A2003F0FEF900BF80BD000080
:106E000080B586B000AF0420FFF723FE0120FFF716
:106E100020FE0220FFF71DFE3B1D00221A605A6073
:106E20009A60DA601A610420FFF713FE01237B6089
:106E30000123BB600023FB6000233B613B1D19461F
:106E4000054803F0B1FD00220121034803F01CFFB7
:106E500000BF1837BD4680BD0008004880B400AFB1
:106E600000BFBD465DF8047B704790B5ADF5497D28
:106E700004AF07F54474A4F54174206007F544702D
:106E8000A0F54270016007F54471A1F543710A60F5
:106E900007F54472A2F544721360D7F8203310331B
:106EA000C7F8083307F54473A3F52F73184620235A
:106EB0001A4600210CF0F6FA07F54473A3F5377370
:106EC000184620231A4600210CF0ECFA07F544730B
:106ED000A3F53F73184620231A4600210CF0E2FA6E
:106EE00007F54473A3F542731B6841F6B062934201
:106EF00002D04FF0FF3329E1D7F8203307F53A7479
:106F0000186859689A68DB680FC407F53A73184621
:106F1000FAF760FE07F1540300211846F9F7E4FF81
:106F200007F1340302211846F9F7DEFF07F11403D5
:106F300001211846F9F7D8FF07F54473A3F541730B
:106F400007F1740407F1780107F5347007F53A7218
:106F5000039207F54472A2F544721268029207F593
:106F60004472A2F5437212680192D7F8202300926E
:106F70001B682246FEF7B2FD07F54473A3F5417383
:106F800007F54472A2F54172126810321A60D7E90F
:106F90001E2307F154010846F9F794FF07F54473DF
:106FA000A3F527731A6807F1540311461846F9F739
:106FB000B9FF07F53A7407F5347207F54473A3F582
:106FC000417107F1900007F15403009323460968CB
:106FD000FEF7AAFC07F54473A3F5417307F5447265
:106FE000A2F54172126802F536621A600023C7F8F2
:106FF0000C3392E007F13403D7F80C131846F9F775
:1070000051FFD7E91E2307F134010846F9F75AFF6B
:1070100007F1340207F1540311461846F9F774FFDB
:1070200007F54473A3F527731A6807F15403114653
:107030001846F9F777FF07F1540207F114031146D8
:107040001846F9F785FF07F53A7407F1900207F53E
:107050004473A3F5417107F1A00007F154030093B5
:107060002346096800F0E6FD07F54473A3F5417374
:1070700007F54472A2F54172126802F50C721A60AB
:1070800007F53A7207F1A00107F1800007F1140338
:1070900000931346232200F0A9FB07F54473A3F5E0
:1070A00027731A6807F1800107F1900007F1340394
:1070B000039307F53A7302930923019307F5447389
:1070C000A3F541731B680093002300F06EFC07F5E5
:1070D0004473A3F5417307F54472A2F54172126837
:1070E00090321A60D7E91E231346C3F3080207F54E
:1070F0004473A3F527731A60D7E91E014FF000020D
:107100004FF00003420A42EAC1524B0AC7E91E236C
:10711000D7F80C330133C7F80C33D7F80C33062BF0
:107120007FF668AF07F53A731846FAF75DFD07F189
:1071300090031022D7F8081318460CF0A3F9034661
:10714000002B02D04FF0FF3300E00023184607F574
:107150004577BD4690BD80B400AF4FF0B043D3F843
:1071600090304FF0B04243F40043C2F8903000BF7B
:10717000BD465DF8047B704780B485B000AF786091
:107180004FF0B043DA6C4FF0B0417B681343CB64EF
:107190004FF0B043DA6C7B681340FB60FB6800BFC4
:1071A0001437BD465DF8047B704780B485B000AFEE
:1071B00078604FF0B0431A6D4FF0B0417B681343D5
:1071C0000B654FF0B0431A6D7B681340FB60FB68A2
:1071D00000BF1437BD465DF8047B704780B485B0AE
:1071E00000AF78604FF0B0439A6D4FF0B0417B68CC
:1071F00013438B654FF0B0439A6D7B681340FB607F
:10720000FB6800BF1437BD465DF8047B704780B44F
:1072100085B000AF78604FF0B043DA6D4FF0B04109
:107220007B681343CB654FF0B043DA6D7B68134046
:10723000FB60FB6800BF1437BD465DF8047B7047F8
:1072400080B485B000AF78604FF0B0431A6E4FF055
:10725000B0417B6813430B664FF0B0431A6E7B68F6
:107260001340FB60FB6800BF1437BD465DF8047B2C
:10727000704780B500AF4FF40020FFF796FF002263
:1072800000212E2002F09DFF2E2002F0B4FF00BF4F
:1072900080BD000080B582B000AF78607B681B685D
:1072A0000D4A934213D14FF48010FFF77EFF002266
:1072B00000212C2002F085FF2C2002F09CFF0022F0
:1072C00000212D2002F07DFF2D2002F094FF00BF51
:1072D0000837BD4680BD00BF000C005880B5A0B087
:1072E00000AF786007F16C0300221A605A609A6060
:1072F000DA601A6107F10C035022002118460CF0E5
:10730000D1F87B681B68684A93426ED10223FB6008
:107310000023BB6207F10C03184605F0D4F80346BE
:10732000002B01D0FFF79AFD0120FFF770FF01202D
:10733000FFF722FF0C23FB6602233B6700237B67DA
:107340000323BB670823FB6707F16C0319464FF063
:10735000904003F029FB554B554A1A60534B1122BC
:107360005A60524B10229A60504B0022DA604F4B09
:1073700080221A614D4B00225A614C4B00229A61C7
:107380004A4B0022DA61494B00221A62474802F058
:1073900077FF0346002B01D0FFF760FD4FF08853C5
:1073A000FB6500233B66002387F86430002387F8E1
:1073B00065300123BB6607F15C0319463B4803F0C7
:1073C00091FA0346002B01D0FFF748FD7B68374A4E
:1073D000DA67364A7B68936200220021252002F09A
:1073E000F0FE252002F007FF5AE07B681B68314A57
:1073F000934255D10123FB6000237B6207F10C030C
:10740000184605F060F80346002B01D0FFF726FD73
:107410004FF48040FFF714FF0220FFF7ADFEC023BA
:10742000FB6602233B6701237B670323BB670723BC
:10743000FB6707F16C0319461F4803F0B5FA1F4BB1
:107440001F4A1A601D4B0F225A601C4B10229A6073
:107450001A4B0022DA60194B80221A61174B002266
:107460005A61164B00229A61144B0022DA61134BC9
:1074700000221A62114802F003FF0346002B01D0DC
:10748000FFF7ECFC7B680D4ADA670C4A7B68936275
:1074900000220021242002F094FE242002F0ABFE02
:1074A00000BF8037BD4680BD0080004088050020B9
:1074B000440002400038014000040048E805002074
:1074C0004404024080B596B000AF786007F108032D
:1074D0005022002118460BF0E5FF7B681B680D4A1F
:1074E000934213D14FF40073BB604FF080433B6471
:1074F00007F10803184604F0E6FF0346002B01D00D
:10750000FFF7ACFC4FF48020FFF74FFE00BF583769
:10751000BD4680BD0010005880B596B000AF7860C1
:1075200007F108035022002118460BF0BBFF7B68CF
:107530001B68144A934220D14FF40063BB604FF4A0
:107540008073BB6407F10803184604F0BCFF0346D0
:10755000002B01D0FFF782FCFFF7FDFD4FF48060A8
:10756000FFF73CFE00220021032002F02AFE032048
:1075700002F041FE786805F03BFC00BF5837BD467D
:1075800080BD00BF0028004080B400AF00BFBD46F2
:107590005DF8047B704780B400AF00BFFDE780B4A6
:1075A00000AF00BFFDE780B400AF00BFFDE780B4CF
:1075B00000AF00BFFDE780B400AF00BFBD465DF87F
:1075C000047B704780B400AF00BFBD465DF8047B0C
:1075D000704780B400AF00BFBD465DF8047B7047C4
:1075E00080B500AF02F06EFC00BF80BD80B500AF7B
:1075F000FEF726FE00BF80BD80B500AF024803F055
:1076000020F800BF80BD00BF8805002080B500AF16
:10761000024805F05FFD00BF80BD00BFF4040020FC
:1076200080B500AF024805F055FD00BF80BD00BF2A
:107630006004002080B500AF02F08CF800BF80BD70
:1076400080B500AF02F0BCF800BF80BD80B500AFD0
:1076500003F04AFB00BF80BD80B500AF024802F0D6
:10766000F0FF00BF80BD00BFE805002080B500AF7F
:10767000102003F021FB00BF80BD80B500AF0120CA
:1076800003F01AFB00BF80BD80B500AF022003F0FD
:1076900013FB00BF80BD80B400AF01231846BD4678
:1076A0005DF8047B704780B582B000AF78603960C8
:1076B0000BF05AFF034616221A604FF0FF331846AC
:1076C0000837BD4680BD80B582B000AF78604FF00E
:1076D000FF317868FFF7E7FF00BFFDE780B586B0B0
:1076E00000AFF860B9607A6000237B610AE0AFF315
:1076F00000800146BB685A1CBA60CAB21A707B6926
:1077000001337B617A697B689A42F0DB7B681846BB
:107710001837BD4680BD80B483B000AF78604FF0AD
:10772000FF3318460C37BD465DF8047B704780B4C4
:1077300083B000AF786039603B684FF400525A6004
:10774000002318460C37BD465DF8047B704780B4B3
:1077500083B000AF7860012318460C37BD465DF852
:10776000047B704780B485B000AFF860B9607A6080
:10777000002318461437BD465DF8047B70470000AF
:1077800080B586B000AF7860144A154BD31A7B6180
:107790007B693B61134B1B68002B02D1114B124AD2
:1077A0001A60104B1A687B6813443A699A4207D2F0
:1077B0000BF0DAFE03460C221A604FF0FF3309E0AB
:1077C000084B1B68FB60074B1A687B681344054A2B
:1077D0001360FB6818461837BD4680BD00000320C3
:1077E0000020000080060020C03800202DE9F04372
:1077F00087B000AFF860B9607A603B606B461E46A8
:107800007B68033319010B46013B7B6100238846EB
:1078100099464FF000024FF000034FEAC90343EAD4
:1078200058734FEAC80200230C461D464FF0000271
:107830004FF00003EB0043EA5473E200CB1DDB087A
:10784000DB00ADEB030D6B463B613B681022194634
:1078500038690BF0B6FE3B6910332022B96B18462D
:107860000BF0AFFE3B6903F130007B681B011A4649
:10787000B9680BF0A6FE7B6803331B013A6910213F
:10788000F868FDF799FFB54600BF1C37BD46BDE857
:10789000F08380B487B000AFF860B960C7E9002317
:1078A000BB68013B7B6113E07B69FA6813443A785B
:1078B0001A70D7E900014FF000024FF00003020AEE
:1078C00042EA01620B0AC7E900237B69013B7B6145
:1078D0007B69002BE8DA00BF00BF1C37BD465DF8AE
:1078E000047B704780B483B000AF786039603B6838
:1078F0001B0EDAB27B681A703B681A0C7B68013386
:10790000D2B21A703B681A0A7B680233D2B21A707C
:107910007B6803333A68D2B21A7000BF0C37BD4699
:107920005DF8047B70472DE9F00386B000AF786006
:1079300039604FF000004FF00001C7E90401002159
:10794000F96025E07868F96801440978C9B2002037
:107950000C4605463868F968411A0139C900A1F199
:107960002006C1F1200005FA01F304FA06F63343BC
:1079700024FA00F0034304FA01F2D7E9040140EAD3
:10798000020841EA0309C7E90489F9680131F9608D
:10799000F86839688842D5D3D7E9042310461946D8
:1079A0001837BD46BDE8F003704780B590B002AF10
:1079B000F860B9607A603B607B6803F00103002BDC
:1079C0000FD007F1140310331022B96818460BF0DA
:1079D000F8FD07F114031022396C18460BF0F1FD85
:1079E0000EE007F114031022B96818460BF0E9FD08
:1079F00007F1140310331022396C18460BF0E1FD27
:107A00003B6C10333B6400237B6342E07B685B0884
:107A10007B603B685B083B607B6B01331946F86C0D
:107A2000F9F7CEFA7A683B6813441946F86CF9F70F
:107A3000D7FA7B6803F00103002B12D007F1140082
:107A4000103007F11401FB6C0093BB6C0222FFF7AE
:107A5000CDFE07F114031022396C18460BF0B1FD6E
:107A600011E007F1140107F11400FB6C0093BB6CEB
:107A70000222FFF7BBFE07F1140310331022396C0A
:107A800018460BF09EFD3B6C10333B647B6B01335F
:107A90007B637B6C013B7A6B9A42B7D37B685B0854
:107AA0007B603B685B083B60796CF86CF9F788FA9F
:107AB0007A683B6813441946F86CF9F791FA07F1B4
:107AC0001401FB6C0093BB6C0222F868FFF78EFE7A
:107AD00000BF3837BD4680BD80B588B002AFF860C2
:107AE000B9607A603B601022B968F8680BF069FDF4
:107AF0007B687B610EE07969786AF9F751FA7B6AF5
:107B000000933B6A0122F968F868FFF76FFE7B6912
:107B100001337B617A683B6813447A699A4202D2E6
:107B20007B690F2BE7D900BF1837BD4680BD80B4F5
:107B30008BB000AFF860B9607A6000237B620023ED
:107B40003B620023FB770023BB6100237B6122E0C3
:107B5000BB69002B0AD17B6A7A6813441B78FB77D8
:107B60007B6A01337B62BB690833BB61BB69043B41
:107B7000BB61FA7FBB6942FA03F319463B6A9B007B
:107B8000FA68134401F00F021A603B6A01333B624A
:107B90007B6901337B617A69BB689A42D8DB00BF9D
:107BA00000BF2C37BD465DF8047B704780B586B0BA
:107BB00000AF7860396000217961002139610BE004
:107BC000396989003868014409687869411A0F31B8
:107BD000796139690131396139691F29F0D97969C8
:107BE00009017961796900200A46034607F10C0012
:107BF0000221FFF74EFE07F10C031A4603217868B5
:107C0000FFF795FF00BF1837BD4680BD80B582B035
:107C100000AF786039603A6820217868FFF787FF05
:107C20007B68803379681846FFF7C0FF00BF0837CC
:107C3000BD4680BD90B5ABB002AFF860B9607A6068
:107C40003B6007F1100379681846FFF7DFFF002358
:107C5000C7F89C302CE0D7F89C10D7F8B000F9F7A3
:107C60008FF9D7F89C301B01FA68D018D7F89C30F0
:107C70001B01BA68D118D7F89C309B00A0333B4455
:107C800053F8902CD7F89C309B00A0333B4453F81A
:107C9000903CC3F10F04D7F8B03001933B680093D8
:107CA0002346FFF719FFD7F89C300133C7F89C3003
:107CB000D7F89C30222BCED900BF00BFA437BD46D9
:107CC00090BD000080B400AF034B1B681846BD4652
:107CD0005DF8047B704700BF8075FF1F80B400AF64
:107CE000034B1B68DBB21846BD465DF8047B70474A
:107CF0008475FF1F80B400AF034B1B681B0A184636
:107D0000BD465DF8047B70478475FF1F80B592B057
:107D100000AF922387F847303B46432200211846A4
:107D20000BF0C0FB4423BB820823FB824FF4A86303
:107D30003B830223BB760123FB761C233B773C234A
:107D40007B77FB23FB834FF4FA733B844FF0FF33C5
:107D50007B624FF4A4733B85012387F82A302023EC
:107D600087F82D30D82387F82E30062387F82F3058
:107D7000032387F8313040F272637B860D2387F846
:107D80003830042387F83A3000F0F4FA0121022059
:107D90000AF0F2F8284A002110200AF0E9FA3B46DE
:107DA000184608F05FFE034687F8463097F84630DD
:107DB000002B08D097F84630194620480BF014FAEB
:107DC000FFF74CF802E01E480BF00EFA00F0E8FA5C
:107DD00009F0AAFD1B4A002101200AF0C9FA1A4A3B
:107DE000002102200AF0C4FA184B002283F8742004
:107DF000202008F0DAF9034687F8473097F8473033
:107E0000002B06D097F84730194611480BF0ECF9D3
:107E100002E010480BF0E8F90A200BF0F7F900F047
:107E20006BFD0D4B00220D490020FEF7ABFB00BFA0
:107E30004837BD4680BD00BFD5060108B0540108D3
:107E4000E854010879860008DD86000898060020BD
:107E50001055010854550108618700080D070020DE
:107E6000F0B599B006AF78607B6801333B643B6C3A
:107E70000233FB6300237B64922387F83B303B6C27
:107E80001B78FF2B09D0FF2B00F32682052B00F077
:107E9000EC803E2B00F007811EE2AE4B01221A70EF
:107EA0003B6C02337B637B6B1B889BB241F6040205
:107EB000934200F0B98041F60402934200F3D1806E
:107EC00040F60342934200F0BA8040F603429342E8
:107ED00000F3C78040F20742934204D040F602020A
:107EE000934227D0BDE07B6B0233BB62BB6A1B7839
:107EF000022B40F0B880BB6A5B78002B40F0B38067
:107F0000002001F085FE94480BF0DEF993480BF059
:107F10006BF9934B93F87630012B40F0A480904B93
:107F200093F87430062B00F09E80002102200AF0A6
:107F300041FA98E07B6B0233FB62002008F035F9D0
:107F4000034687F83B3097F83B30002B06D097F874
:107F50003B30194683480BF047F902E082480BF0AA
:107F600043F9FB6A9A78814B1A70FB6AB3F80330C5
:107F70009AB27E4B5A80FB6AB3F805309AB27B4BBB
:107F80009A80FB6AB3F807309AB2784BDA80FB6AC2
:107F9000B3F809309AB2754B1A81FB6AB3F80B300B
:107FA0009AB2724B5A816E4B9889704B99886F4B7D
:107FB000DC886E4B1D896D4B5B896C4A12780126FB
:107FC00004960392102202921022019200932B46F3
:107FD000224608F0E9F9034687F83B3097F83B3032
:107FE000002B09D097F83B30194661480BF0FCF89C
:107FF000022001F0F3FD02E05E480BF0F5F82020CE
:1080000008F0D3F8034687F83B3097F83B30002B55
:1080100006D097F83B30194652480BF0E5F823E0BC
:1080200051480BF0E1F81FE0012001F0D7FD4C4B67
:1080300093F875300A211846FEF7A2FB14E07B6B1B
:1080400002333B633B6B5B889BB219463B6B5B889F
:108050009BB2033B1A4648480BF0C6F800F0CCFB35
:1080600002E000BF3BE100BF39E1FB6BB3F8013038
:108070009AB23B4B9B899A4240F03081384B0022A8
:108080009A81374B002283F874203C480BF0ACF8FF
:10809000304B01221A70324B9A892E4B5A802D4850
:1080A00000F08AFC1AE13B6C02337B627B6A1B782E
:1080B000072B00F0FE80072B00F30A81012B02D072
:1080C000022B67D004E17B6A0133FB60FB68B3F8E5
:1080D00001309AB2224B9A81214B062283F87420F8
:1080E000FB68B3F801309BB240F64802FB2118460A
:1080F00008F0D3F80346FB72FB7A002B05D0FB7A1D
:1081000019461F480BF070F802E01E480BF06CF89F
:108110001D480BF069F80F4B00221A70104B9A891A
:108120000C4B5A800B4800F047FC0D4B9B891846BE
:1081300007F062FC0346BB72BB7A002B05D0BB7A0A
:10814000194612480BF050F8C5E011480BF04CF8F6
:10815000C1E000BF940600208C5501089C55010821
:1081600098060020105501085455010810070020FA
:10817000CC5501081C5601085C5601089C560108A4
:10818000C856010804570108305701086057010814
:10819000A05701087B6A0133FB61FB695B78FB76C2
:1081A000FB695B7ABB76FB69093301337B61002392
:1081B0007B64FB7E002B40F08D8075E07B6C7A69E0
:1081C00013441B78FB747B6C01337A6913441B786E
:1081D000BB74BB7CFF2B0AD0FF2B57DC162B57D070
:1081E000162B53DC012B55D00A2B55D04EE0FB7CCF
:1081F000062B53D97B6C02337A6913441B78012B0D
:108200004CD17B6C03337A6913441B78832B3BD1AD
:10821000354B1B78002B05D134480AF0E5FF324B73
:1082200001221A70324B012283F87620FB699A787A
:10823000304B1A70FB69DA782F4B1A70FB691A7988
:108240002D4B5A70FB695A792B4B9A70FB699A79BE
:10825000294BDA70FB69DA79274B1A71FB691A7AB4
:10826000254B5A71022007F0A5FA03467B747B7CEC
:10827000002B05D07B7C194620480AF0B5FF04E0AE
:108280001F480AF0B1FF00E000BF07E000BF06E0B2
:1082900000BF04E000BF02E000BF00E000BFFB7CC5
:1082A00001337A6C13447B64BB7E7A6C9A4285DB23
:1082B00010E07B6A01333B623B6A5B889BB21946E4
:1082C0003B6ADB889BB21A460E480AF08DFF02E03B
:1082D00000BF04E000BF02E000BF00E000BF0123D8
:1082E00018464C37BD46F0BD1C070020D05701088A
:1082F00098060020920600208C060020E85701080E
:10830000285801085858010880B483B000AF0346CC
:10831000FB80084B9B89FA889A4203D1054B93F85E
:10832000743000E0002318460C37BD465DF8047B2E
:10833000704700BF9806002080B500AF00F0C8FF6E
:108340000346062B04D0002101200AF033F801E097
:1083500000F090FB00BF80BD80B400AF00BFBD4601
:108360005DF8047B704780B400AF00BFBD465DF888
:10837000047B704780B582B000AF064B3B60064B74
:108380007B603B461946054808F088F900BF08376E
:10839000BD4680BD28000320C188000889880008E8
:1083A000B0B58CB006AF00233B809223FB75974895
:1083B0000AF08AFF07F04DFF0346FB75FB7D002B9B
:1083C00005D0FB7D194692480AF00EFF02E0914865
:1083D0000AF07AFF00F0CCF938613A6906210020F2
:1083E00007F0F7FD0346FB75FB7D002B05D0FB7DF9
:1083F000194689480AF0F8FE21E088480AF064FF2F
:108400003B6905331B7818463B6904331B781C46CF
:108410003B6903331B781D463B6902331B781A46C0
:108420003B6901331B7819463B691B780293019124
:1084300000922B462246014679480AF0D5FE794A39
:108440001021182007F0C5FD0346FB75FB7D002BAE
:1084500005D0FB7D194674480AF0C6FE02E0734859
:108460000AF032FF724A1021082007F0B2FD0346DD
:10847000FB75FB7D002B05D0FB7D19466D480AF08E
:10848000B3FE02E06C480AF01FFF1821012007F03C
:1084900025FE0346FB75FB7D002B05D0FB7D1946B1
:1084A00066480AF0A1FE02E065480AF00DFF07F0F9
:1084B000D5F90346FB75FB7D002B05D0FB7D1946E6
:1084C00060480AF091FE02E05F480AF0FDFE0023DA
:1084D000FB73FB7B43F00403FB73FB7B002B2BD074
:1084E0005A4BBB60BA1DF87BBB1C01933B1D00932C
:1084F00013460722002106F01DFF0346FB75FB7D96
:10850000002B05D0FB7D194651480AF06DFE02E0B4
:1085100050480AF0D9FEFC88BD88B868F7F790FE8D
:108520000346DAB2BB680093134600222946204670
:1085300007F0B9F90346FB75F88879883B46009344
:108540000223002207F0AFF90346FB75424B0122DC
:108550001A70414B1B78184606F0D4FD0346FB7594
:10856000FB7D002B05D0FB7D19463C480AF03CFE04
:1085700002E03B480AF0A8FE374B01225A70364B06
:108580000822DA70344B10221A71334B01229A7090
:10859000314B9878304B59782F4BDB782E4A127933
:1085A0000024049400240394012402940192009373
:1085B0000023012206F0FAFD0346FB75FB7D002B2C
:1085C00005D0FB7D194627480AF00EFE02E026483A
:1085D0000AF07AFE204B9B78002B0FD006F057FF55
:1085E0000346FB75FB7D002B05D0FB7D19461F481C
:1085F0000AF0FAFD02E01E480AF066FE1D480AF085
:10860000F3FD00BF1837BD46B0BD00BF8858010854
:10861000B4580108E45801080459010868590108D0
:10862000BC590108E0650108F8590108505A0108D1
:10863000F0650108985A0108F05A0108385B0108F2
:10864000785B0108A85B0108DC5B0108005C01089D
:10865000085C0108385C010898060020585C010895
:10866000985C0108C85C0108145D0108505D0108B0
:10867000905D0108C05D010880B582B000AF134B6A
:1086800093F87430062B1DD0002001F0A7FA104893
:108690000AF01AFE012300224FF448714FF448708B
:1086A00006F019FF0346FB71FB79002B03D1094843
:1086B0000AF09AFD06E0022001F090FA06480AF05E
:1086C00093FD00BF00BF0837BD4680BD980600205F
:1086D000EC5D0108F85D0108285E010880B58AB0EC
:1086E00008AF1B480AF080FD1A4B93F87430062B34
:1086F00029D0194B1A7810230693102305934FF4B1
:10870000FA730493002303935023029328230193C5
:1087100000230093114B4FF448714FF4487006F05A
:108720006EFF0346FB71FB79002B04D1094B042239
:1087300083F8742007E0022001F050FA054B002274
:1087400083F8742000BF00BF0837BD4680BD00BF5E
:10875000585E010898060020920600208C06002032
:1087600080B500AF012001F053FA00BF80BD0000CA
:1087700080B586B000AFFFF7A5FA38613B69B3F169
:10878000FF3F23D0FFF7B6FAB860FFF7A7FA78608B
:108790003B69DAB2164B1A703B691B0ADAB2144B0A
:1087A0005A707B68DAB2124B9A70BB68DAB2104B1F
:1087B000DA70BB681B0ADAB20D4B1A71BB681B0C6E
:1087C000DAB20B4B5A710A4B7B610BE0002008F0C8
:1087D00021F9F860FB68002B02D0FB687B6101E0A7
:1087E000044B7B617B6918461837BD4680BD00BFCE
:1087F00084060020D865010880B582B000AF0D4B1B
:108800009B89184607F050F90346FB71FB79002B52
:1088100006D109480AF0E8FC08480AF0E5FC04E043
:10882000FB79194606480AF0DFFC00BF0837BD4651
:1088300080BD00BF98060020845E0108B85E010874
:10884000E85E010880B582B000AF7860002110209A
:1088500009F0B0FD00BF0837BD4680BD80B582B0CD
:1088600000AF7860012009F011FE00BF0837BD4657
:1088700080BD80B582B000AF7860012009F026FE8F
:1088800000BF0837BD4680BD80B584B000AF7860BA
:108890007B68FB60FB685B680833184609F096F854
:1088A0000346FB72FB7A002B03D0FB6801221A708F
:1088B00003E0FB6800221A7000BF1037BD4680BD80
:1088C00080B584B000AF0346FB71FB79002B02D06A
:1088D000012B06D00BE0FF23FB60F86809F096FD42
:1088E00005E0FF23FB60F86809F0B0FD00BF00BFA2
:1088F0001037BD4680BD000080B582B000AF0023B8
:10890000FB71224A0021042009F032FD204A002197
:10891000202009F02DFD1F4B00221A701D4B002254
:10892000DA801C4B00225A701A4B00229A70194BA5
:108930000122DA70174B00221A71174B00221A809D
:10894000164B00221A80164B00221A80154B00226B
:108950001A60154B00221A700023FB7108E0FB79A6
:10896000124A1B01134400221A70FB790133FB7178
:10897000FB79002BF3D00E4809F00EF80D480AF0F1
:10898000A3FC00BF0837BD4680BD00BFA59300080B
:108990005D9300082C2600200C2600200E260020C7
:1089A0001026002014260020182600201C26002057
:1089B000858A0008385F010880B584B000AF786010
:1089C0007B681B78002B02D0012B14D03FE07B6822
:1089D0005A88214BDA80214B00221A80204B00223A
:1089E0001A80204B00221A801F4B00221A601F4B56
:1089F00000221A702BE00023FB73174B0022DA8051
:108A000008E0FB7B1A4A1B01134400221A70FB7B0F
:108A10000133FB73FB7B002B06D1FB7B144A1B014C
:108A200013441B78002BECD1002001F0F1F80B4B24
:108A300000221A800A4B00221A800A4B00221A8058
:108A4000094B00221A60094B00221A7000BF00BFB8
:108A50001037BD4680BD00BF2C2600200C2600200C
:108A60000E260020102600201426002018260020A4
:108A70001C26002080B500AF0021202009F09AFCC0
:108A800000BF80BD80B594B000AF7860002387F848
:108A900045307B6801333B643B6C1B78FF2B40F017
:108AA000A9823B6C0233FB63FB6B1B889BB2A3F672
:108AB00004430C2B00F2928201A252F823F000BF73
:108AC000EB8D0008DD8F0008A58C0008DD8F000805
:108AD000DD8F0008DD8F0008F58A0008DD8F0008B3
:108AE000DD8F0008DD8F0008DD8F0008138F000880
:108AF000878F0008FB6B02333B633B6B1A785B7814
:108B00001B021343FB85002387F84D302EE097F8B6
:108B10004D30B94A1B01134402331B881846FFF736
:108B2000F3FB034687F82D3097F84D30B24A1B010E
:108B300013441B78062B14D197F82D30002B10D13D
:108B400097F84D30AC4A1B01134400221A7097F875
:108B50004D30A94A1B01134402334FF6FF721A80AD
:108B600010E097F84D30013387F84D3097F84D30CD
:108B7000002B07D197F84D309F4A1B0113441B78F7
:108B8000002BC4D197F84D30002B40F0298297F884
:108B90004D30994A1B0113440233FA8D1A803B6B06
:108BA000DA783B6B9B78B2FBF3F387F82C303B6BA6
:108BB0009B78142B40F01482102387F84E3000234A
:108BC00087F84F3067E097F84E303A6B13441B79C3
:108BD000194697F84E303A6B1344043301331B782F
:108BE0001B029BB20B437B857B8D4FF64062934209
:108BF00047D197F84D30804A1B01134402331B883C
:108C000019467E480AF0F0FA97F84E30103B3A6B5E
:108C100013441B79194697F84E30103B3A6B1344B6
:108C2000043301331B781B029AB297F84D300A4384
:108C300091B2714A1B01134404330A461A8097F813
:108C40004E300E3B3A6B13441B79194697F84E3061
:108C50000E3B3A6B1344043301331B781B029AB268
:108C600097F84D300A4391B2634A1B01134406330F
:108C70000A461A8097F84D305F4A1B0113440822B8
:108C80001A7097F84E30063387F84E3097F84F3009
:108C9000013387F84F3097F84F2097F82C309A42DD
:108CA00091D39DE1FB6B02337B62002387F84B304D
:108CB00004E097F84B30013387F84B3097F84B308E
:108CC000002B0BD197F84B304B4A1B011344023356
:108CD0001A887B6A1B889BB29A42EAD197F84B307C
:108CE000002B40F07F81112387F84C307B6A9B7802
:108CF000152B40F077817B6ADB78013BDAB27B6A27
:108D0000DA706DE097F84C307A6A13441B79194693
:108D100097F84C307A6A1344043301331B781B02F2
:108D20009BB20B437B8497F84C300E3B7A6A13441A
:108D30001B79194697F84C300E3B7A6A134404337A
:108D400001331B781B029BB20B433B847B8C4FF699
:108D5000416293421AD197F84B30274A1B011344C2
:108D600002331B88194626480AF03EFA97F84B3022
:108D7000214A1B01134409221A7097F84B301E4AEE
:108D80001B01134408333A8C1A801EE07B8C4FF68B
:108D90004262934219D197F84B30174A1B01134492
:108DA00002331B88194617480AF01EFA97F84B3011
:108DB000114A1B0113440A221A7097F84B300E4ACD
:108DC0001B0113440C333A8C1A807B6ADB78153B09
:108DD000DAB27B6ADA7097F84C30153387F84C308A
:108DE0007B6ADB78002B8DD1FCE0FB6B0233FB61EF
:108DF000002387F848300CE01C260020545F01084F
:108E0000905F0108C85F010897F84830013387F880
:108E1000483097F84830002B0BD197F84830794A02
:108E20001B01134402331A88FB691B889BB29A42C8
:108E3000EAD197F84830002B40F0D680FB69DB7808
:108E40009B08FB76002387F84A30FB699B78012B4F
:108E500040F0CA80002387F8493054E097F84A3040
:108E6000FA6913441B79194697F84A30FA69134492
:108E7000043301331B781B029BB20B433B8397F8EF
:108E80004A300233FA6913441B79194697F84A307D
:108E90000233FA691344043301331B781B029BB27B
:108EA0000B43FB82FB8A42F60212934221D197F8D0
:108EB0004830544A1B01134402331B881946524858
:108EC0000AF092F997F848304E4A1B0113441B7878
:108ED0000A2B0ED197F848304A4A1B0113440E332F
:108EE0003A8B1A8097F84830464A1B0113440B22EC
:108EF0001A7097F84A30043387F84A3097F84930A7
:108F0000013387F8493097F84920FB7E9A42A5D370
:108F10006AE0FB6B02337B63002387F8473004E091
:108F200097F84730013387F8473097F84730002BE0
:108F30000BD197F84730334A1B01134402331A8888
:108F40007B6B1B889BB29A42EAD197F84730002B83
:108F50004CD17B6B5B889AB297F8473029491B014B
:108F60000B440C331B889A4240D102233B727B6B2B
:108F70001B793B747B6B0533FB6007F108031846D4
:108F800000F046F832E0FB6B0233BB631F480AF087
:108F90009BF90A200AF03AF9002387F8463004E0EA
:108FA00097F84630013387F8463097F84630002B63
:108FB0000BD197F84630134A1B01134402331A8829
:108FC000BB6B1B889BB29A42EAD197F84630002BC4
:108FD0000ED10021042009F0EDF909E000BF0AE0FC
:108FE00000BF08E000BF06E000BF04E000BF02E0F1
:108FF00000BF00E000BF97F8453018465037BD4627
:1090000080BD00BF1C2600200C60010854600108D0
:1090100080B58CB002AF78607B681B78022B40F083
:109020001D817B681B7AFB847B685B683B628E4B8F
:109030001B78022B78D0022B00F30881002B02D082
:10904000012B37D002E1894B1B881A46FB8C134455
:10905000202B10DC854B1B881A46854B1344FA8C59
:10906000396A18460AF0ADFA804B1A88FB8C134413
:109070009AB27E4B1A807D4B1B88202B40F0E880F3
:1090800001233B7600237B7607F118031A46002163
:109090004FF6416000F028F9202176480AF0A4F844
:1090A00075480AF011F9754B00221A806E4B0122A7
:1090B0001A70CDE0714B1B881A46FB8C1344122B9F
:1090C00010DC6E4B1B881A466D4B1344FA8C396AC0
:1090D00018460AF076FA694B1A88FB8C13449AB248
:1090E000664B1A80654B1B88122B40F0B38002231D
:1090F0003B7500237B7507F114031A4600214FF6D8
:10910000416000F0F1F812215E480AF06DF85E4807
:109110000AF0DAF8544B02221A705C4B00221A80D3
:109120005B480AF0D1F895E0584B1B881A46FB8C37
:10913000134441F6B062934210DC544B1B881A462C
:10914000544B1344FA8C396A18460AF03AFA4F4BDA
:109150001A88FB8C13449AB24C4B1A804B4B1B88D9
:1091600041F6AF62934202D8FB8CF72B74D80323ED
:109170003B7400237B7407F110031A4600214FF65D
:10918000416000F0B1F8414B1B881A46424B1A600F
:10919000414B1B68194641480AF026F840480AF03E
:1091A00093F800F0A3FE03463E4A13603E480AF0DF
:1091B0008BF8394B19682E4B00931223304A3548EF
:1091C000FDF753FEF86139480AF07EF800F08EFE94
:1091D0000346374A1360364B1A68324B1B68D31A62
:1091E000194634480AF000F8FB69002B15D13248C3
:1091F0000AF06AF831480AF067F804233B73002349
:109200007B7307F10C031A4600214FF6416000F012
:109210006BF82B480AF058F805E02A480AF054F891
:1092200029480AF051F829480AF04EF80F4B00225D
:109230001A80124B00221A80144B00221A80164BFF
:1092400000221A60084B00221A7005E000BF06E0F9
:1092500000BF04E000BF02E000BF00E000BF00BFAD
:109260002837BD4680BD00BF182600200C260020F0
:109270002807002084600108B06001080E26002045
:1092800048070020C0600108EC600108102600209B
:10929000FC6001085C07002014260020186101080A
:1092A0004461010820070020546101086861010839
:1092B000240700207C6101089C610108B461010859
:1092C000CC610108DC610108F86101081062010845
:1092D00080B400AF034B1B781846BD465DF8047B95
:1092E000704700BF1C26002080B584B000AF034645
:1092F0003A60FB800B467B719223FB730023BB73A8
:109300001BE0FB884FF64162934212D1BB7B124AAD
:109310001B01134402331888BB7B0F4A1B01134403
:10932000083319883B68022206F0B7FD0346FB7339
:1093300000E000BFBB7B0133BB73BB7B002B06D1BE
:10934000BB7B054A1B0113441B78002BD9D1FB7B47
:1093500018461037BD4680BD1C26002080B500AFE2
:109360000C4809F0B1FF0C4809F03EFF0B4B1B798C
:10937000002B03D1094B01221A7102E0074B002296
:109380001A71074A00214FF64160FFF7ADFF00BF99
:1093900080BD00BF68620108A86201082C26002079
:1093A0002F26002080B582B000AF0123BB800023B0
:1093B0007B800023FB71A5E0FB795A4A1B01134413
:1093C0001B78073B052B00F2998001A252F823F08D
:1093D000E9930008F19300082394000859940008C9
:1093E0008F940008C99400084F4809F06DFF86E08B
:1093F0004E4809F069FFFB794A4A1B0113440233C6
:109400001888FB79474A1B01134404331988FB79F8
:10941000444A1B01134406331B881A4606F09CFB82
:109420006DE0434809F050FFFB793E4A1B011344AD
:1094300002331888FB793B4A1B011344083319880F
:10944000FB79384A1B01134408331B8802339BB253
:109450001A4606F002FC52E0364809F035FFFB7967
:10946000304A1B01134402331888FB792D4A1B0133
:1094700013440C331988FB792A4A1B0113440C331B
:109480001B8802339BB21A4606F0E7FB37E02A48F6
:1094900009F01AFFFB79234A1B0113440233188891
:1094A000FB79204A1B0113440E3319883B1D02220D
:1094B00006F054FCFB791B4A1B01134406221A7068
:1094C000022000F0A5FB1AE01C4809F0FDFEFB7924
:1094D000144A1B01134402331888FB79114A1B01FB
:1094E00013440E331988BB1C022206F037FCFB79AB
:1094F0000C4A1B01134406221A7000E000BFFB79DE
:109500000133FB71FB79002B08D1FB79054A1B0164
:1095100013441B78002B7FF44FAF00BF00BF083708
:10952000BD4680BD1C260020AC620108C462010853
:10953000EC620108286301086C630108906301086C
:1095400080B400AF054BDB68044A43F40043D360AA
:1095500000BFBD465DF8047B704700BF00040058A3
:1095600080B483B000AF7860064BD3F8D4200549AF
:109570007B681343C1F8D43000BF0C37BD465DF89B
:10958000047B70470008005880B483B000AF786057
:10959000054B1A6A04497B6813430B6200BF0C3702
:1095A000BD465DF8047B70470008005880B485B064
:1095B00000AF78604FF0B0431A6D4FF0B0417B6858
:1095C00013430B654FF0B0431A6D7B681340FB608B
:1095D000FB6800BF1437BD465DF8047B704780B45C
:1095E00085B000AF78604FF0B043D3F850214FF012
:1095F000B0417B681343C1F850314FF0B043D3F80A
:1096000050217B681340FB60FB6800BF1437BD46E8
:109610005DF8047B704780B483B000AF78607B68EE
:109620001B6843F480327B681A6000BF0C37BD466C
:109630005DF8047B704780B483B000AF78607B68CE
:109640001B6843F001027B681A6000BF0C37BD46FF
:109650005DF8047B704780B483B000AF78603960F8
:109660007B685A683B681B04DB431A407B685A607E
:1096700000BF0C37BD465DF8047B704780B483B0F3
:1096800000AF786039607B685A683B681B041A43F6
:109690007B685A6000BF0C37BD465DF8047B70479D
:1096A00080B483B000AF786039607B685A683B68EB
:1096B000DB431A407B685A6000BF0C37BD465DF83B
:1096C000047B704780B483B000AF786039607B68FA
:1096D0003A689A6000BF0C37BD465DF8047B70475E
:1096E00080B483B000AF786039603B681A047B684F
:1096F0009A6000BF0C37BD465DF8047B704780B4AC
:1097000083B000AF786039607B68DA683B681340EB
:109710003A689A4201D1012300E0002318460C3731
:10972000BD465DF8047B704780B483B000AF7860BD
:1097300039607B68DA693B6813403A689A4201D124
:10974000012300E0002318460C37BD465DF8047B7A
:109750007047000080B500AF02211848FFF7E4FF12
:109760000346002B08D0154B5B6803F00203002B67
:1097700002D100F025F91EE001211048FFF7D4FFC7
:109780000346002B08D00D4B5B6803F00103002B50
:1097900002D100F099F80EE008210848FFF7C4FF55
:1097A0000346002B08D0054B5B6803F00803002B31
:1097B00002D100F07DF900BF00BF80BD000C005851
:1097C00080B500AF02211848FFF799FF0346002B30
:1097D00008D1154B5B6803F40033002B02D100F075
:1097E000D3F81EE008211048FFF789FF0346002B3D
:1097F00008D10D4B5B6803F40023002B02D100F06D
:1098000019F90EE020210848FFF779FF0346002BE5
:1098100008D1054B5B6803F40013002B02D100F064
:109820005FF800BF00BF80BD000C005880B500AFDE
:109830004FF48010FFF7D3FE4FF40070FFF7A4FE43
:109840004FF40070FFF78CFE40BF20BFFFF778FE9B
:1098500000BF80BD80B500AF4FF48010FFF7A6FEBB
:109860000648FFF7E8FE0548FFF7D5FE2C2000F07C
:10987000C2FC2D2000F0BFFC00BF80BD000C0058D2
:1098800080B584B000AFEFF310837B607B68FB6032
:1098900072B600BF01210648FFF702FFFB68BB60FC
:1098A000BB6883F3108800BF00BF1037BD4680BD82
:1098B000000C005880B500AF01210248FFF710FFEF
:1098C00000BF80BD000C005880B500AF08F07EF9E5
:1098D00001210248FFF7F6FE00BF80BD000C0058D2
:1098E00080B584B000AFEFF310837B607B68FB60D2
:1098F00072B600BF20210748FFF7C0FEFB68BB60BF
:10990000BB6883F3108800BF08F090F900BF1037E0
:10991000BD4680BD000C005880B584B000AFEFF3A9
:1099200010837B607B68FB6072B600BF0221064833
:10993000FFF7B6FEFB68BB60BB6883F3108800BF0F
:1099400000BF1037BD4680BD000C005880B584B004
:1099500000AF02210B48FFF7C3FEEFF310837B60DB
:109960007B68FB6072B600BF02210648FFF773FEFA
:10997000FB68BB60BB6883F3108800BF00BF103773
:10998000BD4680BD000C005880B584B000AFEFF339
:1099900010837B607B68FB6072B600BF02210748C2
:1099A000FFF76CFEFB68BB60BB6883F3108800BFE9
:1099B00008F090F900BF1037BD4680BD000C00587C
:1099C00080B500AF08F09CF902210248FFF77AFE4B
:1099D00000BF80BD000C005880B586B000AF786035
:1099E00008211248FFF78BFE0346002B13D0104AC4
:1099F0007B681360EFF31083FB60FB687B6172B6DA
:109A000000BF08210948FFF726FE7B693B613B69DF
:109A100083F3108805E07B68984708210348FFF727
:109A20005FFE00BF1837BD4680BD00BF000C005868
:109A30003426002080B584B000AFEFF310837B6044
:109A40007B68FB6072B600BF08210A48FFF716FE6C
:109A5000FB68BB60BB6883F3108800BF064B1B68C4
:109A6000984708210348FFF73BFE00BF1037BD466B
:109A700080BD00BF000C00583426002080B584B0A3
:109A800000AFEFF310837B607B68FB6072B600BFB2
:109A900008210648FFF704FEFB68BB60BB6883F340
:109AA000108800BF00BF1037BD4680BD000C0058B5
:109AB00080B500AF08F0CCF908210248FFF702FE9C
:109AC00000BF80BD000C0058D458C4500433C418E3
:109AD0008C42F9D37047036004308842FBD370474F
:109AE0000C48854600F01EF90B480C490C4A00232F
:109AF000FFF7EDFF0B480C490023FFF7EEFF0B4883
:109B00000B490023FFF7E9FF09F034FDFCF7BAFF2A
:109B1000FEE700000000032008000020FC010020F8
:109B2000646A01084C020020C0380020E4010320D0
:109B3000670A0320FEE780B485B000AF78604FF07D
:109B4000B043DA6C4FF0B0417B681343CB644FF005
:109B5000B043DA6C7B681340FB60FB6800BF1437CE
:109B6000BD465DF8047B704780B588B000AF034602
:109B7000FB7107F10C0300221A605A609A60DA60E8
:109B80001A610220FFF7D7FFFB79124A32F813302F
:109B9000FB6001233B6100237B610223BB61FB79F6
:109BA0000D4A52F8233007F10C021146184600F016
:109BB000FBFEFB79084A52F82300FB79054A32F88C
:109BC00013300022194601F05FF800BF2037BD4670
:109BD00080BD00BF006601080800002080B582B08B
:109BE00000AF0346FB71FB79074A52F82300FB796B
:109BF000064A32F813300122194601F045F800BF39
:109C00000837BD4680BD00BF08000020006601087F
:109C100080B582B000AF0346FB71FB79074A52F86A
:109C20002300FB79064A32F813300022194601F06E
:109C30002BF800BF0837BD4680BD00BF08000020DC
:109C40000066010880B588B000AF03460A46FB7184
:109C50001346BB7107F10C0300221A605A609A6028
:109C6000DA601A61FB79002B03D10420FFF763FF50
:109C70000CE0FB79012B03D10820FFF75CFF05E026
:109C8000FB79022B02D10820FFF755FFBB79002B8F
:109C900017D1FB79204A32F81330FB6000233B6177
:109CA00001237B610223BB61FB791C4A52F82330FC
:109CB00007F10C021146184600F076FE0120F7F776
:109CC0007DFEBB79012B23D1FB79134A32F8133087
:109CD000FB6001237B614FF404133B61FB790F4A66
:109CE00052F8233007F10C021146184600F05CFED2
:109CF000FB790B4AD35C5BB200220F21184600F0BF
:109D000060FAFB79064AD35C5BB2184600F073FA3E
:109D100000BF2037BD4680BD086601081400002042
:109D20001066010880B400AF264B00229A60254BD4
:109D3000D3F88830234A43F47003C2F888304FF0D8
:109D4000B0431B684FF0B04243F0010313604FF083
:109D5000B0434FF4E0229A604FF0B0431A684FF0DE
:109D6000B041194B13400B604FF0B043D3F894301F
:109D70004FF0B04223F00503C2F894304FF0B043E7
:109D8000D3F898304FF0B04223F00103C2F8983076
:109D90004FF0B0430D4ADA604FF0B0430B4A1A61FE
:109DA0004FF0B0431B684FF0B04223F480231360A0
:109DB0004FF0B04300229A6100BFBD465DF8047BBE
:109DC000704700BF00ED00E0FBFEF6FA0010042231
:109DD00080B400AF054B5B68044A43F00103536055
:109DE00000BFBD465DF8047B704700BF002004E063
:109DF00080B400AF054B5B68044A43F00203536034
:109E000000BFBD465DF8047B704700BF002004E042
:109E100080B582B000AF0023FB710C4B1B680B4A6E
:109E200043F480731360032000F0C0F9002000F0B9
:109E30000FF80346002B02D00123FB7101E0FDF770
:109E400018FAFB7918460837BD4680BD0040005817
:109E500080B584B000AF78600023FB73174B1B788C
:109E6000002B24D002F09EF80246144B1B781946B2
:109E70004FF47A73B3FBF1F3B2FBF3F3184600F03F
:109E8000D6F90346002B0FD17B680F2B09D800228F
:109E900079684FF0FF3000F094F9094A7B6813604D
:109EA00007E00123FB7304E00123FB7301E00123BE
:109EB000FB73FB7B18461037BD4680BD2800002091
:109EC0002400002080B400AF064B1B781A46064BD6
:109ED0001B681344044A136000BFBD465DF8047B51
:109EE000704700BF280000203826002080B400AF53
:109EF000034B1B681846BD465DF8047B704700BFE6
:109F00003826002080B400AF034B1B681846BD46BE
:109F10005DF8047B704700BF2400002080B400AFD0
:109F2000034B1B781846BD465DF8047B704700BFA5
:109F30002800002080B500AFFFF74AFF00BF80BDBA
:109F400080B500AFFFF754FF00BF80BD80B485B07F
:109F500000AF78607B6803F00703FB600C4BDB68A5
:109F6000BB60BA684FF6FF031340BB60FB681A0280
:109F7000BB68134343F0BF6343F40033BB60044A40
:109F8000BB68D36000BF1437BD465DF8047B7047E3
:109F900000ED00E080B400AF044BDB681B0A03F067
:109FA00007031846BD465DF8047B704700ED00E0EE
:109FB00080B483B000AF0346FB7197F90730002BE4
:109FC0000BDBFB7903F01F02074997F907305B09A8
:109FD000012000FA02F241F8232000BF0C37BD46F1
:109FE0005DF8047B704700BF00E100E080B483B0FF
:109FF00000AF0346FB7197F90730002B12DBFB79AA
:10A0000003F01F020A4997F907305B09012000FAA3
:10A0100002F2203341F82320BFF34F8F00BFBFF37C
:10A020006F8F00BF00BF0C37BD465DF8047B7047E3
:10A0300000E100E080B483B000AF0346FB7197F904
:10A040000730002B0CDBFB7903F01F02074997F95F
:10A0500007305B09012000FA02F2403341F8232067
:10A0600000BF0C37BD465DF8047B704700E100E09F
:10A0700080B483B000AF0346FB7197F90730002B23
:10A080000CDBFB7903F01F02074997F907305B09E6
:10A09000012000FA02F2603341F8232000BF0C37A0
:10A0A000BD465DF8047B704700E100E080B483B0FA
:10A0B00000AF03463960FB7197F90730002B0ADBCC
:10A0C0003B68DAB20C4997F907301201D2B20B445F
:10A0D00083F800230AE03B68DAB20849FB7903F011
:10A0E0000F03043B1201D2B20B441A7600BF0C37A7
:10A0F000BD465DF8047B704700E100E000ED00E044
:10A1000080B489B000AFF860B9607A60FB6803F092
:10A110000703FB61FB69C3F10703042B28BF04237A
:10A12000BB61FB690433062B02D9FB69033B00E0EA
:10A1300000237B614FF0FF32BB6902FA03F3DA437D
:10A14000BB681A407B699A404FF0FF317B6901FA86
:10A1500003F3D9437B680B40134318462437BD46AD
:10A160005DF8047B7047000080B582B000AF786076
:10A170007B68013BB3F1807F01D301230FE00A4AE2
:10A180007B68013B53600F214FF0FF30FFF78EFFDC
:10A19000054B00229A60044B07221A6000231846E0
:10A1A0000837BD4680BD00BF10E000E080B582B03A
:10A1B00000AF78607868FFF7C9FE00BF0837BD467A
:10A1C00080BD80B586B000AF0346B9607A60FB738E
:10A1D000FFF7E0FE78617A68B9687869FFF790FF69
:10A1E000024697F90F3011461846FFF75FFF00BF90
:10A1F0001837BD4680BD80B582B000AF0346FB7105
:10A2000097F907301846FFF7D3FE00BF0837BD4661
:10A2100080BD80B582B000AF0346FB7197F907306F
:10A220001846FFF7E3FE00BF0837BD4680BD80B586
:10A2300082B000AF78607868FFF796FF0346184653
:10A240000837BD4680BD80B582B000AF0346FB71C4
:10A2500097F907301846FFF7EDFE00BF0837BD46F7
:10A2600080BD80B582B000AF0346FB7197F907301F
:10A270001846FFF7FDFE00BF0837BD4680BD000051
:10A2800080B584B000AF78607B68002B01D10123DA
:10A290008EE07B681B681A46474B9A420FD87B6852
:10A2A0001B681A46454B1344454AA2FB03231B096E
:10A2B0009A007B685A647B68424A1A640EE07B68A5
:10A2C0001B681A46404B13443D4AA2FB03231B095B
:10A2D0009A007B685A647B683C4A1A647B68022255
:10A2E00083F825207B681B681B68FB60FB6823F4F0
:10A2F000FF4323F07003FB607B689A687B68DB6830
:10A300001A437B681B691A437B685B691A437B6845
:10A310009B691A437B68DB691A437B681B6A13439A
:10A32000FA681343FB607B681B68FA681A607868F8
:10A3300000F074FA7B689B68B3F5804F02D17B68AC
:10A3400000225A607B685A687B689B6C02F03F026F
:10A350001A607B68DB6C7A68126D5A607B685B6898
:10A36000002B10D07B685B68042B0CD8786800F059
:10A3700093FA7B685B6D00221A607B689B6D7A683C
:10A38000D26D5A6008E07B6800225A657B68002223
:10A390009A657B680022DA657B680022DA637B6855
:10A3A000012283F825207B68002283F824200023E3
:10A3B00018461037BD4680BD07040240F8FFFDBFB8
:10A3C000CDCCCCCC00000240F8FBFDBF0004024025
:10A3D00080B586B000AFF860B9607A603B6000235A
:10A3E000FB75FB6893F82430012B01D1022366E052
:10A3F000FB68012283F82420FB6893F82530DBB248
:10A40000012B55D1FB68022283F82520FB6800222E
:10A41000DA63FB681B681A68FB681B6822F001029C
:10A420001A603B687A68B968F86800F0B9F9FB68A7
:10A430001B6B002B08D0FB681B681A68FB681B6845
:10A4400042F00E021A600FE0FB681B681A68FB6896
:10A450001B6822F004021A60FB681B681A68FB681C
:10A460001B6842F00A021A60FB689B6C1B6803F4CD
:10A470008033002B07D0FB689B6C1A68FB689B6CD1
:10A4800042F480721A60FB685B6D002B07D0FB689A
:10A490005B6D1A68FB685B6D42F480721A60FB6842
:10A4A0001B681A68FB681B6842F001021A6005E02D
:10A4B000FB68002283F824200223FB75FB7D1846ED
:10A4C0001837BD4680BD80B483B000AF78607B682C
:10A4D000002B01D101234FE07B6893F82530DBB2DC
:10A4E000022B08D07B680422DA637B68002283F8A1
:10A4F0002420012340E07B681B681A687B681B6886
:10A5000022F00E021A607B689B6C1A687B689B6C59
:10A5100022F480721A607B681B681A687B681B686B
:10A5200022F001021A607B685B6C03F01C027B68FE
:10A530001B6C012101FA02F25A607B68DB6C7A68BD
:10A54000126D5A607B685B6D002B0CD07B685B6D75
:10A550001A687B685B6D22F480721A607B689B6D61
:10A560007A68D26D5A607B68012283F825207B6867
:10A57000002283F82420002318460C37BD465DF8DE
:10A58000047B704780B584B000AF78600023FB7314
:10A590007B6893F82530DBB2022B05D07B68042260
:10A5A000DA630123FB7347E07B681B681A687B68EA
:10A5B0001B6822F00E021A607B681B681A687B68B1
:10A5C0001B6822F001021A607B689B6C1A687B682A
:10A5D0009B6C22F480721A607B685B6C03F01C0237
:10A5E0007B681B6C012101FA02F25A607B68DB6C0C
:10A5F0007A68126D5A607B685B6D002B0CD07B68AB
:10A600005B6D1A687B685B6D22F480721A607B68F0
:10A610009B6D7A68D26D5A607B68012283F8252091
:10A620007B68002283F824207B689B6B002B03D07F
:10A630007B689B6B78689847FB7B18461037BD4654
:10A6400080BD80B584B000AF78607B681B6C1B68F0
:10A65000FB607B681B681B68BB607B685B6C03F0FE
:10A660001C0304229A40FB681340002B26D0BB68D1
:10A6700003F00403002B21D07B681B681B6803F0E8
:10A680002003002B07D17B681B681A687B681B6856
:10A6900022F004021A607B685B6C03F01C027B688A
:10A6A0001B6C042101FA02F25A607B681B6B002BC1
:10A6B00071D07B681B6B786898476CE07B685B6C3B
:10A6C00003F01C0302229A40FB681340002B2ED09B
:10A6D000BB6803F00203002B29D07B681B681B6852
:10A6E00003F02003002B0BD17B681B681A687B6882
:10A6F0001B6822F00A021A607B68012283F8252079
:10A700007B685B6C03F01C027B681B6C022101FA06
:10A7100002F25A607B68002283F824207B68DB6A9F
:10A72000002B38D07B68DB6A7868984733E07B6819
:10A730005B6C03F01C0308229A40FB681340002B5B
:10A740002AD0BB6803F00803002B25D07B681B6868
:10A750001A687B681B6822F00E021A607B685B6CCB
:10A7600003F01C027B681B6C012101FA02F25A60A3
:10A770007B680122DA637B68012283F825207B68ED
:10A78000002283F824207B685B6B002B04D07B685D
:10A790005B6B7868984700BF00BF1037BD4680BD2F
:10A7A00080B485B000AFF860B9607A603B60FB6848
:10A7B000DB6CFA68126D5A60FB685B6D002B04D08D
:10A7C000FB689B6DFA68D26D5A60FB685B6C03F0A6
:10A7D0001C02FB681B6C012101FA02F25A60FB6843
:10A7E0001B683A685A60FB689B68102B08D1FB68AD
:10A7F0001B687A689A60FB681B68BA68DA6007E0D1
:10A80000FB681B68BA689A60FB681B687A68DA6044
:10A8100000BF1437BD465DF8047B704780B485B037
:10A8200000AF78607B681B681A46174B9A420AD8BB
:10A830007B685B6C9B089B0003F1804303F502334C
:10A840007A68936407E07B685B6C9B089A000F4B07
:10A8500013447A6893647B681B68DBB2083B0C4A3C
:10A86000A2FB03231B09FB607B680A4ADA64FB68CE
:10A8700003F01F0301229A407B681A6500BF14375A
:10A88000BD465DF8047B7047070402401C08024087
:10A89000CDCCCCCC8008024080B485B000AF7860CD
:10A8A0007B685B6803F03F03FB60FA680B4B134463
:10A8B0009B001A467B685A657B68094A9A65FB6863
:10A8C000013B03F0030301229A407B68DA6500BF75
:10A8D0001437BD465DF8047B704700BF3F8200100F
:10A8E0004009024080B483B000AF786039607B6873
:10A8F00093F82530DBB2012B2BD17B6893F8243001
:10A90000012B01D1022325E07B68012283F824205A
:10A910007B689B6C1A68124B13403A6811683A685E
:10A92000D268013AD20411433A68526811433A6836
:10A93000127A120411433A68527A520211437A6829
:10A94000926C0B4313607B68002283F82420002361
:10A9500000E0012318460C37BD465DF8047B7047C4
:10A96000FFFD00E080B487B000AF78607B681B68B3
:10A970001B0C03F001037B617B681B6803F01F0362
:10A98000012202FA03F33B617B695B0103F1B043EF
:10A9900003F60803FB60FB683A691A6000BF1C37C6
:10A9A000BD465DF8047B704780B487B000AF786027
:10A9B000396000237B614CE13B681A6801217B69A7
:10A9C00001FA03F31340FB60FB68002B00F03E81AB
:10A9D0003B685B6803F00303012B05D03B685B68B1
:10A9E00003F00303022B30D17B689B683B617B69DA
:10A9F0005B00032202FA03F3DB433A6913403B6135
:10AA00003B68DA687B695B0002FA03F33A69134337
:10AA10003B617B683A699A607B685B683B610122B5
:10AA20007B6902FA03F3DB433A6913403B613B68FD
:10AA30005B681B0903F001027B6902FA03F33A69C0
:10AA400013433B617B683A695A603B685B6803F07B
:10AA50000303032B17D07B68DB683B617B695B00DA
:10AA6000032202FA03F3DB433A6913403B613B687C
:10AA70009A687B695B0002FA03F33A6913433B610E
:10AA80007B683A69DA603B685B6803F00303022B7A
:10AA900023D17B69DA087B68083253F822303B61A6
:10AAA0007B6903F007039B000F2202FA03F3DB43E9
:10AAB0003A6913403B613B681A697B6903F00703FD
:10AAC0009B0002FA03F33A6913433B617B69DA089E
:10AAD0007B680832396943F822107B681B683B6148
:10AAE0007B695B00032202FA03F3DB433A691340FC
:10AAF0003B613B685B6803F003027B695B0002FA21
:10AB000003F33A6913433B617B683A691A603B6817
:10AB10005B6803F44033002B00F09880544A7B6953
:10AB20009B08023352F823303B617B6903F0030337
:10AB30009B000F2202FA03F3DB433A6913403B61A7
:10AB40007B68B3F1904F19D07B684A4A934213D087
:10AB50007B68494A93420DD07B68484A934207D0AC
:10AB60007B68474A934201D1042308E0072306E0AB
:10AB7000032304E0022302E0012300E000237A69BA
:10AB800002F00302920093403A6913433B61384953
:10AB90007B699B0802333A6941F82320394B1B68D3
:10ABA0003B61FB68DB433A6913403B613B685B6890
:10ABB00003F48013002B03D03A69FB6813433B6115
:10ABC000304A3B6913602F4B5B683B61FB68DB439A
:10ABD0003A6913403B613B685B6803F40013002B48
:10ABE00003D03A69FB6813433B61264A3B695360D3
:10ABF000244BD3F880303B61FB68DB433A69134058
:10AC00003B613B685B6803F48033002B03D03A69F7
:10AC1000FB6813433B611B4A3B69C2F88030194B08
:10AC2000D3F884303B61FB68DB433A6913403B61F6
:10AC30003B685B6803F40033002B03D03A69FB6880
:10AC400013433B610F4A3B69C2F884307B6901338F
:10AC50007B613B681A687B6922FA03F3002B7FF45F
:10AC6000ABAE00BF00BF1C37BD465DF8047B70472C
:10AC7000000001400004004800080048000C0048A3
:10AC8000001000480008005880B483B000AF78601E
:10AC90000B467B8013467B707B78002B03D07A8831
:10ACA0007B689A6102E07A887B689A6200BF0C3701
:10ACB000BD465DF8047B704780B582B000AF0346A7
:10ACC000FB80084BDA68FB881340002B06D0054A4E
:10ACD000FB88D360FB881846F6F7C7FE00BF08372D
:10ACE000BD4680BD0008005880B582B000AF0A4B59
:10ACF000DB687B60084B1A687B68DB4306491340BE
:10AD00000B60054A7B685360786800F007F800BF65
:10AD10000837BD4680BD00BF0015005880B483B021
:10AD200000AF786000BF0C37BD465DF8047B70470C
:10AD300080B584B000AF78600023FB737B68002B84
:10AD40001ED0134BBB607B6893F83830DBB2002B0E
:10AD500002D17868FCF79EFAB86800F05BF8BB682F
:10AD60001B6843F00112BB681A60786800F02CF889
:10AD70007B6800225A637B68012283F8382001E057
:10AD80000123FB73FB7B18461037BD4680BD00BF17
:10AD9000000C005880B485B000AFF860B96013466D
:10ADA000FB7100BF1437BD465DF8047B704780B46B
:10ADB00085B000AFF860B9601346FB7100BF14376F
:10ADC000BD465DF8047B704780B485B000AF786005
:10ADD0000023FB600FE07A68FB689B0013440B4A7A
:10ADE0005A607A68FB6806339B001344084A5A602D
:10ADF000FB680133FB60FB68052BECD900BF00BF8B
:10AE00001437BD465DF8047B704700BF95AD000860
:10AE1000AFAD000880B483B000AF78607B680022DB
:10AE20001A607B684FF03F125A607B683F229A603D
:10AE300000BF0C37BD465DF8047B704780B400AF9F
:10AE4000054B1B68044A43F48073136000BFBD4682
:10AE50005DF8047B704700BF0004005880B400AF69
:10AE6000044B1B6803F4C0631846BD465DF8047BC1
:10AE7000704700BF0004005880B400AF4FF0B043EB
:10AE80001B6803F48013B3F5801F01D1012300E098
:10AE900000231846BD465DF8047B704780B400AFC0
:10AEA0004FF0B0431B684FF0B04243F4803313605F
:10AEB00000BFBD465DF8047B704780B400AF4FF023
:10AEC000B0431B684FF0B04223F48033136000BFDF
:10AED000BD465DF8047B704780B400AF4FF0B043CF
:10AEE0001B6803F40033B3F5003F01D1012300E0F8
:10AEF00000231846BD465DF8047B704780B400AF60
:10AF00004FF0B0431B684FF0B04243F480731360BE
:10AF100000BFBD465DF8047B704780B400AF4FF0C2
:10AF2000B0431B684FF0B04223F48073136000BF3E
:10AF3000BD465DF8047B704780B400AF4FF0B0436E
:10AF40001B6803F48063B3F5806F01D1012300E037
:10AF500000231846BD465DF8047B704780B483B07B
:10AF600000AF78604FF0B0435B6823F0FE427B682F
:10AF70001B064FF0B04113434B6000BF0C37BD467A
:10AF80005DF8047B704780B400AF4FF0B043D3F856
:10AF900098304FF0B04243F00103C2F8983000BF40
:10AFA000BD465DF8047B704780B400AF4FF0B043FE
:10AFB000D3F898304FF0B04223F00103C2F8983034
:10AFC00000BFBD465DF8047B704780B400AF4FF012
:10AFD000B043D3F8983003F00203022B01D10123D0
:10AFE00000E000231846BD465DF8047B704780B43E
:10AFF00000AF4FF0B043D3F890304FF0B04243F081
:10B000000103C2F8903000BFBD465DF8047B704775
:10B0100080B400AF4FF0B043D3F890304FF0B0425F
:10B0200023F00103C2F8903000BFBD465DF8047BF9
:10B03000704780B400AF4FF0B043D3F890304FF07A
:10B04000B04243F00403C2F8903000BFBD465DF843
:10B05000047B704780B400AF4FF0B043D3F890301A
:10B060004FF0B04223F00403C2F8903000BFBD4659
:10B070005DF8047B704780B400AF4FF0B043D3F865
:10B08000903003F00203022B01D1012300E00023E2
:10B090001846BD465DF8047B704780B400AF4FF0A2
:10B0A000B043D3F894304FF0B04243F00103C2F8FC
:10B0B000943000BFBD465DF8047B704780B400AF9C
:10B0C0004FF0B043D3F894304FF0B04223F0010377
:10B0D000C2F8943000BFBD465DF8047B704780B471
:10B0E00000AF4FF0B043D3F8943003F00203022BCB
:10B0F00001D1012300E000231846BD465DF8047B22
:10B10000704780B400AF4FF0B043D3F894304FF0A5
:10B11000B04243F00403C2F8943000BFBD465DF86E
:10B12000047B704780B400AF4FF0B043D3F8943045
:10B130004FF0B04223F00403C2F8943000BFBD4684
:10B140005DF8047B704780B400AF4FF0B043D3F894
:10B15000943003F00803082B01D1012300E0002301
:10B160001846BD465DF8047B704780B483B000AFDD
:10B1700078604FF0B043D3F8943023F470627B686A
:10B180001B024FF0B0411343C1F8943000BF0C379D
:10B19000BD465DF8047B704780B400AF4FF0B0430C
:10B1A0001B684FF0B04243F00103136000BFBD467F
:10B1B0005DF8047B704780B400AF4FF0B0431B686C
:10B1C0004FF0B04223F00103136000BFBD465DF8AD
:10B1D000047B704780B400AF4FF0B0431B6803F0AE
:10B1E0000203022B01D1012300E000231846BD46D3
:10B1F0005DF8047B704780B483B000AF78604FF097
:10B20000B0431B6823F0F0024FF0B0417B6813435A
:10B210000B6000BF0C37BD465DF8047B704780B4FF
:10B2200083B000AF4FF0B0431B6803F0F0037B60C6
:10B230007B68B02B01D9B0237B607B6818460C3744
:10B24000BD465DF8047B704780B483B000AF786082
:10B250004FF0B0435B6823F47F427B681B024FF0E2
:10B26000B04113434B6000BF0C37BD465DF8047B13
:10B27000704780B483B000AF78604FF0B0439B68F4
:10B2800023F003024FF0B0417B6813438B6000BF93
:10B290000C37BD465DF8047B704780B400AF4FF0BB
:10B2A000B0439B6803F00C031846BD465DF8047B71
:10B2B000704780B483B000AF78604FF0B0439B68B4
:10B2C00023F0F0024FF0B0417B6813438B6000BF66
:10B2D0000C37BD465DF8047B704780B483B000AF87
:10B2E00078604FF0B043D3F8083123F0F0024FF00C
:10B2F000B0417B681343C1F8083100BF0C37BD462D
:10B300005DF8047B704780B483B000AF78604FF085
:10B31000B043D3F8083123F00F027B681B094FF0CC
:10B32000B0411343C1F8083100BF0C37BD465DF88A
:10B33000047B704780B483B000AF78604FF0B043B7
:10B340009B6823F4E0624FF0B0417B6813438B604D
:10B3500000BF0C37BD465DF8047B704780B483B0F6
:10B3600000AF78604FF0B0439B6823F460524FF019
:10B37000B0417B6813438B6000BF0C37BD465DF85E
:10B38000047B704780B400AF4FF0B0439B6803F07C
:10B39000F0031846BD465DF8047B704780B400AFEB
:10B3A0004FF0B043D3F808311B0103F0F003184607
:10B3B000BD465DF8047B704780B400AF4FF0B043EA
:10B3C0009B6803F4E0631846BD465DF8047B704754
:10B3D00080B400AF4FF0B0439B6803F4605318464D
:10B3E000BD465DF8047B704780B400AF4FF0B043BA
:10B3F0001B684FF0B04243F08073136000BFBD463E
:10B400005DF8047B704780B400AF4FF0B0431B6819
:10B410004FF0B04223F08073136000BFBD465DF86B
:10B42000047B704780B400AF4FF0B0431B6803F05B
:10B430000073B3F1007F01D1012300E0002318461F
:10B44000BD465DF8047B704780B400AF4FF0B04359
:10B45000DB681B0A03F07F031846BD465DF8047BDA
:10B46000704780B400AF4FF0B043DB6803F0604337
:10B470001846BD465DF8047B704780B400AF4FF0BE
:10B48000B043DB6803F070031846BD465DF8047BEB
:10B49000704780B400AF4FF0B043DB6803F00303A4
:10B4A0001846BD465DF8047B704780B400AF4FF08E
:10B4B000B0439B6803F48033B3F5803F01D101238F
:10B4C00000E000231846BD465DF8047B704780B459
:10B4D00000AF4FF0B043D3F8083103F40033B3F5B5
:10B4E000003F01D1012300E000231846BD465DF86E
:10B4F000047B704780B400AF4FF0B043D3F80831FD
:10B5000003F48033B3F5803F01D1012300E0002331
:10B510001846BD465DF8047B704780B400AF4FF01D
:10B52000B0439B6803F40033B3F5003F01D101231E
:10B5300000E000231846BD465DF8047B704780B4E8
:10B5400000AF4FF0B0439B6803F48023B3F5802F26
:10B5500001D1012300E000231846BD465DF8047BBD
:10B560007047000090B58DB000AF78607B68002B0D
:10B5700001D1012363E37B681B6803F02003002BE8
:10B5800000F08D80FFF789FEF862FFF782FFB86256
:10B59000FB6A002B05D0FB6A0C2B47D1BB6A012B41
:10B5A00044D17B68DB69002B01D1012347E37B6831
:10B5B0005C6AFFF734FE03469C4214D97B685B6AE1
:10B5C000184600F02FFD0346002B01D0012336E37F
:10B5D0007B685B6A1846FFF70EFE7B681B6A18469D
:10B5E000FFF732FE13E07B685B6A1846FFF703FE45
:10B5F0007B681B6A1846FFF727FE7B685B6A184664
:10B6000000F010FD0346002B01D0012317E300F0EA
:10B61000C9FC0346A44A1360A44B1B681846FEF7F6
:10B6200017FC0346002B39D0012308E37B68DB6954
:10B63000002B1ED0FFF7B0FDFEF758FC786208E043
:10B64000FEF754FC02467B6AD31A022B01D903236E
:10B65000F5E2FFF7BFFD0346002BF1D07B685B6A84
:10B660001846FFF7C8FD7B681B6A1846FFF7ECFD1C
:10B6700015E0FFF7A0FDFEF739FC786208E0FEF761
:10B6800035FC02467B6AD31A022B01D90323D6E28A
:10B69000FFF7A0FD0346002BF1D100E000BF7B685F
:10B6A0001B6803F00103002B47D0FFF7F6FD38625B
:10B6B000FFF7EFFEF8613B6A082B05D03B6A0C2BC5
:10B6C00008D1FB69032B05D17B685B68002B34D163
:10B6D0000123B4E27B685B68B3F5803F02D1FFF7DA
:10B6E000DDFB01E0FFF7E9FB7B685B68002B12D014
:10B6F000FEF7FCFB786208E0FEF7F8FB02467B6A87
:10B70000D31A642B01D9032399E2FFF7E5FB034623
:10B71000002BF1D011E0FEF7E9FB786208E0FEF7BC
:10B72000E5FB02467B6AD31A642B01D9032386E228
:10B73000FFF7D2FB0346002BF1D17B681B6803F0B7
:10B740000203002B4CD0FFF7A8FDB861FFF7A1FE64
:10B750007861BB69042B05D0BB690C2B0ED17B69CA
:10B76000022B0BD17B68DB68002B01D1012366E241
:10B770007B681B691846FFF7F1FB31E07B68DB68EB
:10B78000002B19D0FFF7BAFBFEF7B0FB786208E098
:10B79000FEF7ACFB02467B6AD31A022B01D90323C6
:10B7A0004DE2FFF7C9FB0346002BF1D07B681B6914
:10B7B0001846FFF7D3FB13E0FFF7AFFBFEF796FB4E
:10B7C000786208E0FEF792FB02467B6AD31A022BEE
:10B7D00001D9032333E2FFF7AFFB0346002BF1D17E
:10B7E0007B681B6803F00803002B06D17B681B688D
:10B7F00003F01003002B00F0A3807B685B69002B33
:10B8000076D07B681B6803F01003002B46D0FFF74F
:10B8100066FC0346002B13D1FFF73FFCFEF766FBE7
:10B82000786208E0FEF762FB02467B6AD31A022BBD
:10B8300001D9032303E2FFF752FC0346002BF1D0AA
:10B84000FFF75FFCFEF752FB786208E0FEF74EFB65
:10B8500002467B6AD31A032B01D90323EFE1FFF7DA
:10B8600072FC0346002BF1D07B689B691846FFF7FA
:10B870007CFCFFF723FCFEF739FB786208E0FEF75B
:10B8800035FB02467B6AD31A022B01D90323D6E18A
:10B89000FFF725FC0346002BF1D151E0FFF7FDFB3C
:10B8A000FEF724FB78620CE020000020240000203A
:10B8B000FEF71CFB02467B6AD31A022B01D9032335
:10B8C000BDE1FFF70CFC0346002BF1D0FFF72AFC8B
:10B8D00008E0FEF70BFB02467B6AD31A032B01D963
:10B8E0000323ACE1FFF72FFC0346002BF1D127E047
:10B8F000FFF718FCFEF7FAFA786208E0FEF7F6FAAE
:10B9000002467B6AD31A032B01D9032397E1FFF781
:10B910001AFC0346002BF1D1FFF7D0FBFEF7E6FA45
:10B92000786208E0FEF7E2FA02467B6AD31A022B3D
:10B9300001D9032383E1FFF7D2FB0346002BF1D1AA
:10B940007B681B6803F00403002B5BD0A74B1B68CC
:10B9500003F48073002B14D1FFF770FAFEF7C6FAD8
:10B96000786208E0FEF7C2FA02467B6AD31A022B1D
:10B9700001D9032363E19D4B1B6803F48073002B03
:10B98000F0D07B689B68012B02D1FFF730FB0CE005
:10B990007B689B68052B04D1FFF74BFBFFF727FB68
:10B9A00003E0FFF735FBFFF755FB7B689B68002B37
:10B9B00014D0FEF79BFA78620AE0FEF797FA024687
:10B9C0007B6AD31A41F28832934201D9032336E1CC
:10B9D000FFF751FB0346002BEFD013E0FEF786FA8A
:10B9E00078620AE0FEF782FA02467B6AD31A41F2D5
:10B9F0008832934201D9032321E1FFF73CFB034640
:10BA0000002BEFD17B681B6803F04003002B2CD088
:10BA10007B689B6A002B14D0FFF7B5FAFEF766FA35
:10BA2000786208E0FEF762FA02467B6AD31A022BBC
:10BA300001D9032303E1FFF7C8FA0346002BF1D035
:10BA400013E0FFF7B1FAFEF751FA786208E0FEF76B
:10BA50004DFA02467B6AD31A022B01D90323EEE08A
:10BA6000FFF7B3FA0346002BF1D17B68DB6A002BAA
:10BA700000F0E480FFF711FC38614FF0B043DB6861
:10BA8000FB607B68DB6A022B40F0B480FB6803F04C
:10BA900003027B681B6B9A4223D1FB6803F07002A0
:10BAA0007B685B6B9A421CD1FB681B0A03F07F0228
:10BAB0007B689B6B9A4214D1FB6803F478127B6815
:10BAC000DB6B9A420DD1FB6803F060627B681B6CF4
:10BAD0009A4206D1FB6803F060427B685B6C9A4235
:10BAE0005DD03B690C2B58D04FF0B0431B6803F07E
:10BAF0008063002B01D00123A1E0FFF784FCFEF757
:10BB0000F5F9786208E0FEF7F1F902467B6AD31A8C
:10BB1000022B01D9032392E04FF0B0431B6803F0DE
:10BB20000073002BEFD14FF0B043DA68304B134075
:10BB30007A68116B7A68526B11437A68926B1202C1
:10BB400011437A68D26B11437A68126C11437A6898
:10BB5000526C0A434FF0B0411343CB60FFF744FCF3
:10BB60004FF0B043DB684FF0B04243F08053D360F6
:10BB7000FEF7BCF9786208E0FEF7B8F902467B6A86
:10BB8000D31A022B01D9032359E04FF0B0431B68AD
:10BB900003F00073002BEFD050E001234FE04FF093
:10BBA000B0431B6803F00073002B47D1FFF71CFC68
:10BBB0004FF0B043DB684FF0B04243F08053D360A6
:10BBC000FEF794F9786208E0FEF790F902467B6A86
:10BBD000D31A022B01D9032331E04FF0B0431B6885
:10BBE00003F00073002BEFD028E000BF00040058E2
:10BBF0008C80C1113B690C2B1ED0FFF704FCFEF7B3
:10BC000075F9786208E0FEF771F902467B6AD31A8B
:10BC1000022B01D9032312E04FF0B0431B6803F05D
:10BC20000073002BEFD14FF0B043DA684FF0B04112
:10BC3000054B1340CB6001E0012300E000231846D0
:10BC40003437BD4690BD00BFFCFFFEEE80B584B02A
:10BC500000AF786039607B68002B01D101232DE1B2
:10BC6000984B1B6803F007033A689A421BD9954B1F
:10BC70001B6823F0070293493B6813430B60FEF7F0
:10BC800035F9F86008E0FEF731F90246FB68D31A8F
:10BC9000022B01D9032311E18A4B1B6803F0070330
:10BCA0003A689A42EFD17B681B6803F00203002BCD
:10BCB00016D07B689B681846FFF7FBFAFEF716F96B
:10BCC000F86008E0FEF712F90246FB68D31A022B6F
:10BCD00001D90323F2E0FFF7E8FB0346002BF1D084
:10BCE0007B681B6803F02003002B16D07B685B6920
:10BCF0001846FFF7F2FAFEF7F9F8F86008E0FEF7E9
:10BD0000F5F80246FB68D31A022B01D90323D5E0CC
:10BD1000FFF7DDFB0346002BF1D07B681B6803F0C7
:10BD20004003002B16D07B689B691846FFF7EBFA9F
:10BD3000FEF7DCF8F86008E0FEF7D8F80246FB688A
:10BD4000D31A022B01D90323B8E0FFF7D3FB034634
:10BD5000002BF1D07B681B6803F00403002B16D086
:10BD60007B68DB681846FFF7E5FAFEF7BFF8F86076
:10BD700008E0FEF7BBF80246FB68D31A022B01D994
:10BD800003239BE0FFF7C9FB0346002BF1D07B6840
:10BD90001B6803F00803002B17D07B681B69DB00CE
:10BDA0001846FFF7DBFAFEF7A1F8F86008E0FEF7A7
:10BDB0009DF80246FB68D31A022B01D903237DE0CC
:10BDC000FFF7BDFB0346002BF1D07B681B6803F037
:10BDD0000103002B43D07B685B68022B06D1FFF781
:10BDE0007BF80346002B1ED1012367E07B685B686C
:10BDF000032B06D1FFF716FB0346002B13D10123BB
:10BE00005CE07B685B68002B06D1FFF7E3F9034633
:10BE1000002B08D1012351E0FFF78EF80346002BD9
:10BE200001D101234AE07B685B681846FFF721FADD
:10BE3000FEF75CF8F8600AE0FEF758F80246FB6887
:10BE4000D31A41F28832934201D9032336E0FFF737
:10BE500024FA02467B685B689B009A42ECD1194B3E
:10BE60001B6803F007033A689A421BD2154B1B6804
:10BE700023F0070213493B6813430B60FEF736F8C3
:10BE8000F86008E0FEF732F80246FB68D31A022B8E
:10BE900001D9032312E00B4B1B6803F007033A6838
:10BEA0009A42EFD100F07EF80346074A1360FEF78E
:10BEB00029F803461846FDF7CBFF0346184610370E
:10BEC000BD4680BD004000582000002090B585B0E0
:10BED00000AFFFF7E2F978607B68002B0AD1FFF72B
:10BEE0009EF903461B0903F00F032B4A52F8233037
:10BEF000FB604BE07B68042B02D1284BFB6045E0E4
:10BF00007B68082B0AD1FEF7B7FF0346012B02D14D
:10BF1000224BFB603AE0224BFB6037E0FFF7B9FAB7
:10BF200038603B68022B03D03B68032B03D00DE045
:10BF30001A4BBB6015E0FEF79FFF0346012B02D1B1
:10BF4000164BBB600DE0164BBB600AE0FFF767F9CC
:10BF500003461B0903F00F030F4A52F82330BB605E
:10BF600000BFFFF771FA0246BB6803FB02F4FFF75C
:10BF700084FA03461B090133B4FBF3F4FFF771FAAB
:10BF800003465B0F0133B4FBF3F3FB60FB68184619
:10BF90001437BD4690BD00BF746601080024F4004C
:10BFA0000048E80198B500AFFFF790FF0446FFF79F
:10BFB000E9F903461B0903F00F03034A52F8233043
:10BFC000B4FBF3F3184698BD1466010898B500AFAA
:10BFD000FFF7E8FF0446FFF7EFF903461B0A03F0FB
:10BFE0000703044A52F8233003F01F0324FA03F333
:10BFF000184698BD5466010898B500AFFFF7D2FF08
:10C000000446FFF7E5F90346DB0A03F00703044A99
:10C0100052F8233003F01F0324FA03F3184698BDA7
:10C020005466010890B585B000AF78607B68B02B8E
:10C0300003D9154BDB6AFB6007E07B681B0903F043
:10C040000F03114A52F82330FB60FFF7A7F90346AC
:10C050001B0903F00F030D4A52F82330FA68B2FBB4
:10C06000F3F3BB60BB680A4AA2FB03239C0CFEF7F8
:10C07000F5FE03461946204600F00CF80346184624
:10C080001437BD4690BD00BF7466010814660108F0
:10C0900083DE1B4390B593B000AF78603960374BB7
:10C0A00007F128040FCB84E80F00354A07F11C0381
:10C0B00007CA83E80700334B07F10C040FCB84E871
:10C0C0000F0000237B643B68B3F5007F1AD1002387
:10C0D0003B6413E03B6C9B0048333B4453F8203CEB
:10C0E0007A689A4207D83B6C9B0048333B4453F82C
:10C0F0003C3C7B6420E03B6C01333B643B6C032B9A
:10C10000E8D919E00023FB6313E0FB6B9B00483385
:10C110003B4453F82C3C7A689A4207D8FB6B9B004F
:10C1200048333B4453F83C3C7B6405E0FB6B0133F4
:10C13000FB63FB6B022BE8D9134B1B6823F0070250
:10C1400011497B6C13430B60FDF7D0FEB86308E028
:10C15000FDF7CCFE0246BB6BD31A022B01D9032399
:10C1600007E0094B1B6803F007037A6C9A42EFD192
:10C17000002318464C37BD4690BD00BFB863010888
:10C18000C8630108D46301080040005880B400AFC0
:10C190004FF0B043D3F8903003F00103012B01D1ED
:10C1A000012300E000231846BD465DF8047B70477C
:10C1B00080B400AF4FF0B043D3F8903003F00203E7
:10C1C000022B01D1012300E000231846BD465DF893
:10C1D000047B704780B483B000AF78604FF0B04309
:10C1E000D3F8943023F440424FF0B0417B681343BE
:10C1F000C1F8943000BF0C37BD465DF8047B704732
:10C2000080B483B000AF78604FF0B0435B6A23F036
:10C2100003024FF0B0417B6813434B6200BF0C3701
:10C22000BD465DF8047B704780B483B000AF786092
:10C230004FF0B0435B6A23F030024FF0B0417B68AF
:10C2400013434B6200BF0C37BD465DF8047B70475B
:10C2500080B483B000AF78604FF0B043D3F888303B
:10C2600023F003024FF0B0417B681343C1F88830DC
:10C2700000BF0C37BD465DF8047B704780B483B0C7
:10C2800000AF78604FF0B043D3F8883023F44062B9
:10C290004FF0B0417B681343C1F8883000BF0C37C2
:10C2A000BD465DF8047B704780B483B000AF786012
:10C2B0004FF0B043D3F888207B681B0903F47F2339
:10C2C000DB431A407B681B0103F47F234FF0B0412E
:10C2D0001343C1F8883000BF0C37BD465DF8047BBE
:10C2E000704780B483B000AF78604FF0B043D3F8AC
:10C2F00088207B681B0C1B04DB431A407B681B04F3
:10C300004FF0B0411343C1F8883000BF0C37BD4631
:10C310005DF8047B704780B483B000AF78604FF065
:10C32000B043D3F8883023F440024FF0B0417B682B
:10C330001343C1F8883000BF0C37BD465DF8047B5D
:10C34000704780B483B000AF78604FF0B043D3F84B
:10C35000883023F040424FF0B0417B681343C1F86E
:10C36000883000BF0C37BD465DF8047B704780B451
:10C3700083B000AF78604FF0B043D3F8883023F03B
:10C3800040624FF0B0417B681343C1F8883000BF72
:10C390000C37BD465DF8047B704780B582B000AFB6
:10C3A00078607868FFF7E3FF00BF0837BD4680BDBF
:10C3B00080B483B000AF78604FF0B043D3F88830DA
:10C3C00023F040524FF0B0417B681343C1F88830EE
:10C3D00000BF0C37BD465DF8047B704780B483B066
:10C3E00000AF78604FF0B043D3F8903023F4407240
:10C3F0004FF0B0417B681343C1F8903000BF0C3759
:10C40000BD465DF8047B704780B400AF4FF0B04389
:10C41000D3F8903003F440731846BD465DF8047BB2
:10C42000704780B400AF4FF0B043D3F890304FF076
:10C43000B04243F48033C2F8903000BFBD465DF88F
:10C44000047B704780B400AF4FF0B043D3F8903016
:10C450004FF0B04223F48033C2F8903000BFBD46A5
:10C460005DF8047B704780B400AF4FF0B0431B68A9
:10C470004FF0B04243F08063136000BFBD465DF8EB
:10C48000047B704780B400AF4FF0B0431B684FF09F
:10C49000B04223F08063136000BFBD465DF8047BAB
:10C4A000704780B400AF4FF0B0431B6803F00063E7
:10C4B000B3F1006F01D1012300E000231846BD460F
:10C4C0005DF8047B704780B588B000AF78600023CA
:10C4D000FB770023BB777B681B6803F04003002BCE
:10C4E00034D07B681B6BB3F5400F21D0B3F5400F00
:10C4F0001BD8B3F5000F1DD0B3F5000F15D8002BD6
:10C500000BD0B3F5800F10D14FF0B043DB684FF084
:10C51000B04243F48033D3600DE07B6804331846A7
:10C5200000F047F90346FB7705E00123FB7702E0C3
:10C5300000BF00E000BFFB7F002B05D17B681B6BB9
:10C540001846FFF7E8FE01E0FB7FBB777B681B68BE
:10C5500003F40063002B46D0FFF756FFB8617B68F9
:10C560001B6CBA699A423CD0FEF768FCBB69002B91
:10C5700005D17B681B6C1846FFF730FF2EE04FF0AB
:10C58000B043D3F890307B61FFF74BFFFFF75AFFC2
:10C590007B6923F440727B681B6C13437B614FF013
:10C5A000B0427B69C2F89030FFF7F0FD0346012BE3
:10C5B00014D1FDF79BFC38610BE0FDF797FC0246B8
:10C5C0003B69D31A41F28832934202D90323FB77A5
:10C5D00004E0FFF7EDFD0346012BEED1FB7FBB77B7
:10C5E00001E0FB7FBB777B681B6803F00103002B36
:10C5F00004D07B689B691846FFF72AFE7B681B689E
:10C6000003F00203002B04D07B68DB691846FFF7B8
:10C6100035FE7B681B6803F01003002B04D07B6899
:10C620009B6A1846FFF75DFE7B681B6803F02003DA
:10C63000002B04D07B68DB6A1846FFF752FE7B684C
:10C640001B6803F00403002B04D07B681B6A1846A8
:10C65000FFF72AFE7B681B6803F00803002B04D059
:10C660007B685B6A1846FFF71FFE7B681B6803F454
:10C670008073002B22D07B685B6B1846FFF78DFE22
:10C680007B685B6BB3F1006F07D14FF0B043DB68A1
:10C690004FF0B04243F08073D3607B685B6BB3F1C3
:10C6A000806F0BD17B680433184600F0DDF8034639
:10C6B000FB77FB7F002B01D0FB7FBB777B681B6880
:10C6C00003F40073002B2BD07B689B6BB3F1804F7E
:10C6D00008D07B689B6BB3F1004F03D07B689B6BEA
:10C6E000002B05D17B689B6B1846FFF72AFE0AE0FA
:10C6F0007B689B6B23F08053FB600020FFF721FEDB
:10C70000F868FFF734FE7B689B6BB3F1C05F07D11D
:10C710004FF0B043DB684FF0B04243F08073D3601A
:10C720007B681B6803F48063002B22D07B68DB6B83
:10C730001846FFF73DFE7B68DB6BB3F1005F07D166
:10C740004FF0B043DB684FF0B04243F48033D36026
:10C750007B68DB6BB3F1805F0BD17B6804331846D9
:10C7600000F0DDF80346FB77FB7F002B01D0FB7F59
:10C77000BB777B681B6803F48053002B04D07B6875
:10C780005B6C1846FFF726FD7B681B6803F40053BB
:10C79000002B09D07B68DB6C1846FFF745FD7B68F2
:10C7A0009B6C1846FFF72CFDBB7F18462037BD4613
:10C7B00080BD80B584B000AF78600023FB73FFF7C5
:10C7C00061FEFDF793FBB86009E0FDF78FFB0246C1
:10C7D000BB68D31A022B02D90323FB7304E0FFF7D3
:10C7E00060FE0346002BF0D1FB7B002B37D14FF0CE
:10C7F000B0431B6923F4FE427B681B681B024FF0A9
:10C80000B04113430B614FF0B0431B6923F478121E
:10C810007B685B684FF0B04113430B61FFF723FE69
:10C82000FDF764FBB86009E0FDF760FB0246BB68FA
:10C83000D31A022B02D90323FB7304E0FFF731FE66
:10C840000346012BF0D1FB7B002B08D14FF0B04306
:10C850001A697B681B694FF0B04113430B61FB7B86
:10C8600018461037BD4680BD80B584B000AF7860F3
:10C870000023FB73FFF706FEFDF738FBB86009E005
:10C88000FDF734FB0246BB68D31A022B02D90323FF
:10C89000FB7304E0FFF705FE0346002BF0D1FB7BA2
:10C8A000002B37D14FF0B0431B6923F4FE427B6865
:10C8B0001B681B024FF0B04113430B614FF0B043B4
:10C8C0001B6923F060627B689B684FF0B0411343A3
:10C8D0000B61FFF7C8FDFDF709FBB86009E0FDF744
:10C8E00005FB0246BB68D31A022B02D90323FB7354
:10C8F00004E0FFF7D6FD0346012BF0D1FB7B002BB4
:10C9000008D14FF0B0431A697B681B694FF0B04102
:10C9100013430B61FB7B18461037BD4680BD80B5C5
:10C9200084B000AF78600023FB73FFF7ABFDFDF729
:10C93000DDFAB86009E0FDF7D9FA0246BB68D31A00
:10C94000022B02D90323FB7304E0FFF7AAFD034681
:10C95000002BF0D1FB7B002B37D14FF0B0431B698C
:10C9600023F4FE427B681B681B024FF0B041134367
:10C970000B614FF0B0431B6923F060427B68DB68BA
:10C980004FF0B04113430B61FFF76DFDFDF7AEFAB9
:10C99000B86009E0FDF7AAFA0246BB68D31A022B79
:10C9A00002D90323FB7304E0FFF77BFD0346012B51
:10C9B000F0D1FB7B002B08D14FF0B0431A697B68A4
:10C9C0001B694FF0B04113430B61FB7B18461037D6
:10C9D000BD4680BD80B582B000AF78607B68002B1B
:10C9E00001D1012327E07B685B7ADBB2002B05D104
:10C9F0007B6800221A727868FAF764FD7B6802226D
:10CA00005A727B681B681B6823F020017B685A6898
:10CA10007B681B680A431A607B681B681A687B681E
:10CA20001B6842F004021A607B6801225A727B681C
:10CA30000022DA60002318460837BD4680BD80B565
:10CA400084B000AF78607B68002B01D101237AE0CD
:10CA50007B6893F82130DBB2002B06D17B68002283
:10CA600083F820207868FAF757FD7B68022283F864
:10CA700021207B681B68DB6803F01003102B58D063
:10CA80007B681B68CA225A627B681B6853225A6201
:10CA9000786800F083F80346FB73FB7B002B2CD1F6
:10CAA0007B681B689B687A68126823F4E00323F0B4
:10CAB000400393607B681B6899687B685A687B6851
:10CAC0001B691A437B689B691A437B681B680A438E
:10CAD0009A607B681B687A68D2681A617B681B68F9
:10CAE00019697B689B681A047B681B680A431A6192
:10CAF000786800F08BF80346FB73FB7B002B13D1A7
:10CB00007B681B68DA6C7B681B6822F00302DA64BE
:10CB10007B681B68D96C7B68DA697B685B691A4340
:10CB20007B681B680A43DA647B681B68FF225A62D1
:10CB300001E00023FB73FB7B002B03D17B68012208
:10CB400083F82120FB7B18461037BD4680BD0000CE
:10CB500080B584B000AF78600023FB607B681B6801
:10CB60000D4ADA60FDF7C2F9F86009E0FDF7BEF999
:10CB70000246FB68D31AB3F57A7F01D9032307E095
:10CB80007B681B68DB6803F02003002BEED00023DA
:10CB900018461037BD4680BD5FFF010080B584B0E8
:10CBA00000AF78600023BB600023FB737B681B68C9
:10CBB000DB6803F04003002B23D17B681B68DA6835
:10CBC0007B681B6842F08002DA60FDF78FF9B8607D
:10CBD0000DE0FDF78BF90246BB68D31AB3F57A7FF7
:10CBE00005D97B68042283F821200123FB737B682D
:10CBF0001B68DB6803F04003002B02D1FB7B012B99
:10CC0000E7D1FB7B18461037BD4680BD80B584B0A8
:10CC100000AF78600023FB737B681B68DA687B6871
:10CC20001B6822F08002DA607B681B689B6803F057
:10CC30002003002B0BD17868FFF78AFF0346002BF7
:10CC400005D07B68042283F821200123FB73FB7B42
:10CC500018461037BD4680BD80B487B000AFF8607D
:10CC6000B9607A605F4B1B685F4AA2FB0323DB0A53
:10CC70004FF47A7202FB03F37B61FB6893F8203078
:10CC8000012B01D10223A7E0FB68012283F82020B9
:10CC9000FB68022283F82120FB681B68CA225A62C3
:10CCA000FB681B6853225A62FB681B689B6803F48D
:10CCB0008063002B1AD07B69013B7B617B69002B71
:10CCC0000DD1FB681B68FF225A62FB68032283F8C0
:10CCD0002120FB68002283F8202003237CE0FB68EE
:10CCE0001B68DB6803F00403002BE4D1FB681B68BE
:10CCF0009A68FB681B6822F480629A60FB681B6874
:10CD0000DB68DAB2FB681B6862F49062DA60354B6C
:10CD10001B68354AA2FB0323DB0A4FF47A7202FB3D
:10CD200003F37B617B69013B7B617B69002B0DD148
:10CD3000FB681B68FF225A62FB68032283F82120EC
:10CD4000FB68002283F82020032345E0FB681B6872
:10CD5000DB6803F00403002BE4D0FB681B689A68CF
:10CD6000FB681B6822F007029A60FB681B689968E1
:10CD7000FB681B687A680A439A60FB681B68BA689C
:10CD80005A611A4BD3F88030184A43F40023C2F892
:10CD90008030164B1B68154A43F400231360FB6870
:10CDA0001B689A68FB681B6842F480429A60FB68C3
:10CDB0001B689A68FB681B6842F480629A60FB6893
:10CDC0001B68FF225A62FB68012283F82120FB685E
:10CDD000002283F82020002318461C37BD465DF84A
:10CDE000047B704720000020D34D621000080058DB
:10CDF00080B483B000AF78607B6893F82030012B5B
:10CE000001D1022324E07B68012283F820207B6883
:10CE1000022283F821207B681B68CA225A627B6841
:10CE20001B6853225A627B681B689A687B681B6880
:10CE300042F020029A607B681B68FF225A627B687E
:10CE4000012283F821207B68002283F82020002320
:10CE500018460C37BD465DF8047B704780B483B03C
:10CE600000AF78604FF0B043D3F888207B68134060
:10CE700018460C37BD465DF8047B704780B483B01C
:10CE800000AF78604FF0B043D3F888207B68134040
:10CE900018460C37BD465DF8047B704780B582B0FC
:10CEA00000AF78607B68002B01D1012342E07B68F2
:10CEB000D3F88830002B06D17B68002283F88420C9
:10CEC0007868FAF70BFA7B682422C3F888207B681D
:10CED0001B681A687B681B6822F001021A607B6875
:10CEE0009B6A002B02D0786800F07EFE786800F024
:10CEF00053FC0346012B01D101231BE07B681B6817
:10CF00005A687B681B6822F490425A607B681B68F1
:10CF10009A687B681B6822F02A029A607B681B680B
:10CF20001A687B681B6842F001021A60786800F09A
:10CF3000FDFE034618460837BD4680BD80B58AB061
:10CF400000AFF860B9601346FB80FB68D3F88C3003
:10CF5000202B37D1BB68002B02D0FB88002B01D1DE
:10CF6000012330E0FB680022DA66FB681B68184A80
:10CF700093421FD0FB681B685B6803F40003002B1F
:10CF800018D0FB681B687B617B6953E8003F3B61FD
:10CF90003B6943F080637B62FB681B681A467B6ACF
:10CFA0003B62FA61F9693A6A41E80023BB61BB69F7
:10CFB000002BE6D1FB881A46B968F86800F0CEFF6E
:10CFC000034600E0022318462837BD4680BD00BF57
:10CFD0000080004080B58AB000AFF860B9601346A9
:10CFE000FB80FB68D3F88830202B67D1BB68002B0F
:10CFF00002D0FB88002B01D1012360E0FB68BA68F6
:10D000001A65FB68FA88A3F85420FB68FA88A3F82D
:10D010005620FB680022C3F89020FB682122C3F849
:10D020008820FB68DB6F002B28D0FB68DB6F264A6B
:10D03000DA62FB68DB6F254A1A63FB68DB6F244A00
:10D040005A63FB68DB6F00229A63FB68D86FFB684A
:10D050001B6D1946FB681B6828331A46FB88FDF7D1
:10D06000B7F90346002B09D0FB681022C3F89020C3
:10D07000FB682022C3F88820012320E0FB681B689E
:10D0800040221A62FB681B6808337B617B6953E8A6
:10D09000003F3B613B6943F080037B62FB681B6898
:10D0A00008337A6A3A62FB61F9693A6A41E8002317
:10D0B000BB61BB69002BE5D1002300E002231846C9
:10D0C0002837BD4680BD00BFEFE2000881E30008BD
:10D0D0009DE3000880B5BAB000AF78607B681B683C
:10D0E000DB69C7F8E4307B681B681B68C7F8E03071
:10D0F0007B681B689B68C7F8DC30D7F8E42040F6F3
:10D100000F031340C7F8D830D7F8D830002B1BD105
:10D11000D7F8E43003F02003002B15D0D7F8E03027
:10D1200003F02003002B05D1D7F8DC3003F0805347
:10D13000002B09D07B685B6F002B00F000837B68BD
:10D140005B6F78689847FAE2D7F8D830002B00F088
:10D150002381D7F8DC208D4B1340002B06D1D7F864
:10D16000E0208B4B1340002B00F01681D7F8E43001
:10D1700003F00103002B11D0D7F8E03003F48073E3
:10D18000002B0BD07B681B6801221A627B68D3F8E6
:10D19000903043F001027B68C3F89020D7F8E43068
:10D1A00003F00203002B11D0D7F8DC3003F00103A9
:10D1B000002B0BD07B681B6802221A627B68D3F8B5
:10D1C000903043F004027B68C3F89020D7F8E43035
:10D1D00003F00403002B11D0D7F8DC3003F0010377
:10D1E000002B0BD07B681B6804221A627B68D3F883
:10D1F000903043F002027B68C3F89020D7F8E43007
:10D2000003F00803002B17D0D7F8E03003F0200319
:10D21000002B05D1D7F8DC205C4B1340002B0BD042
:10D220007B681B6808221A627B68D3F8903043F051
:10D2300008027B68C3F89020D7F8E43003F4006359
:10D24000002B12D0D7F8E03003F08063002B0CD015
:10D250007B681B684FF400621A627B68D3F89030D9
:10D2600043F020027B68C3F890207B68D3F89030AD
:10D27000002B00F06682D7F8E43003F02003002B87
:10D2800013D0D7F8E03003F02003002B05D1D7F8F6
:10D29000DC3003F08053002B07D07B685B6F002BE2
:10D2A00003D07B685B6F786898477B68D3F89030D1
:10D2B000C7F8D4307B681B689B6803F04003402BA1
:10D2C00005D0D7F8D43003F02803002B54D0786869
:10D2D00000F0A7FF7B681B689B6803F04003402BAE
:10D2E00046D17B681B680833C7F89C30D7F89C3060
:10D2F00053E8003FC7F89830D7F8983023F0400340
:10D30000C7F8D0307B681B680833D7F8D020C7F83F
:10D31000A820C7F8A430D7F8A410D7F8A82041E86F
:10D320000023C7F8A030D7F8A030002BD9D17B68F4
:10D33000D3F88030002B17D07B68D3F88030154AA3
:10D340009A637B68D3F880301846FDF71BF90346D3
:10D35000002B19D07B68D3F880309B6B7A68D2F8A9
:10D360008020104698470FE0786800F0FFF90BE046
:10D37000786800F0FBF907E0786800F0F7F97B685F
:10D380000022C3F89020DCE100BFDAE101000010C8
:10D39000200100040DE400087B68DB6E012B40F0E7
:10D3A0007081D7F8E43003F01003002B00F069819E
:10D3B000D7F8E03003F01003002B00F062817B68A7
:10D3C0001B6810221A627B681B689B6803F040038D
:10D3D000402B40F0D8807B68D3F880301B685B68B6
:10D3E000A7F8BE30B7F8BE30002B00F0AF807B68E6
:10D3F000B3F85C30B7F8BE209A4280F0A7807B6813
:10D40000B7F8BE20A3F85E207B68D3F880301B6895
:10D410001B6803F02003002B40F087807B681B68AB
:10D42000C7F88830D7F8883053E8003FC7F8843011
:10D43000D7F8843023F48073C7F8B8307B681B6852
:10D440001A46D7F8B830C7F89430C7F89020D7F804
:10D450009010D7F8942041E80023C7F88C30D7F813
:10D460008C30002BDAD17B681B6808337B677B6FBD
:10D4700053E8003F3B673B6F23F00103C7F8B4302C
:10D480007B681B680833D7F8B420C7F88020FB6797
:10D49000F96FD7F8802041E80023BB67BB6F002BF2
:10D4A000E1D17B681B6808333B663B6E53E8003F65
:10D4B000FB65FB6D23F04003C7F8B0307B681B6849
:10D4C0000833D7F8B020FA66BB66B96EFA6E41E849
:10D4D00000237B667B6E002BE3D17B682022C3F8A0
:10D4E0008C207B680022DA667B681B68FB64FB6C1F
:10D4F00053E8003FBB64BB6C23F01003C7F8AC30AB
:10D500007B681B681A46D7F8AC30BB657A65796DC5
:10D51000BA6D41E800233B653B6D002BE4D17B688D
:10D52000D3F880301846FCF7CEFF7B6802221A67DA
:10D530007B68B3F85C207B68B3F85E309BB2D31A8B
:10D540009BB21946786800F01BF9FCE07B68B3F8E1
:10D550005C30B7F8BE209A4240F0F5807B68D3F883
:10D5600080301B681B6803F02003202B40F0EB8009
:10D570007B6802221A677B68B3F85C3019467868CA
:10D5800000F0FEF8DFE07B68B3F85C207B68B3F85E
:10D590005E309BB2D31AA7F8CE307B68B3F85E300A
:10D5A0009BB2002B00F0D180B7F8CE30002B00F0FA
:10D5B000CC807B681B68BB63BB6B53E8003F7B631D
:10D5C0007B6B23F49073C7F8C8307B681B681A46DE
:10D5D000D7F8C8307B643A64396C7A6C41E8002330
:10D5E000FB63FB6B002BE4D17B681B6808337B6219
:10D5F0007B6A53E8003F3B623B6A23F0805323F091
:10D600000103C7F8C4307B681B680833D7F8C4200F
:10D610003A63FB62F96A3A6B41E80023BB62BB6A7A
:10D62000002BE1D17B682022C3F88C207B6800228C
:10D63000DA667B6800225A677B681B683B613B693E
:10D6400053E8003FFB60FB6823F01003C7F8C030CD
:10D650007B681B681A46D7F8C030FB61BA61B969AC
:10D66000FA6941E800237B617B69002BE4D17B6888
:10D6700002221A67B7F8CE301946786800F080F8B1
:10D6800063E0D7F8E43003F48013002B0ED0D7F812
:10D69000DC3003F48003002B08D07B681B684FF458
:10D6A00080121A62786801F00BFC51E0D7F8E43080
:10D6B00003F08003002B14D0D7F8E03003F0800390
:10D6C000002B05D1D7F8DC3003F40003002B08D081
:10D6D0007B689B6F002B3AD07B689B6F786898477C
:10D6E00035E0D7F8E43003F04003002B09D0D7F839
:10D6F000E03003F04003002B03D0786800F094FE84
:10D7000026E0D7F8E43003F40003002B09D0D7F863
:10D71000E03003F08043002B03D0786801F0E4FB95
:10D7200016E0D7F8E43003F08073002B10D0D7F860
:10D73000E030002B0CDA786801F0CCFB08E000BF89
:10D7400006E000BF04E000BF02E000BF00E000BF51
:10D75000E837BD4680BD00BF80B483B000AF7860BD
:10D7600000BF0C37BD465DF8047B704780B483B0C2
:10D7700000AF786000BF0C37BD465DF8047B704792
:10D7800080B483B000AF78600B467B8000BF0C375D
:10D79000BD465DF8047B70472DE9B04F8CB000AFFB
:10D7A0007861002387F82A307B699A687B691B6956
:10D7B0001A437B695B691A437B69DB691343FB622C
:10D7C0007B691B681A68AF4B13407A691268F96A63
:10D7D0000B4313607B691B685B6823F440517B69D2
:10D7E000DA687B691B680A435A607B699B69FB6244
:10D7F0007B691B68A44A934204D07B691B6AFA6A5E
:10D800001343FB627B691B689B6823F06E4323F420
:10D8100030637A691268F96A0B4393607B691B680D
:10D82000DB6A23F00F017B695A6A7B691B680A4334
:10D83000DA627B691B68954A934225D10320FFF782
:10D840000DFB0346032B1BD801A252F823F000BFA7
:10D8500061D8000871D8000869D8000879D8000894
:10D86000012387F82B3042E0022387F82B303EE07B
:10D87000042387F82B303AE0082387F82B3036E072
:10D88000102387F82B3032E07B691B687E4A934275
:10D890002AD14FF44060FFF7F1FA0346B3F5406F29
:10D8A0001AD0B3F5406F1BD8B3F5006F0CD0B3F5A9
:10D8B000006F15D8002B03D0B3F5806F08D00FE0B0
:10D8C000002387F82B3012E0022387F82B300EE07C
:10D8D000042387F82B300AE0082387F82B3006E072
:10D8E000102387F82B3002E0102387F82B307B6958
:10D8F0001B68654A934240F0978097F82B30082BBD
:10D9000023D801A252F823F02DD900084BD90008E2
:10D9100035D900084BD900083BD900084BD900087D
:10D920004BD900084BD9000843D90008FEF74EFB3D
:10D93000786210E0564B7B620DE0FEF7C7FA786222
:10D9400009E04FF400437B6205E000237B62012382
:10D9500087F82A3000BF7B6A002B00F02B817B699F
:10D960005B6A4C4A32F813301A467B6AB3FBF2F317
:10D97000BB617B695A6813465B001344BA699A42DB
:10D9800005D37B695B681B03BA699A4203D90123FB
:10D9900087F82A300EE17B6A0022BB60FA607B695F
:10D9A0005B6A3C4A32F813309BB200223B607A60DB
:10D9B000D7E90023D7E90201F3F7DEF802460B4668
:10D9C000104619464FF000024FF000030B0243EAE5
:10D9D0001063020279694968490800200C4605462F
:10D9E00012EB040843EB05097B695B6800229A4649
:10D9F000934652465B4640464946F3F7BDF8024619
:10DA00000B4613463B623B6AB3F5407F08D33B6A43
:10DA1000B3F5801F04D27B691B683A6ADA60C9E0FB
:10DA2000012387F82A30C5E07B69DB69B3F5004F35
:10DA30006DD197F82B30013B072B2DD801A252F85E
:10DA400023F000BF65DA00086DDA000899DA0008F3
:10DA500073DA000899DA000899DA000899DA000800
:10DA60007BDA0008FEF7C8FA78621BE0084B7B629D
:10DA700018E0FEF72BFA786214E04FF400437B6263
:10DA800010E000BFF369FFCF008000400038014084
:10DA90000024F400B466010800237B62012387F8A8
:10DAA0002A3000BF7B6A002B00F084807B695B6AB0
:10DAB0004B4A32F813301A467B6AB3FBF2F35A0032
:10DAC0007B695B685B081A447B695B68B2FBF3F3B4
:10DAD0003B623B6A0F2B16D93B6AB3F5803F12D2EB
:10DAE0003B6A9BB223F00F03FB833B6A5B089BB24C
:10DAF00003F007039AB2FB8B1343FB837B691B681C
:10DB0000FA8BDA6056E0012387F82A3052E097F862
:10DB10002B30013B072B22D801A252F823F000BF83
:10DB200041DB000849DB00085FDB00084FDB000831
:10DB30005FDB00085FDB00085FDB000857DB0008E5
:10DB4000FEF75AFA786210E0264B7B620DE0FEF792
:10DB5000BDF9786209E04FF400437B6205E00023E1
:10DB60007B62012387F82A3000BF7B6A002B21D01B
:10DB70007B695B6A1A4A32F813301A467B6AB3FB38
:10DB8000F2F27B695B685B081A447B695B68B2FBF5
:10DB9000F3F33B623B6A0F2B09D93B6AB3F5803F35
:10DBA00005D23B6A9AB27B691B68DA6002E0012306
:10DBB00087F82A307B690122A3F86A207B69012259
:10DBC000A3F868207B6900225A677B6900229A6764
:10DBD00097F82A3018463037BD46BDE8B08F00BFF1
:10DBE000B46601080024F40080B483B000AF78600C
:10DBF0007B689B6A03F00803002B0AD07B681B68D4
:10DC00005B6823F400417B689A6B7B681B680A435E
:10DC10005A607B689B6A03F00103002B0AD07B6883
:10DC20001B685B6823F400317B68DA6A7B681B68D9
:10DC30000A435A607B689B6A03F00203002B0AD0F8
:10DC40007B681B685B6823F480317B681A6B7B6898
:10DC50001B680A435A607B689B6A03F00403002B2D
:10DC60000AD07B681B685B6823F480217B685A6B51
:10DC70007B681B680A435A607B689B6A03F0100349
:10DC8000002B0AD07B681B689B6823F480517B685B
:10DC9000DA6B7B681B680A439A607B689B6A03F0B7
:10DCA0002003002B0AD07B681B689B6823F400517B
:10DCB0007B681A6C7B681B680A439A607B689B6A66
:10DCC00003F04003002B1AD07B681B685B6823F4C9
:10DCD00080117B685A6C7B681B680A435A607B68BA
:10DCE0005B6CB3F5801F0AD17B681B685B6823F40B
:10DCF000C0017B689A6C7B681B680A435A607B682A
:10DD00009B6A03F08003002B0AD07B681B685B686A
:10DD100023F400217B68DA6C7B681B680A435A6035
:10DD200000BF0C37BD465DF8047B704780B598B0E6
:10DD300002AF78607B680022C3F89020FCF7D6F829
:10DD400078657B681B681B6803F00803082B2FD1DC
:10DD50006FF07E4300937B6D00224FF400117868D2
:10DD600000F08EF80346002B22D07B681B68BB6353
:10DD7000BB6B53E8003F7B637B6B23F080033B6509
:10DD80007B681B681A463B6D7B643A64396C7A6C1D
:10DD900041E80023FB63FB6B002BE6D17B6820226C
:10DDA000C3F888207B68002283F88420032363E083
:10DDB0007B681B681B6803F00403042B49D16FF0D8
:10DDC0007E4300937B6D00224FF48001786800F061
:10DDD00057F80346002B3CD07B681B687B627B6A4C
:10DDE00053E8003F3B623B6A23F49073FB647B681B
:10DDF0001B681A46FB6C3B63FA62F96A3A6B41E8AE
:10DE00000023BB62BB6A002BE6D17B681B6808332A
:10DE10003B613B6953E8003FFB60FB6823F0010373
:10DE2000BB647B681B680833BA6CFA61BB61B96973
:10DE3000FA6941E800237B617B69002BE5D17B68AF
:10DE40002022C3F88C207B68002283F884200323DF
:10DE500012E07B682022C3F888207B682022C3F868
:10DE60008C207B680022DA667B6800221A677B6858
:10DE7000002283F88420002318465837BD4680BD11
:10DE800080B584B000AFF860B9603B601346FB71A9
:10DE90004FE0BB69B3F1FF3F4BD0FCF727F80246D8
:10DEA0003B68D31ABA699A4202D3BB69002B01D1ED
:10DEB00003234EE0FB681B681B6803F00403002B80
:10DEC00037D0BB68802B34D0BB68402B31D0FB6887
:10DED0001B68DB6903F00803082B10D1FB681B6883
:10DEE00008221A62F86800F09CF9FB680822C3F85F
:10DEF0009020FB68002283F88420012329E0FB683E
:10DF00001B68DB6903F40063B3F5006F11D1FB6894
:10DF10001B684FF400621A62F86800F082F9FB682F
:10DF20002022C3F89020FB68002283F8842003237A
:10DF30000FE0FB681B68DA69BB681340BA689A4255
:10DF40000CBF01230023DBB21A46FB799A42A0D012
:10DF5000002318461037BD4680BD000080B4A3B032
:10DF600000AFF860B9601346FB80FB68BA689A6539
:10DF7000FB68FA88A3F85C20FB68FA88A3F85E20A7
:10DF8000FB6800225A67FB689B68B3F5805F0ED17F
:10DF9000FB681B69002B05D1FB6840F2FF12A3F858
:10DFA00060202DE0FB68FF22A3F8602028E0FB68DA
:10DFB0009B68002B0DD1FB681B69002B04D1FB680B
:10DFC000FF22A3F860201BE0FB687F22A3F86020FB
:10DFD00016E0FB689B68B3F1805F0DD1FB681B699D
:10DFE000002B04D1FB687F22A3F8602008E0FB68C7
:10DFF0003F22A3F8602003E0FB680022A3F8602022
:10E00000FB680022C3F89020FB682222C3F88C2012
:10E01000FB681B6808337B667B6E53E8003F3B66FA
:10E020003B6E43F00103C7F88430FB681B6808337C
:10E03000D7F884203A67FB66F96E3A6F41E800230F
:10E04000BB66BB6E002BE3D1FB685B6EB3F1005F78
:10E050004FD1FB68B3F86830FA889A4249D3FB681D
:10E060009B68B3F5805F07D1FB681B69002B03D168
:10E07000FB68474A5A6702E0FB68464A5A67FB68F2
:10E080001B69002B1AD0FB681B683B653B6D53E88E
:10E09000003FFB64FB6C43F48073C7F88030FB687F
:10E0A0001B681A46D7F88030FB65BA65B96DFA6D02
:10E0B00041E800237B657B6D002BE4D1FB681B6886
:10E0C0000833FB63FB6B53E8003FBB63BB6B43F060
:10E0D0008053FB67FB681B680833FA6FBA647B6484
:10E0E000796CBA6C41E800233B643B6C002BE5D1B2
:10E0F00046E0FB689B68B3F5805F07D1FB681B694E
:10E10000002B03D1FB68244A5A6702E0FB68234ACC
:10E110005A67FB681B69002B19D0FB681B68BB6240
:10E12000BB6A53E8003F7B627B6A43F490737B6772
:10E13000FB681B681A467B6F7B633A63396B7A6BAB
:10E1400041E80023FB62FB6A002BE6D118E0FB6884
:10E150001B687B617B6953E8003F3B613B6943F08F
:10E160002003BB67FB681B681A46BB6F3B62FA6102
:10E17000F9693A6A41E80023BB61BB69002BE6D12B
:10E18000002318468C37BD465DF8047B704700BFFE
:10E1900055EB0008F1E7000839E6000881E40008C3
:10E1A00080B48FB000AF78607B681B683B623B6ACD
:10E1B00053E8003FFB61FB6923F0C0037B637B688E
:10E1C0001B681A467B6BFB62BA62B96AFA6A41E85D
:10E1D00000237B627B6A002BE6D17B681B680833D7
:10E1E000FB60FB6853E8003FBB60BB6823F400039F
:10E1F0003B637B681B6808333A6BBA617B61796962
:10E20000BA6941E800233B613B69002BE5D17B689B
:10E210002022C3F8882000BF3C37BD465DF8047B50
:10E22000704780B495B000AF78607B681B687B63F3
:10E230007B6B53E8003F3B633B6B23F49073FB64C1
:10E240007B681B681A46FB6C3B64FA63F96B3A6C9B
:10E2500041E80023BB63BB6B002BE6D17B681B68E6
:10E2600008333B623B6A53E8003FFB61FB6923F0E4
:10E27000805323F00103BB647B681B680833BA6CCE
:10E28000FA62BB62B96AFA6A41E800237B627B6A80
:10E29000002BE3D17B68DB6E012B18D17B681B68F8
:10E2A000FB60FB6853E8003FBB60BB6823F01003D2
:10E2B0007B647B681B681A467B6CBB617A617969F9
:10E2C000BA6941E800233B613B69002BE6D17B68DA
:10E2D0002022C3F88C207B680022DA667B6800224B
:10E2E0005A6700BF5437BD465DF8047B704780B560
:10E2F00090B000AF78607B689B6AFB637B681B68AB
:10E300001B6803F02003002B33D1FB6B1B68083321
:10E310007B627B6A53E8003F3B623B6A23F08003E9
:10E32000BB63FB6B1B680833BA6B3A63FB62F96A29
:10E330003A6B41E80023BB62BB6A002BE5D1FB6B63
:10E340001B683B613B6953E8003FFB60FB6843F09F
:10E3500040037B63FB6B1B681A467B6BFB61BA61F6
:10E36000B969FA6941E800237B617B69002BE6D13A
:10E3700002E0F86BF8F720FB00BF4037BD4680BDD8
:10E3800080B584B000AF78607B689B6AFB60F868FA
:10E39000FFF7E2F900BF1037BD4680BD80B586B0FB
:10E3A00000AF78607B689B6A7B617B69D3F88830BB
:10E3B0003B617B69D3F88C30FB607B691B689B6891
:10E3C00003F08003802B05D13B69212B02D17869B2
:10E3D000FFF7E6FE7B691B689B6803F04003402B58
:10E3E00005D1FB68222B02D17869FFF71AFF7B6900
:10E3F000D3F8903043F010027B69C3F8902078691D
:10E40000FFF7B4F900BF1837BD4680BD80B584B0B2
:10E4100000AF78607B689B6AFB60F868FFF7A6F93D
:10E4200000BF1037BD4680BD80B588B000AF7860B2
:10E430007B681B68FB60FB6853E8003FBB60BB6800
:10E4400023F04003FB617B681B681A46FB69BB61D4
:10E450007A617969BA6941E800233B613B69002B25
:10E46000E6D17B682022C3F888207B6800229A6767
:10E470007868F8F7A1FA00BF2037BD4680BD0000DC
:10E4800080B59CB000AF78607B68B3F86030A7F8C7
:10E490006E307B68D3F88C30222B40F0BE807B68D6
:10E4A0001B685B6AA7F86C30B7F86C30D9B2B7F864
:10E4B0006E30DAB27B689B6D0A40D2B21A707B680C
:10E4C0009B6D5A1C7B689A657B68B3F85E309BB283
:10E4D000013B9AB27B68A3F85E207B68B3F85E309C
:10E4E0009BB2002B40F0A1807B681B68FB64FB6C37
:10E4F00053E8003FBB64BB6C23F49073BB667B683E
:10E500001B681A46BB6EBB657A65796DBA6D41E8CA
:10E5100000233B653B6D002BE6D17B681B6808330D
:10E52000BB63BB6B53E8003F7B637B6B23F0010352
:10E530007B667B681B6808337A6E7A643B64396C4F
:10E540007A6C41E80023FB63FB6B002BE5D17B6811
:10E550002022C3F88C207B6800225A677B68002247
:10E560001A677B681B68334A93421FD07B681B681D
:10E570005B6803F40003002B18D07B681B687B6288
:10E580007B6A53E8003F3B623B6A23F080633B6653
:10E590007B681B681A463B6E3B63FA62F96A3A6B0A
:10E5A00041E80023BB62BB6A002BE6D17B68DB6ECF
:10E5B000012B2ED17B680022DA667B681B683B61E9
:10E5C0003B6953E8003FFB60FB6823F01003FB65E9
:10E5D0007B681B681A46FB6DFB61BA61B969FA6911
:10E5E00041E800237B617B69002BE6D17B681B68D7
:10E5F000DB6903F01003102B03D17B681B6810222A
:10E600001A627B68B3F85C3019467868FFF7B8F88F
:10E610000BE07868F8F7B2F907E07B681B689A6945
:10E620007B681B6842F008029A6100BF7037BD46E4
:10E6300080BD00BF0080004080B59CB000AF786016
:10E640007B68B3F86030A7F86E307B68D3F88C3005
:10E65000222B40F0BE807B681B685B6AA7F86C3099
:10E660007B689B6DBB66B7F86C20B7F86E301340C3
:10E670009AB2BB6E1A807B689B6D9A1C7B689A6508
:10E680007B68B3F85E309BB2013B9AB27B68A3F81B
:10E690005E207B68B3F85E309BB2002B40F0A18017
:10E6A0007B681B68BB64BB6C53E8003F7B647B6C7E
:10E6B00023F490737B667B681B681A467B6E7B65D0
:10E6C0003A65396D7A6D41E80023FB64FB6C002BE1
:10E6D000E6D17B681B6808337B637B6B53E8003FA4
:10E6E0003B633B6B23F001033B667B681B6808338D
:10E6F0003A6E3A64FB63F96B3A6C41E80023BB6302
:10E70000BB6B002BE5D17B682022C3F88C207B6893
:10E7100000225A677B6800221A677B681B68334AAD
:10E7200093421FD07B681B685B6803F40003002BD7
:10E7300018D07B681B683B623B6A53E8003FFB6173
:10E74000FB6923F08063FB657B681B681A46FB6DE1
:10E75000FB62BA62B96AFA6A41E800237B627B6AAB
:10E76000002BE6D17B68DB6E012B2ED17B6800226B
:10E77000DA667B681B68FB60FB6853E8003FBB60A0
:10E78000BB6823F01003BB657B681B681A46BB6D32
:10E79000BB617A617969BA6941E800233B613B69F1
:10E7A000002BE6D17B681B68DB6903F01003102B9C
:10E7B00003D17B681B6810221A627B68B3F85C3057
:10E7C00019467868FEF7DCFF0BE07868F8F7D6F8B2
:10E7D00007E07B681B689A697B681B6842F0080247
:10E7E0009A6100BF7037BD4680BD00BF0080004009
:10E7F00080B5ACB000AF78607B68B3F86030A7F844
:10E80000AA307B681B68DB69C7F8AC307B681B6883
:10E810001B68C7F8A4307B681B689B68C7F8A030EA
:10E820007B68D3F88C30222B40F083817B68B3F86F
:10E830006830A7F89E3026E17B681B685B6AA7F802
:10E840009C30B7F89C30D9B2B7F8AA30DAB27B68FE
:10E850009B6D0A40D2B21A707B689B6D5A1C7B6814
:10E860009A657B68B3F85E309BB2013B9AB27B68D5
:10E87000A3F85E207B681B68DB69C7F8AC30D7F86B
:10E88000AC3003F00703002B53D0D7F8AC3003F0C3
:10E890000103002B11D0D7F8A43003F48073002BB0
:10E8A0000BD07B681B6801221A627B68D3F890301A
:10E8B00043F001027B68C3F89020D7F8AC3003F036
:10E8C0000203002B11D0D7F8A03003F00103002B76
:10E8D0000BD07B681B6802221A627B68D3F89030E9
:10E8E00043F004027B68C3F89020D7F8AC3003F003
:10E8F0000403002B11D0D7F8A03003F00103002B44
:10E900000BD07B681B6804221A627B68D3F89030B6
:10E9100043F002027B68C3F890207B68D3F8903004
:10E92000002B06D07868FEF721FF7B680022C3F831
:10E9300090207B68B3F85E309BB2002B40F0A38040
:10E940007B681B683B673B6F53E8003FFB66FB6ED1
:10E9500023F48073C7F898307B681B681A46D7F891
:10E960009830FB67BA67B96FFA6F41E800237B679D
:10E970007B6F002BE4D17B681B680833FB65FB6D64
:10E9800053E8003FBB65BB6D23F0805323F00103C8
:10E99000C7F894307B681B680833D7F89420BA66B0
:10E9A0007B66796EBA6E41E800233B663B6E002BB6
:10E9B000E1D17B682022C3F88C207B6800225A6753
:10E9C0007B6800221A677B681B68604A934221D0EB
:10E9D0007B681B685B6803F40003002B1AD07B681C
:10E9E0001B68BB64BB6C53E8003F7B647B6C23F00B
:10E9F0008063C7F890307B681B681A46D7F8903060
:10EA00007B653A65396D7A6D41E80023FB64FB6CE8
:10EA1000002BE4D17B68DB6E012B30D17B680022B8
:10EA2000DA667B681B687B637B6B53E8003F3B6364
:10EA30003B6B23F01003C7F88C307B681B681A46C9
:10EA4000D7F88C303B64FA63F96B3A6C41E80023E9
:10EA5000BB63BB6B002BE4D17B681B68DB6903F0F5
:10EA60001003102B03D17B681B6810221A627B688D
:10EA7000B3F85C3019467868FEF782FE0EE07868DD
:10EA8000F7F77CFF0AE0B7F89E30002B06D0D7F8E6
:10EA9000AC3003F02003002B7FF4CEAE7B68B3F8DC
:10EAA0005E30A7F88A30B7F88A30002B49D07B68EF
:10EAB000B3F86830B7F88A209A4242D27B681B6864
:10EAC00008333B623B6A53E8003FFB61FB6923F07C
:10EAD0008053C7F884307B681B680833D7F88420DC
:10EAE000FA62BB62B96AFA6A41E800237B627B6A18
:10EAF000002BE3D17B68164A5A677B681B68FB6072
:10EB0000FB6853E8003FBB60BB6843F02003C7F8D5
:10EB100080307B681B681A46D7F88030BB617A6109
:10EB20007969BA6941E800233B613B69002BE4D174
:10EB300007E07B681B689A697B681B6842F00802E3
:10EB40009A6100BFB037BD4680BD00BF0080004065
:10EB500081E4000880B5AEB000AF78607B68B3F8A0
:10EB60006030A7F8B2307B681B68DB69C7F8B43047
:10EB70007B681B681B68C7F8AC307B681B689B68A8
:10EB8000C7F8A8307B68D3F88C30222B40F08781FF
:10EB90007B68B3F86830A7F8A6302AE17B681B6869
:10EBA0005B6AA7F8A4307B689B6DC7F8A030B7F804
:10EBB000A420B7F8B23013409AB2D7F8A0301A8028
:10EBC0007B689B6D9A1C7B689A657B68B3F85E30A6
:10EBD0009BB2013B9AB27B68A3F85E207B681B68FE
:10EBE000DB69C7F8B430D7F8B43003F00703002B63
:10EBF00053D0D7F8B43003F00103002B11D0D7F86D
:10EC0000AC3003F48073002B0BD07B681B680122AF
:10EC10001A627B68D3F8903043F001027B68C3F836
:10EC20009020D7F8B43003F00203002B11D0D7F8AE
:10EC3000A83003F00103002B0BD07B681B68022275
:10EC40001A627B68D3F8903043F004027B68C3F803
:10EC50009020D7F8B43003F00403002B11D0D7F87C
:10EC6000A83003F00103002B0BD07B681B68042243
:10EC70001A627B68D3F8903043F002027B68C3F8D5
:10EC800090207B68D3F89030002B06D07868FEF790
:10EC90006DFD7B680022C3F890207B68B3F85E307E
:10ECA0009BB2002B40F0A5807B681B687B677B6F65
:10ECB00053E8003F3B673B6F23F48073C7F89C30F9
:10ECC0007B681B681A46D7F89C30C7F88030FA6713
:10ECD000F96FD7F8802041E80023BB67BB6F002B9A
:10ECE000E2D17B681B6808333B663B6E53E8003F0C
:10ECF000FB65FB6D23F0805323F00103C7F89830C8
:10ED00007B681B680833D7F89820FA66BB66B96E33
:10ED1000FA6E41E800237B667B6E002BE1D17B68B5
:10ED20002022C3F88C207B6800225A677B6800226F
:10ED30001A677B681B68604A934221D07B681B6816
:10ED40005B6803F40003002B1AD07B681B68FB642C
:10ED5000FB6C53E8003FBB64BB6C23F08063C7F8D7
:10ED600094307B681B681A46D7F89430BB657A6587
:10ED7000796DBA6D41E800233B653B6D002BE4D112
:10ED80007B68DB6E012B30D17B680022DA667B6802
:10ED90001B68BB63BB6B53E8003F7B637B6B23F05B
:10EDA0001003C7F890307B681B681A46D7F890307C
:10EDB0007B643A64396C7A6C41E80023FB63FB6B3B
:10EDC000002BE4D17B681B68DB6903F01003102B78
:10EDD00003D17B681B6810221A627B68B3F85C3031
:10EDE00019467868FEF7CCFC0EE07868F7F7C6FDA8
:10EDF0000AE0B7F8A630002B06D0D7F8B43003F0FD
:10EE00002003002B7FF4CAAE7B68B3F85E30A7F80E
:10EE10008E30B7F88E30002B49D07B68B3F868305D
:10EE2000B7F88E209A4242D27B681B6808337B6217
:10EE30007B6A53E8003F3B623B6A23F08053C7F88C
:10EE400088307B681B680833D7F888203A63FB62F8
:10EE5000F96A3A6B41E80023BB62BB6A002BE3D13D
:10EE60007B68164A5A677B681B683B613B6953E8BD
:10EE7000003FFB60FB6843F02003C7F884307B68E9
:10EE80001B681A46D7F88430FB61BA61B969FA6920
:10EE900041E800237B617B69002BE4D107E07B68BC
:10EEA0001B689A697B681B6842F008029A6100BF80
:10EEB000B837BD4680BD00BF0080004039E600087D
:10EEC00080B483B000AF786000BF0C37BD465DF8FA
:10EED000047B704780B483B000AF786000BF0C370C
:10EEE000BD465DF8047B704780B483B000AF7860A6
:10EEF00000BF0C37BD465DF8047B704780B485B019
:10EF000000AF78607B6893F88430012B01D1022335
:10EF100027E07B68012283F884207B682422C3F8E1
:10EF200088207B681B681B68FB607B681B681A680D
:10EF30007B681B6822F001021A60FB6823F0005313
:10EF4000FB607B6800225A667B681B68FA681A605F
:10EF50007B682022C3F888207B68002283F8842005
:10EF6000002318461437BD465DF8047B704780B512
:10EF700084B000AF786039607B6893F88430012BEF
:10EF800001D102232DE07B68012283F884207B6875
:10EF90002422C3F888207B681B681B68FB607B68A1
:10EFA0001B681A687B681B6822F001021A607B6884
:10EFB0001B689B6823F060417B681B683A680A43C2
:10EFC0009A60786800F050F87B681B68FA681A60ED
:10EFD0007B682022C3F888207B68002283F8842085
:10EFE000002318461037BD4680BD80B584B000AF01
:10EFF000786039607B6893F88430012B01D102235B
:10F000002DE07B68012283F884207B682422C3F8EA
:10F0100088207B681B681B68FB607B681B681A681C
:10F020007B681B6822F001021A607B681B689B6882
:10F0300023F060617B681B683A680A439A607868CD
:10F0400000F012F87B681B68FA681A607B6820225F
:10F05000C3F888207B68002283F8842000231846A8
:10F060001037BD4680BD000080B485B000AF786029
:10F070007B685B6E002B08D17B680122A3F86A20B5
:10F080007B680122A3F8682031E00823FB73082382
:10F09000BB737B681B689B685B0EDBB203F00703E6
:10F0A0007B737B681B689B685B0FDBB203F0070315
:10F0B0003B73BB7B3A7B11498A5C02FB03F33A7BCF
:10F0C0000F498A5C93FBF2F39AB27B68A3F86A203B
:10F0D000FB7B7A7B09498A5C02FB03F37A7B084954
:10F0E0008A5C93FBF2F39AB27B68A3F8682000BFB6
:10F0F0001437BD465DF8047B704700BFCC6601083D
:10F10000D466010880B5CCB000AF024607F598730D
:10F11000A3F229131A7007F11003C7F82C3107F571
:10F120009873A3F2211300221A700023C7F8283124
:10F13000D7F82C3107F59872A2F2291212781A70BA
:10F14000D7F828310133C7F8283107F5887318221A
:10F150000021184601F04EFC3F23A7F8103185230B
:10F16000A7F8123107F11003C7F81831D7F8283182
:10F17000C7F81C3107F10F03C7F820310123C7F886
:10F18000243107F588730021184601F0F1FA03468F
:10F19000002B01DAFF2304E007F59873A3F2211393
:10F1A0001B78184607F59877BD4680BDB0B5CCB042
:10F1B00000AF05460C461046194607F59873A3F2B2
:10F1C00029132A461A7007F59873A3F595732246FA
:10F1D0001A7007F59873A3F22B1302461A7007F5FD
:10F1E0009873A3F596730A461A7007F11003C7F8CF
:10F1F0002C3107F59873A3F2211300221A70002313
:10F20000C7F82831D7F82C3107F59872A2F22912E5
:10F2100012781A70D7F828310133C7F82831D7F897
:10F220002C3107F59872A2F5957212785A70D7F8BA
:10F2300028310133C7F82831D7F82C3107F59872F7
:10F24000A2F22B1212789A70D7F828310133C7F83E
:10F250002831D7F82C3107F59872A2F596721278FA
:10F26000DA70D7F828310133C7F82831D7F82C31B4
:10F2700097F840211A71D7F828310133C7F828319F
:10F28000D7F82C3197F844215A71D7F82831013337
:10F29000C7F82831D7F82C3197F848219A71D7F858
:10F2A00028310133C7F82831D7F82C31D7F84C2151
:10F2B000C3F80720D7F828310433C7F82831D7F826
:10F2C0002C3197F85021DA72D7F828310133C7F87A
:10F2D000283107F5887318220021184601F08AFBAF
:10F2E0003F23A7F810318623A7F8123107F1100346
:10F2F000C7F81831D7F82831C7F81C3107F10F03C8
:10F30000C7F820310123C7F8243107F5887300219D
:10F31000184601F02DFA0346002B01DAFF2304E022
:10F3200007F59873A3F221131B78184607F5987711
:10F33000BD46B0BD90B5CDB000AF044608461146FD
:10F3400007F59872A2F59872136007F59873A3F207
:10F35000291322461A7007F59873A3F59573024690
:10F360001A7007F59873A3F22B130A461A7007F167
:10F370001003C7F82C3107F10803072200211846B3
:10F3800001F038FB0023C7F82831D7F82C3107F5F6
:10F390009872A2F2291212781A70D7F82831013324
:10F3A000C7F82831D7F82C3107F59872A2F5957275
:10F3B00012785A70D7F828310133C7F82831D7F8B6
:10F3C0002C3107F59872A2F22B1212789A70D7F8A6
:10F3D00028310133C7F8283107F588731822002136
:10F3E000184601F007FB3F23A7F810318A23A7F83E
:10F3F000123107F11003C7F81831D7F82831C7F8D0
:10F400001C3107F10803C7F820310723C7F824315E
:10F4100007F588730021184601F0AAF90346002B6E
:10F4200001DAFF232EE007F59873A3F594731B7898
:10F43000002B05D007F59873A3F594731B7821E092
:10F4400007F59873A3F59473B3F801309AB207F5F2
:10F450009873A3F598731B681A8007F59873A3F542
:10F460009473B3F803309AB2D7F840311A8007F595
:10F470009873A3F59473B3F805309AB2D7F8443172
:10F480001A800023184607F59A77BD4690BD80B5CF
:10F4900088B000AF0023FB7107F108031822002198
:10F4A000184601F0A7FA3F233B8192237B81FB1D85
:10F4B000BB610123FB6107F108030021184601F03D
:10F4C00057F90346002B01DAFF2300E0FB791846C9
:10F4D0002037BD4680BDB0B5CCB000AF05460C4668
:10F4E0001046194607F59873A3F595732A461A80B6
:10F4F00007F59873A3F5967322461A8007F598735B
:10F50000A3F22D1302461A7007F59873A3F59773AB
:10F510000A461A7007F11003C7F82C3107F59873E3
:10F52000A3F2211300221A700023C7F82831D7F85C
:10F530002C3107F59872A2F5957212881A80D7F8C7
:10F5400028310233C7F82831D7F82C3107F59872E3
:10F55000A2F5967212885A80D7F828310233C7F87C
:10F560002831D7F82C3107F59872A2F22D121278B3
:10F570001A71D7F828310133C7F82831D7F82C3160
:10F5800007F59872A2F5977212785A71D7F8283158
:10F590000133C7F8283107F588731822002118466F
:10F5A00001F028FA3F23A7F810319723A7F812316A
:10F5B0000F23C7F8143107F11003C7F81831D7F833
:10F5C0002831C7F81C3107F10F03C7F82031012398
:10F5D000C7F8243107F588730021184601F0C8F8F0
:10F5E0000346002B01DAFF2304E007F59873A3F22A
:10F5F00021131B78184607F59877BD46B0BD90B526
:10F60000CFB000AF04460846114607F59C72A2F53C
:10F610009A72136007F59C73A3F5957322461A80BE
:10F6200007F59C73A3F5967302461A8007F59C7341
:10F63000A3F22D130A461A7007F11803C7F83431E4
:10F6400007F59C73A3F2211300221A700023C7F858
:10F650003031D7F8343107F59C72A2F595721288D3
:10F660001A80D7F830310233C7F83031D7F8343147
:10F6700007F59C72A2F5967212885A80D7F830313D
:10F680000233C7F83031D7F8343107F59C72A2F253
:10F690002D1212781A71D7F830310133C7F8303192
:10F6A000D7F83431581D07F59C73A3F59A730622D9
:10F6B000196801F08FF9D7F830310633C7F83031C7
:10F6C000D7F8343197F84821DA72D7F8303101335E
:10F6D000C7F83031D7F83431B7F84C219A81D7F8D0
:10F6E00030310233C7F83031D7F83431B7F8502110
:10F6F000DA81D7F830310233C7F83031D7F83431F6
:10F70000B7F854211A82D7F830310233C7F83031B4
:10F71000D7F83431B7F858215A82D7F8303102334C
:10F72000C7F83031D7F83431B7F85C219A82D7F86E
:10F7300030310233C7F83031D7F83431B7F86021AF
:10F74000DA82D7F830310233C7F8303107F58C73DD
:10F7500018220021184601F04DF93F23A7F818316F
:10F760009C23A7F81A310F23C7F81C3107F118039F
:10F77000C7F82031D7F83031C7F8243107F1170323
:10F78000C7F828310123C7F82C3107F58C73002105
:10F79000184600F0EDFF0346002B01DAFF2304E0DA
:10F7A00007F59C73A3F221131B78184607F59E7783
:10F7B000BD4690BD80B5CCB000AF024607F598734A
:10F7C000A3F229131A7007F11003C7F82C3107F5BB
:10F7D0009873A3F2211300221A700023C7F828316E
:10F7E000D7F82C3107F59872A2F2291212781A7004
:10F7F000D7F828310133C7F8283107F58873182264
:10F800000021184601F0F6F83F23A7F810319D2398
:10F81000A7F8123107F11003C7F81831D7F82831CB
:10F82000C7F81C3107F10F03C7F820310123C7F8CF
:10F83000243107F588730021184600F099FF03462C
:10F84000002B01DAFF2304E007F59873A3F22113DC
:10F850001B78184607F59877BD4680BD80B588B0FF
:10F8600000AF0023FB7107F108031822002118469E
:10F8700001F0C0F83F233B8140F201137B81FB1D67
:10F88000BB610123FB6107F108030021184600F06A
:10F890006FFF0346002B01DAFF2300E0FB791846D7
:10F8A0002037BD4680BDB0B5CCB000AF05460C4694
:10F8B0001046194607F59873A3F595732A461A80E2
:10F8C00007F59873A3F5967322461A8007F5987387
:10F8D000A3F22D1302461A7007F59873A3F59773D8
:10F8E0000A461A7007F11003C7F82C3107F5987310
:10F8F000A3F2211300221A700023C7F82831D7F889
:10F900002C3107F59872A2F5957212881A80D7F8F3
:10F9100028310233C7F82831D7F82C3107F598720F
:10F92000A2F5967212885A80D7F828310233C7F8A8
:10F930002831D7F82C3107F59872A2F22D121278DF
:10F940001A71D7F828310133C7F82831D7F82C318C
:10F9500007F59872A2F5977212785A71D7F8283184
:10F960000133C7F82831D7F82C31981D07F5987363
:10F97000A3F597731B781A46D7F8401101F02AF8BF
:10F9800007F59873A3F597731B78D7F828211344CC
:10F99000C7F8283107F5887318220021184601F0AE
:10F9A00029F83F23A7F810314FF48373A7F81231D9
:10F9B00007F11003C7F81831D7F82831C7F81C3100
:10F9C00007F10F03C7F820310123C7F8243107F5E9
:10F9D00088730021184600F0CBFE0346002B01DAA5
:10F9E000FF2304E007F59873A3F221131B78184650
:10F9F00007F59877BD46B0BD80B5CCB000AF0246E4
:10FA000007F59873A3F595731A8007F11003C7F8EB
:10FA10002C3107F59873A3F2211300221A700023EA
:10FA2000C7F82831D7F82C3107F59872A2F59572EE
:10FA300012881A80D7F828310233C7F8283107F521
:10FA4000887318220021184600F0D4FF3F23A7F83E
:10FA5000103140F20B13A7F812310F23C7F81431FD
:10FA600007F11003C7F81831D7F82831C7F81C314F
:10FA700007F10F03C7F820310123C7F8243107F538
:10FA800088730021184600F073FE0346002B01DA4C
:10FA9000FF2304E007F59873A3F221131B7818469F
:10FAA00007F59877BD4680BD80B5CCB000AF024663
:10FAB00007F59873A3F595731A8007F11003C7F83B
:10FAC0002C3107F59873A3F2211300221A7000233A
:10FAD000C7F82831D7F82C3107F59872A2F595723E
:10FAE00012881A80D7F828310233C7F8283107F571
:10FAF000887318220021184600F07CFF3F23A7F8E6
:10FB000010314FF48973A7F812310F23C7F814315D
:10FB100007F11003C7F81831D7F82831C7F81C319E
:10FB200007F10F03C7F820310123C7F8243107F587
:10FB300088730021184600F01BFE0346002B01DAF3
:10FB4000FF2304E007F59873A3F221131B781846EE
:10FB500007F59877BD4680BD90B5CDB000AF04469F
:10FB60000846114607F59873A3F5957322461A8047
:10FB700007F59873A3F5967302461A8007F59873F4
:10FB8000A3F597730A461A8007F11003C7F82C31C2
:10FB900007F59873A3F2211300221A700023C7F807
:10FBA0002831D7F82C3107F59872A2F59572128892
:10FBB0001A80D7F828310233C7F82831D7F82C310A
:10FBC00007F59872A2F5967212885A80D7F82831F4
:10FBD0000233C7F82831D7F82C3107F59872A2F50F
:10FBE000977212889A80D7F828310233C7F82831E3
:10FBF00007F5887318220021184600F0FBFE3F230A
:10FC0000A7F8103140F21513A7F812310F23C7F8E7
:10FC1000143107F11003C7F81831D7F82831C7F8A5
:10FC20001C3107F10F03C7F820310123C7F8243135
:10FC300007F588730021184600F09AFD0346002B53
:10FC400001DAFF2304E007F59873A3F221131B7870
:10FC5000184607F59A77BD4690BD90B5CDB000AF78
:10FC600004460846114607F59873A3F59573224696
:10FC70001A8007F59873A3F5967302461A8007F564
:10FC80009873A3F597730A461A8007F11003C7F813
:10FC90002C3107F59873A3F2211300221A70002368
:10FCA000C7F82831D7F82C3107F59872A2F595726C
:10FCB00012881A80D7F828310233C7F82831D7F8CC
:10FCC0002C3107F59872A2F5967212885A80D7F8EF
:10FCD00028310233C7F82831D7F82C3107F598724C
:10FCE000A2F5977212889A80D7F828310233C7F8A4
:10FCF000283107F5887318220021184600F07AFE93
:10FD00003F23A7F8103140F21713A7F812310F2341
:10FD1000C7F8143107F11003C7F81831D7F82831A4
:10FD2000C7F81C3107F10F03C7F820310123C7F8CA
:10FD3000243107F588730021184600F019FD0346A9
:10FD4000002B01DAFF2304E007F59873A3F22113D7
:10FD50001B78184607F59A77BD4690BD90B5CFB091
:10FD600000AF04460846114607F59C72A2F59A7248
:10FD7000136007F59C73A3F5957322461A8007F567
:10FD80009C73A3F5967302461A8007F59C73A3F241
:10FD90002D130A461A7007F11803C7F8343107F516
:10FDA0009C73A3F2211300221A700023C7F830318C
:10FDB000D7F8343107F59C72A2F5957212881A8033
:10FDC000D7F830310233C7F83031D7F8343107F57E
:10FDD0009C72A2F5967212885A80D7F8303102339D
:10FDE000C7F83031D7F8343107F59C72A2F22D12E2
:10FDF00012781A71D7F830310133C7F83031D7F89B
:10FE00003431581D07F59C73A3F22D131A7807F5AA
:10FE10009C73A3F59A73196800F0DCFD07F59C73D9
:10FE2000A3F22D131B78D7F830211344C7F83031D3
:10FE300007F58C7318220021184600F0DBFD3F23E4
:10FE4000A7F818314FF48E73A7F81A310F23C7F8AB
:10FE50001C3107F11803C7F82031D7F83031C7F843
:10FE6000243107F11703C7F828310123C7F82C31D3
:10FE700007F58C730021184600F07AFC0346002B2E
:10FE800001DAFF2304E007F59C73A3F221131B782A
:10FE9000184607F59E77BD4690BD90B5CFB000AF30
:10FEA00004460846114607F59C72A2F59A72136043
:10FEB00007F59C73A3F5957322461A8007F59C738A
:10FEC000A3F5967302461A8007F59C73A3F22D13CF
:10FED0000A461A7007F11803C7F8343107F59C7306
:10FEE000A3F2211300221A700023C7F83031D7F88B
:10FEF000343107F59C72A2F5957212881A80D7F8F2
:10FF000030310233C7F83031D7F8343107F59C72FD
:10FF1000A2F5967212885A80D7F830310233C7F8AA
:10FF20003031D7F8343107F59C72A2F22D121278D5
:10FF30001A71D7F830310133C7F83031D7F834317E
:10FF4000581D07F59C73A3F22D131A7807F59C73BF
:10FF5000A3F59A73196800F03DFD07F59C73A3F2B1
:10FF60002D131B78D7F830211344C7F8303107F52B
:10FF70008C7318220021184600F03CFD3F23A7F89F
:10FF8000183140F22313A7F81A3107F11803C7F804
:10FF90002031D7F83031C7F8243107F11703C7F8FB
:10FFA00028310123C7F82C3107F58C73002118463E
:10FFB00000F0DEFB0346002B01DAFF2304E007F527
:10FFC0009C73A3F221131B78184607F59E77BD4654
:10FFD00090BD80B5CCB000AF07F59873A3F59873CA
:10FFE0001A6007F59873A3F2291302461A7007F5F1
:10FFF0009873A3F595730A461A7007F11003C7F8B2
:020000040801F1
:100000002C3107F59873A3F2211300221A700023F4
:10001000C7F82831D7F82C3107F59872A2F22912C7
:1000200012781A70D7F828310133C7F82831D7F879
:100030002C3107F59872A2F5957212785A70D7F89C
:1000400028310133C7F82831D7F82C31981C07F52F
:100050009873A3F595731A7807F59873A3F59873B9
:10006000196800F0B7FC07F59873A3F595731B7832
:10007000D7F828211344C7F8283107F588731822C8
:100080000021184600F0B6FC3F23A7F810310C23DE
:10009000A7F8123107F11003C7F81831D7F8283143
:1000A000C7F81C3107F10F03C7F820310123C7F847
:1000B000243107F588730021184600F059FB0346E8
:1000C000002B01DAFF2304E007F59873A3F2211354
:1000D0001B78184607F59877BD4680BD80B5CCB033
:1000E00000AF024607F59873A3F229131A7007F5BB
:1000F0009873A3F595730A461A7007F11003C7F8B1
:100100002C3107F59873A3F2211300221A700023F3
:10011000C7F82831D7F82C3107F59872A2F22912C6
:1001200012781A70D7F828310133C7F82831D7F878
:100130002C3107F59872A2F5957212785A70D7F89B
:1001400028310133C7F8283107F5887318220021B8
:10015000184600F04FFC3F23A7F810310F23A7F8F3
:10016000123107F11003C7F81831D7F82831C7F852
:100170001C3107F10F03C7F820310123C7F82431E0
:1001800007F588730021184600F0F2FA0346002BA9
:1001900001DAFF2304E007F59873A3F221131B781B
:1001A000184607F59877BD4680BD80B5CCB000AF46
:1001B000024607F59873A3F595731A8007F11003AB
:1001C000C7F82C3107F59873A3F2211300221A7097
:1001D0000023C7F82831D7F82C3107F59872A2F51B
:1001E000957212881A80D7F828310233C7F828315F
:1001F00007F5887318220021184600F0FBFB3F2307
:10020000A7F810311823A7F8123107F11003C7F827
:100210001831D7F82831C7F81C3107F10F03C7F898
:1002200020310123C7F8243107F5887300211846CF
:1002300000F09EFA0346002B01DAFF2304E007F5E5
:100240009873A3F221131B78184607F59877BD46DB
:1002500080BD80B588B000AF0023FB7107F10803B3
:1002600018220021184600F0C5FB03233B8103231D
:100270007B81FB1DBB610123FB6107F108030021AA
:10028000184600F075FA0346002B01DAFF2300E060
:10029000FB7918462037BD4680BD90B5CDB000AF84
:1002A00004460846114607F59873A3F59573224650
:1002B0001A8007F59873A3F5967302461A8007F51E
:1002C0009873A3F597730A461A8007F11003C7F8CD
:1002D0002C3107F10C0303220021184600F08AFBA1
:1002E0000023C7F82831D7F82C3107F59872A2F50A
:1002F000957212881A80D7F828310233C7F828314E
:10030000D7F82C3107F59872A2F5967212885A80A8
:10031000D7F828310233C7F82831D7F82C3107F540
:100320009872A2F5977212889A80D7F82831023312
:10033000C7F8283107F5887318220021184600F005
:1003400059FB0823A7F810312223A7F8123107F12F
:100350001003C7F81831D7F82831C7F81C3107F156
:100360000C03C7F820310323C7F8243107F588733D
:100370000021184600F0FCF90346002B01DAFF23A8
:100380000DE007F59873A3F592731B78002B05D049
:1003900007F59873A3F592731B7800E000231846C5
:1003A00007F59A77BD4690BDB0B5CCB000AF054615
:1003B0000C461046194607F59873A3F595732A461F
:1003C0001A8007F59873A3F5967322461A8007F5ED
:1003D0009873A3F5977302461A8007F59873A3F5EF
:1003E00098730A461A8007F11003C7F82C3107F5F5
:1003F0009873A3F2211300221A700023C7F8283142
:10040000D7F82C3107F59872A2F5957212881A80E8
:10041000D7F828310233C7F82831D7F82C3107F53F
:100420009872A2F5967212885A80D7F82831023352
:10043000C7F82831D7F82C3107F59872A2F59772D2
:1004400012889A80D7F828310233C7F82831D7F8B4
:100450002C3107F59872A2F598721288DA80D7F8D5
:1004600028310233C7F82831D7F82C31B7F84021AA
:100470001A81D7F828310233C7F82831D7F82C3140
:10048000B7F844215A81D7F828310233C7F8283108
:10049000D7F82C31B7F848219A81D7F828310233A0
:1004A000C7F82831D7F82C3197F84C219A73D7F830
:1004B00028310133C7F82831D7F82C3197F850216B
:1004C000DA73D7F828310133C7F8283107F5887374
:1004D00018220021184600F08DFA3F23A7F81031AA
:1004E0004FF4C173A7F8123107F11003C7F81831A0
:1004F000D7F82831C7F81C3107F10F03C7F82031AE
:100500000123C7F8243107F588730021184600F04D
:100510002FF90346002B01DAFF2304E007F5987357
:10052000A3F221131B78184607F59877BD46B0BD96
:1005300080B586B000AFEFF31083FB60FB687B6192
:1005400072B600BFBB1C1946124800F0CBFFBB1CA3
:100550001946104801F0B5F838613B69002B0CD002
:100560007B69BB60BB6883F3108800BF7B880A4A45
:1005700019463869F0F76BFE08E0084B01221A7043
:100580007B697B607B6883F3108800BF00BF1837EE
:10059000BD4680BD3C260020310501082900002011
:1005A00080B582B002AFF0F74CFE02230093002327
:1005B0004FF480520349044800F03CFD00BFBD46A3
:1005C00080BD00BF5C2600203C26002080B584B0A2
:1005D00000AFF860B9607A607A68B968F86800F0CE
:1005E00005F8034618461037BD4680BD80B58AB071
:1005F00000AFF860B9607A6000237B62EFF310838C
:10060000BB61BB693B62FB68B3F1FF3F02D10023D2
:100610007B6237E0FB68012B06D0FB68022B03D01E
:100620004FF0FF337B622DE07B68002B2AD07B6884
:100630007B6272B600BF7B689AB20123B968144826
:1006400000F02AFDF861FB69002B15D0114B1B78D7
:10065000DBB2002B10D00F4B00221A703B6A7B617B
:100660007B6983F3108800BF7B689BB20A4A1946F6
:10067000F869F0F7ECFD05E03B6A3B613B6983F309
:10068000108800BF7B6A18462837BD4680BD00BF72
:100690003C260020290000203105010880B582B0E9
:1006A00000AF786039603B685B68084A1360084AAD
:1006B0007B68D361064800F079F93B681B681846EF
:1006C00000F0DAF800BF0837BD4680BD8436002050
:1006D0005C36002080B584B000AF224800F0FCFBFF
:1006E0000346002B2BD1204B1B78002B27D007F182
:1006F0000C0319461B4800F07EFC1C4BDB69002BE9
:100700000CD0FB68BB6001233B71184BDB693A1DC1
:10071000104698473A79144B1A7002E0124B0122A6
:100720001A70114B1B78002B04D0FB68184601F09F
:1007300045FB04E0FB6819460A4800F0EFFB094856
:1007400000F0CAFB0346002B07D1074B1B78002B98
:1007500003D00448F8F776F800BF00BF1037BD4655
:1007600080BD00BF000200200C0200205C3600208B
:1007700080B588B000AF78600B46FB70002000F0B9
:10078000D1F80023FB777B685B881BB2C3F30903B6
:100790001AB27B681B881BB29B021BB213431BB2AD
:1007A000BB83334B01221A707B68DB68D9B27B684C
:1007B0009A68BB8B184600F08FF84EE048F2E800CC
:1007C000F8F757F843E007F10C031946294800F001
:1007D00012FCFB685B7A0F2B14D1FB680B333B6177
:1007E0003B695B889BB2BA8B9A4204D17B681B69D8
:1007F0003A6912781A703B695B78002B27D0012385
:10080000FB7724E0FB680B33BB61BB69B3F80130B5
:100810009BB2BA8B9A4214D1FB689B7A033BFB755F
:100820007B685A69FB7D9A42A8BF1A467B685A6169
:100830007B681869BB69D91C7B685B691A4602F042
:10084000C0FEBB691B78002B01D00123FB77094850
:1008500000F042FB0346002BB5D0FB7F002BADD050
:10086000012000F05FF8002318462037BD4680BD08
:10087000883600207C36002080B586B000AF7860D6
:100880000F4800F019FB0F4A7B6813600E4800F018
:1008900013FB0E4B01221A700D4B1B68002B0AD064
:1008A0007B683B610B4BBB60094B1B6807F108027F
:1008B0001046984700BF00BF1837BD4680BD00BF37
:1008C0007C36002008020020000200200C020020DC
:1008D0005C3600206509010880B582B000AF034690
:1008E0003A60FB800B467B710C4B1B68FA88A3F8BF
:1008F00009200A4B1B687A79DA72084B1B680C33A3
:100900007A793968184602F05CFE054B1B690021B4
:100910000020984700BF0837BD4680BD0802002070
:100920005C36002080B582B000AF0346FB71FB79D6
:10093000002B08D10A4B1B68002B0DD0084B1B68FD
:100940000020984708E0064B1B68002B04D0044B9E
:100950001B680120984700BF00BF0837BD4680BD17
:100960008436002080B582B000AF78607B685B7A07
:100970000F2B03D07B685B7A0E2B07D1796809486F
:1009800000F0F2FA0020F7F769FF06E07968064800
:1009900000F0EAFA0448F7F755FF00BF0837BD46F4
:1009A00080BD00BF7C3600200002002080B483B0F0
:1009B00000AF78607B68054A1A607B68044A1A6158
:1009C00000BF0C37BD465DF8047B70472D1B010846
:1009D000951B010880B584B000AFF860B9607A60FB
:1009E0007A68B968F86802F0ECFD034618461037DB
:1009F000BD4680BD80B584B000AFF860B9607A6054
:100A00007A68B968F86802F04DFD03461846103759
:100A1000BD4680BD80B485B000AF0346FB710F4B6F
:100A2000FB6002E0FB68083BFB60FB6807331B7858
:100A3000FA799A4203D0FB68094A9342F2D1FB68E3
:100A400007331B78FA799A4201D00023FB60FB68D8
:100A500018461437BD465DF8047B7047F873FF1FD6
:100A60000070FF1F80B588B000AF786007F10C03FD
:100A7000FB617B6803F10C02FB6937214FF666408E
:100A800000F04CF9FB690B33DB7818462037BD4684
:100A900080BD80B588B000AF786007F10C03FB61C2
:100AA0007B6803F10C02FB690F214FF6684000F0F0
:100AB00035F9FB690B33DB7818462037BD4680BD1E
:100AC00080B588B000AF786007F10C03FB61FB696B
:100AD0007A6810214FF6754000F020F9FB690B335E
:100AE000DB7818462037BD4680BD000080B48BB04F
:100AF00000AF786000233B610023FB6000237B6232
:100B000000233B620023FB610023BB600023BB6129
:100B100000237B614A4BDB6BC3F30D033B613B69F5
:100B20009B0003F1005303F540331B68BB60BB68B7
:100B30001B68444A93420FD1BB685B697B62BB6808
:100B40009B693B62BB68DB69FB61BB68DB68BB61BF
:100B5000BB681B697B611AE03B699B0003F1005392
:100B600003F54033FB60FB681B681B697B62FB6815
:100B70001B685B693B62FB681B689B69FB61FB68E8
:100B80001B685B68BB61FB681B689B687B617B6A59
:100B90001B0EDAB27B681A707B6A1B0CDAB27B68B8
:100BA0005A707B6A1B0ADAB27B689A707B6A1B09EF
:100BB000DBB203F00F03DAB27B68DA707B6ADBB278
:100BC00003F00F03DAB27B681A713B6A1B0EDAB2CC
:100BD0007B685A713B6A1B0CDAB27B689A713B6A7C
:100BE0001B0ADAB27B68DA713B6ADAB27B681A7286
:100BF000FB69DAB27B685A72BB691B0EDAB27B689A
:100C00009A72BB691B0CDAB27B68DA72BB691B0A89
:100C1000DAB27B681A737B691B0EDAB27B685A738F
:100C20007B691B0CDAB27B689A737B69DAB27B68EA
:100C3000DA73002318462C37BD465DF8047B7047F5
:100C400000400058B95646A980B582B000AF786020
:100C500039603B685B68084A1360084A7B68D36167
:100C6000064800F015F93B681B68184600F098F834
:100C700000BF0837BD4680BDAC3600208C36002052
:100C800080B584B000AF224800F026F90346002B5F
:100C90002BD1204B1B78002B27D007F10C031946D2
:100CA0001B4800F0A8F91C4BDB69002B0CD0FB683B
:100CB000BB6001233B71184BDB693A1D1046984716
:100CC0003A79144B1A7002E0124B01221A70114B40
:100CD0001B78002B04D0FB68184601F06FF804E085
:100CE000FB6819460A4800F019F9094800F0F4F8C1
:100CF0000346002B07D1074B1B78002B03D0044879
:100D0000F0F790FE00BF00BF1037BD4680BD00BFAA
:100D100038020020480200208C36002080B584B0C4
:100D200000AFBA607B600346FB810B467B730020FB
:100D300000F068F8174B1B68FA89A3F80920154BD7
:100D40001B687A7BDA72134B1B680C337A7BB968A9
:100D5000184602F036FC104B01221A700F4B1B692B
:100D600000210020984748F2E800F0F773FE7B6806
:100D700003F10800074B1968064B1B689B78033387
:100D80001A4602F01EFC012000F03CF800BF1037AC
:100D9000BD4680BD44020020B03600208C360020C5
:100DA00080B586B000AF7860104A7B681360104849
:100DB00000F082F8012000F025F80E4B01221A7095
:100DC0000D4B1B68002B0CD07B687B610B4BFB60D1
:100DD0000B4B3B61084B1B6807F10C021046984710
:100DE00000BF00BF1837BD4680BD00BF44020020D1
:100DF00038020020480200208C360020550E0108E1
:100E00006D0E010880B582B000AF0346FB71FB791F
:100E1000002B0BD10D4B1B68002B03D00B4B1B6819
:100E2000002098470A4B00221A700BE0084B012261
:100E30001A70064B1B68002B04D0044B1B68012062
:100E4000984700BF00BF0837BD4680BDAC360020C4
:100E50004002002080B582B000AF78600020F0F73B
:100E6000EEFD00BF0837BD4680BD000080B582B0F2
:100E700000AF78607968054800F076F80348F0F72D
:100E8000D1FD00BF0837BD4680BD00BF380200203D
:100E900080B483B000AF78607B68054A1A607B68D5
:100EA000044A1A6100BF0C37BD465DF8047B7047E9
:100EB000491C01089D1C010880B483B000AF786014
:100EC0007B687A681A607B687A685A6000BF0C3762
:100ED000BD465DF8047B704780B487B000AF786092
:100EE000EFF31083FB60FB683B6172B600BF7B6869
:100EF0001B687A689A4202D10123FB7501E0002346
:100F0000FB753B69BB60BB6883F3108800BFFB7D4A
:100F100018461C37BD465DF8047B704780B487B027
:100F200000AF78603960EFF31083FB60FB687B6192
:100F300072B600BF7B681A683B681A603B687A68C3
:100F40005A607B683A681A603B681B683A685A6066
:100F50007B693B613B6983F3108800BF00BF1C378E
:100F6000BD465DF8047B704780B487B000AF786001
:100F70003960EFF31083FB60FB687B6172B600BFE2
:100F80003B687A681A607B685A683B685A607B687D
:100F90003A685A603B685B683A681A607B693B61F3
:100FA0003B6983F3108800BF00BF1C37BD465DF866
:100FB000047B704780B487B000AF7860EFF3108394
:100FC000FB60FB687B6172B600BF7B685B687A6818
:100FD00012681A607B681B687A6852685A607B697D
:100FE0003B613B6983F3108800BF00BF1C37BD46DF
:100FF0005DF8047B704780B586B000AF78603960DB
:10100000EFF31083FB60FB687B6172B600BF7B6807
:101010001A683B681A607B681B681846FFF7CAFFAE
:101020007B693B613B6983F3108800BF00BF1837C1
:10103000BD4680BD80B485B000AFF860B9607A600D
:101040007B80FB68BA681A60FB680022DA60FB6884
:1010500000221A61FB6800225A61FB6800229A6133
:10106000FB687A685A60FB687A881A81FB683A7E66
:101070001A773B7E03F00203002B06D0FB681B8926
:10108000002B02D04FF0FF3300E000231846143746
:10109000BD465DF8047B704780B58EB000AFF86048
:1010A000B9603B601346FB8000233B620023FB8654
:1010B0000023FB770023BB6200237B620023BB7706
:1010C0000023BB83FB681B89002B01D1022300E0B6
:1010D0000023FB77FB685B69002B29D0FB681B8929
:1010E000002B22D1FB681A68FB681B6913441B782C
:1010F0001846FB681A68FB681B69591CFB685B682B
:10110000994206D3FB681969FB685B68CB1A013307
:1011100002E0FB681B69013313441B781B029BB27E
:1011200003449BB202339BB201E0FB681B89FB8640
:10113000FB681B89002B02D0FB681B89FB80FB68C6
:101140001A69FB68DB689A4207D3FB685A68FB6838
:101150001969FB8E0B44D31A00E00023BB61FA88A7
:10116000FB7F13441A463B6802FB03F3BA699A42B9
:101170000BD8FA88FB7F13441A46BB69B3FBF2F124
:1011800001FB02F29B1ADBB200E00023FB75FA7D43
:10119000FB7F9A428CBF01230023DBB2BB77BB7F6E
:1011A000002B08D0FB681B7F03F00103002B02D04B
:1011B000FB7D9BB200E0BB8BBB83BB7F002B08D0C9
:1011C000FB681B7F03F00203002B02D0FB7F9BB266
:1011D00000E0BB8BBB83FB88002B00F07E81FB68AB
:1011E0005A69F988FB7F0B4419463B6801FB03F3FE
:1011F0001A44BB8B1A44FB685B689A4200F26D810B
:101200000023FB624AE1FB681A69FB8E1A44FB6803
:101210005B689A4207D3FB681A69FB8E1A44FB6825
:101220005B68D31A03E0FB681A69FB8E1344FA6803
:101230001361FB681B693B63FB681B89002B30D182
:10124000FB681A683B6B591C39631344FA88D2B2A5
:101250001A70FB685B683A6B9A4204D3FB685B6860
:101260003A6BD31A00E03B6B3B63FB881B0A98B2D6
:10127000FB681A683B6B591C39631344C2B21A707D
:10128000FB685B683A6B9A4204D3FB685B683A6B15
:10129000D31A00E03B6B3B63FB685B699A1CFB68FD
:1012A0005A61FA88FB6859683B6BCB1A934228BF96
:1012B0001346BB62FB88BA6A9A4207D0FB88BA6AB7
:1012C0009A4225D2FB681B7F002B21D1FB681A684C
:1012D0003B6BD018FB88FA6A02FB03F3BA6813442D
:1012E000BA6A194602F06DF9FB685A69BB6A1A447A
:1012F000FB685A6100233B63BB6A7B62FA88BB6A66
:10130000D31ABB62FB7F9AB2FB881344FB86A4E02E
:10131000BB6A002B00F0A180FB681B7F03F0010378
:10132000002B3AD0FB681B89002B0DD1FB681A6893
:101330003B6B023B1344FF221A70FB681A683B6B3D
:10134000013B1344FF221A70FB685A69BB6A1A44B6
:10135000FB685A6100237B62FB88BB6200233B630E
:10136000FB681B89002B6FD1FB681A683B6B591C0B
:1013700039631344BA6AD2B21A70BB6A180AFB689E
:101380001A683B6B591C39631344C2B21A70FB686C
:101390005B699A1CFB685A6156E0FB681B7F03F08F
:1013A0000203002B50D0FB681B89002B4AD1FB683D
:1013B0001A683B6B023B1344BA6AD2B21A70BB6A1A
:1013C000190AFB681A683B6B013B1344CAB21A70D6
:1013D000FB681A683B6BD018FB88FA6A02FB03F3C0
:1013E000BA681344BA6A194602F0EBF8FB685A6906
:1013F000BB6A1A44FB685A61BB6A7B62FA88BB6AA3
:10140000D31ABB62FB689B695A1CFB689A61002374
:101410003B63FB681A683B6B591C39631344BA6A17
:10142000D2B21A70BB6A180AFB681A683B6B591C67
:1014300039631344C2B21A70FB685B699A1CFB687B
:101440005A6101E0002349E0FB7F9AB2BB6A9BB27C
:101450001344FB86FB6800221A61BB6A002B15D07F
:10146000FB681A683B6BD018FB88FA6A03FB02F230
:101470007B6A1344BA681344BA6A194602F0A1F8A9
:10148000FB685A69BB6A1A44FB685A61FB689B692E
:101490005A1CFB689A61FB6A0133FB62FA6A3B687B
:1014A0009A42FFF4B0AEFB681A68FB681969FB7FCB
:1014B0001944FB685B68994207D3FB681969FB7F95
:1014C0001944FB685B68CB1A03E0FB681969FB7F72
:1014D0000B4413443B623B6A00E000231846383754
:1014E000BD4680BD80B485B000AF78603960002310
:1014F0007B720023FB607B681B89002B01D10223D8
:1015000000E000237B7200237B817B685B69002BFA
:1015100000F0CA807B681B89002B20D17B681A6889
:101520007B68DB6813441B7818467B681A687B6805
:10153000DB68591C7B685B68994206D37B68D96875
:101540007B685B68CB1A013302E07B68DB680133A0
:1015500013441B781B029BB203449BB201E07B68DF
:101560001B897B817B681B7F03F00103002B56D016
:101570007B681B7F03F00203002B50D17B894FF661
:10158000FF72934203D17B681B89002B12D07B68CA
:10159000DA687B681B699A4241D97B681B89002BFA
:1015A0003DD07B685A687B68DB68D31A7A681289F9
:1015B000934234D27B685A697B68D9687B685B68E0
:1015C000CB1A1A447B685A617B680022DA607B6818
:1015D0001B89002B20D17B681A687B68DB68134469
:1015E0001B7818467B681A687B68DB68591C7B6827
:1015F0005B68994206D37B68D9687B685B68CB1AC5
:10160000013302E07B68DB68013313441B781B0263
:101610009BB203449BB201E07B681B897B817B68A2
:101620001A687B68D9687B7A19447B685B68994241
:1016300007D37B68D9687B7A19447B685B68CB1ACF
:1016400003E07B68D9687B7A0B441344FB607B68BA
:101650005B6979897A7A0A449A1A7B685A617B684D
:101660005B69002B1BD07B68DA687B891A447B7A24
:101670001A447B685B689A4209D37B68DA687B8985
:101680001A447B7A1A447B685B68D31A05E07B684E
:10169000DA687B891A447B7A13447A68D3607B6862
:1016A0009B695A1E7B689A613B68002B02D03B689D
:1016B0007A891A80FB6818461437BD465DF8047BAA
:1016C000704780B487B000AF786039600023FB7248
:1016D00000237B617B681B89002B01D1022300E082
:1016E0000023FB7200237B820023FB607B685B6925
:1016F000002B00F08E807B68DB68FB607B681B89B9
:10170000002B20D17B681A687B68DB6813441B7848
:1017100018467B681A687B68DB68591C7B685B68C5
:10172000994206D37B68D9687B685B68CB1A013322
:1017300002E07B68DB68013313441B781B029BB219
:1017400003449BB201E07B681B897B827B681B7F23
:1017500003F00103002B47D07B681B7F03F00203DB
:10176000002B41D17B8A4FF6FF72934203D17B68F5
:101770001B89002B12D07B68DA687B681B699A4250
:1017800032D97B681B89002B2ED07B685A687B6816
:10179000DB68D31A7A681289934225D20023FB6052
:1017A0007B681B89002B1CD17B681A68FB6813447B
:1017B0001B7818467B681A68FB68591C7B685B6855
:1017C000994205D37B685B68F968CB1A013301E065
:1017D000FB68013313441B781B029BB203449BB28A
:1017E00001E07B681B897B827B681A68F97AFB6859
:1017F00019447B685B68994206D3F97AFB681944FF
:101800007B685B68CB1A02E0F97AFB680B441344EF
:101810007B613B68002B02D03B687A8A1A807B6927
:1018200018461C37BD465DF8047B704780B400AF96
:1018300000BFBD465DF8047B704780B400AF00BFB9
:10184000BD465DF8047B704780B400AF00BFBD4665
:101850005DF8047B704780B400AF00BFBD465DF803
:10186000047B704780B400AF00BFBD465DF8047BC9
:10187000704780B400AF00BFBD465DF8047B704781
:1018800080B400AF00BFBD465DF8047B704780B4F4
:1018900000AF00BFBD465DF8047B704780B400AF69
:1018A00000BFBD465DF8047B704780B400AF00BF49
:1018B000BD465DF8047B704780B400AF00BFBD46F5
:1018C0005DF8047B704780B400AF00BFBD465DF893
:1018D000047B704780B400AF00BFBD465DF8047B59
:1018E000704780B400AF00BFBD465DF8047B704711
:1018F00080B400AF00BFBD465DF8047B704780B484
:1019000000AF00BFBD465DF8047B704780B400AFF8
:1019100000BFBD465DF8047B704780B400AF00BFD8
:10192000BD465DF8047B704780B500AF044B0022D4
:101930001A77044B00221A7100F006F800BF80BD30
:10194000100200203002002080B500AFFFF76EFFCC
:10195000FFF773FFFFF778FFFFF77DFFFFF782FFC9
:10196000FFF787FFFFF78CFFFFF791FFFFF796FF69
:10197000FFF79BFFFFF7A0FFFFF7A5FFFFF7AAFF09
:10198000FFF7AFFFFFF7B4FFFFF7C0FFFFF7B7FFA9
:10199000FFF7C3FF00BF80BD80B483B000AF7860A5
:1019A000094B1B791946084A7B6842F82130064BDF
:1019B0001B790133DAB2044B1A7100BF0C37BD46F4
:1019C0005DF8047B704700BF3002002080B586B010
:1019D00000AF78607B6801333B610023FB753B6996
:1019E0001B78FF2B3FD13B690233FB60FB681B88F0
:1019F0009BB203F47F43B3F5406F32D100237B7574
:101A00000DE07B7D274A52F82330786898470346DB
:101A1000FB75FB7D002B08D17B7D01337B75214B52
:101A20001B7F7A7D9A42ECD300E000BF0023FB7558
:101A300000237B750DE07B7D1B4A52F823307868CC
:101A400098470346FB75FB7D002B08D17B7D013356
:101A50007B75154B1B797A7D9A42ECD302E000BF6F
:101A600000E000BF00E000BFFB7D022B0FD0022B87
:101A700010DC002B02D0012B06D00BE07868F6F7C3
:101A8000EFF90346BB7508E00123BB7505E00023B1
:101A9000BB7502E00123BB7500BFBB7D184618373C
:101AA000BD4680BD100200203002002080B500AF8E
:101AB000F7F7BCFE00BF80BD80B500AF104B114AE8
:101AC0001A600F4B104A5A600D4B104A9A600C4B2B
:101AD0000F4A1A620A4B0F4A5A62094B0E4ADA60E1
:101AE000074B0E4A1A61064B0D4A5A61044B0D4AC8
:101AF0009A61034B0C4ADA61F7F7ACFE00BF80BD78
:101B0000000003203401032054010320640103205A
:101B1000740103207C010320840103208C01032035
:101B2000A8010320AC010320B801032080B584B0D4
:101B300000AF78607B68FB601148FFF7BDF9114B7F
:101B40005B68BB60FB689A68BB681A60FB68DA6810
:101B5000BB68DA60BB680C4A5A60BB68084A9A6086
:101B6000F7F78EFEFB681B68084A1360FB685B682A
:101B7000074A1360002318461037BD4680BD00BFDA
:101B8000D401032000000320580A0320BC360020A3
:101B9000C036002080B582B000AF78600B467B80F5
:101BA000094B5B681B6801221A72074B5B681B6854
:101BB0001946012000F070F9F7F77CFE0023184663
:101BC0000837BD4680BD00BF0000032080B582B04D
:101BD00000AF1CE03B1D19461248FFF70CFA7B686A
:101BE0005B7A0F2B03D07B685B7A0E2B05D17B6869
:101BF0001946022000F050F904E07B6819460520E0
:101C000000F04AF9084B1B687A6810469847054867
:101C1000FFF762F90346002BDCD000BF0837BD4652
:101C200080BD00BFD4010320BC36002080B500AFCA
:101C30000021042000F030F9024B1B68984700BFD8
:101C400080BD00BFC036002080B584B000AF786092
:101C50007B68FB600D48FFF72FF90D4BDB68BB601D
:101C6000FB689A68BB681A60BB68084A5A60F7F755
:101C700053FEFB681B68074A1360FB685B68064AF3
:101C80001360002318461037BD4680BDDC010320D9
:101C900000000320C4360020C836002080B582B082
:101CA00000AF78600B467B80094BDB681B68102215
:101CB0001A72074BDB681B681946062000F0ECF827
:101CC000F7F744FE002318460837BD4680BD00BF25
:101CD0000000032080B500AF074BDB681B68194686
:101CE000072000F0D9F8054B1B68034AD268126838
:101CF0001046984700BF80BD00000320C436002076
:101D000080B582B000AF0EE03B1D19460B48FFF7CF
:101D100072F97B681946082000F0BEF8084B1B6872
:101D20007A68104698470548FFF7D6F80346002B17
:101D3000EAD000BF0837BD4680BD00BFDC010320EC
:101D4000C836002080B582B000AF78601748FFF732
:101D5000B3F81748FFF7B0F8164B1B69164A136023
:101D6000154B1B687A6892689A60134B1B687A68F7
:101D7000D268DA60104B1B680C4A1A610E4B1B6864
:101D80007A6812681A600C4B1B687A6852685A604D
:101D9000094B1B687A6812695A61074B1B687A689D
:101DA00052699A6100BF0837BD4680BDC401032057
:101DB000B436002000000320CC36002080B582B06D
:101DC00000AF786079680748FFF7CEF8796800209F
:101DD00000F062F80448F7F7FFFD00BF0837BD4682
:101DE00080BD00BFB4360020ED1D010880B582B073
:101DF00000AF0CE03B1D19460A48FFF7FCF80A4B00
:101E00001B691B697A6811461846FFF7ADF805484B
:101E1000FFF762F80346002BECD000BF0837BD4641
:101E200080BD00BFB43600200000032080B500AFA5
:101E30000548FFF741F8054B5B69034A1A60F7F75D
:101E40001DFE00BF80BD00BFCC01032000000320A9
:101E500080B582B000AF08E03B1D19460848FFF787
:101E6000CAF87B68184600F00DF80548FFF734F80B
:101E70000346002BF0D000BF0837BD4680BD00BF31
:101E8000CC01032080B483B000AF786000BF0C3772
:101E9000BD465DF8047B704780B487B000AF034651
:101EA0003960FB71FB79082B4CD801A252F823F062
:101EB000D51E0108F91E0108051F0108FF1E0108B3
:101EC000451F0108191F0108251F01082B1F0108C4
:101ED000391F01083B687B617B695B7AFF2B05D06A
:101EE000FF2B05DC0E2B05D00F2B01E000BF2AE0F5
:101EF00000BF28E000BF26E03B68FB6023E03B68B2
:101F0000BB6020E03B687B617B695B7A0E2B01D074
:101F10000F2B00E000BF16E03B687B617B695B7ABA
:101F2000FF2B10E03B68FB600DE03B683B613B69C9
:101F30005B780E2B00BF06E03B687B617B695B7AB8
:101F4000FF2B00E000BF00BF1C37BD465DF8047BDF
:101F5000704700BF80B400AF054B00221A60054BEC
:101F600000221A6000BFBD465DF8047B704700BFC9
:101F7000D0360020D436002080B487B000AF78601F
:101F80000B46FB70EFF310833B613B697B6172B6DC
:101F900000BFFB78002B08D0012B0ED10D4B1A6827
:101FA0007B6813430B4A136008E07B68DA43094BF4
:101FB0001B681340074A136000E000BF7B69FB60A9
:101FC000FB6883F3108800BF00BF1C37BD465DF877
:101FD000047B7047D436002080B582B000AF1A4B26
:101FE00000221A60194B4FF0FF321A60184B4FF065
:101FF000FF321A60174B00221A60174B00221A603A
:10200000164B00221A6080220021154801F04AFA7E
:1020100000237B600DE0134A7B68002142F83310F7
:10202000104A7B68DB00134400225A607B6801334E
:102030007B607B68002BEED00B4B00221A6000BF48
:102040000837BD4680BD00BFD83600202C000020D8
:1020500030000020DC360020E0360020E43600208E
:10206000E8360020683700207037002080B594B033
:1020700000AF7860894B1B68FB62884B1A687B68ED
:102080001340864A1360864B1B687B64854B1B6834
:102090003B64854B1B68FB63844B1B68BB6312E18D
:1020A0000023FB6402E0FB6C0133FB64804AFB6CA1
:1020B00052F83320FB6B1A40784B1B681340002BFF
:1020C000F1D07B4AFB6C52F83320FB6B1A40734B08
:1020D0001B681340BB64764AFB6CDB0013445A68F0
:1020E000BB6C1340002B06D1714AFB6CDB00134420
:1020F0004FF0FF325A606A4B1B68BB626C4AFB6C44
:10210000DB0013445B68DA436A4B1B681343694A7C
:102110001360684B1B68DB43BA6A1340BB62BA6A40
:10212000BB6C1340002B03D0BA6CBB6A1340BB647A
:10213000BB6A002B02D15F4B00221A605C4AFB6C29
:10214000DB0013445A68BB6C1340184600F043FA96
:1021500003461A46584B1A60EFF31083FB61FB6984
:102160007B6272B600BF544B1B68012202FA03F374
:10217000DA434B4B1B681340494A13600123FB644D
:1021800013E0FB6C013B4A4A52F833104A4B1B6880
:10219000012202FA03F3DA43FB6C013B0A40444993
:1021A00041F83320FB6C013BFB64FB6C002BE8D156
:1021B0007B6ABB61BB6983F3108800BF3E4B1B6821
:1021C000184600F0E9F93C4B1B681F2B78D83A4BB6
:1021D0001B683A4A52F82330002B71D000237B63EE
:1021E0001EE0334A7B6BDB0013445A68324B1B689A
:1021F000012101FA03F3DB431A402D497B6BDB001D
:102200000B445A602A4A7B6BDB0013445A687B6B91
:102210009B0050333B4443F8442C7B6B01337B637E
:102220007B6B002BDDD0244B1B68244A52F82330F3
:10223000984700233B6313E01D4A3B6BDB001344CC
:102240005A683B6B9B0050333B4453F8443C1A4064
:1022500017493B6BDB000B445A603B6B01333B631C
:102260003B6B002BE8D0144B1B68184600F09EF91E
:102270000B4B1B687B640B4B1B683B640A4B1B6856
:10228000FB630A4B1B68BB630B4B1B6801229A4024
:10229000084B1B681343074A136014E0300000200A
:1022A000D8360020DC3600202C000020E03600204C
:1022B0006837002070370020E4360020E836002020
:1022C000002000F07DF97A6CFB6B1A40224B1B68F2
:1022D0001340002B05D03A6CBB6B1340002B3FF42E
:1022E000DFAE1E4B4FF0FF321A601D4B1A683B6C7D
:1022F0001340002B29D100F041F9EFF310837B61EB
:102300007B693B6272B600BF164B1B687B64164B41
:102310001B683B64154B1B68FB637A6CFB6B1A40B4
:102320000D4B1B681340002B07D10D4B1A683B6CFB
:102330001340002B01D1EFF76EFB3B6A3B613B6919
:1023400083F3108800BF00F020F9034AFB6A136092
:1023500000BF5037BD4680BD30000020E43600206D
:10236000E0360020D8360020DC3600202C0000208B
:1023700080B588B000AFF860B9607A60EFF3108381
:102380007B617B69FB6172B600BFF86800F023F9DE
:1023900003461946064A7B6842F82130FB69BB6157
:1023A000BB6983F3108800BF00BF2037BD4680BDE6
:1023B000E836002080B487B000AF78603960EFF372
:1023C0001083FB60FB687B6172B600BF0D4B1A681F
:1023D0007B6813430B4A13600B4A3B6852F8332067
:1023E0007B681A4308493B6841F833207B693B61AD
:1023F0003B6983F3108800BF00BF1C37BD465DF802
:10240000047B7047D83600206837002080B487B03E
:1024100000AF7860EFF31083FB60FB687B6172B6FE
:1024200000BF7B68DA43084B1B681340064A136001
:102430007B693B613B6983F3108800BF00BF1C3799
:10244000BD465DF8047B70472C00002080B487B047
:1024500000AF7860EFF31083FB60FB687B6172B6BE
:1024600000BF094B1A687B681343074A13607B69F6
:102470003B613B6983F3108800BF00BF1C37BD463A
:102480005DF8047B704700BF2C00002080B487B04B
:1024900000AF7860EFF31083FB60FB687B6172B67E
:1024A00000BF094B1A687B681343074A13607B69B6
:1024B0003B613B6983F3108800BF00BF1C37BD46FA
:1024C0005DF8047B704700BFDC36002080B588B023
:1024D00000AF78601F4B1B68BB611E4B1B68B3F1DC
:1024E000FF3F02D10023FB6105E01A4B1B6801226C
:1024F00002FA03F3FB61184B1B687B61164A7B6889
:10250000136003E07968F86900F02AF8134B1A6841
:102510007B681340002BF5D00E4ABB691360EFF3C4
:102520001083BB60BB683B6172B600BF7B68DA4357
:102530000A4B1B681340094A13603B69FB60FB6848
:1025400083F3108800BF044A7B69136000BF203703
:10255000BD4680BDE4360020E0360020DC36002099
:1025600080B582B000AF786039607B68DB43184685
:10257000FFF77CFD00BF0837BD4680BD80B400AFCB
:1025800000BFBD465DF8047B704780B400AF00BF5C
:10259000BD465DF8047B704780B483B000AF7860BF
:1025A00000BF0C37BD465DF8047B704780B483B034
:1025B00000AF786000BF0C37BD465DF8047B704704
:1025C00080B483B000AF0346FB7100BF0C37BD463B
:1025D0005DF8047B704780B485B000AF78607B689D
:1025E000FB60FB68002B01D1202303E0FB68B3FAFA
:1025F00083F3DBB2C3F11F03DBB218461437BD46C9
:102600005DF8047B7047000008B5064B044613B123
:102610000021AFF30080044B1B6803B198472046AC
:10262000F5F751F800000000B4380020024B0146D5
:10263000186800F02DB800BF40000020024B014692
:10264000186801F031BE00BF4000002070B50F4E89
:102650000C463168054611B900F064FF3060214630
:10266000284600F05FFF431C03D14FF0FF342046A3
:1026700070BDC41C24F00304A042F8D0211A2846DF
:1026800000F050FF0130F2D1EFE700BF74370020B7
:102690002DE9F843CD1C25F0030508350C2D38BF76
:1026A0000C25002D064601DBA94204D90C2333601A
:1026B0000020BDE8F883DFF8D48000F069F8D8F88E
:1026C00000301C4644BB29463046FFF7BFFF431C81
:1026D000044658D1D8F800402746002F43D1002C9B
:1026E0004BD023683946304604EB030900F01AFF4B
:1026F000814542D121686D1A29463046FFF7A6FF71
:1027000001303AD023682B442360D8F800305A684F
:1027100062BBC8F800700FE02268521B20D40B2A5D
:1027200017D96119A342256018BF5960636808BFB3
:10273000C8F8001062514B60304600F02FF804F1E9
:102740000B00231D20F00700C21A1CBF1B1AA35048
:10275000AFE76268A3420CBFC8F800205A60EBE7FD
:1027600023466468AEE73C467F68B6E71A465B6876
:10277000A342FBD100235360DEE70C2333603046D5
:1027800000F00CF894E70560D6E700BF783700202A
:10279000014800F014BF00BFBC380020014800F021
:1027A0000FBF00BFBC3800202DE9FF4757EC106B6E
:1027B000002F0C4619463B46BBBF07F100431F469E
:1027C00000232D230B700D9BDDF830A0914623F0E4
:1027D0002008BCBF32461646B8F1460F05D0B8F106
:1027E000450F00D10134022100E0032103AB019326
:1027F00002AB009347EC106B5346224600F078FF83
:10280000B8F1470F054619D119F0010F0ED000EBB2
:1028100004090022002330463946EEF73DF908B19D
:10282000CDF80C903022039B4B451ED3039B0E9A90
:102830005B1B2846136004B0BDE8F087B8F1460F73
:1028400000EB0409E5D10378302B0AD100220023E4
:1028500030463946EEF720F918B9C4F10104CAF838
:102860000040DAF800309944D3E7591C03911A70FC
:10287000D9E7F7B50029BABF49422D232B230929EF
:102880000270437029DD0DF1070425460A27224610
:10289000B1FBF7F607FB1613303302F8013C0B4689
:1028A000632B04F1FF343146F1DC3031931E04F820
:1028B000011C411C1C46AB420AD30DF109039B1AB3
:1028C000A54238BF0023821C1344181A03B0F0BD80
:1028D00013F8016B01F8016FEDE73023303183709D
:1028E000C170031DF1E700002DE9F04F8DB00C46DB
:1028F000DDF8588016461F46054600F0DBFD0368EC
:1029000006931846EDF79CFC00230A93D8F8003094
:1029100094F818A0D4F800B00790073323F0070309
:10292000B3EC027B8DED047BC8F80030DDE9048355
:1029300023F0004984ED127B9C4B4FF0FF32404660
:102940004946EEF7DBF870BB984B4FF0FF3240463C
:102950004946EEF7B5F830BBDDE90401002200235B
:10296000EEF7A4F810B12D2384F84330904A914B30
:10297000BAF1470F8CBF90469846032323612BF092
:10298000040323604FF00009009733460BAA214649
:10299000284600F0D1F9013040F08C804FF0FF3034
:1029A0000DB0BDE8F08FDDE9042310461946EEF7BF
:1029B000A5F840B1059B804A002BBCBF2D2384F8AD
:1029C00043307E4BD4E763685A1C0AF0DF093BD1E1
:1029D000062363604BF480620023226003930AABFA
:1029E000CDE901A309AB009361689DED040B0DF1E6
:1029F00023032846FFF7D8FEB9F1470F099980460F
:102A000029D1C81C02DB63688B4241DAAAF1020AB1
:102A10005FFA8AFA0139524604F150000991FFF732
:102A200028FF0A9A1318012A8146236102DC2268D2
:102A3000D20701D5013323619DF82330002BA3D0A9
:102A40002D2384F843309FE7B9F1470FC2D1002B03
:102A5000C0D10123BDE7BAF1650FDBD9BAF1660F2A
:102A600018D1002963680BDD216113B92268D007F2
:102A700002D501330B442361A1654FF00009DBE768
:102A800013B92268D20701D50233F4E70123F2E734
:102A90004FF0670A0A9B8B4205DC23682161D80747
:102AA000EAD54B1CE7E70029D4BFC1F1020201229D
:102AB0001344E0E723685A0507D4236942463146A8
:102AC0002846B84701302BD168E7BAF1650F40F2CC
:102AD000DD80D4E9120100220023EDF7DDFF00289C
:102AE00033D0374A012331462846B84701303FF4F6
:102AF00055AFDDE90938434502DB2368D8070FD518
:102B0000DDE9062331462846B84701303FF446AF99
:102B10004FF0000908F1FF3804F11A0AC84509DC32
:102B200023689B0700F10381E0680B9B9842B8BFC4
:102B3000184635E70123524631462846B84701304A
:102B40003FF42CAF09F10109E8E7099B002B39DCC0
:102B50001B4A012331462846B84701303FF41EAFD7
:102B6000DDE9093959EA030302D12368D907D7D52A
:102B7000DDE9062331462846B84701303FF40EAF61
:102B80004FF0000A04F11A0B099B5B42534501DC2C
:102B90004B4693E701235A4631462846B847013051
:102BA0003FF4FCAE0AF1010AEEE700BFFFFFEF7F42
:102BB000E0660108DC660108E8660108E4660108D1
:102BC000EC660108A36DDDF828A05345A8BF534665
:102BD000002B994636DC4FF0000B29EAE97904F125
:102BE0001A02A36D0493A3EB09035B4531DC099B37
:102BF0009A453ADC2368DA0737D4099BAAEB030924
:102C0000049BAAEB03039945A8BF9946B9F1000FAD
:102C100033DC4FF0000829EAE97904F11A0B099B2B
:102C2000AAEB0303A3EB090343457FF779AF012325
:102C30005A4631462846B84701303FF4AFAE08F156
:102C40000108ECE7424631462846B8470130C2D178
:102C5000A4E60123314628460492B84701303FF4E8
:102C60009DAE049A0BF1010BBBE7DDE9062331466B
:102C70002846B8470130C0D190E6049A4B464244FA
:102C800031462846B8470130C3D187E6DDF828A091
:102C9000BAF1010F01DCDB0736D50123424631468C
:102CA0002846B84701303FF479AEDDE906233146C6
:102CB0002846B84701303FF471AED4E91201002232
:102CC00000230AF1FF3AEDF7E7FEC0B9534608F1D9
:102CD000010231462846B84701300CD15EE6012397
:102CE0005A4631462846B84701303FF457AE08F1FE
:102CF0000108D045F3DB4B4604F15002DFE64FF00C
:102D0000000804F11A0BF4E701234246E1E701232E
:102D10004A4631462846B84701303FF43FAE08F1F5
:102D20000108E3680B995B1A4345F0DCFCE64FF0C1
:102D3000000804F11909F4E72DE9F0471646984612
:102D40008A680B69DDF820909342B8BF1346336060
:102D500091F8432007460C460AB1013333602368DB
:102D6000990642BF336802333360256815F00605C3
:102D700006D104F1190AE36832689B1AAB4226DCDB
:102D800094F843302268003B18BF012392062BD4ED
:102D900004F1430241463846C84701301ED023683B
:102DA000226903F00603042B02BFE5683368ED1ABD
:102DB000A3680CBF25EAE57500259342C4BF9B1AA2
:102DC000ED1800261A34B5421AD1002008E001237C
:102DD000524641463846C847013003D14FF0FF30D4
:102DE000BDE8F0870135C6E7E1185A1C302081F8AC
:102DF0004300224494F8451082F843100233C7E799
:102E00000123224641463846C8470130E6D0013604
:102E1000D9E700002DE9F0430D7E85B0782D90466E
:102E20000C9E07460C46994601F1430207D8622DD5
:102E30000AD8002D00F0D780582D00F0BC8004F196
:102E4000420684F842503BE0A5F16303152BF6D807
:102E500001A151F823F000BFB12E0108C52E0108D1
:102E60003F2E01083F2E01083F2E01083F2E01088A
:102E7000C52E01083F2E01083F2E01083F2E0108F4
:102E80003F2E0108CD2F0108EF2E01087F2F0108EA
:102E90003F2E01083F2E0108EF2F01083F2E0108A9
:102EA000EF2E01083F2E01083F2E0108872F010851
:102EB00033681A1D1B68326004F1420684F8423000
:102EC0000123A1E033682068191D3160060601D591
:102ED0001D6803E04506FBD5B3F90050002D03DA69
:102EE0002D236D4284F843305B480A2311E02168AA
:102EF0003368080653F8045B02D4490648BFADB2F4
:102F00003360237E54486F2B5CD10823002184F862
:102F100043106668A660002E05DB21682E4321F071
:102F20000401216050D01646B5FBF3F103FB115CA0
:102F300010F80CC006F801CDAC4663450D46F3D938
:102F4000082B0BD12368DB0708D5236961689942F8
:102F5000DEBF302306F8013C06F1FF36921B2261EA
:102F6000CDF80090434603AA21463846FFF7E4FE19
:102F700001304ED14FF0FF3005B0BDE8F08323683B
:102F800043F0200323603548782584F845502368B2
:102F9000316813F0800F51F8045B03D113F0400F38
:102FA00018BFADB23160D90744BF43F0200323609E
:102FB0001DB11023AAE72848E7E7236823F0200380
:102FC0002360F6E70A23A1E71646B9E733682568C8
:102FD0006169181D30602E061B6801D5196002E07A
:102FE0006806FBD51980002323611646B8E73368CD
:102FF0001A1D32601E68626800213046EDF7D0F875
:1030000008B1801B606063682361002384F843304B
:10301000A6E72369324641463846C8470130A9D061
:1030200023689B0713D4E068039B9842B8BF1846F7
:10303000A2E70123324641463846C847013099D0BD
:103040000135E36803995B1AAB42F2DCEBE700253C
:1030500004F11906F5E700BFEE660108FF660108F6
:10306000002310B50446C0E90033C0E9043383608F
:1030700081814366C2818361194608225C3000F079
:1030800011FA0D4B63620D4BA3620D4BE3620D4BC6
:1030900023630D4B24629C4206D003F168029442E4
:1030A00002D0D0339C4205D104F15800BDE8104055
:1030B00000F084BA10BD00BFD9320108FB3201080C
:1030C00033330108593301087C370020024A034991
:1030D000034800F06BB800BF34000020CD4D01085C
:1030E0004400002041680C4B994210B5044601D0C1
:1030F00001F06CFEA168094B994202D0204601F014
:1031000065FEE168064B994204D02046BDE81040B8
:1031100001F05CBE10BD00BF7C370020E43700200A
:103120004C3800200C4B0D4A0D4810B504211A6094
:103130000022FFF795FF0A4B01221C46092103F1EB
:103140006800FFF78DFF04F1D0000222BDE81040B7
:103150001221FFF785BF00BFB4380020CD30010831
:103160007C370020014800F02ABA00BFBD3800209B
:10317000014800F025BA00BFBD38002010B5044654
:10318000FFF7F0FF236A1BB1BDE81040FFF7F0BF67
:10319000044B2362044B1B68002BF5D1FFF7C2FFE1
:1031A000F2E700BFE5300108B43800202DE9F8430C
:1031B0000746884614460026D4E90195B9F101096D
:1031C00005D52468002CF7D13046BDE8F883AB89DB
:1031D000012B07D9B5F90E30013303D02946384603
:1031E000C04706436835E9E70FB407B5064904ABA5
:1031F000086853F8042B8168019301F051FC03B077
:103200005DF804EB04B0704740000020024B01461B
:103210001868826801F05FBE40000020036A70B544
:10322000846805460E460BB9FFF7A8FF636EDB07FF
:1032300005D4A389980502D4A06D00F0C0F9A38934
:10324000190702D52369002B35D12146284600F005
:10325000C5F880B34FF0FF35636EDA0705D4A38954
:103260009B0502D4A06D00F0ABF9284670BD002B81
:1032700004DAA269934217DB0A2915D023685A1C85
:1032800022601970A36816F8011F013BA360002992
:10329000EDD1002B11DA22460A21284600F060F811
:1032A0000130D7D00A25D7E72246284600F058F843
:1032B0000130E7D1CEE7013EE4E723685A1C2260E3
:1032C0000A221A70EEE70000024B01461868FFF769
:1032D000A5BF00BF4000002010B50C46B1F90E108C
:1032E00000F00EF90028ABBF636DA3891B1823F40F
:1032F0008053ACBF6365A38110BD2DE9F0411F462B
:103300008B89DB0505460C46164605D5B1F90E102E
:103310000223002200F0E2F8A389B4F90E1023F48E
:103320008053A38132463B462846BDE8F04100F079
:1033300009B910B50C46B1F90E1000F0CFF8B4F988
:103340000C30421C0BBF23F4805343F48053A38101
:10335000A38118BF606510BDB1F90E1000F0AEB8C2
:10336000F8B50E461446054618B1036A0BB9FFF7C7
:1033700005FFA369A360A3891A0701D5236943B98F
:103380002146284600F02AF818B14FF0FF3738469A
:10339000F8BD23682269981A6369F6B283423746FA
:1033A00005DC2146284601F011FD0028EDD1A36877
:1033B000013BA36023685A1C22601E706269431C93
:1033C0009A4204D0A389DB07E1D50A2EDFD121463A
:1033D000284601F0FBFC0028D9D0D6E738B5284BA9
:1033E000054618680C4618B1036A0BB9FFF7C6FE0C
:1033F000B4F90C301A0721D4D80607D409222A6060
:1034000043F04003A3814FF0FF3030E0590712D55D
:10341000616B41B104F14403994202D0284600F0A7
:1034200043FF002363630022B4F90C306260226919
:10343000226023F0240343F00803A38122693AB9F0
:103440009A0501D5180603D52146284601F00AFD44
:10345000B4F90C3013F001020AD00022A2606269B4
:103460005242A261226942B913F08000C8D138BD2E
:10347000990758BF6269A260F4E70020F7E700BF30
:103480004000002010B501390244904201D10020D3
:1034900005E0037811F8014FA34201D0181B10BDBD
:1034A0000130F2E702440346934200D1704703F82B
:1034B000011BF9E7004870478001002038B5064D30
:1034C0000023044608462B60F4F725F9431C02D17B
:1034D0002B6803B1236038BDB838002038B5074DDC
:1034E00004460846114600222A601A46F4F73AF9C3
:1034F000431C02D12B6803B1236038BDB8380020CB
:1035000038B5074D04460846114600222A601A467F
:10351000F4F7E4F8431C02D12B6803B1236038BDF3
:10352000B838002038B5064D0023044608462B6005
:10353000F4F726F9431C02D12B6803B1236038BD90
:10354000B838002038B5074D044608461146002219
:103550002A601A46FDF73AF8431C02D12B6803B1E2
:10356000236038BDB8380020014B1868704700BF91
:103570004000002070B50D4B0D4D5B1B9C100026CC
:10358000A64209D101F0AEFD0A4D0B4B5B1B9C100E
:103590000026A64205D170BD55F8043B9847013678
:1035A000EEE755F8043B98470136F2E75C6A0108FC
:1035B0005C6A01085C6A0108606A0108704770472C
:1035C00070470A44914200F1FF3300D1704710B5B3
:1035D00011F8014B03F8014F9142F9D110BD2DE9CB
:1035E000F74F03690C69A34207467EDB013C01F1FA
:1035F0001408A30000F11405009305EB8403019364
:1036000058F8243055F8242001339A4208EB8409F5
:10361000B2FBF3F62ED34FF0000AC446AE46D346B3
:103620005CF8043B98B206FB00A0020C1B0C06FBE6
:103630000323DEF8002080B292B2121A5A44DEF858
:1036400000004FEA134A9BB2C3EB224303EB104343
:1036500092B242EA0342E1454EF8042B4FEA234B73
:10366000DED2009BEB582BB9019B043B9D421A46CE
:103670002FD33C61384601F0DDF8002825DB2946D0
:10368000002058F8042BD1F800C01FFA82FE1FFA60
:103690008CF3A3EB0E030344120CC2EB234202EBA8
:1036A0001C429BB243EA0243C14541F8043B4FEA46
:1036B0002240E6D255F8242005EB840322B9043BCE
:1036C0009D421A460BD33C610136304603B0BDE83B
:1036D000F08F1268043B002ACBD1013CC6E7126888
:1036E000043B002AEFD1013CEAE70020EEE70000AE
:1036F0002DE9F04F99B08DED0E0B0C92C269229C12
:103700000A9157EC106B8146139382B91020FEF793
:103710008DFF0246C9F81C0020B9AB4BEF21AB4826
:1037200001F030FC0023C0E901330360C36011687D
:1037300059B152684A60012393408B60484600F0BB
:103740003BFED9F81C3000221A60B7F10008B5BF63
:1037500001230023236023609D4BBCBF28F0004859
:10376000CDF83C8033EA08031AD1139AC8F3130842
:1037700042F20F7358EA0608136000F06885239B35
:1037800053B9944B21E0944B00930833239A136070
:10379000009819B0BDE8F08F8E4B00930333F5E726
:1037A0009DED0E7B002251EC170B00238DED067B67
:1037B000EDF772F9824650B1139A01231360239BEF
:1037C00013B1239A854B1360854B0093E0E79DED81
:1037D000060B16AA17A9484601F0E0F85FEA18544C
:1037E000169D019079D0079BCDF850A0C3F3130329
:1037F000DDE9060143F07F5343F44013A4F2FF34A4
:1038000019460022774BECF727FD69A3D3E9002383
:10381000ECF7DAFE68A3D3E90023ECF71FFD0646B8
:1038200020460F46ECF766FE65A3D3E90023ECF7CC
:10383000CBFE02460B4630463946ECF70FFD0646F6
:103840000F46EDF771F900228046002330463946D5
:10385000EDF72CF948B14046ECF74CFE32463B46BA
:10386000EDF71AF908B908F1FF38B8F1160F51D879
:103870005D4B03EBC803D3E90023DDE90601EDF757
:1038800015F9002848D008F1FF38002312932D1BAA
:103890006B1E089343BF0023C5F10107089300275F
:1038A000B8F1000F3ADB089BCDF83480434408930D
:1038B000002309930A9B092B62D8052BC4BF043B44
:1038C0000A930A9BA3F10203CCBF00240124032B1B
:1038D00062D8DFE803F05153362B179C2C4404F2D6
:1038E0003243202BC1BFC3F1400308FA03F804F2AE
:1038F000124326FA03F3D6BFC3F1200348EA0300BC
:1039000006FA03F0ECF7E6FD0122A1F1F873013CA1
:10391000149275E70123B9E71290B8E7C8F10003E4
:1039200009930023A7EB08070D93C3E701230B932B
:103930000C9B434405930133012B0493B8BF01232F
:1039400006E001230B930C9B002B28DDCDE904330B
:10395000D9F81C000021042202F114059D4223D94C
:103960004160484600F0EAFC0090002840D11F4B1F
:10397000024640F2AF11D2E60023E3E70023D6E788
:1039800001240023CDE90A344FF0FF33CDE904339D
:10399000002212230C92DBE701230B93F4E70123AF
:1039A000CDE904331A46F5E701315200D4E700BFF0
:1039B00061436F63A787D23FB3C8608B288AC63F35
:1039C000FB799F501344D33F1D67010834670108FA
:1039D0000000F07F1967010810670108ED66010813
:1039E000EC6601080000F83F886801088C67010850
:1039F000D9F81C30009A1A60049B0E2B00F2A180AB
:103A0000002C00F09E80B8F1000F36DD9E4B08F0D0
:103A10000F0203EBC20318F4807FD3E900AB4FEA37
:103A2000281516D0994BDDE90601D3E90823ECF7F8
:103A3000F5FECDE9020105F00F050324934E75B99B
:103A4000DDE9020152465B46ECF7E8FE82468B4612
:103A50002DE09DED067B02248DED027BEEE7E9076C
:103A600008D550465946D6E90023ECF7ADFD0134A0
:103A700082468B466D100836E1E700F0AD80C8F154
:103A80000005814B814E05F00F0203EBC203D3E921
:103A90000023DDE90601ECF797FD2D1182468B46E8
:103AA00000230224002D40F08C80002BCED1129BED
:103AB000002B00F09580764B002250465946ECF7DB
:103AC000F5FF002800F08C80049B002B00F088801C
:103AD000059B002B35DD08F1FF3302935046594614
:103AE0006C4B0022ECF770FD059E82468B4601343C
:103AF0002046ECF7FFFC52465B46ECF765FD664B53
:103B00000022ECF7ABFB0446A1F15075CDE910455E
:103B1000002E69D1614B002250465946ECF79CFBC0
:103B200022462B4682468B46ECF7DEFF002840F00B
:103B30009482224605F1004350465946ECF7B6FF01
:103B400020BB179B002BC0F26081B8F10E0F00F371
:103B50005C814D4B03EBC803D3E900AB0C9B002BFE
:103B600080F2EE80049B002B00F3EA800ED14B4BD9
:103B7000002250465946ECF727FD02460B46DDE988
:103B80000601ECF79DFF002800F06A8200252C4614
:103B90000C9B009EDB43029327460024294648469F
:103BA00000F00AFC002F00F0C1802CB1BC4203D011
:103BB0002146484600F000FC3946484600F0FCFB30
:103BC000B4E0EA0705D5D6E90023ECF7FDFC0134A3
:103BD00001236D10083665E7DDE906AB022466E7D0
:103BE000049ECDF8088083E7274B03EBC60353E917
:103BF00002010B9B002B55D002460B4600202849A2
:103C0000ECF70CFEDDE91023ECF726FB009BCDE979
:103C100010019D191E4659465046ECF785FF044693
:103C2000ECF768FC02460B4650465946ECF714FB8D
:103C30003034DDE9102306F8014B82468B46ECF761
:103C400035FF002872D152465B4611490020ECF73F
:103C500003FBDDE91023ECF729FF002840F0B680D4
:103C6000AE423FF46EAFDDE910010A4B0022ECF7E3
:103C7000ABFC084BCDE91001002250465946ECF749
:103C8000A3FC82468B46C6E7886801086068010885
:103C90000000F03F0000244000001C4000001440E1
:103CA0000000E03FDDE91023ECF78EFC009B009D57
:103CB000CDE910013344159359465046ECF734FFD3
:103CC0000446ECF717FC30340B4602465946504682
:103CD000ECF7C2FA05F8014B159B9D4282468B46D4
:103CE00027D1009B0022DDE910011E44B34BECF705
:103CF000B5FA02460B4650465946ECF7F5FE002849
:103D000064D1DDE91023AD490020ECF7A5FA0246A5
:103D10000B4650465946ECF7C9FE00283FF411AF58
:103D2000334616F8012D302AFAD01E46DDF80880F9
:103D30003AE0A34B0022ECF747FC82468B46BBE7F8
:103D4000009E52465B46DDE90601ECF767FDECF7A5
:103D5000EBFE0746ECF7CEFB52465B46ECF734FC35
:103D600002460B46DDE90601ECF776FA07F1300C66
:103D7000009C06F801CBA6EB040C049C64450246AB
:103D80000B4633D1ECF76AFA52465B4604460D46C1
:103D9000ECF7AAFEC0B952465B4620462946ECF72E
:103DA0007BFE08B1FB070FD40199484600F004FBE5
:103DB0000023139A337008F101031360239B002B37
:103DC0003FF4E6AC1E60E3E4CDF8088033461E46BF
:103DD00013F8012D392A06D1009A9A42F7D1029A96
:103DE00001320292302201321A709FE7744B002296
:103DF000ECF7EAFB02460B46CDE90623002200233E
:103E0000ECF74AFE00289CD0CEE70B9A002A00F07F
:103E1000E3800A9A012A00F3C280149A002A00F073
:103E2000BA8003F23343099D3E46089A01211A44A1
:103E300048461F44089200F073FB044656B1089BA5
:103E4000002B07DDB342089AA8BF3346FF1AF61AC3
:103E5000D31A0893099B0BB30B9B002B00F0C38074
:103E6000002D00F0BD8021462A46484600F018FC8F
:103E7000019A01460446484600F068FB01998246D3
:103E8000484600F099FA099B5B1B099300F0AE804D
:103E9000099A5146484600F003FC0190012148462A
:103EA00000F03EFB0D9B0546002B00F0D7811A4623
:103EB0000146484600F0F4FB0A9B012B054600F33F
:103EC0009D800E9B002B40F094800F9BC3F3130347
:103ED000002B40F08E800F9B23F000431B0D1B0531
:103EE000002B00F08980089B0133013708934FF0C5
:103EF000010A0D9B002B00F0B7812B6905EB8303B2
:103F0000186900F0C1FAC0F12000089B184410F0B5
:103F10001F007ED0C0F12003042B72DD089BC0F18E
:103F20001C000344074406440893002F05DD019953
:103F30003A46484600F010FC0190089B002B05DD36
:103F400029461A46484600F007FC0546129B002BFE
:103F500061D00198294600F06DFC00285BDA08F179
:103F6000FF330293019900230A22484600F046FAE3
:103F70000B9B0190002B00F07981002321460A223F
:103F8000484600F03BFA059B002B044672DC0A9B76
:103F9000022B49DC6EE0169BC3F1360343E7049B1A
:103FA0005D1E099BAB420DDB5D1B049B002BBFF626
:103FB0003BAF049BFE1A002337E700BF0000E03F41
:103FC00000002440099B0D9A0995EB1A1A440D92A2
:103FD000049B3E46002528E7099D0B9C3E462DE7A5
:103FE000DDF804A054E7099A019953E7CDF804A03D
:103FF00054E74FF0000A7CE79A467AE74FF0000A50
:104000007BE792D0089A1C331A441F441E4408923E
:104010008BE70346F6E7049BCDF80880002B23DCF2
:1040200005930A9B022B21DD059B002B7FF4B0AD8D
:1040300029460522484600F0E1F901460546019867
:1040400000F0F8FB00287FF7A3AD009E312306F8AF
:10405000013B029B013302939EE535462C46F4E773
:10406000049DCDF80880F9E7049B05930B9B002B7A
:1040700000F00081002E05DD21463246484600F062
:104080006BFB0446BAF1000F5AD06168484600F055
:1040900055F9064628B9824B024640F2EF21FFF758
:1040A0003EBB22690232920004F10C010C30FFF792
:1040B00088FA01223146484600F04EFB0746009B35
:1040C000009A03F1010B059B134406930E9B03F02A
:1040D000010308930BF1FF33294601980493FFF77E
:1040E0007EFA2146059000F1300A019800F0A2FB0B
:1040F0003A4680462946484600F0B8FBC268064664
:1041000002BB0146019800F095FB02463146484645
:10411000099200F051F9DDE9092342EA0301089B05
:1041200019435E4610D1BAF1390F2BD0B8F1000F08
:1041300002DD059B03F1310A049B83F800A02DE505
:104140002746BCE70122E1E7B8F1000F06DB0A9B36
:1041500048EA0308089B58EA030820D1002AEBDD4F
:1041600001990122484600F0F7FA2946019000F033
:1041700061FB002803DCDFD11AF0010FDCD0BAF1BB
:10418000390FD6D1049A3923137033461E46013BAA
:1041900016F8012C392A52D001321A70FEE4002A96
:1041A00007DDBAF1390FEDD0049A0AF1010313705B
:1041B000F4E4069B0BF801AC5B452AD0019900237F
:1041C0000A22484600F01AF9BC4201904FF0000361
:1041D0004FF00A022146484606D100F00FF9044686
:1041E00007460BF1010B75E700F008F93946044664
:1041F00000230A22484600F001F90746F1E7059B33
:104200005E1E002B009BD8BF00265A1C2746164472
:10421000002401990122484600F09EFA29460190A7
:1042200000F008FB0028B0DC02D11AF0010FACD17D
:1042300033461E4613F8012D302AFAD0AEE4009A18
:104240009A42A3D1029B013302933123AFE7239B10
:10425000002B7FF498AA134BFFF7B7BA0A9B012BE8
:104260007FF72FAEDDF834A001204EE6059B002B32
:104270007FF7D7AE009E01982946FFF7B0F900F10D
:10428000300A009B06F801ABF21A059B9342B6DD9B
:10429000019900230A22484600F0B0F80190EAE7AD
:1042A0008C6701081067010838B50546002941D020
:1042B00051F8043C0C1F002BB8BFE418FEF768FA55
:1042C0001D4A136833B9636014602846BDE838405E
:1042D000FEF764BAA34208D9206821188B4201BFB7
:1042E00019685B6809182160EDE71A465B680BB135
:1042F000A342FAD911685018A0420BD1206801449A
:10430000501883421160E0D118685B68536008441C
:104310001060DAE702D90C232B60D6E72068211859
:104320008B4204BF19685B68636004BF0918216091
:104330005460CAE738BD00BF7837002070B5C46943
:1043400005460E4684B91020FEF770F90446E86170
:1043500028B90246164B17486B2100F013FE0023C4
:10436000C0E901330360C360E36853B9212204212B
:10437000284600F025FEEB69E060DB680BB9002001
:1043800070BD53F8260030B1026843F826200023A0
:10439000C0E90333F4E7012101FA06F4621D92003B
:1043A000284600F00DFE0028E9D0C0E90164EEE7E0
:1043B0001D6701089D67010870B5C66905460C4672
:1043C00076B91020FEF732F90246E86120B9094BB0
:1043D00009488F2100F0D6FDC0E901660660C6607D
:1043E0003CB1EB696268DB6853F82210216043F846
:1043F000224070BD1D6701089D6701082DE9F0414D
:104400000D6907460C461E4601F1140C0020DCF82D
:10441000003099B202FB01611E0C0B0C02FB06334B
:1044200089B2013001EB034185424CF8041B4FEA8D
:104430001346ECDC0EB3A368AB4219DC6168384666
:104440000131FFF77BFF804628B902460C4B0D482F
:10445000BA2100F097FD2269023204F10C019200AA
:104460000C30FFF7AEF821463846FFF7A5FF44466B
:1044700004EB850301355E6125612046BDE8F081CE
:104480008C6701089D670108B0F5803F034636BF81
:10449000030400201020B3F1807F3CBF1B020830D2
:1044A000B3F1805F3CBF1B010430B3F1804F3CBFD0
:1044B0009B000230002B05DB13F0804F00F1010060
:1044C00008BF202070470368024613F007000BD096
:1044D000D90721D4980749BF5B089B0801201360C6
:1044E0005CBF13600220704799B209B91B0C102001
:1044F000D9B209B908301B0A190704BF1B090430D7
:10450000990704BF9B080230D90703D45B0800F168
:10451000010003D0136070470020704720207047CF
:1045200010B50C460121FFF709FF024628B9054BDB
:10453000054840F2451100F025FD01234461036167
:1045400010BD00BF8C6701089D6701082DE9F04F81
:10455000D1F81090D2F810A0D14585B08846144605
:1045600004DB53460C46CA4690469946A3686168E8
:104570000AEB0906B342B8BF0131FFF7DFFE30B9DD
:104580000246454B45484FF4B17100F0FBFC00F189
:10459000140505EB86072B460022BB421FD304F10E
:1045A000140C08F114010CEB8A0301EB890202924E
:1045B0001A1B153A22F0030215349C4288BF0022D0
:1045C0000192029A03918A420CD8002E03DD57F81B
:1045D000043D002B5DD0066105B0BDE8F08F43F8C7
:1045E000042BDAE7B1F800A0BAF1000F24D0E046BE
:1045F000A9464FF0000E58F8042BD9F800401FFAD6
:1046000082FBA4B20AFB0B444FEA124BD9F80020FC
:1046100074444FEA124E0AFB0BE202EB1442A4B2BE
:1046200044EA0244434549F8044B4FEA124EE2D8AB
:10463000019AAA18C2F804E0039AB2F80280043181
:10464000B8F1000F23D02A68E6469146AA464FF0FB
:10465000000BBEF8004008FB04B404EB194492B20E
:1046600042EA04424AF8042B5EF8042BDAF8009080
:104670004FEA124B1FFA89F208FB0B2202EB14429D
:1046800073454FEA124BE4D8019C2C196260043543
:1046900097E7013E99E700BF8C6701089D67010815
:1046A0002DE9F843174612F0030280460D4607D065
:1046B000264C013A002354F82220FFF79FFE0546BE
:1046C000BF103FD0D8F81C4094B91020FDF7AEFFC2
:1046D0000446C8F81C0030B902461D4B1D4840F284
:1046E000B31100F04FFC0023C0E901330360C36045
:1046F000A66846B940F271214046FFF711FF00233A
:10470000A060064603602C464FF0000907F0010345
:104710007F1053B1294632464046FFF717FF214626
:1047200005464046FFF748FE67B1306838B9324663
:1047300031464046FFF70AFF3060C0F80090064659
:104740002C46E3E72846BDE8F88300BF506801081F
:104750001D6701089D6701082DE9F84F0C4649685F
:10476000236903EB6218A368074615464FEA621AED
:1047700008F101094B450BDB3846FFF7DFFD064624
:1047800048B90246294B2A484FF4EF7100F0FAFB72
:1047900001315B00EEE7002300F1140C00F1100280
:1047A0001946534535DB22692AEAEA7A0CEB8A0C72
:1047B00004F1140315F01F0E614603EB82022CD0A6
:1047C000CEF1200A002518688B4600FA0EF0284327
:1047D000CBF8000053F8045B9A4201F1040125FA7A
:1047E0000AF5F0D8131B153B23F0030304F1150160
:1047F0008A4238BF00239C44CCF8045005B9C14616
:104800003846C6F810902146FFF7D6FD3046BDE881
:10481000F88F42F8041F0133C3E753F8045B0D60BF
:104820009A4201F10401F8D8E9E700BF8C6701085A
:104830009D6701080A6903460069801A30B50ED1E8
:104840001433143103EB820401EB820154F8045D4C
:1048500051F8042D954203D005D24FF0FF3030BD02
:10486000A342F3D3FBE70120F9E700002DE9F74F5E
:104870008A460646114650461446FFF7DBFF051EE2
:1048800012D129463046FFF759FD024628B9414B5F
:1048900040F23721404800F075FB0123C0E90435A0
:1048A000104603B0BDE8F08FBCBF5346A246304669
:1048B000DAF80410BABF1C4601250025FFF73EFDBB
:1048C000024618B9334B40F24521E3E7DAF810709D
:1048D0002669C5600AF1140904F1140E00F11405EB
:1048E0000AF1100309EB87080EEB86060193AB462D
:1048F0004FF0000C019B5EF8040B53F804AF0193DA
:104900001FFA8AF3194683B2CB1A000C6344C0EB3A
:104910001A4000EB23409BB243EA004376454BF834
:10492000043B4FEA204CE5D8331B153B153423F0EC
:104930000303A64238BF0023E8184B441C1D043073
:104940002646A5EB0905464506EB050E0ED308F1F4
:104950000301091B21F003010133984538BF0021F1
:10496000014451F8043D9BB1176199E756F8041BC7
:10497000E2464FEA11491CFA81FC514409EB2C49EB
:1049800089B241EA09414FEA294CCEF80010DAE732
:10499000013FE6E78C6701089D6701082DE9F743B1
:1049A0000F46012159EC108B1646FFF7C7FC044651
:1049B00030B90246234B244840F20F3100F0E2FAAE
:1049C000C9F30A55C9F313030DB143F480130193DE
:1049D000B8F1000323D068460093FFF774FD0099F7
:1049E000D8B1019AC0F1200302FA03F30B43C2408D
:1049F00063610192019BA361002B0CBF0122022283
:104A00002261A5B1A5F2334505443D60C0F13500F2
:104A10003060204603B0BDE8F0836161EAE701A899
:104A2000FFF751FD019B636120300122E8E704EBB1
:104A30008203A0F2324038601869FFF725FDC0EB11
:104A40004210E5E78C6701089D6701089368013B08
:104A5000002B10B4936008DA9469A34201DB0A29A1
:104A600003D15DF8044BFEF77BBC1368581C106043
:104A7000197008465DF8044B7047F8B506460F46B6
:104A80001446D518AC4201D1002007E014F8011BF0
:104A90003A463046FFF7DAFF431CF3D1F8BD000079
:104AA0002DE9F0470D469CB014461F46064618B146
:104AB000036A0BB9FEF762FB6B6ED90705D4AB89AD
:104AC0009A0502D4A86DFEF77AFDAB891B0701D5C4
:104AD0002B699BB929463046FEF780FC70B16B6E9E
:104AE000DC0704D54FF0FF301CB0BDE8F087AB8980
:104AF0009805F7D4A86DFEF763FDF3E7002309934B
:104B000020238DF82930039730236A4F8DF82A30FF
:104B10004FF001082346994613F8012B0AB1252AC4
:104B2000F9D1B9EB040A0BD0534622462946304648
:104B3000FFF7A3FF013000F0A480099A52440992C4
:104B400099F80030002B00F09C8000234FF0FF32DA
:104B5000CDE9052309F10109049307938DF853303A
:104B60001A934C46534814F8011B0522EBF718FB27
:104B7000049BD0B9D90644BF20228DF853201A07D0
:104B800044BF2B228DF8532099F800202A2A13D0F5
:104B9000079A4C4600204FF00A0C214611F8013BC1
:104BA000303B092B49D968B913E0C01B08FA00F063
:104BB00018430490A146D4E7039A111D126803918B
:104BC000002A01DB079204E0524243F002030792FD
:104BD000049323782E2B0AD163782A2B32D1039B9E
:104BE0001A1D1B68039243EAE37302340593DFF84E
:104BF000D490217803224846EBF7D2FA38B1049BCF
:104C0000A0EB09004022824013430134049314F8BE
:104C1000011B29488DF828100622EBF7C1FA00285D
:104C20003ED0264818BB039B073323F00703083305
:104C30000393099B034409936CE70CFB02320C4677
:104C40000120AAE700230134059319464FF00A0C0E
:104C5000204610F8012B303A092A03D9002BC6D080
:104C60000591C4E70CFB012104460123F0E703ABE7
:104C700000932A46124B04A93046FDF735FE431C2B
:104C8000D7D16B6ED90705D4AB899A0502D4A86D2C
:104C9000FEF796FCAB895B063FF524AF099823E746
:104CA00003AB00932A46064B04A93046FEF7B2F840
:104CB000E5E700BFF667010800680108E928010878
:104CC0007B4A0108FC670108B1F90C202DE9F0418D
:104CD000160705460C4651D44B68002B02DC0B6CC2
:104CE000002B49DDE66A002E46D0002312F48052E4
:104CF0002F682B6031D0626DA389590705D5636891
:104D0000D21A636B0BB1236CD21A0023E66A216AB4
:104D10002846B047421CB4F90C3006D129681D2939
:104D200046D8294ACA40D60742D500226260D90433
:104D30002269226004D5421C01D12B6803B9606549
:104D4000616B2F60C1B104F14403994202D028463F
:104D5000FFF7AAFA002363630EE0216A01232846C5
:104D6000B0470246501CC7D12B68002BC4D01D2B66
:104D700001D0162B1AD12F6000201EE00F69002FE2
:104D8000FAD093070E6808BF4B690F6018BF002365
:104D9000A6EB07088B60B8F1000FEDDD216AA66A6B
:104DA00043463A462846B047002808DCB4F90C30A0
:104DB00043F04003A3814FF0FF30BDE8F08107448A
:104DC000A8EB0008E7E700BF0100402038B50B69F9
:104DD00005460C4613B90025284638BD18B1036AAC
:104DE0000BB9FEF7CBF9B4F90C30002BF3D0626E9F
:104DF000D00704D4990502D4A06DFEF7E0FB284645
:104E00002146FFF761FF636EDA070546E4D4A38904
:104E10009B05E1D4A06DFEF7D3FBDDE770B50C4632
:104E2000B1F90E10002996B015461E460ADAA1897E
:104E300011F0800113D14FF48062002031602A60AC
:104E400016B070BD6A4600F07BF80028EFDB0199D0
:104E500001F47041A1F5005359425941EBE700219B
:104E60004022EAE78B8973B59E0705460C4607D5B5
:104E700004F14703236023610123636102B070BD25
:104E800001AB6A46FFF7CAFF009E28463146FDF790
:104E9000FFFBB4F90C3038B99A05EFD423F00303C3
:104EA00043F00203A381E3E743F08003A381019B66
:104EB0002060C4E90406002BE0D0B4F90E102846A7
:104EC00000F050F80028D9D0A38923F0030343F061
:104ED0000103A381D2E770B50D461446064618B10A
:104EE000036A0BB9FEF74AF9636ED80705D4A389A4
:104EF000990502D4A06DFEF762FBA368013B002B6D
:104F0000A36005DAA269934212DBEBB20A2B0FD041
:104F100023685A1C22601D70EDB2636EDA0705D457
:104F2000A3899B0502D4A06DFEF74AFB284670BDFD
:104F3000294622463046FEF713FA0546EDE7000003
:104F400038B5074D00230446084611462B60F2F79A
:104F5000EEFB431C02D12B6803B1236038BD00BFB8
:104F6000B838002038B5064D0023044608462B60AB
:104F7000F2F7EDFB431C02D12B6803B1236038BD6F
:104F8000B83800201FB514461A46094B1B68054661
:104F9000D8684CB1074B0091CDE9013406492B4646
:104FA00000F042F800F052F8044B1C46F3E700BF53
:104FB00040000020116801081E6801084C680108C3
:104FC00070B5A1FB025434B92946FDF761FB0646D2
:104FD00028B9304670BD0C2202600026F9E72A4647
:104FE0002146FEF75FFAF4E782B001B901A942B1A8
:104FF0004BB113780B601278101E18BF012002B05D
:1050000070471046FBE76FF00100F8E703460846DB
:1050100041B1FF2A04D98A221A604FF0FF3070474D
:105020000A700120704700000EB403B5014603ABBF
:10503000054853F8042B00680193FFF731FD02B0D7
:105040005DF804EB03B070474000002008B506206F
:1050500000F02CF80120F2F736FB1F2938B5054681
:105060000C4604D9162303604FF0FF3038BDC26BE5
:1050700012B152F821304BB9284600F031F82246DF
:1050800001462846BDE8384000F018B8012B0AD088
:10509000591C03D1162303600120E7E7002142F8E1
:1050A0002410204698470020E0E70000024B01460C
:1050B0001868FFF7D2BF00BF4000002038B5074D89
:1050C00000230446084611462B60F2F7ECFA431C15
:1050D00002D12B6803B1236038BD00BFB83800206F
:1050E000F2F7D9BAF8B500BFF8BC08BC9E467047C5
:0C50F000F8B500BFF8BC08BC9E46704735
:10510000000000000000000000000000E46301084F
:10511000E4010320E80103202604040057697265B6
:105120006C657373204669726D7761726520766570
:105130007273696F6E2025642E25642E25640A0023
:10514000576972656C657373204669726D77617219
:1051500065206275696C642025640A0046555320F9
:1051600076657273696F6E2025642E25642E256422
:105170000A0000003E3E3D3D20534843495F5355E1
:10518000425F4556545F434F44455F524541445941
:105190000A0D00003E3E3D3D20534843495F5355B4
:1051A000425F4556545F4552524F525F4E4F5449ED
:1051B00046200A0D000000003E3E3D3D205348437E
:1051C000495F5355425F4556545F424C455F4E56CA
:1051D0004D5F52414D5F555044415445202D2D2087
:1051E000424C45204E564D2052414D2048415320BF
:1051F0004245454E20555044415445442042592093
:10520000435055322000000020202020202D205324
:105210007461727441646472657373203D20256CFF
:1052200078202C2053697A65203D20256C640A0083
:105230003D3D3E3E20534843495F5355425F4556EE
:10524000545F4E564D5F53544152545F5752495428
:1052500045203A204E756D6265724F66576F7264D5
:1052600073203D20256C640A000000003E3E3D3D59
:1052700020534843495F5355425F4556545F4E564D
:105280004D5F454E445F57524954450A0D0000009A
:105290003D3D3E3E534843495F5355425F4556545A
:1052A0005F4E564D5F53544152545F4552415345F2
:1052B000203A204E756D6265724F66536563746F58
:1052C0007273203D20256C640A0000003E3E3D3D87
:1052D00020534843495F5355425F4556545F4E56ED
:1052E0004D5F454E445F45524153450A0D00000055
:1052F0003E3E3D3D20534843495F5355425F45562E
:10530000545F4552524F525F4E4F544946205749C1
:10531000544820524541534F4E202578200A0D0015
:105320003E3E3D3D20534843495F5355425F4556FD
:10533000545F4552524F525F4E4F54494620574991
:10534000544820524541534F4E202D204552525F24
:10535000424C455F494E4954200000003E3E3D3DD1
:1053600020534843495F5355425F4556545F455269
:10537000524F525F4E4F544946205749544820528D
:105380004541534F4E202D20424C45204552524F0F
:10539000522000003E3E3D3D20574952454C45536A
:1053A000535F46575F52554E4E494E47200000000E
:1053B0003E3E3D3D204442474D43555F4765745254
:1053C00065766973696F6E49443D20256C78200AC3
:1053D0000D0000003E3E3D3D204442474D43555F99
:1053E00047657444657669636549443D20256C785A
:1053F000200A0D003E3E3D3D20534843495F535532
:10540000425F4556545F434F44455F5245414459BE
:10541000202D204655535F46575F52554E4E494EFC
:1054200047200A0D000000003E3E3D3D205348430A
:10543000495F5355425F4556545F434F44455F5261
:1054400045414459202D20554E455850454354451B
:10545000442043415345200A0D00000072656365F6
:10546000697665642025730A0000000053573100F7
:10547000535731204F4B00005357320053573220BF
:105480004F4B000053573300535733204F4B00000E
:105490004E4F54205245434F474E495A45442043AE
:1054A0004F4D4D414E44203A2025730A0000000024
:1054B00020204661696C2020203A20534843495FF0
:1054C00043325F424C455F496E697420636F6D6D76
:1054D000616E642C20726573756C743A2030782587
:1054E0003032780A0D000000202053756363657325
:1054F000733A20534843495F43325F424C455F490A
:105500006E697420636F6D6D616E640A0D0000003A
:1055100020204661696C2020203A206163695F6821
:10552000616C5F7365745F726164696F5F616374FE
:1055300069766974795F6D61736B20636F6D6D61FE
:105540006E642C20726573756C743A2030782578FF
:10555000200A0D002020537563636573733A206140
:1055600063695F68616C5F7365745F726164696FC2
:105570005F61637469766974795F6D61736B2063D1
:105580006F6D6D616E640A0D000000004C45442093
:10559000424C5545204F4646000000002D2D204727
:1055A00041502047454E4552414C20444953434FBA
:1055B000564552592050524F4345445552455F433A
:1055C0004F4D504C455445440A0D00002020466183
:1055D000696C2020203A206163695F6C32636170DE
:1055E0005F636F6E6E656374696F6E5F7061726129
:1055F0006D657465725F7570646174655F72657303
:105600007020636F6D6D616E642C20726573756CB4
:10561000743A2030782578200A0D00002020537538
:1056200063636573733A206163695F6C32636170B1
:105630005F636F6E6E656374696F6E5F70617261D8
:105640006D657465725F7570646174655F726573B2
:105650007020636F6D6D616E640A0D002D2D204109
:105660005454204D5455204E45474F5449415445BC
:10567000443A20256420627974657320287573612B
:10568000626C65207061796C6F61643A20256420DA
:105690006279746573290A0D000000000D0A0D2A55
:1056A0002A20444953434F4E4E454354494F4E20C0
:1056B0004556454E54205749544820534552564567
:1056C00052200A0D0000000020204661696C202055
:1056D000203A206863695F6C655F7365745F64611D
:1056E00074615F6C656E67746820636F6D6D616E69
:1056F000642C20726573756C743A2030782578209C
:105700000A0D00002020537563636573733A2068A7
:1057100063695F6C655F7365745F646174615F6C1E
:10572000656E67746820636F6D6D616E640A0D004D
:105730000D0A0D2A2A2020434F4E4E454354494F0F
:105740004E20434F4D504C455445204556454E54F0
:10575000205749544820534552564552200A0D00BF
:1057600020204661696C2020203A206163695F67D0
:105770006174745F65786368616E67655F636F6E9F
:1057800066696720636F6D6D616E642C207265734E
:10579000756C743A2030782578200A0D00000000DE
:1057A0002020537563636573733A206163695F6793
:1057B0006174745F65786368616E67655F636F6E5F
:1057C00066696720636F6D6D616E640A0D0000008D
:1057D0002D2D20534552564552204445544543549F
:1057E00045440A0D0000000020204661696C20201D
:1057F000203A206163695F6761705F7465726D69EB
:105800006E6174655F6761705F70726F6320636F54
:105810006D6D616E642C20726573756C743A203006
:10582000782578200A0D0000202053756363657386
:10583000733A206163695F6761705F7465726D6957
:105840006E6174655F6761705F70726F6320636F14
:105850006D6D616E640A0D002D2D20444C45205560
:105860005044415445443A204D617854784F637414
:105870006574733D2564204D617852784F6374657B
:1058800074733D25640A0D003D3D3E3E2053746116
:10589000727420426C655F4863695F4761705F475F
:1058A0006174745F496E69742066756E6374696FA4
:1058B0006E00000020204661696C2020203A20689C
:1058C00063695F726573657420636F6D6D616E648B
:1058D0002C20726573756C743A2030782578200A14
:1058E000000000002020537563636573733A2068DD
:1058F00063695F726573657420636F6D6D616E645B
:105900000000000020204661696C2020203A2061C0
:1059100063695F68616C5F77726974655F636F6EFE
:105920006669675F6461746120636F6D6D616E6449
:10593000202D20434F4E4649475F444154415F501C
:1059400055424C49435F414444524553535F4F468F
:10595000465345542C20726573756C743A20307828
:105960002578200A000000002020537563636573CA
:10597000733A206163695F68616C5F77726974650F
:105980005F636F6E6669675F6461746120636F6DEA
:105990006D616E64202D20434F4E4649475F444160
:1059A00054415F5055424C49435F41444452455332
:1059B000535F4F4646534554000000002020507569
:1059C000626C696320426C7565746F6F7468204106
:1059D0006464726573733A20253032783A25303228
:1059E000783A253032783A253032783A2530327894
:1059F0003A253032780A000020204661696C202068
:105A0000203A206163695F68616C5F7772697465D1
:105A10005F636F6E6669675F6461746120636F6D59
:105A20006D616E64202D20434F4E4649475F4441CF
:105A300054415F49525F4F46465345542C2072658E
:105A400073756C743A2030782578200A00000000C5
:105A50002020537563636573733A206163695F68DF
:105A6000616C5F77726974655F636F6E6669675FAB
:105A70006461746120636F6D6D616E64202D2043DD
:105A80004F4E4649475F444154415F49525F4F463C
:105A9000465345540000000020204661696C2020D8
:105AA000203A206163695F68616C5F777269746531
:105AB0005F636F6E6669675F6461746120636F6DB9
:105AC0006D616E64202D20434F4E4649475F44412F
:105AD00054415F45525F4F46465345542C207265F2
:105AE00073756C743A2030782578200A0000000025
:105AF0002020537563636573733A206163695F683F
:105B0000616C5F77726974655F636F6E6669675F0A
:105B10006461746120636F6D6D616E64202D20433C
:105B20004F4E4649475F444154415F45525F4F469F
:105B3000465345540000000020204661696C202037
:105B4000203A206163695F68616C5F7365745F749C
:105B5000785F706F7765725F6C6576656C20636FD8
:105B60006D6D616E642C20726573756C743A2030B3
:105B7000782578200A000000202053756363657340
:105B8000733A206163695F68616C5F7365745F7409
:105B9000785F706F7765725F6C6576656C20636F98
:105BA0006D6D616E6400000020204661696C2020EC
:105BB000203A206163695F676174745F696E69741C
:105BC00020636F6D6D616E642C20726573756C74EB
:105BD0003A2030782578200A0000000020205375F4
:105BE00063636573733A206163695F676174745FAF
:105BF000696E697420636F6D6D616E6400000000F2
:105C00005032505F4300000020204661696C202024
:105C1000203A206163695F6761705F696E69742013
:105C2000636F6D6D616E642C20726573756C743A70
:105C30002030782578200A0020205375636365732F
:105C4000733A206163695F6761705F696E69742090
:105C5000636F6D6D616E640020204661696C202069
:105C6000203A206163695F6761705F7365745F6983
:105C70006F5F6361706162696C69747920636F6DD5
:105C80006D616E642C20726573756C743A20307887
:105C90002578200A00000000202053756363657397
:105CA000733A206163695F6761705F7365745F69F0
:105CB0006F5F6361706162696C69747920636F6D95
:105CC0006D616E640000000020204661696C202038
:105CD000203A206163695F6761705F7365745F611B
:105CE000757468656E7469636174696F6E5F7265FF
:105CF00071756972656D656E7420636F6D6D616E2F
:105D0000642C20726573756C743A20307825782085
:105D10000A0000002020537563636573733A2061A5
:105D200063695F6761705F7365745F6175746865EF
:105D30006E7469636174696F6E5F726571756972A3
:105D4000656D656E7420636F6D6D616E640000003B
:105D500020204661696C2020203A206163695F67DA
:105D600061705F636F6E6669677572655F7768699A
:105D700074656C69737420636F6D6D616E642C2043
:105D8000726573756C743A2030782578200A0000AB
:105D90002020537563636573733A206163695F679D
:105DA00061705F636F6E6669677572655F7768695A
:105DB00074656C69737420636F6D6D616E6400004F
:105DC0003D3D3E3E20456E6420426C655F48636900
:105DD0005F4761705F476174745F496E69742066E4
:105DE000756E6374696F6E0A0D0000004C454420A7
:105DF000424C5545204F4E00200D0A0D2A2A2053B3
:105E0000544152542047454E4552414C2044495339
:105E1000434F5645525920285343414E29202A2AA0
:105E200020200D0A0D0000002D2D20424C455F4121
:105E300070705F53746172745F4C696D69746564EE
:105E40005F446973635F5265712C204661696C65BC
:105E500064200D0A0D0000000D0A0D2A2A2043526D
:105E60004541544520434F4E4E454354494F4E20E3
:105E7000544F20534552564552202A2A20200D0ABD
:105E80000D0000000D0A0D2A2A20474154542053CA
:105E900045525649434553202620434841524143E9
:105EA00054455249535449435320444953434F5650
:105EB00045525920200A0D002A2047415454203AC7
:105EC0002020537461727420536561726368696E37
:105ED00067205072696D61727920536572766963CB
:105EE0006573200D0A0D0000424C455F4354524C2F
:105EF0005F4170705F4E6F74696669636174696F4A
:105F00006E28292C20416C6C20736572766963655C
:105F10007320646973636F76657279204661696C7A
:105F200065642C20726573756C743A20307825781E
:105F3000200D0A0D000000002D2D2050325020436E
:105F40004C49454E5420494E495449414C495A45C3
:105F5000442000002D2D2047415454203A20503237
:105F6000505F534552564943455F55554944204675
:105F70004F554E44202D20636F6E6E656374696FBC
:105F80006E2068616E646C652030782578200A0088
:105F90002D2D2047415454203A2057524954455FF3
:105FA0005555494420464F554E44202D20636F6E71
:105FB0006E656374696F6E2068616E646C65203015
:105FC0007825780A000000002D2D204741545420E8
:105FD0003A204E4F54494649434154494F4E5F433E
:105FE0004841525F5555494420464F554E44202D57
:105FF00020636F6E6E656374696F6E2068616E6496
:106000006C6520307825780A000000002D2D20478F
:10601000415454203A20434C49454E545F43484133
:10602000525F434F4E4649475F44455343524950A0
:10603000544F525F55554944202D20636F6E6E6555
:106040006374696F6E2068616E646C6520307825BA
:10605000780A00002D2D2047415454203A20414316
:10606000495F474154545F50524F435F434F4D5037
:106070004C4554455F56534556545F434F44452065
:10608000000000005075626C6963206B65792072B6
:106090006563656976656420636F6D706C657465B2
:1060A0006C7920282564206279746573290D0A00B3
:1060B000504B5F41434B2073656E740D0000000030
:1060C0004D657373616765207265636569766564A4
:1060D00020636F6D706C6574656C79202825642071
:1060E0006279746573290D0A000000004D53475F03
:1060F00041434B2073656E740D0000005761697455
:10610000696E6720666F72207369676E617475725D
:10611000652E2E2E0D0000005369676E6174757236
:106120006520726563656976656420636F6D706C68
:106130006574656C792028256420627974657329FB
:106140000D0A00005349475F41434B2073656E744D
:106150000D000000766572696669636174696F6E2F
:106160002073746172740D0076657269666963618B
:1061700074696F6E20656E640D000000566572696B
:106180006669636174696F6E2054696D65203D2096
:10619000256C75206D730D0A000000004D6573734A
:1061A000616765206E6F74204368616E6765640D7A
:1061B00000000000566572696669636174696F6EFC
:1061C00020535543434553530D0000005645525F3D
:1061D00041434B2073656E740D0000005761726E71
:1061E000696E673A204D6573736167652063686106
:1061F0006E6765640D0000005665726966696361CB
:1062000074696F6E204641494C45440D0000000002
:106210003D3D3D3D3D3D3D3D3D3D3D3D3D3D3D3DAE
:106220003D3D3D3D3D3D3D3D3D3D3D3D3D3D3D3D9E
:106230003D3D3D3D3D3D3D3D3D3D3D3D3D3D3D3D8E
:106240003D3D3D3D3D3D3D3D3D3D3D3D3D3D3D3D7E
:106250003D3D3D3D3D3D3D3D3D3D3D3D3D3D3D3D6E
:106260003D3D3D0D000000002D2D205032502041BD
:1062700050504C49434154494F4E20434C49454EA0
:1062800054203A20425554544F4E205055534845BF
:1062900044202D20575249544520544F20534552F5
:1062A00056455220000000000A0D00005032505F99
:1062B000444953434F5645525F534552564943450F
:1062C000530000002A2047415454203A2044697367
:1062D000636F76657220503250204368617261634B
:1062E0007465726973746963730000002A20474102
:1062F0005454203A20446973636F76657220446574
:106300007363726970746F72206F66205458202D09
:1063100020577269746520436861726163746572A5
:1063200069737469630000002A2047415454203A7D
:1063300020446973636F7665722044657363726984
:1063400070746F72206F66205278202D204E6F740B
:10635000696669636174696F6E2043686172616325
:106360007465726973746963000000002A204741F4
:106370005454203A20456E61626C652053657276F4
:106380006572204E6F74696669636174696F6E002F
:106390002A2047415454203A2044697361626C6555
:1063A00020536572766572204E6F74696669636109
:1063B00074696F6E000000001200000024000000ED
:1063C0003600000040000000060000000C00000045
:1063D00010000000000000000100000002000000AA
:1063E0000300000000000048010000000000004819
:1063F000010000000000004801000000000000480B
:1064000001000000000000480100000000000048FA
:1064100001000000000000480100000000000048EA
:1064200001000000000000480100000000000048DA
:1064300001000000000000480100000000000048CA
:1064400001000000000000480100000000000048BA
:1064500001000000000000480100000000000048AA
:10646000010000000000004801000000000000489A
:10647000010000000000004801000000000000488A
:10648000010000000000004801000000000000487A
:10649000010000000000004801000000000000486A
:1064A000010000000000004801000000000000485A
:1064B000010000000000004801000000000000484A
:1064C000010000000000004801000000000000483A
:1064D000010000000000004801000000000000482A
:1064E000010000000000004801000000000000481A
:1064F000010000000000004801000000000000480A
:1065000001000000000000480100000000000048F9
:106510000100000000000000010000000000000079
:1065200082800000000000008A80000000000080DF
:1065300000800080000000808B80000000000000D0
:1065400001000080000000008180008000000080C9
:1065500009800000000000808A00000000000000A8
:10656000880000000000000009800080000000009A
:106570000A000080000000008B8000800000000006
:106580008B00000000000080898000000000008077
:1065900003800000000000800280000000000080F6
:1065A00080000000000000800A8000000000000061
:1065B0000A000080000000808180008000000080D0
:1065C00080800000000000800100008000000000CA
:1065D00008800080000000806C7AD8AC5772000000
:1065E000123456789ABCDEF0123456789ABCDEF03B
:1065F000FEDCBA0987654321FEDCBA0987654321C1
:106600002000010002000000100001000200000054
:106610000A0607000100000003000000050000005A
:106620000100000001000000060000000A00000058
:10663000200000000200000004000000080000002C
:106640001000000040000000800000000001000079
:106650000002000000000000000000000000000038
:106660000000000001000000020000000300000024
:1066700004000000A0860100400D0300801A0600FF
:1066800000350C0040420F0080841E0000093D00D0
:1066900000127A000024F40000366E010048E80180
:1066A000006CDC02000000000000000000000000A0
:1066B00000000000010002000400060008000A00BB
:1066C0000C001000200040008000000101010103C7
:1066D000070100000804020408010101494E4600B8
:1066E000696E66004E414E006E616E0030003031C2
:1066F0003233343536373839414243444546003029
:106700003132333435363738396162636465660057
:10671000496E66696E697479004E614E0052454556
:106720004E54206D616C6C6F632073756363656597
:10673000646564002F6275696C642F676E752D74D3
:106740006F6F6C732D666F722D73746D33325F31A2
:10675000342E332E72656C312E3230323531303278
:10676000372D303730302F7372632F6E65776C6939
:10677000622F6E65776C69622F6C6962632F737428
:10678000646C69622F64746F612E630042616C6C8B
:106790006F6320737563636565646564002F62755C
:1067A000696C642F676E752D746F6F6C732D666FD7
:1067B000722D73746D33325F31342E332E72656CEB
:1067C000312E32303235313032372D303730302FB4
:1067D0007372632F6E65776C69622F6E65776C6973
:1067E000622F6C6962632F7374646C69622F6D70C1
:1067F0007265632E6300232D302B2000686C4C00E3
:10680000656667454647004300504F534958002E80
:10681000002C2066756E6374696F6E3A2000617398
:1068200073657274696F6E20222573222066616918
:106830006C65643A2066696C6520222573222C20E1
:106840006C696E65202564257325730A00000000BD
:1068500005000000190000007D000000000000009D
:106860000080E03779C34143176E05B5B5B893464C
:10687000F5F93FE9034F384D321D30F94877825A18
:106880003CBF737FDD4F1575000000000000F03F36
:1068900000000000000024400000000000005940FB
:1068A0000000000000408F40000000000088C3404E
:1068B00000000000006AF8400000000080842E41C3
:1068C00000000000D01263410000000084D797410F
:1068D0000000000065CDCD41000000205FA0024215
:1068E000000000E876483742000000A2941A6D428A
:1068F000000040E59C30A2420000901EC4BCD6427D
:1069000000003426F56B0C430080E03779C3414327
:1069100000A0D8855734764300C84E676DC1AB439D
:10692000003D9160E458E143408CB5781DAF1544BB
:1069300050EFE2D6E41A4B4492D54D06CFF0804496
:10694000F64AE1C7022DB544B49DD9794378EA44AB
:10695000002020202020202020202828282828202F
:106960002020202020202020202020202020202027
:10697000208810101010101010101010101010108F
:10698000100404040404040404040410101010107F
:106990001010414141414141010101010101010149
:1069A000010101010101010101010101101010109B
:1069B000101042424242424202020202020202021B
:1069C000020202020202020202020202101010106F
:1069D0002000000000000000000000000000000097
:1069E00000000000000000000000000000000000A7
:1069F0000000000000000000000000000000000097
:106A00000000000000000000000000000000000086
:106A10000000000000000000000000000000000076
:106A20000000000000000000000000000000000066
:106A30000000000000000000000000000000000056
:106A40000000000000000000000000000000000046
:046A50000000000042
:086A54002C97FE7F01000000F9
:046A5C0065010008C8
:046A600041010008E8
:106A640000040048000400480004004800080048EE
:106A7400000C0048000C004800093D001000000014
:106A840001010000FFFFFFFFFFFFFFFF0000000008
:106A9400030000007C3700204400002000000000B8
:106AA4007C370020E43700204C3800200000000030
:106AB40000000000000000000000000000000000D2
:106AC40000000000000000000000000000000000C2
:106AD40000000000000000000000000000000000B2
:106AE400000000000000000043000000000000005F
:106AF4000000000000000000000000000000000092
:106B0400000000000000000043000000000000003E
:106B14000000000000000000000000000000000071
:106B2400000000000000000043000000000000001E
:106B34000000000000000000000000000000000051
:106B440000000000000000004300000000000000FE
:106B54000000000000000000000000000000000031
:106B640000000000000000004300000000000000DE
:106B74000000000000000000000000000000000011
:106B840000000000000000004300000000000000BE
:106B940000000000000000000000000000000000F1
:106BA400000000000000000043000000000000009E
:106BB40000000000000000000000000000000000D1
:106BC40000000000000000000D500108E94F01081A
:106BD40000000000506901080F6801084C680108B2
:106BE4004C6801084C6801084C6801084C680108AD
:106BF4004C6801084C6801084C6801084C6801089D
:106C0400FFFFFFFFFFFFFFFFFFFFFFFFFFFF00008E
:106C14000100415343494900000000000000000006
:106C24000000000000000000000000000000000060
:106C340000004153434949000000000000000000E7
:106C44000000000000000000000000000000000040
:046C5400000000003C
:106C5800000000000000000000000000000000002C
:106C6800000000000000000000000000000000001C
:106C7800000000000000000000000000000000000C
:0C6C880000000000000000000000000000
:106C940000000000000000000000000000000000F0
:016CA40000EF
:0400000508009AE174
:00000001FF
