:020000040800F2
:1000000000000320BD500108F12C0108FF2C01085D
:10001000072D01080F2D0108172D01080000000011
:100020000000000000000000000000001F2D01087B
:100030002D2D0108000000003B2D0108492D01086D
:10004000115101081151010811510108552D0108E4
:100050001151010811510108E32D0108F12D01088A
:100060001151010811510108D52D01081151010844
:100070001151010811510108612D010811510108A8
:1000800011510108115101081151010811510108C4
:1000900011510108115101081151010811510108B4
:1000A00011510108115101081151010811510108A4
:1000B0001151010811510108115101081151010894
:1000C0001151010811510108115101081151010884
:1000D000752D0108892D01081151010811510108E0
:1000E0001151010811510108115101081151010864
:1000F0009D2D0108A92D0108B52D010811510108F8
:100100001151010811510108115101081151010843
:100110001151010811510108115101081151010833
:100120001151010811510108C12D01081151010897
:0C01300011510108115101081151010882
:1001400010B5054C237833B9044B13B10448AFF311
:1001500000800123237010BD500200200000000029
:100160009C0A020808B5034B1BB103490348AFF3CF
:10017000008008BD00000000540200209C0A020814
:1001800010F8012B11F8013B012A28BF9A42F7D041
:10019000D01A7047000000000000000000000000BE
:1001A00001F0FF01102A2BDB10F0070F08D010F828
:1001B000013B013A8B422DD010F0070F42B3F6D12C
:1001C000F0B441EA012141EA014122F007047FF045
:1001D00000070023F0E80256083C85EA010586EA9C
:1001E000010685FA47F5A3FA87F586FA47F6A5FAD8
:1001F00087F68EB9EED1F0BC01F0FF0102F00702E4
:1002000032B110F8013B013A83EA010313B1F8D18E
:100210000020704701387047002D06BF354603386F
:10022000073815F0010F07D1013015F4807F02BFA8
:10023000013015F4C03F0130F0BC0138704700BFF9
:10024000034613F8012B002AFBD1181A0138704716
:1002500081F0004102E000BF83F0004330B54FEA77
:1002600041044FEA430594EA050F08BF90EA020FE4
:100270001FBF54EA000C55EA020C7FEA645C7FEA77
:10028000655C00F0E2804FEA5454D4EB5555B8BF9A
:100290006D420CDD2C4480EA020281EA030382EA0B
:1002A000000083EA010180EA020281EA0303362D9D
:1002B00088BF30BD11F0004F4FEA01314FF4801C70
:1002C0004CEA113102D0404261EB410113F0004F82
:1002D0004FEA03334CEA133302D0524263EB430339
:1002E00094EA050F00F0A780A4F10104D5F1200ED7
:1002F0000DDB02FA0EFC22FA05F2801841F1000132
:1003000003FA0EF2801843FA05F359410EE0A5F105
:1003100020050EF1200E012A03FA0EFC28BF4CF036
:10032000020C43FA05F3C01851EBE37101F00045EC
:1003300007D54FF0000EDCF1000C7EEB00006EEBF9
:100340000101B1F5801F1BD3B1F5001F0CD3490883
:100350005FEA30004FEA3C0C04F101044FEA4452DA
:1003600012F5800F80F09A80BCF1004F08BF5FEA61
:10037000500C50F1000041EB045141EA050130BD41
:100380005FEA4C0C404141EB0101013C28BFB1F553
:10039000801FE9D291F0000F04BF01460020B1FA9E
:1003A00081F308BF2033A3F10B03B3F120020CDA71
:1003B0000C3208DD02F1140CC2F10C0201FA0CF04F
:1003C00021FA02F10CE002F11402D8BFC2F1200CB4
:1003D00001FA02F120FA0CFCDCBF41EA0C0190406A
:1003E000E41AA2BF01EB0451294330BD6FEA0404B3
:1003F0001F3C1CDA0C340EDC04F11404C4F120029E
:1004000020FA04F001FA02F340EA030021FA04F3AF
:1004100045EA030130BDC4F10C04C4F1200220FA06
:1004200002F001FA04F340EA0300294630BD21FA44
:1004300004F0294630BD94F0000F83F4801306BF0A
:1004400081F480110134013D4EE77FEA645C18BFFE
:100450007FEA655C29D094EA050F08BF90EA020F95
:1004600005D054EA000C04BF1946104630BD91EA8D
:10047000030F1EBF0021002030BD5FEA545C05D190
:100480004000494128BF41F0004130BD14F58004CF
:100490003CBF01F5801130BD01F0004545F0FE4143
:1004A00041F470014FF0000030BD7FEA645C1ABF78
:1004B000194610467FEA655C1CBF0B46024650EAAF
:1004C000013406BF52EA033591EA030F41F40021DB
:1004D00030BD00BF90F0000F04BF0021704730B561
:1004E0004FF4806404F132044FF000054FF0000136
:1004F00050E700BF90F0000F04BF0021704730B5F7
:100500004FF4806404F1320410F0004548BF4042CB
:100510004FF000013EE700BF42004FEAE2014FEA20
:1005200031014FEA02701FBF12F07F4393F07F4FFB
:1005300081F06051704732F07F4208BF704793F0FE
:100540007F4F04BF41F40021704730B54FF4607411
:1005500001F0004521F000411CE700BF50EA010214
:1005600008BF704730B54FF000050AE050EA0102BD
:1005700008BF704730B511F0004502D5404261EB2D
:1005800041014FF4806404F132045FEA915C3FF46E
:10059000D8AE4FF003025FEADC0C18BF03325FEA0B
:1005A000DC0C18BF033202EBDC02C2F1200300FABC
:1005B00003FC20FA02F001FA03FE40EA0E0021FAE1
:1005C00002F11444BDE600BF70B54FF0FF0C4CF4CF
:1005D000E06C1CEA11541DBF1CEA135594EA0C0F81
:1005E00095EA0C0F00F0DEF82C4481EA030621EABC
:1005F0004C5123EA4C5350EA013518BF52EA0335F7
:1006000041F4801143F4801338D0A0FB02CE4FF0A8
:100610000005E1FB02E506F00042E0FB03E54FF0D8
:100620000006E1FB03569CF0000F18BF4EF0010ED0
:10063000A4F1FF04B6F5007F64F5407404D25FEACC
:100640004E0E6D4146EB060642EAC62141EA55517F
:100650004FEAC52040EA5E504FEACE2EB4F1FD0CC1
:1006600088BFBCF5E06F1ED8BEF1004F08BF5FEA3F
:10067000500E50F1000041EB045170BD06F00046F1
:1006800046EA010140EA020081EA0301B4EB5C049E
:10069000C2BFD4EB0C0541EA045170BD41F4801196
:1006A0004FF0000E013C00F3AB8014F1360FDEBFBB
:1006B000002001F0004170BDC4F10004203C35DA97
:1006C0000C341BDC04F11404C4F1200500FA05F31A
:1006D00020FA04F001FA05F240EA020001F00042BB
:1006E00021F0004110EBD37021FA04F642EB060131
:1006F0005EEA430E08BF20EAD37070BDC4F10C045B
:10070000C4F1200500FA04F320FA05F001FA04F21E
:1007100040EA020001F0004110EBD37041F100010A
:100720005EEA430E08BF20EAD37070BDC4F1200515
:1007300000FA05F24EEA020E20FA04F301FA05F27D
:1007400043EA020321FA04F001F0004121FA04F225
:1007500020EA020000EBD3705EEA430E08BF20EAF5
:10076000D37070BD94F0000F0FD101F0004640002F
:1007700041EB010111F4801F08BF013CF7D041EAB1
:10078000060195F0000F18BF704703F000465200B5
:1007900043EB030313F4801F08BF013DF7D043EA86
:1007A0000603704794EA0C0F0CEA135518BF95EA3C
:1007B0000C0F0CD050EA410618BF52EA4306D1D1C3
:1007C00081EA030101F000414FF0000070BD50EAE2
:1007D000410606BF1046194652EA430619D094EA6C
:1007E0000C0F02D150EA013613D195EA0C0F05D156
:1007F00052EA03361CBF104619460AD181EA0301AA
:1008000001F0004141F0FE4141F470014FF0000061
:1008100070BD41F0FE4141F4780170BD70B54FF0FC
:10082000FF0C4CF4E06C1CEA11541DBF1CEA13557C
:1008300094EA0C0F95EA0C0F00F0A7F8A4EB05045E
:1008400081EA030E52EA03354FEA013100F0888055
:100850004FEA03334FF0805545EA131343EA12631E
:100860004FEA022245EA111545EA10654FEA0026D3
:100870000EF000419D4208BF964244F1FD0404F58C
:10088000407402D25B084FEA3202B61A65EB0305E8
:100890005B084FEA32024FF480104FF4002CB6EBA5
:1008A000020E75EB030E22BFB61A754640EA0C0025
:1008B0005B084FEA3202B6EB020E75EB030E22BF65
:1008C000B61A754640EA5C005B084FEA3202B6EBA6
:1008D000020E75EB030E22BFB61A754640EA9C0065
:1008E0005B084FEA3202B6EB020E75EB030E22BF35
:1008F000B61A754640EADC0055EA060E18D04FEAF3
:10090000051545EA16754FEA06164FEAC30343EA92
:1009100052734FEAC2025FEA1C1CC0D111F4801F5F
:100920000BD141EA00014FF000004FF0004CB6E758
:1009300011F4801F04BF01430020B4F1FD0C88BFF7
:10094000BCF5E06F3FF6AFAEB5EB030C04BFB6EB02
:10095000020C5FEA500C50F1000041EB045170BDF5
:100960000EF0004E4EEA113114EB5C04C2BFD4EB22
:100970000C0541EA045170BD41F480114FF0000EA6
:10098000013C90E645EA060E8DE60CEA135594EA22
:100990000C0F08BF95EA0C0F3FF43BAF94EA0C0F25
:1009A0000AD150EA01347FF434AF95EA0C0F7FF49A
:1009B00025AF104619462CE795EA0C0F06D152EAEE
:1009C00003353FF4FDAE1046194622E750EA4106D2
:1009D00018BF52EA43067FF4C5AE50EA41047FF4E3
:1009E0000DAF52EA43057FF4EBAE12E74FF0FF3C48
:1009F00006E000BF4FF0010C02E000BF4FF0010C19
:100A00004DF804CD4FEA410C7FEA6C5C4FEA430C91
:100A100018BF7FEA6C5C1BD001B050EA410C0CBFE0
:100A200052EA430C91EA030F02BF90EA020F002042
:100A3000704710F1000F91EA030F58BF994208BFA9
:100A400090422CBFD8176FEAE37040F00100704766
:100A50004FEA410C7FEA6C5C02D150EA013C07D1BD
:100A60004FEA430C7FEA6C5CD6D152EA033CD3D008
:100A70005DF8040B704700BF8446104662468C4602
:100A80001946634600E000BF01B5FFF7B7FF002835
:100A900048BF10F1000F01BD4DF808EDFFF7F4FF5E
:100AA0000CBF012000205DF808FB00BF4DF808EDE9
:100AB000FFF7EAFF34BF012000205DF808FB00BF0C
:100AC0004DF808EDFFF7E0FF94BF012000205DF82E
:100AD00008FB00BF4DF808EDFFF7CEFF94BF0120E3
:100AE00000205DF808FB00BF4DF808EDFFF7C4FFDC
:100AF00034BF012000205DF808FB00BF4FEA410C25
:100B00007FEA6C5C02D150EA013C0AD14FEA430C07
:100B10007FEA6C5C02D152EA033C02D14FF0000044
:100B200070474FF0010070474FEA410212F5001282
:100B300015D211D56FF47873B3EB625212D94FEA24
:100B4000C12343F0004343EA505311F0004F23FA0E
:100B500002F018BF404270474FF00000704750EA63
:100B6000013005D111F0004008BF6FF00040704720
:100B70004FF00000704700BF53B94AB9002908BFC1
:100B800000281CBF4FF0FF314FF0FF3000F088B954
:100B9000ADF1080C6DE904CE00F006F8DDF804E0D4
:100BA000DDE9022304B070472DE9F047089D0F46A8
:100BB00004468C46002B48D18A42164661D9B2FAC7
:100BC00082F34BB1C3F1200201FA03FC20FA02F2D6
:100BD0009E4042EA0C0C9C404FEA164EB7B2BCFB5A
:100BE000FEF1220C0EFB11CC42EA0C4201FB07F095
:100BF000904209D9B21801F1FF3C80F0EE8090429A
:100C000040F2EB8002393244121AA4B2B2FBFEF079
:100C10000EFB102244EA024400FB07F7A74209D961
:100C2000341900F1FF3280F0DA80A74240F2D78019
:100C30003444023840EA0140E41B00211DB1DC408D
:100C40000023C5E90043BDE8F0878B4206D90DB10A
:100C5000C5E9000100210846BDE8F087B3FA83F139
:100C6000002948D1BB4202D3824200F20781841A94
:100C700067EB030201209446002DE4D0C5E9004C47
:100C8000E1E7002A00F09280B2FA82F3002B40F0F4
:100C9000A8808A1A4FEA164E1FFA86FC0121200C02
:100CA000B2FBFEF70EFB172240EA02420CFB07F0F4
:100CB000904207D9B21807F1FF3802D2904200F2F1
:100CC000E2804746121AA4B2B2FBFEF00EFB1022DD
:100CD00044EA02440CFB00FCA44507D9341900F196
:100CE000FF3202D2A44500F2CB801046A4EB0C04E4
:100CF00040EA0740A2E7C1F120068B4022FA06FC39
:100D00004CEA030C07FA01F420FA06F3F7404FEA25
:100D10001C49234300FA01F81FFA8CFEB7FBF9F0D7
:100D20001C0C09FB107744EA074400FB0EF7A742AE
:100D300002FA01F20AD91CEB040400F1FF3A80F038
:100D40009B80A74240F2988002386444E41B9FB223
:100D5000B4FBF9F309FB134447EA044403FB0EFE1A
:100D6000A64509D91CEB040403F1FF3780F082800B
:100D7000A6457FD9023B644443EA0040A4EB0E043D
:100D8000A0FB02E7BC427346B94663D360D05DB1B5
:100D9000B8EB030264EB090404FA06F622FA01F345
:100DA0001E43CC40C5E9006400214CE762084808B6
:100DB00042EAC1710B0C43EA00438AB242EA0342A1
:100DC000B3FBF6F1E407B4463746B6461F23B0FB43
:100DD000F6F0D21B41EA004161E7614614E7104694
:100DE00028E7C3F1200120FA01F29E4027FA01F121
:100DF0009F403A434FEA164E1FFA86FCB1FBFEF7BE
:100E00000EFB1710110C41EA004107FB0CF8884556
:100E100004FA03F43AD9711807F1FF3001D288457A
:100E20001FD8A1EB0801B1FBFEF808FB0CF70EFB85
:100E3000181192B242EA0142BA422FD2B21808F116
:100E4000FF31C6D2BA42C4D2A8F102013244C0E78F
:100E5000F0459CD2BEEB020367EB0C070138B946A4
:100E600095E7A6EB08084144B81EB1FBFEF808FB65
:100E70000CF7DCE73B467FE7504667E70846FBE6B2
:100E80003444023832E7023F32441BE7A1EB080149
:100E90003846B1FBFEF808FB0CF7C8E7414698E777
:100EA000704700BF80B483B000AF7860064BD3F8C2
:100EB000902005497B681343C1F8903000BF0C3780
:100EC000BD465DF8047B70470008005880B485B0CB
:100ED00000AF78604FF0B043DA6C4FF0B0417B6800
:100EE0001343CB644FF0B043DA6C7B681340FB6074
:100EF000FB6800BF1437BD465DF8047B704780B4C3
:100F000085B000AF78604FF0B043D3F84C214FF07C
:100F1000B0417B681343C1F84C314FF0B043D3F874
:100F20004C217B681340FB60FB6800BF1437BD4653
:100F30005DF8047B704780B500AF14F0E9FA14F057
:100F4000EDFA4FF48030FFF7ADFF1AF0F1FE00F03C
:100F500021F800F0C1F800BF80BD0000B0B588B036
:100F600000AF0B4B3C1D1D460FCD0FC495E807008D
:100F700003C422800234130C23701CF027FC3B1D99
:100F800018461BF078FA00BF2037BD46B0BD00BF41
:100F9000B80A020880B588B000AF3B1D00221A6075
:100FA0005A609A60DA601A610023BB8300237B8356
:100FB00000233B830023FB7736E0FB7F434ADB00C3
:100FC00013449B79002B2CD0FB7F404A52F83330DE
:100FD0003F4A93421BD03E4A934221D8B3F1904FEF
:100FE00003D03C4A934209D01AE0FB7F374ADB002A
:100FF00013449A88BB8B1343BB8312E0FB7F334AB5
:10100000DB0013449A887B8B13437B8309E0FB7FCF
:101010002E4ADB0013449A883B8B13433B8300E04A
:1010200000BFFB7F0133FB77FB7F252BC5D9002356
:10103000FB600123BB6003233B61BB8B002B14D0FF
:10104000BB8B7B600120FFF741FF0120FFF757FFBB
:101050003B1D19464FF0904014F094FFBB8B0022CB
:1010600019464FF0904015F0FDF87B8B002B12D005
:101070007B8B7B600220FFF729FF0220FFF73FFFF9
:101080003B1D1946134814F07DFF7B8B0022194647
:10109000104815F0E7F83B8B002B13D03B8B7B609F
:1010A0000420FFF713FF0420FFF729FF3B1D19461B
:1010B000074814F067FF3B8B00221946044815F0DF
:1010C000D1F800BF00BF2037BD4680BD54210208C3
:1010D000000800480004004880B400AF00BFBD46CF
:1010E0005DF8047B704780B500AF0FF0A1FA00BF38
:1010F00080BD80B584B000AFF8600B467A607B811C
:101100007A897B68F968002009F02CF800BF103755
:10111000BD4680BD80B483B000AF7860074BD3F884
:10112000803023F0070205497B681343C1F8803003
:1011300000BF0C37BD465DF8047B704700040058C3
:1011400080B483B000AF7860064BD3F89020054997
:101150007B681343C1F8903000BF0C37BD465DF883
:10116000047B70470008005880B483B000AF7860FB
:101170004FF0B0430A4AC3F89C204FF0B043D3F875
:101180009C3023F47C527B681B024FF0B041134328
:10119000C1F89C3000BF0C37BD465DF8047B70473A
:1011A000FECAFECA80B483B000AF78604FF0B0438F
:1011B0009B6823F400424FF0B0417B6813438B607F
:1011C00000BF0C37BD465DF8047B704780B400AFAC
:1011D0004FF0B043D3F890304FF0B04243F4803337
:1011E000C2F8903000BFBD465DF8047B704780B404
:1011F00000AF4FF0B043D3F890304FF0B04223F43B
:101200008033C2F8903000BFBD465DF8047B704764
:1012100080B400AF4FF0B043D3F8943003F0806354
:10122000B3F1806F01D1012300E000231846BD46D1
:101230005DF8047B704780B400AF4FF0B043D3F843
:10124000943003F08053B3F1805F01D1012300E0BB
:1012500000231846BD465DF8047B704780B485B016
:1012600000AF78604FF0B0431A6D4FF0B0417B682B
:1012700013430B654FF0B0431A6D7B681340FB605E
:10128000FB6800BF1437BD465DF8047B7047000063
:1012900080B400AF044B1B68C3F30B031846BD4674
:1012A0005DF8047B704700BF002004E080B400AF0D
:1012B000044B1B681B0C9BB21846BD465DF8047BB3
:1012C000704700BF002004E080B483B000AF7860B6
:1012D00039607B685A683B681B041A437B685A6014
:1012E00000BF0C37BD465DF8047B704780B483B007
:1012F00000AF786039607B685A683B681A437B6846
:101300005A6000BF0C37BD465DF8047B704780B45F
:1013100083B000AF786039607B685A693B681B0412
:101320001A437B685A6100BF0C37BD465DF8047BE9
:10133000704780B483B000AF786039607B685A69C9
:101340003B681A437B685A6100BF0C37BD465DF8A5
:10135000047B704780B483B000AF786039607B68ED
:101360003A689A6000BF0C37BD465DF8047B704751
:1013700080B483B000AF786039607B683A689A6166
:1013800000BF0C37BD465DF8047B704780B400AFEA
:10139000054B1B69044A23F00403136100BFBD46DB
:1013A0005DF8047B704700BF00ED00E080B483B0BF
:1013B00000AF78607B68FF225A6200BF0C37BD46E1
:1013C0005DF8047B704780B483B000AF78607B68C1
:1013D000CA225A627B6853225A6200BF0C37BD464C
:1013E0005DF8047B704780B483B000AF78603960EB
:1013F0007B689B6823F007023B681A437B689A600E
:1014000000BF0C37BD465DF8047B704780B500AF68
:10141000044B4FF400421A6100F030F800F070F80D
:1014200000BF80BD0040005880B500AF00F07CF8E0
:1014300000F094F80949002008F0EEFBFFF77BFD6F
:10144000012101201CF068FA00F0EAF900F0F8F937
:1014500000F07AFA00F090F800BF80BD6806002026
:1014600080B400AF00BFBD465DF8047B704780B517
:1014700000AF5020FFF764FE00BF80BD80B500AF15
:1014800000F004F800F01AF800BF80BD80B500AF8E
:10149000FFF7BEFE0346002B0DD0FFF7CCFE034640
:1014A000002B08D114F0B8FF14F0B6FFFFF78EFE42
:1014B000FFF79DFE00BF00BF80BD000080B500AFFC
:1014C0004FF48010FFF7CAFE3F210C48FFF742FFA0
:1014D0003F210A48FFF74CFF3F210848FFF7F4FE81
:1014E0003F210648FFF713FF3F210448FFF7FEFEA8
:1014F0003F210248FFF71DFF00BF80BD000C0058D0
:1015000080B582B000AF00201AF04CFE78607B6896
:10151000002B05D07B689B791846FFF725FE00BF9E
:1015200000BF0837BD4680BD80B500AFFFF798FF0C
:10153000FFF79DFF00F002F800BF80BD80B500AF4F
:101540000548FFF740FF00210348FFF74CFF024822
:10155000FFF72CFF00BF80BD0028004080B500AF22
:101560004FF40040FFF71EFE1CF0C4F90420FFF703
:10157000D1FD00BF80BD000080B588B000AF1BF07A
:101580006BFF114A002140201CF0C2FB0F4B3B6057
:101590000F4B7B603B4619460E481BF047F80E4B3D
:1015A000BB600E4BFB600E4B3B6140F23C537B61DA
:1015B00007F1080318461CF095F81BF047FF00BF21
:1015C0002037BD4680BD00BF65C601083407032033
:1015D000E5150008FD1500084C090320400803200C
:1015E000F801032080B483B000AF0346FB7100BF55
:1015F0000C37BD465DF8047B7047000080B588B0AD
:1016000000AF78607B685B680B33FB61FB691B880C
:101610009BB2A3F51243072B60D801A252F823F026
:10162000411600088316000891160008DD16000810
:10163000AD160008BD160008C5160008D51600082E
:1016400007F10C0318461AF043FF3B7B19467B7BDE
:101650001A46BB7B24481DF097FA3B7C1946234869
:101660001DF092FABB7D1946FB7D1A463B7E204851
:101670001DF08AFA1F481DF087FA786800F070F8AC
:101680002DE01D481DF080FA786800F043F826E050
:101690001A481DF0E9FAFB6902331968FB69023345
:1016A0005B681A4616481DF06FFA18E0FB690233B2
:1016B0001B68194613481DF067FA10E012481DF028
:1016C00063FA0CE0FB6902331B6819460F481DF0F2
:1016D0005BFA04E00E481DF057FA00E000BF00BFBF
:1016E0002037BD4680BD00BFD40A0208F80A0208B0
:1016F000140B02082C0B02084C0B0208700B02089A
:10170000C00B0208E80B0208240C0208480C02086F
:10171000840C020880B584B000AF78607B685B6899
:101720000B33FB60FB680233BB60BB681B78194658
:1017300008481DF029FABB681B78002B03D1064826
:101740001DF092FA03E005481DF08EFA00BF103735
:10175000BD4680BDA80C0208D80C0208140D020872
:1017600080B58AB000AF786007F1080300221A60E4
:101770005A609A60DA6000237B6200233B627B68D8
:101780005B680B33FB61FB690233BB61BB691B7890
:10179000002B28D11D481DF067FAFFF7DFFB0F2350
:1017A0003B727F23BB72FFF781FD7862796A18482C
:1017B0001DF0EAF97B6A9BB2BB82FFF769FD3862D4
:1017C000396A14481DF0E0F93B6A9BB2FB8207F1CD
:1017D000080318461AF066FE11F082FF002101206E
:1017E0001CF09AF80EE0BB691B78012B06D10A4861
:1017F0001DF0CAF97B6800221A7003E007481DF04B
:10180000C3F900BF2837BD4680BD00BF4C0D02089C
:10181000680D02088C0D0208AC0D0208E00D0208EC
:1018200080B500AF002013F08DFC012013F08AFC7E
:10183000022013F087FC012013F0BEFC00BF80BD26
:1018400080B500AF0121002013F0EAFC0121012046
:1018500013F0E6FC0121022013F0E2FC00BF80BD82
:1018600080B584B000AF786013F02EFEB8607B685E
:10187000FB60FB68B3F1FF3F0AD013F03DFE034667
:101880001A46FB681344FB6002E0FFF77FFD30BFA0
:1018900013F01AFE0246BB68D31AFA689A42F4D8CB
:1018A00000BF00BF1037BD4680BD80B500AF4FF010
:1018B000FF301CF0ABF800BF80BD80B400AF00BFAC
:1018C000BD465DF8047B704780B582B000AF78609C
:1018D000002140201CF03EFA00BF0837BD4680BD05
:1018E00080B582B000AF786002201CF09FFA00BF84
:1018F0000837BD4680BD80B582B000AF7860022059
:101900001CF0B4FA00BF0837BD4680BD80B582B078
:1019100000AF0346FB80FB88102B06D0102B0DDC9C
:10192000012B05D0022B06D008E012F01DFA06E0CC
:1019300012F020FA03E012F025FA00E000BF00BF29
:101940000837BD4680BD000080B500AF034B0122C3
:101950000349002008F0CCFB00BF80BD65190008DA
:101960007402002080B500AF154B1B88FF2B1ED8DA
:10197000144B1B780D2B0FD1134914481DF004F99B
:1019800000F028F80E4B00221A804FF480720021DC
:101990000D481DF060FA0AE0094B1B885A1C91B2F1
:1019A000074A11801A46074B1978074B9954084B80
:1019B00001220449002008F09BFB00BF80BD00BF4E
:1019C0007C030020740200207C020020140E020818
:1019D0006519000880B500AF1C491D48FEF7D0FB13
:1019E0000346002B09D11B481DF03EF91A4B1B4A38
:1019F0001A60194814F0A4FA26E019491448FEF7B1
:101A0000BFFB0346002B0AD116481DF02DF9124BDF
:101A10004FF0B0521A60104814F092FA14E01249D4
:101A20000B48FEF7ADFB0346002B09D10F481DF014
:101A30001BF9094B0E4A1A60074814F081FA03E0BB
:101A400003490C481DF0A0F800BF80BD240E020819
:101A50007C020020280E02086C0200200400001600
:101A6000300E0208340E02083C0E0208400E020836
:101A700001000016480E020880B48BB000AFF86079
:101A8000B9607A603B6001223B6802FA03F37B6134
:101A900000237B620CE07B6A5B007A6813441B883E
:101AA000B3F5405F01D9002352E07B6A01337B62CA
:101AB0007A6A7B699A42EED37A691346DB009B1AF5
:101AC0005B000733DB083B61FB68002B01D13B69FE
:101AD0003EE03A69BB689A4201D9002338E0FB68CE
:101AE0003B620023FB610023BB6100237B621EE09D
:101AF000FB699B037A6A520079680A44128813438F
:101B0000FB61BB690E33BB610BE0BB69083BBB618A
:101B1000FA69BB6922FA03F13B6A5A1C3A62CAB2FB
:101B20001A70BB69072BF0DC7B6A01337B627A6A2F
:101B30007B699A42DCD3BB69002B08DDBB69C3F12A
:101B40000803FA6902FA03F3DAB23B6A1A703B69D6
:101B500018462C37BD465DF8047B704780B48FB0C3
:101B600000AFF860B9607A603B6001223B6802FA1E
:101B700003F37B623B6C013B012202FA03F3013B5E
:101B80003B623B6A5B42FB6100237B6316E07A6841
:101B90007B6B134493F900301A46FB69934208DCCF
:101BA0007A687B6B134493F900301A463B6A934280
:101BB00001DA00235FE07B6B01337B637A6B7B6A26
:101BC0009A42E4D37B6A3A6C02FB03F30733DB08E7
:101BD000BB61FB68002B01D1BB694CE0BA69BB68F3
:101BE0009A4201D9002346E0FB683B630023FB6275
:101BF0000023BB6201223B6C02FA03F3013B7B61D1
:101C000000237B6324E0FA6A3B6C9A4079687B6B23
:101C10000B4493F90030DBB219467B690B40134348
:101C2000FB62BA6A3B6C1344BB620BE0BB6A083BC5
:101C3000BB62FA6ABB6A22FA03F13B6B5A1C3A6335
:101C4000CAB21A70BB6A072BF0D87B6B01337B6377
:101C50007A6B7B6A9A42D6D3BB6A002B0AD0BB6AE6
:101C6000C3F10803FA6A02FA03F13B6B5A1C3A63A8
:101C7000CAB21A70BB6918463C37BD465DF8047B92
:101C8000704780B48FB000AFF860B9607A603B6095
:101C90000122BB6802FA03F37B627B6A7A6802FB6B
:101CA00003F30733DB083B623A6A3B6C9A4201D983
:101CB00000235BE03B687B6300233B630023FB6204
:101CC0000023BB6201227B6802FA03F3013BFB6144
:101CD0007B68013B012202FA03F3BB6135E0FB6A3A
:101CE0001A027B6B591C79631B781343FB62BB6A36
:101CF0000833BB6221E0BA6A7B68D31ABB62FA6A16
:101D0000BB6ADA40FB6913407B617A69BB691340A7
:101D10005A427B6913437B61BB695A427B699A4291
:101D200001D1002322E007F1140319683B6B5A1C10
:101D30003A63FA6813444AB21A70BA6A7B689A42E4
:101D400003D33A6B7B6A9A42D5D33A6B7B6A9A4249
:101D5000C5D34FF0FF32BB6A02FA03F3DA43FB6AE2
:101D60001340002B01D0002300E03B6A18463C37AB
:101D7000BD465DF8047B704780B48DB000AFF8605D
:101D8000B9607A603B6001223B6802FA03F3BB61F1
:101D9000FB687B610023FB6216E0FB6A5B007A68EC
:101DA0001344B3F9003013F5006F08DDFB6A5B00E4
:101DB0007A681344B3F90030B3F5006F01DB0023F8
:101DC00081E0FB6A0133FB62FA6ABB699A42E4D3A1
:101DD00000237B6200233B620023BB620023FB6283
:101DE00052E07B6A5B007B62FB6A5B007A681344AB
:101DF000B3F90030FB61FB69002B06DAFB695B423B
:101E0000FB617B6A43F001037B62FB693B617B6A98
:101E1000DB017B623B6903F07F037A6A13437B62D9
:101E20003B69DB093B613B6A08333B623B69013339
:101E30007A6A02FA03F37B627B6A43F001037B62F6
:101E40003A693B6A134401333B6217E03B6A083B43
:101E50003B627B69002B0ED0BA6ABB689A4201D301
:101E6000002330E07A6A3B6A22FA03F17A69BB6A9E
:101E70001344CAB21A70BB6A0133BB623B6A072BB8
:101E8000E4D8FB6A0133FB62FA6ABB699A42A8D3C1
:101E90003B6A002B16D07B69002B10D0BA6ABB6856
:101EA0009A4201D300230EE03B6AC3F108037A6A29
:101EB00002FA03F17A69BB6A1344CAB21A70BB6AA8
:101EC0000133BB62BB6A18463437BD465DF8047BFC
:101ED0007047000080B5B6B000AFF860B9607A60B6
:101EE0003B6001227B6802FA03F3C7F8C030D7F8E1
:101EF000C0305B00C7F8BC30C04A7B6832F8133092
:101F0000C7F8B830D7F8C020D7F8B8301344C7F8AE
:101F1000B4303B68C7F8B0300023C7F8D4307BE05A
:101F200007F11403FA680221184605F05AF93B7DBF
:101F30001B027A7D1343C7F89C30D7F89C30A3F579
:101F4000C043023BDB0F5A1E46F202031340D7F890
:101F50009C20D31AC7F89830D7F89830A3F5C0431F
:101F6000023BDB0F5A1E46F202031340D7F89820BB
:101F7000D31AC7F89830D7F89830A3F54053013BEF
:101F8000DB0F5A1E43F201031340D7F89820D31AEF
:101F9000C7F89830D7F89C30A3F57043053BDB0FAA
:101FA000013BD7F898201343C7F89830D7F8D420CE
:101FB000D7F8C0309A4209D2D7F8D4305B00BA685B
:101FC0001344D7F8982092B21A8020E0D7F8D42092
:101FD000D7F8BC309A420DD2D7F8D420D7F8C03009
:101FE000D31A5B00D7F8B0201344D7F8982092B2E8
:101FF0001A800CE0D7F8D420D7F8BC30D31AD7F821
:10200000982092B25B00D8333B4423F8C02CD7F819
:10201000D4300133C7F8D430D7F8D420D7F8B4304F
:102020009A42FFF47DAF0123C7F8D030DAE00023F5
:10203000C7F8CC300023C7F8D430C7E0D7F8D42095
:10204000D7F8C0309A4207D2D7F8D4305B00BA68CC
:102050001344C7F8C8301CE0D7F8D420D7F8BC30F8
:102060009A420BD2D7F8D420D7F8C030D31A5B00ED
:10207000D7F8B0201344C7F8C8300AE0D7F8D42006
:10208000D7F8BC30D31A07F118025B001344C7F825
:10209000C830D7F8C8301B88C7F8AC30D7F8D42080
:1020A000D7F8CC30D31AC7F8A830D7F8AC30DB0B50
:1020B000013BC7F8A430D7F8CC20D7F8A430D31A06
:1020C000C7F8CC30D7F8D420D7F8D0309A4277D39D
:1020D000D7F8D420D7F8D030D31AD7F8C0209A42F6
:1020E0000AD9D7F8D420D7F8D030D31A5B00BA6811
:1020F0001344C7F8C43025E0D7F8D420D7F8D0303F
:10210000D31AD7F8BC209A420ED9D7F8D420D7F8E2
:10211000D030D21AD7F8C030D31A5B00D7F8B0202D
:102120001344C7F8C4300DE0D7F8D420D7F8D03026
:10213000D21AD7F8BC30D31A07F118025B00134447
:10214000C7F8C430D7F8C4301B88C7F8A030D7F818
:10215000A820D7F8D030134003F2FF135B0A5B428C
:10216000D7F8A4201340C7F8A430D7F8AC309AB2FF
:10217000D7F8A43099B2D7F8AC3098B2D7F8A030DD
:102180009BB243409BB20B409BB253409AB2D7F8EC
:10219000C8301A80D7F8A0309AB2D7F8A43099B2D4
:1021A000D7F8AC3098B2D7F8A0309BB243409BB27E
:1021B0000B409BB253409AB2D7F8C4301A8000E06B
:1021C00000BFD7F8D4300133C7F8D430D7F8D420C3
:1021D000D7F8B4309A42FFF431AFD7F8D0305B0073
:1021E000C7F8D030D7F8D020D7F8B8309A427FF669
:1021F0001EAF00BF00BFD837BD4680BDC822020851
:1022000080B489B000AFF860B9607A6001227B6861
:1022100002FA03F37B61FB68DB17BB610023FB6100
:1022200014E0FB695B00BA681344B3F900303B610A
:102230003B6903FB03F31A46FB681344FB60BA696E
:10224000FB681343BB61FB690133FB61FA697B697E
:102250009A42E6D3BB69DB171A46FB681343FB605F
:10226000074A7B6852F82330FA689A4294BF0123E8
:102270000023DBB218462437BD465DF8047B704767
:102280009C220208B0B584B000AFC7E90201C7E9DB
:102290000023D7E90023144603F10045C7E90045B0
:1022A000D7E90023D7E9020105F04AFC02460B46B4
:1022B000104619461037BD46B0BD80B483B000AF9C
:1022C000C7E90001D7E90001024601F10043C7E96F
:1022D0000023D7E90023104619460C37BD465DF8A8
:1022E000047B70472DE9B00F85B000AFC7E900014E
:1022F000D7E90001A1F5801B8246C7E900ABD7E909
:1023000000AB4FF000004FF000014FEA1B500021DE
:102310000146C1F30A010131C90AF960F9680020D8
:102320000C460546621E45F1FF33D7E9000100EA7D
:10233000020801EA0309C7E90089D7E9002310462A
:1023400019461437BD46BDE8B00F704780B582B05E
:1023500000AFC7E90001D7E90023D7E9000106F083
:1023600049F802460B46104619460837BD4680BD5F
:1023700080B582B000AFC7E90001D7E900234FF074
:102380000000054906F075FA02460B46104619464C
:102390000837BD4680BD00BF0000F03FB0B5AEB00D
:1023A00000AF7860396001223B6802FA03F3C7F896
:1023B0009C30D7F89C305B08C7F89830D7F8983035
:1023C000C7F8B0300123C7F8B4300223C7F8AC30E7
:1023D00028E1D7F8B0305B08C7F89430D7F8AC30B4
:1023E0005B08C7F890300023C7F8A8300023C7F86F
:1023F000A43002E1D7F8A420D7F894301344C7F8EA
:102400008C30D7F8AC20D7F8A83013445B008B4A47
:10241000DB001344D3E90023C7E92023D7F8AC201D
:10242000D7F8A83013445B000133844ADB0013441F
:10243000D3E90023C7E91E23D7F8A430C7F8A0309A
:10244000C8E0D7F8A030DB007A681344D3E9002352
:10245000C7E91C23D7F8A020D7F898301344DB0035
:102460007A681344D3E90023C7E91A23D7F8A020D8
:10247000D7F894301344DB007A681344D3E900237F
:10248000C7E91823D7F8A020D7F894301A44D7F812
:1024900098301344DB007A681344D3E90023C7E97A
:1024A0001623D7E91823C7E91423D7E91623C7E968
:1024B0001223D7E92023C7E91023D7E91E23C7E950
:1024C0000E23D7E91023D7E9140105F093FF044642
:1024D0000D46D7E90E23D7E9120105F08BFF02461E
:1024E0000B4620462946FFF7CDFEC7E90C01D7E988
:1024F0000E23D7E9140105F07DFF04460D46D7E908
:102500001023D7E9120105F075FF02460B4620465D
:10251000294605F015FBC7E90A01D7E90C23C7E9ED
:102520001823D7E90A23C7E91623D7E91823D7E9DF
:102530001C0105F005FBC7E90801D7E91623D7E917
:102540001A0105F0FDFAC7E90601D7F8A030DB0053
:102550007A68D118D7E90823C1E90023D7F8A02069
:10256000D7F898301344DB007A68D118D7E90623EE
:10257000C1E90023D7E91823D7E91C01FFF782FE40
:10258000C7E90401D7E91623D7E91A01FFF77AFE54
:10259000C7E90201D7F8A020D7F894301344DB0034
:1025A0007A68D118D7E90423C1E90023D7F8A0201D
:1025B000D7F894301A44D7F898301344DB007A687F
:1025C000D118D7E90223C1E90023D7F8A03001339D
:1025D000C7F8A030D7F8A020D7F88C309A42FFF483
:1025E00030AFD7F8A8300133C7F8A830D7F8A42007
:1025F000D7F8B0301344C7F8A430D7F8A820D7F8DC
:1026000090309A42FFF4F6AED7F89430C7F8B03065
:10261000D7F8B4300133C7F8B430D7F8AC305B002A
:10262000C7F8AC30D7F8B4203B689A42FFF4D1AE7B
:1026300000BF00BFB837BD46B0BD00BFA023020831
:10264000B0B5B0B000AF7860396001223B6802FAE3
:1026500003F3C7F8A4300123C7F8B830D7F8A43083
:10266000C7F8B430D7F8A4305B08C7F8A0303B688F
:10267000C7F8BC302BE1D7F8B4305B08C7F894300A
:10268000D7F8B8305B00C7F890300023C7F8B030F7
:102690000023C7F8AC3006E1D7F8AC20D7F8B83043
:1026A0001344C7F88C30D7F89420D7F8B0301344CF
:1026B0005B00A24ADB001344D3E90023C7E92023CF
:1026C000D7F89420D7F8B03013445B0001339B4A0D
:1026D000DB001344D3E9002310461946FFF7EDFD54
:1026E000C7E91E01D7F8AC30C7F8A830C8E0D7F862
:1026F000A830DB007A681344D3E90023C7E91C2320
:10270000D7F8A820D7F8A0301344DB007A68134428
:10271000D3E90023C7E91A23D7F8A820D7F8B8309F
:102720001344DB007A681344D3E90023C7E9182374
:10273000D7F8A820D7F8B8301A44D7F8A0301344F7
:10274000DB007A681344D3E90023C7E91623D7E9ED
:102750001823D7E91C0105F0F3F9C7E91401D7E9FB
:102760001623D7E91A0105F0EBF9C7E91201D7F8EA
:10277000A830DB007A68D118D7E91423C1E9002317
:10278000D7F8A820D7F8A0301344DB007A68D11816
:10279000D7E91223C1E90023D7E91823D7E91C019F
:1027A000FFF770FDC7E91001D7E91623D7E91A0131
:1027B000FFF768FDC7E90E01D7E91023C7E91C231D
:1027C000D7E90E23C7E91A23D7E91C23C7E90C234D
:1027D000D7E91A23C7E90A23D7E92023C7E9082341
:1027E000D7E91E23C7E90623D7E90823D7E90C0157
:1027F00005F000FE04460D46D7E90623D7E90A0195
:1028000005F0F8FD02460B4620462946FFF73AFD43
:10281000C7E90401D7E90623D7E90C0105F0EAFD71
:1028200004460D46D7E90823D7E90A0105F0E2FD81
:1028300002460B462046294605F082F9C7E9020107
:10284000D7F8A820D7F8B8301344DB007A68D1183D
:10285000D7E90423C1E90023D7F8A820D7F8B83076
:102860001A44D7F8A0301344DB007A68D118D7E9AE
:102870000223C1E90023D7F8A8300133C7F8A830F4
:10288000D7F8A820D7F88C309A42FFF430AFD7F8A9
:10289000B0300133C7F8B030D7F8AC20D7F890305B
:1028A0001344C7F8AC30D7F8AC20D7F8A0309A4220
:1028B000FFF4F2AED7F89030C7F8B830D7F89430BC
:1028C000C7F8B430D7F8BC30013BC7F8BC30D7F8F4
:1028D000BC30012B3FF6CFAE3B68002B2AD0184A04
:1028E0003B68DB001344D3E90023C7E92623002318
:1028F000C7F8BC3018E0D7F8BC30DB007A68134466
:10290000D3E90001D7F8BC30DB007A68D418D7E9E6
:10291000262305F06FFD02460B46C4E90023D7F8D5
:10292000BC300133C7F8BC30D7F8BC20D7F8A4308E
:102930009A42E0D300BFC037BD46B0BDA023020815
:10294000A0630208B0B586B000AFF860B9607A60E5
:1029500001227B6802FA03F33B6100237B6118E0EC
:102960007B69DB00FA681344D3E900017B69DB0073
:10297000BA681344D3E900237C69E400FD682C4461
:1029800005F0DEF802460B46C4E900237B690133FB
:102990007B617A693B699A42E2D300BF00BF183776
:1029A000BD46B0BDB0B586B000AFF860B9607A6022
:1029B00001227B6802FA03F33B6100237B6118E08C
:1029C0007B69DB00FA681344D3E900017B69DB0013
:1029D000BA681344D3E900237C69E400FD682C4401
:1029E000FFF750FC02460B46C4E900237B69013324
:1029F0007B617A693B699A42E2D300BF00BF183716
:102A0000BD46B0BD90B585B000AF78603960012299
:102A10003B6802FA03F3BB600023FB6014E0FB6831
:102A2000DB007A681344D3E90023F968C9007868A9
:102A3000441810461946FFF740FC02460B46C4E90D
:102A40000023FB680133FB60FA68BB689A42E6D357
:102A500000BF00BF1437BD4690BD90B585B000AF34
:102A60007860396001223B6802FA03F3BB60BB68FF
:102A70005B08FB6014E0FB68DB007A681344D3E971
:102A80000023F968C9007868441810461946FFF712
:102A900014FC02460B46C4E90023FB680133FB60CB
:102AA000FA68BB689A42E6D300BF00BF1437BD4640
:102AB00090BDB0B59CB000AFF860B9607A600122FB
:102AC0007B6802FA03F3BB66BB6E5B087B66002380
:102AD000FB6674E0FB6EDB00FA681344D3E9002365
:102AE000C7E91623FA6E7B6E1344DB00FA681344C1
:102AF000D3E90023C7E91423FB6EDB00BA68134453
:102B0000D3E90023C7E91223FA6E7B6E1344DB007E
:102B1000BA681344D3E90023C7E91023D7E9162381
:102B2000C7E90E23D7E91423C7E90C23D7E91223F9
:102B3000C7E90A23D7E91023C7E90823D7E90A23FD
:102B4000D7E90E0105F056FC04460D46D7E90823E7
:102B5000D7E90C0105F04EFC02460B4620462946FB
:102B6000FFF790FBC7E90601D7E90823D7E90E0173
:102B700005F040FC04460D46D7E90A23D7E90C01CD
:102B800005F038FC02460B462046294604F0D8FFE3
:102B9000C7E90401FB6EDB00FA68D118D7E9062308
:102BA000C1E90023FA6E7B6E1344DB00FA68D1188A
:102BB000D7E90423C1E90023FB6E0133FB66FA6EFB
:102BC0007B6E9A4286D300BF00BF7037BD46B0BD52
:102BD000B0B59CB000AFF860B9607A6001227B6844
:102BE00002FA03F3BB66BB6E5B087B660023FB66E1
:102BF00078E0FB6EDB00FA681344D3E90023C7E9F1
:102C00001623FA6E7B6E1344DB00FA681344D3E993
:102C10000023C7E91423FB6EDB00BA681344D3E931
:102C20000023C7E91223FA6E7B6E1344DB00BA68F7
:102C30001344D3E9002310461946FFF73EFBC7E9CA
:102C40001001D7E91623C7E90E23D7E91423C7E9F2
:102C50000C23D7E91223C7E90A23D7E91023C7E9D0
:102C60000823D7E90A23D7E90E0105F0C3FB044680
:102C70000D46D7E90823D7E90C0105F0BBFB024656
:102C80000B4620462946FFF7FDFAC7E90601D7E9BA
:102C90000823D7E90E0105F0ADFB04460D46D7E940
:102CA0000A23D7E90C0105F0A5FB02460B46204696
:102CB000294604F045FFC7E90401FB6EDB00FA6812
:102CC000D118D7E90623C1E90023FA6E7B6E1344BD
:102CD000DB00FA68D118D7E90423C1E90023FB6EB1
:102CE0000133FB66FA6E7B6E9A4282D300BF00BF4F
:102CF0007037BD46B0BDF0B58BB000AF78603960BD
:102D000001223B6802FA03F33B623B6A5B08FB610A
:102D100000237B6238E07B6ADB007A681344D3E9E6
:102D20000023C7E904237A6AFB691344DB007A684D
:102D30001344D3E90023C7E90223D7E90401FFF7CD
:102D400005FB04460D46D7E90201FFF7FFFA0246EC
:102D50000B46796AC900786846182046294604F06F
:102D6000EFFE02460B46C6E900237A6AFB6913446C
:102D7000DB007A68D1184FF000024FF00003C1E980
:102D800000237B6A01337B627A6AFB699A42C2D371
:102D900000BF00BF2C37BD46F0BD90B587B000AF77
:102DA000F860C7E900230122BB6A02FA03F33B6122
:102DB00000237B6114E07B69DB00FA681344D3E9EC
:102DC00000017B69DB00FA68D418D7E9002305F01D
:102DD00011FB02460B46C4E900237B6901337B618A
:102DE0007A693B699A42E6D300BF00BF1C37BD46F3
:102DF00090BD2DE9B04390B000AFF860B9607A6043
:102E00003B6001223B6802FA03F3BB63BB6B5B08C8
:102E10007B630023FB635CE0FB6BDB00BA6813445D
:102E2000D3E90023C7E90A23FA6B7B6B1344DB0069
:102E3000BA681344D3E90023C7E90823FB6BDB001E
:102E40007A681344D3E90023C7E90623FA6B7B6B46
:102E50001344DB007A681344D3E90023C7E9042351
:102E6000D7E90A01FFF772FA04460D46D7E90801CF
:102E7000FFF76CFA02460B462046294604F060FE36
:102E800004460D46D7E90601FFF760FA80468946F9
:102E9000D7E90401FFF75AFA02460B464046494675
:102EA00004F04EFE02460B462046294604F048FE3A
:102EB00002460B46F96BC900F868441810461946DB
:102EC000FFF756FA02460B46C4E90023FB6B0133B9
:102ED000FB63FA6B7B6B9A429ED300BF00BF403707
:102EE000BD46BDE8B083B0B5B8B000AFF860B9601A
:102EF0007A603B600122D7F8F43002FA03F3C7F896
:102F0000D830D7F8D8305B08C7F8D4300023C7F8DA
:102F1000DC3007E1D7F8DC30DB00BA681344D3E9D2
:102F20000023C7E93223D7F8DC20D7F8D430134484
:102F3000DB00BA681344D3E90023C7E93023D7F88C
:102F4000DC30DB007A681344D3E90023C7E92E2381
:102F5000D7F8DC20D7F8D4301344DB007A68134468
:102F6000D3E90023C7E92C23D7F8DC30DB003A682B
:102F70001344D3E90023C7E92A23D7F8DC20D7F884
:102F8000D4301344DB003A681344D3E90023C7E983
:102F90002823D7F8DC30DB00D7F8F0201344D3E93E
:102FA0000023C7E92623D7F8DC20D7F8D430134410
:102FB000DB00D7F8F0201344D3E90023C7E924232A
:102FC000D7E93223C7E92223D7E93023C7E92023F1
:102FD000D7E92A23C7E91E23D7E92801FFF76DF9AE
:102FE000C7E91C01D7E91E23D7E9220105F002FA3F
:102FF00004460D46D7E91C23D7E9200105F0FAF96C
:1030000002460B4620462946FFF73CF9C7E91A015C
:10301000D7E91C23D7E9220105F0ECF904460D4657
:10302000D7E91E23D7E9200105F0E4F902460B4653
:103030002046294604F084FDC7E91801D7E91A2380
:10304000C7E91623D7E91823C7E91423D7E92E23A4
:10305000C7E91223D7E92C23C7E91023D7E9262390
:10306000C7E90E23D7E92401FFF727F9C7E90C01C7
:10307000D7E90E23D7E9120105F0BCF904460D4645
:10308000D7E90C23D7E9100105F0B4F902460B4645
:1030900020462946FFF7F6F8C7E90A01D7E90C23CD
:1030A000D7E9120105F0A6F904460D46D7E90E232B
:1030B000D7E9100105F09EF902460B462046294645
:1030C00004F03EFDC7E90801D7E90A23C7E9062352
:1030D000D7E90823C7E90423D7F8DC30DB00FA6816
:1030E000D418D7E90623D7E9160104F029FD0246D2
:1030F0000B46C4E90023D7F8DC20D7F8D4301344BA
:10310000DB00FA68D418D7E90423D7E9140104F0E6
:1031100017FD02460B46C4E90023D7F8DC30013323
:10312000C7F8DC30D7F8DC20D7F8D4309A42FFF467
:10313000F1AE00BF00BFE037BD46B0BDB0B588B04E
:1031400000AFF860B9607A6001227B6802FA03F38D
:10315000BB61BB695B087B610023FB6132E0FB69FB
:10316000DB00FA681344D3E90001FB69DB00BA68AD
:103170001344D3E90023FC69E400FD682C4405F006
:1031800039F902460B46C4E90023FA697B69134406
:10319000DB00FA681344D3E90001FB69DB00BA687D
:1031A0001344D3E90023FD697C692C44E400FD68E5
:1031B0002C4405F01FF902460B46C4E90023FB69C5
:1031C0000133FB61FA697B699A42C8D300BF00BF33
:1031D0002037BD46B0BD90B58BB000AFF860B96088
:1031E0007A6001227B6802FA03F33B623B6A5B0868
:1031F000FB6100237B6236E07B6ADB00BA68134424
:10320000D3E9002310461946FFF7B2F8C7E90401D5
:103210007B6ADB00FA681344D3E900017B6ADB00B8
:10322000FA68D418D7E9042305F0E4F802460B46FF
:10323000C4E900237A6AFB691344DB00FA6813448B
:10324000D3E900017A6AFB691344DB00FA68D418F9
:10325000D7E9042305F0CEF802460B46C4E9002363
:103260007B6A01337B627A6AFB699A42C4D300BFEE
:1032700000BF2C37BD4690BDB0B5B6B000AFF8600A
:10328000B9607A603B6001223B6802FA03F3C7F839
:10329000D030D7F8D0305B08C7F8CC300023C7F85F
:1032A000D43035E1D7F8D430DB00FA681344D3E9E1
:1032B0000023C7E93023D7F8D420D7F8CC30134403
:1032C000DB00FA681344D3E90023C7E92E23D7F8BB
:1032D000D430DB00BA681344D3E90023C7E92C23B8
:1032E000D7F8D420D7F8CC301344DB00BA681344A5
:1032F000D3E90023C7E92A23D7F8D430DB007A6862
:103300001344D3E90023C7E92823D7F8D420D7F8FA
:10331000CC301344DB007A681344D3E90023C7E9B7
:103320002623D7E92C23C7E92423D7E92A23C7E991
:103330002223D7E93023C7E92023D7E92E23C7E981
:103340001E23D7E92001FFF701F804460D46D7E90F
:103350001E01FEF7FBFF02460B462046294604F0FD
:10336000EFFBC7E91C01D7E91C01FFF701F8C7E92A
:103370001C01D7E91C23D7E9200105F03BF8C7E978
:103380002001D7E91E01FEF798FFD7E91C2305F0BD
:1033900031F8C7E91E01D7E92023D7E9240105F058
:1033A00029F804460D46D7E91E23D7E9220105F086
:1033B00021F802460B4620462946FEF763FFC7E97F
:1033C0001A01D7E91E23D7E9240105F013F80446B2
:1033D0000D46D7E92023D7E9220105F00BF8024674
:1033E0000B462046294604F0ABFBC7E91801D7E994
:1033F0001A23C7E91623D7E91823C7E91423D7E905
:103400001623C7E91223D7E91423C7E91023D7E904
:103410002C23C7E90E23D7E92A01FEF74EFFC7E99F
:103420000C01D7E90E23D7E9120104F0E3FF0446AB
:103430000D46D7E90C23D7E9100104F0DBFF024663
:103440000B4620462946FEF71DFFC7E90A01D7E9CA
:103450000C23D7E9120104F0CDFF04460D46D7E94D
:103460000E23D7E9100104F0C5FF02460B462046A3
:10347000294604F065FBC7E90801D7E90A23C7E933
:103480002C23D7E90823C7E92A23D7E92C23D7E936
:103490002801FEF7F7FEC7E90601D7E92A23D7E995
:1034A0002601FEF7EFFEC7E90401D7F8D430DB00B0
:1034B0007A68D118D7E90623C1E90023D7F8D420C8
:1034C000D7F8CC301344DB007A68D118D7E904234D
:1034D000C1E90023D7F8D430DB00BA68D118D7E9A6
:1034E0001623C1E90023D7F8D420D7F8CC301344F1
:1034F000DB00BA68D418D7E91401FEF7DEFE0246F5
:103500000B46C4E90023D7F8D4300133C7F8D430D0
:10351000D7F8D420D7F8CC309A42FFF4C3AE00BF1E
:1035200000BFD837BD46B0BDB0B5A8B000AFF86099
:10353000B9607A603B6001223B6802FA03F3C7F886
:103540009830D7F898305B08C7F89430D7F89430A3
:103550005B08C7F890307B68D3E90023F968C1E9BC
:103560000023D7F89430DB007A681344D3E90023B2
:10357000B968C1E900230023C7F89C30F7E0D7F809
:103580009C301B017A681344D3E90023C7E9222346
:10359000D7F89C305A00D7F894301344DB007A688F
:1035A0001344D3E90023C7E92023D7F89C301B013B
:1035B00008337A681344D3E90023C7E91E23D7F8F8
:1035C0009C305A00D7F8943013440133DB007A68FA
:1035D0001344D3E90023C7E91C23D7E91E23D7E905
:1035E000220104F0ADFAC7E91A01D7E91C23D7E993
:1035F000200104F0A5FAC7E91801D7E91A23C7E9A1
:103600001623D7E91823C7E91423D7F89C30DB0029
:10361000FA68D418D7E91601FEF764FE02460B4695
:10362000C4E90023D7F89C20D7F890301344DB007E
:10363000FA68D418D7E91401FEF754FE02460B4687
:10364000C4E90023D7E91E23D7E92201FEF71AFEB9
:10365000C7E91201D7E91C23D7E92001FEF712FEC2
:10366000C7E91001D7E91223C7E91623D7E91023C8
:10367000C7E91423D7E91623C7E90E23D7E9142392
:10368000C7E90C23D7F89C20D7F8943013445B008B
:103690003D4ADB001344D3E90023C7E90A23D7F8E6
:1036A0009C20D7F8943013445B000133364ADB008A
:1036B0001344D3E9002310461946FEF7FEFDC7E97F
:1036C0000801D7E90A23D7E90E0104F093FE044666
:1036D0000D46D7E90823D7E90C0104F08BFE02461A
:1036E0000B4620462946FEF7CDFDC7E90601D7E97E
:1036F0000823D7E90E0104F07DFE04460D46D7E904
:103700000A23D7E90C0104F075FE02460B46204659
:10371000294604F015FAC7E90401D7E90623C7E9E9
:103720001623D7E90423C7E91423D7F89C30DB001C
:10373000BA68D418D7E91601FEF7D4FD02460B4645
:10374000C4E90023D7F89C20D7F890301344DB005D
:10375000BA68D418D7E91401FEF7C4FD02460B4637
:10376000C4E90023D7F89C300133C7F89C30D7F860
:103770009C20D7F890309A42FFF401AF00BF00BF01
:10378000A037BD46B0BD00BFA0230208B0B5A8B0A9
:1037900000AFF860B9607A603B6001223B6802FAD2
:1037A00003F3C7F89830D7F898305B08C7F894301F
:1037B000D7F894305B08C7F89030BB68D3E9002392
:1037C000F968C1E90023D7F89430DB00FA68D11812
:1037D0007B68D3E90023C1E900230023C7F89C30AC
:1037E000DBE0D7F89C30DB00BA681344D3E9002350
:1037F000C7E92223D7F89C20D7F890301344DB0088
:10380000BA681344D3E90023C7E92023D7F89C30D2
:10381000DB007A681344D3E90023C7E91E23D7F8F5
:103820009C20D7F890301344DB007A681344D3E926
:103830000023C7E91C23D7F89C20D7F89430134401
:103840005B005C4ADB001344D3E90023C7E91A2379
:10385000D7F89C20D7F8943013445B000133554AC5
:10386000DB001344D3E90023C7E91823D7E91A235F
:10387000D7E91E0104F0BEFD04460D46D7E9182322
:10388000D7E91C0104F0B6FD02460B462046294646
:10389000FEF7F8FCC7E91601D7E91823D7E91E019E
:1038A00004F0A8FD04460D46D7E91A23D7E91C0108
:1038B00004F0A0FD02460B462046294604F040F9DC
:1038C000C7E91401D7E91623C7E91223D7E914235E
:1038D000C7E91023D7E91223D7E9220104F030F910
:1038E000C7E90E01D7E91023D7E9200104F028F930
:1038F000C7E90C01D7E90E23C7E90A23D7E90C234E
:10390000C7E90823D7F89C301B01FA68D118D7E91A
:103910000A23C1E90023D7F89C305A00D7F8943025
:103920001344DB00FA68D118D7E90823C1E9002362
:10393000D7E91223D7E92201FEF7A4FCC7E9060163
:10394000D7E91023D7E92001FEF79CFCC7E9040161
:10395000D7E90623C7E90A23D7E90423C7E90823DF
:10396000D7F89C301B010833FA68D118D7E90A232D
:10397000C1E90023D7F89C305A00D7F8943013449B
:103980000133DB00FA68D118D7E90823C1E9002325
:10399000D7F89C300133C7F89C30D7F89C20D7F873
:1039A00090309A42FFF41DAF00BF00BFA037BD4664
:1039B000B0BD00BFA02302082DE9F00FADF6883D91
:1039C00000AF07F68833A3F5F673186007F688335F
:1039D000A3F5F6731B68D3E9002307F67831C1E934
:1039E000002307F68833A3F5F6731B68D3E9022397
:1039F00007F53761C1E9002307F68833A3F5F673AD
:103A00001B68D3E9042307F66831C1E9002307F6F0
:103A10008833A3F5F6731B68D3E9062307F53661EF
:103A2000C1E9002307F68833A3F5F6731B68D3E9D1
:103A3000082307F65831C1E9002307F68833A3F5B8
:103A4000F6731B68D3E90A2307F53561C1E9002342
:103A500007F68833A3F5F6731B68D3E90C2307F642
:103A60004831C1E9002307F68833A3F5F6731B68D4
:103A7000D3E90E2307F53461C1E9002307F6883343
:103A8000A3F5F6731B68D3E9102307F63831C1E9B3
:103A9000002307F68833A3F5F6731B68D3E91223D6
:103AA00007F53361C1E9002307F68833A3F5F67300
:103AB0001B68D3E9142307F62831C1E9002307F670
:103AC0008833A3F5F6731B68D3E9162307F5326133
:103AD000C1E9002307F68833A3F5F6731B68D3E921
:103AE000182307F61831C1E9002307F68833A3F538
:103AF000F6731B68D3E91A2307F53161C1E9002386
:103B000007F68833A3F5F6731B68D3E91C2307F681
:103B10000831C1E9002307F68833A3F5F6731B6863
:103B2000D3E91E2307F53061C1E9002307F6883386
:103B3000A3F5F6731B68D3E9202307F6F821C1E942
:103B4000002307F68833A3F5F6731B68D3E9222315
:103B500007F52F61C1E9002307F68833A3F5F67353
:103B60001B68D3E9242307F6E821C1E9002307F6FF
:103B70008833A3F5F6731B68D3E9262307F52E6176
:103B8000C1E9002307F68833A3F5F6731B68D3E970
:103B9000282307F6D821C1E9002307F68833A3F5C7
:103BA000F6731B68D3E92A2307F52D61C1E90023C9
:103BB00007F68833A3F5F6731B68D3E92C2307F6C1
:103BC000C821C1E9002307F68833A3F5F6731B6803
:103BD000D3E92E2307F52C61C1E9002307F68833CA
:103BE000A3F5F6731B68D3E9302307F6B821C1E9C2
:103BF00000230023C7F8843B02F0F7BD07F67833B3
:103C0000D3E9000107F53563D3E9002380EA020612
:103C1000C7F890694B40C7F8943907F62833D3E9C1
:103C20000023D7F890195140C7F88819D7F894198C
:103C30004B40C7F88C3907F53063D3E90023D7F838
:103C400088195140C7F88019D7F88C194B40C7F82C
:103C5000843907F6D823D3E90023D7F880195140D7
:103C6000C7F84815D7F884194B40C7F84C3507F505
:103C7000A963D3E9002307F52B61C1E9002307F508
:103C80003763D3E9000107F64833D3E9002380EA1C
:103C90000206C7F878694B40C7F87C3907F53263EC
:103CA000D3E90023D7F878195140C7F87019D7F82D
:103CB0007C194B40C7F8743907F6F823D3E9002381
:103CC000D7F870195140C7F86819D7F874194B40E4
:103CD000C7F86C3907F52D63D3E90023D7F86819C5
:103CE0005140C7F84015D7F86C194B40C7F8443518
:103CF00007F5A863D3E9002307F6A821C1E900234B
:103D000007F66833D3E9000107F53463D3E90023EC
:103D100080EA0206C7F860694B40C7F8643907F6C5
:103D20001833D3E90023D7F860195140C7F8581960
:103D3000D7F864194B40C7F85C3907F52F63D3E90E
:103D40000023D7F858195140C7F85019D7F85C1913
:103D50004B40C7F8543907F6C823D3E90023D7F8F6
:103D600050195140C7F83815D7F854194B40C7F8C7
:103D70003C3507F5A763D3E9002307F52A61C1E9BC
:103D8000002307F53663D3E9000107F63833D3E99A
:103D9000002380EA0206C7F848694B40C7F84C394F
:103DA00007F53163D3E90023D7F848195140C7F824
:103DB0004019D7F84C194B40C7F8443907F6E823A7
:103DC000D3E90023D7F840195140C7F83819D7F87C
:103DD00044194B40C7F83C3907F52C63D3E900235D
:103DE000D7F838195140C7F83015D7F83C194B406F
:103DF000C7F8343507F5A663D3E9002307F6982101
:103E0000C1E9002307F65833D3E9000107F533630E
:103E1000D3E9002380EA0206C7F830694B40C7F8AF
:103E2000343907F60833D3E90023D7F83019514065
:103E3000C7F82819D7F834194B40C7F82C3907F5BB
:103E40002E63D3E90023D7F828195140C7F8201969
:103E5000D7F82C194B40C7F8243907F6B823D3E913
:103E60000023D7F820195140C7F82815D7F824198E
:103E70004B40C7F82C3507F5A563D3E9002307F5B8
:103E80002961C1E90023D7F8AC3ADA0FD7F8A83A8C
:103E90005B001343C7F81839D7F8A83ADA0FD7F8F8
:103EA000AC3A5B001343C7F81C3907F52963D3E923
:103EB0000023D7F818195140C7F82015D7F81C1956
:103EC0004B40C7F8243507F5A463D3E9002307F670
:103ED0008821C1E90023D7F8A43ADA0FD7F8A03A2D
:103EE0005B001343C7F81039D7F8A03ADA0FD7F8B8
:103EF000A43A5B001343C7F8143907F52B63D3E9E1
:103F00000023D7F810195140C7F81815D7F814191D
:103F10004B40C7F81C3507F5A363D3E9002307F529
:103F20002861C1E90023D7F89C3ADA0FD7F8983A0C
:103F30005B001343C7F80839D7F8983ADA0FD7F877
:103F40009C3A5B001343C7F80C3907F6A823D3E962
:103F50000023D7F808195140C7F81015D7F80C19E5
:103F60004B40C7F8143507F5A263D3E9002307F6E1
:103F70007821C1E90023D7F8943ADA0FD7F8903ABC
:103F80005B001343C7F80039D7F8903ADA0FD7F837
:103F9000943A5B001343C7F8043907F52A63D3E961
:103FA0000023D7F800195140C7F80815D7F80419AD
:103FB0004B40C7F80C3507F5A163D3E9002307F59B
:103FC0002761C1E90023D7F8B43ADA0FD7F8B03A3D
:103FD0005B001343C7F8F838D7F8B03ADA0FD7F8D0
:103FE000B43A5B001343C7F8FC3807F69823D3E9CB
:103FF0000023D7F8F8185140C7F80015D7F8FC1877
:104000004B40C7F8043507F5A063D3E9002307F652
:104010006821C1E9002307F67833D3E9000107F6E8
:104020008823D3E9002380EA0206C7F8F8644B40EE
:10403000C7F8FC3407F59F63D3E9002307F678310E
:10404000C1E9002307F67833D3E9002307F52B6194
:10405000C1E9002307F64833D3E9000107F52863D7
:10406000D3E9002380EA0206C7F8F0644B40C7F8A2
:10407000F43407F59E63D3E9002307F64831C1E91C
:104080000023D7F84C3B1A03D7F8483B1B0D1343CA
:10409000C7F8E834D7F8483B1A03D7F84C3B1B0D58
:1040A0001343C7F8EC3407F59D63D3E9002307F603
:1040B000A821C1E9002307F61833D3E9000107F668
:1040C0007823D3E9002380EA0206C7F8E0644B4076
:1040D000C7F8E43407F59C63D3E9002307F61831E9
:1040E000C1E90023D7F81C3BDA02D7F8183B5B0D77
:1040F0001343C7F8D834D7F8183BDA02D7F81C3B7B
:104100005B0D1343C7F8DC3407F59B63D3E9002349
:1041100007F52A61C1E9002307F6E823D3E9000186
:1041200007F52763D3E9002380EA0206C7F8D064C5
:104130004B40C7F8D43407F59A63D3E9002307F658
:10414000E821C1E90023D7F8EC3ADA0AD7F8E83ACF
:104150005B051343C7F8C834D7F8E83ADA0AD7F84A
:10416000EC3A5B051343C7F8CC3407F59963D3E900
:10417000002307F69821C1E9002307F6B823D3E905
:10418000000107F66823D3E9002380EA0206C7F896
:10419000C0644B40C7F8C43407F59863D3E90023E3
:1041A00007F6B821C1E90023D7F8BC3A9A0CD7F832
:1041B000B83A9B031343C7F8B834D7F8B83A9A0C07
:1041C000D7F8BC3A9B031343C7F8BC3407F5976391
:1041D000D3E9002307F52961C1E9002307F6A823E5
:1041E000D3E90023D143C7F8F018DB43C7F8F4380C
:1041F00007F52A63D3E90023D7F8F0181140C7F870
:10420000E818D7F8F4180B40C7F8EC3807F52B631B
:10421000D3E90023D7F8E8185140C7F8B014D7F80D
:10422000EC184B40C7F8B43407F59663D3E9002384
:1042300007F52661C1E90023FD4AD7F8843BDB007E
:104240001344D3E9000107F52663D3E9002382EA8A
:104250000006C7F8A8644B40C7F8AC3407F595636F
:10426000D3E9002307F52661C1E9002307F52A6396
:10427000D3E90023D143C7F8E018DB43C7F8E4389B
:1042800007F69823D3E90023D7F8E0181140C7F8C0
:10429000D818D7F8E4180B40C7F8DC3807F6A8237D
:1042A000D3E90023D7F8D8185140C7F8A014D7F89D
:1042B000DC184B40C7F8A43407F59463D3E9002316
:1042C00007F65821C1E9002307F69823D3E9002314
:1042D000D143C7F8D018DB43C7F8D43807F52963B2
:1042E000D3E90023D7F8D0181140C7F8C818D7F879
:1042F000D4180B40C7F8CC3807F52A63D3E900235C
:10430000D7F8C8185140C7F89814D7F8CC184B40C4
:10431000C7F89C3407F59363D3E9002307F52561BB
:10432000C1E9002307F52963D3E90023D143C7F886
:10433000C018DB43C7F8C43807F52B63D3E9002363
:10434000D7F8C0181140C7F8B818D7F8C4180B40F0
:10435000C7F8BC3807F69823D3E90023D7F8B81874
:104360005140C7F89014D7F8BC184B40C7F89434A4
:1043700007F59263D3E9002307F64821C1E900233A
:1043800007F52B63D3E90023D143C7F8B018DB430B
:10439000C7F8B43807F6A823D3E90023D7F8B01834
:1043A0001140C7F8A818D7F8B4180B40C7F8AC38B4
:1043B00007F52963D3E90023D7F8A8185140C7F8B7
:1043C0008814D7F8AC184B40C7F88C3407F59163C4
:1043D000D3E9002307F52461C1E9002307F536631B
:1043E000D3E9000107F52763D3E9002380EA020639
:1043F000C7F880644B40C7F8843407F59063D3E96D
:10440000002307F53661C1E90023D7F8643B1A0998
:10441000D7F8603B1B071343C7F87834D7F8603BE5
:104420001A09D7F8643B1B071343C7F87C3407F518
:104430008F63D3E9002307F52B61C1E9002307F55A
:104440003363D3E9000107F66823D3E9002380EA48
:104450000206C7F870644B40C7F8743407F58E63E2
:10446000D3E9002307F53361C1E90023D7F8343BD2
:104470001A0BD7F8303B1B051343C7F86834D7F83D
:10448000303B1A0BD7F8343B1B051343C7F86C3489
:1044900007F58D63D3E9002307F6A821C1E90023BE
:1044A00007F62833D3E9000107F68823D3E9002370
:1044B00080EA0206C7F860644B40C7F8643407F529
:1044C0008C63D3E9002307F62831C1E90023D7F82C
:1044D0002C3B5A0FD7F8283BDB001343C7F858345E
:1044E000D7F8283B5A0FD7F82C3BDB001343C7F80B
:1044F0005C3407F58B63D3E9002307F52A61C1E932
:10450000002307F6F823D3E9000107F52863D3E970
:10451000002380EA0206C7F850644B40C7F85434C1
:1045200007F58A63D3E9002307F6F821C1E90023E0
:10453000D7F8FC3A5A03D7F8F83ADB0C1343C7F81C
:104540004834D7F8F83A5A03D7F8FC3ADB0C13434F
:10455000C7F84C3407F58963D3E9002307F698219F
:10456000C1E9002307F6C823D3E9000107F6782341
:10457000D3E9002380EA0206C7F840644B40C7F83D
:10458000443407F58863D3E9002307F6C821C1E95D
:104590000023D7F8CC3A5A07D7F8C83ADB081343B8
:1045A000C7F83834D7F8C83A5A07D7F8CC3ADB08F6
:1045B0001343C7F83C3407F58763D3E9002307F5B5
:1045C0002961C1E9002307F6A823D3E90023D143D9
:1045D000C7F8A018DB43C7F8A43807F52A63D3E966
:1045E0000023D7F8A0181140C7F89818D7F8A418D6
:1045F0000B40C7F89C3807F52B63D3E90023D7F8A5
:1046000098185140C7F83014D7F89C184B40C7F899
:10461000343407F58663D3E9002307F63821C1E96E
:10462000002307F52A63D3E90023D14302E000BF4A
:10463000E0220208C7F89018DB43C7F8943807F661
:104640009823D3E90023D7F890181140C7F88818A9
:10465000D7F894180B40C7F88C3807F6A823D3E98D
:104660000023D7F888185140C7F82814D7F88C18B9
:104670004B40C7F82C3407F58563D3E9002307F5D1
:104680002361C1E9002307F69823D3E90023D1432E
:10469000C7F88018DB43C7F8843807F52963D3E9E6
:1046A0000023D7F880181140C7F87818D7F8841875
:1046B0000B40C7F87C3807F52A63D3E90023D7F805
:1046C00078185140C7F82014D7F87C184B40C7F829
:1046D000243407F58463D3E9002307F62821C1E9D0
:1046E000002307F52963D3E90023D143C7F87018E5
:1046F000DB43C7F8743807F52B63D3E90023D7F8F9
:1047000070181140C7F86818D7F874180B40C7F82C
:104710006C3807F69823D3E90023D7F8681851407E
:10472000C7F81814D7F86C184B40C7F81C3407F5B5
:104730008363D3E9002307F52261C1E9002307F56C
:104740002B63D3E90023D143C7F86018DB43C7F8D4
:10475000643807F6A823D3E90023D7F8601811407E
:10476000C7F85818D7F864180B40C7F85C3807F535
:104770002963D3E90023D7F858185140C7F810141B
:10478000D7F85C184B40C7F8143407F58263D3E9B7
:10479000002307F61821C1E9002307F53763D3E9A1
:1047A000000107F52863D3E9002380EA0206C7F871
:1047B00008644B40C7F80C3407F58163D3E9002344
:1047C00007F53761C1E90023D7F8743BDA0FD7F852
:1047D000703B5B001343C7F80034D7F8703BDA0F27
:1047E000D7F8743B5B001343C7F8043407F58063C4
:1047F000D3E9002307F52B61C1E9002307F53463F2
:10480000D3E9000107F67823D3E9002380EA020602
:10481000C7F8F8634B40C7F8FC33D7E9FE2307F528
:104820003461C1E90023D7F8443B9A0ED7F8403BE6
:104830009B011343C7F8F033D7F8403B9A0ED7F8E3
:10484000443B9B011343C7F8F433D7E9FC2307F635
:10485000A821C1E9002307F53163D3E9000107F579
:104860002763D3E9002380EA0206C7F8E8634B40D8
:10487000C7F8EC33D7E9FA2307F53161C1E9002322
:10488000D7F8143BDA09D7F8103B5B061343C7F897
:10489000E033D7F8103BDA09D7F8143B5B06134333
:1048A000C7F8E433D7E9F82307F52A61C1E9002303
:1048B00007F52E63D3E9000107F66823D3E9002347
:1048C00080EA0206C7F8D8634B40C7F8DC33D7E963
:1048D000F62307F52E61C1E90023D7F8E43A1A0E52
:1048E000D7F8E03A1B021343C7F8D033D7F8E03AC1
:1048F0001A0ED7F8E43A1B021343C7F8D433D7E9AA
:10490000F42307F69821C1E9002307F6D823D3E959
:10491000000107F68823D3E9002380EA0206C7F8DE
:10492000C8634B40C7F8CC33D7E9F22307F6D82148
:10493000C1E90023D7F8DC3A9A0BD7F8D83A9B04A0
:104940001343C7F8C033D7F8D83A9A0BD7F8DC3AF4
:104950009B041343C7F8C433D7E9F02307F5296153
:10496000C1E9002307F6A823D3E90023D143C7F800
:104970005018DB43C7F8543807F52A63D3E90023FE
:10498000D7F850181140C7F84818D7F854180B40FA
:10499000C7F84C3807F52B63D3E90023D7F848183C
:1049A0005140C7F8B813D7F84C184B40C7F8BC3380
:1049B000D7E9EE2307F52161C1E9002307F52A6352
:1049C000D3E90023D143C7F84018DB43C7F8443884
:1049D00007F69823D3E90023D7F840181140C7F809
:1049E0003818D7F844180B40C7F83C3807F6A82306
:1049F000D3E90023D7F838185140C7F8B013D7F8D7
:104A00003C184B40C7F8B433D7E9EC2307F608212C
:104A1000C1E9002307F69823D3E90023D143C7F85F
:104A20003018DB43C7F8343807F52963D3E900238E
:104A3000D7F830181140C7F82818D7F834180B40A9
:104A4000C7F82C3807F52A63D3E90023D7F82818CC
:104A50005140C7F8A813D7F82C184B40C7F8AC330F
:104A6000D7E9EA2307F52061C1E9002307F52963A7
:104A7000D3E90023D143C7F82018DB43C7F8243813
:104A800007F52B63D3E90023D7F820181140C7F8A6
:104A90001818D7F824180B40C7F81C3807F69823C5
:104AA000D3E90023D7F818185140C7F8A013D7F856
:104AB0001C184B40C7F8A433D7E9E82307F6F811D0
:104AC000C1E9002307F52B63D3E90023D143C7F8DD
:104AD0001018DB43C7F8143807F6A823D3E90023DE
:104AE000D7F810181140C7F80818D7F814180B4059
:104AF000C7F80C3807F52963D3E90023D7F808185D
:104B00005140C7F89813D7F80C184B40C7F89C339E
:104B1000D7E9E62307F51F61C1E9002307F65833FB
:104B2000D3E9000107F66823D3E9002380EA0206EF
:104B3000C7F890634B40C7F89433D7E9E42307F6EE
:104B40005831C1E90023D7F85C3B5A09D7F8583BE4
:104B5000DB061343C7F88833D7F8583B5A09D7F810
:104B60005C3BDB061343C7F88C33D7E9E22307F538
:104B70002B61C1E9002307F53563D3E9000107F68E
:104B80008823D3E9002380EA0206C7F880634B40FC
:104B9000C7F88433D7E9E02307F53561C1E900237D
:104BA000D7F8543B1A01D7F8503B1B0F1343C7F8F3
:104BB0007833D7F8503B1A01D7F8543B1B0F1343F7
:104BC000C7F87C33D7E9DE2307F6A821C1E9002323
:104BD00007F53263D3E9000107F52863D3E9002321
:104BE00080EA0206C7F870634B40C7F87433D7E910
:104BF000DC2307F53261C1E90023D7F8243B9A0D85
:104C0000D7F8203B9B021343C7F86833D7F8203B03
:104C10009A0DD7F8243B9B021343C7F86C33D7E9AE
:104C2000DA2307F52A61C1E9002307F52F63D3E9E9
:104C3000000107F67823D3E9002380EA0206C7F8CB
:104C400060634B40C7F86433D7E9D82307F52F6179
:104C5000C1E90023D7F8F43A5A0CD7F8F03ADB034D
:104C60001343C7F85833D7F8F03A5A0CD7F8F43A48
:104C7000DB031343C7F85C33D7E9D62307F6982143
:104C8000C1E9002307F52C63D3E9000107F5276389
:104C9000D3E9002380EA0206C7F850634B40C7F807
:104CA0005433D7E9D42307F52C61C1E90023D7F8A1
:104CB000C43A1A06D7F8C03A1B0A1343C7F8483358
:104CC000D7F8C03A1A06D7F8C43A1B0A1343C7F8F4
:104CD0004C33D7E9D22307F52961C1E9002307F650
:104CE000A823D3E90023D143C7F80018DB43C7F852
:104CF000043807F52A63D3E90023D7F800181140D8
:104D0000C7F8F817D7F804180B40C7F8FC3707F5B1
:104D10002B63D3E90023D7F8F8175140C7F84013A5
:104D2000D7F8FC174B40C7F84433D7E9D02307F630
:104D3000E811C1E9002307F52A63D3E90023D14331
:104D4000C7F8F017DB43C7F8F43707F69823D3E921
:104D50000023D7F8F0171140C7F8E817D7F8F41771
:104D60000B40C7F8EC3707F6A823D3E90023D7F8A0
:104D7000E8175140C7F83813D7F8EC174B40C7F87D
:104D80003C33D7E9CE2307F51E61C1E9002307F6BE
:104D90009823D3E90023D143C7F8E017DB43C7F8D2
:104DA000E43707F52963D3E90023D7F8E01711406A
:104DB000C7F8D817D7F8E4170B40C7F8DC3707F562
:104DC0002A63D3E90023D7F8D8175140C7F8301326
:104DD000D7F8DC174B40C7F83433D7E9CC2307F6B4
:104DE000D811C1E9002307F52963D3E90023D14392
:104DF000C7F8D017DB43C7F8D43707F52B63D3E9DF
:104E00000023D7F8D0171140C7F8C817D7F8D41720
:104E10000B40C7F8CC3707F69823D3E90023D7F81F
:104E2000C8175140C7F82813D7F8CC174B40C7F81C
:104E30002C33D7E9CA2307F51D61C1E9002307F523
:104E40002B63D3E90023D143C7F8C017DB43C7F86E
:104E5000C43707F6A823D3E90023D7F8C0171140B9
:104E6000C7F8B817D7F8C4170B40C7F8BC3707F511
:104E70002963D3E90023D7F8B8175140C7F82013A6
:104E8000D7F8BC174B40C7F82433D7E9C82307F637
:104E9000C811C1E9002307F66833D3E9000107F61A
:104EA0007823D3E9002380EA0206C7F818634B4051
:104EB000C7F81C33D7E9C62307F66831C1E90023D8
:104EC000D7F86C3B9A07D7F8683B9B081343C7F8A1
:104ED0001033D7F8683B9A07D7F86C3B9B0813430D
:104EE000C7F81433D7E9C42307F52B61C1E90023C0
:104EF00007F63833D3E9000107F52763D3E9002328
:104F000080EA0206C7F808634B40C7F80C33D7E9BC
:104F1000C22307F63831C1E90023D7F83C3BDA0554
:104F2000D7F8383B5B0A1343C7F80033D7F8383B50
:104F3000DA05D7F83C3B5B0A1343C7F80433D7E9DB
:104F4000C02307F6A821C1E9002307F60833D3E9F7
:104F5000000107F66823D3E9002380EA0206C7F8B8
:104F6000F8624B40C7F8FC32D7E9BE2307F6083198
:104F7000C1E90023D7F80C3BDA01D7F8083B5B0EF8
:104F80001343C7F8F032D7F8083BDA01D7F80C3BE7
:104F90005B0E1343C7F8F432D7E9BC2307F52A6147
:104FA000C1E9002307F53063D3E9000107F6882340
:104FB000D3E9002380EA0206C7F8E8624B40C7F84D
:104FC000EC32D7E9BA2307F53061C1E90023D7F8FD
:104FD000043B5A02D7F8003BDB0D1343C7F8E0321D
:104FE000D7F8003B5A02D7F8043BDB0D1343C7F850
:104FF000E432D7E9B82307F69821C1E9002307F581
:105000002D63D3E9000107F52863D3E9002380EA83
:105010000206C7F8D8624B40C7F8DC32D7E9B6239E
:1050200007F52D61C1E90023D7F8D43A9A0FD7F8D4
:10503000D03A9B001343C7F8D032D7F8D03A9A0F32
:10504000D7F8D43A9B001343C7F8D432D7E9B42336
:1050500007F52961C1E9002307F6A823D3E9002356
:10506000D143C7F8B017DB43C7F8B43707F52A6355
:10507000D3E90023D7F8B0171140C7F8A817D7F81D
:10508000B4170B40C7F8AC3707F52B63D3E90023FF
:10509000D7F8A8175140C7F8C812D7F8AC174B403B
:1050A000C7F8CC32D7E9B22307F51C61C1E9002368
:1050B00007F52A63D3E90023D143C7F8A017DB43E0
:1050C000C7F8A43707F69823D3E90023D7F8A01729
:1050D0001140C7F89817D7F8A4170B40C7F89C37AA
:1050E00007F6A823D3E90023D7F898175140C7F84B
:1050F000C012D7F89C174B40C7F8C432D7E9B02389
:1051000007F6B811C1E9002307F69823D3E9002375
:10511000D143C7F89017DB43C7F8943707F52963E5
:10512000D3E90023D7F890171140C7F88817D7F8AC
:1051300094170B40C7F88C3707F52A63D3E900238F
:10514000D7F888175140C7F8B812D7F88C174B40DA
:10515000C7F8BC32D7E9AE2307F51B61C1E90023CC
:1051600007F52963D3E90023D143C7F88017DB4350
:10517000C7F8843707F52B63D3E90023D7F88017E6
:105180001140C7F87817D7F884170B40C7F87C3759
:1051900007F69823D3E90023D7F878175140C7F8CA
:1051A000B012D7F87C174B40C7F8B432D7E9AC231C
:1051B00007F6A811C1E9002307F52B63D3E9002303
:1051C000D143C7F87017DB43C7F8743707F6A82335
:1051D000D3E90023D7F870171140C7F86817D7F83C
:1051E00074170B40C7F86C3707F52963D3E9002320
:1051F000D7F868175140C7F8A812D7F86C174B407A
:10520000C7F8AC32D7E9AA2307F51A61C1E9002330
:1052100007F52663D3E9000107F63823D3E9002315
:1052200080EA0206C7F860674B40C7F8643707F5A5
:105230002163D3E90023D7F860175140C7F8581706
:10524000D7F864174B40C7F85C3707F6E813D3E983
:105250000023D7F858175140C7F85017D7F85C17F4
:105260004B40C7F8543707F51C63D3E90023D7F840
:1052700050175140C7F8A012D7F854174B40C7F841
:10528000A432D7E9A82307F52B61C1E9002307F66B
:105290005823D3E9000107F52363D3E9002380EA0B
:1052A0000206C7F848674B40C7F84C3707F6082393
:1052B000D3E90023D7F848175140C7F84017D7F86B
:1052C0004C174B40C7F8443707F51E63D3E900235A
:1052D000D7F840175140C7F83817D7F844174B4054
:1052E000C7F83C3707F6B813D3E90023D7F83817C7
:1052F0005140C7F89812D7F83C174B40C7F89C327A
:10530000D7E9A62307F6A821C1E9002307F52563FD
:10531000D3E9000107F62823D3E9002380EA020637
:10532000C7F830674B40C7F8343707F52063D3E937
:105330000023D7F830175140C7F82817D7F834178B
:105340004B40C7F82C3707F6D813D3E90023D7F81A
:1053500028175140C7F82017D7F82C174B40C7F82B
:10536000243707F51B63D3E90023D7F820175140F2
:10537000C7F89012D7F824174B40C7F89432D7E9F2
:10538000A42307F52A61C1E9002307F64823D3E9DE
:10539000000107F52263D3E9002380EA0206C7F87B
:1053A00018674B40C7F81C3707F6F813D3E90023FA
:1053B000D7F818175140C7F81017D7F81C174B40EB
:1053C000C7F8143707F51D63D3E90023D7F8101782
:1053D0005140C7F80817D7F814174B40C7F80C37D7
:1053E00007F6A813D3E90023D7F808175140C7F8E8
:1053F0008812D7F80C174B40C7F88C32D7E9A22394
:1054000007F69821C1E9002307F52463D3E90001D9
:1054100007F61823D3E9002380EA0206C7F80067DD
:105420004B40C7F8043707F51F63D3E90023D7F8CB
:1054300000175140C7F8F816D7F804174B40C7F8C3
:10544000FC3607F6C813D3E90023D7F8F816514005
:10545000C7F8F016D7F8FC164B40C7F8F43607F536
:105460001A63D3E90023D7F8F0165140C7F8801229
:10547000D7F8F4164B40C7F88432D7E9A02307F5D4
:105480002961C1E90023D7F8AC3ADA0FD7F8A83A76
:105490005B001343C7F8E836D7F8A83ADA0FD7F815
:1054A000AC3A5B001343C7F8EC3607F52963D3E940
:1054B0000023D7F8E8165140C7F87812D7F8EC1651
:1054C0004B40C7F87C32D7E99E2307F68821C1E913
:1054D0000023D7F8A43ADA0FD7F8A03A5B001343B9
:1054E000C7F8E036D7F8A03ADA0FD7F8A43A5B004D
:1054F0001343C7F8E43607F52B63D3E90023D7F845
:10550000E0165140C7F87012D7F8E4164B40C7F8C0
:105510007432D7E99C2307F52861C1E90023D7F845
:105520009C3ADA0FD7F8983A5B001343C7F8D8369D
:10553000D7F8983ADA0FD7F89C3A5B001343C7F8CC
:10554000DC3607F6A823D3E90023D7F8D816514054
:10555000C7F86812D7F8DC164B40C7F86C32D7E9A9
:105560009A2307F67821C1E90023D7F8943ADA0F95
:10557000D7F8903A5B001343C7F8D036D7F8903A83
:10558000DA0FD7F8943A5B001343C7F8D43607F51F
:105590002A63D3E90023D7F8D0165140C7F8601228
:1055A000D7F8D4164B40C7F86432D7E9982307F5EB
:1055B0002761C1E90023D7F8B43ADA0FD7F8B03A37
:1055C0005B001343C7F8C836D7F8B03ADA0FD7F8FC
:1055D000B43A5B001343C7F8CC3607F69823D3E9F7
:1055E0000023D7F8C8165140C7F85812D7F8CC1680
:1055F0004B40C7F85C32D7E9962307F66821C1E92A
:10560000002307F52663D3E9000107F68823D3E9D1
:10561000002380EA0206C7F850624B40C7F85432B4
:10562000D7E9942307F52661C1E9002307F526632E
:10563000D3E9002307F52B61C1E9002307F52363B4
:10564000D3E9000107F52863D3E9002380EA0206C5
:10565000C7F848624B40C7F84C32D7E9922307F5A8
:105660002361C1E9002307F68833A3F5AA7007F682
:105670008833A3F5AC7103681A030B681B0D134341
:10568000C7F840320B681A0303681B0D1343C7F8B1
:105690004432D7E9902307F6A821C1E9002307F592
:1056A0002063D3E9000107F67823D3E9002380EAD9
:1056B0000206C7F838624B40C7F83C32D7E98E2360
:1056C00007F52061C1E9002307F68833A3F5C2700E
:1056D00007F68833A3F5C4710368DA020B685B0D23
:1056E0001343C7F830320B68DA0203685B0D1343CB
:1056F000C7F83432D7E98C2307F52A61C1E90023C2
:1057000007F51D63D3E9000107F52763D3E90023FB
:1057100080EA0206C7F828624B40C7F82C32D7E966
:105720008A2307F51D61C1E9002307F68833A3F535
:10573000DA7007F68833A3F5DC710368DA0A0B68C0
:105740005B051343C7F820320B68DA0A03685B0570
:105750001343C7F82432D7E9882307F69821C1E913
:10576000002307F51A63D3E9000107F66823D3E99C
:10577000002380EA0206C7F818624B40C7F81C32C3
:10578000D7E9862307F51A61C1E9002307F68833B4
:10579000A3F5F27007F68833A3F5F47103689A0C49
:1057A0000B689B031343C7F810320B689A0C03680D
:1057B0009B031343C7F81432D7E9842307F5296103
:1057C000C1E9002307F6A823D3E90023D143C7F892
:1057D000C016DB43C7F8C43607F52A63D3E90023B4
:1057E000D7F8C0161140C7F8B816D7F8C4160B4042
:1057F000C7F8BC3607F52B63D3E90023D7F8B816F2
:105800005140C7F80812D7F8BC164B40C7F80C3205
:10581000D7E9822307F67831C1E90023D7F8843B22
:105820000133F44ADB001344D3E9000107F678336F
:10583000D3E9002382EA0006C7F800624B40C7F8AC
:105840000432D7E9802307F67831C1E9002307F550
:105850002A63D3E90023D143C7F8B016DB43C7F866
:10586000B43607F69823D3E90023D7F8B0161140D1
:10587000C7F8A816D7F8B4160B40C7F8AC3607F629
:10588000A823D3E90023D7F8A8165140C7F8F81188
:10589000D7F8AC164B40C7F8FC31D7E97E2307F5A3
:1058A0003761C1E9002307F69823D3E90023D143E8
:1058B000C7F8A016DB43C7F8A43607F52963D3E978
:1058C0000023D7F8A0161140C7F89816D7F8A416E9
:1058D0000B40C7F89C3607F52A63D3E90023D7F8B5
:1058E00098165140C7F8F011D7F89C164B40C7F8EE
:1058F000F431D7E97C2307F66831C1E9002307F5C5
:105900002963D3E90023D143C7F89016DB43C7F8D6
:10591000943607F52B63D3E90023D7F8901611408E
:10592000C7F88816D7F894160B40C7F88C3607F6D8
:105930009823D3E90023D7F888165140C7F8E81117
:10594000D7F88C164B40C7F8EC31D7E97A2307F526
:105950003661C1E9002307F52B63D3E90023D14366
:10596000C7F88016DB43C7F8843607F6A823D3E9C7
:105970000023D7F880161140C7F87816D7F8841698
:105980000B40C7F87C3607F52963D3E90023D7F825
:1059900078165140C7F8E011D7F87C164B40C7F88D
:1059A000E431D7E9782307F65831C1E9002307F637
:1059B0004823D3E9000107F52763D3E9002380EAF0
:1059C0000206C7F8D8614B40C7F8DC31D7E9762327
:1059D00007F64821C1E9002307F68833A3F59E7036
:1059E00007F68833A3F5A07103681A090B681B0733
:1059F0001343C7F8D0310B681A0903681B07134318
:105A0000C7F8D431D7E9742307F52B61C1E9002326
:105A100007F61823D3E9000107F66823D3E900232A
:105A200080EA0206C7F8C8614B40C7F8CC31D7E915
:105A3000722307F61821C1E9002307F68833A3F57E
:105A4000B67007F68833A3F5B87103681A0B0B68B4
:105A50001B051343C7F8C0310B681A0B03681B05FD
:105A60001343C7F8C431D7E9702307F6A821C1E969
:105A7000002307F52163D3E9000107F68823D3E962
:105A8000002380EA0206C7F8B8614B40C7F8BC3172
:105A9000D7E96E2307F52161C1E9002307F68833B2
:105AA000A3F5BA7007F68833A3F5BC7103685A0FE3
:105AB0000B68DB001343C7F8B0310B685A0F03685B
:105AC000DB001343C7F8B431D7E96C2307F52A612B
:105AD000C1E9002307F51E63D3E9000107F5286338
:105AE000D3E9002380EA0206C7F8A8614B40C7F853
:105AF000AC31D7E96A2307F51E61C1E9002307F637
:105B00008833A3F5D27007F68833A3F5D471036800
:105B10005A030B68DB0C1343C7F8A0310B685A0318
:105B20000368DB0C1343C7F8A431D7E9682307F6F1
:105B30009821C1E9002307F51B63D3E9000107F6AB
:105B40007823D3E9002380EA0206C7F898614B4026
:105B5000C7F89C31D7E9662307F51B61C1E900232B
:105B600007F68833A3F5EA7007F68833A3F5EC71DE
:105B700003685A070B68DB081343C7F890310B68BA
:105B80005A070368DB081343C7F89431D7E9642345
:105B900007F52961C1E9002307F6A823D3E900230B
:105BA000D143C7F87016DB43C7F8743607F52A638C
:105BB000D3E90023D7F870161140C7F86816D7F854
:105BC00074160B40C7F86C3607F52B63D3E9002336
:105BD000D7F868165140C7F88811D7F86C164B40B3
:105BE000C7F88C31D7E9622307F53561C1E9002395
:105BF00002E000BFE022020807F52A63D3E9002390
:105C0000D143C7F86016DB43C7F8643607F698231C
:105C1000D3E90023D7F860161140C7F85816D7F813
:105C200064160B40C7F85C3607F6A823D3E90023B7
:105C3000D7F858165140C7F88011D7F85C164B407A
:105C4000C7F88431D7E9602307F64831C1E900235A
:105C500007F69823D3E90023D143C7F85016DB4356
:105C6000C7F8543607F52963D3E90023D7F850164F
:105C70001140C7F84816D7F854160B40C7F84C36F1
:105C800007F52A63D3E90023D7F848165140C7F82F
:105C90007811D7F84C164B40C7F87C31D7E95E2312
:105CA00007F53461C1E9002307F52963D3E900232F
:105CB000D143C7F84016DB43C7F8443607F52B63DA
:105CC000D3E90023D7F840161140C7F83816D7F8A3
:105CD00044160B40C7F83C3607F69823D3E9002357
:105CE000D7F838165140C7F87011D7F83C164B401A
:105CF000C7F87431D7E95C2307F63831C1E90023CE
:105D000007F52B63D3E90023D143C7F83016DB43F3
:105D1000C7F8343607F6A823D3E90023D7F830169E
:105D20001140C7F82816D7F834160B40C7F82C36A0
:105D300007F52963D3E90023D7F828165140C7F89F
:105D40006811D7F82C164B40C7F86C31D7E95A23A5
:105D500007F53361C1E9002307F65823D3E90001B1
:105D600007F52863D3E9002380EA0206C7F86061DB
:105D70004B40C7F86431D7E9582307F65821C1E9E9
:105D8000002307F68833A3F5967007F68833A3F54A
:105D900098710368DA0F0B685B001343C7F858313A
:105DA0000B68DA0F03685B001343C7F85C31D7E96F
:105DB000562307F52B61C1E9002307F62823D3E911
:105DC000000107F67823D3E9002380EA0206C7F82A
:105DD00050614B40C7F85431D7E9542307F62821C6
:105DE000C1E9002307F68833A3F5AE7007F68833C0
:105DF000A3F5B07103689A0E0B689B011343C7F8B3
:105E000048310B689A0E03689B011343C7F84C3165
:105E1000D7E9522307F6A821C1E9002307F6F813B2
:105E2000D3E9000107F52763D3E9002380EA0206DE
:105E3000C7F840614B40C7F84431D7E9502307F613
:105E4000F811C1E9002307F68833A3F5C67007F6F9
:105E50008833A3F5C8710368DA090B685B0613433E
:105E6000C7F838310B68DA0903685B061343C7F8D3
:105E70003C31D7E94E2307F52A61C1E9002307F633
:105E8000C813D3E9000107F66823D3E9002380EAA9
:105E90000206C7F830614B40C7F83431D7E94C23CC
:105EA00007F6C811C1E9002307F68833A3F5DE70B1
:105EB00007F68833A3F5E07103681A0E0B681B021E
:105EC0001343C7F828310B681A0E03681B021343EB
:105ED000C7F82C31D7E94A2307F69821C1E90023F6
:105EE00007F51C63D3E9000107F68823D3E90023F3
:105EF00080EA0206C7F820614B40C7F82431D7E991
:105F0000482307F51C61C1E9002307F68833A3F590
:105F1000E27007F68833A3F5E47103689A0B0B6807
:105F20009B041343C7F818310B689A0B03689B0452
:105F30001343C7F81C31D7E9462307F52961C1E9A6
:105F4000002307F6A823D3E90023D143C7F820167E
:105F5000DB43C7F8243607F52A63D3E90023D7F8D3
:105F600020161140C7F81816D7F824160B40C7F8AA
:105F70001C3607F52B63D3E90023D7F818165140D8
:105F8000C7F81011D7F81C164B40C7F81431D7E9E1
:105F9000442307F62831C1E9002307F52A63D3E932
:105FA0000023D143C7F81016DB43C7F8143607F6B1
:105FB0009823D3E90023D7F810161140C7F8081624
:105FC000D7F814160B40C7F80C3607F6A823D3E908
:105FD0000023D7F808165140C7F80811D7F80C1657
:105FE0004B40C7F80C31D7E9422307F53261C1E9CC
:105FF000002307F69823D3E90023D143C7F80016FE
:10600000DB43C7F8043607F52963D3E90023D7F843
:1060100000161140C7F8F815D7F804160B40C7F85A
:10602000FC3507F52A63D3E90023D7F8F81551406A
:10603000C7F80011D7F8FC154B40C7F80431D7E971
:10604000402307F61831C1E9002307F52963D3E996
:106050000023D143C7F8F015DB43C7F8F43507F543
:106060002B63D3E90023D7F8F0151140C7F8E815E2
:10607000D7F8F4150B40C7F8EC3507F69823D3E9A9
:106080000023D7F8E8155140C7F8F810D7F8EC15F9
:106090004B40C7F8FC30D7E93E2307F53161C1E931
:1060A000002307F52B63D3E90023D143C7F8E0159C
:1060B000DB43C7F8E43507F6A823D3E90023D7F874
:1060C000E0151140C7F8D815D7F8E4150B40C7F80C
:1060D000DC3507F52963D3E90023D7F8D8155140FB
:1060E000C7F8F010D7F8DC154B40C7F8F430D7E903
:1060F0003C2307F60831C1E9002307F52463D3E9FF
:10610000000107F66823D3E9002380EA0206C7F8F6
:10611000E8604B40C7F8EC30D7E93A2307F5246133
:10612000C1E9002307F68833A3F5A27007F6883388
:10613000A3F5A47103685A090B68DB061343C7F87B
:10614000E0300B685A090368DB061343C7F8E430F4
:10615000D7E9382307F52B61C1E9002307F6382377
:10616000D3E9000107F68823D3E9002380EA020679
:10617000C7F8D8604B40C7F8DC30D7E9362307F6BC
:106180003821C1E9002307F68833A3F5A67007F686
:106190008833A3F5A87103681A010B681B0F13431A
:1061A000C7F8D0300B681A0103681B0F1343C7F8F8
:1061B000D430D7E9342307F6A821C1E9002307F634
:1061C0000823D3E9000107F52863D3E9002380EA17
:1061D0000206C7F8C8604B40C7F8CC30D7E9322375
:1061E00007F60821C1E9002307F68833A3F5BE703E
:1061F00007F68833A3F5C07103689A0D0B689B02FC
:106200001343C7F8C0300B689A0D03689B02134311
:10621000C7F8C430D7E9302307F52A61C1E9002364
:1062200007F6D813D3E9000107F67823D3E9002352
:1062300080EA0206C7F8B8604B40C7F8BC30D7E91F
:106240002E2307F6D811C1E9002307F68833A3F5FA
:10625000D67007F68833A3F5D87103685A0C0B681B
:10626000DB031343C7F8B0300B685A0C0368DB0339
:106270001343C7F8B430D7E92C2307F69821C1E9B6
:10628000002307F6A813D3E9000107F52763D3E934
:10629000002380EA0206C7F8A8604B40C7F8AC307C
:1062A000D7E92A2307F6A811C1E9002307F68833A6
:1062B000A3F5EE7007F68833A3F5F07103681A06AC
:1062C0000B681B0A1343C7F8A0300B681A06036853
:1062D0001B0A1343C7F8A430D7E9282307F529611F
:1062E000C1E9002307F6A823D3E90023D143C7F867
:1062F000D015DB43C7F8D43507F52A63D3E900236B
:10630000D7F8D0151140C7F8C815D7F8D4150B40E9
:10631000C7F8CC3507F52B63D3E90023D7F8C815A8
:106320005140C7F89810D7F8CC154B40C7F89C30AF
:10633000D7E9262307F53061C1E9002307F52A6371
:10634000D3E90023D143C7F8C015DB43C7F8C435F0
:1063500007F69823D3E90023D7F8C0151140C7F8F2
:10636000B815D7F8C4150B40C7F8BC3507F6A823F5
:10637000D3E90023D7F8B8155140C7F89010D7F8E3
:10638000BC154B40C7F89430D7E9242307F6F82111
:10639000C1E9002307F69823D3E90023D143C7F8C6
:1063A000B015DB43C7F8B43507F52963D3E90023FB
:1063B000D7F8B0151140C7F8A815D7F8B4150B4099
:1063C000C7F8AC3507F52A63D3E90023D7F8A81539
:1063D0005140C7F88810D7F8AC154B40C7F88C303F
:1063E000D7E9222307F52F61C1E9002307F52963C7
:1063F000D3E90023D143C7F8A015DB43C7F8A43580
:1064000007F52B63D3E90023D7F8A0151140C7F88F
:106410009815D7F8A4150B40C7F89C3507F69823B4
:10642000D3E90023D7F898155140C7F88010D7F862
:106430009C154B40C7F88430D7E9202307F6E821A4
:10644000C1E9002307F52B63D3E90023D143C7F843
:106450009015DB43C7F8943507F6A823D3E900234A
:10646000D7F890151140C7F88815D7F894150B4048
:10647000C7F88C3507F52963D3E90023D7F88815C9
:106480005140B967D7F88C154B40FB67D7E91E23FD
:1064900007F52E61C1E9002307F52563D3E9000163
:1064A00007F67823D3E9002380EA02063E674B40D3
:1064B0007B67D7E91C2307F52561C1E9002307F6AF
:1064C0008833A3F59A7007F68833A3F59C710368A7
:1064D0009A070B689B081343BB660B689A0703680F
:1064E0009B081343FB66D7E91A2307F52B61C1E923
:1064F000002307F52263D3E9000107F52763D3E9F9
:10650000002380EA02063E664B407B66D7E91823EB
:1065100007F52261C1E9002307F68833A3F5B270BD
:1065200007F68833A3F5B4710368DA050B685B0AD4
:106530001343BB650B68DA0503685B0A1343FB650D
:10654000D7E9162307F6A821C1E9002307F51F6341
:10655000D3E9000107F66823D3E9002380EA0206A5
:106560003E654B407B65D7E9142307F51F61C1E900
:10657000002307F68833A3F5CA7007F68833A3F51E
:10658000CC710368DA010B685B0E1343BB640B68C4
:10659000DA0103685B0E1343FB64D7E9122307F5A6
:1065A0002A61C1E9002307F6E813D3E9000107F6E1
:1065B0008823D3E9002380EA02063E644B407B64D3
:1065C000D7E9102307F6E811C1E9002307F688335D
:1065D000A3F5CE7007F68833A3F5D07103685A028D
:1065E0000B68DB0D1343BB630B685A020368DB0DBA
:1065F0001343FB63D7E90E2307F69821C1E9002373
:1066000007F6B813D3E9000107F52863D3E900239F
:1066100080EA02063E634B407B63D7E90C2307F612
:10662000B811C1E9002307F68833A3F5E67007F631
:106630008833A3F5E87103689A0F0B689B00134336
:10664000BB620B689A0F03689B001343FB62D7E998
:106650000A2307F52961C1E9002307F6A823D3E936
:106660000023D143C7F88015DB43C7F8843507F50D
:106670002A63D3E90023D7F880151140C7F87815AD
:10668000D7F884150B40C7F87C3507F52B63D3E9A1
:106690000023D7F8781551403962D7F87C154B4064
:1066A0007B62D7E9082307F6D821C1E9002307F563
:1066B0002A63D3E90023D143C7F87015DB43C7F839
:1066C000743507F69823D3E90023D7F870151140E5
:1066D000C7F86815D7F874150B40C7F86C3507F67E
:1066E000A823D3E90023D7F868155140B961D7F83A
:1066F0006C154B40FB61D7E9062307F52D61C1E915
:10670000002307F69823D3E90023D143C7F8601587
:10671000DB43C7F8643507F52963D3E90023D7F8CD
:1067200060151140C7F85815D7F864150B40C7F825
:106730005C3507F52A63D3E90023D7F85815514093
:106740003961D7F85C154B407B61D7E9042307F624
:10675000C821C1E9002307F52963D3E90023D14308
:10676000C7F85015DB43C7F8543507F52B63D3E959
:106770000023D7F8501501EA020AD7F8541501EAA8
:10678000030B07F69823D3E9002382EA0A01B960D4
:1067900083EA0B03FB60D7E9022307F52C61C1E90B
:1067A000002307F52B63D3E900236FEA02086FEAA1
:1067B000030907F6A823D3E9002308EA020409EA3B
:1067C000030507F52963D3E9002382EA0401396050
:1067D0006B407B60D7E9002307F6B821C1E90023AD
:1067E000D7F8843B0233C7F8843BD7F8843B172B98
:1067F0007DF704AA07F68833A3F5F673196807F640
:106800007833D3E90023C1E9002307F68833A3F5E1
:10681000F6731B6803F1080107F53763D3E900231A
:10682000C1E9002307F68833A3F5F6731B6803F16B
:10683000100107F66833D3E90023C1E9002307F606
:106840008833A3F5F6731B6803F1180107F5366367
:10685000D3E90023C1E9002307F68833A3F5F673D3
:106860001B6803F1200107F65833D3E90023C1E97F
:10687000002307F68833A3F5F6731B6803F128019C
:1068800007F53563D3E90023C1E9002307F6883310
:10689000A3F5F6731B6803F1300107F64833D3E91B
:1068A0000023C1E9002307F68833A3F5F6731B68BC
:1068B00003F1380107F53463D3E90023C1E900236C
:1068C00007F68833A3F5F6731B6803F1400107F65A
:1068D0003833D3E90023C1E9002307F68833A3F551
:1068E000F6731B6803F1480107F53363D3E900230E
:1068F000C1E9002307F68833A3F5F6731B6803F19B
:10690000500107F62833D3E90023C1E9002307F635
:106910008833A3F5F6731B6803F1580107F532635A
:10692000D3E90023C1E9002307F68833A3F5F67302
:106930001B6803F1600107F61833D3E90023C1E9AE
:10694000002307F68833A3F5F6731B6803F168018B
:1069500007F53163D3E90023C1E9002307F6883343
:10696000A3F5F6731B6803F1700107F60833D3E94A
:106970000023C1E9002307F68833A3F5F6731B68EB
:1069800003F1780107F53063D3E90023C1E900235F
:1069900007F68833A3F5F6731B6803F1800107F649
:1069A000F823D3E90023C1E9002307F68833A3F5D0
:1069B000F6731B6803F1880107F52F63D3E9002301
:1069C000C1E9002307F68833A3F5F6731B6803F1CA
:1069D000900107F6E823D3E90023C1E9002307F675
:1069E0008833A3F5F6731B6803F1980107F52E634E
:1069F000D3E90023C1E9002307F68833A3F5F67332
:106A00001B6803F1A00107F6D823D3E90023C1E9ED
:106A1000002307F68833A3F5F6731B6803F1A8017A
:106A200007F52D63D3E90023C1E9002307F6883376
:106A3000A3F5F6731B6803F1B00107F6C823D3E989
:106A40000023C1E9002307F68833A3F5F6731B681A
:106A500003F1B80107F52C63D3E90023C1E9002352
:106A600007F68833A3F5F6731B6803F1C00107F638
:106A7000B823D3E90023C1E9002300BF07F6883714
:106A8000BD46BDE8F00F704780B485B000AF7860B8
:106A90000023FB600CE0FB68DB007A68D1184FF044
:106AA00000024FF00003C1E90023FB680133FB60E3
:106AB000FB68182BEFD97B6803F1C8014FF0000287
:106AC0004FF00003C1E9002300BF1437BD465DF855
:106AD000047B70472DE9B04FB0B000AFC7F8B400E9
:106AE000C7F8B010C7F8AC20C7F8A830D2E0002330
:106AF000C7F8BC3099E0D7F8B430C833D3E90023E5
:106B0000D7F8BC100020C7F88010C7F88400D7E978
:106B1000208941465118B96749464B41FB674FF000
:106B200000024FF00003D7E91E894146CA084946D2
:106B300042EA41724946CB081346DA00D7F8B4302E
:106B40001344D3E90089D7F8AC20D7F8BC301344FC
:106B50001B78DBB20022C7F8A030C7F8A420D7F812
:106B6000B430C833D3E90023D7F8BC100020C7F8ED
:106B70009010C7F89400D7F8901051183967D7F8DB
:106B800094104B417B673B6F03F00703D900A1F1E1
:106B90002003C1F12002D7F8A40000FA01F5D7F8CC
:106BA000A00000FA03F31D43D7F8A03023FA02F245
:106BB0001543D7F8A03003FA01F4D7F8B430C8333E
:106BC000D3E90023D7F8BC100020C7F88810C7F815
:106BD0008C00D7F888105118C7F89810D7F88C1087
:106BE0004B41C7F89C304FF000024FF00003D7F83C
:106BF0009810CA08D7F89C1042EA4172D7F89C1046
:106C0000CB081346DA00D7F8B430134488EA0402FC
:106C1000BA6689EA0502FA66D7E91A12C3E90012D0
:106C2000D7F8BC300133C7F8BC30D7F8B430C8331C
:106C3000D3E90023D7F8B0309A1AD7F8BC30934282
:106C4000FFF459AFD7F8B430C833D3E90023D7F8ED
:106C5000B030D21AD7F8A8301344C7F8A830D7F804
:106C6000B430C833D3E90023D7F8B0309A1AD7F834
:106C7000AC301344C7F8AC30D7F8B43003F1C801D6
:106C80004FF000024FF00003C1E90023D7F8B40031
:106C9000FCF792FED7F8A83000223B667A66D7F858
:106CA000B430C833D3E90023D7E91889414689189D
:106CB000B965494641EB0303FB65D7F8B0300022C4
:106CC0003B657A65D7E916894346D7E91401024640
:106CD00093424B460A469341BFF409AF0023C7F8DD
:106CE000BC308EE0D7F8B430C833D3E90023D7F8EE
:106CF000BC100020B964F864D7E912452146511848
:106D0000396429464B417B644FF000024FF0000389
:106D1000D7E910452146CA08294642EA4172294668
:106D2000CB081346DA00D7F8B4301344D3E9004552
:106D3000D7F8AC20D7F8BC3013441B78DBB2002264
:106D4000BB63FA63D7F8B430C833D3E90023D7F86C
:106D5000BC10002039637863D7E90C89414651188B
:106D6000B96249464B41FB62BB6A03F00703D90095
:106D7000A1F12003C1F12002D7E90E89484600FAAB
:106D800001FB404600FA03F34BEA030B434623FAA8
:106D900002F24BEA020B434603FA01FAD7F8B43089
:106DA000C833D3E90023D7F8BC10002039627862D9
:106DB000D7E9088941465118B96149464B41FB6101
:106DC0004FF000024FF00003D7E906894146CA0898
:106DD000494642EA41724946CB081346DA00D7F8E1
:106DE000B430134484EA0A023A6185EA0B027A61FC
:106DF000D7E90412C3E90012D7F8BC300133C7F851
:106E0000BC30D7F8BC20D7F8A8309A42FFF46AAF5C
:106E1000D7F8B430C833D3E90023D7F8A81000203E
:106E2000B960F860D7F8B410C831D7E902452046F8
:106E300010183860284643EB00007860D7E900342A
:106E4000C1E9003400BFC037BD46BDE8B08F2DE9B1
:106E5000F00F8AB000AF786239621346FB777B6A25
:106E6000C833D3E900014FF000024FF00003C2081D
:106E700042EA4172CB081346DB007A6A1344D3E935
:106E80000001C7E90001FB7F00229A4693467B6A16
:106E9000C833D3E90023134603F00703DA00A2F155
:106EA0002001C2F120030BFA02F50AFA01F10D43A9
:106EB0002AFA03F31D430AFA02F47B6AC833D3E9C2
:106EC00000014FF000024FF00003C20842EA417295
:106ED000CB081346DB007A6A1344D7E90001024667
:106EE00062403A610A466A407A61D7E90412C3E90E
:106EF00000123B6A013BDB08DB007A6A1344D3E9EA
:106F000000453B6A013B03F00703D9004FF08002C4
:106F10004FF00003A1F12006C1F1200003FA01F9AE
:106F200002FA06F649EA060922FA00F049EA0009DF
:106F300002FA01F83B6A013BDB08DB007A6A134482
:106F400084EA0802BA6085EA0902FA60D7E9021207
:106F5000C3E900127B6A03F1C8014FF000024FF051
:106F60000003C1E9002300BF2837BD46BDE8F00F8C
:106F700070472DE9B04F9EB000AFF866B9667A66EB
:106F80003B6600237B676DE03B6E0022BB64FA64C6
:106F90007B6EC833D3E90023D7E912452146891A0D
:106FA0003964294661EB03037B647B6F0022BB637A
:106FB000FA63D7E910452346D7E90E0102469B182C
:106FC0003B632B460A4653417B634FF000024FF070
:106FD0000003D7E90C452146CA08294642EA417216
:106FE0002946CB081346DA007B6E1344D3E90045EB
:106FF0003B6E0022BB65FA657B6EC833D3E9002384
:10700000B96D891A3965F96D61EB03037B657B6F97
:107010000022BB62FA623B6DD7E90A0102469B1867
:107020003B627B6D0A4653417B623B6A03F0070378
:10703000D900C1F12003A1F1200224FA01FA05FAD6
:1070400003F34AEA030A25FA02F24AEA020A25FA97
:1070500001FBFA6E7B6F1A445FFA8AF313707B6F41
:1070600001337B677A6FBB6E9A4210D27B6F00222E
:10707000BB61FA617B6EC833D3E90023D7E90645CB
:1070800021469142294671EB0303FFF47DAFFA6E6E
:107090007B6F1344FB66BA6E7B6FD31ABB667B6E45
:1070A000C833D3E90023796F002039617861796EA4
:1070B000C831D7E904452046101AB860284663EB6A
:1070C0000003FB60D7E90234C1E9003445E0786E83
:1070D000FCF772FC00237B6723E07B6FDB08DB009F
:1070E0007A6E1344D3E90023796F01F00701C900D8
:1070F000C1F12004A1F1200022FA01F803FA04F4FE
:1071000048EA040823FA00F048EA000823FA01F9E3
:10711000FA6E7B6F13445FFA88F21A707B6F01334B
:107120007B677A6FBB6E9A4203D27A6F3B6E9A424C
:10713000D3D3FA6E7B6F1344FB66BA6E7B6FD31AA0
:10714000BB663A6E7B6FD21A7B6EC83300213A6001
:107150007960D7E90012C3E90012BB6E002BB6D1EB
:1071600000BF00BF7837BD46BDE8B08F80B582B0A4
:1071700000AF7860D02016F029FF03461A467B68DE
:107180001A607B681B68002B02D16F2016F00CFF81
:107190007B681B681846FFF777FC00BF0837BD46C1
:1071A00080BD80B584B000AFF860B9607A60FB68DC
:1071B00018687B68BA688821FFF78CFC00BF10371D
:1071C000BD4680BD80B582B000AF78607B681B682B
:1071D0001F2288211846FFF73AFE00BF0837BD4638
:1071E00080BD80B584B000AFF860B9607A607B681C
:1071F0001A688823B968F868FFF7BBFE00BF10372C
:10720000BD4680BD80B582B000AF78607B681B68EA
:10721000184616F0E3FE00BF0837BD4680BD2DE9D5
:10722000F00F8AB000AFC7E90801FA61D7E9082377
:107230004FF000004FF0000118000021D7E90823AB
:1072400080EA02063E614B407B61FB695B11DA1705
:10725000BB60FA600023D7E902010246D2F1000ABE
:107260000A4663EB020BD7E904120B4603EA0A0451
:10727000134603EA0B05D7E9082382EA04013960C3
:107280006B407B60D7E90034C7E90834FB6903F041
:107290001F01D7E90823C1F12004A1F1200022FA3F
:1072A00001F803FA04F448EA040823FA00F048EA73
:1072B000000823FA01F942464B4610461946283782
:1072C000BD46BDE8F00F70472DE9F00F8AB000AF62
:1072D000C7E90801FA61D7E908234FF000004FF031
:1072E000000111000020D7E9082380EA02063E6170
:1072F0004B407B61FB695B11DA17BB60FA600023CE
:10730000D7E902010246D2F1000A0A4663EB020BFA
:10731000D7E904120B4603EA0A04134603EA0B05F5
:10732000D7E9082382EA040139606B407B60D7E922
:107330000034C7E90834FB6903F01F01D7E90823CB
:10734000A1F12004C1F1200003FA01F902FA04F4CA
:1073500049EA040922FA00F049EA000902FA01F8B0
:1073600042464B46104619462837BD46BDE8F00F49
:1073700070472DE9B00F99B000AF78643964C7E960
:107380000E233B6C03F234433B643B6CDB0FFB6529
:10739000FB6D00229846914618F1FF3449F1FF3504
:1073A000D7E90E2302EA040A03EA050BC7E90EAB8C
:1073B000D7E90E234FF000004FF00001980D002197
:1073C0000346FB65FB6D5A423B6C13403B647B6C90
:1073D000DA173B637A634FF000044FF000053B6B14
:1073E000DD070024D7E90E234FF000004FF0000125
:1073F000900840EA8370990844EA0003BB6245EABA
:107400000103FB623B6C00223B627A624FF0000298
:107410004FF00003396A0B050022D7E90A452146DF
:107420008918B960294643EB0101F960D7E90234B4
:10743000C7E91434BB6B03F00703FB64C822FB6C81
:1074400022FA03F30022BB61FA61BB6903F0010376
:107450003B6100237B61D7E91423D7E9044521462A
:1074600051183960294643EB01017960D7E90034AE
:10747000C7E91434D7E91423104619466437BD46CA
:10748000BDE8B00F70472DE9B04F90B000AFC7E92D
:107490000801D7E908234FF000004FF00001180D54
:1074A00000210346C3F30A03FB63D7E908234FF027
:1074B00000004FF00001990241EA925190023861B8
:1074C00021F040437B61D7E904120B46BB601346B1
:1074D00043F08043FB60D7E90223C7E90A23FB6B33
:1074E000C3F587630533BB63D7E90A01BB6B03F0C0
:1074F0003F031A46FFF793FE02460B46C7E90A23ED
:10750000BB6B403BDB0F0022BB61FA61D7E90A236A
:10751000F96902FB01F0B96901FB03F10144B869A3
:10752000A0FB02454B191D46C7E90A45D7E90801EA
:107530004FF000024FF00003CA0F0023C7E90C23ED
:10754000D7E90C230021D2F1000A61EB030BD7E944
:107550000A238AEA02088BEA0309D7E90C2318EB0D
:107560000201396049EB03037B60D7E90034C7E9C6
:107570000A3407F12803D3E900231046194640379F
:10758000BD46BDE8B08F2DE9B04FDCB000AFC7E914
:107590005201C7F84421D7E952234FF000004FF0C1
:1075A0000001D80F00210346C7F86C31D7F86C31C1
:1075B000DA17984691460023D8F1000463EB0905D9
:1075C000D7E9522382EA040A83EA050BC7E952ABE2
:1075D000D7F86C31DA17C7F83831C7F83C21D7E94A
:1075E0005223D7E94E4521465118B964294643EB49
:1075F0000101F964D7E91234C7E95234D7E95223BB
:10760000C7E95823D7F844310933C7F85C31D7F8B4
:107610005C313F3BC7F85C31D7E958234FF000009D
:107620004FF00001180000210346C7F85831D7F881
:1076300058315A42D7F858311343DB0FC7F8583145
:10764000D7E958234FF000004FF00001110000204F
:10765000D7E9582380EA0204C7F830414B40C7F805
:107660003431D7F858310022C7F82831C7F82C2117
:10767000D7E94A120B46013BC7F82031134643F1C4
:10768000FF33C7F82431D7E94C452346D7E94801F1
:1076900002461340C7F818312B460A461340C7F874
:1076A0001C31D7E95823D7E9464521465140396472
:1076B000294659407964D7E91034C7E95834D7F8D6
:1076C00058315A01D7F85C311344C7F85C31D7E917
:1076D00058234FF000004FF00001180C0021034622
:1076E000C7F85831D7F858315A42D7F858311343B0
:1076F000DB0FC7F85831D7E958234FF000004FF09F
:107700000001190441EA12411004D7E9582380EA24
:107710000204C7F810414B40C7F81431D7F858316C
:107720000022C7F80831C7F80C21D7E942120B46EE
:10773000013BC7F80031134643F1FF33C7F804316A
:10774000D7E944452346D7E9400102461340C7F82C
:10775000F8302B460A461340C7F8FC30D7E95823C7
:10776000D7E93E4521465140B96329465940F9635E
:10777000D7E90E34C7E95834D7F858311A01D7F889
:107780005C311344C7F85C31D7E958234FF000004F
:107790004FF00001180E00210346C7F85831D7F802
:1077A00058315A42D7F858311343DB0FC7F85831D4
:1077B000D7E958234FF000004FF00001190241EAC9
:1077C00012611002D7E9582380EA0204C7F8F0409A
:1077D0004B40C7F8F430D7F858310022C7F8E830EA
:1077E000C7F8EC20D7E93A120B46013BC7F8E03066
:1077F000134643F1FF33C7F8E430D7E93C4523464D
:10780000D7E9380102461340C7F8D8302B460A465C
:107810001340C7F8DC30D7E95823D7E9364521466D
:1078200051403963294659407963D7E90C34C7E997
:107830005834D7F85831DA00D7F85C311344C7F818
:107840005C31D7E958234FF000004FF00001180FCA
:1078500000210346C7F85831D7F858315A42D7F8B3
:1078600058311343DB0FC7F85831D7E958234FF08D
:1078700000004FF00001190141EA12711001D7E92F
:10788000582380EA0204C7F8D0404B40C7F8D430F0
:10789000D7F858310022C7F8C830C7F8CC20D7E94C
:1078A00032120B46013BC7F8C030134643F1FF3399
:1078B000C7F8C430D7E934452346D7E9300102463A
:1078C0001340C7F8B8302B460A461340C7F8BC30FF
:1078D000D7E95823D7E92E4521465140B9622946B8
:1078E0005940F962D7E90A34C7E95834D7F8583112
:1078F0009A00D7F85C311344C7F85C31D7E95823B4
:107900004FF000004FF00001980F00210346C7F828
:107910005831D7F858315A42D7F858311343DB0F52
:10792000C7F85831D7E958234FF000004FF0000155
:10793000990041EA92719000D7E9582380EA020445
:10794000C7F8B0404B40C7F8B430D7F858310022E0
:10795000C7F8A830C7F8AC20D7E92A120B46013B7C
:10796000C7F8A030134643F1FF33C7F8A430D7E976
:107970002C452346D7E9280102461340C7F8983022
:107980002B460A461340C7F89C30D7E95823D7E95D
:107990002645214651403962294659407962D7E946
:1079A0000834C7E95834D7F858315A00D7F85C3151
:1079B0001344C7F85C31D7E958234FF000004FF06B
:1079C0000001D80F00210346C7F85831D7E95823E2
:1079D0009118B9615B41FB61D7E90601D7E95823EA
:1079E00080EA0204C7F890404B40C7F89430D7F8BB
:1079F00058310022C7F88830C7F88C20D7E9221206
:107A00000B46013BC7F88030134643F1FF33C7F8FC
:107A10008430D7E924452346D7E9200102461340A4
:107A2000BB672B460A461340FB67D7E95823D7E9C3
:107A30001E45214651403961294659407961D7E9AF
:107A40000434C7E95834D7F85821D7F85C311344C7
:107A5000C7F85C31D7F86031C3F3080303F2FF13B2
:107A600000223B677A67D7E95823D7E91C452146AE
:107A70001143B96029461943F960D7E90234C7E9CF
:107A80005834D7E958014FF000024FF00003420A82
:107A900042EAC1524B0AC7E95823D7E952230021D1
:107AA0005042B86661EB0303FB66D7E95223D7E97E
:107AB0001A45214611433966294619437966D7E9A3
:107AC00018014FF000024FF00003CA0F00231346C5
:107AD000C7F85431D7F854310022BB65FA6500234A
:107AE000D7E91601024652423A650A4663EB0203A1
:107AF0007B65D7E95823D7E9144521461140396001
:107B0000294619407960D7E90034C7E95834D7F8D5
:107B100054315B42D7F85C211340C7F85C31D7E998
:107B20005823D7F85C11D7F86C01FFF722FC024606
:107B30000B461046194607F5B877BD46BDE8B08F2D
:107B40002DE9B04FADF5087D00AFC7E97601C7E973
:107B500074234FF0FF326FF00043C7E98623D7E963
:107B60007601D7E9862300EA020801EA0309D7E98A
:107B70007401D7E9862300EA020401EA0305B8EBA1
:107B8000040A69EB050BC7E984ABD7E984234FF0FE
:107B900000004FF00001D80F00210546D7E98423EB
:107BA00000215042C7F8C00161EB0303C7F8C4319C
:107BB0004FF000024FF00003D7F8C411CA0F0023A2
:107BC0001346C3F10104D7E976234FF000004FF0CC
:107BD0000001D80F0021034623402B43C7F80C3285
:107BE000D7E97601D7E9742380EA0204C7F8B841DF
:107BF0004B40C7F8BC31D7F80C320022C7F8B0317F
:107C0000C7F8B4210023D7E96C0102465242C7F8F5
:107C1000A8210A4663EB0203C7F8AC31D7E96E45E9
:107C20002346D7E96A01024613403B672B460A46C2
:107C300013407B67D7E91C34C7E98634D7E976015E
:107C4000D7E9862380EA0204BC664B40FB66D7E98D
:107C50001A34C7E97634D7E97401D7E9862380EA74
:107C600002043C664B407B66D7E91834C7E974349C
:107C7000D7E976234FF000004FF00001180D0021E6
:107C80000346C7F80832D7F80832DB12C7F80432C7
:107C9000D7F80832C3F30A03C7F80832D7F8083216
:107CA00003F2FF73DB121A460023C7F8A021C7F8BE
:107CB000A4314FF000024FF00003D7F8A0110B05DC
:107CC0000022C7E98623D7E97623C7F89821C3F3B2
:107CD0001303C7F89C31D7E98623D7E966452146C7
:107CE0001143C7F8901129461943C7F894114FF072
:107CF00000024FF00003D7E964452946CB00214636
:107D000043EA51732146CA00C7E97E23D7F80832F7
:107D1000A3F23643C7F80832D7E974234FF00000C6
:107D20004FF00001180D00210346C7F8F431D7F8D1
:107D3000F431DB12C7F8F031D7F8F431C3F30A039A
:107D4000C7F8F431D7F8F43103F2FF73DB121A46A7
:107D50000023C7F88821C7F88C314FF000024FF09C
:107D60000003D7F888110B050022C7E98623D7E95D
:107D70007423C7F88021C3F31303C7F88431D7E90C
:107D80008623D7E9604521461143C7F87811294673
:107D90001943C7F87C114FF000024FF00003D7E9F8
:107DA0005E452946CB00214643EA51732146CA006D
:107DB000C7E97A23D7F8F431A3F23643C7F8F43190
:107DC000D7F80822D7F8F431D31AC7F8E431D7F836
:107DD000E4313C3BDB0F0022C7F87031C7F8742157
:107DE000D7F8EC31D7E95C45224602FB03F2D7F81D
:107DF000E831294601FB03F31A44D7F8E83121465C
:107E0000A3FB0131C7F8CC11C7F8C831D7F8CC3182
:107E1000D318C7F8CC31D7E97234C7E97A34C7E947
:107E20007A34D7F8E43103F03F03C7F8E431D7F8E8
:107E3000E4214FF001004FF00001FFF745FA024640
:107E40000B46511EB96543F1FF33FB65D7E9163484
:107E5000C7E98634D7E97A01D7E9862300EA020424
:107E6000C7F868410B40C7F86C31D7E98623D7E9DA
:107E70005A4521468918C7F86011294643EB01018C
:107E8000C7F86411D7E97A23D7E958452146114349
:107E90003965294619437965D7E91434C7E97A3435
:107EA000D7F8E421D7E97A01FFF7B9F9C7E97A01F0
:107EB000D7E97A239118B9645B41FB64D7E91201D1
:107EC000D7F80422D7F8F0315340DA17C7F8583101
:107ED000C7F85C210023D7E9564522465242C7F82D
:107EE00050212A4663EB0203C7F85431D7E95445C1
:107EF00023460340C7F848312B460B40C7F84C31A6
:107F0000D7E97A23D7E952452146511AC7F84011DB
:107F1000294663EB0103C7F84431D7E97E23D7E94B
:107F20005045214651183964294643EB01017964D3
:107F3000D7E91034C7E97E34D7F808323F3BC7F899
:107F40000832D7E97E234FF000004FF000011800FF
:107F500000210346C7F8E031D7F8E0315A42D7F89C
:107F6000E0311343DB0FC7F8E031D7E97E234FF050
:107F700000004FF0000111000020D7E97E2380EAC5
:107F80000204C7F838414B40C7F83C31D7F8E0311C
:107F90000022C7F83031C7F83421D7E94C120B461C
:107FA000013BC7F82831134643F1FF33C7F82C31A2
:107FB000D7E94E452346D7E94A0102461340C7F8A0
:107FC00020312B460A461340C7F82431D7E97E23D7
:107FD000D7E9484521465140B96329465940F963DC
:107FE000D7E90E34C7E97E34D7F8E0315A01D7F823
:107FF00008321344C7F80832D7E97E234FF0000057
:108000004FF00001180C00210346C7F8E031D7F803
:10801000E0315A42D7F8E0311343DB0FC7F8E031C3
:10802000D7E97E234FF000004FF00001190441EA28
:1080300012411004D7E97E2380EA0204C7F81841F0
:108040004B40C7F81C31D7F8E0310022C7F8103197
:10805000C7F81421D7E944120B46013BC7F8083191
:10806000134643F1FF33C7F80C31D7E946452346A1
:10807000D7E9420102461340C7F800312B460A46B1
:108080001340C7F80431D7E97E23D7E9404521469C
:1080900051403963294659407963D7E90C34C7E91F
:1080A0007E34D7F8E0311A01D7F808321344C7F804
:1080B0000832D7E97E234FF000004FF00001180E80
:1080C00000210346C7F8E031D7F8E0315A42D7F82B
:1080D000E0311343DB0FC7F8E031D7E97E234FF0DF
:1080E00000004FF00001190241EA12611002D7E9C5
:1080F0007E2380EA0204C7F8F8404B40C7F8FC3002
:10810000D7F8E0310022C7F8F030C7F8F420D7E9FB
:108110003C120B46013BC7F8E830134643F1FF33EE
:10812000C7F8EC30D7E93E452346D7E93A01024685
:108130001340C7F8E0302B460A461340C7F8E43036
:10814000D7E97E23D7E9384521465140B96229460F
:108150005940F962D7E90A34C7E97E34D7F8E031EB
:10816000DA00D7F808321344C7F80832D7E97E237B
:108170004FF000004FF00001180F00210346C7F830
:10818000E031D7F8E0315A42D7F8E0311343DB0F42
:10819000C7F8E031D7E97E234FF000004FF000012F
:1081A000190141EA12711001D7E97E2380EA020425
:1081B000C7F8D8404B40C7F8DC30D7F8E031002290
:1081C000C7F8D030C7F8D420D7E934120B46013BAA
:1081D000C7F8C830134643F1FF33C7F8CC30D7E9AE
:1081E00036452346D7E9320102461340C7F8C0306E
:1081F0002B460A461340C7F8C430D7E97E23D7E997
:108200003045214651403962294659407962D7E9C3
:108210000834C7E97E34D7F8E0319A00D7F808323D
:108220001344C7F80832D7E97E234FF000004FF01F
:108230000001980F00210346C7F8E031D7F8E0317C
:108240005A42D7F8E0311343DB0FC7F8E031D7E9E2
:108250007E234FF000004FF00001990041EA927137
:108260009000D7E97E2380EA0204C7F8B8404B406B
:10827000C7F8BC30D7F8E0310022C7F8B030C7F8F3
:10828000B420D7E92C120B46013BC7F8A83013469F
:1082900043F1FF33C7F8AC30D7E92E452346D7E981
:1082A0002A0102461340C7F8A0302B460A46134065
:1082B000C7F8A430D7E97E23D7E9284521465140A5
:1082C000B96129465940F961D7E90634C7E97E34D6
:1082D000D7F8E0315A00D7F808321344C7F808320B
:1082E000D7E97E234FF000004FF00001D80F0021A6
:1082F0000346C7F8E031D7E97E23911839615B4125
:108300007B61D7E90401D7E97E2380EA0204C7F83C
:1083100098404B40C7F89C30D7F8E0310022C7F8AE
:108320009030C7F89420D7E924120B46013BC7F8D8
:108330008830134643F1FF33C7F88C30D7E9264520
:108340002346D7E9220102461340C7F880302B4666
:108350000A461340C7F88430D7E97E23D7E9204581
:1083600021465140B96029465940F960D7E90234A5
:10837000C7E97E34D7F8E031D7F808221344C7F8AC
:108380000832D7F8F831C3F3080303F2FF130022D1
:10839000BB67FA67D7E97E23D7E91E45214611431B
:1083A0003960294619437960D7E90034C7E97E343A
:1083B000D7E97E014FF000024FF00003420A42EA83
:1083C000C1524B0AC7E97E23D7F808320933C7F8F0
:1083D0000832D7E97E23D7F80812D7F80402FEF74F
:1083E000C8FF02460B461046194607F50877BD46FA
:1083F000BDE8B08F2DE9B04FD2B000AFC7E938016A
:10840000C7E93623D7E938231446C3F31305A24638
:1084100045F4801BC7E950ABD7E936239046C3F338
:108420001309C7F8288049F48013FB62D7E90A349E
:10843000C7E94E34D7F8403123F07E43C7F83431D2
:10844000D7E950234FF000004FF00001500E40EAF2
:10845000C310590E0346C7F83031D7F8383123F02E
:108460007E43C7F82C31D7E94E234FF000004FF080
:108470000001500E40EAC310590E0346C7F82831D8
:10848000D7F834310022C7F8B030C7F8B420D7F895
:108490002C310022C7F8A830C7F8AC20D7E92C450A
:1084A0002B46D7E92A89424602FB03F24B46214676
:1084B00001FB03F3134422464146A2FB0121C7F806
:1084C000D410C7F8D020D7F8D4201344C7F8D4303C
:1084D000D7E93434C7E94834C7E94834D7F82031FC
:1084E00023F07E43C7F81C31D7E948234FF0000042
:1084F0004FF00001500E40EAC310590E0346C7F872
:108500001831D7F834310022C7F8A030C7F8A420BA
:10851000D7F828310022C7F89830C7F89C20D7E94F
:1085200028452B46D7E92689424602FB03F24B46F3
:10853000214601FB03F3134422464146A2FB0121DD
:10854000C7F8CC10C7F8C820D7F8CC201344C7F818
:10855000CC30D7E93234C7E94834C7E94834D7F8D2
:10856000203123F07E42D7F818311344C7F8183170
:10857000D7E948234FF000004FF00001500E40EAC9
:10858000C310590E0346C7F81431D7F83031002212
:10859000C7F89030C7F89420D7F82C310022C7F8DC
:1085A0008830C7F88C20D7E924452B46D7E92289A3
:1085B000424602FB03F24B46214601FB03F3134400
:1085C00022464146A2FB0121C7F8C410C7F8C020CB
:1085D000D7F8C4201344C7F8C430D7E93034C7E90A
:1085E0004834C7E94834D7F8203123F07E42D7F821
:1085F00018311344C7F81831D7E948234FF0000069
:108600004FF00001500E40EAC310590E0246D7F851
:1086100014311344C7F81431D7F830310022C7F8A9
:108620008030C7F88420D7F828310022BB67FA676A
:10863000D7E920452B46D7E91E89424602FB03F2C3
:108640004B46214601FB03F3134422464146A2FB5D
:108650000121C7F8BC10C7F8B820D7F8BC201344D4
:10866000C7F8BC30D7E92E34C7E94234C7E94234F1
:10867000D7F818315A0ED7F814311344C7F814310B
:10868000D7F8183123F07E43C7F81831D7F81431E2
:1086900000223B677A67D7E94223D7E91C45214688
:1086A00051183962294643EB01017962D7E9083450
:1086B000C7E94234D7F81C21D7F81831134303F126
:1086C0000073013B5B0E0022BB66FA66D7E94223CA
:1086D000D7E91A4521461143B96129461943F96181
:1086E000D7E90634C7E94234D7E942234FF0000006
:1086F0004FF00001500840EAC3705908D7E94223FF
:1087000002F001033B6600237B66D7E91845234648
:1087100003433B612B460B437B61D7E90434C7E934
:108720004034D7E942234FF000004FF00001D80D4C
:108730000021C7E94801D7E94201D7E9402380EA8F
:108740000204BC654B40FB65D7E948230021504239
:10875000386561EB03037B65D7E916452346D7E906
:10876000140102461340BB642B460A461340FB64C7
:10877000D7E94223D7E9124521465140B96029463D
:108780005940F960D7E90234C7E94234D7E93801E2
:108790004FF000024FF000030A0D00231346C3F30D
:1087A0000A03C7F8FC30D7E936014FF000024FF05A
:1087B00000030A0D00231346C3F30A03C7F8F83079
:1087C000D7F8FC20D7F8F8301344A3F63402D7F8D2
:1087D00020311344C7F8F430D7E93801D7E93623FC
:1087E00080EA02043C644B407B644FF000024FF08F
:1087F0000003796CCA0F00231346C7F8F030D7F88E
:10880000FC3003F2FF72D7F8F83003F2FF73134025
:10881000DB12C7F8EC30D7F8EC30DA17BB63FA6339
:108820000023D7E90E01024652423A630A4663EB3F
:1088300002037B63D7E94223D7E90C452146114067
:108840003960294619407960D7E90034C7E94234D4
:10885000D7E94223D7F8F410D7F8F000FEF789FDE6
:1088600002460B461046194607F5A477BD46BDE8FB
:10887000B08F2DE9B04FC4B000AFC7E92E01C7E9F2
:108880002C23D7E92E231446C3F31305A24645F43F
:10889000801BC7E942ABD7E92C239046C3F31309E9
:1088A000C7F8488049F48013FB64D7E91234C7E95C
:1088B0003C344FF000024FF00003C7E9402300238F
:1088C000C7F8FC3065E0D7E94201D7E93C23841AB8
:1088D000C7F8A84061EB0303C7F8AC304FF00002C3
:1088E0004FF00003D7F8AC10CA0F0023511E3964B3
:1088F00043F1FF337B64D7E91034C7E93034D7E95B
:108900003001D7E93C2300EA0204C7F8A0400B403D
:10891000C7F8A430D7E94223D7E928452146511AA0
:10892000B963294663EB0103FB63D7E90E34C7E95A
:108930004234D7E9302302F00103C7F8983000230E
:10894000C7F89C30D7E94023D7E926452146114393
:10895000396329460B437B63D7E90C34C7E94034BC
:10896000D7E942239118B9625B41FB62D7E90A3427
:10897000C7E94234D7E94023911839625B417B62F1
:10898000D7E90834C7E94034D7F8FC300133C7F8D9
:10899000FC30D7F8FC30362B95DDD7E94223002197
:1089A0005042C7F8900061EB0303C7F89430D7E951
:1089B0004223D7E9244521461143C7F888102946A8
:1089C0001943C7F88C104FF000004FF00001D7F8A2
:1089D0008C30D80F0021D7E9402342EA0004BC6163
:1089E0000B43FB61D7E90634C7E94034D7E940239C
:1089F0004FF000004FF00001500840EAC3705908E2
:108A0000D7E9402302F00103C7F880300023C7F8FC
:108A10008430D7E92045234603433B612B460B4373
:108A20007B61D7E90434C7E93A34D7E940234FF0F2
:108A300000004FF00001D80D0021C7E93801D7E947
:108A40004001D7E93A2380EA0204BC674B40FB6748
:108A5000D7E9382300215042386761EB03037B6775
:108A6000D7E91E452346D7E91C0102461340BB66E1
:108A70002B460A461340FB66D7E94023D7E91A453F
:108A800021465140B96029465940F960D7E902347E
:108A9000C7E94034D7E92E014FF000024FF0000340
:108AA0000A0D00231346C3F30A03C7F8DC30D7E9E5
:108AB0002C014FF000024FF000030A0D0023134673
:108AC000C3F30A03C7F8D830D7F8DC20D7F8D8307A
:108AD000D31AA3F13702D7F8E0301344C7F8D430E3
:108AE000D7E92E01D7E92C2380EA02043C664B40EB
:108AF0007B664FF000024FF00003796ECA0F00232F
:108B00001346C7F8D030D7F8DC3003F2FF73DB121E
:108B1000C7F8CC30D7F8D020D7F8CC301340C7F8FE
:108B2000D030D7F8CC305B42D7F8D4201340C7F808
:108B3000D430D7F8CC30DA17BB65FA650023D7E913
:108B40001601024652423A650A4663EB02037B6510
:108B5000D7E94023D7E91445214611403960294619
:108B600019407960D7E90034C7E94034D7E9402398
:108B7000D7F8D410D7F8D000FEF7FBFB02460B461F
:108B80001046194607F58877BD46BDE8B08F2DE938
:108B9000B04FBEB000AFC7E92C01D7E92C23144673
:108BA000C3F31305A04645F48019C7E93C89D7E90A
:108BB0002C234FF000004FF00001180D0021034658
:108BC000C3F30A03C7F8D030D7F8D030A3F2FF338D
:108BD000C7F8CC30D7F8CC30DA17C7F8A030C7F8D0
:108BE000A420D7F8A03003F00103C7F89830002381
:108BF000C7F89C30D7E926120B4613F1010A134639
:108C000043F1000BD7F8F4300AFB03F2D7F8F03049
:108C10000BFB03F31A44D7F8F030A3FB0A31C7F873
:108C2000AC10C7F8A830D7F8AC30D318C7F8AC30C0
:108C3000D7E92A34C7E93C34C7E93C34D7F8CC300B
:108C40005B10C7F8CC30D7E93C23911839655B41FC
:108C50007B65D7E91434C7E93C344FF000024FF08C
:108C60000003C7E93A234FF000024FF00003C7E9C1
:108C700038234FF000024FF40013C7E936230023D6
:108C8000C7F8D43093E0D7E93801D7E93623841800
:108C9000BC6441EB0303FB64D7E91234C7E9303409
:108CA000D7E93C01D7E93023841AC7F8904061EB3B
:108CB0000303C7F894304FF000024FF00003D7F8D9
:108CC0009410CA0F0023511E396443F1FF337B64B3
:108CD000D7E91034C7E92E34D7E936239118B963A0
:108CE0005B41FB63D7E90E01D7E92E2300EA0204BA
:108CF000C7F888400B40C7F88C30D7E93823D7E94C
:108D0000224521465118396329464B417B63D7E9F7
:108D10000C34C7E93834D7E93001D7E92E2300EA0B
:108D20000204C7F880400B40C7F88430D7E93C23E1
:108D3000D7E920452146511AB962294663EB010360
:108D4000FB62D7E90A34C7E93C34D7E93601D7E9F1
:108D50002E2300EA0204BC670B40FB67D7E93A23E5
:108D6000D7E91E4521465118396229464B417B629D
:108D7000D7E90834C7E93A34D7E93C239118B961F7
:108D80005B41FB61D7E90634C7E93C34D7E93623B8
:108D90004FF000004FF00001500840EAC37059083E
:108DA000C7E93601D7F8D4300133C7F8D430D7F843
:108DB000D430352B7FF767AFD7E93A239118396163
:108DC0005B417B61D7E90434C7E93A34D7E93C23F6
:108DD00000215042386761EB03037B67D7E93C23EE
:108DE000D7E91C4521461143B96629461943F9665E
:108DF0004FF000024FF00003F96ECA0F0023D7E9CD
:108E00003A0140EA0204BC600B43FB60D7E902343C
:108E1000C7E93A34D7F8CC30363BC7F8CC30D7F86E
:108E2000D03003F2FF73DB12DA173B667A66002359
:108E3000D7E9180102465242BA650A4663EB0203BB
:108E4000FB65D7E93A23D7E9164521461140396039
:108E5000294619407960D7E90034C7E93A34D7E99F
:108E60003A23D7F8CC100020FEF783FA02460B46CF
:108E700010461946F837BD46BDE8B08F2DE9B04F12
:108E8000E0B000AFC7E94E01C7E94C230E4BD3E970
:108E90000023C7E95E234FF000020C4BD7E94E01D7
:108EA000FFF7A8FA02460B4610461946FEF7EBFA02
:108EB00002460B46941843EB0305C7E95A450123C4
:108EC000C7F8743150E100BFF86302080000E043C6
:108ED000D7F86831C7F86431D7E95A234FF000005A
:108EE0004FF00001180000210346C7F86031D7F8A1
:108EF0007831C7F85C31D7E95E234FF000004FF0BE
:108F00000001180000210346C7F85831D7F8643132
:108F10000022C7F8D830C7F8DC20D7F85831002233
:108F2000C7F82831C7F82C21D7E936452B46D7E9B1
:108F30004A01024602FB03F2C7E94A01D7F82C3185
:108F4000214601FB03F313442246D7F82811A2FB64
:108F50000121C7F80C11C7F80821D7F80C211344D8
:108F6000C7F80C31D7F864310022C7F8D030C7F801
:108F7000D420D7F85C310022C7F82031C7F824216B
:108F8000D7E934452B46D7E94801024602FB03F2F4
:108F9000C7E94801D7F82431214601FB03F3134404
:108FA0002246D7F82011A2FB0121C7F80411C7F807
:108FB0000021D7F804211344C7F804314FF0000210
:108FC0004FF00003D7F804110A000023D7E9424507
:108FD00021468918B964294641EB0303FB64D7E9AC
:108FE0001234C7E95434D7F860310022C7F8C830CA
:108FF000C7F8CC20D7F85C310022C7F81831C7F881
:109000001C21D7E932452B46D7E94601024602FB2F
:1090100003F2C7E94601D7F81C31214601FB03F3EF
:1090200013442246D7F81811A2FB0121C7F8EC100F
:10903000C7F8E820D7F8EC201344C7F8EC30D7E99C
:109040003A34C7E95234C7E95234D7E954234FF0D0
:1090500000044FF000051C000025D7E952234FF013
:1090600000004FF000011800002123183B6445EB7D
:1090700001037B64D7E91034C7E95034D7F8503185
:109080000022C7F8C030C7F8C420D7F84831002202
:10909000C7F8B830C7F8BC20D7E930452346D7E930
:1090A0002E0102469B18C7F8B0302B460A465341A2
:1090B000C7F8B4304FF000004FF00001D7F8B430DB
:1090C00018000021D7E950231418BC634B41FB63FF
:1090D000D7E90E34C7E95034D7F860310022C7F819
:1090E000A830C7F8AC20D7F858310022C7F81031A3
:1090F000C7F81421D7E92A452B46D7E9440102468F
:1091000002FB03F2C7E94401D7F81431214601FB01
:1091100003F313442246D7F81011A2FB01894B44F4
:109120009946D7E9502312EB0801396343EB090351
:109130007B63D7E90C34C7E95034AB4AD7F87431B4
:10914000DB001344D3E90001D7E95023841ABC6241
:1091500061EB0303FB62D7E90A34C7E95E34D7F851
:1091600074310133C7F87431D7F874310C2B7FF6A2
:10917000AFAE4FF000029D4BD7E94C01FFF73AF933
:1091800002460B4610461946FEF77DF902460B468D
:10919000911839625B417B62D7E90834C7E95A34D8
:1091A000D7F86831C7F86431D7E95A234FF0000087
:1091B0004FF00001180000210346C7F86031D7F8CE
:1091C0007831C7F85C31D7E95E234FF000004FF0EB
:1091D0000001180000210346C7F85831D7F8643160
:1091E0000022C7F8A030C7F8A420D7F858310022D1
:1091F000C7F89830C7F89C20D7E928452B46D7E90F
:109200002689424602FB03F24B46214601FB03F34B
:10921000134422464146A2FB01AB5B449B46D7F870
:1092200064310022C7F89030C7F89420D7F85C3139
:109230000022C7F88830C7F88C20D7E924452B4690
:10924000D7E92289424602FB03F24B46214601FB45
:1092500003F3134422464146A2FB0121C7F8FC1048
:10926000C7F8F820D7F8FC201344C7F8FC304FF0BB
:1092700000024FF00003D7F8FC100A0000231AEB9D
:109280000201B9614BEB0303FB61D7E90634C7E97F
:109290005434D7F860310022C7F88030C7F88420F2
:1092A000D7F85C310022BB67FA67D7E920452B4627
:1092B000D7E91E89424602FB03F24B46214601FBD9
:1092C00003F3134422464146A2FB0121C7F8E410F0
:1092D000C7F8E020D7F8E4201344C7F8E430D7E912
:1092E0003834C7E95234C7E95234D7E954234FF030
:1092F00000044FF000051C000025D7E952234FF071
:1093000000004FF000011800002123183B6145EBDD
:1093100001037B61D7E90434C7E95E34D7F85031E3
:1093200000223B677A67D7F848310022BB66FA66AD
:10933000D7E91C452346D7E91A0102469B183B662C
:109340000B462A4642EB03037B664FF000024FF0C8
:109350000003796E0A000023D7E95E018418BC601F
:1093600041EB0303FB60D7E90234C7E95E34D7F869
:1093700060310022BB65FA65D7F8583100223B65A1
:109380007A65D7E916452B46D7E91489424602FB90
:1093900003F24B46214601FB03F3134422464146A8
:1093A000A2FB0121C7F8F410C7F8F020D7F8F42089
:1093B0001344C7F8F430D7E95E23D7E93C4521468A
:1093C00051183960294643EB01017960D7E900342F
:1093D000C7E95E34D7E95E231046194607F5C07722
:1093E000BD46BDE8B08F00BFF86302080000E0434F
:1093F00080B483B000AF7860064BD3F88020054975
:109400007B681343C1F8803000BF0C37BD465DF860
:10941000047B70470008005880B483B000AF7860C8
:10942000054B1A6804497B6813430B6000BF0C3777
:10943000BD465DF8047B70470008005880B483B0D7
:1094400000AF0D4B9B6A9BB27B600B4B9B6A9BB240
:109450003B6005E03B687B60074B9B6A9BB23B60CF
:109460007A683B689A42F5D13B6818460C37BD468E
:109470005DF8047B704700BF0028004080B485B0D1
:1094800000AF03460A46FB711346BB71BA791D490A
:1094900013465B001344DB000B4415331B78FB734E
:1094A000FB7B062B09D0FA7B164913465B0013445D
:1094B000DB000B441433FA791A70FA791149134618
:1094C0005B001344DB000B441533FA7B1A70FA7906
:1094D0000C4913465B001344DB000B441433BA7988
:1094E0001A70BA79074913465B001344DB000B443A
:1094F0001533FA791A7000BF1437BD465DF8047B46
:10950000704700BF8003002080B485B000AF0346E1
:109510000A46FB711346BB71294B1B78DBB2BA7943
:109520009A4232D0BA79274913465B001344DB00D4
:109530000B4414331B78FB73FA7B224913465B0000
:109540001344DB000B441533FA791A70FA791D497C
:1095500013465B001344DB000B441533BA791A70D1
:10956000FA79184913465B001344DB000B441433AB
:10957000FA7B1A70BA79134913465B001344DB0077
:109580000B441433FA791A7014E0FA790D49134632
:109590005B001344DB000B441533BA791A70BA79B7
:1095A000084913465B001344DB000B441433FA797B
:1095B0001A7000BF1437BD465DF8047B704700BFCA
:1095C000100400208003002080B584B000AF034663
:1095D000FB714E4B1B78DBB2062B18D14B4B1B7823
:1095E000DAB24B4B1A70494AFB791370FA79494940
:1095F00013465B001344DB000B44153306221A703C
:10960000454B4FF0FF321A600023FB8178E000F0F9
:1096100009F90346FB81FA793E4913465B0013447E
:10962000DB000B4408331968FB89FA79194439487F
:1096300013465B001344DB00034408331960FA79D6
:10964000344913465B001344DB000B4408331B68AA
:10965000BB602E4B1B78DBB219462E4A0B465B00D3
:109660000B44DB00134408331B68BA689A4237D3B3
:10967000264B1B787B737A7B264913465B00134489
:10968000DB000B4415331B783B7313E07A7B2149D5
:1096900013465B001344DB000B4415331B787B73CC
:1096A0007A7B1C4913465B001344DB000B441533E3
:1096B0001B783B733B7B062B0BD03A7B154913463B
:1096C0005B001344DB000B4408331B68BA689A4202
:1096D000DCD27A7BFB7911461846FFF7CFFE0FE00C
:1096E0000A4B1B78DAB2FB7911461846FFF70CFFDC
:1096F000064B1B78DAB2064B1A70044AFB791370DA
:10970000FB8918461037BD4680BD00BF10040020FD
:1097100011040020800300201404002080B485B0D0
:1097200000AF03460A46FB711346BB71394B1B78E9
:10973000DBB2FA799A4211D1364B1B78DAB2364B4A
:109740001A70FA79354913465B001344DB000B4469
:1097500015331B78DAB22F4B1A703EE0FA792F4995
:1097600013465B001344DB000B4414331B78FB737C
:10977000FA792A4913465B001344DB000B44153386
:109780001B78BB73F979FA7B24480B465B000B44CA
:10979000DB00034415331B78D8B2204913465B0025
:1097A0001344DB000B44153302461A70BB7B062BB7
:1097B00013D0F979BA7B19480B465B000B44DB00E8
:1097C000034414331B78D8B2144913465B00134486
:1097D000DB000B44143302461A70FA790F49134622
:1097E0005B001344DB000B440C3301221A70094B5D
:1097F0001B78DBB2062B07D1BB79002B04D1084BB9
:109800004FF0FF321A6000BF00BF1437BD465DF84D
:10981000047B704710040020110400208003002006
:109820001404002080B582B000AF1A4B1B68B3F15E
:10983000FF3F26D0FFF702FE7860164B1B687A6860
:109840009A4205D8134B1A687B68D31A7B600AE0EA
:10985000114B1B881A467B68D31A3B600D4B1B6863
:109860003A6813447B600D4B1B781A467B6802FBF9
:1098700003F37B600A4B1B781A467B68D3407B60FE
:1098800001E000237B607B689BB218460837BD4629
:1098900080BD00BF140400201C0400201A04002016
:1098A0001904002080B582B000AF0346FB80FB881E
:1098B000002B08D1FFF7C2FD0346214A13600320A5
:1098C0000BF0AFFF39E0FB88012B03D81D4B1B7851
:1098D000012B02D0FB88013BFB8000BF1A4B1B68A9
:1098E000DB6803F00403002BF8D0174B1B68DB6820
:1098F000DAB2154B1B6862F49062DA60134B4FF4D6
:109900000022DA6003200BF09AFF114B5B691B0CFD
:109910001B04FA880E4913434B61FFF78FFD034682
:10992000074A1360084B1B689A68074B1B6842F490
:1099300080629A60AFF3008000BF0837BD4680BDEB
:1099400014040020190400206806002000080058B4
:109950000028004080B584B000AF454B9B6803F4FD
:109960008063B3F5806F07D100BF424B1B68DB6893
:1099700003F00403002BF8D13E4B1B689A683D4B63
:109980001B6822F480629A603B4B1B78FB73FA7B66
:109990003A4913465B001344DB000B4408331B6851
:1099A000BB60FFF73FFF0346FB80FB88BA689A4223
:1099B00005D20023BB81324B01221A704DE0FB8897
:1099C000304A128892B213441A46BB68934206D9B1
:1099D0002C4B1B88BB812A4B00221A703DE0BB68D0
:1099E0009AB2FB88D31ABB81254B01221A7034E04E
:1099F000FA7B224913465B001344DB000B44083317
:109A00001A68FB889A420AD2FA7B1C4913465B000B
:109A10001344DB000B44083300221A6013E0FA7B86
:109A2000164913465B001344DB000B4408331968E6
:109A3000FB88FA7BC91A114813465B001344DB000C
:109A4000034408331960FA7B0C4913465B00134446
:109A5000DB000B4415331B78FB73FB7B062BC7D154
:109A6000BB891846FFF71EFF00BF1037BD4680BDFB
:109A70000028004068060020100400208003002019
:109A8000180400201E04002080B58AB000AFEFF358
:109A900010837B617B697B6272B600BF594B1B6888
:109AA000CA225A62574B1B6853225A62554B1B6895
:109AB0009A68544B1B6822F480629A60524B1B7860
:109AC00087F8233097F82320504913465B0013444E
:109AD000DB000B440C331B78DBB2022B6ED197F802
:109AE00023204A4913465B001344DB000B441B68E8
:109AF000FB6197F82320454913465B001344DB00C4
:109B00000B4410331B68BB61414B1B78DBB2002B4D
:109B10004CD097F823203D4913465B001344DB00EB
:109B20000B440D331B78DBB2012B24D197F8233083
:109B300001211846FFF7F2FD7B6A3B613B6983F325
:109B4000108800BF97F82320304913465B00134468
:109B5000DB000B4404331A6897F82330114618468B
:109B600000F032FA274B1B68CA225A62254B1B6849
:109B700053225A6212E07B6AFB60FB6883F3108811
:109B800000BF97F82330184600F09AF91D4B1B6868
:109B9000CA225A621B4B1B6853225A6297F8233021
:109BA000FA691946B86900F095FA22E0FFF7D2FE8B
:109BB0007B6ABB60BB6883F310881AE000BF114B5F
:109BC0001B68DB6803F00403002BF8D00D4B1B6807
:109BD000DB68DAB20B4B1B6862F49062DA600D4B03
:109BE0004FF40022DA607B6A7B607B6883F3108825
:109BF00000BF044B1B68FF225A6200BF2837BD46D6
:109C000080BD00BF680600201004002080030020F3
:109C1000180400200008005880B588B000AF034643
:109C20003960FB715E4B1B68CA225A625C4B1B6831
:109C300053225A625B4B9B685A4A43F0200393605D
:109C4000584B9B68DBB203F00703DBB2C3F104039C
:109C5000DAB2554B1A70534B1B6903F4FE034FF4F1
:109C6000FE023A613A6992FAA2F2FA60FA687A61FF
:109C70007A69002A01D1202203E07A69B2FA82F2DD
:109C8000D2B2D340DBB20133DAB2484B1A70454B43
:109C90001B699BB2C3F30E039BB201339AB2444BD0
:109CA0001A80434B1B88013B404A127802FB03F3A6
:109CB000A3F5A0733C4A1278D340BB61BB694FF651
:109CC000FE72934204D93B4B4FF6FF721A8003E0B9
:109CD000BB699AB2374B1A804FF40020FFF79CFB08
:109CE0004FF40020FFF784FBFB79002B3DD1324B72
:109CF00001221A70314B4FF0FF321A600023FB77BC
:109D00000CE0FA7F2E4913465B001344DB000B4442
:109D10000C3300221A70FB7F0133FB77FB7F052B8E
:109D2000EFD9284B06221A701D4B1B689A681C4BF2
:109D30001B6822F480629A60194B1B68DB68DAB2F8
:109D4000174B1B6862F49062DA601F4B4FF40022DD
:109D5000DA6003200BF073FD114B1B689A68104BFF
:109D60001B6842F480429A6009E00D4B1B68DB6877
:109D700003F48063002B02D003200BF052FD084B4C
:109D80001B68FF225A620022032103200BF007FD0B
:109D900003200BF01EFD00BF2037BD4680BD00BF75
:109DA0006806002000280040190400201A04002042
:109DB0001C0400201E0400201804002014040020AD
:109DC00080030020100400200008005880B48BB0ED
:109DD00000AFF860B9603B601346FB71002387F861
:109DE0002630EFF31083FB61FB693B6272B600BF64
:109DF00004E097F82630013387F8263097F82630AC
:109E0000052B0CD897F826202C4913465B001344E9
:109E1000DB000B440C331B78DBB2002BE9D197F845
:109E20002630062B38D097F82620244913465B00AD
:109E30001344DB000B440C3301221A703B6ABB61F4
:109E4000BB6983F3108800BF97F826201B4913468F
:109E50005B001344DB000B441033FA681A6097F878
:109E60002620164913465B001344DB000B440D33D8
:109E7000FA791A7097F82620104913465B001344AC
:109E8000DB000B443A681A60BB6897F826201A700A
:109E9000002387F8273008E03B6A7B617B6983F306
:109EA000108800BF012387F8273097F8273018461D
:109EB0002C37BD465DF8047B704700BF800300204F
:109EC00080B586B000AF0346FB71EFF31083FB60F3
:109ED000FB687B6172B600BF03200BF088FC344B3B
:109EE0001B68CA225A62324B1B6853225A62FA79A3
:109EF000304913465B001344DB000B440C331B78E2
:109F0000DBB2022B42D1FB7900211846FFF706FC99
:109F1000294B1B78FB74FB7C062B2FD1274B9B68AE
:109F200003F48063B3F5806F07D100BF204B1B683B
:109F3000DB6803F00403002BF8D11D4B1B689A6803
:109F40001B4B1B6822F480629A6000BF184B1B6891
:109F5000DB6803F00403002BF8D0154B1B68DB68AB
:109F6000DAB2134B1B6862F49062DA60144B4FF460
:109F70000022DA6003200BF062FC07E0114B1B7833
:109F8000DBB2FA7C9A4201D0FFF7E4FC084B1B6875
:109F9000FF225A6203200BF01CFC7B69BB60BB688C
:109FA00083F3108800BF00BF1837BD4680BD00BFD7
:109FB00068060020800300201004002000280040D4
:109FC000000800581104002080B586B000AF034699
:109FD0003960FB71FA793B4913465B001344DB009F
:109FE0000B440C331B78DBB2022B03D1FB791846F0
:109FF000FFF766FFEFF31083FB60FB687B6172B6CF
:10A0000000BF03200BF0F3FB2F4B1B68CA225A62E0
:10A010002D4B1B6853225A62FA792A4913465B007A
:10A020001344DB000B440C3302221A70FA792549E1
:10A0300013465B001344DB000B4408333A681A6094
:10A04000FA79204913465B001344DB000B440433C8
:10A050003A681A60FB791846FFF7B6FA03467B8226
:10A060001A4B1B787B741A4B1B78DBB27A7C9A42B2
:10A0700002D0FFF76FFC13E0FA79124913465B0038
:10A080001344DB000B44083319687B8AFA79C91A38
:10A090000C4813465B001344DB000344083319608B
:10A0A000094B1B68FF225A6203200BF092FB7B696D
:10A0B000BB60BB6883F3108800BF00BF1837BD4684
:10A0C00080BD00BF8003002068060020100400202F
:10A0D0001104002080B584B000AFF8600B467A60B0
:10A0E000FB727B68984700BF1037BD4680BD0000FB
:10A0F00080B584B000AFB9607B600346FB73134644
:10A10000BB81FB7B002B02D0022B0DD019E00F4A44
:10A110007B6813600E4B0F4A1A60BB891A46B968F8
:10A120000B480EF04FFA0CE00B4A7B6813600B4BA8
:10A130000B4A1A60BB891A46B96808480EF042FA01
:10A1400000BF00BF1037BD4680BD00BF2004002007
:10A150000005002000380140280400206C04002085
:10A160000080004080B586B000AFB9607B600346D8
:10A17000FB731346BB810023FB750023BB75FB7B80
:10A18000002B02D0022B0FD01DE01F4A7B6813600A
:10A190001E4B1F4A1A60BB891A46B9681B480EF04D
:10A1A0005DFA0346FB750EE01A4A7B6813601A4B92
:10A1B0001A4A1A60BB891A46B96817480EF04EFA57
:10A1C0000346FB7500BFFB7D032B17D801A252F895
:10A1D00023F000BFE5A10008EBA10008F1A10008F1
:10A1E000F7A100080023BB7509E00123BB7506E059
:10A1F0000223BB7503E00323BB7500E000BFBB7DFA
:10A2000018461837BD4680BD2404002000050020F4
:10A21000003801402C0400206C0400200080004025
:10A2200080B582B000AF78607B681B680F4A9342AC
:10A230000AD00F4A93420FD10E4B1B68002B0DD052
:10A240000C4B1B68984709E00B4B1B68002B07D091
:10A25000094B1B68984703E000BF02E000BF00E025
:10A2600000BF00BF0837BD4680BD00BF0080004072
:10A2700000380140200400202804002080B582B06E
:10A2800000AF78607B681B680F4A93420AD00F4A80
:10A2900093420FD10E4B1B68002B0DD00C4B1B684B
:10A2A000984709E00B4B1B68002B07D0094B1B6834
:10A2B000984703E000BF02E000BF00E000BF00BF1E
:10A2C0000837BD4680BD00BF008000400038014017
:10A2D000240400202C0400202DE9F00F8AB000AFE8
:10A2E000C7E90801FA61D7E908234FF000004FF0F1
:10A2F000000118000021D7E9082380EA02063E6128
:10A300004B407B61FB695B11DA17BB60FA6000238D
:10A31000D7E902010246D2F1000A0A4663EB020BBA
:10A32000D7E904120B4603EA0A04134603EA0B05B5
:10A33000D7E9082382EA040139606B407B60D7E9E2
:10A340000034C7E90834FB6903F01F01D7E908238B
:10A35000C1F12004A1F1200022FA01F803FA04F46B
:10A3600048EA040823FA00F048EA000823FA01F951
:10A3700042464B46104619462837BD46BDE8F00F09
:10A3800070472DE9F00F8AB000AFC7E90801FA6104
:10A39000D7E908234FF000004FF000011100002022
:10A3A000D7E9082380EA02063E614B407B61FB69E6
:10A3B0005B11DA17BB60FA600023D7E9020102469D
:10A3C000D2F1000A0A4663EB020BD7E904120B46EE
:10A3D00003EA0A04134603EA0B05D7E9082382EAD5
:10A3E000040139606B407B60D7E90034C7E9083469
:10A3F000FB6903F01F01D7E90823A1F12004C1F193
:10A40000200003FA01F902FA04F449EA040922FAE5
:10A4100000F049EA000902FA01F842464B461046AC
:10A4200019462837BD46BDE8F00F704780B582B0A9
:10A4300000AFC7E900010022D7E90001FDF7A3F84A
:10A4400002460B46104619460837BD4680BD2DE929
:10A45000B04F9EB000AFC7E91201D7E912234FF009
:10A4600000004FF00001990241EA92519002044627
:10A4700021F04045A24645F0804BC7E91CABD7E927
:10A4800012234FF000004FF00001180D0021034689
:10A49000C3F30A03C3F587630533FB66FB6E403BDA
:10A4A000DB0F00223B647A647B6FD7E910452246BC
:10A4B00002FB03F23B6F294601FB03F31A443B6F97
:10A4C0002146A3FB018902EB09039946C7E91C89D0
:10A4D000C7E91C89FB6E03F03F03FB66FB6EC3F10B
:10A4E0003F031A46D7E91C01FFF74BFFC7E91801E4
:10A4F0003C6ED7E918234FF000004FF00001180020
:10A500000021034623F060432343FB65D7E918236A
:10A510004FF000004FF00001580F00210146FB6D85
:10A520005A42FB6D1343DB0F0B43BB65FA6ED7E951
:10A530001C01FFF7D1FEC822BB6D22FA03F30022F3
:10A54000BB63FA63BB6B03F001033B6300237B63D4
:10A55000D7E90C452346C3183B602B4641EB030368
:10A560007B60D7E90034C7E91C34D7E912014FF00A
:10A5700000024FF00003CA0F002313467B657B6D7A
:10A580000022BB62FA620023D7E90A010246524266
:10A590003A620A4663EB02037B62D7E91C23D7E9E0
:10A5A000084521465140B96129465940F9617B6D02
:10A5B00000223B617A61D7E906452346D7E90401C9
:10A5C00002469B18BB600B462A4642EB0303FB6026
:10A5D000D7E90223104619467837BD46BDE8B08F4B
:10A5E00080B582B000AFC7E90001D7E90023D7E901
:10A5F0000001FDF7FFFE02460B46104619460837DC
:10A60000BD4680BD2DE9F00F90B000AFC7E908014D
:10A61000C7E9062307F12003D3E90023C7E90E2386
:10A6200007F11803D3E90023C7E90C23D7E90E018A
:10A63000D7E90C2380EA02063E614B407B614FF074
:10A6400000024FF000037969CA177969CB176FEAE6
:10A65000020A6FEA030BD7E90C2302EA0A01396008
:10A6600003EA0B037B60D7E90023C7E90C23D7E992
:10A670000E01D7E90C23B0EB020861EB03094FF0A0
:10A6800000024FF000034FEAE9724FEAE973134604
:10A6900003F00103FB62D7E90C01D7E90E23841A0A
:10A6A00061EB03054FF000024FF00003EA17EB17D0
:10A6B000134603F00103BB62FA6ABB6A82EA030431
:10A6C000D7E90801D7E9062300EA0205BD600B407F
:10A6D000FB604FF000024FF00003F968CA0F00233F
:10A6E000134604EA0302FB6A534018464037BD464E
:10A6F000BDE8F00F704780B485B000AF7860396076
:10A700007B68FB60FB68DB171A463B681340FA68FE
:10A710001344FB60FB6818461437BD465DF8047BA4
:10A72000704780B483B000AF786039603B68013314
:10A730005B087A68D31ADB0F5A1E3B6813407A68AD
:10A74000D31A18460C37BD465DF8047B704780B4B9
:10A7500085B000AF78607B68C3F10203FB607B6863
:10A76000FA6802FB03F3C3F10202FB6802FB03F386
:10A77000FB607B68FA6802FB03F3C3F10202FB682B
:10A7800002FB03F3FB607B68FA6802FB03F3C3F18F
:10A790000202FB6802FB03F3FB607B68FA6802FBC2
:10A7A00003F3C3F10202FB6802FB03F3FB60FB68E7
:10A7B0005B4223F0004318461437BD465DF8047B26
:10A7C000704780B483B000AF78607B68C3F100430A
:10A7D00018460C37BD465DF8047B704780B487B0DF
:10A7E00000AFF860B9607A60FA68BB681A447B68A9
:10A7F000D31A7B617B69DB171A467B6813407A6941
:10A8000013447B617B6918461C37BD465DF8047BA9
:10A81000704780B487B000AFF860B9607A60FA68BA
:10A82000BB68D31A7B617B69DB171A467B681340D0
:10A830007A6913447B617B6918461C37BD465DF815
:10A84000047B70472DE9B00F97B000AFF863B96390
:10A850007A633B63FB6B0022BB62FA62BB6B002234
:10A86000BB61FA61D7E90A010B46BA6902FB03F240
:10A87000FB69C7E90A01B96A01FB03F31344BA6A29
:10A88000B969A2FB01452B441D46C7E91445C7E938
:10A8900014453B6B0022BB60FA603B6DD7E9024573
:10A8A0002A4602FB03F27B6D214601FB03F31344AE
:10A8B0003A6D2146A2FB012179613A617A6913441C
:10A8C0007B613B6923F000433B6000237B607B6B33
:10A8D00000223B627A62D7E900010B46D7E90845BE
:10A8E000224602FB03F2C7E908457B6A04460D468F
:10A8F000214601FB03F313442246396AA2FB018976
:10A900004B449946C7E91289C7E91289D7E914016E
:10A91000D7E9122310EB020A41EB030B4FF00002C0
:10A920004FF000034FEADA7242EA4B024FEADB7360
:10A930007B6BD31A7B647B6CDB171A467B6B1340F3
:10A940007A6C13447B647B6C18465C37BD46BDE86B
:10A95000B00F704780B584B000AF78603960786818
:10A96000FFF72FFFF8607A68F968F868FFF736FF9D
:10A97000F8603B687A68F968F868FFF763FFF86089
:10A980003B687A68F968F868FFF75CFFF8603B6835
:10A990007A68F968F868FFF755FFF8603B687A68ED
:10A9A000F968F868FFF74EFFF8603B687A68F96865
:10A9B000F868FFF747FFF860FB6803F001037A6867
:10A9C00003FB02F2FB6813445B08FB60FB6818465C
:10A9D0001037BD4680BD80B588B000AFF860B96063
:10A9E0007A603B60FB68013BFB603B68BB61B86819
:10A9F000FFF7E7FE78610023FB6118E0FA68FB6966
:10AA000022FA03F303F00103002B06D07B68BA6837
:10AA1000B9697869FFF716FF78617B68BA68B96928
:10AA2000B869FFF70FFFB861FB690133FB610122D1
:10AA3000FB6902FA03F3FA689A42DFD27B6918468F
:10AA40002037BD4680BD80B588B000AFF860B960E2
:10AA50007A603B607B68023B7B61BB6AFB611E23C3
:10AA6000BB611EE03B687A68F969F869FFF7EAFEA6
:10AA7000F8613B687A68B968F869FFF7E3FE386106
:10AA80007A69BB6922FA03F303F00103F9693A69B1
:10AA90004A4002FB03F3FA695340FB61BB69013B87
:10AAA000BB61BB69002BDDDA3B687A680121F8697C
:10AAB000FFF7C8FEF8613B687A68F969F868FFF744
:10AAC000C1FE034618462037BD4680BD80B58EB016
:10AAD00002AFF860B9607A603B6001227B6802FADD
:10AAE00003F3FB61F96BB86BFFF734FFB861FB6BE5
:10AAF000BA6BB9693868FFF7A5FE38607B68BB623E
:10AB000009E0FB6BBA6B39683868FFF79BFE386069
:10AB1000BB6A0133BB62BB6A092BF2D9B86BFFF782
:10AB200050FE03460093FB6BBA6B3968B869FFF7B8
:10AB30008AFF78617B68C3F10A03BB62B86BFFF7D9
:10AB400040FE38623B6A7B620023FB6224E0FA6AC3
:10AB5000BB6A02FA03F3154A32F813303B613B69D2
:10AB60009B00FA6813447A6A1A603B699B00BA68D2
:10AB700013443A6A1A60FB6BBA6B3968786AFFF75C
:10AB800061FE7862FB6BBA6B7969386AFFF75AFE2F
:10AB90003862FB6A0133FB62FA6AFB699A42D6D3D8
:10ABA00000BF00BF3037BD4680BD00BFD87C020863
:10ABB00080B590B000AFF860B9607A603B603B68E8
:10ABC000002B6DD001223B6802FA03F33B623B6A23
:10ABD000FB630123BB635EE0FB6B5B08FB6100234F
:10ABE0007B6300233B634DE0BA6B7B6B13449B009C
:10ABF0007A6813441B68BB613B6BBA6802FB03F3C2
:10AC00009B00FA681344BB62FB69BA6802FB03F35A
:10AC10009B00BA6A13447B620023FB6227E0BB6A95
:10AC20001B687B617B6A1868FB6CBA6CB969FFF7BB
:10AC300009FE3861BA6C39697869FFF7CFFD0246C1
:10AC4000BB6A1A60BA6C39697869FFF7E2FD02469F
:10AC50007B6A1A60FB6A0133FB62BB689B00BA6ABD
:10AC60001344BB62BB689B007A6A13447B62FA6A36
:10AC7000FB699A42D3D37B6B01337B633A6BFB6BEB
:10AC800013443B637A6BBB6B9A42ADD3FB69FB63A6
:10AC9000BB6B5B00BB63BA6B3B6A9A429CD300E020
:10ACA00000BF4037BD4680BD80B594B000AFF860AE
:10ACB000B9607A603B603B68002B00F09180012214
:10ACC0003B6802FA03F3BB620123FB64BB6ABB640B
:10ACD00061E0BB6C5B083B62FB6C5B00FB610023CB
:10ACE000FB630023BB634DE03A6AFB6B13449B009C
:10ACF0007A6813441B68BB61BB6BBA6802FB03F341
:10AD00009B00FA6813443B63FB6CBA6802FB03F3D5
:10AD10009B003A6B1344FB6200237B6327E03B6B91
:10AD20001B687B61FB6A1B683B61BA6D3969786996
:10AD3000FFF754FD02463B6B1A60BA6D39697869BA
:10AD4000FFF767FDFB6DBA6DB969FFF77BFD024642
:10AD5000FB6A1A607B6B01337B63BB689B003A6BB9
:10AD600013443B63BB689B00FA6A1344FB627A6B33
:10AD7000FB6C9A42D3D3FB6B0133FB63BA6BFB6969
:10AD80001344BB63FA6B3B6A9A42ADD3FB69FB6425
:10AD9000BB6C5B08BB64BB6C012B9AD84FF00042C4
:10ADA0003B6822FA03F37B6200237B64FB683B640D
:10ADB00011E03B6C1868FB6DBA6D796AFFF742FDD4
:10ADC00002463B6C1A607B6C01337B64BB689B0062
:10ADD0003A6C13443B647A6CBB6A9A42E9D300E054
:10ADE00000BF5037BD4680BD90B589B000AFF86058
:10ADF000B9607A603B60BB68013B012202FA03F351
:10AE0000BB610023FB6120E0FB69DB00FA681344AF
:10AE10001B687B61FB69DB000433FA6813441B6821
:10AE20003B613B687A6839697869FFF70BFDFB691C
:10AE30009B00FA68D4183B687A68396BFFF702FD0B
:10AE400003462360FB690133FB61FA69BB699A42DF
:10AE5000DAD300BF00BF2437BD4690BD80B48BB0AD
:10AE600000AFF860B9607A603B6000233B623B68EA
:10AE70005B42FB6100237B6225E07B6A9B00FA68F2
:10AE800013441B68BB617B6A9B00BA6813441B6850
:10AE9000BA69D21A3B6AD31A7B617B69DB0F3B62CA
:10AEA0007B6923F00042BB695A40FB691340BA69D1
:10AEB0005340BB617B6A9B00FA681344BA691A600D
:10AEC0007B6A01337B627A6A7B689A42D5D33B6A9C
:10AED00018462C37BD465DF8047B70472DE9B00F4E
:10AEE0008DB000AFF861B9617A610023BB620023C5
:10AEF000FB623CE0FB6A9B00FA6913441B6800227A
:10AF0000984691467B6900229A4693460AFB09F2CD
:10AF100008FB0BF31344A8FB0A452B441D46BB6AF0
:10AF20000022BB60FA60D7E902120B46E3183B60CF
:10AF3000134645EB03037B60D7E90023C7E90823E9
:10AF40003A6AFB6A9B00F9690B4422F000421A60DE
:10AF5000D7E908014FF000024FF00003C20F42EAA8
:10AF60004102CB0F1346BB62FB6A0133FB62FA6AF4
:10AF7000BB699A42BED3BB6A18463437BD46BDE8AA
:10AF8000B00F704780B588B000AFF860B9607A60E4
:10AF90003B600023FB61BB68BB611CE03B687A68D7
:10AFA000B96AF869FFF74EFCF861BB699B00FA6863
:10AFB00013441A687B68D31A7B617B69DB171A46D6
:10AFC0007B6813407A6913447B617A687969F86910
:10AFD000FFF704FCF861BB695A1EBA61002BDDD192
:10AFE000FB6918462037BD4680BD80B588B002AFEA
:10AFF000F860B9607A603B60BB68002B01D1002328
:10B000001BE03B6A00933B687A68B968F868FFF711
:10B01000B9FF7861BB6803F18043013B9B00FA688C
:10B0200013441B689B0F5A427B6A13407A68194687
:10B030007869FFF7EEFB78617B6918461837BD46E3
:10B0400080BD2DE9B00F93B000AFF862B9627A62AB
:10B050003B6200233B6400237B6456E07B6C9A00D8
:10B06000FB6A13441B68FB637B6C9A00BB6A134446
:10B070001B68BB63BB6B00229A4693463B6A002267
:10B08000BB61FA61D7E90601034603FB0BF20B46ED
:10B090000AFB03F313440246AAFB02452B441D4658
:10B0A000FB6B00223B617A61D7E904120B4614EB7B
:10B0B0000308134645EB03093B6C0022BB60FA60B2
:10B0C000D7E902120B4618EB03033B60134649EB2A
:10B0D00003037B60D7E90023C7E90C23396B7B6C42
:10B0E0009A00FB6A1A4421F000431360D7E90C234D
:10B0F0004FF000004FF00001D00F40EA4300D90F9D
:10B1000003463B647B6C01337B647A6C7B6A9A42B6
:10B11000A4D37B6A9B00FA6A13443A6C1A6000BF9E
:10B120004C37BD46BDE8B00F704780B58AB000AF60
:10B13000F860B9607A6000233B620023FB617B68A2
:10B140007B622BE07B6A9B00FA6813441B68BB613F
:10B150007B6A9B00BA6813441B685A08FB699B070B
:10B1600013437B617B6A9B00BA6813441B6803F03E
:10B170000103FB617A69BB69D31A3B613B695B429E
:10B18000DB0F3A69D21713433B613B6A03F00103BB
:10B190005A1E3B6913403A6A13433B627B6A5A1E4C
:10B1A0007A62002BCED13B6ADB0F7A68B968F86807
:10B1B000FFF754FE00BF2837BD4680BD90B591B063
:10B1C00002AFF860B9607A603B60BB6C1A683B6D97
:10B1D0001A6001237B635CE07A6B13465B001344C7
:10B1E0009B001A46BB6C13441B68BB627A6B134608
:10B1F0005B0013449B001A46BB6C13449B687B6244
:10B20000B86AFFF7A4FA3862396AB86AFFF7A2FB96
:10B21000F8610023FB62FB683B6328E07B6B9B00CB
:10B220003A6B13441B68BB61FB6900933B6ABA6AC3
:10B23000796B386BFFF7A6FE7861BA6A7969B869ED
:10B24000FFF7E7FA01463B6ABA6A786AFFF7FAFA4B
:10B2500038613B697A6B396D386BFFF7F2FEFB6A38
:10B260000133FB627B689B003A6B13443B63FA6AD1
:10B270003B689A42D2D37B6B9B003A6DD418BA6A72
:10B28000796B386DFFF72AFE034623607B6B013331
:10B290007B637A6BBB689A429ED3FB6C002B15D004
:10B2A00000237B63FB683B630CE0BA68396D386B45
:10B2B000FFF73BFF7B6B01337B637B689B003A6B43
:10B2C00013443B637A6B3B689A42EED300BF3C3732
:10B2D000BD4690BD80B489B000AFF860B9607A60B7
:10B2E0007B68BB617B685B425B087B610023FB6121
:10B2F00019E0FB699B00FA6813441B683B613A69DB
:10B300007B695340BA6913443B61FB699B00FA684F
:10B3100013443A6922F000421A603B69DB0FBB61BB
:10B32000FB690133FB61FA69BB689A42E1D300BF54
:10B3300000BF2437BD465DF8047B70472DE9B04F50
:10B34000A4B000AF78653965FA644FF000024FF0A1
:10B350000003C7E920234FF000024FF00003C7E9C4
:10B360001E230023C7F88C30C5E0D7F88C309A0034
:10B370007B6D13441B68FB66D7F88C309A003B6DDD
:10B3800013441B68BB66FB6E00223B647A64D7E9FA
:10B390002C23796C02FB01F0396C01FB03F10144B1
:10B3A000386CA0FB02AB01EB0B039B46BB6E00228B
:10B3B000BB63FA63D7E92E23F96B02FB01F0B96B8B
:10B3C00001FB03F10144B86BA0FB02327A633B63DB
:10B3D0007B6BCB187B63D7E90C120B461AEB03038C
:10B3E000BB6113464BEB0303FB61D7E92023B9692B
:10B3F0008918B960F96941EB0303FB60D7E90223BF
:10B40000C7E91823FB6E0022BB62FA62D7E930233A
:10B41000F96A02FB01F0B96A01FB03F10144B86A61
:10B42000A0FB02454B191D46BB6E00223B627A62AF
:10B43000D7E93223796A02FB01F0396A01FB03F193
:10B440000144386AA0FB028901EB0903994614EB19
:10B4500008033B6145EB09037B61D7E91E2339698A
:10B4600089183960796941EB03037B60D7E90023D0
:10B47000C7E91623D7F88C30002B1BD0D7E9182347
:10B480001146D7F88C3003F18043013B9A007B6D65
:10B490001A4421F000431360D7E916231146D7F868
:10B4A0008C3003F18043013B9A003B6D1A4421F03C
:10B4B0000043136007F16003D3E900234FF000005D
:10B4C0004FF00001D00F40EA4300D917C7E920012F
:10B4D00007F15803D3E900234FF000004FF00001BB
:10B4E000D00F40EA4300D917C7E91E01D7F88C30C6
:10B4F0000133C7F88C30D7F88C20FB6C9A42FFF4EC
:10B5000034AFFB6C03F18043013B9B007A6D134425
:10B51000D7F880201A60FB6C03F18043013B9B004D
:10B520003A6D1344BA6F1A60D7E920014FF0000258
:10B530004FF00003CA0F002313467B67D7E91E01B3
:10B540004FF000024FF00003CA0F002313463B6781
:10B550007A6FF96C786DFFF7BDFE3A6FF96C386D54
:10B56000FFF7B8FE3B6F5A007B6F134318469037C6
:10B57000BD46BDE8B08F80B48BB000AFF860B96055
:10B580007A603B6000233B6200237B6211E07B6AB0
:10B590009B00FA6813441A687B6A9B0079680B4425
:10B5A0001B68D21A3B6AD31ADB0F3B627B6A0133FA
:10B5B0007B627A6ABB689A42E9D33B685B425B086C
:10B5C000FB613B6AC3F101023B6813435B42BB6111
:10B5D0003B683B6200237B6223E07B6A9B00FA6846
:10B5E00013441B687B617B6A9B007A6813441A686A
:10B5F000FB695340BA6913403B617A693B69D21ACF
:10B600003B6AD31A7B617B6A9B00FA6813447A69B0
:10B6100022F000421A607B69DB0F3B627B6A0133D8
:10B620007B627A6ABB689A42D7D300BF00BF2C37CF
:10B63000BD465DF8047B70472DE9B04FB4B000AF54
:10B64000C7F89400C7F89010C7F88C20C7F8883066
:10B650004FF000024FF00003C7E930234FF0000223
:10B660004FF00003C7E92E23D7F894301A68D7F8B3
:10B67000F83003FB02F1D7F890301A68D7F80031A0
:10B6800002FB03F3CA18D7F8F03002FB03F323F0F0
:10B690000043C7F8B430D7F894301A68D7F80831A7
:10B6A00003FB02F1D7F890301A68D7F8103102FB8B
:10B6B00003F3CA18D7F8F03002FB03F323F000437A
:10B6C000C7F8B0300023C7F8CC3032E1D7F8CC301F
:10B6D0009A00D7F8943013441B68C7F8AC30D7F8F9
:10B6E000CC309A00D7F8903013441B68C7F8A830C4
:10B6F000D7F8AC300022BB66FA66D7E93E23F96E74
:10B7000002FB01F0B96E01FB03F10144B86EA0FB2E
:10B710000232C7F88420C7F88030D7F88430CB18BD
:10B72000C7F88430D7F8A83000223B667A66D7E99C
:10B730004023796E02FB01F0396E01FB03F10144F5
:10B74000386EA0FB0232FA65BB65FB6DCB18FB655A
:10B75000D7F88030D7E9160102469B18BB62D7F8AC
:10B7600084300A465341FB62D7F8CC309A00D7F8B0
:10B770008C3013441B680022BB67FA67D7F8B430DB
:10B7800000223B657A65D7E91E010B463A6D02FB44
:10B7900003F27B6DC7E91E01B96F01FB03F313448C
:10B7A000BA6F396DA2FB0121F964BA64FA6C1344D3
:10B7B000FB64BB6AD7E9120102469B183B62FB6A35
:10B7C0000A4653417B62D7E93023396A89183961C7
:10B7D000796A41EB03037B61D7E90423C7E9282396
:10B7E000D7F8AC3000223B647A64D7E94223796C05
:10B7F00002FB01F0396C01FB03F10144386CA0FB42
:10B8000002454B191D46D7F8A8300022BB63FA63E6
:10B81000D7E94423F96B02FB01F0B96B01FB03F19B
:10B820000144B86BA0FB02AB01EB0B039B4614EB8E
:10B830000A03BB6045EB0B03FB60D7F8CC309A00E2
:10B84000D7F88C3013441B6800223B677A67D7F81F
:10B85000B03000223B637A63D7E91C010B463A6B98
:10B8600002FB03F27B6BC7E91C01396F01FB03F399
:10B8700013443A6F396BA2FB01894B449946D7E9CF
:10B8800002120B4613EB0803BB61134643EB09039B
:10B89000FB61D7E92E23B96989183960F96941EB51
:10B8A00003037B60D7E90023C7E92623D7F8CC3010
:10B8B000002B1DD0D7E928231146D7F8CC3003F14F
:10B8C0008043013B9A00D7F894301A4421F000439A
:10B8D0001360D7E926231146D7F8CC3003F1804313
:10B8E000013B9A00D7F890301A4421F000431360CE
:10B8F00007F1A003D3E900234FF000004FF000014F
:10B90000D00F40EA4300D917C7E9300107F1980387
:10B91000D3E900234FF000004FF00001D00F40EAC0
:10B920004300D917C7E92E01D7F8CC300133C7F847
:10B93000CC30D7F8CC20D7F888309A42FFF4C6AE86
:10B94000D7F8883003F18043013B9B00D7F894205F
:10B950001344D7F8C0201A60D7F8883003F1804329
:10B96000013B9B00D7F890201344D7F8B8201A6009
:10B97000D7E930014FF000024FF00003CA0F002357
:10B980001346D7F88C20D7F88810D7F89400FFF723
:10B99000F2FDD7E92E014FF000024FF00003CA0F6D
:10B9A00000231346D7F88C20D7F88810D7F89000DA
:10B9B000FFF7E1FD00BFD037BD46BDE8B08F2DE9F0
:10B9C000F04FADF55F7D0AAFC7F89C02C7F898123B
:10B9D000C7F89422C7F89032D7F87833002B02D1F9
:10B9E000002300F000BED7F89C32C7F8E832D7F841
:10B9F0009832C7F8E432D7F87C33C7F8E032D7F88A
:10BA000078339A00D7F8E0321344C7F8DC32D7F81D
:10BA100078339A00D7F8DC321344C7F8D832D7F815
:10BA200078339A00D7F8D8321344C7F8D432D7F80D
:10BA300094321B681846FEF78AFEC7F8D002D7F882
:10BA400090321B681846FEF782FEC7F8CC02D7F882
:10BA500078339B001A46D7F89412D7F8D80213F01F
:10BA60008AFAD7F878339B001A46D7F89012D7F89D
:10BA7000D40213F080FAD7F8E82201231360D7F834
:10BA8000E832181DD7F87833013B9B001A46002195
:10BA900013F0E1F9D7F878339B001A460021D7F864
:10BAA000E40213F0D8F9D7F878339B001A46D7F898
:10BAB0009012D7F8E00213F05EFAD7F878339B00C3
:10BAC0001A46D7F89412D7F8DC0213F054FAD7F8D4
:10BAD000DC321B685A1ED7F8DC321A60D7F878239C
:10BAE00013465B019B1A5B001E33C7F84C3300F012
:10BAF00043BD4FF0FF33C7F840334FF0FF33C7F873
:10BB00003C330023C7F838330023C7F8343300230D
:10BB1000C7F830330023C7F82C33D7F87833C7F889
:10BB2000443358E0D7F844339A00D7F8D832134456
:10BB30001B68C7F8A432D7F844339A00D7F8D43238
:10BB400013441B68C7F8A032D7F83823D7F8A432BB
:10BB50005A40D7F840331A40D7F838335340C7F823
:10BB60003833D7F83423D7F8A4325A40D7F83C33C7
:10BB70001A40D7F834335340C7F83433D7F830235A
:10BB8000D7F8A0325A40D7F840331A40D7F83033AC
:10BB90005340C7F83033D7F82C23D7F8A0325A4097
:10BBA000D7F83C331A40D7F82C335340C7F82C331E
:10BBB000D7F84033C7F83C33D7F8A422D7F8A032DF
:10BBC000134303F10043013BDB0F5A1ED7F8403308
:10BBD0001340C7F84033D7F84423531EC7F8443303
:10BBE000002A9FD1D7F83823D7F83C331A40D7F82A
:10BBF00034331343C7F83433D7F83C33DA43D7F838
:10BC000038331340C7F83833D7F83023D7F83C33EC
:10BC10001A40D7F82C331343C7F82C33D7F83C33EA
:10BC2000DA43D7F830331340C7F83033D7F8383316
:10BC30000022C7F85831C7F85C21D7E956120B46E5
:10BC40005B08C7F88C320B46DB07C7F88832D7F899
:10BC500034330022C7F85031C7F85421D7F888325E
:10BC6000D7E9540102469B18C7F8B030D7F88C3298
:10BC70000A465341C7F8B430D7E92C23C7E9C82393
:10BC8000D7F830330022C7F84831C7F84C21D7E93C
:10BC900052120B465B08C7F884320B46DB07C7F825
:10BCA0008032D7F82C330022C7F84031C7F844213E
:10BCB000D7F88032D7E9500102469B18C7F8A83060
:10BCC000D7F884320A465341C7F8AC30D7E92A2363
:10BCD000C7E9C623D7F8D8321B68C7F81433D7F89A
:10BCE000D4321B68C7F810334FF001024FF0000345
:10BCF000C7E9C2234FF000024FF00003C7E9C02399
:10BD00004FF000024FF00003C7E9BE234FF00102DD
:10BD10004FF00003C7E9BC230023C7F8EC32EAE286
:10BD2000D7E9C601D7E9C823861AC7F8A06061EB36
:10BD30000303C7F8A430D7E92823C7E9B023D7E91C
:10BD4000C801D7E9C62380EA0206C7F878624B40EB
:10BD5000C7F87C32D7E9C801D7E9B02380EA0206E8
:10BD6000C7F838614B40C7F83C31D7F87832D7E98B
:10BD70004E0102461340C7F87032D7F87C320A46AB
:10BD80001340C7F87432D7E9B023D7F87012514086
:10BD9000C7F83011D7F874124B40C7F834314FF060
:10BDA00000024FF00003D7F83411CA0F00231346E6
:10BDB000C7F8BC32D7F81423D7F8EC3222FA03F3D1
:10BDC00003F00103C7F8B832D7F81023D7F8EC32E4
:10BDD00022FA03F303F00103C7F8B432D7F8B8220C
:10BDE000D7F8B4321A40D7F8BC321340C7F8B03293
:10BDF000D7F8B822D7F8B4321A40D7F8BC32DB43B0
:10BE00001340C7F8AC32D7F8B83283F00102D7F844
:10BE1000B0321343C7F8A832D7F8B0325A42D7F835
:10BE200010331A40D7F814339B1AC7F81433D7F8D5
:10BE3000B0320022C7F82831C7F82C210023D7E9F7
:10BE40004A0102465242C7F868220A4663EB0203DF
:10BE5000C7F86C32D7E9C623D7F868121140C7F883
:10BE60006012D7F86C120B40C7F86432D7E9C823C8
:10BE7000D7F86012511AC7F89810D7F8641263EB1C
:10BE80000103C7F89C30D7E92623C7E9C823D7F8B0
:10BE9000B0320022C7F82031C7F824210023D7E9A7
:10BEA000480102465242C7F858220A4663EB020391
:10BEB000C7F85C32D7E9BE23D7F858121140C7F84B
:10BEC0005012D7F85C120B40C7F85432D7E9C2239E
:10BED000D7F85012511AC7F89010D7F8541263EBE4
:10BEE0000103C7F89430D7E92423C7E9C223D7F860
:10BEF000B0320022C7F81831C7F81C210023D7E957
:10BF0000460102465242C7F848220A4663EB020342
:10BF1000C7F84C32D7E9BC23D7F848121140C7F80C
:10BF20004012D7F84C120B40C7F84432D7E9C0236F
:10BF3000D7F84012511AC7F88810D7F8441263EBAB
:10BF40000103C7F88C30D7E92223C7E9C023D7F80B
:10BF5000AC325A42D7F814331A40D7F810339B1A30
:10BF6000C7F81033D7F8AC320022C7F81031C7F841
:10BF700014210023D7E9440102465242C7F838226F
:10BF80000A4663EB0203C7F83C32D7E9C823D7F867
:10BF900038121140C7F83012D7F83C120B40C7F8DE
:10BFA0003432D7E9C623D7F83012511AC7F88010B7
:10BFB000D7F8341263EB0103C7F88430D7E92023A4
:10BFC000C7E9C623D7F8AC320022C7F80831C7F852
:10BFD0000C210023D7E9420102465242C7F8282229
:10BFE0000A4663EB0203C7F82C32D7E9C223D7F81D
:10BFF00028121140C7F82012D7F82C120B40C7F8AE
:10C000002432D7E9BE23D7F82012511AB967D7F8DE
:10C01000241263EB0103FB67D7E91E23C7E9BE23A4
:10C02000D7F8AC320022C7F80031C7F8042100234A
:10C03000D7E9400102465242C7F818220A4663EB8C
:10C040000203C7F81C32D7E9C023D7F818121140F1
:10C05000C7F81012D7F81C120B40C7F81432D7E9F2
:10C06000BC23D7F81012511A3967D7F8141263EBB2
:10C0700001037B67D7E91C23C7E9BC23D7F8A832A3
:10C080005A1ED7F814331A40D7F814331344C7F89C
:10C090001433D7F8A8320022C7F8F830C7F8FC20CC
:10C0A000D7E93E120B46013BC7F80832134643F16D
:10C0B000FF33C7F80C32D7E9C223D7F80812114072
:10C0C000C7F80012D7F80C120B40C7F80432D7E9B2
:10C0D000C223D7F800125118B966D7F804124B41A1
:10C0E000FB66D7E91A23C7E9C223D7F8A832002292
:10C0F000C7F8F030C7F8F420D7E93C120B46013BF3
:10C10000C7F8F831134643F1FF33C7F8FC31D7E9DC
:10C11000C023D7F8F8111140C7F8F011D7F8FC1177
:10C120000B40C7F8F431D7E9C023D7F8F011511804
:10C130003966D7F8F4114B417B66D7E91823C7E974
:10C14000C023D7E9C8234FF000004FF0000150088A
:10C1500040EAC3705908D7E9C82380EA0206C7F845
:10C16000E8614B40C7F8EC31D7F8A8320022C7F895
:10C17000E830C7F8EC200023D7E93A0102465242E2
:10C18000C7F8E0200A4663EB0203C7F8E430D7F8AB
:10C19000E831D7E9380102461340C7F8E031D7F853
:10C1A000EC310A461340C7F8E431D7E9C823D7F881
:10C1B000E0115140B965D7F8E4114B40FB65D7E970
:10C1C0001623C7E9C823D7F8A8325A42D7F8103344
:10C1D0001A40D7F810331344C7F81033D7F8A832F1
:10C1E0000022C7F8D830C7F8DC200023D7E9360191
:10C1F00002465242C7F8D8210A4663EB0203C7F849
:10C20000DC31D7E9BE23D7F8D8111140C7F8D011D7
:10C21000D7F8DC110B40C7F8D431D7E9BE23D7F8E3
:10C22000D01151183965D7F8D4114B417B65D7E946
:10C230001423C7E9BE23D7F8A8320022C7F8D030AC
:10C24000C7F8D4200023D7E9340102465242C7F888
:10C25000C8210A4663EB0203C7F8CC31D7E9BC23F7
:10C26000D7F8C8111140C7F8C011D7F8CC110B404E
:10C27000C7F8C431D7E9BC23D7F8C0115118B96445
:10C28000D7F8C4114B41FB64D7E91223C7E9BC239B
:10C29000D7E9C6234FF000004FF00001500840EAF4
:10C2A000C3705908D7E9C62380EA020A81EA030B62
:10C2B000D7F8A8320022C7F8C830C7F8CC20D7E991
:10C2C00032120B4613F1FF38134643F1FF390AEAE5
:10C2D00008040BEA0905D7E9C62382EA0401396498
:10C2E0006B407B64D7E91023C7E9C623D7F8EC324B
:10C2F0000133C7F8EC32D7F8EC321E2B7FF710ADC4
:10C30000D7E9BC23CDE90623D7E9BE23CDE9042331
:10C31000D7E9C023CDE90223D7E9C223CDE9002321
:10C32000D7F87823D7F8D412D7F8D802FFF706F851
:10C33000C7F8C802D7F8C8320022C7F8C030C7F81B
:10C34000C420D7F8C03003F00103C7F8B83100208B
:10C35000C7F8BC01D7E9C2239118B9635B41FB63FD
:10C36000D7E90E230021D7F8B8617642C7F8686193
:10C37000D7F8BC6161EB0601C7F86C11D7F86811FA
:10C380001140C7F8B011D7F86C110B40C7F8B431A1
:10C39000D7E9C223D7F8B011511A3963D7F8B411CD
:10C3A00063EB01037B63D7E90C23C7E9C223D7F80A
:10C3B000C8320022C7F8B830C7F8BC20D7F8B83068
:10C3C00003F00103C7F8A831C7F8AC01D7E9C023CF
:10C3D0009118B9625B41FB62D7E90A230021D7F8C3
:10C3E000A8014042C7F86001D7F8AC0161EB000139
:10C3F000C7F86411D7F860111140C7F8A011D7F839
:10C4000064110B40C7F8A431D7E9C023D7F8A011B5
:10C41000511A3962D7F8A41163EB01037B62D7E9A3
:10C420000823C7E9C023D7E9BE239118B9615B414E
:10C43000FB61D7E90601D7F8C8325B080022C7F8CC
:10C440009831C7F89C210023D7F898215242C7F8A9
:10C450009021D7F89C2163EB0203C7F89431D7F8F9
:10C4600090310340C7F88831D7F894310B40C7F8B2
:10C470008C31D7E9BE23D7F88811511A3961D7F822
:10C480008C1163EB01037B61D7E90423C7E9BE2369
:10C49000D7E9BC239118B9605B41FB60D7E9020181
:10C4A000D7F8C8325B080022C7F88031C7F884216A
:10C4B0000023D7F880215242C7F87821D7F8842189
:10C4C00063EB0203C7F87C31D7F878310340C7F833
:10C4D0007031D7F87C310B40C7F87431D7E9BC23F1
:10C4E000D7F87011511A3960D7F8741163EB010352
:10C4F0007B60D7E90023C7E9BC23D7E9BC23CDE99A
:10C500000823D7E9BE23CDE90623D7E9C023CDE927
:10C510000423D7E9C223CDE90223D7F8CC32009314
:10C52000D7F87833D7F89022D7F8E012D7F8E80296
:10C53000FFF782F8D7E9BC23CDE90823D7E9BE236A
:10C54000CDE90623D7E9C023CDE90423D7E9C223E7
:10C55000CDE90223D7F8D0320093D7F87833D7F853
:10C560009422D7F8DC12D7F8E402FFF765F8D7F881
:10C570004C331E3BC7F84C33D7F84C331D2B3FF6DA
:10C58000B8AAD7F8D8321B6883F00103C7F848333C
:10C590000123C7F8443310E0D7F844339B00D7F8A1
:10C5A000D82213441B68D7F848231343C7F84833ED
:10C5B000D7F844330133C7F84433D7F84423D7F8C6
:10C5C00078339A42E8D3D7F848335A42D7F84833F9
:10C5D0001343DB175A1CD7F894321B681A40D7F85C
:10C5E00090321B681340184607F55577BD46BDE8E5
:10C5F000F08F2DE9B00F99B000AFF862B9627A629E
:10C600003B623B6A002B00F090803B6A03F1804361
:10C61000013B9A007B6A13441B689B0F5B425B08DB
:10C62000FB640023BB6500237B65D7F88430FB6582
:10C6300076E0FA6DD7F88430D31ABB64BA6C3B6AE3
:10C640009A4206D2BB6C9A007B6A13441B683B6516
:10C6500001E0FB6C3B653A6DD7F8883002FA03F3D2
:10C6600023F00042BB6D13437B64D7F88830C3F1DD
:10C670001F023B6DD340BB657B6C00229A469346FC
:10C68000D7F88030DA17BB61FA61D7E906010346B3
:10C6900003FB0BF20B460AFB03F313440246AAFB0F
:10C6A00002452B441D46FB6D9A00FB6A13441B6830
:10C6B00000223B617A61D7E904120B4614EB0308B0
:10C6C000134645EB03097B6DDA17BB60FA60D7E9C7
:10C6D00002120B4618EB03033B60134649EB0303BE
:10C6E0007B60D7E90023C7E90E23B96BFB6D9A0085
:10C6F000FB6A1A4421F000431360D7E90E234FF080
:10C7000000004FF00001D00F40EA4300D90F03466C
:10C710007B6307F134031B687B65FB6D0133FB65AD
:10C72000FA6DBB6A9A4284D300E000BF6437BD460D
:10C73000BDE8B00F704780B48DB000AFF860B9604D
:10C740007A603B603B68002B50D03B6803F180432C
:10C75000013B9B007A6813441B689B0F5B425B089C
:10C76000FB610023BB6200237B62BB6BFB6238E092
:10C77000FA6ABB6BD31ABB61BA693B689A4206D2AC
:10C78000BB699B007A6813441B683B6201E0FB694C
:10C790003B623A6AFB6B02FA03F323F00043BA6A86
:10C7A00013437B61FB6BC3F11F033A6A22FA03F365
:10C7B000BB62FB6A9B00FA6813441A687B69D21A51
:10C7C0007B6AD31A3B61FB6A9B00FA6813443A699F
:10C7D00022F000421A603B69DB0F7B62FB6A013387
:10C7E000FB62FA6ABB689A42C2D300E000BF3437EA
:10C7F000BD465DF8047B704780B485B000AF7860BB
:10C800007B681B68FB60FB685B0003F00042FB6811
:10C810001343FB6007F10C031B6818461437BD4631
:10C820005DF8047B70470000B0B590B000AFF860D1
:10C83000B9607A603B6001223B6D02FA03F3FB6151
:10C840007B68002B14D10023FB630CE0FB6BDB0047
:10C85000FA68D1184FF000024FF00003C1E900233D
:10C86000FB6B0133FB63FA6BFB699A42EED374E016
:10C870000023FB636DE07B6803F18043013B9B0079
:10C88000BA6813441B689B0F5B42BB61BB695B08C2
:10C890007B61BB6903F001037B634FF000024FF043
:10C8A0000003C7E90A234FF000022D4BC7E9082314
:10C8B0000023BB6339E0BB6B9B00BA6813441A6862
:10C8C0007B695A407B6B13443B613B69DB0F7B63A5
:10C8D0003B6923F000433B613A693B695900BB69FE
:10C8E0000B40D31A3B6107F110031B68DA171C4693
:10C8F000154620462946FDF799FDD7E90823FBF7A1
:10C9000079FD02460B46D7E90A01FBF719F9C7E999
:10C910000A01BB6B0133BB634FF00002114BD7E937
:10C920000801FBF767FDC7E90801BA6B7B689A420B
:10C93000C1D3FB6BDB00FA68D118D7E90A23C1E940
:10C940000023FB6B0133FB633B689B00BA68134415
:10C95000BB60FA6BFB699A428DD34037BD46B0BDD0
:10C960000000F03F0000E04180B588B000AFF86003
:10C97000B9607A603B6001223B6802FA03F3BB6155
:10C980000023FB611BE0FB699B00BA681344184657
:10C99000FFF732FF78617B685B427A699A4203DB7A
:10C9A0007A697B689A4201DD00230DE0FA68FB6931
:10C9B00013447A6952B21A70FB690133FB61FA6958
:10C9C000BB699A42DFD3012318462037BD4680BD9C
:10C9D00080B58EB004AFF860B9607A603B60012228
:10C9E0007B6C02FA03F33B6100237B6240E07B6ACD
:10C9F0009B00BA6B13441B685B423B627B6A7A689C
:10CA000002FB03F39B00FA681344BB613B687B6144
:10CA10000023FB6125E03B6C0293FB6B01933B6AB7
:10CA200000933B6B7A69B968B869FFF7E2FD7A6AEF
:10CA3000FB691A443B69013B9A4205D1FB68BB6123
:10CA40003B6A5B423B6204E07B689B00BA6913442B
:10CA5000BB617B6B9B007A6913447B61FB6901338B
:10CA6000FB61FA693B699A42D5D37B6A01337B62E9
:10CA70007A6A3B699A42BAD300BF00BF2837BD46E5
:10CA800080BD000090B599B004AFF860B9607A60DD
:10CA90003B6001227B6F02FA03F3FB633B6E0133C1
:10CAA000BB63BB6F7B6304227B6F02FA03F37A6B79
:10CAB00013443B6304227B6F02FA03F33A6B134483
:10CAC000FB62FB6BBA6B02FB03F39B00FA6A134435
:10CAD000BB627C4B7B6200237B64BAE07A6C1346BA
:10CAE0005B0013449B001A467B6A13441B683B623D
:10CAF000386AFDF72CFEF861F969386AFDF72AFFFC
:10CB0000B861BB69FA69396A386EFDF764FF78610C
:10CB10007A6C13465B0013449B001A467B6A1344ED
:10CB20005A68FB6901933B6A009313467A6F396B2D
:10CB3000786BFDF7CBFF00233B6410E03B6C9B0060
:10CB4000BA6E134418683B6C9B00BA6AD418396AF1
:10CB5000FDF7D1FD034623603B6C01333B643A6C27
:10CB6000FB6B9A42EAD3FB6901933B6A00937B6FAC
:10CB70007A6B0121B86AFEF71BF800233B643B681F
:10CB8000BB647B6C9B00FA6A1344FB6419E07B690D
:10CB90000193BB690093FB693A6A396EB86CFEF782
:10CBA00024FA0246FB6C1A603B6C01333B647B6EDB
:10CBB0009B00BA6C1344BB64BB6B9B00FA6C1344C0
:10CBC000FB643A6CFB6B9A42E1D37B6C9B00FA6A84
:10CBD000D018FB6901933B6A00937B6F7A6BB96B4A
:10CBE000FDF7E6FF00233B647B6C9B00FA6A13446D
:10CBF000FB641AE03B6C9B00BA6A13441868FB6C38
:10CC00001968FB693A6AFDF71DFEFB693A6AB96962
:10CC1000FDF718FE0246FB6C1A603B6C01333B6467
:10CC2000BB6B9B00FA6C1344FB643A6CFB6B9A423F
:10CC3000E0D37B6C9B00FA6AD018FB6901933B6AD6
:10CC400000937B6F3A6BB96BFEF72EF87B6C013368
:10CC50007B647A6CBB6B9A42FFF440AFBB6A029371
:10CC6000012301937B6A0093FB6BBA6BB96BF86A83
:10CC7000FEF7A4FA00237B64FB68FB64FB6ABB64D9
:10CC800016E03B6F0193FB6E0093BB6BBA6CB96807
:10CC9000F86CFFF750FD7B6C01337B647B689B0075
:10CCA000FA6C1344FB64BB6B9B00BA6C1344BB640B
:10CCB0007A6CFB6B9A42E4D300BF00BF5437BD4689
:10CCC00090BD00BF606402082DE9B04F9EB000AF78
:10CCD000F86607F17003FA6E08211846FAF781FA30
:10CCE00097F87030DBB200223B667A6697F87130B5
:10CCF000DBB200221C4615464FF000024FF0000345
:10CD00002B0243EA14632202D7E918452146114356
:10CD1000B96529461943F96597F87230DBB20022EC
:10CD2000984691464FF000024FF000034FEA094346
:10CD300043EA18434FEA0842D7E916452146114312
:10CD4000396529461943796597F87330DBB20022BB
:10CD5000BB64FA64D7E912120B464FEA132B0B4659
:10CD60004FEA036AD7E914120B4643EA0A033B640D
:10CD7000134643EA0B037B6497F87430DBB200225E
:10CD8000BB63FA634FF000024FF00003B96B0B0076
:10CD90000022D7E91045214611433963294619433A
:10CDA000796397F87530DBB20022BB62FA624FF00C
:10CDB00000024FF00003B96A0B020022D7E90C45CC
:10CDC00021461143396229461943796297F8763032
:10CDD000DBB20022BB61FA614FF000024FF00003AA
:10CDE000B9690B040022D7E908452146114339618E
:10CDF00029461943796197F87730DBB20022BB608E
:10CE0000FA604FF000024FF00003B9680B060022F1
:10CE1000D7E9044521461143396029461943796011
:10CE2000D7E90023104619467837BD46BDE8B08FD4
:10CE30002DE9B04F90B000AFF860B960BB68C3F1A6
:10CE40000A03012202FA03F3FB620023BB630023FF
:10CE5000FB6375E0F868FFF737FFC7E90801D7E91A
:10CE600008014FF000024FF00003CA0F00231346E1
:10CE7000FB61D7E90823924623F0004BC7E908ABD2
:10CE800036A1D1E90001D7E90823141A63EB0105A3
:10CE90004FF000024FF00003EA0F002313467B63BC
:10CEA00000237B61F868FFF70FFFC7E90801D7E9A6
:10CEB00008233A6023F000437B60D7E90023C7E9E9
:10CEC000082301233B6328E0234A3B6BDB00134428
:10CED000D3E90023D7E90801B0EB020861EB0309AD
:10CEE0004FF000024FF000034FEAD97200231346BF
:10CEF00083F00103BB617B6B83F00102BB691340CC
:10CF00005A423B6B1A407B6913437B617A6BBB6966
:10CF100013437B633B6B01333B633B6B1A2BD3D9CE
:10CF2000FB695A427B695A40FB6913447B6107F1F4
:10CF300014031B68BA6B1344BB63FB6B0133FB63C5
:10CF4000FA6BFB6A9A4285D3BB6B18464037BD46E5
:10CF5000BDE8B08FAFF30080D884020858ABF22D43
:10CF6000D837D11180B489B000AF78603960012220
:10CF70003B6802FA03F33B610023BB6100237B6142
:10CF80000023FB6113E07A68FB69134493F90030D6
:10CF9000FB60FB6803FB03F31A46BB691344BB61E8
:10CFA0007A69BB6913437B61FB690133FB61FA69F1
:10CFB0003B699A42E7D37B69DB171A46BB69134387
:10CFC00018462437BD465DF8047B704780B487B0AF
:10CFD00000AF786039607B683B613B68FB60FA6852
:10CFE0003B69D31A7B617B6903F00703BB60BB68B5
:10CFF000002B04D07A69BB68D31A08337B613A6985
:10D000007B69134418461C37BD465DF8047B7047A6
:10D0100080B487B000AF786039607B683B613B6863
:10D02000FB60FA683B69D31A7B617B6903F00303F9
:10D03000BB60BB68002B04D07A69BB68D31A043389
:10D040007B613A697B69134418461C37BD465DF81D
:10D05000047B7047F0B587B000AFF860B9607A60C4
:10D0600001227B6802FA03F33B6100237B6117E036
:10D07000BA687B69134493F900305BB2DA171C4637
:10D0800015467B69DB00FA68D61820462946FDF76D
:10D09000CDF902460B46C6E900237B6901337B616B
:10D0A0007A693B699A42E3D300BF00BF1C37BD4693
:10D0B000F0BD000090B5A9B004AFF860B9607A6027
:10D0C0003B600122BB6802FA03F3BB67BB6F5B08DE
:10D0D0007B67944A7B6852F823303B677B68013357
:10D0E000904A52F82330FB668F4BBB66FB687B6629
:10D0F0007B6FFA6E02FB03F39B007A6E13443B6670
:10D100007B6FFA6E02FB03F39B003A6E1344FB65E0
:10D11000BB6F3A6F02FB03F39B00FA6D1344BB65D0
:10D12000BB6F3A6F02FB03F39B00BA6D13447B6540
:10D13000BB6F9B007A6D13443B65BB6F9B003A6DE0
:10D140001344FB64BB6F3A6F02FB03F3DB001A4628
:10D15000F968F86D11F066FE0023C7F88C304EE1D7
:10D16000D7F88C2013465B0013449B001A46BB6E15
:10D1700013441B68BB62B86AFDF7E9FA7862796A02
:10D18000B86AFDF7E7FB3862D7F88C2013465B00DE
:10D1900013449B001A46BB6E13445A687B6A019382
:10D1A000BB6A00931346BA68396D786DFDF78EFC43
:10D1B0000023C7F88830D7F88C309B00FA6D1344F1
:10D1C000C7F8843014E0D7F888309B00FA6C134419
:10D1D000D7F8842012681A60D7F888300133C7F86E
:10D1E00088303B6F9B00D7F884201344C7F8843005
:10D1F000D7F88820BB6F9A42E5D33B68002B09D152
:10D200007B6A0193BB6A0093BB687A6D0121F86C5D
:10D21000FDF7CEFC0023C7F88830D7F88C309B0090
:10D220007A6E1344C7F8843029E0D7F88830DB00E1
:10D23000FA6C13441B687B61D7F88830DB00043339
:10D24000FA6C13441B683B617B6ABA6A3969786976
:10D25000FDF7F8FA7B6ABA6A396AFDF7F3FA024613
:10D26000D7F884301A60D7F888300133C7F888308F
:10D27000FB6E9B00D7F884201344C7F88430D7F89E
:10D2800088207B6F9A42D0D33B68002B0DD0D7F813
:10D290008C309B00FA6DD0187B6A0193BB6A0093B7
:10D2A000BB683A6D396FFDF7FFFC0023C7F8883083
:10D2B000D7F88C309B00BA6D1344C7F8843014E063
:10D2C000D7F888309B00FA6C1344D7F88420126892
:10D2D0001A60D7F888300133C7F888303B6F9B005D
:10D2E000D7F884201344C7F88430D7F88820BB6F60
:10D2F0009A42E5D33B68002B09D17B6A0193BB6A54
:10D300000093BB687A6D0121F86CFDF751FC002396
:10D31000C7F88830D7F88C309B003A6E1344C7F8B2
:10D3200084302DE0B085020860640208D7F88830A8
:10D33000DB00FA6C13441B68FB61D7F88830DB0014
:10D340000433FA6C13441B68BB617B6ABA6AB9691F
:10D35000F869FDF777FA7B6ABA6A396AFDF772FAFB
:10D360000246D7F884301A60D7F888300133C7F8FE
:10D370008830FB6E9B00D7F884201344C7F88430B4
:10D38000D7F888207B6F9A42D0D33B68002B0DD012
:10D39000D7F88C309B00BA6DD0187B6A0193BB6ABA
:10D3A0000093BB683A6D396FFDF77EFCD7F8A0306B
:10D3B000002B1FD1D7F88C309B007A6ED018BB6839
:10D3C0005A1E7B6A0193BB6A009313463A6DF96E4D
:10D3D000FDF76AFCD7F88C309B003A6ED018BB681A
:10D3E0005A1E7B6A0193BB6A009313463A6DF96E2D
:10D3F000FDF75AFCD7F88C300133C7F88C30D7F8DA
:10D400008C203B6F9A42FFF4ABAE7B6D02930123FD
:10D410000193BB6E0093BB6F3A6F396FF86DFDF7E8
:10D42000CDFE7B6D029301230193BB6E0093BB6F16
:10D430003A6F396FB86DFDF7C1FE3B6FC7F88C309E
:10D4400023E1D7F88C2013465B0013449B001A4657
:10D45000BB6E13441B68BB64B86CFDF778F9786445
:10D46000796CB86CFDF776FA38643B6C7A6CB96C01
:10D47000386FFDF7B0FAF863D7F88C2013465B00DD
:10D4800013449B001A46BB6E13445A687B6C01938D
:10D49000BB6C00931346BA68396D786DFDF716FBC7
:10D4A0000023C7F88030FB6DFB671AE0D7F88030A7
:10D4B0009B00FA6CD418FB6B01933B6C00937B6C64
:10D4C000BA6C396FF86FFDF790FD03462360D7F80B
:10D4D00080300133C7F880303B6F9B00FA6F1344F4
:10D4E000FB67D7F88020BB6F9A42DFD37B6C019338
:10D4F000BB6C0093BB687A6D0121F86CFDF758FB9B
:10D500000023C7F88030D7F88C309B007A6E134424
:10D51000FB6726E0D7F88030DB00FA6C13441B6809
:10D520003B63D7F88030DB000433FA6C13441B688C
:10D53000FB627B6CBA6CF96A386BFDF783F97B6C24
:10D54000BA6C396CFDF77EF90246FB6F1A60D7F8AA
:10D5500080300133C7F88030FB6E9B00FA6F1344B4
:10D56000FB67D7F880207B6F9A42D3D30023C7F89C
:10D570008030BB6DFB671AE0D7F880309B00FA6CF7
:10D58000D418FB6B01933B6C00937B6CBA6C396FC6
:10D59000F86FFDF72AFD03462360D7F8803001338A
:10D5A000C7F880303B6F9B00FA6F1344FB67D7F8D6
:10D5B0008020BB6F9A42DFD37B6C0193BB6C0093DE
:10D5C000BB687A6D0121F86CFDF7F2FA0023C7F809
:10D5D0008030D7F88C309B003A6E1344FB6726E00E
:10D5E000D7F88030DB00FA6C13441B68BB63D7F8B4
:10D5F0008030DB000433FA6C13441B687B637B6C64
:10D60000BA6C796BB86BFDF71DF97B6CBA6C396C31
:10D61000FDF718F90246FB6F1A60D7F88030013326
:10D62000C7F88030FB6E9B00FA6F1344FB67D7F896
:10D6300080207B6F9A42D3D3D7F8A030002B1FD124
:10D64000D7F88C309B007A6ED018BB685A1E7B6C62
:10D650000193BB6C009313463A6DF96EFDF724FB02
:10D66000D7F88C309B003A6ED018BB685A1E7B6C82
:10D670000193BB6C009313463A6DF96EFDF714FBF2
:10D68000D7F88C300133C7F88C30D7F88C20FB6E7C
:10D690009A42FFF4D6AE00BF00BF9437BD4690BD9E
:10D6A00090B593B002AFF860B9607A603B60012238
:10D6B0003B6802FA03F37B63FB683B637B6B9B0075
:10D6C0003A6B1344FB62524BBB62BB6A1B687B62C2
:10D6D0000023FB6320E0BA68FB6B134493F900302E
:10D6E0001846FB6B9B003A6BD418796AFDF703F878
:10D6F000034623607A68FB6B134493F900301846A5
:10D70000FB6B9B00FA6AD418796AFCF7F4FF0346B6
:10D710002360FB6B0133FB63FA6B7B6B9A42DAD3BA
:10D720003B6D002B36D17B6D002B33D0BB6A1B6861
:10D730003B62386AFDF70BF8F8617B6B9B00FA6A75
:10D740001344BB6104223B6802FA03F3BA69134431
:10D750007B61BB6A5A68FB6901933B6A009313467D
:10D760003A687969B869FDF7B1F9FB6901933B6AD9
:10D7700000933B68BA690121386BFDF719FAFB6920
:10D7800001933B6A00933B68BA690121F86AFDF78F
:10D790000FFA39E03B6D002B35D03B6D012B08D1E2
:10D7A0007B6D0093002300223968F868FFF782FC44
:10D7B0002AE001230093002300223968F868FFF76C
:10D7C00079FC0123BB630CE03A68BB6BD11A0123DF
:10D7D00000930123BA6BF868FFF76CFCBB6B013355
:10D7E000BB63BB6B01333A6D9A42EDD83A683B6D2F
:10D7F000D31A591C3B6D5A1E7B6D00930123F868A8
:10D80000FFF758FC00E000BF4437BD4690BD00BFA5
:10D810006064020880B590B004AFF860B9607A60C7
:10D820003B602E4AFB6852F82330FB622C4BBB62F4
:10D830003B687B62FB6A9B007A6A13443B62FB6A2B
:10D840009B003A6A1344FB61FB6A9B00FA6913442C
:10D85000BB61FB6A9B00BA6913447B61002301939F
:10D86000FB680093FB687A68B968F869FFF718FFEE
:10D870007B69029300230193BB6A00930223FA6A37
:10D88000F96AF869FDF79AFC7B690193FB6A0093DA
:10D89000BB69FA69796A386AFEF791F80346002B8A
:10D8A00001D1002315E043F201033B613A69F96AB3
:10D8B000786AFDF713FB0346002B07D13A69F96A32
:10D8C000386AFDF70BFB0346002B01D0002300E074
:10D8D000012318463037BD4680BD00BFB085020821
:10D8E000606402080000000090B5D3B008AF07F5EF
:10D8F0009474A4F58E74206007F59470A0F5907070
:10D90000016007F59471A1F592710A6007F59472B0
:10D91000A2F59472136007F59473A3F58E7207F560
:10D920009473A3F5947312681B68D31AC7F8C830B0
:10D930000122D7F8C83002FA03F3C7F8C430D7F889
:10D94000C4305B08C7F8C030CE4A07F59473A3F51E
:10D9500094731B6852F82330C7F8BC3007F59473F2
:10D96000A3F594731B680133C64A52F82330C7F8F5
:10D97000B830C54A07F59473A3F594731B6852F841
:10D980002330C7F8B430C14BC7F8B030D7F83831BE
:10D99000C7F8AC30D7F8B830D7F8C02002FB03F393
:10D9A0009B00D7F8AC201344C7F8A830D7F8B8309C
:10D9B000D7F8C02002FB03F39B00D7F8A82013443C
:10D9C000C7F8A43007F59473A3F58E7307F5947226
:10D9D000A2F5927207F59471A1F590710120019062
:10D9E00007F59470A0F59470006800901B681268A9
:10D9F0000968D7F8A400FFF753FED7F83831C7F805
:10DA00001831D7F8C430D7F8B42002FB03F39B00D9
:10DA1000D7F818211344C7F81431D7F8C430D7F811
:10DA2000B42002FB03F39B00D7F814211344C7F87A
:10DA3000A030D7F8C430D7F8BC2002FB03F3DB00DA
:10DA40001A46D7F8A410D7F8A00011F0EBF9D7F8D0
:10DA5000A030C7F8A430D7F8BC30D7F8C42002FBF8
:10DA600003F39B00D7F8A4201344C7F89C30D7F8E1
:10DA7000BC30D7F8C42002FB03F39B00D7F89C20EE
:10DA80001344C7F8A030D7F8C030D7F8B82002FB4D
:10DA900003F3DB001A46D7F8AC10D7F8A00011F05A
:10DAA000C1F9D7F8A030C7F8AC30D7F8C030D7F8F4
:10DAB000B82002FB03F39B00D7F8AC201344C7F84F
:10DAC000A8300023C7F81C31D0E0D7F81C2113463A
:10DAD0005B0013449B001A46D7F8B0301A4407F590
:10DAE0009473A3F5867312681A6007F59473A3F50F
:10DAF000887407F59473A3F586731868FCF727FEFE
:10DB0000206007F59473A3F58A7407F59473A3F561
:10DB1000887207F59473A3F5867311681868FCF78B
:10DB200019FF206007F59473A3F58C7407F59473BF
:10DB3000A3F58A7307F59472A2F5887207F59471BC
:10DB4000A1F586711B6812680968D7F8B800FCF760
:10DB500042FF20600023C7F8FC30D7F8AC30C7F88C
:10DB6000F830D7F8A830C7F8F430D7F81C319B004C
:10DB7000D7F818211344C7F8F030D7F81C319B00B0
:10DB8000D7F814211344C7F8EC3064E007F5947318
:10DB9000A3F5887307F59472A2F5867207F5947160
:10DBA000A1F58C710968019107F59471A1F58A714D
:10DBB000096800911B681268D7F8B810D7F8F80008
:10DBC000FDF713FA0246D7F8F0301A6007F59473A0
:10DBD000A3F5887307F59472A2F5867207F5947120
:10DBE000A1F58C710968019107F59471A1F58A710D
:10DBF000096800911B681268D7F8B810D7F8F400CC
:10DC0000FDF7F3F90246D7F8EC301A60D7F8FC308C
:10DC10000133C7F8FC30D7F8B8309B00D7F8F820AC
:10DC20001344C7F8F830D7F8B8309B00D7F8F42081
:10DC30001344C7F8F430D7F8B4309B00D7F8F0207D
:10DC40001344C7F8F030D7F8B4309B00D7F8EC2075
:10DC50001344C7F8EC30D7F8FC20D7F8C0309A420C
:10DC600094D3D7F81C310133C7F81C31D7F81C21E5
:10DC7000D7F8B4309A42FFF428AF0023C7F81C311C
:10DC800089E200BFB0850208DC85020860640208F2
:10DC9000D7F81C2113465B0013449B001A46D7F8A3
:10DCA000B03013441B68FB65F86DFCF750FDB86598
:10DCB000B96DF86DFCF74EFE7865D7F81C21D7F8E2
:10DCC000BC309A4223D1D7F8A030029301230193AC
:10DCD000D7F8B0300093D7F8C430D7F8BC20D7F8C5
:10DCE000BC10D7F8A400FDF769FAD7F8A03002936A
:10DCF00001230193D7F8B0300093D7F8C430D7F898
:10DD0000BC20D7F8BC10D7F89C00FDF757FAD7F81D
:10DD1000A0303B65D7F8C4309B003A6D1344FB64D8
:10DD2000D7F8C4309B00FA6C1344BB64D7F8C430F6
:10DD30009B00BA6C13447B64D7F81C2113465B002C
:10DD400013449B001A46D7F8B03013445A68BB6D91
:10DD50000193FB6D00931346D7F8C820F96C386D1A
:10DD6000FCF7B4FED7F81C21D7F8BC309A4263D236
:10DD70000023C7F8E830D7F81C319B00D7F8A4205F
:10DD80001344C7F80431D7F81C319B00D7F89C2006
:10DD90001344C7F8003126E0D7F8E8309B00BA6C8E
:10DDA0001344D7F8042112681A60D7F8E8309B00B2
:10DDB0007A6C1344D7F8002112681A60D7F8E8305B
:10DDC0000133C7F8E830D7F8BC309B00D7F80421FE
:10DDD0001344C7F80431D7F8BC309B00D7F80021B2
:10DDE0001344C7F80031D7F8E820D7F8C4309A4276
:10DDF000D2D3D7F81C319B00D7F8A420D018BB6D24
:10DE00000193FB6D0093D7F8C830FA6CD7F8BC10BB
:10DE1000FCF74AFFD7F81C319B00D7F89C20D0189C
:10DE2000BB6D0193FB6D0093D7F8C830FA6CD7F83F
:10DE3000BC10FCF739FF6AE07B6DBA6DF96DD7F85D
:10DE4000BC00FCF7C8FD38640023C7F8E830D7F8F9
:10DE5000A430C7F80431D7F89C30C7F800313AE055
:10DE6000D7F8E8309B00BA6CD4183B6C01937B6DFB
:10DE70000093BB6DFA6DD7F8BC10D7F80401FDF71D
:10DE8000B4F803462360D7F8E8309B007A6CD418C6
:10DE90003B6C01937B6D0093BB6DFA6DD7F8BC10A2
:10DEA000D7F80001FDF7A1F803462360D7F8E83062
:10DEB0000133C7F8E830D7F8BC309B00D7F804210D
:10DEC0001344C7F80431D7F8BC309B00D7F80021C1
:10DED0001344C7F80031D7F8E820D7F8C4309A4285
:10DEE000BED3BB6D0193FB6D0093D7F8C8303A6D7C
:10DEF0000121B86CFCF75CFEBB6D0193FB6D0093D8
:10DF0000D7F8C8303A6D0121786CFCF751FED7F88C
:10DF1000C4309B007A6C1344FB63D7F8C0309B007D
:10DF2000FA6B1344BB630023C7F8E830D7F81C3101
:10DF30009B00D7F818211344C7F80431D7F81C31D7
:10DF40009B00D7F814211344C7F8003126E0D7F816
:10DF5000E8309B00FA6B1344D7F8042112681A606A
:10DF6000D7F8E8309B00BA6B1344D7F80021126849
:10DF70001A60D7F8E8300133C7F8E830D7F8B43082
:10DF80009B00D7F804211344C7F80431D7F8B43004
:10DF90009B00D7F800211344C7F80031D7F8E820D8
:10DFA000D7F8C0309A42D2D3D7F8C8305A1EBB6DCA
:10DFB0000193FB6D009313463A6D0121F86BFCF75A
:10DFC000F7FDD7F8C8305A1EBB6D0193FB6D009367
:10DFD00013463A6D0121B86BFCF7EAFD0023C7F840
:10DFE000E830D7F81C319B00D7F818211344C7F844
:10DFF0000431D7F81C319B00D7F814211344C7F81B
:10E0000000319AE0D7F8E830DB00BA6C13441B68A3
:10E010007B63D7F8E830DB000433BA6C13441B6829
:10E020003B63D7F8E830DB007A6C13441B68FB6273
:10E03000D7F8E830DB0004337A6C1A4407F59473A0
:10E04000A3F5807312681A60D7F8E8309B00FA6B6A
:10E050001344186807F59473A3F58274BB6DFA6DC9
:10E06000796DFCF7EFFB2060D7F8E8309B00BA6BC6
:10E070001344186807F59473A3F58474BB6DFA6DA7
:10E08000796DFCF7DFFB206007F59473A3F58271CF
:10E0900007F59473A3F58070BB6DFA6D096800688D
:10E0A000FCF7D0FB0246D7F804311A60D7F8B43039
:10E0B0009B00D7F80421D41807F59473A3F5827157
:10E0C000BB6DFA6D0968F86AFCF7BCFB0346236078
:10E0D00007F59473A3F58471BB6DFA6D0968386B0D
:10E0E000FCF7B0FB0246D7F800311A60D7F8B4301D
:10E0F0009B00D7F80021D41807F59473A3F5847119
:10E10000BB6DFA6D0968786BFCF79CFB03462360D6
:10E11000D7F8E8300133C7F8E830D7F8B430DB007F
:10E12000D7F804211344C7F80431D7F8B430DB0022
:10E13000D7F800211344C7F80031D7F8E820D7F802
:10E14000C0309A42FFF45EAFD7F81C319B00D7F87D
:10E150001821D018BB6D0193FB6D0093D7F8C83020
:10E16000FA6CD7F8B410FCF79FFDD7F81C319B0070
:10E17000D7F81421D018BB6D0193FB6D0093D7F82D
:10E18000C830FA6CD7F8B410FCF78EFDD7F81C3104
:10E190000133C7F81C31D7F81C21D7F8B4309A42A4
:10E1A000FFF476ADD7F8A030029301230193D7F89E
:10E1B000B0300093D7F8C430D7F8B420D7F8B410F3
:10E1C000D7F81801FCF7FAFFD7F8A0300293012323
:10E1D0000193D7F8B0300093D7F8C430D7F8B42003
:10E1E000D7F8B410D7F81401FCF7E8FFD7F8A0105F
:10E1F000D7F83801FEF7EAFEC7F89800D7F8C43020
:10E20000DB00D7F898201344C7F89430D7F8C4300F
:10E21000DB00D7F894201344C7F89030D7F8C43007
:10E220005B08DB00D7F890201344C7F88C30D7F890
:10E230008C10D7F83801FEF7EBFEC7F88800D7F846
:10E24000C4309B00D7F8882013441946D7F838010A
:10E25000FEF7BCFEC7F81001D7F8C430DB00D7F8D2
:10E260008C201344D7F810219A4207D2D7F8C43033
:10E27000DB00D7F88C201344C7F81031D7F8C4302E
:10E280009B00D7F888201344C7F8A030D7F8BC30DB
:10E290000A2B03D90A23C7F8243103E0D7F8BC308E
:10E2A000C7F82431D7F8BC20D7F82431D31A9B0003
:10E2B000D7F8A420D118D7F8C8300093D7F8BC30CD
:10E2C000D7F82421D7F89800FEF7AEFAD7F8BC208B
:10E2D000D7F82431D31A9B00D7F89C20D118D7F84F
:10E2E000C8300093D7F8BC30D7F82421D7F8940071
:10E2F000FEF79AFAD7F8BC20D7F82431D31A1A4679
:10E3000013465B019B1AC7F88430DB4A07F5947308
:10E31000A3F594731B6852F83310D74A07F594732A
:10E32000A3F594731B68DB0013445A6813469200EC
:10E330009B1A5B000B44C7F88030CF4A07F59473F3
:10E34000A3F594731B6852F83310CB4A07F5947306
:10E35000A3F594731B68DB0013445A6813465B00F3
:10E3600013445B000B44FB67D7F8C810D7F898003C
:10E37000F4F714F8D7F8C810D7F89400F4F70EF8AB
:10E38000D7F8C830D7F89420D7F89810D7F890006D
:10E39000F4F72FFDD7F8C810D7F89800F4F75DFB15
:10E3A000D7F8C810D7F89400F4F757FBD7F8B43073
:10E3B000C7F82031D7F8B42013465B019B1AC7F881
:10E3C0000C31D7F80C21D7F88030D31AC7F80831B0
:10E3D000D7F820310A2B03D90A23C7F8243103E0E8
:10E3E000D7F82031C7F82431D7F82021D7F82431C5
:10E3F000D31A1A4613465B019B1ABB67D7F8202134
:10E40000D7F82431D31A9B00D7F81821D118D7F8A0
:10E41000C8300093D7F8B430D7F82421D7F88C004F
:10E42000FEF702FAD7F82021D7F82431D31A9B003F
:10E43000D7F81421D118D7F8C8300093D7F8B430E2
:10E44000D7F82421D7F81001FEF7EEF9D7F8C81055
:10E45000D7F88C00F3F7A2FFD7F8C810D7F810014F
:10E46000F3F79CFFD7F8C820D7F89810D7F88C009E
:10E47000F4F71FFBD7F8C820D7F89410D7F810018D
:10E48000F4F717FBD7F8C820D7F88C10D7F810018D
:10E49000F4F758FAD7F8C820D7F89010D7F8100139
:10E4A000F4F74CFED7F8C810D7F81001F4F7C8F805
:10E4B000D7F80821BB6FD31AD7F884201344C7F8C4
:10E4C000E430D7F8E430002B0BDAD7F8E4305B42C5
:10E4D000C7F8E4304FF000024FF08043C7E934231F
:10E4E00004E04FF00002654BC7E934234FF000020F
:10E4F000634BC7E9362318E0D7F8E43003F0010393
:10E50000002B07D0D7E93423D7E93601F9F772FF9A
:10E51000C7E93601D7F8E4305B10C7F8E430D7E933
:10E520003401FCF75DF8C7E93401D7F8E430002B7B
:10E53000E2D10023C7F81C3134E0D7F81C31DB00EE
:10E54000D7F810211344D3E90001D7E93623F9F7AE
:10E5500051FFC7E9180144A1D1E90001D7E9182307
:10E56000FCF750F80346002B09D041A3D3E9002360
:10E57000D7E91801FCF746F80346002B01D1002328
:10E580008BE1D7E91801FBF762FFD7F81C319B003C
:10E59000D7F88820134402461A60D7F81C3101339B
:10E5A000C7F81C31D7F81C21D7F8C4309A42C4D31D
:10E5B000D7F80831334A82FB03121A441211DB17D1
:10E5C000D31A7B67D7F808212E4B83FB0213134421
:10E5D0001911D317C91A0B465B015B1AD11A396797
:10E5E00007F59473A3F594731B68042B4CD8D7F8E4
:10E5F000A0300693D7F8C83005933B6F04937B6F28
:10E600000393D7F888300293D7F8BC300193D7F83A
:10E61000BC300093D7F8A430D7F8B420D7F8201135
:10E62000D7F81801FEF72EFAD7F8A0300693D7F8DE
:10E63000C83005933B6F04937B6F0393D7F8883002
:10E640000293D7F8BC300193D7F8BC300093D7F8C9
:10E650009C30D7F8B420D7F82011D7F81401FEF772
:10E6600011FA45E0AFF300800000C0FFFFFFDFC1FB
:10E670000000C0FFFFFFDF41048602080000E03F0A
:10E680000000F03F43082184D7F8C83005933B6F62
:10E6900004937B6F0393D7F888300293D7F8BC308C
:10E6A0000193D7F8BC300093D7F8A430D7F8B42042
:10E6B000D7F82011D7F81801FEF78AF9D7F8C83033
:10E6C00005933B6F04937B6F0393D7F888300293D5
:10E6D000D7F8BC300193D7F8BC300093D7F89C3002
:10E6E000D7F8B420D7F82011D7F81401FEF770F945
:10E6F000D7F80821FB6F13440A33FB66FA6ED7F88C
:10E700000C319A4212DAFB6EC7F80C31D7F80C3193
:10E7100003F11E01D7F8202113465B019B1A994291
:10E7200004DAD7F82031013BC7F82031D7F8083197
:10E73000002B0DDDD7F80831193BC7F80831D7F8A1
:10E740000831002BBFF644AE0023C7F808313FE67E
:10E7500000BFD7F82021D7F8BC309A426AD20023F4
:10E76000C7F81C3160E0D7F8203103F18043013B4A
:10E770009B00D7F8182113441B689B0F5B425B0872
:10E78000BB66D7F82031C7F8CC300CE0D7F8CC30D6
:10E790009B00D7F818211344BA6E1A60D7F8CC3012
:10E7A0000133C7F8CC30D7F8CC20D7F8BC309A4228
:10E7B000ECD3D7F8203103F18043013B9B00D7F81D
:10E7C000142113441B689B0F5B425B08BB66D7F8A0
:10E7D0002031C7F8CC300CE0D7F8CC309B00D7F80C
:10E7E00014211344BA6E1A60D7F8CC300133C7F83D
:10E7F000CC30D7F8CC20D7F8BC309A42ECD3D7F83D
:10E800001C310133C7F81C31D7F8B4309B00D7F85E
:10E8100018211344C7F81831D7F8B4309B00D7F843
:10E8200014211344C7F81431D7F81C21D7F8C43089
:10E830009A4298D30023C7F81C31D7F83831C7F86B
:10E840000431D7F83831C7F800311EE0D7F8BC30B2
:10E850009B001A46D7F80011D7F8040110F0E2FA2D
:10E86000D7F81C310133C7F81C31D7F8BC309B00F6
:10E87000D7F804211344C7F80431D7F8B4309B000B
:10E88000D7F800211344C7F80031D7F8C4305B0033
:10E89000D7F81C219A42D9D30123184607F5967759
:10E8A000BD4690BD90B5BDB004AFF860B9607A6068
:10E8B0003B600123C7F8A8300122FB6802FA03F38A
:10E8C000C7F8A430FA68D7F8A830D31AC7F8A03030
:10E8D0000122D7F8A03002FA03F3C7F89C30D7F82A
:10E8E0009C305B08C7F89830B14AD7F8A83052F886
:10E8F0002330C7F89430D7F8A8300133AC4A52F827
:10E900002330C7F89030AB4AD7F8A83052F82330FC
:10E91000C7F88C303B68C7F88830D7F89030D7F804
:10E92000982002FB03F39B00D7F888201344C7F814
:10E930008430D7F89030D7F8982002FB03F39B007F
:10E94000D7F884201344C7F88030D7F88C30D7F834
:10E950009C2002FB03F39B00D7F880201344FB6745
:10E960000023C7F8DC3085E09349D7F8DC20134654
:10E970005B0013449B000B441B68FB61F869FBF7C9
:10E98000E6FEB861B969F869FBF7E4FF78617B6975
:10E99000BA69F969D7F89000FCF71DF838610023CF
:10E9A000C7F8D030D7F88830C7F8CC30D7F88430E3
:10E9B000C7F8C830D7F8DC309B00D7F88020134464
:10E9C000C7F8C430D7F8DC309B00FA6F1344C7F89F
:10E9D000C03044E03B6901937B690093BB69FA69ED
:10E9E000D7F89010D7F8CC00FCF7FFFA0246D7F81A
:10E9F000C4301A603B6901937B690093BB69FA6973
:10EA0000D7F89010D7F8C800FCF7EFFA0246D7F80D
:10EA1000C0301A60D7F8D0300133C7F8D030D7F8FB
:10EA200090309B00D7F8CC201344C7F8CC30D7F8EF
:10EA300090309B00D7F8C8201344C7F8C830D7F8E7
:10EA40008C309B00D7F8C4201344C7F8C430D7F8E3
:10EA50008C309B00D7F8C0201344C7F8C030D7F8DB
:10EA6000D020D7F898309A42B4D3D7F8DC300133AD
:10EA7000C7F8DC30D7F8DC20D7F88C309A42FFF4A6
:10EA800073AFD7F88C30D7F89C2002FB03F39B00C0
:10EA90001A46D7F88010386810F0C4F93B68C7F8F8
:10EAA0008030D7F88C30D7F89C2002FB03F39B0012
:10EAB000D7F88020D018D7F88C30D7F89C2002FBEC
:10EAC00003F39B001A46F96F10F0ACF9D7F88C30BD
:10EAD000D7F89C2002FB03F39B00D7F88020134457
:10EAE000FB67D7F88C30D7F89C2002FB03F39B0020
:10EAF000FA6F1344BB67D7F89430D7F89C2002FB19
:10EB000003F39B00BA6F13447B67D7F89430D7F8B0
:10EB10009C2002FB03F39B007A6F13443B670023A6
:10EB2000C7F8DC307FE22449D7F8DC2013465B00CD
:10EB300013449B000B441B68FB64F86CFBF707FE57
:10EB4000B864B96CF86CFBF705FF78643B6F3B6405
:10EB5000D7F8A4309B003A6C1344C7F8BC30D7F800
:10EB60009C309B00D7F8BC201344C7F8B830D7F8C6
:10EB7000A4309B00D7F8B8201344C7F8B4300E492E
:10EB8000D7F8DC2013465B0013449B000B4404338E
:10EB90001A68BB6C0193FB6C00931346FA68D7F8B4
:10EBA000BC10386CFBF792FF0023C7F8AC302EE0A6
:10EBB000B0850208DC85020860640208BA68D7F8EC
:10EBC000AC30134493F900301846D7F8AC309B00B2
:10EBD000D7F8B820D418F96CFBF78DFD03462360F5
:10EBE0007A68D7F8AC30134493F900301846D7F858
:10EBF000AC309B00D7F8B420D418F96CFBF77BFD40
:10EC000003462360D7F8AC300133C7F8AC30D7F8EF
:10EC1000AC20D7F8A4309A42D0D3BB6C0193FB6CE4
:10EC20000093FB683A6C0121D7F8B800FBF7C0FFEE
:10EC3000BB6C0193FB6C0093FB683A6C0121D7F825
:10EC4000B400FBF7B5FFFB68C7F8B03018E07B6C89
:10EC50000093BB6CFA6CD7F8B010D7F8B800FCF78B
:10EC6000C3F87B6C0093BB6CFA6CD7F8B010D7F884
:10EC7000B400FCF7B9F8D7F8B030013BC7F8B030B2
:10EC8000D7F8B020D7F8A0309A42E0D8D7F8A8300B
:10EC9000002B3FD0D7F89C309B003A6CD018D7F8A7
:10ECA0009C309B001A46D7F8BC1010F0BBF8D7F880
:10ECB0009C309B003A6C1344C7F8BC30D7F89C30AA
:10ECC0009B00D7F8BC20D018D7F89C309B001A4680
:10ECD000D7F8B81010F0A6F8D7F89C309B00D7F8FA
:10ECE000BC201344C7F8B830D7F89C309B00D7F845
:10ECF000B820D018D7F89C309B001A46D7F8B4102B
:10ED000010F090F8D7F89C309B00D7F8B820134447
:10ED1000C7F8B430D7F89C309B00D7F8B420134420
:10ED2000FB63D7F898309B00FA6B1344BB63002356
:10ED3000C7F8AC30D7F8DC309B00D7F880201344FC
:10ED4000C7F8D830D7F8DC309B00FA6F1344C7F807
:10ED5000D43026E0D7F8AC309B00FA6B1344D7F8D8
:10ED6000D82012681A60D7F8AC309B00BA6B1344F5
:10ED7000D7F8D42012681A60D7F8AC300133C7F83E
:10ED8000AC30D7F88C309B00D7F8D8201344C7F8A4
:10ED9000D830D7F88C309B00D7F8D4201344C7F86C
:10EDA000D430D7F8AC20D7F898309A42D2D3D7F8DD
:10EDB000A0305A1EBB6C0193FB6C009313463A6C57
:10EDC0000121F86BFBF7F4FED7F8A0305A1EBB6C9C
:10EDD0000193FB6C009313463A6C0121B86BFBF76F
:10EDE000E7FE0023C7F8AC30D7F8DC309B00D7F83B
:10EDF00080201344C7F8D830D7F8DC309B00FA6F76
:10EE00001344C7F8D4307EE0D7F8AC30DB00D7F835
:10EE1000B82013441B687B63D7F8AC30DB000433A5
:10EE2000D7F8B82013441B683B63D7F8AC30DB003D
:10EE3000D7F8B42013441B68FB62D7F8AC30DB0072
:10EE40000433D7F8B42013441B68BB62D7F8AC3046
:10EE50009B00FA6B13441868BB6CFA6C796CFBF777
:10EE6000F1FC7862D7F8AC309B00BA6B1344186899
:10EE7000BB6CFA6C796CFBF7E5FC3862BB6CFA6C26
:10EE8000796AB86AFBF7DEFC0246D7F8D8301A6018
:10EE9000D7F88C309B00D7F8D820D418BB6CFA6C0C
:10EEA000796AF86AFBF7CEFC03462360BB6CFA6C08
:10EEB000396A386BFBF7C6FC0246D7F8D4301A60C3
:10EEC000D7F88C309B00D7F8D420D418BB6CFA6CE0
:10EED000396A786BFBF7B6FC03462360D7F8AC3091
:10EEE0000133C7F8AC30D7F88C30DB00D7F8D82026
:10EEF0001344C7F8D830D7F88C30DB00D7F8D420CB
:10EF00001344C7F8D430D7F8AC20D7F898309A42D9
:10EF1000FFF47AAFD7F8DC309B00D7F88020D01808
:10EF2000BB6C0193FB6C0093D7F8A030D7F8BC20E2
:10EF3000D7F88C10FBF7B8FED7F8DC309B00FA6FDF
:10EF4000D018BB6C0193FB6C0093D7F8A030D7F8B6
:10EF5000BC20D7F88C10FBF7A7FED7F8DC20D7F839
:10EF600094309A425AD2BB6C0193FB6C0093D7F851
:10EF7000A030D7F8BC200121D7F8B800FBF794FEE9
:10EF8000BB6C0193FB6C0093D7F8A030D7F8BC2082
:10EF90000121D7F8B400FBF787FE0023C7F8AC3097
:10EFA000D7F8DC309B00BA6F1344C7F8D830D7F8D5
:10EFB000DC309B007A6F1344C7F8D43028E0D7F8D0
:10EFC000AC309B00D7F8B82013441A68D7F8D83073
:10EFD0001A60D7F8AC309B00D7F8B42013441A68F5
:10EFE000D7F8D4301A60D7F8AC300133C7F8AC305A
:10EFF000D7F894309B00D7F8D8201344C7F8D830FE
:10F00000D7F894309B00D7F8D4201344C7F8D430F5
:10F01000D7F8AC20D7F89C309A42D0D3D7F8DC3060
:10F020000133C7F8DC30D7F8DC20D7F88C309A42AF
:10F03000FFF479ADD7F89C305A003B6F029301235F
:10F040000193C44B00931346D7F88C20D7F88C104B
:10F05000D7F88000FCF7B2F8D7F89C305A003B6F25
:10F06000029301230193BB4B00931346D7F89420DE
:10F07000D7F89410B86FFCF7A1F8D7F89430D7F808
:10F080009C2002FB03F39B007A6F134419463868F7
:10F09000FDF79CFFF866D7F89C30DB00FA6E13444E
:10F0A000BB66D7F8A0300093D7F88C30D7F88C2007
:10F0B000D7F88010F86EFDF7B7FBD7F8A0300093B3
:10F0C000D7F88C30D7F88C20F96FB86EFDF7ACFB11
:10F0D000D7F89430D7F89C2002FB03F3DB001A46E4
:10F0E000B96F38680FF09EFE3B68BB67D7F8943065
:10F0F000D7F89C2002FB03F39B00BA6F13447B6795
:10F10000D7F89430D7F89C2002FB03F39B007A6F6A
:10F11000134419463868FDF759FF7866D7F89C30D4
:10F120001B011A46F96E786E0FF07CFE7B6EFB6653
:10F13000D7F89C30DB00FA6E1344BB66D7F89C30DE
:10F14000DB00BA6E13447B66D7F89C30DB007A6E26
:10F1500013443B66D7F8A0300093D7F89430D7F823
:10F160009420B96F786EFDF75FFBD7F8A03000935D
:10F17000D7F89430D7F89420796F386EFDF754FBA8
:10F18000D7F89C305B011A46F96E38680FF04AFEDA
:10F190003B68FB66D7F89C30DB00FA6E1344BB6615
:10F1A000D7F89C30DB00BA6E13447B66D7F89C30EE
:10F1B000DB007A6E13443B66D7F8A010F86EF3F7C5
:10F1C000EDF8D7F8A010B86EF3F7E8F8D7F8A0106C
:10F1D000786EF3F7E3F8D7F8A010386EF3F7DEF89F
:10F1E000D7F89C30DB003A6E1344FB65D7F89C30AF
:10F1F000DB00FA6D1344BB65D7F8A03001933B6E7A
:10F2000000937B6EBA6EF96EF86DF3F76CFED7F86B
:10F21000A0303A6E796EB86DF3F7EBFDD7F8A02009
:10F22000B96DF86DF3F78AFFD7F8A010F86DF3F712
:10F2300007FA0023C7F8DC3036E0D7F8DC30DB0013
:10F24000FA6D1344D3E90023C7E914234FF00002F9
:10F25000414BD7E91401FBF7D5F90346002B09D040
:10F260004FF000003D49D7E91423FBF7CBF90346E3
:10F27000002B01D10023A4E0D7E91401FBF7E7F844
:10F2800002460B46D7F8DC10C900F86D441810464A
:10F290001946FBF7CBF802460B46C4E90023D7F822
:10F2A000DC300133C7F8DC30D7F8DC20D7F89C30ED
:10F2B0009A42C2D3D7F8A010F86DF3F76FF8D7F8D9
:10F2C000A020F96D786EF3F7F4FBD7F8A020F96D64
:10F2D000386EF3F7EEFBD7F8A020796EF86EF3F7EF
:10F2E00061FBD7F8A020396EB86EF3F75BFBD7F857
:10F2F000A010F86EF3F7A4F9D7F8A010B86EF3F7E2
:10F300009FF93B68C7F88030D7F89C309B00D7F84E
:10F3100080201344FB67D7F89C309B00FA6F13449E
:10F3200019463868FDF752FE7866D7F89C301B0105
:10F330001A46F96E786E0FF075FD7B6EFB66D7F896
:10F340009C30DB00FA6E1344BB660023C7F8DC3048
:10F3500030E000BF606402080000E0430000E0C34A
:10F36000D7F8DC30DB00FA6E1344D3E900231046F3
:10F370001946FBF76CF8D7F8DC309B00D7F88020F3
:10F38000134402461A60D7F8DC30DB00BA6E13442F
:10F39000D3E9002310461946FBF759F8D7F8DC30BB
:10F3A0009B00FA6F134402461A60D7F8DC30013331
:10F3B000C7F8DC30D7F8DC20D7F89C309A42CFD39E
:10F3C00001231846E437BD4690BD00BF2DE9F04348
:10F3D000A5B002AF78613961FA60BB6001227B6938
:10F3E00002FA03F3C7F88030D7F880305B08FB6778
:10F3F000634BBB67B86FFBF7AAF97867796FB86F93
:10F40000FBF7A8FA3867BB68FB66FB6F9B00FA6ED8
:10F410001344BB66FB6F9B00BA6E13447B66D7F840
:10F4200080309B007A6E13443B66D7F880309B0097
:10F430003A6E1344FB65D7F880309B00FA6D134495
:10F44000BB65504A7B6F0193BB6F009313467A698B
:10F45000B96DF86DFBF73AFB0023C7F8843028E05C
:10F46000D7F884309B00FA6E13441846FDF7C4F9B0
:10F47000D7F884309B00FA6ED618B96FFBF73BF9CA
:10F4800003463360D7F884309B00BA6E13441846A5
:10F49000FDF7B2F9D7F884309B00BA6ED618B96F71
:10F4A000FBF729F903463360D7F884300133C7F8F6
:10F4B0008430D7F88420FB6F9A42D1D37B695A1EDF
:10F4C0007B6F0193BB6F00931346FA6D0121F86EB9
:10F4D000FBF76EFB7B695A1E7B6F0193BB6F00933A
:10F4E0001346FA6D0121B86EFBF762FB0023C7F8E3
:10F4F000843026E03A69D7F88430134493F9003019
:10F500001846D7F884309B007A6ED618B96FFBF78F
:10F51000F2F803463360FA68D7F88430134493F95D
:10F5200000301846D7F884309B003A6ED618B96F71
:10F53000FBF7E1F803463360D7F884300133C7F8AE
:10F540008430D7F88420D7F880309A42D2D37B6FAA
:10F550000193BB6F00937B69FA6D0121786EFBF715
:10F5600027FB7B6F0193BB6F00937B69FA6D0121D1
:10F57000386EFBF71DFB0023C7F8843077E000BF2F
:10F5800001D8FF7F45ADD616D7F884309B007A6E40
:10F5900013441B68FB62D7F8843001339B007A6EFA
:10F5A00013441B68BB62D7F884309B003A6E134447
:10F5B0001B687B62D7F8843001339B003A6E13449A
:10F5C0001B683B62D7F884305B089B00FA6E1344DB
:10F5D00018687B6FBA6F396FFBF734F9F861D7F8A9
:10F5E00084305B089B00BA6E134418687B6FBA6F57
:10F5F000396FFBF727F9B861D7F884309B007A6E32
:10F60000D6187B6FBA6FF969386AFBF71BF90346A6
:10F610003360D7F8843001339B007A6ED6187B6F45
:10F62000BA6FF969786AFBF70DF903463360D7F8CA
:10F6300084309B003A6ED6187B6FBA6FB969B86A8E
:10F64000FBF700F903463360D7F8843001339B00A1
:10F650003A6ED6187B6FBA6FB969F86AFBF7F2F8A1
:10F6600003463360D7F884300233C7F88430D7F8C4
:10F670008420D7F880309A4286D37B6F0193BB6F8A
:10F6800000937B69BA6D0121786EFBF70DFB7B6FF0
:10F690000193BB6F00937B69BA6D0121386EFBF754
:10F6A00003FBD7F880309B00FA6E1344BB66D7F893
:10F6B00080309B00BA6E13447B65D7F88030DB0046
:10F6C0001A46796EF86E0FF0ADFBD7F880309B00CC
:10F6D0007A6D13443B65D7F880309B003A6D134434
:10F6E000FB64D7F880309B00FA6C1344BB64D7F8F6
:10F6F00080309B00BA6C13447B64874A7B6F019314
:10F70000BB6F009313467A69396D786DFBF7DEF9AC
:10F710007B6F0193BB6F00937B697A6D0121F86E5B
:10F72000FBF746FA7B6F0193BB6F00937B697A6DA1
:10F730000121B86EFBF73CFA3B6993F90030B96FD1
:10F740001846FAF7D8FF02467B6C1A607B6C1A6881
:10F75000BB6C1A600123C7F8843029E03A69D7F8F6
:10F760008430134493F900301846D7F884309B0056
:10F77000BA6CD618B96FFAF7BEFF034633603A6920
:10F78000D7F88430134493F900305842D7F88020DA
:10F79000D7F88430D31A9B007A6CD618B96FFAF771
:10F7A000AAFF03463360D7F884300133C7F88430AA
:10F7B000D7F88420D7F880309A42CFD37B6F01935B
:10F7C000BB6F00937B697A6D0121B86CFBF7F0F990
:10F7D0007B6F0193BB6F00937B697A6D0121786C1D
:10F7E000FBF7E6F90023C7F8843034E0D7F884301B
:10F7F0009B007A6C134418687B6FBA6F396FFBF704
:10F8000021F83863D7F884309B00FA6E13441968E6
:10F81000D7F884309B003A6DD6187B6FBA6F386B7F
:10F82000FBF710F803463360D7F884309B00BA6CBE
:10F8300013441968D7F884309B00FA6CD6187B6F94
:10F84000BA6F386BFAF7FEFF03463360D7F884309F
:10F850000133C7F88430D7F88420D7F880309A4233
:10F86000C4D3FB6893F90030B96F1846FAF743FF29
:10F8700002467B6C1A607B6C1A68BB6C1A600123B1
:10F88000C7F8843029E0FA68D7F88430134493F934
:10F8900000301846D7F884309B00BA6CD618B96F80
:10F8A000FAF729FF03463360FA68D7F88430134427
:10F8B00093F900305842D7F88020D7F88430D31A13
:10F8C0009B007A6CD618B96FFAF715FF03463360C0
:10F8D000D7F884300133C7F88430D7F88420D7F8BC
:10F8E00080309A42CFD37B6F0193BB6F00937B69CB
:10F8F0007A6D0121B86CFBF75BF97B6F0193BB6FED
:10F9000000937B697A6D0121786CFBF751F9002334
:10F91000C7F884304FE000BF45ADD616D7F8843025
:10F920009B007A6C134418687B6FBA6F396FFAF7D3
:10F9300089FF7863D7F884309B003A6D13441B68C5
:10F940007B60D7F884309B00BA6E134419687B6FD4
:10F95000BA6F786BFAF776FF0146D7F884309B00D0
:10F960003A6DD618BA6F7868FAF738FF03463360F5
:10F97000D7F884309B00FA6C13441B687B60D7F87F
:10F9800084309B00BA6C134419687B6FBA6F786B34
:10F99000FAF758FF0146D7F884309B00FA6CD61866
:10F9A000BA6F7868FAF71AFF03463360D7F88430E5
:10F9B0000133C7F88430D7F88420D7F880309A42D2
:10F9C000ACD3B04A7B6F0193BB6F009313467A6947
:10F9D000B96C786DFBF77AF87B6F0193BB6F00937E
:10F9E0007B69BA6C0121386DFBF75EF97B6F01937F
:10F9F000BB6F00937B69BA6C0121F86CFBF754F97B
:10FA00000023C7F8843028E0D7F884309B003A6D93
:10FA100013441B68B96F1846FAF783FE0146D7F8FE
:10FA200084309B007A6D13440A461A60D7F88430FC
:10FA30009B00FA6C13441B68B96F1846FAF771FE05
:10FA40000146D7F884309B003A6D13440A461A6089
:10FA5000D7F884300133C7F88430D7F88420D7F83A
:10FA600080309A42D0D3F96CB868FDF7AFFA3864A9
:10FA70000023C7F884301AE0D7F884309B003A6D31
:10FA800013441B68DA1798469146D7F88430DB0098
:10FA90003A6CD61840464946FAF7C8FC02460B466F
:10FAA000C6E90023D7F884300133C7F88430D7F88B
:10FAB0008420D7F880309A42DED37969386CF2F727
:10FAC0006DFC396DB868FDF781FAF863FB6FDB00F8
:10FAD0001A46396CF86B0FF0A5F9FB6FDB00FA6B77
:10FAE00013443B640023C7F884301AE0D7F884300D
:10FAF0009B007A6D13441B68DA171C461546D7F82D
:10FB00008430DB003A6CD61820462946FAF78EFC82
:10FB100002460B46C6E90023D7F884300133C7F804
:10FB20008430D7F88420D7F880309A42DED37969C0
:10FB3000386CF2F733FC7A69F96B386CF3F74BFBEE
:10FB40007969386CF2F77CFD0023C7F884301CE03B
:10FB5000D7F88430DB003A6C1344D3E90023104615
:10FB60001946FAF774FC02460B461046D7F8843063
:10FB70009B007A6DD418B96FFAF7BDFD0346236078
:10FB8000D7F884300133C7F88430D7F88420D7F809
:10FB900080309A42DCD3D7F880309B007A6D1344D2
:10FBA0003B65D7F880309B003A6D1344FB64D7F86F
:10FBB00080309B00FA6C1344BB64D7F880309B0004
:10FBC000BA6C13447B642F4A7B6F0193BB6F009325
:10FBD00013467A69F96C386DFAF778FF0023C7F895
:10FBE000843026E03A69D7F88430134493F9003022
:10FBF0001846D7F884309B00BA6CD418B96FFAF75E
:10FC00007AFD03462360FA68D7F88430134493F9E9
:10FC100000301846D7F884309B007A6CD418B96F3E
:10FC2000FAF769FD03462360D7F884300133C7F83B
:10FC30008430D7F88420D7F880309A42D2D37B6FB3
:10FC40000193BB6F00937B693A6D0121786DFAF7E0
:10FC5000AFFF7B6F0193BB6F00937B693A6D01210E
:10FC6000B86CFAF7A5FF7B6F0193BB6F00937B69BC
:10FC70003A6D0121786CFAF79BFF0023C7F88430B6
:10FC80004DE000BF45ADD616D7F884309B007A6DA5
:10FC9000134418687B6FBA6F396FFAF7D3FDB863F6
:10FCA000D7F884309B00FA6E13441D68D7F884306F
:10FCB0009B00BA6C134419687B6FBA6FB86BFAF784
:10FCC000C1FD0146D7F884309B00FA6ED418BA6F94
:10FCD0002846FAF79EFD03462360D7F884309B0040
:10FCE000BA6E13441D68D7F884309B007A6C1344B5
:10FCF00019687B6FBA6FB86BFAF7A4FD0146D7F8A5
:10FD000084309B00BA6ED418BA6F2846FAF781FD8A
:10FD100003462360D7F884300133C7F88430D7F81E
:10FD20008420D7F880309A42AED37B6F0193BB6FAB
:10FD300000937B69FA6C0121F86EFAF7B5FF7B6FCF
:10FD40000193BB6F00937B69FA6C0121B86EFAF7DF
:10FD5000ABFF0023C7F8843028E0D7F884309B003D
:10FD6000FA6E13441B68B96F1846FAF7DAFC0146BD
:10FD7000D7F884309B00FA6E13440A461A60D7F80D
:10FD800084309B00BA6E13441B68B96F1846FAF7AB
:10FD9000C8FC0146D7F884309B00BA6E13440A466B
:10FDA0001A60D7F884300133C7F88430D7F884203C
:10FDB000D7F880309A42D0D3012318468C37BD46FD
:10FDC000BDE8F08390B595B002AFF860B9607A6095
:10FDD0003B600122FB6802FA03F3BB633B6EBA6D22
:10FDE0003968F868FDF716FD0346002B01D10023A2
:10FDF00042E1FB68022B15D8FB683B640CE03B6ECC
:10FE000000933B6CBA6D3968F868FDF76DFD0346E9
:10FE1000002B01D100232FE13B6C5A1E3A64002BCA
:10FE2000EDD12AE0FB68FB630CE03B6E0093FB6BBB
:10FE3000BA6D3968F868FDF757FD0346002B01D10C
:10FE4000002319E1FB6B5A1EFA63022BEDD83B6EBF
:10FE5000BA6D3968F868FEF725FD0346002B01D11D
:10FE6000002309E13B6EBA6D3968F868FFF7AEFA16
:10FE70000346002B01D10023FEE07B68002B04D158
:10FE8000BB6BDB003A6E13447B60FB68FA6D396E26
:10FE9000B868FCF769FD0346002B0BD0BB6B9B00D9
:10FEA0003A6ED118FB68FA6D7868FCF75DFD034681
:10FEB000002B01D10023DFE03B6E7B63BB6B9B001B
:10FEC0007A6B13443B63BB6B9B003A6B1344FB623E
:10FED000BB6B9B00FA6A1344BB62BB6B9B00BA6AA4
:10FEE00013447B62664B3B623B6A1B68FB61F869AB
:10FEF000FAF72DFCB8613B6A5A68BB690193FB694C
:10FF000000931346FA68396E786AFAF7DFFD00232A
:10FF10007B6411E07A687B6C134493F900301846D7
:10FF20007B6C9B007A6BD418F969FAF7E4FB034603
:10FF300023607B6C01337B647A6CBB6B9A42E9D3A0
:10FF400000237B642FE03A687B6C134493F9003004
:10FF500018467B6C9B003A6BD418F969FAF7CBFB17
:10FF600003462360BA6D7B6C134493F90030184646
:10FF70007B6C9B00FA6AD418F969FAF7BCFB03465C
:10FF80002360BA687B6C134493F9003018467B6C8D
:10FF90009B00BA6AD418F969FAF7ADFB03462360EF
:10FFA0007B6C01337B647A6CBB6B9A42CBD3BB69AD
:10FFB0000193FB690093FB687A6A0121386BFAF7B9
:10FFC000F7FDBB690193FB690093FB687A6A012125
:10FFD000F86AFAF7EDFDBB690193FB690093FB68D2
:10FFE0007A6A0121B86AFAF7E3FDBB690193FB69FC
:10FFF0000093FB687A6A0121786BFAF7D9FDBB6937
:020000040801F1
:10000000FA69012143F20100FAF71CFC7861002330
:100010007B642CE07B6C9B003A6B134418687B6C10
:100020009B007A6B13441968BB69FA69FAF70AFCFA
:1000300004467B6C9B00FA6A134418687B6C9B0037
:10004000BA6A13441968BB69FA69FAF7FBFB0346FD
:10005000FA6919462046FAF7DCFB38613A697B6990
:100060009A4201D0002307E07B6C01337B647A6CF9
:10007000BB6B9A42CED3012318464C37BD4690BD88
:100080006064020880B588B000AFF860B9607A603B
:1000900001227B6802FA03F37B610023BB6100232A
:1000A000FB6127E000BF7968F868FCF7C1FE3861A2
:1000B0003B6913F17F0FF5DB3B697F2BF2DC7B693A
:1000C000013BFA699A4206D13B6903F00103BA6920
:1000D0009A4206D1E7E73B6903F00103BA6953404E
:1000E000BB61BA68FB6913443A6952B21A70FB6982
:1000F0000133FB61FA697B699A4201D200BFD2E702
:1001000000BF2037BD4680BD80B598B004AFF86011
:10011000B9607A603B6001223B6E02FA03F33B63F5
:10012000FB68FB623A6EB968F86AFFF7ABFF3A6E9C
:100130007968F86AFFF7A6FF974A3B6E13441B786D
:10014000013B012202FA03F37B630023FB642CE0F2
:10015000BA68FB6C134493F900301A467B6B9342E8
:100160001CDDBA68FB6C134493F900301A467B6BB4
:100170005B429A4212DD7A68FB6C134493F90030BB
:100180001A467B6B934209DD7A68FB6C134493F942
:1001900000301A467B6B5B429A4203DC4FF0FF3320
:1001A0007B6306E0FB6C0133FB64FA6C3B6B9A42A9
:1001B000CED37B6B002BC0F2D980396EB868FCF7C8
:1001C000D1FEB862396E7868FCF7CCFE7862BA6A04
:1001D0007B6A1344B96A7A6A0A43D21713433B62B3
:1001E0003B6A44F2B612934200F2C2807B6EFB611E
:1001F0003B6BDB00FA691344BB613B6BDB00BA6904
:1002000013447B613A6EB968F869FCF723FF3A6ED4
:100210007968B869FCF71EFF396EF869F2F7BEF825
:10022000396EB869F2F7BAF83B6EBA69F96978695C
:10023000F2F7DFFD396EF869F2F70FFC396EB86935
:10024000F2F70BFC50A3D3E90023396E0091F86953
:10025000F2F7A3FD4CA3D3E90023396E0091B869EE
:10026000F2F79BFD3A6E7969F869F2F767FF3A6E2B
:100270007969B869F2F762FF396EF869F2F7E0F967
:10028000396EB869F2F7DCF94FF000024FF0000365
:10029000C7E90E230023FB6426E0FB6CDB00FA6950
:1002A0001344D3E9002310461946FAF799F9024698
:1002B0000B46D7E90E01F7F743FCC7E90E01FB6CCB
:1002C000DB00BA691344D3E9002310461946FAF754
:1002D00087F902460B46D7E90E01F7F731FCC7E96B
:1002E0000E01FB6C0133FB64FA6C3B6B9A42D4D376
:1002F00027A3D3E90023D7E90E01FAF783F90346D0
:10030000002B37D0FB6D002B07D17B6EBB643B6BA2
:100310005B00BA6C13447B6403E0FB6DBB647B6ED3
:100320007B647B6C00933B6E7A68B968B86C03F0B1
:100330007CF80346002B1FD0184A3B6E13441B78F1
:10034000013B012202FA03F3013B7B637B6E0293C4
:100350007B6B01937B680093BB68BA6D3968386E1C
:10036000FFF730FD0346002B08D106E000BFD9E6B9
:1003700000BFD7E600BFD5E600BFD3E600BF00BF91
:100380005037BD4680BD00BF000000008000C8405F
:10039000ACADD85F9A6DD04084220208902202084A
:1003A00080B483B000AF78604FF0B043D3F89030A2
:1003B00023F018024FF0B0417B681343C1F890302E
:1003C00000BF0C37BD465DF8047B704780B485B034
:1003D00000AF78604FF0B0439A6C4FF0B0417B684B
:1003E00013438B644FF0B0439A6C7B681340FB60FF
:1003F000FB6800BF1437BD465DF8047B704780B4CE
:1004000085B000AF78604FF0B043DA6C4FF0B04188
:100410007B681343CB644FF0B043DA6C7B681340C6
:10042000FB60FB6800BF1437BD465DF8047B704776
:1004300080B500AF04F0DAFFF0F7E8FF00F01AF83B
:1004400000F076F800F094F800F0AFF900F090F9C1
:1004500000F05AF900F042F900F038F900F09CF889
:100460000DF08AFAF0F767FDF0F7DEFFF1F71DFAFD
:10047000FCE7000080B59AB000AF07F120034822E6
:10048000002118460EF0E7FC3B1D00221A605A605E
:100490009A60DA601A615A619A6105F0BDFF002026
:1004A000FFF77EFF214B1B6823F4C0631F4A43F410
:1004B000007313601D4B1B6803F4C0633B603B6813
:1004C00047233B624FF480337B620123BB624FF4CE
:1004D0008073FB620123BB6440233B630023FB6406
:1004E00007F12003184606F02BFB0346002B01D032
:1004F00000F068F96F237B600223BB600023FB6080
:1005000000233B6100237B610023BB610023FB616F
:100510003B1D0121184606F087FE0346002B01D043
:1005200000F050F900BF6837BD4680BD0004005898
:1005300080B594B000AF3B465022002118460EF023
:100540008AFC4FF440533B604FF480437B640223AA
:10055000BB641023FB643B46184607F0A2FA03462F
:10056000002B01D000F02EF900BF5037BD4680BDF2
:1005700080B500AF064B074A1A60054805F0C6FE75
:100580000346002B01D000F01DF900BF80BD00BF65
:1005900030040020000C005880B500AF224B234AE5
:1005A0001A60214B4FF4E1325A601F4B00229A60CF
:1005B0001D4B0022DA601C4B00221A611A4B0C22E0
:1005C0005A61194B00229A61174B00221A62164B8E
:1005D00000225A62144B00229A62134B00225A6680
:1005E000114807F09FFF0346002B01D000F0EAF806
:1005F00000210D4809F0FFFF0346002B01D000F059
:10060000E1F8002108480AF034F80346002B01D035
:1006100000F0D8F8044809F0B5FF0346002B01D0DC
:1006200000F0D0F800BF80BD6C04002000800040C6
:1006300080B500AF234B244A1A60224B4FF4E132BD
:100640005A60204B00229A601E4B0022DA601D4B3C
:1006500000221A611B4B0C225A611A4B00229A612C
:10066000184B4FF40042DA61164B00221A62154B08
:1006700000225A62134B00229A62124807F052FF7E
:100680000346002B01D000F09DF800210D4809F031
:10069000B2FF0346002B01D000F094F80021094876
:1006A00009F0E7FF0346002B01D000F08BF8054866
:1006B00009F068FF0346002B01D000F083F800BF6B
:1006C00080BD00BF000500200038014080B400AFAD
:1006D00000BFBD465DF8047B7047000080B500AFE9
:1006E000074B084A1A60064B00225A60044807F07C
:1006F0005FFC0346002B01D000F064F800BF80BD12
:10070000540600200010005880B500AF164B174A61
:100710001A60154B00225A60134B0F229A60124B3D
:1007200047F6FF72DA60104B00221A610E4B00226E
:100730009A610D4B0022DA610B4B00225A610A4884
:1007400007F0C1FC0346002B01D000F03BF800226B
:100750000021054807F0C4FD0346002B01D000F03E
:1007600031F800BF80BD00BF6806002000280040AF
:1007700080B500AF0420FFF729FE0120FFF726FE19
:100780000220FFF723FE00220F210E2005F007F8BC
:100790000E2005F01EF800220F213A2004F0FFFF82
:1007A0003A2005F016F800BF80BD80B500AF0420E8
:1007B000FFF725FE0120FFF722FE0220FFF71FFEB4
:1007C00000BF80BD80B400AF00BFBD465DF8047BB4
:1007D0007047000090B5ADF5844D97B004AF07F5B4
:1007E0001273A3F51173186007F51273A3F5127352
:1007F000196007F14803383B3021184600F032FBFE
:1008000007F148033C3B1846F6F7B0FC07F14801F6
:10081000383907F148033C3B30221846F6F7C1FC53
:1008200007F148033C3B1846F6F7CCFC07F5896412
:10083000083C07F5C962083A07F64801083907F18C
:1008400048003C3807F64823083B039309230293EA
:1008500007F14803083B0193002300932346FFF769
:1008600053FC07F148033C3B1846F6F7CBFC07F571
:100870001273A3F512731B6859221A70012307F52E
:10088000844202F14402136007F51273A3F5127358
:100890001A6807F5844303F144031B68D01807F571
:1008A000844303F144031B68C3F5A06101316B4B22
:1008B0005B7A07F64802083A00930923F1F74EF9EC
:1008C00007F5844303F14003186007F5844303F1FF
:1008D00040031B68002B02D14FF0FF33B7E007F550
:1008E000844303F144031A6807F5844303F140038A
:1008F0001B68134407F5844202F14402136007F5B4
:100900001273A3F512731A6807F5844303F14403C5
:100910001B68D01807F5844303F144031B68C3F533
:10092000A06101314D4B5B7A07F5C962083A00932B
:100930000923F1F713F907F5844303F14003186025
:1009400007F5844303F140031B68002B02D14FF0ED
:10095000FF337CE007F5844303F144031A6807F58D
:10096000844303F140031B68134407F5844202F1FA
:100970004402136007F51273A3F512731A6807F5A2
:10098000844303F144031B68D01807F5844303F143
:1009900044031B68C3F5A0610131314B5B7A07F555
:1009A0008962083A00930923F1F7D8F807F58443E0
:1009B00003F14003186007F5844303F140031B680B
:1009C000002B02D14FF0FF3341E007F5844303F1E0
:1009D00044031A6807F5844303F140031B6813447A
:1009E00007F5844202F14402136007F5844303F1E2
:1009F00044031B6840F20152934202D04FF0FF3390
:100A000025E007F51273A3F511731B6809221A700C
:100A100007F51273A3F511731B68581C07F1480200
:100A2000083A09234FF46071F1F726F807F584437B
:100A300003F14003186007F5844303F140031B688A
:100A4000B3F5607F02D04FF0FF3300E0002318467B
:100A500007F584474C37BD4690BD00BF842202088D
:100A60009022020890B5ADF5204D9BB006AF07F17E
:100A7000500444F8440C07F1500040F8481C07F1BA
:100A8000500141F84C2C07F1500242F8503C07F558
:100A9000204303F164031B681B78592B02D04FF0ED
:100AA000FF33ABE1012307F5204202F14C02136052
:100AB000D54B5B7A194607F5204303F164031A68A6
:100AC00007F5204303F14C031B681A4407F5204344
:100AD00003F14C031B68C3F5A063013307F56560A0
:100AE0000838009313460A460921F1F7CAF807F5BA
:100AF000204303F14803186007F5204303F148033E
:100B00001B68002B02D14FF0FF3377E107F520433C
:100B100003F14C031A6807F5204303F148031B68EF
:100B2000134407F5204202F14C021360B64B5B7A86
:100B3000194607F5204303F164031A6807F52043BB
:100B400003F14C031B681A4407F5204303F14C03DF
:100B50001B68C3F5A063013307F5456008380093AF
:100B600013460A460921F1F78CF807F5204303F1F3
:100B70004803186007F5204303F148031B68002B66
:100B800002D14FF0FF3339E107F5204303F14C0365
:100B90001A6807F5204303F148031B68134407F55F
:100BA000204202F14C021360984B5B7A194607F51C
:100BB000204303F164031A6807F5204303F14C0353
:100BC0001B681A4407F5204303F14C031B68C3F567
:100BD000A063013307F525600838009313460A46E1
:100BE0000921F1F74EF807F5204303F14803186097
:100BF00007F5204303F148031B68002B02D14FF097
:100C0000FF33FBE007F5204303F14C031A6807F5B7
:100C1000204303F148031B68134407F5204202F107
:100C20004C02136007F5204303F14C031B6840F2AC
:100C30000152934202D04FF0FF33DFE007F5256405
:100C4000083C07F54562083A07F56561083907F57C
:100C50000560083807F5825303F11003083B019340
:100C600009230093234602F04FFC0346002B02D1D8
:100C70004FF0FF33C2E007F15003282153F8440C32
:100C800000F0F0F807F150033C3B1846F6F76EFA17
:100C900007F15003194607F150033C3B282251F855
:100CA000441C1846F6F77DFA07F15003194607F180
:100CB00050033C3B07F5204202F16002126851F8F4
:100CC000501C1846F6F76DFA07F150033C3B1846E6
:100CD000F6F778FA07F5825202F11002083A07F1A6
:100CE0005003083B03F5806107F150003C38134680
:100CF0000922F1F7EFF807F150033C3B1846F6F7ED
:100D000081FA07F15003383B3021184600F0AAF869
:100D100007F150033C3B1846F6F728FA07F150015B
:100D2000383907F150033C3B30221846F6F739FAC0
:100D300007F150033C3B1846F6F744FA07F54564C3
:100D4000083C07F56562083A07F150013C3907F1A4
:100D50005000083807F5825303F11003083B049351
:100D60000923039307F15003083B03F580630293C3
:100D700007F50563083B019307F52563083B0093DE
:100D8000234601F031FD07F15002083A07F1500304
:100D9000194607F150031846092351F84C1C50F826
:100DA000480CF0F7E9FF07F5204303F1480318600A
:100DB00007F5204303F148031B68002BBED007F161
:100DC00050033C3B1846F6F71DFA07F1500353F861
:100DD000482C07F5204303F148031B68D01807F19E
:100DE000500353F84C2C07F5204303F148031B68CC
:100DF000D31A1A4600210EF02EF80023184607F5E4
:100E000020475437BD4690BD842202089022020834
:100E100080B588B002AFF860B9607A603B6040F29C
:100E200071237B61FB68581CFB6803F129013B6A55
:100E300001933B6800937B687A69FFF713FE0346D2
:100E4000002B02DA4FF0FF3308E0FB6839221A70FA
:100E50007B6903F12902BB681A6000231846183722
:100E6000BD4680BD80B586B000AF786039602CE0AB
:100E700007F10C031946194807F0CFF80346002B79
:100E800002D04FF0FF3324E03B68042B28BF04233B
:100E90003B6100237B610CE0FA687B69DB0022FA8E
:100EA00003F17A687B691344CAB21A707B69013313
:100EB0007B617A693B699A42EED37A683B69134455
:100EC0007B603A683B69D31A3B603B68002BCFD10B
:100ED000002318461837BD4680BD00BF54060020C9
:100EE0002DE9F04F9BB000AF786039607B6803F567
:100EF00002733B667B6803F50273FB6507F10C0325
:100F00003A6838211846F6F76CF900237B662BE027
:100F10007B6E9B0068333B4413F85C3C1A467B6E47
:100F20009B00013368333B4413F85C3C1B021A43BB
:100F30007B6E9B00023368333B4413F85C3C1B041C
:100F40001A437B6E9B00033368333B4413F85C3CCD
:100F50001B0613437B647B6E9B003A6E13447A6CD2
:100F60001A607B6E01337B667B6E0D2BD0DD3B6E92
:100F700030331B6800229A469346C7E914AB3B6E98
:100F800034331B68002298469146C7E91289D7E995
:100F900012014FF000024FF0000303000022F96D30
:100FA00001F13006D7E91401141843EB0105C6E935
:100FB0000045786800F006F800BF6C37BD46BDE814
:100FC000F08F0000F0B599B000AF78607B6803F552
:100FD00002733033D3E90023C7E9162300237B656E
:100FE00054E2114B07F10C060FCB86E80F007B682B
:100FF00003F5027107F10C031033302218460DF08F
:10100000BAFF7A6CBB6D53407B64BE6CD7E91601A6
:101010004FF000024FF000030A0000231346734014
:10102000BB640023FB6484E15C860208FA68FB6908
:101030001344FB60FA6BFB685340FB63FB6B4FEAA6
:101040003343FB63FA6AFB6B1344FB62FA69FB6A86
:101050005340FB61FB694FEA3353FB61FA68FB695C
:101060001344FB60FA6BFB685340FB63FB6B4FEA76
:101070003363FB63FA6AFB6B1344FB62FA69FB6A36
:101080005340FB61FB694FEA7363FB613A693B6A5A
:1010900013443B613A6C3B6953403B643B6C4FEA01
:1010A00033433B643A6B3B6C13443B633A6A3B6BA0
:1010B00053403B623B6A4FEA33533B623A693B6AB7
:1010C00013443B613A6C3B6953403B643B6C4FEAD1
:1010D00033633B643A6B3B6C13443B633A6A3B6B50
:1010E00053403B623B6A4FEA73633B627A697B6AB7
:1010F00013447B617A6C7B6953407B647B6C4FEA61
:1011000033437B647A6B7B6C13447B637A6A7B6BBF
:1011100053407B627B6A4FEA33537B627A697B6A16
:1011200013447B617A6C7B6953407B647B6C4FEA30
:1011300033637B647A6B7B6C13447B637A6A7B6B6F
:1011400053407B627B6A4FEA73637B62BA69BB6A16
:101150001344BB61BA6CBB695340BB64BB6C4FEAC0
:101160003343BB64BA6BBB6C1344BB63BA6ABB6BDF
:101170005340BB62BB6A4FEA3353BB62BA69BB6A76
:101180001344BB61BA6CBB695340BB64BB6C4FEA90
:101190003363BB64BA6BBB6C1344BB63BA6ABB6B8F
:1011A0005340BB62BB6A4FEA7363BB62FA683B6A37
:1011B0001344FB60BA6CFB685340BB64BB6C4FEAE2
:1011C0003343BB647A6BBB6C13447B633A6A7B6BBF
:1011D00053403B623B6A4FEA33533B62FA683B6AD7
:1011E0001344FB60BA6CFB685340BB64BB6C4FEAB2
:1011F0003363BB647A6BBB6C13447B633A6A7B6B6F
:1012000053403B623B6A4FEA73633B623A697B6AD5
:1012100013443B61FA6B3B695340FB63FB6B4FEA42
:101220003343FB63BA6BFB6B1344BB637A6ABB6BE0
:1012300053407B627B6A4FEA33537B623A697B6A35
:1012400013443B61FA6B3B695340FB63FB6B4FEA12
:101250003363FB63BA6BFB6B1344BB637A6ABB6B90
:1012600053407B627B6A4FEA73637B627A69BB6A35
:1012700013447B613A6C7B6953403B643B6C4FEA9F
:1012800033433B64FA6A3B6C1344FB62BA6AFB6A01
:101290005340BB62BB6A4FEA3353BB627A69BB6A95
:1012A00013447B613A6C7B6953403B643B6C4FEA6F
:1012B00033633B64FA6A3B6C1344FB62BA6AFB6AB1
:1012C0005340BB62BB6A4FEA7363BB62BA69FB6996
:1012D0001344BB617A6CBB6953407B647B6C4FEAFF
:1012E00033437B643A6B7B6C13443B63FA693B6B1F
:1012F0005340FB61FB694FEA3353FB61BA69FB69F9
:101300001344BB617A6CBB6953407B647B6C4FEACE
:1013100033637B643A6B7B6C13443B63FA693B6BCE
:101320005340FB61FB694FEA7363FB61FB6C013364
:10133000FB64FB6C092B7FF779AE00233B6513E060
:101340003B6D9B0060333B4453F8542C5A493B6D32
:1013500051F823301A443B6D9B0060333B4443F803
:10136000542C3B6D01333B653B6D032BE8D90423C3
:101370003B6519E03B6D9B0060333B4453F8542CB4
:101380007B6803F502713B6D03F18043043B9B00D6
:101390000B441B681A443B6D9B0060333B4443F88D
:1013A000542C3B6D01333B653B6D0D2BE2D97A6CC0
:1013B0007B6803F5027328331968BB6D4B401344F7
:1013C0007B64BE6C7B6803F502732C331B683B6047
:1013D000D7E916014FF000024FF000030A00002386
:1013E00013463A6853403344BB64D7E91623541C70
:1013F00043F10005C7E9164500233B6540E03B6D1E
:101400009B0060333B4453F8541C7B6D9A003B6D4A
:101410005B011344C9B27A68D1543B6D9B006033C1
:101420003B4453F8543C190A7B6D9A003B6D5B01B9
:1014300013440133C9B27A68D1543B6D9B006033C9
:101440003B4453F8543C190C7B6D9A003B6D5B0197
:1014500013440233C9B27A68D1543B6D9B006033A8
:101460003B4453F8543C190E7B6D9A003B6D5B0175
:1014700013440333C9B27A68D1543B6D01333B65E1
:101480003B6D0F2BBBD97B6D01337B657B6D072BD0
:101490007FF6A7AD7B6803F5027303F13001D7E94E
:1014A0001623C1E900237B680022C3F8002200BF95
:1014B0006437BD46F0BD00BF5C8602082DE9F00F21
:1014C0008AB000AFC7E90801FA61D7E908234FF0F5
:1014D00000004FF0000118000021D7E9082380EA3E
:1014E00002063E614B407B61FB695B11DA17BB6012
:1014F000FA600023D7E902010246D2F1000A0A4647
:1015000063EB020BD7E904120B4603EA0A04134605
:1015100003EA0B05D7E9082382EA040139606B402E
:101520007B60D7E90034C7E90834FB6903F01F0189
:10153000D7E90823C1F12004A1F1200022FA01F823
:1015400003FA04F448EA040823FA00F048EA000821
:1015500023FA01F942464B46104619462837BD4644
:10156000BDE8F00F70472DE9F00F8AB000AFC7E972
:101570000801FA61D7E908234FF000004FF000019D
:101580001800D917D7E9082380EA02063E614B40CC
:101590007B61FB695B11DA17BB60FA600023D7E956
:1015A00002010246D2F1000A0A4663EB020BD7E9B8
:1015B00004120B4603EA0A04134603EA0B05D7E9B3
:1015C000082382EA040139606B407B60D7E900346C
:1015D000C7E90834FB6903F01F01D7E90823C1F10B
:1015E0002004B1F1200022FA01F803FA04F448EAD9
:1015F000040803D443FA00F048EA000843FA01F96A
:1016000042464B46104619462837BD46BDE8F00F06
:1016100070472DE9F00F8AB000AFC7E90801FA6101
:10162000D7E908234FF000004FF00001110000201F
:10163000D7E9082380EA02063E614B407B61FB69E3
:101640005B11DA17BB60FA600023D7E9020102469A
:10165000D2F1000A0A4663EB020BD7E904120B46EB
:1016600003EA0A04134603EA0B05D7E9082382EAD2
:10167000040139606B407B60D7E90034C7E9083466
:10168000FB6903F01F01D7E90823A1F12004C1F190
:10169000200003FA01F902FA04F449EA040922FAE3
:1016A00000F049EA000902FA01F842464B461046AA
:1016B00019462837BD46BDE8F00F704780B582B0A7
:1016C00000AFC7E900010022D7E90001F5F75BFF91
:1016D00002460B46104619460837BD4680BD2DE927
:1016E000B04F9EB000AFC7E91201D7E912234FF007
:1016F00000004FF00001990241EA92519002044625
:1017000021F04045A24645F0804BC7E91CABD7E924
:1017100012234FF000004FF00001180D0021034686
:10172000C3F30A03C3F587630533FB66FB6E403BD7
:10173000DB0F00223B647A647B6FD7E910452246B9
:1017400002FB03F23B6F294601FB03F31A443B6F94
:101750002146A3FB018902EB09039946C7E91C89CD
:10176000C7E91C89FB6E03F03F03FB66FB6EC3F108
:101770003F031A46D7E91C01FFF74BFFC7E91801E1
:101780003C6ED7E918234FF000004FF0000118001D
:101790000021034623F060432343FB65D7E9182368
:1017A0004FF000004FF00001580F00210146FB6D83
:1017B0005A42FB6D1343DB0F0B43BB65FA6ED7E94F
:1017C0001C01FFF77BFEC822BB6D22FA03F3002247
:1017D000BB63FA63BB6B03F001033B6300237B63D2
:1017E000D7E90C452346C3183B602B4641EB030366
:1017F0007B60D7E90034C7E91C34D7E912014FF008
:1018000000024FF00003CA0F002313467B657B6D77
:101810000022BB62FA620023D7E90A010246524263
:101820003A620A4663EB02037B62D7E91C23D7E9DD
:10183000084521465140B96129465940F9617B6DFF
:1018400000223B617A61D7E906452346D7E90401C6
:1018500002469B18BB600B462A4642EB0303FB6023
:10186000D7E90223104619467837BD46BDE8B08F48
:101870002DE9B04F90B000AFC7E90601D7E90623C4
:101880004FF000004FF00001180D00210346C3F394
:101890000A03FB63D7E906234FF000004FF0000175
:1018A000D80F0021C7E90C01D7E906234FF000004B
:1018B0004FF00001990241EA92519002386141F0E3
:1018C00080437B61D7E90423BA6023F00043FB60C7
:1018D000D7E90223C7E90A23D7E90C230021D2F173
:1018E000000A61EB030BD7E90A238AEA02088BEAB4
:1018F0000309D7E90C2318EB0201396049EB030314
:101900007B60D7E90023C7E90A23FB6BC3F5876334
:1019100005337B627B6A03F03F031A46D7E90A016D
:10192000FFF721FEC7E90A017B6AC3F13F03DB0F22
:1019300003F00103DBB2002B06D0D7E90C23002112
:10194000544261EB030501E0D7E90A45C7E90A45BE
:10195000D7E90A23104619464037BD46BDE8B08F87
:101960002DE9B04F90B000AFC7E90801D7E90823CF
:101970004FF000004FF00001180D00210346C3F3A3
:101980000A03FB63D7E908234FF000004FF0000182
:10199000990241EA92519002386121F040437B6103
:1019A000D7E904120B46BB60134643F08043FB604B
:1019B000D7E90223C7E90A23FB6BC3F58763053325
:1019C000BB63D7E90A01BB6B03F03F031A46FFF77D
:1019D00075FD02460B46C7E90A23BB6B403BDB0F94
:1019E0000022BB61FA61D7E90A23F96902FB01F021
:1019F000B96901FB03F10144B869A0FB02454B1929
:101A00001D46C7E90A45D7E908014FF000024FF02B
:101A10000003CA0F0023C7E90C23D7E90C230021D8
:101A2000D2F1000A61EB030BD7E90A238AEA020824
:101A30008BEA0309D7E90C2318EB0201396049EB63
:101A400003037B60D7E90034C7E90A3407F12803B0
:101A5000D3E90023104619464037BD46BDE8B08F94
:101A6000B0B584B000AFC7E90201C7E90023D7E9E8
:101A70000023144603F10045C7E90045D7E90023D8
:101A8000D7E90201F6F75CF802460B461046194604
:101A90001037BD46B0BD80B483B000AFC7E90001C8
:101AA000D7E90001024601F10043C7E90023D7E965
:101AB0000023104619460C37BD465DF8047B70477D
:101AC0002DE9B00F85B000AFC7E90001D7E90001EB
:101AD000A1F5801B8246C7E900ABD7E900AB4FF008
:101AE00000004FF000014FEA1B5000210146C1F3F6
:101AF0000A010131C90AF960F96800200C4605465F
:101B0000621E45F1FF33D7E9000100EA020801EA4D
:101B10000309C7E90089D7E900231046194614379D
:101B2000BD46BDE8B00F704780B582B000AFC7E9D1
:101B30000001D7E90023D7E90001F6F75BFC024674
:101B40000B46104619460837BD4680BD2DE9B04FFB
:101B50009EB000AFF866FB6ED3F800327B677B6FF8
:101B6000B3F5FB7F04D9F86EFFF72CFA00237B67EF
:101B70007B6F03F10802FB6EC3F80022FA6E7B6FE5
:101B800013441B78DBB200223B667A667B6F5A1CDB
:101B9000FB6E9B5CDBB200221C4615464FF0000238
:101BA0004FF000032B0243EA14632202D7E91845E1
:101BB000214641EA020A294641EA030B7B6F9A1C3F
:101BC000FB6E9B5CDBB20022BB65FA654FF0000246
:101BD0004FF00003D7E9164529460B04214643EA96
:101BE000114321460A044AEA020139654BEA03031C
:101BF0007B657B6FDA1CFB6E9B5CDBB20022BB64F7
:101C0000FA64D7E912120B464FEA13290B464FEA42
:101C10000368D7E914120B4643EA08033B641346F2
:101C200043EA09037B647B6F1A1DFB6E9B5CDBB28E
:101C30000022BB63FA634FF000024FF00003B96B60
:101C40000B000022D7E9104521461143396329468C
:101C5000194379637B6F5A1DFB6E9B5CDBB20022DC
:101C6000BB62FA624FF000024FF00003B96A0B0248
:101C70000022D7E90C452146114339622946194310
:101C800079627B6F0633FA6ED35CDBB20022BB61F4
:101C9000FA614FF000024FF00003B9690B04002213
:101CA000D7E908452146114339612946194379612D
:101CB0007B6F0733FA6ED35CDBB20022BB60FA6045
:101CC0004FF000024FF00003B9680B060022D7E97D
:101CD0000445214611433960294619437960D7E903
:101CE0000023104619467837BD46BDE8B08F80B551
:101CF00084B000AF78607B68D3F80032591C7A68F2
:101D0000C2F800127A68D35CFB607B68D3F80032BB
:101D1000B3F5007F02D17868FFF754F9FB681846E5
:101D20001037BD4680BDF0B587B000AFF860B96030
:101D30007A6001227B6802FA03F33B6100237B6136
:101D400017E0BA687B69134493F900305BB2DA1785
:101D50001C4615467B69DB00FA68D61820462946E2
:101D6000FFF7ACFC02460B46C6E900237B69013352
:101D70007B617A693B699A42E3D300BF00BF1C379D
:101D8000BD46F0BD2DE9F04391B006AFF860B960F3
:101D90007A603B60BB6D002B45D1BB6CD3E900235F
:101DA000C7E90423D7E90401F6F7F1FE8A4A7B6DFF
:101DB000DB001344D3E90023F6F71CFBC7E9040159
:101DC0007B68D3E90001D7E90423CDE90023FE684D
:101DD00002460B46B868B0470346DA179846914664
:101DE00040464946FFF76AFC02460B467968C1E95E
:101DF00000233B68D3E90001D7E90423CDE90023A0
:101E0000FE6802460B46B868B0470346DA171C4620
:101E1000154620462946FFF751FC02460B46396815
:101E2000C1E90023D4E00122BB6D02FA03F37B6217
:101E30007B6A5B083B62BB6D3A6DF96CB86CF1F77D
:101E40001BFA3B6ADB00FA6DD118BB6DBA6CF86DFA
:101E5000F1F76AFB7B6ADB001A46F96DB86C0DF08E
:101E60008AF83B6ADB00FA6DD118BB6D3A6DF86DEC
:101E7000F1F75AFB7B6ADB001A46F96D386D0DF0FD
:101E80007AF87B6ADB001A46F96CF86D0DF073F88E
:101E90003B6ADB001A46B96CF86C0DF06CF83B6AD3
:101EA000DB00FA6CD0183B6ADB001A46396D0DF086
:101EB00062F87B6ADB00FA6D1344FB613B6ADB006E
:101EC000FA69D118BB6D3A68F869F1F72DFB3B6AE6
:101ED000DB00FA69D5183B6ADB003A6D13443A6AB5
:101EE000D200F96C0A44B96D0139786AC000FC6906
:101EF000204405900491796D0391029201933B6D0A
:101F000000932B46FA69B968F868FFF73BFF7B6AD4
:101F10001B01FA6DD0183B6ADB00FA691A44BB6DED
:101F2000F969F1F733FC7B6ADB001A463968F86916
:101F30000DF021F87B6A1B01FA6D1344BA6D194646
:101F4000F869F0F72FFD7B6A1B01FA6DD1187B6AE7
:101F5000DB001A4638680DF00EF8BA6DF969F86DB5
:101F6000F0F7A7FDBA6DF96D7868F0F7EBFCFB6D43
:101F7000BB613B6ADB00BA69D118BB6D7A68B8698E
:101F8000F1F7D2FA3B6ADB00BA69D4183B6ADB008E
:101F9000BA6C1344BA6D013A796AC900B869014450
:101FA000059104927A6D0392FA6C02920193BB6CD4
:101FB00000932346BA69B968F868FFF7E3FE3B6A05
:101FC000DB00BA691A44BB6DB9697868F1F7DEFBCA
:101FD0002C37BD46BDE8F083708602080000000083
:101FE000F0B5A1B006AFF860B9607A603B6001223D
:101FF000D7F8903002FA03F3BB65D7F894307B65CD
:10200000BB6DDB007A6D13443B65BB6DDB003A6D45
:102010001344FB64BB6DDB00FA6C1344BB64D7F85C
:1020200090203968386DFFF77EFED7F89020D7F8FA
:102030008010786DFFF777FED7F89020D7F88410DE
:10204000B86CFFF770FED7F89020D7F88810F86CBE
:10205000FFF769FED7F89010386DF0F79FF9D7F8C1
:102060009010786DF0F79AF9D7F89010B86CF0F7F7
:1020700095F9D7F89010F86CF0F790F9D7F8901020
:10208000386DF0F7BFFCD7F89010B86CF0F7BAFCD9
:10209000BB6DDB00BA6C13447B64BB6DDB007A6CF8
:1020A00013443B64BB6DDB001A46396D786C0CF051
:1020B00062FFD7F89010786CF0F71DFEBB6DDB0067
:1020C0001A46796D386C0CF056FFD7F89020F96CF1
:1020D000386CF0F77DFDD7F89010786DF0F70BFEB7
:1020E000D7F89020796C786DF0F72CFCBB6DDB0095
:1020F0001A46396D786C0CF03EFFD7F89020B96C19
:10210000386DF0F765FDD7F89020396C386DF0F731
:1021100019FCD7F89010F86CF0F7EDFDBB6DDB0003
:102120001A46B96C386C0CF026FFD7F89010386C52
:10213000F0F7E1FDD7F89020396CF86CF0F702FC6D
:102140007B6DFB633B6DBB63FB6C7B637B6C3B65B7
:10215000BB6DDB003A6D13447B64BB6DDB007A6CB6
:1021600013443B6400237B6618E07B6E5B00D7F86A
:102170008C2013441B889BB200221C4615467B6EA4
:10218000DB007A6CD61820462946FFF797FA0246FC
:102190000B46C6E900237B6E01337B667A6EBB6D0E
:1021A0009A42E2D3D7F89010786CF0F7F7F8C4A30E
:1021B000D3E90023C7E90A23BB6DDB001A46796C1B
:1021C000386C0CF0D8FED7F89020396D386CF0F7E9
:1021D00070FCD7E90A01FFF75EFC02460B46D7F810
:1021E00090100091386CF0F7D8FDD7F89020B96CBA
:1021F000786CF0F75EFCD7F890300093D7E90A23AB
:10220000786CF0F7CAFDBB6D1B011A46796CB86C8F
:102210000CF0B1FEBB6DDB007A6B13447B64BB6DCD
:10222000DB007A6C13443B64BB6DDB003A6C1344F7
:102230000593D7F890300493D7F8903003937B6BD5
:102240000293BB6B0193FB6B00933B6C7A6CB96898
:10225000F868FFF797FDD7F894307B65BB6DDB001E
:102260007A6D13443B65BB6DDB003A6D1344FB6430
:10227000BB6DDB00FA6C1344BB64BB6DDB00BA6C56
:10228000D018BB6D1B011A46796C0CF0CBFDBB6DF1
:10229000DB00BA6C13447B64BB6DDB007A6C1344C7
:1022A0003B64D7F890203968386DFFF73CFDD7F8CC
:1022B0009020D7F88010786DFFF735FDD7F8902083
:1022C000D7F88410B86CFFF72EFDD7F89020D7F818
:1022D0008810F86CFFF727FDD7F89010386DF0F7ED
:1022E0005DF8D7F89010786DF0F758F8D7F890109F
:1022F000B86CF0F753F8D7F89010F86CF0F74EF888
:10230000D7F89010386DF0F77DFBD7F89010B86CC7
:10231000F0F778FBBB6DDB003A6C13447B62BB6D5E
:10232000DB007A6A13443B62BB6DDB001A46796CB2
:10233000786A0CF020FEBB6DDB001A46396C386AF7
:102340000CF019FED7F89020796D786AF0F7B1FBA0
:10235000D7F89020F96C386AF0F7ABFBD7F89020EB
:10236000396A786AF0F7EEFABB6DDB001A46796CD1
:10237000386A0CF000FED7F89020396D386AF0F713
:1023800098FBBB6DDB001A46796A786C0CF0F3FDA4
:10239000D7F89020B96C386CF0F78BFBD7F8902009
:1023A000396A386CF0F7CEFAD7F89010786CF0F7FD
:1023B00047F9D7F89010386CF0F742F97B6AFB6167
:1023C00000233B660023FB6500237B662AE07B6ECF
:1023D0005B00D7F88C2013441B881C467B6EDB0007
:1023E0007A6C1344D3E9002310461946FFF777F9B6
:1023F00002460B461346E31A7B617B6903FB03F33A
:102400001A463B6E13443B66FA6D3B6E1343FB6505
:102410007B6E5B00FA6913447A6912B21A807B6E94
:1024200001337B667A6EBB6D9A42D0D3FB6DDB17AE
:102430001A463B6E13433B66D7F89430BB610023CA
:102440007B6617E07B6EDB003A6C1344D3E9002314
:1024500010461946FFF743F902460B4693B25B421A
:1024600099B27B6E5B00BA6913440AB21A807B6E24
:1024700001337B667A6EBB6D9A42E3D3D7F8902026
:10248000B969386EEFF7BCFE0346002B10D0BB6D68
:102490005B001A46B96978680CF06DFDBB6D5B0096
:1024A0001A46F969D7F894000CF065FD012300E0A5
:1024B000002318466C37BD46F0BD00BFAFF3008067
:1024C00082A79790E354153F80B58EB000AF786037
:1024D0007868FFF73BFBC7E90A017868FFF707FC5C
:1024E0007862BB6A23F07F433B62D7E90A014FF071
:1024F00000024FF00003020E42EA01220B0E1346C7
:1025000023F07F43FB61D7E90A014FF000024FF04F
:1025100000030A0C00237B6A1B041343BB610023E6
:102520003B6300237B632AE07B6B0233184A52F83B
:1025300023307B617B6B0133154A52F823303B61BA
:10254000134A7B6B52F82330FB603A6A7B69D31ADB
:10255000DB0FBB60FA693B69D21ABB68D31ADB0F89
:10256000BB60BA69FB68D21ABB68D31ADB0FBB60C9
:10257000BB683A6B13443B637B6B03337B637B6BBE
:10258000352BD1D93B6B18463837BD4680BD00BFCF
:1025900020870208000000002DE9B04F92B000AF84
:1025A000F861C7E9042342A3D3E90023D7E9040172
:1025B000F5F720FF02460B4610461946FFF7D0F903
:1025C00002460B4613463B643B6CDA17BB60FA606D
:1025D000D7E90201FFF772F837A3D3E90023F5F733
:1025E00009FF02460B46D7E90401FFF739FAC7E9AC
:1025F0000E013B6C7B637B6B83F03F037A6BC2F114
:102600003F02D21713407A6B53407B637B6B3B6472
:10261000D7E91A23D7E90E01F6F730FC02460B463C
:10262000911839605B417B60D7E9002312F1FF3AD2
:1026300043F1FF3B3B6CC3F12001A3F120022AFAD6
:1026400003F40BFA01F10C432BFA02F214432BFAB8
:1026500003F5C7E90A4540237B647B6C083B7B6438
:10266000F869FFF744FB0546D7E90A23796CC1F105
:102670002004A1F1200022FA01F803FA04F448EA48
:10268000040823FA00F048EA000823FA01F9434657
:10269000DBB2EB1A7B627B6A002B02D17B6C002BD6
:1026A000DBDC7B6ADB0F18464837BD46BDE8B08FE0
:1026B000FE822B654715F73FEF39FAFE422EE63FC3
:1026C0002DE9B04F94B002AFF860C7E90023FB6872
:1026D0007B64D7E90001FFF7CBF802460B461346AF
:1026E0003B643B6CDA179A46934650465946FEF7D0
:1026F000E5FF02460B46D7E90001FFF7B1F9C7E94C
:102700000E01D7E91A01FFF70FFA02460B461046F1
:102710001946FFF7D5F9C7E90C017B6CD3E9C4234F
:10272000D7E91A01F5F766FEC7E90A017B6C18467E
:10273000FFF7CAFE78627B6C1846FFF7D8FA0346AB
:1027400003F001033B623B6A5B00013B7A6A02FBD8
:1027500003F33A6A1344FB61FB69DA171C4615461A
:1027600020462946FEF7AAFFD7E90E23FFF778F99E
:1027700002460B4610461946FFF7D6F9D7E90C2357
:10278000F5F738FEC7E904017B6A03FB03F3DA17A8
:102790009846914640464946FEF790FF10A3D3E97C
:1027A0000023F5F727FE02460B46D7E90401FFF7A1
:1027B00057F9C7E90401796CD7E90A23CDE9002369
:1027C000D7E904230846FFF7E7FE0346002BADD008
:1027D0003A6CFB69134418464837BD46BDE8B08FD4
:1027E000C2BB83C18B4FC33F90B5ADF5557D06AFDE
:1027F00007F54E74A4F54B74206007F54E70A0F5F4
:102800004C70016007F54E71A1F54D710A6007F536
:102810004E72A2F54E721360D7F85833C7F83433AE
:10282000254AD7F85433DB001344D3E9002307F5D6
:102830004E71A1F54A71C1E9C42307F54E73A3F5A2
:102840004C7307F1100219681046FEF749FB1B4B49
:10285000C7F8303307F11003C7F82C3307F54E7370
:10286000A3F54D7307F54E72A2F54B72D7F83413EA
:102870000591D7F854130491D7F850130391D7F862
:102880004C130291D7F84813019107F54E71A1F549
:102890004E71096800911B681268D7F82C13D7F89D
:1028A0003003FFF79DFB0346002B00D1B8E700BFC4
:1028B00007F54F77BD4690BDC8860208C1260108BE
:1028C00080B400AF4FF0B043D3F890304FF0B04237
:1028D00043F40043C2F8903000BFBD465DF8047B6E
:1028E000704780B485B000AF78604FF0B043DA6CC9
:1028F0004FF0B0417B681343CB644FF0B043DA6CC8
:102900007B681340FB60FB6800BF1437BD465DF871
:10291000047B704780B485B000AF78604FF0B0435F
:102920001A6D4FF0B0417B6813430B654FF0B04315
:102930001A6D7B681340FB60FB6800BF1437BD460F
:102940005DF8047B704780B485B000AF78604FF0CD
:10295000B0439A6D4FF0B0417B6813438B654FF0E5
:10296000B0439A6D7B681340FB60FB6800BF14376F
:10297000BD465DF8047B704780B485B000AF7860D9
:102980004FF0B043DA6D4FF0B0417B681343CB6535
:102990004FF0B043DA6D7B681340FB60FB6800BF0B
:1029A0001437BD465DF8047B704780B485B000AF36
:1029B00078604FF0B0431A6E4FF0B0417B6813431C
:1029C0000B664FF0B0431A6E7B681340FB60FB68E8
:1029D00000BF1437BD465DF8047B704780B500AF7B
:1029E0004FF40020FFF796FF002200212E2002F076
:1029F000D6FE2E2002F0EDFE00BF80BD80B582B075
:102A000000AF78607B681B680D4A934213D14FF486
:102A10008010FFF77FFF002200212C2002F0BFFE74
:102A20002C2002F0D6FE002200212D2002F0B7FE5D
:102A30002D2002F0CEFE00BF0837BD4680BD00BF8E
:102A4000000C005880B5A0B000AF786007F16C03AF
:102A500000221A605A609A60DA601A6107F10C036A
:102A60005022002118460CF0F6F97B681B68684A72
:102A700093426ED10223FB600023BB6207F10C037B
:102A8000184605F00EF80346002B01D0FDF79AFE1C
:102A90000120FFF771FF0120FFF723FF0C23FB66E6
:102AA00002233B6700237B670323BB670823FB6785
:102AB00007F16C0319464FF0904003F063FA554B51
:102AC000554A1A60534B11225A60524B10229A6099
:102AD000504B0022DA604F4B80221A614D4B00228E
:102AE0005A614C4B00229A614A4B0022DA61494BF1
:102AF00000221A62474802F0B1FE0346002B01D0C3
:102B0000FDF760FE4FF08853FB6500233B66002312
:102B100087F86430002387F865300123BB6607F12E
:102B20005C0319463B4803F0CBF90346002B01D068
:102B3000FDF748FE7B68374ADA67364A7B6893625E
:102B400000220021252002F02AFE252002F041FE6D
:102B50005AE07B681B68314A934255D10123FB60E0
:102B600000237B6207F10C03184604F09AFF03462A
:102B7000002B01D0FDF726FE4FF48040FFF715FF34
:102B80000220FFF7AEFEC023FB6602233B67012352
:102B90007B670323BB670723FB6707F16C031946B9
:102BA0001F4803F0EFF91F4B1F4A1A601D4B0F22FD
:102BB0005A601C4B10229A601A4B0022DA60194BA3
:102BC00080221A61174B00225A61164B00229A612B
:102BD000144B0022DA61134B00221A62114802F0F2
:102BE0003DFE0346002B01D0FDF7ECFD7B680D4A4E
:102BF000DA670C4A7B68936200220021242002F0ED
:102C0000CEFD242002F0E5FD00BF8037BD4680BD2B
:102C1000008000409405002044000240003801403C
:102C200000040048F40500204404024080B596B03A
:102C300000AF786007F108035022002118460CF01D
:102C40000AF97B681B680D4A934213D14FF4007355
:102C5000BB604FF080533B6407F10803184604F053
:102C600020FF0346002B01D0FDF7ACFD4FF4802080
:102C7000FFF750FE00BF5837BD4680BD001000581A
:102C800080B596B000AF786007F1080350220021AC
:102C900018460CF0E0F87B681B68144A934220D178
:102CA0004FF40063BB604FF48073BB6407F108030B
:102CB000184604F0F6FE0346002B01D0FDF782FD16
:102CC000FFF7FEFD4FF48060FFF73DFE002200217C
:102CD000032002F064FD032002F07BFD786805F01C
:102CE000CBFB00BF5837BD4680BD00BF0028004069
:102CF00080B400AF00BFBD465DF8047B704780B470
:102D000000AF00BFFDE780B400AF00BFFDE780B4B7
:102D100000AF00BFFDE780B400AF00BFFDE780B4A7
:102D200000AF00BFBD465DF8047B704780B400AFC4
:102D300000BFBD465DF8047B704780B400AF00BFA4
:102D4000BD465DF8047B704780B500AF02F0A8FB7C
:102D500000BF80BD80B500AFF6F796FE00BF80BD16
:102D600080B500AF024802F05AFF00BF80BD00BF2F
:102D70009405002080B500AF024805F0EFFC00BFCD
:102D800080BD00BF0005002080B500AF024805F0FF
:102D9000E5FC00BF80BD00BF6C04002080B500AF23
:102DA00001F0C6FF00BF80BD80B500AF01F0F6FFA7
:102DB00000BF80BD80B500AF03F084FA00BF80BDC6
:102DC00080B500AF024802F02AFF00BF80BD00BFFF
:102DD000F405002080B500AF102003F05BFA00BFBF
:102DE00080BD80B500AF012003F054FA00BF80BD64
:102DF00080B500AF022003F04DFA00BF80BD80B463
:102E000000AF01231846BD465DF8047B704780B5CE
:102E100082B000AF786039600CF080F8034616226B
:102E20001A604FF0FF3318460837BD4680BD80B5A5
:102E300082B000AF78604FF0FF317868FFF7E7FFAE
:102E400000BFFDE780B586B000AFF860B9607A607A
:102E500000237B610AE0AFF300800146BB685A1C87
:102E6000BA60CAB21A707B6901337B617A697B6888
:102E70009A42F0DB7B6818461837BD4680BD80B4A7
:102E800083B000AF78604FF0FF3318460C37BD4673
:102E90005DF8047B704780B483B000AF7860396020
:102EA0003B684FF400525A60002318460C37BD4669
:102EB0005DF8047B704780B483B000AF7860012375
:102EC00018460C37BD465DF8047B704780B485B06A
:102ED00000AFF860B9607A60002318461437BD4629
:102EE0005DF8047B7047000080B586B000AF786065
:102EF000144A154BD31A7B617B693B61134B1B68EA
:102F0000002B02D1114B124A1A60104B1A687B68D1
:102F100013443A699A4207D20CF000F803460C2297
:102F20001A604FF0FF3309E0084B1B68FB60074B4A
:102F30001A687B681344054A1360FB681846183703
:102F4000BD4680BD00000320002000008C0600204C
:102F5000F024002080B485B000AF78607B68FB600F
:102F6000FB68DB171A4643F201031340FA68134467
:102F7000FB60FB6818461437BD465DF8047B70475C
:102F800080B485B000AF786039607A683B681344DC
:102F9000A3F54053013BFB60FB68DB171A4643F285
:102FA00001031340FA681344FB60FB6818461437AA
:102FB000BD465DF8047B704780B485B000AF786093
:102FC00039607A683B68D31AFB60FB68DB171A46E6
:102FD00043F201031340FA681344FB60FB68184690
:102FE0001437BD465DF8047B704780B483B000AFF2
:102FF00078607B6803F001035A4243F201031340F7
:103000007A6813447B607B685B0818460C37BD46C2
:103010005DF8047B704780B485B000AF786039609C
:103020007B683A6802FB03F3FB60FA6813465B00B7
:1030300013441B039B1A9AB213465B0013441B03F1
:103040001344BB60FA68BB6813441B0CFB60FB684D
:10305000A3F54053013BFB60FB68DB171A4643F2C4
:1030600001031340FA681344FB60FB6818461437E9
:10307000BD465DF8047B704780B582B000AF7860D4
:1030800079687868FFF7C7FF034618460837BD46DA
:1030900080BD80B596B000AF7860396042F6C82137
:1030A0003868FFF7B8FF7865786DFFF7E5FF38659A
:1030B000796D386DFFF7AFFFF864396DF86CFFF785
:1030C000AAFFB864B86CFFF7D7FF7864786CFFF795
:1030D000D3FF3864386CFFF7CFFFF863F86BFFF766
:1030E000CBFFB863B86BFFF7C7FF7863F96C786BF9
:1030F000FFF791FF3863796B386BFFF78CFFF8624D
:10310000F86AFFF7B9FFB862B86AFFF7B5FF7862EF
:10311000396B786AFFF77FFF3862386AFFF7ACFFD8
:10312000F861F869FFF7A8FFB861F96AB869FFF7B5
:1031300072FF78617869FFF79FFF3861796D3869B0
:10314000FFF769FFF8607968F868FFF764FF0346E6
:1031500018465837BD4680BD80B58EB000AF786048
:10316000396001223B6802FA03F33B623B6A7B63EE
:1031700001233B6356E07B6B5B08FB610023FB6232
:103180000023BB6245E03A6BFB6A13442A4A32F8DB
:103190001330BB61BA6AFB6913447B61BB6A7B6213
:1031A0002CE07B6A5B007A6813441B883B617A6A77
:1031B000FB6913445B007A6813441B88B96918469D
:1031C000FFF729FFF860F9683869FFF7D9FE014673
:1031D0007B6A5B007A6813448AB21A80F96838699E
:1031E000FFF7EAFE01467A6AFB6913445B007A68DE
:1031F00013448AB21A807B6A01337B627A6A7B69E4
:103200009A42CED3FB6A0133FB62BA6A7B6B1344EA
:10321000BB62FA6A3B6B9A42B5D3FB697B633B6B3B
:103220005B003B633A6B3B6A9A42A4D300BF00BF8A
:103230003837BD4680BD00BFF887020880B590B022
:1032400000AF7860396001223B6802FA03F37B62C9
:103250000123FB637B6ABB6359E0BB6B5B083B628A
:10326000FB6B5B00FB6100233B630023FB6246E0DA
:10327000FA6AFB6B1344BB613A6A3B6B13443D4AE9
:1032800032F813307B61FB6ABB622DE0BB6A5B00E6
:103290007A6813441B883B61BA6AFB6B13445B007A
:1032A0007A6813441B88FB60F9683869FFF768FE89
:1032B0000146BB6A5B007A6813448AB21A80F968D7
:1032C0003869FFF779FEB8607969B868FFF7A3FE3F
:1032D0000146BA6AFB6B13445B007A6813448AB2F6
:1032E0001A80BB6A0133BB62BA6ABB699A42CDD30A
:1032F0003B6B01333B63FA6AFB691344FB623A6B35
:103300003B6A9A42B4D3FB69FB633B6ABB63BB6B0A
:10331000012BA2D840F6FB737B637B6ABB6306E09C
:10332000786BFFF762FE7863BB6B5B08BB63BB6BBC
:10333000012BF5D80023BB6312E0BB6B5B007A68FE
:1033400013441B88796B1846FFF765FE0146BB6B7B
:103350005B007A6813448AB21A80BB6B0133BB638B
:10336000BA6B7B6A9A42E8D300BF00BF4037BD46C4
:1033700080BD00BFF88F020880B584B000AF7860D0
:10338000396001223B6802FA03F3BB600023FB6053
:1033900013E0FB685B007A6813441B8842F6C8217F
:1033A0001846FFF738FE0146FB685B007A68134455
:1033B0008AB21A80FB680133FB60FA68BB689A42E4
:1033C000E7D300BF00BF1037BD4680BD80B586B0D3
:1033D00000AFF860B9607A6001227B6802FA03F3FB
:1033E0003B6100237B6117E07B695B00FA68134453
:1033F0001B8818467B695B00BA6813441B88194612
:10340000FFF709FE01467B695B00FA6813448AB244
:103410001A807B6901337B617A693B699A42E3D305
:1034200000BF00BF1837BD4680BD80B588B000AF73
:10343000F860B9607A603B6001223B6802FA03F3EE
:10344000BB61BB6A7B610023FB6120E0BA68FB695A
:10345000134493F900301846FFF77CFD0146FB69E1
:103460005B007A6913448AB21A807A68FB69134454
:1034700093F900301846FFF76DFD0146FB695B00CC
:10348000FA6813448AB21A80FB690133FB61FA6956
:10349000BB699A42DAD33968F868FFF75DFE39688C
:1034A0007869FFF759FE0023FB6120E0FB695B00B0
:1034B0007A6913441B88002B01D1002320E0FB69AB
:1034C0005B00FA6813441B881846FB695B007A6945
:1034D00013441B881946FFF7DCFD0146FB695B00BE
:1034E000FA6813448AB21A80FB690133FB61FA69F6
:1034F000BB699A42DAD33968F868FFF79FFE012367
:1035000018462037BD4680BD80B58AB000AFF86050
:10351000B9607A603B6001223B6B02FA03F33B62C5
:103520007B6BFB613B6A5B00FA691344BB61002360
:103530007B6220E07A687B6A134493F90030184676
:10354000FFF708FD01467B6A5B00FA6913448AB203
:103550001A803A687B6A134493F900301846FFF7E3
:10356000F9FC01467B6A5B00BA6913448AB21A808F
:103570007B6A01337B627A6A3B6A9A42DAD3396B9F
:10358000F869FFF7E9FD396BB869FFF7E5FD396BBD
:10359000F869FFF7F1FE3A6BB969F869FFF716FFB2
:1035A00000237B6211E0BA687B6A134493F9003010
:1035B0001846FFF7CFFC01467B6A5B00BA691344EB
:1035C0008AB21A807B6A01337B627A6A3B6A9A42CA
:1035D000E9D3396BB869FFF7BFFD00237B6220E0B8
:1035E0007B6A5B00BA6913441B88002B01D100235E
:1035F0004EE07B6A5B00FA6913441B8818467B6ABD
:103600005B00BA6913441B881946FFF742FD014667
:103610007B6A5B00FA6913448AB21A807B6A0133C1
:103620007B627A6A3B6A9A42DAD3396BF869FFF7B0
:1036300005FE00237B6226E07B6A5B00FA69134487
:103640001B883B613A693B69A3F5C053DB17D9433B
:1036500043F201030B40D31A3B6107F110031B68CF
:103660007B617B6913F17F0F02DB7B697F2B01DDBF
:1036700000230DE0FA687B6A13447A6952B21A702B
:103680007B6A01337B627A6A3B6A9A42D4D3012314
:1036900018462837BD4680BD80B400AF034B1B6879
:1036A0001846BD465DF8047B704700BF8075FF1F5C
:1036B00080B400AF034B1B68DBB21846BD465DF813
:1036C000047B70478475FF1F80B400AF034B1B68F9
:1036D0001B0A1846BD465DF8047B70478475FF1FC2
:1036E00080B592B000AF922387F847303B46432223
:1036F000002118460BF0AFFB4423BB820823FB825A
:103700004FF4A8633B830223BB760123FB761C2383
:103710003B773C237B77FB23FB834FF4FA733B849B
:103720004FF0FF337B624FF4A4733B85012387F88E
:103730002A30202387F82D30D82387F82E3006230F
:1037400087F82F30032387F8313040F272637B868D
:103750000D2387F83830042387F83A3000F01AFB3D
:10376000012102200AF0D8F8364A002104200AF08C
:10377000CFFA3B46184608F067FE034687F8463006
:1037800097F84630002B08D097F8463019462E4857
:103790000BF0FAF9FDF716F802E02C480BF0F4F9FB
:1037A00000F00EFB09F0ACFD294B002283F87420D9
:1037B000274B4FF6FF729A81264A002101200AF01A
:1037C000A7FA254A002102200AF0A2FA062008F0F2
:1037D00065F8034687F8473097F84730002B06D046
:1037E00097F8473019461D480BF0CEF902E01C4807
:1037F0000BF0CAF91B4B00221A701B4B01221A70E6
:1038000001F000F8194B002219490020F6F7DEFA02
:10381000184B002218490020F6F7D8FA0C4B00226A
:10382000DA730B4B00229A73144B80221A80144BCC
:10383000A0221A80012000F065FC00BF4837BD4679
:1038400080BD00BF65BE0108680E0208A00E020818
:1038500098060020E54201082D440108C80E020820
:103860000C0F020818070020190700204543010823
:103870000D070020554301080E0700201007002007
:1038800012070020B0B590B004AF7860922387F89B
:103890002F307B680133BB62BB6A1B78FF2B00F0C3
:1038A0002081FF2B00F32C82052B02D03E2B2ED043
:1038B00026E2BB6A0233FB60FB68B3F801309AB2C0
:1038C000AD4B9B899A4214D1AB4B00229A81AA4BF3
:1038D000002283F87420A9480BF0C6F9FB68B3F8FE
:1038E00001309BB21946FB68DB781A46A4480BF0FE
:1038F0004BF9012000F006FCA24B01221A709E4BEE
:103900009A89A04B5A809F4800F068FFFBE1BB6A90
:103910000233FB61FB691B780C2B33D00C2B00F3BB
:10392000DE80012B6CD0032B40F0D980FB69013382
:103930007B6195480BF098F97B69B3F803309BB233
:103940001846ECF7D7FD4FF00002904BECF73CFE29
:1039500002460B46104619467B69B3F805309BB208
:103960001C467B69B3F807309BB21A4613469B008E
:1039700013445B000193009402460B4684480BF00D
:1039800003F9ADE0FB690133BB6182480BF0FCF841
:10399000BB691B78002B03D17F480BF065F902E06F
:1039A0007E480BF061F9744B9B8907F10A0207F11D
:1039B0000B01184607F0EAFF034687F82F3097F807
:1039C0002F30002B03D076480BF0DEF888E07548E6
:1039D0000BF04AF9FB7A022B0AD1BB7A022B07D1F2
:1039E000FB7A1946BB7A1A466F480BF0CDF877E0A0
:1039F000FB7A1946BB7A1A466B480BF0C5F86FE0A4
:103A0000FB6901333B615C4B93F875301846F6F760
:103A100057FA3B69B3F801309BB2194663480BF083
:103A2000B3F83B699B7A18463B695B7A1C463B6955
:103A30001B7A1D463B69DB791A463B699B7919461F
:103A40003B695B790293019100922B462246014625
:103A500057480BF099F83B69B3F80B309BB2184606
:103A6000ECF748FD4FF00002484BECF7ADFD024685
:103A70000B46104619463B69B3F80D309BB21C4605
:103A80003B69B3F80F309BB21A4613469B001344B0
:103A90005B000193009402460B463D480BF074F81E
:103AA000354B93F87430042B04D1334B062283F842
:103AB000742003E0304B052283F874203B69B3F88F
:103AC00001309AB22C4B9A812E4B00221A702A4B4D
:103AD0009A892C4B5A802B4800F080FE00E000BFF2
:103AE00011E1BB6A02337B627B6A1B889BB241F6A1
:103AF0000402934200F0EF8041F60402934200F387
:103B0000018140F60E42934200F0F08040F60E42F2
:103B1000934200F3F78040F20A42934222DCB3F56D
:103B2000806FC0F2EF80A3F580630A2B00F2EA8079
:103B300001A252F823F000BF6F3B0108913C01083D
:103B4000B93B0108EF3B0108053D0108F73B0108BF
:103B5000053D0108CF3C01082B3C01083B3C010816
:103B6000333C0108B3F5006F00F0AD80CAE01148A6
:103B70000BF07AF8C3E000BF98060020440F02085B
:103B8000700F020814070020AC0F02080000F43F79
:103B9000E00F02084C1002087C100208881002088E
:103BA00094100208B4100208D4100208F810020899
:103BB000401102089011020855480BF055F8554B7A
:103BC0009B895549184607F017F8034687F82F30A8
:103BD00097F82F30002B06D097F82F3019464F4812
:103BE0000AF0D2FF8BE04E480BF03EF887E04D48DC
:103BF0000BF03AF883E04C480BF036F8454B9B89C4
:103C0000184607F0A3F9034687F82F3097F82F30AE
:103C1000002B06D097F82F30194644480AF0B4FF1D
:103C20006DE043480BF020F869E042480BF01CF8C7
:103C300065E041480BF018F861E040480BF014F8DB
:103C40007B6A0233D3F8023019463D480AF09CFFE4
:103C50007B6A0233D3F8023019463A480AF094FFDF
:103C60002C4B9B890121184607F0C4F9034687F8BD
:103C70002F3097F82F30002B06D097F82F301946A9
:103C800031480AF081FF3AE030480AF0EDFF36E0B3
:103C90007B6A02333B622E480AF0E6FF3B6A9B7860
:103CA000002B03D12B480AF0DFFF08E03B6A9B782A
:103CB00019463B6ADB781A4627480AF065FF0A2056
:103CC0000AF074FF1BE0254B01221A7017E024480C
:103CD0000AF05AFF13E0012001F06EFA0D4B93F841
:103CE00076300A211846F6F76FF908E01D480AF009
:103CF0004BFF084B9B89184607F08FFC00BF01E083
:103D000000BF00E000BF012318463037BD46B0BDFC
:103D1000C01102089806002040E20100E8110208E4
:103D20001C120208441202087012020894120208BF
:103D3000C4120208EC120208181302084813020801
:103D40007C13020898130208B0130208001402083A
:103D500048140208741402088C1402081907002081
:103D6000C8140208F014020880B500AF00F076FD18
:103D700000BF80BD80B500AF0021022009F0EAFF3E
:103D800000BF80BD80B400AF00BFBD465DF8047BBE
:103D90007047000080B582B000AF064B3B60064B19
:103DA0007B603B461946054808F040F800BF0837DD
:103DB000BD4680BD28000320D54401089D4401086C
:103DC000B0B58CB006AF00233B809223FB75AF48A3
:103DD0000AF04AFF07F0B6FD0346FB75FB7D002B9A
:103DE00005D0FB7D1946AA480AF0CEFE02E0A9489C
:103DF0000AF03AFF00F032FA38613A6906210020F1
:103E000007F060FC0346FB75FB7D002B05D0FB7DB6
:103E10001946A1480AF0B8FE21E0A0480AF024FFA4
:103E20003B6905331B7818463B6904331B781C46F5
:103E30003B6903331B781D463B6902331B781A46E6
:103E40003B6901331B7819463B691B78029301914A
:103E500000922B462246014691480AF095FE3B69A6
:103E600005331A788F4B1A723B6904331A788D4BDD
:103E70005A723B6903331A788A4B9A723B69023350
:103E80001A78884BDA723B6901331A78854B1A73BA
:103E90003B691A78834B5A73834A1021182007F024
:103EA00011FC0346FB75FB7D002B05D0FB7D1946FD
:103EB0007E480AF069FE02E07D480AF0D5FE7D4AA0
:103EC0001021082007F0FEFB0346FB75FB7D002B4D
:103ED00005D0FB7D194678480AF056FE02E0774887
:103EE0000AF0C2FE1821012007F071FC0346FB75A1
:103EF000FB7D002B05D0FB7D194671480AF044FE7E
:103F000002E070480AF0B0FE07F0DBF80346FB75EC
:103F1000FB7D002B05D0FB7D19466B480AF034FE73
:103F200002E06A480AF0A0FE0023FB73FB7B43F02B
:103F30000103FB73FB7B002B2BD0654BBB60BA1DD1
:103F4000F87BBB1C01933B1D009313460722002105
:103F500006F0B9FE0346FB75FB7D002B05D0FB7D0B
:103F600019465C480AF010FE02E05B480AF07CFE4D
:103F7000FC88BD88B868ECF763F90346DAB2BB6821
:103F80000093134600222946204607F09DFA034677
:103F9000FB75F88879883B4600930223002207F0DE
:103FA00093FA0346FB7502220221002007F06CFD04
:103FB0000346FB75FB7D002B05D0FB7D194647486A
:103FC0000AF0E2FD02E046480AF04EFE454B0122AF
:103FD0001A70444B1B78184606F0F6FC0346FB7536
:103FE000FB7D002B05D0FB7D19463F480AF0CCFD38
:103FF00002E03E480AF038FE3A4B01225A70394B33
:104000000822DA70374B10221A71364B01229A704F
:10401000344B9878334B5978324BDB78314A1279EC
:104020000024049400240394012402940192009338
:104030000023012206F01CFD0346FB75FB7D002BCF
:1040400005D0FB7D19462A480AF09EFD02E029486A
:104050000AF00AFE234B9B78002B0FD006F052FF8C
:104060000346FB75FB7D002B05D0FB7D19462248DE
:104070000AF08AFD02E021480AF0F6FD20480AF025
:1040800083FD00BF1837BD46B0BD00BF181502083C
:10409000441502087415020894150208F815020860
:1040A0004C1602081000002000980208881602082A
:1040B000E016020810980208281702088017020864
:1040C000C817020808180208381802086C180208F5
:1040D0009018020898180208C8180208E818020880
:1040E00024190208980600205019020890190208A5
:1040F000C01902080C1A0208481A0208881A020895
:10410000B81A020880B58CB008AF0346FB71922341
:10411000FB72FB79012B06D1414B1B88FB81414B84
:104120001B88BB8105E04FF4C863FB814FF47A63C1
:10413000BB813D4B93F875301846F5F7C1FEFB790E
:10414000022B19D1384B93F87430012B04D0364B25
:1041500093F87430022B0FD106F018FB0346FB7264
:10416000FB7A002B05D0FB7A194630480AF00CFD8B
:1041700002E02F480AF078FD2B4AFB7982F8743070
:10418000294B9B7BBA89F989002006900020059075
:10419000284804900393284B02930823019300239B
:1041A00000930023002006F015FB0346FB72FB7A08
:1041B000002B05D0FB7A194620480AF0E5FC02E006
:1041C0001F480AF051FD1F490E2006F029FE034644
:1041D000FB72FB7A002B0ED0FB79012B05D1FB7A09
:1041E000194619480AF0D0FC17E0FB7A194617481F
:1041F0000AF0CAFC11E0FB79012B0AD114480AF03D
:10420000C3FC094B93F8753012491846F5F7DCFEEC
:1042100003E011480AF0B8FC00BF1037BD4680BD6E
:10422000100700201207002098060020E41A020858
:10423000301B0208A706002020980208781B0208FD
:10424000B01B020810000020D81B02080C1C02083A
:10425000441C020846E001006C1C020880B586B0D0
:1042600000AFFFF719FA38613B69B3F1FF3F23D084
:10427000FFF72AFAB860FFF71BFA78603B69DAB2F9
:10428000164B1A703B691B0ADAB2144B5A707B68E2
:10429000DAB2124B9A70BB68DAB2104BDA70BB68B4
:1042A0001B0ADAB20D4B1A71BB681B0CDAB20B4B4E
:1042B0005A710A4B7B610BE0002007F073FFF86036
:1042C000FB68002B02D0FB687B6101E0044B7B6143
:1042D0007B6918461837BD4680BD00BF9006002098
:1042E000F897020880B582B000AF012000F07EFF91
:1042F000104B93F87430052B17D09223FB7106F006
:1043000045FA0346FB710B4B002283F87420FB79BE
:10431000002B03D008480AF037FC06E007480AF0F3
:1043200033FC07480AF030FC00BF00BF0837BD4629
:1043300080BD00BF980600209C1C0208C01C02081B
:10434000C81C020880B500AF0021012009F002FD61
:1043500000BF80BD80B500AF012000F047FF00BF67
:1043600080BD000090B589B002AF0346FB80294BA9
:104370001B78012B49D1274B00221A70264B1B7842
:104380000133002B03F00103B8BF5B42DAB2224BCA
:104390001A70214B1B78214A9B00134493ED007A3D
:1043A000F7EE046AC7EE267AFDEEE77A17EE903A4A
:1043B000FB82194B1B78194A9B00134493ED007A3A
:1043C000F7EE046AC7EE267AFDEEE77A17EE903A2A
:1043D000BB8200237B824FF4FA733B82104B988997
:1043E0007C8ABA8AF98A3B8A0093234607F0C9FB84
:1043F0000346FB73FB7B002B03D00A480AF0C4FB87
:1044000003E009480AF0C0FB00BF00BF1C37BD46EF
:1044100090BD00BF190700201807002008000020E9
:1044200098060020E41C02080C1D020880B500AFAD
:10443000084B93F87430012B0AD0064B93F8743074
:10444000002B05D0034B9B891846FFF78BFF00BF5D
:1044500000BF80BD9806002080B582B000AF7860B4
:104460000021042009F076FC00BF0837BD4680BD5E
:1044700080B582B000AF7860012009F0D7FC00BFA2
:104480000837BD4680BD80B582B000AF786001209E
:1044900009F0ECFC00BF0837BD4680BD80B584B094
:1044A00000AF78607B68FB60FB685B680833184688
:1044B00008F078FF0346FB72FB7A002B03D0FB6801
:1044C00001221A7003E0FB6800221A7000BF103747
:1044D000BD4680BD80B584B000AF0346FB71FB795B
:1044E000002B02D0012B06D00BE03F23FB60F868C5
:1044F00009F05CFC05E03F23FB60F86809F076FCFE
:1045000000BF00BF1037BD4680BD000080B586B03B
:1045100000AF78607B681B78032B1BD0032B00F364
:104520002081002B02D0012B0AD01AE1904B0122EE
:104530001A7090480AF098FB8F480AF025FB13E1A7
:104540008B4B00221A708D480AF08EFB8A480AF0C5
:104550001BFB09E17B685B681B78FB75FB7D012B0E
:1045600008D0FB7D022B05D0FB7D032B02D0FB7D09
:10457000042B01D1012300E00023BB75BB7D002B80
:1045800000F09280FB7D013B032B00F2E08001A252
:1045900052F823F0A5450108ED4501082F46010812
:1045A00063460108764B1B78012B40F0D28000F067
:1045B0008BFF0246734B1B68D31ABB6072480AF02C
:1045C00053FB72480AF050FBB96871480AF0DCFAF4
:1045D00000F07AFF03466F4A1360122319466E48B3
:1045E00000F018FA664B02221A70B2E0644B1B7896
:1045F000022B40F0B08000F067FF0246654B1B685D
:10460000D31AFB6065480AF02FFB65480AF02CFBC3
:10461000F96864480AF0B8FA00F056FF0346624AA7
:10462000136000F035FA564B03221A7093E0544B96
:104630001B78032B40F0918000F046FF02465A4B56
:104640001B68D31A3B6159480AF00EFB58480AF020
:104650000BFB396957480AF097FA494B04221A7044
:104660007BE0474B1B78042B79D153480AF0FCFAC6
:10467000524B1B686422194651480AF085FA51488A
:104680000AF0F2FA3E4B00221A704C4B1B68632B67
:1046900002D800F0EFF862E064214B480AF074FAA7
:1046A00048480AF0E1FA5AE07B685B681B78002B07
:1046B00023D17B685B6801331B78012B0BD1002071
:1046C00000F07AFD41480AF0CFFA2B480AF05CFA74
:1046D000274B01229A707B685B6801331B78002BA3
:1046E0000BD1002000F082FD39480AF0BDFA2248C3
:1046F0000AF04AFA1E4B00229A707B685B681B78AE
:10470000012B30D17B685B6801331B78012B0BD107
:10471000002000F051FD2F480AF0A6FA16480AF0D2
:1047200033FA134B01229A707B685B6801331B7864
:10473000002B18D1002000F059FD27480AF094FA08
:104740000D480AF021FA0A4B00229A700BE000BFD4
:1047500009E000BF07E000BF05E000BF03E000BFC5
:1047600001E000BF00E000BF00BF1837BD4680BDBC
:10477000441200203C1D0208701D0208741D02082E
:104780004C12002050120020A81D0208BC1D020877
:10479000CC1D02085412002028980208EC1D0208C3
:1047A000001E0208101E020858120020301E0208C7
:1047B000441E0208541E0208741E02085C120020E7
:1047C000881E0208A01E0208E01E0208F81E020849
:1047D000201F0208481F0208701F020880B582B01F
:1047E00000AF78607B681B78002B05D0012B00D0D0
:1047F00003E000F019F800E000BF00BF0837BD4635
:1048000080BD000080B500AF054A0021082009F0F6
:104810007FFA044B00221A7000F006F800BF80BD3A
:10482000794901084412002080B500AF002000F053
:10483000DDFC08480AF018FA074B01225A70064BB3
:1048400000229A70044B0122DA70034B00221A7185
:1048500000BF80BD981F02084412002080B500AF41
:10486000034B00221A6000F005F800BF80BD00BFB6
:104870005C12002080B588B002AF2E4B1B6801335C
:104880002C4A13602B4B1B68642219462A480AF0F5
:104890007BF900F019FE786128480AF0E5F928490B
:1048A0002848FBF797FF386127480AF0DDF900F048
:1048B0000BFEF8603B69002B0AD124480AF0D4F9BA
:1048C000FA687B69D31A194621480AF05DF902E0BB
:1048D00020480AF0C9F90021082009F03BFA00F04D
:1048E000F3FDB8601C480AF0BFF91222144B009384
:1048F00013461A4A1A491B48FCF78AFA78601A4884
:104900000AF0B2F900F0E0FD38607B68002B0AD1B4
:1049100016480AF0A9F93A68BB68D31A1946144830
:104920000AF032F903E013480AF09EF900BF183785
:10493000BD4680BD5C120020A81F0208C01F0208EF
:10494000A00A00201C070020D01F0208E01F020858
:1049500004200208242002084020020828980208A7
:1049600040120020A40F00205020020860200208FE
:10497000802002089820020880B500AF00F0A4FD56
:104980000346044A136000F009F8034B01221A7031
:1049900000BF80BD501200204C12002080B582B0B4
:1049A00000AF0023FB8018480AF05EF921E0FB8885
:1049B000C3F560730133BB80BB88F82B01D9F823A2
:1049C000BB80FB88114A1344BA8819464FF64260EF
:1049D00007F014FD0346FB70FB78002B02D0052086
:1049E000ECF73EFFFB78002BEBD1FA88BB88134431
:1049F000FB80FB88B3F5607FD9D905480AF034F90C
:104A000000BF0837BD4680BDA82002081C07002053
:104A1000BC20020880B584B000AF78603960002304
:104A2000FB8119480AF020F921E03B689AB2FB8922
:104A3000D31ABB81BB89F82B01D9F823BB81FB8931
:104A40007A681344BA8919464FF6426007F0D6FCDB
:104A50000346FB72FB7A002B02D00520ECF700FF27
:104A6000FB7A002BEBD1FA89BB891344FB81FB89CC
:104A70003A689A42D9D8396804480AF085F800BFE4
:104A80001037BD4680BD00BFD0200208E4200208D8
:104A900080B582B000AF0023FB8000237B801B48E1
:104AA0000AF0E2F825E01A4B1B689AB2FB88D31A89
:104AB000BB80BB88F82B01D9F823BB80FB88154A43
:104AC0001344BA8819464FF6426007F097FC034634
:104AD0007B707B78002B02D00520ECF7C1FE7B7841
:104AE000002BEBD17B8801337B80FA88BB88134491
:104AF000FB80FA88064B1B689A42D4D306480AF01A
:104B0000B3F800BF0837BD4680BD00BF00210208D2
:104B100040120020A40F00201421020880B400AF2E
:104B2000054BDB68044A43F40043D36000BFBD4635
:104B30005DF8047B704700BF0004005880B483B068
:104B400000AF7860064BD3F8D42005497B68134347
:104B5000C1F8D43000BF0C37BD465DF8047B704708
:104B60000008005880B483B000AF7860054B1A6A23
:104B700004497B6813430B6200BF0C37BD465DF8E8
:104B8000047B70470008005880B485B000AF78609F
:104B90004FF0B0431A6D4FF0B0417B6813430B6583
:104BA0004FF0B0431A6D7B681340FB60FB6800BF99
:104BB0001437BD465DF8047B704780B485B000AF04
:104BC00078604FF0B043D3F850214FF0B0417B688C
:104BD0001343C1F850314FF0B043D3F850217B68F4
:104BE0001340FB60FB6800BF1437BD465DF8047BD3
:104BF000704780B483B000AF78607B681B6843F473
:104C000080327B681A6000BF0C37BD465DF8047BBC
:104C1000704780B483B000AF78607B681B6843F056
:104C200001027B681A6000BF0C37BD465DF8047B4B
:104C3000704780B483B000AF786039607B685A6891
:104C40003B681B04DB431A407B685A6000BF0C378B
:104C5000BD465DF8047B704780B483B000AF7860D8
:104C600039607B685A683B681B041A437B685A604A
:104C700000BF0C37BD465DF8047B704780B483B03D
:104C800000AF786039607B685A683B68DB431A4044
:104C90007B685A6000BF0C37BD465DF8047B7047E7
:104CA00080B483B000AF786039607B683A689A60FE
:104CB00000BF0C37BD465DF8047B704780B483B0FD
:104CC00000AF786039603B681A047B689A6000BF67
:104CD0000C37BD465DF8047B704780B483B000AFED
:104CE000786039607B68DA683B6813403A689A42BA
:104CF00001D1012300E0002318460C37BD465DF8C2
:104D0000047B704780B483B000AF786039607B6803
:104D1000DA693B6813403A689A4201D1012300E006
:104D2000002318460C37BD465DF8047B7047000031
:104D300080B500AF02211848FFF7E4FF0346002BBF
:104D400008D0154B5B6803F00203002B02D100F082
:104D500025F91EE001211048FFF7D4FF0346002B80
:104D600008D00D4B5B6803F00103002B02D100F06B
:104D700099F80EE008210848FFF7C4FF0346002B0E
:104D800008D0054B5B6803F00803002B02D100F04C
:104D90007DF900BF00BF80BD000C005880B500AF9A
:104DA00002211848FFF799FF0346002B08D1154B45
:104DB0005B6803F40033002B02D100F0D3F81EE04F
:104DC00008211048FFF789FF0346002B08D10D4B3F
:104DD0005B6803F40023002B02D100F019F90EE008
:104DE00020210848FFF779FF0346002B08D1054B27
:104DF0005B6803F40013002B02D100F05FF800BFE2
:104E000000BF80BD000C005880B500AF4FF480108B
:104E1000FFF7D3FE4FF40070FFF7A4FE4FF40070CD
:104E2000FFF78CFE40BF20BFFFF778FE00BF80BDBC
:104E300080B500AF4FF48010FFF7A6FE0648FFF7DD
:104E4000E8FE0548FFF7D5FE2C2000F0C2FC2D201F
:104E500000F0BFFC00BF80BD000C005880B584B0DE
:104E600000AFEFF310837B607B68FB6072B600BF1E
:104E700001210648FFF702FFFB68BB60BB6883F3B4
:104E8000108800BF00BF1037BD4680BD000C005821
:104E900080B500AF01210248FFF710FF00BF80BDC1
:104EA000000C005880B500AF08F060FB01210248FB
:104EB000FFF7F6FE00BF80BD000C005880B584B03F
:104EC00000AFEFF310837B607B68FB6072B600BFBE
:104ED00020210748FFF7C0FEFB68BB60BB6883F377
:104EE000108800BF08F072FB00BF1037BD4680BDC0
:104EF000000C005880B584B000AFEFF310837B60E6
:104F00007B68FB6072B600BF02210648FFF7B6FE61
:104F1000FB68BB60BB6883F3108800BF00BF10371D
:104F2000BD4680BD000C005880B584B000AF0221A2
:104F30000B48FFF7C3FEEFF310837B607B68FB60D9
:104F400072B600BF02210648FFF773FEFB68BB6024
:104F5000BB6883F3108800BF00BF1037BD4680BD1B
:104F6000000C005880B584B000AFEFF310837B6075
:104F70007B68FB6072B600BF02210748FFF76CFE3A
:104F8000FB68BB60BB6883F3108800BF08F072FB4E
:104F900000BF1037BD4680BD000C005880B500AF83
:104FA00008F07EFB02210248FFF77AFE00BF80BDB9
:104FB000000C005880B586B000AF78600821124818
:104FC000FFF78BFE0346002B13D0104A7B6813605B
:104FD000EFF31083FB60FB687B6172B600BF0821B2
:104FE0000948FFF726FE7B693B613B6983F3108824
:104FF00005E07B68984708210348FFF75FFE00BF84
:105000001837BD4680BD00BF000C0058601200205C
:1050100080B584B000AFEFF310837B607B68FB60EA
:1050200072B600BF08210A48FFF716FEFB68BB6096
:10503000BB6883F3108800BF064B1B6898470821A4
:105040000348FFF73BFE00BF1037BD4680BD00BFE1
:10505000000C00586012002080B584B000AFEFF360
:1050600010837B607B68FB6072B600BF0821064836
:10507000FFF704FEFB68BB60BB6883F3108800BFCA
:1050800000BF1037BD4680BD000C005880B500AF92
:1050900008F0AEFB08210248FFF702FE00BF80BD0A
:1050A000000C0058D458C4500433C4188C42F9D3AF
:1050B0007047036004308842FBD370470C48854634
:1050C00000F01EF90B480C490C4A0023FFF7EDFFD6
:1050D0000B480C490023FFF7EEFF0B480B49002358
:1050E000FFF7E9FF09F020FFFBF7A2F9FEE7000058
:1050F0000000032008000020140200209C9C0208ED
:1051000050020020EC240020E4010320670A032061
:10511000FEE780B485B000AF78604FF0B043DA6C42
:105120004FF0B0417B681343CB644FF0B043DA6C6F
:105130007B681340FB60FB6800BF1437BD465DF819
:10514000047B704780B588B000AF0346FB7107F160
:105150000C0300221A605A609A60DA601A61022019
:10516000FFF7D7FFFB79124A32F81330FB600123B7
:105170003B6100237B610223BB61FB790D4A52F83E
:10518000233007F10C021146184600F0FBFEFB79B4
:10519000084A52F82300FB79054A32F813300022FE
:1051A000194601F05FF800BF2037BD4680BD00BF43
:1051B0003C9802082000002080B582B000AF034672
:1051C000FB71FB79074A52F82300FB79064A32F853
:1051D00013300122194601F045F800BF0837BD46DB
:1051E00080BD00BF200000203C98020880B582B03E
:1051F00000AF0346FB71FB79074A52F82300FB79A5
:10520000064A32F813300022194601F02BF800BF8D
:105210000837BD4680BD00BF200000203C98020832
:1052200080B588B000AF03460A46FB711346BB71D8
:1052300007F10C0300221A605A609A60DA601A6162
:10524000FB79002B03D10420FFF763FF0CE0FB790F
:10525000012B03D10820FFF75CFF05E0FB79022B4F
:1052600002D10820FFF755FFBB79002B17D1FB793E
:10527000204A32F81330FB6000233B6101237B613D
:105280000223BB61FB791C4A52F8233007F10C0260
:105290001146184600F076FE0120ECF7E1FABB79E2
:1052A000012B23D1FB79134A32F81330FB60012321
:1052B0007B614FF404133B61FB790F4A52F82330B2
:1052C00007F10C021146184600F05CFEFB790B4A10
:1052D000D35C5BB200220F21184600F060FAFB7924
:1052E000064AD35C5BB2184600F073FA00BF203761
:1052F000BD4680BD449802082C0000204C9802084E
:1053000080B400AF264B00229A60254BD3F888303A
:10531000234A43F47003C2F888304FF0B0431B684F
:105320004FF0B04243F0010313604FF0B0434FF42D
:10533000E0229A604FF0B0431A684FF0B041194B29
:1053400013400B604FF0B043D3F894304FF0B042AD
:1053500023F00503C2F894304FF0B043D3F89830EF
:105360004FF0B04223F00103C2F898304FF0B04341
:105370000D4ADA604FF0B0430B4A1A614FF0B04368
:105380001B684FF0B04223F4802313604FF0B0430A
:1053900000229A6100BFBD465DF8047B704700BFE4
:1053A00000ED00E0FBFEF6FA0010042280B400AF2E
:1053B000054B5B68044A43F00103536000BFBD46E0
:1053C0005DF8047B704700BF002004E080B400AFAC
:1053D000054B5B68044A43F00203536000BFBD46BF
:1053E0005DF8047B704700BF002004E080B582B008
:1053F00000AF0023FB710C4B1B680B4A43F4807316
:105400001360032000F0C0F9002000F00FF80346FD
:10541000002B02D00123FB7101E0FDF7DFFAFB79DD
:1054200018460837BD4680BD0040005880B584B09E
:1054300000AF78600023FB73174B1B78002B24D040
:1054400002F09EF80246144B1B7819464FF47A730B
:10545000B3FBF1F3B2FBF3F3184600F0D6F90346C1
:10546000002B0FD17B680F2B09D8002279684FF0F1
:10547000FF3000F094F9094A7B68136007E00123CC
:10548000FB7304E00123FB7301E00123FB73FB7B4F
:1054900018461037BD4680BD400000203C0000206B
:1054A00080B400AF064B1B781A46064B1B681344AA
:1054B000044A136000BFBD465DF8047B704700BF1F
:1054C000400000206412002080B400AF034B1B6832
:1054D0001846BD465DF8047B704700BF641200208B
:1054E00080B400AF034B1B681846BD465DF8047BD3
:1054F000704700BF3C00002080B400AF034B1B7816
:105500001846BD465DF8047B704700BF4000002090
:1055100080B500AFFFF74AFF00BF80BD80B500AF88
:10552000FFF754FF00BF80BD80B485B000AF786046
:105530007B6803F00703FB600C4BDB68BB60BA6859
:105540004FF6FF031340BB60FB681A02BB681343AE
:1055500043F0BF6343F40033BB60044ABB68D360CD
:1055600000BF1437BD465DF8047B704700ED00E0D6
:1055700080B400AF044BDB681B0A03F00703184636
:10558000BD465DF8047B704700ED00E080B483B059
:1055900000AF0346FB7197F90730002B0BDBFB795B
:1055A00003F01F02074997F907305B09012000FA51
:1055B00002F241F8232000BF0C37BD465DF8047BA2
:1055C000704700BF00E100E080B483B000AF034645
:1055D000FB7197F90730002B12DBFB7903F01F02F8
:1055E0000A4997F907305B09012000FA02F22033DB
:1055F00041F82320BFF34F8F00BFBFF36F8F00BF71
:1056000000BF0C37BD465DF8047B704700E100E049
:1056100080B483B000AF0346FB7197F90730002BCD
:105620000CDBFB7903F01F02074997F907305B0990
:10563000012000FA02F2403341F8232000BF0C376A
:10564000BD465DF8047B704700E100E080B483B0A4
:1056500000AF0346FB7197F90730002B0CDBFB7999
:1056600003F01F02074997F907305B09012000FA90
:1056700002F2603341F8232000BF0C37BD465DF8CD
:10568000047B704700E100E080B483B000AF0346C4
:105690003960FB7197F90730002B0ADB3B68DAB2FF
:1056A0000C4997F907301201D2B20B4483F800235A
:1056B0000AE03B68DAB20849FB7903F00F03043BC8
:1056C0001201D2B20B441A7600BF0C37BD465DF80A
:1056D000047B704700E100E000ED00E080B489B099
:1056E00000AFF860B9607A60FB6803F00703FB6104
:1056F000FB69C3F10703042B28BF0423BB61FB69CB
:105700000433062B02D9FB69033B00E000237B61D5
:105710004FF0FF32BB6902FA03F3DA43BB681A4069
:105720007B699A404FF0FF317B6901FA03F3D9435B
:105730007B680B40134318462437BD465DF8047B55
:105740007047000080B582B000AF78607B68013B95
:10575000B3F1807F01D301230FE00A4A7B68013B4C
:1057600053600F214FF0FF30FFF78EFF054B0022F3
:105770009A60044B07221A60002318460837BD467A
:1057800080BD00BF10E000E080B582B000AF78605F
:105790007868FFF7C9FE00BF0837BD4680BD80B5F9
:1057A00086B000AF0346B9607A60FB73FFF7E0FE96
:1057B00078617A68B9687869FFF790FF024697F9CF
:1057C0000F3011461846FFF75FFF00BF1837BD4680
:1057D00080BD80B582B000AF0346FB7197F90730FA
:1057E0001846FFF7D3FE00BF0837BD4680BD80B521
:1057F00082B000AF0346FB7197F907301846FFF7F8
:10580000E3FE00BF0837BD4680BD80B582B000AF63
:1058100078607868FFF796FF034618460837BD465C
:1058200080BD80B582B000AF0346FB7197F90730A9
:105830001846FFF7EDFE00BF0837BD4680BD80B5B6
:1058400082B000AF0346FB7197F907301846FFF7A7
:10585000FDFE00BF0837BD4680BD000080B584B0A6
:1058600000AF78607B68002B01D101238EE07B685C
:105870001B681A46474B9A420FD87B681B681A462A
:10588000454B1344454AA2FB03231B099A007B683E
:105890005A647B68424A1A640EE07B681B681A46A9
:1058A000404B13443D4AA2FB03231B099A007B682B
:1058B0005A647B683C4A1A647B68022283F825207C
:1058C0007B681B681B68FB60FB6823F4FF4323F0C5
:1058D0007003FB607B689A687B68DB681A437B68AF
:1058E0001B691A437B685B691A437B689B691A438F
:1058F0007B68DB691A437B681B6A1343FA681343AE
:10590000FB607B681B68FA681A60786800F074FABC
:105910007B689B68B3F5804F02D17B6800225A6098
:105920007B685A687B689B6C02F03F021A607B6858
:10593000DB6C7A68126D5A607B685B68002B10D054
:105940007B685B68042B0CD8786800F093FA7B685E
:105950005B6D00221A607B689B6D7A68D26D5A601D
:1059600008E07B6800225A657B6800229A657B68A4
:105970000022DA657B680022DA637B68012283F803
:1059800025207B68002283F8242000231846103746
:10599000BD4680BD07040240F8FFFDBFCDCCCCCC96
:1059A00000000240F8FBFDBF0004024080B586B055
:1059B00000AFF860B9607A603B600023FB75FB685C
:1059C00093F82430012B01D1022366E0FB68012209
:1059D00083F82420FB6893F82530DBB2012B55D1E6
:1059E000FB68022283F82520FB680022DA63FB684B
:1059F0001B681A68FB681B6822F001021A603B688A
:105A00007A68B968F86800F0B9F9FB681B6B002B7D
:105A100008D0FB681B681A68FB681B6842F00E021E
:105A20001A600FE0FB681B681A68FB681B6822F0AD
:105A300004021A60FB681B681A68FB681B6842F066
:105A40000A021A60FB689B6C1B6803F48033002B0E
:105A500007D0FB689B6C1A68FB689B6C42F48072F1
:105A60001A60FB685B6D002B07D0FB685B6D1A68E2
:105A7000FB685B6D42F480721A60FB681B681A68F1
:105A8000FB681B6842F001021A6005E0FB68002217
:105A900083F824200223FB75FB7D18461837BD468A
:105AA00080BD80B483B000AF78607B68002B01D1EB
:105AB00001234FE07B6893F82530DBB2022B08D03E
:105AC0007B680422DA637B68002283F824200123A8
:105AD00040E07B681B681A687B681B6822F00E0236
:105AE0001A607B689B6C1A687B689B6C22F48072DE
:105AF0001A607B681B681A687B681B6822F00102C9
:105B00001A607B685B6C03F01C027B681B6C0121D4
:105B100001FA02F25A607B68DB6C7A68126D5A6097
:105B20007B685B6D002B0CD07B685B6D1A687B68B3
:105B30005B6D22F480721A607B689B6D7A68D26D0F
:105B40005A607B68012283F825207B68002283F855
:105B50002420002318460C37BD465DF8047B7047AF
:105B600080B584B000AF78600023FB737B6893F846
:105B70002530DBB2022B05D07B680422DA630123D7
:105B8000FB7347E07B681B681A687B681B6822F020
:105B90000E021A607B681B681A687B681B6822F01B
:105BA00001021A607B689B6C1A687B689B6C22F40C
:105BB00080721A607B685B6C03F01C027B681B6C54
:105BC000012101FA02F25A607B68DB6C7A68126D7F
:105BD0005A607B685B6D002B0CD07B685B6D1A682C
:105BE0007B685B6D22F480721A607B689B6D7A68BB
:105BF000D26D5A607B68012283F825207B680022E1
:105C000083F824207B689B6B002B03D07B689B6B05
:105C100078689847FB7B18461037BD4680BD80B535
:105C200084B000AF78607B681B6C1B68FB607B688E
:105C30001B681B68BB607B685B6C03F01C03042261
:105C40009A40FB681340002B26D0BB6803F0040386
:105C5000002B21D07B681B681B6803F02003002BFE
:105C600007D17B681B681A687B681B6822F00402F6
:105C70001A607B685B6C03F01C027B681B6C042160
:105C800001FA02F25A607B681B6B002B71D07B68B3
:105C90001B6B786898476CE07B685B6C03F01C03B7
:105CA00002229A40FB681340002B2ED0BB6803F001
:105CB0000203002B29D07B681B681B6803F02003BC
:105CC000002B0BD17B681B681A687B681B6822F06D
:105CD0000A021A607B68012283F825207B685B6CCE
:105CE00003F01C027B681B6C022101FA02F25A606D
:105CF0007B68002283F824207B68DB6A002B38D085
:105D00007B68DB6A7868984733E07B685B6C03F0FC
:105D10001C0308229A40FB681340002B2AD0BB6862
:105D200003F00803002B25D07B681B681A687B688A
:105D30001B6822F00E021A607B685B6C03F01C0289
:105D40007B681B6C012101FA02F25A607B68012218
:105D5000DA637B68012283F825207B68002283F8C0
:105D600024207B685B6B002B04D07B685B6B7868BE
:105D7000984700BF00BF1037BD4680BD80B485B0D6
:105D800000AFF860B9607A603B60FB68DB6CFA6872
:105D9000126D5A60FB685B6D002B04D0FB689B6D35
:105DA000FA68D26D5A60FB685B6C03F01C02FB68FA
:105DB0001B6C012101FA02F25A60FB681B683A6809
:105DC0005A60FB689B68102B08D1FB681B687A68D7
:105DD0009A60FB681B68BA68DA6007E0FB681B68BA
:105DE000BA689A60FB681B687A68DA6000BF14378B
:105DF000BD465DF8047B704780B485B000AF786025
:105E00007B681B681A46174B9A420AD87B685B6C02
:105E10009B089B0003F1804303F502337A68936487
:105E200007E07B685B6C9B089A000F4B13447A6811
:105E300093647B681B68DBB2083B0C4AA2FB03231C
:105E40001B09FB607B680A4ADA64FB6803F01F03E6
:105E500001229A407B681A6500BF1437BD465DF881
:105E6000047B7047070402401C080240CDCCCCCC18
:105E70008008024080B485B000AF78607B685B68C2
:105E800003F03F03FB60FA680B4B13449B001A4678
:105E90007B685A657B68094A9A65FB68013B03F099
:105EA000030301229A407B68DA6500BF1437BD46C0
:105EB0005DF8047B704700BF3F820010400902403C
:105EC00080B483B000AF786039607B6893F8253088
:105ED000DBB2012B2BD17B6893F82430012B01D14D
:105EE000022325E07B68012283F824207B689B6CD9
:105EF0001A68124B13403A6811683A68D268013A3E
:105F0000D20411433A68526811433A68127A120473
:105F100011433A68527A520211437A68926C0B43E9
:105F200013607B68002283F82420002300E0012313
:105F300018460C37BD465DF8047B7047FFFD00E056
:105F400080B487B000AF78607B681B681B0C03F0DF
:105F500001037B617B681B6803F01F03012202FAC7
:105F600003F33B617B695B0103F1B04303F6080374
:105F7000FB60FB683A691A6000BF1C37BD465DF8DC
:105F8000047B704780B487B000AF7860396000232D
:105F90007B614CE13B681A6801217B6901FA03F3DC
:105FA0001340FB60FB68002B00F03E813B685B68A0
:105FB00003F00303012B05D03B685B6803F0030388
:105FC000022B30D17B689B683B617B695B000322BD
:105FD00002FA03F3DB433A6913403B613B68DA683A
:105FE0007B695B0002FA03F33A6913433B617B6808
:105FF0003A699A607B685B683B6101227B6902FABF
:1060000003F3DB433A6913403B613B685B681B0960
:1060100003F001027B6902FA03F33A6913433B611F
:106020007B683A695A603B685B6803F00303032BA3
:1060300017D07B68DB683B617B695B00032202FA57
:1060400003F3DB433A6913403B613B689A687B6921
:106050005B0002FA03F33A6913433B617B683A69D8
:10606000DA603B685B6803F00303022B23D17B6992
:10607000DA087B68083253F822303B617B6903F011
:1060800007039B000F2202FA03F3DB433A69134034
:106090003B613B681A697B6903F007039B0002FAC6
:1060A00003F33A6913433B617B69DA087B68083282
:1060B000396943F822107B681B683B617B695B0090
:1060C000032202FA03F3DB433A6913403B613B6866
:1060D0005B6803F003027B695B0002FA03F33A6931
:1060E00013433B617B683A691A603B685B6803F461
:1060F0004033002B00F09880544A7B699B080233A0
:1061000052F823303B617B6903F003039B000F22AD
:1061100002FA03F3DB433A6913403B617B68B3F156
:10612000904F19D07B684A4A934213D07B68494A02
:1061300093420DD07B68484A934207D07B68474A18
:10614000934201D1042308E0072306E0032304E07F
:10615000022302E0012300E000237A6902F0030237
:10616000920093403A6913433B6138497B699B082D
:1061700002333A6941F82320394B1B683B61FB68C5
:10618000DB433A6913403B613B685B6803F480136F
:10619000002B03D03A69FB6813433B61304A3B69EB
:1061A00013602F4B5B683B61FB68DB433A6913402C
:1061B0003B613B685B6803F40013002B03D03A6932
:1061C000FB6813433B61264A3B695360244BD3F879
:1061D00080303B61FB68DB433A6913403B613B68BD
:1061E0005B6803F48033002B03D03A69FB681343E8
:1061F0003B611B4A3B69C2F88030194BD3F88430AD
:106200003B61FB68DB433A6913403B613B685B6879
:1062100003F40033002B03D03A69FB6813433B615E
:106220000F4A3B69C2F884307B6901337B613B686C
:106230001A687B6922FA03F3002B7FF4ABAE00BF30
:1062400000BF1C37BD465DF8047B7047000001406D
:106250000004004800080048000C004800100048F6
:106260000008005880B483B000AF78600B467B8094
:1062700013467B707B78002B03D07A887B689A6109
:1062800002E07A887B689A6200BF0C37BD465DF8F1
:10629000047B704780B582B000AF0346FB80084B9B
:1062A000DA68FB881340002B06D0054AFB88D360D0
:1062B000FB881846EBF72AFB00BF0837BD4680BDB8
:1062C0000008005880B582B000AF0A4BDB687B60E5
:1062D000084B1A687B68DB43064913400B60054A8C
:1062E0007B685360786800F007F800BF0837BD4648
:1062F00080BD00BF0015005880B483B000AF786047
:1063000000BF0C37BD465DF8047B704780B584B094
:1063100000AF78600023FB737B68002B1ED0134B0B
:10632000BB607B6893F83830DBB2002B02D1786811
:10633000FCF764FBB86800F05BF8BB681B6843F0CF
:106340000112BB681A60786800F02CF87B680022A4
:106350005A637B68012283F8382001E00123FB7334
:10636000FB7B18461037BD4680BD00BF000C0058AF
:1063700080B485B000AFF860B9601346FB7100BF10
:106380001437BD465DF8047B704780B485B000AF1C
:10639000F860B9601346FB7100BF1437BD465DF865
:1063A000047B704780B485B000AF78600023FB6049
:1063B0000FE07A68FB689B0013440B4A5A607A68C6
:1063C000FB6806339B001344084A5A60FB6801339C
:1063D000FB60FB68052BECD900BF00BF1437BD463E
:1063E0005DF8047B704700BF716301088B6301088F
:1063F00080B483B000AF78607B6800221A607B684D
:106400004FF03F125A607B683F229A6000BF0C3702
:10641000BD465DF8047B704780B400AF054B1B6838
:10642000044A43F48073136000BFBD465DF8047BEB
:10643000704700BF0004005880B400AF044B1B68D5
:1064400003F4C0631846BD465DF8047B704700BF87
:106450000004005880B400AF4FF0B0431B6803F451
:106460008013B3F5801F01D1012300E000231846FB
:10647000BD465DF8047B704780B400AF4FF0B04379
:106480001B684FF0B04243F48033136000BFBD4639
:106490005DF8047B704780B400AF4FF0B0431B68D9
:1064A0004FF0B04223F48033136000BFBD465DF867
:1064B000047B704780B400AF4FF0B0431B6803F417
:1064C0000033B3F5003F01D1012300E0002318465B
:1064D000BD465DF8047B704780B400AF4FF0B04319
:1064E0001B684FF0B04243F48073136000BFBD4699
:1064F0005DF8047B704780B400AF4FF0B0431B6879
:106500004FF0B04223F48073136000BFBD465DF8C6
:10651000047B704780B400AF4FF0B0431B6803F4B6
:106520008063B3F5806F01D1012300E0002318469A
:10653000BD465DF8047B704780B483B000AF7860DF
:106540004FF0B0435B6823F0FE427B681B064FF0C0
:10655000B04113434B6000BF0C37BD465DF8047B70
:10656000704780B400AF4FF0B043D3F898304FF08D
:10657000B04243F00103C2F8983000BFBD465DF859
:10658000047B704780B400AF4FF0B043D3F898302D
:106590004FF0B04223F00103C2F8983000BFBD466F
:1065A0005DF8047B704780B400AF4FF0B043D3F880
:1065B000983003F00203022B01D1012300E00023F5
:1065C0001846BD465DF8047B704780B400AF4FF0BD
:1065D000B043D3F890304FF0B04243F00103C2F81B
:1065E000903000BFBD465DF8047B704780B400AFBB
:1065F0004FF0B043D3F890304FF0B04223F0010396
:10660000C2F8903000BFBD465DF8047B704780B48F
:1066100000AF4FF0B043D3F890304FF0B04243F0AA
:106620000403C2F8903000BFBD465DF8047B70479C
:1066300080B400AF4FF0B043D3F890304FF0B04289
:1066400023F00403C2F8903000BFBD465DF8047B20
:10665000704780B400AF4FF0B043D3F8903003F0F0
:106660000203022B01D1012300E000231846BD469E
:106670005DF8047B704780B400AF4FF0B043D3F8AF
:1066800094304FF0B04243F00103C2F8943000BFA1
:10669000BD465DF8047B704780B400AF4FF0B04357
:1066A000D3F894304FF0B04223F00103C2F8943095
:1066B00000BFBD465DF8047B704780B400AF4FF06B
:1066C000B043D3F8943003F00203022B01D101232D
:1066D00000E000231846BD465DF8047B704780B497
:1066E00000AF4FF0B043D3F894304FF0B04243F0D6
:1066F0000403C2F8943000BFBD465DF8047B7047C8
:1067000080B400AF4FF0B043D3F894304FF0B042B4
:1067100023F00403C2F8943000BFBD465DF8047B4B
:10672000704780B400AF4FF0B043D3F8943003F01B
:106730000803082B01D1012300E000231846BD46C1
:106740005DF8047B704780B483B000AF78604FF091
:10675000B043D3F8943023F470627B681B024FF08F
:10676000B0411343C1F8943000BF0C37BD465DF80B
:10677000047B704780B400AF4FF0B0431B684FF00C
:10678000B04243F00103136000BFBD465DF8047BD7
:10679000704780B400AF4FF0B0431B684FF0B04279
:1067A00023F00103136000BFBD465DF8047B704712
:1067B00080B400AF4FF0B0431B6803F00203022B1C
:1067C00001D1012300E000231846BD465DF8047B9B
:1067D000704780B483B000AF78604FF0B0431B685F
:1067E00023F0F0024FF0B0417B6813430B6000BF11
:1067F0000C37BD465DF8047B704780B483B000AFB2
:106800004FF0B0431B6803F0F0037B607B68B02B54
:1068100001D9B0237B607B6818460C37BD465DF814
:10682000047B704780B483B000AF78604FF0B04312
:106830005B6823F47F427B681B024FF0B041134337
:106840004B6000BF0C37BD465DF8047B704780B4D9
:1068500083B000AF78604FF0B0439B6823F0030231
:106860004FF0B0417B6813438B6000BF0C37BD46CF
:106870005DF8047B704780B400AF4FF0B0439B6875
:1068800003F00C031846BD465DF8047B704780B4E6
:1068900083B000AF78604FF0B0439B6823F0F00204
:1068A0004FF0B0417B6813438B6000BF0C37BD468F
:1068B0005DF8047B704780B483B000AF78604FF020
:1068C000B043D3F8083123F0F0024FF0B0417B68B9
:1068D0001343C1F8083100BF0C37BD465DF8047B97
:1068E000704780B483B000AF78604FF0B043D3F806
:1068F000083123F00F027B681B094FF0B0411343AE
:10690000C1F8083100BF0C37BD465DF8047B704705
:1069100080B483B000AF78604FF0B0439B6823F43D
:10692000E0624FF0B0417B6813438B6000BF0C37CF
:10693000BD465DF8047B704780B483B000AF7860DB
:106940004FF0B0439B6823F460524FF0B0417B6836
:1069500013438B6000BF0C37BD465DF8047B704766
:1069600080B400AF4FF0B0439B6803F0F0031846CB
:10697000BD465DF8047B704780B400AF4FF0B04374
:10698000D3F808311B0103F0F0031846BD465DF84B
:10699000047B704780B400AF4FF0B0439B6803F4B2
:1069A000E0631846BD465DF8047B704780B400AFD5
:1069B0004FF0B0439B6803F460531846BD465DF842
:1069C000047B704780B400AF4FF0B0431B684FF0BA
:1069D000B04243F08073136000BFBD465DF8047B96
:1069E000704780B400AF4FF0B0431B684FF0B04227
:1069F00023F08073136000BFBD465DF8047B7047D1
:106A000080B400AF4FF0B0431B6803F00073B3F1E4
:106A1000007F01D1012300E000231846BD465DF848
:106A2000047B704780B400AF4FF0B043DB681B0AB3
:106A300003F07F031846BD465DF8047B704780B4C1
:106A400000AF4FF0B043DB6803F060431846BD462B
:106A50005DF8047B704780B400AF4FF0B043DB6853
:106A600003F070031846BD465DF8047B704780B4A0
:106A700000AF4FF0B043DB6803F003031846BD4698
:106A80005DF8047B704780B400AF4FF0B0439B6863
:106A900003F48033B3F5803F01D1012300E00023EC
:106AA0001846BD465DF8047B704780B400AF4FF0D8
:106AB000B043D3F8083103F40033B3F5003F01D1FC
:106AC000012300E000231846BD465DF8047B7047B3
:106AD00080B400AF4FF0B043D3F8083103F48033F3
:106AE000B3F5803F01D1012300E000231846BD46E5
:106AF0005DF8047B704780B400AF4FF0B0439B68F3
:106B000003F40033B3F5003F01D1012300E000237B
:106B10001846BD465DF8047B704780B400AF4FF067
:106B2000B0439B6803F48023B3F5802F01D1012388
:106B300000E000231846BD465DF8047B7047000066
:106B400090B58DB000AF78607B68002B01D1012338
:106B500063E37B681B6803F02003002B00F08D804B
:106B6000FFF789FEF862FFF782FFB862FB6A002B2D
:106B700005D0FB6A0C2B47D1BB6A012B44D17B6843
:106B8000DB69002B01D1012347E37B685C6AFFF7D7
:106B900034FE03469C4214D97B685B6A184600F0B9
:106BA0002FFD0346002B01D0012336E37B685B6A8F
:106BB0001846FFF70EFE7B681B6A1846FFF732FE89
:106BC00013E07B685B6A1846FFF703FE7B681B6A6D
:106BD0001846FFF727FE7B685B6A184600F010FD39
:106BE0000346002B01D0012317E300F0C9FC034644
:106BF000A44A1360A44B1B681846FEF717FC034613
:106C0000002B39D0012308E37B68DB69002B1ED001
:106C1000FFF7B0FDFEF758FC786208E0FEF754FC81
:106C200002467B6AD31A022B01D90323F5E2FFF750
:106C3000BFFD0346002BF1D07B685B6A1846FFF767
:106C4000C8FD7B681B6A1846FFF7ECFD15E0FFF7EF
:106C5000A0FDFEF739FC786208E0FEF735FC02463D
:106C60007B6AD31A022B01D90323D6E2FFF7A0FDDA
:106C70000346002BF1D100E000BF7B681B6803F0E6
:106C80000103002B47D0FFF7F6FD3862FFF7EFFE58
:106C9000F8613B6A082B05D03B6A0C2B08D1FB69D5
:106CA000032B05D17B685B68002B34D10123B4E250
:106CB0007B685B68B3F5803F02D1FFF7DDFB01E045
:106CC000FFF7E9FB7B685B68002B12D0FEF7FCFB4B
:106CD000786208E0FEF7F8FB02467B6AD31A642B61
:106CE00001D9032399E2FFF7E5FB0346002BF1D01E
:106CF00011E0FEF7E9FB786208E0FEF7E5FB0246EB
:106D00007B6AD31A642B01D9032386E2FFF7D2FBF7
:106D10000346002BF1D17B681B6803F00203002BB4
:106D20004CD0FFF7A8FDB861FFF7A1FE7861BB6901
:106D3000042B05D0BB690C2B0ED17B69022B0BD128
:106D40007B68DB68002B01D1012366E27B681B694D
:106D50001846FFF7F1FB31E07B68DB68002B19D0A8
:106D6000FFF7BAFBFEF7B0FB786208E0FEF7ACFB7A
:106D700002467B6AD31A022B01D903234DE2FFF7A7
:106D8000C9FB0346002BF1D07B681B691846FFF74F
:106D9000D3FB13E0FFF7AFFBFEF796FB786208E04A
:106DA000FEF792FB02467B6AD31A022B01D903231A
:106DB00033E2FFF7AFFB0346002BF1D17B681B6882
:106DC00003F00803002B06D17B681B6803F0100357
:106DD000002B00F0A3807B685B69002B76D07B687A
:106DE0001B6803F01003002B46D0FFF766FC034638
:106DF000002B13D1FFF73FFCFEF766FB786208E03B
:106E0000FEF762FB02467B6AD31A022B01D90323E9
:106E100003E2FFF752FC0346002BF1D0FFF75FFCC3
:106E2000FEF752FB786208E0FEF74EFB02467B6AF3
:106E3000D31A032B01D90323EFE1FFF772FC0346BA
:106E4000002BF1D07B689B691846FFF77CFCFFF7AD
:106E500023FCFEF739FB786208E0FEF735FB0246BB
:106E60007B6AD31A022B01D90323D6E1FFF725FC55
:106E70000346002BF1D151E0FFF7FDFBFEF724FBA9
:106E800078620CE0380000203C000020FEF71CFB7C
:106E900002467B6AD31A022B01D90323BDE1FFF717
:106EA0000CFC0346002BF1D0FFF72AFC08E0FEF7AC
:106EB0000BFB02467B6AD31A032B01D90323ACE1F7
:106EC000FFF72FFC0346002BF1D127E0FFF718FC5A
:106ED000FEF7FAFA786208E0FEF7F6FA02467B6AF5
:106EE000D31A032B01D9032397E1FFF71AFC0346BA
:106EF000002BF1D1FFF7D0FBFEF7E6FA786208E04D
:106F0000FEF7E2FA02467B6AD31A022B01D9032369
:106F100083E1FFF7D2FB0346002BF1D17B681B68AE
:106F200003F00403002B5BD0A74B1B6803F48073B2
:106F3000002B14D1FFF770FAFEF7C6FA786208E06A
:106F4000FEF7C2FA02467B6AD31A022B01D9032349
:106F500063E19D4B1B6803F48073002BF0D07B68CA
:106F60009B68012B02D1FFF730FB0CE07B689B682C
:106F7000052B04D1FFF74BFBFFF727FB03E0FFF7DF
:106F800035FBFFF755FB7B689B68002B14D0FEF7A1
:106F90009BFA78620AE0FEF797FA02467B6AD31AF8
:106FA00041F28832934201D9032336E1FFF751FBC6
:106FB0000346002BEFD013E0FEF786FA78620AE072
:106FC000FEF782FA02467B6AD31A41F28832934274
:106FD00001D9032321E1FFF73CFB0346002BEFD14E
:106FE0007B681B6803F04003002B2CD07B689B6AF6
:106FF000002B14D0FFF7B5FAFEF766FA786208E0C6
:10700000FEF762FA02467B6AD31A022B01D90323E8
:1070100003E1FFF7C8FA0346002BF1D013E0FFF7B6
:10702000B1FAFEF751FA786208E0FEF74DFA02462F
:107030007B6AD31A022B01D90323EEE0FFF7B3FAE0
:107040000346002BF1D17B68DB6A002B00F0E48063
:10705000FFF711FC38614FF0B043DB68FB607B68E1
:10706000DB6A022B40F0B480FB6803F003027B680C
:107070001B6B9A4223D1FB6803F070027B685B6B49
:107080009A421CD1FB681B0A03F07F027B689B6B52
:107090009A4214D1FB6803F478127B68DB6B9A4246
:1070A0000DD1FB6803F060627B681B6C9A4206D1CD
:1070B000FB6803F060427B685B6C9A425DD03B6981
:1070C0000C2B58D04FF0B0431B6803F08063002BAB
:1070D00001D00123A1E0FFF784FCFEF7F5F9786207
:1070E00008E0FEF7F1F902467B6AD31A022B01D9B8
:1070F000032392E04FF0B0431B6803F00073002BB2
:10710000EFD14FF0B043DA68304B13407A68116B1F
:107110007A68526B11437A68926B120211437A6853
:10712000D26B11437A68126C11437A68526C0A432D
:107130004FF0B0411343CB60FFF744FC4FF0B04336
:10714000DB684FF0B04243F08053D360FEF7BCF9E8
:10715000786208E0FEF7B8F902467B6AD31A022B80
:1071600001D9032359E04FF0B0431B6803F00073CB
:10717000002BEFD050E001234FE04FF0B0431B68ED
:1071800003F00073002B47D1FFF71CFC4FF0B04316
:10719000DB684FF0B04243F08053D360FEF794F9C0
:1071A000786208E0FEF790F902467B6AD31A022B58
:1071B00001D9032331E04FF0B0431B6803F00073A3
:1071C000002BEFD028E000BF000400588C80C111D4
:1071D0003B690C2B1ED0FFF704FCFEF775F97862B3
:1071E00008E0FEF771F902467B6AD31A022B01D937
:1071F000032312E04FF0B0431B6803F00073002B31
:10720000EFD14FF0B043DA684FF0B041054B134077
:10721000CB6001E0012300E0002318463437BD466F
:1072200090BD00BFFCFFFEEE80B584B000AF78607B
:1072300039607B68002B01D101232DE1984B1B683D
:1072400003F007033A689A421BD9954B1B6823F059
:10725000070293493B6813430B60FEF735F9F8606A
:1072600008E0FEF731F90246FB68D31A022B01D978
:10727000032311E18A4B1B6803F007033A689A4223
:10728000EFD17B681B6803F00203002B16D07B68EC
:107290009B681846FFF7FBFAFEF716F9F86008E05E
:1072A000FEF712F90246FB68D31A022B01D9032319
:1072B000F2E0FFF7E8FB0346002BF1D07B681B6888
:1072C00003F02003002B16D07B685B691846FFF79C
:1072D000F2FAFEF7F9F8F86008E0FEF7F5F8024672
:1072E000FB68D31A022B01D90323D5E0FFF7DDFB9E
:1072F0000346002BF1D07B681B6803F04003002B92
:1073000016D07B689B691846FFF7EBFAFEF7DCF8AE
:10731000F86008E0FEF7D8F80246FB68D31A022BA3
:1073200001D90323B8E0FFF7D3FB0346002BF1D0CC
:107330007B681B6803F00403002B16D07B68DB68B6
:107340001846FFF7E5FAFEF7BFF8F86008E0FEF729
:10735000BBF80246FB68D31A022B01D903239BE03A
:10736000FFF7C9FB0346002BF1D07B681B6803F0D5
:107370000803002B17D07B681B69DB001846FFF75A
:10738000DBFAFEF7A1F8F86008E0FEF79DF8024688
:10739000FB68D31A022B01D903237DE0FFF7BDFB65
:1073A0000346002BF1D07B681B6803F00103002B20
:1073B00043D07B685B68022B06D1FFF77BF803465E
:1073C000002B1ED1012367E07B685B68032B06D18D
:1073D000FFF716FB0346002B13D101235CE07B680B
:1073E0005B68002B06D1FFF7E3F90346002B08D1B9
:1073F000012351E0FFF78EF80346002B01D1012352
:107400004AE07B685B681846FFF721FAFEF75CF8F4
:10741000F8600AE0FEF758F80246FB68D31A41F21A
:107420008832934201D9032336E0FFF724FA02465B
:107430007B685B689B009A42ECD1194B1B6803F098
:1074400007033A689A421BD2154B1B6823F00702C8
:1074500013493B6813430B60FEF736F8F86008E009
:10746000FEF732F80246FB68D31A022B01D9032338
:1074700012E00B4B1B6803F007033A689A42EFD106
:1074800000F07EF80346074A1360FEF729F803462A
:107490001846FDF7CBFF034618461037BD4680BDA2
:1074A000004000583800002090B585B000AFFFF7CD
:1074B000E2F978607B68002B0AD1FFF79EF903465A
:1074C0001B0903F00F032B4A52F82330FB604BE0FB
:1074D0007B68042B02D1284BFB6045E07B68082BBE
:1074E0000AD1FEF7B7FF0346012B02D1224BFB6006
:1074F0003AE0224BFB6037E0FFF7B9FA38603B68AF
:10750000022B03D03B68032B03D00DE01A4BBB606A
:1075100015E0FEF79FFF0346012B02D1164BBB601F
:107520000DE0164BBB600AE0FFF767F903461B0945
:1075300003F00F030F4A52F82330BB6000BFFFF780
:1075400071FA0246BB6803FB02F4FFF784FA0346B4
:107550001B090133B4FBF3F4FFF771FA03465B0F29
:107560000133B4FBF3F3FB60FB6818461437BD46E8
:1075700090BD00BFB09802080024F4000048E80164
:1075800098B500AFFFF790FF0446FFF7E9F903460F
:107590001B0903F00F03034A52F82330B4FBF3F343
:1075A000184698BD5098020898B500AFFFF7E8FF5D
:1075B0000446FFF7EFF903461B0A03F00703044AEA
:1075C00052F8233003F01F0324FA03F3184698BD42
:1075D0009098020898B500AFFFF7D2FF0446FFF776
:1075E000E5F90346DB0A03F00703044A52F82330A7
:1075F00003F01F0324FA03F3184698BD909802087D
:1076000090B585B000AF78607B68B02B03D9154B7F
:10761000DB6AFB6007E07B681B0903F00F03114A7C
:1076200052F82330FB60FFF7A7F903461B0903F06C
:107630000F030D4A52F82330FA68B2FBF3F3BB6034
:10764000BB680A4AA2FB03239C0CFEF7F5FE034627
:107650001946204600F00CF8034618461437BD467C
:1076600090BD00BFB09802085098020883DE1B430B
:1076700090B593B000AF78603960374B07F12804BC
:107680000FCB84E80F00354A07F11C0307CA83E8D3
:107690000700334B07F10C040FCB84E80F000023E5
:1076A0007B643B68B3F5007F1AD100233B6413E091
:1076B0003B6C9B0048333B4453F8203C7A689A4229
:1076C00007D83B6C9B0048333B4453F83C3C7B64FD
:1076D00020E03B6C01333B643B6C032BE8D919E0A1
:1076E0000023FB6313E0FB6B9B0048333B4453F8E0
:1076F0002C3C7A689A4207D8FB6B9B0048333B448A
:1077000053F83C3C7B6405E0FB6B0133FB63FB6B94
:10771000022BE8D9134B1B6823F0070211497B6C3D
:1077200013430B60FDF7D0FEB86308E0FDF7CCFE15
:107730000246BB6BD31A022B01D9032307E0094B86
:107740001B6803F007037A6C9A42EFD100231846B6
:107750004C37BD4690BD00BF2821020838210208E1
:10776000442102080040005880B400AF4FF0B043FD
:10777000D3F8903003F00103012B01D1012300E085
:1077800000231846BD465DF8047B704780B400AF07
:107790004FF0B043D3F8903003F00203022B01D135
:1077A000012300E000231846BD465DF8047B7047C6
:1077B00080B483B000AF78604FF0B043D3F894301A
:1077C00023F440424FF0B0417B681343C1F894303A
:1077D00000BF0C37BD465DF8047B704780B483B0B2
:1077E00000AF78604FF0B0435B6A23F003024FF0C4
:1077F000B0417B6813434B6200BF0C37BD465DF858
:10780000047B704780B483B000AF78604FF0B04322
:107810005B6A23F030024FF0B0417B6813434B6248
:1078200000BF0C37BD465DF8047B704780B483B061
:1078300000AF78604FF0B043D3F8883023F00302F4
:107840004FF0B0417B681343C1F8883000BF0C375C
:10785000BD465DF8047B704780B483B000AF7860AC
:107860004FF0B043D3F8883023F440624FF0B0417A
:107870007B681343C1F8883000BF0C37BD465DF804
:10788000047B704780B483B000AF78604FF0B043A2
:10789000D3F888207B681B0903F47F23DB431A405D
:1078A0007B681B0103F47F234FF0B0411343C1F801
:1078B000883000BF0C37BD465DF8047B704780B44C
:1078C00083B000AF78604FF0B043D3F888207B6876
:1078D0001B0C1B04DB431A407B681B044FF0B041B8
:1078E0001343C1F8883000BF0C37BD465DF8047BF8
:1078F000704780B483B000AF78604FF0B043D3F8E6
:10790000883023F440024FF0B0417B681343C1F844
:10791000883000BF0C37BD465DF8047B704780B4EB
:1079200083B000AF78604FF0B043D3F8883023F0D5
:1079300040424FF0B0417B681343C1F8883000BF2C
:107940000C37BD465DF8047B704780B483B000AF50
:1079500078604FF0B043D3F8883023F040624FF0A6
:10796000B0417B681343C1F8883000BF0C37BD4677
:107970005DF8047B704780B582B000AF78607868AE
:10798000FFF7E3FF00BF0837BD4680BD80B483B07A
:1079900000AF78604FF0B043D3F8883023F0405206
:1079A0004FF0B0417B681343C1F8883000BF0C37FB
:1079B000BD465DF8047B704780B483B000AF78604B
:1079C0004FF0B043D3F8903023F440724FF0B04101
:1079D0007B681343C1F8903000BF0C37BD465DF89B
:1079E000047B704780B400AF4FF0B043D3F89030C1
:1079F00003F440731846BD465DF8047B704780B4BD
:107A000000AF4FF0B043D3F890304FF0B04243F4A2
:107A10008033C2F8903000BFBD465DF8047B7047EC
:107A200080B400AF4FF0B043D3F890304FF0B04285
:107A300023F48033C2F8903000BFBD465DF8047B6C
:107A4000704780B400AF4FF0B0431B684FF0B042B6
:107A500043F08063136000BFBD465DF8047B704750
:107A600080B400AF4FF0B0431B684FF0B04223F03A
:107A70008063136000BFBD465DF8047B704780B42F
:107A800000AF4FF0B0431B6803F00063B3F1006F29
:107A900001D1012300E000231846BD465DF8047BB8
:107AA000704780B588B000AF78600023FB77002373
:107AB000BB777B681B6803F04003002B34D07B68E6
:107AC0001B6BB3F5400F21D0B3F5400F1BD8B3F5B6
:107AD000000F1DD0B3F5000F15D8002B0BD0B3F558
:107AE000800F10D14FF0B043DB684FF0B04243F449
:107AF0008033D3600DE07B680433184600F047F90B
:107B00000346FB7705E00123FB7702E000BF00E0BE
:107B100000BFFB7F002B05D17B681B6B1846FFF76E
:107B2000E8FE01E0FB7FBB777B681B6803F4006322
:107B3000002B46D0FFF756FFB8617B681B6CBA6913
:107B40009A423CD0FEF768FCBB69002B05D17B68EC
:107B50001B6C1846FFF730FF2EE04FF0B043D3F810
:107B600090307B61FFF74BFFFFF75AFF7B6923F4EF
:107B700040727B681B6C13437B614FF0B0427B69A2
:107B8000C2F89030FFF7F0FD0346012B14D1FDF74A
:107B90009BFC38610BE0FDF797FC02463B69D31A6A
:107BA00041F28832934202D90323FB7704E0FFF7C6
:107BB000EDFD0346012BEED1FB7FBB7701E0FB7FA0
:107BC000BB777B681B6803F00103002B04D07B6844
:107BD0009B691846FFF72AFE7B681B6803F00203C7
:107BE000002B04D07B68DB691846FFF735FE7B6805
:107BF0001B6803F01003002B04D07B689B6A1846B7
:107C0000FFF75DFE7B681B6803F02003002B04D0A8
:107C10007B68DB6A1846FFF752FE7B681B6803F03F
:107C20000403002B04D07B681B6A1846FFF72AFE6A
:107C30007B681B6803F00803002B04D07B685B6A39
:107C40001846FFF71FFE7B681B6803F48073002B48
:107C500022D07B685B6B1846FFF78DFE7B685B6B01
:107C6000B3F1006F07D14FF0B043DB684FF0B04283
:107C700043F08073D3607B685B6BB3F1806F0BD193
:107C80007B680433184600F0DDF80346FB77FB7F82
:107C9000002B01D0FB7FBB777B681B6803F400736C
:107CA000002B2BD07B689B6BB3F1804F08D07B6897
:107CB0009B6BB3F1004F03D07B689B6B002B05D10E
:107CC0007B689B6B1846FFF72AFE0AE07B689B6B7C
:107CD00023F08053FB600020FFF721FEF868FFF7D8
:107CE00034FE7B689B6BB3F1C05F07D14FF0B043AC
:107CF000DB684FF0B04243F08073D3607B681B6851
:107D000003F48063002B22D07B68DB6B1846FFF7FF
:107D10003DFE7B68DB6BB3F1005F07D14FF0B043F2
:107D2000DB684FF0B04243F48033D3607B68DB6B99
:107D3000B3F1805F0BD17B680433184600F0DDF8A7
:107D40000346FB77FB7F002B01D0FB7FBB777B6873
:107D50001B6803F48053002B04D07B685B6C1846CF
:107D6000FFF726FD7B681B6803F40053002B09D046
:107D70007B68DB6C1846FFF745FD7B689B6C1846FB
:107D8000FFF72CFDBB7F18462037BD4680BD80B570
:107D900084B000AF78600023FB73FFF761FEFDF74E
:107DA00093FBB86009E0FDF78FFB0246BB68D31A6E
:107DB000022B02D90323FB7304E0FFF760FE0346A6
:107DC000002BF0D1FB7B002B37D14FF0B0431B6968
:107DD00023F4FE427B681B681B024FF0B041134343
:107DE0000B614FF0B0431B6923F478127B685B682A
:107DF0004FF0B04113430B61FFF723FEFDF764FB27
:107E0000B86009E0FDF760FB0246BB68D31A022B9D
:107E100002D90323FB7304E0FFF731FE0346012B75
:107E2000F0D1FB7B002B08D14FF0B0431A697B687F
:107E30001B694FF0B04113430B61FB7B18461037B1
:107E4000BD4680BD80B584B000AF78600023FB7371
:107E5000FFF706FEFDF738FBB86009E0FDF734FBDD
:107E60000246BB68D31A022B02D90323FB7304E03A
:107E7000FFF705FE0346002BF0D1FB7B002B37D12B
:107E80004FF0B0431B6923F4FE427B681B681B0262
:107E90004FF0B04113430B614FF0B0431B6923F027
:107EA00060627B689B684FF0B04113430B61FFF742
:107EB000C8FDFDF709FBB86009E0FDF705FB0246C8
:107EC000BB68D31A022B02D90323FB7304E0FFF72C
:107ED000D6FD0346012BF0D1FB7B002B08D14FF0E0
:107EE000B0431A697B681B694FF0B04113430B61C3
:107EF000FB7B18461037BD4680BD80B584B000AF0F
:107F000078600023FB73FFF7ABFDFDF7DDFAB86087
:107F100009E0FDF7D9FA0246BB68D31A022B02D951
:107F20000323FB7304E0FFF7AAFD0346002BF0D107
:107F3000FB7B002B37D14FF0B0431B6923F4FE428B
:107F40007B681B681B024FF0B04113430B614FF07D
:107F5000B0431B6923F060427B68DB684FF0B0419F
:107F600013430B61FFF76DFDFDF7AEFAB86009E052
:107F7000FDF7AAFA0246BB68D31A022B02D90323E3
:107F8000FB7304E0FFF77BFD0346012BF0D1FB7B85
:107F9000002B08D14FF0B0431A697B681B694FF082
:107FA000B04113430B61FB7B18461037BD4680BDC3
:107FB00080B582B000AF78607B68002B01D10123CF
:107FC00027E07B685B7ADBB2002B05D17B6800225F
:107FD0001A727868FAF72AFE7B6802225A727B6866
:107FE0001B681B6823F020017B685A687B681B684C
:107FF0000A431A607B681B681A687B681B6842F03A
:1080000004021A607B6801225A727B680022DA60DF
:10801000002318460837BD4680BD80B584B000AF48
:10802000786039600023FB737B681B7A012B01D1D8
:10803000022344E07B6801221A727B685B7ADBB220
:10804000012B33D17B6802225A72FDF73DFAB860EA
:1080500018E0FDF739FA0246BB68D31A022B11D992
:108060007B681B685B6803F00103012B0AD07B6807
:1080700001225A727B680222DA607B6800221A723F
:1080800001231CE07B681B685B6803F00103012B84
:10809000DFD17B681B689A687B681A617B681A6904
:1080A0003B681A607B6801225A7204E07B680422F4
:1080B000DA600123FB737B6800221A72FB7B18468F
:1080C0001037BD4680BD80B584B000AF78607B6856
:1080D000002B01D101237AE07B6893F82130DBB2D9
:1080E000002B06D17B68002283F820207868FAF7FD
:1080F000C7FD7B68022283F821207B681B68DB6850
:1081000003F01003102B58D07B681B68CA225A62F8
:108110007B681B6853225A62786800F083F8034634
:10812000FB73FB7B002B2CD17B681B689B687A68F8
:10813000126823F4E00323F0400393607B681B681C
:1081400099687B685A687B681B691A437B689B69DE
:108150001A437B681B680A439A607B681B687A68CD
:10816000D2681A617B681B6819697B689B681A046E
:108170007B681B680A431A61786800F08BF8034635
:10818000FB73FB7B002B13D17B681B68DA6C7B686D
:108190001B6822F00302DA647B681B68D96C7B6879
:1081A000DA697B685B691A437B681B680A43DA6497
:1081B0007B681B68FF225A6201E00023FB73FB7B94
:1081C000002B03D17B68012283F82120FB7B18461A
:1081D0001037BD4680BD000080B584B000AF786028
:1081E0000023FB607B681B680D4ADA60FDF76CF9C1
:1081F000F86009E0FDF768F90246FB68D31AB3F5A9
:108200007A7F01D9032307E07B681B68DB6803F0F2
:108210002003002BEED0002318461037BD4680BD4A
:108220005FFF010080B584B000AF78600023BB60C1
:108230000023FB737B681B68DB6803F04003002BA3
:1082400023D17B681B68DA687B681B6842F0800278
:10825000DA60FDF739F9B8600DE0FDF735F902464F
:10826000BB68D31AB3F57A7F05D97B68042283F8FB
:1082700021200123FB737B681B68DB6803F040034C
:10828000002B02D1FB7B012BE7D1FB7B184610377B
:10829000BD4680BD80B584B000AF78600023FB731D
:1082A0007B681B68DA687B681B6822F08002DA60F2
:1082B0007B681B689B6803F02003002B0BD1786858
:1082C000FFF78AFF0346002B05D07B68042283F862
:1082D00021200123FB73FB7B18461037BD4680BD70
:1082E00080B487B000AFF860B9607A605F4B1B68FC
:1082F0005F4AA2FB0323DB0A4FF47A7202FB03F30B
:108300007B61FB6893F82030012B01D10223A7E0A9
:10831000FB68012283F82020FB68022283F82120D9
:10832000FB681B68CA225A62FB681B6853225A62A8
:10833000FB681B689B6803F48063002B1AD07B6981
:10834000013B7B617B69002B0DD1FB681B68FF2221
:108350005A62FB68032283F82120FB68002283F81D
:10836000202003237CE0FB681B68DB6803F0040328
:10837000002BE4D1FB681B689A68FB681B6822F439
:1083800080629A60FB681B68DB68DAB2FB681B6876
:1083900062F49062DA60354B1B68354AA2FB032316
:1083A000DB0A4FF47A7202FB03F37B617B69013BCA
:1083B0007B617B69002B0DD1FB681B68FF225A6231
:1083C000FB68032283F82120FB68002283F8202029
:1083D000032345E0FB681B68DB6803F00403002B04
:1083E000E4D0FB681B689A68FB681B6822F00702F0
:1083F0009A60FB681B689968FB681B687A680A4387
:108400009A60FB681B68BA685A611A4BD3F88030CF
:10841000184A43F40023C2F88030164B1B68154AF3
:1084200043F400231360FB681B689A68FB681B68B1
:1084300042F480429A60FB681B689A68FB681B687C
:1084400042F480629A60FB681B68FF225A62FB68F4
:10845000012283F82120FB68002283F820200023DA
:1084600018461C37BD465DF8047B70473800002075
:10847000D34D62100008005880B483B000AF78601C
:108480007B6893F82030012B01D1022324E07B6824
:10849000012283F820207B68022283F821207B6858
:1084A0001B68CA225A627B681B6853225A627B6827
:1084B0001B689A687B681B6842F020029A607B68A0
:1084C0001B68FF225A627B68012283F821207B68A7
:1084D000002283F82020002318460C37BD465DF8A3
:1084E000047B704780B483B000AF78604FF0B04336
:1084F000D3F888207B68134018460C37BD465DF8DA
:10850000047B704780B483B000AF78604FF0B04315
:10851000D3F888207B68134018460C37BD465DF8B9
:10852000047B704780B582B000AF78607B68002B19
:1085300001D1012342E07B68D3F88830002B06D1BB
:108540007B68002283F884207868FAF77BFA7B68DE
:108550002422C3F888207B681B681A687B681B6824
:1085600022F001021A607B689B6A002B02D07868B7
:1085700000F07EFE786800F053FC0346012B01D129
:1085800001231BE07B681B685A687B681B6822F428
:1085900090425A607B681B689A687B681B6822F06F
:1085A0002A029A607B681B681A687B681B6842F025
:1085B00001021A60786800F0FDFE0346184608378D
:1085C000BD4680BD80B58AB000AFF860B960134683
:1085D000FB80FB68D3F88C30202B37D1BB68002B95
:1085E00002D0FB88002B01D1012330E0FB68002280
:1085F000DA66FB681B68184A93421FD0FB681B6849
:108600005B6803F40003002B18D0FB681B687B61D8
:108610007B6953E8003F3B613B6943F080637B62C9
:10862000FB681B681A467B6A3B62FA61F9693A6A21
:1086300041E80023BB61BB69002BE6D1FB881A46E9
:10864000B968F86800F0CEFF034600E00223184640
:108650002837BD4680BD00BF0080004080B58AB08D
:1086600000AFF860B9601346FB80FB68D3F8883030
:10867000202B67D1BB68002B02D0FB88002B01D1D7
:10868000012360E0FB68BA681A65FB68FA88A3F802
:108690005420FB68FA88A3F85620FB680022C3F830
:1086A0009020FB682122C3F88820FB68DB6F002B39
:1086B00028D0FB68DB6F264ADA62FB68DB6F254A4D
:1086C0001A63FB68DB6F244A5A63FB68DB6F002286
:1086D0009A63FB68D86FFB681B6D1946FB681B68C3
:1086E00028331A46FB88FDF761F90346002B09D0B1
:1086F000FB681022C3F89020FB682022C3F8882072
:10870000012320E0FB681B6840221A62FB681B689B
:1087100008337B617B6953E8003F3B613B6943F071
:1087200080037B62FB681B6808337A6A3A62FB61EC
:10873000F9693A6A41E80023BB61BB69002BE5D1C6
:10874000002300E0022318462837BD4680BD00BF45
:1087500077990108099A0108259A010880B5BAB0ED
:1087600000AF78607B681B68DB69C7F8E4307B6822
:108770001B681B68C7F8E0307B681B689B68C7F8FC
:10878000DC30D7F8E42040F60F031340C7F8D830A8
:10879000D7F8D830002B1BD1D7F8E43003F02003F2
:1087A000002B15D0D7F8E03003F02003002B05D1C3
:1087B000D7F8DC3003F08053002B09D07B685B6F67
:1087C000002B00F000837B685B6F78689847FAE2C3
:1087D000D7F8D830002B00F02381D7F8DC208D4B60
:1087E0001340002B06D1D7F8E0208B4B1340002B11
:1087F00000F01681D7F8E43003F00103002B11D00C
:10880000D7F8E03003F48073002B0BD07B681B6833
:1088100001221A627B68D3F8903043F001027B6832
:10882000C3F89020D7F8E43003F00203002B11D0F6
:10883000D7F8DC3003F00103002B0BD07B681B68FA
:1088400002221A627B68D3F8903043F004027B68FE
:10885000C3F89020D7F8E43003F00403002B11D0C4
:10886000D7F8DC3003F00103002B0BD07B681B68CA
:1088700004221A627B68D3F8903043F002027B68CE
:10888000C3F89020D7F8E43003F00803002B17D08A
:10889000D7F8E03003F02003002B05D1D7F8DC2017
:1088A0005C4B1340002B0BD07B681B6808221A62BC
:1088B0007B68D3F8903043F008027B68C3F89020BF
:1088C000D7F8E43003F40063002B12D0D7F8E0307F
:1088D00003F08063002B0CD07B681B684FF40062B0
:1088E0001A627B68D3F8903043F020027B68C3F8AB
:1088F00090207B68D3F89030002B00F06682D7F888
:10890000E43003F02003002B13D0D7F8E03003F05D
:108910002003002B05D1D7F8DC3003F08053002B67
:1089200007D07B685B6F002B03D07B685B6F786838
:1089300098477B68D3F89030C7F8D4307B681B68C1
:108940009B6803F04003402B05D0D7F8D43003F0E8
:108950002803002B54D0786800F0A7FF7B681B68C1
:108960009B6803F04003402B46D17B681B680833AB
:10897000C7F89C30D7F89C3053E8003FC7F89830D0
:10898000D7F8983023F04003C7F8D0307B681B68D5
:108990000833D7F8D020C7F8A820C7F8A430D7F8F4
:1089A000A410D7F8A82041E80023C7F8A030D7F8D2
:1089B000A030002BD9D17B68D3F88030002B17D0A2
:1089C0007B68D3F88030154A9A637B68D3F880308F
:1089D0001846FDF7C5F80346002B19D07B68D3F87D
:1089E00080309B6B7A68D2F88020104698470FE061
:1089F000786800F0FFF90BE0786800F0FBF907E019
:108A0000786800F0F7F97B680022C3F89020DCE179
:108A100000BFDAE10100001020010004959A01086E
:108A20007B68DB6E012B40F07081D7F8E43003F0F7
:108A30001003002B00F06981D7F8E03003F0100339
:108A4000002B00F062817B681B6810221A627B6831
:108A50001B689B6803F04003402B40F0D8807B6884
:108A6000D3F880301B685B68A7F8BE30B7F8BE301B
:108A7000002B00F0AF807B68B3F85C30B7F8BE2005
:108A80009A4280F0A7807B68B7F8BE20A3F85E20EA
:108A90007B68D3F880301B681B6803F02003002B31
:108AA00040F087807B681B68C7F88830D7F888302B
:108AB00053E8003FC7F88430D7F8843023F480733C
:108AC000C7F8B8307B681B681A46D7F8B830C7F8C3
:108AD0009430C7F89020D7F89010D7F8942041E848
:108AE0000023C7F88C30D7F88C30002BDAD17B68A4
:108AF0001B6808337B677B6F53E8003F3B673B6F26
:108B000023F00103C7F8B4307B681B680833D7F83B
:108B1000B420C7F88020FB67F96FD7F8802041E8C0
:108B20000023BB67BB6F002BE1D17B681B68083358
:108B30003B663B6E53E8003FFB65FB6D23F0400353
:108B4000C7F8B0307B681B680833D7F8B020FA66E6
:108B5000BB66B96EFA6E41E800237B667B6E002B24
:108B6000E3D17B682022C3F88C207B680022DA6680
:108B70007B681B68FB64FB6C53E8003FBB64BB6C09
:108B800023F01003C7F8AC307B681B681A46D7F88F
:108B9000AC30BB657A65796DBA6D41E800233B6501
:108BA0003B6D002BE4D17B68D3F880301846FCF78E
:108BB00078FF7B6802221A677B68B3F85C207B68C9
:108BC000B3F85E309BB2D31A9BB21946786800F0B6
:108BD0001BF9FCE07B68B3F85C30B7F8BE209A4222
:108BE00040F0F5807B68D3F880301B681B6803F089
:108BF0002003202B40F0EB807B6802221A677B6801
:108C0000B3F85C301946786800F0FEF8DFE07B6866
:108C1000B3F85C207B68B3F85E309BB2D31AA7F838
:108C2000CE307B68B3F85E309BB2002B00F0D18071
:108C3000B7F8CE30002B00F0CC807B681B68BB639C
:108C4000BB6B53E8003F7B637B6B23F49073C7F8E7
:108C5000C8307B681B681A46D7F8C8307B643A6412
:108C6000396C7A6C41E80023FB63FB6B002BE4D189
:108C70007B681B6808337B627B6A53E8003F3B627A
:108C80003B6A23F0805323F00103C7F8C4307B68AC
:108C90001B680833D7F8C4203A63FB62F96A3A6B61
:108CA00041E80023BB62BB6A002BE1D17B68202234
:108CB000C3F88C207B680022DA667B6800225A6742
:108CC0007B681B683B613B6953E8003FFB60FB68C6
:108CD00023F01003C7F8C0307B681B681A46D7F82A
:108CE000C030FB61BA61B969FA6941E800237B6170
:108CF0007B69002BE4D17B6802221A67B7F8CE307B
:108D00001946786800F080F863E0D7F8E43003F49F
:108D10008013002B0ED0D7F8DC3003F48003002B37
:108D200008D07B681B684FF480121A62786801F0E3
:108D30000BFC51E0D7F8E43003F08003002B14D093
:108D4000D7F8E03003F08003002B05D1D7F8DC30F2
:108D500003F40003002B08D07B689B6F002B3AD0F4
:108D60007B689B6F7868984735E0D7F8E43003F06C
:108D70004003002B09D0D7F8E03003F04003002B6C
:108D800003D0786800F094FE26E0D7F8E43003F4CE
:108D90000003002B09D0D7F8E03003F08043002B0C
:108DA00003D0786801F0E4FB16E0D7F8E43003F074
:108DB0008073002B10D0D7F8E030002B0CDA7868E5
:108DC00001F0CCFB08E000BF06E000BF04E000BFFC
:108DD00002E000BF00E000BFE837BD4680BD00BF35
:108DE00080B483B000AF786000BF0C37BD465DF83B
:108DF000047B704780B483B000AF786000BF0C374D
:108E0000BD465DF8047B704780B483B000AF7860E6
:108E10000B467B8000BF0C37BD465DF8047B704776
:108E20002DE9B04F8CB000AF7861002387F82A306D
:108E30007B699A687B691B691A437B695B691A4382
:108E40007B69DB691343FB627B691B681A68AF4B64
:108E500013407A691268F96A0B4313607B691B68D7
:108E60005B6823F440517B69DA687B691B680A43BD
:108E70005A607B699B69FB627B691B68A44A9342C9
:108E800004D07B691B6AFA6A1343FB627B691B6827
:108E90009B6823F06E4323F430637A691268F96AA1
:108EA0000B4393607B691B68DB6A23F00F017B69CE
:108EB0005A6A7B691B680A43DA627B691B68954AB8
:108EC000934225D10320FFF70DFB0346032B1BD84C
:108ED00001A252F823F000BFE98E0108F98E0108C3
:108EE000F18E0108018F0108012387F82B3042E041
:108EF000022387F82B303EE0042387F82B303AE03A
:108F0000082387F82B3036E0102387F82B3032E027
:108F10007B691B687E4A93422AD14FF44060FFF779
:108F2000F1FA0346B3F5406F1AD0B3F5406F1BD882
:108F3000B3F5006F0CD0B3F5006F15D8002B03D03C
:108F4000B3F5806F08D00FE0002387F82B3012E0D4
:108F5000022387F82B300EE0042387F82B300AE039
:108F6000082387F82B3006E0102387F82B3002E027
:108F7000102387F82B307B691B68654A934240F0C9
:108F8000978097F82B30082B23D801A252F823F0B2
:108F9000B58F0108D38F0108BD8F0108D38F010859
:108FA000C38F0108D38F0108D38F0108D38F010825
:108FB000CB8F0108FEF7F8FA786210E0564B7B621F
:108FC0000DE0FEF771FA786209E04FF400437B622E
:108FD00005E000237B62012387F82A3000BF7B6A0B
:108FE000002B00F02B817B695B6A4C4A32F813300E
:108FF0001A467B6AB3FBF2F3BB617B695A6813467E
:109000005B001344BA699A4205D37B695B681B0312
:10901000BA699A4203D9012387F82A300EE17B6AA4
:109020000022BB60FA607B695B6A3C4A32F813300D
:109030009BB200223B607A60D7E90023D7E90201A6
:10904000E7F79AFD02460B46104619464FF000021C
:109050004FF000030B0243EA10630202796949688A
:10906000490800200C46054612EB040843EB0509AD
:109070007B695B6800229A46934652465B464046AF
:109080004946E7F779FD02460B4613463B623B6AC9
:10909000B3F5407F08D33B6AB3F5801F04D27B69E8
:1090A0001B683A6ADA60C9E0012387F82A30C5E014
:1090B0007B69DB69B3F5004F6DD197F82B30013B2D
:1090C000072B2DD801A252F823F000BFED90010824
:1090D000F590010821910108FB90010821910108F8
:1090E000219101082191010803910108FEF772FA0C
:1090F00078621BE0084B7B6218E0FEF7D5F97862D6
:1091000014E04FF400437B6210E000BFF369FFCF2F
:1091100000800040003801400024F400F09802086C
:1091200000237B62012387F82A3000BF7B6A002B73
:1091300000F084807B695B6A4B4A32F813301A4630
:109140007B6AB3FBF2F35A007B695B685B081A44E5
:109150007B695B68B2FBF3F33B623B6A0F2B16D96A
:109160003B6AB3F5803F12D23B6A9BB223F00F03F8
:10917000FB833B6A5B089BB203F007039AB2FB8B4D
:109180001343FB837B691B68FA8BDA6056E001238B
:1091900087F82A3052E097F82B30013B072B22D872
:1091A00001A252F823F000BFC9910108D191010832
:1091B000E7910108D7910108E7910108E7910108BB
:1091C000E7910108DF910108FEF704FA786210E0E8
:1091D000264B7B620DE0FEF767F9786209E04FF4F9
:1091E00000437B6205E000237B62012387F82A307D
:1091F00000BF7B6A002B21D07B695B6A1A4A32F878
:1092000013301A467B6AB3FBF2F27B695B685B083A
:109210001A447B695B68B2FBF3F33B623B6A0F2B3A
:1092200009D93B6AB3F5803F05D23B6A9AB27B69A4
:109230001B68DA6002E0012387F82A307B6901228B
:10924000A3F86A207B690122A3F868207B690022C9
:109250005A677B6900229A6797F82A301846303798
:10926000BD46BDE8B08F00BFF09802080024F400AE
:1092700080B483B000AF78607B689B6A03F008031A
:10928000002B0AD07B681B685B6823F400417B6875
:109290009A6B7B681B680A435A607B689B6A03F081
:1092A0000103002B0AD07B681B685B6823F4003144
:1092B0007B68DA6A7B681B680A435A607B689B6A32
:1092C00003F00203002B0AD07B681B685B6823F461
:1092D00080317B681A6B7B681B680A435A607B6825
:1092E0009B6A03F00403002B0AD07B681B685B6851
:1092F00023F480217B685A6B7B681B680A435A60A1
:109300007B689B6A03F01003002B0AD07B681B6804
:109310009B6823F480517B68DA6B7B681B680A4387
:109320009A607B689B6A03F02003002B0AD07B685D
:109330001B689B6823F400517B681A6C7B681B6870
:109340000A439A607B689B6A03F04003002B1AD0A3
:109350007B681B685B6823F480117B685A6C7B68B0
:109360001B680A435A607B685B6CB3F5801F0AD1A7
:109370007B681B685B6823F4C0017B689A6C7B6820
:109380001B680A435A607B689B6A03F08003002BCA
:109390000AD07B681B685B6823F400217B68DA6C69
:1093A0007B681B680A435A6000BF0C37BD465DF8F6
:1093B000047B704780B598B002AF78607B6800226C
:1093C000C3F89020FCF780F878657B681B681B6801
:1093D00003F00803082B2FD16FF07E4300937B6DC1
:1093E00000224FF40011786800F08EF80346002B3D
:1093F00022D07B681B68BB63BB6B53E8003F7B6379
:109400007B6B23F080033B657B681B681A463B6DD2
:109410007B643A64396C7A6C41E80023FB63FB6B34
:10942000002BE6D17B682022C3F888207B680022CD
:1094300083F88420032363E07B681B681B6803F0C8
:109440000403042B49D16FF07E4300937B6D00220F
:109450004FF48001786800F057F80346002B3CD0A9
:109460007B681B687B627B6A53E8003F3B623B6A18
:1094700023F49073FB647B681B681A46FB6C3B63A8
:10948000FA62F96A3A6B41E80023BB62BB6A002BBF
:10949000E6D17B681B6808333B613B6953E8003FBA
:1094A000FB60FB6823F00103BB647B681B68083327
:1094B000BA6CFA61BB61B969FA6941E800237B6162
:1094C0007B69002BE5D17B682022C3F88C207B6868
:1094D000002283F88420032312E07B682022C3F853
:1094E00088207B682022C3F88C207B680022DA6603
:1094F0007B6800221A677B68002283F8842000239F
:1095000018465837BD4680BD80B584B000AFF860BE
:10951000B9603B601346FB714FE0BB69B3F1FF3F9D
:109520004BD0FBF7D1FF02463B68D31ABA699A4287
:1095300002D3BB69002B01D103234EE0FB681B68FB
:109540001B6803F00403002B37D0BB68802B34D09A
:10955000BB68402B31D0FB681B68DB6903F0080354
:10956000082B10D1FB681B6808221A62F86800F00B
:109570009CF9FB680822C3F89020FB68002283F85E
:109580008420012329E0FB681B68DB6903F4006386
:10959000B3F5006F11D1FB681B684FF400621A62CB
:1095A000F86800F082F9FB682022C3F89020FB687D
:1095B000002283F8842003230FE0FB681B68DA692C
:1095C000BB681340BA689A420CBF01230023DBB288
:1095D0001A46FB799A42A0D0002318461037BD46A0
:1095E00080BD000080B4A3B000AFF860B96013463E
:1095F000FB80FB68BA689A65FB68FA88A3F85C2070
:10960000FB68FA88A3F85E20FB6800225A67FB68B3
:109610009B68B3F5805F0ED1FB681B69002B05D1F9
:10962000FB6840F2FF12A3F860202DE0FB68FF22E8
:10963000A3F8602028E0FB689B68002B0DD1FB6835
:109640001B69002B04D1FB68FF22A3F860201BE0FC
:10965000FB687F22A3F8602016E0FB689B68B3F1EB
:10966000805F0DD1FB681B69002B04D1FB687F2252
:10967000A3F8602008E0FB683F22A3F8602003E025
:10968000FB680022A3F86020FB680022C3F890204A
:10969000FB682222C3F88C20FB681B6808337B66BA
:1096A0007B6E53E8003F3B663B6E43F00103C7F817
:1096B0008430FB681B680833D7F884203A67FB6660
:1096C000F96E3A6F41E80023BB66BB6E002BE3D115
:1096D000FB685B6EB3F1005F4FD1FB68B3F8683095
:1096E000FA889A4249D3FB689B68B3F5805F07D13B
:1096F000FB681B69002B03D1FB68474A5A6702E0ED
:10970000FB68464A5A67FB681B69002B1AD0FB6846
:109710001B683B653B6D53E8003FFB64FB6C43F407
:109720008073C7F88030FB681B681A46D7F8803012
:10973000FB65BA65B96DFA6D41E800237B657B6D09
:10974000002BE4D1FB681B680833FB63FB6B53E819
:10975000003FBB63BB6B43F08053FB67FB681B6838
:109760000833FA6FBA647B64796CBA6C41E8002301
:109770003B643B6C002BE5D146E0FB689B68B3F58E
:10978000805F07D1FB681B69002B03D1FB68244A6B
:109790005A6702E0FB68234A5A67FB681B69002B83
:1097A00019D0FB681B68BB62BB6A53E8003F7B6251
:1097B0007B6A43F490737B67FB681B681A467B6F78
:1097C0007B633A63396B7A6B41E80023FB62FB6A87
:1097D000002BE6D118E0FB681B687B617B6953E8CE
:1097E000003F3B613B6943F02003BB67FB681B689C
:1097F0001A46BB6F3B62FA61F9693A6A41E8002395
:10980000BB61BB69002BE6D1002318468C37BD46EF
:109810005DF8047B704700BFDDA10108799E010857
:10982000C19C0108099B010880B48FB000AF78602B
:109830007B681B683B623B6A53E8003FFB61FB6946
:1098400023F0C0037B637B681B681A467B6BFB625B
:10985000BA62B96AFA6A41E800237B627B6A002B2C
:10986000E6D17B681B680833FB60FB6853E8003F68
:10987000BB60BB6823F400033B637B681B68083351
:109880003A6BBA617B617969BA6941E800233B614F
:109890003B69002BE5D17B682022C3F8882000BFFC
:1098A0003C37BD465DF8047B704780B495B000AF8F
:1098B00078607B681B687B637B6B53E8003F3B638E
:1098C0003B6B23F49073FB647B681B681A46FB6C4C
:1098D0003B64FA63F96B3A6C41E80023BB63BB6BF2
:1098E000002BE6D17B681B6808333B623B6A53E878
:1098F000003FFB61FB6923F0805323F00103BB644D
:109900007B681B680833BA6CFA62BB62B96AFA6A90
:1099100041E800237B627B6A002BE3D17B68DB6E2E
:10992000012B18D17B681B68FB60FB6853E8003F84
:10993000BB60BB6823F010037B647B681B681A461E
:109940007B6CBB617A617969BA6941E800233B614C
:109950003B69002BE6D17B682022C3F88C207B6812
:109960000022DA667B6800225A6700BF5437BD4682
:109970005DF8047B704780B590B000AF78607B687D
:109980009B6AFB637B681B681B6803F02003002B4A
:1099900033D1FB6B1B6808337B627B6A53E8003F63
:1099A0003B623B6A23F08003BB63FB6B1B6808339D
:1099B000BA6B3A63FB62F96A3A6B41E80023BB6217
:1099C000BB6A002BE5D1FB6B1B683B613B6953E82D
:1099D000003FFB60FB6843F040037B63FB6B1B684D
:1099E0001A467B6BFB61BA61B969FA6941E80023E9
:1099F0007B617B69002BE6D102E0F86BF0F73EFC5F
:109A000000BF4037BD4680BD80B584B000AF7860F0
:109A10007B689B6AFB60F868FFF7E2F900BF1037CC
:109A2000BD4680BD80B586B000AF78607B689B6A1C
:109A30007B617B69D3F888303B617B69D3F88C30DC
:109A4000FB607B691B689B6803F08003802B05D15A
:109A50003B69212B02D17869FFF7E6FE7B691B6821
:109A60009B6803F04003402B05D1FB68222B02D1F9
:109A70007869FFF71AFF7B69D3F8903043F0100242
:109A80007B69C3F890207869FFF7B4F900BF1837F5
:109A9000BD4680BD80B584B000AF78607B689B6AAE
:109AA000FB60F868FFF7A6F900BF1037BD4680BD20
:109AB00080B588B000AF78607B681B68FB60FB688E
:109AC00053E8003FBB60BB6823F04003FB617B6849
:109AD0001B681A46FB69BB617A617969BA6941E81A
:109AE00000233B613B69002BE6D17B682022C3F851
:109AF00088207B6800229A677868F0F7BFFB00BF78
:109B00002037BD4680BD000080B59CB000AF7860B6
:109B10007B68B3F86030A7F86E307B68D3F88C3080
:109B2000222B40F0BE807B681B685B6AA7F86C3014
:109B3000B7F86C30D9B2B7F86E30DAB27B689B6D8B
:109B40000A40D2B21A707B689B6D5A1C7B689A657A
:109B50007B68B3F85E309BB2013B9AB27B68A3F896
:109B60005E207B68B3F85E309BB2002B40F0A18092
:109B70007B681B68FB64FB6C53E8003FBB64BB6CF9
:109B800023F49073BB667B681B681A46BB6EBB658B
:109B90007A65796DBA6D41E800233B653B6D002B1A
:109BA000E6D17B681B680833BB63BB6B53E8003F9F
:109BB0007B637B6B23F001037B667B681B68083348
:109BC0007A6E7A643B64396C7A6C41E80023FB63FB
:109BD000FB6B002BE5D17B682022C3F88C207B68CF
:109BE00000225A677B6800221A677B681B68334A29
:109BF00093421FD07B681B685B6803F40003002B53
:109C000018D07B681B687B627B6A53E8003F3B622D
:109C10003B6A23F080633B667B681B681A463B6E99
:109C20003B63FA62F96A3A6B41E80023BB62BB6AA4
:109C3000002BE6D17B68DB6E012B2ED17B680022E6
:109C4000DA667B681B683B613B6953E8003FFB6059
:109C5000FB6823F01003FB657B681B681A46FB6DED
:109C6000FB61BA61B969FA6941E800237B617B69EC
:109C7000002BE6D17B681B68DB6903F01003102B17
:109C800003D17B681B6810221A627B68B3F85C30D2
:109C900019467868FFF7B8F80BE07868F0F7C0FA73
:109CA00007E07B681B689A697B681B6842F00802C2
:109CB0009A6100BF7037BD4680BD00BF0080004084
:109CC00080B59CB000AF78607B68B3F86030A7F8CF
:109CD0006E307B68D3F88C30222B40F0BE807B68DE
:109CE0001B685B6AA7F86C307B689B6DBB66B7F836
:109CF0006C20B7F86E3013409AB2BB6E1A807B6846
:109D00009B6D9A1C7B689A657B68B3F85E309BB24A
:109D1000013B9AB27B68A3F85E207B68B3F85E30A3
:109D20009BB2002B40F0A1807B681B68BB64BB6CBE
:109D300053E8003F7B647B6C23F490737B667B6805
:109D40001B681A467B6E7B653A65396D7A6D41E812
:109D50000023FB64FB6C002BE6D17B681B68083397
:109D60007B637B6B53E8003F3B633B6B23F001035A
:109D70003B667B681B6808333A6E3A64FB63F96B99
:109D80003A6C41E80023BB63BB6B002BE5D17B68D9
:109D90002022C3F88C207B6800225A677B6800224F
:109DA0001A677B681B68334A93421FD07B681B6825
:109DB0005B6803F40003002B18D07B681B683B62D0
:109DC0003B6A53E8003FFB61FB6923F08063FB655E
:109DD0007B681B681A46FB6DFB62BA62B96AFA6A55
:109DE00041E800237B627B6A002BE6D17B68DB6E57
:109DF000012B2ED17B680022DA667B681B68FB6032
:109E0000FB6853E8003FBB60BB6823F01003BB65F1
:109E10007B681B681A46BB6DBB617A617969BA6958
:109E200041E800233B613B69002BE6D17B681B685E
:109E3000DB6903F01003102B03D17B681B68102231
:109E40001A627B68B3F85C3019467868FEF7DCFF6D
:109E50000BE07868F0F7E4F907E07B681B689A6923
:109E60007B681B6842F008029A6100BF7037BD46EC
:109E700080BD00BF0080004080B5ACB000AF78600E
:109E80007B68B3F86030A7F8AA307B681B68DB6991
:109E9000C7F8AC307B681B681B68C7F8A4307B68C8
:109EA0001B689B68C7F8A0307B68D3F88C30222BE6
:109EB00040F083817B68B3F86830A7F89E3026E1D4
:109EC0007B681B685B6AA7F89C30B7F89C30D9B2F6
:109ED000B7F8AA30DAB27B689B6D0A40D2B21A702A
:109EE0007B689B6D5A1C7B689A657B68B3F85E3013
:109EF0009BB2013B9AB27B68A3F85E207B681B682B
:109F0000DB69C7F8AC30D7F8AC3003F00703002B9F
:109F100053D0D7F8AC3003F00103002B11D0D7F8A1
:109F2000A43003F48073002B0BD07B681B680122E4
:109F30001A627B68D3F8903043F001027B68C3F863
:109F40009020D7F8AC3003F00203002B11D0D7F8E3
:109F5000A03003F00103002B0BD07B681B680222AA
:109F60001A627B68D3F8903043F004027B68C3F830
:109F70009020D7F8AC3003F00403002B11D0D7F8B1
:109F8000A03003F00103002B0BD07B681B68042278
:109F90001A627B68D3F8903043F002027B68C3F802
:109FA00090207B68D3F89030002B06D07868FEF7BD
:109FB00021FF7B680022C3F890207B68B3F85E30F5
:109FC0009BB2002B40F0A3807B681B683B673B6F14
:109FD00053E8003FFB66FB6E23F48073C7F89830AC
:109FE0007B681B681A46D7F89830FB67BA67B96F69
:109FF000FA6F41E800237B677B6F002BE4D17B681D
:10A000001B680833FB65FB6D53E8003FBB65BB6D08
:10A0100023F0805323F00103C7F894307B681B685A
:10A020000833D7F89420BA667B66796EBA6E41E839
:10A0300000233B663B6E002BE1D17B682022C3F8F6
:10A040008C207B6800225A677B6800221A677B6835
:10A050001B68604A934221D07B681B685B6803F4ED
:10A060000003002B1AD07B681B68BB64BB6C53E8F1
:10A07000003F7B647B6C23F08063C7F890307B6883
:10A080001B681A46D7F890307B653A65396D7A6D52
:10A0900041E80023FB64FB6C002BE4D17B68DB6EA2
:10A0A000012B30D17B680022DA667B681B687B63FA
:10A0B0007B6B53E8003F3B633B6B23F01003C7F817
:10A0C0008C307B681B681A46D7F88C303B64FA6387
:10A0D000F96B3A6C41E80023BB63BB6B002BE4D106
:10A0E0007B681B68DB6903F01003102B03D17B68CE
:10A0F0001B6810221A627B68B3F85C3019467868D6
:10A10000FEF782FE0EE07868F0F78AF80AE0B7F80A
:10A110009E30002B06D0D7F8AC3003F02003002B84
:10A120007FF4CEAE7B68B3F85E30A7F88A30B7F81C
:10A130008A30002B49D07B68B3F86830B7F88A20A2
:10A140009A4242D27B681B6808333B623B6A53E801
:10A15000003FFB61FB6923F08053C7F884307B68C4
:10A160001B680833D7F88420FA62BB62B96AFA6ABE
:10A1700041E800237B627B6A002BE3D17B68164AAF
:10A180005A677B681B68FB60FB6853E8003FBB6055
:10A19000BB6843F02003C7F880307B681B681A4611
:10A1A000D7F88030BB617A617969BA6941E80023E8
:10A1B0003B613B69002BE4D107E07B681B689A692F
:10A1C0007B681B6842F008029A6100BFB037BD4649
:10A1D00080BD00BF00800040099B010880B5AEB083
:10A1E00000AF78607B68B3F86030A7F8B2307B6866
:10A1F0001B68DB69C7F8B4307B681B681B68C7F84D
:10A20000AC307B681B689B68C7F8A8307B68D3F8C4
:10A210008C30222B40F087817B68B3F86830A7F838
:10A22000A6302AE17B681B685B6AA7F8A4307B68CC
:10A230009B6DC7F8A030B7F8A420B7F8B230134030
:10A240009AB2D7F8A0301A807B689B6D9A1C7B6805
:10A250009A657B68B3F85E309BB2013B9AB27B682B
:10A26000A3F85E207B681B68DB69C7F8B430D7F8B9
:10A27000B43003F00703002B53D0D7F8B43003F009
:10A280000103002B11D0D7F8AC3003F48073002BFE
:10A290000BD07B681B6801221A627B68D3F8903070
:10A2A00043F001027B68C3F89020D7F8B43003F084
:10A2B0000203002B11D0D7F8A83003F00103002BC4
:10A2C0000BD07B681B6802221A627B68D3F890303F
:10A2D00043F004027B68C3F89020D7F8B43003F051
:10A2E0000403002B11D0D7F8A83003F00103002B92
:10A2F0000BD07B681B6804221A627B68D3F890300D
:10A3000043F002027B68C3F890207B68D3F890305A
:10A31000002B06D07868FEF76DFD7B680022C3F83D
:10A3200090207B68B3F85E309BB2002B40F0A58094
:10A330007B681B687B677B6F53E8003F3B673B6F25
:10A3400023F48073C7F89C307B681B681A46D7F8E3
:10A350009C30C7F88030FA67F96FD7F8802041E861
:10A360000023BB67BB6F002BE2D17B681B680833FF
:10A370003B663B6E53E8003FFB65FB6D23F080536B
:10A3800023F00103C7F898307B681B680833D7F8BF
:10A390009820FA66BB66B96EFA6E41E800237B66C8
:10A3A0007B6E002BE1D17B682022C3F88C207B6878
:10A3B00000225A677B6800221A677B681B68604A24
:10A3C000934221D07B681B685B6803F40003002B79
:10A3D0001AD07B681B68FB64FB6C53E8003FBB64CE
:10A3E000BB6C23F08063C7F894307B681B681A4607
:10A3F000D7F89430BB657A65796DBA6D41E8002372
:10A400003B653B6D002BE4D17B68DB6E012B30D1CB
:10A410007B680022DA667B681B68BB63BB6B53E812
:10A42000003F7B637B6B23F01003C7F890307B68A1
:10A430001B681A46D7F890307B643A64396C7A6CA2
:10A4400041E80023FB63FB6B002BE4D17B681B68B6
:10A45000DB6903F01003102B03D17B681B6810220B
:10A460001A627B68B3F85C3019467868FEF7CCFC5A
:10A470000EE07868EFF7D4FE0AE0B7F8A630002BBC
:10A4800006D0D7F8B43003F02003002B7FF4CAAE17
:10A490007B68B3F85E30A7F88E30B7F88E30002BAB
:10A4A00049D07B68B3F86830B7F88E209A4242D220
:10A4B0007B681B6808337B627B6A53E8003F3B6222
:10A4C0003B6A23F08053C7F888307B681B680833E9
:10A4D000D7F888203A63FB62F96A3A6B41E80023B7
:10A4E000BB62BB6A002BE3D17B68164A5A677B6864
:10A4F0001B683B613B6953E8003FFB60FB6843F02E
:10A500002003C7F884307B681B681A46D7F884306C
:10A51000FB61BA61B969FA6941E800237B617B6933
:10A52000002BE4D107E07B681B689A697B681B6895
:10A5300042F008029A6100BFB837BD4680BD00BF37
:10A5400000800040C19C010880B483B000AF7860F7
:10A5500000BF0C37BD465DF8047B704780B483B004
:10A5600000AF786000BF0C37BD465DF8047B7047D4
:10A5700080B483B000AF786000BF0C37BD465DF893
:10A58000047B704780B485B000AF78607B6893F837
:10A590008430012B01D1022327E07B68012283F85C
:10A5A00084207B682422C3F888207B681B681B6892
:10A5B000FB607B681B681A687B681B6822F00102DD
:10A5C0001A60FB6823F00053FB607B6800225A6628
:10A5D0007B681B68FA681A607B682022C3F88820B1
:10A5E0007B68002283F88420002318461437BD4678
:10A5F0005DF8047B704780B584B000AF7860396047
:10A600007B6893F88430012B01D102232DE07B6815
:10A61000012283F884207B682422C3F888207B6889
:10A620001B681B68FB607B681B681A687B681B687B
:10A6300022F001021A607B681B689B6823F060416E
:10A640007B681B683A680A439A60786800F050F8A3
:10A650007B681B68FA681A607B682022C3F8882030
:10A660007B68002283F88420002318461037BD46FB
:10A6700080BD80B584B000AF786039607B6893F8A6
:10A680008430012B01D102232DE07B68012283F865
:10A6900084207B682422C3F888207B681B681B68A1
:10A6A000FB607B681B681A687B681B6822F00102EC
:10A6B0001A607B681B689B6823F060617B681B687D
:10A6C0003A680A439A60786800F012F87B681B6861
:10A6D000FA681A607B682022C3F888207B68002211
:10A6E00083F88420002318461037BD4680BD000043
:10A6F00080B485B000AF78607B685B6E002B08D1BA
:10A700007B680122A3F86A207B680122A3F86820F5
:10A7100031E00823FB730823BB737B681B689B68CD
:10A720005B0EDBB203F007037B737B681B689B68DF
:10A730005B0FDBB203F007033B73BB7B3A7B114932
:10A740008A5C02FB03F33A7B0F498A5C93FBF2F3CA
:10A750009AB27B68A3F86A20FB7B7A7B09498A5C02
:10A7600002FB03F37A7B08498A5C93FBF2F39AB20B
:10A770007B68A3F8682000BF1437BD465DF8047BF2
:10A78000704700BF089902081099020880B588B088
:10A7900000AF0023FB7107F10803182200211846BF
:10A7A00001F0F0FC3F233B8181237B81FB1DBB61DA
:10A7B0000123FB6107F108030021184601F0A0FB0B
:10A7C0000346002B01DAFF2300E0FB79184620370F
:10A7D000BD4680BDB0B5CEB000AF05460C461046B4
:10A7E000194607F59C73A3F231132A461A7007F530
:10A7F0009C73A3F59A7322461A8007F59C73A3F500
:10A800009B7302461A8007F59C73A3F599730A4659
:10A810001A7007F11003C7F8343197F84C31083338
:10A8200007F110021344C7F8303197F84C2197F81C
:10A8300054311344093307F110021344C7F82C3183
:10A8400007F59C73A3F2291300221A700023C7F89E
:10A850002831D7F8343107F59C72A2F23112127800
:10A860001A70D7F828310133C7F82831D7F83431B6
:10A8700007F59C72A2F59A721288A3F80120D7F806
:10A8800028310233C7F82831D7F8343107F59C72E4
:10A89000A2F59B721288A3F80320D7F8283102335F
:10A8A000C7F82831D7F8343107F59C72A2F59972B0
:10A8B00012785A71D7F828310133C7F82831D7F800
:10A8C000343197F848219A71D7F828310133C7F805
:10A8D0002831D7F8343197F84C21DA71D7F828317C
:10A8E0000133C7F82831D7F83431083397F84C21B1
:10A8F000D7F85011184601F035FC97F84C31D7F8CD
:10A9000028211344C7F82831D7F8303197F854215B
:10A910001A70D7F828310133C7F82831D7F8303109
:10A92000013397F85421D7F85811184601F01AFC52
:10A9300097F85431D7F828211344C7F82831D7F8AD
:10A940002C31B7F85C211A80D7F828310233C7F8C8
:10A950002831D7F82C31B7F860215A80D7F8283140
:10A960000233C7F8283107F58873182200211846EA
:10A9700001F008FC3F23A7F810318323A7F8123118
:10A9800007F11003C7F81831D7F82831C7F81C3180
:10A9900007F10F03C7F820310123C7F8243107F569
:10A9A00088730021184601F0ABFA0346002B01DA48
:10A9B000FF2304E007F59C73A3F229131B781846C4
:10A9C00007F59C77BD46B0BD80B5CCB000AF024660
:10A9D00007F59873A3F229131A7007F11003C7F84B
:10A9E0002C3107F59873A3F2211300221A7000236B
:10A9F000C7F82831D7F82C3107F59872A2F229123E
:10AA000012781A70D7F828310133C7F8283107F5C2
:10AA1000887318220021184601F0B4FB3F23A7F8E1
:10AA200010318523A7F8123107F11003C7F8183148
:10AA3000D7F82831C7F81C3107F10F03C7F82031C8
:10AA40000123C7F8243107F588730021184601F067
:10AA500057FA0346002B01DAFF2304E007F5987349
:10AA6000A3F221131B78184607F59877BD4680BDE1
:10AA7000B0B5CCB000AF05460C461046194607F5F8
:10AA80009873A3F229132A461A7007F59873A3F551
:10AA9000957322461A7007F59873A3F22B1302469A
:10AAA0001A7007F59873A3F596730A461A7007F1A2
:10AAB0001003C7F82C3107F59873A3F22113002275
:10AAC0001A700023C7F82831D7F82C3107F598728F
:10AAD000A2F2291212781A70D7F828310133C7F878
:10AAE0002831D7F82C3107F59872A2F595721278B3
:10AAF0005A70D7F828310133C7F82831D7F82C31EC
:10AB000007F59872A2F22B1212789A70D7F82831B2
:10AB10000133C7F82831D7F82C3107F59872A2F520
:10AB200096721278DA70D7F828310133C7F82831D5
:10AB3000D7F82C3197F840211A71D7F82831013312
:10AB4000C7F82831D7F82C3197F844215A71D7F833
:10AB500028310133C7F82831D7F82C3197F848212C
:10AB60009A71D7F828310133C7F82831D7F82C313A
:10AB7000D7F84C21C3F80720D7F828310433C7F899
:10AB80002831D7F82C3197F85021DA72D7F82831CC
:10AB90000133C7F8283107F58873182200211846B9
:10ABA00001F0F0FA3F23A7F810318623A7F81231FD
:10ABB00007F11003C7F81831D7F82831C7F81C314E
:10ABC00007F10F03C7F820310123C7F8243107F537
:10ABD00088730021184601F093F90346002B01DA2F
:10ABE000FF2304E007F59873A3F221131B7818469E
:10ABF00007F59877BD46B0BD80B5CCB000AF024632
:10AC000007F59873A3F59873196007F59873A3F582
:10AC100095731A8007F11003C7F82C3107F5987364
:10AC2000A3F2211300221A700023C7F82831D7F8A5
:10AC30002C3107F59872A2F5957212881A80D7F810
:10AC400028310233C7F82831D7F82C3107F598722C
:10AC5000A2F598721268C3F80220D7F8283104339D
:10AC6000C7F8283107F5887318220021184601F02B
:10AC700089FA3F23A7F810318823A7F8123107F18A
:10AC80001003C7F81831D7F82831C7F81C3107F17D
:10AC90000F03C7F820310123C7F8243107F5887363
:10ACA0000021184601F02CF90346002B01DAFF239E
:10ACB00004E007F59873A3F221131B78184607F5F3
:10ACC0009877BD4680BD90B5CDB000AF044608462C
:10ACD000114607F59872A2F59872136007F59873FC
:10ACE000A3F2291322461A7007F59873A3F59573FA
:10ACF00002461A7007F59873A3F22B130A461A70CE
:10AD000007F11003C7F82C3107F1080307220021CF
:10AD1000184601F037FA0023C7F82831D7F82C314C
:10AD200007F59872A2F2291212781A70D7F8283112
:10AD30000133C7F82831D7F82C3107F59872A2F5FE
:10AD4000957212785A70D7F828310133C7F8283134
:10AD5000D7F82C3107F59872A2F22B1212789A705C
:10AD6000D7F828310133C7F8283107F5887318223E
:10AD70000021184601F006FA3F23A7F810318A2374
:10AD8000A7F8123107F11003C7F81831D7F82831A6
:10AD9000C7F81C3107F10803C7F820310723C7F8AB
:10ADA000243107F588730021184601F0A9F80346FD
:10ADB000002B01DAFF232EE007F59873A3F59473B7
:10ADC0001B78002B05D007F59873A3F594731B78B7
:10ADD00021E007F59873A3F59473B3F801309AB2A4
:10ADE00007F59873A3F598731B681A8007F5987395
:10ADF000A3F59473B3F803309AB2D7F840311A80B0
:10AE000007F59873A3F59473B3F805309AB2D7F8A1
:10AE100044311A800023184607F59A77BD4690BD45
:10AE200080B5CCB000AF024607F59873A3F59873D0
:10AE3000196007F59873A3F229131A7007F110032C
:10AE4000C7F82C3107F59873A3F2211300221A706A
:10AE50000023C7F82831D7F82C3107F59872A2F2F1
:10AE6000291212781A70D7F828310133C7F828311F
:10AE7000D7F82C31581C07F59873A3F229131A78C8
:10AE800007F59873A3F59873196801F06BF907F546
:10AE90009873A3F229131B78D7F828211344C7F815
:10AEA000283107F5887318220021184601F06AF945
:10AEB0003F23A7F810318E23A7F8123107F11003B2
:10AEC000C7F81831D7F82831C7F81C3107F10F033C
:10AED000C7F820310123C7F8243107F58873002112
:10AEE000184601F00DF80346002B01DAFF2304E0B9
:10AEF00007F59873A3F221131B78184607F5987786
:10AF0000BD4680BD80B588B000AF0023FB7107F15E
:10AF1000080318220021184601F034F93F233B8131
:10AF200092237B81FB1DBB610123FB6107F10803B9
:10AF30000021184600F0E4FF0346002B01DAFF234E
:10AF400000E0FB7918462037BD4680BD80B5CCB007
:10AF500000AF024607F59873A3F595731A8007F1C1
:10AF60001003C7F82C3107F59873A3F221130022C0
:10AF70001A700023C7F82831D7F82C3107F59872DA
:10AF8000A2F5957212881A80D7F828310233C7F8D3
:10AF9000283107F5887318220021184601F0F2F8CD
:10AFA0003F23A7F810319523A7F8123107F11003BA
:10AFB000C7F81831D7F82831C7F81C3107F10F034B
:10AFC000C7F820310123C7F8243107F58873002121
:10AFD000184600F095FF0346002B01DAFF2304E03A
:10AFE00007F59873A3F221131B78184607F5987795
:10AFF000BD4680BD80B5CCB000AF024607F5987362
:10B00000A3F595731A8007F59873A3F22B130A46DC
:10B010001A7007F11003C7F82C3107F59873A3F2E3
:10B02000211300221A700023C7F82831D7F82C31D9
:10B0300007F59872A2F5957212881A80D7F8283110
:10B040000233C7F82831D7F82C3107F59872A2F2ED
:10B050002B1212789A70D7F828310133C7F82831AB
:10B0600007F5887318220021184601F08BF83F235A
:10B07000A7F81031A523A7F8123107F11003C7F87C
:10B080001831D7F82831C7F81C3107F10F03C7F87A
:10B0900020310123C7F8243107F5887300211846B1
:10B0A00000F02EFF0346002B01DAFF2304E007F532
:10B0B0009873A3F221131B78184607F59877BD46BD
:10B0C00080BD80B588B000AF0023FB7107F1080395
:10B0D00018220021184601F055F83F233B8140F229
:10B0E00001137B81FB1DBB610123FB6107F1080399
:10B0F0000021184600F004FF0346002B01DAFF236D
:10B1000000E0FB7918462037BD4680BD90B5CFB032
:10B1100000AF044607F59C70A0F59C7001601046D6
:10B12000194607F59C73A3F2311322461A7007F5EE
:10B130009C73A3F5997302461A7007F59C73A3F2EA
:10B1400033130A461A7007F11003C7F8303107F5B8
:10B150009C73A3F231131B78012B0AD007F59C7363
:10B16000A3F231131B78022B01D1112302E001233A
:10B1700000E0032307F110021344C7F82C3107F154
:10B180000C0303220021184600F0FCFF0023C7F83F
:10B190002831D7F8303107F59C72A2F231121278BB
:10B1A0001A70D7F828310133C7F8283107F59C7396
:10B1B000A3F231131B78012B02D0022B04D007E03D
:10B1C000022387F8373105E0102387F8373101E093
:10B1D00097236CE0D7F83031581C97F8372107F5E2
:10B1E0009C73A3F59C73196800F0BCFF97F8373186
:10B1F000D7F828211344C7F82831D7F82C3107F5A0
:10B200009C72A2F5997212781A70D7F8283101331E
:10B21000C7F82831D7F82C3107F59C72A2F2331207
:10B2200012785A70D7F828310133C7F8283107F55A
:10B23000887318220021184600F0A4FF3F23A7F8C6
:10B2400010314FF48173A7F8123107F11003C7F8DA
:10B250001831D7F82831C7F81C3107F10C03C7F8AB
:10B2600020310323C7F8243107F5887300211846DD
:10B2700000F046FE0346002B01DAFF2317E007F536
:10B280009C73A3F596731B78002B05D007F59C7370
:10B29000A3F596731B780AE007F59C73A3F59673E4
:10B2A000B3F801309AB2D7F848311A800023184613
:10B2B00007F59E77BD4690BD90B5D1B000AF04466E
:10B2C000084607F5A071A1F59C710A60194607F5BB
:10B2D000A073A3F5997322461A8007F5A073A3F211
:10B2E000331302461A7007F5A073A3F59D730A463F
:10B2F0001A8007F11803C7F8383107F5A073A3F2D5
:10B3000033131B78012B0AD007F5A073A3F2331374
:10B310001B78022B01D1132302E0032300E0052355
:10B3200007F118021344C7F8343107F1140303225C
:10B330000021184600F026FF0023C7F83031D7F867
:10B34000383107F5A072A2F5997212881A80D7F8E1
:10B3500030310233C7F83031D7F8383107F5A072F1
:10B36000A2F2331212789A70D7F830310133C7F84D
:10B37000303107F5A073A3F233131B78012B02D0F1
:10B38000022B04D007E0022387F83F3105E01023A9
:10B3900087F83F3101E0972391E0D7F83831D81C86
:10B3A00097F83F2107F5A073A3F59C73196800F087
:10B3B000D9FE97F83F31D7F830211344C7F8303120
:10B3C000D7F8343107F5A072A2F59D7212881A8061
:10B3D000D7F830310233C7F83031D7F8343197F825
:10B3E00050219A70D7F830310133C7F83031D7F88F
:10B3F000343197F85421DA70D7F830310133C7F877
:10B400003031D7F8343197F858211A71D7F83031E4
:10B410000133C7F83031D7F8343197F85C215A71CD
:10B42000D7F830310133C7F83031D7F8343197F8D5
:10B4300060219A71D7F830310133C7F8303107F500
:10B440008C7318220021184600F09CFE3F23A7F8B9
:10B4500018314FF48273A7F81A3107F11803C7F8AF
:10B460002031D7F83031C7F8243107F11403C7F879
:10B4700028310323C7F82C3107F58C7300211846B7
:10B4800000F03EFD0346002B01DAFF2317E007F52D
:10B49000A073A3F596731B78002B05D007F5A07356
:10B4A000A3F596731B780AE007F5A073A3F59673CE
:10B4B000B3F801309AB2D7F864311A8000231846E5
:10B4C00007F5A277BD4690BDB0B5CCB000AF05463C
:10B4D0000C461046194607F59873A3F595732A464E
:10B4E0001A8007F59873A3F5967322461A8007F51C
:10B4F0009873A3F22D1302461A7007F59873A3F5FB
:10B5000097730A461A7007F11003C7F82C3107F534
:10B510009873A3F2211300221A700023C7F8283170
:10B52000D7F82C3107F59872A2F5957212881A8017
:10B53000D7F828310233C7F82831D7F82C3107F56E
:10B540009872A2F5967212885A80D7F82831023381
:10B55000C7F82831D7F82C3107F59872A2F22D12CE
:10B5600012781A71D7F828310133C7F82831D7F883
:10B570002C3107F59872A2F5977212785A71D7F8A4
:10B5800028310133C7F82831D7F82C31981D07F539
:10B590009873A3F597731B781A46D7F8401100F0FB
:10B5A000E1FD07F59873A3F597731B78D7F8282169
:10B5B0001344C7F8283107F588731822002118466C
:10B5C00000F0E0FD3F23A7F810314FF48373A7F894
:10B5D000123107F11003C7F81831D7F82831C7F82E
:10B5E0001C3107F10F03C7F820310123C7F82431BC
:10B5F00007F588730021184600F082FC0346002BF3
:10B6000001DAFF2304E007F59873A3F221131B78F6
:10B61000184607F59877BD46B0BD80B5CCB000AFF1
:10B62000024607F59873A3F595731A8007F1100386
:10B63000C7F82C3107F59873A3F2211300221A7072
:10B640000023C7F82831D7F82C3107F59872A2F5F6
:10B65000957212881A80D7F828310233C7F828313A
:10B6600007F5887318220021184600F08BFD3F2350
:10B67000A7F8103140F22513A7F8123107F1100393
:10B68000C7F81831D7F82831C7F81C3107F10F0374
:10B69000C7F820310123C7F8243107F5887300214A
:10B6A000184600F02DFC0346002B01DAFF2304E0CE
:10B6B00007F59873A3F221131B78184607F59877BE
:10B6C000BD4680BD80B5CCB000AF07F59873A3F53B
:10B6D00098731A6007F59873A3F2291302461A703B
:10B6E00007F59873A3F595730A461A7007F11003CE
:10B6F000C7F82C3107F59873A3F2211300221A70B2
:10B700000023C7F82831D7F82C3107F59872A2F238
:10B71000291212781A70D7F828310133C7F8283166
:10B72000D7F82C3107F59872A2F5957212785A70F5
:10B73000D7F828310133C7F82831D7F82C31981CB5
:10B7400007F59873A3F595731A7807F59873A3F521
:10B750009873196800F006FD07F59873A3F59573C3
:10B760001B78D7F828211344C7F8283107F58873C8
:10B7700018220021184600F005FD3F23A7F81031DC
:10B780000C23A7F8123107F11003C7F81831D7F8C6
:10B790002831C7F81C3107F10F03C7F82031012306
:10B7A000C7F8243107F588730021184600F0A8FB7C
:10B7B0000346002B01DAFF2304E007F59873A3F298
:10B7C00021131B78184607F59877BD4680BD80B5D4
:10B7D000CCB000AF024607F59873A3F229131A7094
:10B7E00007F59873A3F595730A461A7007F11003CD
:10B7F000C7F82C3107F59873A3F2211300221A70B1
:10B800000023C7F82831D7F82C3107F59872A2F237
:10B81000291212781A70D7F828310133C7F8283165
:10B82000D7F82C3107F59872A2F5957212785A70F4
:10B83000D7F828310133C7F8283107F58873182263
:10B840000021184600F09EFC3F23A7F810310F237B
:10B85000A7F8123107F11003C7F81831D7F82831CB
:10B86000C7F81C3107F10F03C7F820310123C7F8CF
:10B87000243107F588730021184600F041FB034688
:10B88000002B01DAFF2304E007F59873A3F22113DC
:10B890001B78184607F59877BD4680BD80B5CCB0BB
:10B8A00000AF024607F59873A3F595731A8007F168
:10B8B0001003C7F82C3107F59873A3F22113002267
:10B8C0001A700023C7F82831D7F82C3107F5987281
:10B8D000A2F5957212881A80D7F828310233C7F87A
:10B8E000283107F5887318220021184600F04AFC19
:10B8F0003F23A7F810311823A7F8123107F11003DE
:10B90000C7F81831D7F82831C7F81C3107F10F03F1
:10B91000C7F820310123C7F8243107F588730021C7
:10B92000184600F0EDFA0346002B01DAFF2304E08D
:10B9300007F59873A3F221131B78184607F598773B
:10B94000BD4680BD80B588B000AF0023FB7107F114
:10B95000080318220021184600F014FC03233B8141
:10B9600003237B81FB1DBB610123FB6107F10803FE
:10B970000021184600F0C4FA0346002B01DAFF2329
:10B9800000E0FB7918462037BD4680BD80B5CEB0BB
:10B9900000AF07F59C73A3F59873196007F59C73C6
:10B9A000A3F59A731A6007F59C73A3F59573024685
:10B9B0001A8007F11803C7F8343107F11003052284
:10B9C0000021184600F0DEFB0023C7F83031D7F81D
:10B9D000343107F59C72A2F5957212881A80D7F857
:10B9E00030310233C7F8303107F58C73182200214B
:10B9F000184600F0C7FB0823A7F818313023A7F832
:10BA00001A3107F11803C7F82031D7F83031C7F8D9
:10BA1000243107F11003C7F828310523C7F82C316A
:10BA200007F58C730021184600F06AFA0346002BD4
:10BA300001DAFF2323E007F59C73A3F594731B78C9
:10BA4000002B05D007F59C73A3F594731B7816E0C3
:10BA500007F59C73A3F59473DA7807F59C73A3F547
:10BA600098731B681A7007F59C73A3F594731A7981
:10BA700007F59C73A3F59A731B681A700023184688
:10BA800007F59C77BD4680BD90B5CDB000AF0446AC
:10BA90000846114607F59873A3F2291322461A7037
:10BAA00007F59873A3F5957302461A7007F5987316
:10BAB000A3F22B130A461A7007F11003C7F82C31B2
:10BAC00007F59873A3F2211300221A700023C7F818
:10BAD0002831D7F82C3107F59872A2F22912127882
:10BAE0001A70D7F828310133C7F82831D7F82C312C
:10BAF00007F59872A2F5957212785A70D7F8283126
:10BB00000133C7F82831D7F82C3107F59872A2F223
:10BB10002B1212789A70D7F828310133C7F82831E0
:10BB200007F5887318220021184600F02BFB082324
:10BB3000A7F810313123A7F8123107F11003C7F825
:10BB40001831D7F82831C7F81C3107F10F03C7F8AF
:10BB500020310123C7F8243107F5887300211846E6
:10BB600000F0CEF90346002B01DAFF2304E007F5CD
:10BB70009873A3F221131B78184607F59A77BD46F0
:10BB800090BDB0B5CCB000AF05460C461046194686
:10BB900007F59873A3F595732A461A8007F59873ED
:10BBA000A3F5967322461A8007F59873A3F5977349
:10BBB00002461A8007F59873A3F598730A461A800F
:10BBC00007F11003C7F82C3107F59873A3F221137E
:10BBD00000221A700023C7F82831D7F82C3107F556
:10BBE0009872A2F5957212881A80D7F8283102331C
:10BBF000C7F82831D7F82C3107F59872A2F596725C
:10BC000012885A80D7F828310233C7F82831D7F87C
:10BC10002C3107F59872A2F5977212889A80D7F89E
:10BC200028310233C7F82831D7F82C3107F598723C
:10BC3000A2F598721288DA80D7F828310233C7F853
:10BC40002831D7F82C31B7F840211A81D7F828319C
:10BC50000233C7F8283107F58873182200211846E7
:10BC600000F090FA3F23A7F8103140F28113A7F8B3
:10BC700012310F23C7F8143107F11003C7F8183138
:10BC8000D7F82831C7F81C3107F10F03C7F8203166
:10BC90000123C7F8243107F588730021184600F006
:10BCA0002FF90346002B01DAFF2304E007F5987310
:10BCB000A3F221131B78184607F59877BD46B0BD4F
:10BCC00080B586B000AFEFF31083FB60FB687B614B
:10BCD00072B600BFBB1C1946124801F0F5F8BB1C38
:10BCE0001946104801F0DFF938613B69002B0CD090
:10BCF0007B69BB60BB6883F3108800BF7B880A4AFE
:10BD000019463869E5F7F5F908E0084B01221A7081
:10BD10007B697B607B6883F3108800BF00BF1837A6
:10BD2000BD4680BD68120020C1BC01084100002052
:10BD300080B582B002AFE5F7D6F902230093002365
:10BD40004FF480520349044800F066FE00BFBD4630
:10BD500080BD00BF881200206812002080B584B02A
:10BD600000AFF860B9607A607A68B968F86800F086
:10BD700005F8034618461037BD4680BD80B58AB029
:10BD800000AFF860B9607A6000237B62EFF3108344
:10BD9000BB61BB693B62FB68B3F1FF3F02D100238B
:10BDA0007B6237E0FB68012B06D0FB68022B03D0D7
:10BDB0004FF0FF337B622DE07B68002B2AD07B683D
:10BDC0007B6272B600BF7B689AB20123B9681448DF
:10BDD00000F054FEF861FB69002B15D0114B1B7865
:10BDE000DBB2002B10D00F4B00221A703B6A7B6134
:10BDF0007B6983F3108800BF7B689BB20A4A1946AF
:10BE0000F869E5F776F905E03B6A3B613B6983F346
:10BE1000108800BF7B6A18462837BD4680BD00BF2A
:10BE20006812002041000020C1BC010880B582B02A
:10BE300000AF786039603B685B68084A1360084A65
:10BE40007B68D361064800F079F93B681B681846A7
:10BE500000F0DAF800BF0837BD4680BDB0220020F0
:10BE60008822002080B584B000AF224800F026FD73
:10BE70000346002B2BD1204B1B78002B27D007F13A
:10BE80000C0319461B4800F0A8FD1C4BDB69002B76
:10BE90000CD0FB68BB6001233B71184BDB693A1D7A
:10BEA000104698473A79144B1A7002E0124B01225F
:10BEB0001A70114B1B78002B04D0FB68184601F058
:10BEC0004DFC04E0FB6819460A4800F019FD0948DA
:10BED00000F0F4FC0346002B07D1074B1B78002B26
:10BEE00003D00448F8F7B8FA00BF00BF1037BD46CA
:10BEF00080BD00BF180200202402002088220020FC
:10BF000080B588B000AF78600B46FB70002000F071
:10BF1000D1F80023FB777B685B881BB2C3F309036E
:10BF20001AB27B681B881BB29B021BB213431BB265
:10BF3000BB83334B01221A707B68DB68D9B27B6804
:10BF40009A68BB8B184600F08FF84EE048F2E80084
:10BF5000F8F799FA43E007F10C031946294800F075
:10BF60003CFDFB685B7A0F2B14D1FB680B333B6104
:10BF70003B695B889BB2BA8B9A4204D17B681B6990
:10BF80003A6912781A703B695B78002B27D001233D
:10BF9000FB7724E0FB680B33BB61BB69B3F801306E
:10BFA0009BB2BA8B9A4214D1FB689B7A033BFB7518
:10BFB0007B685A69FB7D9A42A8BF1A467B685A6122
:10BFC0007B681869BB69D91C7B685B691A4602F0FB
:10BFD000D2FFBB691B78002B01D00123FB770948F6
:10BFE00000F06CFC0346002BB5D0FB7F002BADD0DE
:10BFF000012000F05FF8002318462037BD4680BDC1
:10C00000B4220020A822002080B586B000AF78605E
:10C010000F4800F043FC0F4A7B6813600E4800F0A5
:10C020003DFC0E4B01221A700D4B1B68002B0AD0F1
:10C030007B683B610B4BBB60094B1B6807F1080237
:10C040001046984700BF00BF1837BD4680BD00BFEF
:10C05000A822002020020020180200202402002034
:10C0600088220020F5C0010880B582B000AF0346E9
:10C070003A60FB800B467B710C4B1B68FA88A3F877
:10C0800009200A4B1B687A79DA72084B1B680C335B
:10C090007A793968184602F06EFF054B1B6900215A
:10C0A0000020984700BF0837BD4680BD2002002011
:10C0B0008822002080B582B000AF0346FB71FB7977
:10C0C000002B08D10A4B1B68002B0DD0084B1B68B6
:10C0D0000020984708E0064B1B68002B04D0044B57
:10C0E0001B680120984700BF00BF0837BD4680BDD0
:10C0F000B022002080B582B000AF78607B685B7AA8
:10C100000F2B03D07B685B7A0E2B07D17968094827
:10C1100000F01CFC0020F8F7ABF906E0796806484F
:10C1200000F014FC0448F8F797F900BF0837BD4643
:10C1300080BD00BFA82200201802002080B483B078
:10C1400000AF78607B68054A1A607B68044A1A6110
:10C1500000BF0C37BD465DF8047B7047CDD40108A5
:10C1600035D5010880B584B000AFF860B9607A6059
:10C170007A68B968F86802F0FEFE03461846103780
:10C18000BD4680BD80B584B000AFF860B9607A600C
:10C190007A68B968F86802F05EFE03461846103700
:10C1A000BD4680BD80B485B000AF0346FB710F4B28
:10C1B000FB6002E0FB68083BFB60FB6807331B7811
:10C1C000FA799A4203D0FB68094A9342F2D1FB689C
:10C1D00007331B78FA799A4201D00023FB60FB6891
:10C1E00018461437BD465DF8047B7047F873FF1F8F
:10C1F0000070FF1F80B58AB000AF7860002387F819
:10C2000027307B6801333B623B6A1B78FF2B4CD1A4
:10C210003B6A0233FB61FB691B889BB21A4640F6FE
:10C2200001439A423DD1FB690233BB61BB695B8824
:10C230009BB21A46204B9B8802339A4218D10123A5
:10C2400087F82730BB691B7A03F00103002B07D066
:10C2500000233B7207F108031846F8F757F922E06C
:10C2600001233B7207F108031846F8F74FF91AE06B
:10C27000BB695B889BB21A460F4B5B8801339A42BD
:10C2800011D103233B72BB69DB889BB2DBB23B74E9
:10C29000BB690833FB6007F108031846F8F736F965
:10C2A00001E000BF02E000BF00E000BF97F82730C8
:10C2B00018462837BD4680BD2802002080B58AB0C8
:10C2C00006AF4A4801F054F88F233B70E5237B709A
:10C2D000B323BB70D523FB702E233B717F237B716F
:10C2E0004A23BB719823FB712A233B7248237B723C
:10C2F0007A23BB72CC23FB7240233B73FE237B73F8
:10C300000023BB730023FB733946394B009306238C
:10C3100001220220FEF7FAFE19233B70ED237B7009
:10C320008223BB70AE23FB70ED233B7121237B7115
:10C330004C23BB719D23FB7141233B7245237B72D0
:10C340002223BB728E23FB7241233B73FE237B733C
:10C350000023BB730023FB73254B18883A46254BFB
:10C360000593012304930A230393012302930023DB
:10C37000019306230093FB230221FEF79DFF19235F
:10C380003B70ED237B708223BB70AE23FB70ED23EB
:10C390003B7121237B714C23BB719D23FB71412396
:10C3A0003B7245237B722223BB728E23FB72422396
:10C3B0003B73FE237B730023BB730023FB730C4B87
:10C3C00018883A460C4B0593012304930A230393E0
:10C3D000012302930023019310230093FB230221E6
:10C3E000FEF76AFF00BF1037BD4680BDF5C10108EA
:10C3F000280200202A0200202C02002080B586B0EE
:10C4000002AF03463960FB801346BB809223FB7367
:10C41000FB884FF6426293420ED10A4B1888094BB3
:10C420009988BB88DAB23B68009313460022FFF775
:10C430004BF80346FB7300E000BFFB7B1846103748
:10C44000BD4680BD2802002080B588B000AF78606E
:10C4500007F10C03FB617B6803F10C02FB693721D8
:10C460004FF6664000F04CF9FB690B33DB78184659
:10C470002037BD4680BD80B588B000AF786007F139
:10C480000C03FB617B6803F10C02FB690F214FF683
:10C49000684000F035F9FB690B33DB78184620372C
:10C4A000BD4680BD80B588B000AF786007F10C0351
:10C4B000FB61FB697A6810214FF6754000F020F9A6
:10C4C000FB690B33DB7818462037BD4680BD000082
:10C4D00080B48BB000AF786000233B610023FB6029
:10C4E00000237B6200233B620023FB610023BB60CF
:10C4F0000023BB6100237B614A4BDB6BC3F30D035D
:10C500003B613B699B0003F1005303F540331B681B
:10C51000BB60BB681B68444A93420FD1BB685B6930
:10C520007B62BB689B693B62BB68DB69FB61BB6884
:10C53000DB68BB61BB681B697B611AE03B699B00E0
:10C5400003F1005303F54033FB60FB681B681B6974
:10C550007B62FB681B685B693B62FB681B689B69CD
:10C56000FB61FB681B685B68BB61FB681B689B68C1
:10C570007B617B6A1B0EDAB27B681A707B6A1B0CCC
:10C58000DAB27B685A707B6A1B0ADAB27B689A70EF
:10C590007B6A1B09DBB203F00F03DAB27B68DA7047
:10C5A0007B6ADBB203F00F03DAB27B681A713B6A75
:10C5B0001B0EDAB27B685A713B6A1B0CDAB27B68DD
:10C5C0009A713B6A1B0ADAB27B68DA713B6ADAB2AB
:10C5D0007B681A72FB69DAB27B685A72BB691B0E00
:10C5E000DAB27B689A72BB691B0CDAB27B68DA72CA
:10C5F000BB691B0ADAB27B681A737B691B0EDAB25D
:10C600007B685A737B691B0CDAB27B689A737B690F
:10C61000DAB27B68DA73002318462C37BD465DF822
:10C62000047B704700400058B95646A980B582B0D7
:10C6300000AF786039603B685B68084A1360084A5D
:10C640007B68D361064800F015F93B681B68184603
:10C6500000F098F800BF0837BD4680BDD822002002
:10C66000B822002080B584B000AF224800F026F93F
:10C670000346002B2BD1204B1B78002B27D007F132
:10C680000C0319461B4800F0A8F91C4BDB69002B72
:10C690000CD0FB68BB6001233B71184BDB693A1D72
:10C6A000104698473A79144B1A7002E0124B012257
:10C6B0001A70114B1B78002B04D0FB68184601F050
:10C6C0004DF804E0FB6819460A4800F019F90948DA
:10C6D00000F0F4F80346002B07D1074B1B78002B22
:10C6E00003D00448E5F7F0F800BF00BF1037BD469F
:10C6F00080BD00BF3C0200204C020020B822002078
:10C7000080B584B000AFBA607B600346FB810B4606
:10C710007B73002000F068F8174B1B68FA89A3F8B8
:10C720000920154B1B687A7BDA72134B1B680C339C
:10C730007A7BB968184602F01EFC104B01221A7071
:10C740000F4B1B6900210020984748F2E800E5F7ED
:10C75000D2F87B6803F10800074B1968064B1B6889
:10C760009B7803331A4602F006FC012000F03CF8E7
:10C7700000BF1037BD4680BD48020020DC220020EB
:10C78000B822002080B586B000AF7860104A7B6880
:10C790001360104800F082F8012000F025F80E4BDD
:10C7A00001221A700D4B1B68002B0CD07B687B613B
:10C7B0000B4BFB600B4B3B61084B1B6807F10C02FA
:10C7C0001046984700BF00BF1837BD4680BD00BF68
:10C7D000480200203C0200204C020020B822002029
:10C7E00039C8010851C8010880B582B000AF0346BE
:10C7F000FB71FB79002B0BD10D4B1B68002B03D079
:10C800000B4B1B68002098470A4B00221A700BE064
:10C81000084B01221A70064B1B68002B04D0044BF6
:10C820001B680120984700BF00BF0837BD4680BD88
:10C83000D82200204402002080B582B000AF78608A
:10C840000020E5F74DF800BF0837BD4680BD000069
:10C8500080B582B000AF78607968054800F076F85E
:10C860000348E5F731F800BF0837BD4680BD00BF7B
:10C870003C02002080B483B000AF78607B68054A3A
:10C880001A607B68044A1A6100BF0C37BD465DF828
:10C89000047B7047E9D501083DD6010880B483B018
:10C8A00000AF78607B687A681A607B687A685A6043
:10C8B00000BF0C37BD465DF8047B704780B487B07D
:10C8C00000AF7860EFF31083FB60FB683B6172B6EA
:10C8D00000BF7B681B687A689A4202D10123FB750E
:10C8E00001E00023FB753B69BB60BB6883F31088E4
:10C8F00000BFFB7D18461C37BD465DF8047B7047C2
:10C9000080B487B000AF78603960EFF31083FB60CC
:10C91000FB687B6172B600BF7B681A683B681A606F
:10C920003B687A685A607B683A681A603B681B68A3
:10C930003A685A607B693B613B6983F3108800BFAA
:10C9400000BF1C37BD465DF8047B704780B487B0DC
:10C9500000AF78603960EFF31083FB60FB687B61A8
:10C9600072B600BF3B687A681A607B685A683B6899
:10C970005A607B683A685A603B685B683A681A603C
:10C980007B693B613B6983F3108800BF00BF1C37A4
:10C99000BD465DF8047B704780B487B000AF786017
:10C9A000EFF31083FB60FB687B6172B600BF7B68AE
:10C9B0005B687A6812681A607B681B687A685268DC
:10C9C0005A607B693B613B6983F3108800BF00BFFD
:10C9D0001C37BD465DF8047B704780B586B000AF5C
:10C9E00078603960EFF31083FB60FB687B6172B69F
:10C9F00000BF7B681A683B681A607B681B68184632
:10CA0000FFF7CAFF7B693B613B6983F3108800BF76
:10CA100000BF1837BD4680BD80B485B000AFF86058
:10CA2000B9607A607B80FB68BA681A60FB68002294
:10CA3000DA60FB6800221A61FB6800225A61FB6819
:10CA400000229A61FB687A685A60FB687A881A81CA
:10CA5000FB683A7E1A773B7E03F00203002B06D078
:10CA6000FB681B89002B02D04FF0FF3300E000234E
:10CA700018461437BD465DF8047B704780B58EB00C
:10CA800000AFF860B9603B601346FB8000233B6257
:10CA90000023FB860023FB770023BB6200237B621D
:10CAA0000023BB770023BB83FB681B89002B01D1CC
:10CAB000022300E00023FB77FB685B69002B29D091
:10CAC000FB681B89002B22D1FB681A68FB681B6975
:10CAD00013441B781846FB681A68FB681B69591CCD
:10CAE000FB685B68994206D3FB681969FB685B6861
:10CAF000CB1A013302E0FB681B69013313441B7836
:10CB00001B029BB203449BB202339BB201E0FB6861
:10CB10001B89FB86FB681B89002B02D0FB681B89E5
:10CB2000FB80FB681A69FB68DB689A4207D3FB68E5
:10CB30005A68FB681969FB8E0B44D31A00E0002386
:10CB4000BB61FA88FB7F13441A463B6802FB03F380
:10CB5000BA699A420BD8FA88FB7F13441A46BB691C
:10CB6000B3FBF2F101FB02F29B1ADBB200E00023FF
:10CB7000FB75FA7DFB7F9A428CBF01230023DBB259
:10CB8000BB77BB7F002B08D0FB681B7F03F0010342
:10CB9000002B02D0FB7D9BB200E0BB8BBB83BB7F35
:10CBA000002B08D0FB681B7F03F00203002B02D090
:10CBB000FB7F9BB200E0BB8BBB83FB88002B00F0AC
:10CBC0007E81FB685A69F988FB7F0B4419463B68F4
:10CBD00001FB03F31A44BB8B1A44FB685B689A425F
:10CBE00000F26D810023FB624AE1FB681A69FB8E4B
:10CBF0001A44FB685B689A4207D3FB681A69FB8E8C
:10CC00001A44FB685B68D31A03E0FB681A69FB8E61
:10CC10001344FA681361FB681B693B63FB681B895B
:10CC2000002B30D1FB681A683B6B591C39631344E5
:10CC3000FA88D2B21A70FB685B683A6B9A4204D3E6
:10CC4000FB685B683A6BD31A00E03B6B3B63FB8885
:10CC50001B0A98B2FB681A683B6B591C3963134472
:10CC6000C2B21A70FB685B683A6B9A4204D3FB68E5
:10CC70005B683A6BD31A00E03B6B3B63FB685B6914
:10CC80009A1CFB685A61FA88FB6859683B6BCB1A9F
:10CC9000934228BF1346BB62FB88BA6A9A4207D008
:10CCA000FB88BA6A9A4225D2FB681B7F002B21D1F0
:10CCB000FB681A683B6BD018FB88FA6A02FB03F327
:10CCC000BA681344BA6A194602F055F9FB685A6902
:10CCD000BB6A1A44FB685A6100233B63BB6A7B62F0
:10CCE000FA88BB6AD31ABB62FB7F9AB2FB881344F3
:10CCF000FB86A4E0BB6A002B00F0A180FB681B7FD1
:10CD000003F00103002B3AD0FB681B89002B0DD1E7
:10CD1000FB681A683B6B023B1344FF221A70FB68E6
:10CD20001A683B6B013B1344FF221A70FB685A6977
:10CD3000BB6A1A44FB685A6100237B62FB88BB62B2
:10CD400000233B63FB681B89002B6FD1FB681A68CB
:10CD50003B6B591C39631344BA6AD2B21A70BB6A6E
:10CD6000180AFB681A683B6B591C39631344C2B23A
:10CD70001A70FB685B699A1CFB685A6156E0FB6895
:10CD80001B7F03F00203002B50D0FB681B89002B94
:10CD90004AD1FB681A683B6B023B1344BA6AD2B2B1
:10CDA0001A70BB6A190AFB681A683B6B013B134493
:10CDB000CAB21A70FB681A683B6BD018FB88FA6A13
:10CDC00002FB03F3BA681344BA6A194602F0D3F8B7
:10CDD000FB685A69BB6A1A44FB685A61BB6A7B628A
:10CDE000FA88BB6AD31ABB62FB689B695A1CFB6852
:10CDF0009A6100233B63FB681A683B6B591C3963DB
:10CE00001344BA6AD2B21A70BB6A180AFB681A686D
:10CE10003B6B591C39631344C2B21A70FB685B69DF
:10CE20009A1CFB685A6101E0002349E0FB7F9AB23B
:10CE3000BB6A9BB21344FB86FB6800221A61BB6A83
:10CE4000002B15D0FB681A683B6BD018FB88FA6A78
:10CE500003FB02F27B6A1344BA681344BA6A1946A8
:10CE600002F089F8FB685A69BB6A1A44FB685A6188
:10CE7000FB689B695A1CFB689A61FB6A0133FB6281
:10CE8000FA6A3B689A42FFF4B0AEFB681A68FB6826
:10CE90001969FB7F1944FB685B68994207D3FB68FB
:10CEA0001969FB7F1944FB685B68CB1A03E0FB68D8
:10CEB0001969FB7F0B4413443B623B6A00E000238B
:10CEC00018463837BD4680BD80B485B000AF786065
:10CED000396000237B720023FB607B681B89002B79
:10CEE00001D1022300E000237B7200237B817B6859
:10CEF0005B69002B00F0CA807B681B89002B20D166
:10CF00007B681A687B68DB6813441B7818467B686B
:10CF10001A687B68DB68591C7B685B68994206D39A
:10CF20007B68D9687B685B68CB1A013302E07B6859
:10CF3000DB68013313441B781B029BB203449BB292
:10CF400001E07B681B897B817B681B7F03F0010309
:10CF5000002B56D07B681B7F03F00203002B50D1BF
:10CF60007B894FF6FF72934203D17B681B89002BAC
:10CF700012D07B68DA687B681B699A4241D97B686A
:10CF80001B89002B3DD07B685A687B68DB68D31A0D
:10CF90007A681289934234D27B685A697B68D9686F
:10CFA0007B685B68CB1A1A447B685A617B680022F5
:10CFB000DA607B681B89002B20D17B681A687B684C
:10CFC000DB6813441B7818467B681A687B68DB684B
:10CFD000591C7B685B68994206D37B68D9687B687B
:10CFE0005B68CB1A013302E07B68DB6801331344D2
:10CFF0001B781B029BB203449BB201E07B681B8938
:10D000007B817B681A687B68D9687B7A19447B6866
:10D010005B68994207D37B68D9687B7A19447B683F
:10D020005B68CB1A03E07B68D9687B7A0B441344B6
:10D03000FB607B685B6979897A7A0A449A1A7B6813
:10D040005A617B685B69002B1BD07B68DA687B893F
:10D050001A447B7A1A447B685B689A4209D37B68DE
:10D06000DA687B891A447B7A1A447B685B68D31A36
:10D0700005E07B68DA687B891A447B7A13447A6816
:10D08000D3607B689B695A1E7B689A613B68002B62
:10D0900002D03B687A891A80FB6818461437BD466F
:10D0A0005DF8047B704780B487B000AF786039606A
:10D0B0000023FB7200237B617B681B89002B01D15D
:10D0C000022300E00023FB7200237B820023FB602D
:10D0D0007B685B69002B00F08E807B68DB68FB60FF
:10D0E0007B681B89002B20D17B681A687B68DB6812
:10D0F00013441B7818467B681A687B68DB68591CE8
:10D100007B685B68994206D37B68D9687B685B68FB
:10D11000CB1A013302E07B68DB68013313441B78D0
:10D120001B029BB203449BB201E07B681B897B829C
:10D130007B681B7F03F00103002B47D07B681B7FBC
:10D1400003F00203002B41D17B8A4FF6FF7293421A
:10D1500003D17B681B89002B12D07B68DA687B685F
:10D160001B699A4232D97B681B89002B2ED07B68C1
:10D170005A687B68DB68D31A7A681289934225D291
:10D180000023FB607B681B89002B1CD17B681A681D
:10D19000FB6813441B7818467B681A68FB68591CA7
:10D1A0007B685B68994205D37B685B68F968CB1A3A
:10D1B000013301E0FB68013313441B781B029BB26F
:10D1C00003449BB201E07B681B897B827B681A6801
:10D1D000F97AFB6819447B685B68994206D3F97A4F
:10D1E000FB6819447B685B68CB1A02E0F97AFB683C
:10D1F0000B4413447B613B68002B02D03B687A8A66
:10D200001A807B6918461C37BD465DF8047B704761
:10D2100080B400AF00BFBD465DF8047B704780B4AA
:10D2200000AF00BFBD465DF8047B704780B400AF1F
:10D2300000BFBD465DF8047B704780B400AF00BFFF
:10D24000BD465DF8047B704780B400AF00BFBD46AB
:10D250005DF8047B704780B400AF00BFBD465DF849
:10D26000047B704780B400AF00BFBD465DF8047B0F
:10D27000704780B400AF00BFBD465DF8047B7047C7
:10D2800080B400AF00BFBD465DF8047B704780B43A
:10D2900000AF00BFBD465DF8047B704780B400AFAF
:10D2A00000BFBD465DF8047B704780B400AF00BF8F
:10D2B000BD465DF8047B704780B400AF00BFBD463B
:10D2C0005DF8047B704780B400AF00BFBD465DF8D9
:10D2D000047B704780B400AF00BFBD465DF8047B9F
:10D2E000704780B400AF00BFBD465DF8047B704757
:10D2F00080B400AF00BFBD465DF8047B70470000FE
:10D3000080B500AF044B00221A71044B00221A7042
:10D3100000F006F800BF80BD300200203802002077
:10D3200080B500AFFFF774FFFFF779FFFFF77EFFCF
:10D33000FFF783FFFFF788FFFFF78DFFFFF792FFEF
:10D34000FFF797FFFFF79CFFFFF7A1FFFFF7A6FF8F
:10D35000FFF7ABFFFEF7B2FFFFF7AEFFFFF7B3FF3C
:10D36000FFF7BFFFFFF7B6FFFFF7C2FF00BF80BDAB
:10D3700080B483B000AF7860094B1B791946084A26
:10D380007B6842F82130064B1B790133DAB2044B3B
:10D390001A7100BF0C37BD465DF8047B704700BFB3
:10D3A0003002002080B586B000AF78607B68013322
:10D3B0003B610023FB753B691B78FF2B25D13B6943
:10D3C0000233FB60FB681B889BB203F47F43B3F519
:10D3D000406F18D100237B750DE07B7D1A4A52F80F
:10D3E0002330786898470346FB75FB7D002B08D1F6
:10D3F0007B7D01337B75144B1B797A7D9A42ECD38C
:10D4000002E000BF00E000BF00E000BFFB7D022B98
:10D410000FD0022B10DC002B02D0012B06D00BE02A
:10D420007868F6F72FFA0346BB7508E00123BB7551
:10D4300005E00023BB7502E00123BB7500BFBB7D87
:10D4400018461837BD4680BD3002002080B500AFB9
:10D45000F7F7DAFC00BF80BD80B500AF104B114A72
:10D460001A600F4B104A5A600D4B104A9A600C4BD1
:10D470000F4A1A620A4B0F4A5A62094B0E4ADA6087
:10D48000074B0E4A1A61064B0D4A5A61044B0D4A6E
:10D490009A61034B0C4ADA61F7F7CAFC00BF80BD02
:10D4A0000000032034010320540103206401032001
:10D4B000740103207C010320840103208C010320DC
:10D4C000A8010320AC010320B801032080B584B07B
:10D4D00000AF78607B68FB601148FFF7DFF9114B04
:10D4E0005B68BB60FB689A68BB681A60FB68DA68B7
:10D4F000BB68DA60BB680C4A5A60BB68084A9A602D
:10D50000F7F7ACFCFB681B68084A1360FB685B68B4
:10D51000074A1360002318461037BD4680BD00BF80
:10D52000D401032000000320580A0320E822002031
:10D53000EC22002080B582B000AF78600B467B8083
:10D54000094B5B681B6801221A72074B5B681B68FA
:10D550001946012000F070F9F7F79AFC00231846ED
:10D560000837BD4680BD00BF0000032080B582B0F3
:10D5700000AF1CE03B1D19461248FFF72EFA7B68EE
:10D580005B7A0F2B03D07B685B7A0E2B05D17B680F
:10D590001946022000F050F904E07B681946052086
:10D5A00000F04AF9084B1B687A681046984705480E
:10D5B000FFF784F90346002BDCD000BF0837BD46D7
:10D5C00080BD00BFD4010320E822002080B500AF59
:10D5D0000021042000F030F9024B1B68984700BF7F
:10D5E00080BD00BFEC22002080B584B000AF786021
:10D5F0007B68FB600D48FFF751F90D4BDB68BB60A2
:10D60000FB689A68BB681A60BB68084A5A60F7F7FB
:10D6100071FCFB681B68074A1360FB685B68064A7D
:10D620001360002318461037BD4680BDDC0103207F
:10D6300000000320F0220020F422002080B582B0F8
:10D6400000AF78600B467B80094BDB681B681022BB
:10D650001A72074BDB681B681946062000F0ECF8CD
:10D66000F7F762FC002318460837BD4680BD00BFAF
:10D670000000032080B500AF074BDB681B6819462C
:10D68000072000F0D9F8054B1B68034AD2681268DE
:10D690001046984700BF80BD00000320F022002004
:10D6A00080B582B000AF0EE03B1D19460B48FFF776
:10D6B00094F97B681946082000F0BEF8084B1B68F7
:10D6C0007A68104698470548FFF7F8F80346002B9C
:10D6D000EAD000BF0837BD4680BD00BFDC01032093
:10D6E000F422002080B582B000AF78601748FFF7C1
:10D6F000D5F81748FFF7D2F8164B1B69164A136086
:10D70000154B1B687A6892689A60134B1B687A689D
:10D71000D268DA60104B1B680C4A1A610E4B1B680A
:10D720007A6812681A600C4B1B687A6852685A60F3
:10D73000094B1B687A6812695A61074B1B687A6843
:10D7400052699A6100BF0837BD4680BDC4010320FD
:10D75000E022002000000320F822002080B582B0E3
:10D7600000AF786079680748FFF7F0F87968002023
:10D7700000F062F80448F7F71DFC00BF0837BD460B
:10D7800080BD00BFE02200208DD7010880B582B0A7
:10D7900000AF0CE03B1D19460A48FFF71EF90A4B83
:10D7A0001B691B697A6811461846FFF7CFF80548D0
:10D7B000FFF784F80346002BECD000BF0837BD46C6
:10D7C00080BD00BFE02200200000032080B500AF34
:10D7D0000548FFF763F8054B5B69034A1A60F7F7E2
:10D7E0003BFC00BF80BD00BFCC0103200000032034
:10D7F00080B582B000AF08E03B1D19460848FFF72E
:10D80000ECF87B68184600F00DF80548FFF756F86D
:10D810000346002BF0D000BF0837BD4680BD00BFD7
:10D82000CC01032080B483B000AF786000BF0C3718
:10D83000BD465DF8047B704780B487B000AF0346F7
:10D840003960FB71FB79082B4CD801A252F823F008
:10D8500075D8010899D80108A5D801089FD80108F2
:10D86000E5D80108B9D80108C5D80108CBD8010806
:10D87000D9D801083B687B617B695B7AFF2B05D0B7
:10D88000FF2B05DC0E2B05D00F2B01E000BF2AE09B
:10D8900000BF28E000BF26E03B68FB6023E03B6858
:10D8A000BB6020E03B687B617B695B7A0E2B01D01B
:10D8B0000F2B00E000BF16E03B687B617B695B7A61
:10D8C000FF2B10E03B68FB600DE03B683B613B6970
:10D8D0005B780E2B00BF06E03B687B617B695B7A5F
:10D8E000FF2B00E000BF00BF1C37BD465DF8047B86
:10D8F000704700BF80B400AF054B00221A60054B93
:10D9000000221A6000BFBD465DF8047B704700BF6F
:10D91000FC2200200023002080B487B000AF786094
:10D920000B46FB70EFF310833B613B697B6172B682
:10D9300000BFFB78002B08D0012B0ED10D4B1A68CD
:10D940007B6813430B4A136008E07B68DA43094B9A
:10D950001B681340074A136000E000BF7B69FB604F
:10D96000FB6883F3108800BF00BF1C37BD465DF81D
:10D97000047B70470023002080B582B000AF1A4BB3
:10D9800000221A60194B4FF0FF321A60184B4FF00B
:10D99000FF321A60174B00221A60174B00221A60E0
:10D9A000164B00221A6080220021154801F053FA1C
:10D9B00000237B600DE0134A7B68002142F833109E
:10D9C000104A7B68DB00134400225A607B680133F5
:10D9D0007B607B68002BEED00B4B00221A6000BFEF
:10D9E0000837BD4680BD00BF04230020440000204E
:10D9F00048000020082300200C23002010230020D2
:10DA000014230020942300209C23002080B594B090
:10DA100000AF7860894B1B68FB62884B1A687B6893
:10DA20001340864A1360864B1B687B64854B1B68DA
:10DA30003B64854B1B68FB63844B1B68BB6312E133
:10DA40000023FB6402E0FB6C0133FB64804AFB6C47
:10DA500052F83320FB6B1A40784B1B681340002BA5
:10DA6000F1D07B4AFB6C52F83320FB6B1A40734BAE
:10DA70001B681340BB64764AFB6CDB0013445A6896
:10DA8000BB6C1340002B06D1714AFB6CDB001344C6
:10DA90004FF0FF325A606A4B1B68BB626C4AFB6CEA
:10DAA000DB0013445B68DA436A4B1B681343694A23
:10DAB0001360684B1B68DB43BA6A1340BB62BA6AE7
:10DAC000BB6C1340002B03D0BA6CBB6A1340BB6421
:10DAD000BB6A002B02D15F4B00221A605C4AFB6CD0
:10DAE000DB0013445A68BB6C1340184600F043FA3D
:10DAF00003461A46584B1A60EFF31083FB61FB692B
:10DB00007B6272B600BF544B1B68012202FA03F31A
:10DB1000DA434B4B1B681340494A13600123FB64F3
:10DB200013E0FB6C013B4A4A52F833104A4B1B6826
:10DB3000012202FA03F3DA43FB6C013B0A40444939
:10DB400041F83320FB6C013BFB64FB6C002BE8D1FC
:10DB50007B6ABB61BB6983F3108800BF3E4B1B68C7
:10DB6000184600F0E9F93C4B1B681F2B78D83A4B5C
:10DB70001B683A4A52F82330002B71D000237B6394
:10DB80001EE0334A7B6BDB0013445A68324B1B6840
:10DB9000012101FA03F3DB431A402D497B6BDB00C3
:10DBA0000B445A602A4A7B6BDB0013445A687B6B38
:10DBB0009B0050333B4443F8442C7B6B01337B6325
:10DBC0007B6B002BDDD0244B1B68244A52F823309A
:10DBD000984700233B6313E01D4A3B6BDB00134473
:10DBE0005A683B6B9B0050333B4453F8443C1A400B
:10DBF00017493B6BDB000B445A603B6B01333B63C3
:10DC00003B6B002BE8D0144B1B68184600F09EF9C4
:10DC10000B4B1B687B640B4B1B683B640A4B1B68FC
:10DC2000FB630A4B1B68BB630B4B1B6801229A40CA
:10DC3000084B1B681343074A136014E04800002098
:10DC40000423002008230020440000200C2300208F
:10DC5000942300209C230020102300201423002064
:10DC6000002000F07DF97A6CFB6B1A40224B1B6898
:10DC70001340002B05D03A6CBB6B1340002B3FF4D4
:10DC8000DFAE1E4B4FF0FF321A601D4B1A683B6C23
:10DC90001340002B29D100F041F9EFF310837B6191
:10DCA0007B693B6272B600BF164B1B687B64164BE8
:10DCB0001B683B64154B1B68FB637A6CFB6B1A405B
:10DCC0000D4B1B681340002B07D10D4B1A683B6CA2
:10DCD0001340002B01D1E3F7F0FD3B6A3B613B6948
:10DCE00083F3108800BF00F020F9034AFB6A136039
:10DCF00000BF5037BD4680BD4800002010230020E3
:10DD00000C230020042300200823002044000020CE
:10DD100080B588B000AFF860B9607A60EFF3108327
:10DD20007B617B69FB6172B600BFF86800F023F984
:10DD300003461946064A7B6842F82130FB69BB61FD
:10DD4000BB6983F3108800BF00BF2037BD4680BD8C
:10DD50001423002080B487B000AF78603960EFF3FF
:10DD60001083FB60FB687B6172B600BF0D4B1A68C5
:10DD70007B6813430B4A13600B4A3B6852F833200D
:10DD80007B681A4308493B6841F833207B693B6153
:10DD90003B6983F3108800BF00BF1C37BD465DF8A8
:10DDA000047B7047042300209423002080B487B0B4
:10DDB00000AF7860EFF31083FB60FB687B6172B6A5
:10DDC00000BF7B68DA43084B1B681340064A1360A8
:10DDD0007B693B613B6983F3108800BF00BF1C3740
:10DDE000BD465DF8047B70474400002080B487B0D6
:10DDF00000AF7860EFF31083FB60FB687B6172B665
:10DE000000BF094B1A687B681343074A13607B699C
:10DE10003B613B6983F3108800BF00BF1C37BD46E0
:10DE20005DF8047B704700BF4400002080B487B0D9
:10DE300000AF7860EFF31083FB60FB687B6172B624
:10DE400000BF094B1A687B681343074A13607B695C
:10DE50003B613B6983F3108800BF00BF1C37BD46A0
:10DE60005DF8047B704700BF0823002080B588B0B0
:10DE700000AF78601F4B1B68BB611E4B1B68B3F182
:10DE8000FF3F02D10023FB6105E01A4B1B68012212
:10DE900002FA03F3FB61184B1B687B61164A7B682F
:10DEA000136003E07968F86900F02AF8134B1A68E8
:10DEB0007B681340002BF5D00E4ABB691360EFF36B
:10DEC0001083BB60BB683B6172B600BF7B68DA43FE
:10DED0000A4B1B681340094A13603B69FB60FB68EF
:10DEE00083F3108800BF044A7B69136000BF2037AA
:10DEF000BD4680BD102300200C23002008230020F5
:10DF000080B582B000AF786039607B68DB4318462B
:10DF1000FFF77CFD00BF0837BD4680BD80B400AF71
:10DF200000BFBD465DF8047B704780B400AF00BF02
:10DF3000BD465DF8047B704780B483B000AF786065
:10DF400000BF0C37BD465DF8047B704780B483B0DA
:10DF500000AF786000BF0C37BD465DF8047B7047AA
:10DF600080B483B000AF0346FB7100BF0C37BD46E1
:10DF70005DF8047B704780B485B000AF78607B6843
:10DF8000FB60FB68002B01D1202303E0FB68B3FAA0
:10DF900083F3DBB2C3F11F03DBB218461437BD466F
:10DFA0005DF8047B7047000008B5064B044613B1CA
:10DFB0000021AFF30080044B1B6803B19847204653
:10DFC000F4F735FF00000000E0240020024B01467A
:10DFD000186800F02DB800BF58000020024B014621
:10DFE000186801F03DBE00BF5800002070B50F4E0C
:10DFF0000C463168054611B900F06EFF30602146CD
:10E00000284600F069FF431C03D14FF0FF3420463F
:10E0100070BDC41C24F00304A042F8D0211A284685
:10E0200000F05AFF0130F2D1EFE700BFA02300203B
:10E030002DE9F843CD1C25F0030508350C2D38BF1C
:10E040000C25002D064601DBA94204D90C233360C0
:10E050000020BDE8F883DFF8D48000F069F8D8F834
:10E0600000301C4644BB29463046FFF7BFFF431C27
:10E07000044658D1D8F800402746002F43D1002C41
:10E080004BD023683946304604EB030900F024FFE7
:10E09000814542D121686D1A29463046FFF7A6FF17
:10E0A00001303AD023682B442360D8F800305A68F6
:10E0B00062BBC8F800700FE02268521B20D40B2A04
:10E0C00017D96119A342256018BF5960636808BF5A
:10E0D000C8F8001062514B60304600F02FF804F190
:10E0E0000B00231D20F00700C21A1CBF1B1AA350EF
:10E0F000AFE76268A3420CBFC8F800205A60EBE7A4
:10E1000023466468AEE73C467F68B6E71A465B681C
:10E11000A342FBD100235360DEE70C23336030467B
:10E1200000F00CF894E70560D6E700BFA4230020B8
:10E13000014800F01EBF00BFE8240020014800F0A5
:10E1400019BF00BFE82400202DE9FF4757EC106BF2
:10E15000002F0C4619463B46BBBF07F100431F4644
:10E1600000232D230B700D9BDDF830A0914623F08A
:10E170002008BCBF32461646B8F1460F05D0B8F1AC
:10E18000450F00D10134022100E0032103AB0193CC
:10E1900002AB009347EC106B5346224600F084FF1D
:10E1A000B8F1470F054619D119F0010F0ED000EB59
:10E1B00004090022002330463946E2F76DFC08B11D
:10E1C000CDF80C903022039B4B451ED3039B0E9A37
:10E1D0005B1B2846136004B0BDE8F087B8F1460F1A
:10E1E00000EB0409E5D10378302B0AD1002200238B
:10E1F00030463946E2F750FC18B9C4F10104CAF8B8
:10E200000040DAF800309944D3E7591C03911A70A2
:10E21000D9E7F7B50029BABF49422D232B23092995
:10E220000270437029DD0DF1070425460A272246B6
:10E23000B1FBF7F607FB1613303302F8013C0B462F
:10E24000632B04F1FF343146F1DC3031931E04F8C6
:10E25000011C411C1C46AB420AD30DF109039B1A59
:10E26000A54238BF0023821C1344181A03B0F0BD26
:10E2700013F8016B01F8016FEDE730233031837043
:10E28000C170031DF1E700002DE9F04F8DB00C4681
:10E29000DDF8588016461F46054600F0E5FD036888
:10E2A00006931846E1F7CCFF00230A93D8F8003014
:10E2B00094F818A0D4F800B00790073323F00703B0
:10E2C000B3EC027B8DED047BC8F80030DDE90483FC
:10E2D00023F0004984ED127B9C4B4FF0FF32404607
:10E2E0004946E2F70BFC70BB984B4FF0FF324046BB
:10E2F0004946E2F7E5FB30BBDDE9040100220023DB
:10E30000E2F7D4FB10B12D2384F84330904A914BAF
:10E31000BAF1470F8CBF90469846032323612BF038
:10E32000040323604FF00009009733460BAA2146EF
:10E33000284600F0D1F9013040F08C804FF0FF30DA
:10E340000DB0BDE8F08FDDE9042310461946E2F771
:10E35000D5FB40B1059B804A002BBCBF2D2384F820
:10E3600043307E4BD4E763685A1C0AF0DF093BD187
:10E37000062363604BF480620023226003930AABA0
:10E38000CDE901A309AB009361689DED040B0DF18C
:10E3900023032846FFF7D8FEB9F1470F09998046B5
:10E3A00029D1C81C02DB63688B4241DAAAF1020A58
:10E3B0005FFA8AFA0139524604F150000991FFF7D9
:10E3C00028FF0A9A1318012A8146236102DC226879
:10E3D000D20701D5013323619DF82330002BA3D050
:10E3E0002D2384F843309FE7B9F1470FC2D1002BAA
:10E3F000C0D10123BDE7BAF1650FDBD9BAF1660FD1
:10E4000018D1002963680BDD216113B92268D00798
:10E4100002D501330B442361A1654FF00009DBE70E
:10E4200013B92268D20701D50233F4E70123F2E7DA
:10E430004FF0670A0A9B8B4205DC23682161D807ED
:10E44000EAD54B1CE7E70029D4BFC1F10202012243
:10E450001344E0E723685A0507D42369424631464E
:10E460002846B84701302BD168E7BAF1650F40F272
:10E47000DD80D4E9120100220023E2F70DFB002821
:10E4800033D0374A012331462846B84701303FF49C
:10E4900055AFDDE90938434502DB2368D8070FD5BE
:10E4A000DDE9062331462846B84701303FF446AF40
:10E4B0004FF0000908F1FF3804F11A0AC84509DCD9
:10E4C00023689B0700F10381E0680B9B9842B8BF6B
:10E4D000184635E70123524631462846B8470130F1
:10E4E0003FF42CAF09F10109E8E7099B002B39DC67
:10E4F0001B4A012331462846B84701303FF41EAF7E
:10E50000DDE9093959EA030302D12368D907D7D5D0
:10E51000DDE9062331462846B84701303FF40EAF07
:10E520004FF0000A04F11A0B099B5B42534501DCD2
:10E530004B4693E701235A4631462846B8470130F7
:10E540003FF4FCAE0AF1010AEEE700BFFFFFEF7FE8
:10E550001C990208189902082499020820990208B7
:10E5600028990208A36DDDF828A05345A8BF53469B
:10E57000002B994636DC4FF0000B29EAE97904F1CB
:10E580001A02A36D0493A3EB09035B4531DC099BDD
:10E590009A453ADC2368DA0737D4099BAAEB0309CA
:10E5A000049BAAEB03039945A8BF9946B9F1000F54
:10E5B00033DC4FF0000829EAE97904F11A0B099BD2
:10E5C000AAEB0303A3EB090343457FF779AF0123CC
:10E5D0005A4631462846B84701303FF4AFAE08F1FD
:10E5E0000108ECE7424631462846B8470130C2D11F
:10E5F000A4E60123314628460492B84701303FF48F
:10E600009DAE049A0BF1010BBBE7DDE90623314611
:10E610002846B8470130C0D190E6049A4B464244A0
:10E6200031462846B8470130C3D187E6DDF828A037
:10E63000BAF1010F01DCDB0736D501234246314632
:10E640002846B84701303FF479AEDDE9062331466C
:10E650002846B84701303FF471AED4E912010022D8
:10E6600000230AF1FF3AE2F717FAC0B9534608F15E
:10E67000010231462846B84701300CD15EE601233D
:10E680005A4631462846B84701303FF457AE08F1A4
:10E690000108D045F3DB4B4604F15002DFE64FF0B2
:10E6A000000804F11A0BF4E701234246E1E70123D5
:10E6B0004A4631462846B84701303FF43FAE08F19C
:10E6C0000108E3680B995B1A4345F0DCFCE64FF068
:10E6D000000804F11909F4E72DE9F04716469846B9
:10E6E0008A680B69DDF820909342B8BF1346336007
:10E6F00091F8432007460C460AB101333360236882
:10E70000990642BF336802333360256815F0060569
:10E7100006D104F1190AE36832689B1AAB4226DC81
:10E7200094F843302268003B18BF012392062BD493
:10E7300004F1430241463846C84701301ED02368E1
:10E74000226903F00603042B02BFE5683368ED1A63
:10E75000A3680CBF25EAE57500259342C4BF9B1A48
:10E76000ED1800261A34B5421AD1002008E0012322
:10E77000524641463846C847013003D14FF0FF307A
:10E78000BDE8F0870135C6E7E1185A1C302081F852
:10E790004300224494F8451082F843100233C7E73F
:10E7A0000123224641463846C8470130E6D00136AB
:10E7B000D9E700002DE9F0430D7E85B0782D904615
:10E7C0000C9E07460C46994601F1430207D8622D7C
:10E7D0000AD8002D00F0D780582D00F0BC8004F13D
:10E7E000420684F842503BE0A5F16303152BF6D8AE
:10E7F00001A151F823F000BF51E8010865E80108C4
:10E80000DFE70108DFE70108DFE70108DFE70108CC
:10E8100065E80108DFE70108DFE70108DFE7010835
:10E82000DFE701086DE901088FE801081FE9010829
:10E83000DFE70108DFE701088FE90108DFE70108EA
:10E840008FE80108DFE70108DFE7010827E9010891
:10E8500033681A1D1B68326004F1420684F84230A6
:10E860000123A1E033682068191D3160060601D537
:10E870001D6803E04506FBD5B3F90050002D03DA0F
:10E880002D236D4284F843305B480A2311E0216850
:10E890003368080653F8045B02D4490648BFADB29A
:10E8A0003360237E54486F2B5CD10823002184F809
:10E8B00043106668A660002E05DB21682E4321F018
:10E8C0000401216050D01646B5FBF3F103FB115C47
:10E8D00010F80CC006F801CDAC4663450D46F3D9DF
:10E8E000082B0BD12368DB0708D52369616899429F
:10E8F000DEBF302306F8013C06F1FF36921B226191
:10E90000CDF80090434603AA21463846FFF7E4FEBF
:10E9100001304ED14FF0FF3005B0BDE8F0832368E1
:10E9200043F0200323603548782584F84550236858
:10E93000316813F0800F51F8045B03D113F0400FDE
:10E9400018BFADB23160D90744BF43F02003236044
:10E950001DB11023AAE72848E7E7236823F0200326
:10E960002360F6E70A23A1E71646B9E7336825686E
:10E970006169181D30602E061B6801D5196002E020
:10E980006806FBD51980002323611646B8E7336873
:10E990001A1D32601E68626800213046E1F700FCF3
:10E9A00008B1801B606063682361002384F84330F2
:10E9B000A6E72369324641463846C8470130A9D008
:10E9C00023689B0713D4E068039B9842B8BF18469E
:10E9D000A2E70123324641463846C847013099D064
:10E9E0000135E36803995B1AAB42F2DCEBE70025E3
:10E9F00004F11906F5E700BF2A9902083B990208BD
:10EA0000002310B50446C0E90033C0E90433836035
:10EA100081814366C2818361194608225C3000F01F
:10EA20001AFA0D4B63620D4BA3620D4BE3620D4B63
:10EA300023630D4B24629C4206D003F1680294428A
:10EA400002D0D0339C4205D104F15800BDE81040FB
:10EA500000F08EBA10BD00BF79EC01089BEC0108F4
:10EA6000D3EC0108F9EC0108A8230020024A03496D
:10EA7000034800F06BB800BF4C0000208507020877
:10EA80005C00002041680C4B994210B5044601D04F
:10EA900001F078FEA168094B994202D0204601F0AE
:10EAA00071FEE168064B994204D02046BDE8104053
:10EAB00001F068BE10BD00BFA82300201024002074
:10EAC000782400200C4B0D4A0D4810B504211A6023
:10EAD0000022FFF795FF0A4B01221C46092103F192
:10EAE0006800FFF78DFF04F1D0000222BDE810405E
:10EAF0001221FFF785BF00BFE02400206DEA010866
:10EB0000A8230020014800F034BA00BFE924002007
:10EB1000014800F02FBA00BFE924002010B50446D8
:10EB2000FFF7F0FF236A1BB1BDE81040FFF7F0BF0D
:10EB3000044B2362044B1B68002BF5D1FFF7C2FF87
:10EB4000F2E700BF85EA0108E02400202DE9F84340
:10EB50000746884614460026D4E90195B9F1010913
:10EB600005D52468002CF7D13046BDE8F883AB8981
:10EB7000012B07D9B5F90E30013303D029463846A9
:10EB8000C04706436835E9E70FB407B5064904AB4B
:10EB9000086853F8042B8168019301F05DFC03B011
:10EBA0005DF804EB04B0704758000020024B0146AA
:10EBB0001868826801F06BBE58000020036A70B5C7
:10EBC000846805460E460BB9FFF7A8FF636EDB07A6
:10EBD00005D4A389980502D4A06D00F0CAF9A389D1
:10EBE000190702D52369002B35D12146284600F0AC
:10EBF000C5F880B34FF0FF35636EDA0705D4A389FB
:10EC00009B0502D4A06D00F0B5F9284670BD002B1D
:10EC100004DAA269934217DB0A2915D023685A1C2B
:10EC200022601970A36816F8011F013BA360002938
:10EC3000EDD1002B11DA22460A21284600F060F8B7
:10EC40000130D7D00A25D7E72246284600F058F8E9
:10EC50000130E7D1CEE7013EE4E723685A1C226089
:10EC60000A221A70EEE70000024B01461868FFF70F
:10EC7000A5BF00BF5800002010B50C46B1F90E101A
:10EC800000F018F90028ABBF636DA3891B1823F4AB
:10EC90008053ACBF6365A38110BD2DE9F0411F46D1
:10ECA0008B89DB0505460C46164605D5B1F90E10D5
:10ECB0000223002200F0ECF8A389B4F90E1023F42B
:10ECC0008053A38132463B462846BDE8F04100F020
:10ECD00013B910B50C46B1F90E1000F0D9F8B4F91B
:10ECE0000C30421C0BBF23F4805343F48053A381A8
:10ECF000A38118BF606510BDB1F90E1000F0B8B85F
:10ED0000F8B50E461446054618B1036A0BB9FFF76D
:10ED100005FFA369A360A3891A0701D5236943B935
:10ED20002146284600F02AF818B14FF0FF37384640
:10ED3000F8BD23682269981A6369F6B283423746A0
:10ED400005DC2146284601F01DFD0028EDD1A36811
:10ED5000013BA36023685A1C22601E706269431C39
:10ED60009A4204D0A389DB07E1D50A2EDFD12146E0
:10ED7000284601F007FD0028D9D0D6E738B5284B42
:10ED8000054618680C4618B1036A0BB9FFF7C6FEB2
:10ED9000B4F90C301A0721D4D80607D409222A6006
:10EDA00043F04003A3814FF0FF3030E0590712D504
:10EDB000616B41B104F14403994202D0284600F04E
:10EDC0004FFF002363630022B4F90C3062602269B4
:10EDD000226023F0240343F00803A38122693AB997
:10EDE0009A0501D5180603D52146284601F016FDDF
:10EDF000B4F90C3013F001020AD00022A26062695B
:10EE00005242A261226942B913F08000C8D138BDD4
:10EE1000990758BF6269A260F4E70020F7E700BFD6
:10EE200058000020884210B501EB020402D9844248
:10EE3000234607D8431EA14207D011F8012B03F83F
:10EE4000012FF8E70244824200D110BD13F8011DE2
:10EE500002F8011DF7E702440346934200D17047D0
:10EE600003F8011BF9E700000048704798010020F3
:10EE700038B5064D0023044608462B60F3F7FFFF24
:10EE8000431C02D12B6803B1236038BDE424002069
:10EE900038B5074D04460846114600222A601A4636
:10EEA000F4F714F8431C02D12B6803B1236038BD7A
:10EEB000E424002038B5074D0446084611460022D8
:10EEC0002A601A46F3F7BEFF431C02D12B6803B138
:10EED000236038BDE424002038B5064D00230446E5
:10EEE00008462B60F4F700F8431C02D12B6803B1ED
:10EEF000236038BDE424002038B5074D0446084699
:10EF0000114600222A601A46FCF728FF431C02D152
:10EF10002B6803B1236038BDE4240020014B18683E
:10EF2000704700BF5800002070B50D4B0D4D5B1BA6
:10EF30009C100026A64209D101F0B0FD0A4D0B4BF2
:10EF40005B1B9C100026A64205D170BD55F8043B02
:10EF500098470136EEE755F8043B98470136F2E74B
:10EF6000949C0208949C0208949C0208989C0208B5
:10EF70007047704770470A44914200F1FF3300D157
:10EF8000704710B511F8014B03F8014F9142F9D1C8
:10EF900010BD2DE9F74F03690C69A34207467EDBDC
:10EFA000013C01F11408A30000F11405009305EBE6
:10EFB0008403019358F8243055F8242001339A42F1
:10EFC00008EB8409B2FBF3F62ED34FF0000AC446D7
:10EFD000AE46D3465CF8043B98B206FB00A0020C98
:10EFE0001B0C06FB0323DEF8002080B292B2121A3B
:10EFF0005A44DEF800004FEA134A9BB2C3EB2243A7
:10F0000003EB104392B242EA0342E1454EF8042B6F
:10F010004FEA234BDED2009BEB582BB9019B043BFC
:10F020009D421A462FD33C61384601F0DFF8002894
:10F0300025DB2946002058F8042BD1F800C01FFA20
:10F0400082FE1FFA8CF3A3EB0E030344120CC2EBF7
:10F05000234202EB1C429BB243EA0243C14541F802
:10F06000043B4FEA2240E6D255F8242005EB840306
:10F0700022B9043B9D421A460BD33C61013630460F
:10F0800003B0BDE8F08F1268043B002ACBD1013CED
:10F09000C6E71268043B002AEFD1013CEAE70020F2
:10F0A000EEE70000000000002DE9F04F99B08DED73
:10F0B0000E0B0C92C269229C0A9157EC106B814690
:10F0C000139382B91020FEF781FF0246C9F81C0095
:10F0D00020B9AB4BEF21AB4801F030FC0023C0E975
:10F0E00001330360C360116859B152684A6001235B
:10F0F00093408B60484600F03BFED9F81C3000225C
:10F100001A60B7F10008B5BF012300232360236014
:10F110009D4BBCBF28F00048CDF83C8033EA080383
:10F120001AD1139AC8F3130842F20F7358EA06086B
:10F13000136000F06885239B53B9944B21E0944BF6
:10F1400000930833239A1360009819B0BDE8F08F3C
:10F150008E4B00930333F5E79DED0E7B002251ECBF
:10F16000170B00238DED067BE1F796FC824650B12C
:10F17000139A01231360239B13B1239A854B1360C9
:10F18000854B0093E0E79DED060B16AA17A94846AC
:10F1900001F0E0F85FEA1854169D019079D0079BC2
:10F1A000CDF850A0C3F31303DDE9060143F07F530C
:10F1B00043F44013A4F2FF3419460022774BE1F7E1
:10F1C0004BF869A3D3E90023E1F7FEF968A3D3E97B
:10F1D0000023E1F743F8064620460F46E1F78AF997
:10F1E00065A3D3E90023E1F7EFF902460B46304669
:10F1F0003946E1F733F806460F46E1F795FC002261
:10F200008046002330463946E1F750FC48B140467D
:10F21000E1F770F932463B46E1F73EFC08B908F1E8
:10F22000FF38B8F1160F51D85D4B03EBC803D3E993
:10F230000023DDE90601E1F739FC002848D008F198
:10F24000FF38002312932D1B6B1E089343BF00232E
:10F25000C5F1010708930027B8F1000F3ADB089BBE
:10F26000CDF8348043440893002309930A9B092B6B
:10F2700062D8052BC4BF043B0A930A9BA3F1020387
:10F28000CCBF00240124032B62D8DFE803F05153E4
:10F29000362B179C2C4404F23243202BC1BFC3F100
:10F2A000400308FA03F804F2124326FA03F3D6BF28
:10F2B000C3F1200348EA030006FA03F0E1F70AF974
:10F2C0000122A1F1F873013C149275E70123B9E71B
:10F2D0001290B8E7C8F1000309930023A7EB0807D1
:10F2E0000D93C3E701230B930C9B43440593013318
:10F2F000012B0493B8BF012306E001230B930C9B61
:10F30000002B28DDCDE90433D9F81C0000210422AC
:10F3100002F114059D4223D94160484600F0EAFC01
:10F320000090002840D11F4B024640F2AF11D2E6B8
:10F330000023E3E70023D6E701240023CDE90A34C4
:10F340004FF0FF33CDE90433002212230C92DBE7A8
:10F3500001230B93F4E70123CDE904331A46F5E7C3
:10F3600001315200D4E700BF61436F63A787D23FEA
:10F37000B3C8608B288AC63FFB799F501344D33FA4
:10F3800059990208709902080000F07F5599020807
:10F390004C99020829990208289902080000F83FB0
:10F3A000C09A0208C8990208D9F81C30009A1A605D
:10F3B000049B0E2B00F2A180002C00F09E80B8F17F
:10F3C000000F36DD9E4B08F00F0203EBC20318F46A
:10F3D000807FD3E900AB4FEA281516D0994BDDE9C1
:10F3E0000601D3E90823E1F719FACDE9020105F096
:10F3F0000F050324934E75B9DDE9020152465B46C1
:10F40000E1F70CFA82468B462DE09DED067B022447
:10F410008DED027BEEE7E90708D550465946D6E95F
:10F420000023E1F7D1F8013482468B466D1008368F
:10F43000E1E700F0AD80C8F10005814B814E05F099
:10F440000F0203EBC203D3E90023DDE90601E1F774
:10F45000BBF82D1182468B4600230224002D40F07C
:10F460008C80002BCED1129B002B00F09580764B28
:10F47000002250465946E1F719FB002800F08C8025
:10F48000049B002B00F08880059B002B35DD08F1E4
:10F49000FF330293504659466C4B0022E1F794F833
:10F4A000059E82468B4601342046E1F723F85246FA
:10F4B0005B46E1F789F8664B0022E0F7CFFE044691
:10F4C000A1F15075CDE91045002E69D1614B0022A4
:10F4D00050465946E0F7C0FE22462B4682468B46F0
:10F4E000E1F702FB002840F09482224605F1004338
:10F4F00050465946E1F7DAFA20BB179B002BC0F2C1
:10F500006081B8F10E0F00F35C814D4B03EBC80333
:10F51000D3E900AB0C9B002B80F2EE80049B002B08
:10F5200000F3EA800ED14B4B002250465946E1F7DA
:10F530004BF802460B46DDE90601E1F7C1FA002867
:10F5400000F06A8200252C460C9B009EDB43029350
:10F55000274600242946484600F00AFC002F00F008
:10F56000C1802CB1BC4203D02146484600F000FCCB
:10F570003946484600F0FCFBB4E0EA0705D5D6E979
:10F580000023E1F721F8013401236D10083665E707
:10F59000DDE906AB022466E7049ECDF8088083E728
:10F5A000274B03EBC60353E902010B9B002B55D0FD
:10F5B00002460B4600202849E1F730F9DDE9102327
:10F5C000E0F74AFE009BCDE910019D191E46594601
:10F5D0005046E1F7A9FA0446E0F78CFF02460B46D5
:10F5E00050465946E0F738FE3034DDE9102306F87E
:10F5F000014B82468B46E1F759FA002872D15246F8
:10F600005B4611490020E0F727FEDDE91023E1F712
:10F610004DFA002840F0B680AE423FF46EAFDDE90F
:10F6200010010A4B0022E0F7CFFF084BCDE9100193
:10F63000002250465946E0F7C7FF82468B46C6E790
:10F64000C09A0208989A02080000F03F0000244087
:10F6500000001C40000014400000E03FDDE91023E2
:10F66000E0F7B2FF009B009DCDE9100133441593F4
:10F6700059465046E1F758FA0446E0F73BFF30346C
:10F680000B46024659465046E0F7E6FD05F8014BA9
:10F69000159B9D4282468B4627D1009B0022DDE9C7
:10F6A00010011E44B34BE0F7D9FD02460B4650460D
:10F6B0005946E1F719FA002864D1DDE91023AD4974
:10F6C0000020E0F7C9FD02460B4650465946E1F7D7
:10F6D000EDF900283FF411AF334616F8012D302A1A
:10F6E000FAD01E46DDF808803AE0A34B0022E0F78E
:10F6F0006BFF82468B46BBE7009E52465B46DDE9C8
:10F700000601E1F78BF8E1F70FFA0746E0F7F2FEA2
:10F7100052465B46E0F758FF02460B46DDE906011C
:10F72000E0F79AFD07F1300C009C06F801CBA6EB40
:10F73000040C049C644502460B4633D1E0F78EFD71
:10F7400052465B4604460D46E1F7CEF9C0B9524633
:10F750005B4620462946E1F79FF908B1FB070FD425
:10F760000199484600F004FB0023139A337008F116
:10F7700001031360239B002B3FF4E6AC1E60E3E41F
:10F78000CDF8088033461E4613F8012D392A06D1DC
:10F79000009A9A42F7D1029A013202923022013243
:10F7A0001A709FE7744B0022E0F70EFF02460B46EB
:10F7B000CDE9062300220023E1F76EF900289CD052
:10F7C000CEE70B9A002A00F0E3800A9A012A00F3A0
:10F7D000C280149A002A00F0BA8003F23343099DD4
:10F7E0003E46089A01211A4448461F44089200F0F8
:10F7F00073FB044656B1089B002B07DDB342089A01
:10F80000A8BF3346FF1AF61AD31A0893099B0BB305
:10F810000B9B002B00F0C380002D00F0BD80214623
:10F820002A46484600F018FC019A0146044648461C
:10F8300000F068FB01998246484600F099FA099B5E
:10F840005B1B099300F0AE80099A5146484600F0D0
:10F8500003FC01900121484600F03EFB0D9B05464C
:10F86000002B00F0D7811A460146484600F0F4FB11
:10F870000A9B012B054600F39D800E9B002B40F058
:10F8800094800F9BC3F31303002B40F08E800F9BDB
:10F8900023F000431B0D1B05002B00F08980089B03
:10F8A0000133013708934FF0010A0D9B002B00F044
:10F8B000B7812B6905EB8303186900F0C1FAC0F129
:10F8C0002000089B184410F01F007ED0C0F12003D8
:10F8D000042B72DD089BC0F11C000344074406445E
:10F8E0000893002F05DD01993A46484600F010FCC8
:10F8F0000190089B002B05DD29461A46484600F07A
:10F9000007FC0546129B002B61D00198294600F0A8
:10F910006DFC00285BDA08F1FF33029301990023A4
:10F920000A22484600F046FA0B9B0190002B00F09B
:10F930007981002321460A22484600F03BFA059BC4
:10F94000002B044672DC0A9B022B49DC6EE0169BFE
:10F95000C3F1360343E7049B5D1E099BAB420DDBFD
:10F960005D1B049B002BBFF63BAF049BFE1A0023DC
:10F9700037E700BF0000E03F00002440099B0D9ADC
:10F980000995EB1A1A440D92049B3E46002528E780
:10F99000099D0B9C3E462DE7DDF804A054E7099A2B
:10F9A000019953E7CDF804A054E74FF0000A7CE733
:10F9B0009A467AE74FF0000A7BE792D0089A1C3308
:10F9C0001A441F441E4408928BE70346F6E7049B43
:10F9D000CDF80880002B23DC05930A9B022B21DD48
:10F9E000059B002B7FF4B0AD29460522484600F068
:10F9F000E1F901460546019800F0F8FB00287FF781
:10FA0000A3AD009E312306F8013B029B0133029314
:10FA10009EE535462C46F4E7049DCDF80880F9E7CD
:10FA2000049B05930B9B002B00F00081002E05DD4D
:10FA300021463246484600F06BFB0446BAF1000FFF
:10FA40005AD06168484600F055F9064628B9824BFD
:10FA5000024640F2EF21FFF73EBB226902329200DC
:10FA600004F10C010C30FFF786FA012231464846BA
:10FA700000F04EFB0746009B009A03F1010B059B2B
:10FA8000134406930E9B03F0010308930BF1FF331D
:10FA9000294601980493FFF77CFA2146059000F16E
:10FAA000300A019800F0A2FB3A46804629464846B3
:10FAB00000F0B8FBC268064602BB0146019800F0A0
:10FAC00095FB024631464846099200F051F9DDE9BE
:10FAD000092342EA0301089B19435E4610D1BAF19B
:10FAE000390F2BD0B8F1000F02DD059B03F1310A6D
:10FAF000049B83F800A02DE52746BCE70122E1E73F
:10FB0000B8F1000F06DB0A9B48EA0308089B58EA95
:10FB1000030820D1002AEBDD01990122484600F0BC
:10FB2000F7FA2946019000F061FB002803DCDFD1E1
:10FB30001AF0010FDCD0BAF1390FD6D1049A39236B
:10FB4000137033461E46013B16F8012C392A52D059
:10FB500001321A70FEE4002A07DDBAF1390FEDD048
:10FB6000049A0AF101031370F4E4069B0BF801AC4C
:10FB70005B452AD0019900230A22484600F01AF971
:10FB8000BC4201904FF000034FF00A022146484664
:10FB900006D100F00FF9044607460BF1010B75E79B
:10FBA00000F008F93946044600230A22484600F0CE
:10FBB00001F90746F1E7059B5E1E002B009BD8BFAD
:10FBC00000265A1C27461644002401990122484663
:10FBD00000F09EFA2946019000F008FB0028B0DCF6
:10FBE00002D11AF0010FACD133461E4613F8012D95
:10FBF000302AFAD0AEE4009A9A42A3D1029B013394
:10FC000002933123AFE7239B002B7FF498AA134B79
:10FC1000FFF7B7BA0A9B012B7FF72FAEDDF834A0B0
:10FC200001204EE6059B002B7FF7D7AE009E019882
:10FC30002946FFF7AEF900F1300A009B06F801AB48
:10FC4000F21A059B9342B6DD019900230A22484629
:10FC500000F0B0F80190EAE7C89902084C99020850
:10FC600038B50546002941D051F8043C0C1F002B43
:10FC7000B8BFE418FEF75CFA1D4A136833B9636035
:10FC800014602846BDE83840FEF758BAA34208D9A8
:10FC9000206821188B4201BF19685B680918216030
:10FCA000EDE71A465B680BB1A342FAD91168501808
:10FCB000A0420BD120680144501883421160E0D16A
:10FCC00018685B68536008441060DAE702D90C23B7
:10FCD0002B60D6E7206821188B4204BF19685B6847
:10FCE000636004BF091821605460CAE738BD00BFD3
:10FCF000A423002070B5C46905460E4684B91020BF
:10FD0000FEF764F90446E86128B90246164B174825
:10FD10006B2100F013FE0023C0E901330360C360D0
:10FD2000E36853B921220421284600F025FEEB693F
:10FD3000E060DB680BB9002070BD53F8260030B1DD
:10FD4000026843F826200023C0E90333F4E70121C9
:10FD500001FA06F4621D9200284600F00DFE00280C
:10FD6000E9D0C0E90164EEE759990208D99902087F
:10FD700070B5C66905460C4676B91020FEF726F91F
:10FD80000246E86120B9094B09488F2100F0D6FDF1
:10FD9000C0E901660660C6603CB1EB696268DB6879
:10FDA00053F82210216043F8224070BD599902088F
:10FDB000D99902082DE9F0410D6907460C461E4607
:10FDC00001F1140C0020DCF8003099B202FB016153
:10FDD0001E0C0B0C02FB063389B2013001EB034110
:10FDE00085424CF8041B4FEA1346ECDC0EB3A368C3
:10FDF000AB4219DC616838460131FFF77BFF804672
:10FE000028B902460C4B0D48BA2100F097FD226933
:10FE1000023204F10C0192000C30FFF7ACF82146DD
:10FE20003846FFF7A5FF444604EB850301355E61C4
:10FE300025612046BDE8F081C8990208D9990208D9
:10FE4000B0F5803F034636BF030400201020B3F115
:10FE5000807F3CBF1B020830B3F1805F3CBF1B01B9
:10FE60000430B3F1804F3CBF9B000230002B05DB18
:10FE700013F0804F00F1010008BF20207047036895
:10FE8000024613F007000BD0D90721D4980749BFC9
:10FE90005B089B08012013605CBF13600220704761
:10FEA00099B209B91B0C1020D9B209B908301B0A44
:10FEB000190704BF1B090430990704BF9B080230CF
:10FEC000D90703D45B0800F1010003D01360704729
:10FED000002070472020704710B50C460121FFF725
:10FEE00009FF024628B9054B054840F2451100F0CC
:10FEF00025FD01234461036110BD00BFC8990208BC
:10FF0000D99902082DE9F04FD1F81090D2F810A03D
:10FF1000D14585B08846144604DB53460C46CA4694
:10FF200090469946A36861680AEB0906B342B8BFD8
:10FF30000131FFF7DFFE30B90246454B45484FF42B
:10FF4000B17100F0FBFC00F1140505EB86072B46B0
:10FF50000022BB421FD304F1140C08F114010CEB76
:10FF60008A0301EB890202921A1B153A22F003025E
:10FF700015349C4288BF00220192029A03918A4262
:10FF80000CD8002E03DD57F8043D002B5DD0066130
:10FF900005B0BDE8F08F43F8042BDAE7B1F800A014
:10FFA000BAF1000F24D0E046A9464FF0000E58F8F1
:10FFB000042BD9F800401FFA82FBA4B20AFB0B44C1
:10FFC0004FEA124BD9F8002074444FEA124E0AFB54
:10FFD0000BE202EB1442A4B244EA0244434549F85E
:10FFE000044B4FEA124EE2D8019AAA18C2F804E074
:10FFF000039AB2F802800431B8F1000F23D02A68C6
:020000040802F0
:10000000E6469146AA464FF0000BBEF8004008FBBA
:1000100004B404EB194492B242EA04424AF8042BB5
:100020005EF8042BDAF800904FEA124B1FFA89F2BF
:1000300008FB0B2202EB144273454FEA124BE4D843
:10004000019C2C196260043597E7013E99E700BFD7
:10005000C8990208D99902082DE9F843174612F009
:10006000030280460D4607D0264C013A002354F87F
:100070002220FFF79FFE0546BF103FD0D8F81C4056
:1000800094B91020FDF7A2FF0446C8F81C0030B94F
:1000900002461D4B1D4840F2B31100F04FFC0023F7
:1000A000C0E901330360C360A66846B940F271211C
:1000B0004046FFF711FF0023A060064603602C4670
:1000C0004FF0000907F001037F1053B12946324673
:1000D0004046FFF717FF214605464046FFF748FE1A
:1000E00067B1306838B9324631464046FFF70AFFFB
:1000F0003060C0F8009006462C46E3E72846BDE88D
:10010000F88300BF8C9A020859990208D99902080D
:100110002DE9F84F0C464968236903EB6218A36880
:10012000074615464FEA621A08F101094B450BDBF9
:100130003846FFF7DFFD064648B90246294B2A48F4
:100140004FF4EF7100F0FAFB01315B00EEE70023A2
:1001500000F1140C00F110021946534535DB2269F9
:100160002AEAEA7A0CEB8A0C04F1140315F01F0E4C
:10017000614603EB82022CD0CEF1200A00251868DC
:100180008B4600FA0EF02843CBF8000053F8045BCE
:100190009A4201F1040125FA0AF5F0D8131B153B28
:1001A00023F0030304F115018A4238BF00239C4465
:1001B000CCF8045005B9C1463846C6F8109021461F
:1001C000FFF7D6FD3046BDE8F88F42F8041F013333
:1001D000C3E753F8045B0D609A4201F10401F8D8BB
:1001E000E9E700BFC8990208D99902080A690346DD
:1001F0000069801A30B50ED11433143103EB820438
:1002000001EB820154F8045D51F8042D954203D0AE
:1002100005D24FF0FF3030BDA342F3D3FBE70120FE
:10022000F9E700002DE9F74F8A4606461146504689
:100230001446FFF7DBFF051E12D129463046FFF7B3
:1002400059FD024628B9414B40F23721404800F0A1
:1002500075FB0123C0E90435104603B0BDE8F08FFB
:10026000BCBF5346A2463046DAF80410BABF1C465B
:1002700001250025FFF73EFD024618B9334B40F239
:100280004521E3E7DAF810702669C5600AF1140920
:1002900004F1140E00F114050AF1100309EB8708AC
:1002A0000EEB86060193AB464FF0000C019B5EF807
:1002B000040B53F804AF01931FFA8AF3194683B273
:1002C000CB1A000C6344C0EB1A4000EB23409BB2F6
:1002D00043EA004376454BF8043B4FEA204CE5D80F
:1002E000331B153B153423F00303A64238BF00230C
:1002F000E8184B441C1D04302646A5EB090546456D
:1003000006EB050E0ED308F10301091B21F00301D2
:100310000133984538BF0021014451F8043D9BB199
:10032000176199E756F8041BE2464FEA11491CFA97
:1003300081FC514409EB2C4989B241EA09414FEA59
:10034000294CCEF80010DAE7013FE6E7C899020829
:10035000D99902082DE9F7430F46012159EC108B7A
:100360001646FFF7C7FC044630B90246234B244823
:1003700040F20F3100F0E2FAC9F30A55C9F3130352
:100380000DB143F480130193B8F1000323D0684604
:100390000093FFF774FD0099D8B1019AC0F12003D2
:1003A00002FA03F30B43C24063610192019BA36114
:1003B000002B0CBF012202222261A5B1A5F2334518
:1003C00005443D60C0F135003060204603B0BDE813
:1003D000F0836161EAE701A8FFF751FD019B6361CA
:1003E00020300122E8E704EB8203A0F232403860BB
:1003F0001869FFF725FDC0EB4210E5E7C899020830
:10040000D99902089368013B002B10B4936008DA75
:100410009469A34201DB0A2903D15DF8044BFEF77E
:100420006FBC1368581C1060197008465DF8044BC7
:100430007047F8B506460F461446D518AC4201D1B0
:10044000002007E014F8011B3A463046FFF7DAFFB8
:10045000431CF3D1F8BD00002DE9F0470D469CB0D8
:1004600014461F46064618B1036A0BB9FEF756FB41
:100470006B6ED90705D4AB899A0502D4A86DFEF737
:1004800078FDAB891B0701D52B699BB929463046FE
:10049000FEF774FC70B16B6EDC0704D54FF0FF30D3
:1004A0001CB0BDE8F087AB899805F7D4A86DFEF7BE
:1004B00061FDF3E70023099320238DF8293003978A
:1004C00030236A4F8DF82A304FF0010823469946B1
:1004D00013F8012B0AB1252AF9D1B9EB040A0BD084
:1004E0005346224629463046FFF7A3FF013000F06D
:1004F000A480099A5244099299F80030002B00F028
:100500009C8000234FF0FF32CDE9052309F101095A
:10051000049307938DF853301A934C46534814F8BC
:10052000011B0522DFF73CFE049BD0B9D90644BF6E
:1005300020228DF853201A0744BF2B228DF8532018
:1005400099F800202A2A13D0079A4C4600204FF031
:100550000A0C214611F8013B303B092B49D968B9F7
:1005600013E0C01B08FA00F018430490A146D4E73A
:10057000039A111D12680391002A01DB079204E01F
:10058000524243F002030792049323782E2B0AD1A0
:1005900063782A2B32D1039B1A1D1B68039243EA0E
:1005A000E37302340593DFF8D490217803224846A0
:1005B000DFF7F6FD38B1049BA0EB09004022824032
:1005C00013430134049314F8011B29488DF82810B3
:1005D0000622DFF7E5FD00283ED0264818BB039B26
:1005E000073323F0070308330393099B034409935C
:1005F0006CE70CFB02320C460120AAE70023013411
:10060000059319464FF00A0C204610F8012B303A9A
:10061000092A03D9002BC6D00591C4E70CFB0121A0
:1006200004460123F0E703AB00932A46124B04A9CA
:100630003046FDF729FE431CD7D16B6ED90705D490
:10064000AB899A0502D4A86DFEF794FCAB895B06D2
:100650003FF524AF099823E703AB00932A46064BE6
:1006600004A93046FEF7A6F8E5E700BF329A020873
:100670003C9A020889E2010833040208389A020809
:10068000B1F90C202DE9F041160705460C4651D46E
:100690004B68002B02DC0B6C002B49DDE66A002E58
:1006A00046D0002312F480522F682B6031D0626D47
:1006B000A389590705D56368D21A636B0BB1236C04
:1006C000D21A0023E66A216A2846B047421CB4F9D0
:1006D0000C3006D129681D2946D8294ACA40D607B8
:1006E00042D500226260D9042269226004D5421CEE
:1006F00001D12B6803B96065616B2F60C1B104F152
:100700004403994202D02846FFF7AAFA0023636304
:100710000EE0216A01232846B0470246501CC7D18B
:100720002B68002BC4D01D2B01D0162B1AD12F60A3
:1007300000201EE00F69002FFAD093070E6808BF53
:100740004B690F6018BF0023A6EB07088B60B8F158
:10075000000FEDDD216AA66A43463A462846B047B7
:10076000002808DCB4F90C3043F04003A3814FF0BB
:10077000FF30BDE8F0810744A8EB0008E7E700BFC1
:100780000100402038B50B6905460C4613B9002519
:10079000284638BD18B1036A0BB9FEF7BFF9B4F9A2
:1007A0000C30002BF3D0626ED00704D4990502D42C
:1007B000A06DFEF7DEFB28462146FFF761FF636E62
:1007C000DA070546E4D4A3899B05E1D4A06DFEF7C2
:1007D000D1FBDDE770B50C46B1F90E10002996B0DB
:1007E00015461E460ADAA18911F0800113D14FF493
:1007F0008062002031602A6016B070BD6A4600F049
:100800007BF80028EFDB019901F47041A1F500535A
:1008100059425941EBE700214022EAE78B8973B541
:100820009E0705460C4607D504F147032360236164
:100830000123636102B070BD01AB6A46FFF7CAFFD6
:10084000009E28463146FDF7F3FBB4F90C3038B969
:100850009A05EFD423F0030343F00203A381E3E7F7
:1008600043F08003A381019B2060C4E90406002BB0
:10087000E0D0B4F90E10284600F050F80028D9D086
:10088000A38923F0030343F00103A381D2E770B5EA
:100890000D461446064618B1036A0BB9FEF73EF939
:1008A000636ED80705D4A389990502D4A06DFEF71D
:1008B00060FBA368013B002BA36005DAA2699342A9
:1008C00012DBEBB20A2B0FD023685A1C22601D707A
:1008D000EDB2636EDA0705D4A3899B0502D4A06D3F
:1008E000FEF748FB284670BD294622463046FEF7F3
:1008F00007FA0546EDE7000038B5074D002304462A
:10090000084611462B60F2F7C6FA431C02D12B6849
:1009100003B1236038BD00BFE424002038B5064D84
:100920000023044608462B60F2F7C5FA431C02D1A7
:100930002B6803B1236038BDE42400201FB51446A2
:100940001A46094B1B680546D8684CB1074B009105
:10095000CDE9013406492B4600F042F800F052F888
:10096000044B1C46F3E700BF580000204D9A0208D4
:100970005A9A0208889A020870B5A1FB025434B949
:100980002946FDF755FB064628B9304670BD0C22B6
:1009900002600026F9E72A462146FEF75CFAF4E7F2
:1009A00082B001B901A942B14BB113780B60127842
:1009B000101E18BF012002B070471046FBE76FF011
:1009C0000100F8E70346084641B1FF2A04D98A220C
:1009D0001A604FF0FF3070470A7001207047000026
:1009E0000EB403B5014603AB054853F8042B006869
:1009F0000193FFF731FD02B05DF804EB03B07047DF
:100A00005800002008B5062000F02CF80120F2F76D
:100A10000EFA1F2938B505460C4604D91623036083
:100A20004FF0FF3038BDC26B12B152F821304BB9D4
:100A3000284600F031F8224601462846BDE83840F5
:100A400000F018B8012B0AD0591C03D116230360FB
:100A50000120E7E7002142F82410204698470020B3
:100A6000E0E70000024B01461868FFF7D2BF00BF65
:100A70005800002038B5074D0023044608461146AB
:100A80002B60F2F7C4F9431C02D12B6803B1236039
:100A900038BD00BFE4240020F2F7B1B9F8B500BFBB
:100AA000F8BC08BC9E467047F8B500BFF8BC08BC4F
:040AB0009E467047A7
:100AB80000000000000000000000000054210208AF
:100AC800E4010320E8010320260404005769726545
:100AD8006C657373204669726D77617265207665FF
:100AE8007273696F6E2025642E25642E25640A00B2
:100AF800576972656C657373204669726D776172A8
:100B080065206275696C642025640A004655532087
:100B180076657273696F6E2025642E25642E2564B0
:100B28000A0000003E3E3D3D20534843495F53556F
:100B3800425F4556545F434F44455F5245414459CF
:100B48000A0D00003E3E3D3D20534843495F535542
:100B5800425F4556545F4552524F525F4E4F54497B
:100B680046200A0D000000003E3E3D3D205348430C
:100B7800495F5355425F4556545F424C455F4E5658
:100B88004D5F52414D5F555044415445202D2D2015
:100B9800424C45204E564D2052414D20484153204D
:100BA8004245454E20555044415445442042592021
:100BB800435055322000000020202020202D2053B3
:100BC8007461727441646472657373203D20256C8E
:100BD80078202C2053697A65203D20256C640A0012
:100BE8003D3D3E3E20534843495F5355425F45567D
:100BF800545F4E564D5F53544152545F57524954B7
:100C080045203A204E756D6265724F66576F726463
:100C180073203D20256C640A000000003E3E3D3DE7
:100C280020534843495F5355425F4556545F4E56DB
:100C38004D5F454E445F57524954450A0D00000028
:100C48003D3D3E3E534843495F5355425F455654E8
:100C58005F4E564D5F53544152545F455241534580
:100C6800203A204E756D6265724F66536563746FE6
:100C78007273203D20256C640A0000003E3E3D3D15
:100C880020534843495F5355425F4556545F4E567B
:100C98004D5F454E445F45524153450A0D000000E3
:100CA8003E3E3D3D20534843495F5355425F4556BC
:100CB800545F4552524F525F4E4F54494620574950
:100CC800544820524541534F4E202578200A0D00A4
:100CD8003E3E3D3D20534843495F5355425F45568C
:100CE800545F4552524F525F4E4F54494620574920
:100CF800544820524541534F4E202D204552525FB3
:100D0800424C455F494E4954200000003E3E3D3D5F
:100D180020534843495F5355425F4556545F4552F7
:100D2800524F525F4E4F544946205749544820521B
:100D38004541534F4E202D20424C45204552524F9D
:100D4800522000003E3E3D3D20574952454C4553F8
:100D5800535F46575F52554E4E494E47200000009C
:100D68003E3E3D3D204442474D43555F47657452E2
:100D780065766973696F6E49443D20256C78200A51
:100D88000D0000003E3E3D3D204442474D43555F27
:100D980047657444657669636549443D20256C78E8
:100DA800200A0D003E3E3D3D20534843495F5355C0
:100DB800425F4556545F434F44455F52454144594D
:100DC800202D204655535F46575F52554E4E494E8B
:100DD80047200A0D000000003E3E3D3D2053484399
:100DE800495F5355425F4556545F434F44455F52F0
:100DF80045414459202D20554E45585045435445AA
:100E0800442043415345200A0D0000007265636584
:100E1800697665642025730A000000005357310085
:100E2800535731204F4B000053573200535732204D
:100E38004F4B000053573300535733204F4B00009C
:100E48004E4F54205245434F474E495A454420433C
:100E58004F4D4D414E44203A2025730A00000000B2
:100E680020204661696C2020203A20534843495F7E
:100E780043325F424C455F496E697420636F6D6D04
:100E8800616E642C20726573756C743A2030782515
:100E98003032780A0D0000002020537563636573B3
:100EA800733A20534843495F43325F424C455F4998
:100EB8006E697420636F6D6D616E640A0D000000C9
:100EC80020204661696C2020203A206163695F68B0
:100ED800616C5F7365745F726164696F5F6163748D
:100EE80069766974795F6D61736B20636F6D6D618D
:100EF8006E642C20726573756C743A20307825788E
:100F0800200A0D002020537563636573733A2061CE
:100F180063695F68616C5F7365745F726164696F50
:100F28005F61637469766974795F6D61736B20635F
:100F38006F6D6D616E640A0D000000003E3E3D3D20
:100F4800204843495F444953434F4E4E4543544913
:100F58004F4E5F434F4D504C4554455F4556545F87
:100F6800434F44450000000020202020202D20432E
:100F78006F6E6E656374696F6E2048616E646C6530
:100F88003A202020307825780A20202020202D2083
:100F9800526561736F6E3A20202020307825780AD8
:100FA8000D0000003E3E3D3D204843495F4C455FF3
:100FB800434F4E4E454354494F4E5F55504441545C
:100FC800455F434F4D504C4554455F535542455638
:100FD800545F434F4445000020202020202D20430B
:100FE8006F6E6E656374696F6E20496E7465727694
:100FF800616C3A202020252E3266206D730A20204D
:101008002020202D20436F6E6E656374696F6E20FB
:101018006C6174656E63793A2020202025640A206B
:10102800202020202D205375706572766973696FB2
:101038006E2054696D656F75743A202564206D7350
:101048000A0D00003D3D3E3E204843495F4C455F48
:101058005048595F5550444154455F434F4D504C9B
:101068004554455F5355424556545F434F444520C8
:101078002D200000737461747573206F6B2000005D
:10108800737461747573206E6F6B20003D3D3E3E36
:10109800206863695F6C655F726561645F70687919
:1010A800203A206661696C0A0D0000003D3D3E3E15
:1010B800206863695F6C655F726561645F706879F9
:1010C800202D205375636365737320003D3D3E3EBC
:1010D8002050485920506172616D202054583D209D
:1010E80025642C2052583D202564200A0D0000005C
:1010F8003E3E3D3D204843495F4C455F434F4E4E81
:10110800454354494F4E5F434F4D504C4554455FFE
:101118005355424556545F434F4445202D20436F55
:101128006E6E656374696F6E2068616E646C653A93
:1011380020307825780A000020202020202D204308
:101148006F6E6E656374696F6E2065737461626C2F
:10115800697368656420776974682043656E747282
:10116800616C3A20403A253032783A253032783A64
:10117800253032783A253032783A253032783A2597
:101188003032780A000000003E3E3D3D2041434990
:101198005F4741505F4C494D495445445F4449536A
:1011A800434F56455241424C455F56534556545F4E
:1011B800434F4445200000003E3E3D3D2041434909
:1011C8005F4741505F504153535F4B45595F52450C
:1011D800515F56534556545F434F44452000000025
:1011E8003D3D3E3E206163695F6761705F7061737A
:1011F800735F6B65795F72657370203A2046616929
:101208006C2C20726561736F6E3A20307825780AED
:10121800000000003D3D3E3E206163695F676170EC
:101228005F706173735F6B65795F72657370203A85
:101238002053756363657373200000003E3E3D3D97
:10124800204143495F4741505F415554484F5249F7
:101258005A4154494F4E5F5245515F565345565473
:101268005F434F44450000003D3D3E3E2041434919
:101278005F4741505F424F4E445F4C4F53545F5657
:10128800534556545F434F44452000003D3D3E3E84
:10129800206163695F6761705F616C6C6F775F7213
:1012A80065626F6E64203A204661696C2C20726515
:1012B80061736F6E3A20307825780A003D3D3E3ED6
:1012C800206163695F6761705F616C6C6F775F72E3
:1012D80065626F6E64203A2053756363657373208B
:1012E800000000003E3E3D3D204143495F474150DC
:1012F8005F414444525F4E4F545F5245534F4C56E2
:1013080045445F56534556545F434F4445200000BB
:101318003E3E3D3D204143495F4741505F4B455963
:1013280050524553535F4E4F5449464943415449DF
:101338004F4E5F56534556545F434F444500000097
:101348003E3E3D3D204143495F4741505F4E554D2C
:10135800455249435F434F4D50415249534F4E5FA9
:1013680056414C55455F56534556545F434F444587
:101378000000000020202020202D206E756D657251
:1013880069635F76616C7565203D20256C640A0091
:1013980020202020202D204865785F76616C7565B7
:1013A800203D20256C780A003D3D3E3E2061636962
:1013B8005F6761705F6E756D657269635F636F6D9E
:1013C80070617269736F6E5F76616C75655F636F6C
:1013D8006E6669726D5F7965736E6F2D2D3E594526
:1013E80053203A204661696C2C20726561736F6ED8
:1013F8003A20307825780A003D3D3E3E20616369F9
:101408005F6761705F6E756D657269635F636F6D4D
:1014180070617269736F6E5F76616C75655F636F1B
:101428006E6669726D5F7965736E6F2D2D3E5945D5
:1014380053203A20537563636573732000000000DE
:101448003E3E3D3D204143495F4741505F50414941
:1014580052494E475F434F4D504C4554455F565394
:101468004556545F434F444500000000202020208B
:10147800202D2050616972696E672053756363651A
:101488007373000020202020202D2050616972698C
:101498006E67204B4F200A20202020202D205374D7
:1014A800617475733A20307825780A20202020202E
:1014B8002D20526561736F6E3A20307825780A00C6
:1014C8003E3E3D3D204143495F4741505F50524FAA
:1014D800435F434F4D504C4554455F565345565412
:1014E8005F434F4445200D003E3E3D3D204143496A
:1014F8005F474154545F494E4449434154494F4E14
:101508005F56534556545F434F4445200D00000035
:101518003D3D3E3E20537461727420426C655F48C5
:1015280063695F4761705F476174745F496E69748E
:101538002066756E6374696F6E0000002020466136
:10154800696C2020203A206863695F72657365744E
:1015580020636F6D6D616E642C20726573756C7499
:101568003A2030782578200A0000000020205375A2
:1015780063636573733A206863695F726573657442
:1015880020636F6D6D616E6400000000202046616D
:10159800696C2020203A206163695F68616C5F771D
:1015A800726974655F636F6E6669675F64617461B1
:1015B80020636F6D6D616E64202D20434F4E464948
:1015C800475F444154415F5055424C49435F414451
:1015D80044524553535F4F46465345542C20726539
:1015E80073756C743A2030782578200A0000000062
:1015F8002020537563636573733A206163695F687C
:10160800616C5F77726974655F636F6E6669675F47
:101618006461746120636F6D6D616E64202D204379
:101628004F4E4649475F444154415F5055424C49EB
:10163800435F414444524553535F4F4646534554D4
:101648000000000020205075626C696320426C75B0
:1016580065746F6F746820416464726573733A20AF
:10166800253032783A253032783A253032783A25A2
:101678003032783A253032783A253032780A00000C
:1016880020204661696C2020203A206163695F68E8
:10169800616C5F77726974655F636F6E6669675FB7
:1016A8006461746120636F6D6D616E64202D2043E9
:1016B8004F4E4649475F444154415F49525F4F4648
:1016C800465345542C20726573756C743A203078F3
:1016D8002578200A00000000202053756363657395
:1016E800733A206163695F68616C5F7772697465DA
:1016F8005F636F6E6669675F6461746120636F6DB5
:101708006D616E64202D20434F4E4649475F44412A
:1017180054415F49525F4F4646534554000000000C
:1017280020204661696C2020203A206163695F6847
:10173800616C5F77726974655F636F6E6669675F16
:101748006461746120636F6D6D616E64202D204348
:101758004F4E4649475F444154415F45525F4F46AB
:10176800465345542C20726573756C743A20307852
:101778002578200A000000002020537563636573F4
:10178800733A206163695F68616C5F777269746539
:101798005F636F6E6669675F6461746120636F6D14
:1017A8006D616E64202D20434F4E4649475F44418A
:1017B80054415F45525F4F46465345540000000070
:1017C80020204661696C2020203A206163695F68A7
:1017D800616C5F7365745F74785F706F7765725F53
:1017E8006C6576656C20636F6D6D616E642C20721C
:1017F8006573756C743A2030782578200A000000EB
:101808002020537563636573733A206163695F6869
:10181800616C5F7365745F74785F706F7765725F12
:101828006C6576656C20636F6D6D616E6400000099
:1018380020204661696C2020203A206163695F6737
:101848006174745F696E697420636F6D6D616E6435
:101858002C20726573756C743A2030782578200ACC
:10186800000000002020537563636573733A20619C
:1018780063695F676174745F696E697420636F6D13
:101888006D616E64000000005032505352563100B2
:1018980020204661696C2020203A206163695F67D7
:1018A80061705F696E697420636F6D6D616E642C21
:1018B80020726573756C743A2030782578200A0098
:1018C8002020537563636573733A206163695F67AA
:1018D80061705F696E697420636F6D6D616E64001D
:1018E80020204661696C2020203A206863695F6C7B
:1018F800655F7365745F64656661756C745F706855
:101908007920636F6D6D616E642C20726573756CE0
:10191800743A2030782578200A000000202053757A
:1019280063636573733A206863695F6C655F7365A9
:10193800745F64656661756C745F70687920636F45
:101948006D6D616E6400000020204661696C202086
:10195800203A206163695F6761705F7365745F69CE
:101968006F5F6361706162696C69747920636F6D20
:101978006D616E642C20726573756C743A203078D2
:101988002578200A000000002020537563636573E2
:10199800733A206163695F6761705F7365745F693B
:1019A8006F5F6361706162696C69747920636F6DE0
:1019B8006D616E640000000020204661696C202083
:1019C800203A206163695F6761705F7365745F6166
:1019D800757468656E7469636174696F6E5F72654A
:1019E80071756972656D656E7420636F6D6D616E7A
:1019F800642C20726573756C743A203078257820D1
:101A08000A0000002020537563636573733A2061F0
:101A180063695F6761705F7365745F61757468653A
:101A28006E7469636174696F6E5F726571756972EE
:101A3800656D656E7420636F6D6D616E6400000086
:101A480020204661696C2020203A206163695F6725
:101A580061705F636F6E6669677572655F776869E5
:101A680074656C69737420636F6D6D616E642C208E
:101A7800726573756C743A2030782578200A0000F6
:101A88002020537563636573733A206163695F67E8
:101A980061705F636F6E6669677572655F776869A5
:101AA80074656C69737420636F6D6D616E6400009A
:101AB8003D3D3E3E20456E6420426C655F4863694B
:101AC8005F4761705F476174745F496E697420662F
:101AD800756E6374696F6E0A0D0000003D3D3E3EF1
:101AE800206163695F6761705F7365745F6E6F6EB5
:101AF8005F646973636F76657261626C65202D201F
:101B080053746F70204164766572746973696E6787
:101B1800204661696C6564202C20726573756C744D
:101B28003A202564200A00003D3D3E3E206163695D
:101B38005F6761705F7365745F6E6F6E5F64697312
:101B4800636F76657261626C65202D2053756363DF
:101B580065737366756C6C792053746F7070656407
:101B6800204164766572746973696E6720000000AD
:101B78003D3D3E3E206163695F6761705F736574D8
:101B88005F646973636F76657261626C65202D208E
:101B98006661696C2C20726573756C743A203078B4
:101BA8002578200A000000003D3D3E3E2061636923
:101BB8005F6761705F7365745F646973636F76658F
:101BC8007261626C65202D205375636365737300C1
:101BD8003D3D3E3E2053746172742046617374200B
:101BE8004164766572746973696E67204661696CD1
:101BF8006564202C20726573756C743A2025642006
:101C08000A0D00003D3D3E3E205374617274204C25
:101C18006F7720506F7765722041647665727469BA
:101C280073696E67204661696C6564202C20726553
:101C380073756C743A202564200A0D003D3D3E3EC4
:101C480020537563636573733A205374617274200B
:101C580046617374204164766572746973696E674E
:101C6800200A0D003D3D3E3E205375636365737346
:101C78003A205374617274204C6F7720506F7765E7
:101C880072204164766572746973696E67200A0D03
:101C9800000000002A2A2053544F50204144564542
:101CA80052544953494E47202A2A20204661696CDC
:101CB8006564200D0A0D000020200D0A0D000000AB
:101CC8002A2A2053544F50204144564552544953D0
:101CD800494E47202A2A20200D0A0D00424C455F14
:101CE8005356435F4C324341505F436F6E6E5F55AE
:101CF800706461746528292C204661696C656420CC
:101D08000D0A0D00424C455F5356435F4C32434128
:101D1800505F436F6E6E5F55706461746528292C3F
:101D2800205375636365737366756C6C79200D0A4F
:101D38000D0000002D2D20503250204150504C49AC
:101D4800434154494F4E20534552564552203A205C
:101D58004E4F54494649434154494F4E20454E4100
:101D6800424C454400000000200A0D002D2D205053
:101D78003250204150504C49434154494F4E205312
:101D88004552564552203A204E4F54494649434100
:101D980054494F4E2044495341424C4544000000A9
:101DA800504B5F41434B2072656365697665640DEE
:101DB800000000006B65792073656E6420656E64B1
:101DC800200D00005075626C6963204B65792053C3
:101DD800656E642054696D65203D20256C75206D05
:101DE800730D0A004D53475F41434B20726563658D
:101DF800697665640D0000006D73672073656E6415
:101E080020656E64200D00004D6573736167652061
:101E180053656E642054696D65203D20256C7520DE
:101E28006D730D0A000000005349475F41434B2082
:101E380072656365697665640D00000073696720E3
:101E480073656E6420656E64200D00005369676ECB
:101E580061747572652053656E642054696D6520E0
:101E68003D20256C75206D730D0A00005645525FA4
:101E780041434B2072656365697665640D00000017
:101E880052756E20256C75202F20256420636F6D98
:101E9800706C6574650D0A003D3D3D3D3D3D3D3D21
:101EA8003D3D3D3D3D3D3D3D3D3D3D3D3D3D3D3D5A
:101EB8003D3D3D3D3D3D3D3D3D3D3D3D3D3D3D3D4A
:101EC8003D3D3D3D3D3D3D3D3D3D3D3D3D3D3D3D3A
:101ED8003D3D3D20200D0000416C6C2025642072A2
:101EE800756E7320636F6D706C6574650D0A000004
:101EF8002D2D20503250204150504C4943415449D7
:101F08004F4E2053455256455220203A204C4544C6
:101F180031204F4E000000002D2D2050325020411E
:101F280050504C49434154494F4E20534552564511
:101F38005220203A204C454431204F4646000000AC
:101F48002D2D20503250204150504C494341544986
:101F58004F4E205345525645522031203A204C4589
:101F68004431204F4E0000002D2D2050325020418A
:101F780050504C49434154494F4E205345525645C1
:101F8800522031203A204C454431204F464600002B
:101F98004C454420424C5545204F46460000000021
:101FA8005374617274696E672072756E20256C7542
:101FB800202F2025640D0A006B65792067656E2047
:101FC8007374617274200D006B65792067656E20EB
:101FD800656E64200D0000005075626C69632061B5
:101FE8006E642050726976617465206B6579732020
:101FF80067656E657261746564200D004B657920B4
:1020080047656E65726174696F6E2054696D6520ED
:102018003D20256C75206D730D0A00004572726FA6
:102028007220696E204B65792047656E6572617410
:10203800696F6E200D0000007369672067656E2068
:102048007374617274200D007369672067656E2070
:10205800656E64200D0000004D657373616765202F
:102068007369676E656420737563636573736675FA
:102078006C6C79200D0000005369676E696E6720EB
:1020880054696D65203D20256C75206D730D0A001F
:102098005369676E696E67206661696C65640D00D7
:1020A8006B65792073656E64207374617274200D9A
:1020B800000000005075626C6963204B65792073DD
:1020C800656E74200D0000006D73672073656E6483
:1020D800207374617274200D000000004D657373E5
:1020E8006167652073656E74202825752062797490
:1020F8006573290D0A0000007369672073656E64B3
:10210800207374617274200D000000005369676EBB
:1021180061747572652073656E74200D000000008F
:1021280012000000240000003600000040000000FB
:10213800060000000C000000100000000000000075
:102148000100000002000000030000000000004839
:1021580001000000000000480100000000000048E5
:1021680001000000000000480100000000000048D5
:1021780001000000000000480100000000000048C5
:1021880001000000000000480100000000000048B5
:1021980001000000000000480100000000000048A5
:1021A8000100000000000048010000000000004895
:1021B8000100000000000048010000000000004885
:1021C8000100000000000048010000000000004875
:1021D8000100000000000048010000000000004865
:1021E8000100000000000048010000000000004855
:1021F8000100000000000048010000000000004845
:102208000100000000000048010000000000004834
:102218000100000000000048010000000000004824
:102228000100000000000048010000000000004814
:102238000100000000000048010000000000004804
:1022480001000000000000480100000000000048F4
:1022580001000000000000480100000000000048E4
:1022680001000000000000480100000000000048D4
:1022780001000000000000480100000000080808F4
:1022880008080707060605000008080808080808DF
:1022980008080800000000007A8C01004A2F03009B
:1022A800418B0600879C0D0018451C0046A23A0089
:1022B800B6747900C049FB00265407029A293004F5
:1022C80000004100430047004D00560064007A00BA
:1022D8009A00CD001F01000001000000000000006E
:1022E80082800000000000008A800000000000805A
:1022F80000800080000000808B800000000000004B
:102308000100008000000000818000800000008043
:1023180009800000000000808A0000000000000022
:102328008800000000000000098000800000000014
:102338000A000080000000008B8000800000000080
:102348008B000000000000808980000000000080F1
:102358000380000000000080028000000000008070
:1023680080000000000000800A80000000000000DB
:102378000A0000800000008081800080000000804A
:102388008080000000000080010000800000000044
:1023980008800080000000800000000000000000AD
:1023A80000000000000000000000000000000080A5
:1023B800000000000000F03FCD3B7F669EA0E63F96
:1023C800CD3B7F669EA0E63FCD3B7F669EA0E6BFE5
:1023D800CD3B7F669EA0E63F468D32CF6B90ED3FAA
:1023E80063A9AEA6E27DD83F63A9AEA6E27DD8BFB9
:1023F800468D32CF6B90ED3F63A9AEA6E27DD83F04
:10240800468D32CF6B90ED3F468D32CF6B90EDBF4E
:1024180063A9AEA6E27DD83FB05CF7CF9762EF3FE5
:102428000BA6693CB8F8C83F0BA6693CB8F8C8BF0A
:10243800B05CF7CF9762EF3FC868AE393BC7E13F62
:10244800A3A10E29669BEA3FA3A10E29669BEABFBA
:10245800C868AE393BC7E13FA3A10E29669BEA3F96
:10246800C868AE393BC7E13FC868AE393BC7E1BF72
:10247800A3A10E29669BEA3F0BA6693CB8F8C83FA2
:10248800B05CF7CF9762EF3FB05CF7CF9762EFBFD2
:102498000BA6693CB8F8C83F2625D1A38DD8EF3FD5
:1024A8002CB429BCA617B93F2CB429BCA617B9BFB0
:1024B8002625D1A38DD8EF3FD61D0925F34CE43F3F
:1024C8004117156B80BCE83F4117156B80BCE8BF0E
:1024D800D61D0925F34CE43FB1BD80F1B238EC3F7D
:1024E8003BF606385D2BDE3F3BF606385D2BDEBF3C
:1024F800B1BD80F1B238EC3F069FD52E0694D23F8D
:10250800DA2DC656419FEE3FDA2DC656419FEEBFE3
:10251800069FD52E0694D23FDA2DC656419FEE3F30
:10252800069FD52E0694D23F069FD52E0694D2BF7D
:10253800DA2DC656419FEE3F3BF606385D2BDE3F4F
:10254800B1BD80F1B238EC3FB1BD80F1B238ECBF1B
:102558003BF606385D2BDE3F4117156B80BCE83F24
:10256800D61D0925F34CE43FD61D0925F34CE4BFDD
:102578004117156B80BCE83F2CB429BCA617B93F9E
:102588002625D1A38DD8EF3F2625D1A38DD8EFBF1F
:102598002CB429BCA617B93F7E6D79E321F6EF3F2D
:1025A80014D80DF1651FA93F14D80DF1651FA9BFF7
:1025B8007E6D79E321F6EF3FA0EC8C34697DE53F31
:1025C800AFAF6A22DFB5E73FAFAF6A22DFB5E7BF3B
:1025D800A0EC8C34697DE53F73C73CF47AEDEC3FA1
:1025E800C05CE109105DDB3FC05CE109105DDBBF49
:1025F80073C73CF47AEDEC3FDD1FAB759A8FD53F7E
:10260800E586F6042121EE3FE586F6042121EEBF9A
:10261800DD1FAB759A8FD53FD73092FB7E0AEF3F0F
:102628001B5F217BF919CF3F1B5F217BF919CFBFB6
:10263800D73092FB7E0AEF3FEEFF22998773E03F87
:102648003E6E19458372EB3F3E6E19458372EBBFB0
:10265800EEFF22998773E03F4187F347E0B3E93FF4
:102668003570E1FCF70FE33F3570E1FCF70FE3BF8E
:102678004187F347E0B3E93F3A618E6E10C8C23F25
:1026880017A5087F55A7EF3F17A5087F55A7EFBFE8
:102698003A618E6E10C8C23F17A5087F55A7EF3F55
:1026A8003A618E6E10C8C23F3A618E6E10C8C2BFC2
:1026B80017A5087F55A7EF3F3570E1FCF70FE33FFB
:1026C8004187F347E0B3E93F4187F347E0B3E9BF08
:1026D8003570E1FCF70FE33F3E6E19458372EB3F1F
:1026E800EEFF22998773E03FEEFF22998773E0BFE0
:1026F8003E6E19458372EB3F1B5F217BF919CF3F73
:10270800D73092FB7E0AEF3FD73092FB7E0AEFBFAD
:102718001B5F217BF919CF3FE586F6042121EE3FA7
:10272800DD1FAB759A8FD53FDD1FAB759A8FD5BF6F
:10273800E586F6042121EE3FC05CE109105DDB3F30
:1027480073C73CF47AEDEC3F73C73CF47AEDECBF09
:10275800C05CE109105DDB3FAFAF6A22DFB5E73F40
:10276800A0EC8C34697DE53FA0EC8C34697DE5BF35
:10277800AFAF6A22DFB5E73F14D80DF1651FA93F57
:102788007E6D79E321F6EF3F7E6D79E321F6EFBFA9
:1027980014D80DF1651FA93F0DCD846088FDEF3F6A
:1027A8007E66A3F75521993F7E66A3F7552199BF09
:1027B8000DCD846088FDEF3FDF2C1D55B710E63F37
:1027C80096FFEF37082DE73F96FFEF37082DE7BF55
:1027D800DF2C1D55B710E63F3AC94DD13441ED3FC6
:1027E8008AEDA84379EFD93F8AEDA84379EFD9BF9D
:1027F8003AC94DD13441ED3F9F45FA308508D73F5E
:102808003CC2CCB613DBED3F3CC2CCB613DBEDBF0C
:102818009F45FA308508D73F89E564ACF338EF3F28
:10282800634F7E6A820BCC3F634F7E6A820BCCBFBC
:1028380089E564ACF338EF3F234B1B54B31EE13FEB
:10284800000215580A09EB3F000215580A09EBBFA8
:10285800234B1B54B31EE13F822746A0A729EA3F1A
:10286800DF12DD4C056DE23FDF12DD4C056DE2BF86
:10287800822746A0A729EA3FC63F8B4414E2C53FFA
:10288800A94B71FA6487EF3FA94B71FA6487EFBFD0
:10289800C63F8B4414E2C53FD39FE17064C2EF3F4B
:1028A8000E73A9564E56BF3F0E73A9564E56BFBF5C
:1028B800D39FE17064C2EF3FB9502029FAAFE33FDC
:1028C800FB639249223AE93FFB639249223AE9BF06
:1028D800B9502029FAAFE33F2A956FACC0D7EB3F38
:1028E800BA9AF8DBA48BDF3FBA9AF8DBA48BDFBF78
:1028F8002A956FACC0D7EB3F77F6B162D211D13FC2
:10290800634968E740D7EE3F634968E740D7EEBFC1
:1029180077F6B162D211D13F12E148EC8862EE3FFE
:10292800016617945C13D43F016617945C13D4BFF7
:1029380012E148EC8862EE3F5EC431996EC6DC3F16
:10294800F51134214B95EC3FF51134214B95ECBF33
:102958005EC431996EC6DC3F6E97FF0B0E3BE83FB5
:10296800E9E5E3BBCAE6E43FE9E5E3BBCAE6E4BF61
:102978006E97FF0B0E3BE83FF619CE9220D5B23F7B
:102988003A8801ADCDE9EF3F3A8801ADCDE9EFBF17
:10299800F619CE9220D5B23F3A8801ADCDE9EF3F86
:1029A800F619CE9220D5B23FF619CE9220D5B2BFF5
:1029B8003A8801ADCDE9EF3FE9E5E3BBCAE6E43F7C
:1029C8006E97FF0B0E3BE83F6E97FF0B0E3BE8BF81
:1029D800E9E5E3BBCAE6E43FF51134214B95EC3F4A
:1029E8005EC431996EC6DC3F5EC431996EC6DCBFE9
:1029F800F51134214B95EC3F016617945C13D43FD5
:102A080012E148EC8862EE3F12E148EC8862EEBFC2
:102A1800016617945C13D43F634968E740D7EE3FDB
:102A280077F6B162D211D13F77F6B162D211D1BF38
:102A3800634968E740D7EE3FBA9AF8DBA48BDF3FDB
:102A48002A956FACC0D7EB3F2A956FACC0D7EBBFC8
:102A5800BA9AF8DBA48BDF3FFB639249223AE93F3D
:102A6800B9502029FAAFE33FB9502029FAAFE3BFA4
:102A7800FB639249223AE93F0E73A9564E56BF3F6F
:102A8800D39FE17064C2EF3FD39FE17064C2EFBF90
:102A98000E73A9564E56BF3FA94B71FA6487EF3F94
:102AA800C63F8B4414E2C53FC63F8B4414E2C5BF02
:102AB800A94B71FA6487EF3FDF12DD4C056DE23FE9
:102AC800822746A0A729EA3F822746A0A729EABF6E
:102AD800DF12DD4C056DE23F000215580A09EB3F95
:102AE800234B1B54B31EE13F234B1B54B31EE1BFC2
:102AF800000215580A09EB3F634F7E6A820BCC3FF0
:102B080089E564ACF338EF3F89E564ACF338EFBF8F
:102B1800634F7E6A820BCC3F3CC2CCB613DBED3FE1
:102B28009F45FA308508D73F9F45FA308508D7BFBB
:102B38003CC2CCB613DBED3F8AEDA84379EFD93F11
:102B48003AC94DD13441ED3F3AC94DD13441EDBF79
:102B58008AEDA84379EFD93F96FFEF37082DE73F75
:102B6800DF2C1D55B710E63FDF2C1D55B710E6BF0B
:102B780096FFEF37082DE73F7E66A3F75521993F6B
:102B88000DCD846088FDEF3F0DCD846088FDEFBFDB
:102B98007E66A3F75521993FDB929B1662FFEF3FB4
:102BA80084C7DEFCD121893F84C7DEFCD12189BFDF
:102BB800DB929B1662FFEF3F3D78F0251959E63FFF
:102BC800AFA8EA5444E7E63FAFA8EA5444E7E6BFB3
:102BD8003D78F0251959E63F8BE6C9736169ED3FE9
:102BE800D793BC632A37D93FD793BC632A37D9BF59
:102BF8008BE6C9736169ED3FE7CC1D31A9C3D73FA7
:102C08009BA0386252B6ED3F9BA0386252B6EDBF2A
:102C1800E7CC1D31A9C3D73F2D2F0B3B604EEF3FAB
:102C28005104B025A082CA3F5104B025A082CABF72
:102C38002D2F0B3B604EEF3F49DBDE634D73E13FC9
:102C480011D5219EBCD2EA3F11D5219EBCD2EABF44
:102C580049DBDE634D73E13FE2FA021B0963EA3F99
:102C680059EB3399791AE23F59EB3399791AE2BF54
:102C7800E2FA021B0963EA3F31BF50DED96DC73F54
:102C88007720A1A39975EF3F7720A1A39975EFBF8E
:102C980031BF50DED96DC73F7BA66DFD15CEEF3F26
:102CA800D5C29EC78537BC3FD5C29EC78537BCBF36
:102CB8007BA66DFD15CEEF3FD4564553D9FEE33FB5
:102CC8000D94EFA3CCFBE83F0D94EFA3CCFBE8BF3A
:102CD800D4564553D9FEE33F49557226C408EC3F04
:102CE800D678EF5219DCDE3FD678EF5219DCDEBF1A
:102CF80049557226C408EC3F3EDB4C3F44D3D13FD4
:102D0800740BDFC8D8BBEE3F740BDFC8D8BBEEBF6F
:102D18003EDB4C3F44D3D13F0DD14CAB7B81EE3FE2
:102D28005281E1C21054D33F5281E1C21054D3BF43
:102D38000DD14CAB7B81EE3F89E3865B7779DD3F34
:102D48009B7388348B67EC3F9B7388348B67ECBF2D
:102D580089E3865B7779DD3FBF2EBA0F407CE83F79
:102D680039099B9B449AE43F39099B9B449AE4BFE9
:102D7800BF2EBA0F407CE83F19A49A0AD0F6B53F97
:102D8800095BBDFCCAE1EF3F095BBDFCCAE1EFBFCF
:102D980019A49A0AD0F6B53FAD718E6595F0EF3F4C
:102DA800E020F8796E65AF3FE020F8796E65AFBF37
:102DB800AD718E6595F0EF3F9655A3928232E53F4F
:102DC800711757E3ECF8E73F711757E3ECF8E7BFE3
:102DD8009655A3928232E53F5CFCFCF3F0C1EC3FD0
:102DE800E71E01D84912DC3FE71E01D84912DCBFB3
:102DF8005CFCFCF3F0C1EC3F6AE77842E2D1D43FD7
:102E08007EC12B4B6A42EE3F7EC12B4B6A42EEBF1E
:102E18006AE77842E2D1D43FC273E4A378F1EE3F87
:102E2800AEFD370EB84FD03FAEFD370EB84FD0BF0E
:102E3800C273E4A378F1EE3FB73E4C87FC1CE03F39
:102E4800D2903567AAA5EB3FD2903567AAA5EBBF0C
:102E5800B73E4C87FC1CE03F42D7C7F47E77E93F7A
:102E6800F35906B15860E33FF35906B15860E3BF20
:102E780042D7C7F47E77E93F77F5DACEF039C13F1C
:102E880041D7957179B5EF3F41D7957179B5EFBFC6
:102E980077F5DACEF039C13F9B09C924F997EF3F9E
:102EA8005A3E29B17655C43F5A3E29B17655C4BF1A
:102EB8009B09C924F997EF3FEAF3FA25DBBEE23F05
:102EC80094AF29EF43EFE93F94AF29EF43EFE9BF10
:102ED800EAF3FA25DBBEE23F1257F53E4D3EEB3FE3
:102EE8008F895D4D70C9E03F8F895D4D70C9E0BF26
:102EF8001257F53E4D3EEB3F114345E54F93CD3F0D
:102F0800DA3A76F75222EF3FDA3A76F75222EFBFF3
:102F1800114345E54F93CD3F2BBE2D62AEFEED3FED
:102F2800C6273FDD7D4CD63FC6273FDD7D4CD6BF4B
:102F38002BBE2D62AEFEED3FCA3F6D2BC8A6DA3F11
:102F4800DC353E74E717ED3FDC353E74E717EDBF1F
:102F5800CA3F6D2BC8A6DA3F6172035FE771E73F8E
:102F68008C0165BE7BC7E53F8C0165BE7BC7E5BFAD
:102F78006172035FE771E73FCD55947565D8A23F4D
:102F88005DF7FEEF72FAEF3F5DF7FEEF72FAEFBF03
:102F9800CD55947565D8A23F5DF7FEEF72FAEF3F05
:102FA800CD55947565D8A23FCD55947565D8A2BF07
:102FB8005DF7FEEF72FAEF3F8C0165BE7BC7E53F18
:102FC8006172035FE771E73F6172035FE771E7BF13
:102FD8008C0165BE7BC7E53FDC353E74E717ED3FE6
:102FE800CA3F6D2BC8A6DA3FCA3F6D2BC8A6DABF09
:102FF800DC353E74E717ED3FC6273FDD7D4CD63FF5
:103008002BBE2D62AEFEED3F2BBE2D62AEFEEDBF98
:10301800C6273FDD7D4CD63FDA3A76F75222EF3F9E
:10302800114345E54F93CD3F114345E54F93CDBF40
:10303800DA3A76F75222EF3F8F895D4D70C9E03F4B
:103048001257F53E4D3EEB3F1257F53E4D3EEBBF56
:103058008F895D4D70C9E03F94AF29EF43EFE93F99
:10306800EAF3FA25DBBEE23FEAF3FA25DBBEE2BF6C
:1030780094AF29EF43EFE93F5A3E29B17655C43F53
:103088009B09C924F997EF3F9B09C924F997EFBF1A
:103098005A3E29B17655C43F41D7957179B5EF3F6E
:1030A80077F5DACEF039C13F77F5DACEF039C1BF1E
:1030B80041D7957179B5EF3FF35906B15860E33FB1
:1030C80042D7C7F47E77E93F42D7C7F47E77E9BF96
:1030D800F35906B15860E33FD2903567AAA5EB3F94
:1030E800B73E4C87FC1CE03FB73E4C87FC1CE0BF5A
:1030F800D2903567AAA5EB3FAEFD370EB84FD03F4B
:10310800C273E4A378F1EE3FC273E4A378F1EEBF93
:10311800AEFD370EB84FD03F7EC12B4B6A42EE3F13
:103128006AE77842E2D1D43F6AE77842E2D1D4BF75
:103138007EC12B4B6A42EE3FE71E01D84912DC3FA5
:103148005CFCFCF3F0C1EC3F5CFCFCF3F0C1ECBFB1
:10315800E71E01D84912DC3F711757E3ECF8E73F47
:103168009655A3928232E53F9655A3928232E5BFE7
:10317800711757E3ECF8E73FE020F8796E65AF3F49
:10318800AD718E6595F0EF3FAD718E6595F0EFBF2F
:10319800E020F8796E65AF3F095BBDFCCAE1EF3FFF
:1031A80019A49A0AD0F6B53F19A49A0AD0F6B5BF61
:1031B800095BBDFCCAE1EF3F39099B9B449AE43F98
:1031C800BF2EBA0F407CE83FBF2EBA0F407CE8BF45
:1031D80039099B9B449AE43F9B7388348B67EC3F87
:1031E80089E3865B7779DD3F89E3865B7779DDBFA5
:1031F8009B7388348B67EC3F5281E1C21054D33FF4
:103208000DD14CAB7B81EE3F0DD14CAB7B81EEBF3A
:103218005281E1C21054D33F740BDFC8D8BBEE3FD4
:103228003EDB4C3F44D3D13F3EDB4C3F44D3D1BF80
:10323800740BDFC8D8BBEE3FD678EF5219DCDE3FFF
:1032480049557226C408EC3F49557226C408ECBF9C
:10325800D678EF5219DCDE3F0D94EFA3CCFBE83FA4
:10326800D4564553D9FEE33FD4564553D9FEE3BF60
:103278000D94EFA3CCFBE83FD5C29EC78537BC3F72
:103288007BA66DFD15CEEF3F7BA66DFD15CEEFBF7E
:10329800D5C29EC78537BC3F7720A1A39975EF3F5C
:1032A80031BF50DED96DC73F31BF50DED96DC7BFC2
:1032B8007720A1A39975EF3F59EB3399791AE23F2B
:1032C800E2FA021B0963EA3FE2FA021B0963EABF5A
:1032D80059EB3399791AE23F11D5219EBCD2EA3FC6
:1032E80049DBDE634D73E13F49DBDE634D73E1BFCC
:1032F80011D5219EBCD2EA3F5104B025A082CA3F15
:103308002D2F0B3B604EEF3F2D2F0B3B604EEFBF39
:103318005104B025A082CA3F9BA0386252B6ED3F47
:10332800E7CC1D31A9C3D73FE7CC1D31A9C3D7BF0F
:103338009BA0386252B6ED3FD793BC632A37D93F7A
:103348008BE6C9736169ED3F8BE6C9736169EDBFAF
:10335800D793BC632A37D93FAFA8EA5444E7E63F7E
:103368003D78F0251959E63F3D78F0251959E6BF13
:10337800AFA8EA5444E7E63F84C7DEFCD121893F81
:10338800DB929B1662FFEF3FDB929B1662FFEFBF5B
:1033980084C7DEFCD121893F928A8E85D8FFEF3F12
:1033A800710067FEF021793F710067FEF02179BF57
:1033B800928A8E85D8FFEF3F10AF9184F77CE63F65
:1033C8007582C1730DC4E63F7582C1730DC4E6BF33
:1033D80010AF9184F77CE63FF9ECB8020B7DED3F26
:1033E800B0A4C82EA5DAD83FB0A4C82EA5DAD8BF95
:1033F800F9ECB8020B7DED3FC4AA4EB0E320D83FEC
:10340800888966A983A3ED3F888966A983A3EDBF50
:10341800C4AA4EB0E320D83F849E78B1A258EF3FAB
:103428006643DCF2CBBDC93F6643DCF2CBBDC9BF06
:10343800849E78B1A258EF3FB8B9F2095A9DE13F8E
:10344800D4C0165932B7EA3FD4C0165932B7EABFCA
:10345800B8B9F2095A9DE13F9DE69F52587FEA3F6D
:103468001B86BC8BF0F0E13F1B86BC8BF0F0E1BF04
:103478009DE69F52587FEA3FC6649CE86633C83F82
:10348800B7BBF57D3F6CEF3FB7BBF57D3F6CEFBF3A
:10349800C6649CE86633C83F840B221479D3EF3F97
:1034A800035C4924B7A7BA3F035C4924B7A7BABF4E
:1034B800840B221479D3EF3FB16B8E17FF25E43FBD
:1034C800CC98163345DCE83FCC98163345DCE8BF8A
:1034D800B16B8E17FF25E43FB071A93FDE20EC3FAA
:1034E8001451F8EAE083DE3F1451F8EAE083DEBFC6
:1034F800B071A93FDE20EC3F71BBC3ABBB33D23FF9
:103508008EA8E7E8B2ADEE3F8EA8E7E8B2ADEEBF11
:1035180071BBC3ABBB33D23FF2F71D368490EE3F8D
:103528008703ECDA22F4D23F8703ECDA22F4D2BF25
:10353800F2F71D368490EE3F58CC81148FD2DD3FD0
:1035480007692B014250EC3F07692B014250ECBF41
:1035580058CC81148FD2DD3FAAD44D9A7E9CE83F87
:103568004773981BB573E43F4773981BB573E4BF63
:10357800AAD44D9A7E9CE83F215B5D6A5887B73F85
:1035880056F4F19F53DDEF3F56F4F19F53DDEFBF43
:10359800215B5D6A5887B73F5C578D0F83F3EF3F18
:1035A800E3D7C0128D42AC3FE3D7C0128D42ACBF07
:1035B8005C578D0F83F3EF3F375197381058E53F2D
:1035C800B23DC36C83D7E73FB23DC36C83D7E7BF37
:1035D800375197381058E53FF6328B89D9D7EC3FE9
:1035E80001BD0423CFB7DB3F01BD0423CFB7DBBF49
:1035F800F6328B89D9D7EC3F243CAF80D830D53F01
:1036080025CE70E8EA31EE3F25CE70E8EA31EEBF0C
:10361800243CAF80D830D53FEC950B0C22FEEE3F12
:10362800F9EDDF1ADCDCCF3FF9EDDF1ADCDCCFBFC8
:10363800EC950B0C22FEEE3F1A22AE265648E03FD0
:10364800E90475D2388CEB3FE90475D2388CEBBFAE
:103658001A22AE265648E03F220DD82ECF95E93FD4
:10366800578E0C0D4038E33F578E0C0D4038E3BFA2
:10367800220DD82ECF95E93FCF7BECD41601C23F5F
:10368800BBCF468E8EAEEF3FBBCF468E8EAEEFBF22
:10369800CF7BECD41601C23FC8B2AD55CE9FEF3FE9
:1036A800148DCDB0DB8EC33F148DCDB0DB8EC3BF80
:1036B800C8B2AD55CE9FEF3F17EAE8E380E7E23F97
:1036C800D580EAF5B1D1E93FD580EAF5B1D1E9BFB6
:1036D80017EAE8E380E7E23F051492FE8958EB3FDA
:1036E800E1C51774909EE03FE1C51774909EE0BF56
:1036F800051492FE8958EB3F1B1A101ECA56CE3F7E
:103708005D20F7538F16EF3F5D20F7538F16EFBFFD
:103718001B1A101ECA56CE3FAC8029CA0C10EE3FA9
:1037280093A69E3727EED53F93A69E3727EED5BFA3
:10373800AC8029CA0C10EE3F09407F6C0D02DB3FBC
:1037480092BDB2FED402ED3F92BDB2FED402EDBFEF
:1037580009407F6C0D02DB3FE5554F570094E73F6A
:1037680050725D2A8DA2E53F50725D2A8DA2E5BF99
:10377800E5554F570094E73F43CD90D200FCA53F55
:10378800DF81DBDA71F8EF3FDF81DBDA71F8EFBF59
:1037980043CD90D200FCA53FF8D3F11D25FCEF3FA7
:1037A80001CFD13137699F3F01CFD13137699FBFF1
:1037B800F8D3F11D25FCEF3F7470839534ECE53F99
:1037C8008DD2A88D944FE73F8DD2A88D944FE7BF37
:1037D8007470839534ECE53F9FEFE020B22CED3F09
:1037E800E5A1DE27414BDA3FE5A1DE27414BDABFF1
:1037F8009FEFE020B22CED3F177EC77D9DAAD63FF4
:10380800DA47DEF705EDED3FDA47DEF705EDEDBF08
:10381800177EC77D9DAAD63F9D9A08C9C92DEF3F3F
:1038280086B212B38CCFCC3F86B212B38CCFCCBF4A
:103838009D9A08C9C92DEF3F7E8E2ABB26F4E03F2A
:10384800B4130047CD23EB3FB4130047CD23EBBFA0
:103858007E8E2ABB26F4E03F37F9BAEA950CEA3F98
:10386800A89C62270796E23FA89C62270796E2BFBA
:1038780037F9BAEA950CEA3FF2C59785DF1BC53FD1
:10388800DB41AEFFD58FEF3FDB41AEFFD58FEFBFFA
:10389800F2C59785DF1BC53F8641E41716BCEF3F8D
:1038A8001D83BA47A072C03F1D83BA47A072C0BF2C
:1038B8008641E41716BCEF3F22EBDF854188E33FE2
:1038C800D76D8EE4EF58E93FD76D8EE4EF58E9BF26
:1038D80022EBDF854188E33FEA8093C4D7BEEB3F04
:1038E8001012E74BF6E2DF3F1012E74BF6E2DFBFBC
:1038F800EA8093C4D7BEEB3F90DBDBCFD9B0D03F93
:10390800BC9D5AE282E4EE3FBC9D5AE282E4EEBFDF
:1039180090DBDBCFD9B0D03FFC9F72049F52EE3FC3
:10392800541057A5B872D43F541057A5B872D4BFD5
:10393800FC9F72049F52EE3F0B0097497F6CDC3F5F
:1039480000B9A069C1ABEC3F00B9A069C1ABECBF3D
:103958000B0097497F6CDC3FCC7AB5331B1AE83FE4
:103968009BA0599FC00CE53F9BA0599FC00CE5BF89
:10397800CC7AB5331B1AE83FB309D7340144B13FB9
:10398800C473B6EC58EDEF3FC473B6EC58EDEFBF17
:10399800B309D7340144B13F40392EAFF3E5EF3FC7
:1039A800962027791166B43F962027791166B4BF0F
:1039B80040392EAFF3E5EF3F0400EC45A1C0E43FEA
:1039C800CC58E91AC55BE83FCC58E91AC55BE8BF93
:1039D8000400EC45A1C0E43FF33C23528E7EEC3F4B
:1039E8005BDBE9E81620DD3F5BDBE9E81620DDBF9D
:1039F800F33C23528E7EEC3FB71404FACEB3D33F88
:103A080044976ADB2772EE3F44976ADB2772EEBF62
:103A1800B71404FACEB3D33F84BFC3D3B2C9EE3FC1
:103A2800775176D7A072D13F775176D7A072D1BFA0
:103A380084BFC3D3B2C9EE3F67D03F960534DF3F9A
:103A4800DD7753E164F0EB3FDD7753E164F0EBBFE2
:103A580067D03F960534DF3FA29DD46F161BE93F20
:103A68004483C53882D7E33F4483C53882D7E3BF50
:103A7800A29DD46F161BE93FC99FAECB0EC7BD3FB1
:103A880021B7FE6C64C8EF3F21B7FE6C64C8EFBF76
:103A9800C99FAECB0EC7BD3F6E3DE629A67EEF3F60
:103AA800B24AF60413A8C63FB24AF60413A8C6BF22
:103AB8006E3DE629A67EEF3F1FAC98FBD543E23F5B
:103AC800C89A11C87846EA3FC89A11C87846EABF2A
:103AD8001FAC98FBD543E23F74143CB404EEEA3FB4
:103AE800EB6C33AF1549E13FEB6C33AF1549E1BFE0
:103AF80074143CB404EEEA3F22673DEF3247CB3FF3
:103B0800DD92FF85D043EF3FDD92FF85D043EFBFC5
:103B180022673DEF3247CB3F600241CBD7C8ED3F2C
:103B2800F618240F3466D73FF618240F3466D7BF2B
:103B3800600241CBD7C8ED3FFFBD41617193D93FCA
:103B4800B13EE9526F55ED3FB13EE9526F55EDBFB9
:103B5800FFBD41617193D93F7A6D17B3420AE73FC0
:103B6800E91B1CA30335E63FE91B1CA30335E6BF8D
:103B78007A6D17B3420AE73FFD0EE3BB36D9923F91
:103B8800A1514BB49CFEEF3FA1514BB49CFEEFBF3B
:103B9800FD0EE3BB36D9923FA1514BB49CFEEF3FDB
:103BA800FD0EE3BB36D9923FFD0EE3BB36D992BF7B
:103BB800A1514BB49CFEEF3FE91B1CA30335E63F24
:103BC8007A6D17B3420AE73F7A6D17B3420AE7BF27
:103BD800E91B1CA30335E63FB13EE9526F55ED3FA3
:103BE800FFBD41617193D93FFFBD41617193D9BF59
:103BF800B13EE9526F55ED3FF618240F3466D73FB2
:103C0800600241CBD7C8ED3F600241CBD7C8EDBFBA
:103C1800F618240F3466D73FDD92FF85D043EF3F77
:103C280022673DEF3247CB3F22673DEF3247CBBF9C
:103C3800DD92FF85D043EF3FEB6C33AF1549E13F91
:103C480074143CB404EEEA3F74143CB404EEEABFC6
:103C5800EB6C33AF1549E13FC89A11C87846EA3F83
:103C68001FAC98FBD543E23F1FAC98FBD543E2BF9E
:103C7800C89A11C87846EA3FB24AF60413A8C63F64
:103C88006E3DE629A67EEF3F6E3DE629A67EEFBF94
:103C9800B24AF60413A8C63F21B7FE6C64C8EF3FCA
:103CA800C99FAECB0EC7BD3FC99FAECB0EC7BDBF28
:103CB80021B7FE6C64C8EF3F4483C53882D7E33F21
:103CC800A29DD46F161BE93FA29DD46F161BE9BFB6
:103CD8004483C53882D7E33FDD7753E164F0EB3F97
:103CE80067D03F960534DF3F67D03F960534DFBF86
:103CF800DD7753E164F0EB3F775176D7A072D13F7F
:103D080084BFC3D3B2C9EE3F84BFC3D3B2C9EEBF29
:103D1800775176D7A072D13F44976ADB2772EE3F7E
:103D2800B71404FACEB3D33FB71404FACEB3D3BF53
:103D380044976ADB2772EE3F5BDBE9E81620DD3F3C
:103D4800F33C23528E7EEC3FF33C23528E7EECBF35
:103D58005BDBE9E81620DD3FCC58E91AC55BE83F94
:103D68000400EC45A1C0E43F0400EC45A1C0E4BF59
:103D7800CC58E91AC55BE83F962027791166B43F0D
:103D880040392EAFF3E5EF3F40392EAFF3E5EFBFF3
:103D9800962027791166B43FC473B6EC58EDEF3F0F
:103DA800B309D7340144B13FB309D7340144B1BF93
:103DB800C473B6EC58EDEF3F9BA0599FC00CE53F8C
:103DC800CC7AB5331B1AE83FCC7AB5331B1AE8BF57
:103DD8009BA0599FC00CE53F00B9A069C1ABEC3F5F
:103DE8000B0097497F6CDC3F0B0097497F6CDCBF69
:103DF80000B9A069C1ABEC3F541057A5B872D43FC5
:103E0800FC9F72049F52EE3FFC9F72049F52EEBFCC
:103E1800541057A5B872D43FBC9D5AE282E4EE3FD5
:103E280090DBDBCFD9B0D03F90DBDBCFD9B0D0BFB0
:103E3800BC9D5AE282E4EE3F1012E74BF6E2DF3F08
:103E4800EA8093C4D7BEEB3FEA8093C4D7BEEBBFEA
:103E58001012E74BF6E2DF3FD76D8EE4EF58E93FEB
:103E680022EBDF854188E33F22EBDF854188E3BF12
:103E7800D76D8EE4EF58E93F1D83BA47A072C03F63
:103E88008641E41716BCEF3F8641E41716BCEFBF26
:103E98001D83BA47A072C03FDB41AEFFD58FEF3F0D
:103EA800F2C59785DF1BC53FF2C59785DF1BC5BFE8
:103EB800DB41AEFFD58FEF3FA89C62270796E23F14
:103EC80037F9BAEA950CEA3F37F9BAEA950CEABF2E
:103ED800A89C62270796E23FB4130047CD23EB3F27
:103EE8007E8E2ABB26F4E03F7E8E2ABB26F4E0BFF6
:103EF800B4130047CD23EB3F86B212B38CCFCC3F2F
:103F08009D9A08C9C92DEF3F9D9A08C9C92DEFBFD1
:103F180086B212B38CCFCC3FDA47DEF705EDED3F22
:103F2800177EC77D9DAAD63F177EC77D9DAAD6BF9F
:103F3800DA47DEF705EDED3FE5A1DE27414BDA3F35
:103F48009FEFE020B22CED3F9FEFE020B22CEDBFB9
:103F5800E5A1DE27414BDA3F8DD2A88D944FE73F8C
:103F68007470839534ECE53F7470839534ECE5BF49
:103F78008DD2A88D944FE73F01CFD13137699F3F4C
:103F8800F8D3F11D25FCEF3FF8D3F11D25FCEFBF59
:103F980001CFD13137699F3FDF81DBDA71F8EF3F1D
:103FA80043CD90D200FCA53F43CD90D200FCA5BFE5
:103FB800DF81DBDA71F8EF3F50725D2A8DA2E53FB1
:103FC800E5554F570094E73FE5554F570094E7BF35
:103FD80050725D2A8DA2E53F92BDB2FED402ED3F3C
:103FE80009407F6C0D02DB3F09407F6C0D02DBBF8F
:103FF80092BDB2FED402ED3F93A69E3727EED53F81
:10400800AC8029CA0C10EE3FAC8029CA0C10EEBF58
:1040180093A69E3727EED53F5D20F7538F16EF3FC7
:104028001B1A101ECA56CE3F1B1A101ECA56CEBFE8
:104038005D20F7538F16EF3FE1C51774909EE03F60
:10404800051492FE8958EB3F051492FE8958EBBF80
:10405800E1C51774909EE03FD580EAF5B1D1E93FFC
:1040680017EAE8E380E7E23F17EAE8E380E7E2BF20
:10407800D580EAF5B1D1E93F148DCDB0DB8EC33FD1
:10408800C8B2AD55CE9FEF3FC8B2AD55CE9FEFBF7A
:10409800148DCDB0DB8EC33FBBCF468E8EAEEF3FC7
:1040A800CF7BECD41601C23FCF7BECD41601C2BF44
:1040B800BBCF468E8EAEEF3F578E0C0D4038E33F98
:1040C800220DD82ECF95E93F220DD82ECF95E9BFE6
:1040D800578E0C0D4038E33FE90475D2388CEB3F1E
:1040E8001A22AE265648E03F1A22AE265648E0BFAE
:1040F800E90475D2388CEB3FF9EDDF1ADCDCCF3FF1
:10410800EC950B0C22FEEE3FEC950B0C22FEEEBF5D
:10411800F9EDDF1ADCDCCF3F25CE70E8EA31EE3F5F
:10412800243CAF80D830D53F243CAF80D830D5BFB1
:1041380025CE70E8EA31EE3F01BD0423CFB7DB3F5F
:10414800F6328B89D9D7EC3FF6328B89D9D7ECBFB9
:1041580001BD0423CFB7DB3FB23DC36C83D7E73F34
:10416800375197381058E53F375197381058E5BF01
:10417800B23DC36C83D7E73FE3D7C0128D42AC3F53
:104188005C578D0F83F3EF3F5C578D0F83F3EFBFC1
:10419800E3D7C0128D42AC3F56F4F19F53DDEF3F99
:1041A800215B5D6A5887B73F215B5D6A5887B7BF57
:1041B80056F4F19F53DDEF3F4773981BB573E43F07
:1041C800AAD44D9A7E9CE83FAAD44D9A7E9CE8BF1B
:1041D8004773981BB573E43F07692B014250EC3FC6
:1041E80058CC81148FD2DD3F58CC81148FD2DDBFDB
:1041F80007692B014250EC3F8703ECDA22F4D23FE7
:10420800F2F71D368490EE3FF2F71D368490EEBF2C
:104218008703ECDA22F4D23F8EA8E7E8B2ADEE3F8E
:1042280071BBC3ABBB33D23F71BBC3ABBB33D2BFD4
:104238008EA8E7E8B2ADEE3F1451F8EAE083DE3F1E
:10424800B071A93FDE20EC3FB071A93FDE20ECBF82
:104258001451F8EAE083DE3FCC98163345DCE83F9A
:10426800B16B8E17FF25E43FB16B8E17FF25E4BFB6
:10427800CC98163345DCE83F035C4924B7A7BA3F1E
:10428800840B221479D3EF3F840B221479D3EFBF28
:10429800035C4924B7A7BA3FB7BBF57D3F6CEF3F36
:1042A800C6649CE86633C83FC6649CE86633C8BFEA
:1042B800B7BBF57D3F6CEF3F1B86BC8BF0F0E13F51
:1042C8009DE69F52587FEA3F9DE69F52587FEABF7E
:1042D8001B86BC8BF0F0E13FD4C0165932B7EA3FD9
:1042E800B8B9F2095A9DE13FB8B9F2095A9DE1BF40
:1042F800D4C0165932B7EA3F6643DCF2CBBDC93F9A
:10430800849E78B1A258EF3F849E78B1A258EFBF3F
:104318006643DCF2CBBDC93F888966A983A3ED3F1C
:10432800C4AA4EB0E320D83FC4AA4EB0E320D8BFF9
:10433800888966A983A3ED3FB0A4C82EA5DAD83F23
:10434800F9ECB8020B7DED3FF9ECB8020B7DEDBF3F
:10435800B0A4C82EA5DAD83F7582C1730DC4E63F54
:1043680010AF9184F77CE63F10AF9184F77CE6BFED
:104378007582C1730DC4E63F710067FEF021793F75
:10438800928A8E85D8FFEF3F928A8E85D8FFEFBF3D
:10439800710067FEF021793F021D6221F6FFEF3FB1
:1043A800BAA4CCBEF821693FBAA4CCBEF82169BF33
:1043B800021D6221F6FFEF3F719CA1EAD18EE63F14
:1043C8009CE22FED5CB2E63F9CE22FED5CB2E6BFCB
:1043D800719CA1EAD18EE63F4FA44584C486ED3F87
:1043E80044EDD5864BACD83F44EDD5864BACD8BF11
:1043F8004FA44584C486ED3F3F90F3AA6A4FD83F47
:10440800463D8BDD009AED3F463D8BDD009AEDBFC2
:104418003F90F3AA6A4FD83F5D6843EDA65DEF3F32
:10442800FA2AB6E9495BC93FFA2AB6E9495BC9BF26
:104438005D6843EDA65DEF3FBF73131750B2E13FD0
:104448008EB92C7A54A9EA3F8EB92C7A54A9EABFBE
:10445800BF73131750B2E13FD25A546E678DEA3FCB
:104468007248DC641BDCE13F7248DC641BDCE1BFA2
:10447800D25A546E678DEA3F0418C4271796C83F6E
:10448800EE3C88567567EF3FEE3C88567567EFBF80
:104498000418C4271796C83F9E5CA72D0DD6EF3F7A
:1044A8005CA824EBB6DFB93F5CA824EBB6DFB9BF44
:1044B8009E5CA72D0DD6EF3F80432A5B7F39E43FF2
:1044C800554618756ACCE83F554618756ACCE8BF5A
:1044D80080432A5B7F39E43FF1E33149D12CEC3F3B
:1044E80025D83C6DA857DE3F25D83C6DA857DEBFC0
:1044F800F1E33149D12CEC3FBA545599E663D23FE8
:104508000058E69383A6EE3F0058E69383A6EEBFD5
:10451800BA545599E663D23F306B0136EC97EE3FBB
:104528002045954E1AC4D23F2045954E1AC4D2BF95
:10453800306B0136EC97EE3FDE41A966FFFEDD3FAA
:1045480004C041318344EC3F04C041318344ECBF93
:10455800DE41A966FFFEDD3F881DDE1E87ACE83F11
:10456800A2322B695A60E43FA2322B695A60E4BF39
:10457800881DDE1E87ACE83FA130C112874FB83FC7
:104588008C531475FADAEF3F8C531475FADAEFBFCF
:10459800A130C112874FB83FD3BEB154DCF4EF3F0E
:1045A80017835FBD01B1AA3F17835FBD01B1AABFE1
:1045B800D3BEB154DCF4EF3F9F649751C36AE53F23
:1045C80033D3E29CB8C6E73F33D3E29CB8C6E7BF13
:1045D8009F649751C36AE53F60A09927B3E2EC3F17
:1045E8009356FD14788ADB3F9356FD14788ADBBF17
:1045F80060A09927B3E2EC3FB467F4124060D53F5E
:104608007A1939448F29EE3F7A1939448F29EEBF38
:10461800B467F4124060D53F8C73CF145A04EF3F4F
:104628000238BD80747BCF3F0238BD80747BCFBF1A
:104638008C73CF145A04EF3FB7B831ECF35DE03F09
:10464800E992E786667FEB3FE992E786667FEBBFF4
:10465800B7B831ECF35DE03FB2062BA4DFA4E93F25
:104668001FA649EC2124E33F1FA649EC2124E3BF00
:10467800B2062BA4DFA4E93F0934FD4D9964C23F7B
:10468800DCFD0CCBFBAAEF3FDCFD0CCBFBAAEFBF9C
:104698000934FD4D9964C23F91177AAC9BA3EF3F53
:1046A800A71645F97B2BC33FA71645F97B2BC3BF3C
:1046B80091177AAC9BA3EF3F1510444BC2FBE23F26
:1046C800C275F010D1C2E93FC275F010D1C2E9BF7E
:1046D8001510444BC2FBE23F47BCFD148F65EB3F0E
:1046E8008CB032201189E03F8CB032201189E0BFB4
:1046F80047BCFD148F65EB3F48E32D466BB8CE3FB2
:104708005F8F89BC9010EF3F5F8F89BC9010EFBF1F
:1047180048E32D466BB8CE3FD966DC2FA018EE3F94
:10472800B6B39D8BE7BED53FB6B39D8BE7BED5BF6D
:10473800D966DC2FA018EE3F7219B31D972FDB3F07
:104748007B46CEE830F8EC3F7B46CEE830F8ECBF4D
:104758007219B31D972FDB3FD297BF07F7A4E73F26
:10476800DF23F7D50190E53FDF23F7D50190E5BFBB
:10477800D297BF07F7A4E73F864687A5BA8DA73F1C
:1047880064911BBB53F7EF3F64911BBB53F7EFBF1B
:10479800864687A5BA8DA73F79A6E29CE0FCEF3F45
:1047A8001D3BE54C4F459C3F1D3BE54C4F459CBF91
:1047B80079A6E29CE0FCEF3F106AE5BD7CFEE53F90
:1047C8004299078E553EE73F4299078E553EE7BF0F
:1047D800106AE5BD7CFEE53FDCFBCB7BFC36ED3F9C
:1047E800C00AB543651DDA3FC00AB543651DDABF87
:1047F800DCFBCB7BFC36ED3FB60C8A6398D9D63F01
:10480800818D6D0F16E4ED3F818D6D0F16E4EDBFC0
:10481800B60C8A6398D9D63FF0AE3A5A6833EF3F60
:10482800DD745D53906DCC3FDD745D53906DCCBFEE
:10483800F0AE3A5A6833EF3F57A9D0487209E13FC2
:10484800F5A24C2A7416EB3FF5A24C2A7416EBBF5E
:1048580057A9D0487209E13F5EA7C0D2261BEA3F9C
:10486800BA3C4DEF8B81E23FBA3C4DEF8B81E2BF02
:104878005EA7C0D2261BEA3FDECB5486007FC53F29
:10488800784BCB37A78BEF3F784BCB37A78BEFBF56
:10489800DECB5486007FC53F888D0A0F47BFEF3FA8
:1048A8005BB86FADE80EC03F5BB86FADE80EC0BF38
:1048B800888D0A0F47BFEF3F2930D6E3239CE33F9B
:1048C8006C4AACE39049E93F6C4AACE39049E9BFD4
:1048D8002930D6E3239CE33F27230DCB54CBEB3F72
:1048E800DED2245C57B7DF3FDED2245C57B7DFBF88
:1048F80027230DCB54CBEB3FCE49174E5BE1D03F7E
:104908005186076AEBDDEE3F5186076AEBDDEEBFA5
:10491800CE49174E5BE1D03FD36704559D5AEE3F11
:10492800F03689DC1043D43FF03689DC1043D4BF1D
:10493800D36704559D5AEE3F895386C37F99DC3F60
:1049480049C4B9198FA0EC3F49C4B9198FA0ECBF6D
:10495800895386C37F99DC3FFF45F5139C2AE83FBE
:1049680086A4CC25CCF9E43F86A4CC25CCF9E4BFB9
:10497800FF45F5139C2AE83F4D44ED74960CB23F71
:104988000F4130259DEBEF3F0F4130259DEBEFBFE9
:104998004D44ED74960CB23F602D4885EAE7EF3F31
:1049A80099A2C5129F9DB33F99A2C5129F9DB3BFFF
:1049B800602D4885EAE7EF3F7F9F586DBCD3E43F01
:1049C800FA83AF11714BE83FFA83AF11714BE8BF1F
:1049D8007F9F586DBCD3E43F139C0287F589EC3F59
:1049E80021CDE1AE4BF3DC3F21CDE1AE4BF3DCBF93
:1049F800139C0287F589EC3F71C26EE99BE3D33FB4
:104A0800A7535DC5616AEE3FA7535DC5616AEEBFF6
:104A180071C26EE99BE3D33F0990995E83D0EE3F64
:104A28007893C6EF3E42D13F7893C6EF3E42D1BF5E
:104A38000990995E83D0EE3FA3CD56E6DE5FDF3F57
:104A4800C15411611BE4EB3FC15411611BE4EBBF7E
:104A5800A3CD56E6DE5FDF3F15A8C51FA42AE93FB0
:104A680018C58149C4C3E33F18C58149C4C3E3BF1E
:104A780015A8C51FA42AE93F3FAAE4FDB78EBE3F8B
:104A8800F69A7D3B6EC5EF3FF69A7D3B6EC5EFBF4C
:104A98003FAAE4FDB78EBE3F0CC6404A0F83EF3FE6
:104AA8000D831D831A45C63F0D831D831A45C6BF56
:104AB8000CC6404A0F83EF3F1071BB4C7358E23F5E
:104AC800C63B594A1838EA3FC63B594A1838EABF24
:104AD8001071BB4C7358E23FB6579FD88FFBEA3F23
:104AE8004F25EECFE933E13F4F25EECFE933E1BF64
:104AF800B6579FD88FFBEA3FAD5DF13463A9CB3F32
:104B080065BC1BBC6B3EEF3F65BC1BBC6B3EEFBF7F
:104B1800AD5DF13463A9CB3F5A918AF3FED1ED3FE5
:104B2800921026C96337D73F921026C96337D7BF7B
:104B38005A918AF3FED1ED3FF2F90D447DC1D93F78
:104B48002475181B5B4BED3F2475181B5B4BEDBFA1
:104B5800F2F90D447DC1D93FBF410E96AC1BE73F2A
:104B6800FF22EC4FE422E63FFF22EC4FE422E6BFAF
:104B7800BF410E96AC1BE73F26B2FA214DFD953F8B
:104B880077CB70681CFEEF3F77CB70681CFEEFBFD9
:104B980026B2FA214DFD953FD13BC54309FFEF3FB2
:104BA800CB97B96A296A8F3FCB97B96A296A8FBFB1
:104BB800D13BC54309FFEF3F5B537F431547E63FB2
:104BC800755BC999CAF8E63F755BC999CAF8E6BF2B
:104BD8005B537F431547E63F7F8A8872715FED3FDD
:104BE8008F94ABB75565D93F8F94ABB75565D9BF8F
:104BF8007F8A8872715FED3FAEDF13E6F594D73F89
:104C08009A7595439EBFED3F9A7595439EBFEDBF3C
:104C1800AEDF13E6F594D73FB4ABBC062249EF3FAD
:104C2800ABB9F3D5F1E4CA3FABB9F3D5F1E4CABFE8
:104C3800B4ABBC062249EF3FBCE2DBE4365EE13FA1
:104C4800EFEC45F368E0EA3FEFEC45F368E0EABFD4
:104C5800BCE2DBE4365EE13F23F59010C954EA3F3D
:104C6800E2132C662D2FE23FE2132C662D2FE2BFB4
:104C780023F59010C954EA3FFFC4088DFD0AC73FC9
:104C88002A321A9C297AEF3F2A321A9C297AEFBFD6
:104C9800FFC4088DFD0AC73F5443910347CBEF3F3C
:104CA800C17D303B53FFBC3FC17D303B53FFBCBF90
:104CB8005443910347CBEF3F8006BEEA33EBE33F13
:104CC800FE5E5743790BE93FFE5E5743790BE9BF18
:104CD8008006BEEA33EBE33F47B1A1259DFCEB3FDD
:104CE800FEF7BF061908DF3FFEF7BF061908DFBF4A
:104CF80047B1A1259DFCEB3F43F2E8FBF7A2D13F6A
:104D0800B2F61A4BCFC2EE3FB2F61A4BCFC2EEBF85
:104D180043F2E8FBF7A2D13F5A16A529DB79EE3F0B
:104D2800ABB653E3F583D33FABB653E3F583D3BFB9
:104D38005A16A529DB79EE3F9D60A82BD04CDD3FA4
:104D4800D7AA9E891573EC3FD7AA9E891573ECBF25
:104D58009D60A82BD04CDD3F95A19A1D0A6CE83FB9
:104D6800F122675179ADE43FF122675179ADE4BF93
:104D780095A19A1D0A6CE83F0A4D4D4A772EB53F1A
:104D880086D8E92BE9E3EF3F86D8E92BE9E3EFBFC3
:104D98000A4D4D4A772EB53F9161820201EFEF3FF0
:104DA8006430464E617BB03F6430464E617BB0BF95
:104DB8009161820201EFEF3FA69AD91CA81FE53F37
:104DC800FA526E758B09E83FFA526E758B09E8BF87
:104DD800A69AD91CA81FE53F99DA000AE2B6EC3F6B
:104DE800293126476D3FDC3F293126476D3FDCBF1F
:104DF80099DA000AE2B6EC3FF3821BD153A2D43F02
:104E08005ECE81FF8D4AEE3F5ECE81FF8D4AEEBFBA
:104E1800F3821BD153A2D43F44A5504C07EBEE3F7D
:104E28001E66EB054E80D03F1E66EB054E80D0BF58
:104E380044A5504C07EBEE3FE1822BC84007E03F0A
:104E48000DC4B6A049B2EB3F0DC4B6A049B2EBBF42
:104E5800E1822BC84007E03FE17FBD423F68E93F60
:104E68008D7F811B5374E33F8D7F811B5374E3BF98
:104E7800E17FBD423F68E93F8667B2BC4DD6C03F7F
:104E8800B7AD668DD1B8EF3FB7AD668DD1B8EFBF7E
:104E98008667B2BC4DD6C03F08AC854FF193EF3F53
:104EA80088FA797FB1B8C43F88FA797FB1B8C4BFAE
:104EB80008AC854FF193EF3F58EB7AE876AAE23FCA
:104EC800DE4931F1F4FDE93FDE4931F1F4FDE9BF96
:104ED80058EB7AE876AAE23FF37BF3A51531EB3F6E
:104EE800B6C44BB8D0DEE03FB6C44BB8D0DEE0BFA6
:104EF800F37BF3A51531EB3FEEBD2C4D7731CD3F5C
:104F0800CE0946FC1728EF3FCE0946FC1728EFBF0D
:104F1800EEBD2C4D7731CD3F9CA59B6AE3F5ED3F67
:104F2800CB63AD9C947BD63FCB63AD9C947BD6BFC3
:104F38009CA59B6AE3F5ED3F1BF3DBD30C79DA3FC5
:104F4800E1A4E5C65522ED3FE1A4E5C65522EDBF33
:104F58001BF3DBD30C79DA3F6447302CC560E73F9D
:104F68005C343EE7DED9E53F5C343EE7DED9E5BF99
:104F78006447302CC560E73F7FC142DB8546A13FCF
:104F8800AEFD25E455FBEF3FAEFD25E455FBEFBF35
:104F98007FC142DB8546A13F14C008427CF9EF3F40
:104FA8007961F86F396AA43F7961F86F396AA4BFEB
:104FB80014C008427CF9EF3F48744F260BB5E53F13
:104FC8005BB3901BFB82E73F5BB3901BFB82E7BFA1
:104FD80048744F260BB5E53FB9D2592F670DED3F01
:104FE80009DC5C1273D4DA3F09DC5C1273D4DABFD3
:104FF800B9D2592F670DED3F02C2885C591DD63FC3
:10500800540F28D96607EE3F540F28D96607EEBF1C
:1050180002C2885C591DD63F084728BE7A1CEF3F5C
:105028009A09013F16F5CD3F9A09013F16F5CDBF04
:10503800084728BE7A1CEF3FEC858F8705B4E03F10
:105048002579DE09744BEB3F2579DE09744BEBBFFC
:10505800EC858F8705B4E03F7224B4ED82E0E93F28
:10506800B89B4ED333D3E23FB89B4ED333D3E2BF82
:105078007224B4ED82E0E93F9348DB572FF2C33F37
:1050880029DEFB7CED9BEF3F29DEFB7CED9BEFBF30
:105098009348DB572FF2C33F4DD581C60DB2EF3F82
:1050A800E724BE40899DC13FE724BE40899DC1BF1A
:1050B8004DD581C60DB2EF3FE14DC152524CE33F91
:1050C800947545F1AE86E93F947545F1AE86E9BF22
:1050D800E14DC152524CE33F5E15D91FFA98EB3FA0
:1050E80096BDED55AE32E03F96BDED55AE32E0BF10
:1050F8005E15D91FFA98EB3FD2FDB906181FD03FAD
:10510800C0A31CE5D6F7EE3FC0A31CE5D6F7EEBF5B
:10511800D2FDB906181FD03F85CE75EC333AEE3F65
:10512800487019DC6301D53F487019DC6301D5BFAD
:1051380085CE75EC333AEE3FD9C0FF1715E5DB3F56
:10514800A0DEC220EECCEC3FA0DEC220EECCECBF4D
:10515800D9C0FF1715E5DB3F8636B0873FE8E73F44
:10516800FC9D15F54F45E53FFC9D15F54F45E5BF01
:105178008636B0873FE8E73FC98E80F906D4AD3F51
:10518800ED31E11416F2EF3FED31E11416F2EFBF05
:10519800C98E80F906D4AD3F0733F72299DFEF3F78
:1051A80029B1793E1BBFB63F29B1793E1BBFB6BFB7
:1051B8000733F72299DFEF3FFF9160300387E43F21
:1051C800A11B48E7668CE83FA11B48E7668CE8BF4F
:1051D800FF9160300387E43F5AF8FE59EF5BEC3FDC
:1051E800D910FA5C0CA6DD3FD910FA5C0CA6DDBF1D
:1051F8005AF8FE59EF5BEC3FAFBA38B61F24D33FDD
:105208002560AD5B0989EE3F2560AD5B0989EEBF7E
:10521800AFBA38B61F24D33F11885B51CFB4EE3FE5
:10522800BE27D7838503D23FBE27D7838503D2BF46
:1052380011885B51CFB4EE3F2056F29506B0DE3FA1
:10524800575E46DCD914EC3F575E46DCD914ECBFF8
:105258002056F29506B0DE3F496C489B10ECE83FBB
:105268008C103D667212E43F8C103D667212E4BFEA
:10527800496C489B10ECE83F4CF638ECA66FBB3FF6
:105288008760D858D1D0EF3F8760D858D1D0EFBFCA
:105298004CF638ECA66FBB3FB77E4B43F670EF3F3A
:1052A8001CCBD2BBA7D0C73F1CCBD2BBA7D0C7BF94
:1052B800B77E4B43F670EF3FD66075A1BA05E23F63
:1052C800F5609DDE3871EA3FF5609DDE3871EABF12
:1052D800D66075A1BA05E23FC8FA3EBDFFC4EA3FF1
:1052E800E5463A1F5988E13FE5463A1F5988E1BF2C
:1052F800C8FA3EBDFFC4EA3FDA31181B3E20CA3F58
:10530800072DAF1F8B53EF3F072DAF1F8B53EFBFF9
:10531800DA31181B3E20CA3FB98AE62CF4ACED3FBF
:10532800E44173D34DF2D73FE44173D34DF2D7BF75
:10533800B98AE62CF4ACED3FD17BEF81EF08D93F79
:10534800FF0D8C503F73ED3FFF0D8C503F73EDBF49
:10535800D17BEF81EF08D93FCDAF4AEFAFD5E63F1C
:1053680086B3523F0F6BE63F86B3523F0F6BE6BFE3
:10537800CDAF4AEFAFD5E63F0397500E6BD9823FCA
:105388004F8C972CA7FFEF3F4F8C972CA7FFEFBFB1
:105398000397500E6BD9823F4F8C972CA7FFEF3F96
:1053A8000397500E6BD9823F0397500E6BD982BF7B
:1053B8004F8C972CA7FFEF3F86B3523F0F6BE63F0A
:1053C800CDAF4AEFAFD5E63FCDAF4AEFAFD5E6BF99
:1053D80086B3523F0F6BE63FFF0D8C503F73ED3F96
:1053E800D17BEF81EF08D93FD17BEF81EF08D9BF9F
:1053F800FF0D8C503F73ED3FE44173D34DF2D73F1F
:10540800B98AE62CF4ACED3FB98AE62CF4ACEDBFD2
:10541800E44173D34DF2D73F072DAF1F8B53EF3FB6
:10542800DA31181B3E20CA3FDA31181B3E20CABFAA
:10543800072DAF1F8B53EF3FE5463A1F5988E13FD1
:10544800C8FA3EBDFFC4EA3FC8FA3EBDFFC4EABF82
:10545800E5463A1F5988E13FF5609DDE3871EA3F1D
:10546800D66075A1BA05E23FD66075A1BA05E2BF5C
:10547800F5609DDE3871EA3F1CCBD2BBA7D0C73F91
:10548800B77E4B43F670EF3FB77E4B43F670EFBFE6
:105498001CCBD2BBA7D0C73F8760D858D1D0EF3F2D
:1054A8004CF638ECA66FBB3F4CF638ECA66FBBBF8A
:1054B8008760D858D1D0EF3F8C103D667212E43F18
:1054C800496C489B10ECE83F496C489B10ECE8BFDE
:1054D8008C103D667212E43F575E46DCD914EC3FEF
:1054E8002056F29506B0DE3F2056F29506B0DEBF94
:1054F800575E46DCD914EC3FBE27D7838503D23FDD
:1055080011885B51CFB4EE3F11885B51CFB4EEBF29
:10551800BE27D7838503D23F2560AD5B0989EE3F5F
:10552800AFBA38B61F24D33FAFBA38B61F24D3BF9B
:105538002560AD5B0989EE3FD910FA5C0CA6DD3F0A
:105548005AF8FE59EF5BEC3F5AF8FE59EF5BECBF97
:10555800D910FA5C0CA6DD3FA11B48E7668CE83F32
:10556800FF9160300387E43FFF9160300387E4BF19
:10557800A11B48E7668CE83F29B1793E1BBFB63FBF
:105588000733F72299DFEF3F0733F72299DFEFBFA1
:1055980029B1793E1BBFB63FED31E11416F2EF3F5A
:1055A800C98E80F906D4AD3FC98E80F906D4ADBF47
:1055B800ED31E11416F2EF3FFC9D15F54F45E53F3F
:1055C8008636B0873FE8E73F8636B0873FE8E7BFD3
:1055D800FC9D15F54F45E53FA0DEC220EECCEC3F23
:1055E800D9C0FF1715E5DB3FD9C0FF1715E5DBBFAD
:1055F800A0DEC220EECCEC3F487019DC6301D53F39
:1056080085CE75EC333AEE3F85CE75EC333AEEBF76
:10561800487019DC6301D53FC0A31CE5D6F7EE3FFF
:10562800D2FDB906181FD03FD2FDB906181FD0BF4A
:10563800C0A31CE5D6F7EE3F96BDED55AE32E03F70
:105648005E15D91FFA98EB3F5E15D91FFA98EBBF84
:1056580096BDED55AE32E03F947545F1AE86E93F13
:10566800E14DC152524CE33FE14DC152524CE3BFB0
:10567800947545F1AE86E93FE724BE40899DC13F58
:105688004DD581C60DB2EF3F4DD581C60DB2EFBFE6
:10569800E724BE40899DC13F29DEFB7CED9BEF3F9F
:1056A8009348DB572FF2C33F9348DB572FF2C3BF12
:1056B80029DEFB7CED9BEF3FB89B4ED333D3E23F13
:1056C8007224B4ED82E0E93F7224B4ED82E0E9BFD0
:1056D800B89B4ED333D3E23F2579DE09744BEB3FB9
:1056E800EC858F8705B4E03FEC858F8705B4E0BF74
:1056F8002579DE09744BEB3F9A09013F16F5CD3F3A
:10570800084728BE7A1CEF3F084728BE7A1CEFBF1F
:105718009A09013F16F5CD3F540F28D96607EE3F89
:1057280002C2885C591DD63F02C2885C591DD6BF8B
:10573800540F28D96607EE3F09DC5C1273D4DA3FB0
:10574800B9D2592F670DED3FB9D2592F670DEDBF6B
:1057580009DC5C1273D4DA3F5BB3901BFB82E73F32
:1057680048744F260BB5E53F48744F260BB5E5BF87
:105778005BB3901BFB82E73F7961F86F396AA43FFE
:1057880014C008427CF9EF3F14C008427CF9EFBF0F
:105798007961F86F396AA43FAEFD25E455FBEF3F08
:1057A8007FC142DB8546A13F7FC142DB8546A1BF61
:1057B800AEFD25E455FBEF3F5C343EE7DED9E53F1F
:1057C8006447302CC560E73F6447302CC560E7BFAD
:1057D8005C343EE7DED9E53FE1A4E5C65522ED3F5E
:1057E8001BF3DBD30C79DA3F1BF3DBD30C79DABF7D
:1057F800E1A4E5C65522ED3FCB63AD9C947BD63F33
:105808009CA59B6AE3F5ED3F9CA59B6AE3F5EDBF7C
:10581800CB63AD9C947BD63FCE0946FC1728EF3F5F
:10582800EEBD2C4D7731CD3FEEBD2C4D7731CDBF40
:10583800CE0946FC1728EF3FB6C44BB8D0DEE03F90
:10584800F37BF3A51531EB3FF37BF3A51531EBBFE4
:10585800B6C44BB8D0DEE03FDE4931F1F4FDE93F94
:1058680058EB7AE876AAE23F58EB7AE876AAE2BFE4
:10587800DE4931F1F4FDE93F88FA797FB1B8C43FD8
:1058880008AC854FF193EF3F08AC854FF193EFBF1C
:1058980088FA797FB1B8C43FB7AD668DD1B8EF3F0C
:1058A8008667B2BC4DD6C03F8667B2BC4DD6C0BF76
:1058B800B7AD668DD1B8EF3F8D7F811B5374E33F41
:1058C800E17FBD423F68E93FE17FBD423F68E9BFF4
:1058D8008D7F811B5374E33F0DC4B6A049B2EB3FE3
:1058E800E1822BC84007E03FE1822BC84007E0BFB8
:1058F8000DC4B6A049B2EB3F1E66EB054E80D03F03
:1059080044A5504C07EBEE3F44A5504C07EBEEBFC7
:105918001E66EB054E80D03F5ECE81FF8D4AEE3F7E
:10592800F3821BD153A2D43FF3821BD153A2D4BF1D
:105938005ECE81FF8D4AEE3F293126476D3FDC3F21
:1059480099DA000AE2B6EC3F99DA000AE2B6ECBF4F
:10595800293126476D3FDC3FFA526E758B09E83FC7
:10596800A69AD91CA81FE53FA69AD91CA81FE5BF6F
:10597800FA526E758B09E83F6430464E617BB03F42
:105988009161820201EFEF3F9161820201EFEFBF67
:105998006430464E617BB03F86D8E92BE9E3EF3FA0
:1059A8000A4D4D4A772EB53F0A4D4D4A772EB5BF61
:1059B80086D8E92BE9E3EF3FF122675179ADE43F5F
:1059C80095A19A1D0A6CE83F95A19A1D0A6CE8BF3B
:1059D800F122675179ADE43FD7AA9E891573EC3F50
:1059E8009D60A82BD04CDD3F9D60A82BD04CDDBF1F
:1059F800D7AA9E891573EC3FABB653E3F583D33F23
:105A08005A16A529DB79EE3F5A16A529DB79EEBF90
:105A1800ABB653E3F583D33FB2F61A4BCFC2EE3F92
:105A280043F2E8FBF7A2D13F43F2E8FBF7A2D1BF6C
:105A3800B2F61A4BCFC2EE3FFEF7BF061908DF3F9A
:105A480047B1A1259DFCEB3F47B1A1259DFCEBBFCC
:105A5800FEF7BF061908DF3FFE5E5743790BE93FA3
:105A68008006BEEA33EBE33F8006BEEA33EBE3BFD2
:105A7800FE5E5743790BE93FC17D303B53FFBC3F86
:105A88005443910347CBEF3F5443910347CBEFBFB8
:105A9800C17D303B53FFBC3F2A321A9C297AEF3F25
:105AA800FFC4088DFD0AC73FFFC4088DFD0AC7BFA4
:105AB8002A321A9C297AEF3FE2132C662D2FE23FF7
:105AC80023F59010C954EA3F23F59010C954EABF52
:105AD800E2132C662D2FE23FEFEC45F368E0EA3F36
:105AE800BCE2DBE4365EE13FBCE2DBE4365EE1BF0C
:105AF800EFEC45F368E0EA3FABB9F3D5F1E4CA3F10
:105B0800B4ABBC062249EF3FB4ABBC062249EFBF99
:105B1800ABB9F3D5F1E4CA3F9A7595439EBFED3F03
:105B2800AEDF13E6F594D73FAEDF13E6F594D7BFA3
:105B38009A7595439EBFED3F8F94ABB75565D93F96
:105B48007F8A8872715FED3F7F8A8872715FEDBFCF
:105B58008F94ABB75565D93F755BC999CAF8E63FCD
:105B68005B537F431547E63F5B537F431547E6BFCB
:105B7800755BC999CAF8E63FCB97B96A296A8F3F1E
:105B8800D13BC54309FFEF3FD13BC54309FFEFBFF9
:105B9800CB97B96A296A8F3F77CB70681CFEEF3FB5
:105BA80026B2FA214DFD953F26B2FA214DFD95BF4B
:105BB80077CB70681CFEEF3FFF22EC4FE422E63FF4
:105BC800BF410E96AC1BE73FBF410E96AC1BE7BF2B
:105BD800FF22EC4FE422E63F2475181B5B4BED3F98
:105BE800F2F90D447DC1D93FF2F90D447DC1D9BF09
:105BF8002475181B5B4BED3F921026C96337D73FBE
:105C08005A918AF3FED1ED3F5A918AF3FED1EDBF46
:105C1800921026C96337D73F65BC1BBC6B3EEF3F6C
:105C2800AD5DF13463A9CB3FAD5DF13463A9CBBF62
:105C380065BC1BBC6B3EEF3F4F25EECFE933E13F20
:105C4800B6579FD88FFBEA3FB6579FD88FFBEABF5E
:105C58004F25EECFE933E13FC63B594A1838EA3FB2
:105C68001071BB4C7358E23F1071BB4C7358E2BFC4
:105C7800C63B594A1838EA3F0D831D831A45C63F6B
:105C88000CC6404A0F83EF3F0CC6404A0F83EFBF54
:105C98000D831D831A45C63FF69A7D3B6EC5EF3FBF
:105CA8003FAAE4FDB78EBE3F3FAAE4FDB78EBEBF54
:105CB800F69A7D3B6EC5EF3F18C58149C4C3E33FE3
:105CC80015A8C51FA42AE93F15A8C51FA42AE9BF1E
:105CD80018C58149C4C3E33FC15411611BE4EB3FBC
:105CE800A3CD56E6DE5FDF3FA3CD56E6DE5FDFBF1E
:105CF800C15411611BE4EB3F7893C6EF3E42D13F9C
:105D08000990995E83D0EE3F0990995E83D0EEBFEB
:105D18007893C6EF3E42D13FA7535DC5616AEE3F17
:105D280071C26EE99BE3D33F71C26EE99BE3D3BFB7
:105D3800A7535DC5616AEE3F21CDE1AE4BF3DC3F71
:105D4800139C0287F589EC3F139C0287F589ECBF09
:105D580021CDE1AE4BF3DC3FFA83AF11714BE83F45
:105D68007F9F586DBCD3E43F7F9F586DBCD3E4BF81
:105D7800FA83AF11714BE83F99A2C5129F9DB33FBB
:105D8800602D4885EAE7EF3F602D4885EAE7EFBFD9
:105D980099A2C5129F9DB33F0F4130259DEBEF3F60
:105DA8004D44ED74960CB23F4D44ED74960CB2BF61
:105DB8000F4130259DEBEF3F86A4CC25CCF9E43F7D
:105DC800FF45F5139C2AE83FFF45F5139C2AE8BFD9
:105DD80086A4CC25CCF9E43F49C4B9198FA0EC3F7F
:105DE800895386C37F99DC3F895386C37F99DCBF7B
:105DF80049C4B9198FA0EC3FF03689DC1043D43F71
:105E0800D36704559D5AEE3FD36704559D5AEEBF9C
:105E1800F03689DC1043D43F5186076AEBDDEE3F4C
:105E2800CE49174E5BE1D03FCE49174E5BE1D0BF5C
:105E38005186076AEBDDEE3FDED2245C57B7DF3FC1
:105E480027230DCB54CBEB3F27230DCB54CBEBBFF4
:105E5800DED2245C57B7DF3F6C4AACE39049E93F98
:105E68002930D6E3239CE33F2930D6E3239CE3BFC4
:105E78006C4AACE39049E93F5BB86FADE80EC03FB0
:105E8800888D0A0F47BFEF3F888D0A0F47BFEFBFC6
:105E98005BB86FADE80EC03F784BCB37A78BEF3FB1
:105EA800DECB5486007FC53FDECB5486007FC5BF5E
:105EB800784BCB37A78BEF3FBA3C4DEF8B81E23F56
:105EC8005EA7C0D2261BEA3F5EA7C0D2261BEABF48
:105ED800BA3C4DEF8B81E23FF5A24C2A7416EB3F9A
:105EE80057A9D0487209E13F57A9D0487209E1BFC4
:105EF800F5A24C2A7416EB3FDD745D53906DCC3FD0
:105F0800F0AE3A5A6833EF3FF0AE3A5A6833EFBF13
:105F1800DD745D53906DCC3F818D6D0F16E4ED3FC0
:105F2800B60C8A6398D9D63FB60C8A6398D9D6BF7F
:105F3800818D6D0F16E4ED3FC00AB543651DDA3F4C
:105F4800DCFBCB7BFC36ED3FDCFBCB7BFC36EDBFD3
:105F5800C00AB543651DDA3F4299078E553EE73FB3
:105F6800106AE5BD7CFEE53F106AE5BD7CFEE5BF35
:105F78004299078E553EE73F1D3BE54C4F459C3FF8
:105F880079A6E29CE0FCEF3F79A6E29CE0FCEFBF3B
:105F98001D3BE54C4F459C3F64911BBB53F7EF3FBE
:105FA800864687A5BA8DA73F864687A5BA8DA7BF1F
:105FB80064911BBB53F7EF3FDF23F7D50190E53F13
:105FC800D297BF07F7A4E73FD297BF07F7A4E7BF69
:105FD800DF23F7D50190E53F7B46CEE830F8EC3F6C
:105FE8007219B31D972FDB3F7219B31D972FDBBFB3
:105FF8007B46CEE830F8EC3FB6B39D8BE7BED53F85
:10600800D966DC2FA018EE3FD966DC2FA018EEBFAA
:10601800B6B39D8BE7BED53F5F8F89BC9010EF3F2D
:1060280048E32D466BB8CE3F48E32D466BB8CEBF4C
:106038005F8F89BC9010EF3F8CB032201189E03F10
:1060480047BCFD148F65EB3F47BCFD148F65EBBF64
:106058008CB032201189E03FC275F010D1C2E93FFF
:106068001510444BC2FBE23F1510444BC2FBE2BF84
:10607800C275F010D1C2E93FA71645F97B2BC33F83
:1060880091177AAC9BA3EF3F91177AAC9BA3EFBF14
:10609800A71645F97B2BC33FDCFD0CCBFBAAEF3FD2
:1060A8000934FD4D9964C23F0934FD4D9964C2BF5E
:1060B800DCFD0CCBFBAAEF3F1FA649EC2124E33FF4
:1060C800B2062BA4DFA4E93FB2062BA4DFA4E9BFE4
:1060D8001FA649EC2124E33FE992E786667FEB3F60
:1060E800B7B831ECF35DE03FB7B831ECF35DE0BF32
:1060F800E992E786667FEB3F0238BD80747BCF3F2D
:106108008C73CF145A04EF3F8C73CF145A04EFBF2B
:106118000238BD80747BCF3F7A1939448F29EE3F0E
:10612800B467F4124060D53FB467F4124060D5BF3D
:106138007A1939448F29EE3F9356FD14788ADB3F4C
:1061480060A09927B3E2EC3F60A09927B3E2ECBFC7
:106158009356FD14788ADB3F33D3E29CB8C6E73FF9
:106168009F649751C36AE53F9F649751C36AE5BF2F
:1061780033D3E29CB8C6E73F17835FBD01B1AA3F9E
:10618800D3BEB154DCF4EF3FD3BEB154DCF4EFBF5F
:1061980017835FBD01B1AA3F8C531475FADAEF3F3C
:1061A800A130C112874FB83FA130C112874FB8BF85
:1061B8008C531475FADAEF3FA2322B695A60E43F28
:1061C800881DDE1E87ACE83F881DDE1E87ACE8BF51
:1061D800A2322B695A60E43F04C041318344EC3F4A
:1061E800DE41A966FFFEDD3FDE41A966FFFEDDBF99
:1061F80004C041318344EC3F2045954E1AC4D23F38
:10620800306B0136EC97EE3F306B0136EC97EEBF02
:106218002045954E1AC4D23F0058E69383A6EE3F18
:10622800BA545599E663D23FBA545599E663D2BF3A
:106238000058E69383A6EE3F25D83C6DA857DE3F6D
:10624800F1E33149D12CEC3FF1E33149D12CECBFDA
:1062580025D83C6DA857DE3F554618756ACCE83FEF
:1062680080432A5B7F39E43F80432A5B7F39E4BF60
:10627800554618756ACCE83F5CA824EBB6DFB93FF1
:106288009E5CA72D0DD6EF3F9E5CA72D0DD6EFBFC8
:106298005CA824EBB6DFB93FEE3C88567567EF3F44
:1062A8000418C4271796C83F0418C4271796C8BFF0
:1062B800EE3C88567567EF3F7248DC641BDCE13FB3
:1062C800D25A546E678DEA3FD25A546E678DEABF30
:1062D8007248DC641BDCE13F8EB92C7A54A9EA3F92
:1062E800BF73131750B2E13FBF73131750B2E1BF2A
:1062F8008EB92C7A54A9EA3FFA2AB6E9495BC93F14
:106308005D6843EDA65DEF3F5D6843EDA65DEFBFB9
:10631800FA2AB6E9495BC93F463D8BDD009AED3F55
:106328003F90F3AA6A4FD83F3F90F3AA6A4FD8BF6D
:10633800463D8BDD009AED3F44EDD5864BACD83F0A
:106348004FA44584C486ED3F4FA44584C486EDBF61
:1063580044EDD5864BACD83F9CE22FED5CB2E63FCE
:10636800719CA1EAD18EE63F719CA1EAD18EE6BF6D
:106378009CE22FED5CB2E63FBAA4CCBEF821693F9F
:10638800021D6221F6FFEF3F021D6221F6FFEFBFFB
:10639800BAA4CCBEF821693F00000000000000400C
:1063A800000000000000F03F000000000000E03F97
:1063B800000000000000D03F000000000000C03FC7
:1063C800000000000000B03F000000000000A03FF7
:1063D800000000000000903F000000000000803F27
:1063E800000000000000703F000000000000603F57
:1063F800A38311740400000006FC8C5436000000CE
:106408000A14BFDC4F02000045E09D931D170000F1
:10641800846F8FF50CD00000E396F71C68800600A7
:10642800EA0F5B30D8822D00D06F060E11111101D2
:10643800000F07555555550500FF815555555515FC
:1064480000B40200000000400048FFFFFFFFFF7F8C
:10645800000000000000008001D8FF7F45ADD6167F
:10646800FF2700000190FE7F89F29F0CE10C191CA8
:106478000188FE7F5AD53E02190B3C4F0160FE7F12
:106488003E2AD775BEEAB5390118FE7F3AA09B3F70
:10649800EF2DE5070100FE7FFADDBA5FB157AF23A4
:1064A80001E8FD7FF9163B79A034F53E01C8FD7F70
:1064B8008189926236531C190158FD7F335C9F25F0
:1064C80032953B420128FD7FF7F97E799DB61B3E48
:1064D8000120FD7FE3FDF974A1A128010148FC7F9B
:1064E800E7B72C7D78E10E150138FC7F6E95AE7606
:1064F800CBB98F6501F0FB7F7AB7C71EBD96094BF4
:1065080001C0FB7F94276618D1E9F34001A0FB7F07
:10651800BFEF4C37CC3E01740158FB7F2B0FC443AF
:10652800C4044A500128FA7F3C2FC633B3ECCA2969
:1065380001E0F97FC82E1671C632D32401C0F97F55
:10654800B31795706DB870090168F97FF7907D01F0
:106558008FA9281F0148F97F8FF58513450D38024B
:106568000138F97FC82EAD2D8CA58D430170F87FB9
:106578005256086FD10867040110F87FD80A1E1810
:106588002B49EC260100F87F5EE26D73B5AD503BF8
:1065980001B0F77FF033F85C2922D8250138F77F5E
:1065A800DCB930194C9D517601E0F67FB20661687E
:1065B800EAC0C61101A8F67F5B9C81220DAE64116A
:1065C8000148F67F41366742728F97360118F67F89
:1065D80022105B7B4447DA0201D8F57F08398E5CCC
:1065E8005F7785260130F57FC7569F71BBFE3C5FFC
:1065F80001E8F47FBA4F1D6E082E334901B8F47FC5
:106608008690686C25191E4601A0F47FDE56A442C8
:106618004E95E13E0198F47FBE541A0349E4A2372F
:106628000140F47F30294D234657D75301F8F37FB3
:106638001588AF0F8D88405A0160F37FABCFD928FA
:106648000315EB160148F37FB8FD4B3779BF0A20D5
:106658000138F37F123D220365A4416B0130F37FBB
:10666800247B1A4C306967500190F27F59178530A6
:10667800B8F9B05A0118F27F5815126EF9B5214EC3
:1066880001B8F17F9A71CC364556BD3C0120F17FA7
:10669800BC940B28E0B84C0201E0F07F0026EC1017
:1066A8007227BC1F01D8F07F1B54196AEAB56E35F2
:1066B8000160F07F32978C135440264F0130F07FF1
:1066C800D5941D4E05C423390118F07FBEE49018F7
:1066D800D8681F110108F07F91AB79114675CB7707
:1066E80001F0EF7FF4D8AB0A8011035101C0EF7FAE
:1066F800D0DA705AE006B56A0190EF7F66764F608F
:1067080023A4765E0188EF7F35B3453172EC2F24E0
:106718000128EF7F1C3E3A00EFAB127101E8EE7FD3
:10672800F83BCD485F046E7601C8EE7F1070BC520E
:10673800F87BA9320180EE7F55D17E6BE498AD627B
:106748000120EE7F3124013D97E64F1001D8ED7FFF
:10675800D8F60C408710DC1B01B0ED7FBC479131A7
:106768009EA3D55A0178EC7F8F767D2A8E84C94501
:1067780001B8EB7F82A13369BB6C783F0188EB7F5E
:106788006527652557ADDA530150EB7FFD2FAC61C6
:10679800415B7A7C01E0EA7FFA565C5ADAD62A290C
:1067A80001C8EA7FC1152F4D629AC81201C0EA7F5D
:1067B8002DAAC6736108073A0190EA7FB6FEE06D1C
:1067C800ECF0177F0148EA7F2A747D4139A07B15D8
:1067D8000118EA7F30B76460EEDE58740100EA7F82
:1067E8008110A26BA16AB87B01A8E97F05D1361098
:1067F8004E0380680128E97F2831EA4756CE3C7964
:106808000100E97F106A224A6C52F04501D0E87F06
:10681800479CE1344AC45F4C01F0E77F17AA6862DD
:10682800A82E03360178E77FF096BB63BCDE323EC4
:106838000168E77FEA4B1C490C336F5301F0E67F90
:10684800B5845757BAB0F24E01D0E67F395B95440C
:1068580097A906210190E67FAA5F350D3FB4781904
:106868000118E67FF9064B2492CADE1201A0E57FE3
:106878009EE20B66A04A64640170E57F93909F4D89
:106888009CAF342B0138E57F7D7CCC1EB4C8BA1987
:1068980001C8E47F5B63441F29018B6001A8E47F82
:1068A80097B5C672E3FF963A0198E47FCEF5A41B2C
:1068B800FCF7134D0160E47F1C76FF2D6DDD8E34EF
:1068C80001B8E37FF102FA59FC2CE9310130E37F8A
:1068D80010AAA70DAB1FC3320110E37F49911A6BB1
:1068E800588EDE250120E27F22C7A22A3178F8637C
:1068F80001A8E17FDA560B3E4839F60B0138E17FF3
:10690800CDDC9C38D261D56B01E8E07F5ABEC56307
:10691800916BAE050110E07F9CF418309FCA275593
:1069280001C8DF7F6CD69853A67F7F0901A0DF7F5F
:10693800EA44A57E9D45B85E0198DF7F5B9F91483C
:106948006241135D0188DF7F1AAE2A146FB0FF041D
:106958000158DF7F04825852F2713B260110DF7F15
:10696800B6F6497087991A5B01F8DE7FB822984F0E
:106978004C2DEC0301E0DE7F6AB3357710746D723D
:1069880001B0DE7FD2934E39E24C49490168DE7F7F
:10699800CF9E4436ED37117501A8DD7F8D38AB30B9
:1069A8007FC6D41A0170DD7FFA508A55840BF66AC7
:1069B80001F8DC7F1F40FF017E50D84B01E0DC7FEF
:1069C8000953141049AE465201C8DC7FFB625C03D0
:1069D80092D97D4E0150DB7F2571947D5C24F55260
:1069E8000170DA7F686A57504E1FF22A0158DA7F21
:1069F8006E0C530C73476F620128DA7F14A662701D
:106A0800A44F0D530180D97F033AE86BFB52E7018D
:106A18000140D97F1E6CDF4D80E55D780120D97F6C
:106A28009A3939029EE4C26D0180D87FF8F3735F0A
:106A380027AC6A090168D87F92CBE20564BDDF7E86
:106A48000148D87F5A90A3695834BF7B0108D87F82
:106A5800CA31B7532CE2FE780178D77F72E6C12F8E
:106A680094A33C180128D77FA3A2D014E2AA78598E
:106A78000100D77F0813F35B078E427C01B8D67FED
:106A880024592A484B3218680170D67FC3B5574439
:106A98006961B42A0168D67F5006111131E2B36CDE
:106AA80001F8D57F6F11525011FA786D01F0D57F3A
:106AB800EE43086BDC17031F0178D57F9531A24D93
:106AC800B933D7320108D57FEE9620409F94191E1E
:106AD8000198D37FF0ECD80B96AC63600150D37F5C
:106AE800BF232A13CBA449090140D37F7CC8863031
:106AF8006C0B7A6C0108D37F26F40A222F5565396E
:106B080001D8D27FC60A1D6899B5250001A8D27F91
:106B1800A596906CDB0067070100D27FBA9BB5365B
:106B2800662F1B4B01D8D17F3D338E16F3B5885D98
:106B38000148D17FE4CA710A1BC3D06C0118D17F08
:106B480043FE476575B9F5140180D07FA7AEE33FD2
:106B58002DC21C390128D07F7B8D1769262435204A
:106B680001F8CF7F1498313FFFF6CF3601E0CF7F91
:106B7800C6728C27DC28575601D8CF7FB1620C3FEC
:106B8800F8152E230190CF7FF082A265A011FB5645
:106B98000160CF7FE9AC6B1366004A620148CF7F82
:106BA800EDD2082C8632AB1A0190CE7F62425C3956
:106BB80067DD3A350178CE7FF537A962BE0BB2356D
:106BC8000150CD7FE6C76F0E00C7735D0138CD7FDA
:106BD8008C58DC2D2EDD624A01F0CC7FF7511A1358
:106BE8002E1CBF1E01B0CC7F6A15B76176A7F22DA7
:106BF80001F0CB7F91B50269B8FD793901D8CB7F17
:106C080061E90519F867310C0148CB7F2520B327C6
:106C1800F06DA27C0100CB7F0FB442541290855ACC
:106C28000120CA7F8A62CF49CF2E5A1C01F0C97F42
:106C3800756A4D12FECA23460198C97FD770F57A46
:106C48000B66E52E0150C97F51FBC14F73AF1E5D26
:106C58000130C97F29E10F04F30D32050118C97FFE
:106C6800FACCF036B6FE821701A0C87F41C4E62AE6
:106C7800CCCDFA070158C87F2A73824443A3F56E26
:106C88000138C77F2686316EC1BCA04F0120C77F5F
:106C98001673134FC4A423060178C67F5F0B2A30EE
:106CA800D4E5F4440120C67F63812617B391D372DB
:106CB80001D0C57FAEE41B55F9F3B46801C0C57FA8
:106CC8007D75F971BDC5CE3A0170C57FAFA1A979AF
:106CD80031DF29160160C57F51D4494CCE65A378B0
:106CE8000148C57F568CF12AC6E0CA520110C57FFB
:106CF8004FA1624DC6DD456701B8C47F683C505C52
:106D080022A9CD6C0140C47F88B5FB2461B1004045
:106D18000128C47FCF8B3673CD2493380108C47FF4
:106D2800886D1E159E17786201D8C37FA0CB6A2292
:106D38002250634101B0C37FA68D5415B777871CD5
:106D48000190C37F29C04378543C6B5C0150C37FDA
:106D58003BB5DD7BA5EABC6C0108C37FD5E3902475
:106D6800F6459B5F01C0C27FAB766A575C5DED1D3F
:106D78000118C27FBB1D7C42B7E5433E0170C17F4D
:106D88007D339500F64A65710158C17FBC0ED45C0D
:106D98004B38997A0120C17F6749DD26437F2D75DD
:106DA8000190BF7F33BC4B57C510CB5A0158BF7FEA
:106DB8006150D36FDCFB912D01C8BE7F21D54260A5
:106DC8004C247B7201B0BE7F8FAA793A81122D7A4A
:106DD8000108BE7F8D681C6E71926C2B0190BD7F7F
:106DE800B9408D39C0DBF1230178BD7F27479A7FF1
:106DF80007647F000120BD7FC35E395CFFC960293D
:106E08000100BD7FFA675A264567037601D8BC7F23
:106E180082DD3D0BB6FCC4780188BC7F1FD8C862F0
:106E28005B727F160160BC7F8E45DA06B1405E3A20
:106E380001F8BB7F6E013C6560FD605601B0BB7F09
:106E4800AB2E076F3DF5B0670188BB7FE9B8192DF8
:106E58003232603B0138BB7FCA144E3756AE8C4580
:106E68000110BB7FDD47F23526EE74270150BA7F4B
:106E78009295700227EA856A01F0B97FF0407E7624
:106E8800D6CC402801D8B97F7BD7882FA5DBDC4E2C
:106E980001A0B97FE691437B278927540178B97F00
:106EA80002A68C48BF67BC550100B97FC7AC6E18F5
:106EB8009A695F690198B87F41CF644707DA71150D
:106EC8000150B87F95DF5F263EFEA11E0138B87FCE
:106ED800420C586691CE0C0D0160B77FFE2B53050E
:106EE800C923D6180120B77F05B55A00D354DF50FF
:106EF8000160B67FF7EBEC344AE89E7B0110B67F61
:106F0800C4130D09A369306201F0B47F8153D264C0
:106F1800086C66580178B47FC8C59B76010DB543E7
:106F28000168B47F96312D3901E24F5B0160B47F6F
:106F38003910041BD20CDA660100B47FC6ED8D5BF4
:106F480089E9D90A01F0B37F6AA0FB21772DCF29FF
:106F580001B0B27F281A7D13AB948D1801E0B17F80
:106F680002A0E06335826E5A01B0B17F9E96BA39AD
:106F7800BF77EB5D0160B17F96B58C528C23726947
:106F88000120B17FFA44D97574BC4C6D01C0B07F43
:106F980049D7AA05C565356601A8B07F4FF88406AC
:106FA800D5D2CF3F0190B07FFECB02015911DA292B
:106FB8000158B07FC31703212B19B6190180AF7F81
:106FC800FF7B640E6E106D7A01D8AE7F0E9E076B44
:106FD800B094803D01D0AD7F7EBD4548BF097C2A75
:106FE80001A8AD7F18842269E3EF02310188AD7FE3
:106FF800B1A9632662DA37690178AD7FC83CB70664
:107008003D8756260100AD7FFFECB7527E3B5C4DB5
:1070180001B8AC7FE124B92E0249A13B0180AC7FC5
:10702800184FFB3549A0196401F0AB7F91CDAB2F08
:1070380005F0E61B0178AB7F7C483073D3DBC71AB9
:107048000150AB7FF8520A5B95E22D320148AB7FC5
:1070580063E0544A2CDA552C01D8AA7FF35D8147A6
:107068006645F11701A8AA7F7ED6F2084C428A66C7
:107078000128AA7F52BFBC4C2903922701C8A97FC7
:10708800C333D6244AEA6E6C0198A97F0E5C943B00
:10709800B074A1530110A97F55B1E004E569CF5A36
:1070A80001D8A87F881527078C4FA11B01A8A87FA6
:1070B800BD854C071AD5A77E0180A87FF988760878
:1070C800D16F0C380188A77FDE6AFE34FB99701CEB
:1070D8000158A77FC91753135AE1E8420148A77F0F
:1070E800EB60154641CDE2510110A77F26066142AB
:1070F8002A23B2110108A67F1A09133B1320875EC1
:1071080001F8A57F9173885310516F6B01D8A57F43
:10711800CE77B25D94DE7B2A0168A57FA070084215
:107128009D9B854A01F0A47FDB06B70B6A253815BD
:1071380001A0A47FB2335467A2AE393F0170A47F87
:10714800EB7F2A1342CCA2450110A47F8B2C261E6C
:107158005B23B42B0190A27F2256343D048E8638DF
:107168000108A27FB0985538AEB3F47E01E8A17F3C
:1071780064B9866F1AD6E66D0170A17F8AFDBA6A76
:10718800A0FC55680128A17FE03111525096180BD8
:1071980001F8A07FF89DF07E47D5DB6F01C8A07F7E
:1071A800D0087D7F9CECDE4F0158A07FEBFF377342
:1071B800D5CED6400150A07FEB532B71F133796ABD
:1071C8000128A07FCCC8053BB9AB113801C09F7F0F
:1071D80065D8D3533258313B01989F7FA3C24F4B98
:1071E80057163A1101309E7F93D38C58C265451EBD
:1071F80001E09D7FC4DF5C70F1558D1201B09D7F69
:107208003FDE974C26D5BE1001809D7F067C0D5B26
:10721800E6945A1601409D7FF8DB7B532C12D10966
:1072280001109D7F7832BA255BA9963901089D7FA8
:1072380032D2ED79DE68F14C01F89C7F23F03454AA
:107248006DA25F1601309C7FF059E22A14C3CF2E3D
:1072580001F09B7F3C11B2027DC6DC3101D09B7FDF
:107268004C2AFC44D1DBB63B01589B7F70479910F0
:10727800FC1E187D01989A7F718021635A911437FA
:1072880001D8997F8733D52F9EDAE9790180997FD4
:10729800AD467C6C50544E6B0178997F3119B645D8
:1072A8006318937D0170987F7ACA9D07CBE2697055
:1072B8000140987F8D5CF400DBEE734101C8977F35
:1072C80096C0B127B7E5176B01E0967FB3382C3E1F
:1072D800DA4E7D1601A8967F4303496759F0AC59E9
:1072E8000180967F8340011248165B150178967FCE
:1072F80005B2770BF71ECB710150967F93283C1887
:10730800DE1D0E460130967FE6583D689FF84A1FFD
:107318000118957F16CCC41D0640763D01F8947F70
:10732800B1246A7058CF633D0150947F64596758FF
:1073380035E7E9630138947FF161176A1C4F6D32B4
:107348000120947F1D912B1F655D436C01A8937FDD
:1073580079481E7399724D4D0168937F0B8A487264
:107368002C09C6080138937F0141FB00CBE6685021
:107378000120937F3CD4C76F02C2E46E01C0927FA4
:107388001D9E351B6325B56A01B8927FD51A206109
:10739800104EF10801A0927F9AB57D71970493175A
:1073A8000118927F8845576A356E8E3101A0917F0A
:1073B8006394430FEDB390290150917F6ED928173C
:1073C800AA3F890E0138917F18548D2C02673953D2
:1073D80001E0907FFFAB3E1EF122FC700148907FD8
:1073E80020B793223DC3E8790118907FCCC3762A51
:1073F800CB79CD2E01E88F7FA02FED55EFEEFF1F43
:1074080001A08F7F96C3A714DDECBC6701308F7F86
:10741800C5C9D810D636410101F88E7FE413E4536C
:107428008D70111301888E7FC405856006B9BA581E
:1074380001708E7F40D6897C1615ED7701F08D7F1F
:10744800403EA865F8262B6001A88C7FE9E60A6E05
:107458000929554C01608C7F23A3F93AFC85AB467A
:1074680001C88B7F62AEBC5AEB39381601688B7F36
:10747800B1FC3A646BD7EC0C01288B7FBC01297BEB
:1074880028EE646A01208B7F96C5A91C137A335AAB
:1074980001988A7FB07E8A32DBFB263301808A7F9F
:1074A80032F0DE6108A75E5E01508A7FC5EF1138B1
:1074B8005409B60A01488A7F4A07D01244D27E3955
:1074C80001B8887FB390C41322E4932D0158887FB4
:1074D8002F44497E24754E4E0140887FE395F11E66
:1074E800A18DF21E01B0877F4239FB5A20FA7A69D2
:1074F8000150877F42DCD920557FEB300138877FE8
:1075080072E4A852ADF9281C01F0867F82FE803013
:10751800536C2E5401C0867FF44F476023EEEC5F16
:1075280001D0857FC36A9E5025E621650180857F4D
:10753800C1C3813EE831785E0128857FF5BDD4312D
:10754800BEB2A1380108857FCD7BE15C8A8C7B6166
:1075580001C0847FDF52056705ACCD630198847F45
:10756800C6D9FA66D0F66B580168847FF39E23412A
:107578000C38D0670130847F436B2C29759A134AE5
:1075880001E8837F2C7A6D69717F677E01A8837F0C
:10759800F7CEB5674918125501A0837F7F3B385C49
:1075A800626522250148837F8DF64650EE78B15FEB
:1075B8000130837F3C5803167F4560310128837F63
:1075C800D713025D03D5936A01E0827FD70EAC4DD5
:1075D800BE3078230158827F96DFBC5031C22D22FD
:1075E8000138827FE863A2039BF3CB3401F0817FEB
:1075F800AD9E311577D1C74801D8817F02C4C32118
:107608006440C26601D8807F6915F133EE6CE95F8A
:1076180001C0807FE27C1A58C1BFCC430158807FEB
:107628009A3C8F6EBB96803901B87F7FD775100C56
:107638001069172D01807F7F9DF76D53CB5FBD3497
:1076480001407F7FA6AFA53EB492A94701107F7F76
:1076580086AAC9658A22AF2501A87E7F53A75879D3
:10766800C257CE0D01D07D7FE499F50A1F38F83155
:1076780001B87D7F85F7A353AA921B1801587D7F17
:10768800736C8712C1AD774C01307D7FA93F2F4FB6
:107698001FDD2A0601187D7F41E0B2044DD0373B3B
:1076A80001107D7F2BFCA84E69D2EF3E01C07B7F85
:1076B800B88BE8166595B26501A87B7FB3C6A9406B
:1076C80079242E1801507B7F5C8CE9170D121C75EC
:1076D80001207B7F7CE44C6E710B554A01007B7F57
:1076E8008D2D1C345DF9F05D01D87A7F366DC74663
:1076F800273D383B01B87A7F082A3E6A53112E3E4F
:1077080001A87A7F479ECE48BB2FB12F01907A7F80
:1077180018FBA418CE52775601E8797F14EF0C2C89
:1077280010D66B140158797F7C90D0508E31182870
:107738000120797F1A2143240C5CB95B01F0787F22
:1077480072A31F56166FF1280190787FEA0DE41C8A
:10775800F6878A550150787F3D842720B5D5EA4CB5
:107768000108787FAEDEC87C568ADF7701B8777F5C
:107778006C5B8844BBC9284001A0777F4EE21B326E
:10778800B98FB47D0170777FF34D7F0CFDDECF0B91
:107798000148777F0287C575C0881D4C01C8767F70
:1077A800C8389450FD75D4750150767F351E526CDB
:1077B800D563F97501D8757FF9D03B740847200C5B
:1077C8000168757F81C82D363D8C74250160757FF1
:1077D800B0441B0DE896352D0108757FABF6E14DD9
:1077E800AA4A443A01A8747F62ABCF11976C7D779F
:1077F8000170747F981C501A7C80863E0130747F1B
:107808008CBF765AA949F75501B8737F1D90D1509E
:107818001F592D6201E0727F5F32AB1FDAE01A68F0
:107828000190727FF2B53671FC77932E0160727FFA
:107838003577176CE383B5600138727FBB09C240A6
:10784800677E1E3D0118727F2B462377FAFB4B316A
:1078580001F0717FE2D88472E50EAF2C01E0707FF1
:1078680094039D603F34C47E01D0707F9D266431AF
:10787800194ED4700198707F2B82B10AE761ED5AD6
:107888000138707FA394B224EAAA134B01F86F7FE2
:10789800D09403790208316701F06F7F2C7C687CF3
:1078A80033D1076101C86F7FE8898807D8841442FB
:1078B80001786F7F76709E2A9224AD3C01306F7FED
:1078C800AD07F4649081925001986D7FD335E04CF8
:1078D80065E2C43E01106D7F52A2EB0B9576C14A5A
:1078E80001C06C7F75F41C38E410773501806C7F1B
:1078F8003E72BA2C8D38914A01206C7FEFA8912FE7
:10790800906AF01501086C7F87825D34B191B63DAD
:1079180001C06B7F0AB08E00BEC3EF4401906B7F3D
:107928000E3064525FDB866401186B7F5249325017
:107938008B7E336401C86A7FB101C031AF7495256D
:1079480001506A7FE17E1E62B306C7700180697FBD
:107958004DBD6D2E0D63E3020178697F737D2A6743
:1079680095711F6601E8687F63A304305F36305263
:107978000140687F74042E0CE4283D740110687F70
:10798800BA781674C13A745901E8677FB5D7E82AFE
:10799800FCF060590188677F3D68BC0D6DBA2921EC
:1079A80001C0667F251B633AE3389A1801C0657FDA
:1079B800E0BB4D3761C479740190657FFF8D224A21
:1079C800A031523301D0647F8533F34FB25A733AF2
:1079D80001C8647F0ED2DF37D53EE26A01F0637FCB
:1079E800FCCA672F5DC20E5401C0637FF35BFC08BD
:1079F8004F093E7501D0627FE279BC0937649773FD
:107A080001A8627FCB95617475183C2D0178627F5F
:107A1800718B05227A9E080D0148627FAAAF0C710E
:107A2800C973EE790130627F922E5E155B19E31EF1
:107A38000128627F35D4B459A80A37280110627F1B
:107A4800BFE3A9011263873101E8617FC960361A73
:107A58000684B35C01D0617F2387252FFF0D8C6FCF
:107A680001B8617FB276C119982963300198617FA6
:107A78006DEBEF5009A1A1460188617FBB17B41EC9
:107A8800276643660168617FE35C5A18F1A7507C5A
:107A98000158617F7FC9097D53AC715001E0607F57
:107AA80072F7C95CB3A56C560180607FBA67225C27
:107AB800A4EA9D5101D85F7FCA1CD3132A0231065C
:107AC80001905F7F0206685993D11E6301E05E7FD3
:107AD800716715331A4F480001705E7F087029746A
:107AE800FB29002201685E7F68CF8303C21D7B5D8E
:107AF80001505E7F2365CA7E04FF4E1001C05D7F82
:107B080017EAA0069C8D684601205D7FA642FE60AC
:107B1800139E276401705C7F19E3DE5DC3CBD5003B
:107B280001185C7FAFCAD500CB864D4301E05B7F6F
:107B3800233823027520966D01C85B7F12D27D120F
:107B4800B4E44B5101705B7F92B71B605491015DA7
:107B580001B05A7F63BEDC431C40AF2F01085A7F37
:107B68002FBAE623CC516B550160597FF14ADC0AE4
:107B78009EF06A720140597F3D3C5213FFB7DE09FF
:107B88000128597F194BA70B21AEF10C01D0587F62
:107B9800AE72A13E8FE301380188587F9D716E70E7
:107BA8002C1E8E600110587F307C5624450D17021C
:107BB80001F8577F98177E288CB88F5601C0577FD9
:107BC8000FBDAA0789B329310138577FC8EE2D01A7
:107BD80026ACF55A0130577F24789F2927763B5BDE
:107BE8000170567F656B75620542936B01E0557FA6
:107BF800A5757713BADC151401B0557F7A2BC50328
:107C080077918B710150557FCC6D9B128B4B430A3A
:107C18000190547F1198B916DEFDFE150178547F46
:107C2800052861153A89C0610148547F44D58E1EE4
:107C3800C95681040120547F7236DF7C05216D7599
:107C480001F0537F22F5D271A3930D200178537F61
:107C580083A08C4F032A675B0130537FC0C7F27C37
:107C68005A5CE36A01F8527FBD391771F7B3831183
:107C780001D0527FAECE0C37EA7DF43C0140527FF2
:107C88005F1D50576A334E5A0138527F601F717812
:107C98000812E27A01F0517FA73B551199882A6CA6
:107CA8000168517F96B75209010C8D4A01B8507F7F
:107CB800E4E0BA11CC5F7B430118507FE8C01C2078
:107CC8006C85A964000000000000000000000000AE
:107CD8000000000200010003800080028001800390
:107CE8004000400240014003C000C002C001C00380
:107CF8002000200220012003A000A002A001A00370
:107D08006000600260016003E000E002E001E0035F
:107D180010001002100110039000900290019003CF
:107D28005000500250015003D000D002D001D003BF
:107D38003000300230013003B000B002B001B003AF
:107D48007000700270017003F000F002F001F0039F
:107D580008000802080108038800880288018803CF
:107D68004800480248014803C800C802C801C803BF
:107D78002800280228012803A800A802A801A803AF
:107D88006800680268016803E800E802E801E8039F
:107D9800180018021801180398009802980198030F
:107DA8005800580258015803D800D802D801D803FF
:107DB8003800380238013803B800B802B801B803EF
:107DC8007800780278017803F800F802F801F803DF
:107DD800040004020401040384008402840184036F
:107DE8004400440244014403C400C402C401C4035F
:107DF8002400240224012403A400A402A401A4034F
:107E08006400640264016403E400E402E401E4033E
:107E180014001402140114039400940294019403AE
:107E28005400540254015403D400D402D401D4039E
:107E38003400340234013403B400B402B401B4038E
:107E48007400740274017403F400F402F401F4037E
:107E58000C000C020C010C038C008C028C018C03AE
:107E68004C004C024C014C03CC00CC02CC01CC039E
:107E78002C002C022C012C03AC00AC02AC01AC038E
:107E88006C006C026C016C03EC00EC02EC01EC037E
:107E98001C001C021C011C039C009C029C019C03EE
:107EA8005C005C025C015C03DC00DC02DC01DC03DE
:107EB8003C003C023C013C03BC00BC02BC01BC03CE
:107EC8007C007C027C017C03FC00FC02FC01FC03BE
:107ED800020002020201020382008202820182037E
:107EE8004200420242014203C200C202C201C2036E
:107EF8002200220222012203A200A202A201A2035E
:107F08006200620262016203E200E202E201E2034D
:107F180012001202120112039200920292019203BD
:107F28005200520252015203D200D202D201D203AD
:107F38003200320232013203B200B202B201B2039D
:107F48007200720272017203F200F202F201F2038D
:107F58000A000A020A010A038A008A028A018A03BD
:107F68004A004A024A014A03CA00CA02CA01CA03AD
:107F78002A002A022A012A03AA00AA02AA01AA039D
:107F88006A006A026A016A03EA00EA02EA01EA038D
:107F98001A001A021A011A039A009A029A019A03FD
:107FA8005A005A025A015A03DA00DA02DA01DA03ED
:107FB8003A003A023A013A03BA00BA02BA01BA03DD
:107FC8007A007A027A017A03FA00FA02FA01FA03CD
:107FD800060006020601060386008602860186035D
:107FE8004600460246014603C600C602C601C6034D
:107FF8002600260226012603A600A602A601A6033D
:108008006600660266016603E600E602E601E6032C
:10801800160016021601160396009602960196039C
:108028005600560256015603D600D602D601D6038C
:108038003600360236013603B600B602B601B6037C
:108048007600760276017603F600F602F601F6036C
:108058000E000E020E010E038E008E028E018E039C
:108068004E004E024E014E03CE00CE02CE01CE038C
:108078002E002E022E012E03AE00AE02AE01AE037C
:108088006E006E026E016E03EE00EE02EE01EE036C
:108098001E001E021E011E039E009E029E019E03DC
:1080A8005E005E025E015E03DE00DE02DE01DE03CC
:1080B8003E003E023E013E03BE00BE02BE01BE03BC
:1080C8007E007E027E017E03FE00FE02FE01FE03AC
:1080D8000100010201010103810081028101810384
:1080E8004100410241014103C100C102C101C10374
:1080F8002100210221012103A100A102A101A10364
:108108006100610261016103E100E102E101E10353
:1081180011001102110111039100910291019103C3
:108128005100510251015103D100D102D101D103B3
:108138003100310231013103B100B102B101B103A3
:108148007100710271017103F100F102F101F10393
:1081580009000902090109038900890289018903C3
:108168004900490249014903C900C902C901C903B3
:108178002900290229012903A900A902A901A903A3
:108188006900690269016903E900E902E901E90393
:108198001900190219011903990099029901990303
:1081A8005900590259015903D900D902D901D903F3
:1081B8003900390239013903B900B902B901B903E3
:1081C8007900790279017903F900F902F901F903D3
:1081D8000500050205010503850085028501850363
:1081E8004500450245014503C500C502C501C50353
:1081F8002500250225012503A500A502A501A50343
:108208006500650265016503E500E502E501E50332
:1082180015001502150115039500950295019503A2
:108228005500550255015503D500D502D501D50392
:108238003500350235013503B500B502B501B50382
:108248007500750275017503F500F502F501F50372
:108258000D000D020D010D038D008D028D018D03A2
:108268004D004D024D014D03CD00CD02CD01CD0392
:108278002D002D022D012D03AD00AD02AD01AD0382
:108288006D006D026D016D03ED00ED02ED01ED0372
:108298001D001D021D011D039D009D029D019D03E2
:1082A8005D005D025D015D03DD00DD02DD01DD03D2
:1082B8003D003D023D013D03BD00BD02BD01BD03C2
:1082C8007D007D027D017D03FD00FD02FD01FD03B2
:1082D8000300030203010303830083028301830372
:1082E8004300430243014303C300C302C301C30362
:1082F8002300230223012303A300A302A301A30352
:108308006300630263016303E300E302E301E30341
:1083180013001302130113039300930293019303B1
:108328005300530253015303D300D302D301D303A1
:108338003300330233013303B300B302B301B30391
:108348007300730273017303F300F302F301F30381
:108358000B000B020B010B038B008B028B018B03B1
:108368004B004B024B014B03CB00CB02CB01CB03A1
:108378002B002B022B012B03AB00AB02AB01AB0391
:108388006B006B026B016B03EB00EB02EB01EB0381
:108398001B001B021B011B039B009B029B019B03F1
:1083A8005B005B025B015B03DB00DB02DB01DB03E1
:1083B8003B003B023B013B03BB00BB02BB01BB03D1
:1083C8007B007B027B017B03FB00FB02FB01FB03C1
:1083D8000700070207010703870087028701870351
:1083E8004700470247014703C700C702C701C70341
:1083F8002700270227012703A700A702A701A70331
:108408006700670267016703E700E702E701E70320
:108418001700170217011703970097029701970390
:108428005700570257015703D700D702D701D70380
:108438003700370237013703B700B702B701B70370
:108448007700770277017703F700F702F701F70360
:108458000F000F020F010F038F008F028F018F0390
:108468004F004F024F014F03CF00CF02CF01CF0380
:108478002F002F022F012F03AF00AF02AF01AF0370
:108488006F006F026F016F03EF00EF02EF01EF0360
:108498001F001F021F011F039F009F029F019F03D0
:1084A8005F005F025F015F03DF00DF02DF01DF03C0
:1084B8003F003F023F013F03BF00BF02BF01BF03B0
:1084C8007F007F027F017F03FF00FF02FF01FF03A0
:1084D80058ABF22DD837D11174F9F53FF6400C5945
:1084E800B775B9851DE49838F98F8550EF64A920D0
:1084F800EB573897AED1071137EA2092C21EFE0714
:1085080039A437CDCAAF5D03426D210683D9440132
:108518005516F8EAEE6B6D004CA86F0DA0E120002F
:108528009CDA9DCDDDCD0800B4DCDCC32F19020038
:10853800E9573CCDDF710000EB768D937415000090
:10854800E5330C4B97030000FEA63D9D8800000014
:10855800CBC6DD04120000007AB2D31B0200000073
:108568005E1F093800000000B07D280500000000EB
:1085780028C56B0000000000FBCB070000000000CE
:10858800FC7F00000000000046070000000000001B
:108598005E00000000000000040000000000000071
:1085A80000000000000000000100000001000000C1
:1085B80002000000020000000400000007000000A4
:1085C8000E0000001B000000350000006A000000DB
:1085D800D1000000020000000200000005000000B9
:1085E800070000000C000000150000002800000033
:1085F8004E0000009D00000034010000040000004F
:10860800000000000B00000001000000180000003E
:1086180001000000320000000100000066000000B8
:1086280001000000CA0000000200000091010000E3
:10863800040000001A0300000500000029060000DD
:1086480008000000420C00000D000000A418000003
:1086580019000000657870616E642033322D6279EC
:108668007465206B0000000000000000000000009E
:108678009A16247EEB487C3FD9AE8C540AE57B3FA2
:108688002C769EE02E857B3F36DACAD35EFC7A3F95
:10869800EDB376093B7B7A3F989CCA8212017A3FF8
:1086A80036275FCE498D793FEED96EC5571F793F82
:1086B800CAC764DEC2B6783FE31A31F61E53783F64
:1086C80000000000000000008B56440638DDF13F32
:1086D8002686ADDC2E1DF23F7A7CAAE1465CF23F8D
:1086E80025FB4A575CB9F23FB622FEC7AB14F33FED
:1086F800C3D775344E6EF33F24C2A1665AC6F33F02
:10870800A0B38C35E51CF43F757A1FBF0172F43FA6
:1087180064C79099C1C5F43FF4F7A300ACD32E0009
:10872800021839002BD354003F1F180082DB7D004C
:10873800CD7D22004893D000FFC1290075D10A00E1
:10874800C7774300E44A990084950200F3AE6C00B1
:108758006F1F3F004A770000ED54C7005FBD7400EB
:10876800241000002B54DD00E46A7700A10100000A
:1087780065DCFF00DA63AD001F0000008AD88000C6
:1087880028647B0001000000B2FDC300690C0400EE
:108798000000000024CF1200FB31D00000000000D0
:1087A8009F9400001F098B00000000006603000072
:1087B80098A95D00000000000E000000BB6EBF001D
:1087C80000000000000000007E5D2F000000000097
:1087D8000000000098700000000000000000000089
:1087E800C6000000000000000000000001000000BA
:1087F800FB0FD01E342BC82B301BF61083181F26F6
:108808003706FF18052592144A02C116721DEE2577
:108818006E040719AF06C503BB1BFA1D9F0E2A1964
:10882800AE28A41F5D07980654055928B427DC23F1
:10883800B22F6018E5037500AF1237110D06A01BA3
:108848000D0B3A194F11AD22E81B040A2016CA0F66
:108858009D2FB001FF29D504BA1DFE058F0FB71E45
:108868008508A4181022AA19EB129A060E00200FE8
:10887800C1159824832FE307771D0B094112AC1CFF
:1088880011068404D1207D2CFC03970B142A851B28
:10889800F40CE42BA5143A2D8D29662715252418E8
:1088A8003D24F217FB0C7303E528E901DE05230BD1
:1088B800352B0126B60AD12F6A13F1285E27AB049F
:1088C800DA02E2060E0FEE070417AA2A3C239A14CE
:1088D800DB23140EC60EDE276C0C8B0D3C128E09A2
:1088E800BD1DAA244203171EB41A4B0DE714F42F1A
:1088F800FC0DCB06442A3B26E127E60FDA2F4D2153
:10890800A128BD0AAA1C4E299817AF037224C505D1
:10891800D11AC425010EE919712FDF0F640E001E4C
:10892800FC1FF61ACD0D4F26CA17D70273275B1BFB
:10893800211B9D0703263F29A9177A01BF1E3B2249
:10894800C5220D248E22C7117525902DCE1D7522A6
:1089580030165C136B18C420AC2713222509570C5A
:10896800BB0554156921671E590A10094C232C1898
:10897800E102720E5B1279165623670E10009203FD
:1089880042142329C811AC07B50DF4205C1D051548
:10899800ED29D10C7D1B24044F0BF41BB722ED14D9
:1089A80009190520920BE718C813EA19F9151601D9
:1089B800A403F527DF22DA1D5F015224ED00E21639
:1089C8000C1E4A0C5E2FA21D0508152CDA0E541435
:1089D800FA11D406242C54017F0E06122C01F12A18
:1089E800CE134127602DD72FFD1CD32972161616DA
:1089F800FB0EB115C8041C211524050FFA00C92B5C
:108A08008110B618D025DE2F2810DA0AB4026822A1
:108A18000A193E1A7927B228AF0EBC1C612CF12026
:108A28002519440EC61812230F15E0084C19F81C16
:108A3800E220482AD22E65166C03761B7708840933
:108A4800720D01240E20FA124C17BA0A0A1C9A0554
:108A5800DD1CAF22A529C12C7C109805502AE810EE
:108A68006D214B07EE247009E80E7423AE02111530
:108A7800DB09F310E3176B02A903120B5F1ECF0C7F
:108A88003B09401DE017C0133803DC27AA2D590401
:108A9800A70A78268003EC07D3135E0AE028CC1EC9
:108AA800892F3A15FE0B0019AC23982D792FA811A0
:108AB800F9040B26CC2CD1263727F825D608B7245D
:108AC800B82B3B019F118604AD175F1A592E65011B
:108AD800C71CC611D7035621A0208E276A1D25243E
:108AE8000F1165149F0F4922590C4E1B2210842D1B
:108AF8002E0DD52CD9062401E921F60A8A289C2FA7
:108B0800A816232E6D0CC40700047C24AD09B02AD6
:108B1800E6115E1A230E7F1571149F091621E21DB6
:108B28001C1FFB182F04F804920D252BDB0C502C6E
:108B3800362106256D26E504410759187012292D9E
:108B4800921759260B0D05073F0B6218501442085F
:108B58001A1F8924632C6315C41781250C109B1CCC
:108B6800C628FF24F7049801FF1A070C680154204F
:108B78000F2DC4235923132D5203A9211003EF1ECF
:108B88008E208A2F3607E527982F931E7F2EE01513
:108B98003326F403D102E00A141A9819E414481190
:108BA800A01AD520E7261E143409B01593143505EC
:108BB8006122BD258C1C9C162E138D035D2D2B1157
:108BC8002E201E1ACE10E40BED08D92FAB07002477
:108BD800C8108E2EB7021311412614136B09F627FD
:108BE8005A0A4903320FF727501C3921BC2B201A87
:108BF800DB0FAC17660E72124D2EB816921BD41AE4
:108C0800812BF61E1E13FC2F0610440F1A0E7D1919
:108C1800021F2E1FC92E631A1902D21157062320CC
:108C2800BD2C781D8A03282E4C256A2AE725FF0AC1
:108C3800D82D9D1A431B3303C7227F185B2A5C017A
:108C48005A1D93202719B60254031B16DD0A840EF9
:108C5800452DD00BF305D3211210F229E70CFD1690
:108C6800A20B791C6C2EA3236B24362E6200DE091E
:108C7800440823108F2C34073D0E4C0FC51FB00835
:108C8800772A9C1FB3256517E41B202186069F00C1
:108C9800AB2A36138000901CD502C5238E13F91811
:108CA800A60D9B17DC2A25183E2E5F0D1229F41DF0
:108CB8006D0E021AF91AB12EE427922E8D23AD20DB
:108CC800F6132D00600981071911A00A9F063300C9
:108CD800F80A8A0268070D27F326CC2EA21FE11294
:108CE8002710A110CE169D12E92A0C2D4E02A62F90
:108CF800E2018D2FD607981B2227480FF02E17293F
:108D0800622C2A1BA2081C012515C919190F6328F2
:108D1800B42B571805025C25112C170FBA04FC1147
:108D2800E01FB72C9900241C8316E11320247A2F06
:108D3800E42D4A05101AB3009C15560A3517992FC9
:108D48005E03560CDD016F1C2E16EA1E9E102E01C6
:108D58004D0B8227EA1A5825AF25812E021060266E
:108D68001D284905DB29CD146E186F0F0F0731191F
:108D780027141C057B204C0D5507CF047000FE18E6
:108D8800CC2DF02F761CB305F22FA826800D2003DA
:108D98007505B6296700FC1C281FA803FC02780289
:108DA8003C1F1F20FD204E1E762A6325CC099A07FA
:108DB8007C19AE271404F2109909390E7B062B1082
:108DC800501205268C2B6A0F22088D14F4074A2EA0
:108DD800D41DCC2FF6144C097705281E3408910CA5
:108DE800A02AC2229A1DDB2EE70ABF041B0D970A90
:108DF800DB08D4077821C0278E0C2109D606791202
:108E08008513F71CAB180C2F1611F51BEC12D300A9
:108E1800431FAF274A24D92CC7062009A116932639
:108E28000020DA03671D790566031F0E1121C40AA5
:108E38002A26F207B827C00CF4173600400B9B12FD
:108E48001D2E020C5E20D4241113151B4204362754
:108E5800070AC4027D034119621328272A085616F7
:108E6800F7290C037D120F1256082708C212740343
:108E7800FC14A3163217ED109F197D1D9514A8290F
:108E88009C10BC0C1D173E2A8816FF26A01F6F1EBB
:108E9800901A431D80187307C32A91181B2E901728
:108EA800B92C9304F123FD1EAF09221F492C961BF0
:108EB800CF22481A8E19B21F7C22C319D90DFC1073
:108EC80002129D08571BAA1FB81596286924C309C2
:108ED8006D09681CE11A56295C24DD24E20DFE0C9C
:108EE8006717C12E570DFB2F6E261F2FEC10961EED
:108EF800412CCD19EF2FFC075B2DB91CC12B3E2D42
:108F0800950EEF22FA265B06001C5F0FBA13CA0AF9
:108F1800481D8F28F3027606152F581396272A1115
:108F2800C019DA1E491DC822FD2EFD0DFC292A167E
:108F380076282513F61C4322C6026C1A0E21191C2A
:108F4800FB146A1C4C2B2201B81EAB1A2E2ECD091D
:108F5800B219BA0FAF16B20559168216521039084F
:108F6800652DF412C122280BF62C3024D80948228A
:108F7800631B570A6A077F1B3E179B2B70158518C2
:108F8800DE23C02C79023E27222D011673251D09E8
:108F9800601BAC1BB7131F1C892625233902F61842
:108FA8005D2ACF254C20D02C6B10CD0702007324EE
:108FB800A2002618D007410E4026DB18851D2B1865
:108FC8003E21CF26A0153B237A0EE92EAC05FB0BDC
:108FD8007615DC2501138317C21B8A25EC11B527EA
:108FE8007518FF165C0ABC272C068B281E12DD2676
:108FF800FB0F31113904CD04E2097E170B1FD11480
:10900800130A8F124019B72D6F1BFC0A0217CA29C1
:10901800250C4D08A807AD2A6929A4285D10530717
:10902800D7166221071246143C2C5229FA16932BA4
:10903800E120F32F6729161D5716F10D5D177C27C0
:109048004A117220032A47122C2B0206512E640063
:109058003720E119FD251914540DB21EC716F42442
:109068006114F429CA1E521D8C2F1C2CA1174F0005
:109078000D001A1BB6224D15EA11BF2C570B4412CE
:109088007326C51D7622952323083B21ED21260C46
:10909800671BC50C5705FD181328F3201F29272D1A
:1090A800562BA3081007971C30004B25000ACC0448
:1090B800DE24232A182E1C078E2C06230F18C40B17
:1090C800DD17EC0A9B087406C7025C1B1D040D2300
:1090D8007C14ED056A24052C8403300F7D2BF029C0
:1090E8005513C01DF6268A121E287E00690B401AE9
:1090F800EB198F192E0604132A00A102C008331C8D
:109108001005D52EFB1D8221AD2EDD032D29071E4E
:10911800AD1B2721EC03FC275F12A300B723F51131
:109128001F19142FAF0BA22E2712220D0C085D2C2D
:10913800EB2E081A1716391C1A176F24FC0FF8168D
:10914800141B4A0D0D14B224DD2B8414302314068D
:10915800FC1AA5120D0F4C225528391EDE06BF1B1E
:109168006F2CF12F9A21AB0C8819A61D8F21202D69
:10917800D517B50CF126A8259A11980EAD1A462ACE
:10918800AA23DC26EE0D55083D0F9617A51CD1190C
:109198008C0D331271028C0A3A1E730DF40B3C0DC0
:1091A800C60D4211872E5818C206FE096428E0141D
:1091B800A6148E082A2D3718B20934220B1505106B
:1091C80001129D2122209000181600223D0A301518
:1091D8003C2A8F0B522C6918B30657134425600795
:1091E800B40E27001B202008C609BD053629052214
:1091F800E1154504C80EB1130A08CF20B82CA725DD
:109208000B089626ED1CC009EE1E4A2D7301391F66
:10921800010C5628280014271D24331FE315D30FEB
:10922800D61EA402742CD31C65197513440AA00D0C
:10923800CC2A6E1B511ACD26E31B1A092C0F611577
:10924800B91E1D1B6916ED152125302D0D2CCE09D3
:10925800211A82016E1169001C08CB287700730F50
:109268001211F12C580EAF2CEE02A80C3D0CF20294
:10927800AD0F992EFA230215692E0A2B020B3B0714
:109288006613F51F800A3D189E1A9E03780BE71097
:10929800BF27B11B9F17C224FC28F622A8096F1804
:1092A800D802911DA817C0281C2B9409FB0ACB0EC5
:1092B800B1032623DC046F22092BD22B0617E510F5
:1092C8001F12EB0E6226901B821ADE21A3151B1EAD
:1092D80051055426850B012C3D289423DE0159198C
:1092E800650077070B25180EDD2E28292C03D322BD
:1092F8007D02DF1FB314A823B80D62209C1BF21E49
:10930800DC0B97127308610FAB0E2A2C3B1E3A1325
:109318009C2EA801A21554187B2B621EC62E490448
:109328004A0B2B27090ACA0830093503F609082B06
:10933800591E88006902550C01170324C71A7800C2
:1093480035112107A3252E1C1528812C89095A259A
:10935800A82B57022508C92C411C2118C112C62662
:109368003223A211EF24582C962D1E180E1F2626E4
:10937800F01A532D8D0C19219126130BB628940E33
:10938800191FB105692A851F40035C06520D241375
:10939800672AF7134725B518071DF30F000C8F220E
:1093A8007D268A278B14952C9C192F01B9051F0F30
:1093B8000913B5162127F21AEF0C3B17BD21DC164D
:1093C800100FA003451352214F078808C315F7163D
:1093D800990D4D2D2725D91F2300310A4B17801FC2
:1093E8003804072FFC20EC0BE50E392B501A062108
:1093F8002409E31D7607D5294508A52502198C17E8
:109408004C08151E770A3F147E18001D250A8B1A72
:109418000624552A18018721C60C611A3209C30E81
:10942800D6177C122617C109C0213128DB175F2FF8
:109438008E0BFF2F3428961F3103B50F320AA4056F
:109448000B17C82DDC0C7809E2134A1C5514A1141B
:10945800E4268E0A001ADF02C308882D4103230C74
:109468007C17911A6604C31882149728AA259E149B
:10947800B90D2926D10B0B03D924400D0D1D9C02D3
:10948800C827AF1F7F19A8194F2A521947204F160E
:109498003426D30156154911DF2EB5049713061B40
:1094A800E813F30E95153B2DBE0D0B13DC1C8B0733
:1094B800D719050604220401390DB81227114116DF
:1094C800D71E6B08A91CEC008B290E2D7207B91248
:1094D8003725471CA2200114A6290709120D6C2163
:1094E800C30240044813A602052812003416C0031C
:1094F8006B11151FE20093090600AA2240019A1871
:1095080003231F22240BA50BAB06201599139426C1
:109518003E26980B6B07491A5710AA146427FF1D9B
:10952800051F28223E16850D4F107316B915320DEA
:109538006B14B803DF1052260411100C6E2B48036D
:109548007118E60170173E058E288117BE12711535
:109558009211611002097919C305E4184523651FA2
:1095680059066C1B84126216141FCF185E19051B4E
:109578008D2C3F1DDA27AB27F21D841DF52C0A061A
:10958800AB19D727D9089F1CC016842C3D2DFA2566
:10959800CB08BF2BEC14F01C2D0BA30FFF23E40109
:1095A800661DC124CB2F0D18412349080F28D70960
:1095B8003D25F00EE2219B2C882A9A12272C0110B7
:1095C8006E096019E1263A292803B70B5208BE1024
:1095D8002E2F151D0C14EB1EF50056170A137C1CB4
:1095E800881D2B29E02673234108890E2D2826275C
:1095F8006A25E622422B1A25260167123F0D6105CE
:109608007023CD27D9118A2AB5260B1B35002D12B8
:10961800B7010D28741BDF2797207504FC09B11DBD
:10962800D61F8629C82168260F1FED2B53088516DB
:10963800672835269E0A8B05B311040FE20FC51063
:10964800892D052D592CD91005139A2F4B068C2AD4
:10965800E12C812259090F004E2A8B131100350283
:109668000317912F322BAC28B522860FE52ADA1B77
:10967800D016F22892209317341B2606B82AE4073E
:10968800A109FF1F8001520AA90A17157F08B424EF
:10969800D32E631F1711D3199213242EAB23A32C97
:1096A8006800CC18AB25651A4E2FF115B72A1D0294
:1096B8008700E10B201C7E19DD13682F4A03211057
:1096C800051E472BEA20F003A50AFC2DAA174D0416
:1096D8009E07E8203816DC1AE52E5F27D7149F036B
:1096E800EA061101B920DF0869142B2874001F2E1F
:1096F8005B00B32DF5021805641D3319601FDA1FCE
:10970800201D5F1035010E09F4089928772D0925C9
:10971800CE2F62296125E81E8028A126D42F0B1C94
:10972800540F740C6F011D0850010815FF15942182
:109738000D12EF06A222C301DC17250566185B226D
:109748000817731C3C0C2C2D7113812FCB1C56054C
:10975800622F7B29E10E1D149C184E0A65108A059C
:1097680051273C10B520C421CD287203DE1FBD2728
:1097780023269F2FCB01960B5E0C950188135F243F
:1097880004191A230F06EF1F2E0E0E2A3124BC02CD
:109798007D212425E619AD2C4B2DDA166E0FA71264
:1097A800A52EA60582173A0DCE2CBE1464152902E3
:1097B80002251A0A9705B50AD901772C891244039C
:1097C800DE0FAA292F1EE82D9E153801D310FF1091
:1097D8008416E721BD20FB1F0500E31C0B11800444
:1097E8002D156F144919B4018F1D9B21551826207A
:1097F8006C7AD8AC57720000123456789ABCDEF0F6
:10980800123456789ABCDEF0FEDCBA09876543212B
:10981800FEDCBA098765432109503250535256314C
:1098280068656C6C6F2066726F6D20626F61726420
:10983800206100002000010002000000100001006B
:10984800020000000A0607000100000003000000F3
:1098580005000000010000000100000006000000F3
:109868000A000000200000000200000004000000C0
:109878000800000010000000400000008000000008
:1098880000010000000200000000000000000000CD
:1098980000000000000000000100000002000000BD
:1098A8000300000004000000A0860100400D030032
:1098B800801A060000350C0040420F0080841E000C
:1098C80000093D0000127A000024F40000366E0101
:1098D8000048E801006CDC02000000000000000005
:1098E8000000000000000000010002000400060063
:1098F80008000A000C001000200040008000000151
:109908000101010307010000080402040801010124
:10991800494E4600696E66004E414E006E616E000B
:1099280030003031323334353637383941424344E8
:109938004546003031323334353637383961626361
:1099480064656600496E66696E697479004E614E99
:10995800005245454E54206D616C6C6F63207375E1
:1099680063636565646564002F6275696C642F675D
:109978006E752D746F6F6C732D666F722D73746DA9
:1099880033325F31342E332E72656C312E323032E1
:1099980035313032372D303730302F7372632F6EB8
:1099A80065776C69622F6E65776C69622F6C696286
:1099B800632F7374646C69622F64746F612E630023
:1099C80042616C6C6F63207375636365656465647D
:1099D800002F6275696C642F676E752D746F6F6CDC
:1099E800732D666F722D73746D33325F31342E337D
:1099F8002E72656C312E32303235313032372D309F
:109A08003730302F7372632F6E65776C69622F6EF3
:109A180065776C69622F6C6962632F7374646C6913
:109A2800622F6D707265632E6300232D302B20002A
:109A3800686C4C00656667454647004300504F53C5
:109A48004958002E002C2066756E6374696F6E3A53
:109A58002000617373657274696F6E20222573220A
:109A6800206661696C65643A2066696C6520222508
:109A780073222C206C696E65202564257325730A72
:109A88000000000005000000190000007D00000033
:109A98000080E03779C34143176E05B5B5B89346E2
:109AA800F5F93FE9034F384D321D30F94877825AAE
:109AB8003CBF737FDD4F1575000000000000F03FCC
:109AC8000000000000002440000000000000594091
:109AD8000000000000408F40000000000088C340E4
:109AE80000000000006AF8400000000080842E4159
:109AF80000000000D01263410000000084D79741A5
:109B08000000000065CDCD41000000205FA00242AA
:109B1800000000E876483742000000A2941A6D421F
:109B2800000040E59C30A2420000901EC4BCD64212
:109B380000003426F56B0C430080E03779C34143BD
:109B480000A0D8855734764300C84E676DC1AB4333
:109B5800003D9160E458E143408CB5781DAF154451
:109B680050EFE2D6E41A4B4492D54D06CFF080442C
:109B7800F64AE1C7022DB544B49DD9794378EA4441
:109B880000202020202020202020282828282820C5
:109B980020202020202020202020202020202020BD
:109BA8002088101010101010101010101010101025
:109BB8001004040404040404040404101010101015
:109BC80010104141414141410101010101010101DF
:109BD8000101010101010101010101011010101031
:109BE80010104242424242420202020202020202B1
:109BF8000202020202020202020202021010101005
:109C0800200000000000000000000000000000002C
:109C1800000000000000000000000000000000003C
:109C2800000000000000000000000000000000002C
:109C3800000000000000000000000000000000001C
:109C4800000000000000000000000000000000000C
:109C580000000000000000000000000000000000FC
:109C680000000000000000000000000000000000EC
:109C780000000000000000000000000000000000DC
:049C880000000000D8
:089C8C00F464FD7F01000000FB
:049C9400650100085E
:049C9800410100087E
:109C9C000000484200007A440DFF018300000000E0
:109CAC000000000000000000000400480004004810
:109CBC000004004800080048000C0048000C004854
:109CCC0000093D001000000001010000FFFFFFFF34
:109CDC00FFFFFFFF0000000003000000A82300208E
:109CEC005C00002000000000A823002010240020AD
:109CFC00782400200000000000000000000000009C
:109D0C000000000000000000000000000000000047
:109D1C000000000000000000000000000000000037
:109D2C000000000000000000000000000000000027
:109D3C0043000000000000000000000000000000D4
:109D4C000000000000000000000000000000000007
:109D5C0043000000000000000000000000000000B4
:109D6C0000000000000000000000000000000000E7
:109D7C004300000000000000000000000000000094
:109D8C0000000000000000000000000000000000C7
:109D9C004300000000000000000000000000000074
:109DAC0000000000000000000000000000000000A7
:109DBC004300000000000000000000000000000054
:109DCC000000000000000000000000000000000087
:109DDC004300000000000000000000000000000034
:109DEC000000000000000000000000000000000067
:109DFC004300000000000000000000000000000014
:109E0C000000000000000000000000000000000046
:109E1C00C5090208A109020800000000889B02087D
:109E2C004B9A0208889A0208889A0208889A0208B3
:109E3C00889A0208889A0208889A0208889A020866
:109E4C00889A0208889A0208FFFFFFFFFFFFFFFFB6
:109E5C00FFFFFFFFFFFF0000010041534349490092
:109E6C0000000000000000000000000000000000E6
:109E7C00000000000000000000004153434949006D
:109E8C0000000000000000000000000000000000C6
:0C9E9C00000000000000000000000000BA
:109EA80000000000000000000000000000000000AA
:109EB800000000000000000000000000000000009A
:059EC800000000000095
:109ECD000000000000000000000000000000000085
:019EDD000084
:04000005080150BDE1
:00000001FF
