:020000040800F2
:1000000000000320E5BE0008C9A10008D7A1000830
:10001000DFA10008E7A10008EFA100080000000030
:10002000000000000000000000000000F7A1000830
:1000300005A200080000000013A2000821A2000889
:1000400039BF000839BF000839BF00082DA20008D9
:1000500039BF000839BF0008BBA20008C9A20008C8
:1000600039BF000839BF0008ADA2000839BF000839
:1000700039BF000839BF000839A2000839BF00089D
:1000800039BF000839BF000839BF000839BF000870
:1000900039BF000839BF000839BF000839BF000860
:1000A00039BF000839BF000839BF000839BF000850
:1000B00039BF000839BF000839BF000839BF000840
:1000C00039BF000839BF000839BF000839BF000830
:1000D0004DA2000861A2000839BF000839BF00081E
:1000E00039BF000839BF000839BF000839BF000810
:1000F00075A2000881A200088DA2000839BF00087F
:1001000039BF000839BF000839BF000839BF0008EF
:1001100039BF000839BF000839BF000839BF0008DF
:1001200039BF000839BF000899A2000839BF00088C
:0C01300039BF000839BF000839BF0008C3
:1001400010B5054C237833B9044B13B10448AFF311
:1001500000800123237010BD500200200000000029
:100160008C78010808B5034B1BB103490348AFF372
:10017000008008BD00000000540200208C780108B7
:1001800010F8012B11F8013B012A28BF9A42F7D041
:10019000D01A7047000000000000000000000000BE
:1001A00001F0FF01102A2BDB10F0070F08D010F828
:1001B000013B013A8B422DD010F0070F42B3F6D12C
:1001C000F0B441EA012141EA014122F007047FF045
:1001D00000070023F0E80256083C85EA010586EA9C
:1001E000010685FA47F5A3FA87F586FA47F6A5FAD8
:1001F00087F68EB9EED1F0BC01F0FF0102F00702E4
:1002000032B110F8013B013A83EA010313B1F8D18E
:100210000020704701387047002D06BF354603386F
:10022000073815F0010F07D1013015F4807F02BFA8
:10023000013015F4C03F0130F0BC0138704700BFF9
:10024000034613F8012B002AFBD1181A0138704716
:1002500081F0004102E000BF83F0004330B54FEA77
:1002600041044FEA430594EA050F08BF90EA020FE4
:100270001FBF54EA000C55EA020C7FEA645C7FEA77
:10028000655C00F0E2804FEA5454D4EB5555B8BF9A
:100290006D420CDD2C4480EA020281EA030382EA0B
:1002A000000083EA010180EA020281EA0303362D9D
:1002B00088BF30BD11F0004F4FEA01314FF4801C70
:1002C0004CEA113102D0404261EB410113F0004F82
:1002D0004FEA03334CEA133302D0524263EB430339
:1002E00094EA050F00F0A780A4F10104D5F1200ED7
:1002F0000DDB02FA0EFC22FA05F2801841F1000132
:1003000003FA0EF2801843FA05F359410EE0A5F105
:1003100020050EF1200E012A03FA0EFC28BF4CF036
:10032000020C43FA05F3C01851EBE37101F00045EC
:1003300007D54FF0000EDCF1000C7EEB00006EEBF9
:100340000101B1F5801F1BD3B1F5001F0CD3490883
:100350005FEA30004FEA3C0C04F101044FEA4452DA
:1003600012F5800F80F09A80BCF1004F08BF5FEA61
:10037000500C50F1000041EB045141EA050130BD41
:100380005FEA4C0C404141EB0101013C28BFB1F553
:10039000801FE9D291F0000F04BF01460020B1FA9E
:1003A00081F308BF2033A3F10B03B3F120020CDA71
:1003B0000C3208DD02F1140CC2F10C0201FA0CF04F
:1003C00021FA02F10CE002F11402D8BFC2F1200CB4
:1003D00001FA02F120FA0CFCDCBF41EA0C0190406A
:1003E000E41AA2BF01EB0451294330BD6FEA0404B3
:1003F0001F3C1CDA0C340EDC04F11404C4F120029E
:1004000020FA04F001FA02F340EA030021FA04F3AF
:1004100045EA030130BDC4F10C04C4F1200220FA06
:1004200002F001FA04F340EA0300294630BD21FA44
:1004300004F0294630BD94F0000F83F4801306BF0A
:1004400081F480110134013D4EE77FEA645C18BFFE
:100450007FEA655C29D094EA050F08BF90EA020F95
:1004600005D054EA000C04BF1946104630BD91EA8D
:10047000030F1EBF0021002030BD5FEA545C05D190
:100480004000494128BF41F0004130BD14F58004CF
:100490003CBF01F5801130BD01F0004545F0FE4143
:1004A00041F470014FF0000030BD7FEA645C1ABF78
:1004B000194610467FEA655C1CBF0B46024650EAAF
:1004C000013406BF52EA033591EA030F41F40021DB
:1004D00030BD00BF90F0000F04BF0021704730B561
:1004E0004FF4806404F132044FF000054FF0000136
:1004F00050E700BF90F0000F04BF0021704730B5F7
:100500004FF4806404F1320410F0004548BF4042CB
:100510004FF000013EE700BF42004FEAE2014FEA20
:1005200031014FEA02701FBF12F07F4393F07F4FFB
:1005300081F06051704732F07F4208BF704793F0FE
:100540007F4F04BF41F40021704730B54FF4607411
:1005500001F0004521F000411CE700BF50EA010214
:1005600008BF704730B54FF000050AE050EA0102BD
:1005700008BF704730B511F0004502D5404261EB2D
:1005800041014FF4806404F132045FEA915C3FF46E
:10059000D8AE4FF003025FEADC0C18BF03325FEA0B
:1005A000DC0C18BF033202EBDC02C2F1200300FABC
:1005B00003FC20FA02F001FA03FE40EA0E0021FAE1
:1005C00002F11444BDE600BF70B54FF0FF0C4CF4CF
:1005D000E06C1CEA11541DBF1CEA135594EA0C0F81
:1005E00095EA0C0F00F0DEF82C4481EA030621EABC
:1005F0004C5123EA4C5350EA013518BF52EA0335F7
:1006000041F4801143F4801338D0A0FB02CE4FF0A8
:100610000005E1FB02E506F00042E0FB03E54FF0D8
:100620000006E1FB03569CF0000F18BF4EF0010ED0
:10063000A4F1FF04B6F5007F64F5407404D25FEACC
:100640004E0E6D4146EB060642EAC62141EA55517F
:100650004FEAC52040EA5E504FEACE2EB4F1FD0CC1
:1006600088BFBCF5E06F1ED8BEF1004F08BF5FEA3F
:10067000500E50F1000041EB045170BD06F00046F1
:1006800046EA010140EA020081EA0301B4EB5C049E
:10069000C2BFD4EB0C0541EA045170BD41F4801196
:1006A0004FF0000E013C00F3AB8014F1360FDEBFBB
:1006B000002001F0004170BDC4F10004203C35DA97
:1006C0000C341BDC04F11404C4F1200500FA05F31A
:1006D00020FA04F001FA05F240EA020001F00042BB
:1006E00021F0004110EBD37021FA04F642EB060131
:1006F0005EEA430E08BF20EAD37070BDC4F10C045B
:10070000C4F1200500FA04F320FA05F001FA04F21E
:1007100040EA020001F0004110EBD37041F100010A
:100720005EEA430E08BF20EAD37070BDC4F1200515
:1007300000FA05F24EEA020E20FA04F301FA05F27D
:1007400043EA020321FA04F001F0004121FA04F225
:1007500020EA020000EBD3705EEA430E08BF20EAF5
:10076000D37070BD94F0000F0FD101F0004640002F
:1007700041EB010111F4801F08BF013CF7D041EAB1
:10078000060195F0000F18BF704703F000465200B5
:1007900043EB030313F4801F08BF013DF7D043EA86
:1007A0000603704794EA0C0F0CEA135518BF95EA3C
:1007B0000C0F0CD050EA410618BF52EA4306D1D1C3
:1007C00081EA030101F000414FF0000070BD50EAE2
:1007D000410606BF1046194652EA430619D094EA6C
:1007E0000C0F02D150EA013613D195EA0C0F05D156
:1007F00052EA03361CBF104619460AD181EA0301AA
:1008000001F0004141F0FE4141F470014FF0000061
:1008100070BD41F0FE4141F4780170BD70B54FF0FC
:10082000FF0C4CF4E06C1CEA11541DBF1CEA13557C
:1008300094EA0C0F95EA0C0F00F0A7F8A4EB05045E
:1008400081EA030E52EA03354FEA013100F0888055
:100850004FEA03334FF0805545EA131343EA12631E
:100860004FEA022245EA111545EA10654FEA0026D3
:100870000EF000419D4208BF964244F1FD0404F58C
:10088000407402D25B084FEA3202B61A65EB0305E8
:100890005B084FEA32024FF480104FF4002CB6EBA5
:1008A000020E75EB030E22BFB61A754640EA0C0025
:1008B0005B084FEA3202B6EB020E75EB030E22BF65
:1008C000B61A754640EA5C005B084FEA3202B6EBA6
:1008D000020E75EB030E22BFB61A754640EA9C0065
:1008E0005B084FEA3202B6EB020E75EB030E22BF35
:1008F000B61A754640EADC0055EA060E18D04FEAF3
:10090000051545EA16754FEA06164FEAC30343EA92
:1009100052734FEAC2025FEA1C1CC0D111F4801F5F
:100920000BD141EA00014FF000004FF0004CB6E758
:1009300011F4801F04BF01430020B4F1FD0C88BFF7
:10094000BCF5E06F3FF6AFAEB5EB030C04BFB6EB02
:10095000020C5FEA500C50F1000041EB045170BDF5
:100960000EF0004E4EEA113114EB5C04C2BFD4EB22
:100970000C0541EA045170BD41F480114FF0000EA6
:10098000013C90E645EA060E8DE60CEA135594EA22
:100990000C0F08BF95EA0C0F3FF43BAF94EA0C0F25
:1009A0000AD150EA01347FF434AF95EA0C0F7FF49A
:1009B00025AF104619462CE795EA0C0F06D152EAEE
:1009C00003353FF4FDAE1046194622E750EA4106D2
:1009D00018BF52EA43067FF4C5AE50EA41047FF4E3
:1009E0000DAF52EA43057FF4EBAE12E74FF0FF3C48
:1009F00006E000BF4FF0010C02E000BF4FF0010C19
:100A00004DF804CD4FEA410C7FEA6C5C4FEA430C91
:100A100018BF7FEA6C5C1BD001B050EA410C0CBFE0
:100A200052EA430C91EA030F02BF90EA020F002042
:100A3000704710F1000F91EA030F58BF994208BFA9
:100A400090422CBFD8176FEAE37040F00100704766
:100A50004FEA410C7FEA6C5C02D150EA013C07D1BD
:100A60004FEA430C7FEA6C5CD6D152EA033CD3D008
:100A70005DF8040B704700BF8446104662468C4602
:100A80001946634600E000BF01B5FFF7B7FF002835
:100A900048BF10F1000F01BD4DF808EDFFF7F4FF5E
:100AA0000CBF012000205DF808FB00BF4DF808EDE9
:100AB000FFF7EAFF34BF012000205DF808FB00BF0C
:100AC0004DF808EDFFF7E0FF94BF012000205DF82E
:100AD00008FB00BF4DF808EDFFF7CEFF94BF0120E3
:100AE00000205DF808FB00BF4DF808EDFFF7C4FFDC
:100AF00034BF012000205DF808FB00BF4FEA410C25
:100B00007FEA6C5C02D150EA013C0AD14FEA430C07
:100B10007FEA6C5C02D152EA033C02D14FF0000044
:100B200070474FF0010070474FEA410212F5001282
:100B300015D211D56FF47873B3EB625212D94FEA24
:100B4000C12343F0004343EA505311F0004F23FA0E
:100B500002F018BF404270474FF00000704750EA63
:100B6000013005D111F0004008BF6FF00040704720
:100B70004FF00000704700BF53B94AB9002908BFC1
:100B800000281CBF4FF0FF314FF0FF3000F088B954
:100B9000ADF1080C6DE904CE00F006F8DDF804E0D4
:100BA000DDE9022304B070472DE9F047089D0F46A8
:100BB00004468C46002B48D18A42164661D9B2FAC7
:100BC00082F34BB1C3F1200201FA03FC20FA02F2D6
:100BD0009E4042EA0C0C9C404FEA164EB7B2BCFB5A
:100BE000FEF1220C0EFB11CC42EA0C4201FB07F095
:100BF000904209D9B21801F1FF3C80F0EE8090429A
:100C000040F2EB8002393244121AA4B2B2FBFEF079
:100C10000EFB102244EA024400FB07F7A74209D961
:100C2000341900F1FF3280F0DA80A74240F2D78019
:100C30003444023840EA0140E41B00211DB1DC408D
:100C40000023C5E90043BDE8F0878B4206D90DB10A
:100C5000C5E9000100210846BDE8F087B3FA83F139
:100C6000002948D1BB4202D3824200F20781841A94
:100C700067EB030201209446002DE4D0C5E9004C47
:100C8000E1E7002A00F09280B2FA82F3002B40F0F4
:100C9000A8808A1A4FEA164E1FFA86FC0121200C02
:100CA000B2FBFEF70EFB172240EA02420CFB07F0F4
:100CB000904207D9B21807F1FF3802D2904200F2F1
:100CC000E2804746121AA4B2B2FBFEF00EFB1022DD
:100CD00044EA02440CFB00FCA44507D9341900F196
:100CE000FF3202D2A44500F2CB801046A4EB0C04E4
:100CF00040EA0740A2E7C1F120068B4022FA06FC39
:100D00004CEA030C07FA01F420FA06F3F7404FEA25
:100D10001C49234300FA01F81FFA8CFEB7FBF9F0D7
:100D20001C0C09FB107744EA074400FB0EF7A742AE
:100D300002FA01F20AD91CEB040400F1FF3A80F038
:100D40009B80A74240F2988002386444E41B9FB223
:100D5000B4FBF9F309FB134447EA044403FB0EFE1A
:100D6000A64509D91CEB040403F1FF3780F082800B
:100D7000A6457FD9023B644443EA0040A4EB0E043D
:100D8000A0FB02E7BC427346B94663D360D05DB1B5
:100D9000B8EB030264EB090404FA06F622FA01F345
:100DA0001E43CC40C5E9006400214CE762084808B6
:100DB00042EAC1710B0C43EA00438AB242EA0342A1
:100DC000B3FBF6F1E407B4463746B6461F23B0FB43
:100DD000F6F0D21B41EA004161E7614614E7104694
:100DE00028E7C3F1200120FA01F29E4027FA01F121
:100DF0009F403A434FEA164E1FFA86FCB1FBFEF7BE
:100E00000EFB1710110C41EA004107FB0CF8884556
:100E100004FA03F43AD9711807F1FF3001D288457A
:100E20001FD8A1EB0801B1FBFEF808FB0CF70EFB85
:100E3000181192B242EA0142BA422FD2B21808F116
:100E4000FF31C6D2BA42C4D2A8F102013244C0E78F
:100E5000F0459CD2BEEB020367EB0C070138B946A4
:100E600095E7A6EB08084144B81EB1FBFEF808FB65
:100E70000CF7DCE73B467FE7504667E70846FBE6B2
:100E80003444023832E7023F32441BE7A1EB080149
:100E90003846B1FBFEF808FB0CF7C8E7414698E777
:100EA000704700BF80B483B000AF7860064BD3F8C2
:100EB000902005497B681343C1F8903000BF0C3780
:100EC000BD465DF8047B70470008005880B485B0CB
:100ED00000AF78604FF0B043DA6C4FF0B0417B6800
:100EE0001343CB644FF0B043DA6C7B681340FB6074
:100EF000FB6800BF1437BD465DF8047B704780B4C3
:100F000085B000AF78604FF0B043D3F84C214FF07C
:100F1000B0417B681343C1F84C314FF0B043D3F874
:100F20004C217B681340FB60FB6800BF1437BD4653
:100F30005DF8047B704780B500AF0BF0FDF90BF056
:100F400001FA4FF48030FFF7ADFF11F005FE00F01D
:100F500021F800F0C1F800BF80BD0000B0B588B036
:100F600000AF0B4B3C1D1D460FCD0FC495E807008D
:100F700003C422800234130C237013F03BFB3B1D8F
:100F8000184612F08CF900BF2037BD46B0BD00BF37
:100F9000A878010880B588B000AF3B1D00221A6018
:100FA0005A609A60DA601A610023BB8300237B8356
:100FB00000233B830023FB7736E0FB7F434ADB00C3
:100FC00013449B79002B2CD0FB7F404A52F83330DE
:100FD0003F4A93421BD03E4A934221D8B3F1904FEF
:100FE00003D03C4A934209D01AE0FB7F374ADB002A
:100FF00013449A88BB8B1343BB8312E0FB7F334AB5
:10100000DB0013449A887B8B13437B8309E0FB7FCF
:101010002E4ADB0013449A883B8B13433B8300E04A
:1010200000BFFB7F0133FB77FB7F252BC5D9002356
:10103000FB600123BB6003233B61BB8B002B14D0FF
:10104000BB8B7B600120FFF741FF0120FFF757FFBB
:101050003B1D19464FF090400BF0A8FEBB8B0022C1
:1010600019464FF090400CF011F87B8B002B12D0FA
:101070007B8B7B600220FFF729FF0220FFF73FFFF9
:101080003B1D194613480BF091FE7B8B002219463D
:1010900010480BF0FBFF3B8B002B13D03B8B7B608E
:1010A0000420FFF713FF0420FFF729FF3B1D19461B
:1010B00007480BF07BFE3B8B0022194604480BF0DF
:1010C000E5FF00BF00BF2037BD4680BD448F01084B
:1010D000000800480004004880B400AF00BFBD46CF
:1010E0005DF8047B704780B500AF05F017FC00BFCA
:1010F00080BD80B584B000AFF8600B467A607B811C
:101100007A897B68F968002005F006FA00BF10377D
:10111000BD4680BD80B483B000AF7860074BD3F884
:10112000803023F0070205497B681343C1F8803003
:1011300000BF0C37BD465DF8047B704700040058C3
:1011400080B483B000AF7860064BD3F89020054997
:101150007B681343C1F8903000BF0C37BD465DF883
:10116000047B70470008005880B483B000AF7860FB
:101170004FF0B0430A4AC3F89C204FF0B043D3F875
:101180009C3023F47C527B681B024FF0B041134328
:10119000C1F89C3000BF0C37BD465DF8047B70473A
:1011A000FECAFECA80B483B000AF78604FF0B0438F
:1011B0009B6823F400424FF0B0417B6813438B607F
:1011C00000BF0C37BD465DF8047B704780B400AFAC
:1011D0004FF0B043D3F890304FF0B04243F4803337
:1011E000C2F8903000BFBD465DF8047B704780B404
:1011F00000AF4FF0B043D3F890304FF0B04223F43B
:101200008033C2F8903000BFBD465DF8047B704764
:1012100080B400AF4FF0B043D3F8943003F0806354
:10122000B3F1806F01D1012300E000231846BD46D1
:101230005DF8047B704780B400AF4FF0B043D3F843
:10124000943003F08053B3F1805F01D1012300E0BB
:1012500000231846BD465DF8047B704780B485B016
:1012600000AF78604FF0B0431A6D4FF0B0417B682B
:1012700013430B654FF0B0431A6D7B681340FB605E
:10128000FB6800BF1437BD465DF8047B7047000063
:1012900080B400AF044B1B68C3F30B031846BD4674
:1012A0005DF8047B704700BF002004E080B400AF0D
:1012B000044B1B681B0C9BB21846BD465DF8047BB3
:1012C000704700BF002004E080B483B000AF7860B6
:1012D00039607B685A683B681B041A437B685A6014
:1012E00000BF0C37BD465DF8047B704780B483B007
:1012F00000AF786039607B685A683B681A437B6846
:101300005A6000BF0C37BD465DF8047B704780B45F
:1013100083B000AF786039607B685A693B681B0412
:101320001A437B685A6100BF0C37BD465DF8047BE9
:10133000704780B483B000AF786039607B685A69C9
:101340003B681A437B685A6100BF0C37BD465DF8A5
:10135000047B704780B483B000AF786039607B68ED
:101360003A689A6000BF0C37BD465DF8047B704751
:1013700080B483B000AF786039607B683A689A6166
:1013800000BF0C37BD465DF8047B704780B400AFEA
:10139000054B1B69044A23F00403136100BFBD46DB
:1013A0005DF8047B704700BF00ED00E080B483B0BF
:1013B00000AF78607B68FF225A6200BF0C37BD46E1
:1013C0005DF8047B704780B483B000AF78607B68C1
:1013D000CA225A627B6853225A6200BF0C37BD464C
:1013E0005DF8047B704780B483B000AF78603960EB
:1013F0007B689B6823F007023B681A437B689A600E
:1014000000BF0C37BD465DF8047B704780B500AF68
:10141000044B4FF400421A6100F030F800F070F80D
:1014200000BF80BD0040005880B500AF00F07CF8E0
:1014300000F094F80949002004F0C8FDFFF77BFD97
:101440000121012013F07CF900F0EAF900F0F8F92D
:1014500000F07AFA00F090F800BF80BD6806002026
:1014600080B400AF00BFBD465DF8047B704780B517
:1014700000AF5020FFF764FE00BF80BD80B500AF15
:1014800000F004F800F01AF800BF80BD80B500AF8E
:10149000FFF7BEFE0346002B0DD0FFF7CCFE034640
:1014A000002B08D10BF0CCFE0BF0CAFEFFF78EFE2E
:1014B000FFF79DFE00BF00BF80BD000080B500AFFC
:1014C0004FF48010FFF7CAFE3F210C48FFF742FFA0
:1014D0003F210A48FFF74CFF3F210848FFF7F4FE81
:1014E0003F210648FFF713FF3F210448FFF7FEFEA8
:1014F0003F210248FFF71DFF00BF80BD000C0058D0
:1015000080B582B000AF002011F060FD78607B688C
:10151000002B05D07B689B791846FFF725FE00BF9E
:1015200000BF0837BD4680BD80B500AFFFF798FF0C
:10153000FFF79DFF00F002F800BF80BD80B500AF4F
:101540000548FFF740FF00210348FFF74CFF024822
:10155000FFF72CFF00BF80BD0028004080B500AF22
:101560004FF40040FFF71EFE13F0D8F80420FFF7F9
:10157000D1FD00BF80BD000080B588B000AF12F083
:101580007FFE114A0021402013F0D6FA0F4B3B603A
:101590000F4B7B603B4619460E4811F05BFF0E4B2C
:1015A000BB600E4BFB600E4B3B6140F23C537B61DA
:1015B00007F10803184612F0A9FF12F05BFE00BF06
:1015C0002037BD4680BD00BF8D340108340703209D
:1015D000E5150008FD1500084C090320400803200C
:1015E000F801032080B483B000AF0346FB7100BF55
:1015F0000C37BD465DF8047B7047000080B588B0AD
:1016000000AF78607B685B680B33FB61FB691B880C
:101610009BB2A3F51243072B60D801A252F823F026
:10162000411600088316000891160008DD16000810
:10163000AD160008BD160008C5160008D51600082E
:1016400007F10C03184611F057FE3B7B19467B7BD4
:101650001A46BB7B244814F0ABF93B7C194623485F
:1016600014F0A6F9BB7D1946FB7D1A463B7E204847
:1016700014F09EF91F4814F09BF9786800F070F898
:101680002DE01D4814F094F9786800F043F826E046
:101690001A4814F0FDF9FB6902331968FB6902333B
:1016A0005B681A46164814F083F918E0FB690233A8
:1016B0001B681946134814F07BF910E0124814F027
:1016C00077F90CE0FB6902331B6819460F4814F0E8
:1016D0006FF904E00E4814F06BF900E000BF00BFA2
:1016E0002037BD4680BD00BFC4780108E8780108F6
:1016F000047901081C7901083C7901086079010826
:10170000B0790108D8790108147A0108387A0108FB
:10171000747A010880B584B000AF78607B685B683C
:101720000B33FB60FB680233BB60BB681B78194658
:10173000084814F03DF9BB681B78002B03D106481C
:1017400014F0A6F903E0054814F0A2F900BF103721
:10175000BD4680BD987A0108C87A0108047B01085B
:1017600080B58AB000AF786007F1080300221A60E4
:101770005A609A60DA6000237B6200233B627B68D8
:101780005B680B33FB61FB690233BB61BB691B7890
:10179000002B28D11D4814F07BF9FFF7DFFB0F2346
:1017A0003B727F23BB72FFF781FD7862796A18482C
:1017B00014F0FEF87B6A9BB2BB82FFF769FD3862CA
:1017C000396A144814F0F4F83B6A9BB2FB8207F1C3
:1017D0000803184611F07AFD08F096FE002101205A
:1017E00012F0AEFF0EE0BB691B78012B06D10A4850
:1017F00014F0DEF87B6800221A7003E0074814F04A
:10180000D7F800BF2837BD4680BD00BF3C7B01082C
:10181000587B01087C7B01089C7B0108D07B010878
:1018200080B500AF00200AF0A1FB01200AF09EFB6A
:1018300002200AF09BFB01200AF0D2FB00BF80BD12
:1018400080B500AF012100200AF0FEFB012101203C
:101850000AF0FAFB012102200AF0F6FB00BF80BD6E
:1018600080B584B000AF78600AF042FDB8607B6854
:10187000FB60FB68B3F1FF3F0AD00AF051FD03465D
:101880001A46FB681344FB6002E0FFF77FFD30BFA0
:101890000AF02EFD0246BB68D31AFA689A42F4D8C1
:1018A00000BF00BF1037BD4680BD80B500AF4FF010
:1018B000FF3012F0BFFF00BF80BD80B400AF00BF9B
:1018C000BD465DF8047B704780B582B000AF78609C
:1018D0000021402013F052F900BF0837BD4680BDFB
:1018E00080B582B000AF7860022013F0B3F900BF7A
:1018F0000837BD4680BD80B582B000AF7860022059
:1019000013F0C8F900BF0837BD4680BD80B582B06E
:1019100000AF0346FB80FB88102B06D0102B0DDC9C
:10192000012B05D0022B06D008E009F031F906E0C2
:1019300009F034F903E009F039F900E000BF00BF15
:101940000837BD4680BD000080B500AF034B0122C3
:101950000349002004F0A6FD00BF80BD6519000802
:101960007402002080B500AF154B1B88FF2B1ED8DA
:10197000144B1B780D2B0FD11349144814F018F891
:1019800000F028F80E4B00221A804FF480720021DC
:101990000D4814F05BF90AE0094B1B885A1C91B200
:1019A000074A11801A46074B1978074B9954084B80
:1019B00001220449002004F075FD00BF80BD00BF76
:1019C0007C030020740200207C020020047C0108BB
:1019D0006519000880B500AF1C491D48FEF7D0FB13
:1019E0000346002B09D11B4814F052F81A4B1B4A2E
:1019F0001A6019480BF0B8F926E019491448FEF7A7
:101A0000BFFB0346002B0AD1164814F041F8124BD5
:101A10004FF0B0521A6010480BF0A6F914E01249CA
:101A20000B48FEF7ADFB0346002B09D10F4814F01D
:101A30002FF8094B0E4A1A6007480BF095F903E09E
:101A400003490C4813F0B4FF00BF80BD147C0108AB
:101A50007C020020187C01086C02002004000016A3
:101A6000207C0108247C01082C7C0108307C0108C2
:101A700001000016387C01082DE9F00386B000AFA4
:101A800078604FF000004FF00001C7E90401002129
:101A9000F96022E07868F96801440978C9B2002049
:101AA0000C460546F968C900A1F12006C1F12000E5
:101AB00005FA01F304FA06F6334324FA00F003436F
:101AC00004FA01F2D7E9040140EA020841EA0309F5
:101AD000C7E90489F9680131F960F9680729D9D99A
:101AE000D7E90423104619461837BD46BDE8F00370
:101AF0007047F0B486B000AFF860C7E90023002358
:101B00007B6119E07B69D900D7E90023C1F1200688
:101B1000A1F1200022FA01F403FA06F6344323FA75
:101B200000F0044323FA01F5FA687B691344E2B23A
:101B30001A707B6901337B617B69072BE2D900BF97
:101B400000BF1837BD46F0BC704700002DE9F00F0C
:101B5000ADF6883D00AF07F68833A3F5F67318603D
:101B600007F68833A3F5F6731B68D3E9002307F65D
:101B70007831C1E9002307F68833A3F5F6731B68B3
:101B8000D3E9022307F53761C1E9002307F688335B
:101B9000A3F5F6731B68D3E9042307F66831C1E99E
:101BA000002307F68833A3F5F6731B68D3E90623F1
:101BB00007F53661C1E9002307F68833A3F5F6730C
:101BC0001B68D3E9082307F65831C1E9002307F65B
:101BD0008833A3F5F6731B68D3E90A2307F535614B
:101BE000C1E9002307F68833A3F5F6731B68D3E930
:101BF0000C2307F64831C1E9002307F68833A3F523
:101C0000F6731B68D3E90E2307F53461C1E900239D
:101C100007F68833A3F5F6731B68D3E9102307F69C
:101C20003831C1E9002307F68833A3F5F6731B6842
:101C3000D3E9122307F53361C1E9002307F688339E
:101C4000A3F5F6731B68D3E9142307F62831C1E91D
:101C5000002307F68833A3F5F6731B68D3E9162330
:101C600007F53261C1E9002307F68833A3F5F6735F
:101C70001B68D3E9182307F61831C1E9002307F6DA
:101C80008833A3F5F6731B68D3E91A2307F531618E
:101C9000C1E9002307F68833A3F5F6731B68D3E97F
:101CA0001C2307F60831C1E9002307F68833A3F5A2
:101CB000F6731B68D3E91E2307F53061C1E90023E1
:101CC00007F68833A3F5F6731B68D3E9202307F6DC
:101CD000F821C1E9002307F68833A3F5F6731B68E2
:101CE000D3E9222307F52F61C1E9002307F68833E2
:101CF000A3F5F6731B68D3E9242307F6E821C1E9AD
:101D0000002307F68833A3F5F6731B68D3E926236F
:101D100007F52E61C1E9002307F68833A3F5F673B2
:101D20001B68D3E9282307F6D821C1E9002307F669
:101D30008833A3F5F6731B68D3E92A2307F52D61D1
:101D4000C1E9002307F68833A3F5F6731B68D3E9CE
:101D50002C2307F6C821C1E9002307F68833A3F531
:101D6000F6731B68D3E92E2307F52C61C1E9002324
:101D700007F68833A3F5F6731B68D3E9302307F61B
:101D8000B821C1E900230023C7F8843B02F0F7BD66
:101D900007F67833D3E9000107F53563D3E900236B
:101DA00080EA0206C7F890694B40C7F8943907F6F5
:101DB0002833D3E90023D7F890195140C7F8881980
:101DC000D7F894194B40C7F88C3907F53063D3E93D
:101DD0000023D7F888195140C7F88019D7F88C1913
:101DE0004B40C7F8843907F6D823D3E90023D7F846
:101DF00080195140C7F84815D7F884194B40C7F8E7
:101E00004C3507F5A963D3E9002307F52B61C1E938
:101E1000002307F53763D3E9000107F64833D3E918
:101E2000002380EA0206C7F878694B40C7F87C397E
:101E300007F53263D3E90023D7F878195140C7F882
:101E40007019D7F87C194B40C7F8743907F6F82396
:101E5000D3E90023D7F870195140C7F86819D7F8AB
:101E600074194B40C7F86C3907F52D63D3E900238B
:101E7000D7F868195140C7F84015D7F86C194B408E
:101E8000C7F8443507F5A863D3E9002307F6A8216E
:101E9000C1E9002307F66833D3E9000107F534638D
:101EA000D3E9002380EA0206C7F860694B40C7F80F
:101EB000643907F61833D3E90023D7F86019514085
:101EC000C7F85819D7F864194B40C7F85C3907F5BB
:101ED0002F63D3E90023D7F858195140C7F8501998
:101EE000D7F85C194B40C7F8543907F6C823D3E933
:101EF0000023D7F850195140C7F83815D7F85419AE
:101F00004B40C7F83C3507F5A763D3E9002307F535
:101F10002A61C1E9002307F53663D3E9000107F61A
:101F20003833D3E9002380EA0206C7F848694B40FA
:101F3000C7F84C3907F53163D3E90023D7F84819BE
:101F40005140C7F84019D7F84C194B40C7F84439ED
:101F500007F6E823D3E90023D7F840195140C7F822
:101F60003819D7F844194B40C7F83C3907F52C63AA
:101F7000D3E90023D7F838195140C7F83015D7F8FE
:101F80003C194B40C7F8343507F5A663D3E9002365
:101F900007F69821C1E9002307F65833D3E9000179
:101FA00007F53363D3E9002380EA0206C7F83069F6
:101FB0004B40C7F8343907F60833D3E90023D7F884
:101FC00030195140C7F82819D7F834194B40C7F8D1
:101FD0002C3907F52E63D3E90023D7F8281951408F
:101FE000C7F82019D7F82C194B40C7F8243907F641
:101FF000B823D3E90023D7F820195140C7F8281592
:10200000D7F824194B40C7F82C3507F5A563D3E959
:10201000002307F52961C1E90023D7F8AC3ADA0FAC
:10202000D7F8A83A5B001343C7F81839D7F8A83A8D
:10203000DA0FD7F8AC3A5B001343C7F81C3907F541
:102040002963D3E90023D7F818195140C7F82015A0
:10205000D7F81C194B40C7F8243507F5A463D3E91A
:10206000002307F68821C1E90023D7F8A43ADA0F44
:10207000D7F8A03A5B001343C7F81039D7F8A03A55
:10208000DA0FD7F8A43A5B001343C7F8143907F501
:102090002B63D3E90023D7F810195140C7F818155E
:1020A000D7F814194B40C7F81C3507F5A363D3E9DB
:1020B000002307F52861C1E90023D7F89C3ADA0F1D
:1020C000D7F8983A5B001343C7F80839D7F8983A1D
:1020D000DA0FD7F89C3A5B001343C7F80C3907F6C0
:1020E000A823D3E90023D7F808195140C7F81015E1
:1020F000D7F80C194B40C7F8143507F5A263D3E99C
:10210000002307F67821C1E90023D7F8943ADA0FC3
:10211000D7F8903A5B001343C7F80039D7F8903AE4
:10212000DA0FD7F8943A5B001343C7F8043907F580
:102130002A63D3E90023D7F800195140C7F80815DE
:10214000D7F804194B40C7F80C3507F5A163D3E95C
:10215000002307F52761C1E90023D7F8B43ADA0F65
:10216000D7F8B03A5B001343C7F8F838D7F8B03A5D
:10217000DA0FD7F8B43A5B001343C7F8FC3807F618
:102180009823D3E90023D7F8F8185140C7F8001571
:10219000D7F8FC184B40C7F8043507F5A063D3E91E
:1021A000002307F66821C1E9002307F67833D3E955
:1021B000000107F68823D3E9002380EA0206C7F866
:1021C000F8644B40C7F8FC3407F59F63D3E900235C
:1021D00007F67831C1E9002307F67833D3E9002305
:1021E00007F52B61C1E9002307F64833D3E9000165
:1021F00007F52863D3E9002380EA0206C7F8F064F4
:102200004B40C7F8F43407F59E63D3E9002307F683
:102210004831C1E90023D7F84C3B1A03D7F8483BB3
:102220001B0D1343C7F8E834D7F8483B1A03D7F817
:102230004C3B1B0D1343C7F8EC3407F59D63D3E902
:10224000002307F6A821C1E9002307F61833D3E9D4
:10225000000107F67823D3E9002380EA0206C7F8D5
:10226000E0644B40C7F8E43407F59C63D3E90023EE
:1022700007F61831C1E90023D7F81C3BDA02D7F87A
:10228000183B5B0D1343C7F8D834D7F8183BDA0274
:10229000D7F81C3B5B0D1343C7F8DC3407F59B6391
:1022A000D3E9002307F52A61C1E9002307F6E823F3
:1022B000D3E9000107F52763D3E9002380EA02068A
:1022C000C7F8D0644B40C7F8D43407F59A63D3E914
:1022D000002307F6E821C1E90023D7F8EC3ADA0A2F
:1022E000D7F8E83A5B051343C7F8C834D7F8E83A9B
:1022F000DA0AD7F8EC3A5B051343C7F8CC3407F594
:102300009963D3E9002307F69821C1E9002307F672
:10231000B823D3E9000107F66823D3E9002380EA54
:102320000206C7F8C0644B40C7F8C43407F5986389
:10233000D3E9002307F6B821C1E90023D7F8BC3A56
:102340009A0CD7F8B83A9B031343C7F8B834D7F8B8
:10235000B83A9A0CD7F8BC3A9B031343C7F8BC347D
:1023600007F59763D3E9002307F52961C1E9002345
:1023700007F6A823D3E90023D143C7F8F018DB43BD
:10238000C7F8F43807F52A63D3E90023D7F8F01823
:102390001140C7F8E818D7F8F4180B40C7F8EC3824
:1023A00007F52B63D3E90023D7F8E8185140C7F8A5
:1023B000B014D7F8EC184B40C7F8B43407F596635F
:1023C000D3E9002307F52661C1E90023FD4AD7F8C8
:1023D000843BDB001344D3E9000107F52663D3E90E
:1023E000002382EA0006C7F8A8644B40C7F8AC3463
:1023F00007F59563D3E9002307F52661C1E90023BA
:1024000007F52A63D3E90023D143C7F8E018DB437B
:10241000C7F8E43807F69823D3E90023D7F8E01883
:102420001140C7F8D818D7F8E4180B40C7F8DC38C3
:1024300007F6A823D3E90023D7F8D8185140C7F8E6
:10244000A014D7F8DC184B40C7F8A43407F5946300
:10245000D3E9002307F65821C1E9002307F69823A2
:10246000D3E90023D143C7F8D018DB43C7F8D438E9
:1024700007F52963D3E90023D7F8D0181140C7F82E
:10248000C818D7F8D4180B40C7F8CC3807F52A631A
:10249000D3E90023D7F8C8185140C7F89814D7F8E3
:1024A000CC184B40C7F89C3407F59363D3E900235D
:1024B00007F52561C1E9002307F52963D3E9002366
:1024C000D143C7F8C018DB43C7F8C43807F52B63FE
:1024D000D3E90023D7F8C0181140C7F8B818D7F8C7
:1024E000C4180B40C7F8BC3807F69823D3E900237B
:1024F000D7F8B8185140C7F89014D7F8BC184B401B
:10250000C7F8943407F59263D3E9002307F648210E
:10251000C1E9002307F52B63D3E90023D143C7F8B2
:10252000B018DB43C7F8B43807F6A823D3E9002373
:10253000D7F8B0181140C7F8A818D7F8B4180B404E
:10254000C7F8AC3807F52963D3E90023D7F8A818F2
:102550005140C7F88814D7F8AC184B40C7F88C34F2
:1025600007F59163D3E9002307F52461C1E900234E
:1025700007F53663D3E9000107F52763D3E90023A4
:1025800080EA0206C7F880644B40C7F8843407F538
:102590009063D3E9002307F53661C1E90023D7F83A
:1025A000643B1A09D7F8603B1B071343C7F878341C
:1025B000D7F8603B1A09D7F8643B1B071343C7F8E9
:1025C0007C3407F58F63D3E9002307F52B61C1E95C
:1025D000002307F53363D3E9000107F66823D3E945
:1025E000002380EA0206C7F870644B40C7F87434D1
:1025F00007F58E63D3E9002307F53361C1E90023B2
:10260000D7F8343B1A0BD7F8303B1B051343C7F8F8
:102610006834D7F8303B1A0BD7F8343B1B0513430B
:10262000C7F86C3407F58D63D3E9002307F6A821BA
:10263000C1E9002307F62833D3E9000107F6882310
:10264000D3E9002380EA0206C7F860644B40C7F86C
:10265000643407F58C63D3E9002307F62831C1E918
:102660000023D7F82C3B5A0FD7F8283BDB00134345
:10267000C7F85834D7F8283B5A0FD7F82C3BDB0063
:102680001343C7F85C3407F58B63D3E9002307F5E0
:102690002A61C1E9002307F6F823D3E9000107F511
:1026A0002863D3E9002380EA0206C7F850644B4050
:1026B000C7F8543407F58A63D3E9002307F6F821F5
:1026C000C1E90023D7F8FC3A5A03D7F8F83ADB0CF3
:1026D0001343C7F84834D7F8F83A5A03D7F8FC3A06
:1026E000DB0C1343C7F84C3407F58963D3E90023A7
:1026F00007F69821C1E9002307F6C823D3E90001B2
:1027000007F67823D3E9002380EA0206C7F840647D
:102710004B40C7F8443407F58863D3E9002307F634
:10272000C821C1E90023D7F8CC3A5A07D7F8C83AEC
:10273000DB081343C7F83834D7F8C83A5A07D7F834
:10274000CC3ADB081343C7F83C3407F58763D3E979
:10275000002307F52961C1E9002307F6A823D3E97F
:102760000023D143C7F8A018DB43C7F8A43807F506
:102770002A63D3E90023D7F8A0181140C7F89818A6
:10278000D7F8A4180B40C7F89C3807F52B63D3E99A
:102790000023D7F898185140C7F83014D7F89C1880
:1027A0004B40C7F8343407F58663D3E9002307F6B6
:1027B0003821C1E9002307F52A63D3E90023D14377
:1027C00002E000BF78900108C7F89018DB43C7F813
:1027D000943807F69823D3E90023D7F890181140CE
:1027E000C7F88818D7F894180B40C7F88C3807F644
:1027F000A823D3E90023D7F888185140C7F8281434
:10280000D7F88C184B40C7F82C3407F58563D3E90B
:10281000002307F52361C1E9002307F69823D3E9D4
:102820000023D143C7F88018DB43C7F8843807F585
:102830002963D3E90023D7F880181140C7F8781826
:10284000D7F884180B40C7F87C3807F52A63D3E91A
:102850000023D7F878185140C7F82014D7F87C180F
:102860004B40C7F8243407F58463D3E9002307F607
:102870002821C1E9002307F52963D3E90023D143C7
:10288000C7F87018DB43C7F8743807F52B63D3E932
:102890000023D7F870181140C7F86818D7F87418D3
:1028A0000B40C7F86C3807F69823D3E90023D7F814
:1028B00068185140C7F81814D7F86C184B40C7F87F
:1028C0001C3407F58363D3E9002307F52261C1E9CE
:1028D000002307F52B63D3E90023D143C7F8601821
:1028E000DB43C7F8643807F6A823D3E90023D7F8F9
:1028F00060181140C7F85818D7F864180B40C7F88B
:102900005C3807F52963D3E90023D7F858185140FC
:10291000C7F81014D7F85C184B40C7F8143407F503
:102920008263D3E9002307F61821C1E9002307F5E4
:102930003763D3E9000107F52863D3E9002380EA70
:102940000206C7F808644B40C7F80C3407F58163EA
:10295000D3E9002307F53761C1E90023D7F8743BB9
:10296000DA0FD7F8703B5B001343C7F80034D7F891
:10297000703BDA0FD7F8743B5B001343C7F804349D
:1029800007F58063D3E9002307F52B61C1E9002334
:1029900007F53463D3E9000107F67823D3E9002370
:1029A00080EA0206C7F8F8634B40C7F8FC33D7E962
:1029B000FE2307F53461C1E90023D7F8443B9A0EA2
:1029C000D7F8403B9B011343C7F8F033D7F8403B9F
:1029D0009A0ED7F8443B9B011343C7F8F433D7E969
:1029E000FC2307F6A821C1E9002307F53163D3E9E9
:1029F000000107F52763D3E9002380EA0206C7F840
:102A0000E8634B40C7F8EC33D7E9FA2307F53161A7
:102A1000C1E90023D7F8143BDA09D7F8103B5B066D
:102A20001343C7F8E033D7F8103BDA09D7F8143B63
:102A30005B061343C7F8E433D7E9F82307F52A61A7
:102A4000C1E9002307F52E63D3E9000107F66823E7
:102A5000D3E9002380EA0206C7F8D8634B40C7F8E1
:102A6000DC33D7E9F62307F52E61C1E90023D7F857
:102A7000E43A1A0ED7F8E03A1B021343C7F8D033F2
:102A8000D7F8E03A1A0ED7F8E43A1B021343C7F816
:102A9000D433D7E9F42307F69821C1E9002307F6D8
:102AA000D823D3E9000107F68823D3E9002380EA7D
:102AB0000206C7F8C8634B40C7F8CC33D7E9F22306
:102AC00007F6D821C1E90023D7F8DC3A9A0BD7F8EA
:102AD000D83A9B041343C7F8C033D7F8D83A9A0BB7
:102AE000D7F8DC3A9B041343C7F8C433D7E9F02383
:102AF00007F52961C1E9002307F6A823D3E90023DC
:102B0000D143C7F85018DB43C7F8543807F52A6398
:102B1000D3E90023D7F850181140C7F84818D7F860
:102B200054180B40C7F84C3807F52B63D3E9002342
:102B3000D7F848185140C7F8B813D7F84C184B408D
:102B4000C7F8BC33D7E9EE2307F52161C1E90023BB
:102B500007F52A63D3E90023D143C7F84018DB43C4
:102B6000C7F8443807F69823D3E90023D7F840186C
:102B70001140C7F83818D7F844180B40C7F83C384C
:102B800007F6A823D3E90023D7F838185140C7F82F
:102B9000B013D7F83C184B40C7F8B433D7E9EC234F
:102BA00007F60821C1E9002307F69823D3E900239B
:102BB000D143C7F83018DB43C7F8343807F5296329
:102BC000D3E90023D7F830181140C7F82818D7F8F0
:102BD00034180B40C7F82C3807F52A63D3E90023D3
:102BE000D7F828185140C7F8A813D7F82C184B402D
:102BF000C7F8AC33D7E9EA2307F52061C1E9002320
:102C000007F52963D3E90023D143C7F82018DB4334
:102C1000C7F8243807F52B63D3E90023D7F8201829
:102C20001140C7F81818D7F824180B40C7F81C38FB
:102C300007F69823D3E90023D7F818185140C7F8AE
:102C4000A013D7F81C184B40C7F8A433D7E9E823E2
:102C500007F6F811C1E9002307F52B63D3E9002338
:102C6000D143C7F81018DB43C7F8143807F6A82378
:102C7000D3E90023D7F810181140C7F80818D7F87F
:102C800014180B40C7F80C3807F52963D3E9002363
:102C9000D7F808185140C7F89813D7F80C184B40CC
:102CA000C7F89C33D7E9E62307F51F61C1E9002384
:102CB00007F65833D3E9000107F66823D3E9002368
:102CC00080EA0206C7F890634B40C7F89433D7E90F
:102CD000E42307F65831C1E90023D7F85C3B5A09D1
:102CE000D7F8583BDB061343C7F88833D7F8583B6F
:102CF0005A09D7F85C3BDB061343C7F88C33D7E996
:102D0000E22307F52B61C1E9002307F53563D3E919
:102D1000000107F68823D3E9002380EA0206C7F8FA
:102D200080634B40C7F88433D7E9E02307F535616A
:102D3000C1E90023D7F8543B1A01D7F8503B1B0FC9
:102D40001343C7F87833D7F8503B1A01D7F8543BF0
:102D50001B0F1343C7F87C33D7E9DE2307F6A821FE
:102D6000C1E9002307F53263D3E9000107F52863C1
:102D7000D3E9002380EA0206C7F870634B40C7F826
:102D80007433D7E9DC2307F53261C1E90023D7F8B2
:102D9000243B9A0DD7F8203B9B021343C7F86833B6
:102DA000D7F8203B9A0DD7F8243B9B021343C7F872
:102DB0006C33D7E9DA2307F52A61C1E9002307F567
:102DC0002F63D3E9000107F67823D3E9002380EAD3
:102DD0000206C7F860634B40C7F86433D7E9D823CD
:102DE00007F52F61C1E90023D7F8F43A5A0CD7F858
:102DF000F03ADB031343C7F85833D7F8F03A5A0CCC
:102E0000D7F8F43ADB031343C7F85C33D7E9D6238A
:102E100007F69821C1E9002307F52C63D3E90001E7
:102E200007F52763D3E9002380EA0206C7F8506359
:102E30004B40C7F85433D7E9D42307F52C61C1E9D7
:102E40000023D7F8C43A1A06D7F8C03A1B0A13432E
:102E5000C7F84833D7F8C03A1A06D7F8C43A1B0A5D
:102E60001343C7F84C33D7E9D22307F52961C1E9E9
:102E7000002307F6A823D3E90023D143C7F800189D
:102E8000DB43C7F8043807F52A63D3E90023D7F8F2
:102E900000181140C7F8F817D7F804180B40C7F806
:102EA000FC3707F52B63D3E90023D7F8F817514017
:102EB000C7F84013D7F8FC174B40C7F84433D7E99D
:102EC000D02307F6E811C1E9002307F52A63D3E907
:102ED0000023D143C7F8F017DB43C7F8F43707F6F0
:102EE0009823D3E90023D7F8F0171140C7F8E81763
:102EF000D7F8F4170B40C7F8EC3707F6A823D3E947
:102F00000023D7F8E8175140C7F83813D7F8EC1763
:102F10004B40C7F83C33D7E9CE2307F51E61C1E922
:102F2000002307F69823D3E90023D143C7F8E0171D
:102F3000DB43C7F8E43707F52963D3E90023D7F863
:102F4000E0171140C7F8D817D7F8E4170B40C7F8B7
:102F5000DC3707F52A63D3E90023D7F8D8175140A7
:102F6000C7F83013D7F8DC174B40C7F83433D7E92C
:102F7000CC2307F6D811C1E9002307F52963D3E96B
:102F80000023D143C7F8D017DB43C7F8D43707F580
:102F90002B63D3E90023D7F8D0171140C7F8C8171F
:102FA000D7F8D4170B40C7F8CC3707F69823D3E9E6
:102FB0000023D7F8C8175140C7F82813D7F8CC1703
:102FC0004B40C7F82C33D7E9CA2307F51D61C1E987
:102FD000002307F52B63D3E90023D143C7F8C017BB
:102FE000DB43C7F8C43707F6A823D3E90023D7F893
:102FF000C0171140C7F8B817D7F8C4170B40C7F867
:10300000BC3707F52963D3E90023D7F8B817514037
:10301000C7F82013D7F8BC174B40C7F82433D7E9BB
:10302000C82307F6C811C1E9002307F66833D3E9BE
:10303000000107F67823D3E9002380EA0206C7F8E7
:1030400018634B40C7F81C33D7E9C62307F668312D
:10305000C1E90023D7F86C3B9A07D7F8683B9B0877
:103060001343C7F81033D7F8683B9A07D7F86C3B7F
:103070009B081343C7F81433D7E9C42307F52B6122
:10308000C1E9002307F63833D3E9000107F52763C8
:10309000D3E9002380EA0206C7F808634B40C7F86B
:1030A0000C33D7E9C22307F63831C1E90023D7F83A
:1030B0003C3BDA05D7F8383B5B0A1343C7F80033CB
:1030C000D7F8383BDA05D7F83C3B5B0A1343C7F81F
:1030D0000433D7E9C02307F6A821C1E9002307F686
:1030E0000833D3E9000107F66823D3E9002380EA17
:1030F0000206C7F8F8624B40C7F8FC32D7E9BE2396
:1031000007F60831C1E90023D7F80C3BDA01D7F8FC
:10311000083B5B0E1343C7F8F032D7F8083BDA01DF
:10312000D7F80C3B5B0E1343C7F8F432D7E9BC2346
:1031300007F52A61C1E9002307F53063D3E90001EF
:1031400007F68823D3E9002380EA0206C7F8E8627D
:103150004B40C7F8EC32D7E9BA2307F53061C1E933
:103160000023D7F8043B5A02D7F8003BDB0D13438A
:10317000C7F8E032D7F8003B5A02D7F8043BDB0D22
:103180001343C7F8E432D7E9B82307F69821C1E919
:10319000002307F52D63D3E9000107F52863D3E980
:1031A000002380EA0206C7F8D8624B40C7F8DC3239
:1031B000D7E9B62307F52D61C1E90023D7F8D43A42
:1031C0009A0FD7F8D03A9B001343C7F8D032D7F8FC
:1031D000D03A9A0FD7F8D43A9B001343C7F8D432A9
:1031E000D7E9B42307F52961C1E9002307F6A8232D
:1031F000D3E90023D143C7F8B017DB43C7F8B4378E
:1032000007F52A63D3E90023D7F8B0171140C7F8B0
:10321000A817D7F8B4170B40C7F8AC3707F52B63DE
:10322000D3E90023D7F8A8175140C7F8C812D7F838
:10323000AC174B40C7F8CC32D7E9B22307F51C6175
:10324000C1E9002307F52A63D3E90023D143C7F876
:10325000A017DB43C7F8A43707F69823D3E9002368
:10326000D7F8A0171140C7F89817D7F8A4170B4044
:10327000C7F89C3707F6A823D3E90023D7F8981797
:103280005140C7F8C012D7F89C174B40C7F8C4325A
:10329000D7E9B02307F6B811C1E9002307F6982350
:1032A000D3E90023D143C7F89017DB43C7F894371D
:1032B00007F52963D3E90023D7F890171140C7F821
:1032C0008817D7F894170B40C7F88C3707F52A638F
:1032D000D3E90023D7F888175140C7F8B812D7F8B8
:1032E0008C174B40C7F8BC32D7E9AE2307F51B61FA
:1032F000C1E9002307F52963D3E90023D143C7F8C7
:103300008017DB43C7F8843707F52B63D3E9002325
:10331000D7F880171140C7F87817D7F884170B40F3
:10332000C7F87C3707F69823D3E90023D7F8781736
:103330005140C7F8B012D7F87C174B40C7F8B432E9
:10334000D7E9AC2307F6A811C1E9002307F52B63E1
:10335000D3E90023D143C7F87017DB43C7F87437AC
:1033600007F6A823D3E90023D7F870171140C7F850
:103370006817D7F874170B40C7F86C3707F529633F
:10338000D3E90023D7F868175140C7F8A812D7F837
:103390006C174B40C7F8AC32D7E9AA2307F51A617E
:1033A000C1E9002307F52663D3E9000107F63823B6
:1033B000D3E9002380EA0206C7F860674B40C7F8EC
:1033C000643707F52163D3E90023D7F8601751402C
:1033D000C7F85817D7F864174B40C7F85C3707F69B
:1033E000E813D3E90023D7F858175140C7F850170E
:1033F000D7F85C174B40C7F8543707F51C63D3E97F
:103400000023D7F850175140C7F8A012D7F8541727
:103410004B40C7F8A432D7E9A82307F52B61C1E9CF
:10342000002307F65823D3E9000107F52363D3E906
:10343000002380EA0206C7F848674B40C7F84C37BC
:1034400007F60823D3E90023D7F848175140C7F8F7
:103450004017D7F84C174B40C7F8443707F51E63A1
:10346000D3E90023D7F840175140C7F83817D7F8E9
:1034700044174B40C7F83C3707F6B813D3E900238D
:10348000D7F838175140C7F89812D7F83C174B4077
:10349000C7F89C32D7E9A62307F6A821C1E9002383
:1034A00007F52563D3E9000107F62823D3E90023B4
:1034B00080EA0206C7F830674B40C7F8343707F593
:1034C0002063D3E90023D7F830175140C7F82817F5
:1034D000D7F834174B40C7F82C3707F6D813D3E981
:1034E0000023D7F828175140C7F82017D7F82C1712
:1034F0004B40C7F8243707F51B63D3E90023D7F8FF
:1035000020175140C7F89012D7F824174B40C7F83E
:103510009432D7E9A42307F52A61C1E9002307F60D
:103520004823D3E9000107F52263D3E9002380EAA9
:103530000206C7F818674B40C7F81C3707F6F813A0
:10354000D3E90023D7F818175140C7F81017D7F858
:103550001C174B40C7F8143707F51D63D3E9002348
:10356000D7F810175140C7F80817D7F814174B4071
:10357000C7F80C3707F6A813D3E90023D7F80817C4
:103580005140C7F88812D7F80C174B40C7F88C3257
:10359000D7E9A22307F69821C1E9002307F52463A0
:1035A000D3E9000107F61823D3E9002380EA0206D5
:1035B000C7F800674B40C7F8043707F51F63D3E926
:1035C0000023D7F800175140C7F8F816D7F80417AA
:1035D0004B40C7F8FC3607F6C813D3E90023D7F8E9
:1035E000F8165140C7F8F016D7F8FC164B40C7F84C
:1035F000F43607F51A63D3E90023D7F8F0165140E3
:10360000C7F88012D7F8F4164B40C7F88432D7E9D0
:10361000A02307F52961C1E90023D7F8AC3ADA0FF6
:10362000D7F8A83A5B001343C7F8E836D7F8A83AAA
:10363000DA0FD7F8AC3A5B001343C7F8EC3607F55E
:103640002963D3E90023D7F8E8165140C7F8781268
:10365000D7F8EC164B40C7F87C32D7E99E2307F623
:103660008821C1E90023D7F8A43ADA0FD7F8A03AA5
:103670005B001343C7F8E036D7F8A03ADA0FD7F863
:10368000A43A5B001343C7F8E43607F52B63D3E98C
:103690000023D7F8E0165140C7F87012D7F8E416A7
:1036A0004B40C7F87432D7E99C2307F52861C1E97C
:1036B0000023D7F89C3ADA0FD7F8983A5B00134307
:1036C000C7F8D836D7F8983ADA0FD7F89C3A5B00A3
:1036D0001343C7F8DC3607F6A823D3E90023D7F84D
:1036E000D8165140C7F86812D7F8DC164B40C7F817
:1036F0006C32D7E99A2307F67821C1E90023D7F87D
:10370000943ADA0FD7F8903A5B001343C7F8D036F3
:10371000D7F8903ADA0FD7F8943A5B001343C7F81A
:10372000D43607F52A63D3E90023D7F8D0165140E1
:10373000C7F86012D7F8D4164B40C7F86432D7E9FF
:10374000982307F52761C1E90023D7F8B43ADA0FC7
:10375000D7F8B03A5B001343C7F8C836D7F8B03A89
:10376000DA0FD7F8B43A5B001343C7F8CC3607F644
:103770009823D3E90023D7F8C8165140C7F8581248
:10378000D7F8CC164B40C7F85C32D7E9962307F63A
:103790006821C1E9002307F52663D3E9000107F694
:1037A0008823D3E9002380EA0206C7F850624B4021
:1037B000C7F85432D7E9942307F52661C1E90023FD
:1037C00007F52663D3E9002307F52B61C1E9002340
:1037D00007F52363D3E9000107F52863D3E9002344
:1037E00080EA0206C7F848624B40C7F84C32D7E976
:1037F000922307F52361C1E9002307F68833A3F577
:10380000AA7007F68833A3F5AC7103681A030B6836
:103810001B0D1343C7F840320B681A0303681B0DD6
:103820001343C7F84432D7E9902307F6A821C1E92A
:10383000002307F52063D3E9000107F67823D3E9D5
:10384000002380EA0206C7F838624B40C7F83C32D2
:10385000D7E98E2307F52061C1E9002307F68833F5
:10386000A3F5C27007F68833A3F5C4710368DA02C2
:103870000B685B0D1343C7F830320B68DA0203683C
:103880005B0D1343C7F83432D7E98C2307F52A615F
:10389000C1E9002307F51D63D3E9000107F527639C
:1038A000D3E9002380EA0206C7F828624B40C7F834
:1038B0002C32D7E98A2307F51D61C1E9002307F6F9
:1038C0008833A3F5DA7007F68833A3F5DC71036853
:1038D000DA0A0B685B051343C7F820320B68DA0A73
:1038E00003685B051343C7F82432D7E9882307F63A
:1038F0009821C1E9002307F51A63D3E9000107F60F
:103900006823D3E9002380EA0206C7F818624B4017
:10391000C7F81C32D7E9862307F51A61C1E90023ED
:1039200007F68833A3F5F27007F68833A3F5F47130
:1039300003689A0C0B689B031343C7F810320B689B
:103940009A0C03689B031343C7F81432D7E9842306
:1039500007F52961C1E9002307F6A823D3E900236D
:10396000D143C7F8C016DB43C7F8C43607F52A634E
:10397000D3E90023D7F8C0161140C7F8B816D7F816
:10398000C4160B40C7F8BC3607F52B63D3E90023F8
:10399000D7F8B8165140C7F80812D7F8BC164B40F4
:1039A000C7F80C32D7E9822307F67831C1E9002342
:1039B000D7F8843B0133F44ADB001344D3E9000118
:1039C00007F67833D3E9002382EA0006C7F80062DD
:1039D0004B40C7F80432D7E9802307F67831C1E9B4
:1039E000002307F52A63D3E90023D143C7F8B016B3
:1039F000DB43C7F8B43607F69823D3E90023D7F89A
:103A0000B0161140C7F8A816D7F8B4160B40C7F87F
:103A1000AC3607F6A823D3E90023D7F8A8165140FF
:103A2000C7F8F811D7F8AC164B40C7F8FC31D7E906
:103A30007E2307F53761C1E9002307F69823D3E910
:103A40000023D143C7F8A016DB43C7F8A43607F517
:103A50002963D3E90023D7F8A0161140C7F89816B8
:103A6000D7F8A4160B40C7F89C3607F52A63D3E9AC
:103A70000023D7F898165140C7F8F011D7F89C16D4
:103A80004B40C7F8F431D7E97C2307F66831C1E928
:103A9000002307F52963D3E90023D143C7F8901623
:103AA000DB43C7F8943607F52B63D3E90023D7F837
:103AB00090161140C7F88816D7F894160B40C7F82F
:103AC0008C3607F69823D3E90023D7F8881651409F
:103AD000C7F8E811D7F88C164B40C7F8EC31D7E996
:103AE0007A2307F53661C1E9002307F52B63D3E993
:103AF0000023D143C7F88016DB43C7F8843607F6A6
:103B0000A823D3E90023D7F880161140C7F8781608
:103B1000D7F884160B40C7F87C3607F52963D3E93C
:103B20000023D7F878165140C7F8E011D7F87C1673
:103B30004B40C7F8E431D7E9782307F65831C1E99B
:103B4000002307F64823D3E9000107F52763D3E9EB
:103B5000002380EA0206C7F8D8614B40C7F8DC3181
:103B6000D7E9762307F64821C1E9002307F6883311
:103B7000A3F59E7007F68833A3F5A07103681A09B0
:103B80000B681B071343C7F8D0310B681A09036889
:103B90001B071343C7F8D431D7E9742307F52B610A
:103BA000C1E9002307F61823D3E9000107F66823CB
:103BB000D3E9002380EA0206C7F8C8614B40C7F882
:103BC000CC31D7E9722307F61821C1E9002307F6A3
:103BD0008833A3F5B67007F68833A3F5B871036888
:103BE0001A0B0B681B051343C7F8C0310B681A0B7F
:103BF00003681B051343C7F8C431D7E9702307F6E0
:103C0000A821C1E9002307F52163D3E9000107F6E4
:103C10008823D3E9002380EA0206C7F8B8614B4045
:103C2000C7F8BC31D7E96E2307F52161C1E900234C
:103C300007F68833A3F5BA7007F68833A3F5BC718D
:103C400003685A0F0B68DB001343C7F8B0310B68E9
:103C50005A0F0368DB001343C7F8B431D7E96C236C
:103C600007F52A61C1E9002307F51E63D3E90001C6
:103C700007F52863D3E9002380EA0206C7F8A861A4
:103C80004B40C7F8AC31D7E96A2307F51E61C1E99B
:103C9000002307F68833A3F5D27007F68833A3F51F
:103CA000D47103685A030B68DB0C1343C7F8A031C7
:103CB0000B685A030368DB0C1343C7F8A431D7E938
:103CC000682307F69821C1E9002307F51B63D3E9B0
:103CD000000107F67823D3E9002380EA0206C7F83B
:103CE00098614B40C7F89C31D7E9662307F51B6103
:103CF000C1E9002307F68833A3F5EA7007F6883395
:103D0000A3F5EC7103685A070B68DB081343C7F887
:103D100090310B685A070368DB081343C7F89431E6
:103D2000D7E9642307F52961C1E9002307F6A82331
:103D3000D3E90023D143C7F87016DB43C7F87436C4
:103D400007F52A63D3E90023D7F870161140C7F8A6
:103D50006816D7F874160B40C7F86C3607F52B6356
:103D6000D3E90023D7F868165140C7F88811D7F86F
:103D70006C164B40C7F88C31D7E9622307F53561E3
:103D8000C1E9002302E000BF7890010807F52A632B
:103D9000D3E90023D143C7F86016DB43C7F8643684
:103DA00007F69823D3E90023D7F860161140C7F827
:103DB0005816D7F864160B40C7F85C3607F6A823E8
:103DC000D3E90023D7F858165140C7F88011D7F827
:103DD0005C164B40C7F88431D7E9602307F64831B9
:103DE000C1E9002307F69823D3E90023D143C7F89C
:103DF0005016DB43C7F8543607F52963D3E900238F
:103E0000D7F850161140C7F84816D7F854160B408B
:103E1000C7F84C3607F52A63D3E90023D7F84816CC
:103E20005140C7F87811D7F84C164B40C7F87C3191
:103E3000D7E95E2307F53461C1E9002307F529635B
:103E4000D3E90023D143C7F84016DB43C7F8443613
:103E500007F52B63D3E90023D7F840161140C7F8C4
:103E60003816D7F844160B40C7F83C3607F69823A7
:103E7000D3E90023D7F838165140C7F87011D7F8A6
:103E80003C164B40C7F87431D7E95C2307F638314C
:103E9000C1E9002307F52B63D3E90023D143C7F819
:103EA0003016DB43C7F8343607F6A823D3E90023DE
:103EB000D7F830161140C7F82816D7F834160B403B
:103EC000C7F82C3607F52963D3E90023D7F828165D
:103ED0005140C7F86811D7F82C164B40C7F86C3121
:103EE000D7E95A2307F53361C1E9002307F65823C0
:103EF000D3E9000107F52863D3E9002380EA02062D
:103F0000C7F860614B40C7F86431D7E9582307F61A
:103F10005821C1E9002307F68833A3F5967007F608
:103F20008833A3F598710368DA0F0B685B001343BD
:103F3000C7F858310B68DA0F03685B001343C7F802
:103F40005C31D7E9562307F52B61C1E9002307F659
:103F50002823D3E9000107F67823D3E9002380EA78
:103F60000206C7F850614B40C7F85431D7E95423D3
:103F700007F62821C1E9002307F68833A3F5AE70C0
:103F800007F68833A3F5B07103689A0E0B689B019E
:103F90001343C7F848310B689A0E03689B0113431B
:103FA000C7F84C31D7E9522307F6A821C1E900230D
:103FB00007F6F813D3E9000107F52763D3E90023D7
:103FC00080EA0206C7F840614B40C7F84431D7E9A0
:103FD000502307F6F811C1E9002307F68833A3F54B
:103FE000C67007F68833A3F5C8710368DA090B6851
:103FF0005B061343C7F838310B68DA0903685B06C0
:104000001343C7F83C31D7E94E2307F52A61C1E9CC
:10401000002307F6C813D3E9000107F66823D3E9A4
:10402000002380EA0206C7F830614B40C7F83431FC
:10403000D7E94C2307F6C811C1E9002307F68833F6
:10404000A3F5DE7007F68833A3F5E07103681A0E56
:104050000B681B021343C7F828310B681A0E03685C
:104060001B021343C7F82C31D7E94A2307F69821DE
:10407000C1E9002307F51C63D3E9000107F6882393
:10408000D3E9002380EA0206C7F820614B40C7F855
:104090002431D7E9482307F51C61C1E9002307F65D
:1040A0008833A3F5E27007F68833A3F5E47103685B
:1040B0009A0B0B689B041343C7F818310B689A0BD3
:1040C00003689B041343C7F81C31D7E9462307F55F
:1040D0002961C1E9002307F6A823D3E90023D143CE
:1040E000C7F82016DB43C7F8243607F52A63D3E95F
:1040F0000023D7F820161140C7F81816D7F8241651
:104100000B40C7F81C3607F52B63D3E90023D7F81B
:1041100018165140C7F81011D7F81C164B40C7F8B5
:104120001431D7E9442307F62831C1E9002307F504
:104130002A63D3E90023D143C7F81016DB43C7F83D
:10414000143607F69823D3E90023D7F81016114048
:10415000C7F80816D7F814160B40C7F80C3607F640
:10416000A823D3E90023D7F808165140C7F808114F
:10417000D7F80C164B40C7F80C31D7E9422307F5A6
:104180003261C1E9002307F69823D3E90023D14324
:10419000C7F80016DB43C7F8043607F52963D3E9EF
:1041A0000023D7F800161140C7F8F815D7F8041601
:1041B0000B40C7F8FC3507F52A63D3E90023D7F88D
:1041C000F8155140C7F80011D7F8FC154B40C7F857
:1041D0000431D7E9402307F61831C1E9002307F578
:1041E0002963D3E90023D143C7F8F015DB43C7F8AF
:1041F000F43507F52B63D3E90023D7F8F015114008
:10420000C7F8E815D7F8F4150B40C7F8EC3507F6F2
:104210009823D3E90023D7F8E8155140C7F8F810E0
:10422000D7F8EC154B40C7F8FC30D7E93E2307F52B
:104230003161C1E9002307F52B63D3E90023D143A2
:10424000C7F8E015DB43C7F8E43507F6A823D3E940
:104250000023D7F8E0151140C7F8D815D7F8E415B2
:104260000B40C7F8DC3507F52963D3E90023D7F8FD
:10427000D8155140C7F8F010D7F8DC154B40C7F8F7
:10428000F430D7E93C2307F60831C1E9002307F5EC
:104290002463D3E9000107F66823D3E9002380EA09
:1042A0000206C7F8E8604B40C7F8EC30D7E93A237C
:1042B00007F52461C1E9002307F68833A3F5A2704E
:1042C00007F68833A3F5A47103685A090B68DB0667
:1042D0001343C7F8E0300B685A090368DB06134341
:1042E000C7F8E430D7E9382307F52B61C1E900238B
:1042F00007F63823D3E9000107F68823D3E9002322
:1043000080EA0206C7F8D8604B40C7F8DC30D7E92E
:10431000362307F63821C1E9002307F68833A3F5D1
:10432000A67007F68833A3F5A87103681A010B6815
:104330001B0F1343C7F8D0300B681A0103681B0F1B
:104340001343C7F8D430D7E9342307F6A821C1E9CD
:10435000002307F60823D3E9000107F52863D3E912
:10436000002380EA0206C7F8C8604B40C7F8CC308B
:10437000D7E9322307F60821C1E9002307F688337D
:10438000A3F5BE7007F68833A3F5C07103689A0DD4
:104390000B689B021343C7F8C0300B689A0D036883
:1043A0009B021343C7F8C430D7E9302307F52A61CD
:1043B000C1E9002307F6D813D3E9000107F67823F3
:1043C000D3E9002380EA0206C7F8B8604B40C7F87B
:1043D000BC30D7E92E2307F6D811C1E9002307F630
:1043E0008833A3F5D67007F68833A3F5D871036830
:1043F0005A0C0B68DB031343C7F8B0300B685A0C38
:104400000368DB031343C7F8B430D7E92C2307F65E
:104410009821C1E9002307F6A813D3E9000107F5A5
:104420002763D3E9002380EA0206C7F8A8604B405F
:10443000C7F8AC30D7E92A2307F6A811C1E9002351
:1044400007F68833A3F5EE7007F68833A3F5F0710D
:1044500003681A060B681B0A1343C7F8A0300B68E1
:104460001A0603681B0A1343C7F8A430D7E92823A8
:1044700007F52961C1E9002307F6A823D3E9002342
:10448000D143C7F8D015DB43C7F8D43507F52A6305
:10449000D3E90023D7F8D0151140C7F8C815D7F8CD
:1044A000D4150B40C7F8CC3507F52B63D3E90023AF
:1044B000D7F8C8155140C7F89810D7F8CC154B401D
:1044C000C7F89C30D7E9262307F53061C1E90023FE
:1044D00007F52A63D3E90023D143C7F8C015DB43AE
:1044E000C7F8C43507F69823D3E90023D7F8C015D9
:1044F0001140C7F8B815D7F8C4150B40C7F8BC353C
:1045000007F6A823D3E90023D7F8B8155140C7F818
:104510009010D7F8BC154B40C7F89430D7E9242346
:1045200007F6F821C1E9002307F69823D3E9002311
:10453000D143C7F8B015DB43C7F8B43507F5296395
:10454000D3E90023D7F8B0151140C7F8A815D7F85C
:10455000B4150B40C7F8AC3507F52A63D3E900233F
:10456000D7F8A8155140C7F88810D7F8AC154B40BC
:10457000C7F88C30D7E9222307F52F61C1E9002362
:1045800007F52963D3E90023D143C7F8A015DB431E
:10459000C7F8A43507F52B63D3E90023D7F8A01596
:1045A0001140C7F89815D7F8A4150B40C7F89C35EB
:1045B00007F69823D3E90023D7F898155140C7F898
:1045C0008010D7F89C154B40C7F88430D7E92023DA
:1045D00007F6E821C1E9002307F52B63D3E900239F
:1045E000D143C7F89015DB43C7F8943507F6A823E5
:1045F000D3E90023D7F890151140C7F88815D7F8EC
:1046000094150B40C7F88C3507F52963D3E90023CF
:10461000D7F888155140B967D7F88C154B40FB6720
:10462000D7E91E2307F52E61C1E9002307F52563AD
:10463000D3E9000107F67823D3E9002380EA0206D4
:104640003E674B407B67D7E91C2307F52561C1E92D
:10465000002307F68833A3F59A7007F68833A3F58D
:104660009C7103689A070B689B081343BB660B6831
:104670009A0703689B081343FB66D7E91A2307F5DB
:104680002B61C1E9002307F52263D3E9000107F597
:104690002763D3E9002380EA02063E664B407B662F
:1046A000D7E9182307F52261C1E9002307F688330B
:1046B000A3F5B27007F68833A3F5B4710368DA0581
:1046C0000B685B0A1343BB650B68DA0503685B0A7A
:1046D0001343FB65D7E9162307F6A821C1E9002398
:1046E00007F51F63D3E9000107F66823D3E9002328
:1046F00080EA02063E654B407B65D7E9142307F547
:104700001F61C1E9002307F68833A3F5CA7007F6D5
:104710008833A3F5CC710368DA010B685B0E134391
:10472000BB640B68DA0103685B0E1343FB64D7E9D3
:10473000122307F52A61C1E9002307F6E813D3E93C
:10474000000107F68823D3E9002380EA02063E64CD
:104750004B407B64D7E9102307F6E811C1E9002339
:1047600007F68833A3F5CE7007F68833A3F5D0712A
:1047700003685A020B68DB0D1343BB630B685A02D4
:104780000368DB0D1343FB63D7E90E2307F698217B
:10479000C1E9002307F6B813D3E9000107F5286340
:1047A000D3E9002380EA02063E634B407B63D7E9EE
:1047B0000C2307F6B811C1E9002307F68833A3F5E7
:1047C000E67007F68833A3F5E87103689A0F0B6863
:1047D0009B001343BB620B689A0F03689B00134353
:1047E000FB62D7E90A2307F52961C1E9002307F62F
:1047F000A823D3E90023D143C7F88015DB43C7F8CA
:10480000843507F52A63D3E90023D7F880151140D2
:10481000C7F87815D7F884150B40C7F87C3507F52D
:104820002B63D3E90023D7F8781551403962D7F8C4
:104830007C154B407B62D7E9082307F6D821C1E9F4
:10484000002307F52A63D3E90023D143C7F8701585
:10485000DB43C7F8743507F69823D3E90023D7F86C
:1048600070151140C7F86815D7F874150B40C7F8D4
:104870006C3507F6A823D3E90023D7F86815514013
:10488000B961D7F86C154B40FB61D7E9062307F5F2
:104890002D61C1E9002307F69823D3E90023D14312
:1048A000C7F86015DB43C7F8643507F52963D3E91A
:1048B0000023D7F860151140C7F85815D7F86415CC
:1048C0000B40C7F85C3507F52A63D3E90023D7F816
:1048D000581551403961D7F85C154B407B61D7E9D9
:1048E000042307F6C821C1E9002307F52963D3E9AA
:1048F0000023D143C7F85015DB43C7F8543507F5FB
:104900002B63D3E90023D7F8501501EA020AD7F840
:10491000541501EA030B07F69823D3E9002382EA32
:104920000A01B96083EA0B03FB60D7E9022307F5AC
:104930002C61C1E9002307F52B63D3E900236FEA5B
:1049400002086FEA030907F6A823D3E9002308EA5F
:10495000020409EA030507F52963D3E9002382EA83
:10496000040139606B407B60D7E9002307F6B8216A
:10497000C1E90023D7F8843B0233C7F8843BD7F85A
:10498000843B172B7DF704AA07F68833A3F5F6734B
:10499000196807F67833D3E90023C1E9002307F645
:1049A0008833A3F5F6731B6803F1080107F5376335
:1049B000D3E90023C1E9002307F68833A3F5F67392
:1049C0001B6803F1100107F66833D3E90023C1E93E
:1049D000002307F68833A3F5F6731B6803F118016B
:1049E00007F53663D3E90023C1E9002307F68833CE
:1049F000A3F5F6731B6803F1200107F65833D3E9DA
:104A00000023C1E9002307F68833A3F5F6731B687A
:104A100003F1280107F53563D3E90023C1E9002339
:104A200007F68833A3F5F6731B6803F1300107F628
:104A30004833D3E90023C1E9002307F68833A3F5FF
:104A4000F6731B6803F1380107F53463D3E90023DB
:104A5000C1E9002307F68833A3F5F6731B6803F159
:104A6000400107F63833D3E90023C1E9002307F6F4
:104A70008833A3F5F6731B6803F1480107F5336328
:104A8000D3E90023C1E9002307F68833A3F5F673C1
:104A90001B6803F1500107F62833D3E90023C1E96D
:104AA000002307F68833A3F5F6731B6803F158015A
:104AB00007F53263D3E90023C1E9002307F6883301
:104AC000A3F5F6731B6803F1600107F61833D3E909
:104AD0000023C1E9002307F68833A3F5F6731B68AA
:104AE00003F1680107F53163D3E90023C1E900232D
:104AF00007F68833A3F5F6731B6803F1700107F618
:104B00000833D3E90023C1E9002307F68833A3F56E
:104B1000F6731B6803F1780107F53063D3E90023CE
:104B2000C1E9002307F68833A3F5F6731B6803F188
:104B3000800107F6F823D3E90023C1E9002307F633
:104B40008833A3F5F6731B6803F1880107F52F631B
:104B5000D3E90023C1E9002307F68833A3F5F673F0
:104B60001B6803F1900107F6E823D3E90023C1E9AC
:104B7000002307F68833A3F5F6731B6803F1980149
:104B800007F52E63D3E90023C1E9002307F6883334
:104B9000A3F5F6731B6803F1A00107F6D823D3E948
:104BA0000023C1E9002307F68833A3F5F6731B68D9
:104BB00003F1A80107F52D63D3E90023C1E9002320
:104BC00007F68833A3F5F6731B6803F1B00107F607
:104BD000C823D3E90023C1E9002307F68833A3F5EE
:104BE000F6731B6803F1B80107F52C63D3E90023C2
:104BF000C1E9002307F68833A3F5F6731B6803F1B8
:104C0000C00107F6B823D3E90023C1E9002300BFA0
:104C100007F68837BD46BDE8F00F70472DE9F04F25
:104C2000B9B000AFF860B9607A603B600023C7F8A4
:104C3000DC300FE0D7F8DC30DB00FA68D1184FF039
:104C400000024FF00003C1E90023D7F8DC30013344
:104C5000C7F8DC30D7F8DC30182BEBD933E0002371
:104C6000C7F8DC301EE0D7F8DC30DB007A6813448C
:104C70001846FCF701FFD7F8DC30DB00FA68134474
:104C8000D3E90023D7F8DC60F600FC68264480EA0C
:104C9000020881EA0309C6E90089D7F8DC3001334C
:104CA000C7F8DC30BB68DB08D7F8DC209A42DAD3DF
:104CB000F868FCF74BFF3A68BB68D31A3B607A6828
:104CC000BB6813447B603A68BB689A42C7D2002332
:104CD000C7F8DC300BE007F11402D7F8DC301344DE
:104CE00000221A70D7F8DC300133C7F8DC30D7F86F
:104CF000DC20BB689A42EED30023C7F8DC3010E01A
:104D00007A68D7F8DC301344197807F11402D7F821
:104D1000DC3013440A461A70D7F8DC300133C7F888
:104D2000DC30D7F8DC203B689A42E9D307F1140263
:104D3000D7F8DC30134497F808211A70BB68013BA0
:104D4000E0333B4413F8CC2CBB68013B62F07F029C
:104D5000D2B2E0333B4403F8CC2C0023C7F8DC305C
:104D60001FE0D7F8DC30DB0007F1140213441846CB
:104D7000FCF782FED7F8DC30DB00FA681344D3E995
:104D80000023D7F8DC60F600FC68264480EA020ABB
:104D900081EA030BC6E900ABD7F8DC300133C7F872
:104DA000DC30BB68DB08D7F8DC209A42D9D300BFDF
:104DB00000BFE437BD46BDE8F08F80B586B000AFD8
:104DC000F860B9607A603B6021E07868FCF7BEFE6D
:104DD00000237B610FE07B69DB00FA68D1187B69F7
:104DE000DB007A681344D3E900230846FCF781FE10
:104DF0007B6901337B613B68DB087A699A42EAD3BD
:104E0000FA683B681344FB60BB68013BBB60BB684E
:104E1000002BDAD100BF00BF1837BD4680BD80B47B
:104E200085B000AF78600023FB600CE0FB68DB001E
:104E30007A68D1184FF000024FF00003C1E9002357
:104E4000FB680133FB60FB68182BEFD97B6803F12B
:104E5000C8014FF000024FF00003C1E9002300BF7A
:104E60001437BD465DF8047B70472DE9B04FB0B0F4
:104E700000AFC7F8B400C7F8B010C7F8AC20C7F847
:104E8000A830D2E00023C7F8BC3099E0D7F8B4309E
:104E9000C833D3E90023D7F8BC100020C7F880102E
:104EA000C7F88400D7E9208941465118B9674946B7
:104EB0004B41FB674FF000024FF00003D7E91E891A
:104EC0004146CA08494642EA41724946CB08134660
:104ED000DA00D7F8B4301344D3E90089D7F8AC200E
:104EE000D7F8BC3013441B78DBB20022C7F8A030DF
:104EF000C7F8A420D7F8B430C833D3E90023D7F8D3
:104F0000BC100020C7F89010C7F89400D7F8901094
:104F100051183967D7F894104B417B673B6F03F00A
:104F20000703D900A1F12003C1F12002D7F8A400A2
:104F300000FA01F5D7F8A00000FA03F31D43D7F8F3
:104F4000A03023FA02F21543D7F8A03003FA01F497
:104F5000D7F8B430C833D3E90023D7F8BC10002009
:104F6000C7F88810C7F88C00D7F888105118C7F810
:104F70009810D7F88C104B41C7F89C304FF00002C6
:104F80004FF00003D7F89810CA08D7F89C1042EAEF
:104F90004172D7F89C10CB081346DA00D7F8B4302A
:104FA000134488EA0402BA6689EA0502FA66D7E978
:104FB0001A12C3E90012D7F8BC300133C7F8BC306D
:104FC000D7F8B430C833D3E90023D7F8B0309A1AF1
:104FD000D7F8BC309342FFF459AFD7F8B430C83398
:104FE000D3E90023D7F8B030D21AD7F8A830134449
:104FF000C7F8A830D7F8B430C833D3E90023D7F8BE
:10500000B0309A1AD7F8AC301344C7F8AC30D7F8A0
:10501000B43003F1C8014FF000024FF00003C1E9C2
:105020000023D7F8B400FCF791FDD7F8A830002290
:105030003B667A66D7F8B430C833D3E90023D7E9A2
:10504000188941468918B965494641EB0303FB6558
:10505000D7F8B03000223B657A65D7E91689434618
:10506000D7E91401024693424B460A469341BFF4E6
:1050700009AF0023C7F8BC308EE0D7F8B430C8338E
:10508000D3E90023D7F8BC100020B964F864D7E94D
:10509000124521465118396429464B417B644FF033
:1050A00000024FF00003D7E910452146CA082946FF
:1050B00042EA41722946CB081346DA00D7F8B430E9
:1050C0001344D3E90045D7F8AC20D7F8BC301344DB
:1050D0001B78DBB20022BB63FA63D7F8B430C83365
:1050E000D3E90023D7F8BC10002039637863D7E9EF
:1050F0000C8941465118B96249464B41FB62BB6A73
:1051000003F00703D900A1F12003C1F12002D7E980
:105110000E89484600FA01FB404600FA03F34BEAC9
:10512000030B434623FA02F24BEA020B434603FA0F
:1051300001FAD7F8B430C833D3E90023D7F8BC104C
:10514000002039627862D7E9088941465118B9616F
:1051500049464B41FB614FF000024FF00003D7E995
:1051600006894146CA08494642EA41724946CB0887
:105170001346DA00D7F8B430134484EA0A023A61DD
:1051800085EA0B027A61D7E90412C3E90012D7F865
:10519000BC300133C7F8BC30D7F8BC20D7F8A830F2
:1051A0009A42FFF46AAFD7F8B430C833D3E900238A
:1051B000D7F8A8100020B960F860D7F8B410C8314B
:1051C000D7E90245204610183860284643EB000016
:1051D0007860D7E90034C1E9003400BFC037BD466C
:1051E000BDE8B08F2DE9F00F8AB000AF7862396268
:1051F0001346FB777B6AC833D3E900014FF0000206
:105200004FF00003C20842EA4172CB081346DB00AC
:105210007A6A1344D3E90001C7E90001FB7F002249
:105220009A4693467B6AC833D3E90023134603F0BA
:105230000703DA00A2F12001C2F120030BFA02F504
:105240000AFA01F10D432AFA03F31D430AFA02F4A4
:105250007B6AC833D3E900014FF000024FF000032E
:10526000C20842EA4172CB081346DB007A6A134453
:10527000D7E90001024662403A610A466A407A6113
:10528000D7E90412C3E900123B6A013BDB08DB00EB
:105290007A6A1344D3E900453B6A013B03F00703F4
:1052A000D9004FF080024FF00003A1F12006C1F1B8
:1052B000200003FA01F902FA06F649EA060922FA81
:1052C00000F049EA000902FA01F83B6A013BDB08F9
:1052D000DB007A6A134484EA0802BA6085EA0902AC
:1052E000FA60D7E90212C3E900127B6A03F1C80130
:1052F0004FF000024FF00003C1E9002300BF283740
:10530000BD46BDE8F00F70472DE9B04F9EB000AF2D
:10531000F866B9667A663B6600237B676DE03B6E94
:105320000022BB64FA647B6EC833D3E90023D7E95B
:1053300012452146891A3964294661EB03037B64CF
:105340007B6F0022BB63FA63D7E910452346D7E998
:105350000E0102469B183B632B460A4653417B6372
:105360004FF000024FF00003D7E90C452146CA0870
:10537000294642EA41722946CB081346DA007B6E81
:105380001344D3E900453B6E0022BB65FA657B6E92
:10539000C833D3E90023B96D891A3965F96D61EB1A
:1053A00003037B657B6F0022BB62FA623B6DD7E92A
:1053B0000A0102469B183B627B6D0A4653417B62A1
:1053C0003B6A03F00703D900C1F12003A1F12002D9
:1053D00024FA01FA05FA03F34AEA030A25FA02F26B
:1053E0004AEA020A25FA01FBFA6E7B6F1A445FFA59
:1053F0008AF313707B6F01337B677A6FBB6E9A42BF
:1054000010D27B6F0022BB61FA617B6EC833D3E997
:105410000023D7E9064521469142294671EB030353
:10542000FFF47DAFFA6E7B6F1344FB66BA6E7B6F41
:10543000D31ABB667B6EC833D3E90023796F002093
:1054400039617861796EC831D7E904452046101A70
:10545000B860284663EB0003FB60D7E90234C1E97A
:10546000003445E0786EFCF771FB00237B6723E096
:105470007B6FDB08DB007A6E1344D3E90023796F7E
:1054800001F00701C900C1F12004A1F1200022FAB6
:1054900001F803FA04F448EA040823FA00F048EAA1
:1054A000000823FA01F9FA6E7B6F13445FFA88F261
:1054B0001A707B6F01337B677A6FBB6E9A4203D29F
:1054C0007A6F3B6E9A42D3D3FA6E7B6F1344FB66BE
:1054D000BA6E7B6FD31ABB663A6E7B6FD21A7B6E45
:1054E000C83300213A607960D7E90012C3E900129D
:1054F000BB6E002BB6D100BF00BF7837BD46BDE8FC
:10550000B08F80B582B000AF7860D0200FF072FC11
:1055100003461A467B681A607B681B68002B02D121
:105520006F200FF055FC7B681B681846FFF777FC6F
:1055300000BF0837BD4680BD80B584B000AFF860BD
:10554000B9607A60FB6818687B68BA68A821FFF7C1
:105550008CFC00BF1037BD4680BD80B582B000AF67
:1055600078607B681B681F22A8211846FFF73AFE67
:1055700000BF0837BD4680BD80B584B000AFF8607D
:10558000B9607A607B681A68A823B968F868FFF781
:10559000BBFE00BF1037BD4680BD80B582B000AFF6
:1055A00078607B681B6818460FF02CFC00BF08373A
:1055B000BD4680BD80B582B000AF7860D0200FF0CE
:1055C00019FC03461A467B681A607B681B68002B2F
:1055D00002D16F200FF0FCFB7B681B681846FFF7B9
:1055E0001EFC00BF0837BD4680BD80B584B000AF4B
:1055F000F860B9607A60FB6818687B68BA688821CF
:10560000FFF733FC00BF1037BD4680BD80B582B0C8
:1056100000AF78607B681B681F2288211846FFF75F
:10562000E1FD00BF0837BD4680BD80B584B000AF46
:10563000F860B9607A607B681A688823B968F8688E
:10564000FFF762FE00BF1037BD4680BD80B582B057
:1056500000AF78607B681B6818460FF0D3FB00BF73
:105660000837BD4680BD80B586B002AFF860B9602E
:105670007A60C8200FF0BEFB03461A46FB681A602A
:10568000FB681B68002B02D16F200FF0A1FBFB68A9
:1056900018681F2300937B68BA688821FFF7BEFA59
:1056A00000BF1037BD4680BD80B584B000AFF86044
:1056B000B9607A607B681A688823B968F868FFF770
:1056C0007CFB00BF1037BD4680BD80B582B000AF07
:1056D00078607B681B6818460FF094FB00BF0837A2
:1056E000BD4680BD80B5AAB000AFF860B9607A60F1
:1056F0003B60BB682A4AA2FB0323DB09C7F8A03042
:1057000007F114033A6879681846FFF7ACFF07F110
:1057100014031A46D7F8A010F868FFF7C5FFD7F8AA
:10572000A02013461B011344DB001A46FB681344F8
:10573000FB60D7F8A02013461B011344DB001A4678
:10574000BB689B1ABB60BB68002B20D007F114021A
:1057500007F1180301211846FFF7A6FF0023C7F839
:10576000A4300FE0FA68D7F8A430134407F1180109
:10577000D7F8A4200A4412781A70D7F8A43001335D
:10578000C7F8A430D7F8A420BB689A42EAD307F13F
:1057900014031846FFF799FF00BFA837BD4680BD28
:1057A000F1F0F0F080B483B000AF7860064BD3F82E
:1057B000802005497B681343C1F8803000BF0C3757
:1057C000BD465DF8047B70470008005880B483B084
:1057D00000AF7860054B1A6804497B6813430B607F
:1057E00000BF0C37BD465DF8047B704700080058C9
:1057F00080B483B000AF0D4B9B6A9BB27B600B4BB8
:105800009B6A9BB23B6005E03B687B60074B9B6AF1
:105810009BB23B607A683B689A42F5D13B68184678
:105820000C37BD465DF8047B704700BF0028004080
:1058300080B485B000AF03460A46FB711346BB71C6
:10584000BA791D4913465B001344DB000B44153342
:105850001B78FB73FB7B062B09D0FA7B164913469A
:105860005B001344DB000B441433FA791A70FA79A5
:10587000114913465B001344DB000B441533FA7BDC
:105880001A70FA790C4913465B001344DB000B4491
:105890001433BA791A70BA79074913465B00134476
:1058A000DB000B441533FA791A7000BF1437BD467C
:1058B0005DF8047B704700BF8003002080B485B092
:1058C00000AF03460A46FB711346BB71294B1B7898
:1058D000DBB2BA799A4232D0BA79274913465B00D3
:1058E0001344DB000B4414331B78FB73FA7B22490F
:1058F00013465B001344DB000B441533FA791A702E
:10590000FA791D4913465B001344DB000B44153341
:10591000BA791A70FA79184913465B001344DB0010
:105920000B441433FA7B1A70BA79134913465B009F
:105930001344DB000B441433FA791A7014E0FA793B
:105940000D4913465B001344DB000B441533BA7951
:105950001A70BA79084913465B001344DB000B4404
:105960001433FA791A7000BF1437BD465DF8047B12
:10597000704700BF100400208003002080B584B071
:1059800000AF0346FB714E4B1B78DBB2062B18D1E0
:105990004B4B1B78DAB24B4B1A70494AFB791370A8
:1059A000FA79494913465B001344DB000B44153375
:1059B00006221A70454B4FF0FF321A600023FB811C
:1059C00078E000F009F90346FB81FA793E49134675
:1059D0005B001344DB000B4408331968FB89FA7938
:1059E0001944394813465B001344DB000344083371
:1059F0001960FA79344913465B001344DB000B4409
:105A000008331B68BB602E4B1B78DBB219462E4A4D
:105A10000B465B000B44DB00134408331B68BA6879
:105A20009A4237D3264B1B787B737A7B26491346E1
:105A30005B001344DB000B4415331B783B7313E00E
:105A40007A7B214913465B001344DB000B4415337A
:105A50001B787B737A7B1C4913465B001344DB0085
:105A60000B4415331B783B733B7B062B0BD03A7BE7
:105A7000154913465B001344DB000B4408331B68D5
:105A8000BA689A42DCD27A7BFB7911461846FFF756
:105A9000CFFE0FE00A4B1B78DAB2FB7911461846AD
:105AA000FFF70CFF064B1B78DAB2064B1A70044A5C
:105AB000FB791370FB8918461037BD4680BD00BFC7
:105AC0001004002011040020800300201404002092
:105AD00080B485B000AF03460A46FB711346BB7124
:105AE000394B1B78DBB2FA799A4211D1364B1B78CD
:105AF000DAB2364B1A70FA79354913465B00134413
:105B0000DB000B4415331B78DAB22F4B1A703EE0E2
:105B1000FA792F4913465B001344DB000B4414331E
:105B20001B78FB73FA792A4913465B001344DB00A8
:105B30000B4415331B78BB73F979FA7B24480B4669
:105B40005B000B44DB00034415331B78D8B22049BB
:105B500013465B001344DB000B44153302461A70F6
:105B6000BB7B062B13D0F979BA7B19480B465B0037
:105B70000B44DB00034414331B78D8B2144913469A
:105B80005B001344DB000B44143302461A70FA79AD
:105B90000F4913465B001344DB000B440C33012216
:105BA0001A70094B1B78DBB2062B07D1BB79002B8F
:105BB00004D1084B4FF0FF321A6000BF00BF14370A
:105BC000BD465DF8047B70471004002011040020DE
:105BD000800300201404002080B582B000AF1A4B6F
:105BE0001B68B3F1FF3F26D0FFF702FE7860164B2B
:105BF0001B687A689A4205D8134B1A687B68D31AD7
:105C00007B600AE0114B1B881A467B68D31A3B6005
:105C10000D4B1B683A6813447B600D4B1B781A468A
:105C20007B6802FB03F37B600A4B1B781A467B6898
:105C3000D3407B6001E000237B607B689BB2184609
:105C40000837BD4680BD00BF140400201C0400209E
:105C50001A0400201904002080B582B000AF03466A
:105C6000FB80FB88002B08D1FFF7C2FD0346214AC9
:105C70001360032006F0E9FC39E0FB88012B03D810
:105C80001D4B1B78012B02D0FB88013BFB8000BF22
:105C90001A4B1B68DB6803F00403002BF8D0174B8A
:105CA0001B68DB68DAB2154B1B6862F49062DA603D
:105CB000134B4FF40022DA60032006F0D4FC114BA2
:105CC0005B691B0C1B04FA880E4913434B61FFF7F9
:105CD0008FFD0346074A1360084B1B689A68074B01
:105CE0001B6842F480629A60AFF3008000BF0837FF
:105CF000BD4680BD14040020190400206806002061
:105D0000000800580028004080B584B000AF454B23
:105D10009B6803F48063B3F5806F07D100BF424BEB
:105D20001B68DB6803F00403002BF8D13E4B1B68B3
:105D30009A683D4B1B6822F480629A603B4B1B784B
:105D4000FB73FA7B3A4913465B001344DB000B44B8
:105D500008331B68BB60FFF73FFF0346FB80FB88EF
:105D6000BA689A4205D20023BB81324B01221A70D5
:105D70004DE0FB88304A128892B213441A46BB6841
:105D8000934206D92C4B1B88BB812A4B00221A70E8
:105D90003DE0BB689AB2FB88D31ABB81254B012238
:105DA0001A7034E0FA7B224913465B001344DB008F
:105DB0000B4408331A68FB889A420AD2FA7B1C49C2
:105DC00013465B001344DB000B44083300221A60C7
:105DD00013E0FA7B164913465B001344DB000B44C7
:105DE00008331968FB88FA7BC91A114813465B000F
:105DF0001344DB00034408331960FA7B0C49134653
:105E00005B001344DB000B4415331B78FB73FB7BF7
:105E1000062BC7D1BB891846FFF71EFF00BF1037FE
:105E2000BD4680BD00280040680600201004002008
:105E300080030020180400201E04002080B58AB0D2
:105E400000AFEFF310837B617B697B6272B600BFAA
:105E5000594B1B68CA225A62574B1B6853225A621D
:105E6000554B1B689A68544B1B6822F480629A60F9
:105E7000524B1B7887F8233097F82320504913465C
:105E80005B001344DB000B440C331B78DBB2022BAA
:105E90006ED197F823204A4913465B001344DB0078
:105EA0000B441B68FB6197F82320454913465B00B0
:105EB0001344DB000B4410331B68BB61414B1B7860
:105EC000DBB2002B4CD097F823203D4913465B00F2
:105ED0001344DB000B440D331B78DBB2012B24D1C0
:105EE00097F8233001211846FFF7F2FD7B6A3B61EA
:105EF0003B6983F3108800BF97F82320304913468D
:105F00005B001344DB000B4404331A6897F823301A
:105F10001146184600F032FA274B1B68CA225A6213
:105F2000254B1B6853225A6212E07B6AFB60FB68B8
:105F300083F3108800BF97F82330184600F09AF9D1
:105F40001D4B1B68CA225A621B4B1B6853225A62A4
:105F500097F82330FA691946B86900F095FA22E0FB
:105F6000FFF7D2FE7B6ABB60BB6883F310881AE040
:105F700000BF114B1B68DB6803F00403002BF8D053
:105F80000D4B1B68DB68DAB20B4B1B6862F4906246
:105F9000DA600D4B4FF40022DA607B6A7B607B682D
:105FA00083F3108800BF044B1B68FF225A6200BFB6
:105FB0002837BD4680BD00BF6806002010040020C1
:105FC00080030020180400200008005880B588B025
:105FD00000AF03463960FB715E4B1B68CA225A62F0
:105FE0005C4B1B6853225A625B4B9B685A4A43F0D6
:105FF00020039360584B9B68DBB203F00703DBB2CE
:10600000C3F10403DAB2554B1A70534B1B6903F406
:10601000FE034FF4FE023A613A6992FAA2F2FA6084
:10602000FA687A617A69002A01D1202203E07A694C
:10603000B2FA82F2D2B2D340DBB20133DAB2484BC9
:106040001A70454B1B699BB2C3F30E039BB201331D
:106050009AB2444B1A80434B1B88013B404A12784A
:1060600002FB03F3A3F5A0733C4A1278D340BB6153
:10607000BB694FF6FE72934204D93B4B4FF6FF7259
:106080001A8003E0BB699AB2374B1A804FF40020A4
:10609000FFF79CFB4FF40020FFF784FBFB79002BFC
:1060A0003DD1324B01221A70314B4FF0FF321A6052
:1060B0000023FB770CE0FA7F2E4913465B00134464
:1060C000DB000B440C3300221A70FB7F0133FB779B
:1060D000FB7F052BEFD9284B06221A701D4B1B683E
:1060E0009A681C4B1B6822F480629A60194B1B68EB
:1060F000DB68DAB2174B1B6862F49062DA601F4B00
:106100004FF40022DA60032006F0ADFA114B1B6851
:106110009A68104B1B6842F480429A6009E00D4B6C
:106120001B68DB6803F48063002B02D0032006F0B9
:106130008CFA084B1B68FF225A62002203210320BD
:1061400006F041FA032006F058FA00BF2037BD469A
:1061500080BD00BF68060020002800401904002010
:106160001A0400201C0400201E0400201804002033
:1061700014040020800300201004002000080058B0
:1061800080B48BB000AFF860B9603B601346FB7120
:10619000002387F82630EFF31083FB61FB693B6235
:1061A00072B600BF04E097F82630013387F8263036
:1061B00097F82630052B0CD897F826202C49134643
:1061C0005B001344DB000B440C331B78DBB2002B69
:1061D000E9D197F82630062B38D097F826202449A5
:1061E00013465B001344DB000B440C3301221A708E
:1061F0003B6ABB61BB6983F3108800BF97F8262018
:106200001B4913465B001344DB000B441033FA6850
:106210001A6097F82620164913465B001344DB00EA
:106220000B440D33FA791A7097F82620104913465B
:106230005B001344DB000B443A681A60BB6897F8B4
:1062400026201A70002387F8273008E03B6A7B611C
:106250007B6983F3108800BF012387F8273097F804
:10626000273018462C37BD465DF8047B704700BFC9
:106270008003002080B586B000AF0346FB71EFF3CA
:106280001083FB60FB687B6172B600BF032006F0E1
:10629000C2F9344B1B68CA225A62324B1B68532224
:1062A0005A62FA79304913465B001344DB000B4411
:1062B0000C331B78DBB2022B42D1FB79002118464C
:1062C000FFF706FC294B1B78FB74FB7C062B2FD1B8
:1062D000274B9B6803F48063B3F5806F07D100BF41
:1062E000204B1B68DB6803F00403002BF8D11D4B27
:1062F0001B689A681B4B1B6822F480629A6000BF7F
:10630000184B1B68DB6803F00403002BF8D0154B17
:106310001B68DB68DAB2134B1B6862F49062DA60C8
:10632000144B4FF40022DA60032006F09CF907E0DA
:10633000114B1B78DBB2FA7C9A4201D0FFF7E4FCE8
:10634000084B1B68FF225A62032006F056F97B694E
:10635000BB60BB6883F3108800BF00BF1837BD4621
:1063600080BD00BF680600208003002010040020CC
:1063700000280040000800581104002080B586B0B5
:1063800000AF03463960FB71FA793B4913465B0065
:106390001344DB000B440C331B78DBB2022B03D11C
:1063A000FB791846FFF766FFEFF31083FB60FB688D
:1063B0007B6172B600BF032006F02DF92F4B1B68DE
:1063C000CA225A622D4B1B6853225A62FA792A4913
:1063D00013465B001344DB000B440C3302221A709B
:1063E000FA79254913465B001344DB000B4408335C
:1063F0003A681A60FA79204913465B001344DB00BF
:106400000B4404333A681A60FB791846FFF7B6FA72
:1064100003467B821A4B1B787B741A4B1B78DBB2CA
:106420007A7C9A4202D0FFF76FFC13E0FA791249A6
:1064300013465B001344DB000B44083319687B8A66
:10644000FA79C91A0C4813465B001344DB00034475
:1064500008331960094B1B68FF225A62032006F0BB
:10646000CCF87B69BB60BB6883F3108800BF00BFBA
:106470001837BD4680BD00BF80030020680600209D
:10648000100400201104002080B584B000AFF86033
:106490000B467A60FB727B68984700BF1037BD4699
:1064A00080BD000080B584B000AFB9607B6003465A
:1064B000FB731346BB81FB7B002B02D0022B0DD05C
:1064C00019E00F4A7B6813600E4B0F4A1A60BB89B4
:1064D0001A46B9680B4808F089FF0CE00B4A7B6844
:1064E00013600B4B0B4A1A60BB891A46B9680848FF
:1064F00008F07CFF00BF00BF1037BD4680BD00BF65
:10650000200400200005002000380140280400205D
:106510006C0400200080004080B586B000AFB960F8
:106520007B600346FB731346BB810023FB7500238E
:10653000BB75FB7B002B02D0022B0FD01DE01F4A46
:106540007B6813601E4B1F4A1A60BB891A46B968E4
:106550001B4808F097FF0346FB750EE01A4A7B685C
:1065600013601A4B1A4A1A60BB891A46B968174851
:1065700008F088FF0346FB7500BFFB7D032B17D88F
:1065800001A252F823F000BF996500089F6500083A
:10659000A5650008AB6500080023BB7509E0012371
:1065A000BB7506E00223BB7503E00323BB7500E067
:1065B00000BFBB7D18461837BD4680BD24040020AF
:1065C00000050020003801402C0400206C0400204D
:1065D0000080004080B582B000AF78607B681B68A7
:1065E0000F4A93420AD00F4A93420FD10E4B1B68B9
:1065F000002B0DD00C4B1B68984709E00B4B1B6818
:10660000002B07D0094B1B68984703E000BF02E04E
:1066100000BF00E000BF00BF0837BD4680BD00BF1F
:1066200000800040003801402004002028040020A1
:1066300080B582B000AF78607B681B680F4A9342D8
:106640000AD00F4A93420FD10E4B1B68002B0DD07E
:106650000C4B1B68984709E00B4B1B68002B07D0BD
:10666000094B1B68984703E000BF02E000BF00E051
:1066700000BF00BF0837BD4680BD00BF008000409E
:1066800000380140240400202C04002080B483B092
:1066900000AF78604FF0B043D3F8903023F0180289
:1066A0004FF0B0417B681343C1F8903000BF0C3706
:1066B000BD465DF8047B704780B485B000AF78605C
:1066C0004FF0B0439A6C4FF0B0417B6813438B643A
:1066D0004FF0B0439A6C7B681340FB60FB6800BFCF
:1066E0001437BD465DF8047B704780B485B000AFB9
:1066F00078604FF0B043DA6C4FF0B0417B681343E1
:10670000CB644FF0B043DA6C7B681340FB60FB68EE
:1067100000BF1437BD465DF8047B704780B500AFFD
:1067200005F078FDFAF772FE00F01AF800F076F83E
:1067300000F094F800F0AFF900F090F900F05AF989
:1067400000F042F900F038F900F09CF80EF028F85B
:10675000FAF7F1FBFAF768FEFBF7A7F8FCE7000091
:1067600080B59AB000AF07F12003482200211846F7
:106770000FF06CFA3B1D00221A605A609A60DA60D2
:106780001A615A619A6106F05BFD0020FFF77EFFF7
:10679000214B1B6823F4C0631F4A43F4007313604A
:1067A0001D4B1B6803F4C0633B603B6847233B629F
:1067B0004FF480337B620123BB624FF48073FB6232
:1067C0000123BB6440233B630023FB6407F12003E8
:1067D000184607F0C9F80346002B01D000F068F90D
:1067E0006F237B600223BB600023FB6000233B61BF
:1067F00000237B610023BB610023FB613B1D012162
:10680000184607F025FC0346002B01D000F050F994
:1068100000BF6837BD4680BD0004005880B594B005
:1068200000AF3B465022002118460FF00FFA4FF4FC
:1068300040533B604FF480437B640223BB641023CE
:10684000FB643B46184608F040F80346002B01D095
:1068500000F02EF900BF5037BD4680BD80B500AFB7
:10686000064B074A1A60054806F064FC0346002BF5
:1068700001D000F01DF900BF80BD00BF3004002032
:10688000000C005880B500AF224B234A1A60214B00
:106890004FF4E1325A601F4B00229A601D4B0022D8
:1068A000DA601C4B00221A611A4B0C225A61194BF8
:1068B00000229A61174B00221A62164B00225A627C
:1068C000144B00229A62134B00225A66114808F0BA
:1068D0003DFD0346002B01D000F0EAF800210D48F1
:1068E0000AF09DFD0346002B01D000F0E1F80021E5
:1068F00008480AF0D2FD0346002B01D000F0D8F87A
:1069000004480AF053FD0346002B01D000F0D0F8F4
:1069100000BF80BD6C0400200080004080B500AF47
:10692000234B244A1A60224B4FF4E1325A60204B29
:1069300000229A601E4B0022DA601D4B00221A6171
:106940001B4B0C225A611A4B00229A61184B4FF4D0
:106950000042DA61164B00221A62154B00225A627D
:10696000134B00229A62124808F0F0FC0346002BF9
:1069700001D000F09DF800210D480AF050FD0346BB
:10698000002B01D000F094F8002109480AF085FDA1
:106990000346002B01D000F08BF805480AF006FDF5
:1069A0000346002B01D000F083F800BF80BD00BF7C
:1069B000000500200038014080B400AF00BFBD4694
:1069C0005DF8047B7047000080B500AF074B084AB4
:1069D0001A60064B00225A60044808F0FDF903468D
:1069E000002B01D000F064F800BF80BD54060020E9
:1069F0000010005880B500AF164B174A1A60154BAF
:106A000000225A60134B0F229A60124B47F6FF7216
:106A1000DA60104B00221A610E4B00229A610D4B76
:106A20000022DA610B4B00225A610A4808F05FFA33
:106A30000346002B01D000F03BF80022002105485E
:106A400008F062FB0346002B01D000F031F800BFD4
:106A500080BD00BF680600200028004080B500AF60
:106A60000420FFF729FE0120FFF726FE0220FFF792
:106A700023FE00220F210E2005F0A5FD0E2005F0BB
:106A8000BCFD00220F213A2005F09DFD3A2005F0C3
:106A9000B4FD00BF80BD80B500AF0420FFF725FE28
:106AA0000120FFF722FE0220FFF71FFE00BF80BD7E
:106AB00080B400AF00BFBD465DF8047B70470000A6
:106AC0002DE9B04F88B000AF786000233B61802390
:106AD000FB6156E00023BB614DE03B6901333B6144
:106AE0002C4A3B6952F82330FB60BB697B6138E07C
:106AF000FB68DA17984691467A69FB6913449B0054
:106B00007A6813441B68DA179A4693460AFB09F21F
:106B100008FB0BF31344A8FB0A452B441D462046F3
:106B2000294602F01FFCB8607B699B007A68134419
:106B300019687A69FB6913449B007A681344BA6840
:106B40008A1A1A607B699B007A68134419687B690A
:106B50009B007A681344BA680A441A607B6901335F
:106B60007B61BA69FB6913447A699A42C0D37A6936
:106B7000FB691344BB61BB69FF2BAED9FB695B08A2
:106B8000FB61FB69002BA5D100BF00BF2037BD46CC
:106B9000BDE8B08F389101082DE9F04F91B000AFFA
:106BA000F8614AF2FA33FB624FF480733B630123CE
:106BB000BB6372E00023FB6369E03B6B013B3B631B
:106BC000514A3B6B52F823305B42BB62FB6B7B63E9
:106BD00053E07B6B9B00FA6913441B687B627A6B02
:106BE000BB6B13449B00FA69134419687B6B9A00D2
:106BF000FB691A447B6A0B4413607A6BBB6B1344CA
:106C00009B00FA69134419687A6BBB6B13449A00B2
:106C1000FB691A447B6A5B1A1360BB6ADA173B6133
:106C20007A617A6BBB6B13449B00FA6913441B684F
:106C3000DA17BB60FA60D7E904010B46BA6802FBB9
:106C400003F2FB68C7E90401396901FB03F313444C
:106C50003A69B968A2FB01AB5B449B467A6BBB6B9C
:106C600013449B00FA69D4185046594602F07AFB47
:106C7000034623607B6B01337B63FA6BBB6B13446E
:106C80007A6B9A42A5D37A6BBB6B1344FB63FB6BA5
:106C9000FF2B92D9BB6B5B00BB63BB6BFF2B89D90E
:106CA00000237B6326E0FB6ADA171D4616467B6BE2
:106CB0009B00FA6913441B68DA173B607A60D7E9D6
:106CC0000001034603FB06F20B4605FB03F31344E6
:106CD0000246A5FB02894B4499467B6B9B00FA69EF
:106CE000D4184046494602F03DFB034623607B6BC7
:106CF00001337B637B6BFF2BD5D900BF00BF4437CB
:106D0000BD46BDE8F08F00BF3891010880B586B060
:106D100000AFF860B9607A6000237B610AE0BA686E
:106D20007B691A44F9687B690B4412781A707B6995
:106D300001337B617B691F2BF1D9FB682033FB603A
:106D400000237B6111E07A6913469B0013449B0189
:106D50001A46FB6898187B699B027A6813441946A7
:106D600000F0B5FF7B6901337B617B69032BEAD9B6
:106D700000BF00BF1837BD4680BD80B586B000AFEC
:106D8000F860B9607A603B6000237B610AE0BA6812
:106D90007B691A44F9687B690B4412781A707B6925
:106DA00001337B617B691F2BF1D9FB682033FB60CA
:106DB00000237B610AE03A687B691A44F9687B69C1
:106DC0000B4412781A707B6901337B617B691F2B3E
:106DD000F1D9FB682033FB6000237B610AE07A680D
:106DE0007B691A44F9687B690B4412781A707B69D5
:106DF00001337B617B693F2BF1D9FB684033FB603A
:106E000000237B6111E07A6913465B0013445B0148
:106E10001A46FB6898187B699B027A6A13441946E4
:106E200000F070FD7B6901337B617B69032BEAD93C
:106E3000FB6803F5C073FB6000237B6111E07A6996
:106E400013465B0013445B011A46FB6898187B6984
:106E50009B02BA6A1344194600F054FD7B69013362
:106E60007B617B69032BEAD9FB6803F5C073FB6088
:106E700000237B6110E07B694FF4D07202FB03F3C7
:106E8000FA68D0187B699B023A6A1344194600F0ED
:106E9000A3FF7B6901337B617B69032BEBD900BFC7
:106EA00000BF1837BD4680BD80B586B000AFF86022
:106EB000B9607A603B6000237B610AE0BA6A7B6953
:106EC0001A44F9687B690B4412781A707B690133A4
:106ED0007B617B691F2BF1D9BB6A2033BB62002326
:106EE0007B610AE0BA6A7B691A4479687B690B4462
:106EF00012781A707B6901337B617B691F2BF1D992
:106F0000BB6A2033BB6200237B610AE0BA6A7B69FB
:106F10001A44B9687B690B4412781A707B69013393
:106F20007B617B693F2BF1D9BB6A4033BB62002395
:106F30007B6111E07B699B023A6AD0187A6913463B
:106F40005B0013445B011A46BB6A1344194600F008
:106F500094FD7B6901337B617B69032BEAD9BB6AB2
:106F600003F5C073BB6200237B6111E07B699B0268
:106F70007A6AD0187A6913465B0013445B011A469B
:106F8000BB6A1344194600F078FD7B6901337B61CD
:106F90007B69032BEAD9BB6A03F5C073BB6200238C
:106FA0007B6110E07B699B023A68D0187B694FF4E3
:106FB000D07202FB03F3BA6A1344194601F0CDF80C
:106FC0007B6901337B617B69032BEBD900BF00BF79
:106FD0001837BD4680BD80B588B000AFF860B96095
:106FE0007A603B600023FB610AE0BA68FB691A44DF
:106FF000F968FB690B4412781A70FB690133FB6175
:10700000FB691F2BF1D9FB682033FB600023FB6178
:1070100011E0FA691346DB0013449B011A46FB6832
:107020009818FB699B027A681344194601F03DFBEE
:10703000FB690133FB61FB69032BEAD9FB6803F5AC
:107040001063FB600023FB6107E0FA68FB691344EF
:1070500000221A70FB690133FB61FB69532BF4D9E1
:1070600000237B610023FB6123E00023BB6113E06D
:107070003B68FA691102BA690A4453F82230002BBE
:1070800007D07B695A1C7A61FA681344BA69D2B294
:107090001A70BB690133BB61BB69FF2BE8D9FB697F
:1070A0005033FA6813447A69D2B21A70FB6901331B
:1070B000FB61FB69032BD8D900BF00BF2037BD4659
:1070C00080BD80B584B000AF78600023FB600EE027
:1070D0007B68FA6853F82230184602F089F90146B5
:1070E0007B68FA6843F82210FB680133FB60FB6899
:1070F000FF2BEDD900BF00BF1037BD4680BD80B566
:1071000084B000AF78600023FB600EE07B68FA6813
:1071100053F82230184602F087F901467B68FA6876
:1071200043F82210FB680133FB60FB68FF2BEDD9AD
:1071300000BF00BF1037BD4680BD80B487B000AF30
:10714000F860B9607A6000237B610FE0BB687A6900
:1071500053F822207B68796953F82130D118FB68F5
:107160007A6943F822107B6901337B617B69FF2BCD
:10717000ECD900BF00BF1C37BD465DF8047B7047EB
:1071800080B487B000AFF860B9607A6000237B619B
:107190000FE0BB687A6953F822207B68796953F85D
:1071A0002130D11AFB687A6943F822107B690133D8
:1071B0007B617B69FF2BECD900BF00BF1C37BD464C
:1071C0005DF8047B704780B582B000AF78607B6863
:1071D0001846FFF775FC00BF0837BD4680BD80B577
:1071E00082B000AF78607B681846FFF7D5FC00BF1F
:1071F0000837BD4680BD2DE9B04F86B000AFF860BE
:10720000B9607A6000237B6122E0BB687A6953F839
:107210002230DA17984691467B687A6953F8223013
:10722000DA179A4693460AFB09F208FB0BF313445C
:10723000A8FB0A452B441D462046294602F092F839
:107240000146FB687A6943F822107B6901337B6150
:107250007B69FF2BD9D900BF00BF1837BD46BDE8F9
:10726000B08F80B586B000AFF860B9607A60002357
:107270007B6112E07B699B00BA68D0187B687A69F1
:1072800053F82230194602F0E3F80146FB687A69A8
:1072900043F822107B6901337B617B69FF2BE9D9BD
:1072A00000BF00BF1837BD4680BD80B586B000AFB7
:1072B000F860B9607A6000237B6112E07B699B0013
:1072C000BA68D0187B687A6953F82230194602F000
:1072D000D7F80146FB687A6943F822107B690133CD
:1072E0007B617B69FF2BE9D900BF00BF1837BD4622
:1072F00080BD80B586B000AFF860B9607A600023C9
:107300003B6100237B611BE0BB687A6953F8220074
:107310007B687A6953F82230194602F0EDF803468B
:107320001946FB687A6943F82210FB687A6953F8BA
:1073300022301A463B6913443B617B6901337B6110
:107340007B69FF2BE0D93B6918461837BD4680BDE5
:1073500080B485B000AF786039603B68164A9342CC
:1073600001DD012322E00023FB601BE07B68FA685B
:1073700053F82230DB17BB607B68FA6853F8222091
:107380007B68F96853F821305900BB680B40D31A69
:10739000BB60BA683B689A4201DB012306E0FB68E8
:1073A0000133FB60FB68FF2BE0D90023184614373C
:1073B000BD465DF8047B704700FC0F0080B489B0C7
:1073C00000AFF860B9607A603B600023BB61BB69C5
:1073D000FB612AE0BB695A1CBA617A6813441B78C6
:1073E0007B61BB695A1CBA617A6813441B781B0223
:1073F0007A6913437B61BB695A1CBA617A6813448A
:107400001B781B047A6913437B617B69C3F3160302
:107410007B617B690D4A934207D8FB695A1CFA616C
:107420009B00FA6813447A691A60FA69BB689A4249
:1074300004D2BB6903333A689A42CBD2FB6918463F
:107440002437BD465DF8047B704700BF00E07F0035
:1074500080B5ADF55C7D00AF07F55C73A3F559739E
:10746000186007F55C73A3F55A73196007F55C7330
:10747000A3F26A331A804FF45273C7F8643307F5E6
:107480005C73A3F26A331A8807F55C73A3F55A7329
:1074900007F11000196802F01EFF07F1100207F152
:1074A00014034FF452711846FEF766F807F55C7343
:1074B000A3F55973186807F11402D7F864334FF431
:1074C0008071FFF77BFFC7F8680359E0D7F86423A2
:1074D000324BA3FB021359080B465B000B44D31A33
:1074E000C7F860330023C7F86C331AE0D7F8642379
:1074F000D7F86033D21AD7F86C33134407F55C72AF
:10750000A2F55772D15C07F55C73A3F55772D7F8F3
:107510006C3313440A461A70D7F86C330133C7F83A
:107520006C33D7F86C23D7F860339A42DED307F177
:107530001402D7F86033134407F11002A82118464B
:10754000FEF71AF8D7F86033A833C7F8643307F5A5
:107550005C73A3F559731A68D7F868339B00D01889
:10756000D7F86833C3F5807107F11402D7F8643394
:10757000FFF724FF0246D7F868331344C7F868338F
:10758000D7F86833FF2BA1D907F110031846FEF78F
:1075900004F800BF07F55C77BD4680BDABAAAAAA78
:1075A00080B489B000AFF860B9607A603B600023B6
:1075B000BB61BB69FB6145E07A68BB6913441B781A
:1075C00003F00F037B61BB695A1CBA617A681344EC
:1075D0001B781B09DBB23B617B690E2B15D87B69DD
:1075E000CD2202FB03F39A0A13469B0013447A69E7
:1075F000D31A7B617B69C3F10201FB695A1CFA61F2
:107600009B00FA6813440A461A603B690E2B19D88E
:10761000FA69BB689A4215D23B69CD2202FB03F39B
:107620009A0A13469B0013443A69D31A3B613B699B
:10763000C3F10201FB695A1CFA619B00FA6813440A
:107640000A461A60FA69BB689A4203D2BA693B6873
:107650009A42B1D3FB6918462437BD465DF8047BD6
:10766000704780B5AAB000AFF860B9601346FB80E0
:107670008823C7F8A030FA8807F11403B9681846C0
:1076800002F04EFE07F1140207F118038821184694
:10769000FDF7CBFFF86807F11802D7F8A0304FF4D8
:1076A0008071FFF77DFFC7F8A4001BE007F114020B
:1076B00007F1180388211846FDF7B7FFFA68D7F8D5
:1076C000A4309B00D018D7F8A430C3F5807107F11F
:1076D00018028823FFF764FF0246D7F8A43013444A
:1076E000C7F8A430D7F8A430FF2BDFD907F1140373
:1076F0001846FDF7ABFF00BFA837BD4680BD80B57B
:10770000ADF5307D00AF07F53073A3F52D7318602C
:1077100007F53073A3F52E73196007F53073A3F2E4
:10772000BA231A8007F53073A3F2BA231A8807F533
:107730003073A3F52E7307F11400196802F0F0FD01
:1077400007F1140207F118034FF42A711846FDF7E8
:107750006CFF07F114031846FDF778FF07F11802D4
:1077600007F53073A3F52D731146186801F07CF806
:1077700000BF07F53077BD4680BD2DE9B04FAAB0F8
:1077800000AF7860396007F108031846FDF712FF73
:1077900007F10803202239681846FDF726FF07F194
:1077A00008031846FDF732FF07F1080207F10C0342
:1077B00088211846FDF739FF4FF000024FF0000313
:1077C000C7E926230023C7F8A43027E007F10C02FD
:1077D000D7F8A43013441B78DBB2002298469146B8
:1077E000D7F8A430DB00A3F12001C3F1200209FA8D
:1077F00003F508FA01F10D4328FA02F2154308FADD
:1078000003F4D7E9262342EA040A43EA050BC7E951
:1078100026ABD7F8A4300133C7F8A430D7F8A4308A
:10782000072BD3D90823C7F8A0300023C7F8A4300A
:107830000AE07B68D7F8A420002143F82210D7F88B
:10784000A4300133C7F8A430D7F8A430FF2BF0D907
:10785000D923C7F8A43047E0D7F8A030872B0AD93E
:1078600007F1080207F10C0388211846FDF7DDFE39
:107870000023C7F8A030D7F8A0305A1CC7F8A020C2
:10788000A8333B4413F89C3CC7F89430D7F89420B5
:10789000D7F8A4309A42DFD87B68D7F8942053F801
:1078A00022107B68D7F8A42043F82210D7F898302C
:1078B00003F001035B00C3F1010319467B68D7F8AD
:1078C000942043F82210D7E926014FF000024FF030
:1078D0000003420842EAC1724B08C7E92623D7F8E1
:1078E000A4300133C7F8A430D7F8A430FF2BB3D9A4
:1078F00007F108031846FDF7A9FE00BFA837BD46EB
:10790000BDE8B08F80B487B000AF786039600023E5
:107910007B61A7E07B69DA003B6853F82230DBB279
:10792000C3F10203DBB23B737B69DB005A1C3B688B
:1079300053F82230DBB2C3F10203DBB27B737B6905
:10794000DB009A1C3B6853F82230DBB2C3F1020320
:10795000DBB2BB737B69DB00DA1C3B6853F8223077
:10796000DBB2C3F10203DBB2FB737B69DB001A1DE0
:107970003B6853F82230DBB2C3F10203DBB23B7445
:107980007B69DB005A1D3B6853F82230DBB2C3F140
:107990000203DBB27B747B69DB009A1D3B6853F802
:1079A0002230DBB2C3F10203DBB2BB747B69DB00C4
:1079B000DA1D3B6853F82230DBB2C3F10203DBB2BD
:1079C000FB743B7B5AB27B7B5BB2DB005BB2134345
:1079D0005AB2BB7B5BB29B015BB2134359B27A696B
:1079E00013465B0013447A681344CAB21A70BB7B17
:1079F0009B08DBB25AB2FB7B5BB25B005BB213430A
:107A00005AB23B7C5BB21B015BB213435AB27B7C24
:107A10005BB2DB015BB2134359B27A6913465B0078
:107A2000134401337A681344CAB21A707B7C5B0832
:107A3000DBB25AB2BB7C5BB29B005BB213435AB25F
:107A4000FB7C5BB25B015BB2134359B27A691346AC
:107A50005B00134402337A681344CAB21A707B691C
:107A600001337B617B691F2B7FF654AF00BF00BFE2
:107A70001C37BD465DF8047B704780B485B000AF0D
:107A8000786039600023FB6016E1FA6813465B00FA
:107A900013443A6813441B781946FB68DA0001F076
:107AA00007017B6843F82210FA6813465B00134411
:107AB0003A6813441B78DB08DBB21946FB68DB002D
:107AC0005A1C01F007017B6843F82210FA6813463C
:107AD0005B0013443A6813441B789B09DBB21946D8
:107AE000FA6813465B00134401333A6813441B7869
:107AF0009B000B43FA68D200023203F007017B6857
:107B000043F82210FA6813465B00134401333A68C5
:107B100013441B785B08DBB21946FB68DB00DA1CF8
:107B200001F007017B6843F82210FA6813465B00F6
:107B3000134401333A6813441B781B09DBB219461E
:107B4000FB68DB001A1D01F007017B6843F8221077
:107B5000FA6813465B00134401333A6813441B78F8
:107B6000DB09DBB21946FA6813465B0013440233A3
:107B70003A6813441B785B000B43FA68D200053265
:107B800003F007017B6843F82210FA6813465B0094
:107B9000134402333A6813441B789B08DBB219463E
:107BA000FB68DB009A1D01F007017B6843F8221097
:107BB000FA6813465B00134402333A6813441B7897
:107BC0005B09DBB21946FB68DB00DA1D01F0070137
:107BD0007B6843F82210FB68DA007B6853F8223098
:107BE000FA68D200C3F102017B6843F82210FB68F7
:107BF000DB005A1C7B6853F82230FA68D20001324D
:107C0000C3F102017B6843F82210FB68DB009A1C79
:107C10007B6853F82230FA68D2000232C3F10201C5
:107C20007B6843F82210FB68DB00DA1C7B6853F8A2
:107C30002230FA68D2000332C3F102017B6843F8B4
:107C40002210FB68DB001A1D7B6853F82230FA68AB
:107C5000D2000432C3F102017B6843F82210FB68B2
:107C6000DB005A1D7B6853F82230FA68D2000532D7
:107C7000C3F102017B6843F82210FB68DB009A1D08
:107C80007B6853F82230FA68D2000632C3F1020151
:107C90007B6843F82210FB68DB00DA1D7B6853F831
:107CA0002230FA68D2000732C3F102017B6843F840
:107CB0002210FB680133FB60FB681F2B7FF6E5AEEB
:107CC00000BF00BF1437BD465DF8047B704780B429
:107CD00085B000AF786039600023FB6072E0FB681C
:107CE0009A003B6853F82210FA6813469B0013442D
:107CF0007A681344CAB21A70FB689A003B6853F85A
:107D000022301B125AB2FB689B00591C3B6853F887
:107D100021305BB29B005BB2134359B2FA68134641
:107D20009B00134401337A681344CAB21A70FB688B
:107D30009B005A1C3B6853F822309B115AB2FB68D7
:107D40009B00991C3B6853F821305BB21B015BB26E
:107D5000134359B2FA6813469B00134402337A68FE
:107D60001344CAB21A70FB689B009A1C3B6853F814
:107D700022301B115AB2FB689B00D91C3B6853F898
:107D800021305BB29B015BB2134359B2FA681346D0
:107D90009B00134403337A681344CAB21A70FB6819
:107DA0009B00DA1C3B6853F822309910FA6813469E
:107DB0009B00134404337A681344CAB21A70FB68F8
:107DC0000133FB60FB683F2B89D900BF00BF14372C
:107DD000BD465DF8047B704780B48DB000AF78601D
:107DE00039600023FB62ADE1FB6ADA003B6853F8BF
:107DF0002230C3F58053FB60FB6ADB005A1C3B68F2
:107E000053F82230C3F580533B61FB6ADB009A1CB8
:107E10003B6853F82230C3F580537B61FB6ADB007B
:107E2000DA1C3B6853F82230C3F58053BB61FB6A10
:107E3000DB001A1D3B6853F82230C3F58053FB6109
:107E4000FB6ADB005A1D3B6853F82230C3F58053B0
:107E50003B62FB6ADB009A1D3B6853F82230C3F596
:107E600080537B62FB6ADB00DA1D3B6853F82230EB
:107E7000C3F58053BB62F968FA6A13465B0013448A
:107E80009B0013447A681344CAB21A70FB68190A3B
:107E9000FA6A13465B0013449B00134401337A686B
:107EA0001344CAB21A70FA6A13465B0013449B006B
:107EB000134401337A68134418783B69DBB25B01E1
:107EC000D9B2FA6A13465B0013449B001344013392
:107ED0007A68134440EA0102D2B21A703B69D908A9
:107EE000FA6A13465B0013449B00134402337A681A
:107EF0001344CAB21A703B69D90AFA6A13465B0086
:107F000013449B00134403337A681344CAB21A70B3
:107F1000FA6A13465B0013449B00134403337A68E8
:107F2000134418787B69DBB29B00D9B2FA6A134616
:107F30005B0013449B00134403337A68134440EA04
:107F40000102D2B21A707B699909FA6A13465B0082
:107F500013449B00134404337A681344CAB21A7062
:107F6000FA6A13465B0013449B00134404337A6897
:107F700013441878BB69DBB2DB01D9B2FA6A134645
:107F80005B0013449B00134404337A68134440EAB3
:107F90000102D2B21A70BB695908FA6A13465B0033
:107FA00013449B00134405337A681344CAB21A7011
:107FB000BB69590AFA6A13465B0013449B001344D9
:107FC00006337A681344CAB21A70FA6A13465B0021
:107FD00013449B00134406337A6813441878FB69F2
:107FE000DBB21B01D9B2FA6A13465B0013449B0053
:107FF000134406337A68134440EA0102D2B21A707D
:10800000FB691909FA6A13465B0013449B00134489
:1080100007337A681344CAB21A70FB69190BFA6AFB
:1080200013465B0013449B00134408337A681344DF
:10803000CAB21A70FA6A13465B0013449B001344D9
:1080400008337A68134418783B6ADBB25B00D9B214
:10805000FA6A13465B0013449B00134408337A68A2
:10806000134440EA0102D2B21A703B6AD909FA6A93
:1080700013465B0013449B00134409337A6813448E
:10808000CAB21A70FA6A13465B0013449B00134489
:1080900009337A68134418787B6ADBB29B01D9B242
:1080A000FA6A13465B0013449B00134409337A6851
:1080B000134440EA0102D2B21A707B6A9908FA6A44
:1080C00013465B0013449B0013440A337A6813443D
:1080D000CAB21A707B6A990AFA6A13465B001344A3
:1080E0009B0013440B337A681344CAB21A70FA6ABD
:1080F00013465B0013449B0013440B337A6813440C
:108100001878BB6ADBB2DB00D9B2FA6A13465B00AF
:1081100013449B0013440B337A68134440EA010272
:10812000D2B21A70BB6A5909FA6A13465B0013444B
:108130009B0013440C337A681344CAB21A70FB6A6A
:108140000133FB62FB6A1F2B7FF64EAE00BF00BF00
:108150003437BD465DF8047B704780B485B000AF0E
:10816000786039600023FB6094E2FA6813465B0094
:1081700013449B0013443A6813441978FB68DA00EF
:108180007B6843F82210FB68DA007B6853F82230E2
:108190001946FA6813465B0013449B0013440133ED
:1081A0003A6813441B781B021943FB68DA007B68AA
:1081B00043F82210FB68DA007B6853F82230FA6833
:1081C000D200C3F30C017B6843F82210FA6813460F
:1081D0005B0013449B00134401333A6813441B783B
:1081E0005B09D9B2FB68DB005A1C7B6843F822109C
:1081F000FB68DB005A1C7B6853F822301946FA688A
:1082000013465B0013449B00134402333A68134443
:108210001B78DB001943FB68DB005A1C7B6843F8C2
:108220002210FB68DB005A1C7B6853F82230194689
:10823000FA6813465B0013449B00134403333A6807
:1082400013441B78DB021943FB68DB005A1C7B6874
:1082500043F82210FB68DB005A1C7B6853F822307D
:10826000FA68D2000132C3F30C017B6843F8221094
:10827000FA6813465B0013449B00134403333A68C7
:1082800013441B789B08D9B2FB68DB009A1C7B68FF
:1082900043F82210FB68DB009A1C7B6853F82230FD
:1082A0001946FA6813465B0013449B0013440433D9
:1082B0003A6813441B789B011943FB68DB009A1C46
:1082C0007B6843F82210FB68DB009A1C7B6853F83C
:1082D0002230FA68D2000232C3F30C017B6843F803
:1082E0002210FA6813465B0013449B0013440433C6
:1082F0003A6813441B78DB09D9B2FB68DB00DA1C4F
:108300007B6843F82210FB68DB00DA1C7B6853F8BB
:1083100022301946FA6813465B0013449B0013444D
:1083200005333A6813441B785B001943FB68DB0094
:10833000DA1C7B6843F82210FB68DB00DA1C7B68E0
:1083400053F822301946FA6813465B0013449B0029
:10835000134406333A6813441B785B021943FB68E5
:10836000DB00DA1C7B6843F82210FB68DB00DA1CB8
:108370007B6853F82230FA68D2000332C3F30C0151
:108380007B6843F82210FA6813465B0013449B0095
:10839000134406333A6813441B781B09D9B2FB68AF
:1083A000DB001A1D7B6843F82210FB68DB001A1DF6
:1083B0007B6853F822301946FA6813465B00134471
:1083C0009B00134407333A6813441B781B0119437D
:1083D000FB68DB001A1D7B6843F82210FB68DB009A
:1083E0001A1D7B6853F822301946FA6813465B0061
:1083F00013449B00134408333A6813441B781B034F
:108400001943FB68DB001A1D7B6843F82210FB68E8
:10841000DB001A1D7B6853F82230FA68D200043260
:10842000C3F30C017B6843F82210FA6813465B0023
:1084300013449B00134408333A6813441B785B08C9
:10844000D9B2FB68DB005A1D7B6843F82210FB6839
:10845000DB005A1D7B6853F822301946FA68134630
:108460005B0013449B00134409333A6813441B78A0
:10847000DB011943FB68DB005A1D7B6843F82210BF
:10848000FB68DB005A1D7B6853F82230FA68D20083
:108490000532C3F30C017B6843F82210FA681346D7
:1084A0005B0013449B00134409333A6813441B7860
:1084B0009B09D9B2FB68DB009A1D7B6843F8221048
:1084C000FB68DB009A1D7B6853F822301946FA6876
:1084D00013465B0013449B0013440A333A68134469
:1084E0001B789B001943FB68DB009A1D7B6843F8EF
:1084F0002210FB68DB009A1D7B6853F82230194676
:10850000FA6813465B0013449B0013440B333A682C
:1085100013441B789B021943FB68DB009A1D7B68A0
:1085200043F82210FB68DB009A1D7B6853F8223069
:10853000FA68D2000632C3F30C017B6843F82210BC
:10854000FA6813465B0013449B0013440B333A68EC
:1085500013441B78DB08D9B2FB68DB00DA1D7B68AB
:1085600043F82210FB68DB00DA1D7B6853F82230E9
:108570001946FA6813465B0013449B0013440C33FE
:108580003A6813441B785B011943FB68DB00DA1D72
:108590007B6843F82210FB68DB00DA1D7B6853F828
:1085A0002230FA68D2000732C3F30C017B6843F82B
:1085B0002210FB68DA007B6853F82230FA68D20098
:1085C000C3F580517B6843F82210FB68DB005A1C1E
:1085D0007B6853F82230FA68D2000132C3F580512B
:1085E0007B6843F82210FB68DB009A1C7B6853F819
:1085F0002230FA68D2000232C3F580517B6843F81A
:108600002210FB68DB00DA1C7B6853F82230FA6822
:10861000D2000332C3F580517B6843F82210FB6817
:10862000DB001A1D7B6853F82230FA68D20004324E
:10863000C3F580517B6843F82210FB68DB005A1DAC
:108640007B6853F82230FA68D2000532C3F58051B6
:108650007B6843F82210FB68DB009A1D7B6853F8A7
:108660002230FA68D2000632C3F580517B6843F8A5
:108670002210FB68DB00DA1D7B6853F82230FA68B1
:10868000D2000732C3F580517B6843F82210FB68A3
:108690000133FB60FB681F2B7FF667AD00BF00BF97
:1086A0001437BD465DF8047B704780B489B000AFD5
:1086B000786039600023FB61CBE0FB699A003B687E
:1086C00053F82230C3F50033FB60FB699B005A1C52
:1086D0003B6853F82230C3F500333B61FB699B00D4
:1086E0009A1C3B6853F82230C3F500337B61FB6969
:1086F0009B00DA1C3B6853F82230C3F50033BB61A2
:10870000F968FA691346DB0013447A681344CAB265
:108710001A70FB68190AFA691346DB001344013327
:108720007A681344CAB21A70FB68190CFA691346C6
:10873000DB00134402337A681344CAB21A70FA6930
:108740001346DB00134402337A68134418783B69FC
:10875000DBB29B00D9B2FA691346DB001344023343
:108760007A68134440EA0102D2B21A703B6999094F
:10877000FA691346DB00134403337A681344CAB220
:108780001A703B69990BFA691346DB0013440433F2
:108790007A681344CAB21A70FA691346DB001344AC
:1087A00004337A68134418787B69DBB21B01D9B2B1
:1087B000FA691346DB00134404337A68134440EA31
:1087C0000102D2B21A707B691909FA691346DB00FB
:1087D000134405337A681344CAB21A707B69190BC3
:1087E000FA691346DB00134406337A681344CAB2AD
:1087F0001A70FA691346DB00134406337A6813448F
:108800001878BB69DBB29B01D9B2FA691346DB0069
:10881000134406337A68134440EA0102D2B21A7054
:10882000BB699908FA691346DB00134407337A6879
:108830001344CAB21A70BB69990AFA691346DB007D
:10884000134408337A681344CAB21A70FB690133BF
:10885000FB61FB693F2B7FF630AF00BF00BF2437C1
:10886000BD465DF8047B704780B485B000AF78608A
:1088700039600023FB605EE1FA681346DB001344B5
:108880003A6813441978FB689A007B6843F8221011
:10889000FB689A007B6853F822301946FA68134641
:1088A000DB00134401333A6813441B781B0219435D
:1088B000FB689A007B6843F82210FB689A007B688B
:1088C00053F822301946FA681346DB00134402338A
:1088D0003A6813441B781B041943FB689A007B68B1
:1088E00043F82210FB689A007B6853F82230FA683C
:1088F0009200C3F311017B6843F82210FA68134613
:10890000DB00134402333A6813441B789B08D9B246
:10891000FB689B005A1C7B6843F82210FB689B0095
:108920005A1C7B6853F822301946FA681346DB005C
:10893000134403333A6813441B789B011943FB68C3
:108940009B005A1C7B6843F82210FB689B005A1C52
:108950007B6853F822301946FA681346DB0013444B
:1089600004333A6813441B789B031943FB689B004C
:108970005A1C7B6843F82210FB689B005A1C7B68DA
:1089800053F82230FA6892000132C3F311017B6878
:1089900043F82210FA681346DB00134404333A68A4
:1089A00013441B781B09D9B2FB689B009A1C7B6897
:1089B00043F82210FB689B009A1C7B6853F8223016
:1089C0001946FA681346DB00134405333A6813442A
:1089D0001B781B011943FB689B009A1C7B6843F8BA
:1089E0002210FB689B009A1C7B6853F822301946C2
:1089F000FA681346DB00134406333A6813441B78C5
:108A00001B031943FB689B009A1C7B6843F82210E8
:108A1000FB689B009A1C7B6853F82230FA6892002E
:108A20000232C3F311017B6843F82210FA6813463F
:108A3000DB00134406333A6813441B789B09D9B210
:108A4000FB689B00DA1C7B6843F82210FB689B00E4
:108A5000DA1C7B6853F822301946FA681346DB00AB
:108A6000134407333A6813441B789B001943FB688F
:108A70009B00DA1C7B6843F82210FB689B00DA1C21
:108A80007B6853F822301946FA681346DB0013441A
:108A900008333A6813441B789B021943FB689B0018
:108AA000DA1C7B6843F82210FB689B00DA1C7B68A9
:108AB00053F82230FA6892000332C3F311017B6845
:108AC00043F82210FB689A007B6853F82230FA685A
:108AD0009200C3F500317B6843F82210FB689B00CD
:108AE0005A1C7B6853F82230FA6892000132C3F5B1
:108AF00000317B6843F82210FB689B009A1C7B685E
:108B000053F82230FA6892000232C3F500317B68D4
:108B100043F82210FB689B00DA1C7B6853F8223074
:108B2000FA6892000332C3F500317B6843F82210E3
:108B3000FB680133FB60FB683F2B7FF69DAE00BFF7
:108B400000BF1437BD465DF8047B704780B485B024
:108B500000AF786039600023FB6081E0FB689A0019
:108B60003B6853F82210FA6813465B0013447A6896
:108B70001344CAB21A70FA6813465B0013447A6849
:108B800013441878FB689B005A1C3B6853F822304A
:108B9000DBB29B01D9B2FA6813465B0013447A68D2
:108BA000134440EA0102D2B21A70FB689B005A1CBF
:108BB0003B6853F822309910FA6813465B0013445F
:108BC00001337A681344CAB21A70FA6813465B001C
:108BD000134401337A6813441878FB689B009A1C8D
:108BE0003B6853F82230DBB21B01D9B2FA68134656
:108BF0005B00134401337A68134440EA0102D2B2A5
:108C00001A70FB689B009A1C3B6853F822301911BC
:108C1000FA6813465B00134402337A681344CAB2FD
:108C20001A70FA6813465B00134402337A681344DF
:108C30001878FB689B00DA1C3B6853F82230DBB2E3
:108C40009B00D9B2FA6813465B00134402337A687A
:108C5000134440EA0102D2B21A70FB680133FB6090
:108C6000FB683F2B7FF67AAF00BF00BF1437BD46CD
:108C70005DF8047B704780B584B000AF78603960E0
:108C80000023FB601EE00023BB6015E0FB681B03B4
:108C90007A681A44BB689B02D018FB689BB21B021F
:108CA0009AB2BB689BB213449BB21A463968FEF76E
:108CB000CFFBBB680133BB60BB68032BE6D9FB6805
:108CC0000133FB60FB68032BDDD900BF00BF103709
:108CD000BD4680BD80B586B000AFF860B9607A60EF
:108CE00000237B610EE07B699B02FA68D0187B69E8
:108CF0001B03BA6813447A68194600F0DDF87B69F3
:108D000001337B617B69032BEDD900BF00BF1837AE
:108D1000BD4680BD80B586B000AFF860B96013462F
:108D2000FB8000237B610DE07B699B02FA68D01811
:108D3000FB885A1CFA801A46B968FEF792FC7B69D8
:108D400001337B617B69032BEED900BF00BF18376D
:108D5000BD4680BD80B586B000AFF860B9601346EF
:108D6000FB8000237B6111E07B699B02FA68D018CD
:108D7000FB889B009AB27B699BB213449BB21A4654
:108D8000B968FEF7BCFC7B6901337B617B69032B0F
:108D9000EAD900BF00BF1837BD4680BD80B584B09A
:108DA00000AF78600023FB6009E0FB689B027A68F3
:108DB00013441846FEF785F9FB680133FB60FB6836
:108DC000032BF2D900BF00BF1037BD4680BD80B570
:108DD00086B000AFF860B9607A6000237B6111E073
:108DE0007B699B02FA68D0187B699B02BA68D1182C
:108DF0007B699B027A6813441A46FEF79EF97B69E9
:108E000001337B617B69032BEAD900BF00BF1837B0
:108E1000BD4680BD80B584B000AF78600023FB60A4
:108E200009E0FB689B027A6813441846FEF7CBF909
:108E3000FB680133FB60FB68032BF2D900BF00BF66
:108E40001037BD4680BD80B584B000AF7860002388
:108E5000FB6009E0FB689B027A6813441846FEF742
:108E6000BEF9FB680133FB60FB68032BF2D900BF3E
:108E700000BF1037BD4680BD80B586B000AFF8603A
:108E8000B9607A6000237B610EE07B699B02FA681F
:108E9000D0187B699B027A6813441A46B968FEF7BA
:108EA000AAF97B6901337B617B69032BEDD900BF94
:108EB00000BF1837BD4680BD80B5ADF5836D00AFEE
:108EC00007F58363A3F20C43186007F58363A3F5EA
:108ED0008263196007F58363A3F214431A6007F5F0
:108EE0008363A3F58263196807F58363A3F21443D0
:108EF0001A6807F58363A3F20C431868FEF77BF941
:108F00000123C7F8143429E007F58363A3F58262CF
:108F1000D7F814349B021268D11807F58363A3F2C3
:108F20001442D7F814349B0212681A4407F1140350
:108F30001846FEF760F907F1140207F58363A3F200
:108F40000C4107F58363A3F20C4309681868FEF728
:108F5000F4F8D7F814340133C7F81434D7F81434BC
:108F6000032BD1D900BF00BF07F58367BD4680BD85
:108F700080B584B000AF786039600023FB600FE0FB
:108F8000FB689B027A68134439681846FEF7E0F9DB
:108F90000346002B01D0012306E0FB680133FB6090
:108FA000FB68032BECD9002318461037BD4680BD63
:108FB00080B586B000AFF860B9601346FB8000232F
:108FC0007B610DE07B699B02FA68D018FB885A1C14
:108FD000FA801A46B968FEF744FB7B6901337B616E
:108FE0007B69032BEED900BF00BF1837BD4680BD9B
:108FF00080B584B000AF78600023FB6009E0FB68B7
:109000009B027A6813441846FEF75BF8FB6801334D
:10901000FB60FB68032BF2D900BF00BF1037BD46D1
:1090200080BD80B584B000AF78600023FB6009E0AC
:10903000FB689B027A6813441846FEF760F8FB68E9
:109040000133FB60FB68032BF2D900BF00BF103770
:10905000BD4680BD80B586B000AFF860B9607A606B
:1090600000237B6111E07B699B02FA68D0187B6961
:109070009B02BA68D1187B699B027A6813441A462E
:10908000FEF75BF87B6901337B617B69032BEAD9CF
:1090900000BF00BF1837BD4680BD80B586B000AFA9
:1090A000F860B9607A6000237B6111E07B699B0204
:1090B000FA68D0187B699B02BA68D1187B699B0259
:1090C0007A6813441A46FEF75BF87B6901337B61CB
:1090D0007B69032BEAD900BF00BF1837BD4680BDAE
:1090E00080B584B000AF78600023FB6009E0FB68C6
:1090F0009B027A6813441846FEF765F8FB68013353
:10910000FB60FB68032BF2D900BF00BF1037BD46E0
:1091100080BD80B584B000AF78600023FB6009E0BB
:10912000FB689B027A6813441846FEF758F8FB6800
:109130000133FB60FB68032BF2D900BF00BF10377F
:10914000BD4680BD80B586B000AFF860B9607A607A
:1091500000237B610EE07B699B02FA68D0187B6973
:109160009B027A6813441A46B968FEF744F87B6993
:1091700001337B617B69032BEDD900BF00BF18373A
:10918000BD4680BD80B584B000AF786039600023F3
:10919000FB600FE0FB689B027A681344396818464D
:1091A000FEF7D6F80346002B01D0012306E0FB684A
:1091B0000133FB60FB68032BECD900231846103702
:1091C000BD4680BD80B586B000AFF860B9607A60FA
:1091D00000237B6111E07B699B02FA68D0187B69F0
:1091E0009B02BA68D1187B699B027A6813441A46BD
:1091F000FEF737F87B6901337B617B69032BEAD982
:1092000000BF00BF1837BD4680BD80B586B000AF37
:10921000F860B9607A6000237B6111E07B699B0292
:10922000FA68D0187B699B02BA68D1187B699B02E7
:109230007A6813441A46FEF738F87B6901337B617C
:109240007B69032BEAD900BF00BF1837BD4680BD3C
:1092500080B586B000AFF860B9607A6000233B61EA
:1092600000237B6115E07B699B02FA68D0187B695B
:109270009B02BA68D1187B699B027A6813441A462C
:10928000FEF737F802463B6913443B617B690133C3
:109290007B617B69032BE6D93B6918461837BD46CD
:1092A00080BD80B584B000AF786039600023FB607A
:1092B00011E0FA6813465B0013449B011A467B6871
:1092C0009818FB689B023A6813441946FFF73EFC66
:1092D000FB680133FB60FB68032BEAD900BF00BFCA
:1092E0001037BD4680BD000080B586B000AF786005
:1092F00039602CE007F10C031946194805F0A1FD6F
:109300000346002B02D04FF0FF3324E03B68042BD0
:1093100028BF04233B6100237B610CE0FA687B6972
:10932000DB0022FA03F17A687B691344CAB21A702F
:109330007B6901337B617A693B699A42EED37A6833
:109340003B6913447B603A683B69D31A3B603B68D6
:10935000002BCFD1002318461837BD4680BD00BF73
:10936000540600202DE9F00F86B000AFC7E90201D6
:10937000B8680146C900091A890201444903014439
:1093800079617969C8170C460546C7E900454FF071
:1093900000004FF00001A90241EA9451A0023E688A
:1093A000321A7E6866EB01034FF000004FF00001B7
:1093B000590341EAD241500302460B46B2EB040A7C
:1093C00063EB050BD7E902231AEB02084BEB030909
:1093D0004FF000024FF000034A464FEAE97313468C
:1093E0007B617B6918461837BD46BDE8F00F7047B2
:1093F00080B485B000AF78607B6803F58003DB152F
:10940000FB60FA6813465B029B1A9B0213445B03E2
:109410009B1A7A681344FB60FB6818461437BD46F4
:109420005DF8047B7047000080B483B000AF7860C3
:109430007B68DA17054B13407A6813447B607B68BE
:1094400018460C37BD465DF8047B704701E07F008D
:1094500080B485B000AF786039603B6803F6FF7375
:109460005B13FB60FB685B033A68D21A7B681A6087
:10947000FB6818461437BD465DF8047B7047000052
:1094800080B485B000AF786039603B687F33DB1112
:10949000FB60FB6842F60B4202FB03F303F500039B
:1094A0001B16FB60FB68C3F12B03DB17DB43FA6879
:1094B0001340FB60FB680E4A03FB02F23B681A4450
:1094C0007B681A607B681A687B681B68C3F57F132A
:1094D00003F54053D917074B0B40D21A7B681A602B
:1094E000FB6818461437BD465DF8047B704700BF23
:1094F0000018FDFF01E07F0080B483B000AF78600A
:1095000039607B68B3F5BA3F0ADC7B6813F5BA3F74
:1095100006DB7B6813F5BA3F04D13B68002B01D012
:10952000012300E0002318460C37BD465DF8047B9C
:10953000704780B5ADF5104DBAB004AF07F1D80350
:1095400043F8D40C07F1D80343F8D81C07F51043AF
:1095500003F14C0320211846FFF7C6FE042307F54C
:10956000104202F16C021370042307F5104202F15D
:109570006D02137007F5104202F14C0207F510401E
:1095800000F14C0022238021FCF7ACF807F51043D2
:1095900003F14C0307F5104202F1D402136007F502
:1095A000104303F1D4031B68203307F5104202F186
:1095B000D002136007F5104303F1D0031B6840335A
:1095C00007F5104202F1CC02136007F5A04303F146
:1095D00058034C3B07F5104202F1D40211681846BB
:1095E000FFF749FB07F5804303F158034C3B00228A
:1095F00007F5104101F1D00109681846FFF78AFB11
:1096000007F5015303F118034C3B042207F5104101
:1096100001F1D00109681846FFF7CAFC07F543536A
:1096200003F1180307F5814202F15802CC3BA2F185
:10963000CC014FF4805218460CF097FB07F54153CC
:1096400003F118034C3B1846FFF7E4FB07F54152C2
:1096500002F118024C3A07F5A04101F158014C39CA
:1096600007F5865303F11803CC3B1846FFF732FB8E
:1096700007F5865303F11803CC3B1846FFF7B8FCF7
:1096800007F5865303F11803CC3B1846FFF741FD5D
:1096900007F5015202F118024C3A07F5865101F123
:1096A0001801CC3907F5865303F11803CC3B184653
:1096B000FFF7D0FC07F5865303F11803CC3B18469F
:1096C000FFF7AFFC07F5865202F11802CC3A07F11A
:1096D000D801CC3907F5865303F11803CC3B184663
:1096E000FFF770FD07F5865303F11803CC3B07F134
:1096F000D80210461A4607F5104303F1D40319683F
:1097000050F8D40CFDF702FB07F1D8031A4607F511
:10971000104000F10C004FF4A46352F8D42C402107
:10972000FBF7E0FF07F5104202F10C0207F1D80346
:10973000184607F5015303F118034C3B029307F554
:10974000804303F158034C3B019307F1D803CC3B12
:10975000009307F5104303F1CC031B6807F5104194
:1097600001F1D401096850F8D80CFDF706FB00237D
:10977000184607F51047D837BD4680BD90B5ADF502
:10978000454D9BB004AF07F5AB64A4F24C54206088
:1097900007F5AB60A0F5AA60016007F5AB61A1F227
:1097A00054510A6007F5AB62A2F5AB621360002367
:1097B00007F5454202F15602138007F5454303F1D0
:1097C0006C031B68FF2B02D94FF0FF33C1E207F592
:1097D000444303F1180307F5454202F150021360B8
:1097E00007F5454303F150031B68203307F5454255
:1097F00002F14C02136007F5454303F14C031B686B
:10980000403307F5454202F14802136007F545432E
:1098100003F148031B68203307F5454202F1440277
:10982000136007F5454303F144031B68203307F534
:10983000454202F14002136007F5454303F140033E
:109840001B68403307F5454202F13C02136007F5FF
:10985000884202F15802403A07F5454303F170038C
:109860001B68029307F5515303F11803403B019322
:1098700007F5E84303F15803403B0093134607F50F
:10988000454202F14802126807F5454101F14C01D9
:10989000096807F5454000F150000068FDF704FB3A
:1098A00007F5454303F140031B6800221A7007F5D2
:1098B000454303F140031B68013307F5454202F1BC
:1098C0006C021268D2B21A7007F15803443B184672
:1098D000FBF770FE07F15803443B402207F5454172
:1098E00001F14C0109681846FBF77FFE07F15803A8
:1098F000443B022207F5454101F140010968184641
:10990000FBF773FE07F15803443B07F5454202F1AC
:109910006C02126807F5454101F1680109681846B3
:10992000FBF763FE07F5AB63A3F5AB6207F5AB632B
:10993000A3F2545107F15803443B126809681846D2
:10994000FBF753FE07F15803443B1846FBF75EFE56
:1099500007F15803443B1A46402107F5454303F1FC
:1099600040031868FBF761FE07F15803443B1846B3
:10997000FBF76CFE202107F5454303F1440318680B
:10998000FFF7B2FC802307F5454202F14802126856
:10999000402107F5454000F13C000068FBF7A2FEBE
:1099A00007F5044303F15803403B07F5454202F134
:1099B000500211681846FFF75EF907F5E84303F116
:1099C0005803403B1846FFF725FA07F5515303F1BA
:1099D0001803403B1846FFF783FB07F5884303F164
:1099E0005803403B1846FFF77BFB06E000BF04E04E
:1099F00000BF02E000BF00E000BF07F5454303F1F0
:109A000056031A88531C07F5454101F156010B8096
:109A100007F5C84303F15803403B07F5454101F101
:109A20003C0109681846FFF795F907F5AA4303F1C9
:109A30005803A3F5A07207F5CA4303F15803A3F531
:109A4000A073104619464FF480531A460CF08DF956
:109A500007F5A84303F15803403B1846FFF7DAF92E
:109A600007F5A84202F15802403A07F5044101F116
:109A70005801403907F5115303F11803403B1846CC
:109A8000FFF728F907F5115303F11803403B184677
:109A9000FFF7AEFA07F5115303F11803403B1846E0
:109AA000FFF737FB07F5115303F11803403B184646
:109AB000FFF7B7FA07F5115202F11802403A07F51D
:109AC000A25101F11801403907F5115303F11803B0
:109AD000403B1846FFF799FB07F5115303F11803B4
:109AE000403B07F5AB62A2F24C5219461068FFF7F3
:109AF000D8FB07F15803443B1846FBF75BFD07F121
:109B00005803443B402207F5454101F140010968F3
:109B10001846FBF76AFD07F5AB63A3F24C5107F15A
:109B20005803443B4FF4407209681846FBF75DFD4B
:109B300007F15803443B1846FBF768FD07F158034B
:109B4000443B07F5AB62A2F24C501A462021006854
:109B5000FBF76BFD07F15803443B1846FBF776FD16
:109B600007F5AB63A3F24C5207F15803403B116871
:109B70001846FDF702FE07F15803403B1846FDF773
:109B800022FB07F5E84202F15802403A07F158017A
:109B9000403907F5A84303F15803403B1846FFF747
:109BA0006BF907F5A84303F15803403B1846FFF74C
:109BB0004AF907F5C84202F15802403A07F5A841B0
:109BC00001F15801403907F5A84303F15803403B20
:109BD0001846FFF7FCF807F5A84303F15803403B8C
:109BE0001846FFF7DBF807F5A84303F15803403B9D
:109BF0005B491846FFF7BCF90346002B7FF4F6AE2D
:109C000007F5515202F11802403A07F15801403964
:109C100007F58B63403B1846FFF794FA07F58B6313
:109C2000403B1846FFF775FA07F58B62403A07F597
:109C3000A25101F11801403907F5A25303F11803AD
:109C4000403B1846FFF729FA07F5A25303F1180322
:109C5000403B1846FFF7CCF907F5A25303F1180370
:109C6000403B40491846FFF78DFA0346002B7FF42E
:109C7000BFAE07F5884202F15802403A07F1580199
:109C8000403907F58B63403B1846FFF75BFA07F551
:109C90008B63403B1846FFF73CFA07F58B63403B6C
:109CA0001846FFF7A5F907F58B63403B4FF4BA312F
:109CB0001846FFF767FA0346002B7FF49BAE07F5C3
:109CC0008B62403A07F5A25101F11801403907F5BE
:109CD000A25303F11803403B1846FFF7BBF907F501
:109CE000115202F11802403A07F5A25101F1180190
:109CF000403907F58B63403B1846FFF7A9FA07F593
:109D0000454303F13803186007F5454303F1380371
:109D10001B68502B3FF670AE07F58B63403B07F591
:109D2000A84202F15802403A07F5AB61A1F24C514A
:109D300007F5AB60A0F24C5009680068FDF74BF9DD
:109D400007F5AB63A3F5AA631B6840F674121A60AB
:109D50000023184607F545475C37BD4690BD00BF58
:109D6000B2FF0100B273010080B588B004AFF860A3
:109D7000B9607A603B60BB690293002301930023C2
:109D800000933B687A68B968F868FFF7F7FC034608
:109D900018461037BD4680BD80B400AF4FF0B043C9
:109DA000D3F890304FF0B04243F40043C2F8903003
:109DB00000BFBD465DF8047B704780B485B000AF3E
:109DC00078604FF0B043DA6C4FF0B0417B681343DA
:109DD000CB644FF0B043DA6C7B681340FB60FB68E8
:109DE00000BF1437BD465DF8047B704780B485B072
:109DF00000AF78604FF0B0431A6D4FF0B0417B6810
:109E000013430B654FF0B0431A6D7B681340FB6042
:109E1000FB6800BF1437BD465DF8047B704780B413
:109E200085B000AF78604FF0B0439A6D4FF0B0410D
:109E30007B6813438B654FF0B0439A6D7B6813408A
:109E4000FB60FB6800BF1437BD465DF8047B7047BC
:109E500080B485B000AF78604FF0B043DA6D4FF05A
:109E6000B0417B681343CB654FF0B043DA6D7B683C
:109E70001340FB60FB6800BF1437BD465DF8047BF0
:109E8000704780B485B000AF78604FF0B0431A6E71
:109E90004FF0B0417B6813430B664FF0B0431A6E2E
:109EA0007B681340FB60FB6800BF1437BD465DF85C
:109EB000047B704780B500AF4FF40020FFF796FF9A
:109EC000002200212E2002F07EFB2E2002F095FBC6
:109ED00000BF80BD80B582B000AF78607B681B6832
:109EE0000D4A934213D14FF48010FFF77FFF0022F9
:109EF00000212C2002F067FB2C2002F07EFB0022C8
:109F000000212D2002F05FFB2D2002F076FB00BF28
:109F10000837BD4680BD00BF000C005880B5A0B01A
:109F200000AF786007F16C0300221A605A609A60F3
:109F3000DA601A6107F10C035022002118460BF079
:109F400085FE7B681B68684A93426ED10223FB60E2
:109F50000023BB6207F10C03184604F0B6FC03466D
:109F6000002B01D0FCF7A4FD0120FFF771FF0120B9
:109F7000FFF723FF0C23FB6602233B6700237B676D
:109F80000323BB670823FB6707F16C0319464FF0F7
:109F9000904002F00BFF554B554A1A60534B11226B
:109FA0005A60524B10229A60504B0022DA604F4B9D
:109FB00080221A614D4B00225A614C4B00229A615B
:109FC0004A4B0022DA61494B00221A62474802F0EC
:109FD00059FB0346002B01D0FCF76AFD4FF0885374
:109FE000FB6500233B66002387F86430002387F875
:109FF00065300123BB6607F15C0319463B4802F05C
:10A0000073FE0346002B01D0FCF752FD7B68374AF4
:10A01000DA67364A7B68936200220021252002F02D
:10A02000D2FA252002F0E9FA5AE07B681B68314A2F
:10A03000934255D10123FB6000237B6207F10C039F
:10A04000184604F042FC0346002B01D0FCF730FD1B
:10A050004FF48040FFF715FF0220FFF7AEFEC0234C
:10A06000FB6602233B6701237B670323BB67072350
:10A07000FB6707F16C0319461F4802F097FE1F4B60
:10A080001F4A1A601D4B0F225A601C4B10229A6007
:10A090001A4B0022DA60194B80221A61174B0022FA
:10A0A0005A61164B00229A61144B0022DA61134B5D
:10A0B00000221A62114802F0E5FA0346002B01D093
:10A0C000FCF7F6FC7B680D4ADA670C4A7B68936202
:10A0D00000220021242002F076FA242002F08DFADA
:10A0E00000BF8037BD4680BD008000409405002041
:10A0F000440002400038014000040048F4050020FC
:10A100004404024080B596B000AF786007F10803C0
:10A110005022002118460BF099FD7B681B680D4A00
:10A12000934213D14FF40073BB604FF080533B64F4
:10A1300007F10803184604F0C8FB0346002B01D0C2
:10A14000FCF7B6FC4FF48020FFF750FE00BF5837F5
:10A15000BD4680BD0010005880B596B000AF786055
:10A1600007F108035022002118460BF06FFD7B68B1
:10A170001B68144A934220D14FF40063BB604FF434
:10A180008073BB6407F10803184604F09EFB034686
:10A19000002B01D0FCF78CFCFFF7FEFD4FF4806034
:10A1A000FFF73DFE00220021032002F00CFA0320FD
:10A1B00002F023FA786805F073F800BF5837BD46FF
:10A1C00080BD00BF0028004080B400AF00BFBD4686
:10A1D0005DF8047B704780B400AF00BFFDE780B43A
:10A1E00000AF00BFFDE780B400AF00BFFDE780B463
:10A1F00000AF00BFFDE780B400AF00BFBD465DF813
:10A20000047B704780B400AF00BFBD465DF8047B9F
:10A21000704780B400AF00BFBD465DF8047B704757
:10A2200080B500AF02F050F800BF80BD80B500AF30
:10A23000FBF704FE00BF80BD80B500AF024802F00E
:10A2400002FC00BF80BD00BF9405002080B500AFB8
:10A25000024805F097F900BF80BD00BF000500204F
:10A2600080B500AF024805F08DF900BF80BD00BF8A
:10A270006C04002080B500AF01F06EFC00BF80BD13
:10A2800080B500AF01F09EFC00BF80BD80B500AF7F
:10A2900002F02CFF00BF80BD80B500AF024802F085
:10A2A000D2FB00BF80BD00BFF405002080B500AF29
:10A2B000102002F003FF00BF80BD80B500AF012079
:10A2C00002F0FCFE00BF80BD80B500AF022002F0AE
:10A2D000F5FE00BF80BD80B586B000AFF860B96004
:10A2E0001346FB80FB88DBB23B75FB881B0A9BB2E5
:10A2F000DBB27B75F868FBF704F92022B968F868CF
:10A30000FBF71AF907F1140302221946F868FBF764
:10A3100013F9F868FBF721F900BF1837BD4680BD77
:10A3200080B586B000AFF860B9601346FB80FB884B
:10A33000DBB23B75FB881B0A9BB2DBB27B75F8680E
:10A34000FBF738F94022B968F868FBF74EF907F1D6
:10A35000140302221946F868FBF747F9F868FBF77F
:10A3600055F900BF1837BD4680BD80B400AF01234A
:10A370001846BD465DF8047B704780B582B000AFDB
:10A38000786039600BF0C4FC034616221A604FF067
:10A39000FF3318460837BD4680BD80B582B000AF98
:10A3A00078604FF0FF317868FFF7E7FF00BFFDE707
:10A3B00080B586B000AFF860B9607A6000237B6139
:10A3C0000AE0AFF300800146BB685A1CBA60CAB20B
:10A3D0001A707B6901337B617A697B689A42F0DB92
:10A3E0007B6818461837BD4680BD80B483B000AF87
:10A3F00078604FF0FF3318460C37BD465DF8047B9C
:10A40000704780B483B000AF786039603B684FF428
:10A4100000525A60002318460C37BD465DF8047B95
:10A42000704780B483B000AF7860012318460C37C2
:10A43000BD465DF8047B704780B485B000AFF8601E
:10A44000B9607A60002318461437BD465DF8047B76
:10A450007047000080B586B000AF7860144A154B95
:10A46000D31A7B617B693B61134B1B68002B02D1C4
:10A47000114B124A1A60104B1A687B6813443A69F0
:10A480009A4207D20BF044FC03460C221A604FF0AC
:10A49000FF3309E0084B1B68FB60074B1A687B68B9
:10A4A0001344054A1360FB6818461837BD4680BD43
:10A4B00000000320002000008C06002060320020F5
:10A4C00080B400AF034B1B681846BD465DF8047BA3
:10A4D000704700BF8075FF1F80B400AF034B1B683F
:10A4E000DBB21846BD465DF8047B70478475FF1FDC
:10A4F00080B400AF034B1B681B0A1846BD465DF8CD
:10A50000047B70478475FF1F80B592B000AF922323
:10A5100087F847303B464322002118460BF096FB54
:10A520004423BB820823FB824FF4A8633B830223AE
:10A53000BB760123FB761C233B773C237B77FB23F5
:10A54000FB834FF4FA733B844FF0FF337B624FF48D
:10A55000A4733B85012387F82A30202387F82D3008
:10A56000D82387F82E30062387F82F30032387F867
:10A57000313040F272637B860D2387F83830042334
:10A5800087F83A3000F01AFB012102200AF0D8F8CF
:10A59000364A002104200AF0CFFA3B46184608F05C
:10A5A00067FE034687F8463097F84630002B08D000
:10A5B00097F8463019462E480BF0FAF9FCF778FA6E
:10A5C00002E02C480BF0F4F900F00EFB09F0ACFDB2
:10A5D000294B002283F87420274B4FF6FF729A8193
:10A5E000264A002101200AF0A7FA254A002102206C
:10A5F0000AF0A2FA062008F065F8034687F847300B
:10A6000097F84730002B06D097F8473019461D4879
:10A610000BF0CEF902E01C480BF0CAF91B4B0022EC
:10A620001A701B4B01221A7001F000F8194B00221E
:10A6300019490020FBF7A4FD184B002218490020FF
:10A64000FBF79EFD0C4B0022DA730B4B00229A7332
:10A65000144B80221A80144BA0221A80012000F093
:10A6600065FC00BF4837BD4680BD00BF8D2C01088A
:10A67000587C0108907C0108980600200DB1000864
:10A6800055B20008B87C0108FC7C010818070020BE
:10A69000190700206DB100080D0700207DB10008EA
:10A6A0000E0700201007002012070020B0B590B060
:10A6B00004AF7860922387F82F307B680133BB6248
:10A6C000BB6A1B78FF2B00F02081FF2B00F32C824C
:10A6D000052B02D03E2B2ED026E2BB6A0233FB6054
:10A6E000FB68B3F801309AB2AD4B9B899A4214D102
:10A6F000AB4B00229A81AA4B002283F87420A94810
:10A700000BF0C6F9FB68B3F801309BB21946FB6841
:10A71000DB781A46A4480BF04BF9012000F006FC48
:10A72000A24B01221A709E4B9A89A04B5A809F48D7
:10A7300000F068FFFBE1BB6A0233FB61FB691B7839
:10A740000C2B33D00C2B00F3DE80012B6CD0032BB1
:10A7500040F0D980FB6901337B6195480BF098F993
:10A760007B69B3F803309BB21846F5F7C3FE4FF090
:10A770000002904BF5F728FF02460B46104619469B
:10A780007B69B3F805309BB21C467B69B3F8073090
:10A790009BB21A4613469B0013445B00019300943E
:10A7A00002460B4684480BF003F9ADE0FB69013328
:10A7B000BB6182480BF0FCF8BB691B78002B03D10E
:10A7C0007F480BF065F902E07E480BF061F9744BAD
:10A7D0009B8907F10A0207F10B01184607F0EAFF0F
:10A7E000034687F82F3097F82F30002B03D0764898
:10A7F0000BF0DEF888E075480BF04AF9FB7A022B83
:10A800000AD1BB7A022B07D1FB7A1946BB7A1A46CA
:10A810006F480BF0CDF877E0FB7A1946BB7A1A4601
:10A820006B480BF0C5F86FE0FB6901333B615C4B93
:10A8300093F875301846FBF71DFD3B69B3F80130FE
:10A840009BB2194663480BF0B3F83B699B7A1846F4
:10A850003B695B7A1C463B691B7A1D463B69DB7989
:10A860001A463B699B7919463B695B7902930191D2
:10A8700000922B462246014657480BF099F83B6957
:10A88000B3F80B309BB21846F5F734FE4FF00002D8
:10A89000484BF5F799FE02460B46104619463B69B0
:10A8A000B3F80D309BB21C463B69B3F80F309BB236
:10A8B0001A4613469B0013445B0001930094024622
:10A8C0000B463D480BF074F8354B93F87430042B6D
:10A8D00004D1334B062283F8742003E0304B052269
:10A8E00083F874203B69B3F801309AB22C4B9A81FB
:10A8F0002E4B00221A702A4B9A892C4B5A802B48D7
:10A9000000F080FE00E000BF11E1BB6A02337B6211
:10A910007B6A1B889BB241F60402934200F0EF80F1
:10A9200041F60402934200F3018140F60E42934245
:10A9300000F0F08040F60E42934200F3F78040F2C0
:10A940000A42934222DCB3F5806FC0F2EF80A3F598
:10A9500080630A2B00F2EA8001A252F823F000BFC4
:10A9600097A90008B9AA0008E1A9000817AA0008D9
:10A970002DAB00081FAA00082DAB0008F7AA00089D
:10A9800053AA000863AA00085BAA0008B3F5006F89
:10A9900000F0AD80CAE011480BF07AF8C3E000BFC8
:10A9A00098060020347D0108607D0108140700200E
:10A9B0009C7D01080000F43FD07D01083C7E010829
:10A9C0006C7E0108787E0108847E0108A47E01085F
:10A9D000C47E0108E87E0108307F0108807F0108FD
:10A9E00055480BF055F8554B9B895549184607F0CB
:10A9F00017F8034687F82F3097F82F30002B06D032
:10AA000097F82F3019464F480AF0D2FF8BE04E4896
:10AA10000BF03EF887E04D480BF03AF883E04C48E5
:10AA20000BF036F8454B9B89184607F0A3F903460F
:10AA300087F82F3097F82F30002B06D097F82F305B
:10AA4000194644480AF0B4FF6DE043480BF020F883
:10AA500069E042480BF01CF865E041480BF018F83B
:10AA600061E040480BF014F87B6A0233D3F80230FF
:10AA700019463D480AF09CFF7B6A0233D3F8023046
:10AA800019463A480AF094FF2C4B9B89012118463D
:10AA900007F0C4F9034687F82F3097F82F30002BC2
:10AAA00006D097F82F30194631480AF081FF3AE076
:10AAB00030480AF0EDFF36E07B6A02333B622E48F5
:10AAC0000AF0E6FF3B6A9B78002B03D12B480AF083
:10AAD000DFFF08E03B6A9B7819463B6ADB781A4641
:10AAE00027480AF065FF0A200AF074FF1BE0254B97
:10AAF00001221A7017E024480AF05AFF13E00120DF
:10AB000001F06EFA0D4B93F876300A211846FBF7E8
:10AB100035FC08E01D480AF04BFF084B9B8918469E
:10AB200007F08FFC00BF01E000BF00E000BF012381
:10AB300018463037BD46B0BDB07F010898060020EA
:10AB400040E20100D87F01080C8001083480010830
:10AB50006080010884800108B4800108DC8001085D
:10AB600008810108388101086C8101088881010889
:10AB7000A0810108F081010838820108648201087F
:10AB80007C82010819070020B8820108E0820108D0
:10AB900080B500AF00F076FD00BF80BD80B500AF8E
:10ABA0000021022009F0EAFF00BF80BD80B400AFA1
:10ABB00000BFBD465DF8047B7047000080B582B0E1
:10ABC00000AF064B3B60064B7B603B461946054891
:10ABD00008F040F800BF0837BD4680BD28000320BC
:10ABE000FDB20008C5B20008B0B58CB006AF0023B6
:10ABF0003B809223FB75AF480AF04AFF07F0B6FD91
:10AC00000346FB75FB7D002B05D0FB7D1946AA484A
:10AC10000AF0CEFE02E0A9480AF03AFF00F032FA4C
:10AC200038613A690621002007F060FC0346FB7595
:10AC3000FB7D002B05D0FB7D1946A1480AF0B8FE2C
:10AC400021E0A0480AF024FF3B6905331B78184631
:10AC50003B6904331B781C463B6903331B781D4654
:10AC60003B6902331B781A463B6901331B7819464E
:10AC70003B691B780293019100922B4622460146C4
:10AC800091480AF095FE3B6905331A788F4B1A728A
:10AC90003B6904331A788D4B5A723B6903331A7837
:10ACA0008A4B9A723B6902331A78884BDA723B6995
:10ACB00001331A78854B1A733B691A78834B5A73A0
:10ACC000834A1021182007F011FC0346FB75FB7D19
:10ACD000002B05D0FB7D19467E480AF069FE02E094
:10ACE0007D480AF0D5FE7D4A1021082007F0FEFBC2
:10ACF0000346FB75FB7D002B05D0FB7D194678488C
:10AD00000AF056FE02E077480AF0C2FE1821012040
:10AD100007F071FC0346FB75FB7D002B05D0FB7D26
:10AD2000194671480AF044FE02E070480AF0B0FE8D
:10AD300007F0DBF80346FB75FB7D002B05D0FB7DA0
:10AD400019466B480AF034FE02E06A480AF0A0FE99
:10AD50000023FB73FB7B43F00103FB73FB7B002BA6
:10AD60002BD0654BBB60BA1DF87BBB1C01933B1D10
:10AD7000009313460722002106F0B9FE0346FB7537
:10AD8000FB7D002B05D0FB7D19465C480AF010FEC8
:10AD900002E05B480AF07CFEFC88BD88B868F5F7E5
:10ADA0004FFA0346DAB2BB680093134600222946E5
:10ADB000204607F09DFA0346FB75F88879883B46E4
:10ADC00000930223002207F093FA0346FB75022248
:10ADD0000221002007F06CFD0346FB75FB7D002B74
:10ADE00005D0FB7D194647480AF0E2FD02E04648DF
:10ADF0000AF04EFE454B01221A70444B1B78184650
:10AE000006F0F6FC0346FB75FB7D002B05D0FB7DB1
:10AE100019463F480AF0CCFD02E03E480AF038FEF1
:10AE20003A4B01225A70394B0822DA70374B102204
:10AE30001A71364B01229A70344B9878334B5978FB
:10AE4000324BDB78314A12790024049400240394B5
:10AE500001240294019200930023012206F01CFDBC
:10AE60000346FB75FB7D002B05D0FB7D19462A4868
:10AE70000AF09EFD02E029480AF00AFE234B9B7867
:10AE8000002B0FD006F052FF0346FB75FB7D002B15
:10AE900005D0FB7D194622480AF08AFD02E02148D0
:10AEA0000AF0F6FD20480AF083FD00BF1837BD46C2
:10AEB000B0BD00BF08830108348301086483010822
:10AEC00084830108E88301083C8401081000002005
:10AED0004095010878840108D08401085095010844
:10AEE0001885010870850108B8850108F8850108F2
:10AEF000288601085C86010880860108888601088A
:10AF0000B8860108D8860108148701089806002031
:10AF10004087010880870108B0870108FC87010885
:10AF20003888010878880108A888010880B58CB0A5
:10AF300008AF0346FB719223FB72FB79012B06D10C
:10AF4000414B1B88FB81414B1B88BB8105E04FF4C3
:10AF5000C863FB814FF47A63BB813D4B93F8753036
:10AF60001846FBF787F9FB79022B19D1384B93F878
:10AF70007430012B04D0364B93F87430022B0FD170
:10AF800006F018FB0346FB72FB7A002B05D0FB7A18
:10AF9000194630480AF00CFD02E02F480AF078FD0F
:10AFA0002B4AFB7982F87430294B9B7BBA89F9894B
:10AFB0000020069000200590284804900393284B19
:10AFC000029308230193002300930023002006F03E
:10AFD00015FB0346FB72FB7A002B05D0FB7A194662
:10AFE00020480AF0E5FC02E01F480AF051FD1F4925
:10AFF0000E2006F029FE0346FB72FB7A002B0ED0D2
:10B00000FB79012B05D1FB7A194619480AF0D0FCCF
:10B0100017E0FB7A194617480AF0CAFC11E0FB79E1
:10B02000012B0AD114480AF0C3FC094B93F8753080
:10B0300012491846FBF7A2F903E011480AF0B8FCE0
:10B0400000BF1037BD4680BD10070020120700204A
:10B0500098060020D488010820890108A70600204E
:10B060006095010868890108A08901081000002086
:10B07000C8890108FC890108348A010846E00100FA
:10B080005C8A010880B586B000AFFFF719FA386115
:10B090003B69B3F1FF3F23D0FFF72AFAB860FFF70F
:10B0A0001BFA78603B69DAB2164B1A703B691B0ACF
:10B0B000DAB2144B5A707B68DAB2124B9A70BB68E2
:10B0C000DAB2104BDA70BB681B0ADAB20D4B1A7198
:10B0D000BB681B0CDAB20B4B5A710A4B7B610BE05D
:10B0E000002007F073FFF860FB68002B02D0FB68BC
:10B0F0007B6101E0044B7B617B6918461837BD46D4
:10B1000080BD00BF900600203895010880B582B050
:10B1100000AF012000F07EFF104B93F87430052B38
:10B1200017D09223FB7106F045FA0346FB710B4BD7
:10B13000002283F87420FB79002B03D008480AF022
:10B1400037FC06E007480AF033FC07480AF030FCF9
:10B1500000BF00BF0837BD4680BD00BF9806002075
:10B160008C8A0108B08A0108B88A010880B500AF4E
:10B170000021012009F002FD00BF80BD80B500AFB5
:10B18000012000F047FF00BF80BD000090B589B0EE
:10B1900002AF0346FB80294B1B78012B49D1274B7B
:10B1A00000221A70264B1B780133002B03F0010399
:10B1B000B8BF5B42DAB2224B1A70214B1B78214A8E
:10B1C0009B00134493ED007AF7EE046AC7EE267AEB
:10B1D000FDEEE77A17EE903AFB82194B1B78194A7D
:10B1E0009B00134493ED007AF7EE046AC7EE267ACB
:10B1F000FDEEE77A17EE903ABB8200237B824FF494
:10B20000FA733B82104B98897C8ABA8AF98A3B8A06
:10B210000093234607F0C9FB0346FB73FB7B002B1F
:10B2200003D00A480AF0C4FB03E009480AF0C0FB57
:10B2300000BF00BF1C37BD4690BD00BF19070020EE
:10B24000180700200800002098060020D48A010872
:10B25000FC8A010880B500AF084B93F87430012BCD
:10B260000AD0064B93F87430002B05D0034B9B8912
:10B270001846FFF78BFF00BF00BF80BD9806002077
:10B2800080B582B000AF78600021042009F076FC20
:10B2900000BF0837BD4680BD80B582B000AF786082
:10B2A000012009F0D7FC00BF0837BD4680BD80B53E
:10B2B00082B000AF7860012009F0ECFC00BF0837D5
:10B2C000BD4680BD80B584B000AF78607B68FB6010
:10B2D000FB685B680833184608F078FF0346FB728A
:10B2E000FB7A002B03D0FB6801221A7003E0FB6895
:10B2F00000221A7000BF1037BD4680BD80B584B0F3
:10B3000000AF0346FB71FB79002B02D0012B06D066
:10B310000BE03F23FB60F86809F05CFC05E03F238D
:10B32000FB60F86809F076FC00BF00BF1037BD462F
:10B3300080BD000080B586B000AF78607B681B7868
:10B34000032B1BD0032B00F32081002B02D0012BF9
:10B350000AD01AE1904B01221A7090480AF098FB2B
:10B360008F480AF025FB13E18B4B00221A708D48A1
:10B370000AF08EFB8A480AF01BFB09E17B685B68D8
:10B380001B78FB75FB7D012B08D0FB7D022B05D0C4
:10B39000FB7D032B02D0FB7D042B01D1012300E0B8
:10B3A0000023BB75BB7D002B00F09280FB7D013B31
:10B3B000032B00F2E08001A252F823F0CDB3000885
:10B3C00015B4000857B400088BB40008764B1B78FE
:10B3D000012B40F0D28000F08BFF0246734B1B68BC
:10B3E000D31ABB6072480AF053FB72480AF050FB54
:10B3F000B96871480AF0DCFA00F07AFF03466F4A38
:10B400001360122319466E4800F018FA664B0222A8
:10B410001A70B2E0644B1B78022B40F0B08000F051
:10B4200067FF0246654B1B68D31AFB6065480AF04C
:10B430002FFB65480AF02CFBF96864480AF0B8FA5B
:10B4400000F056FF0346624A136000F035FA564B8F
:10B4500003221A7093E0544B1B78032B40F0918029
:10B4600000F046FF02465A4B1B68D31A3B6159480D
:10B470000AF00EFB58480AF00BFB396957480AF0EE
:10B4800097FA494B04221A707BE0474B1B78042B38
:10B4900079D153480AF0FCFA524B1B6864221946D2
:10B4A00051480AF085FA51480AF0F2FA3E4B002260
:10B4B0001A704C4B1B68632B02D800F0EFF862E067
:10B4C00064214B480AF074FA48480AF0E1FA5AE05D
:10B4D0007B685B681B78002B23D17B685B6801333A
:10B4E0001B78012B0BD1002000F07AFD41480AF0B7
:10B4F000CFFA2B480AF05CFA274B01229A707B683E
:10B500005B6801331B78002B0BD1002000F082FD1B
:10B5100039480AF0BDFA22480AF04AFA1E4B0022C6
:10B520009A707B685B681B78012B30D17B685B6805
:10B5300001331B78012B0BD1002000F051FD2F4867
:10B540000AF0A6FA16480AF033FA134B01229A7051
:10B550007B685B6801331B78002B18D1002000F05A
:10B5600059FD27480AF094FA0D480AF021FA0A4BCF
:10B5700000229A700BE000BF09E000BF07E000BFA7
:10B5800005E000BF03E000BF01E000BF00E000BF36
:10B5900000BF1837BD4680BDB41F00202C8B0108AA
:10B5A000608B0108648B0108BC1F0020C01F0020B5
:10B5B000988B0108AC8B0108BC8B0108C41F0020CC
:10B5C00068950108DC8B0108F08B0108008C0108EC
:10B5D000C81F0020208C0108348C0108448C01080D
:10B5E000648C0108CC1F0020788C0108908C010825
:10B5F000D08C0108E88C0108108D0108388D0108F5
:10B60000608D010880B582B000AF78607B681B78E0
:10B61000002B05D0012B00D003E000F019F800E06A
:10B6200000BF00BF0837BD4680BD000080B500AF39
:10B63000054A0021082009F07FFA044B00221A7005
:10B6400000F006F800BF80BDA1B70008B41F0020BD
:10B6500080B500AF002000F0DDFC08480AF018FAC1
:10B66000074B01225A70064B00229A70044B0122AC
:10B67000DA70034B00221A7100BF80BD888D01086B
:10B68000B41F002080B500AF034B00221A6000F009
:10B6900005F800BF80BD00BFCC1F002080B588B07A
:10B6A00002AF2E4B1B6801332C4A13602B4B1B68D7
:10B6B000642219462A480AF07BF900F019FE7861E5
:10B6C00028480AF0E5F928492848FDF732FF386193
:10B6D00027480AF0DDF900F00BFEF8603B69002B0B
:10B6E0000AD124480AF0D4F9FA687B69D31A1946BA
:10B6F00021480AF05DF902E020480AF0C9F900216A
:10B70000082009F03BFA00F0F3FDB8601C480AF08D
:10B71000BFF91222144B009313461A4A1A491B48C8
:10B72000FEF722FB78601A480AF0B2F900F0E0FD5B
:10B7300038607B68002B0AD116480AF0A9F93A68EC
:10B74000BB68D31A194614480AF032F903E01348CB
:10B750000AF09EF900BF1837BD4680BDCC1F0020FF
:10B76000988D0108B08D01083C0C00201C070020BA
:10B77000C08D0108D08D0108F48D0108148E0108D8
:10B78000308E010868950108B01F00203C1600208B
:10B79000408E0108508E0108708E0108888E0108C5
:10B7A00080B500AF00F0A4FD0346044A136000F02A
:10B7B00009F8034B01221A7000BF80BDC01F002092
:10B7C000BC1F002080B582B000AF0023FB8018486A
:10B7D0000AF05EF920E0FB88C3F5A463BB80BB8858
:10B7E000F82B01D9F823BB80FB88124A1344BA888E
:10B7F00019464FF6426007F015FD0346FB70FB78D3
:10B80000002B02D00520F6F72BF8FB78002BEBD1AC
:10B81000FA88BB881344FB80FB88B3F5A46FDAD3A6
:10B8200005480AF035F900BF0837BD4680BD00BFA6
:10B83000988E01081C070020AC8E010880B584B0EA
:10B8400000AF786039600023FB8119480AF020F9C5
:10B8500021E03B689AB2FB89D31ABB81BB89F82BE4
:10B8600001D9F823BB81FB897A681344BA89194648
:10B870004FF6426007F0D6FC0346FB72FB7A002BC2
:10B8800002D00520F5F7ECFFFB7A002BEBD1FA890B
:10B89000BB891344FB81FB893A689A42D9D839683D
:10B8A00004480AF085F800BF1037BD4680BD00BFD0
:10B8B000C08E0108D48E010880B582B000AF00238D
:10B8C000FB8000237B801B480AF0E2F825E01A4B3E
:10B8D0001B689AB2FB88D31ABB80BB88F82B01D9AE
:10B8E000F823BB80FB88154A1344BA8819464FF6E3
:10B8F000426007F097FC03467B707B78002B02D0F8
:10B900000520F5F7ADFF7B78002BEBD17B88013369
:10B910007B80FA88BB881344FB80FA88064B1B683F
:10B920009A42D4D306480AF0B3F800BF0837BD46A0
:10B9300080BD00BFF08E0108B01F00203C16002023
:10B94000048F010880B400AF054BDB68044A43F460
:10B950000043D36000BFBD465DF8047B704700BF65
:10B960000004005880B483B000AF7860064BD3F871
:10B97000D42005497B681343C1F8D43000BF0C378D
:10B98000BD465DF8047B70470008005880B483B062
:10B9900000AF7860054B1A6A04497B6813430B6259
:10B9A00000BF0C37BD465DF8047B704700080058A7
:10B9B00080B485B000AF78604FF0B0431A6D4FF09F
:10B9C000B0417B6813430B654FF0B0431A6D7B6841
:10B9D0001340FB60FB6800BF1437BD465DF8047B75
:10B9E000704780B485B000AF78604FF0B043D3F8B3
:10B9F00050214FF0B0417B681343C1F850314FF0F4
:10BA0000B043D3F850217B681340FB60FB6800BF54
:10BA10001437BD465DF8047B704780B483B000AF37
:10BA200078607B681B6843F480327B681A6000BFD3
:10BA30000C37BD465DF8047B704780B483B000AF1F
:10BA400078607B681B6843F001027B681A6000BF66
:10BA50000C37BD465DF8047B704780B483B000AFFF
:10BA6000786039607B685A683B681B04DB431A4086
:10BA70007B685A6000BF0C37BD465DF8047B704799
:10BA800080B483B000AF786039607B685A683B68E7
:10BA90001B041A437B685A6000BF0C37BD465DF833
:10BAA000047B704780B483B000AF786039607B68F6
:10BAB0005A683B68DB431A407B685A6000BF0C370A
:10BAC000BD465DF8047B704780B483B000AF7860FA
:10BAD00039607B683A689A6000BF0C37BD465DF8F4
:10BAE000047B704780B483B000AF786039603B68F6
:10BAF0001A047B689A6000BF0C37BD465DF8047B72
:10BB0000704780B483B000AF786039607B68DA68D2
:10BB10003B6813403A689A4201D1012300E00023B8
:10BB200018460C37BD465DF8047B704780B483B07F
:10BB300000AF786039607B68DA693B6813403A6827
:10BB40009A4201D1012300E0002318460C37BD467C
:10BB50005DF8047B7047000080B500AF02211848F3
:10BB6000FFF7E4FF0346002B08D0154B5B6803F09A
:10BB70000203002B02D100F025F91EE0012110483C
:10BB8000FFF7D4FF0346002B08D00D4B5B6803F092
:10BB90000103002B02D100F099F80EE008210848BB
:10BBA000FFF7C4FF0346002B08D0054B5B6803F08A
:10BBB0000803002B02D100F07DF900BF00BF80BD5B
:10BBC000000C005880B500AF02211848FFF799FF1C
:10BBD0000346002B08D1154B5B6803F40033002BA0
:10BBE00002D100F0D3F81EE008211048FFF789FFCA
:10BBF0000346002B08D10D4B5B6803F40023002B98
:10BC000002D100F019F90EE020210848FFF779FF72
:10BC10000346002B08D1054B5B6803F40013002B8F
:10BC200002D100F05FF800BF00BF80BD000C0058DB
:10BC300080B500AF4FF48010FFF7D3FE4FF40070D3
:10BC4000FFF7A4FE4FF40070FFF78CFE40BF20BF4B
:10BC5000FFF778FE00BF80BD80B500AF4FF48010C5
:10BC6000FFF7A6FE0648FFF7E8FE0548FFF7D5FEFA
:10BC70002C2000F0C2FC2D2000F0BFFC00BF80BDD6
:10BC8000000C005880B584B000AFEFF310837B60E8
:10BC90007B68FB6072B600BF01210648FFF702FF18
:10BCA000FB68BB60BB6883F3108800BF00BF103720
:10BCB000BD4680BD000C005880B500AF0121024890
:10BCC000FFF710FF00BF80BD000C005880B500AF2B
:10BCD00008F060FB01210248FFF7F6FE00BF80BDBF
:10BCE000000C005880B584B000AFEFF310837B6088
:10BCF0007B68FB6072B600BF20210748FFF7C0FEDB
:10BD0000FB68BB60BB6883F3108800BF08F072FB60
:10BD100000BF1037BD4680BD000C005880B584B010
:10BD200000AFEFF310837B607B68FB6072B600BFEF
:10BD300002210648FFF7B6FEFB68BB60BB6883F3D1
:10BD4000108800BF00BF1037BD4680BD000C0058F2
:10BD500080B584B000AF02210B48FFF7C3FEEFF3BC
:10BD600010837B607B68FB6072B600BF02210648CF
:10BD7000FFF773FEFB68BB60BB6883F3108800BFEE
:10BD800000BF1037BD4680BD000C005880B584B0A0
:10BD900000AFEFF310837B607B68FB6072B600BF7F
:10BDA00002210748FFF76CFEFB68BB60BB6883F3AA
:10BDB000108800BF08F072FB00BF1037BD4680BD81
:10BDC000000C005880B500AF08F07EFB022102484D
:10BDD000FFF77AFE00BF80BD000C005880B586B02A
:10BDE00000AF786008211248FFF78BFE0346002B56
:10BDF00013D0104A7B681360EFF31083FB60FB687D
:10BE00007B6172B600BF08210948FFF726FE7B69F7
:10BE10003B613B6983F3108805E07B689847082104
:10BE20000348FFF75FFE00BF1837BD4680BD00BF67
:10BE3000000C0058D01F002080B584B000AFEFF395
:10BE400010837B607B68FB6072B600BF08210A48E4
:10BE5000FFF716FEFB68BB60BB6883F3108800BF6A
:10BE6000064B1B68984708210348FFF73BFE00BFBD
:10BE70001037BD4680BD00BF000C0058D01F002009
:10BE800080B584B000AFEFF310837B607B68FB600C
:10BE900072B600BF08210648FFF704FEFB68BB60CE
:10BEA000BB6883F3108800BF00BF1037BD4680BD5C
:10BEB000000C005880B500AF08F0AEFB0821024826
:10BEC000FFF702FE00BF80BD000C0058D458C450DC
:10BED0000433C4188C42F9D370470360043088429D
:10BEE000FBD370470C48854600F01EF90B480C49FF
:10BEF0000C4A0023FFF7EDFF0B480C490023FFF726
:10BF0000EEFF0B480B490023FFF7E9FF09F006FF9E
:10BF1000FAF704FCFEE70000000003200800002000
:10BF200014020020DC990108500200205C3200203D
:10BF3000E4010320670A0320FEE780B485B000AF68
:10BF400078604FF0B043DA6C4FF0B0417B68134338
:10BF5000CB644FF0B043DA6C7B681340FB60FB6846
:10BF600000BF1437BD465DF8047B704780B588B0CC
:10BF700000AF0346FB7107F10C0300221A605A6000
:10BF80009A60DA601A610220FFF7D7FFFB79124A44
:10BF900032F81330FB6001233B6100237B610223F5
:10BFA000BB61FB790D4A52F8233007F10C021146B0
:10BFB000184600F0FBFEFB79084A52F82300FB7993
:10BFC000054A32F813300022194601F05FF800BF2D
:10BFD0002037BD4680BD00BF7C95010820000020B1
:10BFE00080B582B000AF0346FB71FB79074A52F877
:10BFF0002300FB79064A32F813300122194601F07A
:10C0000045F800BF0837BD4680BD00BF20000020B6
:10C010007C95010880B582B000AF0346FB71FB79C7
:10C02000074A52F82300FB79064A32F813300022FF
:10C03000194601F02BF800BF0837BD4680BD00BF90
:10C04000200000207C95010880B588B000AF034631
:10C050000A46FB711346BB7107F10C0300221A60FC
:10C060005A609A60DA601A61FB79002B03D10420D0
:10C07000FFF763FF0CE0FB79012B03D10820FFF7EA
:10C080005CFF05E0FB79022B02D10820FFF755FF8A
:10C09000BB79002B17D1FB79204A32F81330FB60B3
:10C0A00000233B6101237B610223BB61FB791C4AB6
:10C0B00052F8233007F10C021146184600F076FEC4
:10C0C0000120F5F7CDFBBB79012B23D1FB79134A76
:10C0D00032F81330FB6001237B614FF404133B61A2
:10C0E000FB790F4A52F8233007F10C02114618462B
:10C0F00000F05CFEFB790B4AD35C5BB200220F219F
:10C10000184600F060FAFB79064AD35C5BB2184629
:10C1100000F073FA00BF2037BD4680BD849501084A
:10C120002C0000208C95010880B400AF264B002223
:10C130009A60254BD3F88830234A43F47003C2F841
:10C1400088304FF0B0431B684FF0B04243F001031A
:10C1500013604FF0B0434FF4E0229A604FF0B043C9
:10C160001A684FF0B041194B13400B604FF0B043C9
:10C17000D3F894304FF0B04223F00503C2F8943066
:10C180004FF0B043D3F898304FF0B04223F00103A2
:10C19000C2F898304FF0B0430D4ADA604FF0B04328
:10C1A0000B4A1A614FF0B0431B684FF0B04223F4C2
:10C1B000802313604FF0B04300229A6100BFBD4658
:10C1C0005DF8047B704700BF00ED00E0FBFEF6FA6F
:10C1D0000010042280B400AF054B5B68044A43F0B2
:10C1E0000103536000BFBD465DF8047B704700BF8C
:10C1F000002004E080B400AF054B5B68044A43F0C4
:10C200000203536000BFBD465DF8047B704700BF6A
:10C21000002004E080B582B000AF0023FB710C4B1E
:10C220001B680B4A43F480731360032000F0C0F9CD
:10C23000002000F00FF80346002B02D00123FB7111
:10C2400001E0FDF737FEFB7918460837BD4680BD93
:10C250000040005880B584B000AF78600023FB73C5
:10C26000174B1B78002B24D002F09EF80246144B8B
:10C270001B7819464FF47A73B3FBF1F3B2FBF3F377
:10C28000184600F0D6F90346002B0FD17B680F2B20
:10C2900009D8002279684FF0FF3000F094F9094A7C
:10C2A0007B68136007E00123FB7304E00123FB7349
:10C2B00001E00123FB73FB7B18461037BD4680BDB0
:10C2C000400000203C00002080B400AF064B1B78EB
:10C2D0001A46064B1B681344044A136000BFBD4650
:10C2E0005DF8047B704700BF40000020D41F002091
:10C2F00080B400AF034B1B681846BD465DF8047B55
:10C30000704700BFD41F002080B400AF034B1B68F0
:10C310001846BD465DF8047B704700BF3C00002016
:10C3200080B400AF034B1B781846BD465DF8047B14
:10C33000704700BF4000002080B500AFFFF74AFF04
:10C3400000BF80BD80B500AFFFF754FF00BF80BDC8
:10C3500080B485B000AF78607B6803F00703FB60B2
:10C360000C4BDB68BB60BA684FF6FF031340BB6041
:10C37000FB681A02BB68134343F0BF6343F4003306
:10C38000BB60044ABB68D36000BF1437BD465DF88C
:10C39000047B704700ED00E080B400AF044BDB6825
:10C3A0001B0A03F007031846BD465DF8047B70477F
:10C3B00000ED00E080B483B000AF0346FB7197F955
:10C3C0000730002B0BDBFB7903F01F02074997F9BD
:10C3D00007305B09012000FA02F241F8232000BF78
:10C3E0000C37BD465DF8047B704700BF00E100E0FC
:10C3F00080B483B000AF0346FB7197F90730002B80
:10C4000012DBFB7903F01F020A4997F907305B0939
:10C41000012000FA02F2203341F82320BFF34F8FAE
:10C4200000BFBFF36F8F00BF00BF0C37BD465DF884
:10C43000047B704700E100E080B483B000AF0346A6
:10C44000FB7197F90730002B0CDBFB7903F01F021F
:10C45000074997F907305B09012000FA02F24033DF
:10C4600041F8232000BF0C37BD465DF8047B7047C0
:10C4700000E100E080B483B000AF0346FB7197F9A0
:10C480000730002B0CDBFB7903F01F02074997F9FB
:10C4900007305B09012000FA02F2603341F82320E3
:10C4A00000BF0C37BD465DF8047B704700E100E03B
:10C4B00080B483B000AF03463960FB7197F9073051
:10C4C000002B0ADB3B68DAB20C4997F907301201FE
:10C4D000D2B20B4483F800230AE03B68DAB2084981
:10C4E000FB7903F00F03043B1201D2B20B441A761E
:10C4F00000BF0C37BD465DF8047B704700E100E0EB
:10C5000000ED00E080B489B000AFF860B9607A60F7
:10C51000FB6803F00703FB61FB69C3F10703042B0E
:10C5200028BF0423BB61FB690433062B02D9FB69D6
:10C53000033B00E000237B614FF0FF32BB6902FA4E
:10C5400003F3DA43BB681A407B699A404FF0FF312E
:10C550007B6901FA03F3D9437B680B401343184608
:10C560002437BD465DF8047B7047000080B582B07B
:10C5700000AF78607B68013BB3F1807F01D301237A
:10C580000FE00A4A7B68013B53600F214FF0FF30F8
:10C59000FFF78EFF054B00229A60044B07221A60BA
:10C5A000002318460837BD4680BD00BF10E000E0FC
:10C5B00080B582B000AF78607868FFF7C9FE00BF31
:10C5C0000837BD4680BD80B586B000AF0346B96070
:10C5D0007A60FB73FFF7E0FE78617A68B968786982
:10C5E000FFF790FF024697F90F3011461846FFF704
:10C5F0005FFF00BF1837BD4680BD80B582B000AF79
:10C600000346FB7197F907301846FFF7D3FE00BFCA
:10C610000837BD4680BD80B582B000AF0346FB71D0
:10C6200097F907301846FFF7E3FE00BF0837BD460D
:10C6300080BD80B582B000AF78607868FFF796FF64
:10C64000034618460837BD4680BD80B582B000AFAE
:10C650000346FB7197F907301846FFF7EDFE00BF60
:10C660000837BD4680BD80B582B000AF0346FB7180
:10C6700097F907301846FFF7FDFE00BF0837BD46A3
:10C6800080BD000080B584B000AF78607B68002B6F
:10C6900001D101238EE07B681B681A46474B9A4202
:10C6A0000FD87B681B681A46454B1344454AA2FBCA
:10C6B00003231B099A007B685A647B68424A1A6408
:10C6C0000EE07B681B681A46404B13443D4AA2FBB0
:10C6D00003231B099A007B685A647B683C4A1A64EE
:10C6E0007B68022283F825207B681B681B68FB603F
:10C6F000FB6823F4FF4323F07003FB607B689A68B8
:10C700007B68DB681A437B681B691A437B685B693B
:10C710001A437B689B691A437B68DB691A437B6811
:10C720001B6A1343FA681343FB607B681B68FA6853
:10C730001A60786800F074FA7B689B68B3F5804FE4
:10C7400002D17B6800225A607B685A687B689B6CC8
:10C7500002F03F021A607B68DB6C7A68126D5A60E7
:10C760007B685B68002B10D07B685B68042B0CD85F
:10C77000786800F093FA7B685B6D00221A607B6832
:10C780009B6D7A68D26D5A6008E07B6800225A651A
:10C790007B6800229A657B680022DA657B6800224C
:10C7A000DA637B68012283F825207B68002283F806
:10C7B0002420002318461037BD4680BD07040240E0
:10C7C000F8FFFDBFCDCCCCCC00000240F8FBFDBF94
:10C7D0000004024080B586B000AFF860B9607A60AE
:10C7E0003B600023FB75FB6893F82430012B01D1DB
:10C7F000022366E0FB68012283F82420FB6893F89B
:10C800002530DBB2012B55D1FB68022283F82520AD
:10C81000FB680022DA63FB681B681A68FB681B6808
:10C8200022F001021A603B687A68B968F86800F083
:10C83000B9F9FB681B6B002B08D0FB681B681A68F2
:10C84000FB681B6842F00E021A600FE0FB681B6871
:10C850001A68FB681B6822F004021A60FB681B68F8
:10C860001A68FB681B6842F00A021A60FB689B6C3E
:10C870001B6803F48033002B07D0FB689B6C1A689D
:10C88000FB689B6C42F480721A60FB685B6D002B46
:10C8900007D0FB685B6D1A68FB685B6D42F48072C1
:10C8A0001A60FB681B681A68FB681B6842F001028B
:10C8B0001A6005E0FB68002283F824200223FB7540
:10C8C000FB7D18461837BD4680BD80B483B000AFED
:10C8D00078607B68002B01D101234FE07B6893F8DF
:10C8E0002530DBB2022B08D07B680422DA637B6838
:10C8F000002283F82420012340E07B681B681A682B
:10C900007B681B6822F00E021A607B689B6C1A68B9
:10C910007B689B6C22F480721A607B681B681A68C3
:10C920007B681B6822F001021A607B685B6C03F075
:10C930001C027B681B6C012101FA02F25A607B68C1
:10C94000DB6C7A68126D5A607B685B6D002B0CD0D3
:10C950007B685B6D1A687B685B6D22F480721A607D
:10C960007B689B6D7A68D26D5A607B68012283F880
:10C9700025207B68002283F82420002318460C37EA
:10C98000BD465DF8047B704780B584B000AF786029
:10C990000023FB737B6893F82530DBB2022B05D0B4
:10C9A0007B680422DA630123FB7347E07B681B6822
:10C9B0001A687B681B6822F00E021A607B681B688D
:10C9C0001A687B681B6822F001021A607B689B6C06
:10C9D0001A687B689B6C22F480721A607B685B6CBF
:10C9E00003F01C027B681B6C012101FA02F25A6001
:10C9F0007B68DB6C7A68126D5A607B685B6D002B1C
:10CA00000CD07B685B6D1A687B685B6D22F480726A
:10CA10001A607B689B6D7A68D26D5A607B680122D0
:10CA200083F825207B68002283F824207B689B6B99
:10CA3000002B03D07B689B6B78689847FB7B18467C
:10CA40001037BD4680BD80B584B000AF78607B688C
:10CA50001B6C1B68FB607B681B681B68BB607B688A
:10CA60005B6C03F01C0304229A40FB681340002B0C
:10CA700026D0BB6803F00403002B21D07B681B6821
:10CA80001B6803F02003002B07D17B681B681A6822
:10CA90007B681B6822F004021A607B685B6C03F001
:10CAA0001C027B681B6C042101FA02F25A607B684D
:10CAB0001B6B002B71D07B681B6B786898476CE010
:10CAC0007B685B6C03F01C0302229A40FB681340F6
:10CAD000002B2ED0BB6803F00203002B29D07B680B
:10CAE0001B681B6803F02003002B0BD17B681B68BD
:10CAF0001A687B681B6822F00A021A607B680122B0
:10CB000083F825207B685B6C03F01C027B681B6C40
:10CB1000022101FA02F25A607B68002283F8242085
:10CB20007B68DB6A002B38D07B68DB6A78689847C3
:10CB300033E07B685B6C03F01C0308229A40FB68BF
:10CB40001340002B2AD0BB6803F00803002B25D02C
:10CB50007B681B681A687B681B6822F00E021A60EB
:10CB60007B685B6C03F01C027B681B6C012101FA83
:10CB700002F25A607B680122DA637B68012283F843
:10CB800025207B68002283F824207B685B6B002BC8
:10CB900004D07B685B6B7868984700BF00BF103794
:10CBA000BD4680BD80B485B000AFF860B9607A60E2
:10CBB0003B60FB68DB6CFA68126D5A60FB685B6D6A
:10CBC000002B04D0FB689B6DFA68D26D5A60FB683D
:10CBD0005B6C03F01C02FB681B6C012101FA02F282
:10CBE0005A60FB681B683A685A60FB689B68102BA8
:10CBF00008D1FB681B687A689A60FB681B68BA6892
:10CC0000DA6007E0FB681B68BA689A60FB681B681B
:10CC10007A68DA6000BF1437BD465DF8047B704760
:10CC200080B485B000AF78607B681B681A46174BEC
:10CC30009A420AD87B685B6C9B089B0003F1804397
:10CC400003F502337A68936407E07B685B6C9B08AA
:10CC50009A000F4B13447A6893647B681B68DBB2BD
:10CC6000083B0C4AA2FB03231B09FB607B680A4AB2
:10CC7000DA64FB6803F01F0301229A407B681A659F
:10CC800000BF1437BD465DF8047B704707040240BF
:10CC90001C080240CDCCCCCC8008024080B485B0CA
:10CCA00000AF78607B685B6803F03F03FB60FA6865
:10CCB0000B4B13449B001A467B685A657B68094AF4
:10CCC0009A65FB68013B03F0030301229A407B68ED
:10CCD000DA6500BF1437BD465DF8047B704700BFBE
:10CCE0003F8200104009024080B483B000AF7860FA
:10CCF00039607B6893F82530DBB2012B2BD17B6840
:10CD000093F82430012B01D1022325E07B68012216
:10CD100083F824207B689B6C1A68124B13403A6896
:10CD200011683A68D268013AD20411433A685268ED
:10CD300011433A68127A120411433A68527A520245
:10CD400011437A68926C0B4313607B68002283F86E
:10CD50002420002300E0012318460C37BD465DF86F
:10CD6000047B7047FFFD00E080B487B000AF7860BF
:10CD70007B681B681B0C03F001037B617B681B68ED
:10CD800003F01F03012202FA03F33B617B695B019D
:10CD900003F1B04303F60803FB60FB683A691A60CD
:10CDA00000BF1C37BD465DF8047B704780B487B078
:10CDB00000AF7860396000237B614CE13B681A6802
:10CDC00001217B6901FA03F31340FB60FB68002B30
:10CDD00000F03E813B685B6803F00303012B05D044
:10CDE0003B685B6803F00303022B30D17B689B68D0
:10CDF0003B617B695B00032202FA03F3DB433A6980
:10CE000013403B613B68DA687B695B0002FA03F31D
:10CE10003A6913433B617B683A699A607B685B6857
:10CE20003B6101227B6902FA03F3DB433A69134059
:10CE30003B613B685B681B0903F001027B6902FAF6
:10CE400003F33A6913433B617B683A695A603B6874
:10CE50005B6803F00303032B17D07B68DB683B613F
:10CE60007B695B00032202FA03F3DB433A69134058
:10CE70003B613B689A687B695B0002FA03F33A699D
:10CE800013433B617B683A69DA603B685B6803F097
:10CE90000303022B23D17B69DA087B68083253F83D
:10CEA00022303B617B6903F007039B000F2202FAEB
:10CEB00003F3DB433A6913403B613B681A697B69C2
:10CEC00003F007039B0002FA03F33A6913433B6143
:10CED0007B69DA087B680832396943F822107B687D
:10CEE0001B683B617B695B00032202FA03F3DB43AF
:10CEF0003A6913403B613B685B6803F003027B695E
:10CF00005B0002FA03F33A6913433B617B683A69B9
:10CF10001A603B685B6803F44033002B00F0988094
:10CF2000544A7B699B08023352F823303B617B698A
:10CF300003F003039B000F2202FA03F3DB433A6979
:10CF400013403B617B68B3F1904F19D07B684A4A2C
:10CF5000934213D07B68494A93420DD07B68484A7C
:10CF6000934207D07B68474A934201D1042308E0EB
:10CF7000072306E0032304E0022302E0012300E08C
:10CF800000237A6902F00302920093403A69134346
:10CF90003B6138497B699B0802333A6941F8232099
:10CFA000394B1B683B61FB68DB433A6913403B61CB
:10CFB0003B685B6803F48013002B03D03A69FB687D
:10CFC00013433B61304A3B6913602F4B5B683B6105
:10CFD000FB68DB433A6913403B613B685B6803F4E1
:10CFE0000013002B03D03A69FB6813433B61264AC8
:10CFF0003B695360244BD3F880303B61FB68DB43D3
:10D000003A6913403B613B685B6803F48033002B53
:10D0100003D03A69FB6813433B611B4A3B69C2F882
:10D020008030194BD3F884303B61FB68DB433A69AD
:10D0300013403B613B685B6803F40033002B03D073
:10D040003A69FB6813433B610F4A3B69C2F884307D
:10D050007B6901337B613B681A687B6922FA03F3C1
:10D06000002B7FF4ABAE00BF00BF1C37BD465DF8A0
:10D07000047B70470000014000040048000800489D
:10D08000000C0048001000480008005880B483B02D
:10D0900000AF78600B467B8013467B707B78002B5B
:10D0A00003D07A887B689A6102E07A887B689A620A
:10D0B00000BF0C37BD465DF8047B704780B582B079
:10D0C00000AF0346FB80084BDA68FB881340002B57
:10D0D00006D0054AFB88D360FB881846F4F716FC97
:10D0E00000BF0837BD4680BD0008005880B582B03B
:10D0F00000AF0A4BDB687B60084B1A687B68DB4338
:10D10000064913400B60054A7B685360786800F05D
:10D1100007F800BF0837BD4680BD00BF00150058A6
:10D1200080B483B000AF786000BF0C37BD465DF8B7
:10D13000047B704780B584B000AF78600023FB7338
:10D140007B68002B1ED0134BBB607B6893F8383094
:10D15000DBB2002B02D17868FCF7BCFEB86800F0A7
:10D160005BF8BB681B6843F00112BB681A60786803
:10D1700000F02CF87B6800225A637B68012283F858
:10D18000382001E00123FB73FB7B18461037BD46B6
:10D1900080BD00BF000C005880B485B000AFF860BF
:10D1A000B9601346FB7100BF1437BD465DF8047BC0
:10D1B000704780B485B000AFF860B9601346FB716A
:10D1C00000BF1437BD465DF8047B704780B485B05E
:10D1D00000AF78600023FB600FE07A68FB689B007B
:10D1E00013440B4A5A607A68FB6806339B00134469
:10D1F000084A5A60FB680133FB60FB68052BECD9D9
:10D2000000BF00BF1437BD465DF8047B704700BF08
:10D2100099D10008B3D1000880B483B000AF786022
:10D220007B6800221A607B684FF03F125A607B686F
:10D230003F229A6000BF0C37BD465DF8047B704703
:10D2400080B400AF054B1B68044A43F4807313603D
:10D2500000BFBD465DF8047B704700BF0004005866
:10D2600080B400AF044B1B6803F4C0631846BD468E
:10D270005DF8047B704700BF0004005880B400AF25
:10D280004FF0B0431B6803F48013B3F5801F01D146
:10D29000012300E000231846BD465DF8047B70477B
:10D2A00080B400AF4FF0B0431B684FF0B04243F47E
:10D2B0008033136000BFBD465DF8047B704780B4C7
:10D2C00000AF4FF0B0431B684FF0B04223F48033FF
:10D2D000136000BFBD465DF8047B704780B400AFAB
:10D2E0004FF0B0431B6803F40033B3F5003F01D1A6
:10D2F000012300E000231846BD465DF8047B70471B
:10D3000080B400AF4FF0B0431B684FF0B04243F41D
:10D310008073136000BFBD465DF8047B704780B426
:10D3200000AF4FF0B0431B684FF0B04223F480735E
:10D33000136000BFBD465DF8047B704780B400AF4A
:10D340004FF0B0431B6803F48063B3F5806F01D1E5
:10D35000012300E000231846BD465DF8047B7047BA
:10D3600080B483B000AF78604FF0B0435B6823F0C7
:10D37000FE427B681B064FF0B04113434B6000BF79
:10D380000C37BD465DF8047B704780B400AF4FF0AA
:10D39000B043D3F898304FF0B04243F00103C2F8E5
:10D3A000983000BFBD465DF8047B704780B400AF85
:10D3B0004FF0B043D3F898304FF0B04223F0010360
:10D3C000C2F8983000BFBD465DF8047B704780B45A
:10D3D00000AF4FF0B043D3F8983003F00203022BB4
:10D3E00001D1012300E000231846BD465DF8047B0F
:10D3F000704780B400AF4FF0B043D3F890304FF097
:10D40000B04243F00103C2F8903000BFBD465DF862
:10D41000047B704780B400AF4FF0B043D3F8903036
:10D420004FF0B04223F00103C2F8903000BFBD4678
:10D430005DF8047B704780B400AF4FF0B043D3F881
:10D4400090304FF0B04243F00403C2F8903000BF78
:10D45000BD465DF8047B704780B400AF4FF0B04329
:10D46000D3F890304FF0B04223F00403C2F890306C
:10D4700000BFBD465DF8047B704780B400AF4FF03D
:10D48000B043D3F8903003F00203022B01D1012303
:10D4900000E000231846BD465DF8047B704780B469
:10D4A00000AF4FF0B043D3F894304FF0B04243F0A8
:10D4B0000103C2F8943000BFBD465DF8047B70479D
:10D4C00080B400AF4FF0B043D3F894304FF0B04287
:10D4D00023F00103C2F8943000BFBD465DF8047B21
:10D4E000704780B400AF4FF0B043D3F8943003F0EE
:10D4F0000203022B01D1012300E000231846BD46A0
:10D500005DF8047B704780B400AF4FF0B043D3F8B0
:10D5100094304FF0B04243F00403C2F8943000BF9F
:10D52000BD465DF8047B704780B400AF4FF0B04358
:10D53000D3F894304FF0B04223F00403C2F8943093
:10D5400000BFBD465DF8047B704780B400AF4FF06C
:10D55000B043D3F8943003F00803082B01D1012322
:10D5600000E000231846BD465DF8047B704780B498
:10D5700083B000AF78604FF0B043D3F8943023F419
:10D5800070627B681B024FF0B0411343C1F89430C6
:10D5900000BF0C37BD465DF8047B704780B400AF18
:10D5A0004FF0B0431B684FF0B04243F001031360EB
:10D5B00000BFBD465DF8047B704780B400AF4FF0FC
:10D5C000B0431B684FF0B04223F00103136000BF6B
:10D5D000BD465DF8047B704780B400AF4FF0B043A8
:10D5E0001B6803F00203022B01D1012300E000239A
:10D5F0001846BD465DF8047B704780B483B000AF29
:10D6000078604FF0B0431B6823F0F0024FF0B04158
:10D610007B6813430B6000BF0C37BD465DF8047B8D
:10D62000704780B483B000AF4FF0B0431B6803F085
:10D63000F0037B607B68B02B01D9B0237B607B68F3
:10D6400018460C37BD465DF8047B704780B483B044
:10D6500000AF78604FF0B0435B6823F47F427B6893
:10D660001B024FF0B04113434B6000BF0C37BD4667
:10D670005DF8047B704780B483B000AF78604FF0F2
:10D68000B0439B6823F003024FF0B0417B68134323
:10D690008B6000BF0C37BD465DF8047B704780B4DB
:10D6A00000AF4FF0B0439B6803F00C031846BD4633
:10D6B0005DF8047B704780B483B000AF78604FF0B2
:10D6C000B0439B6823F0F0024FF0B0417B681343F6
:10D6D0008B6000BF0C37BD465DF8047B704780B49B
:10D6E00083B000AF78604FF0B043D3F8083123F037
:10D6F000F0024FF0B0417B681343C1F8083100BF1E
:10D700000C37BD465DF8047B704780B483B000AF32
:10D7100078604FF0B043D3F8083123F00F027B68F4
:10D720001B094FF0B0411343C1F8083100BF0C375B
:10D73000BD465DF8047B704780B483B000AF78606D
:10D740004FF0B0439B6823F4E0624FF0B0417B6838
:10D7500013438B6000BF0C37BD465DF8047B7047F8
:10D7600080B483B000AF78604FF0B0439B6823F47F
:10D7700060524FF0B0417B6813438B6000BF0C37A1
:10D78000BD465DF8047B704780B400AF4FF0B043F6
:10D790009B6803F0F0031846BD465DF8047B7047B4
:10D7A00080B400AF4FF0B043D3F808311B0103F051
:10D7B000F0031846BD465DF8047B704780B400AFA7
:10D7C0004FF0B0439B6803F4E0631846BD465DF834
:10D7D000047B704780B400AF4FF0B0439B6803F404
:10D7E00060531846BD465DF8047B704780B400AFB7
:10D7F0004FF0B0431B684FF0B04243F080731360AA
:10D8000000BFBD465DF8047B704780B400AF4FF0A9
:10D81000B0431B684FF0B04223F08073136000BF29
:10D82000BD465DF8047B704780B400AF4FF0B04355
:10D830001B6803F00073B3F1007F01D1012300E006
:10D8400000231846BD465DF8047B704780B400AFE6
:10D850004FF0B043DB681B0A03F07F031846BD4658
:10D860005DF8047B704780B400AF4FF0B043DB68D5
:10D8700003F060431846BD465DF8047B704780B4F2
:10D8800000AF4FF0B043DB6803F070031846BD46AD
:10D890005DF8047B704780B400AF4FF0B043DB68A5
:10D8A00003F003031846BD465DF8047B704780B45F
:10D8B00000AF4FF0B0439B6803F48033B3F5803F73
:10D8C00001D1012300E000231846BD465DF8047B2A
:10D8D000704780B400AF4FF0B043D3F8083103F481
:10D8E0000033B3F5003F01D1012300E000231846C7
:10D8F000BD465DF8047B704780B400AF4FF0B04385
:10D90000D3F8083103F48033B3F5803F01D101230C
:10D9100000E000231846BD465DF8047B704780B4E4
:10D9200000AF4FF0B0439B6803F40033B3F5003F02
:10D9300001D1012300E000231846BD465DF8047BB9
:10D94000704780B400AF4FF0B0439B6803F480236E
:10D95000B3F5802F01D1012300E000231846BD4616
:10D960005DF8047B7047000090B58DB000AF786023
:10D970007B68002B01D1012363E37B681B6803F004
:10D980002003002B00F08D80FFF789FEF862FFF77F
:10D9900082FFB862FB6A002B05D0FB6A0C2B47D1D3
:10D9A000BB6A012B44D17B68DB69002B01D10123C9
:10D9B00047E37B685C6AFFF734FE03469C4214D958
:10D9C0007B685B6A184600F02FFD0346002B01D0F0
:10D9D000012336E37B685B6A1846FFF70EFE7B681F
:10D9E0001B6A1846FFF732FE13E07B685B6A184635
:10D9F000FFF703FE7B681B6A1846FFF727FE7B686C
:10DA00005B6A184600F010FD0346002B01D001238D
:10DA100017E300F0C9FC0346A44A1360A44B1B683B
:10DA20001846FEF717FC0346002B39D0012308E304
:10DA30007B68DB69002B1ED0FFF7B0FDFEF758FCBA
:10DA4000786208E0FEF754FC02467B6AD31A022B88
:10DA500001D90323F5E2FFF7BFFD0346002BF1D008
:10DA60007B685B6A1846FFF7C8FD7B681B6A18462F
:10DA7000FFF7ECFD15E0FFF7A0FDFEF739FC78623B
:10DA800008E0FEF735FC02467B6AD31A022B01D967
:10DA90000323D6E2FFF7A0FD0346002BF1D100E0FF
:10DAA00000BF7B681B6803F00103002B47D0FFF722
:10DAB000F6FD3862FFF7EFFEF8613B6A082B05D0F0
:10DAC0003B6A0C2B08D1FB69032B05D17B685B6893
:10DAD000002B34D10123B4E27B685B68B3F5803F4F
:10DAE00002D1FFF7DDFB01E0FFF7E9FB7B685B6834
:10DAF000002B12D0FEF7FCFB786208E0FEF7F8FB83
:10DB000002467B6AD31A642B01D9032399E2FFF7FB
:10DB1000E5FB0346002BF1D011E0FEF7E9FB78624C
:10DB200008E0FEF7E5FB02467B6AD31A642B01D9B5
:10DB3000032386E2FFF7D2FB0346002BF1D17B687B
:10DB40001B6803F00203002B4CD0FFF7A8FDB8615F
:10DB5000FFF7A1FE7861BB69042B05D0BB690C2BD4
:10DB60000ED17B69022B0BD17B68DB68002B01D1C6
:10DB7000012366E27B681B691846FFF7F1FB31E081
:10DB80007B68DB68002B19D0FFF7BAFBFEF7B0FB10
:10DB9000786208E0FEF7ACFB02467B6AD31A022BE0
:10DBA00001D903234DE2FFF7C9FB0346002BF1D057
:10DBB0007B681B691846FFF7D3FB13E0FFF7AFFB49
:10DBC000FEF796FB786208E0FEF792FB02467B6A5E
:10DBD000D31A022B01D9032333E2FFF7AFFB03462D
:10DBE000002BF1D17B681B6803F00803002B06D1E2
:10DBF0007B681B6803F01003002B00F0A3807B6898
:10DC00005B69002B76D07B681B6803F01003002B48
:10DC100046D0FFF766FC0346002B13D1FFF73FFC0D
:10DC2000FEF766FB786208E0FEF762FB02467B6A5D
:10DC3000D31A022B01D9032303E2FFF752FC034658
:10DC4000002BF1D0FFF75FFCFEF752FB786208E093
:10DC5000FEF74EFB02467B6AD31A032B01D903233E
:10DC6000EFE1FFF772FC0346002BF1D07B689B6964
:10DC70001846FFF77CFCFFF723FCFEF739FB7862C0
:10DC800008E0FEF735FB02467B6AD31A022B01D966
:10DC90000323D6E1FFF725FC0346002BF1D151E029
:10DCA000FFF7FDFBFEF724FB78620CE03800002054
:10DCB0003C000020FEF71CFB02467B6AD31A022BB5
:10DCC00001D90323BDE1FFF70CFC0346002BF1D083
:10DCD000FFF72AFC08E0FEF70BFB02467B6AD31A2B
:10DCE000032B01D90323ACE1FFF72FFC0346002BE4
:10DCF000F1D127E0FFF718FCFEF7FAFA786208E0A6
:10DD0000FEF7F6FA02467B6AD31A032B01D90323E6
:10DD100097E1FFF71AFC0346002BF1D1FFF7D0FB88
:10DD2000FEF7E6FA786208E0FEF7E2FA02467B6A5E
:10DD3000D31A022B01D9032383E1FFF7D2FB034659
:10DD4000002BF1D17B681B6803F00403002B5BD030
:10DD5000A74B1B6803F48073002B14D1FFF770FAF4
:10DD6000FEF7C6FA786208E0FEF7C2FA02467B6A5E
:10DD7000D31A022B01D9032363E19D4B1B6803F4E3
:10DD80008073002BF0D07B689B68012B02D1FFF7DA
:10DD900030FB0CE07B689B68052B04D1FFF74BFB45
:10DDA000FFF727FB03E0FFF735FBFFF755FB7B6829
:10DDB0009B68002B14D0FEF79BFA78620AE0FEF70E
:10DDC00097FA02467B6AD31A41F28832934201D90C
:10DDD000032336E1FFF751FB0346002BEFD013E09E
:10DDE000FEF786FA78620AE0FEF782FA02467B6A5C
:10DDF000D31A41F28832934201D9032321E1FFF77C
:10DE00003CFB0346002BEFD17B681B6803F040030B
:10DE1000002B2CD07B689B6A002B14D0FFF7B5FA3F
:10DE2000FEF766FA786208E0FEF762FA02467B6A5D
:10DE3000D31A022B01D9032303E1FFF7C8FA0346E3
:10DE4000002BF1D013E0FFF7B1FAFEF751FA786238
:10DE500008E0FEF74DFA02467B6AD31A022B01D97D
:10DE60000323EEE0FFF7B3FA0346002BF1D17B6802
:10DE7000DB6A002B00F0E480FFF711FC38614FF003
:10DE8000B043DB68FB607B68DB6A022B40F0B48048
:10DE9000FB6803F003027B681B6B9A4223D1FB688B
:10DEA00003F070027B685B6B9A421CD1FB681B0A13
:10DEB00003F07F027B689B6B9A4214D1FB6803F4EA
:10DEC00078127B68DB6B9A420DD1FB6803F06062CD
:10DED0007B681B6C9A4206D1FB6803F060427B684A
:10DEE0005B6C9A425DD03B690C2B58D04FF0B0432D
:10DEF0001B6803F08063002B01D00123A1E0FFF732
:10DF000084FCFEF7F5F9786208E0FEF7F1F90246C5
:10DF10007B6AD31A022B01D9032392E04FF0B0435E
:10DF20001B6803F00073002BEFD14FF0B043DA68A9
:10DF3000304B13407A68116B7A68526B11437A68E0
:10DF4000926B120211437A68D26B11437A68126C99
:10DF500011437A68526C0A434FF0B0411343CB60CF
:10DF6000FFF744FC4FF0B043DB684FF0B04243F0A2
:10DF70008053D360FEF7BCF9786208E0FEF7B8F989
:10DF800002467B6AD31A022B01D9032359E04FF0D2
:10DF9000B0431B6803F00073002BEFD050E0012367
:10DFA0004FE04FF0B0431B6803F00073002B47D1E4
:10DFB000FFF71CFC4FF0B043DB684FF0B04243F07A
:10DFC0008053D360FEF794F9786208E0FEF790F989
:10DFD00002467B6AD31A022B01D9032331E04FF0AA
:10DFE000B0431B6803F00073002BEFD028E000BFA4
:10DFF000000400588C80C1113B690C2B1ED0FFF728
:10E0000004FCFEF775F9786208E0FEF771F9024644
:10E010007B6AD31A022B01D9032312E04FF0B043DD
:10E020001B6803F00073002BEFD14FF0B043DA68A8
:10E030004FF0B041054B1340CB6001E0012300E0FD
:10E04000002318463437BD4690BD00BFFCFFFEEEEE
:10E0500080B584B000AF786039607B68002B01D157
:10E0600001232DE1984B1B6803F007033A689A429D
:10E070001BD9954B1B6823F0070293493B68134358
:10E080000B60FEF735F9F86008E0FEF731F902465B
:10E09000FB68D31A022B01D9032311E18A4B1B68B9
:10E0A00003F007033A689A42EFD17B681B6803F0DC
:10E0B0000203002B16D07B689B681846FFF7FBFA1B
:10E0C000FEF716F9F86008E0FEF712F90246FB6861
:10E0D000D31A022B01D90323F2E0FFF7E8FB034632
:10E0E000002BF1D07B681B6803F02003002B16D0B7
:10E0F0007B685B691846FFF7F2FAFEF7F9F8F860FB
:10E1000008E0FEF7F5F80246FB68D31A022B01D9A6
:10E110000323D5E0FFF7DDFB0346002BF1D07B683E
:10E120001B6803F04003002B16D07B689B691846E0
:10E13000FFF7EBFAFEF7DCF8F86008E0FEF7D8F836
:10E140000246FB68D31A022B01D90323B8E0FFF77C
:10E15000D3FB0346002BF1D07B681B6803F004035C
:10E16000002B16D07B68DB681846FFF7E5FAFEF750
:10E17000BFF8F86008E0FEF7BBF80246FB68D31A68
:10E18000022B01D903239BE0FFF7C9FB0346002BB9
:10E19000F1D07B681B6803F00803002B17D07B6865
:10E1A0001B69DB001846FFF7DBFAFEF7A1F8F86001
:10E1B00008E0FEF79DF80246FB68D31A022B01D94E
:10E1C00003237DE0FFF7BDFB0346002BF1D07B6806
:10E1D0001B6803F00103002B43D07B685B68022BB4
:10E1E00006D1FFF77BF80346002B1ED1012367E021
:10E1F0007B685B68032B06D1FFF716FB0346002BF9
:10E2000013D101235CE07B685B68002B06D1FFF72C
:10E21000E3F90346002B08D1012351E0FFF78EF804
:10E220000346002B01D101234AE07B685B68184656
:10E23000FFF721FAFEF75CF8F8600AE0FEF758F8FD
:10E240000246FB68D31A41F28832934201D9032374
:10E2500036E0FFF724FA02467B685B689B009A422F
:10E26000ECD1194B1B6803F007033A689A421BD2A2
:10E27000154B1B6823F0070213493B6813430B60DF
:10E28000FEF736F8F86008E0FEF732F80246FB6861
:10E29000D31A022B01D9032312E00B4B1B6803F0A6
:10E2A00007033A689A42EFD100F07EF80346074A26
:10E2B0001360FEF729F803461846FDF7CBFF034627
:10E2C00018461037BD4680BD004000583800002079
:10E2D00090B585B000AFFFF7E2F978607B68002B5E
:10E2E0000AD1FFF79EF903461B0903F00F032B4ADF
:10E2F00052F82330FB604BE07B68042B02D1284BA3
:10E30000FB6045E07B68082B0AD1FEF7B7FF0346A8
:10E31000012B02D1224BFB603AE0224BFB6037E03D
:10E32000FFF7B9FA38603B68022B03D03B68032B38
:10E3300003D00DE01A4BBB6015E0FEF79FFF0346CC
:10E34000012B02D1164BBB600DE0164BBB600AE0FF
:10E35000FFF767F903461B0903F00F030F4A52F852
:10E360002330BB6000BFFFF771FA0246BB6803FBB6
:10E3700002F4FFF784FA03461B090133B4FBF3F4FC
:10E38000FFF771FA03465B0F0133B4FBF3F3FB6055
:10E39000FB6818461437BD4690BD00BFF0950108D4
:10E3A0000024F4000048E80198B500AFFFF790FFA3
:10E3B0000446FFF7E9F903461B0903F00F03034A7C
:10E3C00052F82330B4FBF3F3184698BD909501083A
:10E3D00098B500AFFFF7E8FF0446FFF7EFF90346F3
:10E3E0001B0A03F00703044A52F8233003F01F030B
:10E3F00024FA03F3184698BDD095010898B500AFEC
:10E40000FFF7D2FF0446FFF7E5F90346DB0A03F006
:10E410000703044A52F8233003F01F0324FA03F3DE
:10E42000184698BDD095010890B585B000AF7860CA
:10E430007B68B02B03D9154BDB6AFB6007E07B6878
:10E440001B0903F00F03114A52F82330FB60FFF75A
:10E45000A7F903461B0903F00F030D4A52F82330B6
:10E46000FA68B2FBF3F3BB60BB680A4AA2FB032362
:10E470009C0CFEF7F5FE03461946204600F00CF80A
:10E48000034618461437BD4690BD00BFF0950108FD
:10E490009095010883DE1B4390B593B000AF786080
:10E4A0003960374B07F128040FCB84E80F00354A59
:10E4B00007F11C0307CA83E80700334B07F10C047C
:10E4C0000FCB84E80F0000237B643B68B3F5007F2B
:10E4D0001AD100233B6413E03B6C9B0048333B4460
:10E4E00053F8203C7A689A4207D83B6C9B0048332B
:10E4F0003B4453F83C3C7B6420E03B6C01333B6481
:10E500003B6C032BE8D919E00023FB6313E0FB6BA2
:10E510009B0048333B4453F82C3C7A689A4207D816
:10E52000FB6B9B0048333B4453F83C3C7B6405E069
:10E53000FB6B0133FB63FB6B022BE8D9134B1B68AE
:10E5400023F0070211497B6C13430B60FDF7D0FEEB
:10E55000B86308E0FDF7CCFE0246BB6BD31A022B72
:10E5600001D9032307E0094B1B6803F007037A6C0A
:10E570009A42EFD1002318464C37BD4690BD00BFEC
:10E58000188F0108288F0108348F010800400058B7
:10E5900080B400AF4FF0B043D3F8903003F00103E4
:10E5A000012B01D1012300E000231846BD465DF890
:10E5B000047B704780B400AF4FF0B043D3F8903085
:10E5C00003F00203022B01D1012300E000231846CF
:10E5D000BD465DF8047B704780B483B000AF7860BF
:10E5E0004FF0B043D3F8943023F440424FF0B041A1
:10E5F0007B681343C1F8943000BF0C37BD465DF80B
:10E60000047B704780B483B000AF78604FF0B043B4
:10E610005B6A23F003024FF0B0417B6813434B6207
:10E6200000BF0C37BD465DF8047B704780B483B0F3
:10E6300000AF78604FF0B0435B6A23F030024FF0D8
:10E64000B0417B6813434B6200BF0C37BD465DF899
:10E65000047B704780B483B000AF78604FF0B04364
:10E66000D3F8883023F003024FF0B0417B681343A6
:10E67000C1F8883000BF0C37BD465DF8047B704799
:10E6800080B483B000AF78604FF0B043D3F88830E7
:10E6900023F440624FF0B0417B681343C1F88830E7
:10E6A00000BF0C37BD465DF8047B704780B483B073
:10E6B00000AF78604FF0B043D3F888207B681B0927
:10E6C00003F47F23DB431A407B681B0103F47F23A1
:10E6D0004FF0B0411343C1F8883000BF0C37BD463E
:10E6E0005DF8047B704780B483B000AF78604FF072
:10E6F000B043D3F888207B681B0C1B04DB431A4013
:10E700007B681B044FF0B0411343C1F8883000BF51
:10E710000C37BD465DF8047B704780B483B000AF12
:10E7200078604FF0B043D3F8883023F440024FF0C4
:10E73000B0417B681343C1F8883000BF0C37BD4639
:10E740005DF8047B704780B483B000AF78604FF011
:10E75000B043D3F8883023F040424FF0B0417B689B
:10E760001343C1F8883000BF0C37BD465DF8047B09
:10E77000704780B483B000AF78604FF0B043D3F8F7
:10E78000883023F040624FF0B0417B681343C1F8FA
:10E79000883000BF0C37BD465DF8047B704780B5FC
:10E7A00082B000AF78607868FFF7E3FF00BF0837FA
:10E7B000BD4680BD80B483B000AF78604FF0B043F9
:10E7C000D3F8883023F040524FF0B0417B681343B8
:10E7D000C1F8883000BF0C37BD465DF8047B704738
:10E7E00080B483B000AF78604FF0B043D3F890307E
:10E7F00023F440724FF0B0417B681343C1F890306E
:10E8000000BF0C37BD465DF8047B704780B400AF95
:10E810004FF0B043D3F8903003F440731846BD4630
:10E820005DF8047B704780B400AF4FF0B043D3F87D
:10E8300090304FF0B04243F48033C2F8903000BFC4
:10E84000BD465DF8047B704780B400AF4FF0B04325
:10E85000D3F890304FF0B04223F48033C2F89030B8
:10E8600000BFBD465DF8047B704780B400AF4FF039
:10E87000B0431B684FF0B04243F08063136000BFA9
:10E88000BD465DF8047B704780B400AF4FF0B043E5
:10E890001B684FF0B04223F08063136000BFBD4699
:10E8A0005DF8047B704780B400AF4FF0B0431B6845
:10E8B00003F00063B3F1006F01D1012300E00023F6
:10E8C0001846BD465DF8047B704780B588B000AF40
:10E8D00078600023FB770023BB777B681B6803F01D
:10E8E0004003002B34D07B681B6BB3F5400F21D065
:10E8F000B3F5400F1BD8B3F5000F1DD0B3F5000FD3
:10E9000015D8002B0BD0B3F5800F10D14FF0B043CA
:10E91000DB684FF0B04243F48033D3600DE07B6896
:10E920000433184600F047F90346FB7705E001235E
:10E93000FB7702E000BF00E000BFFB7F002B05D1AA
:10E940007B681B6B1846FFF7E8FE01E0FB7FBB7797
:10E950007B681B6803F40063002B46D0FFF756FF6B
:10E96000B8617B681B6CBA699A423CD0FEF768FCC0
:10E97000BB69002B05D17B681B6C1846FFF730FF85
:10E980002EE04FF0B043D3F890307B61FFF74BFFA0
:10E99000FFF75AFF7B6923F440727B681B6C1343BB
:10E9A0007B614FF0B0427B69C2F89030FFF7F0FD19
:10E9B0000346012B14D1FDF79BFC38610BE0FDF7FA
:10E9C00097FC02463B69D31A41F28832934202D93E
:10E9D0000323FB7704E0FFF7EDFD0346012BEED1A7
:10E9E000FB7FBB7701E0FB7FBB777B681B6803F095
:10E9F0000103002B04D07B689B691846FFF72AFEB1
:10EA00007B681B6803F00203002B04D07B68DB6982
:10EA10001846FFF735FE7B681B6803F01003002BD8
:10EA200004D07B689B6A1846FFF75DFE7B681B6815
:10EA300003F02003002B04D07B68DB6A1846FFF745
:10EA400052FE7B681B6803F00403002B04D07B6834
:10EA50001B6A1846FFF72AFE7B681B6803F0080351
:10EA6000002B04D07B685B6A1846FFF71FFE7B68AB
:10EA70001B6803F48073002B22D07B685B6B184605
:10EA8000FFF78DFE7B685B6BB3F1006F07D14FF032
:10EA9000B043DB684FF0B04243F08073D3607B68D3
:10EAA0005B6BB3F1806F0BD17B680433184600F0C9
:10EAB000DDF80346FB77FB7F002B01D0FB7FBB77A4
:10EAC0007B681B6803F40073002B2BD07B689B6B67
:10EAD000B3F1804F08D07B689B6BB3F1004F03D03C
:10EAE0007B689B6B002B05D17B689B6B1846FFF7FF
:10EAF0002AFE0AE07B689B6B23F08053FB600020BA
:10EB0000FFF721FEF868FFF734FE7B689B6BB3F1DB
:10EB1000C05F07D14FF0B043DB684FF0B04243F025
:10EB20008073D3607B681B6803F48063002B22D062
:10EB30007B68DB6B1846FFF73DFE7B68DB6BB3F150
:10EB4000005F07D14FF0B043DB684FF0B04243F4B1
:10EB50008033D3607B68DB6BB3F1805F0BD17B6864
:10EB60000433184600F0DDF80346FB77FB7F002BEB
:10EB700001D0FB7FBB777B681B6803F48053002BBD
:10EB800004D07B685B6C1846FFF726FD7B681B682A
:10EB900003F40053002B09D07B68DB6C1846FFF7A9
:10EBA00045FD7B689B6C1846FFF72CFDBB7F184624
:10EBB0002037BD4680BD80B584B000AF78600023AB
:10EBC000FB73FFF761FEFDF793FBB86009E0FDF70B
:10EBD0008FFB0246BB68D31A022B02D90323FB73B7
:10EBE00004E0FFF760FE0346002BF0D1FB7B002B17
:10EBF00037D14FF0B0431B6923F4FE427B681B689A
:10EC00001B024FF0B04113430B614FF0B0431B693F
:10EC100023F478127B685B684FF0B04113430B61BB
:10EC2000FFF723FEFDF764FBB86009E0FDF760FB2A
:10EC30000246BB68D31A022B02D90323FB7304E0FC
:10EC4000FFF731FE0346012BF0D1FB7B002B08D1EF
:10EC50004FF0B0431A697B681B694FF0B041134312
:10EC60000B61FB7B18461037BD4680BD80B584B074
:10EC700000AF78600023FB73FFF706FEFDF738FB5B
:10EC8000B86009E0FDF734FB0246BB68D31A022BDB
:10EC900002D90323FB7304E0FFF705FE0346002BB4
:10ECA000F0D1FB7B002B37D14FF0B0431B6923F42D
:10ECB000FE427B681B681B024FF0B04113430B619F
:10ECC0004FF0B0431B6923F060627B689B684FF094
:10ECD000B04113430B61FFF7C8FDFDF709FBB860B6
:10ECE00009E0FDF705FB0246BB68D31A022B02D9E7
:10ECF0000323FB7304E0FFF7D6FD0346012BF0D19D
:10ED0000FB7B002B08D14FF0B0431A697B681B696D
:10ED10004FF0B04113430B61FB7B18461037BD46E3
:10ED200080BD80B584B000AF78600023FB73FFF72F
:10ED3000ABFDFDF7DDFAB86009E0FDF7D9FA024650
:10ED4000BB68D31A022B02D90323FB7304E0FFF73D
:10ED5000AAFD0346002BF0D1FB7B002B37D14FF0EF
:10ED6000B0431B6923F4FE427B681B681B024FF013
:10ED7000B04113430B614FF0B0431B6923F0604275
:10ED80007B68DB684FF0B04113430B61FFF76DFD0B
:10ED9000FDF7AEFAB86009E0FDF7AAFA0246BB68D3
:10EDA000D31A022B02D90323FB7304E0FFF77BFD88
:10EDB0000346012BF0D1FB7B002B08D14FF0B04371
:10EDC0001A697B681B694FF0B04113430B61FB7BF1
:10EDD00018461037BD4680BD80B582B000AF786060
:10EDE0007B68002B01D1012327E07B685B7ADBB2D3
:10EDF000002B05D17B6800221A727868FBF782F934
:10EE00007B6802225A727B681B681B6823F0200112
:10EE10007B685A687B681B680A431A607B681B68BA
:10EE20001A687B681B6842F004021A607B68012242
:10EE30005A727B680022DA60002318460837BD4604
:10EE400080BD80B584B000AF786039600023FB736B
:10EE50007B681B7A012B01D1022344E07B680122ED
:10EE60001A727B685B7ADBB2012B33D17B6802229A
:10EE70005A72FDF73DFAB86018E0FDF739FA02461C
:10EE8000BB68D31A022B11D97B681B685B6803F03F
:10EE90000103012B0AD07B6801225A727B6802228F
:10EEA000DA607B6800221A7201231CE07B681B6811
:10EEB0005B6803F00103012BDFD17B681B689A6854
:10EEC0007B681A617B681A693B681A607B6801225B
:10EED0005A7204E07B680422DA600123FB737B68CA
:10EEE00000221A72FB7B18461037BD4680BD80B5E4
:10EEF00084B000AF78607B68002B01D101237AE0F9
:10EF00007B6893F82130DBB2002B06D17B680022AE
:10EF100083F820207868FBF71FF97B68022283F8CA
:10EF200021207B681B68DB6803F01003102B58D08E
:10EF30007B681B68CA225A627B681B6853225A622C
:10EF4000786800F083F80346FB73FB7B002B2CD121
:10EF50007B681B689B687A68126823F4E00323F0DF
:10EF6000400393607B681B6899687B685A687B687C
:10EF70001B691A437B689B691A437B681B680A43B9
:10EF80009A607B681B687A68D2681A617B681B6824
:10EF900019697B689B681A047B681B680A431A61BD
:10EFA000786800F08BF80346FB73FB7B002B13D1D2
:10EFB0007B681B68DA6C7B681B6822F00302DA64EA
:10EFC0007B681B68D96C7B68DA697B685B691A436C
:10EFD0007B681B680A43DA647B681B68FF225A62FD
:10EFE00001E00023FB73FB7B002B03D17B68012234
:10EFF00083F82120FB7B18461037BD4680BD0000FA
:10F0000080B584B000AF78600023FB607B681B682C
:10F010000D4ADA60FDF76CF9F86009E0FDF768F970
:10F020000246FB68D31AB3F57A7F01D9032307E0C0
:10F030007B681B68DB6803F02003002BEED0002305
:10F0400018461037BD4680BD5FFF010080B584B013
:10F0500000AF78600023BB600023FB737B681B68F4
:10F06000DB6803F04003002B23D17B681B68DA6860
:10F070007B681B6842F08002DA60FDF739F9B860FE
:10F080000DE0FDF735F90246BB68D31AB3F57A7F78
:10F0900005D97B68042283F821200123FB737B6858
:10F0A0001B68DB6803F04003002B02D1FB7B012BC4
:10F0B000E7D1FB7B18461037BD4680BD80B584B0D4
:10F0C00000AF78600023FB737B681B68DA687B689D
:10F0D0001B6822F08002DA607B681B689B6803F083
:10F0E0002003002B0BD17868FFF78AFF0346002B23
:10F0F00005D07B68042283F821200123FB73FB7B6E
:10F1000018461037BD4680BD80B487B000AFF860A8
:10F11000B9607A605F4B1B685F4AA2FB0323DB0A7E
:10F120004FF47A7202FB03F37B61FB6893F82030A3
:10F13000012B01D10223A7E0FB68012283F82020E4
:10F14000FB68022283F82120FB681B68CA225A62EE
:10F15000FB681B6853225A62FB681B689B6803F4B8
:10F160008063002B1AD07B69013B7B617B69002B9C
:10F170000DD1FB681B68FF225A62FB68032283F8EB
:10F180002120FB68002283F8202003237CE0FB6819
:10F190001B68DB6803F00403002BE4D1FB681B68E9
:10F1A0009A68FB681B6822F480629A60FB681B689F
:10F1B000DB68DAB2FB681B6862F49062DA60354B98
:10F1C0001B68354AA2FB0323DB0A4FF47A7202FB69
:10F1D00003F37B617B69013B7B617B69002B0DD174
:10F1E000FB681B68FF225A62FB68032283F8212018
:10F1F000FB68002283F82020032345E0FB681B689E
:10F20000DB6803F00403002BE4D0FB681B689A68FA
:10F21000FB681B6822F007029A60FB681B6899680C
:10F22000FB681B687A680A439A60FB681B68BA68C7
:10F230005A611A4BD3F88030184A43F40023C2F8BD
:10F240008030164B1B68154A43F400231360FB689B
:10F250001B689A68FB681B6842F480429A60FB68EE
:10F260001B689A68FB681B6842F480629A60FB68BE
:10F270001B68FF225A62FB68012283F82120FB6889
:10F28000002283F82020002318461C37BD465DF875
:10F29000047B704738000020D34D621000080058EE
:10F2A00080B483B000AF78607B6893F82030012B86
:10F2B00001D1022324E07B68012283F820207B68AF
:10F2C000022283F821207B681B68CA225A627B686D
:10F2D0001B6853225A627B681B689A687B681B68AC
:10F2E00042F020029A607B681B68FF225A627B68AA
:10F2F000012283F821207B68002283F8202000234C
:10F3000018460C37BD465DF8047B704780B483B067
:10F3100000AF78604FF0B043D3F888207B6813408B
:10F3200018460C37BD465DF8047B704780B483B047
:10F3300000AF78604FF0B043D3F888207B6813406B
:10F3400018460C37BD465DF8047B704780B582B027
:10F3500000AF78607B68002B01D1012342E07B681D
:10F36000D3F88830002B06D17B68002283F88420F4
:10F370007868FAF7D3FD7B682422C3F888207B687D
:10F380001B681A687B681B6822F001021A607B68A0
:10F390009B6A002B02D0786800F07EFE786800F04F
:10F3A00053FC0346012B01D101231BE07B681B6842
:10F3B0005A687B681B6822F490425A607B681B681D
:10F3C0009A687B681B6822F02A029A607B681B6837
:10F3D0001A687B681B6842F001021A60786800F0C6
:10F3E000FDFE034618460837BD4680BD80B58AB08D
:10F3F00000AFF860B9601346FB80FB68D3F88C302F
:10F40000202B37D1BB68002B02D0FB88002B01D109
:10F41000012330E0FB680022DA66FB681B68184AAB
:10F4200093421FD0FB681B685B6803F40003002B4A
:10F4300018D0FB681B687B617B6953E8003F3B6128
:10F440003B6943F080637B62FB681B681A467B6AFA
:10F450003B62FA61F9693A6A41E80023BB61BB6922
:10F46000002BE6D1FB881A46B968F86800F0CEFF99
:10F47000034600E0022318462837BD4680BD00BF82
:10F480000080004080B58AB000AFF860B9601346D4
:10F49000FB80FB68D3F88830202B67D1BB68002B3A
:10F4A00002D0FB88002B01D1012360E0FB68BA6821
:10F4B0001A65FB68FA88A3F85420FB68FA88A3F859
:10F4C0005620FB680022C3F89020FB682122C3F875
:10F4D0008820FB68DB6F002B28D0FB68DB6F264A97
:10F4E000DA62FB68DB6F254A1A63FB68DB6F244A2C
:10F4F0005A63FB68DB6F00229A63FB68D86FFB6876
:10F500001B6D1946FB681B6828331A46FB88FDF7FC
:10F5100061F90346002B09D0FB681022C3F8902044
:10F52000FB682022C3F88820012320E0FB681B68C9
:10F5300040221A62FB681B6808337B617B6953E8D1
:10F54000003F3B613B6943F080037B62FB681B68C3
:10F5500008337A6A3A62FB61F9693A6A41E8002342
:10F56000BB61BB69002BE5D1002300E002231846F4
:10F570002837BD4680BD00BF9F070108310801083C
:10F580004D08010880B5BAB000AF78607B681B6891
:10F59000DB69C7F8E4307B681B681B68C7F8E0309C
:10F5A0007B681B689B68C7F8DC30D7F8E42040F61E
:10F5B0000F031340C7F8D830D7F8D830002B1BD131
:10F5C000D7F8E43003F02003002B15D0D7F8E03053
:10F5D00003F02003002B05D1D7F8DC3003F0805373
:10F5E000002B09D07B685B6F002B00F000837B68E9
:10F5F0005B6F78689847FAE2D7F8D830002B00F0B4
:10F600002381D7F8DC208D4B1340002B06D1D7F88F
:10F61000E0208B4B1340002B00F01681D7F8E4302C
:10F6200003F00103002B11D0D7F8E03003F480730E
:10F63000002B0BD07B681B6801221A627B68D3F811
:10F64000903043F001027B68C3F89020D7F8E43093
:10F6500003F00203002B11D0D7F8DC3003F00103D4
:10F66000002B0BD07B681B6802221A627B68D3F8E0
:10F67000903043F004027B68C3F89020D7F8E43060
:10F6800003F00403002B11D0D7F8DC3003F00103A2
:10F69000002B0BD07B681B6804221A627B68D3F8AE
:10F6A000903043F002027B68C3F89020D7F8E43032
:10F6B00003F00803002B17D0D7F8E03003F0200345
:10F6C000002B05D1D7F8DC205C4B1340002B0BD06E
:10F6D0007B681B6808221A627B68D3F8903043F07D
:10F6E00008027B68C3F89020D7F8E43003F4006385
:10F6F000002B12D0D7F8E03003F08063002B0CD041
:10F700007B681B684FF400621A627B68D3F8903004
:10F7100043F020027B68C3F890207B68D3F89030D8
:10F72000002B00F06682D7F8E43003F02003002BB2
:10F7300013D0D7F8E03003F02003002B05D1D7F821
:10F74000DC3003F08053002B07D07B685B6F002B0D
:10F7500003D07B685B6F786898477B68D3F89030FC
:10F76000C7F8D4307B681B689B6803F04003402BCC
:10F7700005D0D7F8D43003F02803002B54D0786894
:10F7800000F0A7FF7B681B689B6803F04003402BD9
:10F7900046D17B681B680833C7F89C30D7F89C308B
:10F7A00053E8003FC7F89830D7F8983023F040036B
:10F7B000C7F8D0307B681B680833D7F8D020C7F86B
:10F7C000A820C7F8A430D7F8A410D7F8A82041E89B
:10F7D0000023C7F8A030D7F8A030002BD9D17B6820
:10F7E000D3F88030002B17D07B68D3F88030154ACF
:10F7F0009A637B68D3F880301846FDF7C5F8034656
:10F80000002B19D07B68D3F880309B6B7A68D2F8D4
:10F810008020104698470FE0786800F0FFF90BE071
:10F82000786800F0FBF907E0786800F0F7F97B688A
:10F830000022C3F89020DCE100BFDAE101000010F3
:10F8400020010004BD0801087B68DB6E012B40F03D
:10F850007081D7F8E43003F01003002B00F06981C9
:10F86000D7F8E03003F01003002B00F062817B68D2
:10F870001B6810221A627B681B689B6803F04003B8
:10F88000402B40F0D8807B68D3F880301B685B68E1
:10F89000A7F8BE30B7F8BE30002B00F0AF807B6811
:10F8A000B3F85C30B7F8BE209A4280F0A7807B683E
:10F8B000B7F8BE20A3F85E207B68D3F880301B68C1
:10F8C0001B6803F02003002B40F087807B681B68D7
:10F8D000C7F88830D7F8883053E8003FC7F884303D
:10F8E000D7F8843023F48073C7F8B8307B681B687E
:10F8F0001A46D7F8B830C7F89430C7F89020D7F830
:10F900009010D7F8942041E80023C7F88C30D7F83E
:10F910008C30002BDAD17B681B6808337B677B6FE8
:10F9200053E8003F3B673B6F23F00103C7F8B43057
:10F930007B681B680833D7F8B420C7F88020FB67C2
:10F94000F96FD7F8802041E80023BB67BB6F002B1D
:10F95000E1D17B681B6808333B663B6E53E8003F90
:10F96000FB65FB6D23F04003C7F8B0307B681B6874
:10F970000833D7F8B020FA66BB66B96EFA6E41E874
:10F9800000237B667B6E002BE3D17B682022C3F8CB
:10F990008C207B680022DA667B681B68FB64FB6C4A
:10F9A00053E8003FBB64BB6C23F01003C7F8AC30D6
:10F9B0007B681B681A46D7F8AC30BB657A65796DF1
:10F9C000BA6D41E800233B653B6D002BE4D17B68B9
:10F9D000D3F880301846FCF778FF7B6802221A675C
:10F9E0007B68B3F85C207B68B3F85E309BB2D31AB7
:10F9F0009BB21946786800F01BF9FCE07B68B3F80D
:10FA00005C30B7F8BE209A4240F0F5807B68D3F8AE
:10FA100080301B681B6803F02003202B40F0EB8034
:10FA20007B6802221A677B68B3F85C3019467868F5
:10FA300000F0FEF8DFE07B68B3F85C207B68B3F889
:10FA40005E309BB2D31AA7F8CE307B68B3F85E3035
:10FA50009BB2002B00F0D180B7F8CE30002B00F025
:10FA6000CC807B681B68BB63BB6B53E8003F7B6348
:10FA70007B6B23F49073C7F8C8307B681B681A4609
:10FA8000D7F8C8307B643A64396C7A6C41E800235B
:10FA9000FB63FB6B002BE4D17B681B6808337B6244
:10FAA0007B6A53E8003F3B623B6A23F0805323F0BC
:10FAB0000103C7F8C4307B681B680833D7F8C4203B
:10FAC0003A63FB62F96A3A6B41E80023BB62BB6AA6
:10FAD000002BE1D17B682022C3F88C207B680022B8
:10FAE000DA667B6800225A677B681B683B613B696A
:10FAF00053E8003FFB60FB6823F01003C7F8C030F9
:10FB00007B681B681A46D7F8C030FB61BA61B969D7
:10FB1000FA6941E800237B617B69002BE4D17B68B3
:10FB200002221A67B7F8CE301946786800F080F8DC
:10FB300063E0D7F8E43003F48013002B0ED0D7F83D
:10FB4000DC3003F48003002B08D07B681B684FF483
:10FB500080121A62786801F00BFC51E0D7F8E430AB
:10FB600003F08003002B14D0D7F8E03003F08003BB
:10FB7000002B05D1D7F8DC3003F40003002B08D0AC
:10FB80007B689B6F002B3AD07B689B6F78689847A7
:10FB900035E0D7F8E43003F04003002B09D0D7F864
:10FBA000E03003F04003002B03D0786800F094FEAF
:10FBB00026E0D7F8E43003F40003002B09D0D7F88F
:10FBC000E03003F08043002B03D0786801F0E4FBC1
:10FBD00016E0D7F8E43003F08073002B10D0D7F88C
:10FBE000E030002B0CDA786801F0CCFB08E000BFB5
:10FBF00006E000BF04E000BF02E000BF00E000BF7D
:10FC0000E837BD4680BD00BF80B483B000AF7860E8
:10FC100000BF0C37BD465DF8047B704780B483B0ED
:10FC200000AF786000BF0C37BD465DF8047B7047BD
:10FC300080B483B000AF78600B467B8000BF0C3788
:10FC4000BD465DF8047B70472DE9B04F8CB000AF26
:10FC50007861002387F82A307B699A687B691B6981
:10FC60001A437B695B691A437B69DB691343FB6257
:10FC70007B691B681A68AF4B13407A691268F96A8E
:10FC80000B4313607B691B685B6823F440517B69FD
:10FC9000DA687B691B680A435A607B699B69FB626F
:10FCA0007B691B68A44A934204D07B691B6AFA6A89
:10FCB0001343FB627B691B689B6823F06E4323F44C
:10FCC00030637A691268F96A0B4393607B691B6839
:10FCD000DB6A23F00F017B695A6A7B691B680A4360
:10FCE000DA627B691B68954A934225D10320FFF7AE
:10FCF0000DFB0346032B1BD801A252F823F000BFD3
:10FD000011FD000821FD000819FD000829FD00086B
:10FD1000012387F82B3042E0022387F82B303EE0A6
:10FD2000042387F82B303AE0082387F82B3036E09D
:10FD3000102387F82B3032E07B691B687E4A9342A0
:10FD40002AD14FF44060FFF7F1FA0346B3F5406F54
:10FD50001AD0B3F5406F1BD8B3F5006F0CD0B3F5D4
:10FD6000006F15D8002B03D0B3F5806F08D00FE0DB
:10FD7000002387F82B3012E0022387F82B300EE0A7
:10FD8000042387F82B300AE0082387F82B3006E09D
:10FD9000102387F82B3002E0102387F82B307B6983
:10FDA0001B68654A934240F0978097F82B30082BE8
:10FDB00023D801A252F823F0DDFD0008FBFD000866
:10FDC000E5FD0008FBFD0008EBFD0008FBFD000859
:10FDD000FBFD0008FBFD0008F3FD0008FEF7F8FA44
:10FDE000786210E0564B7B620DE0FEF771FA7862A4
:10FDF00009E04FF400437B6205E000237B620123AE
:10FE000087F82A3000BF7B6A002B00F02B817B69CA
:10FE10005B6A4C4A32F813301A467B6AB3FBF2F342
:10FE2000BB617B695A6813465B001344BA699A4206
:10FE300005D37B695B681B03BA699A4203D9012326
:10FE400087F82A300EE17B6A0022BB60FA607B698A
:10FE50005B6A3C4A32F813309BB200223B607A6006
:10FE6000D7E90023D7E90201F0F786FE02460B46E8
:10FE7000104619464FF000024FF000030B0243EA10
:10FE80001063020279694968490800200C4605465A
:10FE900012EB040843EB05097B695B6800229A4674
:10FEA000934652465B4640464946F0F765FE024699
:10FEB0000B4613463B623B6AB3F5407F08D33B6A6F
:10FEC000B3F5801F04D27B691B683A6ADA60C9E027
:10FED000012387F82A30C5E07B69DB69B3F5004F61
:10FEE0006DD197F82B30013B072B2DD801A252F88A
:10FEF00023F000BF15FF00081DFF000849FF0008A0
:10FF000023FF000849FF000849FF000849FF0008D7
:10FF10002BFF0008FEF772FA78621BE0084B7B6249
:10FF200018E0FEF7D5F9786214E04FF400437B62E5
:10FF300010E000BFF369FFCF0080004000380140AF
:10FF40000024F4003096010800237B62012387F827
:10FF50002A3000BF7B6A002B00F084807B695B6ADB
:10FF60004B4A32F813301A467B6AB3FBF2F35A005D
:10FF70007B695B685B081A447B695B68B2FBF3F3DF
:10FF80003B623B6A0F2B16D93B6AB3F5803F12D216
:10FF90003B6A9BB223F00F03FB833B6A5B089BB277
:10FFA00003F007039AB2FB8B1343FB837B691B6847
:10FFB000FA8BDA6056E0012387F82A3052E097F88E
:10FFC0002B30013B072B22D801A252F823F000BFAF
:10FFD000F1FF0008F9FF00080F000108FFFF00080B
:10FFE0000F0001080F0001080F00010807000108B9
:10FFF000FEF704FA786210E0264B7B620DE0FEF714
:020000040801F1
:1000000067F9786209E04FF400437B6205E0002362
:100010007B62012387F82A3000BF7B6A002B21D046
:100020007B695B6A1A4A32F813301A467B6AB3FB63
:10003000F2F27B695B685B081A447B695B68B2FB20
:10004000F3F33B623B6A0F2B09D93B6AB3F5803F60
:1000500005D23B6A9AB27B691B68DA6002E0012331
:1000600087F82A307B690122A3F86A207B69012284
:10007000A3F868207B6900225A677B6900229A678F
:1000800097F82A3018463037BD46BDE8B08F00BF1C
:10009000309601080024F40080B483B000AF78608B
:1000A0007B689B6A03F00803002B0AD07B681B68FF
:1000B0005B6823F400417B689A6B7B681B680A438A
:1000C0005A607B689B6A03F00103002B0AD07B68AF
:1000D0001B685B6823F400317B68DA6A7B681B6805
:1000E0000A435A607B689B6A03F00203002B0AD024
:1000F0007B681B685B6823F480317B681A6B7B68C4
:100100001B680A435A607B689B6A03F00403002B58
:100110000AD07B681B685B6823F480217B685A6B7C
:100120007B681B680A435A607B689B6A03F0100374
:10013000002B0AD07B681B689B6823F480517B6886
:10014000DA6B7B681B680A439A607B689B6A03F0E2
:100150002003002B0AD07B681B689B6823F40051A6
:100160007B681A6C7B681B680A439A607B689B6A91
:1001700003F04003002B1AD07B681B685B6823F4F4
:1001800080117B685A6C7B681B680A435A607B68E5
:100190005B6CB3F5801F0AD17B681B685B6823F436
:1001A000C0017B689A6C7B681B680A435A607B6855
:1001B0009B6A03F08003002B0AD07B681B685B6896
:1001C00023F400217B68DA6C7B681B680A435A6061
:1001D00000BF0C37BD465DF8047B704780B598B012
:1001E00002AF78607B680022C3F89020FCF780F8AB
:1001F00078657B681B681B6803F00803082B2FD108
:100200006FF07E4300937B6D00224FF400117868FD
:1002100000F08EF80346002B22D07B681B68BB637E
:10022000BB6B53E8003F7B637B6B23F080033B6534
:100230007B681B681A463B6D7B643A64396C7A6C48
:1002400041E80023FB63FB6B002BE6D17B68202297
:10025000C3F888207B68002283F88420032363E0AE
:100260007B681B681B6803F00403042B49D16FF003
:100270007E4300937B6D00224FF48001786800F08C
:1002800057F80346002B3CD07B681B687B627B6A77
:1002900053E8003F3B623B6A23F49073FB647B6846
:1002A0001B681A46FB6C3B63FA62F96A3A6B41E8D9
:1002B0000023BB62BB6A002BE6D17B681B68083356
:1002C0003B613B6953E8003FFB60FB6823F001039F
:1002D000BB647B681B680833BA6CFA61BB61B9699F
:1002E000FA6941E800237B617B69002BE5D17B68DB
:1002F0002022C3F88C207B68002283F8842003230B
:1003000012E07B682022C3F888207B682022C3F893
:100310008C207B680022DA667B6800221A677B6883
:10032000002283F88420002318465837BD4680BD3C
:1003300080B584B000AFF860B9603B601346FB71D4
:100340004FE0BB69B3F1FF3F4BD0FBF7D1FF024653
:100350003B68D31ABA699A4202D3BB69002B01D118
:1003600003234EE0FB681B681B6803F00403002BAB
:1003700037D0BB68802B34D0BB68402B31D0FB68B2
:100380001B68DB6903F00803082B10D1FB681B68AE
:1003900008221A62F86800F09CF9FB680822C3F88A
:1003A0009020FB68002283F88420012329E0FB6869
:1003B0001B68DB6903F40063B3F5006F11D1FB68C0
:1003C0001B684FF400621A62F86800F082F9FB685B
:1003D0002022C3F89020FB68002283F884200323A6
:1003E0000FE0FB681B68DA69BB681340BA689A4281
:1003F0000CBF01230023DBB21A46FB799A42A0D03E
:10040000002318461037BD4680BD000080B4A3B05D
:1004100000AFF860B9601346FB80FB68BA689A6564
:10042000FB68FA88A3F85C20FB68FA88A3F85E20D2
:10043000FB6800225A67FB689B68B3F5805F0ED1AA
:10044000FB681B69002B05D1FB6840F2FF12A3F883
:1004500060202DE0FB68FF22A3F8602028E0FB6805
:100460009B68002B0DD1FB681B69002B04D1FB6836
:10047000FF22A3F860201BE0FB687F22A3F8602026
:1004800016E0FB689B68B3F1805F0DD1FB681B69C8
:10049000002B04D1FB687F22A3F8602008E0FB68F2
:1004A0003F22A3F8602003E0FB680022A3F860204D
:1004B000FB680022C3F89020FB682222C3F88C203E
:1004C000FB681B6808337B667B6E53E8003F3B6626
:1004D0003B6E43F00103C7F88430FB681B680833A8
:1004E000D7F884203A67FB66F96E3A6F41E800233B
:1004F000BB66BB6E002BE3D1FB685B6EB3F1005FA4
:100500004FD1FB68B3F86830FA889A4249D3FB6848
:100510009B68B3F5805F07D1FB681B69002B03D193
:10052000FB68474A5A6702E0FB68464A5A67FB681D
:100530001B69002B1AD0FB681B683B653B6D53E8B9
:10054000003FFB64FB6C43F48073C7F88030FB68AA
:100550001B681A46D7F88030FB65BA65B96DFA6D2D
:1005600041E800237B657B6D002BE4D1FB681B68B1
:100570000833FB63FB6B53E8003FBB63BB6B43F08B
:100580008053FB67FB681B680833FA6FBA647B64AF
:10059000796CBA6C41E800233B643B6C002BE5D1DD
:1005A00046E0FB689B68B3F5805F07D1FB681B6979
:1005B000002B03D1FB68244A5A6702E0FB68234AF8
:1005C0005A67FB681B69002B19D0FB681B68BB626C
:1005D000BB6A53E8003F7B627B6A43F490737B679E
:1005E000FB681B681A467B6F7B633A63396B7A6BD7
:1005F00041E80023FB62FB6A002BE6D118E0FB68B0
:100600001B687B617B6953E8003F3B613B6943F0BA
:100610002003BB67FB681B681A46BB6F3B62FA612D
:10062000F9693A6A41E80023BB61BB69002BE6D156
:10063000002318468C37BD465DF8047B704700BF29
:1006400005100108A10C0108E90A01083109010897
:1006500080B48FB000AF78607B681B683B623B6AF8
:1006600053E8003FFB61FB6923F0C0037B637B68B9
:100670001B681A467B6BFB62BA62B96AFA6A41E888
:1006800000237B627B6A002BE6D17B681B68083302
:10069000FB60FB6853E8003FBB60BB6823F40003CA
:1006A0003B637B681B6808333A6BBA617B6179698D
:1006B000BA6941E800233B613B69002BE5D17B68C7
:1006C0002022C3F8882000BF3C37BD465DF8047B7C
:1006D000704780B495B000AF78607B681B687B631F
:1006E0007B6B53E8003F3B633B6B23F49073FB64ED
:1006F0007B681B681A46FB6C3B64FA63F96B3A6CC7
:1007000041E80023BB63BB6B002BE6D17B681B6811
:1007100008333B623B6A53E8003FFB61FB6923F00F
:10072000805323F00103BB647B681B680833BA6CF9
:10073000FA62BB62B96AFA6A41E800237B627B6AAB
:10074000002BE3D17B68DB6E012B18D17B681B6823
:10075000FB60FB6853E8003FBB60BB6823F01003FD
:100760007B647B681B681A467B6CBB617A61796924
:10077000BA6941E800233B613B69002BE6D17B6805
:100780002022C3F88C207B680022DA667B68002276
:100790005A6700BF5437BD465DF8047B704780B58B
:1007A00090B000AF78607B689B6AFB637B681B68D6
:1007B0001B6803F02003002B33D1FB6B1B6808334D
:1007C0007B627B6A53E8003F3B623B6A23F0800315
:1007D000BB63FB6B1B680833BA6B3A63FB62F96A55
:1007E0003A6B41E80023BB62BB6A002BE5D1FB6B8F
:1007F0001B683B613B6953E8003FFB60FB6843F0CB
:1008000040037B63FB6B1B681A467B6BFB61BA6121
:10081000B969FA6941E800237B617B69002BE6D165
:1008200002E0F86BF5F704FF00BF4037BD4680BD1E
:1008300080B584B000AF78607B689B6AFB60F86825
:10084000FFF7E2F900BF1037BD4680BD80B586B026
:1008500000AF78607B689B6A7B617B69D3F88830E6
:100860003B617B69D3F88C30FB607B691B689B68BC
:1008700003F08003802B05D13B69212B02D17869DD
:10088000FFF7E6FE7B691B689B6803F04003402B83
:1008900005D1FB68222B02D17869FFF71AFF7B692B
:1008A000D3F8903043F010027B69C3F89020786948
:1008B000FFF7B4F900BF1837BD4680BD80B584B0DE
:1008C00000AF78607B689B6AFB60F868FFF7A6F969
:1008D00000BF1037BD4680BD80B588B000AF7860DE
:1008E0007B681B68FB60FB6853E8003FBB60BB682C
:1008F00023F04003FB617B681B681A46FB69BB6100
:100900007A617969BA6941E800233B613B69002B50
:10091000E6D17B682022C3F888207B6800229A6792
:100920007868F5F785FE00BF2037BD4680BD000022
:1009300080B59CB000AF78607B68B3F86030A7F8F2
:100940006E307B68D3F88C30222B40F0BE807B6801
:100950001B685B6AA7F86C30B7F86C30D9B2B7F88F
:100960006E30DAB27B689B6D0A40D2B21A707B6837
:100970009B6D5A1C7B689A657B68B3F85E309BB2AE
:10098000013B9AB27B68A3F85E207B68B3F85E30C7
:100990009BB2002B40F0A1807B681B68FB64FB6C62
:1009A00053E8003FBB64BB6C23F49073BB667B6869
:1009B0001B681A46BB6EBB657A65796DBA6D41E8F6
:1009C00000233B653B6D002BE6D17B681B68083339
:1009D000BB63BB6B53E8003F7B637B6B23F001037E
:1009E0007B667B681B6808337A6E7A643B64396C7B
:1009F0007A6C41E80023FB63FB6B002BE5D17B683D
:100A00002022C3F88C207B6800225A677B68002272
:100A10001A677B681B68334A93421FD07B681B6848
:100A20005B6803F40003002B18D07B681B687B62B3
:100A30007B6A53E8003F3B623B6A23F080633B667E
:100A40007B681B681A463B6E3B63FA62F96A3A6B35
:100A500041E80023BB62BB6A002BE6D17B68DB6EFA
:100A6000012B2ED17B680022DA667B681B683B6114
:100A70003B6953E8003FFB60FB6823F01003FB6514
:100A80007B681B681A46FB6DFB61BA61B969FA693C
:100A900041E800237B617B69002BE6D17B681B6802
:100AA000DB6903F01003102B03D17B681B68102255
:100AB0001A627B68B3F85C3019467868FFF7B8F8BB
:100AC0000BE07868F5F786FD07E07B681B689A699C
:100AD0007B681B6842F008029A6100BF7037BD4610
:100AE00080BD00BF0080004080B59CB000AF786042
:100AF0007B68B3F86030A7F86E307B68D3F88C3031
:100B0000222B40F0BE807B681B685B6AA7F86C30C4
:100B10007B689B6DBB66B7F86C20B7F86E301340EE
:100B20009AB2BB6E1A807B689B6D9A1C7B689A6533
:100B30007B68B3F85E309BB2013B9AB27B68A3F846
:100B40005E207B68B3F85E309BB2002B40F0A18042
:100B50007B681B68BB64BB6C53E8003F7B647B6CA9
:100B600023F490737B667B681B681A467B6E7B65FB
:100B70003A65396D7A6D41E80023FB64FB6C002B0C
:100B8000E6D17B681B6808337B637B6B53E8003FCF
:100B90003B633B6B23F001033B667B681B680833B8
:100BA0003A6E3A64FB63F96B3A6C41E80023BB632D
:100BB000BB6B002BE5D17B682022C3F88C207B68BF
:100BC00000225A677B6800221A677B681B68334AD9
:100BD00093421FD07B681B685B6803F40003002B03
:100BE00018D07B681B683B623B6A53E8003FFB619F
:100BF000FB6923F08063FB657B681B681A46FB6D0D
:100C0000FB62BA62B96AFA6A41E800237B627B6AD6
:100C1000002BE6D17B68DB6E012B2ED17B68002296
:100C2000DA667B681B68FB60FB6853E8003FBB60CB
:100C3000BB6823F01003BB657B681B681A46BB6D5D
:100C4000BB617A617969BA6941E800233B613B691C
:100C5000002BE6D17B681B68DB6903F01003102BC7
:100C600003D17B681B6810221A627B68B3F85C3082
:100C700019467868FEF7DCFF0BE07868F5F7AAFC08
:100C800007E07B681B689A697B681B6842F0080272
:100C90009A6100BF7037BD4680BD00BF0080004034
:100CA00080B5ACB000AF78607B68B3F86030A7F86F
:100CB000AA307B681B68DB69C7F8AC307B681B68AF
:100CC0001B68C7F8A4307B681B689B68C7F8A03016
:100CD0007B68D3F88C30222B40F083817B68B3F89B
:100CE0006830A7F89E3026E17B681B685B6AA7F82E
:100CF0009C30B7F89C30D9B2B7F8AA30DAB27B682A
:100D00009B6D0A40D2B21A707B689B6D5A1C7B683F
:100D10009A657B68B3F85E309BB2013B9AB27B6800
:100D2000A3F85E207B681B68DB69C7F8AC30D7F896
:100D3000AC3003F00703002B53D0D7F8AC3003F0EE
:100D40000103002B11D0D7F8A43003F48073002BDB
:100D50000BD07B681B6801221A627B68D3F8903045
:100D600043F001027B68C3F89020D7F8AC3003F061
:100D70000203002B11D0D7F8A03003F00103002BA1
:100D80000BD07B681B6802221A627B68D3F8903014
:100D900043F004027B68C3F89020D7F8AC3003F02E
:100DA0000403002B11D0D7F8A03003F00103002B6F
:100DB0000BD07B681B6804221A627B68D3F89030E2
:100DC00043F002027B68C3F890207B68D3F8903030
:100DD000002B06D07868FEF721FF7B680022C3F85D
:100DE00090207B68B3F85E309BB2002B40F0A3806C
:100DF0007B681B683B673B6F53E8003FFB66FB6EFD
:100E000023F48073C7F898307B681B681A46D7F8BC
:100E10009830FB67BA67B96FFA6F41E800237B67C8
:100E20007B6F002BE4D17B681B680833FB65FB6D8F
:100E300053E8003FBB65BB6D23F0805323F00103F3
:100E4000C7F894307B681B680833D7F89420BA66DB
:100E50007B66796EBA6E41E800233B663B6E002BE1
:100E6000E1D17B682022C3F88C207B6800225A677E
:100E70007B6800221A677B681B68604A934221D016
:100E80007B681B685B6803F40003002B1AD07B6847
:100E90001B68BB64BB6C53E8003F7B647B6C23F036
:100EA0008063C7F890307B681B681A46D7F890308B
:100EB0007B653A65396D7A6D41E80023FB64FB6C14
:100EC000002BE4D17B68DB6E012B30D17B680022E4
:100ED000DA667B681B687B637B6B53E8003F3B6390
:100EE0003B6B23F01003C7F88C307B681B681A46F5
:100EF000D7F88C303B64FA63F96B3A6C41E8002315
:100F0000BB63BB6B002BE4D17B681B68DB6903F020
:100F10001003102B03D17B681B6810221A627B68B8
:100F2000B3F85C3019467868FEF782FE0EE0786808
:100F3000F5F750FB0AE0B7F89E30002B06D0D7F843
:100F4000AC3003F02003002B7FF4CEAE7B68B3F807
:100F50005E30A7F88A30B7F88A30002B49D07B681A
:100F6000B3F86830B7F88A209A4242D27B681B688F
:100F700008333B623B6A53E8003FFB61FB6923F0A7
:100F80008053C7F884307B681B680833D7F8842007
:100F9000FA62BB62B96AFA6A41E800237B627B6A43
:100FA000002BE3D17B68164A5A677B681B68FB609D
:100FB000FB6853E8003FBB60BB6843F02003C7F801
:100FC00080307B681B681A46D7F88030BB617A6135
:100FD0007969BA6941E800233B613B69002BE4D1A0
:100FE00007E07B681B689A697B681B6842F008020F
:100FF0009A6100BFB037BD4680BD00BF0080004091
:101000003109010880B5AEB000AF78607B68B3F8F5
:101010006030A7F8B2307B681B68DB69C7F8B43072
:101020007B681B681B68C7F8AC307B681B689B68D3
:10103000C7F8A8307B68D3F88C30222B40F087812A
:101040007B68B3F86830A7F8A6302AE17B681B6894
:101050005B6AA7F8A4307B689B6DC7F8A030B7F82F
:10106000A420B7F8B23013409AB2D7F8A0301A8053
:101070007B689B6D9A1C7B689A657B68B3F85E30D1
:101080009BB2013B9AB27B68A3F85E207B681B6829
:10109000DB69C7F8B430D7F8B43003F00703002B8E
:1010A00053D0D7F8B43003F00103002B11D0D7F898
:1010B000AC3003F48073002B0BD07B681B680122DB
:1010C0001A627B68D3F8903043F001027B68C3F862
:1010D0009020D7F8B43003F00203002B11D0D7F8DA
:1010E000A83003F00103002B0BD07B681B680222A1
:1010F0001A627B68D3F8903043F004027B68C3F82F
:101100009020D7F8B43003F00403002B11D0D7F8A7
:10111000A83003F00103002B0BD07B681B6804226E
:101120001A627B68D3F8903043F002027B68C3F800
:1011300090207B68D3F89030002B06D07868FEF7BB
:101140006DFD7B680022C3F890207B68B3F85E30A9
:101150009BB2002B40F0A5807B681B687B677B6F90
:1011600053E8003F3B673B6F23F48073C7F89C3024
:101170007B681B681A46D7F89C30C7F88030FA673E
:10118000F96FD7F8802041E80023BB67BB6F002BC5
:10119000E2D17B681B6808333B663B6E53E8003F37
:1011A000FB65FB6D23F0805323F00103C7F89830F3
:1011B0007B681B680833D7F89820FA66BB66B96E5F
:1011C000FA6E41E800237B667B6E002BE1D17B68E1
:1011D0002022C3F88C207B6800225A677B6800229B
:1011E0001A677B681B68604A934221D07B681B6842
:1011F0005B6803F40003002B1AD07B681B68FB6458
:10120000FB6C53E8003FBB64BB6C23F08063C7F802
:1012100094307B681B681A46D7F89430BB657A65B2
:10122000796DBA6D41E800233B653B6D002BE4D13D
:101230007B68DB6E012B30D17B680022DA667B682D
:101240001B68BB63BB6B53E8003F7B637B6B23F086
:101250001003C7F890307B681B681A46D7F89030A7
:101260007B643A64396C7A6C41E80023FB63FB6B66
:10127000002BE4D17B681B68DB6903F01003102BA3
:1012800003D17B681B6810221A627B68B3F85C305C
:1012900019467868FEF7CCFC0EE07868F5F79AF905
:1012A0000AE0B7F8A630002B06D0D7F8B43003F028
:1012B0002003002B7FF4CAAE7B68B3F85E30A7F83A
:1012C0008E30B7F88E30002B49D07B68B3F8683089
:1012D000B7F88E209A4242D27B681B6808337B6243
:1012E0007B6A53E8003F3B623B6A23F08053C7F8B8
:1012F00088307B681B680833D7F888203A63FB6224
:10130000F96A3A6B41E80023BB62BB6A002BE3D168
:101310007B68164A5A677B681B683B613B6953E8E8
:10132000003FFB60FB6843F02003C7F884307B6814
:101330001B681A46D7F88430FB61BA61B969FA694B
:1013400041E800237B617B69002BE4D107E07B68E7
:101350001B689A697B681B6842F008029A6100BFAB
:10136000B837BD4680BD00BF00800040E90A0108D3
:1013700080B483B000AF786000BF0C37BD465DF825
:10138000047B704780B483B000AF786000BF0C3737
:10139000BD465DF8047B704780B483B000AF7860D1
:1013A00000BF0C37BD465DF8047B704780B485B044
:1013B00000AF78607B6893F88430012B01D1022361
:1013C00027E07B68012283F884207B682422C3F80D
:1013D00088207B681B681B68FB607B681B681A6839
:1013E0007B681B6822F001021A60FB6823F000533F
:1013F000FB607B6800225A667B681B68FA681A608B
:101400007B682022C3F888207B68002283F8842030
:10141000002318461437BD465DF8047B704780B53D
:1014200084B000AF786039607B6893F88430012B1A
:1014300001D102232DE07B68012283F884207B68A0
:101440002422C3F888207B681B681B68FB607B68CC
:101450001B681A687B681B6822F001021A607B68AF
:101460001B689B6823F060417B681B683A680A43ED
:101470009A60786800F050F87B681B68FA681A6018
:101480007B682022C3F888207B68002283F88420B0
:10149000002318461037BD4680BD80B584B000AF2C
:1014A000786039607B6893F88430012B01D1022386
:1014B0002DE07B68012283F884207B682422C3F816
:1014C00088207B681B681B68FB607B681B681A6848
:1014D0007B681B6822F001021A607B681B689B68AE
:1014E00023F060617B681B683A680A439A607868F9
:1014F00000F012F87B681B68FA681A607B6820228B
:10150000C3F888207B68002283F8842000231846D3
:101510001037BD4680BD000080B485B000AF786054
:101520007B685B6E002B08D17B680122A3F86A20E0
:101530007B680122A3F8682031E00823FB730823AD
:10154000BB737B681B689B685B0EDBB203F0070311
:101550007B737B681B689B685B0FDBB203F0070340
:101560003B73BB7B3A7B11498A5C02FB03F33A7BFA
:101570000F498A5C93FBF2F39AB27B68A3F86A2066
:10158000FB7B7A7B09498A5C02FB03F37A7B08497F
:101590008A5C93FBF2F39AB27B68A3F8682000BFE1
:1015A0001437BD465DF8047B704700BF48960108BC
:1015B0005096010880B588B000AF0023FB7107F199
:1015C000080318220021184601F0F0FC3F233B815C
:1015D00081237B81FB1DBB610123FB6107F10803B4
:1015E0000021184601F0A0FB0346002B01DAFF237F
:1015F00000E0FB7918462037BD4680BDB0B5CEB0BF
:1016000000AF05460C461046194607F59C73A3F239
:1016100031132A461A7007F59C73A3F59A73224674
:101620001A8007F59C73A3F59B7302461A8007F591
:101630009C73A3F599730A461A7007F11003C7F853
:10164000343197F84C31083307F110021344C7F8CE
:10165000303197F84C2197F854311344093307F18E
:1016600010021344C7F82C3107F59C73A3F2291319
:1016700000221A700023C7F82831D7F8343107F553
:101680009C72A2F2311212781A70D7F82831013305
:10169000C7F82831D7F8343107F59C72A2F59A7251
:1016A0001288A3F80120D7F828310233C7F828316F
:1016B000D7F8343107F59C72A2F59B721288A3F813
:1016C0000320D7F828310233C7F82831D7F834314E
:1016D00007F59C72A2F5997212785A71D7F82831E1
:1016E0000133C7F82831D7F8343197F848219A7177
:1016F000D7F828310133C7F82831D7F8343197F8B3
:101700004C21DA71D7F828310133C7F82831D7F8DE
:101710003431083397F84C21D7F85011184601F0AE
:1017200035FC97F84C31D7F828211344C7F82831F5
:10173000D7F8303197F854211A70D7F8283101338F
:10174000C7F82831D7F83031013397F85421D7F84A
:101750005811184601F01AFC97F85431D7F828218F
:101760001344C7F82831D7F82C31B7F85C211A8018
:10177000D7F828310233C7F82831D7F82C31B7F819
:1017800060215A80D7F828310233C7F8283107F58D
:10179000887318220021184601F008FC3F23A7F89F
:1017A00010318323A7F8123107F11003C7F818315D
:1017B000D7F82831C7F81C3107F10F03C7F82031DB
:1017C0000123C7F8243107F588730021184601F07A
:1017D000ABFA0346002B01DAFF2304E007F59C7304
:1017E000A3F229131B78184607F59C77BD46B0BDB8
:1017F00080B5CCB000AF024607F59873A3F2291369
:101800001A7007F11003C7F82C3107F59873A3F28B
:10181000211300221A700023C7F82831D7F82C3181
:1018200007F59872A2F2291212781A70D7F82831A7
:101830000133C7F8283107F58873182200211846AC
:1018400001F0B4FB3F23A7F810318523A7F812312C
:1018500007F11003C7F81831D7F82831C7F81C3141
:1018600007F10F03C7F820310123C7F8243107F52A
:1018700088730021184601F057FA0346002B01DA5D
:10188000FF2304E007F59873A3F221131B78184691
:1018900007F59877BD4680BDB0B5CCB000AF054622
:1018A0000C461046194607F59873A3F229132A46E9
:1018B0001A7007F59873A3F5957322461A7007F509
:1018C0009873A3F22B1302461A7007F59873A3F5C9
:1018D00096730A461A7007F11003C7F82C3107F502
:1018E0009873A3F2211300221A700023C7F828313D
:1018F000D7F82C3107F59872A2F2291212781A70D3
:10190000D7F828310133C7F82831D7F82C3107F53B
:101910009872A2F5957212785A70D7F8283101336F
:10192000C7F82831D7F82C3107F59872A2F22B129C
:1019300012789A70D7F828310133C7F82831D7F8D0
:101940002C3107F59872A2F596721278DA70D7F8F2
:1019500028310133C7F82831D7F82C3197F84021C6
:101960001A71D7F828310133C7F82831D7F82C314C
:1019700097F844215A71D7F828310133C7F8283134
:10198000D7F82C3197F848219A71D7F828310133CC
:10199000C7F82831D7F82C31D7F84C21C3F80720E5
:1019A000D7F828310433C7F82831D7F82C3197F805
:1019B0005021DA72D7F828310133C7F8283107F5FA
:1019C000887318220021184601F0F0FA3F23A7F887
:1019D00010318623A7F8123107F11003C7F8183128
:1019E000D7F82831C7F81C3107F10F03C7F82031A9
:1019F0000123C7F8243107F588730021184601F048
:101A000093F90346002B01DAFF2304E007F59873EE
:101A1000A3F221131B78184607F59877BD46B0BD91
:101A200080B5CCB000AF024607F59873A3F5987364
:101A3000196007F59873A3F595731A8007F11003E1
:101A4000C7F82C3107F59873A3F2211300221A70FE
:101A50000023C7F82831D7F82C3107F59872A2F582
:101A6000957212881A80D7F828310233C7F82831C6
:101A7000D7F82C3107F59872A2F598721268C3F85E
:101A80000220D7F828310433C7F8283107F58873C6
:101A900018220021184601F089FA3F23A7F81031D7
:101AA0008823A7F8123107F11003C7F81831D7F8C7
:101AB0002831C7F81C3107F10F03C7F82031012383
:101AC000C7F8243107F588730021184601F02CF976
:101AD0000346002B01DAFF2304E007F59873A3F215
:101AE00021131B78184607F59877BD4680BD90B541
:101AF000CDB000AF04460846114607F59872A2F52E
:101B00009872136007F59873A3F2291322461A708E
:101B100007F59873A3F5957302461A7007F5987345
:101B2000A3F22B130A461A7007F11003C7F82C31E1
:101B300007F1080307220021184601F037FA0023B5
:101B4000C7F82831D7F82C3107F59872A2F229127C
:101B500012781A70D7F828310133C7F82831D7F82E
:101B60002C3107F59872A2F5957212785A70D7F851
:101B700028310133C7F82831D7F82C3107F598728E
:101B8000A2F22B1212789A70D7F828310133C7F8D5
:101B9000283107F5887318220021184601F006FA4B
:101BA0003F23A7F810318A23A7F8123107F1100359
:101BB000C7F81831D7F82831C7F81C3107F10803E6
:101BC000C7F820310723C7F8243107F588730021AF
:101BD000184601F0A9F80346002B01DAFF232EE096
:101BE00007F59873A3F594731B78002B05D007F5C0
:101BF0009873A3F594731B7821E007F59873A3F508
:101C00009473B3F801309AB207F59873A3F59873FB
:101C10001B681A8007F59873A3F59473B3F8033023
:101C20009AB2D7F840311A8007F59873A3F59473E8
:101C3000B3F805309AB2D7F844311A800023184619
:101C400007F59A77BD4690BD80B5CCB000AF02468F
:101C500007F59873A3F59873196007F59873A3F2C5
:101C600029131A7007F11003C7F82C3107F5987380
:101C7000A3F2211300221A700023C7F82831D7F8E5
:101C80002C3107F59872A2F2291212781A70D7F83F
:101C900028310133C7F82831D7F82C31581C07F503
:101CA0009873A3F229131A7807F59873A3F598731C
:101CB000196801F06BF907F59873A3F229131B78E3
:101CC000D7F828211344C7F8283107F5887318225C
:101CD0000021184601F06AF93F23A7F810318E233E
:101CE000A7F8123107F11003C7F81831D7F82831D7
:101CF000C7F81C3107F10F03C7F820310123C7F8DB
:101D0000243107F588730021184601F00DF80346C9
:101D1000002B01DAFF2304E007F59873A3F22113E7
:101D20001B78184607F59877BD4680BD80B588B00A
:101D300000AF0023FB7107F10803182200211846A9
:101D400001F034F93F233B8192237B81FB1DBB6172
:101D50000123FB6107F108030021184600F0E4FFAE
:101D60000346002B01DAFF2300E0FB7918462037F9
:101D7000BD4680BD80B5CCB000AF024607F5987374
:101D8000A3F595731A8007F11003C7F82C3107F5F6
:101D90009873A3F2211300221A700023C7F8283188
:101DA000D7F82C3107F59872A2F5957212881A802F
:101DB000D7F828310233C7F8283107F5887318227D
:101DC0000021184601F0F2F83F23A7F810319523BF
:101DD000A7F8123107F11003C7F81831D7F82831E6
:101DE000C7F81C3107F10F03C7F820310123C7F8EA
:101DF000243107F588730021184600F095FF03464B
:101E0000002B01DAFF2304E007F59873A3F22113F6
:101E10001B78184607F59877BD4680BD80B5CCB0D5
:101E200000AF024607F59873A3F595731A8007F57E
:101E30009873A3F22B130A461A7007F11003C7F820
:101E40002C3107F59873A3F2211300221A70002396
:101E5000C7F82831D7F82C3107F59872A2F595729A
:101E600012881A80D7F828310233C7F82831D7F8FA
:101E70002C3107F59872A2F22B1212789A70D7F8CB
:101E800028310133C7F8283107F58873182200215B
:101E9000184601F08BF83F23A7F81031A523A7F8C7
:101EA000123107F11003C7F81831D7F82831C7F8F5
:101EB0001C3107F10F03C7F820310123C7F8243183
:101EC00007F588730021184600F02EFF0346002B0B
:101ED00001DAFF2304E007F59873A3F221131B78BE
:101EE000184607F59877BD4680BD80B588B000AF2D
:101EF0000023FB7107F1080318220021184601F0A6
:101F000055F83F233B8140F201137B81FB1DBB61F0
:101F10000123FB6107F108030021184600F004FFCC
:101F20000346002B01DAFF2300E0FB791846203737
:101F3000BD4680BD90B5CFB000AF044607F59C709C
:101F4000A0F59C7001601046194607F59C73A3F23A
:101F5000311322461A7007F59C73A3F59973024654
:101F60001A7007F59C73A3F233130A461A7007F12F
:101F70001003C7F8303107F59C73A3F231131B78B7
:101F8000012B0AD007F59C73A3F231131B78022BA7
:101F900001D1112302E0012300E0032307F1100225
:101FA0001344C7F82C3107F10C0303220021184613
:101FB00000F0FCFF0023C7F82831D7F8303107F5CF
:101FC0009C72A2F2311212781A70D7F828310133BC
:101FD000C7F8283107F59C73A3F231131B78012B46
:101FE00002D0022B04D007E0022387F8373105E046
:101FF000102387F8373101E097236CE0D7F83031B0
:10200000581C97F8372107F59C73A3F59C73196842
:1020100000F0BCFF97F83731D7F828211344C7F8F0
:102020002831D7F82C3107F59C72A2F599721278F5
:102030001A70D7F828310133C7F82831D7F82C3176
:1020400007F59C72A2F2331212785A70D7F8283131
:102050000133C7F8283107F5887318220021184684
:1020600000F0A4FF3F23A7F810314FF48173A7F8C5
:10207000123107F11003C7F81831D7F82831C7F823
:102080001C3107F10C03C7F820310323C7F82431B2
:1020900007F588730021184600F046FE0346002B22
:1020A00001DAFF2317E007F59C73A3F596731B78FD
:1020B000002B05D007F59C73A3F596731B780AE0F7
:1020C00007F59C73A3F59673B3F801309AB2D7F86D
:1020D00048311A800023184607F59E77BD4690BD0B
:1020E00090B5D1B000AF0446084607F5A071A1F540
:1020F0009C710A60194607F5A073A3F599732246EF
:102100001A8007F5A073A3F2331302461A7007F57D
:10211000A073A3F59D730A461A8007F11803C7F848
:10212000383107F5A073A3F233131B78012B0AD0C3
:1021300007F5A073A3F233131B78022B01D11323ED
:1021400002E0032300E0052307F118021344C7F857
:10215000343107F1140303220021184600F026FF52
:102160000023C7F83031D7F8383107F5A072A2F54F
:10217000997212881A80D7F830310233C7F830319B
:10218000D7F8383107F5A072A2F2331212789A709C
:10219000D7F830310133C7F8303107F5A073A3F217
:1021A00033131B78012B02D0022B04D007E002234B
:1021B00087F83F3105E0102387F83F3101E097238E
:1021C00091E0D7F83831D81C97F83F2107F5A07374
:1021D000A3F59C73196800F0D9FE97F83F31D7F842
:1021E00030211344C7F83031D7F8343107F5A072E5
:1021F000A2F59D7212881A80D7F830310233C7F8E1
:102200003031D7F8343197F850219A70D7F83031FF
:102210000133C7F83031D7F8343197F85421DA70E8
:10222000D7F830310133C7F83031D7F8343197F867
:1022300058211A71D7F830310133C7F83031D7F847
:10224000343197F85C215A71D7F830310133C7F82F
:102250003031D7F8343197F860219A71D7F830319E
:102260000133C7F8303107F58C7318220021184666
:1022700000F09CFE3F23A7F818314FF48273A7F8B3
:102280001A3107F11803C7F82031D7F83031C7F8F1
:10229000243107F11403C7F828310323C7F82C3180
:1022A00007F58C730021184600F03EFD0346002B15
:1022B00001DAFF2317E007F5A073A3F596731B78E7
:1022C000002B05D007F5A073A3F596731B780AE0E1
:1022D00007F5A073A3F59673B3F801309AB2D7F857
:1022E00064311A800023184607F5A277BD4690BDD9
:1022F000B0B5CCB000AF05460C461046194607F500
:102300009873A3F595732A461A8007F59873A3F579
:10231000967322461A8007F59873A3F22D1302468E
:102320001A7007F59873A3F597730A461A7007F1A8
:102330001003C7F82C3107F59873A3F2211300227C
:102340001A700023C7F82831D7F82C3107F5987296
:10235000A2F5957212881A80D7F828310233C7F88F
:102360002831D7F82C3107F59872A2F596721288A9
:102370005A80D7F828310233C7F82831D7F82C31E2
:1023800007F59872A2F22D1212781A71D7F8283137
:102390000133C7F82831D7F82C3107F59872A2F528
:1023A000977212785A71D7F828310133C7F828315B
:1023B000D7F82C31981D07F59873A3F597731B7800
:1023C0001A46D7F8401100F0E1FD07F59873A3F520
:1023D00097731B78D7F828211344C7F8283107F5DD
:1023E000887318220021184600F0E0FD3F23A7F86B
:1023F00010314FF48373A7F8123107F11003C7F8B7
:102400001831D7F82831C7F81C3107F10F03C7F886
:1024100020310123C7F8243107F5887300211846BD
:1024200000F082FC0346002B01DAFF2304E007F5ED
:102430009873A3F221131B78184607F59877BD46C9
:10244000B0BD80B5CCB000AF024607F59873A3F5D8
:1024500095731A8007F11003C7F82C3107F59873AC
:10246000A3F2211300221A700023C7F82831D7F8ED
:102470002C3107F59872A2F5957212881A80D7F858
:1024800028310233C7F8283107F588731822002154
:10249000184600F08BFD3F23A7F8103140F22513BA
:1024A000A7F8123107F11003C7F81831D7F828310F
:1024B000C7F81C3107F10F03C7F820310123C7F813
:1024C000243107F588730021184600F02DFC0346DF
:1024D000002B01DAFF2304E007F59873A3F2211320
:1024E0001B78184607F59877BD4680BD80B5CCB0FF
:1024F00000AF07F59873A3F598731A6007F5987302
:10250000A3F2291302461A7007F59873A3F5957381
:102510000A461A7007F11003C7F82C3107F59873B3
:10252000A3F2211300221A700023C7F82831D7F82C
:102530002C3107F59872A2F2291212781A70D7F886
:1025400028310133C7F82831D7F82C3107F59872B4
:10255000A2F5957212785A70D7F828310133C7F86E
:102560002831D7F82C31981C07F59873A3F595738B
:102570001A7807F59873A3F59873196800F006FDAB
:1025800007F59873A3F595731B78D7F828211344A2
:10259000C7F8283107F5887318220021184600F083
:1025A00005FD3F23A7F810310C23A7F8123107F1DE
:1025B0001003C7F81831D7F82831C7F81C3107F1D4
:1025C0000F03C7F820310123C7F8243107F58873BA
:1025D0000021184600F0A8FB0346002B01DAFF2378
:1025E00004E007F59873A3F221131B78184607F54A
:1025F0009877BD4680BD80B5CCB000AF024607F5E8
:102600009873A3F229131A7007F59873A3F59573BD
:102610000A461A7007F11003C7F82C3107F59873B2
:10262000A3F2211300221A700023C7F82831D7F82B
:102630002C3107F59872A2F2291212781A70D7F885
:1026400028310133C7F82831D7F82C3107F59872B3
:10265000A2F5957212785A70D7F828310133C7F86D
:10266000283107F5887318220021184600F09EFCD7
:102670003F23A7F810310F23A7F8123107F11003F9
:10268000C7F81831D7F82831C7F81C3107F10F0304
:10269000C7F820310123C7F8243107F588730021DA
:1026A000184600F041FB0346002B01DAFF2304E04B
:1026B00007F59873A3F221131B78184607F598774E
:1026C000BD4680BD80B5CCB000AF024607F598731B
:1026D000A3F595731A8007F11003C7F82C3107F59D
:1026E0009873A3F2211300221A700023C7F828312F
:1026F000D7F82C3107F59872A2F5957212881A80D6
:10270000D7F828310233C7F8283107F58873182223
:102710000021184600F04AFC3F23A7F81031182387
:10272000A7F8123107F11003C7F81831D7F828318C
:10273000C7F81C3107F10F03C7F820310123C7F890
:10274000243107F588730021184600F0EDFA03469E
:10275000002B01DAFF2304E007F59873A3F221139D
:102760001B78184607F59877BD4680BD80B588B0C0
:1027700000AF0023FB7107F108031822002118465F
:1027800000F014FC03233B8103237B81FB1DBB6111
:102790000123FB6107F108030021184600F0C4FA89
:1027A0000346002B01DAFF2300E0FB7918462037AF
:1027B000BD4680BD80B5CEB000AF07F59C73A3F5D4
:1027C0009873196007F59C73A3F59A731A6007F55F
:1027D0009C73A3F5957302461A8007F11803C7F896
:1027E000343107F1100305220021184600F0DEFB0A
:1027F0000023C7F83031D7F8343107F59C72A2F5C1
:10280000957212881A80D7F830310233C7F8303108
:1028100007F58C7318220021184600F0C7FB082327
:10282000A7F818313023A7F81A3107F11803C7F8B1
:102830002031D7F83031C7F8243107F11003C7F839
:1028400028310523C7F82C3107F58C730021184671
:1028500000F06AFA0346002B01DAFF2323E007F5B4
:102860009C73A3F594731B78002B05D007F59C731C
:10287000A3F594731B7816E007F59C73A3F5947386
:10288000DA7807F59C73A3F598731B681A7007F53F
:102890009C73A3F594731A7907F59C73A3F59A7347
:1028A0001B681A700023184607F59C77BD4680BD4B
:1028B00090B5CDB000AF04460846114607F59873B1
:1028C000A3F2291322461A7007F59873A3F595739E
:1028D00002461A7007F59873A3F22B130A461A7072
:1028E00007F11003C7F82C3107F59873A3F22113F1
:1028F00000221A700023C7F82831D7F82C3107F5C9
:102900009872A2F2291212781A70D7F8283101337E
:10291000C7F82831D7F82C3107F59872A2F59572CF
:1029200012785A70D7F828310133C7F82831D7F810
:102930002C3107F59872A2F22B1212789A70D7F800
:1029400028310133C7F8283107F588731822002190
:10295000184600F02BFB0823A7F810313123A7F805
:10296000123107F11003C7F81831D7F82831C7F82A
:102970001C3107F10F03C7F820310123C7F82431B8
:1029800007F588730021184600F0CEF90346002BA6
:1029900001DAFF2304E007F59873A3F221131B78F3
:1029A000184607F59A77BD4690BDB0B5CCB000AFDC
:1029B00005460C461046194607F59873A3F595731E
:1029C0002A461A8007F59873A3F5967322461A8053
:1029D00007F59873A3F5977302461A8007F5987365
:1029E000A3F598730A461A8007F11003C7F82C3133
:1029F00007F59873A3F2211300221A700023C7F879
:102A00002831D7F82C3107F59872A2F59572128803
:102A10001A80D7F828310233C7F82831D7F82C317B
:102A200007F59872A2F5967212885A80D7F8283165
:102A30000233C7F82831D7F82C3107F59872A2F580
:102A4000977212889A80D7F828310233C7F8283154
:102A5000D7F82C3107F59872A2F598721288DA80AF
:102A6000D7F828310233C7F82831D7F82C31B7F816
:102A700040211A81D7F828310233C7F8283107F5E9
:102A8000887318220021184600F090FA3F23A7F817
:102A9000103140F28113A7F812310F23C7F8143117
:102AA00007F11003C7F81831D7F82831C7F81C31DF
:102AB00007F10F03C7F820310123C7F8243107F5C8
:102AC00088730021184600F02FF90346002B01DA25
:102AD000FF2304E007F59873A3F221131B7818462F
:102AE00007F59877BD46B0BD80B586B000AFEFF36F
:102AF0001083FB60FB687B6172B600BFBB1C19468C
:102B0000124801F0F5F8BB1C1946104801F0DFF936
:102B100038613B69002B0CD07B69BB60BB6883F3D9
:102B2000108800BF7B880A4A19463869EEF7E1FA37
:102B300008E0084B01221A707B697B607B6883F395
:102B4000108800BF00BF1837BD4680BDD81F0020C9
:102B5000E92A01084100002080B582B002AFEEF7FB
:102B6000C2FA0223009300234FF480520349044821
:102B700000F066FE00BFBD4680BD00BFF81F00200C
:102B8000D81F002080B584B000AFF860B9607A60CB
:102B90007A68B968F86800F005F8034618461037F7
:102BA000BD4680BD80B58AB000AFF860B9607A607C
:102BB00000237B62EFF31083BB61BB693B62FB6860
:102BC000B3F1FF3F02D100237B6237E0FB68012BAA
:102BD00006D0FB68022B03D04FF0FF337B622DE061
:102BE0007B68002B2AD07B687B6272B600BF7B6853
:102BF0009AB20123B968144800F054FEF861FB69E9
:102C0000002B15D0114B1B78DBB2002B10D00F4BD3
:102C100000221A703B6A7B617B6983F3108800BFD6
:102C20007B689BB20A4A1946F869EEF762FA05E03A
:102C30003B6A3B613B6983F3108800BF7B6A18469F
:102C40002837BD4680BD00BFD81F002041000020AE
:102C5000E92A010880B582B000AF786039603B682E
:102C60005B68084A1360084A7B68D361064800F035
:102C700079F93B681B68184600F0DAF800BF08379E
:102C8000BD4680BD20300020F82F002080B584B0E4
:102C900000AF224800F026FD0346002B2BD1204B2D
:102CA0001B78002B27D007F10C0319461B4800F0B6
:102CB000A8FD1C4BDB69002B0CD0FB68BB6001231B
:102CC0003B71184BDB693A1D104698473A79144B13
:102CD0001A7002E0124B01221A70114B1B78002B64
:102CE00004D0FB68184601F04DFC04E0FB6819466F
:102CF0000A4800F019FD094800F0F4FC0346002BD7
:102D000007D1074B1B78002B03D00448F8F7B8FA1B
:102D100000BF00BF1037BD4680BD00BF18020020B5
:102D200024020020F82F002080B588B000AF786022
:102D30000B46FB70002000F0D1F80023FB777B6886
:102D40005B881BB2C3F309031AB27B681B881BB2F2
:102D50009B021BB213431BB2BB83334B01221A707D
:102D60007B68DB68D9B27B689A68BB8B184600F039
:102D70008FF84EE048F2E800F8F799FA43E007F1DF
:102D80000C031946294800F03CFDFB685B7A0F2BC9
:102D900014D1FB680B333B613B695B889BB2BA8BF8
:102DA0009A4204D17B681B693A6912781A703B69B0
:102DB0005B78002B27D00123FB7724E0FB680B33E3
:102DC000BB61BB69B3F801309BB2BA8B9A4214D194
:102DD000FB689B7A033BFB757B685A69FB7D9A42D3
:102DE000A8BF1A467B685A617B681869BB69D91C01
:102DF0007B685B691A4602F0B8FFBB691B78002B41
:102E000001D00123FB77094800F06CFC0346002B3E
:102E1000B5D0FB7F002BADD0012000F05FF8002380
:102E200018462037BD4680BD2430002018300020D1
:102E300080B586B000AF78600F4800F043FC0F4AC1
:102E40007B6813600E4800F03DFC0E4B01221A70A7
:102E50000D4B1B68002B0AD07B683B610B4BBB60A2
:102E6000094B1B6807F108021046984700BF00BFD6
:102E70001837BD4680BD00BF18300020200200205A
:102E80001802002024020020F82F00201D2F010826
:102E900080B582B000AF03463A60FB800B467B7181
:102EA0000C4B1B68FA88A3F809200A4B1B687A7937
:102EB000DA72084B1B680C337A793968184602F0CD
:102EC00054FF054B1B6900210020984700BF0837BD
:102ED000BD4680BD20020020F82F002080B582B0C2
:102EE00000AF0346FB71FB79002B08D10A4B1B682E
:102EF000002B0DD0084B1B680020984708E0064BBC
:102F00001B68002B04D0044B1B680120984700BFAE
:102F100000BF0837BD4680BD2030002080B582B09C
:102F200000AF78607B685B7A0F2B03D07B685B7A9D
:102F30000E2B07D17968094800F01CFC0020F8F737
:102F4000ABF906E07968064800F014FC0448F8F78D
:102F500097F900BF0837BD4680BD00BF183000207C
:102F60001802002080B483B000AF78607B68054A07
:102F70001A607B68044A1A6100BF0C37BD465DF8D1
:102F8000047B7047F54201085D43010880B584B0B9
:102F900000AFF860B9607A607A68B968F86802F0E2
:102FA000E4FE034618461037BD4680BD80B584B0A8
:102FB00000AFF860B9607A607A68B968F86802F0C2
:102FC00045FE034618461037BD4680BD80B485B027
:102FD00000AF0346FB710F4BFB6002E0FB68083B50
:102FE000FB60FB6807331B78FA799A4203D0FB68D1
:102FF000094A9342F2D1FB6807331B78FA799A4267
:1030000001D00023FB60FB6818461437BD465DF80D
:10301000047B7047F873FF1F0070FF1F80B58AB0F4
:1030200000AF7860002387F827307B6801333B626C
:103030003B6A1B78FF2B4CD13B6A0233FB61FB6977
:103040001B889BB21A4640F601439A423DD1FB6968
:103050000233BB61BB695B889BB21A46204B9B88DD
:1030600002339A4218D1012387F82730BB691B7AB3
:1030700003F00103002B07D000233B7207F1080384
:103080001846F8F757F922E001233B7207F10803CD
:103090001846F8F74FF91AE0BB695B889BB21A46ED
:1030A0000F4B5B8801339A4211D103233B72BB69FA
:1030B000DB889BB2DBB23B74BB690833FB6007F172
:1030C00008031846F8F736F901E000BF02E000BF38
:1030D00000E000BF97F8273018462837BD4680BD6E
:1030E0002802002080B58AB006AF4A4801F054F8A3
:1030F0008F233B70E5237B70B323BB70D523FB701C
:103100002E233B717F237B714A23BB719823FB7174
:103110002A233B7248237B727A23BB72CC23FB7237
:1031200040233B73FE237B730023BB730023FB739D
:103130003946394B0093062301220220FEF7FAFE9E
:1031400019233B70ED237B708223BB70AE23FB7091
:10315000ED233B7121237B714C23BB719D23FB71BC
:1031600041233B7245237B722223BB728E23FB7269
:1031700041233B73FE237B730023BB730023FB734C
:10318000254B18883A46254B0593012304930A23BF
:103190000393012302930023019306230093FB234F
:1031A0000221FEF79DFF19233B70ED237B708223E4
:1031B000BB70AE23FB70ED233B7121237B714C234D
:1031C000BB719D23FB7141233B7245237B722223FC
:1031D000BB728E23FB7242233B73FE237B7300235F
:1031E000BB730023FB730C4B18883A460C4B0593BA
:1031F000012304930A2303930123029300230193E1
:1032000010230093FB230221FEF76AFF00BF103753
:10321000BD4680BD1D300108280200202A02002082
:103220002C02002080B586B002AF03463960FB80D7
:103230001346BB809223FB73FB884FF64262934296
:103240000ED10A4B1888094B9988BB88DAB23B68C3
:10325000009313460022FFF74BF80346FB7300E090
:1032600000BFFB7B18461037BD4680BD28020020FA
:1032700080B588B000AF786007F10C03FB617B6814
:1032800003F10C02FB6937214FF6664000F04CF960
:10329000FB690B33DB7818462037BD4680BD80B50F
:1032A00088B000AF786007F10C03FB617B6803F125
:1032B0000C02FB690F214FF6684000F035F9FB69FD
:1032C0000B33DB7818462037BD4680BD80B588B00B
:1032D00000AF786007F10C03FB61FB697A6810218D
:1032E0004FF6754000F020F9FB690B33DB78184688
:1032F0002037BD4680BD000080B48BB000AF786041
:1033000000233B610023FB6000237B6200233B62C0
:103310000023FB610023BB600023BB6100237B61B2
:103320004A4BDB6BC3F30D033B613B699B0003F12D
:10333000005303F540331B68BB60BB681B68444AFD
:1033400093420FD1BB685B697B62BB689B693B6240
:10335000BB68DB69FB61BB68DB68BB61BB681B6981
:103360007B611AE03B699B0003F1005303F5403396
:10337000FB60FB681B681B697B62FB681B685B6901
:103380003B62FB681B689B69FB61FB681B685B68B1
:10339000BB61FB681B689B687B617B6A1B0EDAB2B2
:1033A0007B681A707B6A1B0CDAB27B685A707B6A86
:1033B0001B0ADAB27B689A707B6A1B09DBB203F0E6
:1033C0000F03DAB27B68DA707B6ADBB203F00F03BB
:1033D000DAB27B681A713B6A1B0EDAB27B685A71EB
:1033E0003B6A1B0CDAB27B689A713B6A1B0ADAB241
:1033F0007B68DA713B6ADAB27B681A72FB69DAB20F
:103400007B685A72BB691B0EDAB27B689A72BB6921
:103410001B0CDAB27B68DA72BB691B0ADAB27B6812
:103420001A737B691B0EDAB27B685A737B691B0CBB
:10343000DAB27B689A737B69DAB27B68DA7300234D
:1034400018462C37BD465DF8047B70470040005895
:10345000B95646A980B582B000AF786039603B6844
:103460005B68084A1360084A7B68D361064800F02D
:1034700015F93B681B68184600F098F800BF08373C
:10348000BD4680BD483000202830002080B584B083
:1034900000AF224800F026F90346002B2BD1204B29
:1034A0001B78002B27D007F10C0319461B4800F0AE
:1034B000A8F91C4BDB69002B0CD0FB68BB60012317
:1034C0003B71184BDB693A1D104698473A79144B0B
:1034D0001A7002E0124B01221A70114B1B78002B5C
:1034E00004D0FB68184601F04DF804E0FB6819466B
:1034F0000A4800F019F9094800F0F4F80346002BD7
:1035000007D1074B1B78002B03D00448EEF7DCF9FA
:1035100000BF00BF1037BD4680BD00BF3C02002089
:103520004C0200202830002080B584B000AFBA6083
:103530007B600346FB810B467B73002000F068F83C
:10354000174B1B68FA89A3F80920154B1B687A7B77
:10355000DA72134B1B680C337A7BB968184602F099
:1035600004FC104B01221A700F4B1B690021002034
:10357000984748F2E800EEF7BEF97B6803F10800CF
:10358000074B1968064B1B689B7803331A4602F0F9
:10359000ECFB012000F03CF800BF1037BD4680BDB9
:1035A000480200204C3000202830002080B586B032
:1035B00000AF7860104A7B681360104800F082F812
:1035C000012000F025F80E4B01221A700D4B1B68EC
:1035D000002B0CD07B687B610B4BFB600B4B3B6182
:1035E000084B1B6807F10C021046984700BF00BF4C
:1035F0001837BD4680BD00BF480200203C020020B5
:103600004C0200202830002061360108793601087C
:1036100080B582B000AF0346FB71FB79002B0BD164
:103620000D4B1B68002B03D00B4B1B6800209847E9
:103630000A4B00221A700BE0084B01221A70064B4D
:103640001B68002B04D0044B1B680120984700BF67
:1036500000BF0837BD4680BD48300020440200202E
:1036600080B582B000AF78600020EEF739F900BF76
:103670000837BD4680BD000080B582B000AF7860DD
:103680007968054800F076F80348EEF71DF900BFA9
:103690000837BD4680BD00BF3C02002080B483B027
:1036A00000AF78607B68054A1A607B68044A1A613B
:1036B00000BF0C37BD465DF8047B7047114401081C
:1036C0006544010880B483B000AF78607B687A6895
:1036D0001A607B687A685A6000BF0C37BD465DF897
:1036E000047B704780B487B000AF7860EFF310833D
:1036F000FB60FB683B6172B600BF7B681B687A6841
:103700009A4202D10123FB7501E00023FB753B695E
:10371000BB60BB6883F3108800BFFB7D18461C3775
:10372000BD465DF8047B704780B487B000AF786019
:103730003960EFF31083FB60FB687B6172B600BFFA
:103740007B681A683B681A603B687A685A607B68D5
:103750003A681A603B681B683A685A607B693B614B
:103760003B6983F3108800BF00BF1C37BD465DF87E
:10377000047B704780B487B000AF78603960EFF3A6
:103780001083FB60FB687B6172B600BF3B687A68A0
:103790001A607B685A683B685A607B683A685A606E
:1037A0003B685B683A681A607B693B613B6983F3FD
:1037B000108800BF00BF1C37BD465DF8047B704712
:1037C00080B487B000AF7860EFF31083FB60FB68D4
:1037D0007B6172B600BF7B685B687A6812681A60AA
:1037E0007B681B687A6852685A607B693B613B69F9
:1037F00083F3108800BF00BF1C37BD465DF8047B13
:10380000704780B586B000AF78603960EFF3108301
:10381000FB60FB687B6172B600BF7B681A683B681F
:103820001A607B681B681846FFF7CAFF7B693B611B
:103830003B6983F3108800BF00BF1837BD4680BDC9
:1038400080B485B000AFF860B9607A607B80FB68B7
:10385000BA681A60FB680022DA60FB6800221A610D
:10386000FB6800225A61FB6800229A61FB687A6853
:103870005A60FB687A881A81FB683A7E1A773B7E29
:1038800003F00203002B06D0FB681B89002B02D03B
:103890004FF0FF3300E0002318461437BD465DF8B3
:1038A000047B704780B58EB000AFF860B9603B60B4
:1038B0001346FB8000233B620023FB860023FB773B
:1038C0000023BB6200237B620023BB770023BB8302
:1038D000FB681B89002B01D1022300E00023FB774A
:1038E000FB685B69002B29D0FB681B89002B22D168
:1038F000FB681A68FB681B6913441B781846FB6851
:103900001A68FB681B69591CFB685B68994206D3FF
:10391000FB681969FB685B68CB1A013302E0FB683E
:103920001B69013313441B781B029BB203449BB2F7
:1039300002339BB201E0FB681B89FB86FB681B8995
:10394000002B02D0FB681B89FB80FB681A69FB68AF
:10395000DB689A4207D3FB685A68FB681969FB8EDB
:103960000B44D31A00E00023BB61FA88FB7F1344A9
:103970001A463B6802FB03F3BA699A420BD8FA88ED
:10398000FB7F13441A46BB69B3FBF2F101FB02F261
:103990009B1ADBB200E00023FB75FA7DFB7F9A42A5
:1039A0008CBF01230023DBB2BB77BB7F002B08D089
:1039B000FB681B7F03F00103002B02D0FB7D9BB251
:1039C00000E0BB8BBB83BB7F002B08D0FB681B7F59
:1039D00003F00203002B02D0FB7F9BB200E0BB8B05
:1039E000BB83FB88002B00F07E81FB685A69F98855
:1039F000FB7F0B4419463B6801FB03F31A44BB8B66
:103A00001A44FB685B689A4200F26D810023FB62F6
:103A10004AE1FB681A69FB8E1A44FB685B689A42AC
:103A200007D3FB681A69FB8E1A44FB685B68D31ADC
:103A300003E0FB681A69FB8E1344FA681361FB68A4
:103A40001B693B63FB681B89002B30D1FB681A683C
:103A50003B6B591C39631344FA88D2B21A70FB6865
:103A60005B683A6B9A4204D3FB685B683A6BD31A83
:103A700000E03B6B3B63FB881B0A98B2FB681A684B
:103A80003B6B591C39631344C2B21A70FB685B6804
:103A90003A6B9A4204D3FB685B683A6BD31A00E036
:103AA0003B6B3B63FB685B699A1CFB685A61FA8855
:103AB000FB6859683B6BCB1A934228BF1346BB6225
:103AC000FB88BA6A9A4207D0FB88BA6A9A4225D222
:103AD000FB681B7F002B21D1FB681A683B6BD01859
:103AE000FB88FA6A02FB03F3BA681344BA6A194600
:103AF00002F03BF9FB685A69BB6A1A44FB685A61D9
:103B000000233B63BB6A7B62FA88BB6AD31ABB6241
:103B1000FB7F9AB2FB881344FB86A4E0BB6A002BB0
:103B200000F0A180FB681B7F03F00103002B3AD05B
:103B3000FB681B89002B0DD1FB681A683B6B023BAD
:103B40001344FF221A70FB681A683B6B013B134455
:103B5000FF221A70FB685A69BB6A1A44FB685A61F3
:103B600000237B62FB88BB6200233B63FB681B89ED
:103B7000002B6FD1FB681A683B6B591C39631344E7
:103B8000BA6AD2B21A70BB6A180AFB681A683B6B31
:103B9000591C39631344C2B21A70FB685B699A1CE2
:103BA000FB685A6156E0FB681B7F03F00203002BA1
:103BB00050D0FB681B89002B4AD1FB681A683B6B0D
:103BC000023B1344BA6AD2B21A70BB6A190AFB6884
:103BD0001A683B6B013B1344CAB21A70FB681A683F
:103BE0003B6BD018FB88FA6A02FB03F3BA681344F4
:103BF000BA6A194602F0B9F8FB685A69BB6A1A44F6
:103C0000FB685A61BB6A7B62FA88BB6AD31ABB62E3
:103C1000FB689B695A1CFB689A6100233B63FB6845
:103C20001A683B6B591C39631344BA6AD2B21A70D2
:103C3000BB6A180AFB681A683B6B591C396313444A
:103C4000C2B21A70FB685B699A1CFB685A6101E09A
:103C5000002349E0FB7F9AB2BB6A9BB21344FB8608
:103C6000FB6800221A61BB6A002B15D0FB681A683A
:103C70003B6BD018FB88FA6A03FB02F27B6A1344A1
:103C8000BA681344BA6A194602F06FF8FB685A69B9
:103C9000BB6A1A44FB685A61FB689B695A1CFB6843
:103CA0009A61FB6A0133FB62FA6A3B689A42FFF44D
:103CB000B0AEFB681A68FB681969FB7F1944FB68A2
:103CC0005B68994207D3FB681969FB7F1944FB685D
:103CD0005B68CB1A03E0FB681969FB7F0B44134454
:103CE0003B623B6A00E0002318463837BD4680BD82
:103CF00080B485B000AF7860396000237B72002308
:103D0000FB607B681B89002B01D1022300E00023AC
:103D10007B7200237B817B685B69002B00F0CA808B
:103D20007B681B89002B20D17B681A687B68DB6865
:103D300013441B7818467B681A687B68DB68591C3B
:103D40007B685B68994206D37B68D9687B685B684F
:103D5000CB1A013302E07B68DB68013313441B7824
:103D60001B029BB203449BB201E07B681B897B81F1
:103D70007B681B7F03F00103002B56D07B681B7F01
:103D800003F00203002B50D17B894FF6FF72934260
:103D900003D17B681B89002B12D07B68DA687B68B3
:103DA0001B699A4241D97B681B89002B3DD07B68F7
:103DB0005A687B68DB68D31A7A681289934234D2D6
:103DC0007B685A697B68D9687B685B68CB1A1A4440
:103DD0007B685A617B680022DA607B681B89002B54
:103DE00020D17B681A687B68DB6813441B7818460F
:103DF0007B681A687B68DB68591C7B685B68994242
:103E000006D37B68D9687B685B68CB1A013302E014
:103E10007B68DB68013313441B781B029BB20344AD
:103E20009BB201E07B681B897B817B681A687B6899
:103E3000D9687B7A19447B685B68994207D37B68B1
:103E4000D9687B7A19447B685B68CB1A03E07B688E
:103E5000D9687B7A0B441344FB607B685B69798982
:103E60007A7A0A449A1A7B685A617B685B69002BEC
:103E70001BD07B68DA687B891A447B7A1A447B689A
:103E80005B689A4209D37B68DA687B891A447B7A3B
:103E90001A447B685B68D31A05E07B68DA687B8923
:103EA0001A447B7A13447A68D3607B689B695A1EF4
:103EB0007B689A613B68002B02D03B687A891A8044
:103EC000FB6818461437BD465DF8047B704780B424
:103ED00087B000AF786039600023FB7200237B61FC
:103EE0007B681B89002B01D1022300E00023FB72B9
:103EF00000237B820023FB607B685B69002B00F062
:103F00008E807B68DB68FB607B681B89002B20D17F
:103F10007B681A687B68DB6813441B7818467B68EB
:103F20001A687B68DB68591C7B685B68994206D31A
:103F30007B68D9687B685B68CB1A013302E07B68D9
:103F4000DB68013313441B781B029BB203449BB212
:103F500001E07B681B897B827B681B7F03F0010388
:103F6000002B47D07B681B7F03F00203002B41D15D
:103F70007B8A4FF6FF72934203D17B681B89002B2B
:103F800012D07B68DA687B681B699A4232D97B68F9
:103F90001B89002B2ED07B685A687B68DB68D31A9C
:103FA0007A681289934225D20023FB607B681B89C3
:103FB000002B1CD17B681A68FB6813441B781846D9
:103FC0007B681A68FB68591C7B685B68994205D35B
:103FD0007B685B68F968CB1A013301E0FB68013349
:103FE00013441B781B029BB203449BB201E07B6825
:103FF0001B897B827B681A68F97AFB6819447B68A5
:104000005B68994206D3F97AFB6819447B685B6860
:10401000CB1A02E0F97AFB680B4413447B613B68DE
:10402000002B02D03B687A8A1A807B6918461C37BD
:10403000BD465DF8047B704780B400AF00BFBD464D
:104040005DF8047B704780B400AF00BFBD465DF8EB
:10405000047B704780B400AF00BFBD465DF8047BB1
:10406000704780B400AF00BFBD465DF8047B704769
:1040700080B400AF00BFBD465DF8047B704780B4DC
:1040800000AF00BFBD465DF8047B704780B400AF51
:1040900000BFBD465DF8047B704780B400AF00BF31
:1040A000BD465DF8047B704780B400AF00BFBD46DD
:1040B0005DF8047B704780B400AF00BFBD465DF87B
:1040C000047B704780B400AF00BFBD465DF8047B41
:1040D000704780B400AF00BFBD465DF8047B7047F9
:1040E00080B400AF00BFBD465DF8047B704780B46C
:1040F00000AF00BFBD465DF8047B704780B400AFE1
:1041000000BFBD465DF8047B704780B400AF00BFC0
:10411000BD465DF8047B704780B400AF00BFBD466C
:104120005DF8047B7047000080B500AF044B0022AF
:104130001A71044B00221A7000F006F800BF80BD0F
:10414000300200203802002080B500AFFFF774FF76
:10415000FFF779FFFFF77EFFFFF783FFFFF788FF89
:10416000FFF78DFFFFF792FFFFF797FFFFF79CFF29
:10417000FFF7A1FFFFF7A6FFFFF7ABFFFEF7B2FFC8
:10418000FFF7AEFFFFF7B3FFFFF7BFFFFFF7B6FF85
:10419000FFF7C2FF00BF80BD80B483B000AF78607E
:1041A000094B1B791946084A7B6842F82130064BB7
:1041B0001B790133DAB2044B1A7100BF0C37BD46CC
:1041C0005DF8047B704700BF3002002080B586B0E8
:1041D00000AF78607B6801333B610023FB753B696E
:1041E0001B78FF2B25D13B690233FB60FB681B88E2
:1041F0009BB203F47F43B3F5406F18D100237B7566
:104200000DE07B7D1A4A52F82330786898470346C0
:10421000FB75FB7D002B08D17B7D01337B75144B37
:104220001B797A7D9A42ECD302E000BF00E000BF28
:1042300000E000BFFB7D022B0FD0022B10DC002B17
:1042400002D0012B06D00BE07868F6F72FFA034670
:10425000BB7508E00123BB7505E00023BB7502E0D8
:104260000123BB7500BFBB7D18461837BD4680BD16
:104270003002002080B500AFF7F7DAFC00BF80BD48
:1042800080B500AF104B114A1A600F4B104A5A60AC
:104290000D4B104A9A600C4B0F4A1A620A4B0F4A98
:1042A0005A62094B0E4ADA60074B0E4A1A61064BF6
:1042B0000D4A5A61044B0D4A9A61034B0C4ADA616C
:1042C000F7F7CAFC00BF80BD0000032034010320C3
:1042D0005401032064010320740103207C010320A6
:1042E000840103208C010320A8010320AC010320DA
:1042F000B801032080B584B000AF78607B68FB60B4
:104300001148FFF7DFF9114B5B68BB60FB689A68E7
:10431000BB681A60FB68DA68BB68DA60BB680C4A85
:104320005A60BB68084A9A60F7F7ACFCFB681B68E8
:10433000084A1360FB685B68074A1360002318464D
:104340001037BD4680BD00BFD4010320000003200C
:10435000580A0320583000205C30002080B582B01D
:1043600000AF78600B467B80094B5B681B680122BD
:104370001A72074B5B681B681946012000F070F940
:10438000F7F79AFC002318460837BD4680BD00BFEA
:104390000000032080B582B000AF1CE03B1D194631
:1043A0001248FFF72EFA7B685B7A0F2B03D07B68ED
:1043B0005B7A0E2B05D17B681946022000F050F97C
:1043C00004E07B681946052000F04AF9084B1B6899
:1043D0007A68104698470548FFF784F90346002B92
:1043E000DCD000BF0837BD4680BD00BFD40103202C
:1043F0005830002080B500AF0021042000F030F9D3
:10440000024B1B68984700BF80BD00BF5C30002096
:1044100080B584B000AF78607B68FB600D48FFF723
:1044200051F90D4BDB68BB60FB689A68BB681A608A
:10443000BB68084A5A60F7F771FCFB681B68074ABB
:104440001360FB685B68064A136000231846103748
:10445000BD4680BDDC010320000003206030002049
:104460006430002080B582B000AF78600B467B805E
:10447000094BDB681B6810221A72074BDB681B684C
:104480001946062000F0ECF8F7F762FC0023184606
:104490000837BD4680BD00BF0000032080B500AFD7
:1044A000074BDB681B681946072000F0D9F8054B5D
:1044B0001B68034AD26812681046984700BF80BD47
:1044C000000003206030002080B582B000AF0EE015
:1044D0003B1D19460B48FFF794F97B6819460820E5
:1044E00000F0BEF8084B1B687A68104698470548EC
:1044F000FFF7F8F80346002BEAD000BF0837BD46A7
:1045000080BD00BFDC0103206430002080B582B094
:1045100000AF78601748FFF7D5F81748FFF7D2F8D3
:10452000164B1B69164A1360154B1B687A68926814
:104530009A60134B1B687A68D268DA60104B1B686C
:104540000C4A1A610E4B1B687A6812681A600C4B91
:104550001B687A6852685A60094B1B687A6812694E
:104560005A61074B1B687A6852699A6100BF083725
:10457000BD4680BDC4010320503000200000032050
:104580006830002080B582B000AF78607968074855
:10459000FFF7F0F87968002000F062F80448F7F7B8
:1045A0001DFC00BF0837BD4680BD00BF5030002055
:1045B000B545010880B582B000AF0CE03B1D19463F
:1045C0000A48FFF71EF90A4B1B691B697A681146F6
:1045D0001846FFF7CFF80548FFF784F80346002B8D
:1045E000ECD000BF0837BD4680BD00BF5030002072
:1045F0000000032080B500AF0548FFF763F8054BC6
:104600005B69034A1A60F7F73BFC00BF80BD00BF3F
:10461000CC0103200000032080B582B000AF08E089
:104620003B1D19460848FFF7ECF87B68184600F078
:104630000DF80548FFF756F80346002BF0D000BFF1
:104640000837BD4680BD00BFCC01032080B483B0D5
:1046500000AF786000BF0C37BD465DF8047B704743
:1046600080B487B000AF03463960FB71FB79082B3B
:104670004CD801A252F823F09D460108C14601081A
:10468000CD460108C74601080D470108E14601086B
:10469000ED460108F3460108014701083B687B61CC
:1046A0007B695B7AFF2B05D0FF2B05DC0E2B05D039
:1046B0000F2B01E000BF2AE000BF28E000BF26E08A
:1046C0003B68FB6023E03B68BB6020E03B687B61AC
:1046D0007B695B7A0E2B01D00F2B00E000BF16E048
:1046E0003B687B617B695B7AFF2B10E03B68FB607A
:1046F0000DE03B683B613B695B780E2B00BF06E039
:104700003B687B617B695B7AFF2B00E000BF00BFE9
:104710001C37BD465DF8047B704700BF80B400AF16
:10472000054B00221A60054B00221A6000BFBD46EF
:104730005DF8047B704700BF6C30002070300020B3
:1047400080B487B000AF78600B46FB70EFF3108346
:104750003B613B697B6172B600BFFB78002B08D0E0
:10476000012B0ED10D4B1A687B6813430B4A136063
:1047700008E07B68DA43094B1B681340074A136063
:1047800000E000BF7B69FB60FB6883F3108800BF1B
:1047900000BF1C37BD465DF8047B704770300020B9
:1047A00080B582B000AF1A4B00221A60194B4FF04F
:1047B000FF321A60184B4FF0FF321A60174B00227D
:1047C0001A60174B00221A60164B00221A608022D2
:1047D0000021154801F03AFA00237B600DE0134AEE
:1047E0007B68002142F83310104A7B68DB001344D9
:1047F00000225A607B6801337B607B68002BEED01F
:104800000B4B00221A6000BF0837BD4680BD00BFB9
:104810007430002044000020480000207830002040
:104820007C300020803000208430002004310020C3
:104830000C31002080B594B000AF7860894B1B68C4
:10484000FB62884B1A687B681340864A1360864B6C
:104850001B687B64854B1B683B64854B1B68FB6353
:10486000844B1B68BB6312E10023FB6402E0FB6C1A
:104870000133FB64804AFB6C52F83320FB6B1A4017
:10488000784B1B681340002BF1D07B4AFB6C52F82D
:104890003320FB6B1A40734B1B681340BB64764A92
:1048A000FB6CDB0013445A68BB6C1340002B06D131
:1048B000714AFB6CDB0013444FF0FF325A606A4BC5
:1048C0001B68BB626C4AFB6CDB0013445B68DA4319
:1048D0006A4B1B681343694A1360684B1B68DB43D0
:1048E000BA6A1340BB62BA6ABB6C1340002B03D098
:1048F000BA6CBB6A1340BB64BB6A002B02D15F4B2E
:1049000000221A605C4AFB6CDB0013445A68BB6CE3
:104910001340184600F043FA03461A46584B1A60F3
:10492000EFF31083FB61FB697B6272B600BF544BEF
:104930001B68012202FA03F3DA434B4B1B68134056
:10494000494A13600123FB6413E0FB6C013B4A4AB4
:1049500052F833104A4B1B68012202FA03F3DA4380
:10496000FB6C013B0A40444941F83320FB6C013B9E
:10497000FB64FB6C002BE8D17B6ABB61BB6983F3F2
:10498000108800BF3E4B1B68184600F0E9F93C4B0D
:104990001B681F2B78D83A4B1B683A4A52F82330D1
:1049A000002B71D000237B631EE0334A7B6BDB005E
:1049B00013445A68324B1B68012101FA03F3DB43AD
:1049C0001A402D497B6BDB000B445A602A4A7B6BF3
:1049D000DB0013445A687B6B9B0050333B4443F825
:1049E000442C7B6B01337B637B6B002BDDD0244B32
:1049F0001B68244A52F82330984700233B6313E096
:104A00001D4A3B6BDB0013445A683B6B9B005033E1
:104A10003B4453F8443C1A4017493B6BDB000B44C2
:104A20005A603B6B01333B633B6B002BE8D0144B6C
:104A30001B68184600F09EF90B4B1B687B640B4B00
:104A40001B683B640A4B1B68FB630A4B1B68BB6318
:104A50000B4B1B6801229A40084B1B681343074A03
:104A6000136014E0480000207430002078300020EB
:104A7000440000207C300020043100200C31002054
:104A80008030002084300020002000F07DF97A6C16
:104A9000FB6B1A40224B1B681340002B05D03A6C6D
:104AA000BB6B1340002B3FF4DFAE1E4B4FF0FF32C9
:104AB0001A601D4B1A683B6C1340002B29D100F083
:104AC00041F9EFF310837B617B693B6272B600BFF3
:104AD000164B1B687B64164B1B683B64154B1B68AD
:104AE000FB637A6CFB6B1A400D4B1B681340002B69
:104AF00007D10D4B1A683B6C1340002B01D1ECF72A
:104B0000DCFE3B6A3B613B6983F3108800BF00F029
:104B100020F9034AFB6A136000BF5037BD4680BDD1
:104B200048000020803000207C30002074300020BD
:104B3000783000204400002080B588B000AFF860D5
:104B4000B9607A60EFF310837B617B69FB6172B6B9
:104B500000BFF86800F023F903461946064A7B684F
:104B600042F82130FB69BB61BB6983F3108800BF49
:104B700000BF2037BD4680BD8430002080B487B0A0
:104B800000AF78603960EFF31083FB60FB687B61F6
:104B900072B600BF0D4B1A687B6813430B4A136053
:104BA0000B4A3B6852F833207B681A4308493B683C
:104BB00041F833207B693B613B6983F3108800BF78
:104BC00000BF1C37BD465DF8047B70477430002081
:104BD0000431002080B487B000AF7860EFF3108319
:104BE000FB60FB687B6172B600BF7B68DA43084BF1
:104BF0001B681340064A13607B693B613B6983F382
:104C0000108800BF00BF1C37BD465DF8047B7047AD
:104C10004400002080B487B000AF7860EFF31083C9
:104C2000FB60FB687B6172B600BF094B1A687B684A
:104C30001343074A13607B693B613B6983F3108828
:104C400000BF00BF1C37BD465DF8047B704700BF46
:104C50004400002080B487B000AF7860EFF3108389
:104C6000FB60FB687B6172B600BF094B1A687B680A
:104C70001343074A13607B693B613B6983F31088E8
:104C800000BF00BF1C37BD465DF8047B704700BF06
:104C90007830002080B588B000AF78601F4B1B686B
:104CA000BB611E4B1B68B3F1FF3F02D10023FB61C8
:104CB00005E01A4B1B68012202FA03F3FB61184B53
:104CC0001B687B61164A7B68136003E07968F869AA
:104CD00000F02AF8134B1A687B681340002BF5D0BC
:104CE0000E4ABB691360EFF31083BB60BB683B6186
:104CF00072B600BF7B68DA430A4B1B681340094A4F
:104D000013603B69FB60FB6883F3108800BF044AB3
:104D10007B69136000BF2037BD4680BD8030002016
:104D20007C3000207830002080B582B000AF786001
:104D300039607B68DB431846FFF77CFD00BF08370E
:104D4000BD4680BD80B400AF00BFBD465DF8047BAA
:104D5000704780B400AF00BFBD465DF8047B70476C
:104D600080B483B000AF786000BF0C37BD465DF8FB
:104D7000047B704780B483B000AF786000BF0C370D
:104D8000BD465DF8047B704780B483B000AF034636
:104D9000FB7100BF0C37BD465DF8047B704780B4E3
:104DA00085B000AF78607B68FB60FB68002B01D1A9
:104DB000202303E0FB68B3FA83F3DBB2C3F11F03E4
:104DC000DBB218461437BD465DF8047B704700001F
:104DD00008B5064B044613B10021AFF30080044B25
:104DE0001B6803B198472046F5F7D7FA000000008A
:104DF00050320020024B0146186800F02DB800BF69
:104E000058000020024B0146186801F021BE00BF87
:104E10005800002070B50F4E0C463168054611B998
:104E200000F054FF30602146284600F04FFF431C3D
:104E300003D14FF0FF34204670BDC41C24F003049E
:104E4000A042F8D0211A284600F040FF0130F2D1EC
:104E5000EFE700BF103100202DE9F843CD1C25F00D
:104E6000030508350C2D38BF0C25002D064601DB47
:104E7000A94204D90C2333600020BDE8F883DFF891
:104E8000D48000F069F8D8F800301C4644BB2946AD
:104E90003046FFF7BFFF431C044658D1D8F8004006
:104EA0002746002F43D1002C4BD02368394630468B
:104EB00004EB030900F00AFF814542D121686D1A15
:104EC00029463046FFF7A6FF01303AD023682B442D
:104ED0002360D8F800305A6862BBC8F800700FE051
:104EE0002268521B20D40B2A17D96119A3422560CE
:104EF00018BF5960636808BFC8F8001062514B6062
:104F0000304600F02FF804F10B00231D20F00700BD
:104F1000C21A1CBF1B1AA350AFE76268A3420CBFA2
:104F2000C8F800205A60EBE723466468AEE73C46C9
:104F30007F68B6E71A465B68A342FBD10023536043
:104F4000DEE70C233360304600F00CF894E7056090
:104F5000D6E700BF14310020014800F004BF00BFB5
:104F600058320020014800F0FFBE00BF5832002038
:104F70002DE9FF4757EC106B002F0C4619463B46B6
:104F8000BBBF07F100431F4600232D230B700D9B71
:104F9000DDF830A0914623F02008BCBF324616460B
:104FA000B8F1460F05D0B8F1450F00D10134022108
:104FB00000E0032103AB019302AB009347EC106BBD
:104FC0005346224600F068FFB8F1470F054619D155
:104FD00019F0010F0ED000EB040900220023304627
:104FE0003946EBF759FD08B1CDF80C903022039B00
:104FF0004B451ED3039B0E9A5B1B2846136004B0DF
:10500000BDE8F087B8F1460F00EB0409E5D103785D
:10501000302B0AD10022002330463946EBF73CFD05
:1050200018B9C4F10104CAF80040DAF80030994414
:10503000D3E7591C03911A70D9E7F7B50029BABF15
:1050400049422D232B2309290270437029DD0DF1DC
:10505000070425460A272246B1FBF7F607FB16137D
:10506000303302F8013C0B46632B04F1FF34314628
:10507000F1DC3031931E04F8011C411C1C46AB428C
:105080000AD30DF109039B1AA54238BF0023821CE5
:105090001344181A03B0F0BD13F8016B01F8016F47
:1050A000EDE7302330318370C170031DF1E700005C
:1050B0002DE9F04F8DB00C46DDF8588016461F469E
:1050C000054600F0CBFD036806931846EBF7B8F8E9
:1050D00000230A93D8F8003094F818A0D4F800B050
:1050E0000790073323F00703B3EC027B8DED047BBD
:1050F000C8F80030DDE9048323F0004984ED127B19
:105100009C4B4FF0FF3240464946EBF7F7FC70BB33
:10511000984B4FF0FF3240464946EBF7D1FC30BB8D
:10512000DDE9040100220023EBF7C0FC10B12D23C0
:1051300084F84330904A914BBAF1470F8CBF9046A8
:105140009846032323612BF0040323604FF00009EA
:10515000009733460BAA2146284600F0D1F90130CA
:1051600040F08C804FF0FF300DB0BDE8F08FDDE9EE
:10517000042310461946EBF7C1FC40B1059B804A59
:10518000002BBCBF2D2384F843307E4BD4E76368EB
:105190005A1C0AF0DF093BD1062363604BF480629E
:1051A0000023226003930AABCDE901A309AB00936E
:1051B00061689DED040B0DF123032846FFF7D8FE2F
:1051C000B9F1470F0999804629D1C81C02DB6368F1
:1051D0008B4241DAAAF1020A5FFA8AFA0139524691
:1051E00004F150000991FFF728FF0A9A1318012AC9
:1051F0008146236102DC2268D20701D50133236195
:105200009DF82330002BA3D02D2384F843309FE753
:10521000B9F1470FC2D1002BC0D10123BDE7BAF1CC
:10522000650FDBD9BAF1660F18D1002963680BDD71
:10523000216113B92268D00702D501330B442361E1
:10524000A1654FF00009DBE713B92268D20701D549
:105250000233F4E70123F2E74FF0670A0A9B8B421F
:1052600005DC23682161D807EAD54B1CE7E7002954
:10527000D4BFC1F1020201221344E0E723685A05BA
:1052800007D42369424631462846B84701302BD11E
:1052900068E7BAF1650F40F2DD80D4E9120100221F
:1052A0000023EBF7F9FB002833D0374A01233146BE
:1052B0002846B84701303FF455AFDDE9093843458A
:1052C00002DB2368D8070FD5DDE9062331462846DF
:1052D000B84701303FF446AF4FF0000908F1FF38FE
:1052E00004F11A0AC84509DC23689B0700F1038111
:1052F000E0680B9B9842B8BF184635E70123524639
:1053000031462846B84701303FF42CAF09F1010976
:10531000E8E7099B002B39DC1B4A0123314628466C
:10532000B84701303FF41EAFDDE9093959EA0303FC
:1053300002D12368D907D7D5DDE9062331462846AF
:10534000B84701303FF40EAF4FF0000A04F11A0BDA
:10535000099B5B42534501DC4B4693E701235A46C8
:1053600031462846B84701303FF4FCAE0AF1010A45
:10537000EEE700BFFFFFEF7F5C960108589601083B
:10538000649601086096010868960108A36DDDF82F
:1053900028A05345A8BF5346002B994636DC4FF052
:1053A000000B29EAE97904F11A02A36D0493A3EB37
:1053B00009035B4531DC099B9A453ADC2368DA072F
:1053C00037D4099BAAEB0309049BAAEB0303994575
:1053D000A8BF9946B9F1000F33DC4FF0000829EA65
:1053E000E97904F11A0B099BAAEB0303A3EB090368
:1053F00043457FF779AF01235A4631462846B847DF
:1054000001303FF4AFAE08F10108ECE74246314607
:105410002846B8470130C2D1A4E6012331462846C8
:105420000492B84701303FF49DAE049A0BF1010B92
:10543000BBE7DDE9062331462846B8470130C0D135
:1054400090E6049A4B46424431462846B84701301C
:10545000C3D187E6DDF828A0BAF1010F01DCDB0734
:1054600036D50123424631462846B84701303FF43D
:1054700079AEDDE9062331462846B84701303FF4CE
:1054800071AED4E91201002200230AF1FF3AEBF7D2
:1054900003FBC0B9534608F1010231462846B8471C
:1054A00001300CD15EE601235A4631462846B84702
:1054B00001303FF457AE08F10108D045F3DB4B460D
:1054C00004F15002DFE64FF0000804F11A0BF4E794
:1054D00001234246E1E701234A4631462846B847C0
:1054E00001303FF43FAE08F10108E3680B995B1A05
:1054F0004345F0DCFCE64FF0000804F11909F4E73D
:105500002DE9F047164698468A680B69DDF8209029
:105510009342B8BF1346336091F8432007460C46C8
:105520000AB1013333602368990642BF33680233FE
:105530003360256815F0060506D104F1190AE36801
:1055400032689B1AAB4226DC94F843302268003B59
:1055500018BF012392062BD404F14302414638467A
:10556000C84701301ED02368226903F00603042BCC
:1055700002BFE5683368ED1AA3680CBF25EAE5753C
:1055800000259342C4BF9B1AED1800261A34B54279
:105590001AD1002008E00123524641463846C84748
:1055A000013003D14FF0FF30BDE8F0870135C6E789
:1055B000E1185A1C302081F84300224494F8451029
:1055C00082F843100233C7E701232246414638469A
:1055D000C8470130E6D00136D9E700002DE9F04395
:1055E0000D7E85B0782D90460C9E07460C46994658
:1055F00001F1430207D8622D0AD8002D00F0D780B0
:10560000582D00F0BC8004F1420684F842503BE083
:10561000A5F16303152BF6D801A151F823F000BFC3
:10562000795601088D5601080756010807560108EA
:1056300007560108075601088D560108075601084C
:105640000756010807560108075601089557010833
:10565000B7560108475701080756010807560108C1
:10566000B757010807560108B75601080756010841
:10567000075601084F57010833681A1D1B6832602E
:1056800004F1420684F842300123A1E03368206827
:10569000191D3160060601D51D6803E04506FBD5DE
:1056A000B3F90050002D03DA2D236D4284F8433006
:1056B0005B480A2311E021683368080653F8045B4D
:1056C00002D4490648BFADB23360237E54486F2BE5
:1056D0005CD10823002184F843106668A660002E80
:1056E00005DB21682E4321F00401216050D01646CD
:1056F000B5FBF3F103FB115C10F80CC006F801CD0B
:10570000AC4663450D46F3D9082B0BD12368DB0764
:1057100008D5236961689942DEBF302306F8013C51
:1057200006F1FF36921B2261CDF80090434603AA92
:1057300021463846FFF7E4FE01304ED14FF0FF30EE
:1057400005B0BDE8F083236843F0200323603548AB
:10575000782584F845502368316813F0800F51F89C
:10576000045B03D113F0400F18BFADB23160D9070D
:1057700044BF43F0200323601DB11023AAE728484B
:10578000E7E7236823F020032360F6E70A23A1E775
:105790001646B9E7336825686169181D30602E0622
:1057A0001B6801D5196002E06806FBD5198000234B
:1057B00023611646B8E733681A1D32601E686268B6
:1057C00000213046EAF7ECFC08B1801B606063689A
:1057D0002361002384F84330A6E72369324641461B
:1057E0003846C8470130A9D023689B0713D4E06826
:1057F000039B9842B8BF1846A2E7012332464146B0
:105800003846C847013099D00135E36803995B1ADF
:10581000AB42F2DCEBE7002504F11906F5E700BF27
:105820006A9601087B960108002310B50446C0E97A
:105830000033C0E90433836081814366C2818361A0
:10584000194608225C3000F001FA0D4B63620D4BE3
:10585000A3620D4BE3620D4B23630D4B24629C420C
:1058600006D003F16802944202D0D0339C4205D1A5
:1058700004F15800BDE8104000F074BA10BD00BF3C
:10588000A15A0108C35A0108FB5A0108215B01080B
:1058900018310020024A0349034800F06BB800BFEA
:1058A0004C000020757501085C00002041680C4B1D
:1058B000994210B5044601D001F05CFEA168094B85
:1058C000994202D0204601F055FEE168064B99420C
:1058D00004D02046BDE8104001F04CBE10BD00BF12
:1058E0001831002080310020E83100200C4B0D4A97
:1058F0000D4810B504211A600022FFF795FF0A4BEE
:1059000001221C46092103F16800FFF78DFF04F115
:10591000D0000222BDE810401221FFF785BF00BF72
:10592000503200209558010818310020014800F03D
:105930001ABA00BF59320020014800F015BA00BF62
:105940005932002010B50446FFF7F0FF236A1BB15F
:10595000BDE81040FFF7F0BF044B2362044B1B6807
:10596000002BF5D1FFF7C2FFF2E700BFAD580108E9
:10597000503200202DE9F843074688461446002699
:10598000D4E90195B9F1010905D52468002CF7D1B6
:105990003046BDE8F883AB89012B07D9B5F90E3045
:1059A000013303D029463846C04706436835E9E746
:1059B0000FB407B5064904AB086853F8042B816897
:1059C000019301F041FC03B05DF804EB04B07047B3
:1059D00058000020024B01461868826801F04FBE53
:1059E00058000020036A70B5846805460E460BB95E
:1059F000FFF7A8FF636EDB0705D4A389980502D4DF
:105A0000A06D00F0B0F9A389190702D52369002B16
:105A100035D12146284600F0C5F880B34FF0FF3558
:105A2000636EDA0705D4A3899B0502D4A06D00F04C
:105A30009BF9284670BD002B04DAA269934217DB5C
:105A40000A2915D023685A1C22601970A36816F819
:105A5000011F013BA3600029EDD1002B11DA224682
:105A60000A21284600F060F80130D7D00A25D7E790
:105A70002246284600F058F80130E7D1CEE7013E33
:105A8000E4E723685A1C22600A221A70EEE700003D
:105A9000024B01461868FFF7A5BF00BF5800002061
:105AA00010B50C46B1F90E1000F0FEF80028ABBF9F
:105AB000636DA3891B1823F48053ACBF6365A38176
:105AC00010BD2DE9F0411F468B89DB0505460C46CC
:105AD000164605D5B1F90E100223002200F0D2F8C7
:105AE000A389B4F90E1023F48053A38132463B46B8
:105AF0002846BDE8F04100F0F9B810B50C46B1F900
:105B00000E1000F0BFF8B4F90C30421C0BBF23F4A8
:105B1000805343F48053A381A38118BF606510BDF7
:105B2000B1F90E1000F09EB8F8B50E4614460546C1
:105B300018B1036A0BB9FFF705FFA369A360A38936
:105B40001A0701D5236943B92146284600F02AF8EF
:105B500018B14FF0FF373846F8BD23682269981A0C
:105B60006369F6B28342374605DC2146284601F0D8
:105B700001FD0028EDD1A368013BA36023685A1CF6
:105B800022601E706269431C9A4204D0A389DB071D
:105B9000E1D50A2EDFD12146284601F0EBFC002892
:105BA000D9D0D6E738B5284B054618680C4618B149
:105BB000036A0BB9FFF7C6FEB4F90C301A0721D4FB
:105BC000D80607D409222A6043F04003A3814FF08E
:105BD000FF3030E0590712D5616B41B104F1440345
:105BE000994202D0284600F033FF0023636300226D
:105BF000B4F90C3062602269226023F0240343F080
:105C00000803A38122693AB99A0501D5180603D57C
:105C10002146284601F0FAFCB4F90C3013F00102D9
:105C20000AD00022A26062695242A261226942B98E
:105C300013F08000C8D138BD990758BF6269A260CF
:105C4000F4E70020F7E700BF5800002002440346B5
:105C5000934200D1704703F8011BF9E700487047F1
:105C60009801002038B5064D0023044608462B60F5
:105C7000F4F7BBFB431C02D12B6803B1236038BD92
:105C80005432002038B5074D04460846114600221C
:105C90002A601A46F4F7D0FB431C02D12B6803B1EB
:105CA000236038BD5432002038B5074D04460846FD
:105CB000114600222A601A46F4F77AFB431C02D1EF
:105CC0002B6803B1236038BD5432002038B5064D2F
:105CD0000023044608462B60F4F7BCFB431C02D1AA
:105CE0002B6803B1236038BD5432002038B5074D0E
:105CF00004460846114600222A601A46FCF742FF75
:105D0000431C02D12B6803B1236038BD54320020FC
:105D1000014B1868704700BF5800002070B50D4B4C
:105D20000D4D5B1B9C100026A64209D101F0AEFD73
:105D30000A4D0B4B5B1B9C100026A64205D170BD83
:105D400055F8043B98470136EEE755F8043B984771
:105D50000136F2E7D4990108D4990108D4990108D1
:105D6000D89901087047704770470A44914200F182
:105D7000FF3300D1704710B511F8014B03F8014F04
:105D80009142F9D110BD2DE9F74F03690C69A34287
:105D900007467EDB013C01F11408A30000F1140565
:105DA000009305EB8403019358F8243055F8242020
:105DB00001339A4208EB8409B2FBF3F62ED34FF07D
:105DC000000AC446AE46D3465CF8043B98B206FBD4
:105DD00000A0020C1B0C06FB0323DEF8002080B29F
:105DE00092B2121A5A44DEF800004FEA134A9BB2EC
:105DF000C3EB224303EB104392B242EA0342E14574
:105E00004EF8042B4FEA234BDED2009BEB582BB904
:105E1000019B043B9D421A462FD33C61384601F05A
:105E2000DDF8002825DB2946002058F8042BD1F89E
:105E300000C01FFA82FE1FFA8CF3A3EB0E0303448B
:105E4000120CC2EB234202EB1C429BB243EA024318
:105E5000C14541F8043B4FEA2240E6D255F82420E0
:105E600005EB840322B9043B9D421A460BD33C61E7
:105E70000136304603B0BDE8F08F1268043B002ABB
:105E8000CBD1013CC6E71268043B002AEFD1013CAC
:105E9000EAE70020EEE700002DE9F04F99B08DED24
:105EA0000E0B0C92C269229C0A9157EC106B814632
:105EB000139382B91020FEF79DFF0246C9F81C001B
:105EC00020B9AB4BEF21AB4801F030FC0023C0E917
:105ED00001330360C360116859B152684A600123FD
:105EE00093408B60484600F03BFED9F81C300022FE
:105EF0001A60B7F10008B5BF0123002323602360B7
:105F00009D4BBCBF28F00048CDF83C8033EA080325
:105F10001AD1139AC8F3130842F20F7358EA06080D
:105F2000136000F06885239B53B9944B21E0944B98
:105F300000930833239A1360009819B0BDE8F08FDE
:105F40008E4B00930333F5E79DED0E7B002251EC61
:105F5000170B00238DED067BEAF79EFD824650B1BC
:105F6000139A01231360239B13B1239A854B13606B
:105F7000854B0093E0E79DED060B16AA17A948464E
:105F800001F0E0F85FEA1854169D019079D0079B64
:105F9000CDF850A0C3F31303DDE9060143F07F53AE
:105FA00043F44013A4F2FF3419460022774BEAF77A
:105FB00053F969A3D3E90023EAF706FB68A3D3E901
:105FC0000023EAF74BF9064620460F46EAF792FA15
:105FD00065A3D3E90023EAF7F7FA02460B463046F9
:105FE0003946EAF73BF906460F46EAF79DFD0022DF
:105FF0008046002330463946EAF758FD48B140460E
:10600000EAF778FA32463B46EAF746FD08B908F166
:10601000FF38B8F1160F51D85D4B03EBC803D3E935
:106020000023DDE90601EAF741FD002848D008F128
:10603000FF38002312932D1B6B1E089343BF0023D0
:10604000C5F1010708930027B8F1000F3ADB089B60
:10605000CDF8348043440893002309930A9B092B0D
:1060600062D8052BC4BF043B0A930A9BA3F1020329
:10607000CCBF00240124032B62D8DFE803F0515386
:10608000362B179C2C4404F23243202BC1BFC3F1A2
:10609000400308FA03F804F2124326FA03F3D6BFCA
:1060A000C3F1200348EA030006FA03F0EAF712FA04
:1060B0000122A1F1F873013C149275E70123B9E7BD
:1060C0001290B8E7C8F1000309930023A7EB080773
:1060D0000D93C3E701230B930C9B434405930133BA
:1060E000012B0493B8BF012306E001230B930C9B03
:1060F000002B28DDCDE90433D9F81C00002104224F
:1061000002F114059D4223D94160484600F0EAFCA3
:106110000090002840D11F4B024640F2AF11D2E65A
:106120000023E3E70023D6E701240023CDE90A3466
:106130004FF0FF33CDE90433002212230C92DBE74A
:1061400001230B93F4E70123CDE904331A46F5E765
:1061500001315200D4E700BF61436F63A787D23F8C
:10616000B3C8608B288AC63FFB799F501344D33F46
:1061700099960108B09601080000F07F95960108F5
:106180008C96010869960108689601080000F83F9E
:106190000098010808970108D9F81C30009A1A6085
:1061A000049B0E2B00F2A180002C00F09E80B8F121
:1061B000000F36DD9E4B08F00F0203EBC20318F40C
:1061C000807FD3E900AB4FEA281516D0994BDDE963
:1061D0000601D3E90823EAF721FBCDE9020105F026
:1061E0000F050324934E75B9DDE9020152465B4663
:1061F000EAF714FB82468B462DE09DED067B0224D8
:106200008DED027BEEE7E90708D550465946D6E901
:106210000023EAF7D9F9013482468B466D1008361F
:10622000E1E700F0AD80C8F10005814B814E05F03B
:106230000F0203EBC203D3E90023DDE90601EAF70D
:10624000C3F92D1182468B4600230224002D40F015
:106250008C80002BCED1129B002B00F09580764BCA
:10626000002250465946EAF721FC002800F08C80B5
:10627000049B002B00F08880059B002B35DD08F186
:10628000FF330293504659466C4B0022EAF79CF9C3
:10629000059E82468B4601342046EAF72BF952468A
:1062A0005B46EAF791F9664B0022E9F7D7FF04460F
:1062B000A1F15075CDE91045002E69D1614B002246
:1062C00050465946E9F7C8FF22462B4682468B4680
:1062D000EAF70AFC002840F09482224605F10043C8
:1062E00050465946EAF7E2FB20BB179B002BC0F251
:1062F0006081B8F10E0F00F35C814D4B03EBC803D6
:10630000D3E900AB0C9B002B80F2EE80049B002BAA
:1063100000F3EA800ED14B4B002250465946EAF773
:1063200053F902460B46DDE90601EAF7C9FB0028EE
:1063300000F06A8200252C460C9B009EDB430293F2
:10634000274600242946484600F00AFC002F00F0AA
:10635000C1802CB1BC4203D02146484600F000FC6D
:106360003946484600F0FCFBB4E0EA0705D5D6E91B
:106370000023EAF729F9013401236D10083665E797
:10638000DDE906AB022466E7049ECDF8088083E7CA
:10639000274B03EBC60353E902010B9B002B55D09F
:1063A00002460B4600202849EAF738FADDE91023B7
:1063B000E9F752FF009BCDE910019D191E46594691
:1063C0005046EAF7B1FB0446EAF794F802460B465A
:1063D00050465946E9F740FF3034DDE9102306F80E
:1063E000014B82468B46EAF761FB002872D1524688
:1063F0005B4611490020E9F72FFFDDE91023EAF79A
:1064000055FB002840F0B680AE423FF46EAFDDE9A8
:1064100010010A4B0022EAF7D7F8084BCDE910012A
:10642000002250465946EAF7CFF882468B46C6E727
:1064300000980108D89701080000F03F00002440B0
:1064400000001C40000014400000E03FDDE9102384
:10645000EAF7BAF8009B009DCDE91001334415938B
:1064600059465046EAF760FB0446EAF743F83034F1
:106470000B46024659465046E9F7EEFE05F8014B39
:10648000159B9D4282468B4627D1009B0022DDE969
:1064900010011E44B34BE9F7E1FE02460B4650469D
:1064A0005946EAF721FB002864D1DDE91023AD4904
:1064B0000020E9F7D1FE02460B4650465946EAF75E
:1064C000F5FA00283FF411AF334616F8012D302AB3
:1064D000FAD01E46DDF808803AE0A34B0022EAF726
:1064E00073F882468B46BBE7009E52465B46DDE969
:1064F0000601EAF793F9EAF717FB0746E9F7FAFF0F
:1065000052465B46EAF760F802460B46DDE90601B3
:10651000E9F7A2FE07F1300C009C06F801CBA6EBD0
:10652000040C049C644502460B4633D1E9F796FE01
:1065300052465B4604460D46EAF7D6FAC0B95246C3
:106540005B4620462946EAF7A7FA08B1FB070FD4B5
:106550000199484600F004FB0023139A337008F1B8
:1065600001031360239B002B3FF4E6AC1E60E3E4C1
:10657000CDF8088033461E4613F8012D392A06D17E
:10658000009A9A42F7D1029A0132029230220132E5
:106590001A709FE7744B0022EAF716F802460B4682
:1065A000CDE9062300220023EAF776FA00289CD0E2
:1065B000CEE70B9A002A00F0E3800A9A012A00F342
:1065C000C280149A002A00F0BA8003F23343099D76
:1065D0003E46089A01211A4448461F44089200F09A
:1065E00073FB044656B1089B002B07DDB342089AA3
:1065F000A8BF3346FF1AF61AD31A0893099B0BB3A8
:106600000B9B002B00F0C380002D00F0BD802146C5
:106610002A46484600F018FC019A014604464846BE
:1066200000F068FB01998246484600F099FA099B00
:106630005B1B099300F0AE80099A5146484600F072
:1066400003FC01900121484600F03EFB0D9B0546EE
:10665000002B00F0D7811A460146484600F0F4FBB3
:106660000A9B012B054600F39D800E9B002B40F0FA
:1066700094800F9BC3F31303002B40F08E800F9B7D
:1066800023F000431B0D1B05002B00F08980089BA5
:106690000133013708934FF0010A0D9B002B00F0E6
:1066A000B7812B6905EB8303186900F0C1FAC0F1CB
:1066B0002000089B184410F01F007ED0C0F120037A
:1066C000042B72DD089BC0F11C0003440744064400
:1066D0000893002F05DD01993A46484600F010FC6A
:1066E0000190089B002B05DD29461A46484600F01C
:1066F00007FC0546129B002B61D00198294600F04B
:106700006DFC00285BDA08F1FF3302930199002346
:106710000A22484600F046FA0B9B0190002B00F03D
:106720007981002321460A22484600F03BFA059B66
:10673000002B044672DC0A9B022B49DC6EE0169BA0
:10674000C3F1360343E7049B5D1E099BAB420DDB9F
:106750005D1B049B002BBFF63BAF049BFE1A00237E
:1067600037E700BF0000E03F00002440099B0D9A7E
:106770000995EB1A1A440D92049B3E46002528E722
:10678000099D0B9C3E462DE7DDF804A054E7099ACD
:10679000019953E7CDF804A054E74FF0000A7CE7D5
:1067A0009A467AE74FF0000A7BE792D0089A1C33AA
:1067B0001A441F441E4408928BE70346F6E7049BE5
:1067C000CDF80880002B23DC05930A9B022B21DDEA
:1067D000059B002B7FF4B0AD29460522484600F00A
:1067E000E1F901460546019800F0F8FB00287FF723
:1067F000A3AD009E312306F8013B029B01330293B7
:106800009EE535462C46F4E7049DCDF80880F9E76F
:10681000049B05930B9B002B00F00081002E05DDEF
:1068200021463246484600F06BFB0446BAF1000FA1
:106830005AD06168484600F055F9064628B9824B9F
:10684000024640F2EF21FFF73EBB2269023292007E
:1068500004F10C010C30FFF788FA0122314648465A
:1068600000F04EFB0746009B009A03F1010B059BCD
:10687000134406930E9B03F0010308930BF1FF33BF
:10688000294601980493FFF77EFA2146059000F10E
:10689000300A019800F0A2FB3A4680462946484655
:1068A00000F0B8FBC268064602BB0146019800F042
:1068B00095FB024631464846099200F051F9DDE960
:1068C000092342EA0301089B19435E4610D1BAF13D
:1068D000390F2BD0B8F1000F02DD059B03F1310A0F
:1068E000049B83F800A02DE52746BCE70122E1E7E1
:1068F000B8F1000F06DB0A9B48EA0308089B58EA38
:10690000030820D1002AEBDD01990122484600F05E
:10691000F7FA2946019000F061FB002803DCDFD183
:106920001AF0010FDCD0BAF1390FD6D1049A39230D
:10693000137033461E46013B16F8012C392A52D0FB
:1069400001321A70FEE4002A07DDBAF1390FEDD0EA
:10695000049A0AF101031370F4E4069B0BF801ACEE
:106960005B452AD0019900230A22484600F01AF913
:10697000BC4201904FF000034FF00A022146484606
:1069800006D100F00FF9044607460BF1010B75E73D
:1069900000F008F93946044600230A22484600F070
:1069A00001F90746F1E7059B5E1E002B009BD8BF4F
:1069B00000265A1C27461644002401990122484605
:1069C00000F09EFA2946019000F008FB0028B0DC98
:1069D00002D11AF0010FACD133461E4613F8012D37
:1069E000302AFAD0AEE4009A9A42A3D1029B013336
:1069F00002933123AFE7239B002B7FF498AA134B1C
:106A0000FFF7B7BA0A9B012B7FF72FAEDDF834A052
:106A100001204EE6059B002B7FF7D7AE009E019824
:106A20002946FFF7B0F900F1300A009B06F801ABE8
:106A3000F21A059B9342B6DD019900230A224846CB
:106A400000F0B0F80190EAE7089701088C96010879
:106A500038B50546002941D051F8043C0C1F002BE5
:106A6000B8BFE418FEF778FA1D4A136833B96360BB
:106A700014602846BDE83840FEF774BAA34208D92E
:106A8000206821188B4201BF19685B6809182160D2
:106A9000EDE71A465B680BB1A342FAD911685018AA
:106AA000A0420BD120680144501883421160E0D10C
:106AB00018685B68536008441060DAE702D90C2359
:106AC0002B60D6E7206821188B4204BF19685B68E9
:106AD000636004BF091821605460CAE738BD00BF75
:106AE0001431002070B5C46905460E4684B91020E3
:106AF000FEF780F90446E86128B90246164B1748AC
:106B00006B2100F013FE0023C0E901330360C36072
:106B1000E36853B921220421284600F025FEEB69E1
:106B2000E060DB680BB9002070BD53F8260030B17F
:106B3000026843F826200023C0E90333F4E701216B
:106B400001FA06F4621D9200284600F00DFE0028AE
:106B5000E9D0C0E90164EEE79996010819970108A8
:106B600070B5C66905460C4676B91020FEF742F9A5
:106B70000246E86120B9094B09488F2100F0D6FD93
:106B8000C0E901660660C6603CB1EB696268DB681B
:106B900053F82210216043F8224070BD99960108F5
:106BA000199701082DE9F0410D6907460C461E466C
:106BB00001F1140C0020DCF8003099B202FB0161F5
:106BC0001E0C0B0C02FB063389B2013001EB0341B2
:106BD00085424CF8041B4FEA1346ECDC0EB3A36865
:106BE000AB4219DC616838460131FFF77BFF804614
:106BF00028B902460C4B0D48BA2100F097FD2269D6
:106C0000023204F10C0192000C30FFF7AEF821467D
:106C10003846FFF7A5FF444604EB850301355E6166
:106C200025612046BDE8F081089701081997010801
:106C3000B0F5803F034636BF030400201020B3F1B7
:106C4000807F3CBF1B020830B3F1805F3CBF1B015B
:106C50000430B3F1804F3CBF9B000230002B05DBBA
:106C600013F0804F00F1010008BF20207047036837
:106C7000024613F007000BD0D90721D4980749BF6B
:106C80005B089B08012013605CBF13600220704703
:106C900099B209B91B0C1020D9B209B908301B0AE6
:106CA000190704BF1B090430990704BF9B08023071
:106CB000D90703D45B0800F1010003D013607047CB
:106CC000002070472020704710B50C460121FFF7C7
:106CD00009FF024628B9054B054840F2451100F06E
:106CE00025FD01234461036110BD00BF0897010821
:106CF000199701082DE9F04FD1F81090D2F810A0A3
:106D0000D14585B08846144604DB53460C46CA4636
:106D100090469946A36861680AEB0906B342B8BF7A
:106D20000131FFF7DFFE30B90246454B45484FF4CD
:106D3000B17100F0FBFC00F1140505EB86072B4652
:106D40000022BB421FD304F1140C08F114010CEB18
:106D50008A0301EB890202921A1B153A22F0030200
:106D600015349C4288BF00220192029A03918A4204
:106D70000CD8002E03DD57F8043D002B5DD00661D2
:106D800005B0BDE8F08F43F8042BDAE7B1F800A0B6
:106D9000BAF1000F24D0E046A9464FF0000E58F893
:106DA000042BD9F800401FFA82FBA4B20AFB0B4463
:106DB0004FEA124BD9F8002074444FEA124E0AFBF6
:106DC0000BE202EB1442A4B244EA0244434549F800
:106DD000044B4FEA124EE2D8019AAA18C2F804E016
:106DE000039AB2F802800431B8F1000F23D02A6868
:106DF000E6469146AA464FF0000BBEF8004008FB5D
:106E000004B404EB194492B242EA04424AF8042B57
:106E10005EF8042BDAF800904FEA124B1FFA89F261
:106E200008FB0B2202EB144273454FEA124BE4D8E5
:106E3000019C2C196260043597E7013E99E700BF79
:106E400008970108199701082DE9F843174612F031
:106E5000030280460D4607D0264C013A002354F821
:106E60002220FFF79FFE0546BF103FD0D8F81C40F8
:106E700094B91020FDF7BEFF0446C8F81C0030B9D5
:106E800002461D4B1D4840F2B31100F04FFC002399
:106E9000C0E901330360C360A66846B940F27121BE
:106EA0004046FFF711FF0023A060064603602C4612
:106EB0004FF0000907F001037F1053B12946324615
:106EC0004046FFF717FF214605464046FFF748FEBC
:106ED00067B1306838B9324631464046FFF70AFF9D
:106EE0003060C0F8009006462C46E3E72846BDE82F
:106EF000F88300BFCC9701089996010819970108FB
:106F00002DE9F84F0C464968236903EB6218A36822
:106F1000074615464FEA621A08F101094B450BDB9B
:106F20003846FFF7DFFD064648B90246294B2A4896
:106F30004FF4EF7100F0FAFB01315B00EEE7002344
:106F400000F1140C00F110021946534535DB22699B
:106F50002AEAEA7A0CEB8A0C04F1140315F01F0EEE
:106F6000614603EB82022CD0CEF1200A002518687E
:106F70008B4600FA0EF02843CBF8000053F8045B70
:106F80009A4201F1040125FA0AF5F0D8131B153BCA
:106F900023F0030304F115018A4238BF00239C4407
:106FA000CCF8045005B9C1463846C6F810902146C1
:106FB000FFF7D6FD3046BDE8F88F42F8041F0133D5
:106FC000C3E753F8045B0D609A4201F10401F8D85D
:106FD000E9E700BF08970108199701080A69034605
:106FE0000069801A30B50ED11433143103EB8204DA
:106FF00001EB820154F8045D51F8042D954203D051
:1070000005D24FF0FF3030BDA342F3D3FBE70120A0
:10701000F9E700002DE9F74F8A460646114650462B
:107020001446FFF7DBFF051E12D129463046FFF755
:1070300059FD024628B9414B40F23721404800F043
:1070400075FB0123C0E90435104603B0BDE8F08F9D
:10705000BCBF5346A2463046DAF80410BABF1C46FD
:1070600001250025FFF73EFD024618B9334B40F2DB
:107070004521E3E7DAF810702669C5600AF11409C2
:1070800004F1140E00F114050AF1100309EB87084E
:107090000EEB86060193AB464FF0000C019B5EF8A9
:1070A000040B53F804AF01931FFA8AF3194683B215
:1070B000CB1A000C6344C0EB1A4000EB23409BB298
:1070C00043EA004376454BF8043B4FEA204CE5D8B1
:1070D000331B153B153423F00303A64238BF0023AE
:1070E000E8184B441C1D04302646A5EB090546450F
:1070F00006EB050E0ED308F10301091B21F0030175
:107100000133984538BF0021014451F8043D9BB13B
:10711000176199E756F8041BE2464FEA11491CFA39
:1071200081FC514409EB2C4989B241EA09414FEAFB
:10713000294CCEF80010DAE7013FE6E7089701088E
:10714000199701082DE9F7430F46012159EC108BDF
:107150001646FFF7C7FC044630B90246234B2448C5
:1071600040F20F3100F0E2FAC9F30A55C9F31303F4
:107170000DB143F480130193B8F1000323D06846A6
:107180000093FFF774FD0099D8B1019AC0F1200374
:1071900002FA03F30B43C24063610192019BA361B6
:1071A000002B0CBF012202222261A5B1A5F23345BA
:1071B00005443D60C0F135003060204603B0BDE8B5
:1071C000F0836161EAE701A8FFF751FD019B63616C
:1071D00020300122E8E704EB8203A0F2324038605D
:1071E0001869FFF725FDC0EB4210E5E70897010895
:1071F000199701089368013B002B10B4936008DADB
:107200009469A34201DB0A2903D15DF8044BFEF720
:107210008BBC1368581C1060197008465DF8044B4D
:107220007047F8B506460F461446D518AC4201D152
:10723000002007E014F8011B3A463046FFF7DAFF5A
:10724000431CF3D1F8BD00002DE9F0470D469CB07A
:1072500014461F46064618B1036A0BB9FEF772FBC7
:107260006B6ED90705D4AB899A0502D4A86DFEF7D9
:107270007AFDAB891B0701D52B699BB9294630469E
:10728000FEF790FC70B16B6EDC0704D54FF0FF3059
:107290001CB0BDE8F087AB899805F7D4A86DFEF760
:1072A00063FDF3E70023099320238DF8293003972A
:1072B00030236A4F8DF82A304FF001082346994653
:1072C00013F8012B0AB1252AF9D1B9EB040A0BD026
:1072D0005346224629463046FFF7A3FF013000F00F
:1072E000A480099A5244099299F80030002B00F0CA
:1072F0009C8000234FF0FF32CDE9052309F10109FD
:10730000049307938DF853301A934C46534814F85E
:10731000011B0522E8F744FF049BD0B9D90644BFFE
:1073200020228DF853201A0744BF2B228DF85320BA
:1073300099F800202A2A13D0079A4C4600204FF0D3
:107340000A0C214611F8013B303B092B49D968B999
:1073500013E0C01B08FA00F018430490A146D4E7DC
:10736000039A111D12680391002A01DB079204E0C1
:10737000524243F002030792049323782E2B0AD142
:1073800063782A2B32D1039B1A1D1B68039243EAB0
:10739000E37302340593DFF8D49021780322484642
:1073A000E8F7FEFE38B1049BA0EB090040228240C2
:1073B00013430134049314F8011B29488DF8281055
:1073C0000622E8F7EDFE00283ED0264818BB039BB6
:1073D000073323F0070308330393099B03440993FE
:1073E0006CE70CFB02320C460120AAE700230134B3
:1073F000059319464FF00A0C204610F8012B303A3D
:10740000092A03D9002BC6D00591C4E70CFB012142
:1074100004460123F0E703AB00932A46124B04A96C
:107420003046FDF745FE431CD7D16B6ED90705D416
:10743000AB899A0502D4A86DFEF796FCAB895B0672
:107440003FF524AF099823E703AB00932A46064B88
:1074500004A93046FEF7C2F8E5E700BF72970108BD
:107460007C970108B1500108237201087897010840
:10747000B1F90C202DE9F041160705460C4651D410
:107480004B68002B02DC0B6C002B49DDE66A002EFA
:1074900046D0002312F480522F682B6031D0626DE9
:1074A000A389590705D56368D21A636B0BB1236CA6
:1074B000D21A0023E66A216A2846B047421CB4F972
:1074C0000C3006D129681D2946D8294ACA40D6075A
:1074D00042D500226260D9042269226004D5421C90
:1074E00001D12B6803B96065616B2F60C1B104F1F4
:1074F0004403994202D02846FFF7AAFA00236363A7
:107500000EE0216A01232846B0470246501CC7D12D
:107510002B68002BC4D01D2B01D0162B1AD12F6045
:1075200000201EE00F69002FFAD093070E6808BFF5
:107530004B690F6018BF0023A6EB07088B60B8F1FA
:10754000000FEDDD216AA66A43463A462846B04759
:10755000002808DCB4F90C3043F04003A3814FF05D
:10756000FF30BDE8F0810744A8EB0008E7E700BF63
:107570000100402038B50B6905460C4613B90025BB
:10758000284638BD18B1036A0BB9FEF7DBF9B4F928
:107590000C30002BF3D0626ED00704D4990502D4CE
:1075A000A06DFEF7E0FB28462146FFF761FF636E02
:1075B000DA070546E4D4A3899B05E1D4A06DFEF764
:1075C000D3FBDDE770B50C46B1F90E10002996B07B
:1075D00015461E460ADAA18911F0800113D14FF435
:1075E0008062002031602A6016B070BD6A4600F0EB
:1075F0007BF80028EFDB019901F47041A1F50053FD
:1076000059425941EBE700214022EAE78B8973B5E3
:107610009E0705460C4607D504F147032360236106
:107620000123636102B070BD01AB6A46FFF7CAFF78
:10763000009E28463146FDF70FFCB4F90C3038B9EE
:107640009A05EFD423F0030343F00203A381E3E799
:1076500043F08003A381019B2060C4E90406002B52
:10766000E0D0B4F90E10284600F050F80028D9D028
:10767000A38923F0030343F00103A381D2E770B58C
:107680000D461446064618B1036A0BB9FEF75AF9BF
:10769000636ED80705D4A389990502D4A06DFEF7BF
:1076A00062FBA368013B002BA36005DAA269934249
:1076B00012DBEBB20A2B0FD023685A1C22601D701C
:1076C000EDB2636EDA0705D4A3899B0502D4A06DE1
:1076D000FEF74AFB284670BD294622463046FEF793
:1076E00023FA0546EDE7000038B5074D00230446B0
:1076F000084611462B60F2F784FE431C02D12B682A
:1077000003B1236038BD00BF5432002038B5064DA8
:107710000023044608462B60F2F783FE431C02D187
:107720002B6803B1236038BD543200201FB51446C6
:107730001A46094B1B680546D8684CB1074B0091A7
:10774000CDE9013406492B4600F042F800F052F82A
:10775000044B1C46F3E700BF580000208D9701083A
:107760009A970108C897010870B5A1FB025434B973
:107770002946FDF771FB064628B9304670BD0C223C
:1077800002600026F9E72A462146FEF75FFAF4E791
:1077900082B001B901A942B14BB113780B601278E4
:1077A000101E18BF012002B070471046FBE76FF0B3
:1077B0000100F8E70346084641B1FF2A04D98A22AE
:1077C0001A604FF0FF3070470A70012070470000C8
:1077D0000EB403B5014603AB054853F8042B00680B
:1077E0000193FFF731FD02B05DF804EB03B0704781
:1077F0005800002008B5062000F02CF80120F2F710
:10780000CCFD1F2938B505460C4604D91623036064
:107810004FF0FF3038BDC26B12B152F821304BB976
:10782000284600F031F8224601462846BDE8384097
:1078300000F018B8012B0AD0591C03D1162303609D
:107840000120E7E7002142F8241020469847002055
:10785000E0E70000024B01461868FFF7D2BF00BF07
:107860005800002038B5074D00230446084611464D
:107870002B60F2F782FD431C02D12B6803B1236019
:1078800038BD00BF54320020F2F76FBDF8B500BF1D
:10789000F8BC08BC9E467047F8B500BFF8BC08BCF1
:0478A0009E46704749
:1078A800000000000000000000000000448F0108F4
:1078B800E4010320E80103202604040057697265E7
:1078C8006C657373204669726D77617265207665A1
:1078D8007273696F6E2025642E25642E25640A0054
:1078E800576972656C657373204669726D7761724A
:1078F80065206275696C642025640A00465553202A
:1079080076657273696F6E2025642E25642E256452
:107918000A0000003E3E3D3D20534843495F535511
:10792800425F4556545F434F44455F524541445971
:107938000A0D00003E3E3D3D20534843495F5355E4
:10794800425F4556545F4552524F525F4E4F54491D
:1079580046200A0D000000003E3E3D3D20534843AE
:10796800495F5355425F4556545F424C455F4E56FA
:107978004D5F52414D5F555044415445202D2D20B7
:10798800424C45204E564D2052414D2048415320EF
:107998004245454E205550444154454420425920C3
:1079A800435055322000000020202020202D205355
:1079B8007461727441646472657373203D20256C30
:1079C80078202C2053697A65203D20256C640A00B4
:1079D8003D3D3E3E20534843495F5355425F45561F
:1079E800545F4E564D5F53544152545F5752495459
:1079F80045203A204E756D6265724F66576F726406
:107A080073203D20256C640A000000003E3E3D3D89
:107A180020534843495F5355425F4556545F4E567D
:107A28004D5F454E445F57524954450A0D000000CA
:107A38003D3D3E3E534843495F5355425F4556548A
:107A48005F4E564D5F53544152545F455241534522
:107A5800203A204E756D6265724F66536563746F88
:107A68007273203D20256C640A0000003E3E3D3DB7
:107A780020534843495F5355425F4556545F4E561D
:107A88004D5F454E445F45524153450A0D00000085
:107A98003E3E3D3D20534843495F5355425F45565E
:107AA800545F4552524F525F4E4F544946205749F2
:107AB800544820524541534F4E202578200A0D0046
:107AC8003E3E3D3D20534843495F5355425F45562E
:107AD800545F4552524F525F4E4F544946205749C2
:107AE800544820524541534F4E202D204552525F55
:107AF800424C455F494E4954200000003E3E3D3D02
:107B080020534843495F5355425F4556545F455299
:107B1800524F525F4E4F54494620574954482052BD
:107B28004541534F4E202D20424C45204552524F3F
:107B3800522000003E3E3D3D20574952454C45539A
:107B4800535F46575F52554E4E494E47200000003E
:107B58003E3E3D3D204442474D43555F4765745284
:107B680065766973696F6E49443D20256C78200AF3
:107B78000D0000003E3E3D3D204442474D43555FC9
:107B880047657444657669636549443D20256C788A
:107B9800200A0D003E3E3D3D20534843495F535562
:107BA800425F4556545F434F44455F5245414459EF
:107BB800202D204655535F46575F52554E4E494E2D
:107BC80047200A0D000000003E3E3D3D205348433B
:107BD800495F5355425F4556545F434F44455F5292
:107BE80045414459202D20554E455850454354454C
:107BF800442043415345200A0D0000007265636527
:107C0800697665642025730A000000005357310027
:107C1800535731204F4B00005357320053573220EF
:107C28004F4B000053573300535733204F4B00003E
:107C38004E4F54205245434F474E495A45442043DE
:107C48004F4D4D414E44203A2025730A0000000054
:107C580020204661696C2020203A20534843495F20
:107C680043325F424C455F496E697420636F6D6DA6
:107C7800616E642C20726573756C743A20307825B7
:107C88003032780A0D000000202053756363657355
:107C9800733A20534843495F43325F424C455F493A
:107CA8006E697420636F6D6D616E640A0D0000006B
:107CB80020204661696C2020203A206163695F6852
:107CC800616C5F7365745F726164696F5F6163742F
:107CD80069766974795F6D61736B20636F6D6D612F
:107CE8006E642C20726573756C743A203078257830
:107CF800200A0D002020537563636573733A206171
:107D080063695F68616C5F7365745F726164696FF2
:107D18005F61637469766974795F6D61736B206301
:107D28006F6D6D616E640A0D000000003E3E3D3DC2
:107D3800204843495F444953434F4E4E45435449B5
:107D48004F4E5F434F4D504C4554455F4556545F29
:107D5800434F44450000000020202020202D2043D0
:107D68006F6E6E656374696F6E2048616E646C65D2
:107D78003A202020307825780A20202020202D2025
:107D8800526561736F6E3A20202020307825780A7A
:107D98000D0000003E3E3D3D204843495F4C455F95
:107DA800434F4E4E454354494F4E5F5550444154FE
:107DB800455F434F4D504C4554455F5355424556DA
:107DC800545F434F4445000020202020202D2043AD
:107DD8006F6E6E656374696F6E20496E7465727636
:107DE800616C3A202020252E3266206D730A2020EF
:107DF8002020202D20436F6E6E656374696F6E209E
:107E08006C6174656E63793A2020202025640A200D
:107E1800202020202D205375706572766973696F54
:107E28006E2054696D656F75743A202564206D73F2
:107E38000A0D00003D3D3E3E204843495F4C455FEA
:107E48005048595F5550444154455F434F4D504C3D
:107E58004554455F5355424556545F434F4445206A
:107E68002D200000737461747573206F6B200000FF
:107E7800737461747573206E6F6B20003D3D3E3ED8
:107E8800206863695F6C655F726561645F706879BB
:107E9800203A206661696C0A0D0000003D3D3E3EB7
:107EA800206863695F6C655F726561645F7068799B
:107EB800202D205375636365737320003D3D3E3E5E
:107EC8002050485920506172616D202054583D203F
:107ED80025642C2052583D202564200A0D000000FE
:107EE8003E3E3D3D204843495F4C455F434F4E4E23
:107EF800454354494F4E5F434F4D504C4554455FA1
:107F08005355424556545F434F4445202D20436FF7
:107F18006E6E656374696F6E2068616E646C653A35
:107F280020307825780A000020202020202D2043AA
:107F38006F6E6E656374696F6E2065737461626CD1
:107F4800697368656420776974682043656E747224
:107F5800616C3A20403A253032783A253032783A06
:107F6800253032783A253032783A253032783A2539
:107F78003032780A000000003E3E3D3D2041434932
:107F88005F4741505F4C494D495445445F4449530C
:107F9800434F56455241424C455F56534556545FF0
:107FA800434F4445200000003E3E3D3D20414349AB
:107FB8005F4741505F504153535F4B45595F5245AE
:107FC800515F56534556545F434F444520000000C7
:107FD8003D3D3E3E206163695F6761705F7061731C
:107FE800735F6B65795F72657370203A20466169CB
:107FF8006C2C20726561736F6E3A20307825780A90
:10800800000000003D3D3E3E206163695F6761708E
:108018005F706173735F6B65795F72657370203A27
:108028002053756363657373200000003E3E3D3D39
:10803800204143495F4741505F415554484F524999
:108048005A4154494F4E5F5245515F565345565415
:108058005F434F44450000003D3D3E3E20414349BB
:108068005F4741505F424F4E445F4C4F53545F56F9
:10807800534556545F434F44452000003D3D3E3E26
:10808800206163695F6761705F616C6C6F775F72B5
:1080980065626F6E64203A204661696C2C207265B7
:1080A80061736F6E3A20307825780A003D3D3E3E78
:1080B800206163695F6761705F616C6C6F775F7285
:1080C80065626F6E64203A2053756363657373202D
:1080D800000000003E3E3D3D204143495F4741507E
:1080E8005F414444525F4E4F545F5245534F4C5684
:1080F80045445F56534556545F434F44452000005E
:108108003E3E3D3D204143495F4741505F4B455905
:1081180050524553535F4E4F544946494341544981
:108128004F4E5F56534556545F434F444500000039
:108138003E3E3D3D204143495F4741505F4E554DCE
:10814800455249435F434F4D50415249534F4E5F4B
:1081580056414C55455F56534556545F434F444529
:108168000000000020202020202D206E756D6572F3
:1081780069635F76616C7565203D20256C640A0033
:1081880020202020202D204865785F76616C756559
:10819800203D20256C780A003D3D3E3E2061636904
:1081A8005F6761705F6E756D657269635F636F6D40
:1081B80070617269736F6E5F76616C75655F636F0E
:1081C8006E6669726D5F7965736E6F2D2D3E5945C8
:1081D80053203A204661696C2C20726561736F6E7A
:1081E8003A20307825780A003D3D3E3E206163699B
:1081F8005F6761705F6E756D657269635F636F6DF0
:1082080070617269736F6E5F76616C75655F636FBD
:108218006E6669726D5F7965736E6F2D2D3E594577
:1082280053203A2053756363657373200000000080
:108238003E3E3D3D204143495F4741505F504149E3
:1082480052494E475F434F4D504C4554455F565336
:108258004556545F434F444500000000202020202D
:10826800202D2050616972696E67205375636365BC
:108278007373000020202020202D2050616972692E
:108288006E67204B4F200A20202020202D20537479
:10829800617475733A20307825780A2020202020D0
:1082A8002D20526561736F6E3A20307825780A0068
:1082B8003E3E3D3D204143495F4741505F50524F4C
:1082C800435F434F4D504C4554455F5653455654B4
:1082D8005F434F4445200D003E3E3D3D204143490C
:1082E8005F474154545F494E4449434154494F4EB6
:1082F8005F56534556545F434F4445200D000000D8
:108308003D3D3E3E20537461727420426C655F4867
:1083180063695F4761705F476174745F496E697430
:108328002066756E6374696F6E00000020204661D8
:10833800696C2020203A206863695F7265736574F0
:1083480020636F6D6D616E642C20726573756C743B
:108358003A2030782578200A000000002020537544
:1083680063636573733A206863695F7265736574E4
:1083780020636F6D6D616E6400000000202046610F
:10838800696C2020203A206163695F68616C5F77BF
:10839800726974655F636F6E6669675F6461746153
:1083A80020636F6D6D616E64202D20434F4E4649EA
:1083B800475F444154415F5055424C49435F4144F3
:1083C80044524553535F4F46465345542C207265DB
:1083D80073756C743A2030782578200A0000000004
:1083E8002020537563636573733A206163695F681E
:1083F800616C5F77726974655F636F6E6669675FEA
:108408006461746120636F6D6D616E64202D20431B
:108418004F4E4649475F444154415F5055424C498D
:10842800435F414444524553535F4F464653455476
:108438000000000020205075626C696320426C7552
:1084480065746F6F746820416464726573733A2051
:10845800253032783A253032783A253032783A2544
:108468003032783A253032783A253032780A0000AE
:1084780020204661696C2020203A206163695F688A
:10848800616C5F77726974655F636F6E6669675F59
:108498006461746120636F6D6D616E64202D20438B
:1084A8004F4E4649475F444154415F49525F4F46EA
:1084B800465345542C20726573756C743A20307895
:1084C8002578200A00000000202053756363657337
:1084D800733A206163695F68616C5F77726974657C
:1084E8005F636F6E6669675F6461746120636F6D57
:1084F8006D616E64202D20434F4E4649475F4441CD
:1085080054415F49525F4F464653455400000000AE
:1085180020204661696C2020203A206163695F68E9
:10852800616C5F77726974655F636F6E6669675FB8
:108538006461746120636F6D6D616E64202D2043EA
:108548004F4E4649475F444154415F45525F4F464D
:10855800465345542C20726573756C743A203078F4
:108568002578200A00000000202053756363657396
:10857800733A206163695F68616C5F7772697465DB
:108588005F636F6E6669675F6461746120636F6DB6
:108598006D616E64202D20434F4E4649475F44412C
:1085A80054415F45525F4F46465345540000000012
:1085B80020204661696C2020203A206163695F6849
:1085C800616C5F7365745F74785F706F7765725FF5
:1085D8006C6576656C20636F6D6D616E642C2072BE
:1085E8006573756C743A2030782578200A0000008D
:1085F8002020537563636573733A206163695F680C
:10860800616C5F7365745F74785F706F7765725FB4
:108618006C6576656C20636F6D6D616E640000003B
:1086280020204661696C2020203A206163695F67D9
:108638006174745F696E697420636F6D6D616E64D7
:108648002C20726573756C743A2030782578200A6E
:10865800000000002020537563636573733A20613E
:1086680063695F676174745F696E697420636F6DB5
:108678006D616E6400000000503250535256310054
:1086880020204661696C2020203A206163695F6779
:1086980061705F696E697420636F6D6D616E642CC3
:1086A80020726573756C743A2030782578200A003A
:1086B8002020537563636573733A206163695F674C
:1086C80061705F696E697420636F6D6D616E6400BF
:1086D80020204661696C2020203A206863695F6C1D
:1086E800655F7365745F64656661756C745F7068F7
:1086F8007920636F6D6D616E642C20726573756C83
:10870800743A2030782578200A000000202053751C
:1087180063636573733A206863695F6C655F73654B
:10872800745F64656661756C745F70687920636FE7
:108738006D6D616E6400000020204661696C202028
:10874800203A206163695F6761705F7365745F6970
:108758006F5F6361706162696C69747920636F6DC2
:108768006D616E642C20726573756C743A20307874
:108778002578200A00000000202053756363657384
:10878800733A206163695F6761705F7365745F69DD
:108798006F5F6361706162696C69747920636F6D82
:1087A8006D616E640000000020204661696C202025
:1087B800203A206163695F6761705F7365745F6108
:1087C800757468656E7469636174696F6E5F7265EC
:1087D80071756972656D656E7420636F6D6D616E1C
:1087E800642C20726573756C743A20307825782073
:1087F8000A0000002020537563636573733A206193
:1088080063695F6761705F7365745F6175746865DC
:108818006E7469636174696F6E5F72657175697290
:10882800656D656E7420636F6D6D616E6400000028
:1088380020204661696C2020203A206163695F67C7
:1088480061705F636F6E6669677572655F77686987
:1088580074656C69737420636F6D6D616E642C2030
:10886800726573756C743A2030782578200A000098
:108878002020537563636573733A206163695F678A
:1088880061705F636F6E6669677572655F77686947
:1088980074656C69737420636F6D6D616E6400003C
:1088A8003D3D3E3E20456E6420426C655F486369ED
:1088B8005F4761705F476174745F496E69742066D1
:1088C800756E6374696F6E0A0D0000003D3D3E3E93
:1088D800206163695F6761705F7365745F6E6F6E57
:1088E8005F646973636F76657261626C65202D20C1
:1088F80053746F70204164766572746973696E672A
:10890800204661696C6564202C20726573756C74EF
:108918003A202564200A00003D3D3E3E20616369FF
:108928005F6761705F7365745F6E6F6E5F646973B4
:10893800636F76657261626C65202D205375636381
:1089480065737366756C6C792053746F70706564A9
:10895800204164766572746973696E67200000004F
:108968003D3D3E3E206163695F6761705F7365747A
:108978005F646973636F76657261626C65202D2030
:108988006661696C2C20726573756C743A20307856
:108998002578200A000000003D3D3E3E20616369C5
:1089A8005F6761705F7365745F646973636F766531
:1089B8007261626C65202D20537563636573730063
:1089C8003D3D3E3E205374617274204661737420AD
:1089D8004164766572746973696E67204661696C73
:1089E8006564202C20726573756C743A20256420A8
:1089F8000A0D00003D3D3E3E205374617274204CC8
:108A08006F7720506F77657220416476657274695C
:108A180073696E67204661696C6564202C207265F5
:108A280073756C743A202564200A0D003D3D3E3E66
:108A380020537563636573733A20537461727420AD
:108A480046617374204164766572746973696E67F0
:108A5800200A0D003D3D3E3E2053756363657373E8
:108A68003A205374617274204C6F7720506F776589
:108A780072204164766572746973696E67200A0DA5
:108A8800000000002A2A2053544F502041445645E4
:108A980052544953494E47202A2A20204661696C7E
:108AA8006564200D0A0D000020200D0A0D0000004D
:108AB8002A2A2053544F5020414456455254495372
:108AC800494E47202A2A20200D0A0D00424C455FB6
:108AD8005356435F4C324341505F436F6E6E5F5550
:108AE800706461746528292C204661696C6564206E
:108AF8000D0A0D00424C455F5356435F4C324341CB
:108B0800505F436F6E6E5F55706461746528292CE1
:108B1800205375636365737366756C6C79200D0AF1
:108B28000D0000002D2D20503250204150504C494E
:108B3800434154494F4E20534552564552203A20FE
:108B48004E4F54494649434154494F4E20454E41A2
:108B5800424C454400000000200A0D002D2D2050F5
:108B68003250204150504C49434154494F4E2053B4
:108B78004552564552203A204E4F544946494341A2
:108B880054494F4E2044495341424C45440000004B
:108B9800504B5F41434B2072656365697665640D90
:108BA800000000006B65792073656E6420656E6453
:108BB800200D00005075626C6963204B6579205365
:108BC800656E642054696D65203D20256C75206DA7
:108BD800730D0A004D53475F41434B20726563652F
:108BE800697665640D0000006D73672073656E64B7
:108BF80020656E64200D00004D6573736167652004
:108C080053656E642054696D65203D20256C752080
:108C18006D730D0A000000005349475F41434B2024
:108C280072656365697665640D0000007369672085
:108C380073656E6420656E64200D00005369676E6D
:108C480061747572652053656E642054696D652082
:108C58003D20256C75206D730D0A00005645525F46
:108C680041434B2072656365697665640D000000B9
:108C780052756E20256C75202F20256420636F6D3A
:108C8800706C6574650D0A003D3D3D3D3D3D3D3DC3
:108C98003D3D3D3D3D3D3D3D3D3D3D3D3D3D3D3DFC
:108CA8003D3D3D3D3D3D3D3D3D3D3D3D3D3D3D3DEC
:108CB8003D3D3D3D3D3D3D3D3D3D3D3D3D3D3D3DDC
:108CC8003D3D3D20200D0000416C6C202564207244
:108CD800756E7320636F6D706C6574650D0A0000A6
:108CE8002D2D20503250204150504C494341544979
:108CF8004F4E2053455256455220203A204C454469
:108D080031204F4E000000002D2D205032502041C0
:108D180050504C49434154494F4E205345525645B3
:108D28005220203A204C454431204F46460000004E
:108D38002D2D20503250204150504C494341544928
:108D48004F4E205345525645522031203A204C452B
:108D58004431204F4E0000002D2D2050325020412C
:108D680050504C49434154494F4E20534552564563
:108D7800522031203A204C454431204F46460000CD
:108D88004C454420424C5545204F464600000000C3
:108D98005374617274696E672072756E20256C75E4
:108DA800202F2025640D0A006B65792067656E20E9
:108DB8007374617274200D006B65792067656E208D
:108DC800656E64200D0000005075626C6963206157
:108DD8006E642050726976617465206B65797320C2
:108DE80067656E657261746564200D004B65792056
:108DF80047656E65726174696F6E2054696D652090
:108E08003D20256C75206D730D0A00004572726F48
:108E18007220696E204B65792047656E65726174B2
:108E2800696F6E200D0000007369672067656E200A
:108E38007374617274200D007369672067656E2012
:108E4800656E64200D0000004D65737361676520D1
:108E58007369676E6564207375636365737366759C
:108E68006C6C79200D0000005369676E696E67208D
:108E780054696D65203D20256C75206D730D0A00C1
:108E88005369676E696E67206661696C65640D0079
:108E98006B65792073656E64207374617274200D3C
:108EA800000000005075626C6963204B657920737F
:108EB800656E74200D0000006D73672073656E6425
:108EC800207374617274200D000000004D65737387
:108ED8006167652073656E74202825752062797432
:108EE8006573290D0A0000007369672073656E6455
:108EF800207374617274200D000000005369676E5E
:108F080061747572652073656E74200D0000000031
:108F1800120000002400000036000000400000009D
:108F2800060000000C000000100000000000000017
:108F380001000000020000000300000000000048DB
:108F48000100000000000048010000000000004887
:108F58000100000000000048010000000000004877
:108F68000100000000000048010000000000004867
:108F78000100000000000048010000000000004857
:108F88000100000000000048010000000000004847
:108F98000100000000000048010000000000004837
:108FA8000100000000000048010000000000004827
:108FB8000100000000000048010000000000004817
:108FC8000100000000000048010000000000004807
:108FD80001000000000000480100000000000048F7
:108FE80001000000000000480100000000000048E7
:108FF80001000000000000480100000000000048D7
:1090080001000000000000480100000000000048C6
:1090180001000000000000480100000000000048B6
:1090280001000000000000480100000000000048A6
:109038000100000000000048010000000000004896
:109048000100000000000048010000000000004886
:109058000100000000000048010000000000004876
:1090680001000000000000480100000000000000AE
:1090780001000000000000008280000000000000E5
:109088008A800000000000800080008000000080CE
:109098008B8000000000000001000080000000003C
:1090A80081800080000000800980000000000080AE
:1090B8008A00000000000000880000000000000096
:1090C80009800080000000000A0000800000000005
:1090D8008B800080000000008B00000000000080F2
:1090E80089800000000000800380000000000080EC
:1090F8000280000000000080800000000000008066
:109108000A800000000000000A00008000000080C3
:1091180081800080000000808080000000000080C6
:10912800010000800000000008800080000000802E
:1091380000000000F76400000231D8FF0315F8FFB3
:10914800449E03001821F4FF28A1F2FF241E070003
:109158002BDE1B002BE92300AD84FAFF7F14E0FF10
:10916800759A2F0009FBD3FF497A2F0027E52800BD
:109178005896290070A00F00A485EFFF88B7360025
:10918800909DF7FFA0EAEEFF68F927007BD3DFFF89
:10919800D6ADDFFFE71AC5FFF7A4EAFF98FCCDFFBD
:1091A80035D01A0022B4FFFF01323D00C545040046
:1091B800674A290020760100CDF42E00C5DE35006F
:1091C80003A5E6FF2C30C9FFD447D9FFAFBE3B004B
:1091D8008515C5FF7C8ED1FF968A3600413ED4FFA7
:1091E800000436004D6AFBFF9CD623005DC5F7FFDF
:1091F8003D12E6FFD6EAE6FF1E7E350059AFC5FFF1
:109208003F8435001756DFFF5C94E7FF8C73380006
:10921800A8630C009A1B0800768F0E0053383B0099
:1092280034853B0030FCD8FF549D1F002D4FD5FFDF
:10923800E506C4FF81ACE8FFCFE1C7FF1998D1FF6D
:109248005DD6E9FFEE093500C7352100BBCFE7FF42
:1092580075CFECFF72971D0072B0C1FFF6BCF0FF2E
:109268008052CFFFAED2CFFFE090C8FFCAEF010017
:10927800F210340085FEF0FF38C620009F6E2900EA
:10928800A3B7D2FF4BA4C7FF6DBAF9FF0934DAFFC1
:1092980082C2F5FF1341EDFF3BA6FFFFF709ECFF84
:1092A800DD2BFAFFD495140063451C00622CEAFFFD
:1092B800E9FBCCFFF00A040017C4070088452F001B
:1092C80000AD0000BE36EFFF44CD0D005A673C00EC
:1092D800CA2BC7FF7EDEFFFF48391900C069CEFFE1
:1092E8006C752400DFC7FCFFA1980B0008E8EBFFB2
:1092F8006CE4020008C8C9FFC2363000F6BFE3FFBD
:10930800933CDBFFE04AFDFF05131400927714003D
:10931800259E1300E0D0E7FF4499F3FF0208EAFF17
:10932800A2EED1FF9CC7C4FF57A0C8FFD9973A0047
:1093380093EA1F005AFF3300D4582300F8413A003B
:1093480072FFCCFFFB3D22009FABDAFF22A4C9FFCE
:10935800F512040087252500F024EDFF5D9B3500FC
:10936800A048CAFFFCA2C6FF56BBEDFFDE45CFFFF3
:109378005EBE0D001A5E1C00E6E00D005A7F0C0070
:10938800838F07008A62E7FF0457FFFFFC06F8FF98
:109398002100F6FFF65AD0FF84001F0086EF300048
:1093A8007DB9C9FFD6FCF7FF9245F4FFC221C9FF7A
:1093B800193905000C61040041CDDAFF1BB03E00ED
:1093C800E77234003B00CDFFC77C1A002419030064
:1093D800E55E2B00991129003A7AD8FF714D1300E8
:1093E8001CE13D008409130051F02500465A18007D
:1093F8001885C6FFBE1413009138280090DBC9FFFA
:109408008950D2FF3F851C004B0B1D00A6F6EFFFCD
:10941800BEA8EBFF1BE112003E5ECDFF2F2DEAFF39
:10942800E41DF9FFC7061400837232006E0DE2FFD7
:109438005379ECFF99401D007825D9FFAD05EBFF66
:1094480005E41600E7DB0B00E81D2200CFF8330027
:1094580034B9F7FF0CCAD4FFF87FE6FF57D1E3FF12
:109468001B91D8FF122CC7FFD81009001F5EC6FF3A
:109478005846E1FF8B1D2500B77325008F7CFDFF43
:1094880098DD1D0098683300BBD40200A793EDFF58
:10949800BE6CCFFF1C7C020008AA180071FD2D00CD
:1094A800A55C0C009A37190067A1C7FF3D8CE4FF43
:1094B8003CA1D1FF39C5350015013B00C01D040092
:1094C800F7C42100F41BF1FFE7351A000E3407003A
:1094D800457DF9FFD04C1A00AE7CE4FF68261D00DC
:1094E800988EE6FF3326EFFFDA05FCFFDB7FC5FF2A
:1094F8006427D3FFAFE1DDFFDD93F9FF091DDDFF31
:1095080093CC02000518F1FF2A9C1800A9E5C9FFB1
:10951800508AF7FF2CCF3B004E43FFFFDF36EBFFAF
:10952800CA153C00685E1500B616F3FFCE291E006A
:109538006C7AD8AC57720000123456789ABCDEF0B8
:10954800123456789ABCDEF0FEDCBA0987654321EE
:10955800FEDCBA098765432109503250535256310F
:1095680068656C6C6F2066726F6D20626F617264E3
:10957800206100002000010002000000100001002E
:10958800020000000A0607000100000003000000B6
:1095980005000000010000000100000006000000B6
:1095A8000A00000020000000020000000400000083
:1095B80008000000100000004000000080000000CB
:1095C8000001000000020000000000000000000090
:1095D8000000000000000000010000000200000080
:1095E8000300000004000000A0860100400D0300F5
:1095F800801A060000350C0040420F0080841E00CF
:1096080000093D0000127A000024F40000366E01C3
:109618000048E801006CDC020000000000000000C7
:109628000000000000000000010002000400060025
:1096380008000A000C001000200040008000000113
:1096480001010103070100000804020408010101E7
:10965800494E4600696E66004E414E006E616E00CE
:1096680030003031323334353637383941424344AB
:109678004546003031323334353637383961626324
:1096880064656600496E66696E697479004E614E5C
:10969800005245454E54206D616C6C6F63207375A4
:1096A80063636565646564002F6275696C642F6720
:1096B8006E752D746F6F6C732D666F722D73746D6C
:1096C80033325F31342E332E72656C312E323032A4
:1096D80035313032372D303730302F7372632F6E7B
:1096E80065776C69622F6E65776C69622F6C696249
:1096F800632F7374646C69622F64746F612E6300E6
:1097080042616C6C6F63207375636365656465643F
:10971800002F6275696C642F676E752D746F6F6C9E
:10972800732D666F722D73746D33325F31342E333F
:109738002E72656C312E32303235313032372D3061
:109748003730302F7372632F6E65776C69622F6EB6
:1097580065776C69622F6C6962632F7374646C69D6
:10976800622F6D707265632E6300232D302B2000ED
:10977800686C4C00656667454647004300504F5388
:109788004958002E002C2066756E6374696F6E3A16
:109798002000617373657274696F6E2022257322CD
:1097A800206661696C65643A2066696C65202225CB
:1097B80073222C206C696E65202564257325730A35
:1097C8000000000005000000190000007D000000F6
:1097D8000080E03779C34143176E05B5B5B89346A5
:1097E800F5F93FE9034F384D321D30F94877825A71
:1097F8003CBF737FDD4F1575000000000000F03F8F
:109808000000000000002440000000000000594053
:109818000000000000408F40000000000088C340A6
:1098280000000000006AF8400000000080842E411B
:1098380000000000D01263410000000084D7974167
:109848000000000065CDCD41000000205FA002426D
:10985800000000E876483742000000A2941A6D42E2
:10986800000040E59C30A2420000901EC4BCD642D5
:1098780000003426F56B0C430080E03779C3414380
:1098880000A0D8855734764300C84E676DC1AB43F6
:10989800003D9160E458E143408CB5781DAF154414
:1098A80050EFE2D6E41A4B4492D54D06CFF08044EF
:1098B800F64AE1C7022DB544B49DD9794378EA4404
:1098C8000020202020202020202028282828282088
:1098D8002020202020202020202020202020202080
:1098E80020881010101010101010101010101010E8
:1098F80010040404040404040404041010101010D8
:1099080010104141414141410101010101010101A1
:1099180001010101010101010101010110101010F3
:109928001010424242424242020202020202020273
:1099380002020202020202020202020210101010C7
:1099480020000000000000000000000000000000EF
:1099580000000000000000000000000000000000FF
:1099680000000000000000000000000000000000EF
:1099780000000000000000000000000000000000DF
:1099880000000000000000000000000000000000CF
:1099980000000000000000000000000000000000BF
:1099A80000000000000000000000000000000000AF
:1099B800000000000000000000000000000000009F
:0499C800000000009B
:0899CC00B467FE7F01000000FA
:0499D4006501000821
:0499D8004101000841
:1099DC000000484200007A440DFF018300000000A3
:1099EC0000000000000000000004004800040048D3
:1099FC000004004800080048000C0048000C004817
:109A0C0000093D001000000001010000FFFFFFFFF6
:109A1C00FFFFFFFF000000000300000018310020D2
:109A2C005C00002000000000183100208031002074
:109A3C00E8310020000000000000000000000000E1
:109A4C00000000000000000000000000000000000A
:109A5C0000000000000000000000000000000000FA
:109A6C0000000000000000000000000000000000EA
:109A7C004300000000000000000000000000000097
:109A8C0000000000000000000000000000000000CA
:109A9C004300000000000000000000000000000077
:109AAC0000000000000000000000000000000000AA
:109ABC004300000000000000000000000000000057
:109ACC00000000000000000000000000000000008A
:109ADC004300000000000000000000000000000037
:109AEC00000000000000000000000000000000006A
:109AFC004300000000000000000000000000000017
:109B0C000000000000000000000000000000000049
:109B1C0043000000000000000000000000000000F6
:109B2C000000000000000000000000000000000029
:109B3C0043000000000000000000000000000000D6
:109B4C000000000000000000000000000000000009
:109B5C00B57701089177010800000000C89801084A
:109B6C008B970108C8970108C8970108C897010886
:109B7C00C8970108C8970108C8970108C897010839
:109B8C00C8970108C8970108FFFFFFFFFFFFFFFF01
:109B9C00FFFFFFFFFFFF0000010041534349490055
:109BAC0000000000000000000000000000000000A9
:109BBC000000000000000000000041534349490030
:109BCC000000000000000000000000000000000089
:0C9BDC000000000000000000000000007D
:109BE800000000000000000000000000000000006D
:109BF800000000000000000000000000000000005D
:059C0800000000000057
:109C0D000000000000000000000000000000000047
:019C1D000046
:040000050800BEE54C
:00000001FF
