:10000000E8A0012089770000E9310200757700003F
:100010007577000075770000757700007577000030
:10002000000000000000000000000000E578000073
:1000300075770000000000008578000075770000EB
:10004000AD7A0000AD7A0000AD7A0000AD7A000014
:10005000AD7A0000AD7A0000AD7A0000AD7A000004
:10006000AD7A0000AD7A0000AD7A0000AD7A0000F4
:10007000AD7A0000AD7A0000AD7A0000AD7A0000E4
:10008000AD7A0000AD7A0000AD7A0000AD7A0000D4
:10009000AD7A0000AD7A0000AD7A0000AD7A0000C4
:1000A000AD7A0000AD7A0000AD7A0000AD7A0000B4
:1000B000AD7A0000AD7A0000AD7A0000AD7A0000A4
:1000C000AD7A0000AD7A0000AD7A0000AD7A000094
:1000D000AD7A0000AD7A0000AD7A0000AD7A000084
:1000E000AD7A0000AD7A0000AD7A0000AD7A000074
:1000F000AD7A0000AD7A0000AD7A0000AD7A000064
:10010000AD7A0000AD7A0000AD7A0000AD7A000053
:10011000AD7A0000AD7A0000AD7A0000AD7A000043
:10012000AD7A0000AD7A0000AD7A0000AD7A000033
:10013000AD7A0000AD7A0000AD7A0000AD7A000023
:10014000AD7A0000AD7A0000AD7A0000AD7A000013
:04015000AD7A000084
:1001580080EA101404F0F01480EA0410604081EA88
:10016800111404F0F01481EA0411614082EA1214B7
:1001780004F0F01482EA0412624083EA131404F0D3
:10018800F01483EA0413634080EA102404F47F44E3
:1001980080EA0420604081EA112404F47F4481EA63
:1001A8000421614082EA122404F47F4482EA042292
:1001B800624083EA132404F47F4483EA04236340FF
:1001C80081EA500404F0553480EA4400614083EA2F
:1001D800520404F0553482EA4402634082EA9004EF
:1001E80004F0333480EA8400624083EA910404F026
:1001F800333481EA84016340704700BF82EA900487
:1002080004F0333480EA8400624083EA910404F005
:10021800333481EA8401634081EA500404F05534A0
:1002280080EA4400614083EA520404F0553482EACB
:100238004402634080EA102404F47F4480EA0420E6
:10024800604081EA112404F47F4481EA042161407A
:1002580082EA122404F47F4482EA0422624083EA98
:10026800132404F47F4483EA0423634080EA1014CF
:1002780004F0F01480EA0410604081EA111404F0DC
:10028800F01481EA0411614082EA121404F0F014B7
:1002980082EA0412624083EA131404F0F01483EA39
:1002A80004136340704700BF2DE9F14F94464FEAAD
:1002B800930B8A68CB6808684968FFF749FF0BF118
:1002C800060E33E083EA134480EA134582EA1347B3
:1002D80046BA96EA3444604000F00F1684EA0634C1
:1002E80020F00F1684EA161054BA94EA01067240F8
:1002F80002F00F1486EA043622F00F1486EA14126C
:100308004CBA6540694001F00F1485EA043521F0C4
:100318000F1485EA14115CBA67407B4003F00F1490
:1003280087EA043723F00F1487EA1413BCE8F000B7
:100338006040694072407B4000F0E03400F01035C6
:1003480000F00F3040EA540040EAC50080EA90040B
:1003580004F0332480EA8400604001F0E03401F0C6
:10036800103501F00F3141EA540141EAC50181EA33
:10037800910404F0332481EA8401614002F0E034FE
:1003880002F0103502F00F3242EA540242EAC50286
:1003980082EA920404F0332482EA8402624003F081
:1003A800E03403F0103503F00F3343EA540343EA13
:1003B800C50383EA930404F0332483EA8403634087
:1003C80081EA324787EA134581EA354690EA06040E
:1003D80084EA034B82EA1B4280EA044484EA054427
:1003E80083EA144A85EA14448BEA044B84EA3744C6
:1003F80081EA0B4181EA164104EA0A00454082EA93
:1004080004082BEA080041408AEA0B0602EA0600C3
:1004180084EA34438AEA3A4603EA060778404540C4
:10042800414088EA38478BEA3B4007EA000985EAF9
:10043800090583EA0709464006EA0906714085EA84
:10044800010005EA3546464006EA314181EA304175
:1004580081EA364606EA304686EA3546344008EAF6
:10046800010886EA01052A4086EA364003405A40D8
:1004780081EA31431F407C4080EA030709EA070903
:1004880088EA0908544088EA020806EA0A0601EAE6
:100498000B018AEA0B0215408AEA3A4210404540AD
:1004A8008BEA3B4003405E404240174079404D4054
:1004B8004E40E443F64386EA18435D4085EA05402A
:1004C80083EA134386EA034183EA384284EA114304
:1004D80083EA04435FEA3343BEF1010E3FF6F2AE0E
:1004E8001ED4BCE8F0006040694072407B4020BCEC
:1004F800FFF784FE28606960AA60EB60BDE8F08FB2
:100508002DE9E0414FF2F00280EA1031114080EA13
:100518000130484041088208C3084FF0000E4FE7F9
:1005280000F0113001F0113102F0113203F01133F3
:1005380040EA410040EA820040EAC3004FF2F0027C
:1005480080EA1031114080EA01304840BDE8E0817E
:100558002DE9F04F02F11C050646074600EB850819
:1005680051F8040B043A46F8040BF9D14FF0010C8A
:10057800FFF7C6FF5FEA302080EA0C001ECF41403B
:100588004A4053405C401EC62000464517D04FEAFB
:100598004C0C1CF4807F18BFACF1E50C2C2DE7D077
:1005A8003C2D06D1FFF7ACFF06CF41404A4006C6B6
:1005B800100006CF41404A4006C61000D8E736E989
:1005C8000F00FFF7C5FD043D86E80F00F7D1BDE831
:1005D800F08F00BF2DE9F14F03F11C0402EB840CEE
:1005E8004FEA930B8A68CB6808684968FFF7B0FD43
:1005F8003CE9F0006040694072407B400BF1060E18
:100608004EE083EA134480EA134582EA134746BA68
:1006180096EA3444604000F00F1684EA063420F06D
:100628000F1684EA161054BA94EA0106724002F0D2
:100638000F1486EA043622F00F1486EA14124CBA14
:100648006540694001F00F1485EA043521F00F1464
:1006580085EA14115CBA67407B4003F00F1487EAFF
:10066800043723F00F1487EA141344BA44404DBAF0
:100678004D4056BA56405FBA5F4087EA174886EA47
:10068800174B84EA17464FEA38488BEA1B4485EA39
:100698001B4788EA1B4580EA3440694072407B402A
:1006A80000F0703400F0803500F00F3040EA44006C
:1006B80040EAD50080EA900404F0332480EA8400FC
:1006C800604001F0703401F0803501F00F3141EAEB
:1006D800440141EAD50181EA910404F0332481EA16
:1006E8008401614002F0703402F0803502F00F326C
:1006F80042EA440242EAD50282EA920404F0332430
:1007080082EA8402624003F0703403F0803503F01B
:100718000F3343EA440343EAD50383EA930404F01E
:10072800332483EA84036340C943DB4381EA00043A
:1007380083EA044686EA020183EA014382EA3345F2
:1007480083EA14435C4084EA00077FEA040A8AEAE1
:10075800024A8AEA010B87EA11488AEA374A80EA9C
:10076800060181EA1A418AEA030A04EA0A004540B6
:1007780088EA040707EA0B0041408AEA0B0608EA00
:10078800060084EA34428AEA3A4602EA06035840F6
:100798004540414087EA37438BEA3B4003EA00097A
:1007A80085EA090582EA0309464006EA0906714016
:1007B80085EA010005EA3546464006EA314181EA04
:1007C800304181EA364606EA304686EA3546344004
:1007D8000F4086EA010508EA050886EA3640024025
:1007E80088EA020881EA314213405C4080EA020349
:1007F80009EA030987EA0907674088EA040806EA5C
:100808000A0601EA0B018AEA0B0425408AEA3A44FF
:10081800204045408BEA3B4B02EA0B02564084EAF3
:100828000B04234059406E40694087EA364080EA0D
:10083800384080EA060380EA104481EA134585EAD5
:10084800344585EA17427D4082EA354180EA054011
:100858003CE9F0006040694072407B40BEF1010E07
:100868003FF6CFAE20BCFFF7C9FC28606960AA60DC
:10087800EB60BDE8F08F00BFFFF76ABE2DE9F00717
:1008880091E8F807B2E802105B1854EB0C04B2E8E0
:1008980002104D4156EB0C06B2E802104F4158EBDE
:1008A8000C08B2E8021059EB01095AEB0C0A80E86F
:1008B800F80780410130BDE8F00770472DE9F007DF
:1008C80091E8F807B2E802105B1A74EB0C04B2E87E
:1008D80002108D4176EB0C06B2E802108F4178EBDE
:1008E8000C08B2E8021079EB01097AEB0C0A80E8EF
:1008F800F80780414042BDE8F00770472DE9F0074E
:10090800524290E87800B1E880071740DB1918EAEE
:10091800020854EB080419EA020955EB09051AEA1A
:10092800020A56EB0A0678C090E87800B1E880071A
:1009380017407B4118EA020854EB080419EA020937
:1009480055EB09051AEA020A56EB0A0678C08041F7
:100958000130BDE8F00770472DE9F007524290E8F2
:100968007800B1E880071740DB1B18EA020874EB2F
:10097800080419EA020975EB09051AEA020A76EB76
:100988000A0678C090E87800B1E880071740BB41B4
:1009980018EA020874EB080419EA020975EB09055C
:1009A8001AEA020A76EB0A0678C080414042BDE89E
:1009B800F00770472DE9F00152424FF0040890E823
:1009C800300091E8C000A31B1340E41AF618EB1B93
:1009D8001340ED1AFF1830C0C0C1B8F10108EED1BC
:1009E800BDE8F001704700BF00B592E8DC072DE9CB
:1009F800DC07B1E8805702B4A7FB02510A95A8FBAF
:100A0800020BE7FB6310E9FB62B00B91A8FB0351F3
:100A1800EAFB6201E7FB64B5E7FB6605E8FB6615E0
:100A2800CDF830B0A9FB03B6EAFB6316ECFB6356BE
:100A3800E8FB640BE9FB641BEAFB645BECFB646B9F
:100A48000D90ACFB0230059CEEFB6250E9FB646044
:100A5800EAFB64B0E7FB6431E8FB6451069CE8FB01
:100A68006461E9FB64B1EAFB64010E93A7FB0432FD
:100A7800079CE7FB6462E8FB64B2E9FB6402EAFBFB
:100A88006412049CE9FB6453EAFB6463089CE7FB7B
:100A980064B3E8FB6403E9FB6413EAFB64230F9582
:100AA8005DF8049B99E80006DDF80080A9FB08546E
:100AB800EAFB68B4DDF81080ECFB6804EEFB681410
:100AC800E9FB6824EAFB6834DDF80480EEFB68651E
:100AD800E9FB68B5EAFB6805DDF81480ECFB6815EE
:100AE800EEFB6825E9FB6835EAFB68450F96DDF8FB
:100AF8000880AEFB0876E9FB6806EAFB6816DDF8B5
:100B08001880ECFB6826EEFB6836E9FB6846EAFBD2
:100B18006856DDF80C80ECFB68B7EEFB6807E9FB6C
:100B28006817EAFB6827DDF81C80ECFB6837EEFBEA
:100B38006847E9FB6857EAFB686708B000BD00BF73
:100B48002DE9F14F87B0FFF74FFFDDF81C8008F162
:100B5800200888E8FF00FFBC87E87F08BDE8F08F21
:100B680000B591E89857A3FB03520195A3FB040134
:100B7800E3FB6420E3FB67100292A3FB0752E3FB4D
:100B88006802E4FB6415E3FB6805E3FB6925039150
:100B9800A4FB07B6E3FB6926E3FB6A56E4FB670B95
:100BA800E4FB682BE3FB6A5BE3FB6C6B0490A4FB40
:100BB8000810E4FB6950E3FB6C60E3FB6EB0E7FBF5
:100BC8006721E4FB6951E4FB6A61E3FB6EB1E4FB76
:100BD8006E010592A7FB0832E4FB6A62E4FB6CB283
:100BE800E4FB6E02E7FB6E12E7FB6853E7FB696301
:100BF800E4FB6CB3E7FB6C03E7FB6E13E8FB6E23C7
:100C08000695A7FB0954E7FB6AB4E7FB6C04E8FB0D
:100C18006C14E8FB6E24E9FB6E34E8FB6865E7FBBF
:100C28006AB5E8FB6A05E8FB6C15E9FB6C25E9FB8E
:100C38006E35EAFB6E450796A8FB0976E8FB6A065F
:100C4800E9FB6A16E9FB6C26EAFB6C36EAFB6E46A2
:100C5800ECFB6E56E8FB69B7E9FB6907E9FB6A1725
:100C6800EAFB6A27EAFB6C37ECFB6C47ECFB6E5738
:100C7800EEFB6E6700BD00BF2DE9F14F87B0FFF7AF
:100C88006FFFDDF81C8008F1200888E8FF00FFBC32
:100C980087E87F08BDE8F08F30B44FF0000310F804
:100CA800014B11F8015B013A84EA050443EA0403A5
:100CB800F5D1A3F101034FEAD37030BC704700BFF0
:100CC8004FF0000310F8012B013943EA0203F9D170
:100CD800A3F101034FEAD370704700BF30B411F895
:100CE800014B12F8015B6C4000F8014B013BF6D157
:100CF80030BC70472DE9F00791E8F807B2E8021018
:100D08005B1854EB0C04B2E802104D4156EB0C068C
:100D1800B2E802104F4158EB0C08B2E8021059EB48
:100D280001095AEB0C0A8941B3F1FF3374F1FF341E
:100D380075F1FF3576F1000677F1000778F10008C4
:100D480079F101097AF1FF3A51F100015B184C4140
:100D58004D4156F1000657F1000758F1000859EBCC
:100D6800D1795AEB010A80E8F807BDE8F007704727
:100D78002DE9F00791E8F807B2E802105B1A74EB66
:100D88000C04B2E802108D4176EB0C06B2E80210B2
:100D98008F4178EB0C08B2E8021079EB01097AEB85
:100DA8000C0A89415B184C414D4156F1000657F138
:100DB800000758F1000859EBD1795AEB010A80E88D
:100DC800F807BDE8F007704718EB040859EB050968
:100DD8005AEB060A5BEB070B5FF0000C4CF1000CBA
:100DE80018EB050859EB06095AEB070A5BEB070BEA
:100DF80050EB0C005FF0000C51EB0C0152EB0C02B5
:100E080063414CF1000CB8EB070879F100097AF15D
:100E1800000A7BEB040BA841B141A241B3416CF13C
:100E2800000CBBEB050BB041B941AA41BB416CF1C9
:100E3800000C4CF001068CF0020718EB060859EB81
:100E48006C095AEB6C0A7BEB6C0B70EB6C0471EB66
:100E58006C0572EB670653EB6C076CEB6C0C18EBCC
:100E68000C0059EB0C015AEB0C025BF1000354F136
:100E7800000455F1000556EBDC7657EB0C0770477C
:100E88002DE9F14F87B0FFF7AFFDDDF81080DDF8F1
:100E98001490DDF818A0FFF797FFBDE8000FFFF7E3
:100EA80093FF03B05DF8048B88E8FF00BDE8F08F7E
:100EB8002DE9F14F87B0FFF753FEDDF81080DDF81C
:100EC8001490DDF818A0FFF77FFFBDE8000FFFF7CB
:100ED8007BFF03B05DF8048B88E8FF00BDE8F08F66
:100EE80053B94AB9002908BF00281CBF4FF0FF3189
:100EF8004FF0FF3000F00CB8ADF1080C6DE904CEEE
:100F080000F022F8DDF804E0DDE9022304B07047C0
:100F1800704700BF10F8012B11F8013B012A28BFC8
:100F28009A42F7D0D01A7047034611F8012B03F8FC
:100F3800012B002AF9D17047034613F8012B002A28
:100F4800FBD1181A013870472DE9F04786468C46C0
:100F58000846089E154674461946002B40F0C18085
:100F68008542B2FA82F245D94AB1C2F1200300FAA9
:100F780002FC954094402EFA03F343EA0C0C4FEA26
:100F8800154EA8B2230CBCFBFEF80EFB18CC08FBD0
:100F980000F943EA0C43994528D9EB1808F1FF37C3
:100FA80004D2994502D9A8F102072B44A3EB0903FF
:100FB800A4B2B3FBFEFC0EFB1C330CFB00F044EAAE
:100FC8000344A04214D92C190CF1FF3304D2A042D7
:100FD80002D9ACF102032C44241A43EA07401EB19B
:100FE800D440002334607360BDE8F0874746DDE7EE
:100FF8006346F1E792BB431B01214FEA154EAFB29E
:10100800200CB3FBFEFC0EFB1C330CFB07F840EA7C
:101018000343984561D9EB180CF1FF3004D2984589
:1010280002D9ACF102002B44A3EB0803A4B2B3FB32
:10103800FEFC0EFB1C330CFB07F744EA0344A742F3
:101048004DD92C190CF1FF3304D2A74202D9ACF1C7
:1010580002032C44E41B43EA0040C0E7C2F120032A
:101068009540944020FA03F12EFA03F34FEA154E07
:101078009040AFB20343B1FBFEFC0EFB1C10190CF1
:101088000CFB07F841EA0041884522D969180CF1A0
:10109800FF3004D2884502D9ACF102002944A1EB03
:1010A80008019BB2B1FBFEFC0EFB1C110CFB07F701
:1010B80043EA01439F420ED9EB180CF1FF3104D2E9
:1010C8009F4202D9ACF102012B44DB1B41EA0041EB
:1010D80093E76046E3E76146F7E76046A4E76346BF
:1010E800B8E7834206D916B9002108467CE7C6E965
:1010F80000E0F9E7B3FA83F78FB9834201D3724569
:1011080008D8BEEB020460EB030301209C461EB91D
:10111800002169E73846FAE7C6E9004CF8E7C7F165
:10112800200CBB400EFA07F522FA0CF42EFA0CF14B
:10113800BA401C4320FA0CF3B8404FEA1449014363
:101148001FFA84FEB3FBF9F809FB18300B0C08FBF7
:101158000EFA43EA00439A4540D9E31808F1FF30F4
:1011680004D29A4502D9A8F102002344A3EB0A034A
:1011780089B2B3FBF9F809FB183308FB0EFE41EA04
:1011880003418E452CD9611808F1FF3304D28E45EE
:1011980002D9A8F10203214443EA0040A1EB0E0161
:1011A800A0FB02984145CE46434602D306D14D45A1
:1011B80004D20138B9EB020E68EB0403002EA7D065
:1011C800B5EB0E0261EB030101FA0CFC22FA07F3FE
:1011D800F9404CEA0303C6E9003199E74046C5E700
:1011E8004346D9E7000000000022F0B585B011465B
:1011F80040F6034002AF08F0E5FF0446002840F03F
:10120800A58008F025FD214641F203003A1D08F0AB
:10121800D9FF0446002840F099807A684D4DD1687E
:1012280005F17803D1F80100D1F8051003C3104681
:1012380007F082F9214641F201003A1D08F0C2FF89
:101248000446002840F082807868C3685A7885F898
:1012580070205A88A5F872201A7985F87120B3F899
:101268000720A5F87420B3F80530A5F8763007F004
:1012780063F9214641F202003A1D08F0A3FF044633
:10128800002863D1D7F804C005F18006DCF80C20EB
:10129800531C4132344618685968083303C49342D2
:1012A8002646F7D1604607F047F90AF067FA044680
:1012B80000284BD195F88A30990610D40221264A85
:1012C800264822F07DF995F87C305A064AD4012147
:1012D800234A224822F074F96FF0120436E04FF0E6
:1012E800FF304FF0FF3108F0D3FC0646002800F02D
:1012F800428207210C3007F061FA6FF00403037093
:101308000A23C0F802408471447004712246C370F5
:10131800314640F6334008F055FF0446B0B94FF067
:10132800FF304FF0FF3108F0B3FC0646002800F00C
:10133800228201210C3022F00DF82246314640F677
:10134800314008F03FFF04460028BCD020460C3747
:10135800BD46F0BDC0040020C0BC0200A48002004D
:10136800EEBC0200002142F203003A1D08F02AFFF9
:1013780004460028EAD17A68A94BD168D1F801005F
:10138800D1F8051003C3104607F0D6F8214642F2FB
:1013980002003A1D08F016FF04460028D6D17E68E0
:1013A800F468B4F801309AB292B1E27882B1A5F843
:1013B8000431E378032B06D00322022100929948D6
:1013C800994A21F01FFDE2789848114625F091FAD4
:1013D800304607F0B1F81F2395F87C60A5F8203156
:1013E80016F0200619D14FF0FF304FF0FF3108F00A
:1013F8004FFC0446002800F0BE8102210C3007F0A3
:10140800DDF90123214603704670324640F66D40EF
:1014180008F0D8FE0446002898D195F89C301B07A0
:1014280012D5002142F21C003A1D08F0CBFE0446FA
:1014380000288BD17868C368D3F80120D3F8053029
:10144800C5E9382307F078F895F8D8309E0623D5F3
:101458003846B91C08F05EFF044600287FF476AFD2
:101468004FF0FF304FF0FF3108F012FC064600281D
:1014780000F0818104210C3007F0A0F93B88224656
:1014880003807B883146438042F2240008F09AFEAC
:10149800044600287FF45AAF95F8D8305C0610D57A
:1014A800002142F22A003A1D08F08CFE044600286A
:1014B8007FF44CAF7868C3685B7885F8223107F011
:1014C8003BF84FF0FF304FF0FF3108F0E1FB0446E6
:1014D800002800F0508108210C3007F06FF995F8CA
:1014E800D81040F2022311F0400F08BF0323024630
:1014F80088074CBF43F02C0043F00C008B0695F88E
:10150800D93048BF40F0400013F0090F18BF40F42D
:101518000060CE0748BF40F01000002122F07FF89D
:101528002146002242F2010008F04CFE0446002841
:101538007FF40CAF95F87C30B5F8041198065DD4AB
:10154800C9B941F205003A1D08F03CFE04460028DE
:101558007FF4FCAEB5F804317C684BB9E368B3F8A6
:101568000120A5F804219A883048114625F0C1F9D0
:10157800204606F0E1FF4FF0FF304FF0FF3108F052
:1015880087FB0446002800F0F68008210C3007F09D
:1015980015F995F8D8300246D90739D44FF00051DB
:1015A800234822F03CF82146002240F6014008F08A
:1015B80009FE044600287FF4C9AE01463A1D4FF6DD
:1015C800014008F0FFFD002838D01A4A02211548CA
:1015D80021F0F6FFEB79002B40F0BD8022F0E1F915
:1015E800044600287FF4B2AE0BF06EFD04460028D6
:1015F8007FF4ACAE08F0EAFC0446A7E60029BAD1AD
:1016080001210D4A074821F0DBFF6FF004049DE635
:1016180001A1D1E90001C4E7908800020080002000
:1016280098050020A480020012BD0200C805002011
:10163800108800027BBD020058BD02007B686E4620
:10164800DC688AB0B4F80130042B96BF574A584971
:1016580052F8231002AAD3614FF40073554813843B
:10166800554BC2E9050142F8103F4FF41351534856
:1016780021F0B5FFB4F80120B546022AB4F80330CA
:1016880049D1052B47D84E4A52F823106E468AB0E6
:1016980002AAD3614FF400734A481384464BC2E947
:1016A800050142F8103F4FF41351444821F097FFC9
:1016B800B546637994F806C0032B98BF424AB4F83C
:1016C8000760D4F809006C468CB094BF52F8231018
:1016D800374902AAC2E9073C4FF40073DFF8ECE08F
:1016E80093853B4BC2E905E1C2E909604FF47351A8
:1016F80042F8103F314821F072FFA546786806F09D
:101708001BFF00214FF602403A1D08F05BFD04461E
:1017180018B1304A5AE72649B8E77868C368B3F879
:101728000130A5F8C13006F007FF95F8C1305A0717
:101738007FF550AF21464FF603403A1D08F042FDB1
:1017480008B1254A42E77868C3685B7885F8C030F5
:1017580006F0F2FE3EE72E78002E7FF43FAF95F8B4
:10176800C1309B061FD54FF0FF304FF0FF3108F016
:101778008FFA044610B96FF06804E7E506210C30CB
:1017880007F01CF8D5F8013021460360134B3246A8
:101798009B8883804FF6064008F014FD0446002815
:1017A8003FF41CAFD2E56FF08504CFE59C8A0200B8
:1017B8000FBA02009FBD020004000001A4800200CD
:1017C800848A0200B8BD0200748A0200D0BD0200FB
:1017D80007000001FDBD020026BE0200C104002072
:1017E80010B5064A064802211FF097F8BDE81040D8
:1017F80040F267620023034818F028B800930200FB
:1018080074810200580F002030B50E4D89B003AC2A
:101818000FCD0FC42B680222236001230A490093CD
:1018280003A80A4B09F05CFD024628B1084909489B
:101838001FF086F809B030BD0321074A05481FF09C
:101848006CF8F7E75082020000840200F883020077
:1018580029930200748102004E93020070B50122A0
:1018680043688A401B6886681A4205690ED10C498C
:1018780040F211430B4A0C4820F008FC0B4820F0BA
:1018880005FC40F21141074820F0F7FB2B6823EADA
:1018980002032B6033684FF4C022BDE8704018473C
:1018A800A09302006F930200DE930200FB930200F4
:1018B80008B530201AF0CEF838B100238385011D11
:1018C800BDE8084003481FF040B8BDE80840FFF7EE
:1018D80087BF00BF3C7C020070B503788AB004461D
:1018E8000E4607AD032B20D8DFE803F002191B1DB5
:1018F80011492846FFF718FB059563781E210493C4
:10190800A37830460393E3780C4A02932379019332
:1019180063790093A3791EF0FDFC0AB070BD0849F5
:10192800E7E70849E5E70849E3E70A212846074ABF
:101938001EF0F0FCE0E700BF0D9402002F940200B7
:10194800149402001B94020025940200B9DB0200E3
:10195800F0B5144689B000AF0D4622F024F9394697
:10196800FFF7BAFFACB96C468AB06A46144BD5612A
:10197800C2E905374FF400731384124B4FF4135127
:10198800114842F8103F1EF0D8FFA5462437BD463F
:10199800F0BD6E468CB06B460C4AC3E90754C3E9E8
:1019A80005270B4A4FF462515A620A4A06489A625E
:1019B8001A46094B42F8103F1EF0BFFFB546E5E74F
:1019C8005294020004000001748102007094020025
:1019D8000BF80200000203050600000290B589B06A
:1019E80000AF0C4622F0DFF83946FFF775FF8AB0E2
:1019F8006A46094BD461C2E90537084B4FF4435195
:101A08001362074B07485362074B42F8103F1EF01A
:101A180094FF2437BD4690BD979402000BF802004E
:101A280000020204748102000500000290B589B02A
:101A380000AF0C4622F0B7F83946FFF74DFF8AB0E1
:101A48006A46094BD461C2E905374FF40073138421
:101A5800064B4FF41351064842F8103F1EF06DFF35
:101A68002437BD4690BD00BFBD94020004000001AC
:101A78007481020090B589B000AF0C4622F093F84B
:101A88003946FFF729FF8AB06A46094BD461C2E993
:101A980005374FF400731384064B4FF4135106486F
:101AA80042F8103F1EF049FF2437BD4690BD00BFE5
:101AB800DF9402000400000174810200B0B588B010
:101AC80000AF0C4622F06FF83946FFF705FF6D4668
:101AD8008AB06A46124BD461C2E90537114B124CE1
:101AE8001362124B12485362124B4FF4435142F89F
:101AF800103F1EF022FF2068AD4618B10AF0B2FB75
:101B0800002323600C4C206830B10AF0ABFB0023A3
:101B18000120236023F00BFF2037BD46B0BD00BF76
:101B2800F49402000BF802008C200020000202044A
:101B3800748102000500000290200020B0B588B032
:101B480000AF0C4605460AF065FB124B18602846A4
:101B580022F029F83946FFF7BFFE6D468AB06A467B
:101B68000D4BD461C2E905374FF400730B4C138455
:101B78000B4B204642F8103F4FF413511EF0DDFE88
:101B88000321AD462046074A1EF0C7FE2037BD4652
:101B9800B0BD00BF8C200020DF94020074810200D9
:101BA8000400000117950200B0B588B0044600AFE4
:101BB800B1B16C468AB06A46194B1A48C2E9053178
:101BC800194B4FF41151D36140F201331384174B71
:101BD80042F8103F1EF0B1FEA5462037BD46B0BD05
:101BE80021F0E1FF3946FFF777FE6D4688B06A4677
:101BF8000F4B4FF4E651C2E905374FF40073938356
:101C08000C4B084842F8103F1EF097FE2046AD46A0
:101C18000AF000FB084B1860012023F085FEDCE782
:101C280046950200748102000BF8020004000001CE
:101C380067950200030000019020002080B588B05D
:101C480000AF21F0B0FF3946FFF746FE88B06A467C
:101C5800084B4FF4E651C2E905374FF400739383FC
:101C6800054B064842F8103F1EF067FE2037BD4678
:101C780080BD00BF7495020003000001748102005A
:101C8800012310B503FA01F1436804691B6819427E
:101C98000ED10E4940F2A2630D4A0E4820F0F6F923
:101CA8000D4820F0F3F940F2A261094820F0E5F967
:101CB8002368194218BF82F0010222B18368DB68E9
:101CC800BDE81040184783681B69F9E7A093020034
:101CD8006F930200DE930200FB9302000A46C1B232
:101CE8000148FFF7CDBF00BFE87B02000A46C1B23A
:101CF8000148FFF7C5BF00BF047C020010B50B7890
:101D0800052B00F29580DFE803F003802C61724612
:101D18008B68002B00F08C804868002800F08880D1
:101D2800444A1368DBB1181F00231360424A13604A
:101D380024F07EFF00220023404816F0F7FD00281B
:101D480076D0828D011D3E481EF008FE00286FD017
:101D58003C4A0221BDE810403B481EF0DEBD043875
:101D6800E6E74A68CB68108D034438489BB2138570
:101D78000278002A5CD14A68134413F8013C0A2B04
:101D880001D00D2B54D1012303702D48BDE810401C
:101D980083685B69184700242C4B30201C7019F0AD
:101DA80059FE30B18485011DBDE8104024481EF05D
:101DB800CCBD274A244802211EF0AFFDBDE81040E3
:101DC80040F267620023234817F040BD302019F025
:101DD80041FE014648B10023838519482822BDE801
:101DE8001040836804311B691847194AB1E74B68EA
:101DF800191F1B8D23B1BDE81040174824F060BDA2
:101E08000846BDE8104024F013BF0A4A13680BB90E
:101E18004B68136008488B6801680B4411680360BD
:101E28000A8D0748D21A1944BDE810401EF096BD25
:101E380010BD00BF7420002070200020800C0020FE
:101E48003C7C02008A95020074810200903C0020CC
:101E580000930200580F0020640C00202DE9F04385
:101E68008DB04FF0FF324FF0FF33284816F06EFE6A
:101E780030220021684625F08AFD254FDFF894803E
:101E8800DFF894904FF0FF334FF0FF32384616F0EA
:101E98004DFDBDF82C40838DC4F128049C420546B5
:101EA80028BF1C4600261CB9284624F0C1FEE9E7D5
:101EB800BDF82C00311D043022462944684425F021
:101EC8003FFDBDF82C202644224492B2272AADF8C3
:101ED8002C2008D802F130036B4413F82D3C0A2B50
:101EE80001D00D2B0CD1002001A904F0EDFF20B189
:101EF8004246022148461EF010FD0023ADF82C3062
:101F0800AC8DA41B282C28BF2824CCE7040C002067
:101F1800640C0020A895020074810200014816F0A4
:101F280091BD00BF340C002008B505480321054ABF
:101F38001EF0F3FCBDE80840034817F0A3B900BF42
:101F480074810200D09502007C200020F8B51E4C58
:101F58000546206800AF002833D00D40EA0716D5A3
:101F680021F050FE6E4688B023686A461749184823
:101F7800C2E9051303234FF4C65142F8103F1EF07F
:101F8800DCFCB54620680AF06DF900232360AB0736
:101F980017D5206821F03EFE6D4688B023686A4652
:101FA8000C490B48C2E9051303234FF4C65142F804
:101FB800103F1EF0C2FCAD4620680AF053F900231A
:101FC8002360BD46F8BD00BF8C2000201896020093
:101FD800748102002F9602002DE9F04F85B002AF00
:101FE8001EF09DFC534D81468A4619200121FFF7BA
:101FF8007DFE294650481FF001FB83461EF08FFCEA
:1020080004460E4619200021FFF770FEBBF1000FB1
:1020180008D05A4649494A481EF092FC0C37BD463A
:10202800BDE8F08F0321474A45481EF076FCE84694
:1020380088B002AAB4EB09044FF00409424B66EBDE
:102048000A06C2E9064653614FF4035142F8109F4D
:102058003B481EF072FCC5461EF061FC06468A46E7
:102068001A200121FFF742FE384A12233849009509
:1020780038481FF043FB78601EF051FC04460D46BB
:102088001A205946FFF732FE7A68F2B90321324A1C
:102098002B481EF042FC88B002AA304BA41B65EB0B
:1020A8000A05C2E9064553614FF40351244842F832
:1020B800109F1EF042FCC546294E336853B90121D2
:1020C800284A1F481EF029FCA8E727491C481EF08B
:1020D80037FCF1E701210420FFF700FE1EF01FFC8A
:1020E8000024224BDFF85080C3E90001C4F5A46541
:1020F800F42D28BFF4253068AAB208EB040104F0D7
:10210800E3FE58B1012100902346194A0C4820F0FB
:1021180079FE00210420FFF7E1FD7FE72C44A4208D
:10212800002118F077FCB4F5A46FDFD30321114A1E
:10213800C7E700BF0546002005500020479602006B
:1021480074810200659602007C960200790A0020DC
:1021580078200020913C002099960200A996020060
:1021680090200020D6960200BF960200980F00200B
:10217800F2960200269702002DE9F04F0024064649
:10218800154691B008AF1A228846381D21463C6092
:1021980025F0FDFB304621F006FD3946FFF79CFB94
:1021A800052D37D12A464046A64925F0F8FB0646B4
:1021B80070B1A54EDFF89492A54227D0302019F0CF
:1021C80049FC8246002840F00E810221A04A4EE0D8
:1021D8000321A04AA0481EF0A0FB03219F4A9E4865
:1021E8001EF09BFB00220023CDE90356CDE9062310
:1021F800CDE901664FF48032994B9A4900969A4886
:1022080017F038FD9949984824F0EEFB2437BD466D
:10221800BDE8F08F062D6CD12A464046944925F03A
:10222800BEFB06460028C4D101460420FFF756FD30
:102238001EF075FB6C468F4A88B0D2E90032C01A8E
:1022480061EB020122468C4BDFF83092C4E905307D
:102258000423E161804842F8103F4FF403511EF017
:102268006CFBD9F80030A5462BB90121844A7A487D
:102278001EF053FBCAE701210520FFF72FFD814B14
:102288003446D3F800801EF04AFB7F4BDFF8FCA1F0
:10229800C3E90001DFF8F8B1A04502D87D4A03215F
:1022A800E5E7A8EB0406F42E28BFF426D9F80000C9
:1022B800B2B20AEB040104F007FE58B10121009004
:1022C8002346754A644820F09DFD00210520FFF74C
:1022D80005FD9BE734444FF480320023584616F03E
:1022E80035FC0028D8D001216C4A5B481EF015FB4C
:1022F800EBE7072D7FF45DAF2A464046684925F095
:102308004EFB0646002849D101460520FFF7E6FCAA
:102318001EF005FB6C465C4A88B0D2E90032C01A50
:1023280061EB020122465F4BE161C4E905300423F9
:102338004FF4035142F8103F47481EF0FEFAA546F5
:102348004E4C2368002B90D001210620FFF7C6FCD5
:102358001EF0E5FA544B1222C3E9000120685349E4
:1023680004F0B2FD044648B1012100903346504ABA
:10237800394820F047FD31460620A8E74FF480325F
:102388000023434816F0E2FB30B10121434A3248AA
:102398001EF0C3FA2146EFE7464A80E746492A4637
:1023A800404625F0FCFA014600287FF402AF0620DB
:1023B800FFF794FC1EF0B3FA6C463B4A88B0D2E9AA
:1023C8000032C01A61EB020122463C4BE161C4E9CC
:1023D800053004234FF403511F4842F8103F1EF004
:1023E800ACFAA54612E72A1B272A8CBF272292B2ED
:1023F800031D828508EB0401184625F0A1FABAF8F6
:102408002C2003461444A4B2A5420CD108EB0501C4
:1024180011F8011C0D2906D10A200AEB020101322C
:102428000871AAF82C2019463046BAF82C201EF05C
:1024380095FA00283FF4C0AE5146484624F040FAC9
:10244800BAE600BF469702003C7C0200800C0020E0
:102458002C9902004C9702007481020080970200B8
:10246800E11F0000885C0020D80E0020B59702000C
:10247800FA9A0200980F0020C297020090200020CC
:10248800D696020078200020880F0020913C00207A
:10249800340C002051980200FA9702002D9802008F
:1024A8001D9B020070980200900F0020790A0020FE
:1024B800A8980200D99802003F9B0200F6980200F3
:1024C800F8B5834824F08EF930B9824A0121824850
:1024D8001EF023FA1EF04AFA804824F083F908B95E
:1024E8007F4AF3E719217A48FFF7B8F9024620B185
:1024F8007C4979481EF024FAECE71A217448FFF762
:10250800ADF9024608B17849F3E704217348FFF7AB
:10251800A5F9024608B17549EBE705216F48FFF7B1
:102528009DF9024608B17249E3E706216B48FFF7B7
:1025380095F9044610B102466E49DAE701461920BA
:10254800FFF7D4FB21461A20FFF7D0FB21460420D1
:10255800FFF7C4FB21460520FFF7C0FB21460620F4
:10256800FFF7BCFB0321644A5B481EF0D6F9032140
:10257800624A59481EF0D1F90321614A56481EF0B3
:10258800CCF903215F4A54481EF0C7F903215E4A7B
:1025980051481EF0C2F95D4A03214F481EF0BDF9AB
:1025A8005B4812F0A9FD024618B15A494A481EF084
:1025B800C7F912F06FFD024618B1574946481EF098
:1025C800BFF9564E304624F00DF9002882D030204D
:1025D80019F040FA044600283FF47CAF0025504922
:1025E8008585504816F0FAFFB3681B6823B9204662
:1025F80024F01EFB4C4A69E72A4630464B49984767
:102608000028F4D1302019F025FA054650B3031DEF
:1026180018464749FEF788FC25220146AA85304618
:102628001EF09CF9074640B1204624F001FB2846DD
:1026380024F0FEFA3A463F495BE73046211D1EF07A
:1026480084F9024650B93C480AF004FD024668B1D4
:102658003A4921481EF074F90020F8BD38491E484F
:102668001EF06EF9204624F0E3FA33E735480AF005
:102678000BFD024608B13449EBE707F0ABFF002831
:102688007FF428AF0321314A13481EF046F9304839
:1026980016F0D8F920F08FFC2E4804F009FC044607
:1026A80010B102462C49D4E72C482D4916F0C2FC3B
:1026B8002A4816F0E7FD013404F00101002012F069
:1026C800ADFD00214FF4004018F0A4F9F3E700BF76
:1026D800047C02005799020074810200E87B020022
:1026E800719902008B990200BE990200F2990200CA
:1026F800299A02005F9A0200939A0200B29A020095
:10270800CB9A0200DD9A0200019B0200259B020081
:10271800551F0000479B0200659B02003C7C02009D
:10272800B9180000580F0020809B0200051D00000A
:10273800A09B0200C69B020054060020169C0200C3
:10274800EF9B0200440600204C9C0200879C02007C
:10275800040C0020380600209D9C02007C200020EC
:10276800111800002DE9F74F06464FF0080A4FF000
:1027780000098025174A002309F1010952F8291098
:10278800EF189F42019122D906EB8708C34606EB52
:102798008304D8F80010019B83FB010100F09EF828
:1027A80021680C4A091A48F8041B54F8041B014410
:1027B8005C4544F8041CECD1EB19FF2BDCD9BAF1C9
:1027C800010A4FEA5505D6D103B0BDE8F08F1F4680
:1027D800F2E700BF108402002DE9F74F05464FF0DD
:1027E800080A4FF4807901271E4B002409F1FF39AC
:1027F80053F8292004EB070B05EB8B06C2F1000800
:10280800324605EB8404216830680192084444F894
:10281800040B56F8040B091A46F8041C88FB01013E
:1028280000F05CF8019A0F4B944246F8040CEAD188
:102838000BEB0704FF2CD9D9BAF1010A4FEA470775
:10284800D3D14AF2FA362C1F05F57F7554F8041FC8
:1028580081FB060100F042F8A5422060F6D103B0E2
:10286800BDE8F08F10840200F0B5054600200E4F39
:10287800C2F10306B418A34214D3947892F801E085
:1028880092F800C0240444EA0E2444EA0C04C4F379
:102898001604BC429CBF45F820400130884202F132
:1028A8000302E7D3F0BD00BF00E07F000A4B10B57C
:1028B80099420EDC021F00F57F7052F8043FDC17C6
:1028C80004EA43041B1B994203DD8242F5D1002030
:1028D80010BD0120FCE700BF00FC0F0003460846BE
:1028E800C3EBC302034903EB822203EB4232C2FB70
:1028F80001307047FF1F80FF034A00F58003DB1596
:1029080002FB0300704700BFFF1F80FF024B03EA72
:10291800E0731844704700BF01E07F00024642F6AA
:102928000B4001F17F03DB11434303F500031B1642
:10293800C3F12B00C01723EA0000074B10B503FBB7
:102948000011064BC1F57F1404F5405403EAE47303
:10295800C91A116010BD00BF0018FDFF01E07F001B
:102968002DE9F04FADF5454D91B099460DF545432C
:102978006C331B680446FF2B9046059100F24C818E
:1029880000250DF5454370331B680DF58A460DF19A
:10299800800B40360DF5A86710A95A46029308A87F
:1029A8000DF55553019600971EF04DF80DF545426B
:1029B8006C32126807A808AB83F8A12083F8A050EE
:1029C8001FF0BFF840220DF1C00A0DEB020107A865
:1029D8001FF0C5F85146022207A81FF0C0F80DF5F0
:1029E8004543DA6E6C330DF54543996E07A8683395
:1029F8001FF0B5F84A46414607A81FF0B0F807A8E7
:102A08001FF0B3F807AA402150461FF0B3F807A8F3
:102A18001FF0B4F80DF58078202128A81FF0F0F8F1
:102A280080235A46402140461FF0C7F80DF505405F
:102A380008A940301EF084FC38461EF0DDFC304604
:102A48001EF075FD0DF555501EF071FDDFF8D091A3
:102A5800DFF8D0A14146AAB20DF5AA501EF099FCA4
:102A68004FF480520DF5AA510DF5155024F068FF6A
:102A78000DF515501EF0C0FC0DF505410DF5AA40E9
:102A88000DF51552403140301EF006FD0DF5AA40F7
:102A980040301EF026FD0DF5AA4040301EF049FDDD
:102AA8000DF5AA4040301EF01EFD0DF5AA42403239
:102AB8000DF5CA41104640311EF051FD0DF5AA41F1
:102AC800403120461EF071FD07A81FF03AF8402259
:102AD8000DEB020303F1800107A81FF040F84FF443
:102AE8004072214607A81FF03AF807A81FF03DF8E2
:102AF80007AA202120461FF03DF807A81FF03EF83E
:102B0800214650A81EF043F950A81EF08AF80DF58A
:102B1800A86250A90DF515501EF092FC0DF5155040
:102B28001EF07CFC0DF5155108460DF5AA521EF055
:102B380053FC0DF515501EF03DFC49460DF515509A
:102B48001EF0BCFC002865D10DF5EA40324650A9BC
:102B580040301EF0F0FC0DF5EA4040301EF0E9FC74
:102B68000DF5CA4140310DF5EA42084640321EF0E3
:102B7800CEFC0DF5CA4040301EF0B3FC0DF5CA403E
:102B8800514640301EF0D9FC002843D10DF5EA40EB
:102B98000DF5555250A940301EF0CDFC0DF5EA4018
:102BA80040301EF0C6FC0DF5EA4040301EF099FC9E
:102BB8000DF5EA404FF4BA3140301EF0BEFC07462E
:102BC80040BB0DF5CA4140310DF5EA420846403296
:102BD8001EF09BFC0DF5AA420DF5CA410DF5EA4021
:102BE8004032403140301EF0CAFC502812D80DF552
:102BF800EA4340330DF51552214620461DF06BFF80
:102C080040F67413059A136038460DF5454D11B01A
:102C1800BDE8F08F01351DE74FF0FF37F4E700BF3F
:102C2800B2FF0100B27301002DE9F04F0368BDB097
:102C38000A9343680B9383680C93C3680D930369E5
:102C48000E9343690F9383691093C3691193036AC1
:102C58001293436A1393836A1493C36A1593036B9D
:102C68001693436B1793836B1893C36B1993036C79
:102C78001A93436C1B93836C1C93C36C1D93036D55
:102C88001E93436D1F93836D2093C36D2193036E31
:102C98002293436E2393836E2493C36E2593036F0D
:102CA8002693436F2793836F2893C36F2993D0F894
:102CB80080302A93D0F884302B93D0F888302C9326
:102CC800D0F88C302D93D0F890302E93D0F89430E3
:102CD8002F93D0F898303093D0F89C303193D0F8B7
:102CE800A0303293D0F8A4303393D0F8A83034937E
:102CF800D0F8AC303593D0F8B0303693D0F8B43043
:102D08003793D0F8B8303893D0F8BC303993D0F82E
:102D1800C030D0F8C4603A93014B009302E000BF82
:102D280038830200149A0A9B159953400B9A82EA39
:102D380001051E9A53401F9A5540289A5340299AD4
:102D48005540329A5340339A089355400C9B169A33
:102D580083EA02090D9B179A83EA0208209B189AB6
:102D680089EA0309219B88EA03082A9B89EA03095F
:102D78002B9B88EA0308349B89EA0309359B4FEAB1
:102D8800490B88EA03080E9B4BEAD87B83EA020CBE
:102D98000F9B199A4FEA480A83EA0207229B239A53
:102DA8008CEA030C57402C9B2D9A8CEA030C574055
:102DB800369B379A8CEA030C5740109B1A9ADDF819
:102DC80074E083EA0204119B1B9A4AEAD97A83EADF
:102DD8000201249A129B5440259A51402E9A54403D
:102DE8002F9A5140389A5440399A51401C9A5A4067
:102DF800139B83EA0E0E269B5A40279B8EEA030EEE
:102E0800309B5A40319B8EEA030E3A9B8EEA060E9F
:102E18005A408BEA020301938AEA0E0302934FEAAF
:102E28004C0B089B4BEAD77B4FEA470A4AEADC7A05
:102E38008BEA030303938AEA05034FEA410A4AEA45
:102E4800D47A04938AEA08034FEA4E0848EAD2780B
:102E5800520042EADE72059382EA0C03069388EA7E
:102E680007030793089B6A0042EAD3725B0043EAB0
:102E7800D5736340089382EA01034FEA440B0A9A28
:102E88000993019B4BEAD17B8BEA090B83EA020980
:102E9800029B0B9A179983EA020A039B169A239CB2
:102EA8005A40049B150D4B4045EA03351B0D43EA78
:102EB8000233229A05998BEA02024C404FEA525893
:102EC80048EAC428640D44EAC2242E99069A2F9F22
:102ED8005140079A7A404FEA425E4EEAD12E4905A0
:102EE8003A9F41EAD221089A7A40099F7E404FEAE8
:102EF800863C4CEA924C920342EA9642009ED6E9FE
:102F080000768AEA06060B9689EA070728EA050684
:102F18007E400B9F0A9624EA030677402EEA0406B1
:102F28005E400B9721EA08076F40239625EA0905BA
:102F38002CEA0E0623EA0A03744083EA0C0329EA02
:102F48000206229722EA01076A4071403B942E92BA
:102F58002AEA0C04109A2F93069B87EA0807169111
:102F680084EA0E013A97179183EA0201079B119AA6
:102F78001D9C53404FEA037C4CEA111C090741EAA7
:102F880013111C9A089B2B9F5340099A62401605FF
:102F980046EA13361B051E9C43EA1233019A82EA5D
:102FA80004051F9C029A62404FEAC20848EA557815
:102FB800ED002A9C45EA5275039A25EA030A624005
:102FC800049C4FEAD24E7C404EEA443EE40C44EA6C
:102FD8004234369A379F8BEA0209059A8AEA010A2F
:102FE8007A404FEAD90747EA4277D20842EA49725B
:102FF80028EA060989EA0C09CDF8A8A02EEA050AEC
:103008008AEA030ACDF8AC9024EA080989EA060995
:10301800CDF840A023EA010327EA0E0A8AEA05054B
:1030280026EA0C067B40CDF8449022EA04091E9556
:103038001C9389EA080586EA02031F951D932CEA6A
:103048000205039B0C9A21EA070883EA0201049B04
:103058000D9A88EA0E0E53404FEA430C4CEAD17C95
:103068006C40490041EAD371CDF8D8E0189B3794F9
:10307800059A199C8BEA03036240960146EA936617
:103088009B01249C43EA9263069A319F82EA0405D5
:10309800259C079ADDF8CC9062404FEA426848EADE
:1030A800D5186D0645EAD215309C089A25EA030A18
:1030B8005440099A8AEA010A7A404FEA022E4EEAF7
:1030C800146E2402329F44EA1264019ACDF860A07B
:1030D8007A40029F24EA050A87EA09094FEA8947E4
:1030E80047EA9237920442EA993228EA060989EABD
:1030F8000C098AEA030ACDF8649023EA01032EEA50
:10310800080989EA0609534026EA0C06CDF8C0A04A
:1031180022EA040A8AEA0505CDF8C490329327EA20
:103128000E0986EA07030C95339389EA0805089B7C
:1031380021EA0208129A0D9583EA0201139A099B63
:103148002CEA070553404FEAC36C4CEA511CC906E8
:1031580041EA531188EA0404019B149A249485EAED
:103168000E045A402594029B159C160F634046EAAC
:1031780003161B0F43EA0213039A209C2D9F82EA31
:103188000405219C049A62404FEA822848EA95582F
:10319800AD0245EA92552C9A25EA060A8BEA020402
:1031A800059A8AEA010A7A404FEAC23E4EEA544E2C
:1031B800E403389F44EA5244069ACDF8E0A082EA34
:1031C8000709399F079A24EA050A7A404FEA19271E
:1031D80047EA0267120A42EA096228EA030989EA09
:1031E8000C098AEA060ACDF8E4902EEA080989EA69
:1031F8000309CDF850A023EA0C0327EA040A8AEA57
:1032080005055340CDF8549026EA010622EA0E0936
:103218002C95219389EA08050E9B21EA070886EA7E
:10322800070188EA04042D9520912CEA02050F99DC
:10323800059A8BEA0303129485EA0E0413949D08F9
:1032480082EA010445EA8475A40844EA83741A9A58
:10325800069B269E83EA0201079B1B9A279F5A40DA
:103268004B0A43EAC253520A42EAC15208997140D2
:10327800099E4FEA516C77404CEAC71C7F0E47EA1B
:10328800C1170199289EDDF8A4E07140029E4FEA1B
:10329800D15886EA0E0648EA4628F60DDDF8D0E051
:1032A80046EA41260399DDF8D49081EA0E01DDF85B
:1032B80010E02CEA030A8EEA09094FEA890E4EEA61
:1032C800917E890041EA99718AEA050A27EA02098A
:1032D800CDF898A089EA040928EA0C0ACDF89C9050
:1032E8008AEA030A26EA070923EA050389EA0209A2
:1032F8004B4022EA04020E9382EA0E03CDF8D0A0D6
:103308002A9A21EA080ACDF8D4900F932EEA0609E2
:103318000A9B8AEA0C0C89EA0707CDF868C01B9754
:1033280025EA010C24EA0E072B995A400B9B7E4094
:10333800299683EA01061899229B4A4019998CEA32
:10334800080C4E403899CDF8A0C04A4039994E40F3
:1033580026994A4027994E40109983EA0109119904
:10336800239B83EA0108309B1E9989EA0309319B54
:10337800DDF8CCE088EA0308149B89EA0309159B69
:1033880088EA0308349B89EA0309359B4FEA490B0D
:1033980088EA03083A9B4BEAD87B83EA010C3B9BFB
:1033A8001F994FEA480A83EA01070C9B0D998CEA9A
:1033B800030C4F402C9B2D998CEA030C4F401A9B11
:1033C8001B998CEA030C4F40169B36994AEAD97A26
:1033D80083EA0105179B379983EA010424991C9B0A
:1033E8004D4025994C4012994D4013994C402899CD
:1033F8004D4029994C40329959401D9B83EA0E0E45
:103408002E9B59402F9B8EEA030E209B5940219BEF
:103418008EEA030E0E9B59400F9B8EEA030E8BEA31
:1034280001034FEA4C0B01934BEAD77B8AEA0E0360
:103438004FEA470A02934AEADC7A8BEA02030393CB
:103448008AEA06034FEA440A4AEAD57A04938AEAE2
:1034580008034FEA4E0848EAD178490041EADE718C
:10346800059381EA0C03710041EAD2715200069378
:1034780042EAD67288EA0703079382EA05030893AB
:1034880081EA0403019A09934FEA450B0A9B4BEA28
:10349800D47B8BEA090B83EA02090B9B029A059CF1
:1034A80083EA020A109B039A079E83EA0201119B92
:1034B800049A0D0D5A400C9B45EA0235120D42EA5A
:1034C800013283EA0B010D9B4FEA51585C4048EAF0
:1034D800C428640D44EAC124129B0699099F5940E7
:1034E800139B5E404FEA465E4EEAD12E490541EAFB
:1034F800D621089B0E9E5E4033460F9E7E404FEAC3
:10350800863C4CEA934C9B0343EA9643009ED6E9DB
:1035180002768AEA06060B9689EA070728EA05066C
:103528007E400B9F0A9624EA020677402EEA04069C
:1035380056400B9721EA08076F400D9625EA0905C2
:103548002CEA0E06744022EA0A0229EA03060C97BE
:1035580023EA01076B40129382EA0C037140069A32
:103568000F9413932AEA0C04169B109184EA0E0117
:10357800119183EA0201079A179B099C53404FEA6D
:10358800037C4CEA111C090741EA1311089A1C9B99
:1035980087EA080753401D9A0E976240160546EAC7
:1035A80013361B0543EA1233019C189A049F82EADA
:1035B8000405029C199A62404FEAC20848EA557805
:1035C800ED0045EA5275039C149A25EA030A624005
:1035D800159C4FEAD24E7C404EEA443EE40C44EA45
:1035E80042341A9A8AEA010A82EA0B091B9A059F51
:1035F800CDF850A07A404FEAD90747EA4277D20877
:1036080042EA497228EA060989EA0C092EEA050AFB
:103618008AEA030ACDF8549024EA080989EA0609D7
:10362800CDF858A023EA010327EA0E0A8AEA05051D
:1036380026EA0C067B40CDF85C9022EA040918952E
:103648001C9389EA080586EA020319951D932CEA5A
:103658000205229B039A21EA070883EA0201049AD9
:10366800239B6C4053404FEA430C4CEAD17C1F9A91
:103678001B944900059C41EAD3711E9B624083EA72
:103688000B03960146EA93669B0143EA9263069C04
:10369800249A88EA0E0E82EA0405079C259A099F57
:1036A80062404FEA426848EAD5186D0645EAD215E5
:1036B800089C209ACDF868E05440219ADDF80890DB
:1036C8007A404FEA022E4EEA146E240244EA12644B
:1036D800019F269A25EA030A7A40279F8AEA010A67
:1036E80087EA09094FEA894747EA9237920442EA8A
:1036F800993228EA060989EA0C09CDF878A024EA63
:10370800050ACDF87C908AEA030A2EEA080923EA1A
:10371800010389EA0609534026EA0C06CDF880A081
:1037280022EA040A8AEA0505CDF88490269327EA56
:103738000E0986EA07032295279389EA08052E9B36
:1037480021EA0208089A239583EA0201099A2F9B25
:103758002CEA070553404FEAC36C4CEA511CC906D2
:1037680041EA531188EA04042A9B019A249485EAC1
:103778000E045A4025942B9B029C160F634046EA80
:1037880003161B0F43EA0213039C309A059F82EA33
:103798000405049C319A62404FEA822848EA955809
:1037A800AD0245EA92552C9A25EA060A82EA0B04EC
:1037B8002D9A8AEA010A7A404FEAC23E4EEA544EEE
:1037C800E40344EA5244069F289ACDF8A0A082EA6E
:1037D8000709299A079F24EA050A7A404FEA192718
:1037E80047EA0267120A42EA096228EA030989EAF3
:1037F8000C098AEA060ACDF8A4902EEA080989EA93
:103808000309CDF8A8A027EA040A8AEA0505CDF835
:10381800AC9023EA0C0322EA0E0953402C9526EAC1
:10382800010689EA08052D9521EA0708319386EAF9
:1038380007013A9B2CEA020530913B9A059983EAE5
:103848000B034A404FEA930C4CEA827C920842EA06
:1038580083720699369B88EA04042E9485EA0E043E
:103868004B402F943799079C5D0A81EA040645EA84
:10387800C655760A46EAC3560899329B099C4B40BE
:1038880033994FEA53684C4048EAC418640E44EA36
:10389800C3140199389B029F4B4039994FEAD35E74
:1038A80079404EEA412EC90D41EA4321039F349BDA
:1038B800DDF810907B40359F28EA050A87EA090958
:1038C8004FEA890747EA93779B0043EA997324EA0A
:1038D800060989EA02098AEA0C0ACDF8C8A0CDF8D7
:1038E800CC902EEA080A21EA04098AEA050A89EA3C
:1038F8000609CDF8D0A0CDF8D49023EA0E0A27EA1D
:1039080001098AEA080889EA0404CDF8D8803794BE
:103918002CEA030822EA070425EA0C056B4088EA2A
:103928000E0E6140CDF8E0E039913A93009B26EA0B
:10393800020610330093009A3C4B7E4093427FF47A
:10394800F1A90A9B03600B9B43600C9B83600D9B52
:10395800C3600E9B03610F9B4361109B8361119BA6
:10396800C361129B0362139B4362149B8362159B82
:10397800C362169B0363179B4363189B8363199B5E
:10398800C3631A9B03641B9B43641C9B83641D9B3A
:10399800C3641E9B03651F9B4365209B8365219B16
:1039A800C365229B0366239B4366249B8366259BF2
:1039B800C366269B0367279B4367289B8367299BCE
:1039C800C3672A9BC0F8B8E0C0F880302B9BC0F8CA
:1039D800BC10C0F884302C9BC0F888302D9BC0F8F0
:1039E8008C302E9BC0F890302F9BC0F89430309BC1
:1039F800C0F89830319BC0F89C30329BC0F8A0309A
:103A0800339BC0F8A430349BC0F8A830359BC0F86D
:103A1800AC30369BC0F8B030379BC0F8B4303A9B16
:103A2800C0E930363DB0BDE8F08F00BFF883020032
:103A3800F8B50F4600293BD00668012230461EF033
:103A480019F90146044630461EF0DCF8C3070DD4C8
:103A5800AF23184A184919481EF018FB3946184868
:103A68001EF014FBAF2113481EF007FB2146304619
:103A78001EF0DEF825182946002230461EF0C2F84E
:103A88002D1AAC420BD0B7230A4A0E490B481EF038
:103A9800FDFA39460C481EF0F9FAB721E3E721464A
:103AA80030461EF0CBF82146BDE8F8401EF000BABB
:103AB800F8BD00BF019D0200249D0200DE930200B4
:103AC800359D02006D9D0200939D02002DE9F8438B
:103AD80006681446B5684A1EB5F5004F34BF04237E
:103AE80008230A400F4610D0C1F1000909EA01096C
:103AF8004B4502F1FF3128BF4B4611420CD1174606
:103B0800DCB900252846BDE8F883994213D8214638
:103B1800BDE8F8431EF00EBA34494FF4A673344A90
:103B280034481EF0B3FA34481EF0B0FA4FF4A671C8
:103B38002F481EF0A2FA9146E2E7B5F5004F2CBFD8
:103B480008200420FB1AE10804F0070201EBD30166
:103B5800073203F007031344034401EBD301A942DE
:103B680028BF294630461EF0E3F880460028C8D012
:103B7800B36809EBC005B3F5004F34BF042308232D
:103B88001D4435447B1E1D44B5FBF7F57D43A5EB6D
:103B98000905294630461EF06DF82C44073424F0F8
:103BA8000704A41B804507464FEAE40408D20246EE
:103BB800414630461EF0F5F8414630461EF036F9CB
:103BC800394630461EF034F83844844208D2394623
:103BD800304622461EF0E5F8214630461EF026F90A
:103BE8000122394630461EF029F88BE7CF9D0200A6
:103BF800019D0200DE930200EA9D0200B2F5802FCB
:103C08002DE9F04110D2042A28D8454940F21A2358
:103C1800444A45481EF03AFA44481EF037FA40F242
:103C28001A2140481EF029FA0823D21ACC1D114443
:103C380024F0070421F00701091B17294FEAD106D0
:103C48000ED83B4940F22323364A37481EF01EFA65
:103C580036481EF01BFA40F22321E2E70423E4E78A
:103C68000025046031462046A660E5601EF00CF889
:103C7800B6F5004F2CBF08230423421D92000833D9
:103C8800D11DDB0803EBD103B3424FEAD10739D882
:103C980001302946A2F1100204F11000B8BF2A46EB
:103CA80023F075FE3A46294620461DF0DFFF2B46D5
:103CB8002A46294620461DF0B0FFA6EB07082046F5
:103CC800294601221DF0BAFF424639461DF0CEFFB3
:103CD8003B462A46394620461DF09FFF314620467E
:103CE8001DF0C4FF43462A46314620461DF095FF85
:103CF8003146204601221DF0A1FF3946BDE8F041BA
:103D08001EF094B80B494FF40E73064A06481EF08D
:103D1800BDF906481EF0BAF94FF40E7181E700BFED
:103D2800079E0200019D0200DE930200289E020009
:103D3800419E02006A9E02002DE9F04F97B000AF45
:103D480089460446D7F880B0FA623B6258B9A94957
:103D580040F29933A84AA9481EF098F940F29931DF
:103D6800A5481EF08AF9CBF3C00390F802A07B6146
:103D780041B9457800780AEB800020444D4517D8B2
:103D8800A0EB0409E378FB61BAF1000F02D01BF045
:103D9800010F16D1FB6953BBFB6A1BB1494620468C
:103DA8003A6A98474D4628465C37BD46BDE8F08FCD
:103DB800461C3046FDF7C0F80130304409F10109CE
:103DC800DCE7626823787A62FA6A9900B96104EBE1
:103DD8008301002A40F002810E464FF000084D464C
:103DE80001EB0A094E454CD101EB0A0610E01BF025
:103DF800020FD1D023789A00BA61626804EB83017C
:103E08007A62FA6A002A77D14D46904601EB0A0693
:103E18001BF0050F0CBF02230123FB62FB6906EBB5
:103E2800430A0BF00203BB625645BCD016F8021BCE
:103E380016F8013C54F82390714B994502D3714B05
:103E4800994536D37B69002B40D0786A1EF0E1F89B
:103E580000283BD0E9468AB06A466B4B53617B6ABF
:103E6800C2E906314FF400731384684B42F8103FDF
:103E780000234FF41251664802F04CFA023DCD4639
:103E8800D2E716F8013BF96254F82300FDF754F81D
:103E9800D7F88430F96A01304BB1D7F888309845A3
:103EA8003EBFD7F8843023F8180008F1010805440C
:103EB80098E77B6923B1786A1EF0ABF80028C9D16E
:103EC8001BF0010F05D1FB6AED1AADE7BB6A002BA9
:103ED800AAD04846FDF730F8D7F8843053B1D7F860
:103EE800883098453FBFD7F88420431C22F8183003
:103EF80008F10108054497E7BAF1000F74D01BF0E8
:103F0800040674D0D046002607F1480052463B61AB
:103F1800B96223F015FDB96A3B6901EB0A02BA627E
:103F2800FA69F9695200FA60BA6A02EB41023A6129
:103F38000BF00202BA60BA6A39698A426AD16278B9
:103F48001BF0020F18BF00217A6208BF4FEA580120
:103F5800B2181BF0010FD2B240F0E5801BF0040F3D
:103F680014BF404600207B616270A070E17020465B
:103F78003A6AB969FB6A9847051EFFF614AF7B6970
:103F8800414623707B6A3A6A6370FB6984F802A031
:103F9800E37007F14800FB6A9847B0F10008C0F2E7
:103FA800F680BB69A9EB0A01C91AFB683A6AC91A03
:103FB800D7E90A0398470028C0F2EB804FF0000BBE
:103FC800A84408EB000507F1380AB345C0F0AD80F6
:103FD80000213A6A0846FB6A9847E4E656464FF0DD
:103FE800000807F1380091E75646D04695E7B046F5
:103FF80093E700BF2A9F0200959E0200DE9302000D
:10400800F47A0200E8020300459F02000400000160
:10401800FC800200BA6A12F8021B12F8015CBA624C
:1040280054F825005C4A904202D35C4A904218D367
:104038007A693AB1786A7B601DF0EBFF7B680028EB
:104048007FF479AFBA68002A4CD00F2E40D9544972
:1040580040F24D43534A54481EF018F840F24D417F
:104068007EE67A693AB1786A7B601DF0D2FF7B6898
:1040780000287FF460AF1BF0010F0BD00F2E27D95B
:10408800474940F24343474A47481DF0FFFF40F283
:10409800434165E61BF0040F3FF44DAFB8F10F0F35
:1040A80009D9424940F246433E4A3F481DF0EEFFD7
:1040B80040F2464154E608F1280207F1300008F1C1
:1040C800010102EB000808F8105C5FFA81F832E79A
:1040D80006F1280207F13000711C161806F8205C5A
:1040E800CEB228E7B8F10F0F09D930494FF48A63E7
:1040F8002C4A2D481DF0CAFF4FF48A6130E608F1BA
:10410800280207F1300C08F10100944407F1580225
:1041180008F1020852FA80F00CF8101C5FFA88F8CF
:1041280000F8105C07E700201DE71BF80A3054F878
:10413800239087F83730D7F884302BB3D7F88830F6
:104148009B4521D2D7F8843033F81B8001213A6A85
:10415800FB6A07F13700984700281ADB0544B8F1D5
:10416800000F06D14846FCF7E7FE00F101081FFAE8
:1041780088F8414648463A6AFB6A9847002808DBAF
:1041880005440BF1010B20E74FF00008DEE7454638
:1041980009E6054607E600BFF47A0200E8020300D4
:1041A800E89F0200959E0200DE93020007A002002D
:1041B800014B1B68184700BF6C060020014B1860B4
:1041C800704700BF6C06002030B585B004460D4628
:1041D80010220021684623F0DAFB02238DF8023012
:1041E800044B2A462146684601931CF025F905B080
:1041F80030BD00BFB941000080B505460E461746E0
:10420800984616F099FC034623F066FCDFF83C90CC
:10421800044649F80030424639463046A8470C4B18
:104228001B7873B90B4940F246330B4A0B481DF013
:104238002DFF0B481DF02AFF40F2463106481DF0BD
:104248001CFF54F8090003F003FB00BF080000003E
:104258008158002063A0020038A00200DE9302000B
:1042680076A0020038B50D4604462022002123F02E
:104278008EFB0022EB68E361AB68A3612B682362C5
:104288006B68A26263622A6923B1591E194208BF8A
:1042980042F0010222610122002104F12C0022F0E7
:1042A80028FB48B1054906482F23064A1DF0EEFEB3
:1042B8002F2104481DF0E1FE38BD00BF8FDA02004F
:1042C800DE93020098A002002DE9F04F002789B084
:1042D800CDE90123436A04468B428846BA460597CE
:1042E800079754D300F11406EFF31185202383F3C5
:1042F8001288BFF36F8F3046A94616F09DFE58B955
:1043080088234D4A4D494E481DF0C0FE31464D4860
:104318001DF0BCFE882163E0304616F0B1FE079A16
:104328002AB1394620461DF09BFF0023079306A9B2
:1043380020461DF0B8FE06998346414530D32268D1
:10434800236A204613F8221003EB820A21F00301A6
:1043580003F82210216842461DF0C9FEE368206078
:10436800984218D04FF0000B304616F073FE50B349
:1043780089F31188BFF36F8F059929B1A2690AB132
:104388002046904700230593BBF1000FACD150465F
:1043980009B0BDE8F08F236943F008032361E1E722
:1043A80018B120461DF0BDFEDEE7DDE901321343FA
:1043B80039D0039122F012FB0399A0BB9DBB304674
:1043C80016F048FE78B94FF49A731B4A1E491C48E8
:1043D8001DF05CFE31461D481DF058FE4FF49A71E1
:1043E80015481DF04AFE85F31188BFF36F8F04F15D
:1043F8002C00DDE9012314F0A9FB8346EFF31189B2
:10440800202383F31288BFF36F8F304616F014FE13
:1044180000283FF475AFBBFA8BFB304616F030FE30
:104428004FEA5B1BA0E7204607AB05AA27681DF0EB
:1044380097FE834698E700BFBEA00200EBA00200EB
:10444800DE93020000A1020016A102002DA10200C5
:104458002DE9F0410446C36908460E46984704F121
:1044680014050746EFF31188202383F31288BFF35E
:104478006F8F284616F0E0FD68B988231A4A1B4951
:104488001B481DF003FE29461A481DF0FFFD882130
:1044980015481DF0F2FD284616F0F2FD33783A462D
:1044A80043F001033370616820461DF020FE606010
:1044B80020461DF0F0FE284616F0CCFD68B94FF4F2
:1044C8009A73094A0C490A481DF0E0FD29460B4831
:1044D8001DF0DCFD4FF49A71DAE788F31188BFF319
:1044E8006F8FBDE8F08100BFBEA00200EBA0020004
:1044F800DE93020000A1020016A102002DA1020015
:104508002DE9F0470446002700F11406EFF311885F
:10451800202383F31288BFF36F8F304616F08CFD8B
:10452800054668B988233A4A3A493B481DF0AEFD2A
:1045380031463A481DF0AAFD882135481DF09DFDF9
:10454800304616F09DFD2369A16813F0080F02D1CB
:104558006368994200D9636A5B1A002B41D0206ACC
:1045680010F8213000EB810913F003023CD0022A35
:1045780004D150F821205FEA920A05D1DA0720D445
:104588004846E36998478246A168524620461DF08E
:10459800AEFD5146A06020461DF0B7FD2F463046BF
:1045A80016F058FD10BB4FF49A73194A1C491A4863
:1045B8001DF06CFD31461B481DF068FD4FF49A71E3
:1045C800BBE743F0020300F82130E3694846A568D9
:1045D80098472946024620461DF089FD0025A0601F
:1045E800DDE71D46A946DAE71546FBE788F311889B
:1045F800BFF36F8F002D89D137B1B9F1000F03D107
:1046080004F12C0014F01EFA4846BDE8F08700BFFC
:10461800BEA00200EBA00200DE93020000A102008F
:1046280016A102002DA102002DE9F0410446C3693C
:1046380008460D46984704F114060746EFF311881B
:10464800202383F31288BFF36F8F304616F0F4FCF3
:1046580068B98823274A284928481DF017FD31469C
:1046680027481DF013FD882122481DF006FD30461D
:1046780016F006FD2B786FF300032B7023699B0758
:1046880005D5E268236A03EB82039D4222D12B7889
:104698006FF341032B70D4E90231994204D13A46B1
:1046A80020461DF024FDA060394620461DF02DFD52
:1046B800304616F0CFFC90B94FF49A730D4A114961
:1046C8000E481DF0E3FC31460F481DF0DFFC4FF4A7
:1046D8009A71C9E72B6867F39F032B60E8E788F3B3
:1046E8001188BFF36F8F04F12C00BDE8F04114F07E
:1046F800A9B900BFBEA00200EBA00200DE93020031
:1047080000A1020016A102002DA1020070B5044606
:1047180000F11405EFF31186202383F31288BFF309
:104728006F8F284616F088FC68B988231A4A1B49F7
:104738001B481DF0ABFC29461A481DF0A7FC882130
:1047480015481DF09AFC284616F09AFC2369A068C3
:1047580013F0080F02D16368984213D9646A241AC7
:10476800284616F077FC78B94FF49A730A4A0E492E
:104778000B481DF08BFC29460C481DF087FC4FF4B4
:104788009A71DDE71C1AEBE786F31188BFF36F8F88
:10479800201E18BF012070BDBEA00200EBA00200C1
:1047A800DE93020000A1020016A102002DA1020062
:1047B8002DE9F84F0446A38B08461907154612D46D
:1047C800022803F0070165D120461DF0EAFD88B1F3
:1047D8000138042800F23781DFE810F05C00350169
:1047E8008200D400040101280CBF43F0100143F0FB
:1047F8002001A1831434204616F02CFC002840F038
:104808009D819A494FF49A73994A9A481DF03EFC43
:104818002146B1E003F00702501F01281ED80020EE
:10482800062A2768C4E9000014D13A4603E0E08B61
:104838000130E0831268002AF9D123F0070343F01E
:1048480002022046A2831DF0ACFD90B342F0200284
:10485800A2832EE023F007039AB2F2E7042A33D1A9
:1048680023F007039AB22046A2831DF09AFD10B1E7
:1048780042F02002A283A38B03F00709894540F088
:10488800EC80A18BCA0640F1508121F01003A3836C
:1048980001F00701D4F81880A38BB8F1000FB9DA3A
:1048A8000022276823F00703C4E9002243F001032C
:1048B800A383A38B03F00709894540F0CF80002F1D
:1048C800DFD00026B24644E06B4940F21B136B4A26
:1048D80068481DF0DBFB40F21B1168481DF0CDFB5A
:1048E80049B167494FF4AB73644A62481DF0CEFB87
:1048F8004FF4AB71F1E723684BB9624940F25713A3
:104908005E4A5C481DF0C2FB40F25711E5E7236997
:104918001E684EB95C494FF4AD73584A55481DF0AE
:10492800B5FB4FF4AD71D8E70F4688464FF006093E
:10493800A38B23F0070343F006039BB2A383A2686B
:10494800002A40F08D80002F40F08D80002E98D0F6
:10495800BA4643F0080304F1140B5846A38316F033
:1049680079FB002840F09A8040494FF49A73404AF6
:1049780040481DF08BFB594644481DF087FB4FF417
:104988009A71ADE0022909D0414940F25D133B4AD2
:1049980038481DF07BFB40F25D119EE7E78B4FB175
:1049A8003C494FF4AF73354A32481DF06FFB4FF462
:1049B800AF7192E723695E684EB9334940F26113DB
:1049C8002E4A2C481DF062FB40F2611185E7A38B4B
:1049D800B84623F0070343F004039BB24FF00409E1
:1049E800A383ACE7012909D02B494FF4B273234ABA
:1049F80020481DF04BFB4FF4B2716EE723684BB9AA
:104A0800204940F265131D4A1A481DF03FFB40F249
:104A1800651162E723699E684EB91B494FF4B47368
:104A2800164A14481DF032FB4FF4B47155E70027BD
:104A3800A38BB84623F0070343F005039BB24FF05E
:104A48000509A3837BE70C4940F26B130B4A09481D
:104A58001DF01CFB40F26B113FE7002700266EE7B4
:104A68004FF0010A75E7924673E700BF16A10200EE
:104A7800BEA00200DE930200D1F502004DA10200A3
:104A880072A102007EA10200A1A102002DA10200D4
:104A9800B8A10200CEA10200DDA1020085F31188B1
:104AA800BFF36F8FBAF1000F1CD177BB16B1204648
:104AB8002549B047EFF31185202383F31288BFF30C
:104AC8006F8F584616F0B8FA38BB88231F4A20491A
:104AD80020481DF0DBFA59461F481DF0D7FA8821F7
:104AE8001A48FBE6A1680029DFD00D680029DCD050
:104AF80043464A462046D1F804A0D0471DB12B684A
:104B080029461D46F2E72B46FAE7394643464A4608
:104B180020463F681DF071FCC7E7584616F0B0FA0A
:104B2800A38B23F00803A383ABE68B067FF562AE65
:104B380021F02003A38301F0070145E685F31188DE
:104B4800BFF36F8FBDE8F88F654B0000BEA0020071
:104B5800EBA00200DE93020000A10200F8B50446B3
:104B68000D4600F11406EFF31187202383F3128812
:104B7800BFF36F8F304616F05FFA68B988230C4A86
:104B88000C490D481DF082FA31460C481DF07EFA9A
:104B9800882107481DF071FA304616F071FAA561B0
:104BA8003A462046BDE8F8400121FFF701BE00BFA4
:104BB800BEA00200EBA00200DE93020000A10200EA
:104BC8002DE9F04704460F461DF007FC051E68DB7B
:104BD80004F11409EFF3118A202383F31288BFF339
:104BE8006F8F484616F028FA804660B98823384AFD
:104BF800384939481DF04AFA494638481DF046FAFE
:104C08008821334842E0484616F03AFA4FF6FF72D8
:104C1800E38BA68B934206F0070645D0022E15D1EA
:104C280035460133E383484616F014FA002841D18B
:104C38004FF49A73264A2A4927481DF027FA49460D
:104C480028481DF023FA4FF49A71DAE7062E13D894
:104C5800DFE806F0092D1212090409006FF0850536
:104C68004FF00008DFE700233B60636883B9C4E9BD
:104C7800007786B13546F3E71B4917484FF4E473CC
:104C88001A4A1DF003FA4FF4E47118481DF0F5F9BB
:104C98001F606760EDE7524602212046FFF788FD56
:104CA80035462846BDE8F0876FF00A05D8E76FF06B
:104CB8000405D5E78AF31188BFF36F8FB8F1000FA9
:104CC800EFD000233246394620461DF096FBE8E730
:104CD800BEA00200EBA00200DE93020000A10200C9
:104CE80016A102002DA10200DDA102004DA10200C3
:104CF800F8B5054600F11406EFF31187202383F376
:104D08001288BFF36F8F304616F096F960B9882382
:104D1800254A264926481DF0B9F9314625481DF08F
:104D2800B5F9882120482BE0304616F0A9F9AC8B5C
:104D380004F00704022C17D0012C0CBF6FF00404F8
:104D48006FF08504304616F085F938BB4FF49A7336
:104D5800154A194916481DF099F9314617481DF0AA
:104D680095F94FF49A71DDE7EB8B5BB9144910485C
:104D780040F2EF13134A1DF089F940F2EF11114880
:104D88001DF07BF9013B9BB2EB83002BDAD13A464D
:104D980021462846FFF70CFD2046F8BD87F3118809
:104DA800BFF36F8FF8E700BFBEA00200EBA00200C0
:104DB800DE93020000A1020016A102002DA102004C
:104DC800F3A102004DA1020008B54268034602F0B3
:104DD8000302022A81600AD0032A4FF0000103D09F
:104DE800012A0AD1596006E01868596008BD186898
:104DF80000225A6058B90020F8E7064906484523BA
:104E0800064A1DF043F9452104481DF036F916F00D
:104E18002BFDF0E7D1F50200DE93020001A20200AB
:104E28002DE9F7430F4606460821C06A1DF08DFBA1
:104E380080463C68DFF84890241A3C6004EA09057B
:104E4800AC4203D8002003B0BDE8F08308236A46CB
:104E5800214630461DF00FFB0028F4D16946304644
:104E68001DF07DFB40B1BDF80230BDF8042005EA15
:104E7800090513441D443C60A4EB0804E0E700BFA7
:104E88000000FFFF73B504464FF6FF72C06A0821A1
:104E98001DF05BFB002563680F4EADF800208DF810
:104EA8000620E268191833401344181A60606846EF
:104EB800ADF80210ADF804501DF03EFB69462046DF
:104EC8001DF00DFC2046211D1DF00EFB28466368D1
:104ED8003340A36002B070BD0000FFFF2DE9F0472A
:104EE80004468AB000F11407384621F0C9FCA06ACC
:104EF8008368DB689847E06250B98D4A01218D4884
:104F08001DF0FFFA6FF0150528460AB0BDE8F087D6
:104F1800A06A8368DB6898470368013B1F2B01D9A7
:104F2800854AEBE7E368B3F5803F08D94FF4803250
:104F3800012100927F48814A1DF064FFE2E7A06AE0
:104F4800216807AA20F085F908B17D4AD6E7E56807
:104F58002DB1089BB5FBF3F203FB12550DB1794A4D
:104F6800CCE7238A012B01D8774AC7E7E36A029581
:104F780093F805904FF0FF334FF0FF32384613F0A7
:104F88004DFA0821E06A1DF0E0FAA8460646238A91
:104F98001FFA85FA534508D8238A434523D1384652
:104FA80013F00CFB6FF02C05AEE7E1682B04891BAE
:104FB80013FA81F14A460823204602911DF069FA46
:104FC80078B1204602A91DF08FFA08F101080823DC
:104FD8004A46204602991FFA88F81DF05AFA002816
:104FE800DAD00135D3E79A450BD1029908234A460E
:104FF8002046891B1DF04DFA18B9204602A91DF05C
:1050080073FA204602A9FFF70BFF054618B1384688
:1050180013F0D4FA78E7029B4FEA13484FEA08489E
:105028006360C4F80880D4E9011399420FD30823B8
:10503800204603AA1DF01FFA05460028E7D103AB56
:1050480013F8012B91453DD10135082DF8D163683E
:1050580020461B0C1B0402A902931DF045FA4A4680
:105068002046E36802991DF014FA051ECFDB636839
:105078007ED04FF6FF7906EB0308E3681FFA88F243
:105088009B1B9A42CDF8088038D303212F4A294820
:105098001DF037FA204661681DF035FA05460028EC
:1050A800B5D163682A4AE16813400B44A3EB460371
:1050B800636013402046A3601DF039FB0546002DB0
:1050C80072D0A4E7204603A91DF049FA626810B916
:1050D800921B6260A7E7BDF81050BDF80E10E06A99
:1050E800C4F8088029441DF030FA40449042A0607A
:1050F800EED1002DECD06FF01C0580E0082341466E
:10510800204605AA1DF0B7F9054600287FF47FAFB1
:10511800204605A91DF023FA38B1BDF814304B45D7
:1051280003D1BDF81830002B6FD0B044A5E700BFFD
:105138003BA20200248102005DA202007AA20200C2
:10514800A3A20200BBA20200CFA2020041A3020058
:105158000000FFFF4A4620465B1A1DF09AF9051E1B
:10516800FFF655AF08D0E26AA36812681344A3603B
:10517800D4E901318B42EDD86168E36801EB46025E
:105188009A429CD1DFF8A880A26801EA08039A42F3
:1051980095D020461DF0B7F9054600287FF437AFB3
:1051A800636803EA0803A360E368A288A3EB4603E5
:1051B8009A4220D0384613F001FA0123E268A3741A
:1051C800238A032100921B481B4A1DF01BFE6368BB
:1051D8009AB200920321194A16481B0C1DF012FEC0
:1051E800A3689AB200920321154A12481B0C1DF0BD
:1051F80009FE002588E620461DF082FA0546384655
:1052080013F0DCF9002DD8D07EE60E4A03210948B8
:105218001DF077F9636820461B0C1B0402A9029352
:105228001DF062F9204602991DF06DF946E700BFAE
:105238000000FFFF24810200F2A2020009A302007D
:105248001BA302002CA302002DE9F04F1D46837C0E
:1052580091B004460291009253B90121634A64480F
:105268001DF04FF96FF00C06304611B0BDE8F08F15
:10527800C26A082110461DF068F9294601901046B7
:105288001DF063F9E368019A0746A3EB8203AB427A
:10529800C0F0A9801DB1009B002B00F0A4806368BA
:1052A8000593204606AA05A9DDF814A01DF094F977
:1052B80006460028D8D1BDF81830029A934206D085
:1052C8006268059B9A42ECD1002D36D1CCE7204686
:1052D80006A91DF044F90028F2D0BDF81A80BDF8DF
:1052E8001C3045B39D4228D14FEA1A4A4FEA0A4A70
:1052F800D044AA46E36ADDF800B01B685B4203F0BD
:1053080020030393DDF80C904146D14528BFD146D0
:1053180020464B4608AA1DF0AEF800284AD14A4656
:10532800584608A922F03BFB38B9BAEB090AC84429
:10533800CB44E7D198E7002B96D0002F3DD1B84653
:1053480004F1140A4FF0FF324FF0FF33504613F0C8
:1053580065F8238A9E4243D0A168626808EB01037E
:105368009A422FD3029B2046ADF82030FF23009AA3
:105378008DF826302B46ADF82210ADF824501DF0DC
:1053880075F929460746E06A1DF0DFF8A36803446B
:10539800A36057B908A81DF0CFF8204608A91DF04A
:1053A8009EF9002814BF07462F46504613F006F909
:1053B8003E4659E7C1DC064656E7019B1F441FFAE3
:1053C80087F8BDE72046FFF75DFD07460028ECD1CA
:1053D80020461DF0ACF907460028E6D10136B8E7AB
:1053E8006FF01B07E1E76FF015063DE727A2020003
:1053F800248102002DE9FF471E46837C04460F46A0
:105408009046BDF830904BB92C4801212C4A1DF02C
:1054180078F86FF00C0004B0BDE8F0870821C06A86
:105428001DF093F8E368A3EB4003B34243D3002590
:10543800D4F804A0CDF804A04D455146DDF804A0E9
:1054480009D9636853451ED1BDF80830BB421AD04C
:105458006FF00100DFE7204602AA01A91DF0BCF8A1
:105468000028D8D1BDF80830BB4206D1204602A991
:105478001DF075F808B10135ADB26268019B9A421A
:10548800DAD15146E0E7BDF80C30002BE0D0A94551
:10549800DED8BDF80A00090CB3424FEA014128BF23
:1054A80033460144424620461CF0E5FF0028B2D1AD
:1054B800BDF80C00AFE76FF01500ACE724810200DF
:1054C80027A2020010B530B90B480C491DF007FAA5
:1054D8006FF0150010BD836833B9074808491DF0FF
:1054E800FEF96FF00400F5E71B6813B1BDE8104042
:1054F80018471846EEE700BF2C8102006FA3020090
:1055080080A3020010B530B90B480C491DF0E7F92B
:105518006FF0150010BD836833B9074808491DF0BE
:10552800DEF96FF00400F5E75B6813B1BDE81040E1
:1055380018471846EEE700BF2C8102006FA302004F
:1055480080A3020070B508B101B132B90B480C490B
:105558001DF0C5F96FF0150070BD84680CB12569A0
:1055680035B9064807491DF0BAF96FF00400F3E7AA
:1055780041F8040B2369BDE8704018472C810200EC
:105588009EA3020080A3020010B5044630B910485B
:1055980010491DF0A4F96FF0150010BD006830B96E
:1055A8000B480D491DF09BF96FF00100F5E7836882
:1055B8000BB15B6933B9064808491DF090F96FF0E3
:1055C8000400EAE7616898470028E6D12060E4E72C
:1055D8002C810200CAA30200DBA3020080A3020000
:1055E80070B51346044630B9104811491DF077F9D3
:1055F8006FF0150070BD006830B90C480D491DF0FA
:105608006EF96FF00100F5E782680AB1956835B95F
:10561800064809491DF063F96FF00400EAE70A46F5
:10562800AC466168BDE87040604700BF2C8102004D
:10563800CAA30200DBA3020080A30200034A136886
:105648000BB9526813600020704700BF7006002035
:1056580030B50C460E4985B00291D0F8D4110546F4
:10566800CDE9003100F1F0014FF0FF33204611F091
:105678007DFE50B9012384F86C30D5F8D03123B1C0
:10568800204605B0BDE83040184705B030BD00BF22
:10569800DF29020038B50C46114605461DF09DF974
:1056A800034638B9284604491DF097F903460020F7
:1056B800236038BD0120FBE70BF802002DE9F04F0D
:1056C800012381460569466889B005F55D77D7E805
:1056D800EF2F002A03D1C7E8E13F0029F7D10CBF1B
:1056E8001A46002240F0B180B368B16A05F5F8782F
:1056F8001C1F10461DF0F8F984426FD8013A00F0DB
:105708009E80B2FA82F24FF00044D440726820467C
:10571800073222F00302C5F83C22B16A1DF0E4F911
:10572800C5F84002B36A40466343033323F00303DA
:1057380002EB4302230103EB4403093323F0030381
:1057480003EBC403C5F834221A440832C5F83022E2
:105758007368C5F83842C5F82C323D4BC5E9AD63CE
:10576800316800F0E5F90446002835D1D9F810B0C1
:10577800D9F804A0D9F800300BF53479CDE9060042
:1057880005934846DAE90734012B08BF103C13F0AB
:105798000DFEDAF824002F4905AB01EB80214FF408
:1057A800806248460093234613F01AFE2A490BF5F7
:1057B800307013F03FFCDAE9050183685C684CB18E
:1057C8005B46264AA047044630B9DAE905018368F2
:1057D8001B692BB96FF05704002129E0013288E7D3
:1057E8000122984704460028F6D11D4B2846C5F8E3
:1057F800D0311C4BC5F8D4311B4B0393D5F840323C
:105808000293D5F83C32CDE9008305F51173B26AED
:10581800D5F8701300F054F904460028DCD105F1DE
:10582800F00011F049FE0028C5F878030ADB0221D0
:1058380038461DF006F9204609B0BDE8F08F6FF034
:105848000B04C9E76FF01504C6E76FF07704F2E7B9
:10585800352A0200885C01201B2A02000F2A020058
:1058680075580000C72B02007B2A020013B50446B6
:1058780040B100230122CDE90032074BD0E90912DB
:1058880011F048FD236F1B6823B1606F02B0BDE8BB
:105898001040184702B010BD0BF8020013B50446BB
:1058A8000846216901F55D71D1E8AF1F022910D1C1
:1058B80093B1A0B10121CDE900311346D0E9091215
:1058C80011F028FD074B984208BF6FF00B0002B09B
:1058D80010BD6FF00F00FAE76FF04C00F7E76FF0BC
:1058E8000100F4E72EF8FFFF2DE9F3478946154636
:1058F800066906F55D73D3E8AF3F022B64D11368E0
:1059080023B96FF0150002B0BDE8F0871B78002BB3
:10591800F7D0D6F870A3BAF1000F36D106F5EC77B8
:105928004FF0FF324FF0FF33384612F077FD304624
:105938002A6801A9FFF7AEFE019C80461CB93846CB
:105948001DF07DF8DDE705F108032367AB6984F8EE
:105958006CA06367646460B138461DF070F8214636
:105968003046A36E2A68FFF773FE0020C9F800408E
:10597800C9E71F22296804F1480022F032F83846A6
:1059880084F867801DF05BF8EFE7304610491DF09A
:1059980024F804460028B4D0002705F1080303675B
:1059A800AB6980F86C70436740641F2229684830EF
:1059B80022F017F822460121304684F8677000F07B
:1059C80061F80028D1D09CE76FF00F009BE700BF7B
:1059D8000BF8020010B50C46006900F55D73D3E8BA
:1059E800AF3F022B0FD189B10A4900F5307013F08F
:1059F8004FFC204620F0FBFC78220021204621F0B5
:105A0800C6FF002010BD6FF00F00FBE76FF001002C
:105A1800F8E700BF942000202DE9F04F05460E4618
:105A280090460027D0F8C4A085B0AAF5BE742146D8
:105A38003046FBF76FFAE0B9114BA4F1480B02931B
:105A4800DAF810303246CDE9008329464FF0FF33AB
:105A58005846AAF5E27911F089FC60B97823012249
:105A680003FB079383F86C20DAF80C300BB1584627
:105A78009847783417B105B0BDE8F08F0127D6E70D
:105A8800F52B02001FB5144690B18AB1012912D135
:105A98000A4B00F1F0010293D0F8D4314832019357
:105AA8004FF0FF332046009311F060FC04B010BDA6
:105AB8006FF01500FAE70020F8E700BFF52B0200A9
:105AC8002DE9F04387B00E46DDE90E811446DDE985
:105AD80010251F4630B329B3DFF850C000F1F00994
:105AE800002D08BF65469EB9CDE9034400F5E27470
:105AF8002046059620F033FE03ABCDE900432A4645
:105B08003B464146484611F093FE07B0BDE8F08396
:105B1800002241460E9248462A4607B0BDE8F043A7
:105B280011F0DCBF6FF01500EFE700BF215A00004D
:105B3800F0B504462B4A87B004AB0E4692E8030042
:105B480083E80300002C49D0184611F0E9FA05460D
:105B5800B0B94FF0FF33E16C04F15407A163CDE90C
:105B6800010000933846236D04F1380220F0EFF865
:105B7800A06C1DF06AF8C4F8BC0020B96FF00B05E2
:105B8800284607B0F0BDA06C1DF05FF8C4F8C0004F
:105B98000028F3D0236CD4F8BC10C4F89030042348
:105BA800C4F89430C4F8AC300223E3620E4BB4F866
:105BB8004820C4F88C10616C236204F18C03C4F88B
:105BC800A070A4F89820C4F8B870C4F8A810A4F875
:105BD800B020C4F8A400A6612363D1E76FF01505CF
:105BE800CEE700BF648202004088020030B5002280
:105BF80089B00F490F4820F0B0FF0022002300248D
:105C0800CDE906230E230C4DCDE903344FF4006291
:105C18002846CDE90144094B0949009414F02AF8B3
:105C28000849284620F0E0FE204609B030BD00BFF4
:105C3800995D0000A817002020130020D5600000FF
:105C48008860012000A402002DE9F04704460746B9
:105C58004FF00109DFF8508014B93846BDE8F087E5
:105C680094FAA4F5B5FA85F509FA05F32E0108EBBF
:105C780005156FEA030A24EA03042B7B002BEBD0FB
:105C880058F806301B694BB9464473680422284605
:105C9800196807EA0A071DF032F8DDE72846984731
:105CA8000028D9D1F0E700BFA48102002DE9F04710
:105CB800DFF8BC902F4C8046A9EB04038F2B0F46CE
:105CC8000BD92D494FF4A6732C4A2D481CF0DEF948
:105CD8004FF4A67129481CF0D0F92A481DF001F8A4
:105CE800064678B300252846BDE8F087237B83B1B4
:105CF8002368DB680BB120469847636883F806A0E1
:105D080023681B69B3B963680422204619681CF02C
:105D1800F6FF013610344C4518D91B494FF4AC73C3
:105D2800164A17481CF0B2F918481CF0AFF94FF49E
:105D3800AC71CFE7204698470028E4D00AFA06F36A
:105D48001D43E6E705464FF0010AE4E7CED3B8F174
:105D5800000FC8D0002DC5D02846FFF775FF0546AF
:105D6800002FF7D000214FF4A47014F053FEF1E790
:105D7800B4810200A481020035A4020008A4020034
:105D8800DE930200D020002065A4020086A4020051
:105D9800014812F057BE00BF1C0C0020014B53F8FD
:105DA800200070478088020008B5034608462BB1DA
:105DB800044A136000F056FD002008BD6FF015007E
:105DC800FBE700BF9C06002010B5044C237813B9EC
:105DD800034812F037FE0123237010BD255500201B
:105DE8001C0C002010B5044609481CF07AFF3CB191
:105DF800084BD3E8EF1F0139C3E8E21F002AF8D1A6
:105E0800054820F0B6FEBDE81040044812F01ABE5E
:105E1800C8200020CC200020A81700201C0C00203F
:105E280000200146034BD3E8EF0FC3E8E21F002A26
:105E3800F9D17047C820002070B5FFF7F1FF05467B
:105E48000F4C104EB44219D90F494FF403730F4A3F
:105E58000F481CF01BF90F481CF018F94FF4037198
:105E68000A481CF00AF963685B792BB123685B6800
:105E780013B12946204698471034E3E7F3D370BDA1
:105E8800A4810200B481020065A4020008A40200F3
:105E9800DE93020086A4020010B5044C0449204693
:105EA800FEF7E0F9034B1C6010BD00BFA40A0020F8
:105EB8006C880200BC2000200023154A10B513701E
:105EC800144A4FF400411360134A14481360FFF753
:105ED8006BFFFFF7E1FF124B124918468B4215D9A9
:105EE800114940F22713114A11481CF0CFF8114804
:105EF8001CF0CCF840F227110C481CF0BEF81A1A16
:105F08005C681211013222711033E7E7F7D310BD34
:105F180026550020C8200020CC200020E72C0200B5
:105F2800A4810200B481020065A4020008A4020052
:105F3800DE93020086A402000146002200230148E5
:105F4800FEF7C2B9A40A00200148FEF7D9BA00BF7B
:105F5800A40A0020024B01461868FEF765BB00BF83
:105F6800BC2000200148FEF7D1BB00BFA40A0020D6
:105F780070B52F4B1878002859D0FFF7E5FF054674
:105F8800002844D12B4B2C4C1B68002B19DD20F02A
:105F98009CFD4FF47A72A0FB020302FB0131C30B94
:105FA80043EA4143D4E900209B1A40F2E9324FEA20
:105FB800D13161EB0001934271F1000101D3FFF788
:105FC8003BFFD4E9003213F57A7342F10002C4E9C9
:105FD8000032BDE87040FFF7C5BF63685B7923B145
:105FE8002368294620461B6898471034B44211D9C3
:105FF80012494FF40073124A12481CF047F812482D
:106008001CF044F84FF400710D481CF036F80F4CA2
:106018000F4EEBE7E1D32846FFF79CFF0D4BD3E883
:10602800EF1F0139C3E8E21F002AABD0F7E770BDC4
:1060380025550020C8200020A017002065A40200D4
:1060480008A40200DE93020086A40200A4810200D4
:10605800B4810200CC20002070B5154D297829BBE9
:106068000120FFF723FE134C134EB44217D91349EE
:1060780040F2C513124A13481CF008F812481CF0E5
:1060880005F840F2C5110E481BF0F7FF63685B790D
:106098001BB1236820469B6898471034E5E7F5D381
:1060A800FFF766FF0028FBD101232B7070BD00BFEE
:1060B80026550020A4810200B481020065A40200D4
:1060C80008A40200DE93020086A402002DE9F0472E
:1060D800384B394FFB1A1B090AD1384940F2A9330A
:1060E800374A38481BF0D2FF40F2A931344819E04A
:1060F80000210846FFF7DAFD0446A8B140F26768B8
:106108004FF00009304B1B789BB9304940F24633B9
:106118002F4A2C481BF0BAFF2E481BF0B7FF40F25D
:1061280046312B481BF0A9FF4FF0FF384FF0FF39DD
:10613800E8E721F0D1FC284B284A1B58136033B1FB
:10614800274B1B68092B02DD264812F07BFC002533
:10615800DFF890A044B12046FFF776FD044618B951
:106168004FF0FF384FF0FF39FFF702FF064628B916
:1061780035B942464B46504612F0E8FC3546E9E749
:106188000C4D08E0F5D22B689B691BB1002228460C
:10619800114698471035BD42F4D9134940F29D3352
:1061A800074A08481BF072FF10481BF06FFF40F2C7
:1061B8009D319BE7A4810200B4810200A5A40200DE
:1061C80008A40200DE9302008158002063A00200A8
:1061D80038A0020076A0020008000000C4200020B9
:1061E800CC2000201C0C002065A4020086A402001C
:1061F80013B52C481CF075FD2B4B1B78002B35D0A4
:10620800EFF31184202383F31288BFF36F8F27489D
:1062180014F012FF68B98823254A264926481BF03E
:1062280035FF224925481BF031FF882120481BF003
:1062380024FF1E4814F024FFFFF79AFE1B4814F0B1
:1062480009FF68B94FF49A73194A1D491A481BF097
:106258001DFF16491B481BF019FF4FF49A71E5E71B
:1062680084F31188BFF36F8F02B010BD164B1B6803
:10627800002BF9D050B9002200231448CDE900239F
:106288004FF40042002315F029FAEDE70928EBD175
:106298000E4820F06EFC0E4802B0BDE8104012F027
:1062A800D1BB00BFCC20002026550020C0200020F4
:1062B800BEA00200EBA00200DE93020000A10200D3
:1062C80016A102002DA10200C4200020A81700205A
:1062D8001C0C002010B5064B04461B689847214645
:1062E800A0600448FEF7B4F8BDE81040FFF780BF8F
:1062F8009C060020A40A0020044A054B9B1AB1EB17
:10630800D30F34BF52F83100002070476480020078
:10631800A48102002DE9F04F8FB0C1F34A2804AFE1
:106328000D469146B8607B600C0DB8F1000F68D03F
:1063380000264FF0040B4FF00A0A07F11403C7F8C0
:106348000C80C7E907667E620193CDF808B0CDF8E6
:1063580000A007F11C0332464846F968FDF7ECFC3B
:10636800B0F5006F03461CD36C468AB0D9F8041008
:1063780004AB2C481A46C3E9050140F2FF71D96104
:106388004FF400711984284B42F8103F4FF4125112
:1063980033462648FFF7BEFFA5462C37BD46BDE865
:1063A800F08FC0F30A0804F11700184420F0070022
:1063B80080083B60FFF7C0FD68F35325044640B3EF
:1063C8003B6800F11001C7E9083607F11403F961C9
:1063D800CDE900A3CDF808B04846154AF96807F199
:1063E8001C03FDF7A9FC002813DA124912484FF4E0
:1063F800A373124A1BF04AFE4FF4A3710F481BF017
:106408003CFE04F1170020F007008008FFF794FD18
:10641800044668F353252A4620467B68B9681CF071
:106428008EFCBAE7CEA40200040000013481020009
:10643800192D020039A50200DE9302000DA5020005
:10644800406820B1034BC01A40F3CF0070474FF0AB
:10645800FF307047648002000EB403B503AB53F8F5
:10646800042B01460448019301F0CEFD02B05DF80B
:1064780004EB03B0704700BFA1640000CA0605D44E
:106488008B064CBF02490349FFF7E6BF704700BFC0
:106498000AF80200C39B020038B54B6805461A6823
:1064A800CB680C469A4202D108461CF0C5FC6368CA
:1064B800D3E8EF2F511CC3E8E01F0028F8D1A368E8
:1064C8009D5463681A68E3689A4209D905490648E1
:1064D8007223064A1BF0DAFD722104481BF0CDFD39
:1064E800002038BD71A50200DE93020042A502001B
:1064F8002DE9F04F89B09B46149B9DF84CA006935C
:10650800159B04460593169B0D469046179E0493CB
:10651800BAF1000F00F0AD80BAF1040F0BD9A3490E
:1065280040F24D23A24AA3481BF0B0FD40F24D2192
:106538009F481BF0A2FD06F4807307931CF0DDFB57
:1065480006F00209024600283FD020469A49FFF784
:1065580083FF0746B9F1000F08D016F0440F36D173
:106568002A4620469549FFF777FF074406F00103BE
:1065780053B1934B204653F82A20924B9249002A54
:1065880008BF1A46FFF768FF06F48073002B4AD04D
:1065980006F00803002B64D1B8F1000F67D042461B
:1065A80020468A49FFF758FF0546069B3D44002BC5
:1065B8006ED1049B002B40F08380F30700F1F0803C
:1065C80031462046FFF75AFFE4E00746C2E7804B12
:1065D80018680028C9D07F4B4FF47A791B684FF0B0
:1065E8003C0CB5FBF3F5B5FBF0F14FF4616300FB30
:1065F800115509FB05F5B1FBF3F2B5FBF0FE03FB02
:10660800121100FB1E55B1FBFCF309FB05F5B5FBA8
:10661800F0F50CFB131120460091CDE901E56E4918
:10662800FFF71AFFA1E706F00803EBB16B4B204612
:1066380053F82A206A49FFF70FFF0546B8F1000F03
:1066480005D0424620466149FFF706FF0544BBF1E5
:10665800000FAAD05A4620466249FFF7FDFE0544BE
:10666800A3E74FF0000BE1E706F00805E6E745462B
:106678009BE7BBF1010F069B06D1DBB9049B002BFE
:1066880000F0888000251BE0002BF7D0564812E068
:1066980056482246069B56491BF08AFC00280CDA0D
:1066A800544940F2A723424A42481BF0EFFC40F20B
:1066B800A7213DE74D485546EBE7049B002B65D0E5
:1066C800DFF83481DFF83491049F3146102F2046DB
:1066D80028BF10274FF0000BFFF7D0FE5D4542DCC6
:1066E800059B494620461A78FFF7B6FE4FF0010B86
:1066F8001BF0070F03D141462046FFF7ADFE5F456B
:1067080038D9059B4946204613F80B20FFF7A4FE0D
:106718000BF1010BBBF1100FEAD14FF0000B204633
:106728003749FFF799FE5A46059B20469A5CA2F125
:1067380020015F2928BF2E223249FFF78DFE0BF179
:10674800010BBBF1100F1AD01BF0070F03D1414604
:106758002046FFF781FE5F455A46E5D84146204668
:10676800FFF77AFEEBE741462046FFF775FE0BF18F
:10677800010BB3E720462449FFF76EFEC8E7059BE7
:106788003B440593049BDB1B04939DD1BAF1000F96
:106798007FF413AF204609B0BDE8F04F1CF04CBBA6
:1067A8002046084A0849FFF757FE09E7A6A5020050
:1067B80042A50200DE930200B1A50200B5A50200C1
:1067C80090880200A1A502004EBA0200DAA50200D4
:1067D800D8200020D4200020BEA50200A4880200F2
:1067E800DEA50200E4A502005B2E0200A164000001
:1067F80011800000E9A5020095F40200F2A502004C
:10680800F8A50200FAA5020093F4020042F20F7301
:1068180073B58B4228BF0B460568044605216846B8
:106828000D4A19F077FD0646636828460B225B6817
:106838000A491CF0F3FA63683246694628465B68E1
:106848001CF0ECFA63681B2228465B6804491CF0BC
:10685800E5FA02B070BD00BFDC94020019A6020080
:10686800FDA5020000210123064A904206D8064AE7
:1068780001B901231360054B1860704701214008D6
:106888005B00F2E740420F00D4200020D82000200F
:10689800F8B50D460446064F4618B44201D12846BD
:1068A800F8BD14F8011BBB680148DB699847F4E799
:1068B8003C7C020010B543681C6809481FF092FF31
:1068C80048B9084908489923084A1BF0DFFB992171
:1068D80006481BF0D2FB23685B685C6010BD00BFF4
:1068E8003C7C020083A60200DE93020045A602005B
:1068F800014B036000207047EC88020070B5104B14
:106908000D461C68B4B10F4B196800238B4202DB9B
:106918006FF0010070BD224612F8106B864202D05B
:1069280014460133F2E7E0681FF05CFF28B100204D
:106938002C60EFE76FF00C00ECE76FF01200E9E76E
:10694800A8060020EC88020010B5436888B00293BE
:1069580083680C46CDE9033200230A68C068CDE994
:106968000623054901AA05931EF077FC079808B984
:10697800059B236008B010BD492F02002DE9F041A6
:106988000C4B05461C680E4617467CB100F09AF978
:1069980063682046D3F8108032463B462946C047F4
:1069A800044600F099F92046BDE8F0816FF0010433
:1069B800F9E700BF0821002000230360044B5A6850
:1069C80012B9C3E90000704710605860704700BFF3
:1069D8000C210020014B1860704700BF08210020DF
:1069E800002330B585B0CDE902330546019000F0AB
:1069F80069F9094B1C6844B9284600F0EBF80446CD
:106A080000F06AF9204605B030BD636820461B686F
:106A180001A998472468EEE70C2100201FB5CDE9AD
:106A28000101039200F04EF9074B1C6824B900F0ED
:106A380053F9204604B010BD636820461B6801A9BD
:106A480098472468F2E700BF0C2100200022024B7F
:106A5800C3E90022704700BF0C2100200022024B2E
:106A6800C3E90022FFF7F2BF142100202DE9F74304
:106A780007460C4609B100230B600026254DDFF8B8
:106A880098904D4524D925499D23254A25481BF032
:106A9800FDFA25481BF0FAFA9D2121481BF0EDFA72
:106AA800D5F800803846414601AA1CF08BFA50B14F
:106AB80016B954B92E4606E00022404631681CF04B
:106AC80081FA0028F5D11835DBE7019B2360F1E74F
:106AD800E6D3164B1D68C5B155F8188C38464146A3
:106AE80001AA183D1CF06EFA50B116B954B92E46D9
:106AF80006E00022404631681CF064FA0028F5D10F
:106B0800AD69E8E7019B2360F1E7304603B0BDE8D3
:106B1800F08300BFB481020044820200E9A60200AB
:106B2800B7A60200DE93020086A40200142100200A
:106B38002DE9F04784B002AFD7F8289004460D46F7
:106B4800164698467860B9F1000F07D0D9F80010BA
:106B580031BBD9F804A0BAF1000F28D12046391D5D
:106B6800FFF784FF08B3D0F80C9043463246294615
:106B78007868C847C8B16D468AB002AA124BD0617E
:106B8800C2E905344FF400731384104B42F8103FE8
:106B980000234FF411510E48FFF7BCFBAD4604E04B
:106BA8003A1D1CF00FFA0028D3D1002007E0D9F8CD
:106BB800083032460093294643467868D04708375C
:106BC800BD46BDE8F08700BF11A702000400000120
:106BD800848102002DE9F04780464FF000470026E7
:106BE800DFF8C490DFF8C4A03D46314C4C4530D99D
:106BF80030494FF48973304A30481BF047FA30481F
:106C08001BF044FA4FF489712B481BF036FA2F46D3
:106C1800EAE7B8F1000F03D122694AB91834E5E769
:106C28000022414620681CF0CDF90028F4D1F5E790
:106C38006368BB4205DDAF4209D09D42A8BF1D462F
:106C4800ECE7EBD19047002E08BF0646E6E71D4665
:106C5800E4E7DED3DAF8004004B3183CB8F1000FDB
:106C680003D122694AB9A469F6E70022414620689F
:106C78001CF0A8F90028F4D1F5E76368BB4205DDEC
:106C8800BD4209D09D42A8BF1D46ECE7EBD1904715
:106C9800002E08BF0646E6E71D46E4E7AF42B6D138
:106CA8003046BDE8F08700BF44820200142100206E
:106CB800B4810200E9A60200B7A60200DE93020032
:106CC80086A402004FF0FF324FF0FF33014811F065
:106CD800A5BB00BFDC0B0020014811F06FBC00BF52
:106CE800DC0B002038B5094DFFF7ECFF2B783BB9DA
:106CF800FFF7B4FE00F06AF8044610B901232B70C0
:106D08000024FFF7E9FF204638BD00BF28550020C2
:106D18002DE9F04706468946048FDFF8ACA0013418
:106D280098B0A4B200F10807651EADB2B5F5004FE2
:106D380047D04A23294605AA38461BF0C9FD04F561
:106D48007F543F34A4B280462146012338460DF1D2
:106D58000B021BF0BDFDB8F1000F014610DC002846
:106D680010DC338FAB4209D132466B1E22F8383F14
:106D78004FF4004102233846FEF766FA2C46D3E763
:106D8800002808DC294638461BF09EFD2146384677
:106D98001BF09AFDE5E708F160030DEB03080023FB
:106DA800524608F84C3C05A8CDF8009003AB039771
:106DB800ADF81040FFF7BCFE0028DFD018B0BDE8E2
:106DC800F0870020FAE700BF3D3002007FB50123BD
:106DD800694603200193FFF791FD044660BB032039
:106DE80002AA01A91CF0CEF8044610B110F10C0F4C
:106DF80022D10399B1F5803F23D200231846009A87
:106E08009468084484421AD30133082BF9D10E4DF3
:106E180069612B8353682846AB60D368EB631CF029
:106E2800A1F9044640B9094E28466E60FFF7C4FD33
:106E380028466E60FFF7CEFD204604B070BD9BB2B9
:106E4800E5E76FF02004F7E71C210020AC060020DE
:106E580008B505481BF004F904481BF001F904487B
:106E68001BF0FEF8002008BD36A702006AA7020042
:106E78009DA70200034B9B681BB1481E18BF012049
:106E8800184770475C21002010B51C46034B11467B
:106E98001B680BB122469847204610BD5C21002094
:106EA800024B5B6803B11847704700BF5C210020A4
:106EB80030B1044B02681A6042685A6082689A606E
:106EC800002070475C21002070B50E461546044628
:106ED80086B000211822684620F059FD0B490C4B5A
:106EE800CDE90116ADF80C5004932CB9694620463B
:106EF80009F004FA06B070BD0122204608F024FF0C
:106F08000028F3D16FF01500F4E700BF588902009C
:106F1800A96E0000014816F0D7BC00BFA88902007E
:106F280038B5044618B90F4B0F485B689847616835
:106F3800B1F5683F10D0B1F5680F0DD00B4DA942DF
:106F48000AD011F46861206807D00146084811F09A
:106F580085F900232360656038BD142220F017FDF1
:106F6800F9E700BF040A002027A802002C5F5CA9EB
:106F78006826002008B560B34368B3F5683F0ED0B3
:106F8800B3F5680F18D0144A934220D000684FF028
:106F9800FF324FF0FF3311F041FA58B115E00122EA
:106FA8000368D3E8EF1F002903D1C3E8E02F0028C6
:106FB800F7D10AD1002008BD0368084A1B7803F5F9
:106FC800807352F82330002BF4D00548F3E70548C6
:106FD800F1E76FF4E040EEE72C5F5CA90000035096
:106FE800E98FFFFFEA8FFFFF08B520B34368B3F5C9
:106FF800683F09D0B3F5680F13D0114A93421DD0EA
:10700800006811F0DBFA14E000220368D3E8EF1FF0
:10701800012903D1C3E8E02F0028F7D109D0094896
:1070280008BD00210368084A1B7803F5807342F8FD
:1070380023100020F4E76FF4E040F1E70348EFE79E
:107048002C5F5CA9E98FFFFF00000350EA8FFFFF68
:1070580010B5044618B91D4B1D485B68984763680E
:10706800B3F5683F2FD0B3F5680F2CD0194A934277
:1070780019D1236803BB4FF0FF324FF0FF3321468D
:10708800154811F05FF808B923681BB90F4B13486E
:107098005B68984714220021206820F078FC4FF4A0
:1070A8006863636008E0B3F5683F0DD83A2B03D0F6
:1070B80040F6BA629342DED120681FF0E1FB6368B4
:1070C80043F03A03636010BD054AF3E7040A002061
:1070D80027A802002C5F5CA9682600204DA80200A2
:1070E8003A00003A08B506494023142205481FF023
:1070F800B0FBBDE808400449044816F0A9BC00BF2D
:107108006821002068260020B0890200C489020096
:1071180008B50348034A0021121A1CF059F808BDA3
:10712800580E002084580020074808B5074A084927
:10713800121A1CF04FF8BDE808400648064A0749ED
:10714800121A1CF047B800BFC0040020580E0020D7
:10715800F0020300B8040020C0040020E802030085
:107168002DE9F04706460C4600AF002936D0D1E994
:107178000012E9468AB06D46A3684FF0050AA84692
:107188001F48C5E90723C5E9050148F810AF0023E2
:1071980042464FF421511B48FFF7BCF8D4E90312CB
:1071A800CD466369AD461848C5E90723C5E9050119
:1071B800C5F810A0002342464FF421511148FFF7AB
:1071C800A9F8CD46E3690121104A0E481BF010FECC
:1071D800A36901210E4A0B481BF00AFE012E07D1B4
:1071E800EFF305830B4A31460648103B1BF000FEBF
:1071F8002146304610F01AFDBD46BDE8F08700BFB5
:107208007AA802006C810200A9A80200D8A802008E
:10721800E7A8020015A9020030BFFFF7FDBF00BFB5
:107228002DE9F04105460B4EDFF82C80324606EB7F
:107238000807CC1B2046094920F082FBA0194246CA
:107248000021083C20F0A3FB6C6707F10800BDE8AB
:10725800F08100BF00000000080000004482020026
:10726800054B5A699B689A421FBF044A536843F00A
:1072780080535360704700BFAC2B002000ED00E046
:1072880070B5344C06460D46334834491BF0AFFF01
:10729800A36AD9064DD5304831491BF0A8FF112003
:1072A800A36A1A0704D52C482E491BF0A0FF122008
:1072B800284CA36A9B0712D52B4927481BF097FF38
:1072C800636BA26A110609D50121284A22481BF0DE
:1072D8008FFD1EB1A36A23F08003A36213201D4C07
:1072E800A36ADA0704D51C4821491BF080FF142043
:1072F800A36A9B0604D518481E491BF078FF152081
:10730800144B9A6AD60602D49A6A940713D59B6AD4
:10731800D90610D5184940F22D13184A18481AF002
:10732800B5FE18481AF0B2FE40F22D1113481AF0B3
:10733800A4FE1020B4E7074B9A6A920642BF5A6A25
:1073480022F400525A629A6A42F0FF029A620023BB
:107358002B7070BD00ED00E06C81020028A90200CE
:107368003EA9020071A9020084A902009CA902009A
:10737800B2A90200D1A9020032AA020000AA0200A2
:10738800DE9302007CAA020010B5244C244925484B
:107398001BF02DFFA36A99013ED5224822491BF014
:1073A80026FF1E20A36ADA0104D51E481F491BF0D8
:1073B8001EFF1F20194CA36ADB0204D519481C497B
:1073C8001BF015FF0220A36A1C0304D515481949B0
:1073D8001BF00DFF2120114CA36A590304D5114855
:1073E80015491BF004FF2220A36A9A0304D50D480F
:1073F80012491BF0FCFE2320084CA36ADB0304D5CA
:1074080008480F491BF0F3FE2420A36A6FEA0343E0
:107418006FEA1343A36210BD1D20C3E700ED00E02F
:10742800E0AA02006C810200F8AA02000BAB02007D
:1074380025AB02004FAB02006DAB020092AB02001D
:10744800ACAB020070B5294C06460D4628482949C0
:107458001BF0CDFEA36AD9043CD5254826491BF06C
:10746800C6FE1720A36A1A0504D5214823491BF034
:10747800BEFE18201D4CA36A9B0512D51C48204946
:107488001BF0B5FEA36BA26A100409D501211D4AA1
:1074980017481BF0ADFC1EB1A36A23F40043A36296
:1074A8001920124CA36A590504D5114816491BF036
:1074B8009EFE1A20A36ADA050ED50D4813491BF063
:1074C80096FE1B20094A936A43F47F439362002384
:1074D8002B7070BD1620C5E7A36A9B04F2D504483B
:1074E8000B491BF084FE1C20ECE700BF00ED00E018
:1074F8006C810200D7AB0200EDAB020071A902005B
:10750800FEAB020017AC02002CAC020047AC020034
:10751800D1A90200F0B58BB0784B04465868002614
:1075280000AFC0F3080386F31188BFF36F8F02F032
:107538007F45B5F17F4F07D102F00C05082D12D118
:107548006F4970481BF053FE6F4940F214436F4A6D
:107558006F481AF09BFD6F481AF098FD40F21441ED
:107568006A481AF08AFD15074CBF0C460126002C04
:10757800EAD00022FA71DA1E092A00F29D80DFE8BB
:1075880002F0059396769B9B9B9B9B9962495D486D
:107598001BF02DFE0023594DFB71EB6A9A0705D5A8
:1075A8005E4958481BF023FE002329E0EB6A002BB4
:1075B80001DA5B49F5E7EB6A5B0068D55949514840
:1075C8001BF015FE6B69A26943F480736B61BFF30E
:1075D8004F8FBFF36F8F6B6932F8022C23F48073DF
:1075E8006B61BFF34F8FBFF36F8F4DF602739A42F3
:1075F80027D1236801214C4A42481BF0F9FB236834
:10760800FA79DAB907F1080504F1200C2A4620684E
:107618006168083403C264451546F7D17A6A002EBA
:1076280066D0C2F3080121B96FEA52226FEA4222FA
:107638007A62184607F10801FFF792FD2C37BD461C
:10764800F0BDAB6ADBB22BB10120F91DFFF718FEC4
:107658000346D5E7AB6A13F47F4F04D00120F91D28
:10766800FFF7F0FEF4E7AB6AB3F5803F02D3FFF70C
:107678008BFEEDE72D4940F2ED23244A24481AF009
:1076880005FD2B481AF002FD40F2ED2168E7274975
:107698004FF43C731D4A1E481AF0F8FC25481AF0AE
:1076A800F5FC4FF43C715BE70020F91DCEE70020A4
:1076B800F91DD5E7204974E7204A6D4610F4F87F94
:1076C8008AB01F4918BF11466A46103BD3614FF470
:1076D80000731C4813841C4BC2E9050142F8103F93
:1076E80000234FF411510748FEF714FEAD465BE73F
:1076F80022F4FF7222F001029AE700BF00ED00E0D9
:107708008DAC02006C810200B8AC020000AA020035
:10771800DE930200CBAC020009AD020020AD0200EE
:1077280041AD02004FAD02006EAD0200D1F502007E
:107738008AAD0200AEAD0200DEAD020074AC0200FC
:107748005FAC020002AE020004000001064B5A6959
:1077580042F010025A615A6942F480625A615A69C9
:1077680022F008025A61704700ED00E0EFF308804C
:10777800EFF3098101B57246FFF7CCFE01BD00BFEA
:10778800002080F31488BFF36F8F002080F30A88ED
:1077980080F30B880F4880F308880DF077FD0020F0
:1077A8000D490860BFF34F8F00F02CF8202080F3BC
:1077B80011880A484FF40061401880F30988EFF3F4
:1077C80014800221084380F31488BFF36F8F00F000
:1077D80007F90000E8A0012094ED00E0A877012057
:1077E800002318460649D1F89020C2F30722934295
:1077F80000DB7047C1F89830C1F8A0000133F6E704
:1078080000ED00E010B572B6002484F31388FFF78A
:10781800E7FF23464FF0FF300C4A03F12001013304
:10782800102B42F82100F8D100234FF0FF30074A0F
:1078380003F160010133102B42F82100F8D162B640
:10784800BFF34F8FBFF36F8F10BD00BF00E100E0A3
:10785800084B9B6883420BD1EFF3058343B1064B7A
:107868005A6842F080525A605A6A22F400425A62B8
:1078780013F068B9AC2B002000ED00E014498A68C9
:107888004FF030001044EFF3098C80E8F01F2020FF
:1078980080F31288BFF36F8F0E4F4FF000664A696E
:1078A8008A603E60506F0C4C2060906F0023936795
:1078B80080F3118802F1300090E8F01F8CF30988FA
:1078C80002F1000004B51BF09AFCBDE804407047C3
:1078D800AC2B002004ED00E0882600201EF0040FE9
:1078E8000CBFEFF30880EFF30980816911F8021CDF
:1078F8000229FFD001B572461BF06EFC01BD00BF26
:1079080040B2002807DB01234109034A00F01F00A9
:10791800834042F82130704700E100E040B200287F
:107928000CDB01220649430900F01F008240203386
:1079380041F82320BFF34F8FBFF36F8F704700BF0D
:1079480000E100E0054B420953F82220012300F032
:107958001F0003FA00F01040704700BF00E100E08C
:1079680038B54B1C072B04460D460FD96B23104A1C
:10797800104911481AF08AFB294610480723224665
:107988001AF084FB6B210A481AF077FB40B20028F2
:10799800ACBF00F160400A4A4FEA4313DBB2ABBF09
:1079A80000F5614000F00F0080F80033135438BD33
:1079B80015AE02004CAE0200DE93020067AE020074
:1079C80014ED00E0044B054A23F07F039360BFF3F6
:1079D8004F8FBFF36F8F70470000000000ED00E08D
:1079E80008B5FFF7EFFF074AD2F8883023F4700391
:1079F800C2F88830FFF78CFBFFF796FB00F046F8DB
:107A080010F072FA00ED00E042F8203C009B0B49B0
:107A180042F81C3C019B21F0010142F8183C029BF2
:107A280042F8081C42F8143C4FF0807342F8043CBA
:107A38000023203A02658367704700BF01420000B7
:107A480000B50D4B15469860426F0C4B0E461A60F8
:107A5800436E83F30B882C4686F309880020044B79
:107A680098472046002100220023024C20470000AE
:107A78001532020001420000AC2B002088260020AD
:107A88001022014B1A61704700ED00E0002320210D
:107A98000348C2180133452B82F80013F9D1704707
:107AA80000E100E008B5EFF30583064A103B02EB5E
:107AB800C30152F8330049688847BDE80840FFF71A
:107AC800CFBB00BFE47C02001FB5094C094A23461E
:107AD8000121094800F012F900230393074B012103
:107AE800E41A01A80193029400F02CF904B010BD27
:107AF8000000072000000020D4890200580E002052
:107B080010B50C7A0B6804F01F0223F01F031A4308
:107B1800CB68640923F01F03054943EA440343F093
:107B28000103C1F89800C1F89C20C1F8A03010BD2D
:107B380000ED00E010B50A4BD3F89030C3F30723EB
:107B4800013B984208D901210346064A06481BF022
:107B58004FF96FF0150010BDFFF7D2FFFBE700BF2C
:107B680000ED00E0ABAE0200548102002DE9F04FB9
:107B78008946144606464FF00008514D85B0C84561
:107B880027DAD6F804A0BAF1000F44D0BAF11F0FD3
:107B980017D91AF01F0F14D1D6F800B01BF01F0F19
:107BA8000FD158461BF06EFB07460AEB0B00013855
:107BB8001BF068FB874210D06FF01507414A3B461F
:107BC80001E04346404A012140481BF011F96FF09B
:107BD8001504204605B0BDE8F08F17F1160FEDD05B
:107BE800BC42EBDDC5F89870D5F89C10C5F89870C4
:107BF800D5F8A03021F01F0143F01F0BD6E9003261
:107C08001A44994202F1FF3A1DD1D34507D13146B2
:107C1800F8B21BF040FB08F101080C36AFE731461B
:107C2800C5F89870D5F89C3022F01F0203F01F03A6
:107C38001343C5F89C30E0B21BF02DFB10F1160F72
:107C4800C5D0441CE7E7C5F89870D5F8A020013BDB
:107C580023F01F0302F01F021343D3453146E0B25D
:107C6800C5F8A030E8D01BF016FB10F1160FAED007
:107C7800C5F89870D5F89C209DF808300BF1FF3BAB
:107C880062F304038DF80830D5F8A0309DF8082079
:107C98005B0863F347128DF80820D6E900321344D5
:107CA800009323F01F035B44A3EB0A03013023F086
:107CB8001F036946C0B20393FFF73CFFBEE700BF4E
:107CC80000ED00E0F4AE0200D1AE020054810200E3
:107CD8000522044BC3F89420BFF34F8FBFF36F8F77
:107CE800704700BF00ED00E0BFF35F8F0022024B3A
:107CF800C3F89420704700BF00ED00E038B50C4D84
:107D08000C462A78FFF732FF287016300FD14FF44F
:107D1800C473084A084909481AF0B8F921460848BE
:107D28001AF0B4F94FF4C47102481AF0A6F938BD34
:107D38002955002017AF0200D1F50200DE9302009A
:107D480046AF02002DE9F74F314E894605464FF000
:107D58000008B3462F4FC84502DB03B0BDE8F08FDB
:107D6800D5F804A0BAF1000F4CD029680846019153
:107D78001BF088FA019904460AEB010001381BF050
:107D880081FA84424FF01402234B15D002FB08F30A
:107D98006FF015024BF803204FF4CC731F4A2049AB
:107DA80020481AF073F949461F481AF06FF94FF442
:107DB800CC711A481AF061F914F1160F3460EBD03F
:107DC8001978A142E8DD02FB08B0C7F89840C7F867
:107DD8009840D7F89C4000F10801007B64F3040048
:107DE8000871D7F8A0000C79400860F347140C71AB
:107DF800D7F89C1021F01F017160D7F8A01021F06E
:107E08001F01316108F1010814360C35A3E700BFE2
:107E18008C26002000ED00E02955002017AF020055
:107E2800D1F50200DE93020072AF02002DE9F041A5
:107E3800694C6A4ED4F890303568C3F307239D42E5
:107E480086B013D940F20123654A664966481AF09C
:107E58001DF9D4F8902029466448C2F307221AF085
:107E680015F940F201215E481AF007F90020FFF7E2
:107E78003BFF5F4BC4F8C03085421BD15D4C01A865
:107E88002570FEF735FD002506464FF002085A4FCB
:107E9800AE4216D1002023784F49D1F89020C2F382
:107EA80007229342C0F292800020FFF711FF06B02C
:107EB800BDE8F081716801EB0011FFF721FE013088
:107EC800DAE7019A290102EB0513D3F80CC00CEA92
:107ED8000700B0F5800F47D007D8B0F5801F17D03E
:107EE800B0F5001F23D00135D2E7B0F1006F5CD0A8
:107EF800B0F1805FF7D158689B685258013B20F079
:107F08001F010B44CDE9020223F01F0301220BE0FD
:107F1800586852589B68CDE902022122013B20F0A3
:107F28001F010B4423F01F038DF8102029E0586827
:107F380052589B68CDE902024122013B20F01F0103
:107F48000B4423F01F031CF0010F8DF8102005933C
:107F580018D02A498323224A23481AF097F8284838
:107F68001AF094F883217EE7586852589B6820F0ED
:107F78001F01013BCDE902020B4423F01F038DF8DA
:107F880010800593207802A9FFF7D4FD002819DA9C
:107F9800144940F22B23124A13481AF077F819486B
:107FA8001AF074F840F22B215DE758689B68525824
:107FB800013B20F01F010B44CDE9020223F01F030F
:107FC8006122B1E72378013323708CE7C1F8983038
:107FD800C1F8A000013360E700ED00E0E08902008D
:107FE80017AF0200D1F50200DE930200A1AF020034
:107FF800AAFF4400295500200000F0FFD5AF020079
:10800800FBAF02002AB00200F0B587B007460E4663
:1080180014460021102268461D461FF0B8FC0223B2
:108028008DF80230054B2A4621466846CDE904768C
:10803800019318F001FA07B0F0BD00BFD132020079
:1080480008B5024818F046F9FEE700BF63B0020021
:1080580008B5024B1B689847002008BDA0260020E1
:10806800034B044A1860937843F0020393707047F7
:10807800A02600202807002008B50649064821F058
:108088000701C1F1005202F5E022FBF7B7FD00201D
:1080980008BD00BF43EF0120A426002008B54FF01B
:1080A800FF324FF0FF33074810F0B8F948B10649DE
:1080B80006488D23064A19F0E9FF8D21044819F076
:1080C800DCFF08BD38070020A2B00200DE930200E2
:1080D80068B00200014810F071BA00BF38070020EC
:1080E80038B50546FFF7DAFF2A4608210748FBF7A7
:1080F800EDFC044628B925B11FF0EEFC0C22044B18
:108108001A50FFF7E7FF204638BD00BFA42600201D
:108118000C00000010B50446FFF7C0FF21460348D5
:10812800FBF786FCBDE81040FFF7D4BFA42600206B
:1081380070B541690446867A0A4D59B1437ADB071E
:1081480006D4342303FB0653DB6A1B689B689847F5
:10815800002363613420214606FB0050BDE87040CF
:108168001EF0B9BBB80C00203422024B02FB0030D1
:10817800704700BFB80C00203421827A064B01FBFF
:1081880002331A6B93F82430801A1B3323F003034D
:10819800B0FBF3F0704700BFB80C002038B53424AA
:1081A800827A064B04FB0233DB6AD3E901240C60B4
:1081B8001568FFF7E1FF04FB005038BDB80C00203C
:1081C80008B543684BB1074907485A23074A19F0CD
:1081D8005DFF5A21054819F050FF03824369C360C7
:1081E80008BD00BFD5B00200DE930200B0B00200A7
:1081F8002DE9FF470546684617461C4603911EF0C1
:1082080066FCDDE9008955B95D4940F201135D4A14
:108218005D4819F03BFF40F201115A4818E005F19A
:108228001C06EFF3118A202383F31288BFF36F8FA4
:10823800304612F001FF68B98823544A544952481D
:1082480019F024FF3146534819F020FF88214F4880
:1082580019F013FF304612F013FF6B8C002B5CD023
:108268002A8C9A4239D900220023284610F05EFB56
:108278000446002831D0304612F0ECFE68B94FF4BD
:108288009A73424A4449404819F000FF314643482E
:1082980019F0FCFE4FF49A71D9E78AF31188BFF3FD
:1082A8006F8F039D002D5BD042464B4668461EF0FB
:1082B80033FC3421A27A3A4B204601FB0233DB6AB5
:1082C80003A91B681E68DDE90023B0476061002828
:1082D80039D12046FFF72CFF30E06C8C3046631E06
:1082E8006B8412F0B7FE0028C9D08AF31188BFF357
:1082F8006F8F95F824302A8C1B33121B2C6B23F0BC
:10830800030302FB0344264B264AEB1A9B105343F4
:10831800A37295F82430E372C3E7304612F09AFE50
:108328000028ACD08AF31188BFF36F8F23463A46F2
:10833800284610F0FBFA04460028B2D10024204653
:1083480004B0BDE8F087039B9D420AD916494FF453
:10835800AB730C4A0C4819F099FE4FF4AB715CE70B
:108368006561012300212381039BE27A61606382B6
:1083780004F118001FF00BFB2046FFF721FFDEE792
:1083880079D00200B0B00200DE930200BEA0020065
:10839800EBA0020000A1020016A102002DA102001C
:1083A800B80C0020C54EECC4EFB0020070B50C4606
:1083B800054658B9284940F29D13284A284819F01B
:1083C80065FE40F29D11254819F057FE49B9254927
:1083D8004FF4CF73214A224819F058FE4FF4CF7159
:1083E800F1E7EFF31186202383F31288BFF36F8F31
:1083F8001D4812F021FE60B988231C4A1C49184800
:1084080019F044FE18491B4819F040FE8821174806
:10841800DAE7154812F034FE002323606B689BB935
:10842800C5E90044104812F015FE80B94FF49A735C
:108438000E4A11490A4819F029FE0B490F4819F04C
:1084480025FE4FF49A71E2E71C606C60EAE786F358
:108458001188BFF36F8F70BD85C10200B0B00200F4
:10846800DE93020088B80200B0260020BEA00200F9
:10847800EBA0020000A1020016A102002DA102003B
:1084880070B5044658B9234923484FF4D573234A95
:1084980019F0FCFD4FF4D571204819F0EEFDEFF30B
:1084A8001186202383F31288BFF36F8F1C4812F0C4
:1084B800C3FD60B988231B4A1B49174819F0E6FD1C
:1084C80017491A4819F0E2FD88211648E5E71448CB
:1084D80012F0D6FD25682DB162682B68954223609D
:1084E80008BF63600E4812F0B5FD68B94FF49A737F
:1084F8000C4A0F49084819F0C9FD09490D4819F0F7
:10850800C5FD4FF49A71E0E786F31188BFF36F8FCA
:10851800284670BD85C10200DE930200B0B002009B
:10852800B0260020BEA00200EBA0020000A10200BD
:1085380016A102002DA10200F8B5054698B134270E
:10854800184E2C46237A6D68CBB940F2C113164AEF
:108558001649174819F09AFD2146164819F096FD54
:1085680040F2C11108E0144940F2BB130E4A10480A
:1085780019F08CFD40F2BB110B4819F07EFD013B50
:10858800DBB2237253B9E3606360A37A204607FB2A
:1085980003639B6A1BB19847002DD2D1F8BDFFF742
:1085A800C7FDF9E7B80C0020B0B0020000B1020026
:1085B800DE93020009B1020088B8020008B558B974
:1085C800074908484FF4F373074A19F05FFD4FF461
:1085D800F371054819F051FD027A0132027208BDA3
:1085E80088B80200DE930200B0B0020008B5034666
:1085F80058B90849084840F23123084A19F046FD9D
:1086080040F23121054819F038FD18465B68002B07
:10861800FBD108BD88B80200DE930200B0B00200AA
:1086280070B50D46044658B90F494FF40F730F4AF9
:108638000F4819F02BFD4FF40F710C4819F01DFD70
:1086480049B90C4940F23D23084A094819F01EFD72
:1086580040F23D21F1E746681EB10846FFF7C6FF24
:108668004660656070BD00BF54B50200B0B002003E
:10867800DE9302001EB1020038B505460C4659B912
:108688000C490D484FF412730C4A19F0FFFC4FF4D3
:1086980012710A4819F0F1FC20B9BDE838400846C3
:1086A800FFF78CBFFFF7A2FF2146FFF7B9FF284667
:1086B80038BD00BF1EB10200DE930200B0B0020058
:1086C80008B548B90B492B230B4A0C4819F0DEFCB6
:1086D8002B21094819F0D1FC83883BB108492C2388
:1086E800054A064819F0D2FC2C21F2E783680B44AE
:1086F800036008BD88B802002BB10200DE930200B7
:1087080057B1020008B5034600689A68821A914278
:108718000BD90949094840F25513094A19F0B6FC22
:1087280040F25511064819F0A8FC9A88401A1144DD
:108738001860998008BD00BF76B10200DE93020080
:108748002BB1020008B5828803468A420BD2094938
:10875800094840F2C313094A19F098FC40F2C311C2
:10876800064819F08AFC521A82800068084418608A
:1087780008BD00BF66B10200DE9302002BB1020003
:1087880008B503469A8800688A420BD20849094806
:1087980040F2CF13084A19F079FC40F2CF1106488D
:1087A80019F06BFC521A01449A80196008BD00BF89
:1087B80066B10200DE9302002BB10200F8B585888D
:1087C80003680E4604465F191AF0B0FDB04209D29C
:1087D800064907483E23074A19F058FC3E21054838
:1087E80019F04BFC3544A5803846F8BD9AB1020013
:1087F800DE9302002BB10200054B03EB8000D0F89A
:10880800003223F0E04343F04053C0F80032704791
:1088180000258450052370B5144D154E2C7801346D
:10882800B4FBF3F303EB8303E41A1DF06CF8114A6D
:10883800137823B156F82430C01A072814D94FF0FA
:108848005023D3F8141141B10021C3F81411D3F8FF
:1088580014312C700CB9012313702C781DF053F8C7
:1088680046F82400012070BD0020FCE72B550020AD
:10887800B42600202A550020012208B5114B1249C0
:10888800C3F8002502230020C1F8D036FFF7B4FF53
:108898001046FFF7B1FFC1F80427C1F80429C1F851
:1088A800002B00F0DDF858B10849094840F231239F
:1088B800084A19F0EBFB40F23121064819F0DDFBBC
:1088C80008BD00BF00100050004000508FDA0200C1
:1088D800DE930200CDB1020007B50022134B144904
:1088E800C3F8A821C3F8AC204FF48062C3F8B825B8
:1088F8004FF400620F48C3F83C250DF107021DF044
:1089080070F800280BDA0C490C4840F23B230C4A5B
:1089180019F0BCFB40F23B21094819F0AEFB9DF869
:1089280007000CF0BBFD03B05DF804FB00A002508B
:108938002CA0025028A102508FDA0200DE93020018
:10894800CDB1020048B1054B054A1B68B3FBF2F3F1
:108958005843044B43F0010318477047A809002007
:1089680040420F0030830200F8B500214FF0FF3578
:108978004FF6FF77184C194EDFF864C0000714F85B
:10898800013B5A090DD0012A1DD0164916484FF44B
:108998007473164A19F07AFB4FF47471134819F07E
:1089A8006CFB25FA03F2D207EFD5324602EB8303BC
:1089B800D3F80022013122F0E04202430429C3F82F
:1089C8000022DCD1F8BD03F01F0327FA03F2D20717
:1089D800DBD56246EAE700BF96B202000025845064
:1089E800002884502EB20200DE930200FBB1020080
:1089F8002DE9F041064601200D46FFF7B5FF4FF47B
:108A08007F03D3F83021D3F83431072A20D1023B31
:108A1800032B02D8114AD35CD3B14FF050244FF046
:108A2800010800270520C4F81886C4F814761CF03D
:108A3800A3FF4046C4F814861CF09EFFC4F81476C1
:108A4800C4F8187630462B46BDE8F0410021184797
:108A58004FF050230022C3F81426F3E792B2020025
:108A68000149024819F0DFBC188A0200C826002014
:108A78001FB518B3002301930393012369461248D5
:108A88000293FCF79DF8002809DA10495A23104A86
:108A9800104819F0FBFA5A210D4819F0EEFA029B1A
:108AA8009B0707D009496223094A0A4819F0EEFAD8
:108AB8006221F1E7039B05B05DF804FB0248FCF76F
:108AC80017F90028F7DAEDE7C826002089B2020076
:108AD80051B20200DE93020008B54FF0FF323F2387
:108AE8000348C0E900230CF0B3FC002008BD00BF18
:108AF800E8260020F7B506460D461446194F3846B5
:108B08001DF070FE50B3AAB2BB681B6863B9164962
:108B18005D23164A164819F0B9FA164819F0B6FA3C
:108B28005D21124819F0A9FA3146384698470028BD
:108B380002DB002003B0F0BD002CFBD1AC42F8D220
:108B48002F1B042F28BF04271CF0DDFE3A46019096
:108B580001A930191EF0F4FE3C44EFE76FF0120053
:108B6800E8E700BF207C0200CEB202009AB2020001
:108B7800DE930200EEB202000E4B402928BF4021CE
:108B880070B51D460C4C4618B04203F1020304D1DF
:108B9800002305F81130074870BD02781209A25C5D
:108BA80003F8022C10F8012B02F00F02A25C03F864
:108BB800012CE9E74A5500202EB3020030B50378AE
:108BC8008BB0044607AD032B21D8DFE803F0021A67
:108BD8001C1E12492846F8F7A7F9059563781E2147
:108BE8000493A3780E4A0393E3780E4802932379FB
:108BF800019363790093A37917F08CFB09480BB0B4
:108C080030BD0949E6E70949E4E70949E2E70A21ED
:108C18002846084A17F07EFBDFE700BF0D940200E4
:108C28002F9402002C550020149402001B9402007B
:108C380025940200B9DB02002DE9F34104461746EA
:108C480098461F4DD5E8AF3FDA071DD538B9012141
:108C58001C4A1D481AF0C3F86FF0010015E001A97D
:108C68001AF0D4F91949024620461EF0A8FE002839
:108C7800F2D1D5E8AF3FC3F3C0061B0708D50221E0
:108C8800134A11481AF0ABF8002002B0BDE8F08191
:108C9800A5F1D404072221464046B84706280AD839
:108CA80001210C4A08481AF09AF845F8D46CE67184
:108CB800C4F80360E8E70723B0FBF3F0E071E3E7EB
:108CC8009405002046B30200EC80020022940200C2
:108CD80067B302008BB302002DE9F04188B0DDF8DC
:108CE80038809C795D791E79DF7893F802C093F813
:108CF80001E01B78B8F1000F0ED0CDE90638CDE9B8
:108D080004CE1346CDE90267CDE90045084A17F0BD
:108D180001FB08B0BDE8F081CDE905E3CDE9037CAE
:108D28001346CDE90156034A009417F0F3FAF0E729
:108D3800B0B30200D4B3020010B5FDF7D3FF044668
:108D480028B101210346034A03481AF051F8204686
:108D580010BD00BFF5B30200EC80020070B50446F8
:108D68001E4615468CB0A2B129B10A4602A80421B4
:108D780019F09EFA02A900912B462246242103A845
:108D8800FFF7AAFF3146109A03A8FDF7F7FD0CB0CC
:108D980070BD03462421044A03A817F0BBFA002833
:108DA800F0DA6FF01500F2E71AB4020007B50B4BC2
:108DB8000B48DA79C2EBC202009200221146FFF793
:108DC800CDFF034638B10121064A074803B05DF8D4
:108DD80004EB1AF00DB803B05DF804FBC0040020E2
:108DE8002294020020B40200EC80020030B5044650
:108DF80015468DB092B129B10A4602A8042119F08E
:108E080057FA02A900912B462246242103A8FFF70E
:108E180063FF03A81AF0D2F80DB030BD0346242131
:108E2800044A03A817F076FA0028F2DA6FF0150062
:108E3800F2E700BF1AB4020007B5009313460A46CA
:108E480001460348FFF78AFF03B05DF804FB00BF43
:108E5800ADD802000A4601460148FFF7C7BF00BF68
:108E6800ADD8020007B5009313460A4601460348E9
:108E7800FFF774FF03B05DF804FB00BFA7D802003A
:108E880007B5009313460A4601460348FFF766FFF5
:108E980003B05DF804FB00BF14D7020007B5002239
:108EA8000346009103481146FFF758FF03B05DF8E9
:108EB80004FB00BF9FD8020008B5024810F0E2F991
:108EC800002008BDDC070020F8B5194DD5E8AF3FF4
:108ED80013F0010F2E4628D015F8CD3CA5F1D40784
:108EE8008BB902F07BF8044630B10121114A1248CF
:108EF80019F075FF2046F8BDFB7923B902F07EF81A
:108F080004460028F1D1D5E8AF3F5A0701D400F054
:108F1800ABFFD6E8EF3F23F40062C6E8E12F002953
:108F2800F7D11B0501D5FFF7C7FF0024E2E700BF13
:108F3800940500203BB40200EC80020007B50093C2
:108F480013460A4601460348FFF708FF03B05DF8D9
:108F580004FB00BFDDDE02000A4601460148FFF7B8
:108F680045BF00BFDDDE020030B500240A4D0B4BC3
:108F780087B028460393CDE9044410F017FA03ABF1
:108F8800284600934FF4E1620A23054910F028FAB5
:108F9800204607B030BD00BFE01700206EB40200C5
:108FA800886801200146014810F044BBE017002002
:108FB800014601481DF002BDE0170020037830B5D6
:108FC800012B13D0022B27D07BB90A46184B03F18B
:108FD800100453F8045BA34242F8045BF9D11B78F0
:108FE800137043884B731B0A8B7330BD0A46104BB2
:108FF80003F1100453F8045BA34242F8045BF9D16F
:109008001B7813704368C3F307224B731B0CCB7395
:109018001B0A8A730B74E8E700F1100350F8042B5D
:10902800984241F8042BF9D103780B70DDE700BFB3
:1090380077B4020070B504461DF0D0FC0A4D18B193
:10904800D5E8AF3F63B970BD11F0C0FAD5E8AF3FBE
:109058001BB9BDE8704011F02BBB20469847F8E7D4
:109068002046BDE870401847F026002038B5044671
:10907800022C1046194610D0082C16D0202C14D0DB
:109088001D497A231D4A1E4819F000F81D4818F09A
:10909800FDFF7A21194818F0F0FF1B481AF020F953
:1090A800054600BB0025284638BD02460B46174832
:1090B8001AF016F905460028F4D0082C1AD00CD856
:1090C800012C11D0042C15D011490D485223114AF6
:1090D80018F0DCFF52210F48DDE7102C01D0202CBE
:1090E800F2D1052400E00424214605F10C001AF011
:1090F80031F9D8E70224F7E7B7B4020088B40200D0
:10910800DE930200FCB40200880D0020B80C002099
:10911800D1F502001CB502000F2810B50CD80D2897
:109128000CD90A481AF0DCF8044618B104210C30AE
:109138001AF010F9204610BD1328F2D009B10448DE
:10914800F0E70220BDE81040FFF790BF240E002092
:10915800540D002038B50B6805460C464BB90E492E
:109168000E48FA230E4A18F091FFFA210C4818F01D
:1091780084FF4A68DA600B684A895A820868FFF7F0
:10918800DBF92046102200211EF001FC2846BDE82C
:1091980038401AF0BAB900BF4EB50200DE9302009B
:1091A80088B402002DE9F84305460C461F461646CA
:1091B8004AB92649D623264A264818F067FFD621F9
:1091C800234818F05AFF38B92349D723204A2148A1
:1091D80018F05CFFD721F3E701F10C0948461AF0B3
:1091E800A1F838B91D49DB23194A1A4818F04EFF6F
:1091F800DB21E5E720461AF0B0F9804638B1184976
:10920800DD23134A134818F041FFDD21D8E705F1A3
:109218000C0148461AF068F848461AF083F801230A
:1092280010FA86F068826B72314648462E82FFF744
:1092380089FAE36828467B60638AC4F80C807B81DE
:10924800A4F812803C60BDE8F88300BF6BF502000B
:1092580088B40200DE9302005BB5020060B502002C
:109268007DB50200C36802211B78024A02481AF041
:10927800B4B900BFA5B50200A480020070B5C668E5
:109288003378B6F8014083B90F21204603F050F92E
:10929800F378054650B90A4A118831B96FEA045083
:1092A8006FEA10501080074A137070BD03730121D4
:1092B80003F056F82846BDE8704002F0D3BF00BF5F
:1092C800703C0020CB55002070B5C3681D78BDB92F
:1092D800B3F801600F21304603F02AF9044638B983
:1092E8003346BDE870400121064A07481AF075B9AF
:1092F800294603F035F82046BDE8704002F0B2BFB9
:1093080070BD00BFCDB50200A480020010B5C368CF
:109318000121B3F80140204603F00AF938B9234681
:10932800BDE810400121044A04481AF056B9BDE8C6
:10933800104002F097BF00BFF3B50200A4800200FE
:1093480010B5C36801211C88204603F0F1F838B92C
:109358002346BDE810400121034A04481AF03DB9EC
:10936800BDE8104002F07EBFF3B50200A480020001
:10937800012110B50C30FFF703FABDE8104003785F
:109388000121024A02481AF028B900BF17B60200A4
:10939800A4800200014610B50848FFF707F80849FD
:1093A80008481DF00BFB031E06DABDE8104001213A
:1093B800054A06481AF011B910BD00BF0C06002076
:1093C800FC0700202019002039B60200A480020002
:1093D80010B5002486B003AB00934FF42C724FF005
:1093E800FF3305490548CDE9034405940FF0F8FF1C
:1093F800204606B010BD00BF906F012080180020E5
:1094080010B5084C0146062294F86F0003F038FDA9
:1094180038B994F86F000522BDE81040024903F0FE
:109428002FBD10BDC004002014B302000121024A60
:1094380002481AF0C5B800BF56B60200A480020060
:109448000B46B0B50D8A00AF04462946D868FFF729
:1094580093FB8AB06A46094BC2E90750C2E9053452
:1094680040F202439384064B4FF43251054842F8C8
:10947800103F1AF0B4F8BD46B0BD00BF70B6020088
:1094880005000001A480020070B5C5680121B5F887
:109498000160304603F04CF8044638B93346BDE85D
:1094A800704001210B4A0C481AF097B82B783BB949
:1094B800D5F80330C0F89930D5F80730C0F89D309A
:1094C800201D4FF480311AF07DF82046BDE8704029
:1094D80002F0C8BEF3B50200A480020037B5044606
:1094E800084602EBC3039A4202D16FF05E0010E017
:1094F800114611F8085BA54211D1038A51789942A7
:1095080009D908480121084A009419F07BFC6FF03A
:10951800150003B030BD536898470020F9E70A46A4
:10952800E1E700BFA480020092B602002DE9F843EB
:109538000C4611F04BF8E168238A0A78022A71D0A8
:10954800042A0BD0134601213B4A3C481AF045F83F
:109558002046FEF7F1FF6FF015040AE0022B0DD844
:10956800374A364801211AF038F82046FEF7E4FF5A
:10957800002411F09DF82046BDE8F88348783E287D
:109588000AD1032B01D12F4AEBE7CB78012B01D06D
:109598000A2B47D1032604E01AF000F80646F00724
:1095A8003ED504F10C05284619F0BCFE01210746FA
:1095B8002846B4F81090FFF7C5F802212846FFF7AF
:1095C800DFF8804600783E2816D1E3681B78012B27
:1095D8002CD00A2B2AD0022541F27B131A4A1B49A8
:1095E8001B4818F053FD002383F31188BFF36F8FD6
:1095F8000323184602DF04E019F0D0FFC10705462F
:10960800EAD5144A0623214698F800001AF01EF8F5
:10961800AA070DD56369A4F8109013FA87F7E760D5
:10962800B307A5D52046FFF7B5FEA1E70325E8E770
:109638002046FEF781FFF3E73DB70200A480020051
:10964800B4B60200D0B60200F0B6020024B7020099
:10965800DE930200B08A020010B5012104460C30E6
:10966800FFF78EF82146BDE810400223014A007832
:1096780019F0ECBFE08A020073B53E48FEF700FF20
:109688000446002873D000F10C05284619F03AFE6C
:109698000228034603D0042847D0374A03E0238A28
:1096A800032B05D8354A0121354819F096FF13E0F8
:1096B80004212846FFF764F8FF23428806882376AA
:1096C800238AC6F30B009A42608309D001210092D5
:1096D8002B482C4A19F096FB2046FEF72DFF12E086
:1096E8000F2102F025FF054610B9638B264ADAE7F9
:1096F80002F044FF21462076320B284602F010FD86
:10970800284602F0AFFD214BD3F84C317BB32049FA
:1097180020481DF053F9031E29DA01211E4A184872
:1097280002B0BDE8704019F058BF28460221FFF783
:1097380027F8054600783E2812D019F02FFF10F0C0
:1097480002060DD140F6B243144A1549154818F0DF
:109758009DFC86F31188BFF36F8F0323184602DF41
:1097680006232146104A287819F070FFB4E702B0A2
:1097780070BD00BF0C060020E6B7020051B702001A
:10978800A480020072B7020096B70200C00400204D
:10979800FC0700202019002039B60200F0B60200AC
:1097A800B8B70200DE930200F08A020010B501216A
:1097B80004460C30FEF7E4FF2146BDE810400823BC
:1097C800014A007819F042BF208B0200F8B5012148
:1097D800044600AF0C30FEF7D3FF0678002321467D
:1097E8003046104AFFF77AFE5F3018D1258AE068C4
:1097F8002946FFF7C1F96C468AB06A460A4BC2E9A6
:109808000750C2E9053640F202439384074B4FF4F0
:109818003251074842F8103F19F0E1FEA546BD460F
:10982800F8BD00BF608B0200FAB702000500000116
:10983800A48002002DE9F347002307468846164610
:10984800DFF81491D9E8EF4FC9E8E23F002AF9D1CF
:1098580044B93B460121414A414802B0BDE8F047BE
:1098680019F0BBBE2046FEF787FC4FF00C0A3D4DB1
:109878000AFB00504388BB4220D02046FEF77CFC00
:109888000AFB0050438801210093374A3B4634487D
:1098980019F0B8FAD9E8EF3FC9E8E24F002AF9D140
:1098A800002B56D03149324840F60623314A18F089
:1098B800EDFB40F606212F4818F0DFFBA64208D042
:1098C8002046FEF77DFC328AF16804F10C0019F09D
:1098D80035FD2046FEF750FC0C2606FB0050436879
:1098E800ABB1B8F1000F12D12046FEF745FC0121BB
:1098F80006FB00504268D2E90003127A03F01F0603
:10990800B1405B09FAB100EB830019F05BFE204619
:10991800FEF732FC0C2606FB005083686BB120462C
:10992800FEF72AFC704305F800802046FEF724FC69
:1099380006FB0055A8680FF085F8204602B0BDE880
:10994800F047FEF7F9BDC94300EB830019F04AFE62
:10995800DDE702B0BDE8F087080600202CB8020059
:10996800A4800200F426002054B8020087B8020040
:10997800DE930200F0B6020073B5C5680121B5F8A0
:109988000160304602F0D4FD044640B93346012157
:109998003B4A3C4802B0BDE8704019F01EBE2B7827
:1099A800061D1A2B19D1C378012B50D14FF48041D1
:1099B800304619F007FE42040FD4D4F88C306946BB
:1099C8000093D4F894302046019303F02DFE2046EE
:1099D80002B0BDE8704002F045BC2B78BBBB40F23A
:1099E800E242B5F8033028495343C4F88830B5F843
:1099F8000520A4F89020B5F80720A4F89220A3F534
:109A0800EA520C3A8A4204D90221204A1D4819F028
:109A1800E4FDB4F89030B3F5FA7F04D302211C4A70
:109A2800184819F0DAFD40F67641B4F89230A3F1FF
:109A38000A0292B28A4204D90221164A114819F040
:109A4800CCFD6FF48051304619F0CCFD14E0D6E817
:109A5800AF3FDB04F5D52B78202BF2D194F8983062
:109A6800002BEED0013B84F898304FF420320023CD
:109A780004F140000FF062FE204603F043F8A6E729
:109A8800F3B50200A480020095F03C008CB80200F7
:109A9800B3B80200DAB80200B0B53C28044600AFFB
:109AA8001AD101F019FC6FF48071103019F09AFD89
:109AB8000020FFF7A5FC054630B90121114A1248DC
:109AC80019F07EFDBD46B0BD0473002102F048FCCC
:109AD800284602F0C7FBF5E76D468AB06A460B4B8D
:109AE8004FF41251C2E90530094B0748D36140F2DF
:109AF80001331384074B42F8103F19F070FDAD464F
:109B0800E0E700BF06B90200A480020027B90200FE
:109B18000BF80200040000012DE9F04F83B0012387
:109B2800D0F80C80018A98F8004000AF03EB84035A
:109B38008B4277D96D468AB06A46C2E90731052358
:109B48003B484FF42151C2E905043A4842F8103F16
:109B580019F045FDAD460C37BD46BDE8F08F4B46C4
:109B68005A460121334819F038FD013598F800307C
:109B78009D42F0DA08EB8503B3F801900F214846BF
:109B8800B3F8036002F0D4FC04460028E7D000F1E3
:109B9800C0091EB9204602F065FBE6E7636983B990
:109BA8000121254A234819F00BFD244940F29F233F
:109BB800234A244818F06AFA40F29F21204818F0F6
:109BC8005CFAA1691A688B422046626108BFA261EB
:109BD8007B6002F031FA0EF035FF7B68C3F800A015
:109BE800226A82B9C4E90733D9E8AF3F013EB6B269
:109BF80063B915494FF42A73114A124818F046FA06
:109C08004FF42A71DAE713602362EDE7D9E8EF3FF2
:109C1800013BC9E8E23F002AF8D10021204602F0C2
:109C280017FAB6E70025DFF824B0AA469EE700BF7A
:109C380043B90200A48002008AB90200D1F50200EB
:109C4800F0B60200DE930200A1B902006EB902006C
:109C5800054BD3E8AF2F02F00B02D3E8EF1FC3E8A0
:109C6800E02F0028F9D170479405002010B5C1E90C
:109C780000239DF808300C460B72FEF77DFA0C2283
:109C8800024B02FB00335C6010BD00BFF4260020CD
:109C9800F8B502460B46104819F022FB0446C0B13D
:109CA80004210C30FEF70CFD2046FEF765FA0C2760
:109CB80000260A4D07FB005046802046FEF75CFA56
:109CC80007FB005086602046FEF756FA07FB005552
:109CD8006E602046F8BD00BFF00D0020F42600207D
:109CE80029289ABF014B185C0920704700BF020061
:109CF80070B5C3680F21B3F801601D78304602F0D3
:109D080017FC044638B93346BDE870400121174AAC
:109D1800174819F062BC65B12846FFF7E1FF2946EC
:109D28000246204602F0EEFF2046BDE8704002F0F1
:109D380099BA8678012EEFD107F0D4FE204619F0A3
:109D480015FC0028E8D10520FFF7CAFF05210246C7
:109D5800204602F0D7FF3146064A054819F030FC84
:109D68000521204602F092FCDEE700BFCDB50200D7
:109D7800A4800200BAB902002DE9F041C6680F219B
:109D8800B6F801703578384602F0D2FB044638B987
:109D98003B46BDE8F04101211F4A204819F01DBC8F
:109DA80045B12846FFF79CFF29460246204602F0A7
:109DB800A9FF08E0F278C37A934209D10221184A30
:109DC800164819F00AFC2046BDE8F04102F04ABAEC
:109DD8008378C272012B05D00020FFF781FF002194
:109DE8000246E3E70AB107F07DFE204619F0BEFB04
:109DF8000028F1D10520FFF773FF05210246204610
:109E080002F080FF0121074A044819F0D9FB052117
:109E1800204602F03BFCD6E7CDB50200A480020044
:109E2800E0B90200BAB9020010B5044692B048225F
:109E3800684606491DF084FD112C9DBF12AB03EB4B
:109E4800840454F8480C024812B010BD6C82020019
:109E58000FBA0200034B0146D3F87001826892687A
:109E6800104700BFC00400202DE9F84F042100AFBF
:109E7800454819F0A7FB6D4688B06A46434B4FF436
:109E8800E6515361424B434893614FF40073938307
:109E9800414B424C42F8103F19F0A1FBAD46E27924
:109EA8003F4B404E2046012A88BF1E46FEF786FEDD
:109EB8008AB06A463C4BD061C2E905363B4B4FF449
:109EC800235113623A4B334842F8103F19F087FB8D
:109ED800A346AD460125374EDFF8DC80DFF8B490A5
:109EE800E3790BF1070B9D4238DB94F870506E460E
:109EF8002846FFF799FF8CB06A46B4F87210B4F898
:109F08007630C2E907514FF400755362DFF8ACC0F0
:109F18002B4BC2E905C015854FF4535142F8103F49
:109F28001C4819F05CFBB54694F871603046FFF7A1
:109F38007BFF8AB06A46B4F874302249C2E90763E5
:109F4800214BC2E9051095844FF43351114842F86A
:109F5800103F19F044FBBD46BDE8F88F5846FEF7A0
:109F68002DFEEA468AB06A4640F20133C2E9056529
:109F7800D06113844FF41351484642F8108F19F0FA
:109F88002EFB0135D546ABE7940500201BBA02002D
:109F98002DBA0200A480020003000001C0040020C2
:109FA80017BA02000BF8020031BA020000020103DE
:109FB8000400000240BA02000400000151BA020085
:109FC800060000018FBA02000500000108B5084824
:109FD800C37933B90321074A074819F0F1FA002079
:109FE80008BD0821D43019F0EDFAFFF73DFFF6E778
:109FF800C0040020B6BA0200A480020000487047DE
:10A00800DD9C020010B50B490B481CF0D7FC041E60
:10A018000FDA41F26A43094A09490A4818F036F842
:10A028002146094818F032F841F26A41034818F00D
:10A0380024F810BDEC07002080180020F0B60200BC
:10A04800E9A50200DE930200E3BA020070B50546F6
:10A058000C4659B94FF0FF304FF0FF31FFF718FEAB
:10A06800044618B96FF06805284670BD2046FEF70B
:10A0780083F80C22184BA61802FB003330465D808B
:10A0880019F050F903280BD903213046FEF73AFBA3
:10A098000580238A0121033B8370304619F02BF990
:10A0A80040F635439D420FD12046FFF7D3FE0546C3
:10A0B8000028D9D003460121084A094819F08DFA29
:10A0C8002046FEF739FACFE7214606481CF0F8FB90
:10A0D8000025FFF797FFC7E7F4260020E8BA02003B
:10A0E800A4800200140600202DE9F0410446458BA7
:10A0F800077E807AFEF738F86169064649B1637AC7
:10A10800DA0704D4C36A20461B689B689847002373
:10A118006361214630461CF0DEFB254B93F88A30FC
:10A128009B0642D5384602F0C7FF044638B93B467D
:10A13800BDE8F04102211F4A1F4819F04EBA437B7F
:10A14800073B012B09D91C4802211C4A19F038FA8F
:10A158002046BDE8F04102F085B802F083F84FF0E0
:10A16800FF304FF0FF31FFF793FD044630B9BDE8EB
:10A17800F0410121124A104819F022BA00F10C07E7
:10A1880001213846FEF71AFB0126042106703846DD
:10A19800FEF714FB002305808670C3702146BDE8D6
:10A1A800F04140F63540FFF751BFBDE8F08100BFF0
:10A1B800C00400204CBB0200A480020075BB020052
:10A1C800A1BB02002DE9F04786B0804691460C46B7
:10A1D80000AF71B94FF0FF304FF0FF31FFF758FD76
:10A1E8000446C0B96FF0680528461837BD46BDE873
:10A1F800F087887AFDF7B8FF3A4B83420BD03A498B
:10A208003A484FF4E3733A4A17F040FF4FF4E371CA
:10A21800374817F032FF0122002138461CF069FB4D
:10A228002046FDF7A9FF0C23DFF8C8A003FB00A018
:10A2380087602046FEF7C2F901464046FFF706FF51
:10A24800054618B12046FEF777F9CDE74FF4A0226E
:10A25800002338460EF07AFC064690B14FF4FD73A1
:10A26800234A2549214817F011FF32464146234821
:10A2780017F00CFF85F31188BFF36F8F032318467F
:10A2880002DF2046FDF778FF0C2358431AF80060D8
:10A29800F6B16D468AB06A46194BD661C2E90538EF
:10A2A800184B4FF43251136240F202439384164B19
:10A2B800164842F8103F093E19F091F92046AD467C
:10A2C800F6B2FEF739F9092E08D8114B9D578BE7DE
:10A2D800B9F1000FB6D0C9F8004085E76FF0040562
:10A2E80082E700BFF00D0020D1F50200DE930200E6
:10A2F800F0B60200F42600208FDA0200C4BB020088
:10A3080009BC02000BF8020005000001A48002004D
:10A31800F6BE020073B506460D4642F22F00002134
:10A3280001AAFFF74FFF044638B10121144A154826
:10A3380019F046F9204602B070BD0198C368B3F819
:10A3480001203280B3F803302B80FEF7F5F833880C
:10A35800A3F11B02E02A04D902210B4A094819F08B
:10A368003CF944F248112B88A3F5A47292B28A42B0
:10A37800E0D90221054A034819F02FF9DAE700BFAE
:10A3880028BC0200A480020048BC02006DBC020088
:10A398002DE9F04784B00478054600AF5CB15F4909
:10A3A8005F4840F299535F4A17F070FE40F29951A6
:10A3B8005C4817F062FE5C4BB0F80190198849F4CC
:10A3C8007042914205BF1C80584BA04693F800800C
:10A3D80000F088FCEB782E1D012B08BF544B30464B
:10A3E80008BF93F86F4019F08CF8314668B34FF006
:10A3F800010A07F1080019F079F8D5F81130C7F803
:10A408000130B5F81530A7F80530EB78012B2FD0BF
:10A418003046FEF7D3FB6C4688B06A46454B4FF48E
:10A42800E251C2E905304FF400739383424B43482D
:10A4380042F8103F19F0D3F81321A546484619F001
:10A4480041F91037BD46BDE8F087204619F06AFA91
:10A458000346006895F804A0B8609A889B796868F4
:10A46800BA81BB73B288B3793860BA80BB71CCE764
:10A4780007F10800FEF7C4FF04460028C8D00346C9
:10A48800B5F8012023F8702BBA7BB868B989206722
:10A498009A7140F2E2429980B5F81730534300228E
:10A4A800C4F88830B5F81930A4F89030B5F81B30E6
:10A4B800A4F89230EB782273012BE3701AD187F855
:10A4C80000A0BA88BB793868A4F87B2084F87D306E
:10A4D800C4F8770000F000FF237A1549C3EBC303E3
:10A4E8005A18CB58C4F87E309388A4F882309379F0
:10A4F80084F884300721204601F032FFB8F1000FBC
:10A5080005D00121204684F80C8001F029FF20465F
:10A5180002F0ACF8204601F0A5FE92E790BC0200DC
:10A52800DE930200F0B60200703C0020CB550020FC
:10A53800C0040020A4BC020003000001A4800200A3
:10A5480000B5C36889B0187820B109B05DF804EB8C
:10A55800FFF7A2BAB3F801208DF80000ADF801208A
:10A56800DA788DF80320B3F80B20ADF81720B3F88C
:10A578000D20ADF81920B3F80F20ADF81B205A7C38
:10A588008DF81D20586801901A899B7AADF808202B
:10A598008DF80A30084B68461A689B88CDF80B205E
:10A5A800ADF80F30CDF81120ADF81530FFF7F0FEFB
:10A5B80009B05DF804FB00BF28B3020010B5F6F738
:10A5C80013FE034B1B6813B1BDE81040184710BDBC
:10A5D8009027002073B52D4D0646D5F870011CF064
:10A5E80001F948B901212A4A2A4818F0E9FF6FF011
:10A5F8001204204602B070BD6FF0020105F1D400CC
:10A6080018F0F0FF012118F0DDFFC3073AD4FEF778
:10A6180093FB04460028ECD11F4B1E60012205F570
:10A62800987011461CF065F905F5AA701CF03BF905
:10A638001A480EF0BBFE6FF007034FF496621849F4
:10A64800164800940EF0CCFE164914481CF0CCF9BC
:10A65800D5F87001144983681B689847044630B1DF
:10A6680003460121114A0B4818F0B7FFC1E726B984
:10A6780002B0BDE87040F6F7B7BD05F1C4000EF0B2
:10A6880001FEB6E76FF07704B3E700BFC00400200F
:10A698004FBE0200A480020090270020201900204D
:10A6A8004072012067BE02003595000070BE0200AE
:10A6B800F0B5C56801212F8887B0BCB2204601F0EB
:10A6C80037FF064640B923460121274A274807B0E5
:10A6D800BDE8F04018F081BF02ACD5F80220D5F8EB
:10A6E80006300194698900911AF074FB48B34FF061
:10A6F800FF304FF0FF31FFF7CBFA054648B901218B
:10A708001B4A1A4818F05CFF304601F0ABFD07B051
:10A71800F0BD12210C30FEF751F80346224623F80B
:10A72800027B06AF144603CCBC421860596022462F
:10A7380003F10803F6D1294642F21A00FFF786FC16
:10A74800E2E74FF0FF304FF0FF31FFF7A1FA044680
:10A758000028D4D002210C30FEF730F821460780BB
:10A7680042F21B00EAE700BFF3B50200A480020032
:10A778008CBE020073B5C368D9789A781E8842EAFD
:10A788000122ADF8002059791A79B4B242EA0122BF
:10A79800ADF80220D9799A79204642EA0122ADF82B
:10A7A80004201A7A5B7A012142EA0323ADF80630C5
:10A7B80001F0BEFE054658B901211D4823461D4A31
:10A7C80018F00BFF0221204618F0DAFF02B070BD26
:10A7D800694602F0FBF938B91E21204618F0D0FF6F
:10A7E800284601F03FFDF1E74FF0FF304FF0FF3111
:10A7F800FFF74EFA04460028F2D00E210C30FDF780
:10A80800DDFF00230680C0F80A30BDF8003021467D
:10A818004380BDF802308380BDF80430C380BDF8A2
:10A828000630038142F22000FFF710FCD8E700BF92
:10A83800A4800200F3B5020038B5042104460C30A8
:10A84800FDF79EFF034640885D7818B122461978C7
:10A85800FEF7F0FF35B104480EF0F4F8BDE83840D3
:10A86800FFF7D0BB38BD00BFF0050020B0B50446E7
:10A87800032100AF0C30FDF783FFE36805781978F2
:10A8880040F63543B0F80100984215D16C468AB0BD
:10A898006A460F4B0F48C2E905310F4B4FF412516E
:10A8A800D36140F2013313840C4B42F8103F18F087
:10A8B80096FEA546BD46B0BD10B12246FEF7BAFFCA
:10A8C800002DF7D006480EF0BDF8FFF79BFBF1E727
:10A8D800A3BE0200A48002000BF8020004000001DD
:10A8E800F005002038B50FF071FE2F4DD5F8543122
:10A8F800002B56D00022002305F598700EF026F99B
:10A9080000284ED10022002305F5AA700EF00EF89B
:10A91800044668B940F6C243244A2549254817F039
:10A92800B5FB84F31188BFF36F8F0323184602DF4A
:10A93800D5F848315BB101211F4A204818F040FE84
:10A94800D5F84801FDF7F8FD0023C5F84831204641
:10A95800FDF734FEC5F848012046FFF77BFA0346A9
:10A96800C8B10121164A154818F037FE15480EF0EF
:10A9780069F82046FDF700FC0C22134B02FB00335C
:10A98800588818B122461F21FEF754FF2046FDF7CC
:10A99800D3FDFFF737FBFFF735FBBDE838400FF075
:10A9A80087BE01F0AFFEF8E7C0040020F0B6020051
:10A9B80088B80200DE930200DBBE0200A480020019
:10A9C800E8BA0200F0050020F4260020F8B5064693
:10A9D8000024094DEF79E3B29F4202D86FF00100DD
:10A9E80007E02946304618F0E7FE0735631C08B132
:10A9F8002046F8BD1C46EEE7C004002037B50446E3
:10AA08000D46B9B12846164918F0D6FE90B9294620
:10AA18001448C4EBC404204418F0D8FE124818F0B7
:10AA2800DCFE430703D5FEF747FA18F001FD0020C6
:10AA380003B030BD684618F04BFD0028F8D16846D1
:10AA4800FFF7C4FF0028F5DA064BC4EBC4006946DB
:10AA5800184418F0BBFE002DE0D001462846DBE77D
:10AA68001BB30200C00400209405002070B51A4EE4
:10AA78000622314605461CF092FF38B34FF0FF30EE
:10AA88004FF0FF31FFF704F9044608B306222946C0
:10AA98000C3018F053FC2146002242F20500FFF763
:10AAA80091FB044648B110F10D0F04D102210B4A65
:10AAB8000B4818F089FE204670BD33462A6843F8D3
:10AAC8006929AA88B280012283F868200024F2E765
:10AAD8006FF06804EFE700BF290500204FC00200AF
:10AAE800C480020038B505460C4659B9204940F2E1
:10AAF800DE33204A204817F0C9FA40F2DE311D48FB
:10AB080017F0BBFA086848B91C4940F2DF33194A04
:10AB1800194817F0BBFA40F2DF31F0E74DB9184990
:10AB28004FF47873134A144817F0B0FA4FF4787159
:10AB3800E5E7037A5A0709D5124940F2E2330D4A8C
:10AB48000D4817F0A3FA40F2E231D8E74B686BB929
:10AB58000B7A13B92B7A5B0708D52A7803789A42BF
:10AB680004D0294618F0A5FE00B1656038BD00BFC5
:10AB78008CC002005EC00200DE930200A4C0020086
:10AB8800C7C00200DFC00200064BD3E8EFCF4CF489
:10AB9800806CC3E8E2CF002AF7D1037A1943017227
:10ABA800704700BF94050020F7B500210446022233
:10ABB800084602F065F9064648B120460121FFF72C
:10ABC800E3FF304603B0BDE8F04001F04BBB3B4D1E
:10ABD80001463B4800F07AFB95F823317BB13046BB
:10ABE80018F03BFE58B10221364A374818F0ECFD00
:10ABF8000021364803B0BDE8F04000F067BB95F887
:10AC0800232195F822319A4218D10221304A2E4840
:10AC180018F0DAFD002242F229001146FFF7D2FAB5
:10AC280010B101212B4AE0E795F82331013385F86B
:10AC38002331237A43F004032372D9E72246671CA1
:10AC4800394612F82E0B18F0CBFD064610B1224AF1
:10AC580001210EE095F82331013385F82331237A59
:10AC680043F00403237295F8A7305B0708D4022148
:10AC78001A4A154818F0A8FD012018F0EEFDB7E7AC
:10AC88003946684618F0A2FD01234FF0FF304FF017
:10AC9800FF318DF80730FEF7FBFF044660B108224C
:10ACA80069460C3018F04AFB3246214642F24E0003
:10ACB800FFF788FA0028DFD0094AC9E7C004002056
:10ACC800FD38020014C10200C48002009538020059
:10ACD80039C102006AC102008AC10200AAC1020089
:10ACE800D4C10200084BD3E8EF2F22F48061C3E8F7
:10ACF800E01F0028F7D1530504D50022022003499C
:10AD080007F00AB8704700BF940500208B3902008D
:10AD18001FB500230190CDE9023302208DF80C10F5
:10AD280001AA034906F0F8FF029805B05DF804FB94
:10AD3800EDAA0000034610B470B10A4991F8224107
:10AD480091F823210CB1944208D2013281F82321D1
:10AD58001A7A42F004021A7210BC704710BCFFF74E
:10AD680023BF00BFC00400202DE9F041044660B3B2
:10AD7800424D95F8222195F8233192B10132934240
:10AD88001CDC00210222084602F07AF80646F0B1DF
:10AD980020460221FFF7F8FE3046BDE8F04101F0F9
:10ADA80061BA5BB93649374840F2E643364A17F08C
:10ADB8006DF940F2E641344817F05FF9013B85F838
:10ADC8002331237A23F004032372BDE8F08101467E
:10ADD8002E4800F07BFA304618F03FFD064688B151
:10ADE800012103462A4A2B4818F002F895F8233126
:10ADF80013B1012018F031FDBDE8F04100212648CB
:10AE080000F064BA95F8233195F822219A420CD2C1
:10AE1800013B85F82331237A024623F004030220FC
:10AE28001E49237206F078FFE0E74FF0FF304FF03D
:10AE3800FF31FEF72DFF04F10108074668B107212D
:10AE48000C30FDF7BBFC414618F0C0FC32463946D1
:10AE580042F22800FFF7B6F928B10121104A0D483F
:10AE680018F0B2FCC2E795F82331013B85F823318D
:10AE7800237A23F004032372B8E700BFC00400203C
:10AE8800EFC10200DE9302005EC00200FD3802003E
:10AE980008C20200C4800200953802004D38020042
:10AEA80035C2020070B5044611BB20B3254918F01D
:10AEB80083FC00BB2046FFF789FD00283BDA237896
:10AEC80053B92148C279002A35D1214618F07EFCB1
:10AED8000123C371104670BD012B04D1A37903F07F
:10AEE800C003C02B07D00121184A194818F06CFC80
:10AEF8006FF01500EFE7144DEB79012B1ED005F12B
:10AF0800D40018F06AFCC30707D4002CF0D0204600
:10AF18000C4918F051FC0028EAD1EE792146731C3F
:10AF28003046EB71FFF76AFD08B93046D3E7EB7995
:10AF3800013BEB71CFE76FF07700CCE76FF00B00C8
:10AF4800C9E700BF1BB30200C00400205AC20200B8
:10AF5800C48002002DE9F341044640B91A4A02218F
:10AF68001A4818F031FC002002B0BDE8F081002139
:10AF780041F2090001AAFFF725F9054608B1144A6C
:10AF8800EDE7019E0622D6F80C80124908F1010768
:10AF980038461CF004FD28B1062238460E491CF03C
:10AFA800FEFC18B93046FDF7C7FADCE7D8F80130DF
:10AFB8003046C4F80130BB882570A4F80530FDF789
:10AFC800BBFA0120D0E700BF88C20200C48002009B
:10AFD800A1C2020028B3020022B3020007B56846E6
:10AFE800FFF7B8FF044BD87118B169460020FFF786
:10AFF80005FD03B05DF804FBC0040020F0B5304D3A
:10B0080089B0EC79002C53D195F8C26016F001068E
:10B0180010D12C4A02212C4818F0D6FBEC711626C8
:10B0280000240127EB79E0B298422CD3002B3FD0C3
:10B0380000203BE06A4621464FF60940FFF7C2F878
:10B0480008B1224AE6E7DDF800C0DCF80C104B78BE
:10B0580023B96046FDF770FA1D4ADBE78B1C02AA8C
:10B0680001F11204174618685968083303C7A34248
:10B078003A46F7D11868344638609B886046BB80EA
:10B08800FDF75AFACAE708AB06FB003353F8182C49
:10B0980033F8143C6946CDF80120ADF805308DF839
:10B0A8000070FFF7ABFC01340028BBD009B0F0BD3D
:10B0B8000021084609B0BDE8F040FFF7F3BE00BF25
:10B0C800C0040020BFC20200C4800200EBC202001C
:10B0D8000BC302002DE9F0410D4617461C460646F3
:10B0E80050B14BB10A03037811D56D0708D501217A
:10B0F8002D4A2E4818F068FB6FF01500BDE8F08166
:10B1080018F024FC0028F9D101232370F6E7A907D9
:10B118002ED027480FB1AA0608D4C3EBC302825C1D
:10B12800012A13D002B922700020E7E790F8D8204E
:10B13800510635D5C3EBC302825C012A06D002B999
:10B148002270237843F002032370EDE74FF00108E3
:10B15800072111FB03810144304618F0EFFB00285A
:10B16800CCD184F80080002FDED0AB06DCD5E8E730
:10B178006A0712D50E49C3EBC3028E5C012E09D1B2
:10B18800072212FB0363194418F0D8FB0028B5D135
:10B198002670EAE7002EE8D1FAE718F0D7FBB3E704
:10B1A8006FF08500AAE700BF34C30200C480020024
:10B1B800C00400202DE9F74F8A4601904FF0FF3177
:10B1C8004FF0FF30FEF764FD044600284ED02021E2
:10B1D8000C30FDF7F3FA4FF0000980464D46202267
:10B1E80000211CF0D4FBDAF8007008F1010BDAF842
:10B1F8000420914509D300222146019888F800507F
:10B2080003B0BDE8F04FFEF7DDBF7A78A81C8118BF
:10B218001F2997F800C015D9BCF1090FC0F11F020A
:10B2280001D1002A0CDC0121124A134817F0D7FD7E
:10B238002046FDF781F96FF0150003B0BDE8F08FE7
:10B248004FF0080CD6B2711C0BF80510691CC9B276
:10B258000BF801C0023679685BFA80F02E441CF0C6
:10B268006FFBF5B209F101090837C0E76FF0680014
:10B27800E3E700BF59C3020064800200F7B5CDE9D7
:10B288000001694642F2080016461D469DF82070E6
:10B29800FFF790FF044648B95FB90B4BD3E8EF1F9F
:10B2A80041F00401C3E8E21F002AF7D1204603B0A9
:10B2B800F0BD694642F20900CDE90065FFF77AFF63
:10B2C8000028EAD00446F1E7E804002003460148D4
:10B2D800184700BFD804002000487047D804002051
:10B2E8002DE9F04FD0F810A089B0BAF10005044656
:10B2F800A84818BF0125CDE9021218F054FB4607EB
:10B30800994640F19B81666870050DD56FF015056B
:10B31800002240F20110029B0399914240F097816C
:10B32800284609B0BDE8F08FD4F81080B8F1000FB6
:10B3380001D0B107EAD0984F2078FB798342E5D94C
:10B34800C0EBC0000722954938441CF028FB0028B0
:10B35800DCD0B20706D197F87030082B02D8A36862
:10B368009F2BD3D916F0300F6AD0B8F1000FCDD08B
:10B37800F3066AD406F46036B6F5603FC6D02046B8
:10B3880018F0FBFA80460028C0D0854818F00BFB5F
:10B3980010F4807F824E40F0548106F1AC0018F022
:10B3A80002FB10F4806F06F1AC0B01D0FFF79AFC9A
:10B3B8000023CDE90533CDF81B30A3686268ADF8EA
:10B3C8001030E36812F4004FADF812300CBF0723B9
:10B3D8000623D10348BF03F00503920348BF03F0D7
:10B3E800FB038DF81D30DBE8EF3F23F48073CBE8D7
:10B3F800E23F002AF7D123782A463B7687F86F3058
:10B40800616868480DF11503FFF764FE05460028DA
:10B418007FF47EAF644BBAF1000F22D02269116825
:10B428004BF8B31C9188998092799A716368980750
:10B4380052D19A0502D4B9F1000F61D002231CE061
:10B44800F00602D4B8F1000F94D1D4E902239A424D
:10B458003FF65CAF1F2A7FF659AFB3F5804F89D905
:10B4680054E74E4A11684BF8B31C91889279998039
:10B478009A7163689907DCD053468DF814304FF001
:10B48800FF304FF0FF31FEF703FC0546002800F0BF
:10B49800DB800F2204A90C3017F050FF2946002248
:10B4A80042F20600FEF78EFE054600287FF430AF14
:10B4B800BAF1000F28D063689B0731D101213948C0
:10B4C80018F074FA0746002879D00121374A38481D
:10B4D80017F085FC3D461BE713F0100F0CBF012346
:10B4E80004238DF8143023691A68CDF816209A8839
:10B4F800ADF81A209B798DF81C304FF00008BEE794
:10B5080003238DF81430F8E74A46DDE90201129B5F
:10B51800CDF80080FFF7B2FE0028CCD00546F7E64C
:10B5280097F8189007221D491F4887F86F901CF05C
:10B5380036FAF8B948461F4901F024FC074610B905
:10B548006FF00B05E4E6052100F00AFF012115481C
:10B5580018F02CFA814678B3144A0121144817F0E0
:10B568003EFC0021384600F0FBFE384600F07AFE2B
:10B578004D46CDE648460C4901F04AFC00287FF4C8
:10B58800C5AE387E084901F0FDFB07460028D7D034
:10B598000621D9E794050020C00400201BB302004F
:10B5A800E8040020D8040020E104002072C302004F
:10B5B8006480020014B30200384600F053FE63684A
:10B5C8009F071FD0D6E8EF3F43F40073C6E8E23F79
:10B5D800002AF7D1B8F1000F1DD0D6E8EF3F43F4A9
:10B5E8008063C6E8E23F002AF7D1636858071BD595
:10B5F800D6E8EF3F43F48053C6E8E23F002A3FF421
:10B6080087AEF5E7D6E8EF3F23F40073C6E8E23FDC
:10B61800002ADFD0F6E7D6E8EF3F23F48063C6E8D8
:10B62800E23F002AE1D0F6E7D6E8EF3F23F4805363
:10B63800C6E8E23F002A3FF46BAEF5E76FF00A0573
:10B6480066E66FF0770563E66FF0680560E61988CF
:10B65800814204D1596811B10978C90702D401326D
:10B66800083359E6054906480DF0B8FF4FF4702233
:10B67800002303480EF0EAF852E600BF09B70000BD
:10B68800F004002010B5184818F0B8F9174818F059
:10B698008AF90346DA05C0F3002023D5134818F0C9
:10B6A80082F9830515D51249072212481CF077F94B
:10B6B80003461149087E93B90522104901F0E0FBC1
:10B6C800044630B10021017300F04AFE204600F024
:10B6D800C9FDBDE810400021034818F067B90622EB
:10B6E8002131EBE710BD00BFD8040020E80400209A
:10B6F8001BB30200E1040020C004002014B30200C0
:10B7080010B5FFF7BFFF034630B1BDE81040022176
:10B71800024A034817F06CBB10BD00BF8DC302007E
:10B7280064800200884208B501F1100310D99842DC
:10B7380013D20E4940F2B3230D4A0E4816F0A6FC68
:10B748000D4816F0A3FC40F2B321094816F095FC09
:10B75800EFD000F110029142EAE7013813F8012D09
:10B768008B4200F8012FF9D108BD00BFE5C30200E4
:10B77800B3C30200DE9302003CC4020008B511F016
:10B7880057F838B101210346034A044817F030FB43
:10B798006FF0040008BD00BF6EC40200BC80020048
:10B7A80008B510F047FF38B101210346034A0448A1
:10B7B80017F01EFB6FF0040008BD00BF8AC402002A
:10B7C800BC80020070B592B006460D4614460021B2
:10B7D8001C220BA81CF0DBF800230493F6B1EDB192
:10B7E800E4B1314607A8FFF79DFF294B06A80B9344
:10B7F8004FF48073069318F004F9069B254E0D93B9
:10B80800102204AB07A90BA80E9610F05DFE0346A4
:10B8180040B10121204A214817F0EAFA6FF01500DB
:10B8280012B070BD294607A8FFF77CFF05AB02934D
:10B8380010233146CDE90043049807AA10F00CFF05
:10B84800034650B9049810F0FDFD98B10121034654
:10B85800134A124817F0CCFA09E010480121114A9E
:10B8680017F0C6FA049810F0EDFD0028EED16FF03D
:10B878000400D5E7631E04F11002073413F8011F12
:10B8880012F8015DA3421D701170F7D1C8E700BF1F
:10B898000024800000444004AAC40200BC800200C6
:10B8A800DFC40200C6C40200884208B501F12003C3
:10B8B80010D9984213D20E4940F2B3230D4A0E48CC
:10B8C80016F0E4FB0D4816F0E1FB40F2B3210948FD
:10B8D80016F0D3FBEFD000F120029142EAE70138DD
:10B8E80013F8012D8B4200F8012FF9D108BD00BFD4
:10B8F800E5C30200B3C30200DE9302003CC40200A9
:10B9080070B53D4B9AB01822002103A802931CF091
:10B918003EF844F2010309A8099318F07FF8099B3F
:10B9280069460493354B02A805931BF066FC034651
:10B9380010B3334A0121334817F05AFA1F25324B06
:10B94800D3E8EF1F21F00101C3E8E21F002AF7D175
:10B958002E4E0EF03BFE3468002C46D0002D2C4DA8
:10B9680018BF0025043C23680BB128469847646833
:10B97800002C3AD0043CF6E701AB4122009809A913
:10B988001BF00DFB034608B1224AD3E7224A0DF10A
:10B9980025030DF1650153F8040B8B4242F8040BA3
:10B9A800F9D101AB20221D4900981BF0A6FA0346E5
:10B9B80008B11B4ABEE7009810F044FD054610B1D7
:10B9C800184A0346B6E714491148FFF76DFF1649B0
:10B9D8001648FFF769FF164BD3E8EF1F41F0100137
:10B9E800C3E8E21F002AAAD0F6E70023C6E900331D
:10B9F8000EF05EFE1AB070BD12710001000002095F
:10BA08000BC5020094800200942700209C27002088
:10BA18002C56002029C50200EC550020CC550020EA
:10BA28004CC5020070C502000C5600204C56002080
:10BA380094050020042330B5A7B03D22002116A8A4
:10BA480015931BF0A4FF304B1822002107A806937A
:10BA58001BF09DFF44F201030DA80D9317F0DEFFC4
:10BA68000D9B20220893294B2949099306A804AB6A
:10BA780010F02AFD0346E0B1264A0121264817F0B6
:10BA8800B7F96FF004040EF0A1FD244B1D6865B1F1
:10BA980000201860224BD3E8EF1F21F00201C3E811
:10BAA800E21F002AF7D144B3A8470EF001FE27B0E1
:10BAB80030BD1C4B0DF15502194603F1400053F8F7
:10BAC800044B834242F8044BF9D105AB029320237F
:10BAD8000E48CDE9001315AA412304991BF03FFB3A
:10BAE800034608B1104AC8E7049810F0ABFC0446B6
:10BAF8000028C8D00D4A0346BFE70DA80949FFF73B
:10BB0800D3FE0DA8D0E700BF1271000100000209A2
:10BB1800CC55002090C50200948002009827002090
:10BB280094270020EC550020C6C50200E2C502009B
:10BB3800402208B503491BF032FFB0FA80F04009F3
:10BB480008BD00BF4AC6020010B51D4B9AB01822A6
:10BB58000446002103A802931BF019FF4FF4804309
:10BB680009A8099317F05AFF099B21460493154B1E
:10BB78000DF12500059304238DF82430FFF794FE7A
:10BB880004F120010DF14500FFF78EFE412201ABC3
:10BB980009A902A810F098FC044602A81BF0A5FB0E
:10BBA8002CB9019810F04EFC01201AB010BD0648BF
:10BBB80023460121054A17F01BF90020F5E700BFCD
:10BBC800124100010000020994800200FFC5020032
:10BBD80010B5002834D01D4A136823B1043B98429D
:10BBE80031D05B68F9E71A4BD3E8AF1F890707D54F
:10BBF80018480221184A17F0F2F86FF00F0010BD2C
:10BC08001468011D44605068116000B95160D3E8A0
:10BC1800EF2F42F00101C3E8E01F0028F7D1D30756
:10BC280001D50020EBE70D4BD3E8EF1F21F0100101
:10BC3800C3E8E21F002AF7D10948FDF7B9F9F0E790
:10BC48006FF01500DBE76FF07700D8E79C2700203E
:10BC5800942700209480020023C602009405002047
:10BC68001C080020044BD3E8AF3F13F0100F034823
:10BC780008BF0020704700BF940500202C56002004
:10BC880070B50546194803688B4228D0184BD3E88D
:10BC9800AF3FDA0626D5036813B16FF00F0070BD09
:10BCA800144AD2E8AF3FDB07F7D4D2E8EF3F43F0BE
:10BCB8000204C2E8E64F002EF7D113F00204ECD1DB
:10BCC800016029460C48FFF7EFFD0C4805F12001FB
:10BCD800FFF7EAFD0A48FDF76BF92046DFE76FF04A
:10BCE8007700DCE76FF07C00D9E700BF98270020D9
:10BCF8009405002094270020EC5500200C560020C5
:10BD08000C08002010B50446FCF736FA044901EB8C
:10BD180000112046FDF71EFABDE81040FEF772B983
:10BD2800A427002070B50546134B1C6844B154F88D
:10BD38001C3C1C3C13B12846297B9847E469F5E76D
:10BD48000E4C0F4EB44215D90E4940F2B5730E4A47
:10BD58000E4816F09BF90E4816F098F940F2B571A6
:10BD6800094816F08AF9236813B12846297B9847B1
:10BD78002034E7E7F7D370BDD82700200C800200F5
:10BD88004C800200C1C6020091C60200DE93020088
:10BD980086A4020008B50B4B1B7873B90A4940F218
:10BDA80046330A4A0A4816F071F90A4816F06EF93D
:10BDB80040F24631054816F060F91BF08DFE064B3F
:10BDC800185808BD8158002063A0020038A002005E
:10BDD800DE93020076A002000800000070B5044659
:10BDE80049B90E490E484E230E4A16F04FF94E2116
:10BDF8000C4816F042F90022D1E901560A48C1E977
:10BE080001221AF05DFD3DB1314620462B46BDE8C2
:10BE180070406FF06D02184770BD00BFDCC60200AD
:10BE2800DE93020091C602009C0C002010B50C465F
:10BE3800817801290BD00C490C4840F2F2330C4AA6
:10BE480016F024F940F2F231094816F016F9A16902
:10BE580004F118001160E26900211A60E27ABDE875
:10BE680010401BF094BD00BFDFC60200DE93020045
:10BE780091C6020037B5051D04464FF48061284677
:10BE880017F0EBFD40053CD4D5E8AF3FD90326D5E4
:10BE9800E37823B902211C4A1C4817F0DCFD637BB8
:10BEA800072B2ED11A4B93F8D8309B0629D517F0BB
:10BEB800DBFB30B30DF1060101A8FEF72BFA00BB3E
:10BEC8002046BDF80620BDF8041017F03AFC0346DA
:10BED800B8B101210F4A0D4817F0BDFD11E00C4B18
:10BEE80093F8D8301A07D3D5204617F00FFC03462D
:10BEF80020B10121084A054817F0ADFD637B072BE7
:10BF0800C6D003B030BD00BF12C702007C8002005B
:10BF1800C00400202BC70200F1C6020070B5054618
:10BF28000022002316480CF011FE38BB154B1C6884
:10BF380034B154F8143C1C3C03B19847E469F7E762
:10BF4800114C124EB44213D9114940F27B63114A85
:10BF5800114816F09BF8114816F098F840F27B61EA
:10BF68000C4816F08AF8A36803B198472034E9E72B
:10BF7800F9D32846BDE870400DF084B970BD00BF04
:10BF88004C0C0020D82700200C8002004C800200B6
:10BF9800C1C6020091C60200DE93020086A4020018
:10BFA8002DE9F8430446FFF7F5FE1E4BD3F8803021
:10BFB800834211D120270025DFF86C80EFF311832D
:10BFC80087F31288BFF36F8FE16989B983F311880A
:10BFD800BFF36F8FBDE8F8831449154840F2271363
:10BFE800144A16F053F840F22711124816F045F893
:10BFF800206A0A68814208BF2262E26183F31188DD
:10C00800BFF36F8FD1E901694046C1E901551AF0C4
:10C0180057FC1EB1002249462046B047FDF7F2FF03
:10C02800CCE700BF301F00209C0C002047C702004F
:10C03800DE93020091C602000448B0F8043100F50E
:10C048008470002B08BF0020704700BFC004002088
:10C0580070B58AB004460E46FFF79CFE144BD3F821
:10C068008020824205D120460AB0BDE87040FFF723
:10C0780097BF2434214618461AF0A0FC051E0FDA93
:10C0880040F25F130B4A0C490C4815F0FFFF294694
:10C098000B4815F0FBFF40F25F11064815F0EDFF65
:10C0A8001EB1694620460DF0F3F80AB070BD00BF16
:10C0B800301F002091C60200E9A50200DE930200AD
:10C0C8008DC7020038B5002204468A4202D10024F6
:10C0D800204638BD012004F1C803D3E8EF5F002DE6
:10C0E80004D1C3E8EC0FBCF1000FF6D102D0D03474
:10C0F8000244EAE7002CEAD0C822002120461BF0BF
:10C1080046FC04F1400004490DF068FA034904F1C3
:10C1180024000CF08FFFDBE735CF0000853A0200E2
:10C12800F7B516460D4601210446FFF791FF012E8B
:10C1380023D0022E50D123693BB130480121304A27
:10C1480016F04DFE204617F0B7FC256121690B8AD1
:10C15800012B51D9CA681288043292B293424BD348
:10C1680041D9012100922548264A16F04BFE204667
:10C1780003B0BDE8F04017F09FBC206940B9224ADF
:10C1880031461E4816F02BFE204617F095FC01E0BC
:10C198002F8A2FB9284603B0BDE8F040FCF7CCB988
:10C1A8000C3017F0C3F887420CD9184A31461348A7
:10C1B80016F015FE00222046216901F009FA002335
:10C1C8002361E7E720692A8AE9680C3017F0B6F896
:10C1D8002846FCF7B1F9B9E7334601210C4A07486C
:10C1E80017F039FCD0E7002301222046236103B071
:10C1F800BDE8F04001F0ECB903B0F0BD7C8002006E
:10C20800A8C7020028C80200C5C70200E3C7020089
:10C218000AC8020010B580B100F1C802D2E8AF3FE9
:10C22800BBB1591CD2E8EF4F9C4204D1C2E8EC1FC5
:10C23800BCF1000FF6D1F1D110BD0749074840F213
:10C24800BA53074A15F022FF40F2BA51044815F0D4
:10C2580014FF1846F0E700BF46CB0200DE93020049
:10C2680091C6020010B5044670B9214940F2E25364
:10C27800204A214815F00AFF204815F007FF40F230
:10C28800E2511C4815F0F9FE24300CF049FFC8347F
:10C29800D4E8EF3F5A1EC4E8E12F0029F8D1002B5B
:10C2A8000CDC174940F2F353124A134815F0EEFE1E
:10C2B800144815F0EBFE40F2F351E2E7012B15D1DB
:10C2C80060B1114940F2FC530A4A0B4815F0DEFEF2
:10C2D8000E4815F0DBFE40F2FC51D2E70C480CF09A
:10C2E800B1FBBDE810400B480CF0CCBF10BD00BF3F
:10C2F80046CB020091C60200DE93020043C802004A
:10C3080062C802006AC8020088C802009CC802000D
:10C318004C0C00203C08002010B50446FFF77AFFBB
:10C328000EF054F90C4B04F1BC01D3F824312BB9AD
:10C338000A4817F080FB0EF0BBF906E0994208D1D5
:10C348000EF0B6F92046FFF78DFFBDE81040FDF767
:10C3580059BE1B68EBE700BFC0040020E4050020BD
:10C36800F8B5467B04468E420D4600AF1BD1082E19
:10C3780098BF554B6C4688B094BF53F82630534B42
:10C388006A465349C2E905134FF400739383514B2E
:10C3980042F8103F00234FF4E4514F48F9F7BAFF31
:10C3A800A546BD46F8BD41730EB9FFF733FF637B61
:10C3B800082B00F2868001A252F823F01BC400006B
:10C3C80071C40000ABC30000ABC30000ABC30000E6
:10C3D800ABC30000ABC30000E9C30000ABC300005F
:10C3E80000213E480FF040FA0023C4E90D33E378FA
:10C3F800012BD6D1A3784FF42032012B08BF032399
:10C4080004F1400008BF84F8983000230DF096F935
:10C41800C7E7082EC5D8DFE806F02005171C1C1C46
:10C428001720200004F1400528460DF015FA0121D7
:10C438002046FFF70DFE204617F03EFB00220023A2
:10C4480028460DF003FAACE7237B13B12046FFF72B
:10C4580069FC2046FFF706FFA3E72B46204A022186
:10C468001D4817F0F8FA9CE7237B3E2B0FD16D4649
:10C4780088B06A461B4BC2E90534032342F8103FD3
:10C4880000234FF4C4511448F9F744FFAD46164D44
:10C4980005F58476616911B9FDF7B4FD81E7A269F4
:10C4A8000B68914208BFA36120466361FFF796FCC1
:10C4B800B5F80431002B14BF304600200CF0C2FA46
:10C4C800E8E72B46094ACAE7748B0200D3C8020082
:10C4D800DDC80200030000017C8002004C08002037
:10C4E800EEC8020005C90200C00400202CC90200E1
:10C4F800F8B5074609480D461646FFF78BFE044671
:10C5080050B183781F4203D1BDE8F840FFF7AABEB7
:10C518003146A8472046F7E7F8BD00BFC0190020FC
:10C52800002201200149FFF7E3BF00BF793A02006A
:10C5380070B505460E480E46FFF76CFE0446A0B1DE
:10C54800437B012B02D0073B012B0CD82388AB423D
:10C5580008D1A3781E4209D12B460221054A064874
:10C5680017F079FA2046FFF77DFE0024204670BDBB
:10C57800C019002048C902007C80020008B5114B90
:10C5880098420AD303F1D002904206D2D022C01AB0
:10C59800B0FBF2F302FB130373B10B4940F21A63C9
:10C5A8000A4A0B4815F072FD0A4815F06FFD40F273
:10C5B8001A61064815F061FD074B00115843C0B2D7
:10C5C80008BD00BFC01900205FC9020091C6020063
:10C5D800DE930200D6CA0200C54EECC42DE9F8432A
:10C5E80005460F4616461C46904699461AF0F6F937
:10C5F80058B11749174840F23663174A15F046FDF7
:10C6080040F23661144815F038FD34430BD0FFF77B
:10C61800C1FB124BD3F88030834207D10221104A64
:10C62800104816F0DCFB4FF00008C1460E494246A0
:10C638004B46002D14BF2846084616F051FE044606
:10C6480018B1791D0C30FCF73BF82046BDE8F8839B
:10C65800F0CA0200DE93020091C60200301F0020DB
:10C66800FFCA02007C800200EC0C002010B50446D2
:10C6780005480CF007FE204600F0B2FE2046BDE853
:10C688001040FFF74FBB00BF2C08002010B5437BBC
:10C698000446023B062B29D8DFE803F00B042828C0
:10C6A800281E0900017300212046FFF759FE0020CB
:10C6B80010BD8378012BFAD040F29F730D4A0E49C2
:10C6C8000E4815F0E3FCA1780D4815F0DFFC40F2A8
:10C6D8009F71084815F0D1FC008816F0F3FF002878
:10C6E800E6D1637B072BE2D10821DDE76FF07F00FD
:10C6F800DEE700BF91C60200D1F50200DE9302001A
:10C7080028CB02002DE9F04F002387B000AFFB6073
:10C718007B619D4B5A8C3AB19C4DD5F824413CB96C
:10C728001C37BD46BDE8F08F1B68002BF4D1F7E736
:10C7380054F8BC3903B1BC3B0026954913E01346B5
:10C74800B5F80421002A00F0CB81D5F81021C2B930
:10C7580004F1BC06002BE3D0D3F8BC201C46002A09
:10C76800EDD0A2F1BC039C42EAD18A4940F2BD3324
:10C77800894A8A4815F08AFC40F2BD31864815F08E
:10C788007CFC0A68002AE3D0D4F8A820002ADFD06D
:10C79800D4F8AC20002ADBD0D4F8B020002AD7D0B7
:10C7A800637B072B41D12046904700283DD004F1F8
:10C7B800C003D3E8AF3F022B37DC2046FFF72AFD42
:10C7C80004460028ACD0637B072B40F086812046C6
:10C7D800D4F8A830B5F8041107F11002984780463C
:10C7E800002800F06881B5F804213B699A4208D313
:10C7F8000146D4F8AC60204607F1140307F10C0297
:10C80800B0473B69D7F80CA07B60B8F81030D7F870
:10C818001490002B3BD1624940F291235E4A5F4855
:10C8280015F034FC40F29121A8E704F1BC03B342AF
:10C8380009D15C4940F2DA33574A584815F026FCCA
:10C8480040F2DA319AE7D4F8BC20C6B9D5F82811F5
:10C85800C5F824218B4201D1C5F8282100232046A0
:10C86800C4F8BC30D4F8B03098470028ABD0637B0C
:10C87800072B40F032812046FFF74EFDA3E73260D8
:10C88800D5F82821934208BFC5F82861E6E7404655
:10C8980016F063FE48B142494FF426733E4A3F48BA
:10C8A80015F0F4FB4FF4267168E7B5F804313E48FB
:10C8B800002B08BF0020002200230CF047F960B1CC
:10C8C80037494FF42A73344A344815F0DFFB3748A8
:10C8D80015F0DCFB4FF42A7150E7002200232C48A6
:10C8E8000CF024F8064660B92D4940F2B3232A4AD1
:10C8F8002A4815F0CBFB2E4815F0C8FB40F2B321AF
:10C908003CE7C0E901A97B68B5F804B15B4598F834
:10C91800083098BFB7F804B0013B012B09D9254965
:10C9280040F2D3231C4A1D4815F0B0FB40F2D32136
:10C9380024E7404616F011FE814638B11E49AD2362
:10C94800154A164815F0A2FBAD2117E7014600224B
:10C9580000230D48FBF74CFC824658B1FBF70CFC52
:10C96800164B414603EB00135A465046FCF71AFC97
:10C97800804638BB12494FF43773074A074815F009
:10C9880085FB4FF43771F9E6BC0D0020C004002088
:10C998009C0C00203FCB020091C60200DE930200EF
:10C9A800D1F502004BCB0200C805002066CB02007F
:10C9B8007BCB02008BCB0200B3CB0200A427002064
:10C9C800CDCB02007B68B5F8042194F8C4B093423B
:10C9D8008CBF4FF001090BF1020384F8C49098BF93
:10C9E8005FFA83FB04F1C009D9E8EF2F0132C9E8E7
:10C9F800E12F0029F8D104F11403314618467B6071
:10CA080017F019F894F802A0BAF1010F57D108F1FC
:10CA18000C02042110467A60FBF774FE21880BF0A3
:10CA2800FD0341EA03330380B8F810307A68043B09
:10CA380043800221104616F05EFC4046FDF70AFAD4
:10CA480000284AD07860D9E8EF2F013AC9E8E12FE9
:10CA58000029F8D1314604F1140017F012F87B6868
:10CA68005146204A204816F0F6FF4046FBF764FD81
:10CA780020463146FFF7B2F9B5F804311B48002BC0
:10CA880008BF00200BF0DEFF6D4688B06A46184BE1
:10CA980053616FF00403C2E90634042342F8103FDF
:10CAA8004FF4015110480023F9F734FC1321AD4627
:10CAB8002046FFF7EBFD2046FFF7D4FB30E64FF4A6
:10CAC80040730C4A0C490D4815F0E0FAA1780C485F
:10CAD80015F0DCFA4FF4407150E6FDF793FAEAE7F7
:10CAE8009368FFDEE8BA02007C800200C8050020D7
:10CAF800FECB020091C60200D1F50200DE930200CF
:10CB0800E1CB020040F2E2432DE9F041D0F8886021
:10CB18000446B6FBF3F6031DB6B2D3E8AF2F920472
:10CB280013D5B0F88C20B2420FD8B0F88E20B2429C
:10CB38000BD3D0E92412914207D1D3E8EF1F21F497
:10CB48000051C3E8E21F002AF7D1194B1D6865B1EF
:10CB580055F80C7C1C3D37B131462046B4F892306C
:10CB6800B4F89020B847ED69F1E7124DDFF8488036
:10CB7800454519D9114940F2FB73114A114815F07E
:10CB880085FA114815F082FA40F2FB710C4815F04D
:10CB980074FA2F6937B131462046B4F89230B4F8A8
:10CBA8009020B8472035E3E7F3D3BDE8F08100BF14
:10CBB800D82700200C8002004C800200C1C6020069
:10CBC80091C60200DE93020086A402002DE9F0411E
:10CBD800074608460D4616F049FD064618B90026D0
:10CBE8003046BDE8F0811C4B1C6884B154F8103CF9
:10CBF8001C3C0BB9E469F8E72946384698470028F1
:10CC0800EDD0284616F032FD0028F3D1E7E7134CA3
:10CC1800DFF84C80444518D9124940F63C03124AC3
:10CC2800124815F033FA124815F030FA40F63C0174
:10CC38000D4815F022FA2946384698470028CED0E4
:10CC4800284616F013FD20B9C9E7C9D2E368002BBE
:10CC5800F1D12034DEE700BFD82700200C80020085
:10CC68004C800200C1C6020091C60200DE93020099
:10CC780086A402002DE9F041C37804468BB900F17F
:10CC88007E06194B1D687DB11C3D04F170076B6968
:10CC98001BB13A46314620469847ED6925B11C3DFF
:10CCA800F5E700F17706ECE7104D114F04F1700835
:10CCB800BD4216D90F4940F6C4130F4A0F4815F064
:10CCC800E5F90F4815F0E2F940F6C4110A4815F0E5
:10CCD800D4F96B691BB14246314620469847203546
:10CCE800E6E7F6D3BDE8F081D82700200C800200E3
:10CCF8004C800200C1C6020091C60200DE93020009
:10CD080086A40200F8B5437A05468372164617F0E2
:10CD180007F8154B1C684CB154F8043C1C3C1BB17B
:10CD280032462846697A9847E469F4E70F4C104F71
:10CD3800BC4216D90F494FF422630F4A0F4815F029
:10CD4800A5F90F4815F0A2F94FF422610A4815F029
:10CD580094F9A3691BB132462846697A984720346A
:10CD6800E6E7F6D3F8BD00BFD82700200C80020004
:10CD78004C800200C1C6020091C60200DE93020088
:10CD880086A4020038B505460C460F480121FFF776
:10CD980099F9C0B1057223680367A388A0F87430B5
:10CDA800A37980F876300123437283728370074B2E
:10CDB800C0F8A830064BC0F8AC30064BC0F8B0300D
:10CDC800054BC0F88C3038BDC019002095D2000042
:10CDD80035BE0000533A02001800280070B5054619
:10CDE8000A480E46FFF716FA044620B18378012B4D
:10CDF80004D0FFF737FA0024204670BD3246294692
:10CE080016F0B1FE0028F7D12046F2E7C01900203D
:10CE1800B0B500AF0D46FFF7E1FF044610B3284652
:10CE2800FBF7CCFE637B6D46082B98BF0E4A8AB091
:10CE380094BF52F823300D4B6A46C2E907030C4BE6
:10CE48000C4953620C4BC2E9051442F8103F002309
:10CE58004FF442510948F9F75DFA2046AD46FFF70D
:10CE680001FA0120BD46B0BD748B0200D3C8020090
:10CE78000103020421CC0200050000027C800200AC
:10CE8800F8B505460E480E461746FFF7C3F904469F
:10CE980020B18378012B03D0FFF7E4F900240DE0DB
:10CEA80036B13246294616F05EFE08B92046F3E749
:10CEB800637BBB42FAD1237AAB42F7D12046F8BD57
:10CEC800C019002038B5044608460D4616F0CEFBBA
:10CED80038B3154B93F8D830990707D4E37873B172
:10CEE80029462046BDE8384000F09EBB94F89930AA
:10CEF8009A07F3D5231DD3E8AF3F5B04EED4294648
:10CF0800204616F056FE58B92B88A4F88C306B884A
:10CF1800A4F88E30AB88A4F89430EB88A4F8963047
:10CF280038BD6FF01500FBE7C0040020F7B510F816
:10CF3800333C0446A0F140068BBB304616F093FE06
:10CF4800394B1D684DB155F8183C1C3D1BB1304696
:10CF580014F8341C9847ED69F4E7344D344FBD425A
:10CF680016D9344940F2C473334A344815F08EF860
:10CF7800334815F08BF840F2C4712F4815F07DF84E
:10CF88006B681BB1304614F8341C98472035E6E727
:10CF9800F6D3304603B0BDE8F040FFF763B910F8A8
:10CFA8003E3C012B3ED1A0F13C05D5E8EF3F23F4F0
:10CFB8000052C5E8E12F0029F7D199041FD5E36C89
:10CFC80069460093636D30460193FFF77BFF034684
:10CFD80078B9D5E8EF3F23F48053C5E8E23F002A4B
:10CFE800F7D14FF40061284603B0BDE8F04016F0D1
:10CFF80034BD144A0221144816F02DFDF1E74FF410
:10D008002813124A69463046CDE90023FFF75AFF34
:10D01800034628B94FF48051284616F01EFDE0E774
:10D028000B4AE7E703B0F0BDD82700200C800200C8
:10D038004C800200C1C6020091C60200DE930200C5
:10D0480086A402005ACC02007C8002001800280046
:10D058007FCC02000B4B58B11A6862B902693AB921
:10D0680002685AB942684AB982683AB942692AB923
:10D078001860002070476FF0770070476FF0150058
:10D08800704700BFE827002008B568B1094B00F1D8
:10D098000C011A6822B9074816F0CDFC104608BDE5
:10D0A800914204D01268F5E76FF01500F7E76FF0CA
:10D0B8007700F4E7E027002010B90248FFF7AAB884
:10D0C80000207047C019002010B50C4819F0EBFB80
:10D0D8000B490A4819F0F4FB0A49084819F0F0FB13
:10D0E8000949064819F0ECFB17F01EFA04F0A0FDF8
:10D0F800044608B916F07CFE204610BD9C0C0020A2
:10D10800B4270020C0270020CC27002010B50268D3
:10D11800D2F8B4305BB90D490D4840F2F1230D4AFD
:10D1280014F0B4FF40F2F1210A4814F0A6FFD2F837
:10D13800B8401968A34200F14C0008BFC2F8B81003
:10D148008342C2F8B410E6D110BD00BF63CD02001F
:10D15800DE93020032CD020008B503460121034ADE
:10D16800034815F045FE002008BD00BF7DCD020034
:10D17800D480020080B500AF88B06A46074BC2E988
:10D188000530032342F8103F00234FF4C2510448EE
:10D19800F9F7C0F86FF00B00BD4680BDA5CD0200C1
:10D1A800D4800200044B1A680AB1FFF7E3BF0348B2
:10D1B800586010460B607047EC270020C08B0200B7
:10D1C80070B5044652EA030007D1002213462046F0
:10D1D800BDE870400431FFF701BA0E48007870B915
:10D1E8000D4940F246330D4A0D4814F04FFF0D48E3
:10D1F80014F04CFF40F24631084814F03EFF1AF094
:10D208006BFC094D094ED5F8805030588542DED167
:10D21800DBE700BF8158002063A0020038A00200AD
:10D22800DE93020076A00200301F002008000000F4
:10D2380073B5054618462B680BB35B7B072B1ED1CD
:10D24800002A14BF022301230E7A9E4209DD012120
:10D258000C4A0D48009615F0D5FD6FF0150002B088
:10D2680070BDCB7A072BF8D9C8618A6105F1300007
:10D2780019F026FB284616F0D6FC0020EFE76FF0E1
:10D288007F00ECE7CCCD0200D48002002DE9F04706
:10D2980080460E469146D0F8B44000AF4CB14C3CA5
:10D2A800236B6BB104F1300A504619F01EFB05469A
:10D2B80058B9FCF7A7FE00252846BD46BDE8F0870B
:10D2C8002046FFF723FFE46CE8E798F80D30072BBA
:10D2D8000BD03C4940F2D7333B4A3C4814F0D6FEC9
:10D2E80040F2D731384814F0C8FE16F036F980B14C
:10D2F8006C4688B06A46364BC2E90535032342F8C6
:10D30800103F00234FF4C2513248F9F703F8A546FD
:10D31800D1E72846FBF752F9236D0546B3B9A38C2C
:10D32800B0F81080403B9BB23F2B03D8238D984523
:10D3380028BF9846042105F10C00FBF7E3F9A0F893
:10D348000080A38C438008F104032365236D2A8A97
:10D35800B3420ED8934215D0A38C403B9BB23F2BCF
:10D368002CD92046FFF7D2FE236B13B1204616F0C6
:10D378005AFC236D9E422CBF00269E1BC9F8003024
:10D38800266599E70022002350460BF0CFFA854224
:10D3980009D0114940F209430B4A0C4814F076FEB3
:10D3A80040F209419EE7FBF7C7F8A38CA3F14002BE
:10D3B8003F2AD6D8094AAA61EB61D2E70022134670
:10D3C800F9E700BFECCD020032CD0200DE93020087
:10D3D8000DCE0200D480020025CE0200AB3D020033
:10D3E8002DE9F34104464FF000083D4D3D4FBD4245
:10D3F80071D93D4940F2A7133C4A3D4814F046FE16
:10D408003C4814F043FE40F2A71110E029884B1E57
:10D418003E2B0FD94FF4D573344A3749344814F0AA
:10D4280035FE2988354814F031FE4FF4D5712F4860
:10D4380014F023FE204616F0ABFC0646019068B1B6
:10D448004FF4D773294A2E49294814F01FFE29881A
:10D458002C4814F01BFE4FF4D771E8E720466B68A0
:10D4680001A99847002831DB019B2A889A829A846F
:10D4780003F11002D2E8EF1FC2E8E06F0028F9D1EB
:10D48800DE641E659E60A16B03F1080201BBC4E95E
:10D498000D221C60C3F80C8003F1300019F003FA68
:10D4A800019843681B6803B19847019B1033D3E880
:10D4B800EF1F41F00101C3E8E21F002AF7D10198EC
:10D4C8004368DB6913B100F11001984708358EE70E
:10D4D8000A60A263DDE799D302B0BDE8F08100BF1E
:10D4E800F47F02000C800200CECE020032CD020092
:10D4F800DE93020086A4020035CE020064CE02004C
:10D508008FCE0200A3CE020073B50D460646042155
:10D5180005F10C00FBF734F92B8A428804469A423D
:10D5280007D000921C4A01211C4815F06BFC02B080
:10D5380070BD43783BB90121194A184802B0BDE8CB
:10D54800704015F04CBC0378012BF0D0132B06D19A
:10D55800022AECD0022300931346124AE3E7022181
:10D56800114A0E4815F044FC617802220120356802
:10D5780016F0F3FB04460028D9D002210C30FBF743
:10D588001DF90023214603704370284602B0BDE808
:10D59800704016F013BC00BFF5CE0200D480020024
:10D5A80016CF020037CF020062CF020008B50B8AFF
:10D5B800032B06D80121044A044815F010FC00206A
:10D5C80008BDFFF7A1FFFAE78ACF0200D480020066
:10D5D80038B50B8A0546032B0C4609D801210F4A9A
:10D5E8000F4815F0FCFB2046BDE83840FAF7A4BF09
:10D5F800042104F10C00FBF7C3F84188284616F013
:10D60800EEFB30B9074A0B460548022115F0F0FB3E
:10D61800E9E7436821465B699847E4E7A8CF020039
:10D62800D4800200C5CF020070B5124B0C461978A1
:10D6380005460131C9B2012938BF0121082212204B
:10D64800197016F08AFB064688B108210C30FBF7E2
:10D65800B5F822883146028062884280A28882809A
:10D66800E288C2802846BDE8704016F0A7BB6FF07C
:10D678000B0070BD6C56002023281FD81A2804D828
:10D68800431E182B0ED906207047A0F11B03082B48
:10D698001ED8DFE803F0051D1B231D19251D0500F5
:10D6A8000320704701230F4A83401A40C2B90E4A2B
:10D6B8001A40002A14BF01200620704700F07F039B
:10D6C800522B05D100207047012070470520704774
:10D6D80010F0400F0CBF0620002070470420704750
:10D6E80002207047AAAA8A025455450138B5044653
:10D6F800EFF31185202383F31288BFF36F8F24483B
:10D708000DF09AFC68B98823224A2349234814F06B
:10D71800BDFC1F49224814F0B9FC88211D4814F0AB
:10D72800ACFC1B480DF0ACFC002323601D4B5A6871
:10D738009AB9C3E9004416480DF08CFC80B94FF43F
:10D748009A73144A1849154814F0A0FC1049174850
:10D7580014F09CFC4FF49A71E0E714605C60EAE70F
:10D7680085F31188BFF36F8F11480BF08BFD031EF3
:10D778000CDA01210F4A104815F03AFB002383F315
:10D788001188BFF36F8F0323184602DF38BD00BF2F
:10D7980048280020BEA00200EBA00200DE93020091
:10D7A80000A102004028002016A102002DA10200BD
:10D7B80084080020FACF02006C800200011F014893
:10D7C8000AF04CBD0C0B002008B50B4B1B7873B945
:10D7D8000A4940F246330A4A0A4814F057FC0A48F4
:10D7E80014F054FC40F24631054814F046FC1AF097
:10D7F80073F9064B185808BD8158002063A0020031
:10D8080038A00200DE93020076A0020008000000A3
:10D8180010B50446807AFAF7A7FC0B4B83420BD06D
:10D828000A490B484FF4B5730A4A14F02FFC4FF419
:10D83800B571084814F021FC2046FAF79DFC18221F
:10D84800054B02FB003010BD200D002052D0020015
:10D85800DE93020023D002004C2800202DE9F04777
:10D86800074608460C46FFF7D3FFE3680646D0F89C
:10D87800089007F15802D2E8AF2FD20709D4012146
:10D88800284A294816F0D7FA6FF015052846BDE84A
:10D89800F087228A5AB9254925484FF4DB73254A6F
:10D8A80014F0F4FB4FF4DB71224814F0E6FBE26855
:10D8B80012780271002202601B78D22B0FD13B68CC
:10D8C8002146186817F0F8FA054640B101211A4AAE
:10D8D800154816F0B0FA2046FAF72EFED6E704F1FE
:10D8E8000C0015F01FFD0023B4F810A080461A465E
:10D8F8002146B760381DFFF79BFC05460028C5D0B8
:10D9080010F1690F04D101210C4A074816F093FA67
:10D918006369A4F810A013FA88F3E360C6F80890C6
:10D928003560B3E77ED002006C80020098D0020018
:10D93800DE93020023D00200BED00200D1D0020044
:10D948000121024A024816F076BA00BFF4D002005C
:10D958006C80020010B5044600F15403D3E8EF1FB1
:10D9680041F00101C3E8E21F002AF7D1201F16F099
:10D9780004FB04F17C0004490BF030FE2068BDE88C
:10D98800104002F0E5BD00BFD1EA000070B5037891
:10D998008AB004460E4607AD032B20D8DFE803F013
:10D9A80002191B1D11492846F3F7BEFA059563783D
:10D9B8001E210493A37830460393E3780C4A02931C
:10D9C8002379019363790093A37912F0A3FC0AB039
:10D9D80070BD0849E7E70849E5E70849E3E70A2190
:10D9E8002846074A12F096FCE0E700BF0D940200B3
:10D9F8002F940200149402001B9402002594020044
:10DA0800B9DB02002DE9FF414FF000084FF4205325
:10DA180005460E46006802A9144617688DF8088066
:10DA2800ADF80A3015F006FDA0B142F601032868EA
:10DA380003A98DF80C80ADF80E3015F0FBFC48B149
:10DA480023691BB15A88B24200D25E80012004B01B
:10DA5800BDE8F0816168286815F0ECFC10B100237E
:10DA68002361F3E7E368A0681A786AB1B7F81AC0C7
:10DA7800798D038A8C4594BFC3EB0C03C3EB010378
:10DA8800934201DA0020E2E704210C30FAF796FE0F
:10DA980020610680236929465E80074B0194009324
:10DAA80038460023A26816F001FB0028EADB20694B
:10DAB800003818BF0120CAE7E93F020073B50E46D7
:10DAC800438D418B01328B4228BF0B469A42054653
:10DAD80009D9022100921A481A4A15F093F900242C
:10DAE800204602B070BD3046FFF7C6FD022810D0B0
:10DAF80004280ED0FFF768FE134BD3F8803083421A
:10DB08001BD0124B1B681A1A18BF4FF0FF3213466E
:10DB180002E04FF47022002300210D48FFF750FB6C
:10DB280004460028DCD0FFF773FE0121856004F16C
:10DB38000C00FAF743FE0670D2E70022E7E700BFC1
:10DB48006C80020011D10200301F002094280020B0
:10DB5800200D0020F0B51D4603680E460039044626
:10DB680018BF012187B01868174616F0CBFF40B9D7
:10DB780004F1580016F05AFB002846D0002007B0E0
:10DB8800F0BD002D43D018220021684619F0FFFE91
:10DB98006FB1002239462046FFF790FF019030B957
:10DBA8001C4801211C4A16F046F91120E7E72368B2
:10DBB80029461B68284600930023ADF812300C9BB9
:10DBC800164A0393BDF834308DF80860ADF810306C
:10DBD80001238DF814306B4616F068F99DF814305F
:10DBE80063B1002FCAD00198FAF7A6FC2A4631463D
:10DBF80020469DF8143016F024FBBFE70199002950
:10DC0800BCD0204616F02BFAB8E71220B7E701205F
:10DC1800B5E700BF6C80020036D10200433E020027
:10DC28002DE9F34717680546894600685168144688
:10DC3800D7F804A015F0FEFB804600284BD19522AA
:10DC48002946504616F0ECFE0646207540B1E368BA
:10DC58001B780BB184F81480002002B0BDE8F0876F
:10DC68002946504616F088FF10B908232375F3E7B4
:10DC7800A0682675FAF7BAFC02210C30FAF79EFD67
:10DC8800164B2061A0F80090009301943346294672
:10DC98003846A26816F00AFA002807DA10F1FF0FD2
:10DCA80032BF0E204042C0B22075D5E72369002B51
:10DCB800D2D0A06816F0A7F87B8D7A8B9A4294BFD1
:10DCC800C0EB0200C0EB0300E3681B78984294BFE6
:10DCD80000200120C1E70120BFE700BF1F3E02006E
:10DCE800F7B50B8A04460D4607683BB90121284A57
:10DCF800284816F0A0F8002003B0F0BD012105F176
:10DD08000C00FAF73DFD7B7B0646072BF3D154F850
:10DD1800043C002BEFD0002203781F48043C10F885
:10DD2800327000EBC2019F420FD12A8A48788F785F
:10DD3800904220D90121009316481346174A15F03E
:10DD480061F8012FD7D104231EE001320C2AE6D155
:10DD580002211048124A15F04BF831780846FFF7AF
:10DD68008BFC0028C7D00528C5D0062300222046F2
:10DD780016F067FABFE74B68204629469847012FF7
:10DD88000346B8D10028B6D000223178EFE700BFAB
:10DD98004FD102006C800200E88B020084D102009F
:10DDA8006AD102002DE9F04F42F60103002591B037
:10DDB800166880460F4600680BA9D6F804901446EA
:10DDC8008DF82C50ADF82E3015F034FB002870D0AB
:10DDD8004FF42053D8F800000BA98DF82C50ADF85B
:10DDE8002E3015F027FB38B1A3681BB15A88BA4208
:10DDF80000D25F8001200EE06168084616F003F843
:10DE0800728D738B9A4294BFC0EB0200C0EB030083
:10DE1800032803D8002011B0BDE8F08F0846FAF7B0
:10DE2800E5FB0546606815F0EEFF728B738D05F112
:10DE38000C0B9A4294BFC0EB020AC0EB030A584687
:10DE480015F074FA824537D2606815F0DCFF728DE0
:10DE5800738B9A4294BFC0EB0200C0EB030070B909
:10DE68006368987AFAF780F90022002315F038FAE7
:10DE780005460028CED001466068FAF7FDFB00236E
:10DE88000093D8F8046010234146484602AAB047D8
:10DE9800061E0EDB227CE068B2422BD001460BA89E
:10DEA80015F0F6FA60B9237C144A0221144814F0DC
:10DEB8009FFF0023A3609DE7584615F037FACEE789
:10DEC800F2B202A906A815F0E3FA10B90D4A3346D2
:10DED800EBE706A90BA815F0ADFA0028E9D1002355
:10DEE8000421637405F10C00FAF768FCA060078050
:10DEF800A3687EE702A919F052FDEEE7A3D102005C
:10DF08006C800200C2D10200F8B54FF470220746B7
:10DF180000230F480D4615F0E3F9044638B90121EE
:10DF28002B460C4A0C4814F063FF2046F8BD00F15C
:10DF38000C0609213046FAF7C3FB2046FFF768FCB8
:10DF4800012187603046FAF739FC0570EDE700BF1C
:10DF5800200D00207DCD02006C8002002DE9F041EB
:10DF68000E8A0446043EF6B2022E08468CB001D052
:10DF7800102E64D104210C30FAF702FC0DF10808C8
:10DF880005884788011D3246404615F081FA002869
:10DF980057D09DB3002687B3AF422FD34FF42053F9
:10DFA800404601A98DF80460ADF8063015F042FA34
:10DFB80040BB1422002107A819F0E9FC11212046D2
:10DFC800FFF7A2FF0990002837D001210C30CDE9D6
:10DFD8000748FAF7F3FB00230A90394603701A4AF8
:10DFE8000B93284607AB15F061FF0A9B1B78FBB91A
:10DFF8000998FAF7A1FA0A2301E03D4601232A46C7
:10E0080010210EE042F60103404607A98DF81C6076
:10E01800ADF81E3015F00EFA0028CAD010232A4693
:10E028001946204616F00DF900200CB0BDE8F08125
:10E038002046099916F013F8F6E71120F5E70420B1
:10E04800F3E70E20F1E700BF0DDA00002DE9F043F9
:10E05800036804460D4685B00121186816F052FD84
:10E0680040B904F1580016F0E1F8B0BB122005B031
:10E07800BDE8F08310220021684619F088FC2121B0
:10E088002046FFF741FF029048B34FF00108DFF840
:10E098005490009405F10C072B8A012B04D82046D4
:10E0A800029915F0DCFF18E0384615F033F96B4695
:10E0B8004A46014606468DF80C8015F0F7FE9DF895
:10E0C8000C30002BE8D00298FAF736FA32462021B5
:10E0D80020469DF80C3016F0B4F80020C7E7112050
:10E0E800C5E700BF394302002DE9F0430368044641
:10E0F8000D4685B00121186816F004FD40B904F1F9
:10E10800580016F093F8B0BB122005B0BDE8F083B4
:10E1180010220021684619F03AFC0F212046FFF72B
:10E12800F3FE029048B34FF00108DFF854900094D2
:10E1380005F10C072B8A012B04D82046029915F00B
:10E148008EFF18E0384615F0E5F86B464A4601465A
:10E1580006468DF80C8015F0A9FE9DF80C30002BB2
:10E16800E8D00298FAF7E8F932460E2120469DF8E1
:10E178000C3016F066F80020C7E71120C5E700BF8D
:10E18800D9420200F0B51D46036804460E4685B024
:10E1980001211868174616F0B5FC38B904F1580083
:10E1A80016F044F848BB122005B0F0BD65B3102244
:10E1B8000021684619F0EBFB39462046FFF7A4FE1C
:10E1C800029018B3BDF828302946ADF80430012371
:10E1D80028468DF80C300E4A6B46009415F066FE02
:10E1E8009DF80C305BB10298FAF7A6F92A46314639
:10E1F80020469DF80C3016F024F80020D4E720467D
:10E20800029915F02CFFF8E70120CDE71120CBE7A4
:10E21800D94202002DE9F0410E8A0446043EF6B2C6
:10E22800022E08468CB001D0102E76D104210C3075
:10E23800FAF7A6FA0DF1040805884788011D324649
:10E24800404615F025F9002869D085B377B3BD425B
:10E258002DD80121606816F055FC064678BB42F6B9
:10E2680002038DF8000069464046ADF8023015F00B
:10E27800E1F820B342F60303404606A98DF818607A
:10E28800ADF81A3015F0D6F8C8B1012D03D14FF604
:10E29800FF739F4213D004F1580015F0C7FF002800
:10E2A80014BF002012200CB0BDE8F0813D460123C8
:10E2B8002A460821204615F0C4FF0020F3E718225B
:10E2C80000210DEB020019F062FB09212046FFF73F
:10E2D8001BFE0890F8B101210C30CDE90648FAF789
:10E2E8006DFA0023099003700A2339468DF82C3003
:10E2F800284606AB0B4A15F0D9FD9DF82C302BB1FA
:10E308000898FAF719F99DF82C30D1E720460899B2
:10E3180015F0A5FED1E71120C5E70420C3E70E20BC
:10E32800C1E700BF29DC00002DE9F0430F46044691
:10E33800062187B007F10C00FAF722FA0588B0F831
:10E3480002808288D7F80C90C5B10023B8F1000F7D
:10E3580013D0454512D88DF800308DF804304FF4AD
:10E368002053684601A9ADF80220ADF8063015F033
:10E3780061F8064660B10A2301E0454601232A46B2
:10E388000621204615F05DFF002007B0BDE8F083A8
:10E398000146142201A83F7C19F0F9FA072120460A
:10E3A800FFF7B2FD0290D8B10A2341468DF8153027
:10E3B800284601AB0B4ACDE9036901948DF8147026
:10E3C80015F074FD9DF815302BB10298FAF7B4F8E2
:10E3D8009DF81530D3E72046029915F040FED3E7A3
:10E3E8001120D2E7ADDD00007FB5CB6804461D885B
:10E3F8005E8885B176B1B5420DD8102200216846F5
:10E4080019F0C5FA05212046FFF77EFD019058B99D
:10E41800112007E0354601232A460421204615F03D
:10E4280010FF002004B070BD6B4631462846084AEC
:10E43800009415F03BFD029B23B90198FAF77CF88C
:10E448000A23E9E72046019915F009FEE9E700BF2C
:10E45800CB3E02002DE9F04182B000AF0446884669
:10E468000022002339463A4809F06CFE0546B0B14F
:10E478006D4688B06A46374BC2E90534032342F833
:10E48800103F00234FF4C2513348F7F743FFAD461E
:10E498006FF00B0630460837BD46BDE8F081FFF740
:10E4A80093F93E682D4B2C2218602946301D19F02F
:10E4B8006EFA34603C6800220023C4E90155C4E9BF
:10E4C8000A552748391D7D6009F03CFE064688B18B
:10E4D80023686C4688B06A462249C2E905130323BB
:10E4E80042F8103F4FF4C4512B461B48F7F712FF70
:10E4F800A546CDE77B680146B822184619F047FAC9
:10E50800194A8260603018F0CEF97B685833D3E836
:10E51800EF2FC3E8E16F0029F9D17B681C60A36A7B
:10E528007D681BB904F10C0018F0BDF9A26A05F169
:10E53800B003C5F8B020E26AA36202B9E362172209
:10E548007B685A855A830433C8F80030A2E700BFB5
:10E55800EC0A0020E1D102006C800200942800201F
:10E568000C0B002006D202005C08002008B5437B93
:10E57800072B06D002210C4A0C4815F05CFC002041
:10E5880008BD042115F02BFC10B9094A0121F3E755
:10E5980000F15403D3E8AF3FDB0701D4054AF5E7A0
:10E5A80050F8040CECE700BF2BD202006C8002008C
:10E5B80039D202007ED002002DE9F04F85B000AFBD
:10E5C800B860EFF31188202383F31288BFF36F8FAD
:10E5D8006F480CF031FD68B988236E4A6E496F4860
:10E5E80013F054FD6A496E4813F050FD88216948BC
:10E5F80013F043FD6B4D66480CF042FD284615F0BC
:10E60800F8FB044662482E680CF024FD68B94FF404
:10E618009A73604A6449614813F038FD5C4963485D
:10E6280013F034FD4FF49A71E1E788F31188BFF3D2
:10E638006F8F002C5BD02046FFF7EAF803690021B2
:10E64800D0E902581822FB60D0F800A090F8049096
:10E65800B0F806B019F09BF9A07AF9F785FD616961
:10E66800034659B1627AD00706D4DA6A204612689E
:10E678007B60926890477B68002262612146184659
:10E6880018F029F9B9F1000F0DD065B12B6853B115
:10E698001B6843B1BAF1000F2DD001215346444AFB
:10E6A800444814F0A5FB16B30020B96818F086F9A1
:10E6B80000281CDA6C468AB06A463F4B53613F4BD0
:10E6C800C2E906304FF4007313843D4B42F8103F03
:10E6D80000234FF411513748F7F71CFE0023A546D5
:10E6E80083F31188BFF36F8F0323184602DF1437B3
:10E6F800BD46BDE8F08F4846FEF7BEFF0446281D1C
:10E7080015F095FE052C34D80123A34013F0140905
:10E71800C9D113F0090F05F1580217D113F0220FD0
:10E7280027D0D2E8AF3FDA0705D40121254A21488E
:10E7380015F081FBB7E7EB6D002BB4D04FF47022D6
:10E74800002305F180000BF081F8ACE72B681C680A
:10E75800D2E8AF3FDB07E8D5B8F1000FA3D01FFA26
:10E7680089F35B459FD22046F968C04709F1010942
:10E77800F5E74FF44673144A1449084813F086FC29
:10E788002146134813F082FC4FF446710E482FE7D8
:10E7980048280020BEA00200EBA00200DE93020081
:10E7A80000A102004028002016A102002DA10200AD
:10E7B80054D202006C8002008CD2020047D30200BF
:10E7C800040000017ED0020023D00200D1F502002F
:10E7D80073D20200F8B50F461646FFF7C7FEB0B170
:10E7E800846A20461CB150F8B04904B1B03C731C8F
:10E7F800194638B1428D458BAA4228BF2A469A420B
:10E8080007D264B902210A4A0A4814F0F1FA002032
:10E81800F8BD32463946BDE8F840FFF74FB9D4F89D
:10E82800B05005B1B03D20460B462C46E2E700BF8C
:10E83800A7D202006C800200002337B50546019379
:10E848000C46FEF7C1FF0F4B1B68834204D00E4BEA
:10E85800D3F88030834201D100252C4601A92A46ED
:10E8680023460A4809F06EFC014640B9019B1C2268
:10E87800184619F08CF80346184603B030BD00233B
:10E88800FAE700BF94280020301F00202C0B00203E
:10E8980010B50446806818B1F9F74EFE0023A3604E
:10E8A8002146BDE81040014809F0D8BC2C0B0020D7
:10E8B8002DE9F347044680300E4617461D460AF0F8
:10E8C800CBFFE06D58B918480221184A15F0B3FA81
:10E8D800204600F0D9F8002002B0BDE8F087144BBC
:10E8E8004FF00008984205D12068C4F85C8015F004
:10E8F800CFFDF0E7D0F80490C0F80480E06DD0F8C0
:10E9080018A0FFF7C5FF2068C4F85C8015F0C0FDAB
:10E91800B9F1000FDFD02068CDF800A03B463246A1
:10E9280029460068C847D6E76C800200C2D20200B8
:10E938009828002070B5054650F8043C044655F860
:10E948000469002B3AD039B1836D002B36D01B7C7B
:10E95800DA0733D505231BE0304601F061FE737AF0
:10E96800012B2BD0A46D4CB3237CDB0726D5E368A1
:10E97800002BEFD028466269617CFFF79FF80646B6
:10E9880068B9637C01210E4A0E4814F031FA0E234F
:10E9980000222846BDE870401146FFF789BFE368AA
:10E9A800D4E90512984718B13046F9F7C5FDEEE7E6
:10E9B80031462846FEF752FF0028F5D170BD00BF4A
:10E9C800D9D202006C800200F7B550F8044C054615
:10E9D800002C55D000F1AC0104F1280015F00DFC15
:10E9E8002E1F05F15C0700220023384609F09EFF20
:10E9F800024658BBAB6D2BB101466FF0670330463A
:10EA0800FFF756FF002345F8043C05F15403D3E80B
:10EA1800EF1F21F00101C3E8E21F002AF7D1A36A22
:10EA280073BB04F10C0600220023304609F07EFF78
:10EA380078B9666886B921461248266009F00EFC46
:10EA4800286803B0BDE8F04001F002BEF9F774FD94
:10EA5800C9E7F9F771FDE6E7A26833689642636093
:10EA680008BFA36077683FB1B3696FF0670100938F
:10EA7800002320681A46B8473046FFF709FFD8E751
:10EA880003B0F0BDEC0A002030B50546044655F841
:10EA9800043B89B0186815F086F86946FEF776FFDA
:10EAA8002846FFF791FF13216068FDF7EFFD034645
:10EAB80020B10121024A034814F09AF909B030BD87
:10EAC800F9D202006C800200B0B588B0044654F850
:10EAD800803D00AF186815F066F83946FEF756FF16
:10EAE8006D4688B06A460B4BC2E905374FF4007390
:10EAF8009383094B42F8103F00234FF4E251074833
:10EB0800F7F708FC2046AD46FFF7BEFF2037BD46A5
:10EB1800B0BD00BF17D30200030000016C800200E3
:10EB280070B50E4658B9214940F6CE73204A21489F
:10EB380013F0ACFA40F6CE711D4813F09EFA49B9AD
:10EB48001D4940F6CF731A4A1A4813F09FFA40F647
:10EB5800CF71F1E7FFF70AFD044628B93046F9F707
:10EB6800EBFC6FF07F0070BD00F10C0528463146C4
:10EB780017F0A6FEA06A38B150F8B04904B1B03C0D
:10EB8800294615F07AFA20B90020ECE71C466FF008
:10EB98000100002CF8D0D4F8B03023B90230F5D0F9
:10EBA80020461C46ECE7B03BF8E700BF46CB020026
:10EBB80023D00200DE93020088B8020038B50C4664
:10EBC800054658B9184940F6E373184A184813F02F
:10EBD8005DFA40F6E371154813F04FFA49B9154943
:10EBE80040F6E473114A124813F050FA40F6E47103
:10EBF800F1E70BF0EBFC2846FFF7B8FC20B90BF067
:10EC080057FD6FF07F0038BD0023236083683BB950
:10EC1800C0E9014415F03CFC0BF04AFD0020F2E786
:10EC28001C608460F6E700BF46CB020023D00200D8
:10EC3800DE93020043D3020008B518F038FA38B161
:10EC4800034601210348044A15F0C3FC6FF0040091
:10EC580008BD00BF9C8002006AD3020010B51846A8
:10EC6800144607491022A047041E07DA234601214B
:10EC7800044A054815F0ADFC204610BD0024FBE70A
:10EC8800E81A002080D302009C80020070B50D4C69
:10EC9800064623780D46834204D12846611C15F0A8
:10ECA800EDFC58B9237CB3420AD12846064915F031
:10ECB800E5FC10B1012004EB001070BD0020FAE75C
:10ECC8000020FAE7CC280020DD28002070B50D4C84
:10ECD800064623780D46834204D12846611C15F068
:10ECE800CDFC58B9237BB3420AD12846064915F012
:10ECF800C5FC0028054808BF002070BD2046FCE779
:10ED08000020FAE7901A00209D1A00209C1A002083
:10ED180070B50D4C054623780E46834203D1601C1E
:10ED280015F0ACFC60B9237BAB420BD131460748E8
:10ED380015F0A4FC18B101200C2303FB004070BDA2
:10ED48000020F9E70020FAE7763C0020833C002009
:10ED580070B5204B144682689A420FD1A568C668E0
:10ED680075B922793046216815F090FC024628B121
:10ED78001949013015F0AFFC15701581012070BDDF
:10ED8800E0680028FBD02B888B420AD0F6D2E068D6
:10ED9800A36801380433E060003818BF0120A3607D
:10EDA800EDE7256822792946304615F06FFC0246C2
:10EDB80060B93046084915F069FC02460028E6D0DB
:10EDC8002946013015F087FC23791370A3685B8806
:10EDD8001381DCE765F300001BB30200102110B5B6
:10EDE8000648FAF75BF8034630B1BDE81040012148
:10EDF800034A044815F0EDBB10BD00BFD81A002027
:10EE0800A1D302009C80020070B50646134D40B1A4
:10EE18002A4615F8011C6C1E14F0A5FE98B1204670
:10EE28000CE028460E4915F029FC40B90C4905F1BB
:10EE3800100015F023FC20B105F10F0070BD681E0D
:10EE4800FCE70020FAE73046217C04F1110214F0B7
:10EE58008AFE0028F5D004F11000EFE7CD28002045
:10EE68001BB3020010B54A1C0C4638B1097814F0DF
:10EE78007AFE08B1204610BD0020FCE71046024982
:10EE880015F0FCFBF5E700BF1BB302002DE9F041CC
:10EE980006460F46904614F00CFC394604463046A8
:10EEA800FFF714FF0546B4B3A8B91C4815F01AFCBF
:10EEB8001B4A0446F0B102F1140015F013FCD8B94E
:10EEC800012402F10C050C235C43601C39461044F4
:10EED80015F001FC1655012105F1080001FA08F1A9
:10EEE80015F0E3FBBDE8F0414FF4004200230D4864
:10EEF8000AF0ACBC1546E6E70B4940F2C6530B4A8C
:10EF08000B4813F0C3F80B4813F0C0F840F2C65191
:10EF1800064813F0B2F8BDE8F08100BF981A002047
:10EF2800901A0020A81A0020F7D30200C7D30200C5
:10EF3800DE93020009D402000246014610B50423FC
:10EF480011F8010B0832F9F777FF034630B1BDE835
:10EF580010400121024A034815F03BBB10BD00BF19
:10EF680028D402009C8002002DE9F04180460F461B
:10EF780016461D46FFF7CCFE044680B91549FFF733
:10EF8800C7FE044630B9BDE8F0410121124A1348D2
:10EF980015F0ABBB394600F8018B15F09CFB2289B4
:10EFA80063896AB973B926816581214611F8010B15
:10EFB80014F07FFB40B12046BDE8F041FFF7BCBF2D
:10EFC800964203D39D42EFD8BDE8F0819D42268149
:10EFD800EBD9E9E71BB3020044D402009C8002008D
:10EFE80008B50121024A034815F07FFB002008BD3F
:10EFF80063D402009C80020038B514460E4B826828
:10F008000D469A4215D122792168C06815F03EFB59
:10F0180078B1D4F8C8302F2B03D9BDE83840FFF7B2
:10F02800DFBF04EB83021581018901335181C4F8E4
:10F03800C830012038BD00BF65F3000008B50121C4
:10F04800034A044815F051FB6FF0150008BD00BFD6
:10F05800B7D402009C8002001FB519464FF428134C
:10F068001046064ACDE902230823BDF8182000936C
:10F078006B4415F054FB05B05DF804FB180028003C
:10F0880038B51546084B82689A420AD1C46829687F
:10F098000134204615F0F2FA18B12046696815F0D7
:10F0A8001AFB012038BD00BF65F3000008B5134600
:10F0B8008168074A914209D11A791968C06815F020
:10F0C800E5FA18B10023036043600381012008BDFD
:10F0D80065F300004FF4A472002301480AF0B6BBA0
:10F0E800701B002008B50421084815F0DEFA6FF0FF
:10F0F8000201064815F0E4FA044815F0F3FAC307CC
:10F1080001D5FFF7E7FF002008BD00BFA01B0020C6
:10F11800024608B50749013015F0DDFA00230C3224
:10F1280002F8043CD2E8EF1FC2E8E03F0028F9D11A
:10F1380008BD00BF1BB3020010B5FFF7E9FD044688
:10F1480078B1014611F8010BF9F784FE034620B1A6
:10F158000121054A054815F03CFA00232360636045
:10F16800A360002010BD00BFC3D402009C80020031
:10F1780070B500F1700605463146007A14F099FA28
:10F1880004463146287A54B1FFF7D6FF034660B1EA
:10F19800BDE870400121054A054815F01ABAFFF785
:10F1A800B7FD10B104604460846070BDE0D4020013
:10F1B8009C8002002DE9F04385B00E4690469946A2
:10F1C800044600AF58B90121344A354815F08DFA84
:10F1D8006FF0150528461437BD46BDE8F08307F1E2
:10F1E800080114F001F9054698B16D4688B06A46E1
:10F1F8002C4BC2E905344FF4007393832A4B42F831
:10F20800103F00234FF4E2512548F7F783F8AD4645
:10F21800DEE72046391D13F0F9FE786858B10A2256
:10F22800294611F0A3F8034628B101211F4A1C48BA
:10F2380015F0CFF9CCE7002007F10801FFF768FDCA
:10F24800044620BB002EC5D01949FFF761FD0446CE
:10F2580038B90121174A124815F047FA6FF00B0523
:10F26800B8E7002307F1080100F8013B15F033FA6D
:10F2780004F1080104224846C047041EAADA2346BE
:10F2880001210D4A064815F0A4F92546A2E7002EEB
:10F29800EED10660466086609CE700BF46B3020078
:10F2A8009C800200F6D402000300000112D502007F
:10F2B8001BB302002DD5020080D302002DE9F041D6
:10F2C800234B1546826807469A4202D1C46863896F
:10F2D80033BB0120BDE8F081FCF7C4FF0021E368DF
:10F2E8006181002BF5D038469847F2E705F17008A0
:10F2F8004146287A14F0DDF968B9164B9C4202D1D0
:10F308002846FFF735FF3046134915F0E4F9002386
:10F3180023702381E2E74146304615F0DCF9DDE74A
:10F328002389002BDAD0264616F8011B28463246D8
:10F3380014F019FC0028D9D131462078FDF74EFD8C
:10F348000028CBD0437B072BC6D1FCF78BFFC0E747
:10F3580065F30000BC0800201BB302002DE9F0474C
:10F368001F46BDF8203006468846D1F80C90002B81
:10F378004ED17B1E012B4ED8012F4946157818BF58
:10F388001588FFF76FFD0446B8B915B93846BDE8CA
:10F39800F0874946FFF766FD044638B91F48022141
:10F3A8001F4A15F0A2F96FF01000F0E706F170019E
:10F3B800013015F090F9337A2370D9F81030DBB9A1
:10F3C800B4F808A02581B9F80A30AB4203D0494601
:10F3D800404615F08CF9AA4505D00022307A06F18E
:10F3E8007001FFF753FD002DD0D10E49601C15F0B8
:10F3F80072F925702581C9E72A4641463046984763
:10F408000028C4DB01380128DAD96FF00D00BEE707
:10F418006FF00600BBE76FF00C00B8E79C800200B5
:10F428004FD502001BB3020008B50121114815F0A1
:10F438003CF910F0010F104B0AD1104A9A610D489F
:10F4480015F050F9830713D4BDE80840FFF742BE12
:10F458001A8B588B012A4FF6FF7205D8904207D0B5
:10F468004FF6FF725A83EAE790421983E7D0F7E72D
:10F4780008BD00BFA01B0020501B00200100FFFF9B
:10F488002DE9F0411F46BDF818300646012B90467D
:10F4980035D83B44012B3D4634DCFFF7B5FC044628
:10F4A80068B9FFF7B1FC044648B90221184A19485F
:10F4B80015F01BF96FF010052846BDE8F08197B1EB
:10F4C8000023217A98F8002021FA03F0C70703D512
:10F4D80022FA03F0C00718D50133032BF4D102F048
:10F4E80007021143217206F17001601C15F0F3F850
:10F4F800337A01212046237015F0BDF9DCE76FF05F
:10F508000605D9E76FF00C05D6E76FF01205D3E7CB
:10F5180069D502009C80020010B56FF00201044614
:10F528000E4815F0CDF80D4815F0DCF8C20704D5E3
:10F53800002200230A480AF089F9204614F0FBFF4C
:10F5480058B12046FFF760FC38B1037ADB0704D5D1
:10F55800BDE81040012115F08EB910BDA01B002098
:10F56800701B00202DE9F04385B089461646984661
:10F57800044600AF58B90121414A424815F0B5F890
:10F588006FF0150528461437BD46BDE8F08307F12E
:10F59800080113F029FF054698B16D4688B06A4600
:10F5A800394BC2E905344FF400739383374B42F863
:10F5B800103F00234FF4E2513248F6F7ABFEAD4658
:10F5C800DEE72046391D13F021FD786858B10A227C
:10F5D800294610F0CBFE034628B101212C4A2948C0
:10F5E80014F0F7FFCCE7002007F10801FFF74EFB06
:10F5F800044690B9FFF708FC044638B90121254AAA
:10F60800204815F072F86FF00B05BBE7002307F1EF
:10F61800080100F8013B15F05EF8B9F1000F2AD097
:10F62800022239464046B047061E07DA3346012112
:10F63800194A144814F0CDFF3546A3E73B78022E4B
:10F64800237209D00221154A0E4815F04EF8002100
:10F65800204615F010F995E77B78012B05D931463E
:10F668000F4A084814F0B5FFF1E7204603F00101FE
:10F6780015F0F1F886E72046FFF74AFD82E700BF5C
:10F6880046B302009C800200F6D402000300000189
:10F6980012D5020095D5020080D30200B7D502002A
:10F6A8000BD6020037B504460D46FFF7EFFA0246BF
:10F6B800C0B1037A0C308DF8043015F013F802232A
:10F6C80000F001008DF8050001AA29462046F9F747
:10F6D800C9FB034620B10121034A044814F079FF0D
:10F6E80003B030BD0346F0E75CD602009C80020000
:10F6F80010B5104C1049204614F0C0FF014638B927
:10F70800601E15F0A8F8214614F8010CFFF7CAFF8F
:10F7180009490A4814F0B2FF014650B9084815F0E3
:10F728009AF8BDE81040074B187C03F11101FFF768
:10F73800B9BF10BDCD2800201BB30200DD28002072
:10F74800DC280020CC280020012110B5234814F023
:10F75800ACFFC30740D40221204814F0A6FF08409C
:10F768001FD11F491F4A0B881F4CA24216D900B14E
:10F778000B801E4940F207631D4A1E4812F086FCA2
:10F788001D4812F083FC40F20761194812F075FC1D
:10F798005068083203449BB20120E6E7F8D300B171
:10F7A8000B801649164809F019FF4FF4A47200237C
:10F7B8001348F9F7F7FB1349134809F00FFF022123
:10F7C800124814F072FF1248124909F007FFBDE809
:10F7D80010401148FDF758BC10BD00BFEC280020B0
:10F7E8008E3C00204C800200648002008CD602000F
:10F7F800C7D30200DE93020086A402007949020002
:10F80800F81A00204D010100701B0020A01B0020E9
:10F81800A81A0020094A02009408002003462DE98E
:10F82800F04198B3008A88BB01244FF0140C1949A1
:10F83800DFF864E0714528D9184940F28373184A03
:10F84800184812F023FC184812F020FC40F283718B
:10F85800134812F012FCD1E90076BB4204D30CFB2A
:10F868000672143A93420ED93444A2B214460831AF
:10F87800E0E70CFB057843450AD001356219B5422B
:10F8880092B2F6D1F2E70025F8E7E4D3BDE8F081BB
:10F898001046FBE74C8002006480020085D6020017
:10F8A800C7D30200DE93020086A402002DE9F74FB9
:10F8B80099464FF6FF73BDF830500746002D08BF34
:10F8C8001D462B4B90461B880091834232D203B0D1
:10F8D800BDE8F08F40468958019313F0ABFD019BBA
:10F8E80090B101340AF1010AA4B2736853452CD9C6
:10F8F800009B31689C42EAD8BC42F2D30BFB0AF267
:10F908008B18B8F1000FE5D1B9F1000F0BD1013D0B
:10F918001846ADB221460E9A0D9B9847002DD6D0B9
:10F928000028DED1D3E7DA689145DAD1EFE74FF066
:10F93800000ADAE701244FF0140B0E4E06E0C6D297
:10F9480073682344BB42F2D29CB208360A4B9E42EB
:10F95800F5D90A4940F64B03094A0A4812F096FBC2
:10F96800094812F093FB40F64B01054812F085FB5D
:10F978008E3C00204C8002006480020085D6020084
:10F98800C7D30200DE93020086A4020018220021D9
:10F9980010B5E4B00DEB0200CDE90111CDE903117A
:10F9A80017F0F5FF4FF41053ADF814308023ADF87D
:10F9B80016304FF48063234C1022CDE9073401A997
:10F9C80062AB05A80CF080FD034630B11E4A012148
:10F9D8001E4814F0FEFD64B010BD01464FF4AC7231
:10F9E8000CA817F0D4FF224662990CA817F05CFB0C
:10F9F800034608B1164AEAE74FF6FF710120154A97
:10FA08000CAB14F0AAFF1022134905AB0CA817F091
:10FA180062FB044662980CF015FD14B123460F4AA8
:10FA2800D5E721460C4B03F11002187812F8014D66
:10FA38000131082903F8014B1070F6D1084814F079
:10FA480034FEC8E70002C003B4D602009C8002005E
:10FA5800DDD60200DF450200D81A0020FBD60200DE
:10FA6800A01B00202DE9F04118490446A1F13000FF
:10FA780015461E46BDF8187009F04AFF144814F0E0
:10FA880031FE010705D4FFF781FFFFF731FEFFF7CD
:10FA9800A5F92046FFF7B8F968B1037ADA070AD55D
:10FAA80000F10C04204614F01DFEC30703D4022104
:10FAB800204614F0FAFD10233A46069331462846AC
:10FAC800BDE8F041034B14F02ABE00BF281B0020FC
:10FAD800A01B0020D81A002010B51A4814F002FE06
:10FAE800C0F3C00080F0010408B9FFF74FFF1548C4
:10FAF80014F0F8FD0346134814F0F4FDDA061FD598
:10FB0800830606D5E4B1FFF7F3FDBDE81040FFF723
:10FB180065B920210B4814F0C8FD10220A4988183D
:10FB280017F03DFF48B9094809F096FEBDE81040B6
:10FB38006FF00101034814F0C3BDFFF775FCE2E75D
:10FB480010BD00BFA01B0020D81A0020701B002089
:10FB580008B51021034814F0A8FDFFF7BDFF0020E9
:10FB680008BD00BFA01B00202DE9F04FB9B000AFC1
:10FB78000C46904637493A46D7F80801994613F09B
:10FB880021FA38B9FFF75AFA05462846E437BD4640
:10FB9800BDE8F08F3E68391D304613F037FA3EB99C
:10FBA80001212D4A2D4814F0A0FD6FF015043EE008
:10FBB8007868F8B94FF0000B07F1080A514630464B
:10FBC80087F814B013F010FC054600B36C4688B0F3
:10FBD8006A46234BC2E905364FF400739383214BE1
:10FBE80042F8103F4FF4E2515B461C48F6F792FB8F
:10FBF800A546DAE70A22002110F0B8FB03460028E0
:10FC0800D8D00121184A154814F0E3FCCDE7C7F80D
:10FC180010A0E4B1C022484607F12001C047041EE5
:10FC280007DA23460121114A0C4814F0D2FC254674
:10FC3800ABE7A40807F12003C7E906344FF6FF71C4
:10FC480001200B4A07F1100314F087FE9DE72346B5
:10FC5800F2E700BF11D7020046B302009C80020001
:10FC6800F6D402000300000112D5020080D302007E
:10FC780059ED0000002330B5B5B001918DF80800AA
:10FC88003393044601AB0D4601204FF6FF710B4A32
:10FC980014F063FE339B73B19B0003AA29462046E8
:10FCA800F9F7EEF8034620B10121054A054814F09A
:10FCB80090FC35B030BD1A46F0E700BF01F00000F7
:10FCC80018D702009C8002002DE9F34100F170086A
:10FCD800CDE9001204460F46007A4146164613F055
:10FCE800E8FC05466B464FF6FF7101200C4A14F0FC
:10FCF80034FE1DB14146207AFFF7BCFF3946207A11
:10FD0800FEF7C4FF40B13146013014F0E4FC1DB1E8
:10FD18004146207AFFF7C6FC02B0BDE8F08100BF7B
:10FD280089F00000002307B50193FFF777FD411C18
:10FD380089B20846034A01AB14F00FFE019803B0DC
:10FD48005DF804FB9B4502002DE9F04387B00C46A3
:10FD58001646804602AF70B9734940F6AA53734AF3
:10FD6800734812F093F9734812F090F940F6AA51CB
:10FD78006E4812F082F961B96F4940F6AB536B4A8D
:10FD88006B4812F083F96B4812F080F940F6AB51DA
:10FD9800EEE7437B072B40F0C28000233B7342F61B
:10FDA80003032068FB8107F10C0113F043FB0546B0
:10FDB800002843D1D4F80490B9F1000F05D10121EE
:10FDC8005E4A5F4814F091FCA9E0012321460090A7
:10FDD80007F10802C847031E11DA6E4688B002AA66
:10FDE800D36104235749C2E9051442F8103F4FF480
:10FDF80001512B465248F6F78DFAB5468FE0012B94
:10FE080005D00121504A4E4814F0E3FB87E03B7AC5
:10FE180013F0300F00F083802046FFF783FF04467D
:10FE280060B9454940F6C953404A414812F02EF995
:10FE3800464812F02BF940F6C95199E7002320688B
:10FE48003B7342F6021307F10C01FB8113F0F2FA3F
:10FE580088B12046FFF766FF044660B9364940F688
:10FE6800CF53324A324812F011F9384812F00EF9DD
:10FE780040F6CF517CE7002542F602192068394642
:10FE88003D70A7F8029013F0D5FA10BB0023206844
:10FE98003B7342F6021307F10C01FB8113F0CAFA17
:10FEA800054600283BD1D4F80490B9F1000F86D05C
:10FEB800022300902146404607F10C02C847031E62
:10FEC8008BDB022B9DD1BB891E4214BF0120002071
:10FED80026E042F603032068391D3D71FB8013F0CC
:10FEE800A9FA0028D2D04FF42053206807F108015E
:10FEF8003D727B8113F09EFA0028C7D042F60103B9
:10FF0800206807F10C013D73FB8113F093FA002878
:10FF1800BCD02046FFF706FF04460028AED10020DB
:10FF28001437BD46BDE8F08346CB0200C7D30200B4
:10FF3800DE93020036D702004BD7020050D70200EA
:10FF48009C80020064D702008AD70200A3D702006F
:10FF58002DE9F8431546894694226968064614F047
:10FF68005FFD8046002842D1022230466968FFF7CB
:10FF7800EBFE00283ED04FF470200021AF8AFEF738
:10FF88005BFC0237044680B11D211C4B47613A4691
:10FF98004174C0F80C80436085613046FEF71AFC56
:10FFA800074638B92046FEF773FC6FF00B05284664
:10FFB800BDE8F88301234246414614F0DEFAA98AD7
:10FFC80007F10C000231F8F7F9FB20F8029BAA8A26
:10FFD800296917F0B5FC21463046A760FEF7EEFD0B
:10FFE80005460028E3D02046FEF752FCDFE74FF035
:08FFF800FF35DCE76FF0150591
:020000021000EC
:10000000D9E700BFA145020030B505460C468BB0CC
:1000100071B9464940F64F43454A464812F03AF80E
:10002000454812F037F840F64F41414812F029F8A0
:100030004B6873B90B6863B940494FF445633C4A58
:100040003C4812F027F83C4812F024F84FF4456180
:10005000EBE73B4814F04AFB420761D515B16B7BD7
:10006000072B60D160680590FFF7DCFB2268ADF8D4
:1000700018003AB305A902913249002301910121E8
:1000800000914FF6FF710593FFF714FC059B1BB918
:100090006FF001000BB030BD6360059B04A91868C8
:1000A00000238DF8103042F60303ADF8123013F040
:1000B000C5F970B90598C3689B799B0605D46FF0A4
:1000C0001500E7E70028E8D1E2E714F003FCADF8FB
:1000D0001800BDF818003DB101230146224628460C
:1000E000A375FFF739FFD5E76FF07F03079302236E
:1000F000ADF8203042F60213ADF8123005ABA5750D
:100100000293114B4FF6FF710193012304AA009350
:100110002B4609948DF81050FFF7CCFB0798B9E7F0
:100120006FF00A00B6E76FF07F00B3E7B9D70200BF
:10013000C7D30200DE930200C0D70200D6D7020068
:1001400094050020CF45020041040100F7B500F1FD
:1001500030050446A0F12007284614F0C7FA8307AB
:10016000C0F340060ED5194940F25653184A1948B3
:1001700011F090FF184811F08DFF40F256511448CD
:1001800011F07FFF54F8083C6FF0010128460193FD
:1001900014F09AFA114B394644F81C3C104B304687
:1001A00044F8183C01AB44F8103C042324F8086CD4
:1001B00024F8066C24F80C3CFFF726FF18B902213E
:1001C000284614F076FA03B0F0BD00BFF3D7020062
:1001D000C7D30200DE93020024D80200848C020000
:1001E00021F500002DE9F843904614683C4B8268E5
:1001F00005469A4200AF20D1C6683389721CE3B12C
:100200002046317813F0B3FCB8B14FF4957229460B
:10021000204614F009FC30B3032812D16C4688B094
:100220006A46304BC2E9053542F8100F00234FF4FF
:10023000C4512D48F6F772F8A5460120BD46BDE829
:10024000F883052820460CBF4FF003094FF0020940
:1002500013F087FC814506D998F804304B45ECD261
:1002600088F80490E9E73146284614F044FA1F4B19
:100270009E42E2D1207A04F17001FEF74DFD054661
:100280000028DAD0038913B94389002BD5D0204642
:10029000FCF778F92B89164A698922F8203002EB9D
:1002A0008003598018231349134D03FB001300B238
:1002B00002EB80021A61042200EB40005D600F4DEA
:1002C00001EBC00120469D609A82FFF79DFE002849
:1002D000B3D001210A4A044814F00BFAADE700BF7D
:1002E00065F300003FD802009C800200BC0800209B
:1002F000723C0020B4280020848C02009B4802003D
:1003000053D8020030B505460C468BB071B944494C
:1003100040F66E33434A444811F0BCFE434811F0A6
:10032000B9FE40F66E313F4811F0ABFE4B6873B931
:100330000B6863B93E4940F66F333A4A3A4811F0C8
:10034000A9FE3A4811F0A6FE40F66F31EBE73948B6
:1003500014F0CCF942075DD515B16B7B072B5CD14E
:1003600060680590FFF75EFA2268ADF818003AB3AE
:1003700005A90291304900230191012100914FF616
:10038000FF710593FFF796FA059B1BB96FF001000B
:100390000BB030BD6360059B04A9186800238DF87D
:1003A000103042F60303ADF8123013F047F870B97D
:1003B0000598C3689B79DB0605D46FF01500E7E765
:1003C0000028E8D1E2E714F085FAADF81800BDF88E
:1003D00018002DB101462246284614F060FBD7E7ED
:1003E0006FF07F0342F6021207930123ADF812204B
:1003F00005AA0292114AADF82030CDE900324FF63D
:10040000FF712B4604AA09948DF81050FFF752FA99
:100410000798BDE76FF00A00BAE76FF07F00B7E713
:10042000B9D70200C7D30200DE930200C0D7020092
:10043000D6D7020094050020CF45020041040100F8
:100440002DE9F8431446404B826807469A4203D090
:1004500001273846BDE8F883C6683C4B9E4210D061
:100460003289A389711C9A42F2D13078FCF7BAFC28
:1004700005460028ECD0437B072B26D0FBF7F6FE81
:10048000E6E74FF00008324DDFF8C89049462846AD
:1004900014F0F8F878B90722294615F8010CFCF792
:1004A000F3FC78B9236929461A6915F8010C5388B9
:1004B0001288FEF75DFD0C35B8F1000FD0D14FF07A
:1004C0000108E3E7FBF7D2FEF5E7736923B139468C
:1004D000984708B92846D1E739469422284614F0AF
:1004E000A3FA07460028F5D1A389022B14D133893A
:1004F00013F0020604D12846FBF7B8FEA660A7E772
:1005000028462269A188FFF727FD0646A8B9226977
:10051000937D01339375EEE7012B04D02846FBF75A
:10052000A5FEA76094E7338913F00106E3D02846BF
:100530002269A18814F0B3FA06462846FBF796FE16
:10054000002EA66085DB83E765F30000BC08002071
:10055000773C00201BB30200012370B500F1700549
:100560008EB0044603902946007A8DF8103013F0BF
:10057000A4F890B1227A52B302AE0421304611F0B1
:100580009BFE00962421134A05A82B46F8F7A8FBEA
:1005900005AA10461049F6F745FA4FF6FF710120FB
:1005A0000E4A03AB14F0DDF9204613F0DAFA9DF899
:1005B0001010884209D2204613F0A2FA034620B157
:1005C0000221074A074814F008F80EB070BD0092E7
:1005D000D8E700BF14D7020071FB0000E50101005D
:1005E00070D802009C800200F8B50E4B05461B68CF
:1005F0000E461746A3B11C6804B1043C53F8043CF2
:100600001BB13A463146284698474CB123466468A8
:100610001B681CB1043C002BF3D1F7E7002BF0D191
:10062000F8BD00BFF028002013B50446009001205B
:100630004FF6FF716B46074A8DF8040014F091F9EC
:100640000021204614F062FA08B9FEF7F1FE02B06C
:1006500010BD00BFE501010073B5044603464FF627
:10066000FF710120184A04F1700614F07AF931463E
:10067000207A14F093F93146207A13F01EF850B125
:10068000237A4FF6FF718DF8043001206B460F4A34
:10069000009614F066F92046FEF7BAFB054688B1CD
:1006A0003146207A13F009F828B9284602B0BDE88F
:1006B0007040FEF731BD3146681C02B0BDE87040A5
:1006C00014F00DB802B070BDC5F20000B5F0000026
:1006D00008B5054B0146184614F05AFA043B0028A9
:1006E00014BF1846002008BDAC1B0020084B00F5C5
:1006F000B8701A68074BD0E8EF1F994204D1C0E8E0
:10070000EC2FBCF1000FF6D1D0E8AF0F704700BF5F
:10071000E8270020A81B002008B5FFF7E7FF0346E5
:10072000C8B1D0E9001221B9002A0CBF0320022071
:1007300010E032B1836813B9094B1B7833B9042038
:1007400008E00749087828B19B6833B9003A18BF18
:100750000122500008BD0320FCE70120FAE700BF9A
:100760006D56002008B50121024A034814F00EFA24
:10077000002008BDB8D80200F48002000221024A1D
:10078000024814F003BA00BFD3D80200F48002007C
:10079000002370B51A460446EC300D46FCF74CFDBC
:1007A00058B1693004D10121084A094814F0EEF922
:1007B0002846BDE87040F7F7C3BE04F5A0704FF4BB
:1007C0007022BDE87040002309F044B8D1D0020087
:1007D000F480020038B50446051D0821284614F0AF
:1007E0002CFA084904F15700FBF74EFA48B10821EA
:1007F000284614F008FA04480121044A14F0C6F906
:10080000082038BD274F0200F4800200ECD8020017
:1008100038B50546EC22002117F0BDF8102105F18E
:100820002700FAF7C1FF044648B90521284614F00D
:1008300004FAFBF71BFA034B1860204638BD082466
:10084000FBE700BFF828002070B504460E4686B0CE
:10085000FFF74CFF04F137021146F368054603F138
:10086000100053F8046B834241F8046BF9D1237AEA
:10087000052B00F29580DFE803F017232303936A2A
:1008800002AB4B490093096804F1270304F15700B8
:1008900001F08EFD58BB0A21201D14F0CEF9AB6883
:1008A0000299D4F8EC00984720460D2114F0C5F9C0
:1008B000201D102114F0C1F9204614F0EDF920E0BC
:1008C00094F8DC10D4F8D83002ADCB40384903F0AE
:1008D00001030095096843F0800304F1570014F008
:1008E000AAFB30B10121334A334814F04FF90820F4
:1008F00007E01022294604F1170017F054F810B150
:10090000042006B070BD0321204614F096F914F0BF
:10091000C3F90028F5D194F8DC300133DBB2142B95
:1009200084F8DC3009D10D21204614F086F910211D
:10093000201D14F082F90020E3E7102104F12700C4
:10094000FAF732FF003818BF0120C000D9E71021A4
:1009500004F12700FAF728FF0028C8D135B3EB6867
:1009600023B3164BE27A1B88D207ADF80830A37C7C
:1009700003F0010312D4002B14BF012303238DF8CD
:1009800009300023201DC4E938330C2114F055F937
:10099000EB68D4F8EC0002A99847CCE75B00EEE7DF
:1009A0000121074A044814F039F9A0E70220A8E71A
:1009B000F828002005D90200F4800200F08202002D
:1009C0001ED902002DE9F047044690B00CAD10226C
:1009D0000021284616F0DFFF237A052B34D8DFE804
:1009E00003F0060303063323D4F8D8300C93D4F86D
:1009F000EC3004F1470204F1C707CDE9017204F1BC
:100A0000370803F17E0204F12709009241464A4665
:100A1000773304F1970001F063FCF0B1454A0121FE
:100A2000454814F0B3F814E0D4F8E430002BDED0DD
:100A30002E4603F11007324618685968083303C27E
:100A4000BB421646F7D1D2E701213C4A3A4814F09E
:100A5000E5F8082010B0BDE8F087D4F8EC3008AE17
:100A600003F177027E33019304F1110302920093A4
:100A700042462B4649463846039614F001FB08B11E
:100A80002F4ACCE7237A052B0ED1D4F8E01011B30E
:100A90000B46AC4601F1100E6246186859680833DF
:100AA00003C273459446F7D1D4F8EC300DF1100A27
:100AB00003F17E027733019304F10A03029200935B
:100AC0004A462B4641463846CDF80CA014F0D8FAD9
:100AD00030B11C4AA3E71022284616F05CFFE3E77A
:100AE0001022514604F1B70016F05DFFF8B90D2150
:100AF000204614F0B2F807460028AAD010210C3086
:100B0000F7F760FE32460346164603CEAE42186043
:100B10005960324603F10803F6D139462046FFF703
:100B200037FE201D012114F088F8002092E70B20E9
:100B300090E700BF3AD90200F48002001ED90200FB
:100B40004FD9020072D9020073B5047A0546022C0F
:100B500023D844B190F8DC30D0F8D840DC4004F021
:100B6000010444F080040321284614F076F8064678
:100B7000D8B110210C30F7F725FE0090124823461B
:100B8000006805F1270205F1570114F054FA0446F4
:100B900080B13046F7F7D4FC07E0032C08D0234699
:100BA00001210A4A0A4814F039F8082002B070BD41
:100BB0000024D8E731462846FFF7EAFD281D2146E4
:100BC00014F021F82046F1E7F82800201ED9020091
:100BD000F480020070B5061DCD6804460B21304636
:100BE00014F011F82B4604F1170205F1100153F827
:100BF000040B8B4242F8040BF9D1237A012B09D064
:100C0000022B13D12046042114F017F8BDE87040E0
:100C1000FFF79ABF0A21304613F0BAFF0028F1D03F
:100C20003046002114F009F8002070BD034801216E
:100C3000034A13F0F3FF0820F7E700BFF480020037
:100C40001ED90200F7B50446FFF750FD251D0646E4
:100C50000E21284613F09CFF70B94E4B20221968D4
:100C600004F1570016F09FFE30B902214A4A4B4862
:100C700013F08CFF082033E00C21204613F0EDFF29
:100C800007460028F6D040210C30F7F79BFD414B7A
:100C900002461B68014603F1200053F804CB83424F
:100CA00041F804CBF9D1203203F1200153F8040BB1
:100CB0008B4242F8040BF9D139462046FFF768FD14
:100CC000237A052B5DD8DFE803F0033C0D035C5964
:100CD0000421204613F0B1FFFFF736FF00283FD074
:100CE00003B0F0BD2046D4F8EC70FFF7FFFC042100
:100CF0004FF0FF3306460DEB01000193FAF754FD68
:100D00000028B7D1019B264A84F8DC00B3FBF2F13E
:100D100002FB11330193C4F8D83056B1336843B1A4
:100D20000B21284613F089FF38463368D4F8D810D1
:100D300098470321204613F080FF0E2113F07DFF1A
:100D40000EE02046032113F078FF0E2113F075FF0B
:100D500028460A2113F071FF7368D4F8EC00984715
:100D60002846072113F069FF0820FFF7B1FC70B98E
:100D7000204603B0BDE8F040FFF72CBD042120461B
:100D8000DCE70121074A054813F048FF72E700201D
:100D9000A6E700BFF828002096D90200F4800200E0
:100DA00040420F001ED9020070B504460E4604F101
:100DB0005705FFF79BFC2A46F36803F1200153F81F
:100DC000040B8B4242F8040BF9D104F1770203F1D2
:100DD000200153F8040B8B4242F8040BF9D128464A
:100DE000FAF7AAFE00B303211C4A1D4813F0CEFEF9
:100DF0000E21201D13F021FFD4F8EC50D5F8A430BB
:100E000033B9287A05F1700100F074FFC5F8A40029
:100E1000D5F8A4309BB15A8A02F024027AB15B7CE7
:100E20009B070CD4032070BD2846FAF791FE30B919
:100E30000B4802210B4A13F0A9FE0B20F3E70A4BE3
:100E40001D682DB9201D062113F0F7FE2846EAE79C
:100E50002046BDE87040FFF7F5BE00BFB1D90200E3
:100E6000F4800200D2D90200F828002038B50446E8
:100E70000D49A0F1EC05543008F0B4FB284613F0FE
:100E80006EFF0A4A04F18403D3E8EF1FC3E8E02FA2
:100E90000028F9D14FF0FF338834D4E8EF2FC4E8AD
:100EA000E13F0029F9D138BDB11A0100A81B00208B
:100EB00080B500AF88B06A46074BC2E9053003230E
:100EC00042F8103F00234FF4C2510448F5F726FAC8
:100ED0006FF00B00BD4680BDEED90200F480020029
:100EE000054BD3F8EC200AB1FFF7E2BF0348EC331F
:100EF000586010460B607047A81B0020888D0200C8
:100F00002DE9F0410B46064600AF0D21043013F0E9
:100F10003FFE78B3DD68D6F8EC30022003F17008AC
:100F20004246197A00F0E4FF0446C8B94046F7F794
:100F300049FE6D4688B06A46114BC2E905304FF450
:100F4000007393830F4B42F8103F0F4823464FF432
:100F5000E251F5F7E3F90820AD46BD46BDE8F08162
:100F60002B462E3405F1100253F8041B934244F82B
:100F7000041BF9D13046092113F05FFE0020ECE795
:100F800013DA020003000001F480020038B5134BAD
:100F900005461B78E3B101F00F042846FFF7BCFBC0
:100FA0000F4B03281B780CBF04F00B0444F004041F
:100FB00005F5BA70D0E8EF2F013203D1C0E8E13F68
:100FC0000029F7D1D0E8AF3F2BB144F0010038BD84
:100FD00001F00704E1E704F0FE00F8E76D56002099
:100FE0008C0A0020F8B50D460446D0F8EC60FFF7F7
:100FF0007DFBEF68FB78102B01D00620F8BDD6F8FA
:10100000A4305BB1251D0F21284613F0C1FD80B926
:101010002046FFF7FDFB60B1C0B2EFE7307A06F182
:10102000700100F067FEC6F8A4000028EAD108208D
:10103000E4E7012363723B682046C4F80A30BB88AA
:10104000E38102232374B978FFF7A0FFE074204600
:10105000FFF762FB1023607423753B7903F00303F1
:1010600063757B7903F00103A375E37C1A070CD544
:10107000BB781B0709D50521284613F0DEFD637DEB
:1010800003F0020363750023A3750521284613F0BE
:101090007FFD002843D04C4B1B78A374E37C98065B
:1010A00006D5BB78990603D51421284613F0C5FD53
:1010B000E37CDA0735D5BB78DB0732D50D2128462E
:1010C00013F0BBFDA37D032184F8E830637D28463F
:1010D00084F8E93013F0B1FD237BE17C3F7803EA2B
:1010E0000102100704D5E27AA07C0243D2071CD487
:1010F000042F1CD80B4313F0040307D02046FFF73E
:101100000BFB324B07EB87073B441B5C23722046EB
:10111000D6F8A41013F042FD58B903206EE72C4B0B
:10112000BAE700236375A375CCE70523EEE7002338
:10113000ECE7D4F8EC309B7A032B36D024D8013B73
:10114000012B3FF674AF0521284613F021FD00283E
:10115000E3D00C21204613F070FD022113F07DFD39
:10116000054600283FF463AF06210C30F7F72AFB51
:10117000D4F8113029460360B4F815308380204636
:10118000FFF706FB002039E7042B7FF450AF237DE7
:10119000627B934228BF1346102B7FF42EAF0521AC
:1011A000284613F0F5FC0028B7D0237A002BB4D0E2
:1011B0000521284613F0ECFC0028C4D1237A013B1A
:1011C000012BC0D8A9E700BF6F560020EDDC02005C
:1011D0006E5600202DE9F041C6780446012E04D059
:1011E0006FF015042046BDE8F08113F019FD0546A7
:1011F000002800F0AB80071D0421384613F0C8FC1E
:10120000002840F0A6800321384613F0C1FC10B13D
:101210006FF00F04E6E73146384613F0B9FC0028BA
:10122000F6D12846FFF762FAD5F8EC3006469B7AED
:10123000032B42D032D8013B012B48D90F21201D6E
:1012400013F0A6FC0028CBD1D4F8A43083B904F164
:10125000700632462020217A00F08CFDC4F8A400EC
:1012600030B932460420217A00F084FDC4F8A4008D
:10127000D4F8A430002BB3D05A8A12F0240FAFD088
:10128000A17A022923D9587CC007A9D503291ED0E9
:101290009206A5D51B7C102BA2D118E0042BCDD132
:1012A0002846FFF739FA032804D1002EC6D0F36888
:1012B000002BC3D0284B1B7807E02846FFF72CFAF9
:1012C000032804D1002EB9D0F368002BB6D0D4F88F
:1012D000A4303BB12846FFF79BFA044670B16FF08B
:1012E00068047FE7207A04F1700100F003FDC4F880
:1012F000A4000028EED16FF00B0473E70B21284601
:1013000013F0ABFC06460028E9D001210C30F7F7BA
:1013100059FA092180462846FFF738FE234622461F
:1013200088F80000314605F1EC00FBF785FF044624
:1013300018B13046F7F704F954E738460F2113F097
:101340007CFC0121284613F078FC4BE76FF07F040A
:1013500048E76FF0040445E76D560020F8B5D0F873
:10136000EC400646D4F8A430051D002B33D10221F1
:10137000404A414813F00AFC0721404B5F5CD4F817
:10138000A4304BB11B7C002B5DD1D4F8A40000F03D
:10139000D3FD0023C4F8A4300221284613F0F8FB43
:1013A00048B9072F94BF364B1F213A46204698BFB5
:1013B000D95DFBF7ABFC0321284613F0E9FB68B3CA
:1013C000304B1B6853B31D6805B10C3D53F8083C06
:1013D000002B41D143E081BB0D21284613F0D8FBFF
:1013E000074620B1D4F8A40008B100F023FF254B34
:1013F0001B689BB11D6805B10C3D53F80C3C13B143
:101400003946204698474DB12B46ED681B681DB103
:101410000C3D002BF4D1F7E7002BF1D1304613F04F
:101420009EFC637B072B24D1627AA37A9A4220D058
:101430002046BDE8F840FFF7CDBE0139C9B20E29FC
:101440009BD909279BE70221284613F0A1FB00281E
:101450009BD1A1E70C3D23B1394620469847002D8A
:10146000DCD02B46ED685B68002DF3D1002BF3D167
:10147000D4E7F8BDB6DA0200F4800200DEDC020038
:10148000CDDC0200E0270020F8B5031D06460F461C
:101490001846022113F07CFB044620B1B6F8E84060
:1014A000B4FA84F464090321184613F071FB80B187
:1014B00039463046FFF752FFC4B1022119481A4A93
:1014C00013F064FB0521D6F8EC00FBF7E3F80020ED
:1014D000F8BD0121184613F05BFB0028E8D10F216D
:1014E000184613F055FB0028E2D1E5E70521304608
:1014F00013F0B3FB054688B101210C30F7F762F910
:10150000234607702246294606F1EC00FBF794FEBD
:101510000028DCD02846F7F713F8D8E76FF068000A
:10152000D6E700BFF4800200E0DA02001E4B10B5DF
:10153000044618604FF0FF324FF0FF331B4806F0AF
:1015400071FF58B11A4941F23C331A4A1A4810F057
:10155000A1FD41F23C31174810F093FD174808F007
:1015600093FA124807F02EF848B1114941F241337D
:10157000104A114810F08EFD41F24131EBE774B191
:101580000F4B1C1FD3E8AF3F5B0607D52046FFF784
:1015900059FB014610B12046FFF776FF10BDBDE8AC
:1015A0001040FFF7EBB800BFF8280020EC0800203F
:1015B0008FDA02002DDA0200DE930200000900201B
:1015C000AC1B002010B513F02BFB044610B96FF0D4
:1015D000150010BD0A21043013F0AFFB0028F6D02F
:1015E000237A062B11D8DFE803F00E04040A100C4E
:1015F0000C0001212046BDE81040FFF745BF042143
:10160000F8E70221F6E70821F4E703480121034A3D
:1016100013F004FB0020DCE7F48002001ED9020076
:101620002DE9F3410B8A04460E4643B901212D4AA8
:101630002D4813F0ABFA002002B0BDE8F081012183
:1016400006F10C00F7F7A0F8A4F1EC05E83C07461A
:101650000421204613F09CFA3B7828B1234A02214A
:10166000214813F0DBFAE6E70E2B01D9204AF6E712
:10167000DFF8808058F833204AB902211E4A1A4800
:1016800013F0CCFA07212846FFF7FEFED3E71946F0
:10169000284613F052FB3B7860B902211248174AE2
:1016A00013F0BCFA0321204613F072FA0028C2D0CE
:1016B0000821E8E708EBC301328A0979914208D092
:1016C00001210093084813460D4A11F09FFB0A219F
:1016D000D9E73146284658F8333098470146002864
:1016E000A9D0D0E738DB0200F480020053DB02000F
:1016F00084DB0200B08D0200A6DB0200C0DB02002A
:1017000084D102002DE9F04784B090F8E930D1F897
:101710000C8023F0020380F8E930D0F8EC6098F8F0
:101720000030054600AF06F17009BBB398F80630EB
:1017300003F0C003C02B31D04046F7F743FA6E46A2
:1017400088B06C464FF4007A25466C4BDFF8B081C8
:10175000C4E90530A4F81CA045F8108F00232A46E0
:101760004FF4E2516748F4F7D9FD4846B546F7F71C
:1017700029FAA546644BA4F81CA0C4E90530C4F8B6
:101780001080604800232A464FF4E251F4F7C6FD6A
:101790000A20B5461037BD46BDE8F087072241460E
:1017A000484616F000F968B14146307A00F062FB15
:1017B000044638B10146284613F0F0F930B320460C
:1017C00000F0BAFB0D21281D13F0E2F9002800F00B
:1017D00083804A460220317A00F08AFB0446B8B979
:1017E0004846F7F7EFF96D4688B06A46474BC2E9BD
:1017F00005304FF400739383414B42F8103F4FF490
:10180000E25123463F48F4F789FDAD460820C1E781
:10181000F378002B40D106F17E03187801282AD1F5
:101820009A7902F0C002402A25D1D3F80120C4F8E9
:101830003E20B3F80530A4F8423096F87030D3B1AA
:1018400096F8763003F0C003C02B14D030493A1D0F
:10185000C7E90198FC60FAF74FFED8F8003030462F
:10186000C4F80130B8F80430A4F8053098F8063010
:10187000E371FBF703FA95F8E91011F002010ED0BD
:10188000244941F22903244A244810F003FC41F280
:101890002901214810F0F5FB06F17703BDE720464A
:1018A000F9F73AFA014630B1164802211C4A13F002
:1018B0006DF903206EE72046F9F72EFA48B1194971
:1018C00041F24D03144A154810F0E4FB41F24D017A
:1018D000DFE72046F9F732FA95F8E9305B0703D5E0
:1018E0000A21284613F0A9F9B5F8E81009B100203B
:1018F00050E72846FFF732FDF9E700BFDBDB0200C7
:1019000003000001F480020096DC020013DA0200FA
:10191000954D0200EFDB02002DDA0200DE9302009B
:101920000ADC020045DC02002DE9F0410E460446C7
:10193000D0F8EC80FEF7DAFEF66801210546337830
:101940000F48104A271D13F069F90A21384613F091
:10195000F4F938B16DB920463178FFF7FFFC00206B
:10196000BDE8F0810B21384613F0E7F90028F1D1EA
:10197000F1E72B69002BEED040469847EBE700BF1C
:10198000F480020067DC02002DE9F8430546A0F16F
:10199000E8060446884600AF0121304655F8EC9928
:1019A00013F0CBF938B3B8F1000F19D0032130464A
:1019B00013F0EEF8F8B14046F8F796F90138C0B2E6
:1019C00008288CBF0024364B4FF0020198BF1C5CE6
:1019D000304613F032F921462846FFF7BFFC0AE0F3
:1019E00099F80B303BB10321304613F0D1F828B9F8
:1019F000284613F0B4F9BD46BDE8F883052130460A
:101A000013F0C6F8B8B114F8043C1B0707D514F856
:101A1000033C180703D51121304613F00EF914F8D2
:101A2000043C23F0080304F8043C14F8033C23F0BE
:101A3000080304F8033C14F8033CD90710D5062129
:101A4000284613F0FAF83046022113F0F6F8206821
:101A5000D0F8A46066B134F8041C0029CBD1BBE7F0
:101A60009A0701D50821EBE75B07ECD50A21E7E7E8
:101A70007030F7F7A7F86C4688B06A46094BC2E9A0
:101A800005304FF400739383074B42F8103F4FF437
:101A9000E25133460548F4F741FCA546ABE700BFE9
:101AA000D5DC020089DC020003000001F4800200A2
:101AB00037B5A0F5A075A0F59E74D4E8AF3FD5E882
:101AC000AF2F012100920748074A11F09FF92846DD
:101AD0000821FFF743FC0421204603B0BDE8304055
:101AE00013F0ABB8F48002009EDC02002DE9F8434D
:101AF00000AF044613F094F8054670B3061D0321A9
:101B0000304613F045F840B3D4F8A40008B100F013
:101B100013FA04F170094946207A00F0EBF8804688
:101B2000C4F8A400E0B94846F7F74CF86C4688B012
:101B30006A463E4BC2E905304FF4007393833C4B39
:101B400042F8103F4FF4E2513A484346F4F7E6FBBF
:101B50000821A5462846FFF797FCBD46BDE8F88357
:101B60000E21304613F014F828B1D4F8A420537C89
:101B700043F0020353742B7A032B11D823B10521B0
:101B8000304613F005F8A0B9D4F8A420537C23F014
:101B900020035374D4F8A420537C23F001030DE0F8
:101BA000053B012BF0D8D4F8A420537C43F020034C
:101BB0005374D4F8A420537C43F0010353742B7D59
:101BC000697BD4F8A4208B4228BF0B46304613749F
:101BD000052112F0DDFFD4F8A4305A7C10B342F096
:101BE00010020D2130465A7412F0D2FF0028B4D0F2
:101BF0002021D4F8A40000F063F9D4F8A43005F152
:101C000047021E33573552F8041BAA4243F8041BFF
:101C1000F9D10023D4F8A42053619361D4F8A4200F
:101C200093839AE722F010025A7496E713DA0200BF
:101C300003000001F4800200012208B5034B0448B0
:101C40001A70F9F7C9FF002008BD00BF6D560020CB
:101C50000809002008B558B90A490B4840F24A2340
:101C60000A4A10F017FA40F24A21084810F009FA1F
:101C7000437C5B0604D4BDE808400121F8F788BF27
:101C800008BD00BF3DDD0200DE9302000DDD020055
:101C90002DE9F041144D06462F4617F8013B0C463E
:101CA00083424FF0010804D10722384615F07BFE2D
:101CB000A0B1B8F1000F05D0072238460B4915F046
:101CC00072FE70B92E702268094BC5F80120A288F7
:101CD0009A80A2799A7140F21123EB600248BDE824
:101CE000F0810020FBE700BFFC2800201BB30200AE
:101CF000FD28002008B549B9064907487123074A5D
:101D000010F0C8F97121054810F0BBF9BDE8084092
:101D1000FFF7BEBF51DD0200DE9302000DDD0200C1
:101D20000B4610B51146044663B909490948CD234D
:101D3000094A10F0AFF9CD21074810F0A2F9BDE82B
:101D4000104018470548428A2242F8D110BD00BF12
:101D500065DD0200DE9302000DDD0200FC2800209C
:101D600008B5002202200249FFF7DAFF002008BD73
:101D7000551C0100F8B50E46054611464AB10F4CF8
:101D800000272046638A10F8012B2B400BD1184600
:101D9000F8BD0B490B48DA230B4A10F07BF9DA2126
:101DA000094810F06EF9964203D1072215F0FBFDA9
:101DB00008B13846ECE72046EAE700BFFC280020DF
:101DC00051DD0200DE9302000DDD0200F8B506468B
:101DD0000C4659B92149224840F20313214A10F018
:101DE00059F940F203111F4810F04BF90B78012B01
:101DF00001D00020F8BD8B7903F0C003402BF8D14F
:101E0000194D002329466F8A11F83E2BBF0704F1B4
:101E1000010006D5B24204D1062215F0C4FDD0B1AE
:101E200000236A8A297802F00202002BE1D1002AFD
:101E3000DFD0B142DDD1671C39460C4811F0AFFA52
:101E400001230028EDD0D4F80130C5F83E30B4F8B5
:101E50000520074B9A800448CCE700BF51DD020003
:101E6000DE9302000DDD0200FC2800202A2900205C
:101E70003A29002010B529B10D4C237883420DD0AA
:101E8000002010BD0B490C484FF49A730B4A10F018
:101E900001F94FF49A71094810F0F3F80722601C19
:101EA00015F081FD00280CBF20460020E9E700BFA7
:101EB000FC28002051DD0200DE9302000DDD02004F
:101EC00008B558B9074908484FF4A273074A10F0FB
:101ED000E1F84FF4A271054810F0D3F8438A194392
:101EE000418208BD3DDD0200DE9302000DDD0200EF
:101EF000F8B506460F4615464AB90C490C48EC237E
:101F00000C4A10F0C7F8EC210A4810F0BAF8FFF7B5
:101F100031FF044640B929463846FFF7EBFE044638
:101F200010B13146FFF7CCFF2046F8BD51DD02006D
:101F3000DE9302000DDD020010B5044658B90E49CB
:101F40000E484FF4AA730E4A10F0A4F84FF4AA7189
:101F50000B4810F096F8037A5B0701D5F8F708FFF5
:101F6000214611F8010BF6F7FBFF2046BDE81040B3
:101F70004422002115F00FBD3DDD0200DE9302007A
:101F80000DDD02002DE9F04194B01546044602AF84
:101F900038B901219B4A9C4810F025FF6FF01506C7
:101FA00042E03822184607F11001A847051E06DA5C
:101FB0002B46964A0121944810F01EFFEEE720467A
:101FC00007F1080111F014FA064698B16D4688B081
:101FD00002AA8F4BC2E905344FF4007393838D4BF3
:101FE00042F8103F00234FF4E2518748F4F796F986
:101FF000AD46D3E72046391D11F00CF8786838B1AA
:102000000A2231460EF0B6F9034608B1824AD1E7FA
:102010003DBB29463F2007F10802FFF7ABFE40B168
:102020004422294615F0B7FC30464837BD46BDE886
:10203000F08107F10800F6F7C5FD6C4688B002AAEA
:10204000764BC2E905304FF400739383714B42F82D
:10205000103F4FF4E4512B466B48F4F75FF9A54667
:10206000E2E7002007F10801FFF712FE0446C8B9B5
:1020700007F10800F6F7A6FD6D4688B002AA684B86
:10208000C2E905304FF400739383624B42F8103F6E
:102090004FF4E25123465C48F4F740F96FF00B0629
:1020A000AD46C1E7382D3B7C4CD0102B3ED8342DAB
:1020B0003CD140F2112307F11005C36007F1400C39
:1020C00000F110032A4603CA62451860596015469C
:1020D00003F10803F6D110681860E27BB4F80D3004
:1020E00043EA0243022B74D1637CDA079CD513F0D8
:1020F000300599D107F10800F6F764FDE84688B08D
:1021000002AA484BC2E905304FF400739383414B58
:1021100042F8103F4FF4E4512B463B48F4F7FEF8E9
:10212000637CC54623F0010363747DE738230121F6
:1021300000933D4A2B46344810F068FE2046FFF7D6
:10214000FBFE2BE7102B32D840F2112307F11005CC
:10215000C36007F1400C00F110032A4603CA624530
:1021600018605960154603F10803F6D1106818602D
:10217000638A03F0220213F020056282ADD107F1D9
:102180000800F6F71FFD6E4688B002AA274BC2E989
:1021900005304FF4007393831E4B42F8103F4FF409
:1021A000E4512B461848F4F7B9F8B546C6E707F1ED
:1021B000100300F10C0507F1480C1A4603CA6245EA
:1021C00028606960134605F10805F6D1237B112BC1
:1021D00083D007F10800F6F7F5FC6D4688B002AA37
:1021E000134BC2E905304FF400739383094B42F857
:1021F000103F00234FF4E2510348F4F78FF8AD4647
:102200009CE700BF46B30200CC80020079DD0200EB
:10221000F6D402000300000112D5020098DD02008E
:10222000BBDD020058DE0200DADD0200F8DD02004C
:1022300018DE0200024610B558B90E490E4840F2A9
:1022400089130E4A0FF026FF40F289110B480FF058
:1022500018FF0146382311F8010B0C32F6F772FE15
:10226000044628B101210346054A064810F0C4FD82
:10227000204610BD3DDD0200DE9302000DDD0200B0
:10228000BDDE0200CC800200884210B500EB0203E4
:1022900011D98C18A04211D20D4940F2B3230D4A36
:1022A0000D480FF0F7FE0D480FF0F4FE40F2B32199
:1022B00008480FF0E6FEEFD09942ECE7013A1144EE
:1022C00011F8012900F8012B8342F9D110BD00BF9C
:1022D000E5C30200B3C30200DE9302003CC4020067
:1022E0002DE9F0479AB01646DDE923970CAA8446FB
:1022F0008A4690461D462C4B03F1300E1446186852
:102300005968083303C473452246F7D118681B790E
:10231000614620602371202204A8FFF7B5FF6B46B9
:102320002022224804A900F071F80446C0BB102204
:1023300051460DF13500FFF7A7FF102231460DF190
:102340004500FFF7A1FF294611F8013B06220DF1D8
:1023500056008DF85530FFF797FF2299062211F8A5
:10236000013B0DF15D008DF85C30FFF78DFF4B46B2
:1023700035224146684600F049F8044680B948468F
:1023800012F04BFE012335228DF8303041463B469A
:10239000684600F03BF8044610B9384612F03DFE9E
:1023A00020461AB0BDE8F087F2820200EADE0200A1
:1023B00070B50E461D46144698B00146202204A86A
:1023C000FFF762FF202231460CA8FFF75DFF1022C5
:1023D000294614A8FFF758FF102221466846FFF748
:1023E00053FF6B465022184604A900F00FF840B97D
:1023F000039B054A1BBAB3FBF2F102FB11331C9A93
:10240000136018B070BD00BF40420F002DE9F041CD
:102410008EB007460C4615460021182208A81E4615
:1024200015F0B9FA4FF41053ADF81C308023ADF815
:102430001E304FF44063DFF854801022CDE9093894
:10244000394605AB07A80AF043F8034648B1104ADD
:102450001048012110F0D0FC6FF004000EB0BDE870
:10246000F08106AB0293102322464146CDE900637A
:1024700005982B4614F06AFE0446059809F0E6FF1D
:102480002043EBD0044A2346E2E700BF0002C0032A
:10249000AAC402008480020004DF020010B5094CC7
:1024A0000A44914200D110BD11F8013B5840030984
:1024B000E35C0001C0B243401809205C1B01DBB2A1
:1024C0005840EEE71DDF0200F8B504260D46076907
:1024D000374438462A8AE968F3F786F810F10C0F7A
:1024E00004460BD14B2014F07DF9013EF1D1224678
:1024F0000649074812F018FE2046F8BD0028F6DB12
:102500002846F6F71DF80024F6E700BF2DDF02008D
:10251000AC8002002DE9F04F1746D2F810900278F7
:102520000546042A884687B001F1FF330BD0052AFF
:1025300000F09580022A40F0D480032B61D8042259
:1025400000926B4A04E0012B09D802220092694AEA
:102550000121694810F05AFC07B0BDE8F08F4378BC
:102560003E2B30D1C678B31E5E425E41B5F80120E5
:10257000A8F10303B3EB122FADF814204FEA122891
:1025800026D116B300230024CDE90234DFF86CB164
:10259000DFF864A13146DDE902239DF81400F6F767
:1025A000BFFD0446C0B100F10C06022205A9304669
:1025B00010F0C8FE304610F0BDFE804514D94346E9
:1025C00000904F4A37E00026D0E74FF4A023DAE727
:1025D0004C4ACDF80080BBE7002EBDD102215A46FF
:1025E000504610F000FCD5E742463046E91C10F09A
:1025F000A9FE21463846D9F8003007B0BDE8F04FB3
:102600001847002200230820F6F734FD0446D0B115
:10261000D5F80130A8F1050600F10C080422404667
:1026200005A9059310F08EFEBDF816309E4250D0DD
:1026300000933346344A01212F4810F0E7FB20462F
:10264000F5F77EFF88E70121304A2B4807B0BDE847
:10265000F04F10F0C8BB32464046691DC7E7032B58
:1026600003D8042200922A4A72E700220023202085
:10267000F6F700FDDFF89CA00446C0B1D5F80130A4
:10268000A8F1050600F10C080422404605A90593AF
:1026900010F058FE0023CAF80030BDF81630C3F31E
:1026A0000D039E4215D01C4A00933346C3E76421B4
:1026B000DAF80020B2FBF1F301FB13231BB9174931
:1026C0000D4812F031FDDAF800300133CAF800305D
:1026D00042E7404610F02EFE8642BCD933460090B9
:1026E0006FE70F49044807B0BDE8F04F12F01CBD7A
:1026F000F8DF020045DF0200AC800200A0DF02002C
:10270000D5DF020071DF02003CE0020022E002009F
:1027100069E0020040290020B3E0020093E00200DB
:10272000E1E0020070B5056900200E4600F060F897
:10273000044630B102461549154812F0F5FC204612
:1027400070BD286CF2F7C2FE044628B110F1780F74
:1027500002D002460F49EFE7286C05F10C02291D53
:10276000F2F7F4FE044610B102460B49E4E74FF4D9
:102770008032002305F1280006F0ECF9044610B180
:1027800002460649D8E72E60D9E700BFF5E002000F
:10279000AC8002001AE102004AE102006EE1020090
:1027A00038B50569281DF2F7F3FE044630B102463C
:1027B0000B490C4812F0B8FC204638BD286CF2F7E3
:1027C000A5FE044610B102460749F2E712F0B1FC3B
:1027D000044610B102460549EBE72860ECE700BF6C
:1027E0008EE10200AC800200B9E10200DDE10200EE
:1027F00010B50D4BD3F8404414F480740BD00B4942
:102800000B4840F286430B4A0FF044FC40F28641ED
:1028100008480FF036FC10220120C3F84024F6F7D8
:102820002BF9204610BD00BF003000505BE20200D3
:10283000DE93020029E2020037B540230C460A4924
:102840000093411A491105462346084A084812F0E8
:1028500076FC011E05DA2846234603B0BDE8304069
:10286000184703B030BD00BF58290020AB5102000B
:10287000CC7B020010B5EFF31184202383F3128880
:10288000BFF36F8F074A136823F00201DB07116063
:1028900002D4012002F0B6FE84F31188BFF36F8FDB
:1028A00010BD00BF082A0020C9B2032908B509D904
:1028B00009490A487E230A4A0FF0ECFB7E210848AA
:1028C0000FF0DFFB0C22036901FB0233D3F8880011
:1028D00000F0070008BD00BFE4E20200DE93020042
:1028E000A7E2020070B5C9B2032903690BD91949DF
:1028F00019484FF4E873194A0FF0CCFB4FF4E87114
:1029000016480FF0BEFBEFF31185202484F31288E4
:10291000BFF36F8F0C2606FB0134D4F8884014F007
:10292000C00408D0A24206D085F31188BFF36F8F90
:102930004FF0FF3070BD012271430B44C3F8882073
:1029400085F31188BFF36F8F43680B445B6898472A
:102950000020EFE7E4E20200DE930200A7E20200BB
:1029600070B50D4606490446411A491140220548F2
:10297000FFF7B8FF2B4601462046BDE870401847D8
:1029800058290020CC7B02002DE9F04700220121CC
:1029900007460520F4F7E8FF124802F0A3FD0446BD
:1029A000D0B902F0D3FD25464FF00C0A4FF00108D4
:1029B000DFF834903E69494606EB45100FF037FDCD
:1029C000031E0CDB0AFB05660135042DC6F8888062
:1029D000F0D12046BDE8F0876FF00404F9E71C460B
:1029E000F7E700BF7D2A0100288E02007FB5002294
:1029F0000123CDE9022304ABCDE90433094A6B4638
:102A0000CDF800D0CDF804D012F0C8FB002805DBCB
:102A10004FF480420023684606F09CF807B05DF84A
:102A200004FB00BFCF5102000C22124B014602FBF7
:102A30000033002030B4D3E92052C3F88000EFF314
:102A40001180202484F31288BFF36F8FD3F888405D
:102A500004F0C00444F00204C3F8884080F31188F5
:102A6000BFF36F8F1DB12B4630BC0348184730BCF5
:102A7000704700BF58290020CC7B020008B5092808
:102A800022D8DFE800F00513212121212115110FA3
:102A9000134BD3F8880010F007001FD1BDE80840A1
:102AA000FFF7C2BF0220F9E70320F7E70120F5E7AF
:102AB0000C4940F2FA230C4A0C480FF0EBFA40F2B2
:102AC000FA2109480FF0DDFA06494FF44173064A2E
:102AD00006480FF0DFFA4FF44171F2E708BD00BF7E
:102AE00058290020D1F50200A7E20200DE9302007F
:102AF00010B4EFF31182202383F31288BFF36F8F9A
:102B00001848016841F002040460C80707D482F342
:102B10001188BFF36F8F012010BC02F039BD4FF058
:102B20005021D1F80C04D1F80C14C907EFD5EFF3FC
:102B3000118083F31288BFF36F8F0B49D1F888306F
:102B400003F0C00343F00203C1F8883080F311881A
:102B5000BFF36F8F82F31188BFF36F8F002010BC1B
:102B6000FFF762BF082A0020582900202DE9F04114
:102B7000012206464349D1E8EF3FC1E8E02F002893
:102B8000F9D1A3B9404941484B60CB608A60F2F764
:102B90001BF800280BDA3E4940F2A3233D4A3E4889
:102BA0000FF078FA40F2A3213A480FF06AFA76B3B0
:102BB000731E012B5BD8012E07D14FF05023D3F8A1
:102BC0001C3403F00303022B21D013F00BFF054646
:102BD000F8B9324B1B78E3B14FF05023022207467D
:102BE000C3F808234FF05024DFF8B480D4F8182439
:102BF000D4F81834D20315D503F00303022B01D007
:102C0000012E0FD16DB387F31188BFF36F8FBDE82D
:102C1000F081EFF31187202383F31288BFF36F8FC6
:102C20000125DFE7C5B1384610F014FBD4F818359C
:102C3000DBB2012BDAD1D4F80421002AD6D000224D
:102C4000C4F80421D4F804210222C4F81825202253
:102C5000C8F88021A360C9E70021212007F0DEFE2B
:102C6000E4E74FF050230222C3F80423CFE70D49D5
:102C700040F2B523074A08480FF00CFA40F2B5219C
:102C800092E700BF54290020442900207829002021
:102C9000E9A50200A7E20200DE93020081580020AD
:102CA00000E100E0D1F5020008B5074813F09EFDF1
:102CB00038B10648F5F7D8F90448F1F783FA00204F
:102CC00008BD6FF01200FBE73C7C0200D12C010034
:102CD0000A2838B50446074D04D1AB680D212846B3
:102CE000DB699847AB680348DB69E1B29847204647
:102CF00038BD00BF3C7C0200F7B50F46164648B908
:102D000018491823184A19480FF0C4F91821164811
:102D10000FF0B7F9E9B916491923134A13480FF010
:102D2000B9F91921F3E7331BB3F5806F38BF1D469E
:102D300000202A4601AB39190AF002FE68B9019B4E
:102D4000AB420AD12C44A642EDD809D0162003B0DC
:102D5000F0BD4FF480650024F5E76FF01500F6E74D
:102D60000020F4E772E3020042E30200DE93020077
:102D700085E302004FF47F03D3F83021D3F83431D8
:102D8000072A05D1023B032B04D8034AD05C7047C5
:102D900000207047012070475DE50200024B0B6088
:102DA00001231360704700BFD88E020000487047AF
:102DB0006C8E02000268154BFF2A08BF4FF0FF32ED
:102DC000C3F824254268FF2A08BF4FF0FF32C3F83A
:102DD00028258268FF2A08BF4FF0FF32C3F830254C
:102DE000C268FF2A08BF4FF0FF32C3F834250269DA
:102DF000FF2A08BF4FF0FF32C3F838254269FF2A87
:102E000008BF4FF0FF32C3F83C25704700B00250B6
:102E100030B50D46416885B069B1D1E900138468C9
:102E2000B4B1D4E90024A4B19BB19C4205D06FF0A9
:102E3000150005B030BD0B46F1E75C1C092C03788A
:102E40000AD902210D4A0E4800940FF0DFFFEEE789
:102E5000224601331C44F1E78DF8083040F201139B
:102E6000ADF80A30002302A88DF809408DF80C3027
:102E70008DF80D5003F034FFDBE700BFABE3020039
:102E80007C8102002DE9F04F91B0436800AF5E6B8A
:102E900005460021304607F1280212F01BFB041EF4
:102EA00076DBBB6A32681979186800F0BFFE041E31
:102EB0006EDB002201212B20F4F756FD286912F069
:102EC0003BFAD5F804902A6948467A4903F0DEFEB9
:102ED000041E55DB784E07F128040FCE0FC496E888
:102EE0000300002307F1040A7B60CAE90133AB2326
:102EF00084E803003B71714B07F12800D3F82425C7
:102F000007F11006D2B23A61D3F82825D2B27A611D
:102F1000D3F83025D2B2BA61D3F83425D2B2FA61EF
:102F2000D3F83825D2B23A62D3F83C35DBB27B62B3
:102F3000FFF740FF012003F053FF80463046FFF7C4
:102F400039FFB8F1000F28D141465046FFF760FF26
:102F5000041E15DB232013F045FC4FF0030B9F23C9
:102F6000C7E90A884146C7F810A0C7F814B087F827
:102F700028303E6307F12800FFF74AFF041E0FDAEE
:102F8000284612F09AF903F071FF08B103F04CFFE4
:102F900020464437BD46BDE8F08F6FF00404EFE7EC
:102FA0005A46514609F1300014F0FDFC044618B3AE
:102FB0006C468CB06A4697F804E097F805C0BE7975
:102FC00099F8300099F8311099F83230D36208231B
:102FD000DFF8EC90C2E907C6C2E9059EC2E9090123
:102FE00042F8103F44F2400143463648F3F796F961
:102FF000A5466FF01204C3E76A68537F023B012BBA
:1030000017D992F81C90A9F10209B9F1020F8CBFEF
:103010004FF000094FF0010912F0C3F9B0F10008B8
:103020000ADA01214346284A26480FF0E5FE4446C5
:10303000A6E74FF00109EFE75FFA88F2C8F38018BE
:10304000C1459DD00023012182F04002BB623F6157
:1030500079613B6387F82810FE6207F128003B8006
:103060003A70FFF7D5FE041E07D112F09AF9041E3C
:1030700004DB14F00104F8D182E781DA134A144B1F
:103080006E468AB0B9F1000F18BF13466A4611495F
:10309000D461C2E905134FF4007313840E4B42F858
:1030A000103F00234FF411510648F3F737F9B546A6
:1030B00066E700BFEB520200B482020000B002508B
:1030C000D4E302007C81020006E4020044C902004D
:1030D000CEE3020016E40200040000012DE9F04FE7
:1030E00082460E461C46904687B072B17BB10029DD
:1030F000426803DBD26A0B4493420CD90121334668
:103100003D4A3E4800940FF081FE6FF015042046C2
:1031100007B0BDE8F08F754205F0030512F026F9FF
:10312000A54228BF2546D8F1000303F0030308F0A9
:10313000030758BF5F427F4207F00307A74228BF3B
:103140002746631BE41B24F0030423F00309A14575
:10315000C8BFA14603F0030BC8BFA3EB040BB9F132
:10316000000F17D008EB070349461846721903935E
:1031700012F0EEFD04460146DAF8100012F0BBF83A
:10318000A4BBBD4206D0039B4A46194608EB050086
:1031900014F0E7FB9DB1C5F104070421F21B04A85C
:1031A00012F0D6FD04460146DAF8100012F0A3F83A
:1031B000E4B904AB2A464046D91914F0C5FBBBF16B
:1031C000000F17D0721908214A4404A812F0C0FD5C
:1031D00004460146DAF8100012F08DF834B909EB14
:1031E00005005A4604A9404414F0AEFB504612F0C4
:1031F0008BF88CE75C46F9E727E402007C8102004B
:103200002DE9F0430F4606461D469046416885B0BD
:103210002AB96FF01504204605B0BDE8F083002BF5
:10322000F7D0042B01D9AB07F3D117F00304F0D189
:10323000002F03DBCA6A7B19934207D901213B4661
:10324000314A324800950FF0E1FDE2E7304612F0D6
:103250008DF8204612F0C0F8044630B1012012F07B
:10326000BBF8304612F050F8D5E7032D1BD80421E7
:103270003A4603A812F06CFD04460146306912F08C
:103280003AF8002CEAD12A46414603A814F05CFB28
:103290003A46042103A812F058FD0446014630695D
:1032A00012F029F821E008F06043B3F1005F02D189
:1032B00018F0030F24D0042DA94628BF4FF00409AD
:1032C00041464A4603A814F03FFB49463A4603A844
:1032D00012F03BFD04460146306912F00CF824B9A7
:1032E000B5EB0905C8444F44E5D1012012F074F84C
:1032F0000546304612F008F8002C08BF2C468AE735
:103300003A4629464046C6E770E402007C81020046
:103310002DE9F7430B460E4607461546D0F804C084
:10332000C1F30B012AB96FF01504204603B0BDE8C4
:10333000F083C2F30B0252EA0104F4D1002B04DB48
:10334000DCF82C105A198A4206D90121364A37482E
:1033500000950FF05BFDE6E712F008F82046D7F87D
:10336000048012F039F80446002858D1D8F82C30DF
:10337000AB421ED103F0E4FDA9460446214638695C
:1033800011F0B9FF002C3CD14E44A5EB09050021FA
:103390004FF4A47007F042FB12F003F8041E34DB74
:1033A000E307F4D4002DE1D1012012F015F8044612
:1033B00035E0B5F5803F09D3B3B253B931460120AA
:1033C00003F05EFD4FF480390446D7E7B5F5805F22
:1033D00009D3C6F30B0030B9314603F051FD4FF469
:1033E00080590446CAE701213346114A0F48009527
:1033F0000FF00CFD6FF01501386911F07CFF6FF0D4
:1034000015040C4A3346009502E033460A4A0095FB
:10341000064801210FF0FAFC012011F0DDFF3846CB
:1034200011F072FF81E700BFBAE402007C81020064
:1034300004E502003FE5020022E50200024B0B60BA
:1034400001231360704700BF0C2A0020004870471A
:10345000E08E020007B50346054A009105480121A8
:103460000FF0D4FC6FF0150003B05DF804FB00BF53
:1034700077E502001C81020010B5012206481146C2
:1034800013F03BFA12F05EFC044C206012F057FC83
:103490006060002010BD00BF142A00200C2A00200C
:1034A000F7B50E46144612F04AFC21460546304652
:1034B00011F0B0FF374660B3B6FBF5F305FB1363BD
:1034C00023B9B4FBF5F305FB13434BB13346134A61
:1034D0000094134801210FF099FC6FF0150002E0F1
:1034E000A54202D9002003B0F0BD4FF0FF324FF0EB
:1034F000FF330C4805F02EFB12F021FC0546384640
:1035000003F0A2F8641B2F44F9D1064805F09EFA97
:10351000E8E7054A33460094DBE700BF94E5020084
:103520001C810200142A002077E50200F7B50E4640
:103530001946304617461C4611F06CFF50B9334609
:10354000174A0094174801210FF060FC6FF0150036
:1035500003B0F0BD46EA040515F0030503D0124A96
:1035600033460094EEE7A4B14FF0FF324FF0FF3343
:103570000E4805F0EFFA24F00304A54205EB06001F
:1035800009D10B4AD2F80034DB07FBD5074805F018
:103590005DFA0020DCE7795903F084F80435ECE7A4
:1035A00077E502001C810200B3E50200142A002026
:1035B0000090035010B5036961B920494F23204A98
:1035C00020480EF067FD20480EF064FD4F211C4896
:1035D0000EF057FD486850B91C495023184A194845
:1035E0000EF058FD1A480EF055FD5021EFE75868CF
:1035F000F8B1884219D19C680868A142586000D18E
:103600009860002008602AB15A680A609A68596078
:1036100002B99960002010E0814206D1086820605C
:1036200098688142EDD19C60EBE704460068002871
:10363000F2D1002AE8D16FF0150010BD979B02006F
:10364000F2E50200DE9302002EE602003DE60200F3
:103650004FE6020008B503680246590914D0012953
:1036600006D14FF6FF7103F01F03D940C80712D4EB
:103670000A490B484FF474730A4A0EF00BFD4FF4DD
:10368000747108480EF0FDFC4FF0FF31D940C907B6
:10369000EED5054800E00548136008BD2EB20200D3
:1036A000DE930200FBB10200002584500028845004
:1036B00070B5446801F01F05207C86B045EA4015CE
:1036C000A068002871D0B2F5001F04D1294602F08D
:1036D000C5FD00204DE06068667CB2F5800F466253
:1036E0004FF0000601A80196466031D1B3F1007F8A
:1036F00014BF052304238DF804300023CDE904030F
:103700000393E368CB40D90735D4B2F1A07F32D11F
:1037100068460095FFF79EFF009B803350F82330EA
:10372000DB0728D46A462946A06802F021FC16303F
:1037300019D0CDF808D02946A06803AA02F0B0FA43
:10374000002816DB01222946A06802F005FDC0E72B
:10375000B3F1C06F05D0B3F1007F14BF0123022382
:10376000C9E70323C7E76946A06802F0D1FC002837
:10377000DFDA06B070BD6A462946A06802F0F8FBA1
:103780000028D8D19DF80010A06802F0A1FC002804
:10379000D1D00749074840F2F113074A0EF07AFCEE
:1037A00040F2F11104480EF06CFC6FF08500E0E788
:1037B0008FDA0200DE93020066E602002DE9F04394
:1037C000466840F20635337CD00601F01F0747EA11
:1037D000431748BF032302EA050558BFC2F340134D
:1037E00087B0B5F5837F14468DF8033044D00DD8EB
:1037F000062D16D005D8A5B1022D3FD06FF01500CB
:1038000037E0B5F5807FF9D101250AE040F20222C8
:10381000954235D0B5F5407F34D0B5F5007FEDD178
:1038200002250123220303FA01F12DD57368996063
:10383000B06870BB03A80397FFF70CFF039B00EB76
:10384000830084F48033C3F30043C4F34044D0F8CE
:10385000002244EA43049DF8033022F4706244EAF3
:10386000830422F00F0244EA05231343C0F8003218
:10387000002007B0BDE8F0830725D2E70425D0E794
:103880000525CEE70325CCE7630344BF7368D96001
:10389000CEE739460DF1020202F06AFB14F4403F14
:1038A000804617D13946B06802F0FAFBB8F1000F34
:1038B000DED19DF80210B06802F00AFC0028D7D0D3
:1038C0001E491F48FC231F4A0EF0E4FBFC211D4843
:1038D0000EF0D7FB4FF0000901ABCDE90199CDE91E
:1038E0000439CDF80C903946B06803AA02F0D8F933
:1038F0004845BDDB14F4003314D09DF8033084F444
:103900008034C4F300448DF80E308DF80C508DF8DF
:103910000D404B463946B06803AA02F087FA0028EA
:10392000C4DAA5E7CDE904330DF103030393394667
:10393000B06803AA02F0B4F9F1E700BF8FDA020021
:10394000DE93020066E602004209034670B502D02B
:10395000012A1ED070BD144E326951680029F9D079
:10396000012503F01F030C689D400029F2D08A68EE
:103970002A4012D04B6873B90C4974230C4A0D4885
:103980000EF088FB0C480EF085FB742108480EF001
:1039900078FB0A4EE0E7304698471CB12368214681
:1039A0001C46E2E72346FAE7047C020092E60200A6
:1039B000F2E50200DE9302004FE60200E87B02001F
:1039C00038B54568A86890B102F050FB014670B95F
:1039D000A86802F001FB044658B902460649A868E7
:1039E00002F0AEFA224605210D20F3F7BDFF0020BC
:1039F00038BD6FF00400FBE74939010010B50446FB
:103A00000269A2B0C2F880001F49002002F038FD10
:103A1000002201212A20F3F7A7FF646884220021F5
:103A200001A813F0B8FF6368B3F5803F04D3022107
:103A3000164A17480FF0D7F92368B3F5803F04D32F
:103A40000221144A12480FF0CEF9002301202193DD
:103A500001AA61680432D940C90744BF00FA03F1E2
:103A600042F8041C2168D940C90748BF00FA03F195
:103A700003F1010348BFD163102BEAD101A802F082
:103A800025FD002022B010BD713B0100B6E602000A
:103A90004C810200E2E6020038B50F290C460569A8
:103AA0003CD843681B68CB40DB0737D5D5F884305A
:103AB000CB4003F001031AB9EBB96FF077002CE0AB
:103AC000002BFAD155F8213023B90221154A1648A6
:103AD0000FF089F9D5F8843013B92A20F3F714FFD1
:103AE0000122D5F88430A2401343C5F88430E0B2F7
:103AF00002F024FD0AE0C8B202F03EFD0122D5F832
:103B00008430A24023EA0203C5F88430D5F884301B
:103B100013B92A20F3F706FF002038BD6FF0150017
:103B2000FBE700BF0EE702004C81020038B50546F6
:103B30000C4622B102210C4A0C480FF054F90F2C0C
:103B40000ED86B685B68E340DB0709D501230020D2
:103B5000A400E4B204F1A04404F52834236038BD85
:103B60006FF01500FBE700BF3EE702004C8102004A
:103B700070B5D1F880600F2804460D46736803D8ED
:103B80001B68C340DA0704D402210E4A0E480FF026
:103B90002AF9D5F88430E340DB0704D402210B4A2C
:103BA00009480FF020F905EB840255F824503DB187
:103BB00021463046AC46BDE870400023126C604799
:103BC00070BD00BF59E702004C81020075E702009A
:103BD00008B503680246590914D0012906D14FF6E9
:103BE000FF7103F01F03D940C80712D40A490B48DC
:103BF0004FF474730A4A0EF04DFA4FF4747108488A
:103C00000EF03FFA4FF0FF31D940C907EED5054815
:103C100000E00548136008BD2EB20200DE930200EA
:103C2000FBB1020000258450002884502DE9F04F9C
:103C30001546824640F2FF19DFF8B8B185B000EBB7
:103C40008108D04503D1002005B0BDE8F08FDAF837
:103C50000030C3F3C3210829C3F3080400F2C38072
:103C6000654A4C45575C4FEA136311D0222B1DD98E
:103C70004E2B40F0BB80C5F81445012603A80394E1
:103C8000FFF7A6FF039B06FA03F38360334654E075
:103C9000222B09D94E2B40F0A9804FF0FF33C5F8F5
:103CA00014350AF1040ACCE74FF0FF34222B00F25E
:103CB0009D80DFE803F012171E362127369B9B9B61
:103CC0009B39669B9B9B9B9B9B9B9B9B6E797C7F65
:103CD0009B9B9B82898C8F929500C5F80C45631C39
:103CE000CBD1DEE7C5F81445631CDAD000260023EB
:103CF00023E0C5F80845F2E7611CC5F80845D0D0B7
:103D0000002604E0621CC5F80C45CAD0012603A8B1
:103D10000394FFF75DFF0123039903FA01F1C160EA
:103D20000BE0C5F81045DFE7C5F80845002FDBD1EB
:103D3000661CB6D0002606273346DAF80010039436
:103D400001F40040002818BF002303A818BF012673
:103D500001910093FFF73CFF039C019900EB840065
:103D6000D0F80042009BC1F341213F0247EA81079E
:103D70003B4304EA0B04234343EA4603C0F8003202
:103D80008FE7C5F80C45002FD2D0601C89D00026E3
:103D90007CE7C5F86045611CDAF8003081D0C3F3D8
:103DA0000043002BB2D068E7C5F86445F3E7C5F8D7
:103DB0006845F0E7C5F86C45EDE7C5F82445621C99
:103DC0003FF46FAF012692E7C5F8284587E7C5F8AD
:103DD0003045F4E7C5F83445F1E7C5F83845EEE776
:103DE000C5F83C457BE76FF015002DE76FF08500C7
:103DF0002AE700BFF0F0FCFFABE7020070B50369F3
:103E000086B0456804461422002101A81E6813F0FC
:103E1000C2FD05238DF80430002386F86330636803
:103E20000D4A1B68C3F808236B689B070ED5EFF398
:103E30001185202383F31288BFF36F8F0221204660
:103E400011F06DFC85F31188BFF36F8F204601A937
:103E500011F05AFB06B070BD14020A002DE9F843B8
:103E60000546002201210820F3F77EFD0820F3F724
:103E70004BFD6C680121E06811F042FC6B68196829
:103E80002369C1F82435A27D637D207D1343228BF5
:103E900002431343C1F86C352C69206878B10022C5
:103EA0003549083012F05DFE2368DD63206800228A
:103EB0003249683012F055FE2368C3F89C506F6891
:103EC000D7E9004313F001033CD04FF00008D5F8C8
:103ED000109004F10C01C4F8A08109F10C02C4F89F
:103EE0008C8004F5907011F080FD061E07DA012128
:103EF000234A24480EF077FF3046BDE8F88399F84E
:103F00000C0001F0CFFA0823C4F800357B6AC4F82E
:103F100044350123C4F84885A360D4F85831002BF8
:103F2000FBD00023C4F800356B68596811F002011A
:103F300006D1D8681C6811F0E3FB0823C4F80035EB
:103F40000026D9E70822C4F800257A6AC4F8442577
:103F5000C4F848350123A360D4F82031002BFBD0EE
:103F60000023C4F82031D4F820310123E3604FF45A
:103F70008073C4F80433D0E78D5802000959020059
:103F8000B4E702009C8102002DE9F843044688460C
:103F9000466812F027FD88B3216963684FF0200955
:103FA0001D68EFF3118789F31288BFF36F8F606884
:103FB00011F096FB002839D00B6853B1D3F8A42038
:103FC0003AB1D3F8B420002A03DAD5F84C25C3F867
:103FD000B420736A012283F800802046716A11F0D0
:103FE000C4FB73689B0744BF4FF48003C5F80433D8
:103FF00087F31188BFF36F8FBDE8F883164B1A78EB
:1040000063680AB92169C9E74FF020091D68642770
:10401000606811F065FB70B9012011F0B1FC013F3F
:10402000F6D10021212006F0F9FCF0E787F3118892
:10403000BFF36F8FB5E7EFF311810F4689F3128855
:10404000BFF36F8F606811F04BFB0028C1D181F383
:104050001188BFF36F8FE4E7815800202DE9F04FFE
:104060009946D0F804A0036985B01C6802939AF8B9
:104070000830064688461746DAF8005073B15549AD
:1040800040F2FB63544A55480EF004F854480EF0D1
:1040900001F840F2FB6150480DF0F3FF94F86330F3
:1040A000002B40F0948094F8643003F0FF01002B63
:1040B00040F08D80B9F1FF3F69D0B9F1040F66DDA2
:1040C0004FF0050C4FF4004099FBFCFCDFF814E1C5
:1040D0000023CCFB00E1444A7046ECF705FF4FF0AB
:1040E000000BC4E91601C4E91087C4E912BBC4F887
:1040F00050B0DAF80420920750D5EFF31182202156
:10410000039281F31288BFF36F8F0221304611F0C2
:104110001BFB039A82F31188BFF36F8FDAF8042038
:1041200093073BD594F86160C6B3BE4228BF3E46B4
:1041300040463246DAF8201013F006FCBF1B29D1A6
:1041400094F86120921BD2B284F86120DAF8200042
:10415000811913F006FC029B03F1080BDBE8EF3F2B
:1041600043F00403CBE8E23F002AF7D145F30735DB
:10417000002D08DB01226B091C4905F01F05AA4030
:10418000403341F82320002005B0BDE8F08F002027
:104190000146A4E7B9F1FF3F0CD1B044144BC5F878
:1041A0003485C5F83875C5F80433012384F86330C5
:1041B0002B60E8E7C5F808B1D5F80831D4E9162333
:1041C000CDE9002304F1080007F08CFAE5E76FF071
:1041D0000F00D9E7D1F50200D3E70200DE93020019
:1041E00007E802003F420F0040420F0000E100E0FC
:1041F00010020A002DE9F04F4368D0F810B01D6896
:104200000446D5F804934FF400324B464FF4A271A4
:1042100028468DB0DBF8007011F056FA064608B15A
:1042200097F862604B4610224FF48871284611F0CF
:104230004BFA4B4604224FF484710390284611F048
:1042400043FA4B464FF400224FF4A67104902846DF
:1042500011F03AFA4B4680464FF400724FF49271D7
:10426000284611F031FA38B3636814221B68002124
:1042700007A8D3F880A4059313F08DFB06221AF04B
:10428000010F059B8DF81C2040F0DB801AF0020F17
:1042900040F0D9801AF0040F40F0D7800AF00802ED
:1042A00020468DF8202007A9C3F880A411F02CF92E
:1042B0000021204611F0ABF9049B93B10021236942
:1042C0006268D2F800A01A6882F860101868D0E915
:1042D0001623CDE90023083007F004FA0423CAF8B6
:1042E0000833039B002B00F0B280FB6C002B40F0E6
:1042F000ED80B8F1000F40F0B28000222046114658
:1043000011F06CFA06B34FF0000887F86280236959
:10431000D4F804A01E68316C21B1204611F0FBF8DE
:10432000C6F8408096F86430002B00F0DA80002355
:1043300086F864300022636820461B68C3F80821B1
:10434000D3F80831FFF75AFD19F4807F19D0D5F85A
:104350002031B3B163681B68EFF31182202181F330
:104360001288BFF36F8FD3F8201131B10021C3F849
:104370002011D3F820110121D96082F31188BFF3F5
:104380006F8F19F4800F3ED0D5F85831002B3AD0FA
:1043900063682569D3F80080EFF31189202282F346
:1043A0001288BFF36F8F2A685B68D2F8B4100029B7
:1043B000ACBFD2F8B460D8F84C659A0707D54FF473
:1043C000800301212046C8F8083311F0A8F989F3C9
:1043D0001188BFF36F8F2B68D3F8A0209AB193F8A0
:1043E000B810002900F0A180EFF31186202383F399
:1043F0001288BFF36F8F2946204611F0CFF986F35C
:104400001188BFF36F8F0BF10803D3E8EF2F22F071
:104410000401C3E8E01F0028F7D1530740F1C3802F
:104420002046796C11F08BF82046396C11F073F846
:1044300000232046C7E910330DB0BDE8F04FFFF769
:10444000DDBC01222CE702222AE7042228E7B8F18A
:10445000000F3FF457AFFB6CEBB94FF0000814228C
:10446000002107A813F097FA03238DF81C30236965
:1044700020461A6807A9D2E9163213431FBF042247
:1044800063681B68C3F8042311F03EF8B8F1000F0D
:104490007FF433AF36E7D5F810315BB94349444870
:1044A00040F6B813434A0DF0F5FD40F6B811414807
:1044B0000DF0E7FD039B0121C5F81031204606F001
:1044C0000102D5F8103111F089F9C6E741462046BE
:1044D00006F0010211F082F9B8F1000F3FF412AFBB
:1044E000BBE7DAF8043099077FF524AF62681368F8
:1044F000126AC3F834250522C3F838250122DA628E
:10450000D3F81021002AFBD00021C3F81011D3F8F2
:104510001021D3F84C212AB1C3F84C11D3F84C2107
:10452000D3F83C2586F8612004E7D3F8A8108A4226
:1045300011D0D3F8AC10D3F8B020B142324430D10E
:104540002046C3F8B02011F0A0F800287FF44CAF4B
:104550002B68D3F8B0602868683012F00EFB142284
:10456000002107A813F017FA2B682046D3F8A030D3
:1045700007A9CDE908362B68D3F8A4309E421CBFAA
:1045800001238DF81C304FF48003C8F80833002352
:104590002A68C2F8A0302A68C2F8A43010F0B4FF2C
:1045A00031E71646D7E70DB0BDE8F08F20E80200EE
:1045B000DE930200D3E70200F7B506461C46056904
:1045C000EFF31187202383F31288BFF36F8F2B68DB
:1045D000D3F8A4C0BCF1000F07D087F31188BFF354
:1045E0006F8F6FF00F0003B0F0BDC3F8A4202B68ED
:1045F000C3F8A01001F06043B3F1005F2B6814D141
:10460000C3F8A8102B68C3F8AC202946304611F037
:10461000C5F887F31188BFF36F8F73681B7D012B7B
:1046200001D1631C06D10020DDE7C3F8B0C011F052
:104630002CF8EAE74FF4004600210A4824EAE47423
:104640000023C4FB0601084AECF74EFC2D68024625
:104650000B46683500200021CDE90001284607F00F
:1046600041F8E0E73F420F0040420F0070B40E49AE
:1046700022F07F46D1E90034D01AC31844F1000477
:10468000C1E90034A6F50013B3F5400F09D2074B7A
:104690001B681A0A1B069C19054B42F10005C3E969
:1046A000004570BC06F060BEF01D0020D42A00203A
:1046B000F81D00200D4B1868010A0006BFF35F8F3C
:1046C0000B4BD3F80435181841F10001B3F5801FE6
:1046D0000AD2084BD3E90023904271EB030303D2C3
:1046E00010F1807041F10001704700BFD42A002012
:1046F00000500150F81D00202DE9F7432E4BD3F850
:10470000042390070BD5D3F8042142B10022C3F84B
:1047100004212A4AD3F80431136801331360264A6E
:10472000D2F80433D90326D5254BD3E8EF1F21F067
:104730000100C3E8E40F002CF7D1CB0702D4D2F874
:104740004031C3B100251C4CC4F84051D4F840316D
:10475000FFF7B0FFEFF31182202383F31288BFF33A
:104760006F8F184BD3E90267B042B94106D282F38A
:104770001188BFF36F8F03B0BDE8F0834FF0FF38AF
:10478000D3E900104FF0FF391D60C3E902894FF4EF
:104790008033C4F84833C4F84051D4F8403182F330
:1047A0001188BFF36F8F0029E5D0009032463B4659
:1047B00028468847DFE700BF00500150D42A002078
:1047C000CC2A0020E01D00202DE9F84F04460D46BC
:1047D000434FD7E8EF8F28F00103C7E8E23F002AF4
:1047E000F7D14FF480393F4EC6F80893BFF35F8F7F
:1047F000BFF36F8FFFF75EFFA04271EB050308F078
:10480000010840D2384B201A65EB0101984271F142
:10481000000148D2354BD3E902239D4208BF9442A0
:104820003AD04FF0000C24F07F40834603216FF014
:10483000020EC6F84893C6F840C1D6F84031DFF8FA
:10484000B0A02BF07F43C6F84035C6F84493D6F8A5
:104850000425AEEB02035B4423F07F4353451BD991
:10486000D6F840315BB1D6F80425131A23F07F4304
:10487000B3F5000F10D9C6F840C1D6F8403101EBAE
:10488000020B0131DDE71B4BD3E8EF1F41F00101C3
:10489000C3E8E21F002AF7D1144B174AC3E90245C7
:1048A0001A6000225A60B8F1000F16D0D7E8EF3F27
:1048B00043F00103C7E8E23F002AF7D14FF480320A
:1048C000084BC3F804230B4BD3E8AF3FDB0742BFD1
:1048D0004FF40012094BC3F80021BDE8F88F00BF68
:1048E000D02A00200050015001008000E01D00206F
:1048F000FDFF7F00CC2A00206D46010000E100E0B2
:1049000070B54FF0FF3000254FF0FF31164C174BBC
:104910000226C4F80833C4F84833154BC4F80855C8
:10492000C3E902014FF480334FF40012C4F804339A
:10493000104B0121C4F804631520C3F880212A46D6
:10494000F3F712F81520F2F7DFFF01230A4AA360FC
:104950000021236009481360FFF736FF3046FEF759
:1049600005F9284670BD00BF0050015003000F003C
:10497000E01D002000E100E0D02A0020FFFF7F00C2
:10498000431C10B50F4C05D08442A8BF0446012C2F
:10499000B8BF0124FFF78EFE0B4AD2E90031C01ADE
:1049A000B0F5000F074A0AD22044904228BF1046B3
:1049B000BDE81040C01841F10001FFF705BF1046E7
:1049C000F6E700BFFFFF7F00F01D002008B5FFF7EE
:1049D00071FE024B1B68C01A08BD00BFF01D00200D
:1049E0002DE9F04112F0FC6F1346D0E9014706694A
:1049F0000ED042494FF47D73414A42480DF04AFBC4
:104A000041480DF047FB4FF47D713D480DF039FBF7
:104A100002F03002302A0CD13C4940F2F733384AD8
:104A200038480DF037FB3A480DF034FB40F2F731CF
:104A3000EBE7384A384D1A40AA420CD1374940F2C8
:104A4000FB332F4A2F480DF025FB35480DF022FB94
:104A500040F2FB31D9E703F00602042A09D13149BB
:104A600040F2FE33264A27480DF014FB40F2FE3197
:104A7000CBE713F4402216D09D030CD42A4940F210
:104A800001431F4A1F480DF005FB28480DF002FBAB
:104A900040F20141B9E7B2F5402F18D0244A9A43B9
:104AA00001D183F44023012524688D40254223F45D
:104AB000801219D11F4940F21143114A11480DF0DB
:104AC000E9FA1D480DF0E6FA40F211419DE71B4955
:104AD00040F205430A4A0B480DF0DCFA18480DF085
:104AE000D9FA40F2054190E73468DB074CBF2C430C
:104AF000AC4334603B68BDE8F04118476EE8020003
:104B00006F930200DE930200DDE8020001E902007B
:104B10003AE90200020003000200010077E9020006
:104B2000C4E9020013EA020046EA020095EA020024
:104B300001001000A0930200FB930200D0EA0200E3
:104B40001DEB020070B5836846689C690569002CFE
:104B500066D002F4C003B3F5C00F0ED132494FF452
:104B60006373324A32480DF095FA32480DF092FAEA
:104B70004FF463712D480DF084FA63B92E494FF458
:104B800064732A4A2A480DF085FA2C480DF082FAFF
:104B90004FF46471EEE702F0E863B3F1C86F0CD133
:104BA000274940F29333214A21480DF073FA2548F2
:104BB0000DF070FA40F29331DCE702F0C863B3F510
:104BC000800F0CD120494FF46873184A18480DF033
:104BD00061FA1E480DF05EFA4FF46871CAE70123CE
:104BE00036688B4033420CD1194940F2A5330F4A45
:104BF0000F480DF04FFA17480DF04CFA40F2A5316E
:104C0000B8E7160204D52D682B4218BF82F0C062A7
:104C1000114BA446BDE87040134002F0B0726047EB
:104C20006FF0570070BD00BF49EB02006F930200A8
:104C3000DE93020096EB0200C2EB0200F2EB0200F0
:104C40001DEC0200B0EC020004ED02006BED02006E
:104C5000A0930200FB93020040000006012310B560
:104C600003FA01F1436804691B6819420ED10E4929
:104C700040F2A2630D4A0E480DF00CFA0D480DF0FB
:104C800009FA40F2A26109480DF0FBF923681942C4
:104C900003D022B183681B6903E0002AFAD083683D
:104CA000DB68BDE810401847A09302006F93020034
:104CB000DE930200FB9302002DE9F843074600262D
:104CC000164DDFF85C80DFF85C902868CFB1404576
:104CD0001AD0484514BF4FF0E8634FF09863EA8854
:104CE000297902F040021A43FFF72CFF044670B105
:104CF000012103460C4A0D480EF07EF82046BDE81F
:104D0000F8834FF40013EAE74FF09863E7E70136C2
:104D1000042E05F10805D8D1F0E700BF808F02000E
:104D2000047C0200E87B0200B0ED02000C8102006E
:104D300008B50349034810F0EEFD6FF0150008BDFB
:104D4000D0ED02000C81020070B50446EFF311862D
:104D5000202383F31288BFF36F8F234806F070F986
:104D600068B98823214A224922480DF093F91E4947
:104D700021480DF08FF988211C480DF082F91F4D54
:104D8000194806F081F92B78BBB91D4B9C4202D023
:104D90001C4B9C420AD10020FFF78EFF18B11A4924
:104DA0001A4810F0B8FD0022194B1A700123212275
:104DB0002B701848002304F04DFD0B4806F04EF907
:104DC00068B94FF49A73094A13490A480DF062F919
:104DD000054912480DF05EF94FF49A71CCE786F35D
:104DE0001188BFF36F8F70BDFC2A0020BEA00200A7
:104DF000EBA00200DE93020000A10200805600201A
:104E0000047C0200E87B0200EBED02000C81020052
:104E10007F560020001E002016A102002DA10200D6
:104E200008B50349034810F076FD002008BD00BF17
:104E300007EE02000C8102002DE9F74300244FF039
:104E4000010825461C4E30683779436808FA07F791
:104E50001B681F420ED1194940F24963184A19488C
:104E60000DF018F918480DF015F940F24961144891
:104E70000DF007F9D0F81090836801A95B68984796
:104E800000280CD012DB08FA05F31C430135042D71
:104E900006F10806D7D1204603B0BDE8F083D9F863
:104EA0000020019B53403B42F0D0ECE703B0BDE84B
:104EB000F043FFF7B5BF00BF808F0200A093020050
:104EC0006F930200DE930200FB9302002DE9F04194
:104ED000074688460025104E27FA05F212F0010217
:104EE00010D128FA05F3DB070ED531793068FFF7CA
:104EF000B5FE044640B10949094810F00CFD2046B2
:104F0000BDE8F0810122F0E70135042D06F1080625
:104F1000E2D10024F3E700BF608F02001CEE020024
:104F20000C8102002DE9F041494F3B7853B100203C
:104F3000FFF7C2FE28B147494748BDE8F04110F0ED
:104F4000EABC3870FFF778FF0446444BD3E8EF2FF4
:104F5000C3E8E14F0029F9D1414BDFF808811A7805
:104F600042BBD8F80060A64219D03F4B66401B6890
:104F70000BB1314698474FF0FF334FF0FF323B48BB
:104F800003F050FA3A4B1D6835B1043D2B683146A9
:104F9000204698476D68F7E7344803F013FBC8F8DC
:104FA000004054B1BDE8F0414FF4A47200233148F1
:104FB00004F050BC00221A70F1E7EFF311862023B1
:104FC00083F31288BFF36F8F2B4806F039F868B966
:104FD00088232A4A2A492B480DF05CF826492A489A
:104FE0000DF058F8882125480DF04BF8224806F0BE
:104FF0004BF8264B1D78012D17D01F4806F02EF8D0
:1050000068B94FF49A731D4A21491E480DF042F8C1
:10501000194920480DF03EF84FF49A71E3E786F302
:105020001188BFF36F8FBDE8F08128461C70FFF731
:1050300043FE044610483D7006F010F80028E0D00A
:1050400086F31188BFF36F8F002CECD0124973E701
:105050007F56002032EE02000C8102000C2B002053
:105060008D0A0020DC2A0020102B0020E02A0020DE
:10507000F42A0020001E0020FC2A0020BEA002000E
:10508000EBA00200DE93020000A102008056002087
:1050900016A102002DA102004BEE020070B5002601
:1050A0000C4CE2882068217942F40032FFF798FC2A
:1050B000054648B90136042E04F10804F1D1BDE8D3
:1050C00070400F21FFF702BF0349044810F023FC92
:1050D000284670BD608F020063EE02000C81020062
:1050E000054BD3E8AF3F00B10360044811B102683B
:1050F0005A400A60036070470C2B0020D82A002019
:105100002DE9F8433A4B18603A4D3B4811F0BCFB8F
:105110002E464FF000082F46F288306812F0010F3B
:1051200014BF1023202331791A4342F48032FFF751
:1051300057FC044630B13149314810F0ECFB2046B1
:10514000BDE8F88308F10108B8F1040F06F108067C
:10515000E2D1064680464FF00109EA88286802F04D
:105160004002297942F40012FFF7ECFC044608B132
:105170002449E1E72B7908F1010809FA03F3B8F1B2
:10518000040F46EA030605F10805E6D10546DFF8F7
:1051900078801E4BC8E9013657F835008368DB6913
:1051A00033B1012241469847044620B11849C3E76C
:1051B0006FF05704FAE70135042DEDD11549164873
:1051C00004F010FA0122154B13481A700023002234
:1051D00004F0B8FA21462046FFF782FFFFF72CFEC5
:1051E0000F4BD3E8EF2FC3E8E10F0029A7D0F8E772
:1051F000102B0020808F0200E02A00207DEE0200AC
:105200000C8102009AEE0200002B0020494D0100A3
:10521000B5EE0200254F0100001E00208056002040
:105220000C2B002003280A4610B503D9BDE8104016
:10523000FFF77EBD074B03EBC001097953F830003F
:10524000FFF70CFD044618B10349044810F063FB56
:10525000204610BD608F02001CEE02000C8102008F
:105260004FF40071014806F077BD00BF8156002061
:105270004FF47F03D3F83021D3F83431072A05D116
:10528000023B032B02D8024AD05C704700207047D3
:10529000E5EE020008B5FFF7EBFF58B1644BD3F819
:1052A000202A3AB90D21C3F8201A0121C3F81C198C
:1052B000C3F81C290022D30003F57F03D3F80013A1
:1052C000013107D0D3F800130132D3F80433202A78
:1052D0000B60F0D1FFF7CCFF002840F0A080FFF773
:1052E000C7FF40B1534B544AC3F830254FF0502309
:1052F0000122C3F858254FF47F03D3F83021D3F8A7
:105300003431072A09D1023B032B06D84B4AD35C20
:105310001BB100224A4BC3F84C25FFF7A9FF50B13F
:105320004FF05023D3F80024D10742BF0022C3F826
:105330001421C3F818214FF47F03D3F83021D3F898
:105340003431072A09D14FF05023D3F80024D20773
:1053500044BF6FF00102C3F80024FFF789FF18B1C2
:105360006522334BC3F80C274FF47F03D3F8302169
:10537000D3F83431072A16D1314BD3F82034002B1F
:1053800011DA4FF050230322C3F8182501229A6046
:10539000D3F80421002AFBD00022C3F80421012203
:1053A000DA60C3F818254FF47F03D3F83021D3F81F
:1053B0003431072A23D1023B032B02D8214AD35C84
:1053C000EBB17E221A4B1B49C3F80C27C3F83C29CA
:1053D0007F231D4AC2F818310023C1F8043EC1F8EA
:1053E000083E01F54821C1F81031C2F82431C2F855
:1053F0002C3102F5FF1202F58052C2F8A032134A96
:10540000D2F88C3043F44063C2F88C30104A114B10
:105410001168C3F84415D269C3F84C2508BD292288
:10542000034BC3F80C270322C3F83C2757E700BF00
:1054300000400050009003504400EFBEE1EE020037
:1054400000200350DDEE02000020005000ED00E0DF
:105450000080FF0000600050014B1860704700BFE3
:10546000142B002010B50B4B1446186858B90A4984
:105470000A4840F2F3130A4A0CF00CFE40F2F31112
:1054800007480CF0FEFD10F07DFA0028A4BF207044
:10549000002010BD142B002026EF0200DE93020036
:1054A000E9EE02000123024A8340C2F80435704746
:1054B00000700150014B00201B681847182B00207A
:1054C000014B1B68184700BF182B0020014B092017
:1054D0001B681847182B0020014B08201B68184731
:1054E000182B002010B5144C237913BB0123237112
:1054F000124B0028206018BF184600F0BDF8D0B944
:1055000023680F48002B08BF184600F097F990B9A0
:1055100023680C48002B08BF184600F003FA50B966
:1055200023680948002B08BF1846BDE8104000F06A
:1055300015B96FF0770010BD182B0020B55401008D
:10554000CD540100C1540100D954010008B50C4BE1
:105550001A794AB90B490C48B1230C4A0CF09AFD50
:10556000B1210A480CF08DFD1B6843B10520F2F70C
:10557000EDF920B9BDE808400520F2F7C5B908BD2E
:10558000182B002079EF0200DE9302003CEF0200AE
:1055900008B5174B1B795BB9164940F20513164A3B
:1055A00016480CF077FD40F2051113480CF069FD28
:1055B000032813D8DFE800F002060A0EBDE8084011
:1055C00000F0C2B9BDE8084000F068B8BDE8084086
:1055D00000F046B9BDE8084000F0CEB808494FF4E5
:1055E0009273054A05480CF055FD4FF49271DCE7C3
:1055F000182B002079EF02003CEF0200DE9302003E
:10560000D1F5020008B5174B1B795BB9164940F27A
:105610002B13164A16480CF03DFD40F22B1113488F
:105620000CF02FFD032813D8DFE800F006020A0E65
:10563000BDE8084000F060B8BDE8084000F0D8B907
:10564000BDE8084000F03CB9BDE8084000F0C4B82F
:1056500008494FF4A573054A05480CF01BFD4FF4AB
:10566000A571DCE7182B002079EF02003CEF020067
:10567000DE930200D1F50200074B0246187938B9D3
:105680001A6001221A714FF05023C3F81425704795
:105690006FF07700704700BF202B002008B512493B
:1056A0000B794BB9114912487723124A0CF0F2FCDE
:1056B000772110480CF0E5FC4FF050230022C3F88E
:1056C0000021D3F8002101221A60096811B1C3F842
:1056D000042308BDD3F80021002AFBD00022C3F820
:1056E0000021D3F80031F4E7202B002079EF0200ED
:1056F000DE93020097EF020008B5084B1B794BB907
:10570000074908488923084A0CF0C4FC8921064847
:105710000CF0B7FCBDE8084010F091B9202B002038
:1057200079EF0200DE93020097EF02004FF0502362
:10573000D3F80423D2070DD5D3F8002152B10022AB
:10574000C3F80021D3F800210122C3F80823024B3B
:105750001B681847704700BF202B0020054B0246EE
:10576000187918B91A6001221A7170476FF0770022
:10577000704700BF282B002008B5134A13794BB996
:10578000124913486123134A0CF084FC612111482B
:105790000CF077FC4FF050230021C3F82011D3F810
:1057A000201101219961126822B14FF48072C3F86F
:1057B000042308BDD3F82021002AFBD00022C3F81F
:1057C0002021D3F82031F4E7282B002079EF0200C4
:1057D000DE930200DAEF020008B5084B1B794BB9E3
:1057E000074908487323084A0CF054FC7321064803
:1057F0000CF047FCBDE8084010F03DB9282B002014
:1058000079EF0200DE930200DAEF02004FF050233E
:10581000D3F80423D2050ED5D3F820215AB10022A3
:10582000C3F82021D3F820214FF48072C3F8082355
:10583000014B1B6818477047282B0020074B024676
:10584000187938B91A6001221A714FF05023C3F841
:10585000802570476FF07700704700BF302B002025
:1058600008B5134A13794BB9124913486723134AF1
:105870000CF010FC672111480CF003FC4FF0502392
:105880000021C3F82411D3F82411012119621268F0
:1058900022B14FF40072C3F8042308BDD3F82421C9
:1058A000002AFBD00022C3F82421D3F82431F4E7E6
:1058B000302B002079EF0200DE93020022F002007C
:1058C00008B5084B1B794BB9074908487923084AA2
:1058D0000CF0E0FB792106480CF0D3FBBDE8084052
:1058E00010F0E3B8302B002079EF0200DE930200C5
:1058F00022F002004FF05023D3F8042392050ED576
:10590000D3F824215AB10022C3F82421D3F824214A
:105910004FF40072C3F80823014B1B681847704707
:10592000302B0020074B0246187938B91A60012243
:105930001A714FF05023C3F8182570476FF07700A5
:10594000704700BF382B002010B5254C23794BB988
:1059500024492548E523254A0CF09CFBE5212348F2
:105960000CF08FFB4FF05023D3F81814D3F8182401
:10597000C9031AD502F00302022A04D0012A01D079
:1059800010F0ADF801224FF05023C3F81825002283
:10599000C3F80421D3F8042101229A6022688AB94D
:1059A000D3F80421002AFBD014E0D3F81424D20742
:1059B000E8D5D3F81C2402F00302013A012ADFD80B
:1059C00022681AB10222C3F8042310BDD3F80421BF
:1059D000002AFBD00022C3F80421D3F80431F4E7F5
:1059E000382B002079EF0200DE93020069F00200FC
:1059F00008B5094B1B795BB9084909484FF4917305
:105A0000084A0CF047FB4FF4917106480CF039FB43
:105A1000BDE8084010F063B8382B002079EF020091
:105A2000DE93020069F00200F8B54FF05023012523
:105A30000026D3F804431E4F04F0820404B9F8BDD5
:105A4000B4FA84F0C0F11F00830003F580739BB2A9
:105A500003F15023196805FA00F224EA0204002930
:105A6000ECD01E601B684FF050230128C3F80823B8
:105A700011D1D3F81824D3F8182402F00302012A14
:105A800002D03B689847D9E70221C3F81815C3F83C
:105A900004139A60D2E7074907484FF4F573074AA1
:105AA0000CF0F8FA4FF4F57104480CF0EAFA00BF74
:105AB000382B0020D1F50200DE93020069F00200CD
:105AC000034A4309D35C00F01F001844C0B270477A
:105AD0006AF1020010B504460846FFF7F1FF00B274
:105AE00004EB4000838ADA051CD5C3F3432123F479
:105AF000F853838204F1120204F1720032F8023F7B
:105B000013F4807F03D0C3F3432399420AD0904219
:105B1000F4D1002204EBC1035A6004F178000FF0C5
:105B20004BFF00B910BD064906484FF4DB73064A27
:105B30000CF0B0FA4FF4DB7103480CF0A2FA00BF8E
:105B40008FDA0200DE930200EBF0020008B5026873
:105B5000014610460FF0DCFF58B910494FF474733A
:105B60000F4A10480CF096FA4FF474710C480CF080
:105B700088FA02F01F0352090B600BD0012A0BD0E8
:105B8000094940F2D933064A06480CF083FA40F23C
:105B9000D931EBE7054808BD0548FCE72EB2020005
:105BA000FBB10200DE930200D1F502000025845013
:105BB00000288450072808B50BD90849084840F246
:105BC000A733084A0CF066FA40F2A73105480CF0FA
:105BD00058FA800000F5807008BD00BFE1F00200B7
:105BE000DE930200ACF00200034611F0010010B594
:105BF000CCB20BD1A207C4F340000DD5074A106AFE
:105C000058601062003818BF012005E004490A6A94
:105C10001A600A62002AEDD010BD00BF002884502F
:105C200000258450F7B504460846FFF749FF06B241
:105C300004EB4606B38A0D46DB072BD5204610F051
:105C400058F8294620460FF075FF58B120460FF04E
:105C50009FFF0022276800B207EB8003C3F81025DE
:105C6000C3F81025204600242946FFF733FFB482ED
:105C700001A80195FFF76AFF019B00EB8300D0F8B4
:105C80000022064B134043F00203C0F800322046C6
:105C900003B0F0BD6FF01500FAE700BFF0F0FCFFB5
:105CA0002DE9F0430E461746044685B058B95C49C5
:105CB0005C4840F25E435C4A0CF0ECF940F25E4115
:105CC00059480CF0DEF90846FFF7FAFED7F80080D5
:105CD0000546B8F1000F1AD020460FF04EFF28BB42
:105CE0004346CDE900008DF80E008DF80F000DF150
:105CF0000F0230460DF10E010FF073FF2AB204EBD4
:105D00004202938A23F0020343F0010393827B68EB
:105D1000002B34D03146204693F80080D3F804900D
:105D20000FF020FF28B1B9F1000F1FD06FF0150060
:105D300028E028B204EB4000838A23F4604323F078
:105D400020038382B9F1000F10D0B8F1030FEDD812
:105D50007B6821685B6893F800C001EB8C01B8F1A7
:105D6000000F12D1C1F81085C1F810852AB204EBDA
:105D70004202938A23F01C0343EA88039382BB68A0
:105D80004BBB002005B0BDE8F083D1F8102522F010
:105D90000302C1F81025226802EB8C03D3F810250A
:105DA00022F44F3222F44072C3F810253202D3F8A5
:105DB000101502F47C5242EA08420A43C3F8102547
:105DC00004EB4C03A3F87C60838A43EA4C3343F032
:105DD00020038382CAE73146D3E900782046FFF7E3
:105DE00079FE002FCDD063689F4206D004F1780081
:105DF0000FF0C8FD002804DAC4E7A3689845F5D180
:105E0000002004EBC003C3E901782DB204EB450583
:105E1000AB8AC0B243EA402343F48073AB82B0E75D
:105E200029F10200DE930200EBF002002DE9FF41B0
:105E30000C4617461E46054658B93E493E484FF4A3
:105E40008D633E4A0CF026F94FF48D613B480CF00F
:105E500018F90846FFF734FE804627B328460FF0AE
:105E600081FE18B928460FF065FE18BB214628466A
:105E70000FF06BFE10B17B78012B1BD001238DF846
:105E80000F3000237A1CCDE900732046BB1C0DF1B6
:105E90000F010FF0A6FE0FFA88F305EB43039A8A71
:105EA00042F003029A82002E41D0214628460FF08C
:105EB00059FE20B96FF0150004B0BDE8F081002252
:105EC00037782B684FEA870C03EB8703C3F810255C
:105ED000C3F810250FFA88F205EB4202938A23F4E7
:105EE000604323F020039382707800B32968B6786A
:105EF0006144D1F81035000423F4991323F4F853C6
:105F0000C1F81035230200F4403003F47C530343FE
:105F10003005D1F8105500F4801003432B43C1F82D
:105F20001035938A43EA473343F0200393820020DD
:105F3000C2E700BF29F10200DE930200EBF002008D
:105F400008B558B90749084840F27143074A0CF0B0
:105F5000A1F840F2714105480CF093F8C0E9031232
:105F600008BD00BF29F10200DE930200EBF0020041
:105F700070B51546044658B9134940F27A43134A9E
:105F800013480CF087F840F27A4110480CF079F889
:105F90004AB9104940F223330C4A0D480CF07AF804
:105FA00040F22331F1E70FF0C5FD48B10846FFF795
:105FB00087FD04EB40040020A38A5B0B2B7070BDAF
:105FC0006FF01500FBE700BF29F10200EBF00200C3
:105FD000DE93020034F102002DE9F041044658B985
:105FE0001E491F484FF491631E4A0CF053F84FF4BA
:105FF00091611C480CF045F890F88C5090F88D7029
:1060000045BBA84660222946143011F0C4FC164B4B
:10601000266853F83770AF420FD1002546F307309A
:10602000C6F87C51D6F87C31F1F76EFC0123284686
:1060300084F88C30A367BDE8F081E8B2FFF7BAFDC1
:10604000A0F580739B081F2B04BF46F800803358CF
:106050000135E0E76FF07700EDE700BF29F10200BE
:10606000DE930200EBF00200A08F020008B558B9E1
:106070000849094840F28F43084A0CF00BF840F2F7
:106080008F4106480BF0FDFF90F88C00003818BFD8
:10609000012008BD29F10200DE930200EBF00200AE
:1060A00008B558B90749084840F29D43074A0BF024
:1060B000F1FF40F29D4105480BF0E3FFBDE80840C9
:1060C000FFF7B0BD29F10200DE930200EBF0020001
:1060D00008B558B90A490B4840F2A4430A4A0BF0E4
:1060E000D9FF40F2A44108480BF0CBFF074B90F8D2
:1060F0008D0003EB8000BDE808400FF05DBC00BFE1
:1061000029F10200DE930200EBF00200AC0900204E
:1061100010B50C4658B90C490C4840F2AB430C4A38
:106120000BF0B8FF40F2AB4109480BF0AAFF094B56
:1061300090F88D0003EB80000FF024FC0028A4BF32
:106140002070002010BD00BF29F10200DE93020084
:10615000EBF00200AC0900202DE9F3410D46164694
:10616000044658B938494FF4A563384A38480BF00B
:1061700091FF4FF4A56135480BF083FF0FF0E5FC6C
:1061800048B9344940F23543304A31480BF082FF78
:1061900040F23541EFE720460FF0CCFC276800B312
:1061A00020460FF0DFFC8046D8B920460FF0F0FC07
:1061B0000546FFF7FFFC47F800803B5823682AB2EA
:1061C00003EB8203D3F8102542F00102C3F8102537
:1061D00026B101232268AB40C2F8043302B0BDE807
:1061E000F081D7F80433002BA4BF4FF00043C7F869
:1061F00004334EB9184940F24F43144A14480BF087
:1062000049FF40F24F41B6E72846FFF759FC04EB3F
:106210004004A38AC3F38203042B11D0052B11D0B1
:1062200001A80195FFF792FC019B0169D94001F09B
:1062300001010231284602B0BDE8F0410FF01EBD59
:106240000321F7E70221F5E729F10200EBF0020054
:10625000DE9302003EF102005FF1020008B558B97A
:106260000749084840F22F53074A0BF013FF40F24A
:106270002F5105480BF005FFBDE808400FF039BD70
:1062800029F10200DE930200EBF002002DE9F04F4D
:1062900007468BB058B97449744840F25C63744A3D
:1062A0000BF0F8FE40F25C6171480BF0EAFE8146AB
:1062B00059F804BB90F88D40DBF804136D4BC9B25C
:1062C000584653F8342041F000410FF0E6FC051E1B
:1062D00036DA0023CDE90833664B08A803EBC40384
:1062E0005B6819460193FFF77FFC042303EBC403AB
:1062F0000393614B0DF1200A02930023029A00934D
:1063000012F8013B5B490292039A02EBD3028A5CCA
:1063100003F0070322FA03F3DA0719D4009B0AF10A
:10632000040A9BB14FF00041002258460FF0B5FC23
:10633000019908A8FFF758FC0028DAD125F000459C
:106340000124002D7AD10BB0BDE8F08F0123D5E7F1
:10635000009B4A4A13440493DAF800100029DDD068
:1063600091FAA1F1B1FA81F1049B1C7841EA44143D
:106370002046FFF7A5FB07EB4000B0F81480C808E3
:106380004FEA9803059301231AF8002001F0070152
:1063900003FA01F122EA01020AF8002007A8079493
:1063A000FFF7D4FB079A059B803250F82220C8F3F0
:1063B00082065B07B046C2F3014223D52146484618
:1063C000D6B242460FF0EEFB07A80794FFF7BEFBDC
:1063D000079B803350F82330C3F301439E4207D11B
:1063E000002120460FF04AFC314620460FF046FCC3
:1063F00007A80794FFF7AAFB0122079B02FA03F301
:106400000362A9E7022A0DD1032120460FF036FCD2
:1064100006F00503012BEBD14246214648460FF01A
:10642000C1FBE5E70221204605920FF027FC032E71
:10643000F2D0059A032ADBD1022EECE795FAA5F3F8
:10644000B3FA83F304FA03F225EA020503F5A27214
:106450005BF8222007EB43034846B3F87C10C2F3F5
:1064600001420FF09FFB6CE729F10200DE9302006E
:10647000EBF00200A08F02007AF102007AF1020034
:10648000F8B517460E4649B90C490D4834230D4A54
:106490000BF000FE34210B480BF0F3FD0A4D2C7974
:1064A00044B92A20F1F730FA012320462B712E60DF
:1064B000AF60F8BD6FF07700FBE700BF96E6020023
:1064C000DE9302007CF10200402B002038B518B1A9
:1064D000154B1B79012B09D0144915484723154A40
:1064E0000BF0D8FD472113480BF0CBFD0023124AD7
:1064F00050F8234003F5A2710133102B42F82140DC
:10650000F6D100230C4A00F13C0103F5B27451F8B6
:10651000045F0133102B42F82450F6D1D0F88030BC
:10652000C2F8043338BD00BF402B0020B7F1020091
:10653000DE9302007CF1020000A0025008B5094B76
:106540001B79012B09D0084908487623084A0BF02B
:10655000A1FD762106480BF094FD064A8340C2F85F
:10656000043308BD402B0020EEF10200DE93020050
:106570007CF1020000A0025008B5094B1B79012BE9
:1065800009D0084908487E23084A0BF083FD7E2184
:1065900006480BF076FD064A8340C2F8083308BD72
:1065A000402B0020EEF10200DE9302007CF102009D
:1065B00000A00250F8B501260027124B124DD3F867
:1065C0000C4304B9F8BD94FAA4F0B0FA80F006FACE
:1065D00000F30F2824EA03040BDD0C490C4840F2B9
:1065E00017230C4A0BF056FD40F2172109480BF017
:1065F00048FD094B82009F502B68002BE1D0A96811
:106600009847DEE700A00250402B002049F202002C
:10661000DE93020017F2020000A102500022034B99
:10662000C3F88425C3F80425704700BF00900350C9
:10663000044AD2F80834DB07FBD50160BFF35F8F53
:10664000704700BF00900350B0F5801F08B505D219
:10665000C0F30B0363B16FF00C0019E00D490E4855
:10666000D2230E4A0BF016FDD2210C480BF009FD87
:1066700002220B4BC3F88425C3F804254FF0FF32E8
:106680000260D3F80024D207FBD5FFF7C7FF002034
:1066900008BD00BFBFF20200DE93020054F2020008
:1066A00000900350B0F5801F08B506D300F17F437A
:1066B00003F50043B3F5805F01D283070BD00C498B
:1066C0000C4840F27D130C4A0BF0E4FC40F27D11C3
:1066D00009480BF0D6FC0122084BC3F88425C3F807
:1066E0000425FFF7A5FFBDE80840FFF797BF00BFEF
:1066F000D9F20200DE93020054F20200009003502F
:1067000000220121054B83F83820054BC3F80813FC
:106710001961C3F80025C3F8002170474C2B0020F5
:1067200000B002504FF47F03D3F83021D3F8343156
:10673000072A13D1023B032B02D80A4AD05C80B14E
:106740004FF05023D3F8B825920709D1D3F8580554
:1067500000F00300013818BF012070470020704787
:1067600001207047EDF3020070B5114D6C6BA4B1C0
:106770004FF47A735C430A23B4FBF3F40D4ED6F85E
:1067800000316BB995F8393053B90A200FF0F8F899
:10679000013CF4D16FF0730070BD4CF25034EDE762
:1067A00095F8393003F0FF00002BF5D0F2E700BF79
:1067B0004C2B002000B0025010B500220124074BE2
:1067C000C3F80045C3F800211C6028B1FFF7CCFFD7
:1067D00018B9034B83F83840002010BD00B00250B8
:1067E0004C2B00202DE9F041404C804694F830506D
:1067F00016461F4605B148B93D493E4876233E4AF4
:106800000BF048FC76213C480BF03BFCFFF78AFF7D
:10681000002862D108F06043B3F1005F60D118F046
:10682000030F5DD1012D05D0BD425CD194F8383005
:10683000002B58D00023314A022F0BBFC2F810653D
:10684000C2F80465C2F81485C2F808850CBFC2F806
:106850001815C2F80C1584F8393023680CBF0825C8
:106860000425C3B994F838306BB10022234B05F1ED
:10687000A045C3F80021012305F52C352B60BDE8A8
:10688000F041FFF771BF0120FFF796FF10F1740F81
:10689000EBD1BDE8F081A3682BB1C4F80C80616135
:1068A000E6610020F5E7154AC4F808802161A66179
:1068B00084F83070C2F800310123C2F8043394F830
:1068C000382002F0FF0012B9FFF776FFE9E705F183
:1068D000A04505F52C352B60E3E74FF0FF30D8E7F6
:1068E0006FF00C00D5E76FF00F00D2E74C2B0020C3
:1068F0005BF30200DE9302001FF3020000B00250BF
:10690000084B9A685A621A699A629A69DA62DA6876
:106910009A6032B15A691A61DA699A610022DA60C2
:10692000704770474C2B002008B543090DD0012B50
:106930001ED0144914484FF47473144A0BF0AAFB88
:106940004FF4747111480BF09CFB4FF0FF33C340C0
:10695000DA07EED50E4A02EB8002D2F800020D4BA8
:10696000034043EA012343F00203C2F8003208BDAA
:106970004FF6FF7300F01F00C340DB07D9D5064A6E
:10698000E9E700BF2EB20200DE930200FBB1020075
:1069900000258450F0F0FCFF0028845010B50E4B09
:1069A0000238D3F83C26D3F83836072813D8DFE866
:1069B00000F0110F0D0B0A080604100EC871100C20
:1069C0008871100A48710A711A0ECA701A0C8A70FE
:1069D0001A0A4A700B7010BD00B002500238072826
:1069E0001FD8DFE800F02927251123211F04CB79C8
:1069F0001B068A7943EA02434A7943EA02230A7969
:106A000013430E4AC2F83C36CB781B068A7843EA19
:106A100002434A7843EA02230A781343074AC2F83A
:106A2000383670470023E4E70023E5E70023E6E774
:106A30000023EBE70023ECE70023EDE700B0025072
:106A40000268154BFF2A08BF4FF0FF32C3F8242518
:106A50004268FF2A08BF4FF0FF32C3F8282582683A
:106A6000FF2A08BF4FF0FF32C3F83025C268FF2A63
:106A700008BF4FF0FF32C3F834250269FF2A08BF70
:106A80004FF0FF32C3F838254269FF2A08BF4FF0A4
:106A9000FF32C3F83C25704700B0025030B5194DA5
:106AA0008DB006AC0FCD0FC495E8030084E8030059
:106AB000154906A8D1F82435DBB20093D1F8283562
:106AC000DBB20193D1F83035DBB20293D1F8343523
:106AD000DBB20393D1F83835DBB20493D1F83C35FF
:106AE000DBB20593FFF7ACFF0023C1F800310123AF
:106AF0000B60D1F80031002BFBD06846FFF7A0FFF8
:106B00000DB030BDCC82020000B0025070B590F8DC
:106B1000293004461BB190F82A20002A47D160682A
:106B2000FF2800F0A980A168FF2900F0A580E26895
:106B3000FF2A00F0A18025690E2D40F09D801128CC
:106B400040F09A80122940F097800D2A40F09480FE
:106B50006269FF2A02D00F2A40F08E80A269FF2AC4
:106B600002D0102A40F08880DBB903211120FFF702
:106B7000DBFE0321A068FFF7D7FE0321E068FFF7E3
:106B8000D3FE20690321FFF7CFFE6069FF2802D002
:106B90000321FFF7C9FEA069FF2802D00321FFF7F8
:106BA000C3FE94F82A3013B9201DFFF749FF636A2A
:106BB000334D344E6B6394F8293085F83A304FF4F6
:106BC0007F03D3F83021D3F83431072A04D10123CD
:106BD000C6F80833FFF762FF2368C6F84035A37F85
:106BE000617F227F9B0143EAC1031343E27F43EAB3
:106BF000C213C6F844354FF47F03D3F83021D3F8DD
:106C00003431072A13D1023B032B02D81E4AD35C2E
:106C10006BB11C4A94F82310D2F8443519BB43F4E5
:106C20004033C2F844354FF4C063C2F840361549CA
:106C300094F82030D1F8002622F07F4222F0FF02A3
:106C4000134394F8212043EA026394F8222043EA94
:106C5000426394F8232043EA0273C1F800362B689C
:106C600033B9002070BD23F4003343F48033D8E7F8
:106C70002B20F0F749FEF4E76FF01500F2E700BFB4
:106C80004C2B002000B00250F1F3020010B558B9AF
:106C90000F4910484FF4D3730F4A0BF0FBF94FF430
:106CA000D3710D480BF0EDF90C4C94F8303063B90A
:106CB000C4E90012FFF72AFF30B90123C4E902003A
:106CC00084F8303084F8380010BD6FF07700FBE7AF
:106CD000A6F30200DE9302001FF302004C2B0020FB
:106CE0002DE9F041DFF8E0800F4698F830100646B5
:106CF000144659B935494FF4F873354A35480BF005
:106D0000C9F94FF4F87132480BF0BBF9FFF70AFDEF
:106D1000002852D1012953D198F83830002B39D0AE
:106D200001232D4DC5F808334FF47F03D3F83021EC
:106D3000D3F83431072A01D1FFF7B0FE1FB139462D
:106D40007078FFF74BFE002788F83970C5F800719E
:106D5000B37872781B0343EA022332781343F27844
:106D600043EA4233327943EA8233727943EAC233E7
:106D7000C5F83436FFF7F8FC743014D1337973B9A1
:106D8000164940F22223124A12480BF083F940F2CE
:106D90002221B8E70846FFF70FFD7430C0D16FF02D
:106DA0007300BDE8F081C5F800710CB90020F8E768
:106DB00021467078FFF7F2FDF8E74FF0FF30F0E77B
:106DC0006FF00F00EDE700BF4C2B0020AFF3020087
:106DD0001FF30200DE93020000B00250DBF302005A
:106DE00008B50D4B93F830205AB90C490C4840F2C5
:106DF000E7230C4A0BF04EF940F2E72109480BF06B
:106E000040F993F838301BB9BDE80840FFF7D4BC0F
:106E10006FF0770008BD00BF4C2B0020AFF30200DD
:106E2000DE9302001FF3020008B50C4B93F83030DC
:106E30005BB90B490B4840F2F3230B4A0BF02AF9DC
:106E400040F2F32108480BF01CF9012B03D1FFF7A6
:106E500057FC002008BD6FF00F00FBE74C2B002013
:106E6000AFF30200DE9302001FF30200034B93F81E
:106E70003000003818BF0120704700BF4C2B0020A5
:106E800070B52A4C064694F830505DB92849294817
:106E90004FF44773284A0BF0FDF84FF4477126482A
:106EA0000BF0EFF8FFF73EFCB8BB11F0030237D14F
:106EB0002368B3B1012D36D1204BC3F81C15042132
:106EC000C3F8206584F8392084F83010C3F8002115
:106ED000C3F8045394F83820EAB9FFF76DFC00209A
:106EE00018E0164DC5F81C15C5F8206584F8393032
:106EF00094F8383043B10023C5F800310123EB602A
:106F0000BDE87040FFF730BC0120FFF755FC10F1E1
:106F1000740FF0D170BDDD60E1E74FF0FF30F9E7AD
:106F20006FF00C00F6E76FF00F00F3E74C2B00203A
:106F3000AFF30200DE9302001FF3020000B0025024
:106F400008B50B4B93F830305BB90A490A4840F258
:106F50004F330A4A0BF09EF840F24F3107480BF0CE
:106F600090F80021BDE808400220FFF789BF00BF6C
:106F70004C2B0020AFF30200DE9302001FF302004F
:106F800010B5224BD3F8002192B10022204CC3F857
:106F9000002194F8381094F8302071B90121032AA7
:106FA00084F8381005D0042A05D0022A00D199604F
:106FB00010BD5960FCE7D960FAE7032A19D0042A0A
:106FC00019D0022A04D1012384F82030FFF798FC5D
:106FD000A36813B9012384F8303094F8393003F0F2
:106FE000FF0013B9D4E900319847002384F820301A
:106FF000DEE70223E8E7032284F82020D3F81C25EB
:107000006262D3F8203584F82830E1E700B00250FE
:107010004C2B00202DE9F0410E4617460C4D55F83B
:107020001C4FAC4203D16FF01200BDE8F081314635
:1070300054F8440CA4F14408E9F770FF30B9C7F8DC
:1070400000804046BDE8F0410EF055BF2468E8E7F7
:10705000882B002010B5D0E909124A60416A00F17E
:1070600024031160C0E909334368044603B198471B
:10707000054A936833B11279062A03D9072022689A
:1070800002499847002010BD882B0020F5F302002C
:107090002DE9F04107460D460B4E56F80C4FB44211
:1070A00002D16FF001000AE0394654F8240CA4F133
:1070B0002408E9F733FF20B91DB1C5F80080BDE809
:1070C000F0812468EBE700BF882B002038B5044628
:1070D00000B30068F0B10378E3B10021FFF7D8FFF7
:1070E000D8B104F11C03C4E907330D4B04F12402A9
:1070F000196903F10C00A16260621A610A609D685F
:1071000035B11B79062B03D9072022680549A8470A
:10711000002038BD6FF01500FBE76FF01000F8E7B6
:10712000882B0020F7F3020038B5114C0546216882
:1071300019B100200131216038BD2422204610F011
:107140002AFC2B682846A3602B79237104F10C03D9
:10715000C4E9033304F11403C4E9053304F11C0347
:10716000C4E9073300F018F80028E5D12168E0E70A
:10717000882B002038B5074D2C68013C2C6044B9A1
:1071800000F012F821462846BDE83840242210F0CD
:1071900002BC38BD882B002008B50248FFF796FFD7
:1071A000002008BDB40900200148FFF753BF00BF0D
:1071B000B40900200EB4431E062B33B588BF00204F
:1071C000094B05AC54F8045B53F8201007480AF04B
:1071D0004BFF214628460194ECF7FAFF02B0BDE8C8
:1071E000304003B0704700BFB08F02004EBA0200BB
:1071F0002DE9F04F87B017469B460446DDF840A0C6
:1072000000284BD0056A35B12D6825B1AC4607B0D2
:10721000BDE8F04F6047E36A9F4242D80026BE4275
:1072200003D1002007B0BDE8F08F182303FB06F858
:10723000D4F83090A26909EB08052B1D0593CAB953
:10724000686969680368B5F80CC0C91AAB680CF1C5
:10725000030E5D1E05EB0C155B4205EB4E051D4054
:1072600005EBCC0385680633A94228BF4FF0FF31F8
:107270000EF00EFE59F8083020460293236AB1B290
:107280009B6A01935AF8263000935BF82620059BF1
:107290000EF076FE0028C5D10136C0E76FF015006C
:1072A000C0E70148BEE700BF40F4FFFF10B5044649
:1072B00090B1028D43899A4209D0084A936833B14C
:1072C0001279032A03D942680549042098472046C9
:1072D000BDE810400FF0B0BC10BD00BF882B0020EF
:1072E000AAF4020030B544898C4212D9436A013CA9
:1072F0005D882C4003EBC40359609A60BFF35B8F39
:10730000426A538801335380438D01334385002003
:1073100030BD0148FCE700BF41F4FFFF70B4039E9D
:10732000144660B1006A50B14BB1013407D0002E51
:1073300005DBD0F8844014B1A44670BC6047014816
:1073400070BC70472DF8FFFF70B4039E144660B107
:10735000006A50B14BB1013407D0002E05DBD0F8E4
:10736000944014B1A44670BC6047014870BC70479B
:107370002DF8FFFF2DE9FF47DDF834800E469146DA
:107380009A460546002876D0002974D0B8F1000F3F
:1073900071D001F1640738460EF05DFFBAF1FF3F8E
:1073A00049D1346E06F1500204F18000844204F0A9
:1073B0001F0C07D2C4F3411152F8211021FA0CF12D
:1073C000C90736D4012104F07F04600952F8203047
:1073D00004F5806A01FA0CF104F201440B4304F055
:1073E0007F0442F8203034666B6C4A4603930E9B50
:1073F0002946CDE901830C9B3046009353460EF09D
:10740000D9FF384601F022FB2C7874B196F8A440DD
:107410005CB1AB6A013330D1002128460EF05AFF2F
:10742000044610B128460EF02BFF204604B0BDE8FC
:10743000F0870134BAE7BAF5806FD5D3AAF5806337
:107440007F2B06F150010FD8580951F8204003F066
:107450001F0324FA03F2D2070BD4012202FA03F32A
:10746000234341F82030BFE7054C384601F0EEFADF
:10747000DBE7044CF9E7024CD7E70024D5E700BF6F
:107480002DF8FFFF29F8FFFF08B583681A0C0AD111
:10749000094A93682BB11279022A02D903200749BD
:1074A0009847002008BDA3F5803383601B0C0CBFF8
:1074B00001200020F6E700BF882B0020CCF402005A
:1074C00038B50446E0B100F1640528460EF0C3FF6C
:1074D000D4F8B4309B6953B9D4F8A840103C002CC0
:1074E00000DC084C28460EF0B4FF204638BD012BC6
:1074F000F7D1D4F8BC000EF096FEA0F11004EEE730
:10750000014CF2E72EF8FFFF2DF8FFFF38B50446D7
:10751000E0B100F1640528460EF09DFFD4F8B430C8
:107520009B6953B9D4F8AC40103C002C00DC084CEB
:1075300028460EF08EFF204638BD012BF7D1D4F837
:10754000B8000EF070FEA0F11004EEE7014CF2E777
:107550002EF8FFFF2DF8FFFF2DE9F041A3F11008F1
:1075600053F8087C002388B00693ADF81E30102332
:10757000CDE904120E9D0446D0F8C000ADF81C50B1
:1075800001688668A8EB0101B14228BF4FF0FF31C6
:107590000DEB03020EF042FC1028BFB20BD02449C1
:1075A0004FF4DF73234A24480AF074FD4FF4DF716F
:1075B00020480AF066FD04F1640630460EF04BFFE9
:1075C000D4F8B4309B69D3B9D4F8A820D4F8B43037
:1075D000D4F8BC009B69CBB9CDE90282CDF800801C
:1075E000012202A90EF0F9FCB0B1144940F2C9130E
:1075F000104A11480AF04EFD40F2C911D8E7394649
:10760000D4F8BC000EF07FFD0246DFE7012B03D16A
:107610003946FFF767FEE7E7D4F8BC000EF0CCFD73
:1076200030460EF016FF284608B0BDE8F08100BFD6
:1076300030F50200EDF40200DE93020049F502008D
:10764000F0B504468E680D46B6B23146D0F8B800A3
:1076500085B00EF058FDD4F8B43007469A699AB94F
:107660000095CDE902500123D4F8B80002A90EF02C
:10767000B4FC48B10F497D230F4A10480AF00AFDB7
:107680007D210D480AF0FDFCD4F8B4309B69012B34
:107690000ED13A463146D4F8B800FFF723FE38B190
:1076A00004498323044A05480AF0F4FC8321E8E7EF
:1076B00005B0F0BDA7B00200EDF40200DE930200B9
:1076C0002DE9FF4103689E6A06F1640840460EF00A
:1076D000C2FED6F8B4309B693BB1012B12D04046B4
:1076E0000EF0B7FE04B0BDE8F081D6F8B8000DF199
:1076F0000A0203A90EF0CDFCD6F8B43004469B690B
:10770000012B07D1D6F8B80003AA0DF10A010EF03B
:1077100005FD0446002CE2D0BDF80A300021626865
:10772000A36030464FF0FF330EF00AFE05460EF020
:1077300098FDA368404603F58033A3600EF089FEF0
:10774000E5B1AB6A696C013308BF2368284608BFFE
:10775000AB622368A28900916F6B04F11001B847F6
:1077600000280BDA1049114840F25A23104A0AF057
:1077700091FC40F25A210E480AF083FC40460EF07C
:107780006AFE28460EF072FD2046FFF77DFE38B1F6
:1077900030462146FFF754FFD6F8B8000EF00CFD36
:1077A00040460EF056FE91E755F50200DE930200CA
:1077B000EDF402002DE9F04385B00F46904603A991
:1077C0000D9A064699460EF027FF044650B30C9DCD
:1077D000039BD6F8C0009D42A8BF1D460168D0F8A3
:1077E00008C0611A614528BF4FF0FF312B464A4659
:1077F0000EF014FB85420BD00B490C484FF4057377
:107800000B4A0AF047FC4FF4057109480AF039FCAD
:1078100023464246394630460095FFF79DFE05B0A7
:10782000BDE8F0830348FAE761F50200DE93020049
:10783000EDF402002EF8FFFF2DE9F0478AB00D4667
:10784000DDE9129716469846044620B9954E304613
:107850000AB0BDE8F0870029F8D0002BF6D000214F
:10786000A822C0F8D01010F096F8012204F16400AC
:1078700011460FF042F88C4BC4F8B450E667AC6286
:10788000C4F88430894BC4F88830894BC4F88C30F4
:10789000884BC4F89030884BC4F89430874BC4F8B8
:1078A0009830874BC4F89C30864BC4F8A030AB6945
:1078B0003BB9002FCAD097E8070004F1A80383E87A
:1078C0000700AB69012B04D02B6A03BB6FF00506E0
:1078D000BDE7D4F8B400002800F0E080036A002B74
:1078E000F4D09B68002BF1D0984742060CD50021BC
:1078F000D4F8B4000EF09DFD06460028A7D1002163
:10790000212003F08BF8E4E74307F8D5DCE71B6997
:10791000002BDBD028469847AB69012B04BF00231E
:10792000286100F0010008BF6B6184F8A400AB6916
:10793000DBB93B7A002B00F0838009F10C03C4F81B
:10794000C430B9F1000F81D0D9F80820002A00F026
:10795000A3809B68002B00F09F805B4B04935B4BE4
:1079600005935B4B06935B4B0793AB69012B07D1E8
:10797000564B0493544B0593564B0693544B079325
:10798000002104F1C803C4E9323306ABC4F8C08057
:10799000022200932846019104ABFFF729FC06461A
:1079A00000287FF454AFAB693BB92B6B1B68C4F85C
:1079B000B8302B6B9B69C4F8BC30AB69012B07D185
:1079C0002B6B9B69C4F8B8302B6B1B68C4F8BC30B8
:1079D000D4F8BC000EF0C2FB2B6B1B68C3F82C80E4
:1079E0002B6B9B69C3F82C80D5F818A0BAF1000F57
:1079F00007D1D4F8AC300993D4F8B8305B8953453B
:107A000020D894F8A430C4E9004463B10023029361
:107A1000314B204601933523304A0394009304F1FF
:107A200008010EF0C7FCAB69002B7FF410AF0421F6
:107A300028460EF0FEFC074600283FF408AF26E07B
:107A40004B467CE74846D4F8AC100EF0D6FD07460E
:107A5000E0B1D8F800100890411AD8F808000022C8
:107A6000814228BF4FF0FF31D4F8AC3040460EF0D1
:107A70000FFA009701230022D4F8B80008A90EF0ED
:107A8000ACFA074618B90AF1010AB5E7144F2846BF
:107A90000EF0C8FC3E46DAE6114ED8E66FF0150649
:107AA000D5E600BF2DF8FFFFB5770100AB640200FB
:107AB000C76502001966020059750100636402007F
:107AC0000D750100C17401006FF5020075F502002B
:107AD000C176010051640200CF6402007BF5020010
:107AE0002EF8FFFFF0B505460E46174687B0074A49
:107AF00003AC07CA84E807000C9A31460092284676
:107B00003A460194FFF798FE07B0F0BDE482020008
:107B100008B5144BA822002118460FF03CFF0322A1
:107B2000114902614261114A8161C2614FF4806270
:107B30000262002282624262C26201660C4903460E
:107B40004166102181660267C2664267BFF35F8F9C
:107B5000084911F8010D98540132102AF9D1BFF3E8
:107B60005F8F08BD100400207EF502001000002089
:107B70000000002097F5020010B4BFF35F8F0023D0
:107B80000A4A0B49C85C12F8014D844209D10133FD
:107B9000102BF7D10023BFF35F8F23B110BCFFF789
:107BA000B7BF0123F7E710BC704700BF97F502008D
:107BB0001004002038B5436905463BB90024EA6843
:107BC0006042537843F00103537038BD9847044630
:107BD0000028F3D000F1FF03FE2B0ED92123094A20
:107BE00009490A480AF056FA2968094822460AF063
:107BF00051FA212103480AF044FAEB6844421C7010
:107C0000DDE700BF98F50200BBF50200DE9302003D
:107C1000D3F5020010B50446EEF722FA034801211D
:107C2000034A0BF0E0F820460EF0EBFD6C810200F9
:107C3000F8F502002DE9F84304460D4600AFEFF3D6
:107C40001188202383F31288BFF36F8F0428314AF1
:107C500098BF314BE9468AB09668117C98BF53F8BB
:107C600020306A4688BF2D4BC2E9073140F201330C
:107C70002B4893842B4BC2E9050442F8103F0023A4
:107C80004FF431512848EEF749FBCD4645B1EB6939
:107C9000C3F3080323B10121244A23480BF0A3F8BE
:107CA0002EB130460EF0A7FE08B1037803B9204884
:107CB000E9468AB06A461F4BD061C2E9053640F2F8
:107CC000013313841C4B42F8103F00234FF4115131
:107CD0001548EEF723FB2946CD462046FFF79AFFCD
:107CE000042C0CD115498723154A16480AF0D2F9FD
:107CF00015480AF0CFF9872111480AF0C2F988F334
:107D00001188BFF36F8F3046EFF7A6FDBD46BDE883
:107D1000F88300BFAC2B0020D08F020007F60200D2
:107D200015F60200050000016C8102003DF602001C
:107D30000FBA02005EF602000400000198F602008D
:107D400076F60200DE930200B5F6020038B50A4B63
:107D500053F82040013053F82050A54200D838BDD8
:107D6000606830B1037EDB0701D4FFF723FF0834DE
:107D7000F3E723689847FAE7E48F0200012270B521
:107D8000384B032086B01A70FFF7E0FFF0F7A8FD2C
:107D90000EF059FF0420FFF7D9FF334C334DAC42AE
:107DA000264628D932494423324A33480AF072F928
:107DB00032480AF06FF944212E480AF062F954F86B
:107DC0000C3C059354F8103C049354F8143C039372
:107DD00054F8183C029354F81C3C019354F8203C8E
:107DE000009354E90A2354E90C0101F0E3FE54F82E
:107DF000303C5E65D3E7AE4204F13004DFD302F0DD
:107E0000E9FB194C1E4EAC421FD919496823194A87
:107E100019480AF03FF919480AF03CF96821CBE704
:107E2000D4E90A23B3F1FF3F08BFB2F1FF3F05D009
:107E300052EA0301206803D102F02AFE3034E2E75F
:107E40003146183003F056F9F8E7E9D302F034FC74
:107E5000EAF73AFB0B4A137B23F00103137306B0D6
:107E600070BD00BF81580020107F0200407F0200DB
:107E700055F7020034F70200DE93020086A40200E8
:107E80005B6A0200B01E00200023012270B586B09C
:107E9000CDE904230F220193CDE9023214234FF4DC
:107EA000A0720E4D0E4E03FB00550E4906EBC01698
:107EB000044602FB00110C4B3046009501F07AFE9F
:107EC000737B2C7423F004037373084B013403EBAE
:107ED000C423EE606B6006B070BD00BFAC2B002009
:107EE000301E0020A87F0120DD830100A87701203B
:107EF0007FB50020FFF72AFF344B03F5006282F3C1
:107F0000088883F30A88E023314C84F82230002368
:107F1000E37723766376A37684F82030626A42F4AE
:107F2000E022626284F82330EFF714FCEFF7ACFD37
:107F30004FF0FF33A362E362EFF77CFFEFF7C8FD7A
:107F4000EDF7BEFF234801F0DFFE234B234A9342A7
:107F50000ED92349CC23234A23480AF09BF823480F
:107F60000AF098F8CC211F480AF08BF81C33EEE792
:107F7000FCD3F0F785FC0120FFF7E8FE02201C4C43
:107F8000FFF7E4FE02F028FC1A4B00255C611A4B57
:107F90004FF40052059301231849CDE903532046BD
:107FA000174BCDE90155009501F004FE0646637BB1
:107FB000204623F00403637302F010F82846FFF70D
:107FC00063FF314620460E4AEFF73EFDA8770120B9
:107FD00000ED00E0D01F0020CC7B0200E47C02001A
:107FE00082F7020034F70200DE93020086A402004A
:107FF000B01E0020AC2B00209AF70200E880012080
:108000007D7D010038B50D4C0D4DAC4213D90D49A5
:1080100025230D4A0D480AF03DF80D480AF03AF8BC
:10802000252109480AF02DF82046D4E901120EF066
:10803000F0FB1834E9E7F7D3002038BD4C0B0020E3
:10804000640B00200CF80200A2F70200DE9302008D
:1080500086A40200F8B505460E4600F11404EFF3BD
:108060001187202383F31288BFF36F8F204602F01D
:10807000E7FF68B988231B4A1B491C480AF00AF825
:1080800021461B480AF006F88821164809F0F9FF36
:10809000204602F0F9FF28463146EBF7CDFC05F10A
:1080A0000C000EF0E8FC28B139462046BDE8F84047
:1080B00002F036BA204602F0D1FF68B94FF49A7345
:1080C000084A0C49094809F0E5FF21460A4809F029
:1080D000E1FF4FF49A71D8E787F31188BFF36F8FF0
:1080E000F8BD00BFBEA00200EBA00200DE930200BC
:1080F00000A1020016A102002DA10200002038B547
:108100000C4C0D4DAC4213D90C4995230C4A0D482B
:1081100009F0C0FF0C4809F0BDFF9521084809F09F
:10812000B0FF20460EF07FFB002802DB2034E9E799
:10813000F7D338BDEC0A00204C0B00204AF80200AF
:1081400025F80200DE93020086A402002DE9F74321
:1081500005460F4691461C4600F10806EFF31188CC
:10816000202383F31288BFF36F8F304602F068FF3D
:1081700060B98823314A3249324809F08BFF3146D1
:10818000314809F087FF88212C4826E0304602F06C
:108190007BFF2B691BB33B601C68EB692C610133CF
:1081A000EB6114B96A6993421FD0EB68E41A09D4F1
:1081B000D5E905235A43A24204D9B4FBF3F203FBE9
:1081C000124494B12149EA23214A1E4809F062FF72
:1081D000204809F05FFFEA211D4809F052FF59EAE3
:1081E000040214D16FF00B043B60304602F036FFFE
:1081F000F0B94FF49A73114A1749124809F04AFF2F
:108200003146164809F046FF4FF49A71BCE7CDE9B4
:1082100000942A464146304601F0C2FF044618B990
:108220000F4B9B681B693B60204603B0BDE8F083A1
:1082300088F31188BFF36F8FF6E700BFBEA002007E
:10824000EBA00200DE93020000A1020067F802002A
:1082500025F80200E3F8020016A102002DA1020099
:10826000AC2B00202DE9F843C3680546CB1A0E4617
:1082700023D4D0E90512514399421ED9B3FBF2F140
:1082800002FB1133CBB900F10807EFF31189202469
:1082900084F31288BFF36F8F384602F0D1FED8B94D
:1082A0008823414A4149424809F0F4FE3946414891
:1082B00009F0F0FE88213C480CE03F494FF48973F7
:1082C0003E4A3B4809F0E6FE3D4809F0E3FE4FF424
:1082D00089713A4809F0D5FE384602F0D5FED5F846
:1082E0001080B8F1000F40D1EFF3118384F31288AE
:1082F000BFF36F8F83F31188BFF36F8F5BB9314981
:10830000A623314A2A4809F0C5FE304809F0C2FECA
:10831000A6212D48DEE72C68A54226D02CB3A36801
:108320003BB92B498F23284A214809F0B3FE8F21FE
:10833000EFE7D4E9003213605A60637BC4E9008838
:1083400023F002036373C4F8088004F1180002F0FC
:10835000ADFF2046C4F87C80266101F03FFE49460F
:108360003846BDE8F84302F0DBB82B693846336085
:10837000EB692E61013BEB6102F070FE68B94FF4CE
:108380009A73094A13490A4809F084FE394612488B
:1083900009F080FE4FF49A718DE789F31188BFF3DD
:1083A0006F8FBDE8F88300BFBEA00200EBA0020003
:1083B000DE93020000A10200D1F5020025F80200C0
:1083C000FEF802004BF9020020F9020009F8020051
:1083D00063F9020016A102002DA1020008B50D4BA1
:1083E0009B6893F90E30002B09DB2024EFF31183F7
:1083F00084F31288BFF36F8F0AF013FFF6E7064984
:1084000006481C23064A09F045FE1C21044809F0D1
:1084100038FE00BFAC2B00209BF90200DE93020067
:108420007AF902002DE9F341044617461E46EFF3A0
:10843000058565B158496F23584A594809F02AFE05
:10844000584809F027FE6F21544809F01AFEEFF34F
:108450001188202383F31288BFF36F8F524802F0F4
:10846000EFFD60B98823514A51494D4809F012FE89
:108470004D49504809F00EFE88214C48E5E74A482E
:1084800002F002FEE3684C4A9BB1A0689168884202
:1084900029D057EA06032ED1434802F0DFFDA0B1F0
:1084A00088F31188BFF36F8F6FF00F0002B0BDE843
:1084B000F081916891F90E100133E36093683A48B6
:1084C0002161A36002F0CAFD78B94FF49A73374A6C
:1084D0003A49334809F0DEFD3349394809F0DAFDFD
:1084E0004FF49A71C9E72169E6E788F31188BFF371
:1084F0006F8F0020DAE791F90E1090F90E306FF0CF
:108500007E029942A8BF19469142B8BF11468B42DC
:1085100002DD0EF0B1F9054622464146CDE900766E
:10852000214801F03DFE0028E3D0EFF3118620231F
:1085300083F31288BFF36F8F1B4802F081FD002880
:1085400090D0194802F0A0FDA068C0B1236821694D
:108550009C420AD04BB193F90E309942A8BF1946FC
:108560006FF07E039942B8BF19460EF085F930B11D
:1085700031460D4801F0D4FF6FF00A0096E7002D58
:10858000F6D1094802F06AFD00289ED086F31188D2
:10859000BFF36F8FF0E700BFE5F90200C3F90200F7
:1085A000DE930200F7F90200CC2B0020BEA00200EF
:1085B000EBA0020000A10200AC2B002016A10200DB
:1085C0002DA10200F8B50546EFF3058363B15449C8
:1085D000D723544A544809F05DFD544809F05AFD28
:1085E000D721504809F04DFD8368002B00F09280A0
:1085F0004F4A9268934240F09080C3683BB94D491E
:10860000EF23484A484809F045FDEF21E9E7012BEF
:1086100003D0013BC3600020F8BDEFF31187202495
:1086200084F31288BFF36F8F434802F009FD60B9ED
:108630008823424A42493C4809F02CFD3E494148C2
:1086400009F028FD88213D48CCE73B4802F01CFD9D
:108650002969A8680EF010F9EFF3118384F31288EA
:10866000BFF36F8F83F31188BFF36F8F5BB9364908
:10867000A623364A2C4809F00DFD354809F00AFDBD
:10868000A6213248AEE72C68AC4215D100232A4817
:10869000C5E9023302F0E2FC002836D14FF49A73A8
:1086A000264A2C49204809F0F5FC23492A4809F0BC
:1086B000F1FC4FF49A71C6E7002CE7D0A3683BB9F0
:1086C00026498F23214A184809F0E4FC8F21D8E776
:1086D0000026D4E9003213605A60637BC4E9006667
:1086E00023F002036373A66004F1180002F0DEFDBC
:1086F000AC6094F90E3020462B61E66701F06EFC09
:1087000039460D4801F00CFF85E787F31188BFF368
:108710006F8F80E76FF015007EE74FF0FF307BE74B
:10872000E5F90200C3F90200DE930200F7F9020046
:10873000AC2B00201CFA0200CC2B0020BEA00200B3
:10874000EBA0020000A102004BF9020020F9020098
:1087500009F8020016A102002DA1020063F902002F
:1087600008B583684BB90B490B488F230B4A09F0B6
:1087700091FC8F21094809F084FCD0E90032136094
:108780005A600023427BC0E9003322F002024273A8
:10879000836008BD63F90200DE93020020F9020045
:1087A0002DE9F04704460F4691469A469DF82080F1
:1087B00000F10805EFF31186202383F31288BFF33D
:1087C0006F8F284602F03CFC60B98823504A51491B
:1087D000514809F05FFC2946504809F05BFC8821AC
:1087E0004B481DE0284602F04FFCB8F1000F00D0C6
:1087F0006768EFF31183202282F31288BFF36F8F33
:1088000083F31188BFF36F8F63B94549A623454AA7
:10881000414809F03FFC444809F03CFCA62141488E
:1088200009F02FFC234653F80C8F984519D0B8F166
:10883000000F16D04046FFF793FF08F1180002F032
:1088400035FD00234046C8F87C30C8F8109001F090
:10885000C5FB3146284601F063FE00242046BDE8F2
:10886000F087BAF1000F14D0082003F007F90028B0
:1088700046D00122C0F804900260016801F00301B3
:108880005FB922680A430260626820606AB960606A
:108890000BE04846C9F800A0EFE73A68032A24D85D
:1088A00001606168D9B9C4E9000004F11400042131
:1088B00002F086FF04460028CBD1284602F0CEFB0A
:1088C00008BB4FF49A73124A1849134809F0E2FBA7
:1088D0002946174809F0DEFB4FF49A7180E70A68D1
:1088E00002F0030202430A60D1E722F003020A43C6
:1088F00002603A6802F0030240EA02033B60D4E7F8
:108900006FF00B04D9E786F31188BFF36F8FA5E7EB
:10891000BEA00200EBA00200DE93020000A1020054
:108920004BF9020020F9020009F8020016A102002A
:108930002DA102002DE9F743064690461F4600F19F
:108940000805EFF31189202383F31288BFF36F8F9B
:10895000284602F075FB68B98823254A2549264830
:1089600009F098FB2946254809F094FB8821204806
:1089700009F087FB284602F087FB3468FCB12368C6
:10898000726823F00303944220464FF001013360E4
:1089900008BF73600DF07FFF0446284602F05EFBBF
:1089A000E8B94FF49A73124A1549134809F072FB5B
:1089B0002946144809F06EFB4FF49A71D7E758EA3C
:1089C0000703EAD049462846CDE9008706F10C02A4
:1089D00001F0E6FB38B90C4B9B681C6903E089F396
:1089E0001188BFF36F8F204603B0BDE8F08300BF4E
:1089F000BEA00200EBA00200DE93020000A1020074
:108A000016A102002DA10200AC2B002008B583683E
:108A10004BB90B490B488F230B4A09F03BFB8F21C5
:108A2000094809F02EFBD0E9003213605A60002398
:108A3000427BC0E9003322F002024273836008BD2A
:108A400063F90200DE93020020F9020070B50446CB
:108A5000EFF31186202585F31288BFF36F8F33481B
:108A600002F0EEFA60B98823314A3249324809F0FF
:108A700011FB2E49314809F00DFB88212C4818E0E4
:108A80002A4802F001FBEFF3118385F31288BFF34C
:108A90006F8F83F31188BFF36F8F63B92849A623C3
:108AA000284A254809F0F6FA274809F0F3FAA621E2
:108AB000244809F0E6FA2568AC4212D08DB1284668
:108AC000FFF7A4FF05F1180002F0F0FB0023284691
:108AD000EB6701F083FA3146BDE87040134801F0BE
:108AE0001FBDD4E902329A4218BF01330221A360AC
:108AF00004F1100002F064FE0028ECD10B4802F0F3
:108B0000ADFA68B94FF49A73094A10490A4809F056
:108B1000C1FA06490E4809F0BDFA4FF49A71ADE763
:108B200086F31188BFF36F8F70BD00BFD02B00207C
:108B3000BEA00200EBA00200DE93020000A1020032
:108B40004BF9020020F9020009F8020016A1020008
:108B50002DA10200F7B5044616461D46EFF3058326
:108B60007BB152EA05030CD02D4988232D4A2E48AB
:108B700009F090FA2D4809F08DFA8821294809F06A
:108B800080FAEFF31187202383F31288BFF36F8FEE
:108B9000274802F055FA60B98823264A2649224818
:108BA00009F078FA2249254809F074FA8821214809
:108BB000E5E71F4802F068FAA368D3B1013B1C48FF
:108BC000A36002F04BFA68B94FF49A73194A1C4932
:108BD000154809F05FFA16491A4809F05BFA4FF494
:108BE0009A71E4E787F31188BFF36F8F002003B019
:108BF000F0BD56EA05030BD10D4802F02FFA00280C
:108C0000E2D087F31188BFF36F8F6FF00F00EEE7AC
:108C100022463946CDE90065054801F0C1FAE6E78C
:108C200053FA020033FA0200DE93020009F8020050
:108C3000D02B0020BEA00200EBA0020000A1020089
:108C400016A102002DA1020007B5074B4FF4805278
:108C5000009306494FF0FF33054800F0C5FB0020A4
:108C600003B05DF804FB00BFFC8F0200E8A0012008
:108C7000301F00202DE9F0430446764E764F85B034
:108C8000EFF31188202383F31288BFF36F8F3046F0
:108C900002F0D6F968B98823704A7149714809F021
:108CA000F9F96C49704809F0F5F988216B4809F029
:108CB000E8F9304602F0E8F9D4F88450F5B9022119
:108CC00004F19C000DF029FE002840D004F1940529
:108CD00000220121284602F06DF80028F8D1002377
:108CE0004FF0FF3202934FF0FF334146CDE90023AE
:108CF000304604F18C0202F0BBF8C1E7D4F88820BA
:108D00002B68954208BFC4F88830C4F88430D4F882
:108D10009C30304643F00203C4F89C30EB68D5F831
:108D2000049023F0040343F00103EB6002F096F992
:108D3000F8B94FF49A73494A4C494A4809F0AAF9DC
:108D400044494B4809F0A6F94FF49A71AEE7D4F8BC
:108D50009C30DD06C3D5C4F89C003E4802F07EF985
:108D60000028E6D088F31188BFF36F8F05B0BDE807
:108D7000F08388F31188BFF36F8FB9F1000F0AD128
:108D80003C4938484FF438733B4A09F083F94FF4B3
:108D9000387139488BE72846C847EFF311882023FC
:108DA00083F31288BFF36F8F304602F049F9002831
:108DB0003FF471AF304602F067F9EB68D90623F053
:108DC000010231D4EA60EB689A0716D5386823F0BF
:108DD0000203EB6088B10021036870B142689542DC
:108DE00030D1036841BB7A683B60824200D17B602E
:108DF000002340F8083BFFF729FED4F89C303046AA
:108E000023F00203C4F89C30C3F3002502F026F9D6
:108E100000288ED088F31188BFF36F8F002D7FF468
:108E20002FAF01F0E1FC2BE723F01103EB6005F11C
:108E30001000FFF70BFEC6E70B607B68834208BF9C
:108E40007960D5E723B11A68014618461346C4E78E
:108E50001A46F9E7DC2B0020D42B0020BEA002002C
:108E6000EBA00200DE93020000A1020016A10200A6
:108E70002DA10200EBFA0200A9FA020070B5C36846
:108E80000546C3F340069B070C460DD50122002181
:108E900004F108000DF031FD00232360054B6560EF
:108EA0005A681AB9C3E90044304670BD14605C606A
:108EB000FAE700BFD42B0020F8B5C36804469A0730
:108EC0000F46C3F340063BD45B0727D40B680BB9AE
:108ED00083680B60E368DD0723D5A3685BB9294984
:108EE000294840F25713294A09F0D4F840F25711A3
:108EF000264809F0C6F802263B603D68002D3ED0AA
:108F0000234B9A68D5F880309A420CD0D5F89C3023
:108F1000D807C3F3800216D46FF0120600233B601B
:108F200027E00126E9E70DF05DFDD5F89C3000282B
:108F3000EED1D907C3F3C002EED552B15B0708D416
:108F40006FF00F06EAE7002AFAD1C3F3C003002B43
:108F5000F6D100232360D5F8883063B9C5E92144F0
:108F600028460DF0F5FCE36843F00403E3603B683A
:108F7000A3603046F8BD1C60C5F88840F0E76FF08C
:108F80001506CBE7CAFA0200DE930200A9FA020036
:108F9000AC2B002073B50446EFF31185202383F337
:108FA0001288BFF36F8F1E4802F04AF868B9882311
:108FB0001C4A1D491D4809F06DF819491C4809F063
:108FC00069F88821174809F05CF8154802F05CF848
:108FD00000230321201F0193A4F110060DF09DFC36
:108FE00028B1A369304601A90193FFF765FF0C483A
:108FF00002F034F868B94FF49A730A4A0D490B48E5
:1090000009F048F806490C4809F044F84FF49A7101
:10901000D8E785F31188BFF36F8F02B070BD00BF32
:10902000DC2B0020BEA00200EBA00200DE930200B9
:1090300000A1020016A102002DA1020038B50D46C4
:10904000044648B90C499C230C4A0D4809F022F803
:109050009C210A4809F015F839B90A499D23074AA5
:10906000074809F017F89D21F3E7102200210EF0C0
:1090700092FC656038BD00BF86FB0200A9FA0200C1
:10908000DE930200EBFA0200F8B5C368064603F06F
:109090000503002B0C4614BF0127002729D0856843
:1090A0005DB91D491D4840F2C1131D4A08F0F2FF89
:1090B00040F2C1111A4808F0E4FF0122002104F136
:1090C00010000DF01AFC20461649FFF7B7FFE368C1
:1090D00043F01003E360F3685B0712D53368236045
:1090E0006BB9D5F8883033B9C5E9214428460DF06D
:1090F0002FFC3846F8BD1C60C5F88840F6E73460A0
:10910000F4E7D5F884302360D5F88830C5F884407A
:10911000002BEBD1F0E700BFD0FA0200DE93020093
:10912000A9FA02003169020038B50446EFF311854F
:10913000202383F31288BFF36F8F184801F080FF5C
:1091400068B98823164A1749174808F0A3FF13493E
:10915000164808F09FFF8821114808F092FF0F4839
:1091600001F092FFE4680D4804F01F0401F076FF5F
:1091700068B94FF49A730A4A0D490B4808F08AFF00
:1091800006490C4808F086FF4FF49A71E4E785F32E
:109190001188BFF36F8F204638BD00BFDC2B002045
:1091A000BEA00200EBA00200DE93020000A10200BC
:1091B00016A102002DA1020037B50C46019059B945
:1091C000284940F27D13284A284808F063FF40F2FE
:1091D0007D11254808F055FF4B684BB924494FF4E1
:1091E000BF73214A214808F055FF4FF4BF71F0E7E3
:1091F000EFF31185202383F31288BFF36F8F1D488F
:1092000001F01EFF60B988231B4A1C49174808F06B
:1092100041FF18491A4808F03DFF88211648D9E750
:10922000144801F031FF204601A9FFF745FE04462E
:10923000104801F013FF68B94FF49A730E4A1149B0
:109240000A4808F027FF0B490F4808F023FF4FF4A6
:109250009A71E3E785F31188BFF36F8F204603B05F
:1092600030BD00BF86FB0200A9FA0200DE930200B7
:10927000E5FA0200DC2B0020BEA00200EBA00200F9
:1092800000A1020016A102002DA102000146014822
:109290000DF098BB301F002070B50C46054658B93C
:1092A000384940F2CD13384A384808F0F3FE40F20E
:1092B000CD11354808F0E5FEC368DB0509D5344912
:1092C0004FF4E773304A314808F0E4FE4FF4E77199
:1092D000EFE70DF087FB48B12E4940F2CF132A4A41
:1092E0002A4808F0D7FE40F2CF11E2E74CB92A49EC
:1092F0004FF4E873244A254808F0CCFE4FF4E87197
:10930000D7E7EFF31186202383F31288BFF36F8F23
:10931000224801F095FE60B98823214A21491B4863
:1093200008F0B8FE1D49204808F0B4FE88211C480A
:10933000C0E71A4801F0A8FE28462146FFF7A4FE20
:109340000546164801F08AFE68B94FF49A73144A2C
:1093500016490E4808F09EFE1049154808F09AFE7E
:109360004FF49A71E3E786F31188BFF36F8F3DB135
:109370004FF0FF324FF0FF3304F11000FFF7EAFB2C
:10938000284670BD86FB0200A9FA0200DE930200A7
:1093900002FB0200F0CA020031FB0200DC2B0020BD
:1093A000BEA00200EBA0020000A1020016A1020074
:1093B0002DA1020008B558B90849094840F2053303
:1093C000084A08F067FE40F20531064808F059FEE9
:1093D000A02200210EF0DFFA08BD00BFD0FA020083
:1093E000DE930200A9FA0200F0B589B004460E9D92
:1093F00058B92F4940F232332E4A2F4808F04AFE1E
:1094000040F232312B4808F03CFE49B92B4940F27A
:109410003333284A284808F03DFE40F23331F1E763
:10942000D0F89C0010F0010009D025494FF44D738D
:10943000204A214808F02EFE4FF44D71E2E7C4E9BE
:10944000210004F18C00C4E9230004F19400C4E974
:10945000250055B32879002840F2011008BF0120EB
:10946000C4F89C0000204FF0FF364FF0FF37CDE9E5
:109470000330CDE90100CDE906672046114B009489
:1094800000F0FCFB55B1296811B120460DF0B0FA8F
:109490006B791BB1237B43F001032373204601F05A
:1094A000F7FAC4F8804009B0F0BD0120D8E700BF4A
:1094B00079FB0200A9FA0200DE9302007FFB0200A2
:1094C00045FB0200758C01007FB50D46044658B976
:1094D0003A4940F265333A4A3A4808F0DBFD40F237
:1094E0006531374808F0CDFD0DF07CFA48B13649BA
:1094F00040F26633324A334808F0CCFD40F2663120
:10950000EFE7EFF31186202383F31288BFF36F8F09
:109510002E4801F095FD60B988232D4A2D49294830
:1095200008F0B8FD29492C4808F0B4FD88212848E6
:10953000D8E7264801F0A8FDD4F89C3013F0060FB8
:109540001DD1B5B143F00C03C4F89C3020460DF09A
:10955000FFF900234FF0FF3202934FF0FF33314603
:10956000CDE90023194804F1940201F081FC04B014
:1095700070BDD4F884504DB143F00403E4E743F0E8
:109580000402C4F89C20002DE0D0DBE70F4801F076
:1095900065FD68B94FF49A730D4A1049094808F0FF
:1095A00079FD0A490E4808F075FD4FF49A71BEE73F
:1095B00086F31188BFF36F8F2846D8E779FB020046
:1095C000A9FA0200DE930200F0CA0200DC2B0020A0
:1095D000BEA00200EBA0020000A1020016A1020042
:1095E0002DA1020038B50D46044658B90F494FF475
:1095F00078730F4A0F4808F04DFD4FF478710C480E
:1096000008F03FFD49B90C4940F2E133084A0948E6
:1096100008F040FD40F2E131F1E7302200210EF088
:10962000BAF94FF480736560E36038BD85FB0200D2
:10963000A9FA0200DE930200EBFA0200F7B50C462D
:1096400016461D46019058B9334940F25743334AF4
:10965000334808F01FFD40F25741304808F011FD33
:1096600049B930494FF48B632C4A2D4808F012FD5C
:109670004FF48B61F1E7EFF31187202383F3128816
:10968000BFF36F8F284801F0DBFC60B98823274ABD
:109690002749234808F0FEFC2349264808F0FAFC35
:1096A00088212248DAE7204801F0EEFCE36813F055
:1096B0001E0F27D155EA060216D1204601A9FFF751
:1096C000FBFB0446184801F0C9FCE8B94FF49A7353
:1096D000164A1949124808F0DDFC1349174808F0EA
:1096E000D9FC4FF49A71DCE743F00803E360019B77
:1096F00004F11000A36232462B46114901F0FAFC36
:109700000124DFE70024DDE787F31188BFF36F8FC3
:10971000204603B0F0BD00BFD0FA0200A9FA020053
:10972000DE93020085FB0200DC2B0020BEA00200BD
:10973000EBA0020000A1020016A102002DA1020070
:10974000958F010001460148FFF778BF301F0020C8
:10975000F7B50C4616461D46019058B9324940F2FD
:109760007A43324A324808F095FC40F27A412F4859
:1097700008F087FC49B92F4940F27B432B4A2C481B
:1097800008F088FC40F27B41F1E7EFF311872023DA
:1097900083F31288BFF36F8F274801F051FC60B943
:1097A0008823264A2649224808F074FC2249254885
:1097B00008F070FC88212148DAE71F4801F064FCBA
:1097C00020460DF0B6F855EA060316D1204601A949
:1097D000FFF772FB0446184801F040FCE0B94FF473
:1097E0009A73164A1849124808F054FC124917484F
:1097F00008F050FC4FF49A71DDE7E36804F11000C3
:1098000043F00803E360019B3246A36210492B46F4
:1098100001F070FC0124DEE787F31188BFF36F8F3E
:10982000204603B0F0BD00BFD0FA0200A9FA020042
:10983000DE93020085FB0200DC2B0020BEA00200AC
:10984000EBA0020000A1020016A102002DA102005F
:10985000958F010001460148FFF77ABF301F0020B5
:1098600038B5044658B92349234840F29C43234A5B
:1098700008F010FC40F29C41204808F002FCEFF395
:109880001185202383F31288BFF36F8F1C4801F0EA
:10989000D7FB60B988231B4A1B49174808F0FAFB1D
:1098A00017491A4808F0F6FB88211648E5E71448DE
:1098B00001F0EAFB20460DF03CF820460DF04FF891
:1098C00004460F4801F0CAFB68B94FF49A730D4A79
:1098D0000F49094808F0DEFB09490E4808F0DAFB99
:1098E0004FF49A71E1E785F31188BFF36F8F20463B
:1098F00038BD00BF85FB0200DE930200A9FA02001A
:10990000DC2B0020BEA00200EBA0020000A10200A0
:1099100016A102002DA10200F8B50D46044658B963
:109920003E4940F2AD433E4A3E4808F0B3FB40F2A8
:10993000AD413B4808F0A5FB49B93B4940F2AE4375
:10994000374A384808F0A6FB40F2AE41F1E70DF087
:1099500049F848B1354940F2AF43314A314808F03F
:1099600099FB40F2AF41E4E7EFF31186202383F344
:109970001288BFF36F8F2E4801F062FB60B9882315
:109980002C4A2D49274808F085FB29492B4808F027
:1099900081FB88212748CDE7254801F075FBE36866
:1099A00003F01F03002B14BF0127002717D1204805
:1099B00001F054FB68B94FF49A731E4A20491948C4
:1099C00008F068FB1A491F4808F064FB4FF49A71CD
:1099D000E0E786F31188BFF36F8F3846F8BD204665
:1099E0000CF0A7FF20460CF0BAFF20462946FFF7EF
:1099F00045FA04460E4801F031FB0028DBD086F31F
:109A00001188BFF36F8F002CE7D04FF0FF324FF07B
:109A1000FF3305F10800FFF79DF8DEE785FB020044
:109A2000A9FA0200DE93020031FB0200F0CA020034
:109A3000DC2B0020BEA00200EBA0020000A102006F
:109A400016A102002DA1020008B583684BB90B498D
:109A50000B488F230B4A08F01DFB8F21094808F0A3
:109A600010FBD0E9003213605A600023427BC0E94A
:109A7000003322F002024273836008BD63F90200E2
:109A8000DE93020020F902002DE9F8430546EFF3CA
:109A90001188202787F31288BFF36F8F3B4801F0AE
:109AA000CFFA60B988233A4A3A493B4808F0F2FABB
:109AB00036493A4808F0EEFA8821354818E033482C
:109AC00001F0E2FAEFF3118387F31288BFF36F8F8F
:109AD00083F31188BFF36F8F63B93149A623314AED
:109AE0002D4808F0D7FA304808F0D4FAA6212D48BE
:109AF00008F0C7FA2C68A54234D09CB30026204653
:109B0000FFF7A2FF04F1180001F0D0FBB146204698
:109B1000C4F87C9000F062FA0136EFF3118387F30A
:109B20001288BFF36F8F83F31188BFF36F8F002B01
:109B3000D3D02C68A54210D07CB12046FFF784FF1B
:109B400004F1180001F0B2FBE1E788F31188BFF3DC
:109B50006F8F00263046BDE8F88341460B4800F081
:109B6000DFFCF7E7094801F079FA0028EDD14FF45E
:109B70009A73074A0D49084808F08CFA03490C48C3
:109B800008F088FA4FF49A7197E700BFE02B0020A5
:109B9000BEA00200EBA00200DE93020000A10200C2
:109BA0004BF9020020F9020009F8020016A1020098
:109BB0002DA102002DE9F04385B00F9D04460F2D25
:109BC0000E46984637D1274B984538D104F15803B3
:109BD000C4E91633109B0027237304230732A573AF
:109BE00022F0070506EB0509494663732046C4E9E0
:109BF0000677A760E773EDF717FB0E9B073020F0A1
:109C00000700E066C4E9196502930D9BA9EB000902
:109C100001930C9B4A460093314643462046EDF79C
:109C2000F7FE114B67659B6803B11B6F48462367BE
:109C300005B0BDE8F08305F110031E2BC6D940F234
:109C40004B230A4A0A490B4808F024FA29460A48D5
:109C50006FF00F030E2208F01DFA40F24B2103486B
:109C600008F00FFADD830100AC2B00209AFB020004
:109C7000BDFB0200DE9302003DFC0200F0B587B0A0
:109C80000446DDE91276EFF3058575B1194940F216
:109C90001A33194A194808F0FDF9194808F0FAF979
:109CA00040F21A31144808F0ECF90595109D04951E
:109CB0000F9D03950E9D02950D9D01950C9D0095A0
:109CC000FFF778FFB6F1FF3F08BFB7F1FF3F05D0C0
:109CD00056EA070305D1204600F0DAFE204607B019
:109CE000F0BD3A46334604F11800064901F002FA85
:109CF000F4E700BFE5F902009AFB0200DE930200E0
:109D00006EFC02005B6A020040F2011383810023B3
:109D100010B50446C0E9193301F0AAFE014B9C605E
:109D200010BD00BFAC2B002070B590F90D20437B17
:109D3000002A5ADBDC0658D12D4A43F080039042BA
:109D4000437309D12B4952232B4A2C4808F0A2F91E
:109D50005221294808F095F9D90707D528495323F6
:109D6000254A264808F096F95321F2E7254C224669
:109D700052F8183FE169934207D1C0E90021086019
:109D8000E06111E09942F8D01B68002BF5D090F902
:109D90000E5093F90E60B542F4D0AE42F2DD596830
:109DA000C0E9003108605860A569954200D005B946
:109DB000E568A3685BB91449EA23144A0F4808F020
:109DC00069F9134808F066F9EA211048C2E75A7B9E
:109DD000D20604D1DA897F2A01D9AA6932B1AB420D
:109DE00002D0284601F0A4F8656170BD6361FCE70C
:109DF000301E0020B5FC020093FC0200DE9302003E
:109E0000D6FC0200AC2B00201BFD0200EFFC020080
:109E100009F8020038B590F90D200146002A437B6D
:109E20001BDA224A03F07F039042437309D1204991
:109E30005A23204A204808F02DF95A211D4808F0DD
:109E400020F9DC0707D51D495B231A4A1A4808F098
:109E500021F95B21F2E70CF0D0FD194D2A4652F8AA
:109E6000184FAB68944200D004B9EC688B4214D010
:109E70005BB91449EA23144A0F4808F00BF9134858
:109E800008F008F9EA211048D9E75A7BD20604D134
:109E9000DA897F2A01D9A2692AB1A34202D02046D9
:109EA00001F046F823466B6138BD00BF301E00202C
:109EB000B5FC020093FC0200DE930200D6FC020017
:109EC000AC2B00201BFD0200EFFC020009F8020091
:109ED00008B583684BB9094909488F23094A08F036
:109EE000D9F88F21074808F0CCF80CF086FD437BA9
:109EF00023F0020343730023836008BD63F902006B
:109F0000DE93020020F9020008B5124A936880B17E
:109F1000597B11F0090F0CD10F49D2230F4A104879
:109F200008F0B8F80F4808F0B5F8D2210B4808F04F
:109F3000A8F86FF00A01D9670B4998674B6843F09E
:109F400080534B60002383F31188BFF36F8F9368B6
:109F5000D86F08BDAC2B00206CFD020042FD020052
:109F6000DE930200D5FD020000ED00E038B5194C8B
:109F7000A168E0690B68814214BF1A460022496853
:109F80000B605960A368E1692AB9134AC3E900214B
:109F90000B60E3610CE093F90E0092F90E50A842B9
:109FA00014D0854212DD5168C3E900210B60536073
:109FB000A569094B9D4200D005B9E568A3689D429B
:109FC00002D0284600F0B4FF656138BD9142DCD074
:109FD0001268D9E7AC2B0020C42B002038B504460A
:109FE000EFF31185202383F31288BFF36F8F174897
:109FF00001F026F868B98823154A1649164808F072
:10A0000049F81249154808F045F88821104808F029
:10A0100038F80E4801F038F82046FFF785FE0B4867
:10A0200001F01CF868B94FF49A73094A0C490A48C0
:10A0300008F030F805490B4808F02CF84FF49A71F5
:10A04000E4E785F31188BFF36F8F38BDE42B002060
:10A05000BEA00200EBA00200DE93020000A10200FD
:10A0600016A102002DA1020038B50446EFF31185B8
:10A07000202383F31288BFF36F8F184800F0E0FFAE
:10A0800068B98823164A1749174808F003F8134996
:10A09000164807F0FFFF8821114807F0F2FF0F482C
:10A0A00000F0F2FFA36813B12046FFF711FF0B4841
:10A0B00000F0D4FF68B94FF49A73094A0C490A4872
:10A0C00007F0E8FF05490B4807F0E4FF4FF49A71E9
:10A0D000E2E785F31188BFF36F8F38BDE42B0020D2
:10A0E000BEA00200EBA00200DE93020000A102006D
:10A0F00016A102002DA1020038B50446EFF3118528
:10A10000202383F31288BFF36F8F1E4800F098FF5F
:10A1100068B988231C4A1D491D4807F0BBFF19492F
:10A120001C4807F0B7FF8821174807F0AAFF154819
:10A1300000F0AAFF637B13F0280F0BD1A36813B1C3
:10A140002046FFF7C5FE637B204623F004036373BC
:10A15000FFF7EAFD0B4800F081FF68B94FF49A73EE
:10A16000094A0D490A4807F095FF06490B4807F0D0
:10A1700091FF4FF49A71D7E785F31188BFF36F8F82
:10A1800038BD00BFE42B0020BEA00200EBA00200FF
:10A19000DE93020000A1020016A102002DA1020020
:10A1A0002DE9F047DFF8D4A0354D1746DDE90898D2
:10A1B000DAF80820334BA84204460E461A600BD149
:10A1C0003149324840F29E23314A07F063FF40F2A2
:10A1D0009E212F4807F055FFEFF31183202383F3CF
:10A1E0001288BFF36F8F284600F02AFF60B98823DA
:10A1F000284A2949254807F04DFF2946274807F0F6
:10A2000049FF88212348E5E7284600F03DFFDAF8BA
:10A210000850394628460CF0F8FBB8F1FF3F08BF5C
:10A22000B9F1FF3F06D04A4643461D4905F11800E3
:10A2300000F060FF204600F011FF68B919494FF4A3
:10A24000B773144A114807F025FF2146164807F056
:10A2500021FF4FF4B771D5E7094800F0FFFE40B980
:10A2600010494FF4B7730B4A084807F013FF04492D
:10A27000ECE73046BDE8F047FFF746BEAC2B0020C8
:10A28000E42B0020E82B0020FDFD0200DE930200FD
:10A2900093FC0200BEA00200EBA0020000A102009D
:10A2A0005B6A020016A102002DA1020070B50546EE
:10A2B000EFF31186202383F31288BFF36F8F1B48BF
:10A2C00000F0BEFE68B98823194A1A491A4807F0F7
:10A2D000E1FE1649194807F0DDFE8821144807F011
:10A2E000D0FE124800F0D0FE2C68A54215D014B163
:10A2F0002046FFF7EDFD0D4800F0B0FE78B94FF4B1
:10A300009A730B4A0E490C4807F0C4FE07490D48E2
:10A3100007F0C0FE4FF49A71E0E70024EBE786F304
:10A320001188BFF36F8F204670BD00BFE42B002063
:10A33000BEA00200EBA00200DE93020000A102001A
:10A3400016A102002DA102002DE9F04104460D46A0
:10A35000EFF31187202383F31288BFF36F8F6248D6
:10A3600000F06EFE60B98823604A6149614807F0D9
:10A3700091FE5D49604807F08DFE88215B4818E03A
:10A38000594800F081FE637B03F01F02002A0CBFD6
:10A390000126002671D1594A03F07F03944263736A
:10A3A00009D157495A23574A524807F073FE5A2198
:10A3B000544807F066FED90707D553495B23514A35
:10A3C0004C4807F067FE5B21F2E720460CF015FBD6
:10A3D000637B6DB243F08003DA07A573637307D51F
:10A3E00049495323474A434807F054FE5321DFE7C6
:10A3F000DFF81881424652F8183F93423AD1D8F814
:10A400001C10C4E900210C60C8F81C400FE0994200
:10A41000F7D01B68002BF4D093F90E008542F6D0DC
:10A42000A842F4DD5968C4E900310C605C60D8F8DA
:10A430001840944200D00CB9D8F80C40D8F8083035
:10A440009C4202D0204600F073FDC8F81440264814
:10A4500000F004FE00283FD14FF49A73234A2C49A0
:10A46000244807F017FE20492A4807F013FE4FF44E
:10A470009A7183E7D8F81C10CCE79B072AD5A1680E
:10A4800041B925491B488F23244A07F003FE8F2139
:10A4900022488EE720466DB20CF0AFFAA5730B6828
:10A4A000994209D14B68C4E900131C604C60CEE7A7
:10A4B0004A689342F6D01B68002BF3D093F90E2024
:10A4C0009542F5D0AA42F3DD5A68C4E9003214601F
:10A4D0005C60BCE7A573BAE787F31188BFF36F8FA1
:10A4E0003046BDE8F08100BFE42B0020BEA0020092
:10A4F000EBA00200DE93020000A10200301E00204B
:10A50000B5FC020093FC0200D6FC0200AC2B00203C
:10A5100016A102002DA1020063F9020020F9020039
:10A5200070B504460D46F9B9EFF30586E6B91A4B46
:10A530005A699B689A4217D000F090FD78B94FF4A1
:10A54000B773164A1649174807F0A4FD2146164866
:10A5500007F0A0FD4FF4B771104807F092FD3046A8
:10A56000BDE87040FFF7D0BC204600F077FD68B929
:10A570004FF49A73094A0A490A4807F08BFD2146AD
:10A58000094807F087FD4FF49A71E5E785F31188D4
:10A59000BFF36F8F70BD00BFAC2B0020BEA00200C8
:10A5A00016A10200DE9302002DA10200034648B965
:10A5B000EFF3058232B9064A51699268914201D09F
:10A5C000FFF7A2BC83F31188BFF36F8F704700BF02
:10A5D000AC2B002010B5EFF31184202383F31288F5
:10A5E000BFF36F8F284800F02BFD60B98823274AFE
:10A5F0002749284807F04EFD2349274807F04AFD20
:10A600008821224812E0204800F03EFDEFF3058348
:10A6100073B1224940F23B33214A1E4807F03AFD0C
:10A62000204807F037FD40F23B311D4807F029FD77
:10A630001D4B9A68D37B012B0CD11C494FF44F73EF
:10A64000174A144807F026FD164807F023FD4FF47B
:10A650004F71EAE7013BD3730B4800F0FFFC68B988
:10A660004FF49A73094A12490A4807F013FD064944
:10A67000104807F00FFD4FF49A71C2E784F3118878
:10A68000BFF36F8F10BD00BFE42B0020BEA00200FF
:10A69000EBA00200DE93020000A10200E5F9020037
:10A6A00093FC020009F80200AC2B002036FE0200E9
:10A6B00016A102002DA1020070B5EFF31186202330
:10A6C00083F31288BFF36F8F374800F0B9FC60B98D
:10A6D0008823364A3649374807F0DCFC3249364889
:10A6E00007F0D8FC8821314813E0344D2E4800F0A3
:10A6F000CBFCAB68DA7B72B9314940F24733314A5F
:10A700002C4807F0C7FC304807F0C4FC40F2473142
:10A710002C4807F0B6FCEFF3058161B12B494FF4EB
:10A720005273284A234807F0B5FC274807F0B2FCCB
:10A730004FF45271ECE70132DA732A4652F8184F9F
:10A74000944200D004B9EC685A7BD20604D1DA896D
:10A750007F2A01D9A2692AB1A34202D0204600F083
:10A76000E7FB234610486B6100F078FC68B94FF4B2
:10A770009A730E4A16490F4807F08CFC0A4915488F
:10A7800007F088FC4FF49A71ADE786F31188BFF3A8
:10A790006F8FEFF31180202383F31288BFF36F8F45
:10A7A000BDE87040FFF702BFE42B0020BEA002000E
:10A7B000EBA00200DE93020000A10200AC2B0020FF
:10A7C00067FE020093FC020009F80200E5F90200AE
:10A7D00016A102002DA10200024B03F11802C3E9E9
:10A7E00006227047AC2B002070B5EFF3058373B1E0
:10A7F00039494FF48E63394A394807F04BFC3948E0
:10A8000007F048FC4FF48E61344807F03AFCEFF350
:10A810001186202383F31288BFF36F8F324800F034
:10A820000FFC60B98823314A31492D4807F032FCCA
:10A830002D49304807F02EFC88212C48E5E72E4CA6
:10A84000294800F021FCA168E0690B68814214BF2F
:10A850001A46002249680B605960A368E1692AB969
:10A86000264AC3E900210B60E3610CE093F90E0076
:10A8700092F90E50A84225D0854223DD5168C3E9E4
:10A8800000210B605360A5691C4B9D4200D005B9A7
:10A89000E568A3689D4202D0284600F049FB1248B3
:10A8A000656100F0DBFB88B94FF4B7730F4A1449B8
:10A8B0000B4807F0EFFB0C49124807F0EBFB4FF495
:10A8C000B771BAE78A42CBD01268C8E73046BDE814
:10A8D0007040FFF719BB00BFE5F9020093FC0200CE
:10A8E000DE93020009F80200E42B0020BEA0020063
:10A8F000EBA0020000A10200AC2B0020C42B002022
:10A9000016A102002DA102002DE9F04106460C46D9
:10A91000EFF3058777B134494FF49163334A3448F4
:10A9200007F0B8FB334807F0B5FB4FF491612F48AF
:10A9300007F0A7FB50EA010304D1FFF755FF002001
:10A94000BDE8F081EFF31188202383F31288BFF371
:10A950006F8F294800F074FB60B98823274A284983
:10A96000234807F097FB2449264807F093FB8821EA
:10A970002248DDE7244D204800F086FBA868234BE1
:10A980001860FFF747FAA868234632462049183076
:10A9900000F0B0FBAA680446537B174843F0040359
:10A9A000537300F05BFB68B94FF4B773134A19494E
:10A9B0000F4807F06FFB1049174807F06BFB4FF487
:10A9C000B771D5E74046FFF79FFAAB68D3E90A2392
:10A9D000B3F1004F08BFBA42B1D10CF076F8201A9B
:10A9E00020EAE070ACE700BFE5F9020093FC02004A
:10A9F000DE93020009F80200E42B0020BEA0020052
:10AA0000EBA0020000A10200AC2B0020E82B0020EC
:10AA10005B6A020016A102002DA1020070B5054676
:10AA20000E46EFF3058474B1154940F2B243154A5E
:10AA3000154807F02FFB154807F02CFB40F2B241F8
:10AA4000104807F01EFBFFF75FFFB6F1FF3F08BF9E
:10AA5000B5F1FF3F0246284611D04FF47A7147F610
:10AA6000FF73C2FB0134D80B40EA4440B0F1004F01
:10AA70004FEAD43474F1000428BF6FF0004070BD79
:10AA8000E5F9020093FC0200DE93020009F80200DF
:10AA900038B50446EFF31185202383F31288BFF302
:10AAA0006F8F204800F0CCFA68B988231E4A1F49EE
:10AAB0001F4807F0EFFA1B491E4807F0EBFA882100
:10AAC000194807F0DEFA174800F0DEFA637B5B07EF
:10AAD00010D504F1180000F0E9FB637B204623F059
:10AAE00004036373FFF720F92946BDE838400D4899
:10AAF000FFF716BD0B4800F0B1FA68B94FF49A732E
:10AB0000094A0D490A4807F0C5FA06490B4807F0FB
:10AB1000C1FA4FF49A71D3E785F31188BFF36F8FB1
:10AB200038BD00BFE42B0020BEA00200EBA0020055
:10AB3000DE93020000A1020016A102002DA1020076
:10AB4000014B9868704700BFAC2B00202DE9F843FB
:10AB50000446077BEFF31185202383F31288BFF3AC
:10AB60006F8F824800F06CFA68B98823804A814967
:10AB7000814807F08FFA7D49804807F08BFA8821D9
:10AB80007B4807F07EFA794800F07EFA637B18076D
:10AB900017D5764800F062FA68B94FF49A73744A90
:10ABA0007749754807F076FA7049764807F072FAE7
:10ABB0004FF49A71E4E785F31188BFF36F8FBDE816
:10ABC000F883D90943F0080240F083806273A368D8
:10ABD00013B12046FFF77CF904F1180000F066FB82
:10ABE000A66D04F15808B04511D04FF0000976B1B8
:10ABF0003046FFF76DF906F1180000F057FB3046BC
:10AC0000C6F87C90FFF790F8A66DB045EFD1DFF85D
:10AC10007881D8F808309C427AD1EFF30589B9F1F0
:10AC2000000918BF4FF00109D8F81860574A96423A
:10AC300000D00EB9D8F80C60B34202D0304600F014
:10AC400077F92046C8F8146008F0E1FAB9F1000F6E
:10AC500002D04F48FFF758F8D8F808309C426AD124
:10AC6000EFF30586002E66D1237BDA071FD53F4818
:10AC700000F0F4F9002890D085F31188BFF36F8FAE
:10AC800086F31188BFF36F8F0423184602DFEFF3BA
:10AC90001185202383F31288BFF36F8F334800F0B0
:10ACA000CFF900283FF461AF304800F0EDF92F48AC
:10ACB00000F0D4F978BB4FF4B7732D4A30492E48D1
:10ACC00007F0E8F929492F4807F0E4F94FF4B77184
:10ACD00056E7304A03F07F0343F00803944263735E
:10ACE00008D12D495A232D4A234807F0D3F95A2178
:10ACF0002A4846E7D90707D529495B23274A1E4832
:10AD000007F0C8F95B21F3E720460BF076FE5EE71B
:10AD10004FF0000988E72846FFF7F6F821494FF47D
:10AD2000EE731E4A144807F0B5F91F4807F0B2F950
:10AD30004FF4EE71DCE70D4800F090F900283FF485
:10AD40002CAF85F31188BFF36F8FFB077FF537AF0B
:10AD500040F28E53114A1549074807F09BF92146E6
:10AD6000134807F097F940F28E51C1E7E42B002019
:10AD7000BEA00200EBA00200DE93020000A10200D0
:10AD800016A102002DA10200AC2B0020C42B002034
:10AD9000D01F0020301E0020B5FC020093FC0200F2
:10ADA000D6FC020098FE0200A3FE0200C5FE0200CF
:10ADB000D0FE02002DE9F843064688461746EFF319
:10ADC0001189202383F31288BFF36F8F214800F08D
:10ADD00037F9054668B988231F4A2049204807F0FB
:10ADE00059F91C491F4807F055F988211A4807F0FE
:10ADF00048F9184800F048F93468A6421FD004B357
:10AE00002046C4F87C802761FFF762F804F118003F
:10AE100000F04CFA2046FEF787FF0E4800F01EF9BE
:10AE200088B94FF49A730C4A0F490D4807F032F96C
:10AE300008490E4807F02EF94FF49A71D6E700251D
:10AE4000EBE72546E9E789F31188BFF36F8F2846C2
:10AE5000BDE8F883E42B0020BEA00200EBA00200B6
:10AE6000DE93020000A1020016A102002DA1020043
:10AE7000D3B5DDE90667089CCDE90067FFF790F9D7
:10AE80001CB1034B9B681B69236002B0D0BD00BF9F
:10AE9000AC2B0020427B034612F01F0210D10A495E
:10AEA00088420DD00949086868B1D9897F2909D835
:10AEB00093F90E20064B1B689A42B8BF00207047DA
:10AEC0000020704710467047301E0020E009002027
:10AED000EC2B002008B568B10F4B98420AD303F160
:10AEE0001802904206D21822C01AB0FBF2F302FBFD
:10AEF00013034BB109490A483F230A4A07F0CAF82D
:10AF00003F21084807F0BDF80122074BC010584305
:10AF1000064B1A5408BD00BF5020002016FF020047
:10AF2000DE930200EEFE0200ABAAAAAA825800201D
:10AF300070B50D4B0D4D1E7CFFF7ACFF06EB4603C5
:10AF400005EBC3050446284600F0B0F90022084B83
:10AF50009A553CB1621E2846BDE870400549D3179A
:10AF600000F0C8B870BD00BFAC2B002050200020FE
:10AF700082580020D5AE010038B5EFF311852023AB
:10AF800083F31288BFF36F8F234800F059F868B934
:10AF90008823224A2249234807F07CF81E49224888
:10AFA00007F078F888211D4807F06BF81A4800F080
:10AFB0006BF81E4B1E4A9C681068A04213D1FFF725
:10AFC000B7FF154800F04AF800BB4FF49A73134AD4
:10AFD0001849144807F05EF80F49174807F05AF867
:10AFE0004FF49A71DFE700211B7C1160134AD35C98
:10AFF000002BE6D02046FFF74DFF0028E1D0637B11
:10B00000DB0601D1FEF7B2FF2046D8E785F31188B1
:10B01000BFF36F8F38BD00BFE42B0020BEA002003D
:10B02000EBA00200DE93020000A10200AC2B002086
:10B03000E82B002016A102002DA10200825800205A
:10B04000006838B1044B00F003001B7CC01A18BF25
:10B050000120704701207047AC2B002000230268BC
:10B060000360EFF30581074B19B19968497BC90764
:10B0700006D4197C98680843831A5842584170478F
:10B0800001207047AC2B0020024B1A7C9B681343B5
:10B0900003607047AC2B0020024B1868984208BF31
:10B0A00000207047E4090020034B1B680BB9F9F737
:10B0B0008DBC0020704700BFF02B002030B570B170
:10B0C0000B4B5B6898420AD0036843B1D3E9042173
:10B0D000D0E90445121941EB0501C3E90421D0E987
:10B0E000003213605A600023C0E9003330BD00BF56
:10B0F000E4090020B3F1FF3F08BFB2F1FF3F2DE9A3
:10B10000F84F04469B4615461F4600F0B280D0F823
:10B110000090B9F1000F0CD057497023574A584896
:10B1200006F0B8FF574806F0B5FF7021534806F007
:10B13000A8FF8160EFF31188202383F31288BFF307
:10B140006F8F5148FFF77CFF824660B988234F4AD2
:10B150004F494B4806F09EFF4B494E4806F09AFF78
:10B1600088214A48E3E74848FFF78EFFBBF1000F0C
:10B17000494A1FDBFFF798FF064601354BF1000BEC
:10B18000454A2D184BEBE073D2E90017C4E904538C
:10B190006D1843EB0707FFF77FFF0346DFF8FCE07E
:10B1A000DEF80490EBB9C4E900E9C9F80040CEF834
:10B1B000044028E06FF00103D2E900125B1A4FF05F
:10B1C000FF3161EB02025B1B62EB0B02012B72F1A0
:10B1D0000001BCBF01234A464FF0000AC4E9043213
:10B1E000D9E7D3E9041CD4E904208A4270EB0C0BA4
:10B1F0002EDA891A5A686CEB0000C3E90410C4E91E
:10B20000003214605C60FFF747FF84420ED1244B8C
:10B210001B685BB9BAF1000F02D1FFF745FF064684
:10B2200030460BF03BFC0021F9F7AAFB1648FFF76C
:10B2300015FFB0B94FF49A73144A1A49104806F032
:10B2400029FF1149184806F025FF4FF49A7188E745
:10B25000521A60EB0C009945C4E90420A3D01B6886
:10B26000A0E788F31188BFF36F8F28463946BDE801
:10B27000F88F00252F46F8E7E5000300C100030022
:10B28000DE93020009F80200F42B0020BEA00200A9
:10B29000EBA0020000A1020068200020E4090020C9
:10B2A000F02B002016A102002DA1020070B504466B
:10B2B000EFF31186202383F31288BFF36F8F2348A7
:10B2C000FFF7BEFE68B98823214A2249224806F0CA
:10B2D000E1FE1E49214806F0DDFE88211C4806F0EB
:10B2E000D0FE1A48FFF7D0FE236833B3FFF7D4FE31
:10B2F00005462046FFF7E2FE00224FF00043A5423C
:10B30000C4E9042306D1FFF7CFFE0BF0C7FB0021F1
:10B31000F9F736FB00240D48FFF7A0FE80B94FF483
:10B320009A730B4A0E490C4806F0B4FE07490D48C3
:10B3300006F0B0FE4FF49A71D0E76FF01504EAE71B
:10B3400086F31188BFF36F8F204670BDF42B002069
:10B35000BEA00200EBA00200DE93020000A10200EA
:10B3600016A102002DA102002DE9F0470446EFF3DB
:10B370001188202383F31288BFF36F8F4348FFF7B0
:10B380005FFE68B98823424A4249434806F082FE7C
:10B390003E49424806F07EFE88213D4806F071FE97
:10B3A000DFF8FC903948FFF76FFEC9F80040FFF75F
:10B3B00073FE002604460027DFF8E8A0D9F8003025
:10B3C000DAE900C0D91754B1D4E90452AB4271EBA9
:10B3D000020E1FDAED1A62EB0102C4E904520024E6
:10B3E00013EB0C0340EB01012046CAE90031C9F818
:10B3F00000400BF053FB2146F9F7C2FA2348FFF750
:10B400002DFEB0B188F31188BFF36F8FBDE8F04710
:10B41000FFF7B2BD15EB0C0340EBE570CAE9003055
:10B42000C4E904672046FFF749FE1848FFF716FEF7
:10B4300068B94FF49A73164A1B49174806F02AFE5A
:10B4400012491A4806F026FE4FF49A71A5E788F3D0
:10B450001188BFF36F8F2046A3689847EFF31188D8
:10B46000202383F31288BFF36F8F0848FFF7E8FDAE
:10B47000002887D00548FFF707FED9F800305B1B8E
:10B48000C9F80030FFF708FE044697E7F42B0020C8
:10B49000BEA00200EBA00200DE93020000A10200A9
:10B4A000F02B00206820002016A102002DA1020030
:10B4B00070B5EFF31186202383F31288BFF36F8FEB
:10B4C0001A48FFF7BDFD68B98823194A19491A4877
:10B4D00006F0E0FD1549194806F0DCFD8821144806
:10B4E00006F0CFFD1148FFF7CFFDFFF7DDFD144A51
:10B4F000D2E90045041945EBE0750C48FFF7AEFDB5
:10B5000068B94FF49A730A4A0E490B4806F0C2FD17
:10B5100006490D4806F0BEFD4FF49A71DFE786F349
:10B520001188BFF36F8F2046294670BDF42B002091
:10B53000BEA00200EBA00200DE93020000A1020008
:10B540006820002016A102002DA10200F8B50646D1
:10B55000EFF31187202383F31288BFF36F8F5948CD
:10B56000FFF76EFD68B98823574A5849584806F0D6
:10B5700091FD5449574806F08DFD8821524806F048
:10B5800080FD5048FFF780FD32689AB14D48FFF7C3
:10B5900065FD002840F090804FF49A734A4A4E4966
:10B5A0004B4806F077FD47494C4806F073FD4FF4D1
:10B5B0009A71E3E7D6E90A54691C44F100030229B1
:10B5C00073F1000334D3013D44F1FF34002CBCBFC0
:10B5D00015462C460BF07DFA013041F1000140196F
:10B5E00044EB0101012871F100015CDB0BF071FA01
:10B5F0006FF00203013041F10001401944EB0101F9
:10B6000083426FF000438B4152DB0BF062FA013052
:10B6100041F100016FF00102401944EB01034FF0CA
:10B62000FF31121A61EB030330462D49FFF762FD2B
:10B63000336B01333363336ADBB12248FFF70EFD0E
:10B640000028A9D087F31188BFF36F8F3046336A83
:10B650009847EFF31187202383F31288BFF36F8F8E
:10B660001848FFF7EDFC00283FF47DAF1548FFF7C1
:10B670000BFD304650F8184F844287D0002C85D0FF
:10B680002046FEF7F1FC00230E48E367FFF7E6FCD7
:10B69000002881D087F31188BFF36F8F2046BDE863
:10B6A000F840FEF79BBC6FF001024FF0FF33BBE7A1
:10B6B00000224FF00043B7E787F31188BFF36F8F85
:10B6C000F8BD00BFF82B0020BEA00200EBA00200D6
:10B6D000DE93020000A1020016A102002DA10200CB
:10B6E0004DB501002DE9F843064614461D46914626
:10B6F0009846EFF31187202383F31288BFF36F8FEF
:10B700002748FFF79DFC68B98823264A2649274821
:10B7100006F0C0FC2249264806F0BCFC88212148DE
:10B7200006F0AFFC1E48FFF7AFFCB5F1FF3F08BFC6
:10B73000B4F1FF3F11D11A48FFF790FC50BB4FF412
:10B740009A73184A1B49194806F0A4FC14491A4870
:10B7500006F0A0FC4FF49A71E1E7002D0ADB012C02
:10B7600075F100032246BCBF0122002512F1FF390A
:10B7700045F1FF383046FFF799FDDDE90823C6E9BA
:10B780000A2300234A463363304643460B49FFF7FA
:10B79000B1FCD0E787F31188BFF36F8FBDE8F88362
:10B7A000F82B0020BEA00200EBA00200DE930200F6
:10B7B00000A1020016A102002DA102004DB501005A
:10B7C000F8B505460E46EFF31187202383F3128860
:10B7D000BFF36F8F1F48FFF733FC68B988231E4AF9
:10B7E0001E491F4806F056FC1A491E4806F052FC36
:10B7F0008821194806F045FC1648FFF745FC2C68DF
:10B80000A5421CD0D4E9003213605A6000233146AF
:10B810002046C4E900330BF0CCF90E48FFF71EFCBC
:10B8200078B94FF49A730C4A0F490D4806F032FC70
:10B8300008490E4806F02EFC4FF49A71D9E700240F
:10B84000EBE787F31188BFF36F8F201E18BF01202D
:10B85000F8BD00BFFC2B0020BEA00200EBA0020040
:10B86000DE93020000A1020016A102002DA1020039
:10B8700070B504460D46EFF31186202383F312883A
:10B88000BFF36F8F2148FFF7DBFB68B98823204A9D
:10B890002049214806F0FEFB1C49204806F0FAFB2F
:10B8A00088211B4806F0EDFB1848FFF7EDFB01214E
:10B8B0002068E5608442A16011D11448FFF7CEFBF7
:10B8C000E8B94FF49A73124A1549134806F0E2FB9F
:10B8D0000E49144806F0DEFB4FF49A71E1E7D0E917
:10B8E000003213605A600023C0E900330BF061F9A5
:10B8F000314604460548FEF713FE204670BD86F328
:10B900001188BFF36F8F0024F7E700BFFC2B0020E6
:10B91000BEA00200EBA00200DE93020000A1020024
:10B9200016A102002DA102002DE9F84F4F1E0F4273
:10B9300006460D469A460BD02F4917232F4A30480A
:10B9400006F0A8FB2F4806F0A5FB17212B481CE0AA
:10B95000141D4DD241F0040B00F11408EFF31189CE
:10B96000202383F31288BFF36F8F4046FFF768FBF5
:10B9700068B98823244A2549214806F08BFB4146B3
:10B98000234806F087FB88211F4806F07AFB4046D3
:10B99000FFF77AFB224659463046D04704464046D8
:10B9A000FFF75CFB68B94FF49A73174A19491448BA
:10B9B00006F070FB4146184806F06CFB4FF49A7194
:10B9C000E2E789F31188BFF36F8F8CB144F8046B01
:10B9D0007DB13C420DD03423084A1049084806F096
:10B9E00059FB21462A460E4806F054FB3421ADE7A8
:10B9F00000242046BDE8F88FCF9D020048020300D6
:10BA0000DE930200EA9D0200BEA00200EBA002004D
:10BA100000A1020016A102002DA102006C02030089
:10BA20009E0203002DE9F04105460E4617460AF036
:10BA3000D9FF28B9074B9B681C6F14B9BDE8F0818A
:10BA4000054C3B46324629462046BDE8F041FFF70B
:10BA50006BBF00BFAC2B00204C0B00200246002126
:10BA6000014B0248FFF760BFB31F02004C0B0020E0
:10BA7000014B0367704700BF4C0B00200146024A90
:10BA80000020FFF7CFBF00BFB31F020001680E4ABE
:10BA90000346914215D1C169A2F11022A2F1EF1221
:10BAA00091420ED18268012A0BD8C26812B1016995
:10BAB0008A4206D0586928B19B691B1A58425841DE
:10BAC00070470120704700BF55AA00FF70B50D4BAD
:10BAD0009E68A6B13046FFF7D9FF044678B9F368EF
:10BAE0006BB935690DB9204670BD2846FFF7CEFF0A
:10BAF00028B9EB68B34202D12E462D69F2E7012442
:10BB0000F1E700BF002C00202DE9F041444B454CEB
:10BB100005461B6820468846984718B100242046F1
:10BB2000BDE8F081A4F1140754F8144CFB68DCB1B3
:10BB3000BC68CCB1002D66D0B8F1000F65D008FB11
:10BB400005F6B6FBF5F5A84561D1311D5FD8B20702
:10BB500011D026F0030204321C4603E061689142D2
:10BB600057D2A469002CF9D12F4B2E481B68984757
:10BB70000028D4D0D2E73246EEE7891A232904F10F
:10BB800020051CD80123A360D4E90523AAB1936141
:10BB9000A3690BB162695A610023C4E905333B69AB
:10BBA000DB0703D5FFF792FF002835D1324600218D
:10BBB00028462C460BF0EFFED6E7FB60E8E702F1E3
:10BBC000200C04EB0C032039C3E90110DC6021696F
:10BBD0001648196144F80C00A0F11020A0F1EF10F4
:10BBE000D86101B1CB6061695961A069986141B1C7
:10BBF0008B61996901B14B6101212361C4E9012184
:10BC0000CAE7FB60F5E72C46AEE74446ACE70446DE
:10BC1000AAE7A0680028B0D0012004F051FB00BFC3
:10BC2000FC090020142C0020F809002055AA00FF70
:10BC300070B5464B464C05461B6820469847002881
:10BC400040F08280002D43D054F8143CA4F1140637
:10BC5000002B3DD0B268002A3AD09D4203D37268CF
:10BC600013449D4202D3012004F02AFBA5F12004D5
:10BC70002046FFF70BFF0028F5D155F8183C012BA3
:10BC8000F1D155F8143C45F8180C3BB39A682ABB1F
:10BC900055F81C2C02F120015A680A445A6055E9F3
:10BCA00005321A6155F8145C2B6903B1DD6020225E
:10BCB000002120460BF06FFE286910B18368002B2D
:10BCC0002ED033699B0703D5FFF700FF0028CAD1A8
:10BCD000BDE870401F4B1E481B68184755F8100CF4
:10BCE00000282AD0836843BB42686368134420332A
:10BCF000636003692361D4E905239AB9CBB9436929
:10BD000063618269A261B3B19C61A36903B15C61A3
:10BD1000236903B1DC60202200210BF03CFED0E758
:10BD20002C46E1E79361A369002BE8D062695A6170
:10BD3000E5E7F360F7E7F460E7E7F36845F8083C08
:10BD400003B15C61F460BCE770BD00BFFC0900207A
:10BD5000142C0020F809002038B50C461C220021C4
:10BD6000054615480BF017FE144B15481B689847FD
:10BD70001449154800F038F8232C1CD915F003039A
:10BD80001FBF043CE418C3F10403ED182246002150
:10BD900028460BF000FE084B0C49C3E90054203C38
:10BDA0009D606C609A6811609A68A1F11021A1F100
:10BDB000EF11D161DA6038BD002C0020000A0020AC
:10BDC000142C002031BC010009BB010055AA00FF62
:10BDD000014B1B68184700BFF0090020014B1B688E
:10BDE000184700BFEC090020024B1860024B0020EE
:10BDF00019607047F0090020EC09002010B50A46D0
:10BE0000044619B1024B00211B68984710BD00BFC2
:10BE1000F4090020F8B50D4E0D4C0E4D33680E4858
:10BE2000984767782B680C48984733680B489847C1
:10BE3000022F08D12478E31F5C425C412B6807483D
:10BE400098472046F8BD0024F8E700BFFC09002011
:10BE50001C2C0020F8090020F0060020F806002025
:10BE60000E4B0340B3F1607F06D1B1F5885F14BF7C
:10BE70006FF0860000207047B3F1707F0BD101F4A2
:10BE8000E043B3F5005F06D111F4E06F0CBF6FF033
:10BE90008600002070476FF0860070470000C07F6A
:10BEA0008A42F8B506460D4600F0188101F0FE41C1
:10BEB000B1F1C06F6BD18D4C22F4875121F01F017D
:10BEC000A14222F0FF0015D0894988422CD022F4EB
:10BED000FF7121F00101B1F1062F2CD004F5C064EF
:10BEE000A04207D004F57454A14203D0A4F58444C1
:10BEF000A1421DD1D1B221BB8BB122F4FF7323F03B
:10BF00000103B3F1062F06D07A4922F4FF6323F030
:10BF100007038B4203D122F4807225F48075954289
:10BF200014BF00200120F8BDD1B251B9824208D01F
:10BF3000002BE9D1F3E7D1B219B9B2F1062F40F0E5
:10BF4000D1806B4E25F4FF7121F00101B14225F043
:10BF5000FF0411D006F58856B4420DD0664F25F483
:10BF60007F7626F00306BE4206D0644EB44203D06C
:10BF700006F57456B142BFD115F0FF01BCD0604E3A
:10BF800041F00071B14204BF02462546B4E7B1F169
:10BF9000A06F17D102F0FE43B3F1A06F40F08C8088
:10BFA00082EA050333F47E1340F086802E0440F1CC
:10BFB0008380C5F30540C2F3054290428CBF002048
:10BFC0000120B0E74F4B9D4209D1A3F500439A42AF
:10BFD00000F084804C4B22F47E109842A0E7B1F12F
:10BFE000407F69D102F0FE43B3F1407F64D182EA21
:10BFF000050030F47E145FD131462846FFF730FF4C
:10C0000000286DD1414B12F47C1103EA020318D0D1
:10C01000B3F1607FC2F305413DD13D48D3B243F057
:10C02000007383423DD003F17E43043B112B01D8C2
:10C030003848C45C15F47C1FC5F3054333D18C42EA
:10C040006EE7B3F1607F0DD13148D3B243F0007396
:10C0500083421ED003F17E43043B112BDDD82E49D1
:10C06000C95CDAE7B3F1707F19D106F4E043B3F5A8
:10C07000005F03D10121C6F30223994006F4E04397
:10C08000B3F5005FD6D10120C6F3022600FA06F40C
:10C09000D0E71021C1E7B3F1707FCBD1EEE70024E8
:10C0A000C8E71024C6E712F47C1F01D1A34215D0C3
:10C0B0002C0401D58B4281E725F0004323F47F0354
:10C0C000B3F1106F0CD102F0FE43B3F1106F07D142
:10C0D0001248104040F01060A84221E7012022E7FA
:10C0E000002020E7002B7FF416AF18E700030006BE
:10C0F00000020006004000060004000600090006D9
:10C10000FF0000020093C004000140050000C07F52
:10C1100003000002C6020300C60203000000FFF68F
:10C120002DE9F047884692461C4600F0C7FC0646BB
:10C1300000283CD1D8F80070B7F8009009F4E0432B
:10C14000B3F5804FBB6808BF2AF0010A3AEA03033F
:10C1500025D164B3BAF5006F2CD0AAF50052D2F104
:10C16000000A4AEB020A2A4B24F0FF029A4224D129
:10C1700014F0FF0504D0274B45F000759D423BD0DD
:10C18000534622464846F968FFF78AFE054670B9CD
:10C190005346224648463969FFF782FEA8BB6FF036
:10C1A000840600233846C8F8003000F0BBFC304657
:10C1B000BDE8F0874FF0010AD5E7174B9A42D7D078
:10C1C000A3F588539A42D3D024F4FF7323F00103DC
:10C1D000B3F1062FCCD011498A42C9D0104A9342FC
:10C1E000C6D0A2F584429342C2D004F0FE43B3F11C
:10C1F000407F04D12304C3D56FF08606D1E7B3F1A5
:10C20000A06FF7D0034B9C42B9E72E46CFE700BFA3
:10C2100000030006FF0000020013000600090006EC
:10C220000046000670B5114B05461B6810480E46C7
:10C230009847044618B16FF08F04204670BD6B69B3
:10C2400033602B7F012B04BF02232B77094B18BFD0
:10C2500030601B68064818BF6FF0960498470028A6
:10C26000EBD0002CE7D06FF09604E6E7FC09002045
:10C2700000070020F809002038B500F0FE43B3F1B4
:10C28000407F04460D4602D06FF0860038BDFFF7B0
:10C29000E7FD0028FAD114F47C1F12D0C4F3054343
:10C2A000032B137022D9284A2240B2F1607F3DD17E
:10C2B000264AE4B244F0007494422BD1102BE5D905
:10C2C000E2E7214B2340B3F1607F15D11F49E3B270
:10C2D00043F000738B4202D110231370D6E703F1B1
:10C2E0007E43043B112B04D9002313706FF08500AB
:10C2F000CCE71749CB5CD3E7B3F1707FF4D101F4FD
:10C30000E043B3F5005FEFD10123C1F302218B407D
:10C31000DBB2C5E704F17E44043C112CB4D80D4ACD
:10C32000125D9342B0D8142BB0D9DFE7B2F1707F21
:10C33000AAD105F4E042B2F5005FA5D10122C5F310
:10C340000225AA40EDE700BF0000C07F0300000205
:10C35000C6020300C602030000232DE9F341136067
:10C360004768D0F8148004460E46384611460AF055
:10C37000EAFF054688B938460AF0E7FF054660B986
:10C38000FFB277B9B8F1000F05D1A36823F003130A
:10C3900023F47F4363B16FF08605284602B0BDE801
:10C3A000F081012160690AF0A8FF0028EDD1F2E7D1
:10C3B0004FF6F87362889A4227D8154B15481B68C8
:10C3C0002779984710B16FF08F05E6E707B901A804
:10C3D000314600F02BFB104B05461B680D48984773
:10C3E00010B1002DD9D1EEE7002DD6D10FCCD6F863
:10C3F00000C066460FC694E8070086E80700002FD5
:10C40000CBD1019BCCF81430C7E76FF08505C4E7AA
:10C41000FC09002000070020F809002010B50446A0
:10C4200060B1074B07481B68984720460AF038FD63
:10C43000BDE81040044B03481B68184710BD00BFFF
:10C44000FC09002000070020F809002037B5044649
:10C45000C0B101A900F032FB044698B9194B1A4843
:10C460001B689847194DF0B90198037F032B11D130
:10C470000AF054FF2B6804461348984728B10CB9BA
:10C480006FF08F04204603B030BD002C08BF6FF062
:10C490008704F7E7022B12D1032303770379FF2BDD
:10C4A00008BF6FF0840401980AF038FF2B68002859
:10C4B00018BF0446044898470028E3D0DFE76FF030
:10C4C0009604F0E7FC09002000070020F80900208E
:10C4D0002DE9F04116461F46002288B00388054624
:10C4E0008846CDE9042207963A60002E62D0B6F164
:10C4F000005F80F09E8023F0FF03B3F5E24F02D08F
:10C50000B3F5824F22D128460AF0ABFB044600283F
:10C5100040F08380EB686BB16A885AB12B8803F4D2
:10C520004F41B1F5824F05D1DBB2222B37D02DD848
:10C53000122B39D04246002308EB060112F8010BFA
:10C54000914243EA0003F9D1002B33D0284605AAD3
:10C5500004A9FFF701FF0446A0B9049B9B6A63B3DB
:10C56000049B41465A882846069206AA029203F185
:10C57000280201929A6A00925B6A32460AF017FF1B
:10C58000044678B30498FFF749FF46E0273BDBB247
:10C590001B2BCFD8284921FA03F3DB07CAD5073272
:10C5A000B6EBD20FC6D205E040F209239A42F6D18B
:10C5B000402EBFD86FF086042FE06B681B0A07D1AE
:10C5C000079904980AF02CFC04460028C8D0D9E743
:10C5D00032464146284607AB0AF0C1FE0446002811
:10C5E000EED0CFE70499069B4A88D2B94B804FF62C
:10C5F000F873069A04989A4218D82B8813B10288C7
:10C600009A4210D16B8813B142889A420BD13946B5
:10C61000FFF708FE04460028B4D1204608B0BDE864
:10C62000F0819A42E3D06FF08604ABE76FF08504A7
:10C63000A8E76FF08504F0E70102000C38B5044666
:10C640000D46FFF7E7FB30B12A462146BDE83840EA
:10C6500002480AF069BF6FF0880038BD202C002026
:10C660002DE9F04F9B460023924601F0FE428FB029
:10C67000B2F1806F0E46DDE91878DDF86890099315
:10C6800006D0184600F04EFA6FF08605002479E0D7
:10C690000B464FF4807209A9FFF742FD0546099841
:10C6A00015B100F03FFAF1E7038803F4E042B2F578
:10C6B000005F1DD113F4E06FC3F3022118D0364C94
:10C6C00026F48072A2420AD004F50074A64206D075
:10C6D000324CA64203D0A4F53F44A24208D1012423
:10C6E0008C40102C0CD900F01DFA6FF08305CDE7BB
:10C6F00042F2040293420AD1294B9E420ED10C24ED
:10C70000A04510D200F00EFA6FF08905BEE742F2A4
:10C710000702934202D1224B9E42E4D0214B9E421B
:10C7200009D10D24ECE721460AA8FFF787FF05464B
:10C7300010B10998B5E700240998D0E909123FB370
:10C740003D19A8EB04030DF12808CDE90453CDE908
:10C7500002AB3346CDF818900194CDF800800AF072
:10C760007CFE0646099800F0DDF9054696B90028DA
:10C770008CD124B12246414638460BF0E5F8D9F871
:10C7800000301C442846C9F800400FB0BDE8F08FC7
:10C790003D46D6E7354679E70010C00400FF400467
:10C7A000000180040013C00470B51D4E1D4C336899
:10C7B0001D4898472378590744BF23F0040323708A
:10C7C00023789A0705D500F017F9237823F00203A0
:10C7D0002370164D14482B689847336814489847BF
:10C7E000637813B113480AF0B0FE00230421114806
:10C7F0006370FFF703FB2B680D48984733680A48BE
:10C8000098472378DB0705D50AF0A8FD237823F0A5
:10C81000010323702B680448BDE87040184700BF2F
:10C82000FC0900201C2C0020F8060020F80900203C
:10C83000F0060020202C00202DE9F041FFF7EAFA55
:10C8400018B100242046BDE8F081364F36483B68D9
:10C850009847044620B16FF08F04FFF7A5FFF1E77A
:10C86000324D2B78D80706D40AF076FD04462B7893
:10C8700043F001032B702E4E2B483368984710B1BC
:10C88000002CE8D0E9E7002CE7D13B682648984720
:10C8900004460028DFD12B78990706D400F0A4F8CD
:10C8A00004462B7843F002032B7033681E489847E8
:10C8B0000028E5D1002CD0D13B681B4898470028C0
:10C8C000C9D13368184895F8008098470028C2D12C
:10C8D0003B681848984704460028BCD16B7843B998
:10C8E00018F0010F05D014480AF01CFE022304467C
:10C8F0006B7033680F4898470028C1D1002CACD129
:10C900003B68094898470028A5D12B7806485A0764
:10C910005CBF43F004032B7033689847002890D025
:10C9200099E700BFFC090020F80600201C2C00201D
:10C93000F8090020F0060020202C002038B5074C14
:10C94000074B20461B689847064B204693F88055B6
:10C95000054B1B689847284638BD00BFF8060020E5
:10C96000FC090020242C0020F809002000F140429E
:10C970001F2A38B504460D460CD82C21194B01FB53
:10C9800002331A7F022A02D15A69824218D06FF00C
:10C990008B001FE001210AF0B0FCE0B1114A002039
:10C9A0001346117F022902D15169A14205D00130FD
:10C9B000202802F12C02F4D1E9E72C2202FB0033FB
:10C9C0001A7F022A0AD11A6A511C07D000200132AC
:10C9D0001A622B6038BD6FF08700FBE76FF096009E
:10C9E000F8E700BF242C00200122024B002083F82E
:10C9F00080257047242C00202DE9F0410A4C0025A9
:10CA000026464FF0010803272046C4F820802777E8
:10CA100001350AF045FA202D04F12C04F4D100234D
:10CA200086F88035BDE8F081242C0020F8B5064654
:10CA30000F46FFF783FF002835D000241D4B224608
:10CA40001D46197FF9B13CB9022905D1196A19B9F6
:10CA50001979002918BF1C460132202A03F12C0342
:10CA6000EFD114B96FF08C000BE0237F022B04D1BF
:10CA7000236A5A1C1CBF0133236220460AF010FAB5
:10CA800010B100240DE01C46237F7BB901232377DE
:10CA900036B1094B651BAD105D4305F1804535602E
:10CAA00000203C60F8BD6FF08800EAE76FF0960068
:10CAB000E7E700BF242C0020A38B2EBA002370B51B
:10CAC0000B6004460D46FFF739FF08B3124B1348BD
:10CAD0001B689847064618B16FF08F04204670BD5A
:10CAE00020462946FFF742FF10F18C0F04460C4BFD
:10CAF00007D01B68094898470028EFD0002CEDD1DB
:10CB0000EAE72E601B68054898476FF08704E5E761
:10CB10006FF08804E2E700BFFC0900200007002056
:10CB2000F809002010B50B4B04461B680A489847CB
:10CB300018B16FF08F04204610BD20460AF0EEFBBE
:10CB4000064B04461B68044898470028F3D0002C85
:10CB5000F1D1EEE7FC09002000070020F8090020D1
:10CB600070B40A4EDCB2456844F00074B4424FEA37
:10CB7000152503D035B970BC00F0A4B86FF085005E
:10CB800070BC70476FF08600FAE700BF0500000236
:10CB9000F7B5089E0D4FF5B2044645F0007548689C
:10CBA000BD424FEA10200AD060B9009604F1080097
:10CBB00000F054F808B91C23236003B0F0BD6FF0F7
:10CBC0008500FAE76FF08600F7E700BF0500000276
:10CBD000F7B5089E0D4FF5B2044645F0007548685C
:10CBE000BD424FEA10200AD060B9009604F1080057
:10CBF0000AF0A9FD08B91C23236003B0F0BD6FF053
:10CC00008500FAE76FF08600F7E700BF0500000235
:10CC10007FB50024C0F848410F4C054600940AF047
:10CC200027FC044698B9102203AB05F59C760193C6
:10CC300028463346009205F594710AF02CFC044610
:10CC400028B930460AF0ADFC204604B070BD284635
:10CC50000AF02DFCF8E700BF004440042DE9F04144
:10CC60001E46069B1746154A23F47E13934204463C
:10CC70000D461BD10B88B3F5105F17D1A6F110023A
:10CC8000102A17D80E4BD340DB0713D54FF4A672EA
:10CC900000210AF080FE022384F84C313A463346E4
:10CCA00029462046BDE8F041FFF7B2BF6FF085008E
:10CCB000BDE8F0816FF08600FAE700BF0002C00314
:10CCC000010101002DE9F04323F47E16124BDDF83B
:10CCD0002C909E42DDE9077CDDE909E815D1038847
:10CCE000B3F5105F11D1A2F11004102C11D80B4D27
:10CCF00025FA04F4E3070CD53B46CDE90989CDE9D3
:10CD000007CEBDE8F0430AF0F5BC6FF08500BDE842
:10CD1000F0836FF08600FAE70002C0030101010012
:10CD200073B50C4611461A4623880546B3F5105FC5
:10CD3000069E19D1A2F11004102C12D80C4BE3401E
:10CD4000DB070ED50B4B9E420ED1002423460094E8
:10CD500000F0A4F8204685F81C41C5F8186102B01F
:10CD600070BD6FF08600FAE76FF08500F7E700BF4F
:10CD700001010100004440042DE9F04116461F4620
:10CD8000D0F818210E4B05469A42884611D13146FB
:10CD900000F0A4F8069B044698420DD83346284676
:10CDA0004246394600F0A8F80020079B1C60BDE809
:10CDB000F0816FF08500FAE76FF08900F7E700BFB8
:10CDC0000044400470B50088C8B0B0F5105F4D9EB7
:10CDD0004F9D22D1A2F11000102821D8134C24FA23
:10CDE00000F0C0071CD51248834216D105F00F0091
:10CDF000064315D1519B9D4215D8529B03A81D6037
:10CE00003346009600F04AF803A82B464E9A5099F4
:10CE100000F072F8304648B070BD6FF08500FAE758
:10CE20006FF08600F7E76FF08900F4E70101010079
:10CE30000044400470B5184E049CB342458802D0AB
:10CE40006FF0850070BDEE1DB2EBD60F4FEAD60332
:10CE500002D06FF08600F5E7079A934218D8089A37
:10CE6000136047F2121200889042E9D1059A5B00E4
:10CE700001339342EDD12378042BEAD1B5F5807FBD
:10CE8000DED10698621C00F067F90028DAD0E0E7EE
:10CE90006FF08900D6E700BF00000209F8B5069FD1
:10CEA00004461D4661B11646AFB9E3F755FB0023B2
:10CEB00084F8116184F8127184F8103184F8133108
:10CEC00045B11022294604F1F0000AF03DFD01238E
:10CED00084F81331F8BDE3F7D3FCE8E751B190F8DB
:10CEE000103190F812210B4402F001029B1A23F03A
:10CEF0000F007047084670472DE9F04F1E4690F826
:10CF0000123187B090F810910093002E52D09246C3
:10CF100003F00108C9F1100208EB0203B342044612
:10CF200000F5807700F2C3800D46002A40F0B28001
:10CF3000009B002B69D194F8133104F1F009C84625
:10CF4000002B40F0C08022463946484694F8113103
:10CF5000E3F7AEF90F2E40F2CD80D046A6F11003D4
:10CF600023F00F031033019305EB030B94F81331F7
:10CF70001BB3102341464A4638469844E3F7B2FEB5
:10CF80001022494628460AF0DFFC10352246394671
:10CF9000484694F81131E3F78BF95D45E6D116F078
:10CFA0000F0623D184F81061C84610224146584626
:10CFB0000AF0CAFC07B0BDE8F08F4146102238469F
:10CFC0000AF0C2FC1022494628460AF0BDFC103582
:10CFD00022463946484694F81131E3F769F9AB45E2
:10CFE00008F11008C2D116F00F06DBD0019B9A445D
:10CFF0005146384632460AF0A7FC009B84F810617F
:10D00000002B7DD00DF10808CFE794F811312246AE
:10D01000394602A8E3F7E2FA94F81331002B5BD10A
:10D02000B8F1000F0CBF4FF010094FF011094E4539
:10D0300029D304F1F00801E04E4524D310225146D3
:10D04000384692440AF080FC1022284602A90AF0D1
:10D050007BFC94F811312246394602A8E3F7BEFA68
:10D0600094F81331103E1035002BE5D002A9084684
:10D0700042461023E3F736FE1022394640460AF0B6
:10D0800063FC4E45DAD22EBBAB460DF1080884F89E
:10D0900010618AE7514607EB090092440AF054FCFC
:10D0A000009B103E4E44002B3FF445AFADE707EB2D
:10D0B0000900514632460AF047FCB14484F8109109
:10D0C00007B0BDE8F08F10234A4639463846E3F7EB
:10D0D00009FE38E7AB468BE702A904F1F0094A469E
:10D0E00008461023E3F7FEFD4846102239460AF0B1
:10D0F0002BFC95E7002EEDD1AB4684F8106154E788
:10D1000004F1F00950E700BF00B589B00146684658
:10D1100000F03EF809B05DF804FB00BF00B591B027
:10D120000146684600F06CF911B05DF804FB00BFE1
:10D1300030B599B00546684600F02AF869460446BD
:10D1400008A800F055FA034608A928461C4300F039
:10D150008BF9204619B030BD70B598B005466846C9
:10D16000164600F015F83146044608A800F048F9C4
:10D17000034608A96A4608461C4300F083F90346A3
:10D1800008A928461C4300F06DF9204618B070BD70
:10D1900038B50B68124D1BBAC3614B682A461BBADF
:10D1A00083618B6804461BBA4361CB681BBA036179
:10D1B0000B691BBAC3604B691BBA83608B691BBACE
:10D1C0004360CB6901461BBA0360E3F77BFB034670
:10D1D00020461C4629461A46E3F794FB601E38BDDC
:10D1E000089002002DE9F04106460C46904688B0B2
:10D1F000684602F1200106F12007E3F75DFE6A466A
:10D2000069466846E3F77AFD69463846E3F754FE17
:10D210003A463946384604F12005E3F76FFD6A4681
:10D2200069466846E3F76AFD41462846E3F744FE4F
:10D230006A4641463046E3F727FE2A4629466846B5
:10D24000E3F75CFD2A4669466846E3F757FD694601
:10D250006846114AE3F752FD69462046E3F72CFE83
:10D26000324621462046E3F787FD324621462046D6
:10D27000E3F782FD224631462846E3F77DFD6A4604
:10D2800029462846E3F700FE3A4629462846E3F7B2
:10D2900073FD08B0BDE8F081E8900200F0B50446E7
:10D2A0000D4699B02A4668462146E3F765FD694672
:10D2B0006846E3F701FE6A46214608A805F1200604
:10D2C00004F12007E3F7E0FD6A4629466846E3F7E4
:10D2D000DBFD3246394610A8E3F710FD32463946E9
:10D2E0003046E3F749FD31462846E3F7E5FD6A4657
:10D2F000204608A9E3F702FD224629462846E3F71F
:10D300003BFD6A46684608A9E3F736FD6A4639469A
:10D310003846E3F7B9FD2A46684608A9E3F72CFD2D
:10D320006A4631463046E3F7AFFD3A46314630466D
:10D33000E3F722FD684610A9E3F7BEFD22466946E1
:10D340002046E3F719FD08A922460846E3F714FD35
:10D3500010A9084608AAE3F797FD3A46384610A9EF
:10D36000E3F70AFD19B0F0BD2DE9F04105460C4682
:10D37000904688B00A4668462946E3F7FDFC6946B0
:10D380006846E3F799FD6A462946284604F12006D7
:10D39000E3F77AFD05F120076A4621466846E3F780
:10D3A00073FD324639463046E3F7E6FC3146204607
:10D3B000E3F782FD2A4621462046E3F7DDFC6A4674
:10D3C00021462046E3F7D8FC6A4629464046E3F763
:10D3D000D3FC424639463846E3F756FD22462946F5
:10D3E0006846E3F7C9FC6A4631463046E3F74CFD30
:10D3F0003A4631463046E3F7BFFC08B0BDE8F0815D
:10D4000070B504460D4690B004F1200600F014F902
:10D41000304605F1200100F00FF9214608A8E3F796
:10D420004BFD08A908460D4AE3F768FC08A9224607
:10D430000846E3F729FD08A90846094AE3F75EFC18
:10D4400031466846E3F738FD202269460DEB0200BD
:10D45000E3F726FC013810B070BD00BFE890020071
:10D46000C890020000F002B938B505460C4600F03D
:10D47000FDF805F1200004F12001BDE8384000F07E
:10D48000F5B800BF13462DE9F047B8B08946544AB5
:10D490001946804610A8E3F715FA5249024610A82B
:10D4A000E3F730FA0746179E4D4907EAD676C6F1EC
:10D4B000010210A8E3F726FA179C4A46E44328A97C
:10D4C00018A8FFF78FFEE40F20A90846C4F1010257
:10D4D0004FF0FE0AC7F1010700F090F825466A46B2
:10D4E00018A928A8FFF740FF4FEA6A1338AA02EBF1
:10D4F000830353F8A04C0AF01F03DC4004F001043E
:10D5000065402A4628A918A8E3F758FA2A4630A900
:10D5100020A8E3F753FA0AF1FF3A28A918A8FFF761
:10D52000BDFEBAF1FF3FD9D1C4F1010220A908A87C
:10D5300000F064F866406A4618A928A8FFF714FFAF
:10D54000324628A918A8E3F739FA324630A920A8AC
:10D55000E3F734FA08A96A460846E3F795FC08A9F8
:10D56000084600F09DF808A908F12004084609F1D2
:10D570002002E3F789FC204620A908AAE3F784FCEF
:10D5800008AA684618A9E3F77FFC69466846E3F7EE
:10D5900093FC18AA694608A8E3F776FC214668467A
:10D5A000E3F78AFC08AA69461046E3F7E5FB6846FC
:10D5B0000D4A08A9E3F7E0FB20462021E3F784FBAE
:10D5C000024608A9684654423C43E3F7F7F940464F
:10D5D0006946064AE3F758FC204638B0BDE8F087B4
:10D5E0004890020068900200C89002002890020053
:10D5F0000A460149FFF746BF8890020070B588B01F
:10D6000004460D4616460021202268460AF0C3F95A
:10D61000002329462022204600930AF095F92A4645
:10D6200069466846E3F7A8FB324669462046E3F7B9
:10D63000C5F908B070BD00BF0B681BBAC3614B6869
:10D640001BBA83618B681BBA4361CB681BBA036149
:10D650000B691BBAC3604B691BBA83608B691BBA29
:10D660004360CB691BBA0360704700BFCB691BBA2C
:10D6700003608B691BBA43604B691BBA83600B69FB
:10D680001BBAC360CB681BBA03618B681BBA4361CA
:10D690004B681BBA83610B681BBAC361704700BF3C
:10D6A00070B50D46052498B0064610A8E3F704FCB3
:10D6B0002A46684610A9E3F7E7FB694610A8E3F796
:10D6C000FBFB10A90846E3F7F7FB6A4610A908A878
:10D6D000E3F7DAFB08A910A8E3F7EEFB10A9084668
:10D6E000E3F7EAFB10A90846E3F7E6FB10A90846B2
:10D6F000E3F7E2FB10A908AA0846E3F7C5FB10A967
:10D700000846E3F7D9FB10A90846E3F7D5FB10A9B3
:10D710006A4608A8E3F7B8FB08A910A8E3F7CCFB12
:10D7200010A90846E3F7C8FB013C10A9F5D108464B
:10D7300008AAE3F7A9FB052410A90846E3F7BCFBF8
:10D7400010A90846E3F7B8FB013CF5D110A908AAD7
:10D750000846E3F799FB10A908A8E3F7ADFB08A971
:10D760000846E3F7A9FB08A96A466846E3F78CFB7D
:10D770001024694610A8E3F79FFB10A90846E3F7B9
:10D780009BFB013C10A9F5D12A460846E3F77CFB38
:10D79000402410A90846E3F78FFB10A90846E3F7D9
:10D7A0008BFB013CF5D110A96A460846E3F76CFBF8
:10D7B000102410A90846E3F77FFB10A90846E3F7F9
:10D7C0007BFB013CF5D110A96A460846E3F75CFBF8
:10D7D000102410A90846E3F76FFB10A90846E3F7E9
:10D7E0006BFB013CF5D110A9084608AAE3F74CFBF6
:10D7F0002A46304610A9E3F747FB18B070BD00BFBA
:10D80000014B1B68184700BF200A0020014B9B6892
:10D81000184700BF200A0020014BDB68184700BFF3
:10D82000200A002010B50C4C236813B10B4B1B6869
:10D830002BB900F05FFE30B90122084B1A600123BA
:10D840002360002010BD0138072801D9044810BD0D
:10D85000044B53F8200010BDAC310020A83100204B
:10D86000FE8FFFFF08910200BFF34F8F0549064B63
:10D87000CA6802F4E0621343CB60BFF34F8F00BF6E
:10D88000FDE700BF00ED00E00400FA0530B44FF002
:10D89000FE3200250B4B0C4C0C494968C3F80024A0
:10D8A000C3F80424C3F80824C3F80C24C3F81024D4
:10D8B000C3F81424C3F81824C3F81C24C4F8005572
:10D8C00030BC08470050845000408450040A0020B7
:10D8D000024BD0E90012C3E900127047040A00208D
:10D8E000144B2DE9F043002814BF04461C46124F88
:10D8F000236883B0BB4219D016460D4620464FF42C
:10D90000E07104F1040900F0EDF804F58E78484662
:10D9100000F0D0FC404600F0F3FA2B464A46404661
:10D920000649009600F002FB08B92760002003B00A
:10D93000BDE8F083B0310020A5BCC95A39E301002D
:10D9400070B50D4C1D46002814BF064626460B4BED
:10D95000306882B098420DD106F58E7000263346AD
:10D960000096144600F032FB002818BF34462C60A5
:10D9700002B070BD0248FBE7B0310020A5BCC95A17
:10D98000E88FFFFF10B5044650B1636813F0685F7D
:10D9900005D0064A934202D000236260236010BD86
:10D9A000034B04485B689847EFE700BF2C5F5CA916
:10D9B000040A002028910200C8B143680D4A93422E
:10D9C00013D013F0685F0ED0012350E8002F1946E2
:10D9D00040E8001C9CF0000FF7D1012AF5D0BFF3FE
:10D9E0005F8F0020704704487047044870476FF409
:10D9F000E04070472C5F5CA9E98FFFFFEA8FFFFFD3
:10DA0000034680B1426809498A420AD012F0685F31
:10DA100005D0BFF35F8F002210461A60704704489C
:10DA20007047044870476FF4E04070472C5F5CA972
:10DA3000E98FFFFFEA8FFFFF10B5044620B10023F6
:10DA4000034A2360626010BD0248FFF71FFFF6E73C
:10DA50003A00003A5091020070B5194CD0F804C059
:10DA60000668C4F804C0D0F808C0C068C4F808C08C
:10DA7000E06026600868134B134D18604868D5F8BD
:10DA800018215860886812F0685F9860C868096952
:10DA9000D860196112D000230C4A05F58A70C5F8C8
:10DAA0001431C5F8B831C5F81821C5F8BC21B04704
:10DAB000236805F5DC70BDE87040184770BD00BFF5
:10DAC000200A00200C0A0020B03100202C5F5CA945
:10DAD00038B131B1002201440346013081421A704D
:10DAE000FAD1704738B131B1002201440346013008
:10DAF00088421A70FAD170472DE9F04FB2F5C07F15
:10DB0000BDB000F2DA800C46DFF8B4911546002172
:10DB10004FF4D07282460DF17C08484609F03BFF75
:10DB2000404601F047F930232146002409F1180648
:10DB30002A4689F8173030466BBAA9F81230A9F88E
:10DB4000104009F001FF8022234672550DF12B0190
:10DB500001F8013F0133202BFAD14FF48072404687
:10DB60000BA901F03DF98346002840F0A38005F1A0
:10DB7000190313AD2F4607AE0293CDF80CA0019602
:10DB8000049510220021019809F005FFDFF834A167
:10DB9000DDF808B005970A9B5AF8044C089F099ACB
:10DBA00007995AF8100C5AF80C6C5AF8085C5C404B
:10DBB000019B7E40554081EA00071A4601214046FC
:10DBC000CDE90776CDE9095401F02CF9BBF1100F2E
:10DBD00094BFABEB0B0BABF1100B0AF1100A002852
:10DBE00047D1BBF1000FD6D1059F102238460199CD
:10DBF00009F0AAFE99F8033010370133474589F838
:10DC00000330BED1049D4FF4807229464046DDF8B2
:10DC10000CA0019E01F0E4F8834678BB54460AF15B
:10DC200030071BAB1A460121404601F0FBF8834642
:10DC300020BB102220461BA9144409F085FEA742F0
:10DC4000EFD1404601F0C6F84FF4D0711C48FFF701
:10DC500049FF28463021FFF745FF0BA82021FFF799
:10DC600041FF30461021FFF73DFF58463DB0BDE86B
:10DC7000F08F8346DDF80CA0019E049D404601F024
:10DC8000A9F84FF4D0710E48FFF72CFF2846302139
:10DC9000FFF728FF20210BA8FFF724FF10213046B3
:10DCA000FFF720FF30215046FFF71CFF58463DB0DC
:10DCB000BDE8F08F13AD07AEE0E76FF0370BF5E787
:10DCC00080330020903300202DE9F0418CB00446D1
:10DCD0000D463022002168466F4609F05CFE04F1D3
:10DCE0002006E27B0132D2B2E273002A4DD1A27B40
:10DCF0000132D2B2A273002A47D1637B0133DBB277
:10DD00006373002B41D1237B0133DBB22373002BE0
:10DD10003BD1E37A0133DBB2E372002B35D1A37A36
:10DD20000133DBB2A372002B2FD1637A0133DBB254
:10DD3000637253BB237A0133DBB223722BBBE379CB
:10DD40000133DBB2E37103BBA3790133DBB2A3710F
:10DD5000DBB963790133DBB26371B3B92379013382
:10DD6000DBB223718BB9E3780133DBB2E37063B9C3
:10DD7000A3780133DBB2A3703BB963780133DBB224
:10DD8000637013B92378013323703B462246012187
:10DD9000304601F047F88046002841D110370CABDF
:10DDA0009F429ED1029AAB6803995340029330463A
:10DDB000EE68D5F820804E40039604992E69D5F878
:10DDC00028C04E4004966E6905990B9F4E400596FB
:10DDD0000699AE69009B4E400696EE6907994FF48E
:10DDE00080724E400796089ED5F824E088EA06081F
:10DDF000099E8EEA060E0A9E8CEA0601EE6A7E40B5
:10DE00002F687B4000936B68019D6B400193CDE9C7
:10DE1000088ECDE90A16694600F0E2FF804638B167
:10DE200068463021FFF75EFE40460CB0BDE8F08149
:10DE30001022204608A909F087FDF1E72DE9F843F3
:10DE40001D468369B3F5C07F52D81646C3F5C0722C
:10DE5000AA424DD3C5F5C072D31AB34248D3044683
:10DE6000DFF898904FF4C0720F464846002109F041
:10DE700092FD4946D4F89430A269D4F898009847A6
:10DE8000002838D1D4F818803DB1D4E925302A468D
:10DE900009EB0801984770BBA84407B1C6B91749F8
:10DEA00042460846FFF728FE054638B14FF4C071D8
:10DEB0001248FFF717FE2846BDE8F88320460F49B1
:10DEC000FFF702FF05460028F0D101232361EDE7AB
:10DED0003946324609EB080009F036FD0749B044DF
:10DEE00042460846FFF708FE05460028DED1E5E772
:10DEF0006FF03705DFE76FF03305DCE720350020F2
:10DF000010B5A4220021044609F045FD4FF0FF3171
:10DF10004FF6F072044B2161E26104F19C001B6832
:10DF2000BDE81040184700BF000A00202DE9F04767
:10DF3000054688B00F4616460021202268469846BE
:10DF400009F029FD1F4B05F19C0948461B689847BD
:10DF5000044618B1204608B0BDE8F08705F1200A54
:10DF6000504600F027FFAA69C5E92576F2B92023BB
:10DF70002E69AB61002E22DB694650464FF4807259
:10DF800000F02EFF044630B9334641462846109A29
:10DF9000FFF754FF04460C4B48461B68984700287F
:10DFA00018BF0446204608B0BDE8F0872E69002E51
:10DFB000E2DA2F2A96BF013226465608DCE7102601
:10DFC000DAE700BFFC090020F80900202DE9F04F36
:10DFD000B2F5806F91B01A9F00F2E380B7F5807FB1
:10DFE00000F2DC80044615460E463022002104A8CB
:10DFF000984609F0D0FC6C4B04F19C0948461B681C
:10E0000098478346002840F092802269E3699A424B
:10E0100000F391806369002B40F08D80002F40F069
:10E02000A980DFF888A16F46002D00F098806F4628
:10E0300004F120080EE0102DAB4628BF4FF0100B66
:10E04000304639465A4609F07FFCB5EB0B055E4475
:10E0500000F08580E37B0133DBB2E373002B4DD10D
:10E06000A37B0133DBB2A373002B47D1637B013366
:10E07000DBB26373002B41D1237B0133DBB223730B
:10E08000002B3BD1E37A0133DBB2E372002B35D1B5
:10E09000A37A0133DBB2A372002B2FD1637A013351
:10E0A000DBB2637253BB237A0133DBB223722BBB27
:10E0B000E3790133DBB2E37103BBA3790133DBB254
:10E0C000A371DBB963790133DBB26371B3B923792F
:10E0D0000133DBB223718BB9E3780133DBB2E37038
:10E0E00063B9A3780133DBB2A3703BB96378013322
:10E0F000DBB2637013B92378013323703B462246A9
:10E100000121404600F08EFE8346002893D0DAF8C5
:10E110000030484698470346302104A8002B18BF1A
:10E120009B46FFF7DFFC10213846FFF7DBFC584623
:10E1300011B0BDE8F08F3A46414600232046FFF774
:10E140007DFEDFF868A000283FF46DAF4846DAF89E
:10E1500000309847834600283FF465AFE7E7204644
:10E1600004A9FFF7B1FD83460028D0D1236901330C
:10E170002361CCE73A46414604A8FFF7BDFC83463D
:10E1800018B16F46DFF824A0C1E7204604A9FFF7C5
:10E190009BFD834600283FF444AFF2E76FF0370B56
:10E1A000C5E76FF0350BC2E7FC090020F809002035
:10E1B0002DE9F043202B1D460646884691468BB03C
:10E1C00026D8DBB202AF8DF80480B04658F8041BA5
:10E1D0008DF8053021B9404600F066FE044640B98E
:10E1E000012302224046336001A900F071FE04467B
:10E1F00038B138462021FFF775FC20460BB0BDE84A
:10E20000F0832A464946404600F062FE0446F0E7A5
:10E2100002AF1946104600233A4600F0DFFF0446DD
:10E220000028E6D12023B9461D46CCE72DE9F04170
:10E23000D0F8F830A6B0002BD8BF02AE31DD0546CD
:10E240000027D0F80C4102AEA4F101089022D5F8C5
:10E25000FC403146D0F8000101AB0197B8FA88F8CC
:10E26000A0474FEA5818044620B9019B53B9B8F1AA
:10E27000000F16D030469021FFF734FC204626B020
:10E28000BDE8F081014632462846FFF791FF58B9B4
:10E29000D5F80431019A1344C5F80431B8F1000FE0
:10E2A000E8D16FF03C04E5E70446204626B0BDE81F
:10E2B000F08100BF70B500250446142204F588766D
:10E2C0002946C0F8F850FC3009F065FB08222946C1
:10E2D000304609F060FB144B30461B6898472046D7
:10E2E00040F8045B00F0C6FD104B30461B689847B1
:10E2F000C8B9D4F8F830AB420FDC03EB830204EB6F
:10E3000082022021C2F800010120C2E9421008491E
:10E310000133C2F8FC10C4F8F830064B3046BDE8B3
:10E3200070401B68184770BD000A0020FC090020DF
:10E33000B1EC0100F80900202DE9F047202A88B04F
:10E340007AD83F4B00F5887904461B684846174643
:10E35000884698470546F8B940F20116D4F8F830D7
:10E36000002B65D02046FFF761FF054638B9D4F889
:10E37000F830002B14DC013EF2D16FF03B056E4605
:10E3800020213046FFF7AEFB2E4B48461B689847CE
:10E39000002818BF6FF01D05284608B0BDE8F087BB
:10E3A000D4E94132934203D3D4F80C21012A02D09C
:10E3B000013ED7D1E1E71F2BFAD96E460146202254
:10E3C000304604F1040A09F0E6FA3146504600F0FE
:10E3D000A9FD05460028D3D1504600F05FFD504608
:10E3E00000F048FD2946504600F05EFD0546002835
:10E3F000C6D150462022314600F06AFD054600286D
:10E40000BED1034632462021304600F0E7FE0546E5
:10E410000028B5D1D4F8F8303A46002BC8BF002305
:10E4200040463146C8BFC4F8043109F08DFAA7E769
:10E430006FF03F056E46A3E76FF03B05ACE700BF0A
:10E44000FC090020F8090020002130B58DB02822F9
:10E4500002A8019109F09FFA02A800F0E7FE044625
:10E4600010B120460DB030BD1B4D4FF0FF31286874
:10E4700000F034F960BB194BD3F8340E10F00100F2
:10E4800017D100F05BF9F8B9154A02A901A800F00C
:10E4900001FC0446012000F051F988B9286800F019
:10E4A00025F90028DDD00F48FFF7F0F920460DB020
:10E4B00030BD2868052400F019F90028D1D0F2E712
:10E4C0000948FFF7E3F9E9E70848FFF7DFF9DBE779
:10E4D0000748FFF7DBF9CEE7540A002000608450BC
:10E4E000A0360020CC910200AC9102008C91020079
:10E4F0007491020030B583B000F036F878B900F0BE
:10E5000055F890B9144BC3F80C0AFFF79DFF044669
:10E51000F8B9124D2B6863B1204603B030BD032417
:10E5200000F072F8204603B030BD0424204603B04A
:10E5300030BD02460146FFF7D3F950B968220849B9
:10E5400001ABFFF7FDF920B92046064B2B6003B065
:10E5500030BD0524E0E700BF00508450C0380020E3
:10E56000C43800205AEA5A5A00207047430504D59F
:10E570004FF0FF32034BC3F80821024BC3F8080ADF
:10E58000704700BF00508450014BC3F8040A704725
:10E590000050845008B100F071B84FF47500704716
:10E5A00008B100F04FB84FF47500704710B511482E
:10E5B00000F080F800B110BD0F4800F07BF8002893
:10E5C000F9D10E4C204600F075F80028F3D10C4B21
:10E5D0000C481C6000F06EF801460028EBD100F0FA
:10E5E0002DF8044608B1204610BD00F089F82046F9
:10E5F000FAE700BF640A0020600A00205C0A0020DD
:10E60000540A0020580A002008B5084800F05CF8B9
:10E61000074800F059F8074800F056F8064800F09F
:10E6200053F8BDE8084000F00BB800BF640A0020B2
:10E63000600A00205C0A0020580A00200020704771
:10E64000704700BF10B402460B4C01E0134207D1E3
:10E65000D4F8003A13F48070F8D0012042F48072AC
:10E6600029B1054BD3F804410C60C3F80841024BB3
:10E67000C3F8082A10BC704700508450024608496D
:10E6800001E01A4207D1D1F8003A13F48070F8D0B3
:10E69000012042F48072024BC3F8082A704700BF81
:10E6A0000050845009F05DB909F075B90A4600219F
:10E6B00009F071B908B5034B02681B6810689847E8
:10E6C000002008BD200A002008B5034B02685B68E3
:10E6D00010689847002008BD200A0020024B0268FD
:10E6E0009B681068184700BF200A002008B5034B3C
:10E6F0000268DB6810689847002008BD200A0020E7
:10E7000070B5094C094D2069AB68984718B1084BA2
:10E7100008485B6898470021074AEB681160206948
:10E72000BDE87040184700BF0C0A0020200A0020F6
:10E73000040A0020E49102002C390020F8B51A4D9B
:10E740001A4E0446B26828699047E8B9184F3B68EA
:10E750004CB1A3B1012B19D0013B3B602869F36890
:10E7600098470020F8BD43B90121124AC2F80015AC
:10E770001149D1F81029002AFBD101333B60F3681D
:10E78000286998470020F8BD0C48F8BD0A4AD2F81D
:10E790001039002BFBD1074A6FF07E40C2F80035DC
:10E7A000FFF7F2FE3B68D7E70C0A0020200A0020A2
:10E7B0002C3900200040845000508450E98FFFFF26
:10E7C0002DE9F041002873D00C46002970D01D4679
:10E7D000002B6DD007461AB1012200232A60036086
:10E7E0002B68002B5FD02946204600F0D9FD8046DB
:10E7F00000285AD12146286800F0B8FD804600283C
:10E8000053D12868082867D0042867D0A0F10200F7
:10E81000B0FA80F040090121314EC6F8C411C6F8A3
:10E820004011C6F8C411636AC6F83031D6F83021F9
:10E830009342F6D10023C6F82C314FF0FF33C6F8CF
:10E8400008316FF01B03C6F80031C6F80C01D6F88A
:10E85000040A40F48060FFF797FE0A23C6F83831B7
:10E86000069B012B29D023691E4AA2FB03231B0907
:10E87000626A404602FB03F303EB4303184ADB03DF
:10E880009B09C2F8D8310123C2F82C313B682A68B1
:10E8900023F07F4343EA02633B602A6843EA022392
:10E8A0003B60BDE8F081DFF840804046BDE8F08184
:10E8B000DFF838804046BDE8F0814FF47F03D3F89D
:10E8C0000C2C013206D0D3F80C3C064AA2FB0323E1
:10E8D0001B09CDE71623CBE703209CE702209AE72C
:10E8E00000508450ABAAAAAA310CF100350CF100FB
:10E8F00058B34B1EB3F5047F27D230B54FF0000E4E
:10E90000CD00744671464B0901F01F0C50F82330BE
:10E91000BCF11F0F23FA0CF306D003F0010319B961
:10E9200001211C468E46EEE79C4201F1010106D012
:10E930001C464FF0010EA942E5D1002030BD0EF17A
:10E94000010E9645F7D1024830BD0148704700BF1F
:10E95000360CF100C0B32DE9F0434C1EB4F5047F32
:10E960001DD2E3B1DAB100252E46A8462C46CF00D1
:10E9700003F1FF394FEA541C04F01F0E50F82C101D
:10E98000BEF11F0F21FA0EFC0CD00CF0010C4CB99B
:10E990000126E04634463546ECE7964216D90C4847
:10E9A000BDE8F083AB420BD0C44508BF0136A94592
:10E9B000F3D001350134BC42DCD10020BDE8F08346
:10E9C0000125E0462E46F5E7014870471D46F1E770
:10E9D000370CF1002DE9F04F8FB08246DDE9194682
:10E9E0000D46002E6ED1096904911C600023189910
:10E9F0000B60002A00F02881994B6A6AD3F838111D
:10EA0000D3F830319A4269D10A2967D19AF8033094
:10EA1000069304F1080305930423049A0393914B8E
:10EA20008F4CA3FB023B4FEA9B0B0BEB4B0BA2EB78
:10EA30004B0B189B049E1E60002E00F0E580002703
:10EA400000F0BEFC0797BAF1000F00F0D0804FF045
:10EA50000109DDF81480002D00F0C980069B002B11
:10EA60003ED0284606A900F09BFC00283AD07E4BF9
:10EA7000984220D0069B082B00F0E08000225B002B
:10EA80000693294606AB50460092FFF799FE774B56
:10EA9000984200F0CF8070B9DAF80020130A03F42E
:10EAA0007F03134323F07F43CAF80030039B013BED
:10EAB0000393BED10020039000F082FC03980FB0B6
:10EAC000BDE8F08F4FF47F01D1F80C0C01300CBF82
:10EAD0004FF40471D1F80C1C049186E76448EAE70E
:10EAE0006248C4E72946069800F040FC0028BED1E1
:10EAF000069B082B00F0A480042B00F0A380A3F158
:10EB00000203B3FA83F35B09C4F8C491C4F84091DB
:10EB1000C4F8C4916A6AC4F83021D4F830118A422A
:10EB2000F6D10022C4F82C214FF0FF32C4F808219E
:10EB30006FF01B02C4F80021C4F80C31D4F8040AA9
:10EB400040F48060FFF720FD0A23C4F838312B69B8
:10EB5000444AA2FB0313696A1B0901FB03F303EB9D
:10EB60004303DB039B09C4F8D831C4F82C91069801
:10EB7000DAF8003023F07F41030243EA00630B43DD
:10EB8000CAF8003007A800F0E1FB079B354A03F004
:10EB90001A0303437FF46EAFA2FB0632D4F814319C
:10EBA000B7EB920F0893D4F818310993D4F81C31BD
:10EBB0000A93D4F820310B93D4F824310C93D4F871
:10EBC00028310D9302D1BBF1000F12D1404618221B
:10EBD00008A9183EFFF766FD08F1180801379EB135
:10EBE00000F0EEFB00230793002D7FF437AF2148A0
:10EBF0003DE740465A4608A9A6EB0B06FFF752FD33
:10EC0000D8440137002EEBD1049F059E6A6939462E
:10EC10003046FFF76DFEAA6940B94FF4806339466C
:10EC20003046FFF797FE00283FF444AF0023189AC0
:10EC300013601CE72B6A002B3FF43DAF0E483AE708
:10EC4000032361E702235FE701222946504600962D
:10EC500006ABFFF7B5FD00283FF4DBAE2BE700BFA6
:10EC600000508450ABAAAAAA020CF100310CF100AA
:10EC7000300CF100350CF100320CF10010B4DDE97C
:10EC8000013401940024DDF80CC0CDE902C410BCAD
:10EC9000FFF7A0BE30B51546012487B005AB009341
:10ECA0000022CDE9015404ABFFF794FE07B030BD5C
:10ECB000F0B587B0002967D01E46002B64D01446FB
:10ECC000002A61D0324F0D4638684FF0FF31FFF710
:10ECD00005FD00283DD12F4BD3F8340E10F0010074
:10ECE00015D04FF0FF354FF408712B48FEF7F0FEBA
:10ECF00004212A48FEF7ECFE29482821FEF7E8FE09
:10ED00003868FFF7F3FC40BB284607B0F0BDFFF7BB
:10ED100015FD002834D1224800F088FA70B91E4A47
:10ED20000346029205AA019204AA039000921C498C
:10ED300002461A48FFF7A2FF0346A0B14FF0FF3585
:10ED40000120FFF7FBFC0028CDD01648FEF79EFD02
:10ED5000C9E71548FEF79AFDBDE71448FEF796FD92
:10ED6000284607B0F0BD28461D46059B22469C421A
:10ED700028BF1A46049932600831FFF793FCDFE799
:10ED80000B48FEF783FDC6E74FF0FF35BCE700BF39
:10ED9000540A0020006084505C3900203039002083
:10EDA00034390020AC9102007491020004920200F8
:10EDB0008C91020010B5044630B100220123626537
:10EDC000A265E365236610BD0148FEF75FFDF4E729
:10EDD0001C92020018B174220021FFF765BC704735
:10EDE000C8B1D9B108B50023C02A836380F83C308C
:10EDF0000FD0B2F5807F04D0802A03D06FF01F00BF
:10EE000008BD02230363D2081030FFF74BFC00203B
:10EE100008BD0123F6E76FF0210070476FF01F0077
:10EE2000704700BF70B5044686B0F8B11046EAB12D
:10EE3000E3B101291AD8A26B16D0012A16D11025E8
:10EE400000210DEB0506019602AA61632946009593
:10EE500000F0C8FA50B92B463246204602A900F00D
:10EE600073FD18B906B070BD002AE8D06FF021001C
:10EE7000F8E700BF10B5044628B12046BDE81040B1
:10EE8000F421FFF713BC0448FEF700FD2046BDE85F
:10EE90001040F421FFF70ABC3092020010B1F421B7
:10EEA000FEF716BE704700BF08B521B1012908D092
:10EEB0006FF0360008BD012100F058F80028F7D1A6
:10EEC00008BD022100F052F80028F9D0F0E700BF99
:10EED00030B505468818B0F5801F0B461446A1B022
:10EEE00001D8802A0CD9B3F5801F17D922461946BC
:10EEF000284600F07DF8044684B9204621B030BD94
:10EF00006846FFF7CFFB22466946284600F070F8B6
:10EF1000802104466846FFF7C9FBEDE76FF0360431
:10EF2000EBE700BF70B5E8B10E46D9B1044600F07A
:10EF300031F80546B0B92368012B0BD0022B01D064
:10EF4000284670BD1C22304604F10801FFF7AAFBD9
:10EF5000284670BD2022304604F10801FFF7A2FBCD
:10EF6000284670BD6FF03605EAE700BF78B138B5C6
:10EF70000D46F0210446FFF799FB4023204625600B
:10EF8000E36500F061FA003818BF012038BD0120A8
:10EF9000704700BFF0B5056EA5B0044604AEE5B9F4
:10EFA00000230127019330466760294602AA009397
:10EFB00000F018FA10B1012025B0F0BD2A46204615
:10EFC00002A900F069FA0028F5D1204600F06CFB98
:10EFD0000028F0D1206625B0F0BD802D2A463046AD
:10EFE00028BF802204F16401FFF75CFB256ED7E7A0
:10EFF000002800F0AE802DE9F04F1446A5B0002A9D
:10F000003DD00F46002949D0B2F5803F0546006E3D
:10F0100020D34FF6FF7805F1640AEB6D1A1AB2FBA4
:10F02000F3F103FB1122002A65D18342B9464FF662
:10F03000FF7672D0B6FBF3FB03FB0BFBBBF1000FBB
:10F0400030D1002E45D1A4F57F44FF3CB4F5803F7C
:10F050004744E2D2EA6D161AB6FBF2F302FB1366DE
:10F06000A64228BF2646002E75D1824200F08D8030
:10F07000B4FBF2F602FB06F62EB9002C79D1002083
:10F0800025B0BDE8F08F002331463846CDE9003386
:10F0900002AA00F0A7F9002800F09580012025B011
:10F0A000BDE8F08F002359464846CDE9003302AA57
:10F0B00000F098F90028F1D15A46284602A900F03C
:10F0C000EBF90028EAD1A6EB0B06286ED944002EF6
:10F0D000B9D019304946324605EB8000FFF7E2FA15
:10F0E000A4F57F44286EFF3C3044B4F5803F47448C
:10F0F000286692D2AEE7424528BF424616463946B8
:10F100005044FFF7CFFA286EEB6D3044834207EB93
:10F1100006092866A8EB06068CD1802B28BF802321
:10F1200051461A4604A8FFF7BDFA0023E96D02AA6A
:10F13000CDE9003304A800F055F90028AED12846E7
:10F14000EA6D02A900F0A8F90028A7D1EB6D2866A6
:10F1500070E70120704705F16403394632461844D0
:10F16000FFF7A0FA286EEA6D3044A41B37442866E6
:10F170007BE72B6E2246193305EB83003946FFF7F8
:10F1800091FA2B6E23442B6679E7802A28BF8022D0
:10F1900005F1640104A8FFF785FA0023E96D04A8CE
:10F1A000CDE9003302AA00F01DF900287FF476AF04
:10F1B0002846EA6D02A900F06FF900287FF46EAFCF
:10F1C000EA6D286654E73246284602A900F064F941
:10F1D00000287FF463AF3744A41B4EE7F8B51C4604
:10F1E0000546114816460F46FFF744FE21460E48D5
:10F1F000FFF75AFE044620B10B48FFF74FFE2046AA
:10F20000F8BD3A4629460848FFF762FE0446002842
:10F21000F2D131460448FFF785FE04460248FFF765
:10F220003DFE2046F8BD00BF7C3B00201C2370B58E
:10F2300082B001A90546019300F032F8044638B9BE
:10F24000019B1C2B07D0144C1C212846FFF72EFADB
:10F25000204602B070BDD5E90112131E18BF01236C
:10F26000003918BF0121012628689B00EA6843EA9B
:10F270004103002818BF43F00103EE612AB9C5E934
:10F280000834002BE4D1054CDEE7204643F00803A8
:10F29000C5E9083402B070BD370CF0000E0CF00068
:10F2A000034618B111B10A681C2A01D00120704729
:10F2B0004FF47F02D2F8101C01310CBF40F2DC5138
:10F2C000D2F8101C4FF47F020160D2F8141C0131F7
:10F2D0000CBF40F2DC51D2F8141C4FF47F024160A5
:10F2E000D2F8181C01310CBF40F63401D2F8181CBA
:10F2F0004FF47F028160D2F81C1C01310CBF40F634
:10F300003401D2F81C1C4FF47F02C160D2F8001CFB
:10F3100001310CBF9021D2F8001C4FF47F02016133
:10F32000D2F8041C01310CBF5121D2F8041C4FF457
:10F330007F024161D2F8081C002001310CBF40F26D
:10F340003732D2F8082C9A61704700BF014608B5E1
:10F350004FF48060FFF724F90022034BC3F8C82163
:10F36000C3F82C2108BD00BF005084500138072885
:10F3700005D8DFE800F0100E040A0404040607486C
:10F380007047CB6800204B6270478B6800204B624F
:10F3900070474B68F6E70B68F4E700BF310CF100EB
:10F3A0000B6802E0082B0B6006D8026A13424FEA92
:10F3B0004303F7D00020704700487047310CF1003C
:10F3C000002310B5064C4FF48060C4F82C31C4F80B
:10F3D000C431FFF7CBF84FF0FF33C4F8083110BD4C
:10F3E000005084502DE9F041002482B015461E469D
:10F3F00001220DF107030746DDF824808DF8074050
:10F4000000F05AFFD0B99DF8073004462F602B71E9
:10F41000B8F1000F0ED04EB10246089930460DF1FA
:10F42000070300F049FF48B99DF80730C8F80060AD
:10F4300088F80430204602B0BDE8F0814FF475042E
:10F44000204602B0BDE8F081D8B108B50368012BB1
:10F4500004D0022B0FD043B10B4808BD20220B492A
:10F460000830FFF71FF9002008BD142208490830B2
:10F47000FFF718F9F7E7202206490830FFF712F9DD
:10F48000F1E74FF4730070470100F300409202006F
:10F4900080920200609202002DE9F047002900F0FE
:10F4A000EB800446002800F0EB8003688846914614
:10F4B000002B00F0B580013B012B00F2C9804FF01A
:10F4C000FF3171484FF0020AFFF708F9002840F0B9
:10F4D000B1800020FFF732F90746002840F0B480E1
:10F4E0006A4DD5F81069002EFBD14FF0FF30FFF7C1
:10F4F0003DF8D5F8040A20F40060FFF745F8012331
:10F500000722C5F81838C5F82038C5F80029C5F80D
:10F51000C437C5F8A466A36CC5F8CC37E36CC5F84E
:10F52000D037C5F8C0A723685BB1013B012B18D8C1
:10F53000636AC5F85C36236AC5F85836E369C5F8CE
:10F540005436A269514BC3F850266269C3F84C2661
:10F550002269C3F84826E268C3F84426A268C3F8C3
:10F560004026B9F1000F56D063684FF40060012BBC
:10F5700004BF464AC2F8843698F80430D8F8001020
:10F58000424A5B0003F00203C2F80C3BC2F8281C9D
:10F59000C2F82C9CFEF7FEFF0746236863B1013BCF
:10F5A000012B19D8394BD3F85C266262D3F8582660
:10F5B0002262D3F85436E361344BD3F85026A2616B
:10F5C000D3F84C266261D3F848262261D3F844264A
:10F5D000E260D3F84036A360002201212B4BD3F820
:10F5E000CC07A064D3F8D007E064C3F8C417C3F80D
:10F5F0008426C3F8C827C3F81828C3F82028AFBB4F
:10F600000120FFF79BF868BB1F48FFF76FF818BB96
:10F610003846BDE8F08704221C4BC3F8C827BCE776
:10F620004FF0FF3118484FF0010AFFF757F8002854
:10F630003FF44FAF1648FEF729F90020FFF77EF898
:10F64000074600283FF44CAF1248FEF71FF947E782
:10F65000114F3846BDE8F0871048FEF717F93846D5
:10F66000BDE8F0870E48FEF711F9CDE7102104F14F
:10F670000800FFF71BF8C3E70A4F3846BDE8F087DC
:10F680004FF47307C4E700BF640A002000508450A1
:10F69000749102008C9102000100F300CC910200F1
:10F6A000AC9102000300F300A0B3034670B4D0E9AC
:10F6B0000240D3E9041226BA05BA0CBA10BAC3E95B
:10F6C0000440D3E90612986A09BAC3E9026512BA7E
:10F6D000996100BAD3E9084125BA0CBAC3E90725F4
:10F6E000D3E90B12C3E9094009BAD86B12BAD9623F
:10F6F000D3E90D4125BAC3E90C250CBA00BAD3E908
:10F70000101209BA12BAC3E90E40196400205A64F3
:10F7100070BC70474FF47300704700BF70B500288D
:10F720004DD0436B0446032B3CDD063B012B3BD8FD
:10F73000A36B012B3BD8E36D012B3DD8236E012B2E
:10F7400041D8224ED6F81059002DFBD14FF0FF3092
:10F75000FEF70CFFD6F8040A20F40060FEF714FF51
:10F760000123C6F80039C6F8BC54636B23F00402C9
:10F77000032A18BFA16B226B0CBF294601F00101BF
:10F78000022A17D89B0003F01C0343EA02330F4AF6
:10F790000B43C2F8C034636B072B06D10123C2F8B8
:10F7A0007C3402E0002BC3DA094D284670BD094DB8
:10F7B000284670BD084DF8E7084D284670BD4FF447
:10F7C0007105284670BD064DEFE700BF005084501C
:10F7D0000100F1000200F1000600F1000300F10059
:10F7E0000400F10000287DD038B590F83C30044684
:10F7F000002B55D0022B23D03C483D4D2A683D4B71
:10F800001268C3F800242A685268C3F804242A68DE
:10F810009268C3F808242A68D268C3F80C242A68BE
:10F820001269C3F810242A685269C3F814242A689C
:10F830009269C3F818242A68D269C3F81C2438BD19
:10F84000016B006C00F032FB294D0028D6D12A68EC
:10F85000284B1268C3F800242A685268C3F80424AD
:10F860002A689268C3F808242A68D268C3F80C246E
:10F870002A681269C3F810242A685269C3F814244C
:10F880002A689269C3F818242A68D269C3F81C242C
:10F89000216B206C00F020FB0028AFD1002038BD88
:10F8A0000269144BC3F800244269C3F80424826936
:10F8B000C3F80824C269C3F80C24026B013A012A78
:10F8C000ECD8026AC3F81024426AC3F81424026B0D
:10F8D000022AE3D1826AC3F81824C26A0020C3F85E
:10F8E0001C24DCE74FF47100704700BF0900F100F1
:10F8F000500A002000508450114A124B11680968C8
:10F90000C3F8001411684968C3F8041411688968C1
:10F91000C3F808141168C968C3F80C1411680969A0
:10F92000C3F8101411684969C3F81414116889697F
:10F93000C3F818141268D269C3F81C24704700BFBA
:10F94000500A0020005084502DE9F04F85B0002966
:10F9500058D01746002A55D00446002800F0DC8015
:10F960009846C36D0E46002B42D1B8F5805F44D255
:10F9700094F83C30042B00F0C7804FF0000A4FF0A1
:10F98000FF31B548FEF7AAFE002840F0B9800020FC
:10F99000FEF7D4FE002840F0AF804FF00109DFF8F9
:10F9A000BCB22046CBF81098CBF82098FFF7B6FEF3
:10F9B000054620B92046FFF715FF054638B3BAF1D2
:10F9C000000F40F085800022A44B0120C3F81028CE
:10F9D000C3F82028FEF7B2FE002840F089809E4838
:10F9E000FEF784FE00287CD1284605B0BDE8F08FE4
:10F9F000012BBDD1B8F5803FBAD3994D284605B04B
:10FA0000BDE8F08F974D284605B0BDE8F08F636BD9
:10FA1000072B00F2CA8009FA03F919F08A0F40F0A7
:10FA2000D38019F0440F40F0C28019F0010F00F0AC
:10FA3000BC8033793A795B0002F0010203F00203E3
:10FA40001343864A31683868C2F80C3B636B23F075
:10FA50000403032B0AD0236E012B0BBFC2F8280D21
:10FA6000C2F8300DC2F82C8DC2F8348DE36D4FF41E
:10FA70000060012B794B0BBFC3F8281CC3F8301C66
:10FA8000C3F82C8CC3F8348CFEF784FD054600289F
:10FA900095D1626B072A15D80123934013F08A0F82
:10FAA00040F09F8013F0440F0CD06C4BD3F86024CF
:10FAB0002260D3F864246260D3F86824A260D3F88B
:10FAC0006C34E3600123A365BAF1000F3FF47BAF10
:10FAD0000423202104F1100084F83C30FEF7E6FDF9
:10FAE00071E76148FDF7D2FE284605B0BDE8F08F0A
:10FAF0005E48FDF7CBFE72E75D48FDF7C7FE4CE7B9
:10FB00005C48FDF7C3FE42E7216B206C00F0B8F9BA
:10FB100028B14FF0010A32E74FF4710564E7DFF8CE
:10FB200058914E4DD9F800301B68C5F80034D9F80B
:10FB300000305B68C5F80434D9F800309B68C5F81C
:10FB40000834D9F80030DB68C5F80C34D9F8003037
:10FB50001B69C5F81034D9F800305B69C5F8143456
:10FB6000D9F800309B69C5F81834D9F80030DB6942
:10FB7000C5F81C34216B0229CBD8236D4FEAC10A8A
:10FB80000193E36C0AF1100A04F1100B0093CDF815
:10FB90000CA0CDF808B0206CD4E9112300F09CFA39
:10FBA00068BB002384F83C30B3E7344D07E7236893
:10FBB000CBF860346368CBF86434A368CBF868345E
:10FBC000E368CBF86C3434E72368CBF840346368DF
:10FBD000CBF84434A368CBF84834E368CBF84C3412
:10FBE00027E71E4BD3F840242260D3F844246260F8
:10FBF000D3F84824A260D3F84C34E36062E7D9F824
:10FC0000003051461B685846C5F80034D9F800301A
:10FC10005B68C5F80434D9F800309B68C5F808342F
:10FC2000D9F80030DB68C5F80C34D9F800301B690E
:10FC3000C5F81034D9F800305B69C5F81434D9F828
:10FC400000309B69C5F81834D9F80030DB69C5F875
:10FC50001C34FEF72BFDA4E7640A002000508450FA
:10FC60000500F1000B00F100CC910200AC91020004
:10FC70008C91020074910200500A00200100F100F2
:10FC80002DE9F04701B3FAB10446002854D01D46CF
:10FC9000436B0E46072B1BD05DB9032B10D1836D30
:10FCA00073B945668566C5660567102500F164036E
:10FCB0000B602B4631462046BDE8F047FFF744BEB7
:10FCC0002F463846BDE8F087644F3846BDE8F087D8
:10FCD000C36DA3BBB5F5805F36D20DB9A36D9BBBD9
:10FCE0004FF0FF315E48FEF7F9FC00284CD10020B0
:10FCF000FEF724FD002843D14FF00108DFF864919E
:10FD00002046C9F81088C9F82088FFF707FD074684
:10FD1000E0B10022534B0120C3F81028C3F820287B
:10FD2000FEF70CFD40BB4E48FEF7E0FC0028C8D0B3
:10FD30004D48FDF7ABFDC4E74FF47107C1E7012B58
:10FD4000CBD1B5F5803FC8D3484FBAE72046FFF77F
:10FD500049FD07460028DCD1636B072B0AD808FA57
:10FD600003F818F08A0F13D118F0440F5AD118F085
:10FD7000010F19D13E4FCCE73E48FDF787FDD2E792
:10FD80003D48FDF783FDB7E73C48FDF77FFDAEE753
:10FD90002368C9F840346368C9F84434A368C9F8D3
:10FDA0004834E368C9F84C3401212E4AC2F87C1467
:10FDB000C2F8BC54337930688B4003F00203C2F8B8
:10FDC0000C3BE5B9A36D0BB9C2F82415626B072A89
:10FDD0009FD80123934013F08A0F30D113F0440FC2
:10FDE00097D0204BD3F860242260D3F8642462605B
:10FDF000D3F86824A260D3F86C34E36089E7E36D3C
:10FE0000012B0BBFC2F8280CC2F8300CC2F82C5CD6
:10FE1000C2F8345C4FF40060FEF7BCFB0028D5D07C
:10FE2000074676E72368C9F860346368C9F8643424
:10FE3000A368C9F86834E368C9F86C34B4E7094BBF
:10FE4000D3F840242260D3F844246260D3F84824D5
:10FE5000A260D3F84C34E3605BE700BF0B00F10015
:10FE6000640A002000508450CC9102000500F1008B
:10FE70000100F100AC9102008C910200749102002B
:10FE80007F2809D851B10139022909D805497F28AD
:10FE90000CBF08460020704702487047084670476C
:10FEA000014870470100F7000300F7007F2809D8D8
:10FEB00051B10139022909D805497F280CBF0846EC
:10FEC0000020704702487047084670470148704755
:10FED0000100F7000300F7000129F0B407D0022960
:10FEE00000F0898000295AD07248F0BC7047002287
:10FEF000714C724B4FEAC00CC4F80015451C0CF550
:10FF00007F04C3F8082104F50444C3F80021C3F8B2
:10FF10000421C3F800556A4E2468B44240F0B3800F
:10FF2000196002E0002940F0B580D3F80021D3F831
:10FF30000841D3F804112243F4D0002C40F0B180E2
:10FF4000002940F0A78001245B4AC3F80015023065
:10FF5000C2F800455B4AC3F80811C3F80011C3F8A2
:10FF60000411C3F8000552F80C00574A904240F0C3
:10FF70008E80524A1C6002E0002840F08B80D2F84C
:10FF80000031D2F80811D2F804010B43F4D0002953
:10FF900040F08C8000287DD1C2F8000528E00124C3
:10FFA000464BC200444E204402F57F02C6F800458D
:10FFB00002F50442C3F80811C3F80011C3F8041194
:10FFC000C3F800053E4D1268AA4260D11C6001E0F2
:10FFD00000285FD1D3F80021D3F80811D3F8040129
:10FFE0000A43F5D000295CD1002853D1C3F800059D
:10FFF0000020F0BC704701250022304B2E4F4FEA05
:020000022000DC
:10000000C00C44190CF57F01C7F8005501F50441F7
:10001000C3F80821C3F80021C3F80421C3F8004540
:10002000274E0968B1422ED11D6000E091BBD3F884
:100030000021D3F80841D3F804112243F6D084BB41
:1000400041BB01241C4AC3F800150230C2F8004528
:100050001C4AC3F80811C3F80011C3F80411C3F80F
:10006000000552F80C00184A904210D1134A1C6047
:1000700000E078B9D2F80031D2F80811D2F80401C2
:100080000B43F6D083E7C3F8002510482DE7C3F8EB
:100090000015FAE70022094B0D48C3F80025F0BC13
:1000A00070470022C3F800250A481EE70023C2F863
:1000B0000035F9E70C00F100004084500090035037
:1000C000005484500884FF00105484500600F70048
:1000D0000200F7000100F7002DE9F0470024CCB042
:1000E000824689461646214674220EA81F46579D11
:1000F000DDF8588107F04FFC802221462CA82B9474
:1001000007F049FC8423B5F57F6FCDE90A440D94CF
:100110000C94059364D8FFF7EFFB05AB30462BAE8C
:1001200001933946DDE954230295009600F064F806
:10013000002850D1022307228DF813309DF8133088
:100140001B928DF8743000220123012410211C9091
:100150000EA8CDE92423CDF86890CDF878A0269498
:10016000FEF7A4FA10220DF12009009230460599FD
:100170000AABCDF8049006AAFFF734F9074688B118
:100180001EE0102D2E4628BF10260EA93246FEF77F
:1001900089FA10210EA8FEF789FA0134AD1B374405
:1001A000E4B222D0059B4A4606A90EA88DF8AC40C1
:1001B000FFF766FD034608EB0700002BE1D01F4662
:1001C0000EA874220021FEF76FFAFFF795FB384660
:1001D0004CB0BDE8F087064F38464CB0BDE8F0871C
:1001E000044F38464CB0BDE8F0872F46E8E700BF23
:1001F0000E00F1000F00F1002DE9F041002482B063
:100200000A9D0194B5F57F6F40D8ED00B5F5807F6C
:100210001E4634BF0323042301F1FF3CBCF13F0F12
:100220000C46009332D888B3174666BB089A6AB367
:10023000099A116851B3A2191344994226D3089B15
:1002400001462246581CFEF72DFA089B04F10208CD
:100250001C440023637026BB089BFF2D009503EB15
:10026000080017D92B029BB243EA1523022201A9E9
:100270000193FEF717FA08F102030020099A1360B0
:1002800002B0BDE8F0810AB1402ECFD9094802B0D2
:10029000BDE8F08101226946FEF704FA08F1010386
:1002A000EBE7089B324603EB08003946FEF7FAF904
:1002B000B044D1E70600008000201870704700BFEE
:1002C00008B5054B044613B10021AFF3008000F0E0
:1002D00011FB2046E7F7B8FE00000000F8B50E4B12
:1002E00006461D68AB789B0712D56F6816F8014B60
:1002F00029462CB90A20B847002805DB204609E02A
:100300002046B8470028F1DAAB7843F00403AB701D
:100310004FF0FF30F8BD00BF088A02000CB430B5C2
:1003200089B005460C461C22002101A807F033FBCA
:10033000022305958DF806300D4B029323462CB110
:10034000B4F1004F28BF4FF00043013B1D440DAAFC
:100350000C9901A80695009200F072F814B1059B63
:1003600000221A7009B0BDE8304002B0704700BFEB
:10037000CF7A0200242AF0B5044601D8012A40D1E0
:100380002E4B162207F0ACFB1A5001B10C60002076
:10039000F0BD2F463D4615F8010B2028F9D0A0F1FD
:1003A00009060346042EF4D92B282CD02D282CD155
:1003B0000126BD1C7B78302B2DD1287840F0200001
:1003C000782824D132F0100021D16B782C461022ED
:1003D00002350020392B82BF03F1FF3343F02003A5
:1003E000263B303B9A421AD9A0FB02040CB9C01834
:1003F00001D346F002062F462C4617F8013B3D4636
:10040000E8E70746C6E70026D3E70026D3E7002A39
:1004100008BF0822DDE7002A08BF0A22D9E701B198
:100420000C60F20748BF4042B307B1D5034B22220C
:1004300007F056FB1A504FF0FF30A9E70C00000000
:100440002DE9F04F43688DB01546804602938378BE
:100450009A0740F10D8100240E78002E00F00A81E9
:10046000252E0BD04B1C0393013441463046029B92
:1004700098470028C0F2F6800399EDE74E788B1C70
:10048000252E0393F0D00027B946BB46BBF11F0FC2
:1004900038D8A6F12003102B0AD8DFE803F02A0988
:1004A00009300909092109090928092D09091F002D
:1004B000A6F13003092B33D92A2E37D11BF0400F78
:1004C00055F8043B40F08280002BA7BF4BF0200B77
:1004D0009946C3F100094BF0280B01E04BF0010BEA
:1004E000039B13F8016B0393002ECFD130E04BF048
:1004F000020B4BF0040BF3E74BF0080BF0E74BF06B
:10050000100BEDE7BBF17F0F19D8A6F13003092BD3
:10051000D2D81BF0400F03D00A2101FB0737DFE7D9
:100520000A214BF0200B01FB0939D9E72E2E06D109
:100530001BF0400F40F09E804BF0400BD0E76C2E3C
:1005400031D02BD8682E36D06A2E3CD04C2E3AD0E3
:10055000002F46F02003B8BF2BF04002A3F1650145
:10056000BCBF00271FFA82FB022901D9612B2FD1C2
:1005700007350727DFF8ACA225F0070508351BF083
:10058000080F66D00AEB070B56465E4563D1A4EB15
:100590000A0AA9EB070906EB0A026FE1742E9FD045
:1005A0007A2E9DD0D4E71BF0800F18BF4BF4007B50
:1005B0004BF0800B94E71BF4807F18BF4BF4007B5B
:1005C0004BF4807B8CE74BF4207B89E71F4687E761
:1005D000A6F16301122900F2F080DFE811F01300A8
:1005E0004F00EE00EE00EE00EE004F00EE00EE00D9
:1005F000EE00EE00EE00FE00E900EE00EE001B0053
:10060000EE00AF0055F8043B01270DF1180A8DF8F4
:100610001830B4E755F804AB834BBAF1000F08BFAC
:100620009A461BF0400F504614BF39464FF0FF3139
:1006300007F0EBF90746A2E741462020029B9847C6
:1006400000280FDB013EB742F6D34C44B146A41B51
:1006500098E74E46F7E7414616F8010B029B98478C
:10066000002892DA98F8023043F0040388F8023048
:100670004FF0FF3420460DB0BDE8F08F1BF0800F27
:1006800034D01BF4007F2CD0073525F00705AA468F
:1006900069685AF8080B2BF010050029ADB237DA5B
:1006A000404245F4806561EB41010DF1180B0A23CE
:1006B0005A4607F0B6F9A0EB0B0301936B0662D51F
:1006C000019B25F001019F4289B240F3A180002ED9
:1006D00000F0998015F0100240F09C80BB460D465A
:1006E00023E0AA465AF8040BC117D4E7AA461BF424
:1006F000807F5AF8041B01D10846F5E71BF4007F00
:1007000019BF48B241F3C01108B241F3C031C2E78A
:1007100050EA0103C9D11BF0400FC6D0002FC4D14D
:100720002BF01102BB46019795B240F2064115EA43
:1007300001021CBF0BF1010B00222CE02BF0100278
:100740000A231FFA82FB1BF0800C49D01BF40071B6
:1007500015BF0735AA4625F007055AF8040B1EBF3A
:10076000AA4669685AF8080B50EA010545D12BF0F2
:1007700016051BF0400FADB242D0002F40D12BF038
:100780001702019795B215F0100248D0019B002E78
:1007900042D103F1010B29075AD4EB0706D5D945FD
:1007A0006FDDA9EB0B030199CB465F185B4649E06F
:1007B0004BF0100B10237826C5E7782B04D1C6F137
:1007C000780343F01003BEE741462520029B98477B
:1007D0000028FFF647AF023447E608230026B2E7B9
:1007E000AA461BF480715AF8040BBDD01BF40071AB
:1007F0001ABFC0B2614680B2B6E72BF0060295B2CE
:100800000DF1180B54E725F01105BB46ADB28CE78E
:100810000D46B8E73B460D4603F1020BBBE7DDF89A
:1008200004B082E7DF020300D8020300CDE90432FE
:1008300041462020029B98470028FFF613AF049BF7
:10084000059A01339945F1DCA4EB0B019B46CC18CA
:100850000AB341463020029B98470028FFF602AFBA
:100860008EB901342744391B019B994224DC1D4673
:1008700055BB019AA9EB0B095546224414469144F5
:1008800033E0019F92E7023441463046029B98478D
:100890000028E7DAE6E640F206410D42E2D015F024
:1008A000020F04F10104414614BF2B20202015F44F
:1008B000806F18BF2D20E9E741463020029B0134AC
:1008C00098470028CFDACDE606AB013D4146585D9A
:1008D000029B98470028CBDAC4E641462020029BC1
:1008E000013498470028FFF6BDAEA9EB0403002BA6
:1008F000F3DCC1E538B5074D074C641BA41024B9DF
:10090000064B0BB1AFF3008038BD013C55F82430E5
:100910009847F4E70000000000000000000000001D
:10092000704702F060BA08B506F0D3F84FF47A7257
:10093000A0FB020302FB0131C00B40EA4140C90B9E
:1009400008BD0023E5F7EABC13460A46012102F080
:1009500053BA10B483682822DC684CF25033A446A2
:1009600010BC604710B483685C684FF0FF33A44646
:1009700010BC604700210F2008B504F0D0FF002113
:100980004FF40040FAF74AF8F9E7034670B501382A
:1009900015464A1E1F3112F8014F8A4200F8014FD6
:1009A000F9D103F1200603F5A4642946304606F583
:1009B000A07600F0EAFAA64205F58065F5D170BD93
:1009C000F8B50546481E6C1E1F3110F8016F8842AD
:1009D00004F8016FF9D1591E05F11F001F3311F8FA
:1009E000014F994200F8014FF9D1531E05F13F0123
:1009F0003F3213F8010F934201F8010FF9D1079E1E
:100A000005F1800405F5007731462046603400F09A
:100A10001EFABC4206F58066F6D1089E05F56077A1
:100A200031462046603400F012FABC4206F580667A
:100A3000F6D1069E05F520653146204604F5D074B2
:100A400000F0C7FAAC4206F58066F5D1F8BD2DE995
:100A5000F041089D1E466C1E013805F11F0314F875
:100A6000017F9C4200F8017FF9D1013A05F13F0373
:100A700014F8010F9C4202F8010FF9D1013905F178
:100A80007F0314F8012F9C4201F8012FF9D1069F32
:100A900005F1800405F5007821463846603400F001
:100AA00018FA444507F58067F6D1079F05F5607889
:100AB00021463846603400F00CFA444507F580675B
:100AC000F6D105F520652146304604F5D07400F0D6
:100AD000CEFAAC4206F58066F5D1BDE8F0812DE98D
:100AE000F041044615461E46421E4B1E1F3113F8A8
:100AF000010F8B4202F8010FF9D104F1200804F52F
:100B000012672946404608F5107800F055FBB845B5
:100B100005F58065F5D100215422384606F03BFFEB
:100B20003346002104F66F1004F673141D460022AC
:100B300055F8046B0EB17A5401310132B2F5807F61
:100B4000F6D100F8011F844203F58063EED1BDE8C1
:100B5000F081F0B54FF0CD0C06460020571E8732CD
:100B6000BA4225D017F8013F03F00F0EBEF10F0F68
:100B70004FEA131321D01EFB0CF4A40A04EB8404E7
:100B8000CEF1020E74440F2B00F1010546F820400F
:100B90000FD08D420FD213FB0CF4A40A04EB840493
:100BA000C3F102031C44681C46F825408142D7D893
:100BB000F0BD2846FAE72846FAE70F2BF6D005469F
:100BC000E9E738B5051F00F57F7455F8040FE1F724
:100BD00097FEA5422860F8D138BD38B5051F00F54D
:100BE0007F7455F8040FE1F795FEA5422860F8D10F
:100BF00038BD002330B551F8234052F823502C441F
:100C000040F823400133B3F5807FF4D130BD002399
:100C100030B551F8234052F82350641B40F823406C
:100C20000133B3F5807FF4D130BDE1F79FBDE1F72B
:100C3000D7BDF8B505460F461646002457F82410D0
:100C400056F8240081FB0001E1F74CFE45F8240032
:100C50000134B4F5807FF1D1F8BDF8B505460E46F4
:100C6000174600243959301900F0B2FC28510434D9
:100C7000B4F5806FF6D1F8BDF8B505460E461746B7
:100C8000002439593019E1F74DFE28510434B4F5E8
:100C9000806FF6D1F8BD2DE9F041002506460F46DC
:100CA00090462C4658F8241057F8240000F09AFC7F
:100CB00046F824000134B4F5807F0544F2D128467B
:100CC000BDE8F081F0B50646ADF5557D684600F00B
:100CD00023FD6A464FF4527101A800F02FFF4FF434
:100CE00052734FF48071304601AAE1F7C1FD03272A
:100CF0000446FF2C05D9684600F024FF0DF5557D0C
:100D0000F0BDB3FBF7F2002502EB4202981A01A9ED
:100D1000D21A854210D101AB58196A46A82100F0B9
:100D20000DFFC4F5807106EB840005F1A80301AA4C
:100D3000E1F79EFD0444DCE703EB010C1CF802C064
:100D4000013501F801CBE4E730B50546A5B001A8AF
:100D500000F0F8FC882101AA02A800F00FFF4FF470
:100D60008071284602AAFFF7F4FE0446FF2C04D93E
:100D700001A800F007FF25B030BD882101AA02A814
:100D800000F0FCFEC4F5807105EB840002AAFFF7B9
:100D9000E0FE0444EAE7F0B50C46A5B0054601A81C
:100DA00000F0D3FE2146202201A800F0DCFE01A8BD
:100DB00000F0DFFE882101AA02A800F0DFFE002378
:100DC0001C461F4602AE16F8011BA3F12002C3F118
:100DD000200001FA02F221FA00F0994008330243A0
:100DE000402B44EA010447EA0207ECD100214FF40A
:100DF0008062284606F0CFFDD9260821882924D113
:100E000001AA02A800F0BAFE0023591C90336B44DB
:100E100013F8882CB242F1D855F8223045F8263024
:100E200004F001035B000136C3F101036408B6F569
:100E3000807F44EAC77445F822304FEA5707DDD176
:100E400001A800F09FFE25B0F0BD0B46DDE72DE9BF
:100E5000F04101F580658B684C69C3F102035FFACC
:100E600083FCCB684F68C3F102035FFA83FE0B6912
:100E7000CA69C3F10203DBB21B018E69C7F1020725
:100E8000C4F1020443EA4E035FFA87F8E4B2C2F108
:100E900002024FEA8C1743EA9C0347EAC80743EA79
:100EA000C41351F8208BC6F10206D2B24370F6B2D9
:100EB0005301C8F1020843EA860347EA080743EAF8
:100EC0005403A9420770837000F10300C3D1BDE849
:100ED000F0812DE9F04100F580650F78203007F0B2
:100EE000070740F8207C0E78C7F10207C6F3C20658
:100EF00040F81C6C4B780A789B0043EA921303F08D
:100F0000070240F8182C91F801E0C2F10202CEF37A
:100F1000420E40F814EC91F801C0C6F10206CCF381
:100F2000021C40F810CC8B784C785B0043EAD41359
:100F300003F0070340F80C3C8C78C3F10203C4F3C0
:100F4000820440F8084C91F8028040F8182C4FEACF
:100F50005818CEF1020240F8142C40F80C3CCCF1A9
:100F60000202C4F10204C8F1020340F8207C40F8F8
:100F70001C6C40F8102C40F8084C40F8043CA84287
:100F800001F10301A9D1BDE8F08110B501F580623E
:100F90000B68053000F8053CD1E900439B0043EAAB
:100FA000242300F8043CD1E901431B0143EAA413C4
:100FB00000F8033CD1E902439B0143EA241300F803
:100FC000023CCB6810319B10914200F8013CDFD10C
:100FD00010BD2DE9F04300F5D07C4D694C680F68D9
:100FE000C4F58054C5F580588D698E68C7F5805763
:100FF0004FEA4419CA680B69C5F5805ECD69077070
:1010000049EA17274770C6F58056E7088770B7008A
:10101000C2F5805247EAD424C470D40144EA96143D
:10102000C3F580530471540844711C0144EA5222F0
:1010300082711A09C2714FEA480242EA13330372FD
:101040004FEA8E1343EAD8134372C5F580554FEA31
:101050009E038372EB0043EA9E236D09C3720573FE
:101060000D30844501F12001B7D1BDE8F0832DE9B1
:10107000F04300F5806C0F78203040F8207C4B78EE
:101080000D3147EA0327C7F30C0740F8207C11F81D
:101090000C5CC7F580576D0940F81C5C11F80B3CDF
:1010A00045EAC30540F81C5C11F80A3C45EAC32533
:1010B000C5F30C0540F81C5C11F80A6CC5F58055A9
:1010C000B60840F8186C11F8093C46EA8316C6F3D6
:1010D0000C0640F8186C11F8094CC6F58056E40966
:1010E00040F8144C11F8083C44EA430440F8144C0E
:1010F00011F8073C44EA4324C4F30C0440F8144CB0
:1011000011F8072CC4F58054120940F8102C11F87E
:10111000063C42EA031240F8102C11F8053C42EA62
:101120000332C2F30C0240F8102C11F8053CC2F552
:1011300080525B0840F80C3C11F804EC43EACE13F3
:10114000C3F30C0E40F80CEC11F8043C9B0940F87A
:10115000083C11F8038C43EA880340F8083C11F876
:10116000028C43EA8823C3F30C0340F8083C11F8CF
:10117000028CC3F580534FEAD80840F8048C11F86C
:10118000019C40F8102C48EA491840F8083CCEF57C
:101190008052C8F5805340F8207C40F81C5C40F831
:1011A000186C40F8144C40F80C2C40F8043C604596
:1011B0007FF461AFBDE8F083F0B500F510760D68FF
:1011C0004C68C5F50035C4F500342F0A8A68CB6831
:1011D0004770A700057047EA1545C2F500328570D3
:1011E000A509C570150145EA9434C3F500330471AF
:1011F000140944719C0144EA123282719A089B0AD4
:10120000C27103720930864201F11001D7D1F0BDDD
:10121000F0B500F580660C78103040F8104C4B7833
:10122000093144EA032440F8104C11F8073C44EA21
:101230000344C4F3110440F8104C11F8072CC4F512
:101240000034920840F80C2C11F8063C42EA831254
:1012500040F80C2C11F8053C42EA8332C2F311022B
:1012600040F80C2C11F8053CC2F500321B0940F87F
:10127000083C11F8045C43EA051340F8083C11F8F7
:10128000035C43EA0533C3F3110340F8083C11F84B
:10129000035CC3F50033AD0940F8045C11F8027C2F
:1012A00045EA870540F8045C11F8017C40F8104CD1
:1012B00045EA8725C5F5003540F80C2C40F8083C78
:1012C00040F8045CB042A6D1F0BD10B50446ADF5BF
:1012D0002C7D01A800F036FA01AA4FF42A7102A869
:1012E00000F04CFC01A800F04DFC204602A9FFF7DD
:1012F0008FFF0DF52C7D10BD10B500F1C0020B78ED
:10130000033000F8033C4C68103143EA841300F8C2
:10131000033C51F80C3CC3F3870300F8023C51F83E
:10132000084C43EA041300F8023C51F8083CC3F3AC
:10133000071300F8013C51F8044C43EA840300F819
:10134000013C9042DBD110BD2DE9F84306468846AA
:10135000002500242F02BFB206EB05393A1909EB2C
:101360008420414692B20134FFF7ACFC042CF5D145
:101370000135042DEDD1BDE8F883F8B505460E46DC
:10138000174600243A1905EB8420314692B2013405
:10139000FFF7DAFC042CF5D1F8BDF8B506460F4688
:1013A00000249500ADB22A1906EB8420394692B28A
:1013B0000134FFF78AFF042CF5D1F8BD10B50446BF
:1013C000FFF7FFFB04F58060FFF7FBFB04F500600F
:1013D000FFF7F7FB04F54060BDE81040FFF7F1BBF5
:1013E000F8B505460E46174600243A193119281952
:1013F00004F58064FFF7FDFBB4F5805FF5D1F8BD1F
:1014000010B50446FFF711FC04F58060FFF70DFCF2
:1014100004F50060FFF709FC04F54060BDE81040EA
:10142000FFF703BC10B50446FFF701FC04F580602C
:10143000FFF7FDFB04F50060FFF7F9FB04F54060E2
:10144000BDE81040FFF7F3BBF8B505460E4617465A
:1014500000243A192819314604F58064FFF7E9FBA6
:10146000B4F5805FF5D1F8BDF0B5ADF2044D054699
:101470000E4617464FF48064FFF7DBFB3A1931192B
:101480006846FFF7D6FB04F580646A46294628467D
:10149000FFF7AFFBB4F5805FF0D10DF2044DF0BD66
:1014A000F8B5164604460D4600F5805729462046F5
:1014B000324604F58064FFF7D7FFBC4205F580553E
:1014C000F4D1F8BD70B50D46044600F580562946A6
:1014D0002046E1F7EFF920B904F58064B442F6D173
:1014E00070BD0120FCE7FFF748BFFFF767BF10B5ED
:1014F0000446FFF772FB04F58060FFF76EFB04F50E
:101500000060FFF76AFB04F54060BDE81040FFF79C
:1015100064BBFFF765BFF8B505460E4617460024C5
:101520003A193119281904F58064FFF770FBB4F5F6
:10153000805FF5D1F8BDFFF763BFFFF773BFFFF71B
:1015400083BFFFF7BFBFF8B505460E461746002418
:101550003A193119281904F58064FFF77EFBB4F5B8
:10156000805FF5D1F8BDF8B505460E461746002454
:101570003A193119281904F58064FFF77DFBB4F599
:10158000805FF5D1F8BD2DE9F041002406460F46F5
:101590009046254608EB040239193019FFF77BFB0A
:1015A00004F58064B4F5805F0544F3D12846BDE8B6
:1015B000F08170B504460D4600F540762946204678
:1015C000C034FFF799FEB44205F58065F6D170BDD1
:1015D00001F6FF7222F4FF5323F01F03C91A0160C2
:1015E0005013704700F5BA33B3F53A3F06D810F5FB
:1015F000BA3F05D1081E18BF01207047012070476F
:10160000002070472DE9F041ADF5104DB4B034AC79
:1016100005460F4614A8202100F0F6FA264640F2AF
:10162000044314AA26F8603D10462223802100F0CE
:10163000C8FA0DF5A14014A950300DF50358FFF775
:1016400083FE08F11008314620460022FFF795FE80
:10165000314640460422FFF746FF0DF586502146ED
:101660004FF48052103006F06FF90DF586501030AF
:10167000FFF7C6FE0DF586520DF5A1410DF543505D
:10168000103250311030FFF70BFF0DF54350103082
:10169000FFF72BFF0DF543501030FFF74EFF0DF510
:1016A0004351103142460846FFF733FF0DF54350D2
:1016B0001030FFF71CFF0DF581460DF543525036F3
:1016C000103231461046FFF73EFF0DF543522846D3
:1016D00014A91032FFF759F92A4604A84FF4A4635D
:1016E000402100F06EFA3846CDE9014800962CAB57
:1016F00004AA14A9FFF764F900200DF5104D34B0C9
:10170000BDE8F0811FB5069C02940024CDE9004499
:10171000E1F72AF904B010BD37B504460D46ADF81F
:10172000042000F0F2F929462046202200F0FBF9BF
:101730000222204601A900F0F6F9204600F0F9F94E
:1017400003B030BD37B504460D46ADF8042000F0B7
:10175000FCF929462046402200F005FA02222046E4
:1017600001A900F000FA204600F003FA03B030BDF2
:101770002DE9F84F06460D4610461F464FEAD3089E
:101780000DB9BDE8F88FE1F753FA0023A0F1080284
:10179000002452F808BF06EBC309D2F804A0C4F134
:1017A000200EA4F1200C2BFA04F10AFA0EFE41EAF5
:1017B0000E012AFA0CFC083441EA0C01402C09F80D
:1017C000011BECD101339845E2D83E44013DD7E7F7
:1017D000C82210B50021044606F0DDF800220023DF
:1017E000C4E9322310BD2DE9F0470D4690469946D5
:1017F00000260027D0E9322319EB020243F100034F
:10180000AA4273F1000340D200221546D0E93231DA
:1018100091453CD819EB030341F10001C0E9323195
:10182000BDE8F0870C1943F100034FEAD40C04F033
:1018300007044CEA437CE40018F80130A4F1200AC4
:10184000C4F1200223FA02F200EBCC0E03FA0AFAEA
:101850004AEA020A03FA04F450F83C20DEF80430A5
:10186000624083EA0A0340F83C200131CEF804309C
:10187000D0E932432A1B8A42D4D8641BC0E93267BC
:10188000A1449044E1F7D4F9B4E70021F0E7D3187C
:101890004FEAD30403F0070318F8026045EB010197
:1018A000DB0044EA4174C3F1200CA3F1200126FAC5
:1018B0000CFC00EBC40706FA01F141EA0C0106FA40
:1018C00003FC50F834607B6886EA0C064B4001321A
:1018D00040F8346045F100057B6097E7F0B5D0E94A
:1018E0003235DC0803F00703DB0044EA4574C3F13A
:1018F0002006A3F1200522FA06F600EBC40702FA3F
:1019000005F535439A4050F834607B6801395640FC
:101910006B4021F0070140F8346001447B604B6864
:10192000002203F100434B600023C0E93223F0BDE5
:101930002DE9F8430026984617463346D7E9324248
:10194000B142054603D9A64273EB020C0BD3A41B8C
:10195000A1EB060962EB0302C7E93242B9F1000FBD
:1019600027D1BDE8F883B8EB040462EB4202A41966
:1019700043EB02024FEAD40C4CEA427C07EBCC0E5C
:1019800004F0070457F83C20DEF804E0E500C5F158
:10199000200CA5F12004EA400EFA0CFC42EA0C02ED
:1019A0002EFA04F42243013600F8012B43F1000320
:1019B000C4E73846E1F73CF9002424F00701E308C6
:1019C000394404F007024E68D20057F83330C2F1B0
:1019D0002000A2F12001D34006FA00F0034326FACA
:1019E00001F10B432B550134A14501D0A045E4D1B1
:1019F0002544A9EB04090022A8EB0404ACE72DE977
:101A0000F04F0C46B5B017460021C8221D46019084
:101A100005F0C1FF019B4FEAD408A3F10806A542D7
:101A200044D22246002102A805F0B5FF2A463946D5
:101A300002A805F089FF05F1D0030DEB03059DF821
:101A4000F83002AA05F8C83C04F1CF030DEB0304FB
:101A500014F8C83C63F07F0304F8C83C002400235A
:101A600096461F461D461EF8010BA3F12001C3F147
:101A7000200C00FA01F120FA0CFC9840083341EAEE
:101A80000C01402B47EA000745EA0105EBD156F867
:101A9000081F0134736879406B40A045C6E9001304
:101AA00002F10802DBD835B0BDE8F08F32464FF0C6
:101AB000000C002399469E4607EBCC0B1BF8010B4C
:101AC000A3F1200AC3F1200100FA0AFA20FA01F179
:101AD000984008334AEA0101402B40EA090941EAEB
:101AE0000E0EEBD152F8081F0CF1010C536881EA7D
:101AF000090183EA0E03E045C2E90013D9D8019831
:101B0000E1F796F82D1B274489E710B50446D0204D
:101B1000E6F7EAFA206010B96F20FEF7D1FBBDE8C6
:101B20001040FFF755BE134600680A46A821FFF78C
:101B30005ABE1F22A8210068FFF7D0BEA823126852
:101B4000FFF7F6BE0068E6F7E9BA10B50446D02004
:101B5000E6F7CAFA206010B96F20FEF7B1FBBDE8C6
:101B60001040FFF735BE134600680A468821FFF78C
:101B70003ABE1F2288210068FFF7B0BE8823126892
:101B8000FFF7D6BE0068E6F7C9BAF7B50746C82022
:101B90000D461646E6F7A8FA386010B96F20FEF732
:101BA0008FFB1F232A46009388213346FFF727FF28
:101BB00003B0F0BD88231268FFF7DABD0068E6F7CE
:101BC000ADBAF0B50C468827B4FBF7F50646A5B0CC
:101BD000114601A81A46FFF7D8FF29467D43304633
:101BE00001AAFFF7E7FF641B09D0012101AA02A89F
:101BF000FFF7E0FF224602A9701905F0A5FE01A833
:101C0000FFF7DCFF25B0F0BD01F0C0BB836800EB3F
:101C1000C101B3F5004F2CBF51F8220031F812007A
:101C2000704700EBC1018068B0F5004F2CBF41F850
:101C3000223021F812307047012208B5FFF7E6FF85
:101C4000D04008BD836800EBC101B3F5004F08D355
:101C50004B681AB143F001034B60704723F0010356
:101C6000FAE74B881AB143F001034B80704723F029
:101C70000103FAE753000122FFF7D3BF8368B3F5EE
:101C8000004F34BF04230823C91A081AC00870473C
:101C90008368481CB3F5004F34BF0423082308337E
:101CA000A0EBD300B0FA80F0C0F11F0070472DE91F
:101CB000F041174603220E460446FFF7A7FF86426F
:101CC000054607F104080AD10122E368BA4023EA75
:101CD0000203E360002344F82830BDE8F081314678
:101CE00002222046FFF792FF06462B4601460322BA
:101CF000204644F82850FFF794FF334629462046F3
:101D0000BDE8F0410222FFF78CBF70B50D46866832
:101D10000446FFF791FFB6F5004F014601D30128B5
:101D200009D02046FFF7B4FF294602462046BDE809
:101D30007040FFF7BCBF70BD2DE9F0470546FFF7C7
:101D4000A7FF05EB800ADAF8109088460646B9F13D
:101D5000000F1BD00327DAF8104028462146FFF772
:101D60006BFF404507D3324621462846FFF79FFFC9
:101D70002046BDE8F087032221462846FFF746FFAC
:101D8000013FCAF8100001D08145E4D14FF0FF3483
:101D9000EB680136B4401C40EAD094FAA4F2B2FADF
:101DA00082F2131D55F82340DEE72DE9F041144679
:101DB0000E460546FFF740FFA4EB0608371B074415
:101DC000424631462846FFF755FF3A462146284607
:101DD000FFF750FF4346002221462846FFF721FF28
:101DE00021462846FFF728FF3B46211800222846B7
:101DF000BDE8F041FFF715BF2DE9F0411646044656
:101E00000F46FFF719FF314605462046FFF714FF3E
:101E100005442A4639462046FFF72CFF3146204626
:101E2000FFF70AFF2B46311800222046BDE8F0419B
:101E3000FFF7F7BE2DE9F0410D4686680446FFF72F
:101E4000FBFEB6F5004F014601D3012832D02046F3
:101E5000FFF71EFF04EB80010E6996B90122E368CB
:101E600082401343E36002220D612B46294620463F
:101E7000FFF7D7FE032229462046BDE8F041FFF7D1
:101E8000D0BE022231462046FFF7C0FE0746034679
:101E900029462046FFF7C5FE032233462946204641
:101EA000FFF7BFFE39462B462046FFF7BAFE022257
:101EB0003146E1E7BDE8F081F8B50C460546FFF78D
:101EC000BBFE2618012231462846FFF79FFEC307B6
:101ED0000CD431462846FFF718FF21462846FFF765
:101EE000ABFE214622182846FFF786FF0022214636
:101EF0002846FFF78BFE271A012239462846FFF7AE
:101F000085FE10EA020613D139462846FFF7FDFE8A
:101F1000214632462846FFF779FE2246211A2846F6
:101F2000FFF76AFF214632462846FFF76FFE241A64
:101F300021462846BDE8F840FFF77CBF70B505682C
:101F400009B9002070BDAB6801F00704B3F5004F7C
:101F50002CBF0822042207341444E40804EBD10403
:101F60009C4228BF1C4628462146FFF7E5FE064650
:101F70000028E6D001462846FFF75EFEA04209D9B8
:101F80003444314628462246FFF70FFF21462846B3
:101F9000FFF750FF284601223146FFF753FEAB689A
:101FA000B3F5004F34BF0423082303EBC6031844E2
:101FB000C8E71146FFF7C2BF2DE9F04706460D46B8
:101FC000174698462BB34FF0000A98F8004093F854
:101FD0000190DB78A40004EB430498F802301C4421
:101FE0004444CA4509D339463046AC46D8F80420A3
:101FF00008F10803BDE8F047604714F8013B0AF117
:10200000010A204648F82340DEF79AFF01300444D5
:10201000E7E76FF01500BDE8F08770B500250246D0
:102020002846144614F8013B0BB9184609E098B14C
:102030008D4207D1702B04D0A3F140023A2A0BD86D
:10204000002070BDA3F140063A2E05D85378013523
:10205000941C002BE9D00020252B224608BF80F0DD
:102060000100DEE7002070470FB407B504A951F85E
:10207000040B0191E2F7ACF803B05DF804EB04B097
:102080007047002383F31188BFF36F8F0423184632
:1020900002DF70470FB407B504A951F8040B019192
:1020A000E2F796F803B05DF804EB04B0704710B5A2
:1020B0000369024613F0080009D11368D4689C42F2
:1020C0009BBF0120526AE31AD31A0B6010BD002394
:1020D0001846FAE713B501A90446FFF7E8FF20B157
:1020E000019BE268013B13440193606A019BC01AA3
:1020F000013802B010BD10B5044650182269636A59
:10210000D20702D5013B184010BD984228BFC01A23
:10211000FAE710B504460A46C168FFF7ECFF2369E9
:10212000E06023F00803236110BD38B50D46026A54
:102130008B00016843F00203044642F82130016835
:102140002A46FFF7D8FFE3686168984208BF236911
:10215000206008BF43F008032A46204608BF2361D9
:10216000FFF7C9FF606038BD2DE9F74FC768066A01
:102170009B4606EB8703009316F82730044603F0CE
:102180000303022B884691464FF000030BD01360E7
:10219000CBF8003023699B0713D44FF0000A504658
:1021A00003B0BDE8F08F56F8271013608908CBF80C
:1021B0000030EFD0FFF7ADFFE368A3604FF0010AF6
:1021C000EDE7E36906EB8700984716F827200546F8
:1021D00012F0010AE1D012F002021FD0B8F1000F94
:1021E00003D041462046FFF7A0FF61682A462046FB
:1021F000FFF781FFD4E902219142606006D12A46AF
:102200002046FFF778FF4FF0000AA060A268226026
:10221000E260226942F008022261C0E701462046DE
:102220000192FFF776FFE368A360B8F1000F04D0D6
:102230002168236A019A43F8212005EB0802CBF8B4
:10224000002021682046FFF756FF2369206043F0F5
:102250000803236116F827306FF3000306F82730D0
:10226000009BC9F80030A9E770B504461546FFF792
:1022700042FF2368834205D12369216023F00803CC
:10228000236170BD226AAB0043F0020342F82130A3
:1022900061682A462046FFF72EFF6060F1E738B5F7
:1022A000036904465B0706D5856AFFF713FF85427D
:1022B0002CBFA562A06238BDF0B564230546042694
:1022C00000200A2769B9F0BD9A42B2FBF3F40CD2A0
:1022D000012B0AD048B903FB14220A24B3FBF4F300
:1022E000D2B2013EF0D12E70EDE7303405F8014B4B
:1022F000B2FBF3F403FB1422B3FBF7F30139013013
:10230000C9B2C0B2D2B2DBB2DCE7A0F13003DBB2BB
:10231000092B02D800200B707047A0F16103052B38
:1023200002D85738C3B2F5E7A0F14103052B01D815
:102330003738F7E76FF015007047F7B5054601F03D
:10234000010000EB51069E424FEA510703D90026D7
:10235000304603B0F0BD58B128780DF10701FFF702
:10236000D4FF0028F3DB9DF80730013502F8013B6C
:1023700001351744BA42EBD015F8010C0DF10701F5
:10238000FFF7C3FF0028E2DB9DF807402401E4B219
:10239000147015F8020BFFF7B8FF0028D7DB9DF883
:1023A00007301C4402F8014BE4E7838B13F007036A
:1023B00005D10368002B0CBF002003207047022BBF
:1023C00005D1C08BB0FA80F0400980007047012B26
:1023D00005D10368002B0CBF0020052070470020AA
:1023E000704710B50C4600B111B96FF0150010BD63
:1023F000081D00F02FF80028F9D1A368032BF6D9A7
:10240000F3E72DE9F0410D4607461946281D904691
:102410001E46E2F7DDFC044638B133464246294603
:102420003846A446BDE8F0416047BDE8F08138B5C4
:102430000C46054658B151B10B6843B14B6833B1F6
:102440002022002105F0A7FA00202C6138BD6FF092
:102450001500FBE7034640B1426802F00302022A7E
:1024600006D0032A04D0012A05D06FF0150070476A
:102470001A68002AF9D0002098607047704770B43D
:10248000C66804680D0C06FB0544806A14FA81F1E5
:1024900084682468A44670BC60472DE9F043064672
:1024A000884617461C46C36A89B01D686D4205F010
:1024B00020051CB9204609B0BDE8F083AC42A14616
:1024C00028BFA9466A464B4641463046FFF7D7FF2C
:1024D0000028F0D16B46484502D1241A8044E8E731
:1024E00013F8012BBA4201D10130F4E70120E2E7F1
:1024F0000B6803F580330B60008A1A0CB0EB134FA6
:1025000004BFA3EB02430B60704700F06CBC38B50E
:10251000C26803680D0C090C044602FB0131806A95
:102520002D0400F044FE50B9E26A29462046E368D3
:102530005279FFF7B2FF002818BF6FF0050038BDD1
:10254000014610B507220446FF20EFF7A7FFE07110
:1025500010BD0368012B81BFC91801F1FF315B4237
:102560001940084670472DE9F0410C460546082100
:10257000C06AFFF7EEFF072207462146FF20668864
:10258000B4F80480EFF78AFFE379834208D1E86862
:102590004644C01BB04294BF00200120BDE8F0813A
:1025A0000020FBE738B505460C46FFF7DCFFA0B17D
:1025B000A08898B94FF6FF7322889A420DD108215E
:1025C000E86AFFF7C6FF6288EB689B1AB3FBF0F27C
:1025D00002FB1030B0FA80F0400938BD0020FCE763
:1025E000F7B504460D46C06A0821FFF7B2FF08237D
:1025F000074629682046FFF742FF0646002836D1E5
:102600002B683B442B60E26899B2D21B91422ED1D9
:102610001A0C09BF228AA3F5803102F1FF3203EBC5
:102620000241204608236A462960FFF728FFE8B9DF
:10263000E36A5A796B4613F8011B8A420CD10130C8
:102640000828F8D1636805E02B68BDF802201B0C50
:102650001B0413442B600AE069462046FFF7A2FFE3
:102660000028F1D129462046E2F7DEFB0646304637
:1026700003B0F0BD2DE9F043074690461C4689B0F3
:102680001BB9002009B0BDE8F083FD683B68080C69
:1026900005FB003313FA81F6FB6A1D686D42254085
:1026A0000CD0B86A83683146D3F804902B46C847EB
:1026B0000028E7D1641BE4D02E44A84422464146BA
:1026C000684605F041F9FD6A0DEB04002A68697956
:1026D000121B05F060F9B86A2B68826831465468AD
:1026E0006A46A047CEE710B50A460823416804466B
:1026F000FFF7C0FF08210246E06AFFF72AFF636880
:102700001B1A6360104610BD4FF6FF7313B500220D
:102710000446ADF800308DF8063083686846ADF8A1
:102720000420ADF80230FFF70BFF69462046FFF7A3
:10273000DAFF02B010BD2DE9F04F082195B0044634
:10274000C06AFFF706FF0546636820461B0C1B04A2
:1027500003A90393FFF7CCFEDDF80CB0E66806AAE8
:102760005E44761B0823314620460496FFF787FE19
:10277000021EC0F2A980E36A06AA5979002312F862
:10278000010B814240F08F800133082BF7D1A36801
:1027900062682B449A427ED259462046FFF7B7FE24
:1027A000024691E0BDF81A30360C36041E440496F9
:1027B00008AA204604A9DDF810A0FFF711FF024681
:1027C000002840F08180204608A9FFF7CCFE18B908
:1027D000019B9A45ECD1DAE7636805930AAA204683
:1027E00005A9059EFFF7FCFE024600286CD1BDF846
:1027F0002820BDF820309A4227D06268059B9A4273
:10280000ECD15645E4D1BDF82430002BE0D0BDF822
:1028100022704FEA1A431B041F44A36808A8ADF8AE
:102820002230FFF78DFEE36ABDF824901E687642E1
:1028300006F02006B9F1000F0ED1204608A9FFF7D7
:1028400052FF02460028C3D03EE020460AA9FFF707
:102850008AFE0028D1D0D4E74E45B04628BFC846EE
:102860000CAA434639462046FFF709FE024658BBEC
:102870004346A1680CAA2046FFF7FCFE41460246EB
:10288000E06AFFF766FEA3680344A360E2B9A9EB20
:1028900008094744CEE72046FFF736FF02460028E6
:1028A0003FF47AAF10E0731B204606A90193FFF7AF
:1028B00079FE00287FF476AF204604A9E2F7B4FA47
:1028C000024600283FF474AF104615B0BDE8F08F03
:1028D00000231A46E2F7BCBC13B500240094E2F7CB
:1028E0008DFD02B010BD0A46012100F07CBA0369DB
:1028F000D3F8780370476FF085007047084608B535
:10290000114618B103F009FD002008BD6FF0010069
:10291000FBE7084608B5114618B103F0F5FC0020A6
:1029200008BD6FF00100FBE713B5044608462169B6
:1029300001F55D71D1E8AF1F022909D15BB168B122
:1029400000931346D0E90912F4F7FEFC02B010BD63
:102950006FF00F00FAE76FF04C00F7E76FF001003F
:10296000F4E72DE9F8431C46DDE90853164698467E
:102970000F46006939B34AB344B36A1C43F10003FC
:10298000022A73F1000324D2226842B1D0F87833CE
:102990009A4204D96FF00B002360BDE8F88305EA82
:1029A000080909F101035A425A412146384603F009
:1029B000BDFC88B9B8F1FF3F08BFB5F1FF3FF0D0CB
:1029C0006FF06800E9E76FF00100E6E76FF01500CF
:1029D000E3E76FF08500E0E730600020DDE703F01B
:1029E0000ABD38B50D46044600F148012846DEF719
:1029F00095FA30B1284604F1C001DEF78FFA20B90C
:102A00000120782303FB004038BD0020FCE702F5DD
:102A1000307102F5347003F0D5BFD0F8B030A0F5B6
:102A20003070003B18BF012300EB8300D0F8AC02EC
:102A300003F00BBCC86828B1096983681B680BB137
:102A4000002218477047F5F7BDBDD0E8EF3FC0E85A
:102A5000E21F002AF9D1704710B5436804691B686A
:102A6000C4F8703304F5EC7003F00EFF002104F598
:102A70005D70FFF7EAFF084610BD2DE9F7431746E2
:102A80000D4691B30B7883B3D0F8C440A4F5E27936
:102A900014344FF0FF324FF0FF332046F5F7C2FCFD
:102AA0002A46484601A9E2F7F9FD019E80462EB963
:102AB000204603B0BDE8F043FFF7C5BF58B120463C
:102AC000FFF7C1FF3B462A463146484603B0BDE802
:102AD000F043E2F7C1BD1F22294606F1480004F089
:102AE00084FF86F86780B766E2E703B0BDE8F0834D
:102AF000030103EB4003093323F0030303EBC0039B
:102B000048430330083320F0030018444000704766
:102B10002DE9F84306464FF001080569D0F8049006
:102B200005F55D77D7E8EF3F022B03D1C7E8E28FC9
:102B3000002AF7D141D195F86C30002B40D195F89F
:102B4000E430002B3CD12846D5F8701300F054F83F
:102B5000044680BB73683669D3E9050183681B6945
:102B60003BB322469847044628BB414606F53470DD
:102B7000F6F7AAFCD6F8500305F5F876E4F76CFEF4
:102B80003046D9F8001000F072F8044698B90146B2
:102B9000D022304604F0FFFE21464FF4F67228465C
:102BA00004F0F9FE21463846FFF74FFF2046BDE806
:102BB000F8836FF057040221F5E76FF07704F5E72B
:102BC0006FF00F04F2E710B50846029B114652B9A8
:102BD00093F86C202AB90122184683F86C20E2F79A
:102BE00049FE002010BD1A6F9468002CF9D05A6F6E
:102BF000A047F6E703F0FFBB38B50D46044660B1C9
:102C0000F03003F0B7FD0DB1002038BDC4F8C45159
:102C1000C4F8C851C4F8CC51F6E76FF01500F4E7DA
:102C20000268D2F8C83013B1D2F8C4101847704700
:102C3000704783690BB9C36B1970704701207047E7
:102C40008369012B03D1C36B1878C0B2704704208D
:102C5000704738B5C41DE4002046F8F7FFFE05466E
:102C600018B12246002104F096FE284638BD38B53A
:102C700004463822002104F08EFE1822002104F1BF
:102C8000A40004F088FE1822002104F18C0004F056
:102C900082FED4F8C000F4F709FBD4F8BC00F4F7C6
:102CA00005FBD4F8803004F154050BB12846984751
:102CB00038220021284604F06EFEF4F75BFA00206B
:102CC00038BD03785B075FBF03684288C3F34A23BC
:102CD00003EB12105DBF173020F0070080080020C2
:102CE00070470020704702F012BE0346D3E8EF0F92
:102CF000421CC3E8E12F0029F8D170470120E3F717
:102D000075B8002070474368DA7101224368196082
:102D100043685A71E3F75CB870B515460C4669B163
:102D2000D2E901369B1B99420AD813680A4601462C
:102D3000981904F009FEAB682344AB60204670BDCF
:102D40006FF01B00FBE770B50E46154619460446AA
:102D500018B9BDE87040E3F749B833B1C2F34A236C
:102D60001030120D184404F0EFFDC4E9005620465F
:102D7000BDE87040E3F7B2BA2DE9F3415F1C4FEABA
:102D80008708064608F1170020F0070080080C4667
:102D90001546E3F7D5F800238DF80470ADF805303B
:102DA0008DF8073068B10346019AA8F1040143F891
:102DB000102F2A46294452F8045B8A4243F8045FE4
:102DC000F9D100233146A20102F4E07242EA48221E
:102DD00022F07F4222F4700222F03F0202B0BDE8EE
:102DE000F041FFF7B0BF07B50123019201AAFFF739
:102DF000C3FF03B05DF804FB07B5CDE90023022350
:102E00006A46FFF7B9FF03B05DF804FB1FB5CDE9D3
:102E10000123069B01AA03930323FFF7ADFF05B02F
:102E20005DF804FBF8B506460D4614461F4604B986
:102E3000F8BD214628463A46B047241A0544F6E72D
:102E400010B542680446D2E9002381680068FFF7A4
:102E5000E9FF002263681A6010BD0A2838B50446ED
:102E60000D4602D10D20E3F71BFB29462046E3F770
:102E700017FB002038BD2DE9F043054687B0084612
:102E80000E8891F800900C46D1F808801746E3F7B9
:102E9000DBFA011EC6F38216C9F3C2091EDB4846DF
:102EA000E3F72EFA0346214651F8102B6088C2F34F
:102EB0004A22002A01EB020408BF00210022C0F3CD
:102EC0000B10CDE90407CDE90214284641460196CE
:102ED0000092E3F711FB07B0BDE8F0830023E2E7BF
:102EE000436800201B685B689961704701212DE9E8
:102EF000F04143681B685A6811771D682F68D5E94F
:102F00000136D3E900481CB96B681C60BDE8F0814C
:102F1000214630464246B847241A0644F3E7436840
:102F20001B681868E3F776BC70B543680C461D68EB
:102F30006B689869E2F736FF214603460F2228683E
:102F4000BDE870401847704770B54C680368A342ED
:102F500001D2012070BD8A682244934201D300202F
:102F6000F8E74E69D1E90325B54203D36FF00B03AF
:102F70008B61F4E71B1B42F835304368086902EBAC
:102F8000C00253600B6901330B61E2E737B50C46B1
:102F9000C0B201A91546E3F7B5FC00280CDB019887
:102FA00050B121462A46E3F7D3FC04460198FFF7C7
:102FB000CAFF204603B030BD6FF01504F9E70020CA
:102FC000E3F712BD00221146E3F7DCBC034610B55F
:102FD00008460AB10021116053B1D0B1411E11F869
:102FE000010F80B113F8014BA04201D13D28F6D169
:102FF00000200EE0013313600AE03D2808D0B0FA4B
:1030000080F0400905E018782F28F6D1002AF1D188
:10301000012010BD10B509B100230B6058B1034663
:103020001A781C4601332AB13D2A03D02F2AF7D142
:1030300001B10B60201A10BD0830704710B513465F
:1030400014460A4681880068FFF746FCA042A8BFE4
:10305000204610BD2DE9F04F97B004469A468946A8
:10306000019200297CD0DAB1BAFA8AF67609258F66
:1030700004F1080B0135ADB2A8466F1EBFB2B7F51B
:10308000004F26D04A233946584603AAFFF724FCAE
:10309000002807DA10F1020F08BFB8463D46ECE7FA
:1030A0000126E4E700F158030DEB0300002303A918
:1030B00000F84C3C4846DDF731FF0028EED126B33E
:1030C00039465846FFF704FC002805DA17B0BDE87A
:1030D000F08FBEB30020F9E705F57F513F31584628
:1030E00089B2FFF7F5FB0028F0DB238FBB42F1D15B
:1030F0002246013B22F8383F4FF400410223584654
:10310000E2F7A6F800EAE070E0E7B846B8F5404F0D
:1031100029D0238F04F10805434515D308F58041D4
:1031200053462846019A89B2E2F792F80028CDDB8F
:10313000002ECFD04846DDF703FF4A4603464146FE
:103140002846DDE70126E1E7224602234FF400414D
:10315000284622F8388FE2F77BF80028DEDAB5E758
:103160006FF01500B2E76FF00B00AFE773B5C36BFC
:1031700004460363C3B100F108063046E1F7B2FE2E
:10318000054670B902234FF4004130460DF10602A6
:10319000FFF7A2FB0028B4BF4FF40043BDF8063090
:1031A0002387284602B070BD6FF01205F9E72DE9BC
:1031B000F04187680446FB680D4616469847BB6891
:1031C0002BB1324629462046BDE8F04118476FF042
:1031D0005700BDE8F081FEE704F0DDBB04F0B4BBAE
:1031E00001460068E3F7C0BF08B5E4F719F8BDE889
:1031F0000840E4F739B80A460121FFF7F4BD002181
:103200000120E3F7B1BF436E83F30B8870476FF083
:103210008500704761B662B680F31188BFF36F8F87
:10322000704708B572B6002383F31188BFF36F8F20
:10323000E5F7F4FA50B1BFF34F8F30BF00BF00BFC6
:1032400000BF00BF00BF00BF00BF00BF62B6BFF33A
:103250006F8F08BD10B5044672B6002383F3118842
:10326000BFF36F8FE5F7DAFA50B1BFF34F8F20BF8E
:1032700000BF00BF00BF00BF00BF00BF00BF00BF56
:1032800084F31188BFF36F8F62B610BD40E800F37E
:1032900013F4803FD8B208BF6FF01500704730B507
:1032A0000C684B6885B00A894D890094013B24F075
:1032B0001F04234402F01F0242EA451223F01F03B9
:1032C00069468DF808200393E4F738FC05B030BD5B
:1032D00008B5D1E904319847002008BD08B5E4F7E6
:1032E000BBFE002008BD7047C16A8968E4F784BF4F
:1032F00003680B6043684B6083688B60704710B550
:103300000C460121E5F702FA047010BD10B5036800
:1033100001211C78E5F71AFA204610BD10B50368A4
:1033200002211C88E5F712FA204610BD0268806869
:10333000101A70478388C2888168D21A03685B1AA2
:10334000D01A704738B50D4614461146E5F73AFADB
:1033500022462946BDE8384004F0F6BA10B50C46BE
:103360000121E5F72FFA047010BD4FF05023012220
:1033700070B50C460546C3F814260020E5F7F8FAA8
:1033800028462346BDE8704000211847012208B5B1
:10339000E5F7B4FB002818BF6FF0040008BD30B596
:1033A0000546B1F8032087B04B79ADF808200C46EC
:1033B0000D2200210DF10B008DF80A3004F0EBFA1C
:1033C00002AA11462846E8F701FA10B1002007B01A
:1033D00030BD029B0322ADF8043020461B0C01A92E
:1033E0008DF8063004F0DFFAB0FA80F04009EEE71D
:1033F00070B50D4600210446FFF70CFE0D2818D1CC
:10340000237B302B13D0312B13D1012305F8063B3E
:1034100004F10C062A462046012302210234FEF75D
:103420008CFFB44205F1FF35F4D1002070BD0023BC
:10343000ECE76FF01500F9E70020704710B50C4677
:10344000017822788AB08A420FD06946E5F7BAFD42
:10345000204605A9E5F7B6FD10220DF115010DF185
:10346000010004F0A0FA0AB010BD012A06D0022A19
:1034700007D072B940886388C01AF4E7406863686F
:10348000FAE71022611C01300AB0BDE8104004F0D8
:103490008ABA6FF01500E6E7042A0AD0102A0DD088
:1034A000022A4FF0000315D103700B8843800120DE
:1034B0007047012303700B684360F8E7022300F8AC
:1034C000013B01F1100351F8042B994240F8042B01
:1034D000F9D1ECE718467047012310B506210446E0
:1034E00000F8013BE8F760F918B9A37963F03F03EE
:1034F000A37110BD0B6803608B8883808B79837107
:10350000037823F00203037070470078C0F3400093
:10351000704738B50446807AE4F72AFE61690546AB
:1035200049B1637ADB0704D4C36A20461B689B68F1
:1035300098470023636121462846BDE8384003F0E0
:10354000CEB908B5E6F7D4FDBDE808400820E5F798
:1035500075BD08B5FFF7DDFFBDE808400220E5F7BF
:103560006DBD438A23B9C068B0FA80F04009704746
:1035700000207047D0F8A43083B15A7CD1070DD514
:10358000D2060DD51B7C102B14BF032304234372DA
:10359000807A98428CBF0020012070470223F6E712
:1035A0000323F4E70F2807D80D280BD8052808BFF8
:1035B000032018BF02207047132803D01A2808BF21
:1035C0000120F6E701207047FFF70DBC034610B558
:1035D000D3E8EF0F40EA0102C3E8E42F002CF7D153
:1035E00010BDFFF709BC0023E2F798BED0E8EF3F1B
:1035F0000B40C0E8E23F002AF8D1704710B5E7F76A
:103600006FFE04466FF480711030FFF7EFFF204625
:10361000BDE8104000F0F6B9C368DB78012B01D19A
:10362000FFF7ECBF7047C0F30723537000231070FF
:10363000000ED070C1F30720090E93701371507102
:103640009371D1717047C368DB78012B01D1FFF70B
:10365000D5BF704738B504460D46E5F743FF5F30E8
:1036600005D129462046BDE83840E5F7EDBE38BD16
:103670000120704710B503884288934219D8052B62
:1036800017D9B2F5486F14D88388B3F5FA7F10D2F2
:1036900040F67644C088A0F10A0189B2A14208D858
:1036A00001339BB25343B3EB800F34BF01200020A2
:1036B00010BD0020FCE70020704708B5EEF7DAFBEC
:1036C00018B1408A003818BF012008BD70B5064601
:1036D0000D464FF0FF304FF0FF31E6F7DDFA0446BC
:1036E00068B103210C30E5F76DF80680857021463E
:1036F000BDE87040002240F20640E6F767BD6FF07B
:10370000680070BDC368187808B1E6F7C9B91846F3
:10371000E6F742BE38B54FF0FF3105464FF0FF30B7
:10372000E6F7BAFA044668B102210C30E5F74AF828
:103730002B88214603800022BDE8384042F2160063
:10374000E6F744BD6FF0680038BDF8B507460E4691
:103750004FF0FF304FF0FF311546E6F79DFA044673
:1037600078B106210C30E5F72DF83B8846800380C0
:1037700085802146BDE8F840002242F22200E6F7AB
:1037800025BD6FF06800F8BD70B506460D464FF0D8
:10379000FF304FF0FF31E6F77FFA044618B9BDE875
:1037A0007040E5F747BE03210C30E5F70BF80680C3
:1037B00085702146BDE8704042F22100E6F74ABC20
:1037C000072208B504F0EFF8B0FA80F0400908BD10
:1037D000FFF709BB0B6803608B8883808B7983714B
:1037E0007047D0E8AF0F7047F8B50F46144638BBA6
:1037F0004FF0FF304FF0FF31E6F74EFA054610B3B9
:1038000027210C30E4F7DEFF224606463946FFF753
:10381000E1FFC31D04F1100152F8040B8A4243F882
:10382000040BF9D11022002106F1170004F0B3F8BF
:103830002946BDE8F840002242F22700E6F7C6BC60
:103840006FF01500F8BD6FF06800FBE7037A0246E1
:103850005B0705D501462E3211F8010BFFF7C4BFF7
:10386000704738B54FF0FF3105464FF0FF30E6F7AF
:1038700013FA044658B129460C30FFF76FFD214674
:10388000BDE83840002242F22D00E6F79FBC6FF001
:10389000680038BD10B400F11003D3E8EF2F22F414
:1038A0000051C3E8E41F002CF7D1930403D5012194
:1038B00010BC00F0A5B810BC704770B5044686B0C7
:1038C0000E4601300131FFF77BFF2E341622002116
:1038D0000546684604F05FF810226946204604F069
:1038E00062F840B11022204606F12E0104F05BF888
:1038F000002808BF0125284606B070BD00F110025F
:1039000008B503461046FFF76CFFC1050DD5D2E898
:10391000EF0F40F40050C2E8E10F0029F7D118463C
:10392000BDE80840002100F06BB808BD10B50C469A
:1039300030B919B1EEF74AFA00B1441C204610BD67
:103940000024FBE718B111B10846E7F793B86FF010
:103950001500704713B5044680B106216846E7F7A5
:1039600023FF48B99DF80530694603F03F03204620
:103970008DF80530FFF7E6FF02B010BD6FF01500BF
:10398000FAE7003818BF01207047037AD90704D539
:1039900023F001030372E7F7D1B9990704D523F0A7
:1039A00002030372E7F7E4B9704700207047D0E8DC
:1039B000AF0F704770B506460D464FF0FF304FF021
:1039C000FF3186B0E6F768F90446B0B10C3095B126
:1039D0000121FFF7C3FC204606F1100203A90823CA
:1039E0000095E6F747F90022214642F20A00E6F781
:1039F000EDFB06B070BD2946EBE76FF06800F8E715
:103A0000FFF7D8BF1830F5F72BBF0368D90444BFC0
:103A100043F48063036003689A0444BF43F4006383
:103A2000036070470368D90444BF43F480630360B4
:103A300003689A0444BF43F40063036070470023A3
:103A40000B60436813B9C0E9001170471960416009
:103A50007047D0F8B400003818BF01207047FFF756
:103A6000CBB9034610B5D3E8EF0F40EA0102C3E833
:103A7000E42F002CF7D110BD437B072B01D1E8F7D1
:103A8000FDB970472438E8F78FBA002203680BB9F4
:103A9000184670478B4210D10B6842B942680360E8
:103AA000914200D14360002301200B6070471360F6
:103AB0004368994208BF4260F5E71A461B68E6E78B
:103AC00010B50446006918B1E4F73AFD00232361FC
:103AD00010BD10B50446D0F8A40028B9207A04F12E
:103AE0007001EEF7C7F938B1E278438A2AB913F0CA
:103AF000210F14BF0120002010BD13F0240FF8E7A0
:103B000038B583780446012B25D1437B072B25D17B
:103B10000B0601F07F050BD54FF400410430FFF791
:103B2000A0FF2046A572EDF755FB88B9002038BDEF
:103B3000437AAB42FAD2837AAB42F7D2031DD3E881
:103B4000EF1F21F40041C3E8E21F002AE9D0F6E7A5
:103B5000637AA372EBE76FF01500E8E76FF07F0080
:103B6000E5E78378012B0CBF407A0020704738B519
:103B7000037A04468B42154615D100F170010722E5
:103B8000284603F010FF80B1E378072243B904F11F
:103B90007E01284603F007FFB0FA80F0400938BDE7
:103BA00004F17701F5E70020F9E70120F7E78378D2
:103BB000012B0CBF703000207047F8B507460D464A
:103BC0004FF0FF304FF0FF31E6F766F80646D0B110
:103BD0000E210C30E4F7F6FD04460E22002103F01E
:103BE000DAFE3B88314623802B88002263806B8875
:103BF00042F21300A380AB88E380EB882381BDE809
:103C0000F840E6F7E3BA6FF06800F8BD8378012B5F
:103C100001D101F058B96FF0150070478378012B7E
:103C200001D1EDF7CFBC6FF015007047704710B5AC
:103C30000446F6F7CFFC234653F84C2BD2F8B410C9
:103C400061B9E164D2F8B81061B9C2E92D33F6F771
:103C500033FD2068BDE81040E8F762BB8B42F6D028
:103C60000968EDE70B60C2F8B830F0E770472DE95E
:103C7000F843446B002C55D054F8085905B1083D61
:103C8000002701E02C461D46D4E900682EB3F6F764
:103C9000A1FC0022D6F8B43004F14C0163B1994282
:103CA00032D1E36C42BBD6F8B820C6F8B4309142AA
:103CB00001D1C6F8B830E764F6F7FEFC04F130092C
:103CC000002200234846F4F735FE0646F8B9D8F836
:103CD00004300BB1204698472760E3680BB12046BB
:103CE0009847D8F820300BB120469847D5B1AB683B
:103CF000002BC7D0083BC5E71360D6F8B83099420F
:103D000008BFC6F8B820D6E71A461B68C6E7B369ED
:103D100023B16FF06D02F169206898473046E4F7EF
:103D20000FFCCDE7BDE8F88338B5436B0D46BBB15A
:103D3000184650F8084904B1083C53F8043C9B6805
:103D40000BB1294698475CB12046A468436824B16A
:103D50009B68083C002BF4D1F6E79B68002BF0D160
:103D600038BDF8B50F4600210546164600234FF42E
:103D700080320846E9F728FA044620B92846BDE80B
:103D8000F840E9F7EDB904210C30E4F71BFD0570AC
:103D9000477046802046F8BD406B28B1838B0838B9
:103DA0008B4201D08068F8E7704710B54AB989B2F4
:103DB000FFF7F2FF28B143689B6913B1BDE81040DB
:103DC000184710BD38B50D460521FFF7E5FF002364
:103DD00029461A46E9F730FA044610B12846E4F7B6
:103DE000AFFB204638BD406B28B1838908388B4231
:103DF00001D08068F8E7704770470346006828B133
:103E00005968026888421A6008BF5A6070470346C2
:103E1000002003B970471A8A5B681044F9E710B5AF
:103E2000D4680231237813B92170012010BD8B4270
:103E3000FBD0038A023B038200201061F6E7FEF705
:103E4000D2BF73B51446014605464FF495722068FB
:103E500000F0EAFD207530B92946206800F092FE96
:103E600020B908232375002002B070BD237AB3B1B6
:103E7000A3F11802534253419B000193638A2946E0
:103E80000093AE68238AE2682068B047002808DB08
:103E9000238A98420CD1002301202375E4E70223F2
:103EA000EBE710F1FF0F03D34042C0B22075DAE711
:103EB0000E20FBE71FB5CDE9012300231A4600932E
:103EC000EBF7F8FC05B05DF804FBF8B59368054620
:103ED0000F461446166863B9506801210C30E4F7A8
:103EE00071FCA0602B681B78002B14BF02230123F8
:103EF0000370A3681B78012B03D0022B1FD0002076
:103F00001CE02B681B78002BF9D1606804210C3071
:103F1000E4F758FCE06007802A68E36852885A801A
:103F20006168728D738B088A9A4294BFC0EB02005D
:103F3000C0EB0300042894BF00200120F8BD2B68CB
:103F40001B78022BDBD1606812210C30E4F73AFCBD
:103F5000E06007802B68E268591C0232113351F887
:103F6000040B994242F8040BF9D16168728D738B8E
:103F7000088A9A4294BFC0EB0200C0EB03001228EB
:103F8000D9E770B40568AA6A52B3136803B1B03BAD
:103F9000A2F1B0040022114600E0B03B844207D0F9
:103FA000668D648BB14238BF3146A24238BF22468B
:103FB0001C462BB1D3F8B030002BEED18442EFD1A8
:103FC000438D408B8B4201D890420BD9824238BF3F
:103FD00002469942286838BF194670BCECF704BB0A
:103FE0001146EDE770BC7047D0680431037813B90F
:103FF0000170012070478B42FBD0002091680B8A32
:10400000043B0B82106170472DE9F041044688683B
:10401000FFF7FDFE638D628B0D46934228BF13466A
:1040200083421DD30027E165D1F808808F60F6F741
:10403000D1FA41462046E9F715FC064638B1C5F8E5
:104040000880E765F6F738FB3046BDE8F081618D02
:10405000638B2846994228BF194600F090FDF1E78E
:104060006FF07906F0E738B504460D46E9F7FAFB3C
:1040700030B1294604F16000BDE8384002F024BCAC
:1040800038BD70B504460E46002200230846F4F7FA
:1040900051FC054658B101462046E9F7E3FB0446CA
:1040A00018B12946304602F01AFC204670BD6FF068
:1040B0000104FAE72DE9F04F044685B0104690461A
:1040C0009946FFF7A4FE638B628D8B46934228BF0F
:1040D0001346834240F29380636840460393E4F7BB
:1040E00089FA4FF0000A06464046FFF790FE628BC1
:1040F000638D06F10C079A4294BFC0EB0205C0EB3A
:1041000003053846FFF716F9854217D24046FFF7F8
:104110007EFE628B638D9A4294BFC0EB0205C0EBBA
:1041200003058DBB98F80A00E4F722F8002200236B
:10413000FFF7DAF8064630B9574636E03846FFF75B
:10414000F9F80546EDE701464046E4F799FA40469E
:10415000FFF75DFE628D638B06F10C079A4294BFF8
:10416000C0EB0205C0EB03053846FFF7E3F88542D4
:104170001FD24046FFF74BFE628D638B9A4294BF7D
:10418000C0EB0205C0EB0305F168328ACDF8009060
:10419000DBF804700A4403985946ABB2B847071ECF
:1041A0000CDABAF1000F18BF5746384605B0BDE823
:1041B000F08F3846FFF7BEF80546E5E70E9BB3B92A
:1041C000394606F10C00E4F7FDFA4046FFF71FFE02
:1041D000638D628BB944934228BF13468342BA442D
:1041E0001FFA89F9A8D9AF423FF47EAFA4E7394658
:1041F00030460F9A0E9B98470028E1D19CE7002794
:10420000D3E70022036803B970478B420FD10B68D4
:104210003AB942680360914200D1436000230B60C9
:10422000704713604368994208BF4260F6E71A4638
:104230001B68E8E7D0E8EF3F43F00802C0E8E12F51
:104240000029F7D1C3F3C00070472DE9F0410646BD
:1042500090461F460D46B9B104220121E9F732FC10
:10426000044618B9BDE8F041E9F76EBB04210C30F3
:10427000E4F7A8FA0570A0F80180C770214630461F
:10428000BDE8F041FFF7EFBEBDE8F08137B50C4661
:10429000054601F10C00FFF741F8228A034601921E
:1042A000E2681221009228461322E9F757FC03B076
:1042B00030BD37B50C46054601F10C00FFF72EF86E
:1042C000228A03460192E2682846009200221146A3
:1042D000E9F744FC03B030BD00232DE9F341176832
:1042E0001446D7F8048001461373064695224046CB
:1042F00000F09AFB0546207330B93146404600F085
:104300003FFC28B908232373002002B0BDE8F081E8
:10431000CDE9005531463846A388A268FFF7CAFEAA
:10432000002807DA10F1FF0F32BF0E204042C0B262
:104330002073E9E70120E8E700232DE9F34117683E
:104340001446D7F80480014613730646952240466A
:1043500000F06AFB0546207330B93146404600F054
:104360000FFC28B908232373002002B0BDE8F081B8
:10437000A068798D7A8B038A914294BFC3EB0103C5
:10438000C3EB0203012BEFDD02210C30E4F71AFA34
:10439000CDE900558046A38831463846A268FFF72C
:1043A00089FE031E06DA13F1FF0F2ABF5B420E23BC
:1043B000DBB2D8E70120A8F80030D6E707B5CA6815
:1043C0000C211388528800920D22E9F7DFFE03B01A
:1043D0005DF804FB07B50022CB680A211B88009218
:1043E0000B22E9F7D3FE03B05DF804FBF8B5CB6808
:1043F00005461F88BBB2162B19D90321E9F788FDA2
:104400000646B0B102210C30E4F7DCF900246FF06D
:1044100008033146037044702846FFF724FEF72353
:1044200028466B836F85FFF7ACFD2046F8BD04205E
:10443000FCE70E20FAE7F8B5054650F8044C071FD4
:1044400000F15403D3E8EF1F21F00401C3E8E21F99
:10445000002AF7D1FCB1AB6D83B9636873B1201D3D
:10446000FFF7CBFC064601463846FFF7CDFD90B17D
:1044700063683360A368666003B9A660384605F1D7
:104480005C01FFF7FEFD30B1384604F10C01BDE8D8
:10449000F840FFF7F6BDF8BD2DE9F041846A074604
:1044A00034B354F8B06906B1B03E002307F10408F4
:1044B0001D4601E034461646E26D92B905B983B94E
:1044C0004046FFF79AFC054650B101462046FFF7EB
:1044D0009BFD68B17B682B60BB687D6003B9BD60E4
:1044E00023462EB1D6F8B020002AE3D0B03AE1E757
:1044F000BDE8F08138B50546D1E8AF3FDB0716D5FA
:1045000050F8040C98B1AB6D8BB90430FFF775FC13
:10451000044660B10146281FFFF776FD38B155F813
:10452000043C5A6822609A685C6002B99C6038BD9D
:10453000EBF70EB90A8A0023C968EAF7BDB9012072
:10454000704708B5EAF716F878B1836A6BB1B03BEB
:1045500003F15802D2E8EF0F20F00800C2E8E10FA3
:104560000029F7D1D3F8B030F0E708BD08B5042131
:10457000FFF739FC20B15430D0E8AF0FC0F3C000D2
:1045800008BD70B51C460E461546E9F745F90123EE
:10459000C0E90365C380047570BD106000207047DA
:1045A00010B5029CA36833B1B1F5807F28BF0E21FE
:1045B000CAB221469847A37DE268013BDBB2A375EE
:1045C00022B11BB92046BDE81040104710BD106055
:1045D00091800020704700207047FEF70DBCF0B5B9
:1045E000076806463D78144689B0E5B97B88B3F57F
:1045F000245F04D011D8A3F52053032B13D8ADF8B2
:104600000A10022220460DF10A01EAF719FB70B1E7
:104610006FF01502C4F85C2106E003F55643FF3342
:104620009BB2042B1DD90125284609B0F0BD7B881B
:10463000022220460DF10A01ADF80A30EAF700FB2C
:104640000028E5D1009003AA132331467768B847C4
:10465000021EDFDB03A92046EAF7F2FA0028E2D0C7
:10466000D6E7ADF80A10022220460DF10A01EAF75A
:10467000E7FA0028CCD17B880222ADF80A300DF190
:104680000A01E8E7072208B503F08DF9B0FA80F0D7
:10469000400908BD10B503780446934207D10130A4
:1046A000FFF7F0FF002814BF2046002010BD0020B7
:1046B000FCE7034610B5D3E8EF0F40EA0102C3E878
:1046C000E42F002CF7D110BD034610B5D3E8EF0F4F
:1046D00000EA0102C3E8E42F002CF7D110BD0B68FB
:1046E00003608B8883808B7983717047D0E8AF0F2C
:1046F0007047FEF778BB70B50D46064611F8010B02
:10470000E8F770FB044610B12C89E7F7AFFD6B8921
:10471000A34207D0EB686C8123B121463046BDE847
:104720007040184770BD38B5BDF810401546A2421C
:104730000CD84CB16BB1A21A8A42A8BF0A4694B2F7
:104740002246591903F000F9204638BD6FF00600E3
:10475000FBE76FF00D00F8E730B585B0C968144687
:104760001D46EAF783FB00B100890223ADF80E0075
:10477000009329462046BDF820200DF10E03FFF7D7
:10478000D2FF05B030BD1FB50C461946E368104690
:104790001C78BDF818203CB110240133069404B0F5
:1047A000BDE81040FFF7BFBF5B88ADF80E300223B5
:1047B00000930DF10E03FFF7B6FF04B010BD30B546
:1047C0001D46002385B014468DF80C30EAF720FB17
:1047D00010B1037A8DF80C3001232946009320464E
:1047E000BDF8202003ABFFF79EFF05B030BD2DE9DB
:1047F000F04114461D46BDF81870E5F703FC064667
:10480000DCF79EFB80B2069033463A4629462046A6
:10481000BDE8F041FFF787BF30B585B014461D46AF
:10482000FEF749FF0223ADF80E000093294620460B
:10483000BDF820200DF10E03FFF775FF05B030BD68
:10484000022A10B508D1002300F170011A46007A3F
:10485000EAF78EFB022010BDEAF78EFCFAE708B5F6
:104860000C3029B10121FFF724FFC043084008BDE7
:104870006FF00101FFF728FF00F00100F7E710B526
:104880000446FFF7ECFF38B12146BDE81040012295
:1048900011F8010BEAF7FEBA10BD38B5044615460B
:1048A000FFF74DFE48B12046EAF7B2FA28B1037A85
:1048B000DB0702D50121FFF7E2FF55B9207A04F1A9
:1048C0007001EAF729FA20B18560BDE83840EAF7BF
:1048D00037BB38BD13B5044610B9002002B010BD77
:1048E00000238DF8043042F60303006801A9ADF8F7
:1048F0000630FEF7A3FD0028EFD1E3689888002872
:10490000ECD12046EAF78EFF013080B2E6E770B5C1
:10491000CC681E46A37988B008468DF80C30154641
:10492000FFF7D8FFADF80D00246823786BB96388D2
:10493000ADF80F300523009331462846BDF83020EE
:1049400003ABFFF7F0FE08B070BD631C0DF10F0262
:10495000113453F8041BA34242F8041BF9D113236A
:10496000E9E71FB5CDE9012300231A460093EAF7D2
:10497000A1FF05B05DF804FBEBF7B2B838B504460B
:1049800059B100F170052946007AEBF777F929460D
:10499000207ABDE83840EAF789BE38BDF8B506464A
:1049A0000F46EAF797F9394604463046FEF785FE8A
:1049B00048B344B304F108056FF001012846FFF73E
:1049C00083FEC20703D539463046EBF757F96FF03F
:1049D00002012846FFF778FE830703D539463046A3
:1049E000EAF764FE2846FFF781FE60B9234603F824
:1049F000010BC4F80100C3F80300D5E8EF3FC5E898
:104A0000E20F002AF9D1F8BD10B50446A0F1170154
:104A100010F8180CFFF7C2FF14F80C0CA4F10B01EE
:104A2000BDE81040FFF7BABF38B54C8AD30705463A
:104A3000C4F30E0404D514F0950F2AD04B6843B389
:104A4000900704D514F4957F25D08B681BB31440D0
:104A500014F4DE7F0DD0EB7A2BB92846FFF739F836
:104A6000D8B9052038BD14F0300F04D114F4C07F3C
:104A700007D10020F6E72846FFF773F80228F5D89B
:104A8000EFE7D5F8A430002BEBD05B7CDB06E8D554
:104A9000EFE70220E6E70320E4E70F20E2E7F8B5BE
:104AA00014460F46942261680646FFF7BDFF20BBFF
:104AB000012230466168EBF74BF908B3A2891B214C
:104AC00030460232E9F78AFE0546E0B1A1890C3092
:104AD0000231E3F777FE20F8027BA289A16802F099
:104AE00033FFD4E9041228460123FFF74AFD294683
:104AF0003046BDE8F840EAF717B84FF0FF30F8BD90
:104B00006FF01500FBE76FF00B00F8E72DE9F041BF
:104B100005468846EAF77CF90446E0B1037ADB07EC
:104B200019D500F10C073846FFF7E0FD10F001063B
:104B300011D1B8F1000F0FD06FF002013846FFF726
:104B4000C3FD10F0020F284609D0FFF7FAFC01213F
:104B50002046FFF794FE01263046BDE8F081FFF7BE
:104B6000EEFC0028F8D02846FFF700FD0028F3D01F
:104B70006FF002013846FFF7A7FD2846E5E77047CA
:104B8000012070470120704707207047FEF72BB9BE
:104B9000D0E8AF0F084100F00100704738B50A4671
:104BA000034609B9012038BD488A10F0240FF9D016
:104BB000197D5D7B147CA94228BF29468C4201D90E
:104BC0000020F0E7840608D4507C197AC0070BD483
:104BD000187A003818BF0120E5E70521181DFFF7F6
:104BE000D7FF0028F0D1EBE70029E9D00521181DF7
:104BF000FFF7CEFF18B9197A01390129E0D9527CA3
:104C0000D207CFD4E4E701238B40DB43D0E8EF2F7A
:104C10001A40C0E8E12F0029F8D17047FEF7ECB840
:104C200008B50621FFF7DFF818B9BDE80840EBF733
:104C300099BDEC3808BD0720704701238B40D0E8B0
:104C4000EF2F1A43C0E8E12F0029F8D1704708B5CB
:104C50000E21FFF7F2FF002008BD70B5051D0E46BE
:104C600028460421FFF794FF68B1002200210023A9
:104C70000846E8F7A9FA044640B904212846FFF798
:104C8000DCFF204670BD4FF47022EFE701210C30AD
:104C9000E3F798FD0670F4E738B504210446FFF702
:104CA000DCFF054698B110210C30E3F78BFD04F1D1
:104CB000270304F1370253F8041B934240F8041B06
:104CC000F9D120462946EBF763FD002038BD0820C6
:104CD000FCE770B5D0F8EC300446DB78012B19D135
:104CE000CD68061D10213046FFF78DFF2B4604F1DD
:104CF000B70205F1100153F8040B8B4242F8040B84
:104D0000F9D107213046FFF743FF28B1092130468A
:104D1000FFF793FF002070BD0A213046FFF738FFF0
:104D20000028F3D12046BDE87040EBF74BBE0720CA
:104D300070470720704707207047012303FA01F1ED
:104D4000CA4330B5D0E8EF3F03EA0204C0E8E54FBC
:104D5000002DF7D1194214BF0120002030BD38B515
:104D600004460025031DD3E8EF2FC3E8E15F0029C7
:104D7000F9D104F5A070F4F773FD2572D4E8EF3F84
:104D8000C4E8E25F002AF9D12046BDE8384001219D
:104D9000FFF753BF70B500F1700605460C460722B9
:104DA0003046096802F0FFFDB8B963681A682A67DF
:104DB0009A88A5F874209B7985F87630D5F8A430C8
:104DC0005BB1A268934208D062681168C3F8011011
:104DD0009188A3F805109279DA7170BD2DE9F84F2A
:104DE000DDF82C80044692461F46BDF82890FFF758
:104DF00017FF054600285AD0061DB9F1000F27D12C
:104E00005AEA070324D103213046FFF7C1FED0B38D
:104E100001213046FFF7BCFEA8B32C7D6B7B05F16A
:104E200047019C4228BF1C462246404602F08CFDAA
:104E30000F2C06D80021C4F1100208EB040002F088
:104E4000AAFD30460121FFF7F8FE0120BDE8F88FEA
:104E5000D4F8A430F3B904F1700B5A462020217A1B
:104E6000ECF788FFC4F8A40030B95A460120217A33
:104E7000ECF780FFC4F8A400B9F1000F0AD15AEA98
:104E8000070704D006E0D4F8A430002BE3D0D4F810
:104E9000A41071B90F213046FFF77AFE20B102222B
:104EA00006212046E7F732FF2846FFF758FF00208B
:104EB000CCE74B8A9B06EDD50C7C1E312246B4E72D
:104EC0006FF08500704738B5FFF7AAFE044610B9A9
:104ED0006FF0150038BD051D0A212846FFF72DFF8C
:104EE0000028F5D007212846FFF752FE28B10921F6
:104EF0002846FFF7A2FE0020ECE710212846FFF726
:104F000047FE09210028F3D12846FFF741FE00287B
:104F1000F1D02046EBF756FD01460028EBD02046A5
:104F2000ECF7B2FAE7E770B504460820EBF7D0FBE0
:104F30000546E0B1061D08213046FFF764FEBCB30C
:104F40000721FFF760FE234605F1970204F12001D7
:104F500053F8040B8B4242F8040BF9D10A21304676
:104F6000FFF716FE70B109213046FFF766FE0720F5
:104F7000EBF7AEFB0446E8B1EBF72CFC0146C8B1F9
:104F8000204612E010213046FFF702FE09210028DA
:104F9000EAD13046FFF7FCFD0028E8D02846EBF7C1
:104FA00011FD01460028E2D02846ECF76DFADEE755
:104FB0000B21F9E770BD70B50446A0F1EC0650F87E
:104FC000543BE83CD3F8A450F4F74AFC03212046B4
:104FD000FFF7DEFDA0B108213046ECF7BFF93DB187
:104FE0006B8A13B16B7C9B0702D52846ECF7A4FFB4
:104FF0003046BDE870404FF4BC72002102F0CBBCDB
:1050000001212046FFF7C4FD0028E4D10F212046EE
:10501000FFF7BEFD0028DED1E1E710B5431E00F129
:105020001002073013F8011F12F8014D83421C7063
:105030001170F7D110BDF0B50E4614461D4697B05D
:105040000146202205A81C9FEDF71EF920223146BB
:105050000DA8EDF719F92146102201A88DF854503A
:10506000EDF712F93B46412205A901A8EDF7CEF96B
:10507000044610B93846FFF7D0FF204617B0F0BD00
:105080002DE9F04316461D4697B00446DDE91F980A
:10509000102205A8219FEDF7F7F81022314609A844
:1050A000EDF7F2F8102229460DA8EDF7EDF80322EE
:1050B0001E9911A8EDF7E8F8494611F8013BD9F817
:1050C00001008DF847308B880622129012A8ADF8A7
:1050D0004C30EDF7D9F8414611F8013B06228DF826
:1050E0004E30D8F801300DF14F00CDF84F308B889D
:1050F000ADF85330EDF7C8F82146102201A8EDF7BE
:10510000C3F83B46412205A901A8EDF77FF9044603
:1051100010B93846FFF781FF204617B0BDE8F0838D
:1051200000692830F3F792BC13460A460121FDF7C7
:1051300063BE08B50020E3F79FFC002008BDF8B56A
:10514000069F0469C9B2EFF31186202585F3128802
:10515000BFF36F8F0C2569430C44D4F8885005F0D9
:10516000070CBCF1010F0CD1C4F8887086F31188CC
:10517000BFF36F8FC4E9202343685B589847002032
:10518000F8BD05F0C005AF4286F31188BFF36F8FFD
:105190000CBF6FF077004FF0FF30F1E713B58024BC
:1051A0000094FFF7CCFF02B010BD0069CBB200EB5A
:1051B0004310002110470320F0F7EAB90220F0F76E
:1051C000E7B90320F0F71EBA0220F0F71BBA104629
:1051D000F3F73CBCF0F70CBCF0F7B6BB8022EDF760
:1051E00081BB002208B511461046F8F779FB00286C
:1051F00018BF6FF0150008BDF7B51C460023164612
:1052000082682360A3600D465369694601AA9847E6
:10521000019B5A1E01921BB96FF0150003B0F0BD3F
:105220000098A26847682168676085B9B31AD0F80A
:1052300000C0634528BF634603FB07111A44216081
:10524000A26002689A4206D808300090E0E76B1A24
:10525000B3FBF7F3EBE70020E0E713460022FFF78C
:10526000CBBF2DE9F0470024836886B0884691467D
:105270005B6902AA01A99847A2462546029BAB4258
:1052800002D806B0BDE8F0870026019F07EBC507EE
:105290007B6804933A680AEB0603B24202D89A4646
:1052A0000135EBE749460394059303A8C04700285E
:1052B000E7D0049B01361C44ECE74FF05021022359
:1052C00010B5C1F8B8350469EDF754FD28B194F86C
:1052D000383003F00303C1F8583510BD4FF4000215
:1052E00000230020C1E90023704718B901F118001C
:1052F000F3F7ACBB704731B94FF0FF324FF0FF33DB
:105300001830F3F727BC704738B50446026902F13C
:105310003003D3E8EF5F013DC3E8E15F0029F8D136
:10532000536B23B9FFF7C9FF0DB9F1F77DFD206974
:10533000BDE83840F3F78ABB08B50146EDF71AFD22
:1053400050B14FF05022D2F8583503F0030381F8E2
:1053500038300123C2F858354FF050230022C3F8EB
:10536000B8250720BDE8084001F03CBA38B504462E
:10537000056905F13003D3E8EF1F0131C3E8E21FEF
:10538000002AF8D120694FF0FF334FF0FF32F3F7D6
:10539000E1FB6B6B23B92069BDE83840FFF7CCBF58
:1053A00038BD7FB5FF238DF803300DF103030021D5
:1053B00001930123CDE90231052303A88DF80C30B8
:1053C00001AB04910593EDF723FD0028A8BF9DF8DC
:1053D000030007B05DF804FB1FB5002188420CBF35
:1053E0000623042301A8CDE9011103918DF80430AF
:1053F000EDF70EFD002818BF6FF0040005B05DF852
:1054000004FB10B50C4600F097FC0023C4E9000330
:10541000184610BD38B505460C4600F08DFC002D31
:1054200007DBA84205D9401B84428CBF0020012025
:1054300038BD0020FCE770B50D46194628461646D3
:105440001C46FFF7E7FF28B921462846BDE8704013
:10545000EEF700B824B122462946304602F074FA2D
:10546000002070BD436800205B681B690B607047BB
:10547000436802EA01005B6821EA020198600020AB
:10548000D9607047436800205B6899607047436843
:1054900000205B68D960704743685A68536821EA06
:1054A00003000B4090600020D3607047F0F7EEBE21
:1054B00010B500690F299FBF00EB810440F821203F
:1054C0002364002088BF6FF0150010BD00207047D6
:1054D0001020704730B543681360057A446804EBC8
:1054E000C504A34202D36FF0010030BD5C798C4249
:1054F00001D00833F0E70020F7E743681B68D3F8D2
:105500008004C3F88004704703691A6813680BB1FC
:1055100052681847704730B587B004460D461422CC
:10552000002101A802F037FA042320460DEB030105
:105530008DF804300295FFF7E7FF07B030BD70B576
:1055400086B0066904460D461422002101A802F027
:1055500022FA02238DF80430336820461B6C01A91F
:10556000029333689B6CCDE90335FFF7CDFF06B09E
:1055700070BD30B503691C6843681B68EFF3118583
:10558000202080F31288BFF36F8F206CA8B1E06CED
:10559000B0B90020C4E91312042AC3F83415C3F8C3
:1055A000382582BFD3F8002242F02002C3F800223F
:1055B00085F31188BFF36F8F30BD6FF00C00F7E7F4
:1055C0006FF00F00F4E70369186820B101601B68F1
:1055D00000205A6070476FF08500704710B5426830
:1055E00000691368006860B9D3F8104164B1926A29
:1055F00012780A70C3F81001D3F8102101221A6042
:1056000010BD6FF08500FBE74FF0FF30F8E7F8B50D
:10561000036904461D6843680F461E6805F10800CB
:1056200001F0ABFAEFF31182202383F31288BFF36A
:105630006F8FEB6C53B1D6F8003223F02003C6F81D
:1056400000320023C6F84C31D6F84C31002385F8DF
:10565000633017B1012385F8643023691968012389
:1056600081F86230616809684B6082F31188BFF38A
:105670006F8F0020F8BD03691B681B6C13B10121FB
:10568000FFF7C5BF6FF00D00704710B503691968CB
:10569000D1F8A420D1F8B040121B13D0082A28BF9B
:1056A00008224068C1F8AC201968C069C1F8A80098
:1056B0001B68D3F8A010D3F8B030194402F044F9B5
:1056C000012010BD1046FCE710B5044612EA0300A5
:1056D00005D0605818B1002301206350635810BDF5
:1056E00002680346D2F8580140B95B68DB0706D46C
:1056F000D2F82001003818BF012070470120704700
:1057000013B501AA0446FFF7E5FE002805DB019B5F
:10571000226819791868EEF789FA02B010BD10B442
:1057200002694468936823EA0101916011F0030162
:1057300008D143681B68C3F80015E068012110BC5C
:10574000FFF7DEBF10BC704710B5026993681943BC
:10575000916013F0030107D14368D8681C68FFF714
:10576000CFFF0823C4F8003510BD10B543681C688E
:10577000C4F84415C4F848250022C4F82021D4F800
:105780002011C4F858215B68D4F858219B0702D532
:105790000121FFF7D9FF0123A36010BD10B5044616
:1057A0004068FFF79DFF0B6848B9012283F8B820D5
:1057B0004FF4800263681B68C3F8042310BD002205
:1057C00083F8B8204FF0FF320B682046C3F8B420AE
:1057D0000B68D3E92A12FFF7C8FFE9E72DE9F84380
:1057E00017460022036988461C68436805461E6800
:1057F00094F86130D6F83C1584F86120A26C9B1AAD
:105800001944002901DDFFF79AFE2846216CFFF7B5
:1058100082FEE36C2364236D63640023C4E91333C5
:10582000A36494F86330F3B1EFF31189202383F379
:105830001288BFF36F8F236CBBB1D6F8003223F010
:105840002003C6F80032B8F1000F08D13FB9012398
:105850003360C6F84471D6F8443184F8627089F335
:105860001188BFF36F8FBDE8F883D4E91632134374
:1058700003D004F1080001F080F92B691A680123B4
:1058800082F862306A6812685360E8E710B5446BCA
:10589000636822691B681268D3F8081139B10021C6
:1058A000C3F80811D3F8083182F8601010BD92F8DF
:1058B00060300133DBB2042B82F86030F6D101F0A6
:1058C0005CF923691A68D36CB3FA83F35B0982F835
:1058D0006230012263681B685A60E7E738B54268A6
:1058E000036915681A68D2F8A01051B1002482F833
:1058F000B8401868683001F040F901232046EB6099
:1059000038BD6FF00D00FBE7406BFFF7E7BF08B550
:10591000EEF7D0FE08BD0A460121FDF764BA40EA61
:1059200001030F2B01D8EFF7D1BA6FF015007047C4
:105930000121EFF777BC0021EFF774BC08B5EFF752
:105940008FFC002008BD08B5F6F776FF48B10023AC
:1059500083F31188BFF36F8F0423184602DF6FF0C3
:10596000040008BDF7F75EBF08B5E1F7D7FAE1F725
:10597000BDFBBDE80840F7F755BF034600201847B8
:1059800000F030BF024610B5116891B1B1FA81F351
:10599000C3F11F000123834021EA0303D2E8EF4F44
:1059A0008C4204D1C2E8EC3FBCF1000FF6D1EBD140
:1059B00010BD6FF00B00FBE710B50368CB40DB07B1
:1059C00010D401238B40026843EA0201D0E8EF4F74
:1059D000944204D1C0E8EC1FBCF1000FF6D1F2D123
:1059E000002010BD6FF01500FBE770B5D0F88030D7
:1059F0000646002B0C46154613DBD1F88030002BF1
:105A00000FDB00210846EFF72DFD48B92B7843F056
:105A10000043C6F880302B7843F00043C4F8803050
:105A200070BD6FF01500FBE708B5EFF77FFEEFF7ED
:105A3000FBFFEFF75FFFBDE80840EFF7E7BE38B5C3
:105A40004FF050240123C4F808336360002342F26E
:105A50001075C4F80031D4F80031D4F80C24D4F80F
:105A60000C34D20306D5DB0704D50120FFF788FFED
:105A7000013DF2D138BD38B54FF050244FF480735A
:105A8000C4F808330123E361002342F21075C4F81F
:105A90002031D4F82031D4F85434DB0304D501206C
:105AA000FFF76EFF013DF6D138BD38B54FF05024F9
:105AB0004FF40073C4F8083301236362002342F2F9
:105AC0001075C4F82431D4F82431D4F85C34DB03E5
:105AD00004D50120FFF754FF013DF6D138BD38B59C
:105AE0004FF050240223C4F808330123E36000235D
:105AF00042F21075C4F80431D4F80431D4F81834E3
:105B0000DB0304D50120FFF73BFF013DF6D138BD93
:105B100043090AD0012B0BD14FF6FF7300F01F0091
:105B200023FA00F000F0010070474FF0FF33F5E773
:105B30000020704710B504460846EFF7C1FF04EB9C
:105B40004004A08AC0F3401010BD10B504460846BA
:105B5000EFF7B6FF04EB4004A08A10F01C0018BF5A
:105B6000012010BD10B504460846EFF7A9FF04EB6D
:105B70004004A08AC0F3400010BD10B50446FFF7F2
:105B8000F1FF10B12046FFF7D5FF00F0010010BD76
:105B900010B504460846EFF793FF04EB4004A08AD3
:105BA000400B10BD70B5044608461646EFF788FF57
:105BB000083034F810300D46DA0509D5C3F3432315
:105BC00004EBC3023146284654F8333052689847F4
:105BD000A3682BB131462846E268BDE870401847FB
:105BE00070BD2DE9F3411746DDE90858019001A881
:105BF0000C461E46EFF7AAFF019B391E18BF012174
:105C000000EB8300231E18BF0123002E43EA41034B
:105C100014BF0C210021002D43EA010314BF4FF4EF
:105C200070610021B8F1000F43EA010314BF4FF483
:105C300040310021D0F800220B4322EA030304B1D3
:105C400024780FB13F787F001C430EB13678B60040
:105C50003C438DB1297809023443B8F1000F03D0D9
:105C600098F800804FEA0848214341EA0801C0F84B
:105C7000001202B0BDE8F0812946EDE71FB50DF135
:105C80000F03019300238DF80F101A461946009355
:105C9000FFF7A7FF05B05DF804FB2DE9F0470025ED
:105CA0000446884617462E464FF00109AA46BE42D2
:105CB0000CD1D4F87C3133B10023C4F87C31D4F852
:105CC0007C3145F000452846BDE8F087F0B2EFF79B
:105CD00071FFA0F580739B0809FA03F318EA030F1C
:105CE00005D022581AB144F800A022581D430136AD
:105CF000DDE738B504460D46FFF71CFFB0B120467E
:105D0000FFF730FF90B92046FFF742FF01232268DA
:105D10008340C2F80833236800B203EB8003D3F852
:105D2000102522F00302C3F8102538BD2846BDE82F
:105D300038400021FFF7A2BF4FF4801070474FF4A6
:105D4000805070474FF4807070470223F0F74ABDCF
:105D50000323F0F747BD2DE9F04389B0109E0446B8
:105D6000894690460021202268461F46129D01F078
:105D700012FE1F2E97BF01234FF0FF33B34003F1F4
:105D8000FF332361119BC4E90098C4E90276636183
:105D9000183445B10FCD0FC495E80F0084E80F000B
:105DA00009B0BDE8F0836D46F4E773B50468661C7E
:105DB00031D08568A9422ED264182CD05E18AE422C
:105DC00088BF6B1A056A35B100930523A8470346BF
:105DD000184602B070BDBFF35B8F1946A41A1019A4
:105DE00019B140EA0205AD070AD103290DDC0138DB
:105DF00011448A42ECD010F8014F02F8014BF8E749
:105E00000078013902F8010BE9E750F8044B043936
:105E100042F8044BE9E76FF02103D9E773B5046852
:105E2000651C32D08568A9422FD264182DD05E1827
:105E3000AE4288BF6B1A456ACDB100930523A847CF
:105E400002B070BD12F8015B013905701546A0184B
:105E500019B140EA0206B607F4D103290ADC013D74
:105E6000014488420CD1BFF35B8F1846E8E719461E
:105E7000A41AEBE755F8042B043940F8042BECE79F
:105E800015F8012F00F8012BEBE76FF02100D7E7A1
:105E900073B51C46036815465A1C29D08268914286
:105EA00026D25B1824D066189642866A88BF541A98
:105EB00036B105232A460094B047204602B070BD93
:105EC000184622464AB9294601F065FDBFF35B8FAB
:105ED000F3E700F8015B013AF4E78307F9D14FF0EB
:105EE00001336B43032AEEDD40F8043B043AF9E743
:105EF0006FF02100E2E70020704710B4046B024607
:105F00000B4684B9C1681F2998BF23FA01F4416880
:105F100061B18068834209D21069184051F8243079
:105F2000184410BC7047234610BC18474FF0FF3090
:105F3000F7E770B5436B05460E46E3B90469621C8A
:105F400009BF43680C401C680C1B21462846FFF71C
:105F5000D4FF864207D02B6901331C44AB689C42B6
:105F6000F3D34FF0FF342868431C07D0AB68A3423B
:105F700004D9204470BD98470446F4E70020F9E7AF
:105F800030B5059CC4E90002039A21811989E260B9
:105F9000049A618121856261D3E9002502EB011336
:105FA000C4E906128A1C236203EB42036A1C1344F1
:105FB0006D422B406362836953B90139E2698B42B8
:105FC00002EB031206DB002393736FF07F03D3739E
:105FD000002030BD0133D381F0E72DE9F04FB0F858
:105FE00030A004465546002685B002EB03089146D2
:105FF0000E9A00EBCA031FFA88FB9A63A3F83CB021
:1060000008F1FF32C3690F1D0192B0451ADC238DE0
:106010002586A3EB0B032385236A61895A880139FE
:106020000A4003EB4203A3F804A0BFF35B8F0020F8
:10603000226A538801335380638D0133638505B031
:10604000BDE8F08FE06A2A0157F8041C03EB051540
:10605000029303680392C91A83680837994228BFDC
:106060004FF0FF31FFF749FFDDE90232985000227F
:106070006A6057F8082CAA60019A9642ACBF0022C9
:106080000122B145D8BF42F00202AA810136ED8952
:10609000BBE7F0B550B3456A448E6B88A34230D05D
:1060A000631C43864389BFF35B8F013B1C4005EBB8
:1060B000C4056B689EB209B1AD680D60D0F81CC014
:1060C0009BB20CEB031100EBC3039D8F078D2F4494
:1060D000013D07859D878D896F070ED5058ECD8182
:1060E00000210686986B996302B11480F0BD9D8FE4
:1060F000C989013D0CEB01119D878D89ED07F6D40F
:10610000ECE70020F2E7C36903EB011398687047DE
:10611000C36909015958C06AFFF70BBF70B5BFF3D7
:106120005B8F0D46016A1646838E4A8804469A4262
:1061300012D05A1C82864289013A134001EB430176
:106140008988298089B2FFF7E3FF2A88E36903EB96
:1061500002139B68336070BD0020FCE710B5026835
:1061600093691269920017D543B9438E026A816917
:106170004489013B1B1B02EB4102938003689B692E
:10618000012B08D1838E426A81694089013B1B1A29
:1061900002EBC102938010BD23B9026A138843F059
:1061A0000103138003689B69012B01BF426A1388B6
:1061B00043F001031380EEE710B5BFF35B8F036874
:1061C00004461A699B6912F0005F1AD07BB9036A12
:1061D000426A5B888169013B02EBC10292889B1A8B
:1061E000628D9BB29A4214D80023638510BD012BA7
:1061F000FAD1436A026A5B888169013B02EB410282
:10620000ECE763B9436A1B88DB4303F00103002B0F
:10621000EAD06369002BE7D020469847E4E7012BDA
:10622000E2D1036AEFE7036A828E598891420AD06D
:10623000418901390A4003EB42039A88C36903EBA1
:1062400002139868704700207047BFF35B8FC368E4
:1062500003B1184770474FF0FF324FF0FF33F2F7AA
:1062600079BC10B1C36A0133C362704738B1C26AE6
:10627000013AC2621AB9026B02B11047026270475A
:1062800070B50446056A05F164063046FFF7E3FF82
:10629000636AA3F580637F2B0BD80122590950351F
:1062A00003F01F039A4055F8213023EA020345F812
:1062B0002130D4E90F124A60E16B04F13C03116014
:1062C0002046C4E90F33FFF7D1FF3046BDE87040E8
:1062D000F2F7BCBB10B5436A8CB00A932023044686
:1062E00002460B9102A8194600F058FA2823012211
:1062F000CDE9003220463522616A02ABF1F70EF893
:1063000000EAE0700CB010BD30B1006A20B119B1E4
:10631000D0F8883003B11847704730B1006A20B117
:1063200019B1D0F88C3003B11847704730B1006A0A
:1063300020B119B1D0F8903003B118470020704750
:106340002DE9F84306468846174699460468A64252
:1063500001D1002520E07A1CA4F13C0502D06B6A33
:10636000BB4219D0B8F1000F22D020224146284666
:1063700001F029FBE0B9B9F1FF3F02D0AB6A4B4510
:106380000AD07B1C0BD02468B442E2D054F8183CED
:10639000A4F13C059F42E8D12846BDE8F883AB6AEA
:1063A0000133F9D02468B442D3D0A4F13C05D9E735
:1063B0002468CCE770B505460C461E46CAB12023BA
:1063C0002046194600F0EAF90123E362049B666265
:1063D000A362059B25626363069BA363079B6364BB
:1063E0006A6804F13C03C4E90F526B60226C1360CD
:1063F00070BD0A70E8E710B5044690B1036A83B136
:1064000002784AB193F8A43033B1436AB3F5806F90
:1064100002D30121FFF75EFF2046BDE81040FFF7E1
:106420002FBF10BD20B1036A13B15B6803B11847D9
:10643000704708B530B1036A3BB1DB682BB19847B0
:10644000002008BD6FF01500FBE76FF00500F8E7CE
:106450007047F2F7FBBA4FF0FF324FF0FF33F2F71D
:1064600079BBF8B50C4600F164070546A4F11006A7
:106470003846FFF7F0FF3046F1F706F880B154F8E0
:10648000083C24F8083CD5F8CC3044F80C3C05F125
:10649000C80344F8103CC5F8CC6054F80C3C1E60AE
:1064A0003846FFF7D6FF0020F8BD38B50D4600F19D
:1064B00064042046FFF7CFFF55F8083C204603F55B
:1064C000803345F8083CBDE83840FFF7C2BF2DE9EE
:1064D000F04188B00E9C282A8846D4F8C0006ED1BE
:1064E00001688568A8EB0101A94228BF4FF0FF3180
:1064F00020236A46FFF759FC04F16406D8F820709F
:106500003046FFF7A8FF3B464FF0FF326946204672
:10651000FFF716FFD8F824300546E0B1D0F83080F8
:1065200003F00103B8F1000F02D0DBB9AF6230E035
:10653000002BFBD04FF0FF3383623046FFF789FF1B
:10654000AB6B83BBD4F88030002B38D03A46694619
:106550002046984733E0DB071FD43046FFF779FF2A
:10656000E36FF1E74FF0FF338362FFF77AFE3046C7
:10657000FFF76FFFAB6BA3B9D4F880301BB13A467D
:106580006946204698473046FFF765FF2846FFF7E3
:106590006DFE3046FFF75DFF11E03046FFF759FF13
:1065A000D0E74FF0010828469847D4F880301BB157
:1065B0003A46694620469847B8F1000FE3D10020DB
:1065C00008B0BDE8F08170B500F16406A1F11005D6
:1065D00004463046FFF73FFF2846F0F755FF38B135
:1065E00020462946F1F72CF8D4F8B800FFF7E4FD6F
:1065F0003046BDE87040FFF72CBF10B548B149B137
:1066000043688B4206D382680468D21A5B1A4360DF
:10661000A01810BD0020FCE72DE9F3470546D0F88F
:10662000B4000E46904618B9002002B0BDE8F087CD
:10663000036A002BF8D09B68002BF5D098474307DE
:10664000F2D543F69823B8F1000F18BF984605F12C
:10665000640705F1C8093846FFF7FDFED5F8C840C4
:106660004C452BD054B3D4E90023536022681A6000
:10667000C4E90044D5F8B43021899B69ADF806100F
:106680007BB1012B14D03846FFF7E3FEBDF806308E
:1066900004F1100003F58033A3603368103B3360CE
:1066A000C3E7D5F8A8303360D5F8B4309B69E8E784
:1066B000D5F8BC00FFF727FD3060E4E7D5F8B4302B
:1066C000D3F818A0BAF1000F36D13146D5F8BC0086
:1066D0000DF10602FFF7DDFC04460028D3D1D5F802
:1066E000BC301B8DB3B93846FFF7B3FEB8F1000FCD
:1066F0009AD0D5E92D32182112891B6B01FB023388
:10670000D5F8D02022BB21200021F4F787F908F129
:10671000FF38A0E7D5F8A810D5F8C400FFF76DFF43
:106720000446D5F8A830ADF806A033603846FFF728
:1067300090FE002CDAD0A9E7BAF1010FD3D132468E
:10674000D5F8BC000DF10601FFF7E8FC0446EDE7C3
:106750001969284690476FF4FB639842D3D000280C
:106760003FF479AF60E720B119B112B1C0E901225D
:106770000160704738B5044618B938BD3C38FFF79A
:106780003AFE20688442F9D10025D4F8B400C4E967
:106790002E55FFF747FEC4F8B450EEE770B5054636
:1067A0001C4699B18B4228BF0C46661C013E05D0A1
:1067B00012F8013B00F8013B002BF7D1A14207D9A9
:1067C000091B8A19002101F0E6F8A11B084670BDDB
:1067D00000230D4405F8013CF7E708B5F1F7CCF9C3
:1067E000002008BD08B1E2F7B1B8704740B1C368F6
:1067F000587810F001001EBF1878B0FA80F04009F8
:106800007047EFF31183202383F31288BFF36F8F58
:10681000FEE710B400F10C04C0E903440024446115
:1068200010BCDDF7EFB98169C26842EA010313F0D9
:1068300003030FD103614369013B03FB0122002BDA
:1068400001DA002070470169013B11608169026132
:10685000521AF4E76FF01500704710B5C0E9053221
:106860000023C160C36183600446FFF7DCFF00289A
:10687000A8BFC4E9004410BD90F90E308B4201D08E
:10688000F3F762BD0020704703460020C3E90033E0
:10689000C3E90200704710B5044630B1026893079F
:1068A00003D0446809B100F0C7F9204610BD0023A9
:1068B000C0E90033836000F10C03C0E9033300F149
:1068C0001403C0E905337047012307B50093002383
:1068D0000A461946F1F764FF03B05DF804FB002394
:1068E00007B50A4600931946F1F75AFF03B05DF861
:1068F00004FB00210068FFF7CEBF5AB18A4209D3DA
:1069000000F11003C0E90212C0E90000C0E904333D
:10691000002070476FF015007047012302688B401C
:1069200022EA0303036022FA01F000F0010070473D
:10693000704710B5032104460C30FFF7EEFF30B16D
:1069400004F11000F4F7B2FCB0FA80F0400910BD79
:1069500020B100228C301146F4F72CBA704770B584
:10696000C3680446C3F340069B0716D4856802211A
:106970000C30FFF7D2FF80B1D5F884206AB1944281
:106980001DD122689EB9D5F88830C5F884209C4274
:1069900001D1C5F8882000232360E36813F01F00AD
:1069A0001EBF43F00203E36040F0020070BD32609E
:1069B000D5F88820944208BFC5F88860EBE71646F2
:1069C0001268DBE710B5F2F7F7FB041E08DDEFF302
:1069D0001180202383F31288BFF36F8FF3F7E6FD56
:1069E000204610BDEFF30580003818BF0120704726
:1069F0006FF05700704700207047D0E900321360F5
:106A00005A600023C0E90033704738B504460D468C
:106A1000F3F700FA637B43F002036373E5B1A5600B
:106A20002B689D4209D16B68C4E900531C606C60FF
:106A300012E06A689A42F6D01B68002BF3D094F9F2
:106A40000E2093F90E108A42F3D09142F1DD5A687C
:106A5000C4E9003214605C6038BD01211838F3F7D6
:106A60004BBB10B50446F3F7FFFA04F11800BDE87C
:106A70001040F4F71BBC38B5054604680020AC4252
:106A800000D138BD002CFCD02046FFF7EAFF20469D
:106A9000F3F7A4FA2C680120A542F1E708B50246F5
:106AA000F4F7FAFA70B1D0E904319B1A61EBE272A3
:106AB000B3F1004F72F1000104DA002AACBF1846AE
:106AC000002008BD6FF00040FBE708B5F4F7F0FCCC
:106AD00008BDF4F7EDBCB3F1FF3F08BFB2F1FF3FD3
:106AE00070B506461D46144614D01A4316D0002B26
:106AF00008DBF4F7DDFC041941EB0501C6E90041B0
:106B0000304670BD6FF001031C1B4FF0FF3363EB89
:106B10000501F3E74FF0FF342146EFE70024FBE7E0
:106B2000B3F1FF3F08BFB2F1FF3FF8B50746164685
:106B30001C4610D054EA020311D0F4F7B9FCB0425D
:106B40000A46A14103460AD2F31A64EB0204C7E9DC
:106B500000343846F8BD4FF0FF331C46F7E70023FA
:106B6000FBE70023C0E9081200F11802C0E9062281
:106B7000C0E9003303634363704710B50446F4F77C
:106B800095FBA8B9636A0BB12046984704F1180039
:106B9000F3F78CFB60B1F3F721FAEFF311802023B8
:106BA00083F31288BFF36F8FBDE81040F3F7FEBC8C
:106BB00010BD2DE9F041846805460E46D4B16378D6
:106BC000012B22D114F8533C9A0711D5A4F1600788
:106BD0003846FFF746FF082E0CBF6FF00303002373
:106BE000E36114F8533CDB0602D13846F3F7F6F9BB
:106BF000002323700020EB68A860C3F3863216439D
:106C000066F39433EB60BDE8F081022BF0D123787A
:106C1000002BEDD054F8048CB8F1000FE8D004F14B
:106C20001400F4F743FB0023A4F11407394640464F
:106C3000E362F2F7C1FADBE720B1011F50F8040C60
:106C4000F1F708BA7047704700207047704710B5D9
:106C5000044608B1F5F7D2F82046BDE81040F5F734
:106C6000BDB80346C068E0B15888D0B11B8803F4B2
:106C70004F42B2F5824F09D1DBB2272B2AD008D878
:106C8000172B0FD0222B34D0122B16D06FF085008B
:106C90007047302B2FD0413B012BF7D8FF2839D13B
:106CA00000207047C028FBD0E128F9D0B0F5807FE4
:106CB0000CBF00206FF08600704720F02003C02B2F
:106CC000EED020F08003B3F5807FE9D040F20923B5
:106CD0009842EDE7E928E3D0EF28E1D040F21B131A
:106CE0009842DDD040F299139842D9D040F23B232C
:106CF000EEE7E928F1E720F02003C02BD0D020F008
:106D00004003B3F5807FCBD0B0F5C07FC8D0B0F5DD
:106D1000007FCDE7B0F5E07FCAE73AB1002918BFA0
:106D200000232121D21A184400F035BE70472DE906
:106D3000F04F9B46002389B08DF81B30159B914680
:106D4000DDE912A7002B0D460B460CBF4FF4006285
:106D50004FF4806207A9DDF85080F5F7E1F90446A9
:106D6000D0B9079E284631880DF11B02F5F784FA49
:106D7000044688B99DF81B30BB421FD8CDE90338C3
:106D8000CDE901BACDF800902B46D6E9091230467C
:106D9000F5F7E6FE044608B1C8F800703A46214609
:106DA0005046D8F80030FFF7B8FF0798F5F7BAFE5D
:106DB000002C18BF204609B0BDE8F08F6FF08904A1
:106DC000EAE741F2062398421AD8B0F5905F09D25B
:106DD00041F2010398420CD0B0F5885F09D06FF002
:106DE000850070476923A0F5905080B2C340DB074F
:106DF000F5D511F0070F0CBF00206FF0860070472B
:106E0000B0F5105FEBD121F04003802B06D0B1F537
:106E1000807F0CBF00206FF0860070470020704715
:106E200070B5446A05460E463CB90120F4F7D0FF20
:106E3000686228B12046AE6270BD6FF08A00FBE741
:106E40006FF08C00F8E7F8B51E460F46154603882C
:106E5000C2B103F4E043B3F5805F02D0B3F5005F45
:106E600010D1089BE90019600088FFF7AAFF0446CB
:106E700030B92A463946304600F066FD079B1D6052
:106E80002046F8BD6FF08504FAE710B50446406A65
:106E900010B1A16AFFF7DBFE0020C4E9090010BDB4
:106EA00038B50546FFF7F1FF2B7F0446012B0ED0C6
:106EB000023B012B0ED82B6A012B18BF6FF09604F2
:106EC0002C220021284600F066FD204638BD2B6AA2
:106ED000002BF2E76FF09604F2E738B5049D1446F4
:106EE000AA420BD8184600F02FFD00212A1B20448F
:106EF00000F051FD0020059B1C6038BD6FF089003B
:106F0000FBE77FB50E461D461446BAB100230122A9
:106F10002B6003A9F5F704F970B9CDE90045039892
:106F20003346D0E9091200F06BFA04460398F5F7EE
:106F3000F9FD002C18BF204604B070BD6FF0890029
:106F4000FAE770B50488154604F4E042B2F5804FC4
:106F5000049E22D144F2010224F4405090420DD00C
:106F600004F44F44B4F5824F08D0B4F5844F05D0F3
:106F7000B4F5884F02D0B4F58E4F0ED1B5420FD87C
:106F800018462A4600F0E0FC0021721B284400F05D
:106F900002FD0020059B1D6070BD6FF08500FBE7C2
:106FA0006FF08900F8E7F0B50F461E46154685B02C
:106FB0000AB3002303A91A463360F5F7B1F8044673
:106FC00038B9039803885B0406D4F5F7ABFD6FF07E
:106FD0008604204605B0F0BDCDE900563B46D0E919
:106FE000091200F018FA04460398F5F79BFD002CEF
:106FF00008BF0446EDE76FF08904EAE710B50368BF
:10700000044653B100F07BFA00232360A38823F4E5
:10701000FF7323F00103A38010BD1846FCE72DE9A0
:10702000FF41984600230C46016805461746039326
:10703000A9BB4FF4A872083000F0ADFCB8F1000F06
:1070400020463B4614BF4FF480624FF4006203A910
:10705000F5F766F8044620BB039E384631882A1DA2
:10706000F5F70AF90446E0B96B79314668F3000395
:107070006B7100972846D6E90923B8F1000F0BD0B1
:10708000F5F786FD044660B90398F5F74BFD044615
:10709000204604B0BDE8F081F5F79AFDF2E76FF005
:1070A00088042846FFF7AAFF0398F5F73BFDEFE7B2
:1070B0000123FFF7B4BF38B50468054664B112B9BF
:1070C0000024204638BD00F005FA04460028F7D019
:1070D0002846FFF793FFF4E76FF08804F1E72DE906
:1070E000F0411746026805460E46984682B142793D
:1070F000D2070DD502795AB1BA4216D800F0F3F989
:10710000044638B9A6B92846BDE8F041FFF776BF76
:107110006FF088040023C8F800702B7146B9284628
:10712000FFF76CFF2046BDE8F0816FF08904F1E7BE
:1071300021463A463046D8F80030FFF7EEFD2846A3
:10714000FFF75CFF002C08BF0446EBE71FB50124E6
:107150000394089C0294079C0194069C0094FFF7FA
:10716000E6FD04B010BD2DE9F04705469A46002320
:1071700088B0079325F0004323F47F03B3F1106F29
:107180000846DDE910961746DDF848801CD12B46ED
:107190004FF4804207A9F4F7C3FF0446B0B9CDE924
:1071A0000368CDE901A9079800972B46D0E9091299
:1071B00000F0ADF9044648B90798F5F7B3FC04466A
:1071C000204608B0BDE8F0876FF086043146484697
:1071D000F5F734FA0798C8F80060F5F7A3FCEFE775
:1071E00003461B88084603F4E043B3F5805F11466D
:1071F00002D0B3F5005F01D1F5F720BA6FF085003A
:1072000070477FB5002203880A60CDE901224288D9
:1072100006460D46002A69D0028802F4E042B2F523
:10722000804F63D023F0FF03B3F5E24F02D0B3F5F4
:10723000824F04D13046FFF714FD0446D8B93046DA
:1072400002AA01A9F5F788F80446002843D1019B5A
:107250009B6A9BB10199304601F12803D1E90912DB
:1072600000F087F80446002839D129460198F4F740
:10727000D9FF044678BB204604B070BD73681B0A72
:1072800022D13088718800F4E043B3F5805F15D0D7
:10729000B3F5005F12D020F0FF03B3F5E24F22D127
:1072A000C0B242280ED10831C90803910399019850
:1072B000FFF7B6FD04460028CCD00CE0FFF781FDB7
:1072C000044640B90731EFE7304603A900F04CF817
:1072D00004460028EAD00198F5F7A0F8CBE701981A
:1072E000FFF7D3FDF7E76FF08504F4E76FF086044E
:1072F000C1E71C22002100F04EBB03466FF0404264
:107300000846591E914207D338B103F140439342D6
:107310008CBF00200120704701207047034668B1F0
:10732000017F8A1E012A0BD80329026A03D1012A90
:1073300001D1FFF7B5BD1AB1013A1A6200207047BA
:107340006FF09600704700207047C0B2002814BF4D
:107350006FF08500002070470020704770470022C2
:107360006FF086001A60704700236FF086000B6094
:1073700070472DE9F041476804463F0A0D4616461E
:10738000984611D107887F0407D4434632462946E0
:107390002046BDE8F041FFF723BF00F0F4F810F1FC
:1073A000860FF2D0BDE8F0816FF08600FAE72DE994
:1073B000F04F476885B03F0A0446DDE90E9A0D4656
:1073C00016469846DDF840B015D1CDE901ABCDF8B1
:1073D000009000F0CAF810F1860F0ED143463246F5
:1073E00029462046CDE90FABCDF8389005B0BDE871
:1073F000F04FFFF728BD6FF0860005B0BDE8F08FB5
:1074000010B44468240A02D110BCFFF766BD6FF0C7
:10741000860010BC70472DE9F34747680446DDE954
:107420000A9A3F0A0D461646984611D1CDE9009AB0
:1074300000F08DF810F1860F0CD1434632462946F4
:107440002046CDE90A9A02B0BDE8F047FFF779BDC2
:107450006FF0860002B0BDE8F08710B44468240ADB
:1074600002D110BCF5F7AEBC6FF0860010BC7047BF
:1074700013B504464868000A0AD10498009004F144
:107480000800F5F74DFC08B91C23236002B010BDBD
:107490006FF08600FAE710B404681C2C03D110BC0E
:1074A0000830F5F769BC6FF0860010BC704738B53E
:1074B00003681C2B0CD100F10804204600F06AF987
:1074C0004FF4907105462046F4F798FC284638BDE5
:1074D0000025FBE703681C2B02D1083000F035B90A
:1074E0006FF08600704710B404681C2C03D110BCE8
:1074F000083000F033B96FF0860010BC70470368A5
:107500001C2B02D1083000F035B90020704710B4B0
:107510004468240A02D110BC00F044B96FF0860020
:1075200010BC70470020704713B5002001AB144613
:10753000F6F706FA30B9019BA34218BF6FF093002B
:1075400002B010BD6FF09200FAE70020704710B44F
:10755000048804F44F44B4F5824F02D110BC00F00B
:1075600046B96FF0850010BC704710B4048804F46D
:107570004F44B4F5824F02D110BC00F068B96FF0EF
:10758000850010BC704710B4048824F0FF04B4F5E3
:10759000E24F02D110BC00F0ADB96FF0850010BC15
:1075A0007047024612F8103BDB0903EBC303C3EB41
:1075B000031312F8011D83EA4103904213704FEA4E
:1075C0001323F6D170472DE9FF4705468846144638
:1075D00022B3D0F8486100F5947786B94FF01009CE
:1075E000A0440DF10C0A102CA8EB040237D8234656
:1075F0003946384600F0EEF8C5F848410EE0C6F1CD
:1076000010094A450FD8B91913460846424600F0FA
:10761000E1F8D5F848312344C5F848310026304612
:1076200004B0BDE8F087B9F1000F08D0B91942469F
:107630004B46084600F0CEF8103EC84434441022B1
:1076400003AB019339463B4628460092FFF723FFE0
:1076500006460028C2D02846FFF729FFDFE710239F
:107660003946384600F0B6F83B46102239462846DF
:10767000CDE9009AFFF70FFF06460028EBD1103C3A
:10768000B1E72DE9F0439846D0F848311746102B62
:107690000446894685B000F59C7200F594751CD1AE
:1076A0002946284600F096F8102203AB019329469C
:1076B0002B4620460092FFF7EEFE064630B93A46CA
:1076C0002946484600F040F9C8F800702046FFF708
:1076D000EEFE304605B0BDE8F083C618104696F8B9
:1076E000283183F0800386F82831FFF75AFF1023F2
:1076F0000246D5E7F0B504460E461746D5B04FF41E
:10770000A672002101A81D4600F045F921463B461E
:10771000324601A8F5F77CFA044680B929465A9A00
:1077200001A8FFF750FF044648B9DDE95C235B99E7
:1077300001A8FFF7A6FF0446204655B0F0BD01A8FA
:10774000FFF7B5FEF8E7F5F789BA90F84C31022B50
:1077500001D1FFF738BF6FF08800704710B490F880
:107760004C41022C02D110BCFFF78BBF6FF0880098
:1077700010BC704710B590F84C310446022B07D16D
:10778000FFF795FE4FF4A8720021204600F003F9A0
:10779000002010BD08B54FF49072002100F0FBF8F6
:1077A000002008BD10B4048804F44F44B4F5824F9F
:1077B00002D110BCF5F73EBB6FF0850010BC7047DE
:1077C00003460144002013F8012B8B4240EA0200DB
:1077D000F9D1704730B50B4411F8014B12F8015B39
:1077E000994284EA050400F8014BF5D130BDF8B5A3
:1077F00005466F882D881846DDE9063605F4E04C0D
:10780000BCF5804F144606D19A421DD800F09CF872
:1078100034600020F8BD47F21212954202D06FF09A
:107820008500F7E7640001349C420DD80423B7F5C6
:10783000807F34600370F2D10130F5F779FC0028C5
:10784000E7D06FF08600E5E76FF08900E2E72DE909
:10785000F0410E4644F212111F46038815468B4232
:10786000DDF8208042882ED047F212118B423BD1A6
:1078700002B9EA00B2F5807F36D1202D03D06FF037
:107880008600BDE8F08129463046FFF799FF0028C1
:10789000F5D03046F5F738FC0028F0D1D8F8004094
:1078A00034F48074EBD1069B9D4220D82A463146A1
:1078B000384600F049F8079B20461D604FF480735E
:1078C000C8F80030DDE71AB9EB07D8D56A08D2004E
:1078D000B2F5807F08D1412DD1D13378042BCED1A0
:1078E000701CF5F71BFCD7E76FF08500C9E76FF058
:1078F0008900C6E7F8B51E4647F212130D464788C1
:107900000188FC1D99424FEAD40402D06FF0850033
:10791000F8BD944215D821462846F4F78FFE00287A
:10792000F6D121462846FFF74BFF0028F3D0B7F5E4
:10793000807FEBD12846F5F7E7FB0028EBD13460D8
:10794000E6E76FF08900E3E70A44431E914200D165
:10795000704710B511F8014B914203F8014FF9D16E
:1079600010BD884210B501EB020402D984422346BF
:1079700007D8431EA14208D011F8012B03F8012FAC
:10798000F8E7024401468A4200D110BD13F8014DC8
:1079900002F8014DF7E702440346934200D17047D5
:1079A00003F8011BF9E70139024410B5904201D1F7
:1079B000002005E0037811F8014FA34201D0181B05
:1079C00010BD0130F2E710B56AB10139841810F822
:1079D000012B11F8013F9A4203D1A04201D0002AA5
:1079E000F5D1D01A10BD1046FCE710B50139044698
:1079F00032B111F8013F013A00F8013B002BF7D1F9
:107A00000021FFF7C8FF204610BD0246014410B513
:107A10008A42134603D01C780132002CF8D1181A80
:107A200010BDF0B5C3F13707044603F01F0310463D
:107A3000FFB2082BE6B232D0102B3DD06508A40867
:107A400045EAC17544EA81748A082D1942EB510256
:107A5000290941EA02716D1842EB1212290A41EA22
:107A600002616D1842EB1222290C41EA02416D18A5
:107A700042EB1242AD1842F10002EC0844EA4274B3
:107A8000D10804EB8402A6EB4205EDB2092D0CD916
:107A90000134A5F10A0541F10001EDB212E0E4085C
:107AA00006F0070544EA4174C908303554EA01027A
:107AB00000F8015BBDD1F0BD240906F00F0544EAD2
:107AC00001740909092D84BFED19EDB2EDE7D1E983
:107AD000043293421EBF5A1C0A611870704700009E
:0C7AE00001480068704700008826002064
:087AEC003094FD7F0100000051
:107AF400E18A00000000000045560000000000007C
:107B040000000000CC7B0200DB67020000000000E4
:107B14000580010000000000FD800100000000005D
:107B240000000000047C020000000000E87B02006A
:107B3400655902000000000000000000207C0200E3
:107B4400000000003C7C0200A92C010000000000A1
:107B54000149010000000000F55B00000000000086
:107B6400818000000000000000000000587C02003A
:107B74006959020000000000498C01000000000067
:107B840000000000747C020000000000907C0200F1
:107B940000000000AC7C020000000000C87C020071
:107BA400718F0000000000003D5902000000000039
:107BB4004759020000000000D993000000000000B3
:087BC400596E000000000000F2
:107BCC0008E30200348E0200B47F0200940A002005
:107BDC005829002089290100000000009EE60200BF
:107BEC00E88E0200707F02009C0A00202C2A0020E4
:107BFC00C139010000000000AAE60200FC8E020060
:107C0C00707F02009E0A0020382A0020C139010032
:107C1C00000000009BE3020000000000648E0200E4
:107C2C00960A002000000000E35102000000000052
:107C3C0054E80200108F0200D07F0200A20A00203C
:107C4C00980900205D3E01000000000092E7020050
:107C5C0090090020947F0200A00A0020442A0020F2
:107C6C00FD3901000000000061E50200748E020085
:107C7C00587F0200980A002054090020852E01002C
:107C8C00000000000BE202007006002010880200C9
:107C9C00900A0020A00F0020592A020000000000CA
:107CAC0004E2020000000000A87F0200920A0020FB
:107CBC00100900200000000000000000D1E50200C7
:107CCC0000000000407F02009A0A00200000000023
:087CDC007934010000000000F2
:107CE40000000000FF31020000000000FF3102002C
:107CF40000000000FF31020000000000FF3102001C
:107D040000000000FF310200295A02007B590200E2
:107D140000000000FF31020000000000FF310200FB
:107D24003C7C0200F541010000000000FF3102002C
:107D340000000000FF31020000000000FF310200DB
:107D440000000000FF3102004C070020AD54020087
:107D540000000000FF31020000000000FF310200BB
:107D640000000000FF31020000000000FF310200AB
:107D740000000000FF31020000000000FF3102009B
:107D840000000000FF31020000000000F94601007D
:107D940000000000FF31020000000000FF3102007B
:107DA40000000000FF31020000000000FF3102006B
:107DB40000000000FF31020000000000FF3102005B
:107DC40000000000FF31020000000000FF3102004B
:107DD40000000000FF31020000000000FF3102003B
:107DE40000000000FF31020000000000FF3102002B
:107DF40000000000FF31020000000000FF3102001B
:107E040000000000FF31020000000000FF3102000A
:107E140000000000FF31020000000000FF310200FA
:107E240000000000FF31020000000000FF310200EA
:107E3400B56501007B590200816F01007B59020086
:107E440000000000FF31020000000000FF310200CA
:107E540000000000FF31020000000000FF310200BA
:107E640000000000FF31020000000000FF310200AA
:107E740000000000FF31020000000000FF3102009A
:107E840000000000FF31020000000000FF3102008A
:107E940000000000FF31020000000000FF3102007A
:107EA40000000000FF31020000000000FF3102006A
:107EB40000000000FF31020000000000FF3102005A
:107EC40000000000FF31020000000000FF3102004A
:107ED40000000000FF31020000000000FF3102003A
:107EE40000000000FF31020000000000FF3102002A
:107EF40000000000FF31020000000000FF3102001A
:087F040000000000FF31020043
:107F1000580E00208858002000040000651E000054
:107F2000000000000000000000000000070000004A
:107F300000000000C99C02000000000000000000DA
:107F4000375402002D350100A13401004D340100E9
:107F5000035402003D340100DD3001000132010014
:107F600011330100AD2D0100DD5202009D2D0100F5
:107F7000BD370100655402007154020085540200AF
:107F80008F54020099540200B1360100B53501004A
:047F900000000000ED
:107F94002D3B0100B1540200CD540200D154020023
:047FA400993A010005
:0C7FA80025270100A1270100C9240100C9
:107FB400ED290100DD5102009D5102000000000086
:0C7FC400A92801000000000000000000DF
:107FD000C7550200B9450100DD5802005D400100AF
:107FE0007355020077560200DD550200893F0100FB
:047FF000FB5402003C
:107FF40005000000ADD1000006000000E10E010004
:08800400040000005DE400002F
:10800C00B11B0000C51A0000311F00000000000069
:10801C0000000000000000005919000000000000E2
:10802C000000000000000000000000000000000044
:10803C0000000000D1FC0000000000000000000067
:10804C005C8C020008000000FC8C020007000000A1
:08805C0030890200060000005B
:10806400ACC302000300000063D30200030000005D
:1080740096B50200030000002ACD020003000000B0
:10808400FADE0200030000009DB5020003000000B8
:108094008AC6020003000000B0D8020003000000FA
:1080A40043C00200030000001BE2020003000000C2
:1080B40092E2020003000000FCC40200030000007E
:1080C40053C3020003000000E2DE020003000000CC
:1080D400F1CF02000300000020A80200030000000A
:1080E4003FB302000300000062B40200030000007A
:1080F40006DD02000300000027A0020003000000C8
:1081040034E3020003000000C9EE02000300000093
:1081140085B3020003000000E8E50200030000004C
:1081240068A3020003000000F4A30200030000009F
:10813400C1A4020003000000C5A402000300000063
:10814400AEA60200030000009DE702000300000049
:10815400A7AE02000300000023B1020003000000E8
:10816400BEB10200030000009FF7020003000000FC
:10817400F19C0200030000006EE502000300000011
:1081840065B4020003000000F7B102000300000020
:1081940042A10200030000005EE8020003000000A8
:1081A400D0880200A00600209DA602000100000065
:1081B4005FB402000000000000000000418C0000D9
:1081C400D18E00000000000011D702000100000061
:1081D40000000000D745020000000000000000007D
:1081E400A4D8020001000000000000006DF50000AA
:1081F40000000000000000009CD802000100000004
:108204000000000065EC000059FB000000000000C5
:10821400DADE02000100000000000000851F0100FA
:10822400611D010000000000AAD802000100000046
:1082340000000000BDF10000EDF0000000000000AF
:108250000000000003000000A0000000F00000008B
:1082600000000000B5710100060000002ABF0200F6
:108270002FBF020033BF020037BF02003BBF020026
:108280003FBF020043BF020047BF02004BBF0200D6
:108290004FBF020053BF020057BF02005BBF020086
:1082A0005FBF020063BF020067BF02006BBF020036
:1082B0006FBF0200FF000000FF000000FF00000091
:1082C000FF000000FF000000FF000000FF000000B2
:1082D000FF000000FF000000FF000000FF000000A2
:1082E000FF0000000002000000020000000000008B
:1082F00001030062746C65000000000000000000D3
:10830000000000000000000000000000000000006D
:10831000000000000000000000000000000000005D
:10832000000000000001000000000000000000004C
:108330000338FDD870470000010000000000000075
:1083400082800000000000008A80000000000080A1
:1083500000800080000000808B8000000000000092
:10836000010000800000000081800080000000808B
:1083700009800000000000808A000000000000006A
:10838000880000000000000009800080000000005C
:108390000A000080000000008B80008000000000C8
:1083A0008B00000000000080898000000000008039
:1083B00003800000000000800280000000000080B8
:1083C00080000000000000800A8000000000000023
:1083D0000A00008000000080818000800000008092
:1083E000808000000000008001000080000000008C
:1083F000088000800000008007100000680A00204C
:1084000001010000780A002009130000DD9C020031
:1084100000000000F76400000231D8FF0315F8FFE8
:10842000449E03001821F4FF28A1F2FF241E070038
:108430002BDE1B002BE92300AD84FAFF7F14E0FF45
:10844000759A2F0009FBD3FF497A2F0027E52800F2
:108450005896290070A00F00A485EFFF88B736005A
:10846000909DF7FFA0EAEEFF68F927007BD3DFFFBE
:10847000D6ADDFFFE71AC5FFF7A4EAFF98FCCDFFF2
:1084800035D01A0022B4FFFF01323D00C54504007B
:10849000674A290020760100CDF42E00C5DE3500A4
:1084A00003A5E6FF2C30C9FFD447D9FFAFBE3B0080
:1084B0008515C5FF7C8ED1FF968A3600413ED4FFDC
:1084C000000436004D6AFBFF9CD623005DC5F7FF14
:1084D0003D12E6FFD6EAE6FF1E7E350059AFC5FF26
:1084E0003F8435001756DFFF5C94E7FF8C7338003C
:1084F000A8630C009A1B0800768F0E0053383B00CF
:1085000034853B0030FCD8FF549D1F002D4FD5FF14
:10851000E506C4FF81ACE8FFCFE1C7FF1998D1FFA2
:108520005DD6E9FFEE093500C7352100BBCFE7FF77
:1085300075CFECFF72971D0072B0C1FFF6BCF0FF63
:108540008052CFFFAED2CFFFE090C8FFCAEF01004C
:10855000F210340085FEF0FF38C620009F6E29001F
:10856000A3B7D2FF4BA4C7FF6DBAF9FF0934DAFFF6
:1085700082C2F5FF1341EDFF3BA6FFFFF709ECFFB9
:10858000DD2BFAFFD495140063451C00622CEAFF32
:10859000E9FBCCFFF00A040017C4070088452F0050
:1085A00000AD0000BE36EFFF44CD0D005A673C0021
:1085B000CA2BC7FF7EDEFFFF48391900C069CEFF16
:1085C0006C752400DFC7FCFFA1980B0008E8EBFFE7
:1085D0006CE4020008C8C9FFC2363000F6BFE3FFF2
:1085E000933CDBFFE04AFDFF051314009277140073
:1085F000259E1300E0D0E7FF4499F3FF0208EAFF4D
:10860000A2EED1FF9CC7C4FF57A0C8FFD9973A007C
:1086100093EA1F005AFF3300D4582300F8413A0070
:1086200072FFCCFFFB3D22009FABDAFF22A4C9FF03
:10863000F512040087252500F024EDFF5D9B350031
:10864000A048CAFFFCA2C6FF56BBEDFFDE45CFFF28
:108650005EBE0D001A5E1C00E6E00D005A7F0C00A5
:10866000838F07008A62E7FF0457FFFFFC06F8FFCD
:108670002100F6FFF65AD0FF84001F0086EF30007D
:108680007DB9C9FFD6FCF7FF9245F4FFC221C9FFAF
:10869000193905000C61040041CDDAFF1BB03E0022
:1086A000E77234003B00CDFFC77C1A002419030099
:1086B000E55E2B00991129003A7AD8FF714D13001D
:1086C0001CE13D008409130051F02500465A1800B2
:1086D0001885C6FFBE1413009138280090DBC9FF2F
:1086E0008950D2FF3F851C004B0B1D00A6F6EFFF03
:1086F000BEA8EBFF1BE112003E5ECDFF2F2DEAFF6F
:10870000E41DF9FFC7061400837232006E0DE2FF0C
:108710005379ECFF99401D007825D9FFAD05EBFF9B
:1087200005E41600E7DB0B00E81D2200CFF833005C
:1087300034B9F7FF0CCAD4FFF87FE6FF57D1E3FF47
:108740001B91D8FF122CC7FFD81009001F5EC6FF6F
:108750005846E1FF8B1D2500B77325008F7CFDFF78
:1087600098DD1D0098683300BBD40200A793EDFF8D
:10877000BE6CCFFF1C7C020008AA180071FD2D0002
:10878000A55C0C009A37190067A1C7FF3D8CE4FF78
:108790003CA1D1FF39C5350015013B00C01D0400C7
:1087A000F7C42100F41BF1FFE7351A000E3407006F
:1087B000457DF9FFD04C1A00AE7CE4FF68261D0011
:1087C000988EE6FF3326EFFFDA05FCFFDB7FC5FF5F
:1087D0006427D3FFAFE1DDFFDD93F9FF091DDDFF66
:1087E00093CC02000518F1FF2A9C1800A9E5C9FFE7
:1087F000508AF7FF2CCF3B004E43FFFFDF36EBFFE5
:10880000CA153C00685E1500B616F3FFCE291E009F
:10881000C5560000112B0200A55800000000000002
:10882000F1580000DD590000EF2802006329020022
:10883000F72802002929020013290200FD2802005E
:108840000000000000000000412C0200332C020058
:108850003D2C0200312C020000000000000000004E
:108860000000000000000000212C0200A0130020E6
:1088700000010000FD2C0200C32C020002000000D9
:10888000772E020000000000000000000000000041
:108890000000000025A602002DA602000000000036
:1088A000000000000000000035A6020039A602000A
:1088B0003DA6020041A60200C0880200DC20002084
:1088C00099680000FC2000202755002001000000CE
:1088D000292F02001F2F0200ED2E0200BD680000AC
:1088E00000000000E12E0200000000000400000073
:1088F000000000000000000000000100C87C020031
:10890000010000000000010000400700C87C0200D8
:10891000020000000040080000400700C87C020080
:108920000300000000800F0000800000C87C0200EF
:10893000A092020087470200000000000FA802007A
:10894000000001009C9202000F490200000000009C
:10895000E806002000000100EDA702000000000072
:1089600000000000000000000000010098920200DA
:108970005947020065F30000D00600200000030004
:10898000949202000F49020000000000C806002077
:1089900000000100CBA7020000000000916E000063
:1089A000000000000000030000000000D7310200BA
:1089B00020070020180700201007002000000000FA
:1089C0000807002059700000296F00007D6F00002B
:1089D000F16F0000C004002000000000060001004C
:1089E00002000000E88902000000000054B002000C
:1089F00002000000E0FF0F00000000205CB0020059
:108A000021000000E0FF062028070020A5810000CB
:108A100000000000E7320200F98900006B33020019
:108A2000000000000C8A0200348A020047000000A7
:108A300000000000E8D001200C8A0200488A0200F1
:108A40000001000000000000A0D401200C8A0200F8
:108A50005C8A02002E00000000000000D4E001202B
:108A60000C8A0200708A020002010000000000006F
:108A7000A8E1012073BF020091BF0200ACBF020059
:108A8000BCBF0200C9BF0200D2BF0200D9BF0200B2
:108A9000E0BF0200E7BF0200EFBF0200C9BF020053
:108AA000F7BF020009C002001EC0020031C0020070
:108AB0000E03000075A800000F04000041A800008C
:108AC0001A0100006D92000005040000859200006C
:108AD00013010000219B00003E0100006196000090
:108AE00001120000473602000A1E0000193602007B
:108AF000FF010000D59700003E010000B59700007F
:108B000005040000D192000008040000819D0000CF
:108B100030030000F99C0000100100007993000070
:108B20000112000049A500000A1E000005370200DE
:108B30000309000081990000040B000091940000DB
:108B4000060A00007DA70000070A00004993000004
:108B50000C05000015930000050C0000B9A60000EC
:108B60000C8A0200708B0200470000000000000029
:108B7000C4E20120A9CC0200B6CC0200D6CC02008F
:108B8000CACC0200E1CC0200F8CC020008CD020001
:108B90002FD202001CCD02000C8A0200A88B02001A
:108BA000000000000000000098E701200C8A02008D
:108BB000BC8B02000001000000000000C0E70120A3
:108BC0002D3C02006D3C020000000000000000008F
:108BD00000000000B5D5000000000000000000000B
:108BE000000000000000000002020100ED4302004E
:108BF00004040100F1E300000606010031E3000077
:108C0000080401001DE200000A020100D543020031
:108C10000C040100BD4302000E040100F1E000005D
:108C20002004010055E000001004010065DF000091
:108C3000120201008D4202001E00040035450200B0
:108C400052020000B34202000C8A0200588C02005B
:108C5000020100000000000038EB0120D092020069
:108C60008747020000000000CC92020000000100D3
:108C7000C89202000F49020000000000B408002062
:108C800000000100C092020000000000000000008F
:108C90000000000000000000BC92020059470200E2
:108CA00065F30000BC08002000000300B892020039
:108CB0000F49020000000000AC0800200000010085
:108CC000B0920200BF47020089F4000000000000DB
:108CD00000000300AC9202000F49020000000000F7
:108CE000A408002000000100A49202006DFA000018
:108CF000000000000000000000000100FC920200E3
:108D00008747020000000000F89202000000010006
:108D1000F49202000F49020000000000E408002065
:108D200000000100EC920200EF470200000000008A
:108D30000000000000000100E89202000F4902005C
:108D400000000000DC08002000000100E0920200AA
:108D500019480200000000000000000000000100AF
:108D6000DC9202000F49020000000000D40800203D
:108D700000000100D492020061F000000000000039
:108D800000000000000001006D0E0100B74F02005E
:108D900089190100000000000000000021160100F8
:108DA00000000000000000000000000000000000C3
:108DB0000000000000000000E50F010006000000B8
:108DC000334D020006000000D50B0100100000002A
:108DD00049080100100000002919010001000000ED
:108DE000894B0200100000002F4D02000A00000015
:108DF000010F01001000000005170100070000002E
:108E0000374D020010000000374C02000100000046
:108E1000A90D010040000000D34C0200100000002A
:108E20004F4C0200010000003928010061290100B7
:108E300000000000F12A01007528010013E3020080
:108E4000D9510200D551020019E30200BD510200C0
:108E5000C95102001FE30200B7510200C3510200D2
:108E600029E30200F92C01000000000004000000CA
:108E700000FF0000000000000000000000000000F3
:108E800000000000000000000000000000000000E2
:108E9000040300000000000BF401000000010100C9
:108EA00000008000C2281700AC8E020000B0025003
:108EB000B88E020001000000C08E02000600000013
:108EC0001118001D0D18001F0E1800200F1800218A
:108ED000101800221218001E0008000000100000E8
:108EE0000400000000FF0000FFFF00000028845085
:108EF0004C0700200000000001000000FFFFFFFF02
:108F0000002584504C0700200000000000000000F5
:108F10000080005003000000000000003C8F0200B1
:108F20000000D6010000000000000000775600207D
:108F300072560020715600207056002000800050AC
:108F4000488F020001000000508F02000400000062
:108F500014000000130000021606000115060003AD
:108F6000047C02001C000100047C02001D000100C2
:108F7000047C02001E000100047C02001F000100AE
:108F8000047C020017001100047C0200180011008C
:108F9000047C020008001100047C0200090011009A
:108FA00008000000030000000800000003000000AB
:108FB00012F4020025F4020038F402004BF402001F
:108FC0005EF4020071F4020084F4020097F40200DF
:108FD000EAF60200F8F602000CF702001BF70200A6
:108FE00027F70200F47A0200FC7A0200547B0200A8
:108FF0005C7B0200C47B0200CC7B0200A0FA020072
:109000000001000088130000512563FCC2CAB9F3B7
:10901000849E17A7ADFAE6BCFFFFFFFFFFFFFFFF2F
:1090200000000000FFFFFFFFAAAAAAAAAAAAAAAAF4
:10903000AAAAAAAA5555555555555555555555558C
:109040000000000055555555522563FCC2CAB9F3BE
:10905000849E17A7ADFAE6BCFFFFFFFFFFFFFFFFEF
:1090600000000000FFFFFFFF512563FCC2CAB9F3F7
:10907000849E17A7ADFAE6BCFFFFFFFFFFFFFFFFCF
:1090800000000000FFFFFFFF96C298D84539A1F409
:10909000A033EB2D817D0377F240A463E5E6BCF8B5
:1090A00047422CE1F2D1176BF551BF376840B6CB80
:1090B000CE5E316B5733CE2B169E0F7C4AEBE78E7C
:1090C0009B7F1AFEE242E34F4B60D2273E3CCE3BF1
:1090D000F6B053CCB0061D65BC86987655BDEBB393
:1090E000E7933AAAD835C65AFCFFFFFFFFFFFFFF00
:1090F000FFFFFFFF00000000000000000000000074
:1091000001000000FFFFFFFFFF8FFFFFFF8FFFFF4A
:10911000FE8FFFFFFE8FFFFFFD8FFFFFFC8FFFFF26
:10912000FC8FFFFFFB8FFFFF6D757465785F6672C4
:1091300065652063616C6C65642077697468204E96
:10914000554C4C20706172616D6574657200000051
:1091500043616E277420696E697469616C697A6510
:10916000206D757465782C20776173204E554C4CBA
:109170000D0A00004661696C20746F20616371758F
:10918000697265206D757465780A00004661696CC6
:1091900020746F20696E63726561736520504D2085
:1091A000636F756E7465720A000000004661696C39
:1091B00020746F20646563726561736520504D2073
:1091C000636F756E7465720A000000004661696C19
:1091D00020746F2072656C65617365206D757465B0
:1091E000780A0000436F756C64206E6F74206C6F9A
:1091F000636B20706F7765722073617665206D7583
:10920000746578004661696C20746F20756E6C6FB0
:10921000636B206D757465780A00000063747820B4
:1092200063616E6E6F74206265204E554C4C000079
:109230000A637478206973204E554C4C0A00000074
:1092400067E6096A85AE67BB72F36E3C3AF54FA5D7
:109250007F520E518C68059BABD9831F19CDE05B03
:10926000D89E05C107D57C3617DD703039590EF709
:10927000310BC0FF11155868A78FF964A44FFABECF
:109280000123456789ABCDEFFEDCBA9876543210E6
:10929000F0E1D2C3000003280000022900000328E7
:1092A0000000002800002A2B00002A2B00000328C1
:1092B0000000292B0000292B0000032800000229B0
:1092C0000000052A0000052A0000032800000118FC
:1092D000000000280000042A0000042A00000328DF
:1092E0000000012A0000012A000003280000002AD3
:1092F0000000002A000003280000001800000028D9
:109300004E6F742061626C6520746F20616C6C6FAD
:1093100063617465205541525420726563656976B6
:10932000652062756666657200416476657274696F
:1093300073696E67206661696C656420746F207361
:10934000746172742028657272202564290041645A
:10935000766572746973696E67207375636365738C
:109360007366756C6C7920737461727465640057F0
:109370004553545F544F504449522F7A6570687971
:10938000722F696E636C7564652F7A657068797287
:109390002F647269766572732F6770696F2E68002B
:1093A000286366672D3E706F72745F70696E5F6DC3
:1093B00061736B202620286770696F5F706F72740D
:1093C0005F70696E735F74292831554C203C3C20D6
:1093D0002870696E29292920213D203055004153EC
:1093E00053455254494F4E204641494C205B25730A
:1093F0005D20402025733A25640A0009556E737577
:1094000070706F727465642070696E0A00707562A6
:109410006C69630072616E646F6D007075626C6977
:10942000632D69640072616E646F6D2D696400253F
:109430003032583A253032583A253032583A2530B1
:1094400032583A253032583A253032582028257380
:1094500029005365637572697479206368616E676A
:1094600065643A202573206C6576656C202575004F
:109470005365637572697479206661696C65643AD5
:10948000202573206C6576656C20257520657272C9
:109490002025642025730050616972696E6720661B
:1094A00061696C656420636F6E6E3A2025732C20B1
:1094B000726561736F6E20256420257300506169A9
:1094C00072696E6720636F6D706C657465643A20B5
:1094D00025732C20626F6E6465643A202564005009
:1094E0006173736B657920666F722025733A20254E
:1094F00030367500446973636F6E6E6563746564BE
:109500003A2025732C20726561736F6E20307825A8
:109510003032782025730050726573732042757461
:10952000746F6E203120746F20636F6E6669726D88
:109530002C20427574746F6E203220746F20726517
:109540006A6563742E00436F6E6E656374696F6E37
:10955000206661696C65642C206572722030782504
:1095600030327820257300436F6E6E6563746564D6
:109570002025730050616972696E672063616E63B4
:10958000656C6C65643A202573004661696C65649E
:1095900020746F2073656E642064617461206F763F
:1095A00065722055415254004661696C65642074AF
:1095B0006F2073656E642064617461206F766572DC
:1095C00020424C4520636F6E6E656374696F6E0058
:1095D000436F6E6E656374696F6E206F626A656358
:1095E0007420617661696C61626C652066726F6D72
:1095F0002070726576696F757320636F6E6E2E20B2
:10960000446973636F6E6E65637420697320636F62
:109610006D706C65746521004E756D6572696320AF
:109620004D617463682C20636F6E6E202570004E50
:10963000756D657269632052656A6563742C206379
:109640006F6E6E202570006B65792067656E6572A0
:109650006174696F6E204641494C45442C20726507
:10966000743D2564006B65792067656E6572617471
:10967000696F6E2053554343455353004B65792022
:1096800067656E65726174696F6E2074696D653AA5
:1096900020256C6C64206D73007369676E696E675A
:1096A0002053554343455353005369676E696E67B2
:1096B0002074696D653A20256C6C64206D730073AD
:1096C00069676E696E67204641494C45442C20729B
:1096D00065743D2564004E6F20424C4520636F6EDB
:1096E0006E656374696F6E20617661696C61626C2E
:1096F00065005075626C6963206B657920747261D6
:109700006E736D697373696F6E206661696C6564F1
:10971000206174206F66667365742025642C207246
:1097200065743D2564005075626C6963206B6579D2
:10973000207472616E736D697373696F6E20535517
:109740004343455353005354415254003D3D3D3D26
:109750003D3D3D3D3D3D3D3D3D3D3D3D3D3D3D3D39
:109760003D3D3D3D3D3D3D3D3D3D3D3D3D3D3D3D29
:109770003D3D3D3D3D3D3D3D3D3D3D3D3D3D3D0056
:109780005265636569766564205354415254207470
:1097900072696767657220E2809420626567696E0E
:1097A0006E696E6720505143206B657967656E2F37
:1097B0007369676E006D6C6473615F6B6579676573
:1097C0006E00504B5F41434B20726563656976655F
:1097D0006420E2809420546F74616C207075626C18
:1097E0006963206B65792073656E642074696D65AB
:1097F0003A20256C6C64206D73005369676E617448
:10980000757265207472616E736D697373696F6EC2
:10981000206661696C6564206174206F666673659B
:10982000742025642C207265743D25640054696D94
:10983000656F75742077616974696E6720666F72F1
:1098400020424C4520545820636F6D706C657465E0
:10985000005369676E6174757265207472616E730E
:109860006D697373696F6E205355434345535300BD
:109870005349475F41434B20726563656976656470
:1098800020E2809420546F74616C207369676E616C
:10989000747572652073656E642074696D653A2015
:1098A000256C6C64206D73004D6573736167652072
:1098B0007472616E736D697373696F6E206661692E
:1098C0006C6564206174206F66667365742025641E
:1098D0002C207265743D2564004D65737361676566
:1098E000207472616E736D697373696F6E20535566
:1098F0004343455353004D53475F41434B207265EB
:1099000063656976656420E2809420546F74616CAD
:10991000206D6573736167652073656E642074697B
:109920006D653A20256C6C64206D73004E6F742059
:1099300061626C6520746F20616C6C6F636174652B
:1099400020554152542073656E6420646174612017
:10995000627566666572004750494F3020646576CF
:10996000696365206973206E6F7420726561647924
:10997000004750494F3120646576696365206973FB
:10998000206E6F74207265616479004661696C6550
:109990006420746F20636F6E66696775726520500E
:1099A000302E323520286B657967656E20747269B8
:1099B00067676572292C206572723D2564004661D7
:1099C000696C656420746F20636F6E666967757279
:1099D000652050302E323620287369676E696E67B5
:1099E0002074726967676572292C206572723D2543
:1099F00064004661696C656420746F20636F6E66F5
:109A000069677572652050312E3034202870756278
:109A10006C69632D6B65792074726967676572295B
:109A20002C206572723D2564004661696C65642076
:109A3000746F20636F6E6669677572652050312E92
:109A4000303520287369676E617475726520747291
:109A50006967676572292C206572723D256400462E
:109A600061696C656420746F20636F6E66696775E9
:109A700072652050312E303620286D657373616712
:109A8000652074726967676572292C206572723D62
:109A900025640050504B32207472696767657220EC
:109AA0004750494F7320636F6E66696775726564CE
:109AB0003A00202050302E3235203D206B65792031
:109AC00067656E65726174696F6E00202050302E7C
:109AD0003236203D207369676E696E670020205022
:109AE000312E3034203D207075626C6963206B65C7
:109AF000792073656E64202D3E20504B5F41434BAF
:109B000000202050312E3035203D207369676E6172
:109B1000747572652073656E64202D3E205349472D
:109B20005F41434B00202050312E3036203D206DC8
:109B30006573736167652073656E64202D3E204DEB
:109B400053475F41434B0043616E6E6F7420696EF3
:109B5000697420627574746F6E7320286572723A2E
:109B6000202564290043616E6E6F7420696E6974EC
:109B7000204C45447320286572723A2025642900E0
:109B800043616E6E6F7420696E697469616C697A85
:109B90006520554152542063616C6C6261636B00B7
:109BA0005374617274696E67204E6F7264696320CA
:109BB0005541525420736572766963652073616DF7
:109BC000706C650D0A0043616E6E6F74206469737A
:109BD000706C61792077656C636F6D65206D65735E
:109BE0007361676520286572723A202564290043F5
:109BF000616E6E6F7420656E61626C652075617256
:109C00007420726563657074696F6E202865727266
:109C10003A20256429004661696C656420746F20D0
:109C2000726567697374657220617574686F7269B3
:109C30007A6174696F6E2063616C6C6261636B73CF
:109C40002E20286572723A20256429004661696CCD
:109C5000656420746F207265676973746572206132
:109C60007574686F72697A6174696F6E20696E6667
:109C70006F2063616C6C6261636B732E2028657268
:109C8000723A2025642900426C7565746F6F7468A0
:109C900020696E697469616C697A656400466169FE
:109CA0006C656420746F20696E697469616C697A8F
:109CB000652055415254207365727669636520288A
:109CC0006572723A2025642900626C655F7772695B
:109CD00074655F7468726561645F6964004E6F7279
:109CE0006469635F554152545F5365727669636579
:109CF000007065726970686572616C5F756172741D
:109D000000574553545F544F504449522F7A657061
:109D10006879722F6C69622F686561702F68656160
:109D2000702E63006368756E6B5F75736564286879
:109D30002C2063290009756E65787065637465640D
:109D400020686561702073746174652028646F7584
:109D5000626C652D667265653F2920666F72206DA5
:109D6000656D6F72792061742025700A006C6566DC
:109D7000745F6368756E6B28682C207269676874FD
:109D80005F6368756E6B28682C20632929203D3D30
:109D900020630009636F7272757074656420686572
:109DA000617020626F756E647320286275666665E7
:109DB00072206F766572666C6F773F2920666F72CE
:109DC000206D656D6F72792061742025700A0028FE
:109DD000616C69676E20262028616C69676E202D92
:109DE00020312929203D3D20300009616C69676ED2
:109DF000206D757374206265206120706F776572C5
:109E0000206F6620320A006279746573203E2068F4
:109E10006561705F666F6F7465725F627974657398
:109E20002862797465732900096865617020736917
:109E30007A6520697320746F6F20736D616C6C0A92
:109E400000686561705F737A203E206368756E6B91
:109E5000737A2873697A656F662873747275637490
:109E6000207A5F686561702929006368756E6B30C0
:109E70005F73697A65202B206D696E5F6368756E0C
:109E80006B5F73697A65286829203C3D20686561AD
:109E9000705F737A00574553545F544F5044495292
:109EA0002F7A65706879722F6C69622F6F732F63D8
:109EB000627072696E74665F7061636B616765641E
:109EC0002E630009537472696E6720776974682085
:109ED000746F6F206D616E7920617267756D656E4C
:109EE00074730A00097374725F7074725F706F73B9
:109EF0005B5D20746F6F20736D616C6C0A00097577
:109F00006E65787065637465642073697A65202571
:109F1000750A0009746F6F206D616E7920666F722B
:109F20006D617420617267730A00696E5F706163AE
:109F30006B6167656420213D202828766F69642065
:109F40002A2930290028756E7369676E6564292097
:109F500063686172202A207573656420666F7220C1
:109F600025257020617267756D656E742E204974A9
:109F70002773207265636F6D6D656E646564207410
:109F80006F206361737420697420746F20766F6929
:109F900064202A2062656361757365206974206D91
:109FA0006179206361757365206D697362656861AD
:109FB00076696F7220696E206365727461696E20C4
:109FC000636F6E66696775726174696F6E732E2058
:109FD000537472696E673A22257322206172677525
:109FE0006D656E743A256400736370795F636E7497
:109FF000203C2073697A656F66286370795F73749B
:10A00000725F706F7329006B6565705F636E74209B
:10A010003C2073697A656F66286B6565705F737441
:10A02000725F706F73290063627072696E74665F2D
:10A030007061636B61676500574553545F544F50BF
:10A040004449522F7A65706879722F696E636C7516
:10A0500064652F7A65706879722F6B65726E656CB6
:10A060002E6800216B5F69735F7072655F6B65724C
:10A070006E656C282900096B5F63757272656E747A
:10A080005F6765742063616C6C6564207072652D18
:10A090006B65726E656C0A00574553545F544F50A0
:10A0A0004449522F7A65706879722F6C69622F6FFC
:10A0B000732F6D7073635F706275662E6300574512
:10A0C00053545F544F504449522F7A6570687972E7
:10A0D0002F696E636C7564652F7A65706879722F6D
:10A0E0007370696E6C6F636B2E68007A5F73706952
:10A0F0006E5F6C6F636B5F76616C6964286C2900BE
:10A1000009496E76616C6964207370696E6C6F6367
:10A110006B2025700A007A5F7370696E5F756E6CD4
:10A120006F636B5F76616C6964286C2900094E6F00
:10A1300074206D79207370696E6C6F636B2025706D
:10A140000A007379735F6765746F707400574553C5
:10A15000545F544F504449522F7A65706879722F7A
:10A160006C69622F7574696C732F6F6E6F66662EE3
:10A1700063007374617465203D3D20305500217388
:10A1800079735F736C6973745F69735F656D707405
:10A190007928266D67722D3E636C69656E7473292C
:10A1A000007472616E73697420213D202828766FD7
:10A1B0006964202A293029007374617465203D3D4B
:10A1C000202831554C203C3C2028312929006D673E
:10A1D000722D3E72656673203D3D203000737461C0
:10A1E0007465203D3D202831554C203C3C202830D2
:10A1F0002929006D67722D3E72656673203E2030FE
:10A2000000574553545F544F504449522F7A65705C
:10A210006879722F6C69622F7574696C732F6E6F19
:10A22000746966792E63004E5653206E6F742069F0
:10A230006E697469616C697A656400436F756C64FA
:10A24000206E6F74206F627461696E20666C61733A
:10A250006820706172616D657465727300556E730C
:10A260007570706F727465642077726974652062AE
:10A270006C6F636B2073697A6500536563746F72EA
:10A280002073697A6520257520746F6F206C617268
:10A2900067652C206D6178696D756D206973202567
:10A2A0007A7500556E61626C6520746F2067657405
:10A2B000207061676520696E666F00496E76616C1B
:10A2C000696420736563746F722073697A650043F3
:10A2D0006F6E66696775726174696F6E2065727200
:10A2E0006F72202D20736563746F7220636F756EBB
:10A2F0007400256420536563746F7273206F662049
:10A30000256420627974657300616C6C6F632077DB
:10A3100072613A2025642C202578006461746120E4
:10A320007772613A2025642C202578004743204429
:10A330006F6E65206D61726B657220666F756E64FD
:10A34000004E6F20474320446F6E65206D61726B35
:10A35000657220666F756E643A20726573746172FF
:10A3600074696E672067630066735F6E7673004979
:10A370006E76616C696420696E7374616E636500EA
:10A38000496E76616C6964206261636B656E6420FE
:10A39000636F6E66696775726174696F6E00496E8E
:10A3A00076616C696420696E7374616E63652C20DC
:10A3B000656E64706F696E74206F7220636F6E6675
:10A3C000696775726174696F6E00496E76616C6958
:10A3D0006420656E64706F696E7400456E64706FA2
:10A3E000696E74206E6F742072656769737465722C
:10A3F00065640A006970635F7365727669636500FE
:10A400006C6F6767696E6700574553545F544F50D0
:10A410004449522F7A65706879722F737562737927
:10A42000732F6C6F6767696E672F6C6F675F636F01
:10A4300072652E63006C6F675F6261636B656E644B
:10A440005F636F756E745F6765742829203C2028F0
:10A45000283332202F20335529202D202831202B3E
:10A4600020302929006261636B656E64203C3D20C9
:10A470005F6C6F675F6261636B656E645F6C69736D
:10A48000745F656E640009756E65787065637465E8
:10A4900064206C69737420656E64206C6F636174F2
:10A4A000696F6E0A006C6F675F6261636B656E64F3
:10A4B0005F636F756E745F6765742829203E203076
:10A4C000006C6F67006C6F675F6D676D74004D6542
:10A4D0007373616765202822257322292064726FB7
:10A4E00070706564206265636175736520697420AE
:10A4F000657863656564732073697A65206C696D3E
:10A5000069746174696F6E20282575290057455359
:10A51000545F544F504449522F7A65706879722FB6
:10A520007375627379732F6C6F6767696E672F6CD1
:10A530006F675F6D73672E63006C656E203E3D2014
:10A540003000574553545F544F504449522F7A6559
:10A55000706879722F7375627379732F6C6F676788
:10A56000696E672F6C6F675F6F75747075742E639B
:10A57000006F75745F6374782D3E636F6E74726FD5
:10A580006C5F626C6F636B2D3E6F666673657420E3
:10A590003C3D206F75745F6374782D3E73697A65F6
:10A5A000001B5B306D006C6576656C203C3D203493
:10A5B00000257320005B2530386C755D20005B251D
:10A5C0003032753A253032753A253032752E2530C5
:10A5D00033752C253033755D200025732F003C2505
:10A5E000733E200025733A2000657272203E3D20A4
:10A5F00030002530327820007C00256300206D6516
:10A600007373616765732064726F70706564202D69
:10A610002D2D0D0A1B5B306D001B5B313B33316D03
:10A620002D2D2D20001B5B313B33316D001B5B3129
:10A630003B33336D006572720077726E00696E662F
:10A640000064626700574553545F544F5044495269
:10A650002F7A65706879722F7375627379732F6CB6
:10A660006F6767696E672F6261636B656E64732FD6
:10A670006C6F675F6261636B656E645F7561727456
:10A680002E63006465766963655F69735F726561F7
:10A69000647928756172745F64657629006C6F67F0
:10A6A0005F6261636B656E645F75617274006C6F8D
:10A6B000675F7561727400574553545F544F50443F
:10A6C00049522F7A65706879722F73756273797346
:10A6D0002F73657474696E67732F7372632F73655C
:10A6E0007474696E67732E63006368203C3D205F5D
:10A6F00073657474696E67735F68616E646C6572AC
:10A700005F7374617469635F6C6973745F656E64B1
:10A71000007365742D76616C7565206661696C7572
:10A7200072652E206B65793A202573206572726FF1
:10A730007228256429002A2A2A20426F6F74696EC4
:10A7400067204D79204170706C69636174696F6E28
:10A750002076332E332E332D393965306433333838
:10A7600065346265202A2A2A0A002A2A2A2055737B
:10A77000696E67206E524620436F6E6E656374206B
:10A7800053444B2076332E332E332D663738656590
:10A7900065353534343438202A2A2A0A002A2A2AF0
:10A7A000205573696E67205A6570687972204F531F
:10A7B0002076342E332E39392D33376536633238CF
:10A7C0003537366565202A2A2A0A00029ECADC240B
:10A7D0000EE5A9E093F3A3B50200406E029ECADC29
:10A7E000240EE5A9E093F3A3B50200406E029ECAD1
:10A7F000DC240EE5A9E093F3A3B50300406E029EAE
:10A80000CADC240EE5A9E093F3A3B50300406E0271
:10A810009ECADC240EE5A9E093F3A3B50100406EC7
:10A8200062745F6E7573006D757465785F696E69CB
:10A83000742063616C6C65642077697468204E5580
:10A840004C4C20706172616D6574657200436F7568
:10A850006C64206E6F7420616C6C6F636174652032
:10A860006D75746578206265666F726520696E69C2
:10A870007469616C697A696E670072302F61313A70
:10A880002020307825303878202072312F61323AFC
:10A890002020307825303878202072322F61333AEA
:10A8A00020203078253038780072332F61343A20F8
:10A8B00020307825303878207231322F69703A2074
:10A8C00020307825303878207231342F6C723A205D
:10A8D000203078253038780020787073723A202044
:10A8E000307825303878004661756C74696E672061
:10A8F000696E737472756374696F6E2061646472DB
:10A9000065737320287231352F7063293A203078AF
:10A910002530387800556E68616E646C6564204936
:10A9200052516E3A202564002A2A2A2A2A204D50A4
:10A9300055204641554C54202A2A2A2A2A002020F4
:10A94000537461636B696E67206572726F72202841
:10A95000636F6E746578742061726561206D6967DC
:10A960006874206265206E6F742076616C6964295A
:10A97000002020556E737461636B696E6720657289
:10A98000726F7200202044617461204163636573BB
:10A99000732056696F6C6174696F6E0020204D4D95
:10A9A00046415220416464726573733A20307825C1
:10A9B00078002020496E737472756374696F6E201D
:10A9C0004163636573732056696F6C6174696F6E60
:10A9D000002020466C6F6174696E672D706F696E20
:10A9E00074206C617A79207374617465207072656B
:10A9F000736572766174696F6E206572726F720032
:10AA0000574553545F544F504449522F7A657068EC
:10AA100079722F617263682F61726D2F636F726537
:10AA20002F636F727465785F6D2F6661756C742E1D
:10AA30006300212828285343425F54797065202AF7
:10AA40002920282830784530303045303030554C7A
:10AA500029202B20307830443030554C2920292DA6
:10AA60003E434653522026202831554C203C3C2062
:10AA7000283055202B203455292929000953746189
:10AA8000636B696E67206F7220446174612041635B
:10AA9000636573732056696F6C6174696F6E2065AE
:10AAA00072726F7220776974686F75742073746145
:10AAB000636B2067756172642C20757365722D6DF0
:10AAC0006F6465206F72206E756C6C2D706F696E8F
:10AAD00074657220646574656374696F6E0A0A0038
:10AAE0002A2A2A2A2A205553414745204641554CB7
:10AAF00054202A2A2A2A2A00202044697669736968
:10AB00006F6E206279207A65726F002020556E6129
:10AB10006C69676E6564206D656D6F727920616325
:10AB200063657373002020537461636B206F7665D7
:10AB300072666C6F772028636F6E7465787420611D
:10AB4000726561206E6F742076616C6964290020E3
:10AB5000204E6F20636F70726F636573736F722026
:10AB6000696E737472756374696F6E730020204927
:10AB70006C6C6567616C206C6F6164206F6620454A
:10AB800058435F52455455524E20696E746F2050A1
:10AB900043002020496C6C6567616C2075736520EB
:10ABA0006F66207468652045505352002020417420
:10ABB00074656D707420746F206578656375746555
:10ABC00020756E646566696E656420696E73747263
:10ABD000756374696F6E002A2A2A2A2A2042555307
:10ABE000204641554C54202A2A2A2A2A0020205344
:10ABF0007461636B696E67206572726F72002020EA
:10AC00005072656369736520646174612062757355
:10AC1000206572726F7200202042464152204164CA
:10AC200064726573733A2030782578002020496D6E
:10AC30007072656369736520646174612062757305
:10AC4000206572726F72002020496E737472756392
:10AC500074696F6E20627573206572726F72005234
:10AC60006573657276656420457863657074696F95
:10AC70006E20280053707572696F757320696E7449
:10AC800065727275707420284952512000535053D8
:10AC9000454C20696E20746872656164206D6F6434
:10ACA0006520646F6573206E6F7420696E646963DC
:10ACB000617465205053500065736620213D202843
:10ACC00028766F6964202A293029000945534620D7
:10ACD000636F756C64206E6F74206265207265749A
:10ACE00072696576656420737563636573736675F1
:10ACF0006C6C792E205368616C6C206E6576657281
:10AD0000206F636375722E0A002A2A2A2A2A204895
:10AD1000415244204641554C54202A2A2A2A2A00CE
:10AD20002020427573206661756C74206F6E2076EA
:10AD30006563746F72207461626C65207265616412
:10AD40000020204465627567206576656E7400207A
:10AD5000204661756C7420657363616C6174696F02
:10AD60006E20287365652062656C6F7729004152FB
:10AD700043485F45584345505420776974682072B2
:10AD80006561736F6E2025780A00094661756C74E1
:10AD900020657363616C6174696F6E207769746894
:10ADA0006F75742046535220696E666F0A00094819
:10ADB0006172644661756C7420776974686F75742C
:10ADC000204846535220696E666F205368616C6C50
:10ADD000206E65766572206F636375720A002A2A99
:10ADE0002A2A2A204465627567206D6F6E69746F28
:10ADF0007220657863657074696F6E202A2A2A2A2A
:10AE00002A002A2A2A2A2A20257320256429202A72
:10AE10002A2A2A2A00574553545F544F5044495216
:10AE20002F7A65706879722F617263682F61726D15
:10AE30002F636F72652F636F727465785F6D2F6912
:10AE400072715F6D616E6167652E63007072696F0C
:10AE5000203C3D20282831554C203C3C20283329DB
:10AE600029202D2031290009696E76616C696420E2
:10AE70007072696F7269747920256420666F722020
:10AE8000256420697271212076616C756573206D6F
:10AE9000757374206265206C657373207468616ECD
:10AEA00020256C750A0A006D7075004661696C6535
:10AEB0006420746F20616C6C6F63617465206E65D3
:10AEC00077204D505520726567696F6E2025750A91
:10AED00000506172746974696F6E2025753A207331
:10AEE000616E69747920636865636B206661696C63
:10AEF00065642E00496E76616C696420756E6465C8
:10AF0000726C79696E6720726567696F6E20696E11
:10AF100064657820257500574553545F544F50445D
:10AF200049522F7A65706879722F617263682F6158
:10AF3000726D2F636F72652F6D70752F61726D5F0B
:10AF40006D70752E630009436F6E6669677572696F
:10AF50006E6720257520737461746963204D5055A8
:10AF600020726567696F6E73206661696C65640A3B
:10AF70000A00094D61726B696E6720257520617248
:10AF800065617320666F722064796E616D696320FC
:10AF9000726567696F6E73206661696C65640A0A21
:10AFA00000095265717565737420746F20636F6E4C
:10AFB0006669677572653A20257520726567696FE5
:10AFC0006E732028737570706F727465643A2025F3
:10AFD00075290A0A002128726567696F6E5B6964CA
:10AFE000785D2E64745F6174747220262028315558
:10AFF0004C203C3C202830292929000952414D5F32
:10B000004E4F434143484520776974682044545F5C
:10B010004D454D5F434143484541424C4520617495
:10B02000747269627574650A0A00094661696C6523
:10B030006420746F20616C6C6F63617465204D5087
:10B040005520726567696F6E732066726F6D20445C
:10B05000540A0A00464C4153485F30005352414D58
:10B060005F30006578697400574553545F544F5002
:10B070004449522F7A65706879722F6C69622F6C1F
:10B080006962632F636F6D6D6F6E2F736F7572637F
:10B09000652F7374646C69622F6D616C6C6F632EC5
:10B0A00063006C6F636B5F726574203D3D20300000
:10B0B000574553545F544F504449522F7A65706836
:10B0C00079722F6C69622F6E65745F6275662F628C
:10B0D00075662E63006275662D3E66726167732029
:10B0E0003D3D202828766F6964202A293029007286
:10B0F00065715F73697A65203C3D2073697A6500EC
:10B100006275662D3E72656600096275662025705F
:10B1100020646F75626C6520667265650A006672F0
:10B120006167006E65745F62756600574553545FD2
:10B13000544F504449522F7A65706879722F6C6968
:10B14000622F6E65745F6275662F6275665F7369E4
:10B150006D706C652E63006275662D3E6C656E20A9
:10B160003D3D203055006275662D3E6C656E203E7B
:10B170003D206C656E006E65745F6275665F736915
:10B180006D706C655F68656164726F6F6D28627564
:10B190006629203E3D206C656E006E65745F6275A9
:10B1A000665F73696D706C655F7461696C726F6FF7
:10B1B0006D2862756629203E3D206C656E006E65C7
:10B1C000745F6275665F73696D706C650057455397
:10B1D000545F544F504449522F7A65706879722FEA
:10B1E000736F632F6E6F726469632F6E726635338F
:10B1F0002F736F632E6300736F6300574553545F63
:10B20000544F504449522F6D6F64756C65732F68AD
:10B21000616C2F6E6F726469632F6E7266782F682F
:10B22000616C2F6E72665F6770696F2E68006E7258
:10B23000665F6770696F5F70696E5F707265736576
:10B240006E745F636865636B282A705F70696E292E
:10B2500000574553545F544F504449522F7A6570FC
:10B260006879722F736F632F6E6F726469632F6ECC
:10B27000726635332F6E726635335F6370756E6537
:10B28000745F6D676D742E6300726574203E3D209F
:10B2900030000000000121200B0A574553545F5431
:10B2A0004F504449522F7A65706879722F696E63E6
:10B2B0006C7564652F7A65706879722F647269762F
:10B2C0006572732F656E74726F70792E680061708D
:10B2D000692D3E6765745F656E74726F70792021A9
:10B2E0003D202828766F6964202A293029000943E7
:10B2F000616C6C6261636B20706F696E7465722043
:10B3000073686F756C64206E6F74206265204E5593
:10B310004C4C0A0000FFFFFFFFFFFF000000000091
:10B320000000FFFFFFFFFFFF0000000000003031C2
:10B3300032333435363738396162636465660062AA
:10B34000745F72706100496E7375666669636965E2
:10B350006E74206E756D626572206F662061726713
:10B36000756D656E74730049676E6F72696E6720E4
:10B370006964656E7469746965732073746F72654E
:10B380006420696E20666C61736800496E76616C3A
:10B390006964206C656E6774682049442061646448
:10B3A0007265737320696E2073746F7261676500D4
:10B3B00062742F25732F253032782530327825306E
:10B3C000327825303278253032782530327825753C
:10B3D0002F25730062742F25732F25303278253086
:10B3E0003278253032782530327825303278253061
:10B3F000327825750073657474696E67735F737551
:10B40000627379735F696E6974206661696C6564E3
:10B410002028657272202564290062742F2573002C
:10B420004661696C656420746F207361766520499C
:10B430004420286572722025642900556E61626C73
:10B440006520746F20736574757020616E20696467
:10B45000656E7469747920616464726573730062E7
:10B46000740062745F73657474696E67730042542C
:10B47000204C572057510002FB349B5F8000008016
:10B480000010000000000000574553545F544F5017
:10B490004449522F7A65706879722F737562737997
:10B4A000732F626C7565746F6F74682F686F737437
:10B4B0002F6275662E630074797065203D3D2042D1
:10B4C000545F4255465F455654207C7C2074797009
:10B4D00065203D3D2042545F4255465F41434C5FED
:10B4E000494E207C7C2074797065203D3D2042547B
:10B4F0005F4255465F49534F5F494E0009496E769A
:10B50000616C696420627566666572207479706525
:10B51000207265717565737465640A0057455354EC
:10B520005F544F504449522F7A65706879722F6981
:10B530006E636C7564652F7A65706879722F626CC2
:10B540007565746F6F74682F6275662E68006D651F
:10B5500074612D3E706172656E7400766965770066
:10B560006E65745F6275665F68656164726F6F6D4A
:10B5700028706172656E7429203E2030002162744B
:10B580005F6275665F6861735F7669657728706171
:10B5900072656E74290062745F6275660062745F22
:10B5A00064617461004461746120627566666572ED
:10B5B000206F766572666C6F7720286C696E6B20E1
:10B5C00074797065203078253032782900556E61A5
:10B5D000626C6520746F206C6F6F6B2075702063D8
:10B5E0006F6E6E20776974682068616E646C652088
:10B5F000257500556E61626C6520746F206C6F6FED
:10B600006B757020636F6E6E20666F722068616E5E
:10B61000646C6520257500486172647761726520ED
:10B620006572726F722C2068617264776172652036
:10B63000636F64653A20256400436F756C64206E07
:10B640006F74207375626D69742072785F776F72A2
:10B650006B3A20256400556E61626C6520746F2022
:10B66000616C6C6F636174652062756666657200FB
:10B67000556E68616E646C6564206576656E7420D5
:10B68000307825303278206C656E2025753A20257B
:10B690007300546F6F20736D616C6C2028257520CA
:10B6A000627974657329206576656E74203078251B
:10B6B00030327800496E76616C69642048434920D5
:10B6C0006576656E742073697A6520282575290072
:10B6D000496E76616C6964204C45206D657461200B
:10B6E0006576656E742073697A6520282575290052
:10B6F000574553545F544F504449522F7A657068F0
:10B7000079722F7375627379732F626C7565746FBC
:10B710006F74682F686F73742F6863695F636F72EB
:10B72000652E63006576745F666C61677320262002
:10B730002831554C203C3C202830292900496E7680
:10B74000616C696420627566207479706520257566
:10B7500000496E76616C6964204843492041434C3E
:10B76000207061636B65742073697A652028257584
:10B77000290041434C2064617461206C656E6774DC
:10B7800068206D69736D61746368202825752021B8
:10B790003D2025752900556E61626C6520746F200F
:10B7A00066696E6420636F6E6E20666F72206861DA
:10B7B0006E646C652025750062745F6863695F65FF
:10B7C00076745F6765745F666C616773286864721E
:10B7D0002D3E657674292026202831554C203C3C8E
:10B7E000202831292900556E6B6E6F776E206275A7
:10B7F00066207479706520257500556E68616E64E9
:10B800006C65642076656E646F722D737065636914
:10B81000666963206576656E7420307825303278ED
:10B82000206C656E2025753A202573004E6F2063CD
:10B830006F6D6D616E642073656E7420666F72202B
:10B84000636D6420636F6D706C657465203078255E
:10B85000303478004F70436F646520307825303481
:10B860007820636F6D706C6574656420696E7374A5
:10B87000656164206F662065787065637465642017
:10B88000307825303478002162756600696E746501
:10B890007276616C20657863656564732074686591
:10B8A0002076616C69642072616E67652025752061
:10B8B0007573006C6174656E637920657863656586
:10B8C0006473207468652076616C69642072616EAF
:10B8D00067652030782530347800737570765F7432
:10B8E000696D656F75742065786365656473207430
:10B8F00068652076616C69642072616E67652030CE
:10B900007825303478004E6F2070656E64696E67FC
:10B91000207065726970686572616C20636F6E6E0D
:10B92000656374696F6E00556E65787065637465E4
:10B9300064207374617475732030782530327820F8
:10B94000257300657674206E756D5F68616E646C3A
:10B95000657320283D25752920746F6F206C6172F6
:10B9600067652028257A75203E20257529004E6FB1
:10B9700020636F6E6E656374696F6E20666F7220F0
:10B9800068616E646C65202575007061636B657419
:10B990007320636F756E74206D69736D6174636875
:10B9A0000061746F6D69635F6765742826636F6EED
:10B9B0006E2D3E696E5F6C6C29004661696C656432
:10B9C00020746F2073657420726571756972656487
:10B9D000207365637572697479206C6576656C0097
:10B9E0004E6F206368616E676520746F20656E63BB
:10B9F00072797074696F6E20737461746520286544
:10BA00006E63727970742030782530327829007531
:10BA10006E6B6E6F776E005B305D0048434920743B
:10BA200072616E73706F72743A20257300495043CF
:10BA3000004964656E7469747925733A2025730032
:10BA40004964656E746974795B25645D3A20257379
:10BA5000004843493A2076657273696F6E202573FA
:10BA6000202830782530327829207265766973690C
:10BA70006F6E203078253034782C206D616E7566BD
:10BA80006163747572657220307825303478004CAB
:10BA90004D503A2076657273696F6E2025732028A9
:10BAA00030782530327829207375627665722030BF
:10BAB0007825303478004E6F2049442061646472E8
:10BAC0006573732E20417070206D757374206361EF
:10BAD0006C6C2073657474696E67735F6C6F6164FE
:10BAE0002829000925640A00556E61626C6520747E
:10BAF0006F2073656E6420746F206472697665725E
:10BB00002028657272202564290009556E61626CD7
:10BB10006520746F20616C6C6F6320666F722048C3
:10BB20006F7374204E43500A0009556E61626C6554
:10BB300020746F2073656E6420486F7374204E43C9
:10BB4000502028657272202564290A00556E6162B2
:10BB50006C6520746F206C6F6F6B20757020636F45
:10BB60006E6E207769746820696E6465782030781D
:10BB700025303278004E6F74207265706F72746970
:10BB80006E67207061636B657420666F72206E6FE4
:10BB90006E2D636F6E6E656374656420636F6E6E89
:10BBA00000556E61626C6520746F20616C6C6F6310
:10BBB000617465206E65772048434920636F6D6D21
:10BBC000616E640009436F6E74726F6C6C657220F5
:10BBD000756E726573706F6E736976652C20636F16
:10BBE0006D6D616E64206F70636F646520307825C1
:10BBF0003034782074696D656F7574207769746866
:10BC0000206572722025640A006F70636F6465207E
:10BC100030782530347820737461747573203078EF
:10BC200025303278202573004661696C6564207484
:10BC30006F207265616420444C45206D61782064FA
:10BC4000617461206C656E0074785F6F63746574F5
:10BC50007320657863656564732074686520766118
:10BC60006C69642072616E67652025750074785F69
:10BC700074696D65206578636565647320746865B3
:10BC80002076616C69642072616E6765202575009D
:10BC90006576742D3E737461747573203D3D20305C
:10BCA000783030004E6F2070656E64696E67206377
:10BCB0006F6E6E20666F722070656572202573004E
:10BCC000436F6E74726F6C6C657220746F20686F56
:10BCD000737420666C6F7720636F6E74726F6C2064
:10BCE0006E6F7420737570706F72746564004E6F40
:10BCF0006E2D4C452063617061626C6520636F6ED0
:10BD000074726F6C6C6572206465746563746564CD
:10BD100021004E756D206F6620436F6E74726F6CDC
:10BD20006C657227732041434C207061636B6574AE
:10BD30007320213D2041434C2062745F636F6E6E1F
:10BD40005F747820636F6E7465787473202825752E
:10BD500020213D202575290041434C2042522F458A
:10BD600044522062756666657273206E6F74206936
:10BD70006E697469616C697A65640056656E646F9A
:10BD8000722048434920657874656E73696F6E73DD
:10BD9000206E6F7420617661696C61626C65004829
:10BDA0005720506C6174666F726D3A20257320289D
:10BDB00030782530347829004857205661726961FF
:10BDC0006E743A2025732028307825303478290085
:10BDD0004669726D776172653A2025732028307844
:10BDE00025303278292056657273696F6E2025756B
:10BDF0002E2575204275696C6420257500466169A1
:10BE00006C656420746F2072656164207375707056
:10BE10006F727465642076656E646F7220636F6DF7
:10BE20006D616E6473004661696C656420746F2097
:10BE30007265616420737570706F727465642076CA
:10BE4000656E646F72206665617475726573004813
:10BE5000434920647269766572206973206E6F743D
:10BE60002072656164790042542052582057510075
:10BE700048434920647269766572206F70656E2050
:10BE80006661696C65642028256429004F757420FB
:10BE90006F6620636F6D6D616E64206275666665A6
:10BEA000727300556E657870656374656420484FE1
:10BEB00053545F4E554D5F434F4D504C4554454490
:10BEC0005F5041434B4554532C2073746174757318
:10BED0002030782530327820257300556E636C65EC
:10BEE000617265642070656E64696E672073656E4B
:10BEF000745F636D640091FBFBF3F4FBFBFBFBEAF7
:10BF000000090909090102090909090909090909B9
:10BF10000909070909090909060909090909090996
:10BF200009090909090909090905312E3062003199
:10BF30002E3100312E3200322E3000322E310033BD
:10BF40002E3000342E3000342E3100342E320035A5
:10BF50002E3000352E3100352E3200352E3300358F
:10BF60002E3400362E3000362E3100362E3200367A
:10BF70002E33005374616E6461726420426C756587
:10BF8000746F6F746820636F6E74726F6C6C65721F
:10BF90000056656E646F72207370656369666963CD
:10BFA00020636F6E74726F6C6C6572004669726D9F
:10BFB00077617265206C6F616465720052657363AE
:10BFC000756520696D616765007265736572766578
:10BFD00064006E5246353178006E52463532780034
:10BFE0006E5246353378006E524635344878006ECE
:10BFF000524635344C7800496E74656C20436F723C
:10C00000706F726174696F6E004E6F726469632045
:10C0100053656D69636F6E647563746F72004E581B
:10C02000502053656D69636F6E647563746F7273CE
:10C030000045737072657373696620537973746514
:10C040006D730062745F6863695F636F726500633C
:10C050006D6420646973616C6C6F7765640057452B
:10C0600053545F544F504449522F7A657068797227
:10C070002F7375627379732F626C7565746F6F744B
:10C08000682F686F73742F69642E6300636F6E6628
:10C090006C69637420213D202828766F6964202A0A
:10C0A00029302900636F6E666C6963742D3E63618D
:10C0B0006E64696461746520213D202828766F696B
:10C0C00064202A293029007265736964656E7420C2
:10C0D000213D202828766F6964202A2930290028EC
:10C0E000636F6E666C6963742D3E63616E64696430
:10C0F0006174652D3E737461746520262042545F1F
:10C100004B4559535F49445F414444454429203DD0
:10C110003D2030004661696C656420746F2064695D
:10C120007361626C6520616464726573732072650B
:10C13000736F6C7574696F6E005265736F6C76699E
:10C140006E67206C6973742073697A652065786303
:10C1500065656465642E20537769746368696E67EA
:10C1600020746F20686F73742E004661696C65647B
:10C1700020746F20636C656172207265736F6C75DB
:10C1800074696F6E206C697374004661696C6564D4
:10C1900020746F206164642049524B20746F2063C7
:10C1A0006F6E74726F6C6C65720053657420707280
:10C1B0006976616379206D6F646520636F6D6D6171
:10C1C0006E64206973206E6F7420737570706F7267
:10C1D000746564004661696C656420746F207365E2
:10C1E000742070726976616379206D6F6465006296
:10C1F000745F6465762E6C652E726C5F656E74720A
:10C20000696573203E20300044697361626C696E19
:10C21000672061646472657373207265736F6C75F7
:10C2200074696F6E206661696C656420286572723E
:10C2300020256429004661696C656420746F207252
:10C24000656D6F76652049524B2066726F6D206375
:10C250006F6E74726F6C6C6572004F6E6C792072C9
:10C26000616E646F6D2073746174696320696465C5
:10C270006E74697479206164647265737320737578
:10C2800070706F7274656400496E76616C696420C9
:10C29000696E70757420706172616D65746572731A
:10C2A000004661696C656420746F2072656164206A
:10C2B0007075626C696320616464726573730052A7
:10C2C00065616420537461746963204164647265BC
:10C2D0007373657320636F6D6D616E64206E6F7430
:10C2E00020617661696C61626C65004661696C65AC
:10C2F0006420746F20726561642073746174696373
:10C3000020616464726573736573004E6F2073748B
:10C31000617469632061646472657373657320730B
:10C32000746F72656420696E20636F6E74726F6CD7
:10C330006C65720043616E27742073657420626FB0
:10C340007468204944454E544954592026204E5281
:10C3500050410062745F696400546F6F20626967C6
:10C36000206164766572746973696E6720646174B4
:10C3700061004661696C656420746F20737461723A
:10C3800074206164766572746973657200466169D0
:10C390006C656420746F2073746F702061647665BF
:10C3A00072746973696E673A2025640062745F6114
:10C3B000647600574553545F544F504449522F7A86
:10C3C00065706879722F696E636C7564652F7A6524
:10C3D000706879722F7379732F627974656F7264E4
:10C3E00065722E6800282870737263203C20706488
:10C3F0007374202626202870737263202B206C65AE
:10C400006E67746829203C3D207064737429207C19
:10C410007C202870737263203E2070647374202621
:10C4200026202870647374202B206C656E677468F6
:10C4300029203C3D207073726329290009536F75D0
:10C4400072636520616E642064657374696E6174E3
:10C45000696F6E2062756666657273206D757374A0
:10C46000206E6F74206F7665726C61700A00707355
:10C47000615F63727970746F5F696E6974282920D7
:10C480006661696C6564202564007073615F67652F
:10C490006E65726174655F72616E646F6D282920CC
:10C4A0006661696C6564202564004661696C656439
:10C4B00020746F20696D706F727420414553206B3A
:10C4C00065792025640041455320656E637279705B
:10C4D00074696F6E206661696C656420256400462E
:10C4E00061696C656420746F2064657374726F7920
:10C4F00020414553206B65792025640062745F6894
:10C500006F73745F63727970746F004661696C65F4
:10C510006420746F2067656E6572617465204543A1
:10C5200043206B6579202564004661696C65642051
:10C53000746F206578706F72742045434320707566
:10C54000626C6963206B6579202564004661696CC3
:10C55000656420746F206578706F72742045434362
:10C560002070726976617465206B6579202564009E
:10C570004661696C656420746F2064657374726FC2
:10C580007920454343206B65792049442025640088
:10C590004661696C656420746F20696D706F727498
:10C5A000207468652070726976617465206B6579A6
:10C5B00020666F72206B65792061677265656D65B5
:10C5C0006E7420256400526177206B657920616765
:10C5D0007265656D656E74206661696C65642025A1
:10C5E00064004661696C656420746F2064657374CF
:10C5F000726F7920746865206B65792025640070FE
:10C6000073615F696D706F72745F6B657928292043
:10C6100072657475726E65642073746174757320CD
:10C620002564004275737920706572666F726D695A
:10C630006E6720616E6F74686572204543444820C0
:10C640006F7065726174696F6E00E69D350E48010A
:10C6500003CCDBFDF4AC1191F4EFB9A5F9E9A783A4
:10C660002C5E2CBE97F2D203B0208BD28915D08ECF
:10C670001C742430ED8FC24563765C15525ABF9A04
:10C6800032636DEB2A65499C80DC62745F6563638D
:10C6900000574553545F544F504449522F7A6570A8
:10C6A0006879722F7375627379732F626C75657414
:10C6B0006F6F74682F686F73742F636F6E6E2E6365
:10C6C000006362203C3D205F62745F636F6E6E5F4B
:10C6D00063625F6C6973745F656E6400747800698F
:10C6E000735F61636C5F636F6E6E28636F6E6E293C
:10C6F000004661696C656420726561642072656DD5
:10C700006F74652066656174757265732028256491
:10C71000290050485920307825303278206E6F74C7
:10C7200020737570706F72746564004661696C6522
:10C730006420746F207365742064617461206C657B
:10C740006E2028256429006B5F63757272656E74B4
:10C750005F6765742829203D3D206B5F776F726BA2
:10C760005F71756575655F7468726561645F676543
:10C77000742874785F6E6F746966795F776F726B17
:10C7800071756575655F6765742829290009636F90
:10C79000756C646E2774207375626D6974202865EA
:10C7A0007272202564290A00556E6578706563747D
:10C7B0006564206669727374204C32434150206670
:10C7C00072616D6500556E6578706563746564208F
:10C7D0004C3243415020636F6E74696E75617469A9
:10C7E0006F6E004E6F7420656E6F7567682062759E
:10C7F0006666657220737061636520666F72204C97
:10C8000032434150206461746100556E65787065F3
:10C81000637465642041434C20666C616773202813
:10C82000307825303278290041434C206C656E20E9
:10C830006D69736D6174636820282575203E20251D
:10C8400075290009496E76616C696420636F6E6EAC
:10C85000656374696F6E207265666572656E636587
:10C860000A006F6C64203E20300009436F6E6E201A
:10C870007265666572656E636520636F756E74655B
:10C880007220697320300A0021636F6E6E5F7478C6
:10C890005F69735F70656E64696E67000974785FC5
:10C8A000636F6D706C6574655F776F726B20697311
:10C8B0002070656E64696E67207768656E20636FAF
:10C8C0006E6E206973206465616C6C6F6361746562
:10C8D000640A0028756E6B6E6F776E29006E6F208C
:10C8E0007472616E736974696F6E20257300496E8E
:10C8F00076616C69642028257529206F6C6420732B
:10C900007461746500636F6E6E20257020666169C6
:10C910006C656420746F2065737461626C69736800
:10C920002E205246206E6F6973653F006E6F207631
:10C93000616C6964202825752920737461746520F1
:10C940007761732073657400696E636F6D706174D5
:10C9500069626C652068616E646C652025750028CD
:10C9600028636F6E6E2920262620282875696E742C
:10C970007074725F74292861636C5F636F6E6E738D
:10C980002929203C3D20282875696E747074725FD7
:10C99000742928636F6E6E29292026262028287581
:10C9A000696E747074725F742928636F6E6E2929C2
:10C9B000203C20282875696E747074725F74292871
:10C9C000262861636C5F636F6E6E73295B28287322
:10C9D000697A655F7429282828696E742973697AD1
:10C9E000656F6628636861725B31202D20283220D4
:10C9F0002A202128215F5F6275696C74696E5F74FB
:10CA0000797065735F636F6D70617469626C655F87
:10CA100070285F5F747970656F665F5F2861636C13
:10CA20005F636F6E6E73292C205F5F747970656F22
:10CA3000665F5F28262861636C5F636F6E6E732983
:10CA40005B305D292929295D29202D203129202BC2
:10CA5000202873697A656F662861636C5F636F6E07
:10CA60006E7329202F2073697A656F6628286163A9
:10CA70006C5F636F6E6E73295B305D292929295DB8
:10CA800029292026262028282875696E747074723A
:10CA90005F742928636F6E6E2929202D2028287540
:10CAA000696E747074725F74292861636C5F636F60
:10CAB0006E6E7329292920252073697A656F66288F
:10CAC0002861636C5F636F6E6E73295B305D292034
:10CAD0003D3D2030290009496E76616C6964206211
:10CAE000745F636F6E6E20706F696E7465720A009A
:10CAF000216B5F69735F696E5F69737228290054E7
:10CB0000696D656F757420646973636172646564CF
:10CB10002E204E6F20626C6F636B696E6720696EAA
:10CB20002073797377712E0009496E76616C6964A0
:10CB300020636F6E6E20747970652025750A00740D
:10CB40006D7020213D20636F6E6E007072657620DF
:10CB5000213D2026636F6E6E2D3E5F636F6E6E5FAC
:10CB6000726561647900094E6F20636F6E74726F35
:10CB70006C6C657220627566730A00094E6F2054F2
:10CB80005820636F6E746578740A0030207C7C20B6
:10CB9000286275662D3E726566203D3D2031292054
:10CBA0007C7C20286275662D3E726566203D3D20A6
:10CBB0003229002162745F6275665F6861735F7617
:10CBC000696577286F757473696465290066726199
:10CBD0006720213D202828766F6964202A29302982
:10CBE0000009496E76616C696420636F6E6E6563DF
:10CBF00074696F6E20747970652025750A0046612E
:10CC000074616C206572726F7220282564292E2051
:10CC1000446973636F6E6E656374696E6720257017
:10CC200000466F756E642076616C696420636F6E78
:10CC30006E656374696F6E2028257029207769748A
:10CC400068206164647265737320257320696E20A7
:10CC50002573207374617465200053656E64204CE5
:10CC60004520706172616D20757064617465206625
:10CC700061696C65642028657272202564290053FF
:10CC8000656E64206175746F204C4520706172611F
:10CC90006D20757064617465206661696C656420DF
:10CCA000286572722025642900646973636F6E6E53
:10CCB000656374656400646973636F6E6E65637445
:10CCC0002D636F6D706C657465007363616E2D62AA
:10CCD00065666F72652D696E6974696174696E67E6
:10CCE00000696E6974696174696E672D66696C7438
:10CCF00065722D6C697374006164762D636F6E6E5E
:10CD000065637461626C65006164762D6469722D7F
:10CD1000636F6E6E65637461626C650064697363F2
:10CD20006F6E6E656374696E670062745F636F6EC9
:10CD30006E00574553545F544F504449522F7A6503
:10CD4000706879722F7375627379732F626C756571
:10CD5000746F6F74682F686F73742F6C32636170B7
:10CD60002E630073203D3D20266C655F6368616E15
:10CD70002D3E5F7064755F726561647900556E6108
:10CD8000626C6520746F20616C6C6F6361746520E8
:10CD900062756666657220666F72206F70203078EB
:10CDA00025303278004E6F20617661696C61626C6B
:10CDB00065204C3243415020636F6E746578742057
:10CDC000666F7220636F6E6E202570004578706507
:10CDD0006374696E6720757020746F2025642072FB
:10CDE0006566732C20676F7420256400636F6E6E18
:10CDF0002D3E7374617465203D3D2042545F434F66
:10CE00004E4E5F434F4E4E454354454400616C7255
:10CE10006561647920686176652076696577206F41
:10CE20006E202570006669666F5F706475203D3DF9
:10CE3000207064750028666368616E2D3E636964C6
:10CE4000203E3D2030783030303120262620666369
:10CE500068616E2D3E636964203C3D20307830303F
:10CE60003366290009434944202575206973206EE3
:10CE70006F7420696E207468652066697865642027
:10CE80006368616E6E656C2072616E67650A00632F
:10CE900068616E203D3D202828766F6964202A292C
:10CEA000302900094669786564206368616E6E65A3
:10CEB0006C20776974682043494420257520616C93
:10CEC0007265616479206578697374730A006663BA
:10CED00068616E203C3D205F62745F6C32636170FC
:10CEE0005F66697865645F6368616E5F6C697374BF
:10CEF0005F656E64004C32434150206C656E677410
:10CF000068206D69736D6174636820282575202120
:10CF10003D2025752900496E76616C69642069643D
:10CF2000656E742076616C756520696E204C3243A5
:10CF300041502050445500496E76616C6964204C24
:10CF40004520636F6E6E20706172616D2072737028
:10CF50002073697A652028257520213D20257A7562
:10CF6000290052656A656374696E6720756E6B6E21
:10CF70006F776E204C324341502050445520636FF0
:10CF800064652030782530327800546F6F20736DDF
:10CF9000616C6C204C32434150207369676E616C48
:10CFA000696E672050445500546F6F20736D616C3B
:10CFB0006C204C32434150205044552072656365CB
:10CFC000697665640049676E6F72696E6720646197
:10CFD000746120666F7220756E6B6E6F776E206362
:10CFE00068616E6E656C2049442030782530347855
:10CFF0000062745F6C32636170004661696C6564E5
:10D0000020746F207375626D6974206174745F742D
:10D01000785F64657374726F795F776F726B3A20B3
:10D02000256400574553545F544F504449522F7A5A
:10D0300065706879722F7375627379732F626C757E
:10D0400065746F6F74682F686F73742F6174742EBA
:10D0500063006E65745F6275665F706F6F6C5F67AB
:10D060006574286275662D3E706F6F6C5F69642908
:10D07000203D3D20266174745F706F6F6C004154D9
:10D0800054206368616E6E656C206E6F7420636FF0
:10D090006E6E6563746564006275662D3E6C656EC8
:10D0A000203E3D2073697A656F66287374727563DC
:10D0B000742062745F6174745F68647229004572E1
:10D0C000726F72207369676E696E67206461746144
:10D0D0000052616E206F7574206F66205458206274
:10D0E000756666657273206F7220636F6E74657803
:10D0F00074732E00556E61626C6520746F206372CC
:10D100006561746520657272207273702050445599
:10D1100000415454204D545520657863656564651D
:10D12000642C206D61782025752C2077616E7465E4
:10D130006420257A7500556E61626C6520746F20DD
:10D140006372656174652072737020504455005499
:10D150006F6F20736D616C6C2041545420504455A6
:10D1600020726563656976656400556E68616E64FA
:10D170006C65642041545420636F646520307825C9
:10D1800030327800496E76616C6964206C656E207F
:10D19000257520666F7220636F64652030782530B6
:10D1A000327800556E61626C6520746F2063726521
:10D1B00061746520555549443A2073697A65202584
:10D1C0007500556E61626C6520746F2063726561D5
:10D1D000746520555549443A2073697A6520256461
:10D1E000004E6F20617661696C61626C652041540C
:10D1F0005420636F6E7465787420666F7220636F5D
:10D200006E6E202570004E6F20617661696C6162E0
:10D210006C6520415454206368616E6E656C2066B5
:10D220006F7220636F6E6E202570004E6F742063E6
:10D230006F6E6E656374656400556E61626C652027
:10D24000746F2066696E6420415454206368616E77
:10D250006E656C00476F74206572722025642C2007
:10D260006E6F742063616C6C696E6720415454204A
:10D2700063620009556E6B6E6F776E206F7020745D
:10D28000797065203078253032580A004661696C23
:10D29000656420746F2072652D7375626D697420EA
:10D2A00025733A202564004E6F2041545420636852
:10D2B000616E6E656C20666F72204D545520257A24
:10D2C00075004E6F2070656E64696E67204154541E
:10D2D000207265717565737400556E61626C6520AE
:10D2E000746F206372656174652072657472792051
:10D2F000504455202825752900446973636F6E6E6C
:10D30000656374696E67206661696C656420286571
:10D31000727220256429004154542054696D656F50
:10D32000757420666F722064657669636520257365
:10D330002E20446973636F6E6E656374696E672E29
:10D340002E2E00726571006174745F74785F64657D
:10D350007374726F795F776F726B5F68616E646C04
:10D3600065720062745F61747400434D41432075BF
:10D370007064617465206661696C65642025640071
:10D380004661696C656420746F206465636F6465D1
:10D390002076616C7565202865727220257A642973
:10D3A000004661696C656420746F20736176652046
:10D3B0004461746162617365204861736820286507
:10D3C00072722025642900574553545F544F5044CE
:10D3D00049522F7A65706879722F73756273797309
:10D3E0002F626C7565746F6F74682F686F73742F1C
:10D3F000676174742E6300656C20213D20282876B7
:10D400006F6964202A293029000943616E2774203E
:10D4100073617665204346202F2043434320746F79
:10D4200020666C6173680A006661696C65642074CB
:10D430006F2073746F7265205343202865727220C9
:10D4400025642900756E61626C6520746F207361BC
:10D4500076652053433A206E6F20636667206C65C3
:10D46000667400546F6F206D616E7920436C69653E
:10D470006E74204368617261637465726973746964
:10D480006320436F6E66696775726174696F6E2E93
:10D490002053656520434F4E4649475F42545F53D2
:10D4A000455454494E47535F4343435F53544F528F
:10D4B000455F4D41580A00496E76616C6964206B86
:10D4C0006579006661696C656420746F2064656CC1
:10D4D00065746520534320286572722025642900F5
:10D4E0004661696C656420746F20636C65617220AD
:10D4F000534320256400556E61626C6520746F2073
:10D500006465636F6465206164647265737320256C
:10D510007300496E76616C6964206C6F63616C2086
:10D520006964656E7469747920256C7500556E6147
:10D53000626C6520746F20726573746F726520531E
:10D54000433A206E6F20636667206C656674004EF8
:10D550006F20737061636520746F2073746F7265E0
:10D560002043434320636667004E6F2073706163FE
:10D570006520746F2073746F726520436C69656EEB
:10D580007420537570706F727465642046656174A1
:10D590007572657300556E61626C6520746F2072E0
:10D5A0006573746F72652043463A206E6F20636620
:10D5B00067206C656674004368616E67652D6177EE
:10D5C00061726520737461747573206E6F74206668
:10D5D0006F756E6420696E2073657474696E67730D
:10D5E0002C2064656661756C74696E672070656572
:10D5F000722073746174757320746F206368616E38
:10D6000067652D756E617761726500526561642092
:10D610006261636B20626164206368616E67652D7F
:10D6200061776172652076616C75653A2030782586
:10D63000782C2064656661756C74696E672070650E
:10D6400065722073746174757320746F20636861F0
:10D650006E67652D756E6177617265004661696CF4
:10D66000656420746F2073746F726520436C696504
:10D670006E742046656174757265732028657272D8
:10D6800020256429007374617469635F7376632075
:10D690003C3D205F62745F676174745F736572768E
:10D6A0006963655F7374617469635F6C6973745FE8
:10D6B000656E6400556E61626C6520746F20696DE3
:10D6C000706F727420746865206B657920666F7264
:10D6D0002041455320434D414320256400434D41A3
:10D6E00043206F7065726174696F6E20696E697432
:10D6F000206661696C656420256400434D414320C8
:10D7000066696E697368206661696C65642025646A
:10D710000062742F636363004661696C6564207402
:10D720006F2073746F7265204343437320286572C2
:10D7300072202564290009696E76616C6964207025
:10D740006172616D657465720A0A006174747200B9
:10D7500052656164206D6574686F64206E6F74201B
:10D76000736574004661696C656420746F2072652E
:10D77000616420617474726962757465202570201B
:10D780002865727220257A642900496E76616C6979
:10D79000642072656164206C656E6774683A202548
:10D7A0007A6400094E6F206D6F7265206174747227
:10D7B0006962757465730A0A00706172616D730045
:10D7C00009696E76616C696420706172616D65745F
:10D7D0006572730A0A00706172616D732D3E617427
:10D7E0007472207C7C20706172616D732D3E757542
:10D7F0006964002161746F6D69635F746573745F40
:10D800006269742873632D3E666C6167732C2053C4
:10D81000435F494E4449434154455F50454E444956
:10D820004E47290009496E64696361746520616C23
:10D8300072656164792070656E64696E670A004381
:10D840004343202570206E6F742077726974616283
:10D850006C6500534320726573746F726520696E46
:10D860006469636174696F6E206661696C656400E8
:10D870004661696C656420746F20736574207365FC
:10D8800063757269747920666F7220626F6E646569
:10D8900064207065657220282564290062742F68F1
:10D8A0006173680062742F63660062742F73630093
:10D8B00062745F6761747400556E61626C65207498
:10D8C0006F2066696E6420534D50206368616E6EF0
:10D8D000656C005075626C6963206B6579206E6FB2
:10D8E0007420617661696C61626C65004661696C87
:10D8F000656420746F2067656E657261746520448D
:10D90000484B65790043616C63756C617465206395
:10D910006F6E6669726D206661696C656400556E34
:10D920006B6E6F776E2070616972696E67206D65CE
:10D9300074686F6420282575290043616C63756CD9
:10D94000617465204C544B206661696C65640043CA
:10D95000616C63756C617465206C6F63616C2044ED
:10D96000484B657920636865636B206661696C6507
:10D97000640043616C63756C6174652072656D6FE2
:10D9800074652044484B657920636865636B206645
:10D9900061696C65640052656D6F746520707562B5
:10D9A0006C6963206B65792072656A656374656470
:10D9B0000052656D6F7465206973207573696E67B9
:10D9C000204465627567205075626C6963206B65E1
:10D9D0007900526563656976656420696E76616C6D
:10D9E0006964207075626C6963206B6579004E6FA5
:10D9F00020617661696C61626C6520534D502063D3
:10DA00006F6E7465787420666F7220636F6E6E201F
:10DA1000257000556E61626C6520746F20676574B7
:10DA2000206B65797320666F72202573005745530C
:10DA3000545F544F504449522F7A65706879722F61
:10DA40007375627379732F626C7565746F6F746828
:10DA50002F686F73742F736D702E63005075626C36
:10DA60006963206B65792072652D67656E657261EB
:10DA700074696F6E20726571756573742066616973
:10DA80006C65642028256429006D757465785F6570
:10DA90007272203D3D2030005075626C6963206BCE
:10DAA00065792067656E65726174696F6E2074694F
:10DAB0006D656F75740054686520696E2D70726FA6
:10DAC00067726573732070616972696E672068613F
:10DAD00073206265656E2064656C65746564210001
:10DAE000534D5020646F6573206E6F7420616C6CB1
:10DAF0006F7720612070616972696E672066616965
:10DB00006C757265206174207468697320706F6928
:10DB10006E742E204B6E6F776E2069737375652E51
:10DB200020446973636F6E6E656374696E67206904
:10DB30006E73746561642E00546F6F20736D616C39
:10DB40006C20534D502050445520726563656976B2
:10DB5000656400534D5020636F6D6D616E642028C5
:10DB6000636F6465203078253032782920726563D0
:10DB700065697665642061667465722074696D6597
:10DB80006F757400526563656976656420726573AC
:10DB9000657276656420534D5020636F6465203054
:10DBA000782530327800556E68616E646C6564204B
:10DBB000534D5020636F64652030782530327800F3
:10DBC000556E657870656374656420534D502063AD
:10DBD0006F64652030782530327800496E76616C4C
:10DBE0006964206964656E74697479202573002105
:10DBF00028736D702D3E72656D6F74655F64697317
:10DC00007420262030783032290052656675736999
:10DC10006E67206E65772070616972696E672E206D
:10DC2000546865206F6C6420626F6E64206D75733C
:10DC30007420626520756E70616972656420666922
:10DC40007273742E002162745F69645F66696E642A
:10DC50005F636F6E666C696374286E65775F626F71
:10DC60006E642C2030290070616972696E672066CD
:10DC700061696C65642028706565722072656173E6
:10DC80006F6E203078257829004E6F206B65797390
:10DC900020737061636520666F7220257300534D99
:10DCA000502054696D656F75742028666C616773C8
:10DCB0003A30782530387820616C6C6F7765645F16
:10DCC000636D64733A307825303878290000050692
:10DCD0001F1F2918120308020305080A0008010380
:10DCE00004010504050906070101060608000001F4
:10DCF0000001000301000302020100020000000015
:10DD000000020301000362745F736D700057455396
:10DD1000545F544F504449522F7A65706879722F7E
:10DD20007375627379732F626C7565746F6F746845
:10DD30002F686F73742F6B6579732E63006B657931
:10DD40007320213D202828766F6964202A293029F4
:10DD5000006164647220213D202828766F69642068
:10DD60002A2930290066756E6320213D20282876F7
:10DD70006F6964202A293029004661696C65642036
:10DD8000746F20726561642076616C75652028650A
:10DD9000727220257A642900556E61626C65207468
:10DDA0006F2066696E642064656C65746564206BC1
:10DDB00065797320666F72202573004661696C6512
:10DDC0006420746F20616C6C6F63617465206B6597
:10DDD000797320666F7220257300496E76616C69D5
:10DDE00064206B6579206C656E67746820257A64A1
:10DDF00020213D20257A750044726F7070696E672E
:10DE0000206B65797320666F722025732C206E6FEE
:10DE1000205343204C544B0053746F726564206B45
:10DE200065797320666F7220257320646F206E6F92
:10DE300074206D617463682063757272656E7420FE
:10DE4000636F6E66696720666C616773206F72200E
:10DE500076657273696F6E00546865206B657973BF
:10DE600020666F722025732061726520646F776E63
:10DE700067726164656420746F20756E6175746883
:10DE8000656E74696361746564206173207468658C
:10DE900079206E6F206C6F6E676572206D6565749A
:10DEA0002061757468656E7469636174696F6E2052
:10DEB000726571756972656D656E7473004661692E
:10DEC0006C656420746F2073617665206B6579736F
:10DED0002028657272202564290062742F6B657991
:10DEE000730062745F6B657973006C888391AAF527
:10DEF000A53860370BDB5A6083BE62745F6372794A
:10DF000070746F004661696C656420746F20636F84
:10DF10006D70757465204D41432025640000070E27
:10DF2000091C1B1215383F363124232A2D466169FE
:10DF30006C656420746F2073656E6420286572724E
:10DF400020256429004E6F7420656E6F7567682008
:10DF500064617461202825752920666F72206576BA
:10DF6000656E74206865616465722028257A75295C
:10DF7000004576656E74207061796C6F6164206C09
:10DF8000656E677468206973206E6F7420636F72AA
:10DF9000726563742028257520213D202575290090
:10DFA000436F756C646E277420616C6C6F63617471
:10DFB00065206120627566666572206166746572AF
:10DFC0002077616974696E67203130207365636FF3
:10DFD0006E64732E004E6F7420656E6F75676820D7
:10DFE000737061636520696E206275666665722074
:10DFF000257A752F257A75004E6F7420656E6F75C2
:10E0000067682064617461202825752920666F7215
:10E010002041434C206865616465722028257A752B
:10E0200029004E6F20617661696C61626C652041E8
:10E03000434C2062756666657273210041434C2033
:10E040007061796C6F6164206C656E6774682069BB
:10E0500073206E6F7420636F72726563742028255D
:10E060007520213D20257529004E6F7420656E6F47
:10E070007567682064617461202825752920666FA2
:10E08000722049534F206865616465722028257AA3
:10E090007529004E6F20617661696C61626C652044
:10E0A00049534F20627566666572732028257A751C
:10E0B00029210049534F207061796C6F6164206C95
:10E0C000656E677468206973206E6F7420636F7269
:10E0D000726563742028257520213D20256C7529E3
:10E0E00000556E6B6E6F776E2048434920747970CF
:10E0F0006520257500484349207472616E73706F06
:10E100007274207365747570206661696C65642033
:10E11000776974683A2025640A0049504320736582
:10E12000727669636520696E7374616E63652069D8
:10E130006E697469616C697A6174696F6E20666179
:10E14000696C65643A2025640A00526567697374D6
:10E150006572696E6720656E64706F696E742066A3
:10E1600061696C6564207769746820256400456E78
:10E1700064706F696E742062696E64696E67206690
:10E1800061696C6564207769746820256400446562
:10E190007265676973746572696E672048434920C8
:10E1A000656E64706F696E74206661696C65642069
:10E1B000776974683A20256400436C6F73696E67F1
:10E1C00020495043207365727669636520666169F2
:10E1D0006C656420776974683A2025640048434977
:10E1E000207472616E73706F7274207465617264F2
:10E1F0006F776E206661696C656420776974683A30
:10E200002025640062745F6863695F697063300031
:10E210006E72665F62745F6863690062745F6863F0
:10E22000695F64726976657200574553545F544F55
:10E23000504449522F6D6F64756C65732F68616C23
:10E240002F6E6F726469632F6E7266782F68616CCF
:10E250002F6E72665F7370752E68002128705F7272
:10E2600065672D3E455854444F4D41494E5B646FA0
:10E270006D61696E5F69645D2E5045524D202620A8
:10E2800028307831554C203C3C202838554C2929E1
:10E29000290062745F6863695F6E726635335F730D
:10E2A0007570706F727400574553545F544F5044EB
:10E2B00049522F7A65706879722F64726976657237
:10E2C000732F636C6F636B5F636F6E74726F6C2F11
:10E2D000636C6F636B5F636F6E74726F6C5F6E7293
:10E2E000662E630074797065203C20434C4F434B8D
:10E2F0005F434F4E54524F4C5F4E52465F545950FD
:10E30000455F434F554E5400636C6F636B4035302F
:10E310003030006866636C6B006C66636C6B006821
:10E3200066636C6B3139326D006866636C6B617566
:10E3300064696F00636C6F636B5F636F6E74726FA1
:10E340006C00574553545F544F504449522F6E72DE
:10E35000662F647269766572732F656E74726F7062
:10E36000792F656E74726F70795F63633378782E7E
:10E37000630064657620213D202828766F6964203B
:10E380002A2930290062756666657220213D2028A1
:10E3900028766F6964202A293029006372797074A5
:10E3A0006F4035303834343030300063696E737408
:10E3B000722025303278207472616E736665722027
:10E3C000746F6F206C6F6E673A20257A7500636CEE
:10E3D000656172004A45444543206964205B2530ED
:10E3E0003278202530327820253032785D206578EB
:10E3F00070656374205B25303278202530327820B8
:10E40000253032785D0052445352206661696C6554
:10E41000643A202564005145202573206661696CAB
:10E4200065643A2025640072656164206572726FCC
:10E43000723A2061646472657373206F722073692D
:10E440007A652065786365656473206578706563B7
:10E450007465642076616C7565732E416464723AEC
:10E46000203078256C782073697A6520257A7500CC
:10E470007772697465206572726F723A20616464A4
:10E4800072657373206F722073697A652065786393
:10E490006565647320657870656374656420766172
:10E4A0006C7565732E416464723A203078256C78FF
:10E4B0002073697A6520257A75006572617365201D
:10E4C0006572726F723A2061646472657373206F53
:10E4D000722073697A652065786365656473206569
:10E4E000787065637465642076616C7565732E4120
:10E4F0006464723A203078256C782073697A6520DC
:10E50000257A7500756E737570706F72746564200E
:10E510006174203078256C782073697A6520257ABB
:10E52000750077616974206572726F722061742062
:10E530003078256C782073697A6520257A750065B6
:10E5400072617365206572726F7220617420307819
:10E55000256C782073697A6520257A7500000000A3
:10E56000016D783235723634333566403000717360
:10E5700070695F6E6F7200696E76616C69642061AC
:10E580006464726573733A2030782530386C783A59
:10E59000257A7500756E616C69676E6564206164CB
:10E5A00064726573733A2030782530386C783A2578
:10E5B0007A75006E6F7420776F72642D616C696775
:10E5C0006E65643A2030782530386C783A257A7553
:10E5D00000666C6173682D636F6E74726F6C6C652E
:10E5E0007240333930303000666C6173685F6E7230
:10E5F0006600574553545F544F504449522F7A6533
:10E60000706879722F696E636C7564652F7A6570B6
:10E610006879722F647269766572732F6770696F9B
:10E620002F6770696F5F7574696C732E6800094E8F
:10E630006F2063616C6C6261636B210A0063616CC3
:10E640006C6261636B2D3E68616E646C657200097B
:10E650004E6F2063616C6C6261636B2068616E64F5
:10E660006C6572210A00574553545F544F5044491A
:10E67000522F7A65706879722F6472697665727349
:10E680002F6770696F2F6770696F5F6E7266782E83
:10E69000630063622D3E68616E646C657200677032
:10E6A000696F40383432383030006770696F4038F5
:10E6B00034323530300074785F6D61736B20746F65
:10E6C0006F2062696720286F72204950435F434F73
:10E6D0004E465F4E554D20746F6F20736D616C6CAC
:10E6E000290072785F6D61736B20746F6F206269AF
:10E6F0006720286F72204950435F434F4E465F4E5C
:10E70000554D20746F6F20736D616C6C2900456EE0
:10E7100061626C696E67206368616E6E656C2077FC
:10E720006974686F757420612072656769737465B8
:10E730007265642063616C6C6261636B0A0053658F
:10E740006E64696E672064617461206E6F742073FB
:10E750007570706F72746564005258206576656ECE
:10E7600074206F6E20696C6C6567616C20636861F2
:10E770006E6E656C005258206576656E74206F6E03
:10E780002064697361626C6564206368616E6E65A4
:10E790006C006D626F78403261303030006D626FB6
:10E7A000785F6E7266785F6970630000010203042F
:10E7B0000506070B4661696C656420746F20616C07
:10E7C0006C6F6361746520505049204368616E6EC0
:10E7D000656C00574553545F544F504449522F7A4B
:10E7E00065706879722F647269766572732F7365CC
:10E7F0007269616C2F756172745F6E7266785F7595
:10E80000617274652E6300095458206F6E6C792014
:10E81000554152544520696E7374616E63650A00F8
:10E820006E72665F75617274655F6576656E745F42
:10E83000636865636B2875617274652C204E52465F
:10E840005F55415254455F4556454E545F454E44D1
:10E85000525829007561727440383030300075614B
:10E8600072745F6E7266785F756172746500286697
:10E870006C616773202620282831554C203C3C20B1
:10E880002832312929207C202831554C203C3C203D
:10E890002832322929207C202831554C203C3C202C
:10E8A0002832332929207C202831554C203C3C201B
:10E8B0002832342929207C202831554C203C3C200A
:10E8C0002832352929207C202831554C203C3C20F9
:10E8D00028323629292929203D3D20300009496E5A
:10E8E0007465727275707420666C616773206172F2
:10E8F00065206E6F7420737570706F727465640A32
:10E900000028666C616773202620282831203C3C53
:10E91000203429207C202831203C3C2035292929FD
:10E9200020213D20282831203C3C203429207C20F7
:10E930002831203C3C20352929000950756C6C2079
:10E94000557020616E642050756C6C20446F776E3A
:10E950002073686F756C64206E6F7420626520652B
:10E960006E61626C65642073696D756C74616E654F
:10E970006F75736C790A00212828666C61677320B3
:10E9800026202831554C203C3C2028313629292985
:10E99000202626202128666C6167732026202831D6
:10E9A000554C203C3C202831372929292026262077
:10E9B00028666C6167732026202831203C3C20317A
:10E9C0002929290009496E7075742063616E6E6F84
:10E9D0007420626520656E61626C656420666F728A
:10E9E00020274F70656E20447261696E272C2027A6
:10E9F0004F70656E20536F7572636527206D6F646D
:10EA0000657320776974686F7574204F75747075BD
:10EA1000740A0028666C6167732026202831203C28
:10EA20003C2031292920213D2030207C7C20286673
:10EA30006C6167732026202831203C3C2032292934
:10EA4000203D3D20300028666C6167732026202819
:10EA50002831554C203C3C202831382929207C2065
:10EA60002831554C203C3C2028313929292929209E
:10EA70003D3D2030207C7C2028666C616773202619
:10EA8000202831554C203C3C202831372929292089
:10EA9000213D203000094F7574707574206E6565D6
:10EAA000647320746F20626520656E61626C6564BA
:10EAB00020746F20626520696E697469616C697A7F
:10EAC0006564206C6F77206F7220686967680A0040
:10EAD00028666C616773202620282831554C203C1D
:10EAE0003C202831382929207C202831554C203CD5
:10EAF0003C202831392929292920213D2028283165
:10EB0000554C203C3C202831382929207C202831B4
:10EB1000554C203C3C2028313929292900094F75C2
:10EB2000747075742063616E6E6F74206265206905
:10EB30006E697469616C697A6564206C6F772061B5
:10EB40006E6420686967680A0028666C61677320D4
:10EB50002620282831554C203C3C202832312929B8
:10EB6000207C202831554C203C3C20283232292959
:10EB7000292920213D20282831554C203C3C2028A3
:10EB800032312929207C202831554C203C3C20283A
:10EB90003232292929000943616E6E6F7420626F39
:10EBA000746820656E61626C6520616E64206469C2
:10EBB0007361626C6520696E7465727275707473CE
:10EBC0000A0028666C616773202620282831554C7E
:10EBD000203C3C202832312929207C202831554CEA
:10EBE000203C3C202832322929292920213D20306F
:10EBF0005500094D757374206569746865722065E8
:10EC00006E61626C65206F722064697361626C650D
:10EC100020696E74657272757074730A00282866B4
:10EC20006C6167732026202831554C203C3C2028FD
:10EC30003232292929203D3D203029207C7C202882
:10EC400028666C6167732026202831554C203C3C97
:10EC50002028323429292920213D203029207C7C7C
:10EC6000202828666C616773202620282831554C9F
:10EC7000203C3C202832352929207C202831554C45
:10EC8000203C3C202832362929292920213D2028D2
:10EC90002831554C203C3C202832352929207C2025
:10ECA0002831554C203C3C2028323629292929007E
:10ECB000094F6E6C79206F6E65206F662047504952
:10ECC0004F5F494E545F4C4F575F302C204750499F
:10ECD0004F5F494E545F484947485F312063616E3A
:10ECE00020626520656E61626C656420666F7220CB
:10ECF00061206C6576656C20696E746572727570E2
:10ED0000742E0A002828666C61677320262028313B
:10ED1000554C203C3C20283232292929203D3D20D9
:10ED20003029207C7C202828666C6167732026208F
:10ED3000282831554C203C3C202832352929207C7C
:10ED4000202831554C203C3C2028323629292929BD
:10ED500020213D203029207C7C2028666C6167734F
:10ED6000202620302920213D203000094174206CCC
:10ED700065617374206F6E65206F66204750494F40
:10ED80005F494E545F4C4F575F302C204750494FDE
:10ED90005F494E545F484947485F3120686173209E
:10EDA000746F20626520656E61626C65642E0A0076
:10EDB0004750494F2049525120636F6E6669672062
:10EDC0006661696C65642C206572723A2025640066
:10EDD0004C454420696E646578206F7574206F66B9
:10EDE000207468652072616E6765004661696C65B4
:10EDF000642064697361626C696E6720696E746512
:10EE00007272757074730043616E6E6F74207265F8
:10EE10006164206770696F2070696E0043616E6E77
:10EE20006F74207772697465204C4544206770695F
:10EE30006F0043616E6E6F742064697361626C650C
:10EE40002063616C6C6261636B730043616E6E6F13
:10EE50007420656E61626C652063616C6C626163D5
:10EE60006B730043616E6E6F7420636F6E666967CB
:10EE7000757265204C4544206770696F0043616E70
:10EE80006E6F7420636F6E66696775726520627558
:10EE900074746F6E206770696F0043616E6E6F747B
:10EEA0002064697361626C652063616C6C6261638C
:10EEB0006B7328290043616E6E6F74206164642057
:10EEC00063616C6C6261636B00646B5F6275747428
:10EED0006F6E735F616E645F6C6564730000000049
:10EEE000010101000001000000574553545F544FD9
:10EEF000504449522F6D6F64756C65732F68616C57
:10EF00002F6E6F726469632F6E7266782F68656CFE
:10EF1000706572732F6E7266785F677070695F6478
:10EF20007070692E6300705F6770706920213D20EA
:10EF30002828766F6964202A2930290057455354C0
:10EF40005F544F504449522F6D6F64756C65732F39
:10EF500068616C2F6E6F726469632F6E7266782FB2
:10EF6000647269766572732F7372632F6E7266783E
:10EF70005F636C6F636B2E63006D5F636C6F636BBD
:10EF80005F63622E6D6F64756C655F696E6974692D
:10EF9000616C697A656400574553545F544F50441F
:10EFA00049522F6D6F64756C65732F68616C2F6E9D
:10EFB0006F726469632F6E7266782F64726976650A
:10EFC00072732F7372632F6E7266785F636C6F63F8
:10EFD0006B5F6866636C6B2E6300574553545F54D8
:10EFE0004F504449522F6D6F64756C65732F686183
:10EFF0006C2F6E6F726469632F6E7266782F647205
:10F0000069766572732F7372632F6E7266785F63B1
:10F010006C6F636B5F6866636C6B617564696F2EA0
:10F020006300574553545F544F504449522F6D6FFE
:10F0300064756C65732F68616C2F6E6F72646963A1
:10F040002F6E7266782F647269766572732F737291
:10F05000632F6E7266785F636C6F636B5F68666365
:10F060006C6B3139326D2E6300574553545F544FEA
:10F07000504449522F6D6F64756C65732F68616CD5
:10F080002F6E6F726469632F6E7266782F64726977
:10F09000766572732F7372632F6E7266785F636C1E
:10F0A0006F636B5F6C66636C6B2E630057455354E4
:10F0B0005F544F504449522F6D6F64756C65732FC8
:10F0C00068616C2F6E6F726469632F6E7266782F41
:10F0D00068616C2F6E72665F6770696F74652E6809
:10F0E00000696E646578203C203800574553545FB2
:10F0F000544F504449522F6D6F64756C65732F687F
:10F10000616C2F6E6F726469632F6E7266782F6404
:10F110007269766572732F7372632F6E7266785F91
:10F120006770696F74652E6300705F696E737461D8
:10F130006E636500705F6368616E6E656C00706918
:10F140006E5F6861735F7472696767657228705F6C
:10F15000696E7374616E63652C2070696E29006935
:10F160006E745F656E61626C650000203030303017
:10F17000303030303030303030300001574553546B
:10F180005F544F504449522F6D6F64756C65732FF7
:10F1900068616C2F6E6F726469632F6E7266782F70
:10F1A000647269766572732F7372632F6E726678FC
:10F1B0005F6970632E6300705F636F6E66696720BE
:10F1C000262620286D5F63622E7374617465203D6E
:10F1D0003D204E5246585F4452565F535441544569
:10F1E0005F494E495449414C495A454429006D5F95
:10F1F00063622E7374617465203D3D204E52465803
:10F200005F4452565F53544154455F494E495449F7
:10F21000414C495A454400574553545F544F50445C
:10F2200049522F6D6F64756C65732F68616C2F6E1A
:10F230006F726469632F6E7266782F68616C2F6ECF
:10F2400072665F6970632E6800696E646578203C41
:10F2500020313600574553545F544F504449522F84
:10F260006D6F64756C65732F68616C2F6E6F72645F
:10F2700069632F6E7266782F647269766572732F78
:10F280007372632F6E7266785F6E766D632E6300A5
:10F2900062797465735F636F756E74203C3D2028DE
:10F2A00073697A656F662875696E7433325F742985
:10F2B000202D20627974655F73686966742900691E
:10F2C000735F76616C69645F6164647265737328EF
:10F2D000616464722C2030290069735F76616C6907
:10F2E000645F6164647265737328616464722C2066
:10F2F0003129202626206E7266785F69735F776FEA
:10F3000072645F616C69676E65642828766F6964F2
:10F3100020636F6E7374202A296164647229005718
:10F320004553545F544F504449522F6D6F64756C70
:10F3300065732F68616C2F6E6F726469632F6E72D4
:10F3400066782F647269766572732F7372632F6E9D
:10F350007266785F717370692E6300286D5F6362F7
:10F360002E737461746520213D204E5246585F51C2
:10F370005350495F53544154455F554E494E49548B
:10F3800049414C495A4544292026262028705F626D
:10F39000756666657220213D202828766F69642095
:10F3A0002A2930292900705F636F6E666967006DD6
:10F3B0005F63622E737461746520213D204E524656
:10F3C000585F515350495F53544154455F554E491E
:10F3D0004E495449414C495A454400705F636F6E31
:10F3E0006669672D3E776970776169740000000077
:10F3F0000100010101756E7265676973746572655C
:10F4000064202573206275730A0067656E657269F2
:10F4100063006D6574616C3A20656D657267656E39
:10F4200063793A20006D6574616C3A20616C657295
:10F43000743A2020202020006D6574616C3A2063AE
:10F440007269746963616C3A2020006D6574616C47
:10F450003A206572726F723A2020202020006D657C
:10F4600074616C3A207761726E696E673A20202071
:10F47000006D6574616C3A206E6F746963653A2043
:10F48000202020006D6574616C3A20696E666F3AC9
:10F49000202020202020006D6574616C3A20646576
:10F4A0006275673A20202020200025733A2066727A
:10F4B0006565696E67206E6F6E2D656D707479205D
:10F4C0007669727471756575650D0A00756E65787B
:10F4D0007065637465642062756666657220686530
:10F4E0006C6420636F756E7465720D0A0057455326
:10F4F000545F544F504449522F6D6F64756C65735F
:10F500002F6C69622F6F70656E2D616D702F6F703B
:10F51000656E2D616D702F6C69622F72706D7367EF
:10F520002F72706D73675F76697274696F2E6300F6
:10F53000737461747573203D3D2073697A656F66DD
:10F540002872705F68647229007374617475732027
:10F550003D3D203000737461747573203E3D203052
:10F5600000737461747573203D3D206C656E00728C
:10F57000785F76710074785F7671004E5300546541
:10F58000726D696E616C00000000000000545452FE
:10F590002052454747455300574553545F544F50F9
:10F5A0004449522F7A65706879722F6B65726E6567
:10F5B0006C2F6465766963652E63007263203E3D3F
:10F5C000202D283078666629202626207263203C6C
:10F5D0002030000964657669636520257320696EB3
:10F5E00069743A20696E76616C6964206572726F25
:10F5F0007220282564290A0048616C74696E6720AE
:10F6000073797374656D00556E6B6E6F776E2065E0
:10F6100072726F72003E3E3E205A45504859522049
:10F62000464154414C204552524F522025643A20C5
:10F630002573206F6E204350552025640046617568
:10F640006C7420647572696E6720696E746572727D
:10F650007570742068616E646C696E670A0043752A
:10F660007272656E74207468726561643A202570E8
:10F67000202825732900574553545F544F5044495F
:10F68000522F7A65706879722F6B65726E656C2F78
:10F69000666174616C2E6300726561736F6E202108
:10F6A0003D204B5F4552525F4B45524E454C5F509B
:10F6B000414E49430009417474656D70746564205E
:10F6C000746F207265636F7665722066726F6D204D
:10F6D00061206B65726E656C2070616E696320637A
:10F6E0006F6E646974696F6E0A00435055206578C7
:10F6F00063657074696F6E00556E68616E646C65E9
:10F700006420696E746572727570740053746163FD
:10F710006B206F766572666C6F77004B65726E65F5
:10F720006C206F6F7073004B65726E656C2070613A
:10F730006E696300574553545F544F504449522FEC
:10F740007A65706879722F6B65726E656C2F696E61
:10F7500069742E63007468726561645F64617461CA
:10F76000203C3D205F5F7374617469635F746872ED
:10F770006561645F646174615F6C6973745F656E19
:10F780006400646576203C3D205F6465766963654E
:10F790005F6C6973745F656E64006D61696E006FA4
:10F7A0007300574553545F544F504449522F7A6564
:10F7B000706879722F6B65726E656C2F6B6865610E
:10F7C000702E630021617263685F69735F696E5FA9
:10F7D0006973722829207C7C20282874696D656FE4
:10F7E0007574292E7469636B73203D3D2028282889
:10F7F0006B5F74696D656F75745F74297B307D29EB
:10F80000292E7469636B732900090A0068656170A9
:10F81000203C3D205F6B5F686561705F6C6973744D
:10F820005F656E6400574553545F544F50444952CE
:10F830002F7A65706879722F6B65726E656C2F6DAB
:10F84000656D5F736C61622E6300736C6162203C56
:10F850003D205F6B5F6D656D5F736C61625F6C69AE
:10F8600073745F656E640028736C61622D3E66720E
:10F8700065655F6C697374203D3D202828766F694B
:10F8800064202A29302920262620736C61622D3EAF
:10F89000696E666F2E6E756D5F75736564203D3D94
:10F8A00020736C61622D3E696E666F2E6E756D5FA2
:10F8B000626C6F636B7329207C7C20736C61625F68
:10F8C0007074725F69735F676F6F6428736C6162D5
:10F8D0002C20736C61622D3E667265655F6C697386
:10F8E00074290009736C616220636F7272757074A1
:10F8F000696F6E2064657465637465640A00094904
:10F900006E76616C6964206D656D6F727920706FC1
:10F91000696E7465722070726F76696465640A003E
:10F92000574553545F544F504449522F7A6570687D
:10F9300079722F6B65726E656C2F696E636C75647E
:10F94000652F6B73636865642E680021617263685C
:10F950005F6972715F756E6C6F636B6564286B6550
:10F960007929007468726561642D3E626173652E49
:10F9700070656E6465645F6F6E00574553545F54E5
:10F980004F504449522F7A65706879722F6B6572B7
:10F990006E656C2F69646C652E63005F6B65726EBB
:10F9A000656C2E637075735B305D2E637572726566
:10F9B0006E742D3E626173652E7072696F203E3DDC
:10F9C000203000574553545F544F504449522F7ACA
:10F9D00065706879722F6B65726E656C2F6D7574CA
:10F9E00065782E630021617263685F69735F696E79
:10F9F0005F697372282900096D75746578657320D5
:10FA000063616E6E6F742062652075736564206932
:10FA10006E7369646520495352730A006D7574658D
:10FA2000782D3E6C6F636B5F636F756E74203E2044
:10FA3000305500574553545F544F504449522F7A24
:10FA400065706879722F6B65726E656C2F73656D6A
:10FA50002E63002828617263685F69735F696E5F57
:10FA60006973722829203D3D203029207C7C202884
:10FA70002874696D656F7574292E7469636B7320C2
:10FA80003D3D202828286B5F74696D656F75745F34
:10FA900074297B307D29292E7469636B73292900B1
:10FAA000737973776F726B7100574553545F544F7E
:10FAB000504449522F7A65706879722F6B65726E67
:10FAC000656C2F776F726B2E6300776F726B2D3EB4
:10FAD000717565756520213D202828766F69642041
:10FAE0002A29302900776F726B2D3E68616E646C35
:10FAF000657220213D202828766F6964202A2930EC
:10FB0000290021666C61675F746573742826776FBE
:10FB1000726B2D3E666C6167732C204B5F574F52A2
:10FB20004B5F44454C415941424C455F4249542941
:10FB30000073796E6320213D202828766F69642048
:10FB40002A2930290021666C61675F746573742807
:10FB50002671756575652D3E666C6167732C204B4B
:10FB60005F574F524B5F51554555455F5354415276
:10FB70005445445F424954290071756575650073A9
:10FB80007461636B0064776F726B20213D202828BD
:10FB9000766F6964202A29302900574553545F54F1
:10FBA0004F504449522F7A65706879722F6B657295
:10FBB0006E656C2F7468726561642E630028282856
:10FBC000287072696F2929203D3D20313520262675
:10FBD000207A5F69735F69646C655F7468726561E0
:10FBE000645F656E7472792828656E74727929294C
:10FBF00029207C7C202828283135202D20312920DF
:10FC00003E3D2028282D3136292929202626202846
:10FC1000287072696F2929203E3D2028282D313611
:10FC200029292026262028287072696F2929203C3E
:10FC30003D20283135202D20312929290009696EE0
:10FC400076616C6964207072696F726974792028BA
:10FC50002564293B20616C6C6F7765642072616E4E
:10FC600067653A20256420746F2025640A000954D2
:10FC7000687265616473206D6179206E6F742062B3
:10FC800065206372656174656420696E2049535212
:10FC9000730A00574553545F544F504449522F7ACA
:10FCA00065706879722F6B65726E656C2F7363680F
:10FCB00065642E6300217A5F69735F69646C655FB8
:10FCC0007468726561645F6F626A656374287468E2
:10FCD0007265616429002169735F7468726561648B
:10FCE0005F64756D6D792874687265616429005769
:10FCF0004553545F544F504449522F7A6570687988
:10FD0000722F6B65726E656C2F696E636C756465BE
:10FD10002F6B7468726561642E68005F6B65726E2C
:10FD2000656C2E637075735B305D2E6375727265E2
:10FD30006E7420213D202828766F6964202A29309E
:10FD40002900574553545F544F504449522F7A6508
:10FD5000706879722F6B65726E656C2F696E636C5B
:10FD60007564652F6B737761702E680061726368CC
:10FD70005F6972715F756E6C6F636B6564286B652C
:10FD80007929207C7C205F6B65726E656C2E6370B8
:10FD900075735B305D2E63757272656E742D3E6295
:10FDA0006173652E7468726561645F7374617465F4
:10FDB00020262028282831554C203C3C202830295A
:10FDC0002929207C20282831554C203C3C202833F0
:10FDD000292929290009436F6E7465787420737787
:10FDE00069746368696E67207768696C6520686FFD
:10FDF0006C64696E67206C6F636B210A0073697AAB
:10FE0000656F66285F73636865645F7370696E6CA5
:10FE10006F636B29203D3D2030207C7C206C6F631C
:10FE20006B20213D20265F73636865645F73706992
:10FE30006E6C6F636B005F6B65726E656C2E6370CA
:10FE400075735B305D2E63757272656E742D3E62E4
:10FE50006173652E73636865645F6C6F636B656463
:10FE600020213D203155005F6B65726E656C2E63FD
:10FE70007075735B305D2E63757272656E742D3EA6
:10FE8000626173652E73636865645F6C6F636B6535
:10FE90006420213D20305500217465726D696E61CA
:10FEA0007465000961626F72746564205F637572C6
:10FEB00072656E74206261636B2066726F6D206480
:10FEC0006561640A0021657373656E7469616C0015
:10FED0000961626F7274656420657373656E74691D
:10FEE000616C207468726561642025700A00574552
:10FEF00053545F544F504449522F7A657068797259
:10FF00002F6B65726E656C2F74696D65736C6963B8
:10FF1000696E672E6300282874696D656F75742992
:10FF200020262620282875696E747074725F7429E3
:10FF300028736C6963655F74696D656F7574732987
:10FF400029203C3D20282875696E747074725F7496
:10FF5000292874696D656F75742929202626202843
:10FF60002875696E747074725F74292874696D6580
:10FF70006F75742929203C20282875696E74707467
:10FF8000725F7429282628736C6963655F74696DD4
:10FF9000656F757473295B282873697A655F7429A6
:10FFA000282828696E742973697A656F66286368E2
:10FFB00061725B31202D202832202A202128215FE8
:10FFC0005F6275696C74696E5F74797065735F6385
:10FFD0006F6D70617469626C655F70285F5F7479C2
:10FFE00070656F665F5F28736C6963655F74696DC8
:10FFF000656F757473292C205F5F747970656F6607
:020000023000CC
:100000005F5F282628736C6963655F74696D656F2F
:10001000757473295B305D292929295D29202D20DC
:100020003129202B202873697A656F6628736C69E3
:1000300063655F74696D656F75747329202F207314
:10004000697A656F662828736C6963655F74696D8A
:10005000656F757473295B305D292929295D29290C
:100060002026262028282875696E747074725F74A3
:10007000292874696D656F75742929202D20282819
:1000800075696E747074725F742928736C69636526
:100090005F74696D656F7574732929292025207334
:1000A000697A656F662828736C6963655F74696D2A
:1000B000656F757473295B305D29203D3D203029C3
:1000C00000574553545F544F504449522F7A65703E
:1000D0006879722F6B65726E656C2F74696D656FD0
:1000E00075742E6300217379735F646E6F64655F4E
:1000F00069735F6C696E6B65642826746F2D3E6E44
:100100006F64652900574553545F544F504449521A
:100110002F7A65706879722F6B65726E656C2F70BF
:100120006F6C6C2E630009696E76616C6964206582
:1001300076656E742074797065202830782578296A
:100140000A0A006576656E742D3E73656D20213D4B
:10015000202828766F6964202A2930290009696ED1
:1001600076616C69642073656D6170686F72650A91
:100170000A006576656E742D3E7175657565202182
:100180003D202828766F6964202A293029000969D2
:100190006E76616C69642071756575650A0A006523
:1001A00076656E742D3E7369676E616C20213D200B
:1001B0002828766F6964202A2930290009696E761B
:1001C000616C696420706F6C6C207369676E616C20
:1001D0000A0A006576656E742D3E6D736771202185
:1001E0003D202828766F6964202A29302900096972
:1001F0006E76616C6964206D6573736167652071EB
:10020000756575650A0A006576656E742D3E7069C0
:10021000706520213D202828766F6964202A2930C6
:10022000290009696E76616C696420706970650ADD
:100230000A0009696E76616C6964206576656E7482
:1002400020747970650A0A00574553545F544F5023
:100250004449522F7A65706879722F6B65726E65AA
:100260006C2F6D656D706F6F6C2E6300616C6967CC
:100270006E203D3D2030207C7C20282875696E74DE
:100280007074725F74296D656D20262028616C6919
:10029000676E202D20312929203D3D203000096D39
:1002A0006973616C69676E6564206D656D6F7279E5
:1002B0002061742025702028616C69676E203D20C4
:1002C000257A75290A00141400001C2030401C20D7
:1002D00000001C2030400040286E756C6C29002AFC
:0802E000666C6F61742A0000D6
:1002F00000000000000000000000000000000000FE
:1003000000000000000000000000000000000000ED
:1003100000000000000000000000000000000000DD
:1003200000000000000000000000000000000000CD
:1003300000000000000000000000000000000000BD
:1003400000000000000000000000000000000000AD
:10035000000000000000000000000000000000009D
:10036000000000000000000000000000000000008D
:10037000000000000000000000000000000000007D
:10038000000000000000000000000000000000006D
:10039000000000000000000000000000000000005D
:1003A000000000000000000000000000000000004D
:1003B0000000000000000000C5A5000000000000D3
:1003C000000000000000000000000000000000002D
:1003D000000000000000000000000000000000001D
:1003E000000000000000000000000000000000000D
:1003F00000000000000000000000000000000000FD
:1004000000000000000000000000000000000000EC
:1004100000000000000000000000000000000000DC
:1004200000000000000000000000000000000000CC
:1004300000000000000000000000000000000000BC
:1004400000000000000000000000000000000000AC
:10045000000000000000000000000000000000009C
:10046000AC7C02000000000081210000251F00007C
:1004700000000000351A0000E5190000000000002F
:10048000000000007D1A000000000000451B000075
:1004900000000000451C0000000000006520020074
:1004A000000000000000072000000100587C02004E
:1004B00000000000587C0200010000000200000063
:1004C000000000000000000000020000E32C020019
:1004D000B888020000000000F0880200196D0000DA
:1004E0000000000000000000000000005530020085
:1004F0000000000039300200DCA7020000000C0000
:100500000000000000000000000000007D6E000000
:100510000000000000000000FEA702000000100024
:10052000B40B00203A000000A00B00203A000000AD
:10053000780B00203A0000008C0B00203A000000ED
:10054000C80B00203A000000640B00203A000000B5
:10055000F00B00203A00000000000000DD32020035
:1005600000000000000000003807002038070020CD
:1005700000000000000000000E00000000D000504D
:10058000000000000000000000000000000000006B
:10059000000000000000000000000000000000005B
:1005A000000000000000000000000000000000004B
:1005B000000000000000000000000000000000003B
:1005C000000000000000000000000000000000002B
:1005D000000000000000000000000000000000001B
:1005E000000000000000000000000000000000000B
:1005F00000000000000000000000000000000000FB
:1006000000000000000000000000000000000000EA
:10061000B58D000000000000000000000000000098
:10062000EDA8000000000000000000000000000035
:1006300081960000000000000000000000000000A3
:100640003DBA0000000000000000000000000000B3
:1006500009B90000000000000000000000000000D8
:1006600029C500000000000000000000000000009C
:1006700025BF000000000000000000004C08002022
:100680004C08002000000000000000005DD90000C0
:10069000D1E900003DE9000000000000000000007A
:1006A000E9DC000037440200F5440200C5D7000031
:1006B0000000000000000000C1E500000000000094
:1006C000000000007D490200000000000000000062
:1006D00000000000A892020000000200B492020094
:1006E00000000A00C4920200000020000000000088
:1006F000000000000000000000000000414802006F
:1007000000000000D892020000000200E492020003
:1007100000000200F092020000000200EC0800203D
:10072000EC08002000000000000000000E000000A7
:1007300000090020000900202D1501000000000024
:1007400000000000000000000000000010E20200B5
:1007500000000000215102000000000015250100EA
:1007600000000000AC7C020038090020380900209D
:100770000000000001000000480900204809002096
:10078000907C020054090020540900200100000060
:100790000100000064090020640900206C090020A9
:1007A0006C09002000000000010000007C0900200E
:1007B0007C09002000000000000000000000000094
:1007C000FFFF0000FFFF0000201D002000000000D0
:1007D00000000000000000000090D003FF000000B7
:1007E000FF0000000AF40200000000001570010084
:1007F00000000000000000000000000000000000F9
:1008000000000000000000000000000000000000E8
:1008100090020000E4090020E40900204D6C020071
:10082000496C02009779020019D801000DD8010027
:1008300001D801000000000069D80100480A00202A
:10084000400A0020380A002000000000300A002082
:1008500039DA010085D90100B9D9010001DA0100B6
:10086000703300203A00003A743300203A00003A16
:10087000783300203A00003A7C3300203A00003AF6
:10088000C43800205C0A00201C0A0020140A002042
:10089000100A00200C0A00209ECADC240EE5A9E004
:1008A00093F3A3B50100406E0668656C6C6F20661B
:0E08B000726F6D20626F6172645F6100010102
:1008BE00000000000000000000000000000000002A
:0608CE0000000000000024
:1008D4000000000000000000000000000000000014
:1008E4000000000000000000000000000000000004
:1008F40000000000000000000000000000000000F4
:1009040000000000000000000000000000000000E3
:0409140000000000DF
:0409180000000000DB
:10091C00EC0A0020EC0A002000000000B8EE0120D8
:10092C00000000000100000030000000000000008A
:10093C000C0B00200C0B002000000000F0760120B6
:10094C000000000001000000B800000000000000E2
:10095C002C0B00202C0B002000000000E8EE0120E6
:10096C0000000000030000001C000000000000005C
:10097C0000000000E8B00120002000000000000092
:08098C00000000000000000063
:10099400640B0020640B0020000000000000000035
:1009A4000E000000780B0020780B002000000000EF
:1009B400000000000E0000008C0B00208C0B0020B7
:1009C40000000000000000000E000000A00B00204A
:1009D400A00B002000000000000000000E0000003A
:1009E400B40B0020B40B0020000000000000000045
:1009F4000E000000C80B0020C80B002000000000FF
:100A0400000000000E000000DC0B0020DC0B0020C6
:100A140000000000000000000E000000F00B0020A9
:100A2400F00B002000000000000000000E00000099
:100A3400040C0020040C0020000000000100000051
:100A4400140C0020140C00201C0C00201C0C002092
:100A540000000000010000002C0C00202C0C0020E1
:100A6400340C0020340C00200000000001000000C1
:100A7400440C0020440C00204C0C00204C0C0020A2
:100A840000000000FFFFFFFF5C0C00205C0C002056
:100A9400000000000000000000000000700C0020B6
:100AA400700C0020780C0020780C0020000000005E
:100AB40000000000000000008C0C00208C0C0020C2
:100AC400940C0020940C00200000000000000000A2
:100AD40000000000A80C0020A80C0020B00C00208E
:040AE400B00C002032
:100AE800000000000000000000000000C40C00200E
:100AF800C40C0020CC0C0020CC0C0020000000000E
:100B08000B000B000400000043350200388A020085
:100B1800A0DF01200000000000000000000000002D
:100B2800F80C0020F80C0020000D0020000D00201B
:100B38000000000003000300100000000000000097
:100B4800AC8B0200C0EA0120000000000000000099
:100B5800000000002C0D00202C0D0020340D00207A
:100B6800340D002000000000030003001000000006
:100B7800F5D60000488C020040EE0120000000007D
:100B88000000000000000000600D0020600D002043
:100B9800680D0020680D002000000000030003001D
:100BA80000000000000000004C8A020060E1012003
:100BB800000000000000000000000000940D00206C
:100BC800940D00209C0D00209C0D002000000000CA
:100BD8000A000A000000000053350200248A0200BF
:100BE800B0D3012000000000000000000000000059
:100BF800C80D0020C80D0020D00D0020D00D002009
:100C08000000000001000100100000000DBD000000
:100C1800988B020098E70120000000000000000007
:100C280000000000FC0D0020FC0D0020040E002038
:100C3800040E0020000000000D000D000000000060
:100C480000000000608B020060E601200000000048
:100C58000000000000000000300E0020300E0020D0
:100C6800380E0020380E00200000000001000100AE
:100C78000000000000000000608A0200ACE20120D1
:040C880015E015E07E
:0400000300007789F9
:00000001FF
